ticker,R,start,asof,base_len,close,base_hi,base_lo,range_ratio,drift,prior_dd,above_ma200,mad_med,cv,mid_share,pre_vol,pos_now,ma_now,slope_now,rsi_now,hl_now,wk_since_low_now,mad_tail8,mad_tail13,contr8,vol_dry8,rel_tight,zero_wk_share,spring,date,rev_yoy,rev_yoy_prev,rev_accel,rev_ttm_yoy,ni_ttm,gm,q_date,fcf_ttm,eps_actual,eps_yoy,surprise_pct,eps_turn_pos,quality,sector,industry,mkt_cap,short_ratio,short_pct_float,shares_short,shares_short_prior,short_chg_mom
A,1.5,2025-05-16,2026-09-11,70,143.12,159.0,107.44,1.48,0.34,-0.29,True,0.0929,0.1046,0.557,0.0403,0.69,True,0.19,55.5,1,68,0.0364,0.0534,0.39,1.19,2.31,0.03,False,2026-09-11,0.08055235903337166,0.10011990407673865,-0.019567545043366996,0.0860341779611078,1440000000.0,0.5548455804046858,2026-07-31,1436000000.0,1.62,0.18248175182481752,9.4595,False,True,Healthcare,Diagnostics & Research,41429237760.0,,0.0229,,,
AA,2.0,2025-11-28,2026-09-11,42,48.3,77.49,41.52,1.87,-0.09,-0.09,True,0.1205,0.1556,0.548,0.0567,0.19,False,-0.257,42.7,0,41,0.0202,0.0334,0.17,0.71,2.13,0.02,False,2026-09-11,0.31411530815109345,-0.05224102107450279,0.36635632922559624,0.030998938911626528,1277000000.0,0.2518910741301059,2026-06-30,352000000.0,2.12,4.435897435897436,-9.0129,False,True,Basic Materials,Aluminum,12736269312.0,,0.0463,,,
AAON,2.0,2024-02-02,2026-09-11,137,76.52,139.92,71.32,1.96,0.15,-0.02,False,0.1129,0.1929,0.394,0.0461,0.08,False,-0.104,37.9,2,118,0.0744,0.1623,0.66,1.29,2.45,0.01,False,2026-09-11,1.0123312160787248,0.5430207356530272,0.46931048042569756,0.5353415049050883,159288000.0,0.24321664625121217,2026-06-30,-118788000.0,0.69,2.1363636363636362,32.6923,False,False,Industrials,Building Products & Equipment,6579387904.0,,0.0683,,,
AAP,1.5,2026-01-09,2026-09-11,36,43.31,61.9,42.58,1.45,0.13,-0.48,False,0.0685,0.1122,0.417,0.0931,0.04,False,-0.031,38.7,1,3,0.1328,0.0722,1.94,0.95,0.74,0.0,True,2026-09-11,-0.00497512437810943,0.01200154858691449,-0.01697667296502392,-0.013050781015276902,84000000.0,0.4615,2026-06-30,23000000.0,1.03,0.49275362318840593,27.1605,False,True,Consumer Cyclical,Auto Parts,2695508992.0,,0.2635,,,
AAP,2.0,2025-05-16,2026-09-11,70,43.31,61.9,34.2,1.81,0.09,-0.69,False,0.097,0.1237,0.514,0.0605,0.33,False,-0.031,38.7,2,69,0.1328,0.0722,1.37,0.91,1.6,0.0,False,2026-09-11,-0.00497512437810943,0.01200154858691449,-0.01697667296502392,-0.013050781015276902,84000000.0,0.4615,2026-06-30,23000000.0,1.03,0.49275362318840593,27.1605,False,True,Consumer Cyclical,Auto Parts,2695508992.0,,0.2635,,,
AAUC,2.0,2025-11-14,2026-09-11,44,22.48,31.92,16.26,1.96,-0.12,-0.11,True,0.145,0.1705,0.545,0.0855,0.4,False,-0.225,43.8,0,42,0.0398,0.0256,0.27,0.84,1.7,0.0,False,2026-09-11,0.4536846324495296,0.12194873082818769,0.3317359016213419,0.5534986843574747,-61834083.0,0.46035741390889384,2026-06-30,-119009747.0,0.44,2.9722097714029587,76.0,True,False,Basic Materials,Gold,3182705664.0,,0.031,,,
ABEO,2.0,2024-05-03,2026-09-11,124,5.48,7.24,4.06,1.78,0.16,-0.53,True,0.0912,0.1325,0.685,0.1319,0.45,True,0.184,46.2,1,120,0.0141,0.0579,0.15,1.47,0.69,0.0,False,2026-09-11,27.45,inf,-inf,3.9247394828251636,-62887000.0,0.6329525483304043,2026-06-30,-81527000.0,-0.35,0.2553191489361702,-52.1739,False,False,Healthcare,Biotechnology,309651456.0,,0.2845,,,
ABUS,1.5,2025-08-22,2026-09-11,56,5.12,5.21,3.59,1.45,0.34,-0.21,True,0.0385,0.0729,0.839,0.0513,0.94,True,0.098,60.8,1,55,0.0544,0.0428,1.41,1.71,0.75,0.02,False,2026-09-11,-0.9055778005400875,100.5453514739229,-101.450929274463,10.787752983912817,153054000.0,1.0,2026-06-30,-24625000.0,-0.03,,0.0,False,False,Healthcare,Biotechnology,1014301376.0,,0.1419,,,
ABVX,1.5,2025-10-31,2026-09-11,46,115.95,144.65,96.55,1.5,0.06,0.03,True,0.058,0.094,0.717,0.787,0.4,True,0.045,49.3,0,13,0.0288,0.0567,0.5,0.84,0.07,0.0,False,2026-09-11,,-1.272604406000811,,-1.0,-537928000.0,,2026-03-31,-226482000.0,-0.71,0.25263157894736843,12.3457,False,False,Healthcare,Biotechnology,10351791104.0,,0.0807,,,
ABX,1.5,2026-02-13,2026-09-11,31,9.53,11.86,8.09,1.47,0.37,-0.32,True,0.0421,0.0846,0.677,0.0888,0.38,True,0.125,51.2,1,23,0.0114,0.0483,0.27,0.92,0.47,0.0,True,2026-09-11,0.2987191376304543,0.3455180781337359,-0.046798940503281594,0.6527118908526803,28195231.0,0.7673330138774327,2026-06-30,88726091.0,0.28,0.2727272727272728,12.0,False,True,Financial Services,Insurance - Life,930004288.0,,0.1698,,,
ACAD,1.5,2025-05-16,2026-09-11,70,27.74,29.5,20.06,1.47,0.32,-0.38,True,0.078,0.1039,0.429,0.0597,0.81,True,0.237,59.7,2,48,0.0366,0.058,0.47,1.04,1.31,0.04,False,2026-09-11,0.16401578434114739,0.09718930733432396,0.06682647700682343,0.11753719258091677,380484000.0,0.9080526953263259,2026-06-30,174394000.0,0.18,0.12499999999999993,200.0,False,True,Healthcare,Biotechnology,4795262464.0,,0.0893,,,
ACAD,2.0,2025-05-02,2026-09-11,72,27.74,29.5,14.91,1.98,0.28,-0.54,True,0.082,0.1167,0.722,0.057,0.88,True,0.237,59.7,2,71,0.0366,0.058,0.45,1.04,1.44,0.04,False,2026-09-11,0.16401578434114739,0.09718930733432396,0.06682647700682343,0.11753719258091677,380484000.0,0.9080526953263259,2026-06-30,174394000.0,0.18,0.12499999999999993,200.0,False,True,Healthcare,Biotechnology,4795262464.0,,0.0893,,,
ACDC,2.0,2026-01-02,2026-09-11,37,5.19,7.55,4.04,1.87,-0.02,-0.58,False,0.1304,0.1779,0.622,0.1387,0.33,False,-0.257,48.2,0,36,0.0754,0.0401,0.58,0.97,0.94,0.0,False,2026-09-11,-0.0075712293285514765,-0.2510411460936198,0.24346991676506835,-0.16175780883594415,-406700000.0,0.22083918891788798,2026-06-30,-60700000.0,-0.44,0.3432835820895523,-51.7241,False,False,Energy,Oil & Gas Equipment & Services,948859648.0,,0.0492,,,
ACGL,1.5,2024-01-05,2026-09-11,141,96.2,109.22,73.04,1.5,0.2,-0.11,True,0.0349,0.0683,0.837,0.0333,0.64,True,0.053,48.2,2,140,0.0065,0.0171,0.19,1.23,1.05,0.04,False,2026-09-11,-0.10074401769555597,-0.05030487804878048,-0.05043913964677549,0.006923682140047127,4692000000.0,0.5089445438282647,2026-06-30,6055000000.0,2.56,-0.007751937984496131,2.8112,False,True,Financial Services,Insurance - Diversified,32788705280.0,,0.0253,,,
ACIC,1.5,2023-12-29,2026-09-11,142,9.35,12.79,8.57,1.49,0.15,0.02,True,0.0531,0.0787,0.775,0.158,0.19,False,-0.072,36.9,2,141,0.0448,0.072,0.84,1.1,0.34,0.02,False,2026-09-11,-0.044812932062668676,-0.011944232503294683,-0.03286869955937399,0.033629824764491056,100197000.0,0.4809610978433488,2026-06-30,-31037000.0,0.33,-0.3888888888888889,-21.4286,False,False,Financial Services,Insurance - Property & Casualty,441497280.0,,0.0701,,,
ACIW,1.5,2024-06-28,2026-09-11,116,51.97,58.64,39.37,1.49,-0.14,0.05,True,0.0809,0.1027,0.629,0.0467,0.65,True,0.254,54.7,1,114,0.0204,0.0337,0.25,1.26,1.73,0.02,False,2026-09-11,0.07268390910586198,0.07903387274593543,-0.006349963640073453,0.07027936397052126,225690000.0,0.4218478101774301,2026-06-30,354648000.0,0.4,0.7391304347826088,29.0323,False,True,Technology,Software - Infrastructure,5258758656.0,,0.0902,,,
ACIW,2.0,2024-01-12,2026-09-11,140,51.97,58.64,29.48,1.99,0.39,-0.15,True,0.112,0.1626,0.579,0.0543,0.77,True,0.254,54.7,1,136,0.0204,0.0337,0.18,1.36,2.06,0.01,False,2026-09-11,0.07268390910586198,0.07903387274593543,-0.006349963640073453,0.07027936397052126,225690000.0,0.4218478101774301,2026-06-30,354648000.0,0.4,0.7391304347826088,29.0323,False,True,Technology,Software - Infrastructure,5258758656.0,,0.0902,,,
ACRE,2.0,2024-02-16,2026-09-11,135,4.37,6.02,3.04,1.98,-0.32,-0.68,False,0.0879,0.1272,0.77,0.0473,0.45,False,-0.047,44.5,3,74,0.0293,0.0264,0.33,0.58,1.86,0.01,False,2026-09-11,-4.312413474850024,0.8384399250735883,-5.150853399923612,3.6824044548093857,-4434000.0,1.0,2026-06-30,13210000.0,0.11,1.2156862745098038,0.0,True,False,Real Estate,REIT - Mortgage,239678416.0,,0.0435,,,
ADBE,1.5,2026-02-06,2026-09-11,32,248.83,291.52,195.16,1.49,-0.06,-0.69,False,0.0553,0.0891,0.781,0.0422,0.56,True,0.004,47.6,0,12,0.047,0.0953,0.85,0.95,1.31,0.0,True,2026-09-11,0.12892451569806274,0.12685169419376807,0.002072821504294664,0.12031405029981457,7284000000.0,0.887130177514793,2026-08-31,10592000000.0,4.75,-0.10546139359698675,-2.2634,False,True,Technology,Software - Application,100261421056.0,,0.0489,,,
ADEA,1.5,2026-03-13,2026-09-11,27,26.31,32.88,22.66,1.45,0.1,0.1,True,0.0804,0.0941,0.704,0.0735,0.36,False,-0.009,50.4,0,26,0.0133,0.0477,0.17,0.69,1.09,0.0,False,2026-09-11,0.12109406893334107,0.19507243070605673,-0.07397836177271566,0.24347063701231142,122678000.0,0.263980357272907,2026-06-30,181496000.0,0.27,0.08000000000000007,17.3913,False,True,Technology,Software - Application,2945582848.0,,0.1211,,,
ADNT,1.5,2025-06-13,2026-09-11,66,18.86,27.09,18.41,1.47,-0.25,-0.58,False,0.0735,0.0986,0.53,0.0579,0.05,False,-0.073,43.5,1,65,0.0245,0.0195,0.33,0.79,1.27,0.0,False,2026-09-11,0.05025394279604378,0.07034062586541134,-0.02008668306936756,0.04976056631272119,48000000.0,0.059811656910155254,2026-06-30,301000000.0,0.48,0.0666666666666666,-9.434,False,True,Consumer Cyclical,Auto Parts,1508673536.0,,0.1001,,,
ADNT,2.0,2025-05-09,2026-09-11,71,18.86,27.09,14.67,1.85,0.04,-0.67,False,0.076,0.1225,0.761,0.0519,0.34,False,-0.073,43.5,1,70,0.0245,0.0195,0.32,0.79,1.46,0.0,True,2026-09-11,0.05025394279604378,0.07034062586541134,-0.02008668306936756,0.04976056631272119,48000000.0,0.059811656910155254,2026-06-30,301000000.0,0.48,0.0666666666666666,-9.434,False,True,Consumer Cyclical,Auto Parts,1508673536.0,,0.1001,,,
ADUS,1.5,2024-03-01,2026-09-11,133,118.52,133.87,89.83,1.49,-0.26,-0.2,True,0.0702,0.102,0.609,0.0495,0.65,True,0.188,62.1,1,77,0.0151,0.0284,0.22,1.43,1.42,0.02,False,2026-09-11,0.08005311309712893,0.07670235825032279,0.0033507548468061366,0.15880061094968778,105306000.0,0.32208406086636265,2026-06-30,153061000.0,1.56,0.046979865771812124,3.3113,False,True,Healthcare,Medical Care Facilities,2186573824.0,,0.0578,,,
AEBI,2.0,2025-07-04,2026-09-11,63,11.99,15.55,9.37,1.66,0.17,,,0.0662,0.1148,0.746,,0.42,True,0.112,44.8,1,24,0.0234,0.0291,0.35,1.36,,0.03,False,2026-09-11,0.7872925690296426,1.3327839124188356,-0.545491343389193,1.031460480663422,21370853.0,0.1959920065752365,2026-06-30,1901560.0,0.14,0.7500000000000001,7.6923,False,True,Industrials,Farm & Heavy Construction Machinery,935895232.0,,0.1651,,,
AEIS,1.5,2026-02-06,2026-09-11,32,273.74,388.79,272.82,1.43,-0.29,0.04,True,0.0724,0.1056,0.562,0.0628,0.01,False,-0.104,44.4,0,2,0.0497,0.0692,0.69,0.71,1.15,0.0,False,2026-09-11,0.30033975084937703,0.26297577854671284,0.037363972302664195,0.2458122417039592,219400000.0,0.4112523950531266,2026-06-30,86700000.0,2.28,0.5199999999999999,23.2432,False,True,Industrials,Electrical Equipment & Parts,11504488448.0,,0.0595,,,
AEM,2.0,2025-08-08,2026-09-11,58,196.68,249.98,131.83,1.9,0.25,0.05,True,0.1045,0.1476,0.69,0.0513,0.55,False,-0.088,55.7,0,56,0.0726,0.1283,0.69,1.33,2.04,0.02,False,2026-09-11,0.31609298104009764,0.6609307492602039,-0.34483776822010626,0.4931552585987624,5833291736.0,0.6217160538268598,2026-06-30,4501921221.0,3.05,0.5721649484536082,5.5363,False,True,Basic Materials,Gold,101455265792.0,,0.0153,,,
AEO,1.5,2026-03-06,2026-09-11,28,14.53,19.27,14.53,1.33,-0.19,-0.47,False,0.0401,0.06,0.75,0.0932,0.0,False,-0.006,39.2,0,0,0.036,0.039,0.9,0.92,0.43,0.04,True,2026-09-11,0.07533059380294849,0.09699531662565763,-0.021664722822709148,0.08205694284090703,336858000.0,0.44897871955084667,2026-07-31,168484000.0,0.79,0.7555555555555555,276.1905,False,True,Consumer Cyclical,Apparel Retail,2516951552.0,,0.1363,,,
AEO,2.0,2025-09-05,2026-09-11,54,14.53,27.32,14.04,1.95,-0.26,-0.41,False,0.061,0.1889,0.352,0.0652,0.04,False,-0.006,39.2,0,48,0.036,0.039,0.59,0.78,0.94,0.04,False,2026-09-11,0.07533059380294849,0.09699531662565763,-0.021664722822709148,0.08205694284090703,336858000.0,0.44897871955084667,2026-07-31,168484000.0,0.79,0.7555555555555555,276.1905,False,True,Consumer Cyclical,Apparel Retail,2516951552.0,,0.1363,,,
AERO,1.5,2026-03-06,2026-09-11,28,15.2,18.34,12.36,1.48,0.19,,,0.0438,0.0852,0.679,,0.47,True,0.035,41.9,0,25,0.0307,0.0495,0.7,0.84,,0.0,False,2026-09-11,0.11193726521221925,0.14003356717895699,-0.028096301966737736,0.046303344431188886,215374657.0,0.12237998647734956,2026-06-30,575227459.0,-0.4,,-8.1081,False,True,Industrials,Airlines,2190010112.0,,0.0077,,,
AES,2.0,2024-06-07,2026-09-11,119,14.8,18.05,9.17,1.97,0.05,-0.62,False,0.097,0.1578,0.706,0.0595,0.63,True,0.033,59.6,3,82,0.0031,0.0058,0.03,0.76,1.63,0.07,False,2026-09-11,0.1985989492119089,0.086807928913192,0.1117910202987169,0.0849401595744681,1908000000.0,0.2022209234365868,2026-06-30,-1720000000.0,0.51,0.0,-31.0811,False,False,Utilities,Utilities - Diversified,10547602432.0,,0.0246,,,
AESI,2.0,2026-01-02,2026-09-11,37,13.87,19.07,9.63,1.98,0.31,-0.58,False,0.1142,0.1901,0.459,0.0795,0.45,False,-0.14,50.9,0,28,0.0599,0.075,0.52,1.03,1.44,0.03,False,2026-09-11,0.015595338718840557,-0.10755701617320412,0.12315235489204468,-0.08109452436622178,-118325000.0,0.05918588707201768,2026-06-30,-184122000.0,-0.18,,-50.0,False,False,Energy,Oil & Gas Equipment & Services,1768663040.0,,0.2731,,,
AEXA,1.5,2025-09-26,2026-09-11,51,11.38,11.85,10.61,1.12,0.3,,,0.0168,0.0241,0.706,,0.62,True,0.03,52.6,2,50,0.0109,0.0121,0.65,0.4,,0.06,False,2026-09-11,,,,,8072225.0,,2026-06-30,-728431.0,0.0571,,,True,False,Financial Services,Shell Companies,558906048.0,,0.0065,,,
AEXA,2.0,2025-09-26,2026-09-11,51,11.38,11.85,10.61,1.12,0.3,,,0.0168,0.0241,0.706,,0.62,True,0.03,52.6,2,50,0.0109,0.0121,0.65,0.4,,0.06,False,2026-09-11,,,,,8072225.0,,2026-06-30,-728431.0,0.0571,,,True,False,Financial Services,Shell Companies,558906048.0,,0.0065,,,
AFRM,2.0,2025-09-26,2026-09-11,51,67.99,84.58,42.53,1.99,0.08,-0.54,True,0.0783,0.1598,0.529,0.1008,0.61,True,0.274,47.7,2,24,0.0461,0.045,0.59,0.69,0.78,0.0,False,2026-09-11,0.24333051504021497,0.3264205104107343,-0.08308999537051931,0.297848816419495,1929793000.0,0.6938511998061809,2026-06-30,993090000.0,4.62,7.771596734383901,1300.0,False,True,Financial Services,Credit Services,24105375744.0,,0.0532,,,
AG,1.5,2026-03-13,2026-09-11,27,20.15,22.52,15.02,1.5,-0.33,-0.53,True,0.0796,0.1053,0.556,0.1105,0.68,False,-0.088,53.4,0,6,0.0656,0.0939,0.82,0.88,0.72,0.0,False,2026-09-11,0.5695436035750172,0.9108967893264821,-0.3413531857514649,0.9798172982975664,347144465.0,0.6421507632990693,2026-06-30,695503920.0,0.21,4.249999999999999,-16.0,False,True,Basic Materials,Silver,9641248768.0,,0.0688,,,
AG,2.0,2026-03-06,2026-09-11,28,20.15,25.79,15.02,1.72,-0.33,-0.53,True,0.0836,0.1195,0.714,0.1061,0.48,False,-0.088,53.4,0,6,0.0656,0.0939,0.78,0.88,0.79,0.0,False,2026-09-11,0.5695436035750172,0.9108967893264821,-0.3413531857514649,0.9798172982975664,347144465.0,0.6421507632990693,2026-06-30,695503920.0,0.21,4.249999999999999,-16.0,False,True,Basic Materials,Silver,9641248768.0,,0.0688,,,
AGCO,1.5,2025-05-02,2026-09-11,72,121.93,139.71,93.69,1.49,0.34,-0.27,True,0.0441,0.0825,0.639,0.0475,0.61,False,-0.008,55.1,1,71,0.0773,0.0603,1.75,1.24,0.93,0.01,False,2026-09-11,-0.009601518026565503,0.1425993660082907,-0.1522008840348562,0.01740053676232045,533400000.0,0.2474997126106449,2026-06-30,330300000.0,1.43,0.059259259259259144,-7.1429,False,True,Industrials,Farm & Heavy Construction Machinery,8480842240.0,,0.0633,,,
AGI,2.0,2025-08-22,2026-09-11,56,35.67,54.02,27.8,1.94,0.09,-0.06,True,0.1071,0.1627,0.536,0.0564,0.3,False,-0.21,49.4,0,6,0.0673,0.1077,0.63,1.07,1.9,0.02,False,2026-09-11,0.32134564582382463,0.7670710870870872,-0.4457254412632625,0.46479629020492075,1167104226.0,0.5923245244600118,2026-06-30,315521460.0,0.59,0.7352941176470587,13.4615,False,True,Basic Materials,Gold,15036272640.0,,0.0116,,,
AGIO,2.0,2024-12-13,2026-09-11,92,33.64,43.65,24.46,1.78,-0.1,-0.6,True,0.118,0.146,0.543,0.0856,0.48,True,0.183,51.6,2,38,0.0117,0.0407,0.1,1.42,1.38,0.03,False,2026-09-11,2.592533119229225,1.3774925509970206,1.2150405682322045,1.405822629969419,-411286000.0,0.9330427980779975,2026-06-30,-365252000.0,-1.69,0.12435233160621761,9.1398,False,False,Healthcare,Biotechnology,2005983104.0,,0.1275,,,
AGMB,2.0,2026-02-06,2026-09-11,32,13.94,16.02,9.61,1.67,-0.02,,,0.1069,0.1376,0.531,,0.68,True,0.203,57.0,0,13,0.0404,0.0486,0.38,1.0,,0.0,False,2026-09-11,,,,,,,2025-12-31,-52413000.0,-0.4156,,,False,,Healthcare,Biotechnology,643178560.0,,0.0216,,,
AGO,1.5,2023-11-03,2026-09-11,150,73.07,91.77,61.99,1.48,0.24,-0.0,False,0.052,0.0754,0.66,0.0334,0.37,True,0.005,39.3,2,148,0.013,0.0388,0.25,1.07,1.56,0.03,False,2026-09-11,-0.2913669064748201,-0.19692307692307698,-0.09444382955174313,-0.13604766633565046,351000000.0,0.9796954314720813,2026-06-30,324000000.0,1.23,0.2178217821782178,-25.9036,False,True,Financial Services,Insurance - Specialty,3207403776.0,,0.0768,,,
AGRO,2.0,2025-12-26,2026-09-11,38,12.33,15.09,7.69,1.96,0.26,-0.3,True,0.1582,0.188,0.5,0.0421,0.63,False,-0.216,58.5,0,36,0.0844,0.0655,0.53,1.0,3.76,0.0,False,2026-09-11,0.38979009369765505,0.22480077172156587,0.16498932197608918,0.0621502200796884,50016000.0,0.3261646186729929,2026-06-30,47717250.0,0.13,1.9285714285714286,-35.0,True,True,Consumer Defensive,Farm Products,1698504832.0,,0.0393,,,
AGX,2.0,2026-02-13,2026-09-11,31,396.33,764.83,396.33,1.93,0.1,0.01,True,0.1755,0.1905,0.484,0.0898,0.0,False,-0.096,35.8,0,0,0.0981,0.1206,0.56,0.82,1.95,0.03,False,2026-09-11,0.6150885620186504,0.5023959516678715,0.11269261035077882,0.29020778924621426,179314000.0,0.19328812217430255,2026-07-31,545701000.0,3.76,0.5039999999999999,40.2985,False,True,Industrials,Engineering & Construction,5804706816.0,,0.0784,,,
AGYS,2.0,2025-12-19,2026-09-11,39,105.47,121.49,62.19,1.95,0.19,-0.55,True,0.2052,0.2057,0.359,0.0579,0.73,True,0.447,54.8,0,22,0.0388,0.0315,0.19,1.19,3.54,0.03,False,2026-09-11,0.14348875122269322,0.1167869452822059,0.026701805940487322,0.1437910986297859,42893000.0,0.6347958985822963,2026-06-30,80441000.0,0.34,0.030303030303030328,36.0,False,True,Technology,Software - Application,2947222784.0,,0.0724,,,
AHRT,1.5,2025-03-14,2026-09-11,79,6.33,7.12,5.04,1.41,0.1,-0.52,False,0.0429,0.0657,0.633,0.028,0.62,True,0.127,44.3,1,24,0.029,0.026,0.68,0.75,1.53,0.01,False,2026-09-11,-0.48135061243424104,-0.5438995684582189,0.06254895602397781,-0.6302129655769684,-49222000.0,-0.009381898454746136,2026-06-30,52888000.0,0.14,1.8,7.6923,False,False,Real Estate,REIT - Diversified,606146176.0,,0.0517,,,
AI,1.5,2026-02-13,2026-09-11,31,10.47,10.9,7.76,1.4,0.35,-0.81,False,0.0805,0.0968,0.484,0.0774,0.86,True,0.043,51.1,0,24,0.0234,0.0604,0.29,1.0,1.04,0.03,True,2026-09-11,-0.2545651214756408,-0.5253994095085677,0.27083428803292686,-0.3754917979919592,-446413000.0,0.31826252983293557,2026-07-31,-154334000.0,-0.6,-0.6216216216216216,6.25,False,False,Technology,Software - Infrastructure,1694619648.0,,0.3149,,,
AII,2.0,2025-05-09,2026-09-11,71,25.41,26.32,15.56,1.69,0.37,,,0.086,0.1359,0.493,,0.92,True,0.176,71.1,1,69,0.0604,0.0803,0.7,1.98,,0.04,False,2026-09-11,0.5459402139626035,0.26493336671952816,0.28100684724307534,0.29285475317923293,88088000.0,0.7121584426635177,2026-06-30,168116000.0,1.78,-0.03260869565217394,119.7531,False,True,Financial Services,Insurance - Property & Casualty,508057600.0,,0.0142,,,
AJG,1.5,2025-10-17,2026-09-11,48,243.31,277.43,197.66,1.4,-0.19,-0.42,False,0.0692,0.0943,0.542,0.0306,0.57,True,0.185,51.3,0,18,0.0177,0.0137,0.26,0.77,2.26,0.02,False,2026-09-11,0.242858917039245,0.2764929978000752,-0.03363408076083019,0.26329885333974823,1568700000.0,0.8091431426430178,2026-06-30,2286900000.0,2.84,0.21888412017167372,0.0,False,True,Financial Services,Insurance Brokers,61603868672.0,,0.0264,,,
AKR,1.5,2024-06-28,2026-09-11,116,19.92,24.15,16.61,1.45,-0.0,0.04,True,0.0615,0.0814,0.698,0.0389,0.44,True,0.02,42.7,5,115,0.0183,0.019,0.3,1.21,1.58,0.02,False,2026-09-11,-0.05138579608716398,-0.013429890606739825,-0.03795590548042416,0.04693769183945706,54840000.0,0.6879787891808055,2026-06-30,69492999.0,0.31,4.166666666666667,3.3333,False,True,Real Estate,REIT - Retail,2882385408.0,,0.1998,,,
ALB,2.0,2025-11-14,2026-09-11,44,121.7,202.32,113.83,1.78,-0.13,-0.21,False,0.1325,0.1603,0.545,0.0723,0.09,False,-0.265,41.2,0,43,0.0626,0.0477,0.47,0.78,1.83,0.0,True,2026-09-11,0.3107695384633893,0.32673062297505484,-0.015961084511665558,0.1831714557050499,224177000.0,0.33860872947084086,2026-06-30,1342372000.0,3.75,33.09090909090909,11.9403,False,True,Basic Materials,Specialty Chemicals,13867954176.0,,0.0006,,,
ALGT,2.0,2025-10-17,2026-09-11,48,76.07,118.67,62.18,1.91,0.32,-0.4,True,0.0982,0.16,0.646,0.0758,0.25,True,0.152,41.1,0,45,0.0798,0.1319,0.81,1.07,1.3,0.02,True,2026-09-11,0.3685986329824886,0.04771740902965926,0.32088122395282936,0.12243562669124053,25985000.0,0.614266181941515,2026-06-30,116686000.0,2.19,0.7804878048780488,72.4409,False,True,Industrials,Airlines,2139726080.0,,0.0885,,,
ALH,1.5,2025-10-10,2026-09-11,49,21.14,27.77,19.34,1.44,0.19,,,0.0692,0.0903,0.592,,0.21,True,0.059,36.6,0,25,0.0609,0.0327,0.88,1.03,,0.04,False,2026-09-11,0.1395303534956982,0.09578179185929203,0.04374856163640617,0.11889982408146738,179077000.0,0.3984184748980084,2026-06-30,256183000.0,0.41,0.5769230769230768,17.1429,False,True,Consumer Cyclical,"Furnishings, Fixtures & Appliances",4295832064.0,,0.083,,,
ALH,2.0,2025-10-10,2026-09-11,49,21.14,27.77,19.34,1.44,0.19,,,0.0692,0.0903,0.592,,0.21,True,0.059,36.6,0,25,0.0609,0.0327,0.88,1.03,,0.04,False,2026-09-11,0.1395303534956982,0.09578179185929203,0.04374856163640617,0.11889982408146738,179077000.0,0.3984184748980084,2026-06-30,256183000.0,0.41,0.5769230769230768,17.1429,False,True,Consumer Cyclical,"Furnishings, Fixtures & Appliances",4295832064.0,,0.083,,,
ALHC,2.0,2025-08-01,2026-09-11,59,12.76,23.81,12.76,1.87,0.04,-0.35,True,0.1251,0.1585,0.644,0.0805,0.0,False,-0.048,36.4,0,0,0.0439,0.1407,0.35,1.18,1.55,0.0,False,2026-09-11,0.3155213102095169,0.3325648483383894,-0.017043538128872493,0.3721446185040651,40699000.0,0.1354840738436382,2026-06-30,205549000.0,0.17,0.21428571428571425,30.7692,False,True,Healthcare,Healthcare Plans,2615757312.0,,0.1131,,,
ALK,1.5,2026-02-20,2026-09-11,30,40.11,53.86,36.16,1.49,0.19,-0.52,False,0.089,0.1149,0.533,0.0667,0.22,True,0.137,43.0,0,24,0.0613,0.0826,0.69,0.77,1.33,0.0,False,2026-09-11,0.09746220302375819,0.05196047178833285,0.045501731235425336,0.09786569495054653,-175000000.0,0.8932349323493235,2026-06-30,-350000000.0,-0.92,-1.5168539325842698,5.1546,False,False,Industrials,Airlines,4593584640.0,,0.1137,,,
ALK,2.0,2025-02-21,2026-09-11,82,40.11,72.28,36.16,2.0,-0.33,-0.52,False,0.0773,0.1474,0.659,0.0489,0.11,True,0.137,43.0,2,24,0.0613,0.0826,0.79,0.7,1.58,0.02,False,2026-09-11,0.09746220302375819,0.05196047178833285,0.045501731235425336,0.09786569495054653,-175000000.0,0.8932349323493235,2026-06-30,-350000000.0,-0.92,-1.5168539325842698,5.1546,False,False,Industrials,Airlines,4593584640.0,,0.1137,,,
ALKT,1.5,2026-01-16,2026-09-11,35,19.06,21.19,14.68,1.44,0.17,-0.64,False,0.0622,0.0969,0.543,0.0671,0.67,True,0.114,51.7,0,12,0.0335,0.0631,0.54,0.89,0.93,0.0,True,2026-09-11,0.15871103615059923,0.2892931977308735,-0.13058216158027425,0.27051336598729825,-45108000.0,0.5684744770647855,2026-06-30,65099000.0,-0.01,-1.1428571428571428,-200.0,False,False,Technology,Software - Application,2193380096.0,,0.0865,,,
ALLT,2.0,2025-04-18,2026-09-11,74,7.47,10.84,5.73,1.89,-0.1,-0.37,True,0.1117,0.154,0.635,0.0898,0.34,True,0.075,46.1,2,73,0.0203,0.0231,0.18,0.5,1.24,0.0,False,2026-09-11,0.1532576608041245,0.14146868250539968,0.011788978298724828,0.14277023767070118,10242000.0,0.7127302880628763,2026-06-30,28962000.0,0.06,1.0,50.0,False,True,Technology,Software - Infrastructure,371356768.0,,0.0416,,,
ALT,1.5,2026-03-06,2026-09-11,28,3.29,3.54,2.61,1.36,-0.26,-0.75,False,0.0672,0.0847,0.536,0.1279,0.73,False,-0.004,51.2,1,13,0.0565,0.059,0.84,1.13,0.53,0.04,False,2026-09-11,-1.0,-1.0,0.0,0.55,-91760000.0,,2026-06-30,-76562000.0,-0.12,0.5555555555555556,20.0,False,False,Healthcare,Biotechnology,636072832.0,,0.2559,,,
ALTG,2.0,2025-04-25,2026-09-11,73,5.73,8.57,4.42,1.94,0.09,-0.71,False,0.1293,0.1679,0.603,0.0965,0.32,True,0.038,44.1,2,72,0.0734,0.0615,0.57,0.7,1.34,0.03,False,2026-09-11,-0.011845386533665847,-0.029550827423167836,0.01770544088950199,-0.01804332559018962,-80300000.0,0.261198738170347,2026-06-30,26800000.0,-0.25,-0.19047619047619052,3.8462,False,False,Industrials,Industrial Distribution,192081216.0,,0.0325,,,
ALTO,1.5,2026-03-06,2026-09-11,28,3.96,5.84,3.96,1.47,-0.15,0.31,True,0.0896,0.1127,0.464,0.1245,0.0,False,-0.04,44.4,0,0,0.0526,0.1185,0.59,0.72,0.72,0.0,False,2026-09-11,0.12480543500155661,-0.008210470557076022,0.13301590555863263,0.010922297583312979,51671000.0,0.0677091388615292,2026-06-30,49944000.0,0.15,2.153846153846154,66.6667,True,True,Basic Materials,Specialty Chemicals,302517024.0,,0.0851,,,
ALTO,2.0,2026-03-06,2026-09-11,28,3.96,5.84,3.96,1.47,-0.15,0.31,True,0.0896,0.1127,0.464,0.1245,0.0,False,-0.04,44.4,0,0,0.0526,0.1185,0.59,0.72,0.72,0.0,False,2026-09-11,0.12480543500155661,-0.008210470557076022,0.13301590555863263,0.010922297583312979,51671000.0,0.0677091388615292,2026-06-30,49944000.0,0.15,2.153846153846154,66.6667,True,True,Basic Materials,Specialty Chemicals,302517024.0,,0.0851,,,
AMBA,2.0,2025-04-25,2026-09-11,73,67.87,89.67,47.57,1.89,0.17,-0.45,True,0.1043,0.1613,0.589,0.0798,0.48,True,0.111,48.2,1,72,0.0942,0.1094,0.9,2.35,1.31,0.0,False,2026-09-11,0.13206855754834512,0.16868129308738578,-0.03661273553904065,0.2004016652731928,-56323999.0,0.5772578034682081,2026-07-31,9080000.0,-0.34,-3.2666666666666666,-13.3333,False,False,Technology,Semiconductor Equipment & Materials,2995406336.0,,0.1195,,,
AMPH,1.5,2026-02-27,2026-09-11,29,23.54,23.54,16.87,1.4,0.31,-0.67,False,0.0547,0.0778,0.724,0.0622,1.0,True,0.042,57.5,0,17,0.0487,0.0549,0.89,0.94,0.88,0.0,False,2026-09-11,0.05440503629295823,0.003770641771439376,0.050634394521518855,0.013515502218569342,78547000.0,0.5082570703033664,2026-06-30,152892000.0,0.8,0.06666666666666672,56.8627,False,True,Healthcare,Drug Manufacturers - Specialty & Generic,1011552320.0,,0.2631,,,
AMPY,2.0,2025-07-25,2026-09-11,60,4.96,6.56,3.56,1.84,0.09,-0.54,False,0.1342,0.1621,0.567,0.0758,0.47,False,-0.215,54.5,0,57,0.0335,0.0248,0.25,0.87,1.77,0.05,True,2026-09-11,-0.22929740641593888,-0.48002775850104096,0.2507303520851021,-0.9969219111092705,21934000.0,0.49884219716812817,2026-06-30,-67384000.0,-0.04,0.20000000000000004,-126.6667,False,False,Energy,Oil & Gas E&P,204380288.0,,0.1026,,,
AMR,2.0,2025-08-08,2026-09-11,58,217.73,242.32,137.16,1.77,0.26,-0.66,True,0.1182,0.1513,0.552,0.0724,0.77,False,-0.096,61.3,1,6,0.1953,0.1298,1.65,1.1,1.63,0.0,True,2026-09-11,-0.10434438116283884,-0.013102562801128648,-0.09124181836171019,-0.1291946995013652,-46070000.0,0.0998121155063548,2026-06-30,-1453000.0,-0.96,-1.526315789473684,1.0309,False,False,Basic Materials,Coking Coal,2655118848.0,,0.1508,,,
AMRN,1.5,2025-06-27,2026-09-11,64,14.04,19.72,13.55,1.46,-0.39,-0.49,False,0.0547,0.0864,0.391,0.0775,0.08,False,-0.001,46.5,1,7,0.0103,0.0192,0.19,0.64,0.71,0.02,False,2026-09-11,-0.41970828006213823,0.07413665897136879,-0.493844939033507,-0.15135306479700217,-27122231.0,0.35509701262704035,2026-06-30,49166563.0,-0.07,-1.0804597701149425,66.6667,False,False,Healthcare,Drug Manufacturers - General,291495104.0,,0.0246,,,
AMRN,2.0,2025-04-25,2026-09-11,73,14.04,19.72,10.41,1.89,0.07,-0.63,False,0.0575,0.1206,0.836,0.083,0.39,False,-0.001,46.5,2,70,0.0103,0.0192,0.18,0.71,0.69,0.01,False,2026-09-11,-0.41970828006213823,0.07413665897136879,-0.493844939033507,-0.15135306479700217,-27122231.0,0.35509701262704035,2026-06-30,49166563.0,-0.07,-1.0804597701149425,66.6667,False,False,Healthcare,Drug Manufacturers - General,291495104.0,,0.0246,,,
AMRZ,2.0,2025-06-27,2026-09-11,64,40.44,64.33,40.44,1.59,-0.0,,,0.0522,0.0838,0.891,,0.0,False,-0.094,28.2,0,0,0.0403,0.0638,0.77,1.04,,0.0,False,2026-09-11,0.08509316770186337,0.04661220567035085,0.03848096203151252,0.050879613659882805,1205000000.0,0.28420148826559816,2026-06-30,1321000000.0,0.88,0.12820512820512817,-4.3478,False,True,Basic Materials,Building Materials,22161426432.0,,0.0169,,,
AMSC,2.0,2025-11-07,2026-09-11,45,28.66,55.19,27.7,1.99,0.15,-0.55,True,0.0816,0.2137,0.2,0.1013,0.03,False,-0.244,38.9,0,27,0.0312,0.0799,0.38,0.67,0.81,0.0,False,2026-09-11,0.3001050333066144,0.29631685544970376,0.0037881778569106572,0.2588715744624088,136576000.0,0.26283843398212026,2026-06-30,20524000.0,0.05,-0.8275862068965517,-54.5455,False,True,Industrials,Specialty Industrial Machinery,1430496512.0,,0.0782,,,
AMT,1.5,2023-10-27,2026-09-11,151,172.98,222.37,156.38,1.42,-0.14,-0.38,False,0.054,0.0823,0.675,0.0377,0.25,False,-0.029,47.1,2,150,0.0082,0.0144,0.15,0.77,1.43,0.01,True,2026-09-11,0.0465187102668545,0.06816762915561103,-0.02164891888875653,0.06651331435923424,3378600000.0,0.7303481139281947,2026-06-30,3959800000.0,2.71,2.474358974358974,2.2642,False,True,Real Estate,REIT - Specialty,82871001088.0,,0.0147,,,
AMTM,2.0,2025-04-18,2026-09-11,74,19.56,37.53,18.79,2.0,0.03,-0.44,False,0.0842,0.1641,0.446,0.0746,0.04,False,-0.146,36.6,0,73,0.0521,0.0438,0.62,0.92,1.13,0.07,False,2026-09-11,-0.01993821960123565,-0.0037238613577771362,-0.016214358243458515,-0.03942895989123041,204000000.0,0.10315186246418338,2026-06-30,485000000.0,0.64,0.14285714285714277,8.4746,False,True,Industrials,Specialty Business Services,4758094848.0,,0.0786,,,
ANDE,1.5,2026-01-09,2026-09-11,36,71.88,79.24,54.52,1.45,0.34,-0.03,True,0.0459,0.0792,0.75,0.0495,0.7,False,-0.029,54.5,0,35,0.0435,0.0384,0.95,1.05,0.93,0.03,False,2026-09-11,-0.01218450132961546,-0.011970976624404162,-0.00021352470521129874,-0.052015006725398605,177323000.0,0.07222548633484631,2026-06-30,56913000.0,2.15,7.958333333333333,45.2703,False,True,Consumer Defensive,Food Distribution,2411246080.0,,0.0569,,,
ANNX,2.0,2025-11-21,2026-09-11,43,4.14,6.78,4.14,1.64,-0.0,-0.45,False,0.0667,0.1022,0.791,0.1149,0.0,False,-0.053,37.6,0,0,0.0339,0.0479,0.51,0.97,0.58,0.02,True,2026-09-11,,,,-1.0,-202668000.0,,2026-06-30,-193218000.0,-0.28,0.1764705882352941,-21.7391,False,False,Healthcare,Biotechnology,746941824.0,,0.1792,,,
AOS,1.5,2024-10-11,2026-09-11,101,56.71,79.52,55.67,1.43,-0.31,-0.36,False,0.0518,0.0772,0.743,0.0326,0.04,True,0.002,39.3,0,17,0.0169,0.0291,0.33,0.93,1.59,0.02,True,2026-09-11,-0.00692178384257891,-0.018985371926548367,0.012063588083969456,0.003878423302200451,500300000.0,0.3861395997211988,2026-06-30,639400000.0,1.03,-0.03738317757009349,7.2917,False,True,Industrials,Specialty Industrial Machinery,7799793152.0,,0.1101,,,
AP,2.0,2026-02-06,2026-09-11,32,8.24,12.2,6.79,1.8,0.14,0.14,True,0.1082,0.1598,0.562,0.1081,0.27,False,-0.102,48.6,0,31,0.0595,0.0772,0.55,0.55,1.0,0.03,False,2026-09-11,-0.0900587070306974,0.038958423248453444,-0.12901713027915085,0.03274294220826057,-59252000.0,0.21612351580870207,2026-06-30,-3987000.0,0.07,1.1944444444444444,,True,False,Industrials,Metal Fabrication,167541408.0,,0.0691,,,
APA,1.5,2026-02-27,2026-09-11,29,44.53,44.53,29.96,1.49,0.32,-0.07,True,0.0678,0.102,0.586,0.0643,1.0,False,-0.011,69.0,0,28,0.0591,0.1211,0.87,0.93,1.05,0.03,False,2026-09-11,0.10146923783287409,-0.1172230652503794,0.2186923030832535,-0.12180570746743558,1677000000.0,0.010837849103793247,2026-06-30,2108000000.0,1.89,1.1724137931034484,2.1622,False,True,Energy,Oil & Gas E&P,15671223296.0,,0.091,,,
APAM,1.5,2023-11-17,2026-09-11,148,39.7,43.47,29.31,1.48,0.38,-0.11,True,0.0572,0.0823,0.736,0.0502,0.73,True,0.087,53.9,2,146,0.0309,0.0771,0.54,1.61,1.14,0.05,False,2026-09-11,0.6799352075515741,0.0658603556957138,0.6140748518558603,0.2515184390367513,300530000.0,0.23578947368421052,2026-06-30,260903000.0,0.94,0.1325301204819277,2.1739,False,True,Financial Services,Asset Management,2691474688.0,,0.0624,,,
APD,1.5,2024-02-23,2026-09-11,134,293.65,322.52,218.13,1.48,0.36,-0.25,True,0.0689,0.0914,0.657,0.0384,0.72,True,0.032,51.0,3,133,0.0169,0.0186,0.25,0.86,1.79,0.04,False,2026-09-11,0.04575379627485354,0.08764830944379676,-0.041894513168943215,0.04514053027475762,-47300000.0,0.32774438468838973,2026-06-30,2057400000.0,3.47,0.12297734627831727,3.2738,False,False,Basic Materials,Specialty Chemicals,64897245184.0,,0.0185,,,
APEI,1.5,2026-01-23,2026-09-11,34,44.86,60.6,41.78,1.45,0.0,0.04,True,0.1101,0.1066,0.382,0.0482,0.16,False,-0.097,42.7,0,32,0.0167,0.0649,0.15,1.02,2.28,0.0,False,2026-09-11,0.055079070567563226,0.06190785835394497,-0.00682878778638174,0.036405300450392364,45672000.0,0.5537206444963344,2026-06-30,70069000.0,0.52,1.5999999999999999,44.4444,False,True,Consumer Defensive,Education & Training Services,822471360.0,,0.1144,,,
API,2.0,2025-03-21,2026-09-11,78,4.04,4.81,2.61,1.84,0.33,-0.58,True,0.0694,0.1079,0.769,0.2053,0.65,True,0.067,48.8,1,73,0.0432,0.0293,0.62,0.5,0.34,0.0,False,2026-09-11,0.18178548702530728,0.13792257056118307,0.04386291646412421,0.1371679994608923,10998022.0,0.636739233630012,2026-06-30,-19098530.0,0.02,,,False,False,Technology,Software - Application,343272128.0,,0.0087,,,
APLD,2.0,2025-11-28,2026-09-11,42,25.78,47.28,23.76,1.99,0.05,-0.31,True,0.1433,0.2071,0.381,0.2007,0.09,False,-0.14,42.8,0,24,0.0414,0.0668,0.29,0.7,0.71,0.02,True,2026-09-11,5.806829242627522,1.392944199845052,4.41388504278247,1.6736610581607936,-243762000.0,0.15658864996057942,2026-05-31,-2776080000.0,-0.39,-12.0,-116.6667,False,False,Technology,Information Technology Services,7511306752.0,,0.2232,,,
APO,1.5,2025-02-21,2026-09-11,82,127.91,148.98,103.41,1.44,-0.24,-0.4,True,0.0503,0.0848,0.683,0.0441,0.54,True,0.043,50.4,1,22,0.0312,0.0547,0.62,0.99,1.14,0.01,False,2026-09-11,0.644995597299677,-0.08850036049026677,0.7334959577899438,0.41447006058698554,1875000000.0,0.6083504326880186,2026-06-30,7987000000.0,1.76,-0.0833333333333333,-12.4378,False,True,Financial Services,Asset Management,76168257536.0,,0.0433,,,
APO,2.0,2023-11-24,2026-09-11,147,127.91,173.21,87.46,1.98,0.29,-0.0,True,0.1077,0.1559,0.653,0.0479,0.47,True,0.043,50.4,1,146,0.0312,0.0547,0.29,1.09,2.25,0.01,False,2026-09-11,0.644995597299677,-0.08850036049026677,0.7334959577899438,0.41447006058698554,1875000000.0,0.6083504326880186,2026-06-30,7987000000.0,1.76,-0.0833333333333333,-12.4378,False,True,Financial Services,Asset Management,76168257536.0,,0.0433,,,
APOG,2.0,2025-01-10,2026-09-11,88,37.53,53.19,31.27,1.7,-0.36,-0.62,False,0.0725,0.1125,0.705,0.0492,0.29,True,0.161,46.6,3,25,0.0247,0.0211,0.34,0.81,1.47,0.01,False,2026-09-11,-0.011361079215975955,0.01637286154807427,-0.027733940764050224,0.017945643485211882,68353000.0,0.21894806877473125,2026-05-31,123247000.0,0.57,0.017857142857142672,32.5581,False,True,Industrials,Building Products & Equipment,790491008.0,,0.0491,,,
APTV,2.0,2023-10-27,2026-09-11,151,45.69,89.72,45.69,1.96,-0.35,-0.74,False,0.1251,0.1504,0.603,0.0472,0.0,False,-0.135,30.7,2,0,0.0422,0.1224,0.34,0.92,2.65,0.01,False,2026-09-11,-0.3713517665130568,0.05409326424870464,-0.42544503076176143,-0.05400626452460344,220000000.0,0.23671350030543678,2026-06-30,763000000.0,1.63,-0.2311320754716982,14.7887,False,True,Consumer Cyclical,Auto Parts,9455622144.0,,0.0705,,,
AQN,1.5,2025-04-11,2026-09-11,75,5.43,6.83,4.72,1.45,0.39,-0.35,False,0.0439,0.072,0.773,0.039,0.34,False,-0.05,40.4,0,74,0.0157,0.0174,0.36,0.71,1.13,0.0,False,2026-09-11,0.0305039787798409,0.14442518775274404,-0.11392120897290314,0.07209623258900066,149700000.0,0.7571244714101857,2026-06-30,-58380124.0,0.04,0.0,-20.0,False,False,Utilities,Utilities - Diversified,4088178944.0,,0.0274,,,
AQST,1.5,2026-02-06,2026-09-11,32,4.99,5.34,3.65,1.46,0.38,-0.48,True,0.0303,0.0883,0.562,0.1214,0.79,True,0.066,58.4,0,30,0.1235,0.0965,4.08,1.27,0.25,0.03,False,2026-09-11,0.3814855543336999,0.6566513761467889,-0.275165821813089,0.22557328015952138,-78227000.0,0.70931326434619,2026-06-30,-45949000.0,-0.18,-0.5,-80.0,False,False,Healthcare,Drug Manufacturers - Specialty & Generic,599945728.0,,0.2125,,,
AR,1.5,2024-11-15,2026-09-11,96,39.17,45.15,30.49,1.48,0.08,-0.18,True,0.0664,0.0886,0.604,0.0565,0.59,False,-0.056,57.6,2,95,0.0402,0.0562,0.61,0.84,1.18,0.0,False,2026-09-11,0.11066049966654012,0.33754155925290297,-0.22688105958636284,0.1875873605798617,1083735000.0,0.206512009798973,2026-06-30,1410225000.0,0.72,1.0571428571428572,-1.3699,False,True,Energy,Oil & Gas E&P,11814881280.0,,0.0481,,,
AR,2.0,2024-02-16,2026-09-11,135,39.17,45.15,23.97,1.88,0.4,-0.47,True,0.0802,0.1268,0.77,0.0616,0.72,False,-0.056,57.6,2,134,0.0402,0.0562,0.5,0.94,1.3,0.01,False,2026-09-11,0.11066049966654012,0.33754155925290297,-0.22688105958636284,0.1875873605798617,1083735000.0,0.206512009798973,2026-06-30,1410225000.0,0.72,1.0571428571428572,-1.3699,False,True,Energy,Oil & Gas E&P,11814881280.0,,0.0481,,,
ARCO,1.5,2024-05-24,2026-09-11,121,8.06,9.26,6.32,1.46,-0.09,-0.47,False,0.0787,0.0954,0.612,0.0458,0.59,False,-0.033,48.3,4,58,0.0136,0.0134,0.17,0.93,1.72,0.01,False,2026-09-11,0.14299095856065325,0.12945572696063135,0.013535231600021902,0.10767117810404003,256745000.0,0.12055139495448189,2026-06-30,95409830.0,0.22,1.0,46.6667,False,True,Consumer Cyclical,Restaurants,1687411072.0,,0.0275,,,
ARE,1.5,2025-10-31,2026-09-11,46,49.56,58.0,40.85,1.42,0.0,-0.64,False,0.0529,0.0777,0.739,0.0428,0.51,True,0.103,48.0,2,19,0.0284,0.0271,0.54,0.85,1.24,0.0,False,2026-09-11,0.07966048131033165,-0.09708749621556156,0.17674797752589322,-0.02058357043524861,-903996000.0,0.7395312376336508,2026-06-30,876129000.0,1.73,2.604166666666667,4.8485,False,False,Real Estate,REIT - Office,8800952320.0,,0.059,,,
ARES,2.0,2023-11-03,2026-09-11,150,130.63,187.49,98.07,1.91,0.17,-0.01,True,0.1187,0.1662,0.607,0.0426,0.36,True,0.117,50.0,2,149,0.0345,0.0582,0.29,1.23,2.79,0.0,False,2026-09-11,0.05812930329568755,0.40834309173819006,-0.3502137884425025,0.2745405702006496,724695000.0,0.174038400963174,2026-06-30,836147000.0,1.29,0.2524271844660194,0.0,False,True,Financial Services,Asset Management,43674984448.0,,0.1448,,,
ARES-P-B,1.5,2026-01-23,2026-09-11,34,42.13,48.97,34.09,1.44,0.18,-0.44,False,0.0652,0.0908,0.647,0.0446,0.54,True,0.071,48.9,0,26,0.021,0.075,0.32,0.66,1.46,0.0,False,2026-09-11,,,,,,,,,,,,,,,,,,,,,
ARIS,2.0,2025-11-21,2026-09-11,43,19.41,22.68,11.63,1.95,0.11,0.03,True,0.1098,0.1384,0.698,0.0658,0.7,False,-0.065,56.5,0,42,0.081,0.1239,0.74,1.07,1.67,0.0,False,2026-09-11,0.6230880386914124,1.3645256716266316,-0.7414376329352192,0.9626149728734368,284731000.0,0.5333815829717133,2026-06-30,118352039.0,0.47,1.043478260869565,20.5128,False,True,Basic Materials,Gold,4033655808.0,,,,,
ARLO,1.5,2025-11-07,2026-09-11,45,13.0,15.69,11.42,1.37,-0.1,-0.41,True,0.0453,0.0694,0.778,0.0813,0.37,False,-0.023,46.8,1,30,0.0484,0.0145,1.07,1.07,0.56,0.04,True,2026-09-11,0.2050307175147792,0.2630137906707204,-0.0579830731559412,0.15645742648362249,30542000.0,0.48234864079724504,2026-06-30,66871000.0,0.03,0.0,50.0,False,True,Industrials,Building Products & Equipment,1419419392.0,,0.1298,,,
ARLO,2.0,2025-04-25,2026-09-11,73,13.0,19.44,9.92,1.96,-0.3,-0.4,True,0.082,0.1389,0.767,0.0878,0.32,False,-0.023,46.8,2,72,0.0484,0.0145,0.59,0.96,0.93,0.03,False,2026-09-11,0.2050307175147792,0.2630137906707204,-0.0579830731559412,0.15645742648362249,30542000.0,0.48234864079724504,2026-06-30,66871000.0,0.03,0.0,50.0,False,True,Industrials,Building Products & Equipment,1419419392.0,,0.1298,,,
AROC,1.5,2026-01-30,2026-09-11,33,32.36,41.68,29.02,1.44,0.09,0.03,True,0.051,0.0711,0.818,0.0476,0.26,False,-0.017,46.1,0,32,0.0415,0.0688,0.81,1.01,1.07,0.06,False,2026-09-11,-0.031094709149371513,0.07663259045462789,-0.1077272996039994,0.11536579652040335,328534000.0,0.6586394711748259,2026-06-30,291332000.0,0.38,-0.025641025641025664,-17.3913,False,True,Energy,Oil & Gas Equipment & Services,5745832448.0,,0.0583,,,
ARQT,1.5,2025-10-31,2026-09-11,46,23.38,31.2,20.86,1.5,-0.32,-0.0,True,0.0724,0.1028,0.63,0.0901,0.24,True,0.151,45.3,0,16,0.0534,0.0424,0.74,0.96,0.8,0.0,False,2026-09-11,0.5933083038869258,0.6006743006408894,-0.007365996753963655,0.7610726282428406,28519000.0,0.915763778193607,2026-06-30,39151000.0,0.11,1.846153846153846,22.2222,True,True,Healthcare,Biotechnology,3002152448.0,,0.1405,,,
ARQT,2.0,2025-09-05,2026-09-11,54,23.38,31.2,17.15,1.82,0.19,0.01,True,0.0967,0.1398,0.685,0.0914,0.44,True,0.151,45.3,0,53,0.0534,0.0424,0.55,0.99,1.06,0.0,False,2026-09-11,0.5933083038869258,0.6006743006408894,-0.007365996753963655,0.7610726282428406,28519000.0,0.915763778193607,2026-06-30,39151000.0,0.11,1.846153846153846,22.2222,True,True,Healthcare,Biotechnology,3002152448.0,,0.1405,,,
ARTNA,1.5,2023-09-22,2026-09-11,156,35.9,39.66,27.8,1.43,-0.28,-0.49,False,0.0356,0.0725,0.776,0.0388,0.68,True,0.089,66.7,5,87,0.0156,0.0241,0.44,0.97,0.92,0.01,False,2026-09-11,0.07408315527689235,0.0729351773159237,0.0011479779609686602,0.05901636375161878,23605000.0,0.4048721627967649,2026-06-30,4006000.0,0.64,0.04918032786885251,16.3636,False,True,Utilities,Utilities - Regulated Water,370227264.0,,0.0077,,,
ARVN,2.0,2025-08-15,2026-09-11,57,8.71,13.6,7.09,1.92,-0.15,-0.86,False,0.1644,0.1878,0.474,0.1096,0.25,False,-0.127,44.6,0,56,0.0468,0.0453,0.28,0.53,1.5,0.02,False,2026-09-11,10.147321428571429,-0.9173728813559322,11.064694309927361,-0.15048283261802575,9300000.0,0.9639567480977173,2026-06-30,-208800000.0,2.58,4.071428571428571,1175.0,True,False,Healthcare,Biotechnology,545204096.0,,0.084,,,
ARX,2.0,2025-08-29,2026-09-11,55,19.84,20.15,10.26,1.96,0.06,,,0.0944,0.1771,0.655,,0.97,True,0.118,62.7,0,29,0.014,0.0951,0.15,2.13,,0.02,False,2026-09-11,0.747796278158668,0.1294669009958993,0.6183293771627687,0.4951685264005521,-1295900000.0,0.7015970860184926,2026-06-30,51500000.0,0.32,1.2857142857142856,100.0,False,False,Financial Services,Insurance Brokers,4309020672.0,,0.0833,,,
AS,1.5,2026-02-27,2026-09-11,29,27.41,37.98,27.41,1.39,-0.22,-0.35,False,0.0402,0.0699,0.586,0.0612,0.0,False,-0.025,35.1,0,0,0.0681,0.0451,1.69,1.25,0.66,0.0,False,2026-09-11,0.3205532637709294,0.32122241086587433,-0.0006691470949449219,0.3049086537617802,546400000.0,0.6563763316182776,2026-06-30,686000000.0,0.22,2.666666666666667,100.0,False,True,Consumer Cyclical,Leisure,16331744256.0,,0.0757,,,
AS,2.0,2024-11-22,2026-09-11,95,27.41,41.96,22.16,1.89,0.35,0.13,False,0.096,0.1364,0.621,0.0708,0.27,False,-0.025,35.1,2,73,0.0681,0.0451,0.71,1.37,1.36,0.01,False,2026-09-11,0.3205532637709294,0.32122241086587433,-0.0006691470949449219,0.3049086537617802,546400000.0,0.6563763316182776,2026-06-30,686000000.0,0.22,2.666666666666667,100.0,False,True,Consumer Cyclical,Leisure,16331744256.0,,0.0757,,,
ASA,1.5,2026-03-13,2026-09-11,27,60.27,69.8,48.09,1.45,-0.35,-0.41,True,0.0791,0.0987,0.593,0.0677,0.56,False,-0.101,51.8,0,8,0.063,0.0914,0.8,0.82,1.17,0.0,False,2026-09-11,7.917218150589386,0.45946789534762544,7.457750255241761,2.1403908381683303,1000583624.0,0.9623178187107634,2026-05-31,,16.64,12.10236220472441,,False,,Financial Services,Asset Management,1116645120.0,,0.0007,,,
ASA,2.0,2025-09-12,2026-09-11,53,60.27,81.24,41.45,1.96,0.29,0.05,True,0.1039,0.1569,0.642,0.055,0.47,False,-0.101,51.8,0,52,0.063,0.0914,0.61,0.54,1.89,0.0,False,2026-09-11,7.917218150589386,0.45946789534762544,7.457750255241761,2.1403908381683303,1000583624.0,0.9623178187107634,2026-05-31,,16.64,12.10236220472441,,False,,Financial Services,Asset Management,1116645120.0,,0.0007,,,
ASAN,2.0,2026-01-30,2026-09-11,33,8.56,10.25,5.46,1.88,0.31,-0.77,False,0.0955,0.1586,0.576,0.0686,0.65,True,0.24,50.6,0,22,0.0568,0.1178,0.59,0.99,1.39,0.0,False,2026-09-11,0.09898139497095504,0.09520096973839487,0.0037804252325601695,0.09479931096389693,-154240000.0,0.8598847659047539,2026-07-31,117279000.0,-0.15,-3.5,-36.3636,False,False,Technology,Software - Application,2008067968.0,,0.2821,,,
ASIC,2.0,2025-06-13,2026-09-11,66,27.15,27.4,17.3,1.58,0.38,,,0.0727,0.1158,0.561,,0.98,True,0.231,67.6,2,30,0.0508,0.0437,0.7,0.84,,0.02,False,2026-09-11,0.4588720770288859,0.5515026106205336,-0.09263053359164775,0.3761288364465081,106837000.0,0.5521200937474745,2026-06-30,169968000.0,0.67,0.717948717948718,8.0645,False,True,Financial Services,Insurance - Property & Casualty,1316552704.0,,0.0361,,,
ASIX,2.0,2025-02-07,2026-09-11,84,16.84,28.1,14.35,1.96,-0.3,-0.63,False,0.1017,0.1508,0.679,0.06,0.18,False,-0.166,41.5,2,42,0.0282,0.0599,0.28,0.87,1.7,0.02,False,2026-09-11,0.027466818853622454,0.06985873141498877,-0.04239191256136632,0.02958624795552911,-17727000.0,0.07382430854245592,2026-06-30,-25752000.0,0.14,-0.8782608695652173,-75.0,False,False,Basic Materials,Chemicals,448219712.0,,0.0237,,,
ASLE,2.0,2024-02-23,2026-09-11,134,5.37,9.26,4.75,1.95,-0.04,-0.78,False,0.0864,0.1413,0.724,0.0721,0.14,False,-0.073,34.1,3,101,0.0411,0.0365,0.48,1.09,1.2,0.0,True,2026-09-11,-0.33944236464211874,0.07355266358550239,-0.41299502822762113,-0.13380283698867312,-2277000.0,0.22943100434218688,2026-06-30,-39106000.0,-0.12,-1.5999999999999999,-700.0,False,False,Industrials,Airports & Air Services,259156320.0,,0.0645,,,
ASM,1.5,2026-03-06,2026-09-11,28,7.12,7.83,5.33,1.47,-0.0,-0.47,True,0.0738,0.1042,0.571,0.1193,0.72,False,-0.014,53.5,0,6,0.0417,0.0837,0.57,1.0,0.62,0.0,False,2026-09-11,0.22847970648933735,1.1985200679549797,-0.9700403614656423,0.4525493288464195,44914360.0,0.4842274237503266,2026-06-30,17306899.0,0.06,1.9999999999999996,0.0,False,True,Basic Materials,Other Precious Metals & Mining,1102360576.0,,0.0391,,,
ASM,2.0,2025-11-28,2026-09-11,42,7.12,10.15,5.33,1.9,-0.14,-0.1,True,0.0889,0.1759,0.452,0.1084,0.37,False,-0.014,53.5,0,6,0.0417,0.0837,0.47,0.92,0.82,0.0,False,2026-09-11,0.22847970648933735,1.1985200679549797,-0.9700403614656423,0.4525493288464195,44914360.0,0.4842274237503266,2026-06-30,17306899.0,0.06,1.9999999999999996,0.0,False,True,Basic Materials,Other Precious Metals & Mining,1102360576.0,,0.0391,,,
ASMB,2.0,2025-08-08,2026-09-11,58,30.46,38.5,21.85,1.76,0.06,0.12,True,0.083,0.1392,0.621,0.0907,0.52,True,0.058,52.8,1,52,0.1194,0.0836,1.44,2.37,0.92,0.0,False,2026-09-11,0.38936214419281123,-0.12803917613334748,0.5174013203261587,1.251180527566397,-42000.0,0.9985045610886796,2026-06-30,-38566000.0,-0.2,0.849624060150376,71.4286,False,False,Healthcare,Biotechnology,606745728.0,,0.1386,,,
ASO,1.5,2025-05-16,2026-09-11,70,54.22,59.9,40.09,1.49,0.21,-0.45,True,0.0657,0.0957,0.671,0.0549,0.71,False,-0.111,57.5,0,68,0.0245,0.0263,0.37,0.97,1.2,0.0,True,2026-09-11,0.029657377809503283,0.0670367002143688,-0.03737932240486552,0.03683464966992367,395850000.0,0.4042421317501222,2026-07-31,330875000.0,2.19,0.1288659793814433,7.3529,False,True,Consumer Cyclical,Specialty Retail,3409007616.0,,0.233,,,
ASO,2.0,2024-03-08,2026-09-11,132,54.22,69.48,36.07,1.93,-0.15,-0.51,True,0.0704,0.116,0.848,0.0552,0.54,False,-0.111,57.5,1,74,0.0245,0.0263,0.35,0.95,1.28,0.0,False,2026-09-11,0.029657377809503283,0.0670367002143688,-0.03737932240486552,0.03683464966992367,395850000.0,0.4042421317501222,2026-07-31,330875000.0,2.19,0.1288659793814433,7.3529,False,True,Consumer Cyclical,Specialty Retail,3409007616.0,,0.233,,,
ASR,1.5,2025-04-25,2026-09-11,73,251.16,374.07,251.16,1.49,0.12,-0.1,True,0.0562,0.09,0.658,0.0407,0.0,False,-0.102,32.7,0,0,0.0234,0.0473,0.42,0.62,1.38,0.08,False,2026-09-11,0.10437329796159278,0.026425028577606202,0.07794826938398658,0.12857794959516444,9997065060.0,0.41897651963461596,2026-06-30,-1112336470.0,4.38,0.15263157894736845,-10.9756,False,False,Industrials,Airports & Air Services,7728151552.0,,0.0326,,,
ASTL,2.0,2025-07-25,2026-09-11,60,4.3,6.23,3.31,1.88,-0.03,-0.71,False,0.0745,0.1262,0.717,0.0638,0.34,False,-0.112,49.0,1,49,0.0379,0.0789,0.51,0.91,1.17,0.0,False,2026-09-11,-0.5463795150076309,-0.42583639528137696,-0.12054311972625398,-0.3282406198311134,-1105200000.0,-0.3936448598130841,2026-06-30,-365400000.0,-0.64,0.2967032967032967,-25.4902,False,False,Basic Materials,Steel,450117888.0,,0.0505,,,
ATAT,1.5,2025-05-16,2026-09-11,70,32.85,42.21,28.53,1.48,0.05,-0.05,True,0.0631,0.0826,0.8,0.061,0.32,False,-0.063,43.4,0,69,0.0199,0.0321,0.32,0.69,1.03,0.04,False,2026-09-11,0.40993510722290716,0.4750867608276568,-0.06515165360474962,0.40093262426326337,1963582817.0,0.4360500541133113,2026-06-30,2282192362.0,0.59,-0.4158415841584159,3.5088,False,True,Consumer Cyclical,Lodging,4478606848.0,,0.0319,,,
ATHM,1.5,2025-10-24,2026-09-11,47,21.67,23.8,15.96,1.49,-0.24,-0.45,False,0.0763,0.1164,0.447,0.038,0.73,True,0.232,56.7,0,14,0.0178,0.0485,0.23,1.42,2.01,0.0,False,2026-09-11,-0.3205082332264009,-0.2788375161127459,-0.041670717113655,-0.19006865604928636,1083263442.0,0.7712898892928653,2026-06-30,,0.32,-0.4285714285714286,33.3333,False,,Communication Services,Internet Content & Information,2496905472.0,,0.0551,,,
ATKR,2.0,2024-08-09,2026-09-11,110,94.16,99.07,52.54,1.89,-0.13,-0.71,False,0.1247,0.1575,0.555,0.054,0.89,True,0.161,68.3,1,75,0.002,0.1473,0.02,1.51,2.31,0.05,False,2026-09-11,0.08129434252324685,0.04225586946453386,0.039038473058713,0.016306712523521893,-162714000.0,0.22177528938097635,2026-06-30,57481000.0,1.74,0.06748466257668718,28.8889,False,False,Industrials,Electrical Equipment & Parts,3179734016.0,,0.0387,,,
ATMU,1.5,2025-10-17,2026-09-11,48,45.41,64.55,43.81,1.47,-0.06,-0.05,True,0.077,0.1035,0.604,0.0411,0.08,False,-0.077,38.2,0,47,0.0321,0.0237,0.42,0.73,1.87,0.0,False,2026-09-11,0.16405733186328564,0.14645858343337337,0.01759874842991227,0.13050464175196375,215100000.0,0.2915324872134874,2026-06-30,190400000.0,0.82,0.09333333333333327,3.7975,False,True,Consumer Cyclical,Auto Parts,3705252864.0,,0.0523,,,
ATS,2.0,2024-03-08,2026-09-11,132,19.03,37.49,19.03,1.97,-0.28,-0.6,False,0.0667,0.1164,0.864,0.0442,0.0,False,-0.225,30.4,1,0,0.0452,0.0609,0.68,1.34,1.51,0.02,False,2026-09-11,-0.05836545770441959,0.30102012384979204,-0.35938558155421163,0.13727138280368578,47186595.0,0.2738146891906112,2026-06-30,392229547.0,0.25,-0.16666666666666663,-10.7143,False,True,Industrials,Specialty Industrial Machinery,1884036480.0,,,,,
AUNA,1.5,2025-10-24,2026-09-11,47,5.18,6.16,4.15,1.48,-0.0,-0.61,False,0.0469,0.0819,0.723,0.0467,0.51,True,0.013,50.4,1,15,0.0115,0.0154,0.25,0.63,1.0,0.0,False,2026-09-11,0.12315499964348975,0.13025341957578163,-0.007098419932291877,0.0760693760579707,15369877.0,0.3571921224671066,2026-06-30,503627057.0,0.15,-0.5454545454545455,-42.3077,False,True,Healthcare,Medical Care Facilities,382871168.0,,0.0299,,,
AUPH,1.5,2025-10-17,2026-09-11,48,16.11,17.23,11.55,1.49,0.34,-0.12,True,0.0433,0.0713,0.625,0.0583,0.8,True,0.04,55.0,0,47,0.0257,0.0219,0.59,0.87,0.74,0.02,False,2026-09-11,0.1887212889955434,0.24397662691107014,-0.055255337915526725,0.1975925662505622,314114000.0,0.9212328767123288,2026-06-30,173576740.0,0.28,0.7500000000000001,55.5556,False,True,Healthcare,Biotechnology,2142123904.0,,0.0745,,,
AURA,2.0,2024-11-15,2026-09-11,96,6.99,9.47,5.02,1.89,-0.17,-0.64,False,0.1115,0.1508,0.604,0.092,0.44,True,0.026,49.4,2,34,0.0501,0.0496,0.45,2.84,1.21,0.01,False,2026-09-11,,,,-1.0,-131011000.0,,2026-06-30,-102653000.0,-0.48,-0.02127659574468087,-17.0732,False,False,Healthcare,Biotechnology,725415104.0,,0.0602,,,
AVGO,1.5,2025-09-05,2026-09-11,54,360.83,446.03,300.18,1.49,0.4,-0.01,True,0.0713,0.0977,0.574,0.0811,0.42,False,-0.014,47.1,1,24,0.0379,0.0299,0.53,0.9,0.88,0.02,False,2026-09-11,0.8550025075225678,0.47873900293255134,0.37626350459001645,0.4869005106297768,38265000000.0,0.6912912709945591,2026-07-31,39403000000.0,3.03,0.7928994082840236,7.0671,False,True,Technology,Semiconductors,1728006324224.0,,0.0108,,,
AVIR,1.5,2026-01-23,2026-09-11,34,5.18,6.1,4.1,1.49,0.14,-0.08,True,0.0993,0.1169,0.5,0.0591,0.54,False,-0.016,53.5,1,17,0.0345,0.0521,0.35,0.78,1.68,0.0,False,2026-09-11,,,,-1.0,-165289000.0,,2026-06-30,-152073000.0,-0.41,0.06818181818181825,26.7857,False,False,Healthcare,Biotechnology,425886944.0,,0.1232,,,
AVNW,2.0,2024-08-30,2026-09-11,107,19.82,27.45,13.79,1.99,0.11,-0.64,False,0.0762,0.1252,0.804,0.0554,0.44,True,0.017,45.7,2,95,0.0248,0.0234,0.33,1.25,1.38,0.02,False,2026-09-11,0.048092595803710836,-0.11218927556818181,0.16028187137189265,0.01167954423086659,2539000.0,0.30808937271997816,2026-06-30,6090000.0,0.51,-0.38554216867469876,27.5,False,True,Technology,Communication Equipment,265375904.0,,0.0884,,,
AVTX,2.0,2025-09-19,2026-09-11,52,17.18,21.57,10.8,2.0,0.31,-0.7,False,0.1119,0.1425,0.75,0.1218,0.59,True,0.202,49.5,1,50,0.0356,0.0313,0.32,1.43,0.92,0.02,False,2026-09-11,,,,-0.8662131519274376,-100333000.0,,2026-06-30,-66378000.0,-0.83,0.5677083333333333,-25.7576,False,False,Healthcare,Biotechnology,864515456.0,,0.2313,,,
AWI,1.5,2025-04-25,2026-09-11,73,162.73,201.76,136.93,1.47,-0.03,-0.13,True,0.0822,0.0952,0.589,0.0347,0.4,True,0.025,44.7,0,72,0.0324,0.0462,0.39,1.03,2.37,0.04,False,2026-09-11,0.11163447951012717,0.07107394826234659,0.040560531247780585,0.08568135245901631,315300000.0,0.413135593220339,2026-06-30,255500000.0,2.36,0.1291866028708134,1.2876,False,True,Industrials,Building Products & Equipment,6925608960.0,,0.04,,,
AXICY,1.5,2026-01-02,2026-09-11,37,10.68,12.49,9.02,1.38,-0.08,,,0.0485,0.0827,0.622,,0.48,False,-0.074,55.2,0,34,0.0387,0.0344,0.8,0.49,,0.0,False,2026-09-11,0.09700475166374911,0.2206037557065228,-0.12359900404277369,,12055712000.0,0.49343104015524786,2026-06-30,13826040000.0,,,,,True,Utilities,Utilities - Renewable,24369459200.0,,,,,
AXICY,2.0,2026-01-02,2026-09-11,37,10.68,12.49,9.02,1.38,-0.08,,,0.0485,0.0827,0.622,,0.48,False,-0.074,55.2,0,34,0.0387,0.0344,0.8,0.49,,0.0,False,2026-09-11,0.09700475166374911,0.2206037557065228,-0.12359900404277369,,12055712000.0,0.49343104015524786,2026-06-30,13826040000.0,,,,,True,Utilities,Utilities - Renewable,24369459200.0,,,,,
AXON,2.0,2025-11-07,2026-09-11,45,478.85,636.04,345.94,1.84,-0.15,-0.59,True,0.1442,0.1576,0.489,0.0846,0.46,True,0.285,46.1,1,22,0.0895,0.0927,0.62,0.94,1.7,0.02,False,2026-09-11,0.35278622905504253,0.33747657931226427,0.015309649742778264,0.3460078859670763,199553000.0,0.6042167695538092,2026-06-30,133192000.0,0.57,-0.7311320754716982,90.0,False,True,Industrials,Aerospace & Defense,38940344320.0,,0.0528,,,
AXP,1.5,2025-04-25,2026-09-11,73,320.71,379.47,261.35,1.45,0.28,-0.17,True,0.0615,0.0842,0.644,0.0367,0.5,True,0.086,45.0,2,72,0.0212,0.016,0.34,0.95,1.68,0.0,False,2026-09-11,0.08337932072442689,0.1028363175408018,-0.019456996816374916,0.09380326034633057,11445000000.0,0.8591340588099097,2026-06-30,15052000000.0,4.53,0.11029411764705886,2.7211,False,True,Financial Services,Credit Services,219266351104.0,,0.0199,,,
AYI,1.5,2025-05-02,2026-09-11,72,316.25,372.61,251.97,1.48,0.23,-0.24,True,0.083,0.1087,0.528,0.0431,0.53,True,0.187,47.3,2,71,0.022,0.0271,0.27,0.81,1.93,0.06,False,2026-09-11,0.016460207025284168,0.0490907284110107,-0.03263052138572653,0.10499424294761073,472300000.0,0.5061769616026711,2026-05-31,639400000.0,4.97,-0.02929687500000007,2.686,False,True,Industrials,Electrical Equipment & Parts,9548241920.0,,0.0398,,,
AZN,1.5,2025-07-25,2026-09-11,60,159.64,207.08,141.87,1.46,0.3,-0.16,True,0.0626,0.0913,0.717,0.0327,0.27,False,-0.101,39.6,0,59,0.0195,0.0303,0.31,1.48,1.91,0.02,False,2026-09-11,0.06412118696825075,0.12511039152193115,-0.0609892045536804,0.08610467071379269,10446000000.0,0.8359984399375975,2026-06-30,8739931927.0,2.63,1.1039999999999999,5.2,False,True,Healthcare,Drug Manufacturers - General,248406982656.0,,0.0019,,,
AZO,1.5,2024-07-12,2026-09-11,114,2881.47,4322.15,2881.47,1.5,0.08,-0.11,False,0.0838,0.1023,0.561,0.0299,0.0,False,-0.096,35.9,1,0,0.0099,0.0208,0.12,1.23,2.8,0.02,False,2026-09-11,0.08435985708074578,0.08149924645977791,0.002860610620967874,0.05740493335616059,2478125000.0,0.521503837056776,2026-05-31,1633222000.0,38.07,0.07664027149321269,5.2568,False,True,Consumer Cyclical,Auto Parts,48418230272.0,,0.0299,,,
B,1.5,2025-11-14,2026-09-11,44,43.46,50.33,34.8,1.45,-0.17,0.03,True,0.0677,0.0933,0.591,0.0524,0.56,False,-0.001,54.3,0,8,0.0464,0.0828,0.69,0.77,1.29,0.0,False,2026-09-11,0.4376528117359413,0.6670926517571885,-0.22943984002124718,0.494140625,6527000000.0,0.5474300831443688,2026-06-30,5553081513.0,0.82,0.7446808510638298,1.2346,False,True,Basic Materials,Gold,71892230144.0,,,,,
B,2.0,2025-08-22,2026-09-11,56,43.46,50.33,25.52,1.97,0.4,0.09,True,0.0977,0.15,0.696,0.0515,0.72,False,-0.001,54.3,1,55,0.0464,0.0828,0.47,0.77,1.9,0.0,False,2026-09-11,0.4376528117359413,0.6670926517571885,-0.22943984002124718,0.494140625,6527000000.0,0.5474300831443688,2026-06-30,5553081513.0,0.82,0.7446808510638298,1.2346,False,True,Basic Materials,Gold,71892230144.0,,,,,
BA,1.5,2025-04-25,2026-09-11,73,204.8,252.15,177.95,1.42,0.18,-0.33,True,0.0523,0.0718,0.74,0.0582,0.36,False,-0.001,43.5,1,72,0.0167,0.0292,0.32,0.85,0.9,0.03,False,2026-09-11,0.07960789485252096,0.13956709068526885,-0.05995919583274789,0.24782614467587982,2435000000.0,0.09828990228013029,2026-06-30,-210000000.0,-0.76,0.3870967741935484,-123.5294,False,False,Industrials,Aerospace & Defense,166211829760.0,,0.0001,,,
BA-P-A,1.5,2025-04-11,2026-09-11,75,63.68,79.7,54.35,1.47,0.1,-0.13,,0.0474,0.0685,0.787,0.0571,0.37,False,-0.028,41.4,1,74,0.0146,0.0254,0.31,1.91,0.83,0.0,False,2026-09-11,,,,,,,,,,,,,,,,,,,,,
BABA,2.0,2025-01-31,2026-09-11,85,108.56,186.32,94.81,1.97,0.03,-0.15,True,0.1058,0.1593,0.612,0.0524,0.15,False,-0.108,40.9,0,11,0.0444,0.0539,0.42,0.7,2.02,0.0,False,2026-09-11,0.08294605737082672,0.029291109475838795,0.053654947894987925,0.04341563087364331,73527037000.0,0.37996229718352464,2026-06-30,-77468908000.0,1.01,-0.9315254237288135,-43.2584,False,False,Consumer Cyclical,Internet Retail,271678668800.0,,0.0173,,,
BALL,1.5,2023-11-03,2026-09-11,150,59.74,67.73,46.35,1.46,-0.07,-0.49,True,0.0894,0.1026,0.533,0.0451,0.63,True,0.07,48.6,1,45,0.0076,0.0154,0.09,0.89,1.98,0.01,True,2026-09-11,0.2035531466425775,0.16150870406189566,0.04204444258068185,0.15651752544015496,946000000.0,0.1743807855891919,2026-06-30,827000000.0,1.03,0.14444444444444446,4.0404,False,True,Consumer Cyclical,Packaging & Containers,15855731712.0,,0.0343,,,
BAM,1.5,2024-09-13,2026-09-11,105,47.24,60.19,41.89,1.44,-0.17,0.08,True,0.0604,0.0868,0.648,0.0336,0.29,True,0.058,47.0,1,104,0.0348,0.0509,0.58,1.0,1.8,0.04,False,2026-09-11,0.5674174486238532,0.22059795004625338,0.34681949857759986,0.24200216111238793,2788427153.0,0.9252709642869862,2026-06-30,2178794019.0,0.43,0.13157894736842102,2.381,False,True,Financial Services,Asset Management,75486109696.0,,0.0585,,,
BANF,1.5,2024-07-19,2026-09-11,113,110.84,132.98,96.69,1.38,0.11,-0.11,True,0.0451,0.072,0.717,0.0358,0.39,True,0.025,47.2,1,109,0.0096,0.0095,0.21,1.01,1.26,0.05,True,2026-09-11,-0.22648060048630936,0.044089553528979586,-0.27057015401528894,-0.16706039950640306,251833000.0,0.9733268459090959,2026-06-30,245285000.0,1.96,0.059459459459459386,9.4972,False,True,Financial Services,Banks - Regional,3724730368.0,,0.0386,,,
BANR,1.5,2024-07-19,2026-09-11,113,70.82,74.01,50.4,1.47,0.32,-0.22,True,0.0485,0.0759,0.77,0.0407,0.86,True,0.102,59.7,2,109,0.0057,0.0092,0.12,1.6,1.19,0.03,False,2026-09-11,-0.7290353653502133,0.029987271794676973,-0.7590226371448903,-0.2212862257492707,208353000.0,0.2068626953091937,2026-06-30,285169000.0,1.44,0.06666666666666655,-2.0408,False,True,Financial Services,Banks - Regional,2612394496.0,,0.0688,,,
BBAR,2.0,2025-10-31,2026-09-11,46,15.34,21.73,13.12,1.66,0.1,-0.42,True,0.1071,0.1335,0.587,0.0784,0.26,True,0.13,45.8,0,26,0.0704,0.1219,0.66,0.94,1.37,0.0,False,2026-09-11,0.32912604987863303,0.42384087509820945,-0.09471482521957642,0.3446829812828529,337700420000.0,0.4700440468578566,2026-06-30,1813035047000.0,0.44,1.0952380952380953,25.7143,False,True,Financial Services,Banks - Regional,3041084416.0,,0.0301,,,
BBD,1.5,2025-08-29,2026-09-11,55,3.58,4.11,2.85,1.44,0.36,0.0,True,0.065,0.0896,0.582,0.0415,0.58,False,-0.043,54.3,1,54,0.0505,0.0443,0.78,0.85,1.57,0.05,False,2026-09-11,0.14185086435101169,0.26296789882292204,-0.12111703447191036,0.24016621998149512,24318943000.0,0.2740185591570484,2026-06-30,112704340000.0,0.13,0.18181818181818185,0.0,False,True,Financial Services,Banks - Regional,38054563840.0,,0.002,,,
BBIO,1.5,2025-10-31,2026-09-11,46,72.5,85.89,61.8,1.39,0.31,0.11,True,0.0637,0.0811,0.63,0.0653,0.44,True,0.118,47.9,0,44,0.0464,0.0521,0.73,0.87,0.98,0.0,False,2026-09-11,1.0118482340704564,0.6677526943489407,0.34409553972151574,1.9338413651552933,-696240000.0,0.93235928789786,2026-06-30,-592121000.0,-0.78,0.17894736842105258,-21.875,False,False,Healthcare,Biotechnology,14161512448.0,,0.1248,,,
BBOT,2.0,2026-02-20,2026-09-11,30,5.52,10.42,5.52,1.89,-0.29,-0.6,,0.0431,0.1052,0.8,0.0748,0.0,False,-0.028,32.6,1,0,0.0191,0.0549,0.44,0.98,0.58,0.0,False,2026-09-11,,,,,-182114000.0,,2026-06-30,-193815450.0,-0.71,0.9858931055036757,-29.0909,False,False,Healthcare,Biotechnology,396862592.0,,0.2169,,,
BBSI,1.5,2025-10-31,2026-09-11,46,32.86,40.06,27.36,1.46,-0.08,-0.43,True,0.0747,0.1056,0.522,0.0336,0.43,True,0.167,46.0,0,26,0.0224,0.0466,0.3,0.98,2.22,0.0,False,2026-09-11,0.03774008067425738,0.04935296651012089,-0.011612885835863507,0.05588745631903391,35082000.0,0.20313341769297266,2026-06-30,15524000.0,0.52,-0.25714285714285706,-7.1429,False,True,Industrials,Staffing & Employment Services,808243200.0,,0.0436,,,
BBSI,2.0,2023-11-10,2026-09-11,149,32.86,48.3,25.5,1.89,0.26,0.07,True,0.14,0.1601,0.604,0.0319,0.32,True,0.167,46.0,1,148,0.0224,0.0466,0.16,1.01,4.39,0.03,False,2026-09-11,0.03774008067425738,0.04935296651012089,-0.011612885835863507,0.05588745631903391,35082000.0,0.20313341769297266,2026-06-30,15524000.0,0.52,-0.25714285714285706,-7.1429,False,True,Industrials,Staffing & Employment Services,808243200.0,,0.0436,,,
BBUC,1.5,2025-04-25,2026-09-11,73,26.38,36.66,24.86,1.47,0.08,-0.09,True,0.0609,0.0882,0.644,0.057,0.13,False,-0.091,31.4,1,72,0.0267,0.0499,0.44,1.98,1.07,0.03,False,2026-09-11,2.493010752688172,2.228306339267548,0.264704413420624,0.6061710702184575,-439554070.0,0.19593658611666923,2026-06-30,402000000.0,1.21,1.1607142857142854,163.0435,False,False,Industrials,Conglomerates,5425723392.0,,0.0503,,,
BBWI,1.5,2025-11-28,2026-09-11,42,17.45,23.86,16.44,1.45,-0.14,-0.66,False,0.0446,0.0914,0.619,0.0766,0.14,True,0.092,41.5,0,24,0.0135,0.0234,0.3,0.94,0.58,0.05,True,2026-09-11,-0.022595222724338337,-0.032303370786516905,0.009708148062178568,-0.02170963364993217,781000000.0,0.4570673712021136,2026-07-31,1031000000.0,0.62,0.6756756756756757,158.3333,False,True,Consumer Cyclical,Specialty Retail,3744553472.0,,0.086,,,
BCE,1.5,2024-10-04,2026-09-11,102,23.25,29.8,20.0,1.49,0.03,-0.47,False,0.0518,0.0869,0.549,0.0237,0.33,False,-0.061,50.2,2,74,0.0143,0.0327,0.28,1.01,2.19,0.01,False,2026-09-11,0.01539456647493842,0.04282289072512646,-0.02742832425018804,0.015883139913143163,6261808192.0,0.3089378238093538,2026-06-30,2655264761.0,0.47,0.021739130434782507,2.1739,False,True,Communication Services,Telecom Services,21811777536.0,,0.0038,,,
BCO,1.5,2025-08-08,2026-09-11,58,109.29,130.32,93.89,1.39,-0.18,-0.16,True,0.0435,0.074,0.724,0.0366,0.42,True,0.049,49.5,0,11,0.0223,0.0626,0.51,1.21,1.19,0.0,False,2026-09-11,0.07058823529411762,0.1029918986123366,-0.03240366331821898,0.08116530898045315,180900000.0,0.2629462041226747,2026-06-30,393600000.0,2.13,0.1899441340782122,3.9024,False,True,Industrials,Security & Protection Services,4611451904.0,,0.1844,,,
BCPC,1.5,2023-12-01,2026-09-11,146,166.67,181.43,122.86,1.48,0.31,-0.25,True,0.0495,0.07,0.685,0.0373,0.75,True,0.031,48.2,3,145,0.0305,0.0323,0.62,1.17,1.33,0.03,False,2026-09-11,0.11167782923038994,0.08059268957643928,0.031085139653950655,0.101377379732841,164414000.0,0.3650848424455188,2026-06-30,171364000.0,1.49,0.17322834645669288,6.4286,False,True,Basic Materials,Specialty Chemicals,5240427520.0,,0.0239,,,
BCRX,1.5,2026-02-20,2026-09-11,30,8.29,10.45,7.45,1.4,0.32,-0.33,True,0.0494,0.0698,0.767,0.0527,0.28,True,0.054,43.9,0,29,0.0333,0.0304,0.67,0.7,0.94,0.0,False,2026-09-11,0.33606361682981034,0.07475229156073504,0.2613113252690753,0.6871800482864758,-384673000.0,0.9824054982817869,2026-06-30,357108000.0,0.3,6.5,114.2857,False,False,Healthcare,Drug Manufacturers - Specialty & Generic,2074945024.0,,0.1343,,,
BCRX,2.0,2024-05-17,2026-09-11,122,8.29,11.04,6.13,1.8,0.36,-0.58,True,0.0967,0.137,0.672,0.0715,0.44,True,0.054,43.9,3,120,0.0333,0.0304,0.34,1.0,1.35,0.0,False,2026-09-11,0.33606361682981034,0.07475229156073504,0.2613113252690753,0.6871800482864758,-384673000.0,0.9824054982817869,2026-06-30,357108000.0,0.3,6.5,114.2857,False,False,Healthcare,Drug Manufacturers - Specialty & Generic,2074945024.0,,0.1343,,,
BDC,1.5,2025-04-25,2026-09-11,73,115.16,149.49,101.39,1.47,0.07,-0.2,True,0.0496,0.0879,0.616,0.0422,0.29,True,0.026,48.2,0,8,0.0587,0.0365,1.18,1.45,1.18,0.03,False,2026-09-11,0.11631834902796467,0.11444785320255235,0.0018704958254123216,0.09437314468789126,244142000.0,0.39141673009783284,2026-06-30,212079000.0,2.34,0.23809523809523808,14.7059,False,True,Technology,Communication Equipment,4777699840.0,,0.1388,,,
BDN,1.5,2025-10-10,2026-09-11,49,2.97,3.41,2.34,1.46,0.02,-0.56,False,0.0445,0.0739,0.673,0.0569,0.59,True,0.088,47.2,0,24,0.0146,0.0194,0.33,0.8,0.78,0.0,True,2026-09-11,0.06924549850295669,0.04516277691826587,0.024082721584690825,0.005076908026641069,-142964000.0,-0.14809184104942477,2026-06-30,51827000.0,0.13,1.866666666666667,-7.1429,True,False,Real Estate,REIT - Office,519874816.0,,0.0782,,,
BEKE,2.0,2024-04-26,2026-09-11,125,16.69,24.81,12.78,1.94,-0.0,-0.3,True,0.0705,0.1232,0.752,0.0725,0.32,True,0.006,49.5,1,110,0.0311,0.0572,0.44,0.59,0.97,0.02,False,2026-09-11,-0.059223459933851696,-0.19017078235333174,0.13094732241948004,-0.14315161167865653,4706891152.0,0.2858152191629382,2026-06-30,7295997000.0,0.35,-0.7741935483870969,40.0,False,True,Real Estate,Real Estate Services,18658197504.0,,0.0515,,,
BELFA,1.5,2026-03-13,2026-09-11,27,202.11,265.78,180.29,1.47,0.1,-0.16,True,0.0937,0.1087,0.556,0.0722,0.26,False,-0.014,44.1,0,26,0.0669,0.0584,0.71,1.22,1.3,0.04,False,2026-09-11,0.2518493871027161,0.17244708942576747,0.07940229767694862,0.2526118033647906,60398000.0,0.39854284832807274,2026-06-30,73336000.0,2.76,0.7468354430379744,20.524,False,True,Technology,Electronic Components,3013801984.0,,0.1048,,,
BEPC,1.5,2025-06-13,2026-09-11,66,30.85,42.68,29.86,1.43,0.17,-0.02,True,0.0884,0.0977,0.5,0.0451,0.08,False,-0.114,35.6,0,64,0.0218,0.043,0.25,1.41,1.96,0.0,False,2026-09-11,0.13025210084033612,0.3354113638368248,-0.20515926299648868,0.06926115436068958,-4727553549.0,0.578996282527881,2026-06-30,-554027530.0,-0.37,-1.176470588235294,54.878,False,False,Utilities,Utilities - Renewable,5712232960.0,,0.0113,,,
BETA,2.0,2026-01-16,2026-09-11,35,19.89,27.81,14.1,1.97,0.09,,,0.0803,0.1727,0.457,,0.42,True,0.216,48.5,0,24,0.1081,0.065,1.35,1.67,,0.0,False,2026-09-11,0.8834564728557661,0.30202377128172175,0.5814327015740444,0.9439049765909484,-858235000.0,0.5472097148314914,2026-06-30,-421528000.0,-0.64,0.9749706687524442,-8.4746,False,False,Industrials,Aerospace & Defense,5132508672.0,,0.0625,,,
BF-A,1.5,2025-03-14,2026-09-11,79,26.98,34.14,22.94,1.49,-0.35,-0.66,False,0.053,0.0822,0.734,0.0389,0.36,True,0.02,48.2,2,25,0.0288,0.0276,0.54,0.74,1.36,0.01,False,2026-09-11,-0.01406926406926412,0.020134228187919545,-0.034203492257183665,-0.008358662613981771,721000000.0,0.6026344676180022,2026-07-31,925000000.0,0.383,0.0656649972175849,,False,True,Consumer Defensive,Beverages - Wineries & Distilleries,12224143360.0,,0.0182,,,
BF-B,1.5,2025-05-23,2026-09-11,69,26.59,32.28,22.41,1.44,-0.16,-0.66,False,0.0436,0.0648,0.884,0.0413,0.42,True,0.023,48.5,2,25,0.0281,0.0325,0.64,0.52,1.06,0.03,False,2026-09-11,-0.01406926406926412,0.020134228187919545,-0.034203492257183665,-0.008358662613981771,721000000.0,0.6026344676180022,2026-07-31,925000000.0,0.38,0.05555555555555561,2.7027,False,True,Consumer Defensive,Beverages - Wineries & Distilleries,12031420416.0,,0.1254,,,
BFAM,1.5,2026-01-30,2026-09-11,33,64.27,92.63,62.17,1.49,-0.36,-0.56,False,0.0573,0.0945,0.697,0.0388,0.07,False,-0.028,36.4,0,14,0.0239,0.0273,0.42,0.78,1.48,0.0,False,2026-09-11,0.06507647935262528,0.07016244269578853,-0.005085963343163247,0.08461005855196246,175035000.0,0.24104761684749826,2026-06-30,233743000.0,1.19,0.11214953271028026,7.2072,False,True,Consumer Cyclical,Personal Services,3167131136.0,,0.0538,,,
BH-A,2.0,2025-06-06,2026-09-11,67,1792.06,2434.13,1246.84,1.95,0.39,-0.04,True,0.0949,0.1462,0.657,0.0523,0.46,True,0.185,48.7,1,65,0.0124,0.0144,0.13,1.53,1.81,0.0,False,2026-09-11,0.07856369075423131,0.02573788604198457,0.05282580471224674,0.07539185950325566,-29749000.0,0.4126460506431757,2026-06-30,49941000.0,12.7193,-0.2250802683124462,,False,False,Consumer Cyclical,Restaurants,1175822848.0,,0.1912,,,
BHF,1.5,2025-09-12,2026-09-11,53,50.84,66.01,46.54,1.42,0.12,-0.25,False,0.0379,0.0877,0.302,0.0565,0.22,False,-0.031,26.9,0,47,0.076,0.0522,2.01,1.2,0.67,0.08,False,2026-09-11,1.0531645569620252,-0.39741379310344827,1.4505783500654734,0.021788617886178807,831000000.0,0.6356350184956844,2026-06-30,-899000000.0,4.45,0.29737609329446063,-10.6426,False,False,Financial Services,Insurance - Life,2881904384.0,,0.1277,,,
BIIB,2.0,2024-07-05,2026-09-11,115,215.43,230.06,115.17,2.0,0.24,-0.64,True,0.1576,0.1817,0.53,0.0355,0.87,True,0.12,61.8,1,74,0.0248,0.0328,0.16,0.8,4.44,0.03,False,2026-09-11,0.034209034209034206,0.019251336898395754,0.014957697310638451,-0.004911473442032577,835089000.0,0.5692251458333333,2026-06-30,2968700000.0,3.6,-0.3418647166361974,18.4211,False,True,Healthcare,Drug Manufacturers - General,32084781056.0,,0.0432,,,
BILL,2.0,2025-02-07,2026-09-11,84,47.63,62.13,32.47,1.91,-0.24,-0.74,False,0.0929,0.1306,0.762,0.0758,0.51,True,0.177,56.3,0,12,0.0327,0.0835,0.35,0.98,1.23,0.0,False,2026-09-11,0.1378274105319175,0.13496288562519365,0.002864524906723842,0.13031171157619803,-11241000.0,0.8166007542671114,2026-06-30,478899999.0,0.64,0.2075471698113207,156.0,False,False,Technology,Software - Application,4029328128.0,,0.1811,,,
BIPC,1.5,2025-04-18,2026-09-11,74,36.64,48.76,33.08,1.47,0.15,-0.21,False,0.051,0.082,0.743,0.0371,0.23,False,-0.012,39.0,1,73,0.0335,0.0225,0.66,1.61,1.37,0.03,False,2026-09-11,0.08545034642032334,-0.0484391819160388,0.13388952833636214,0.02202806723152939,-351612248.0,0.6085106382978723,2026-06-30,-213485703.0,-0.1,0.8333333333333334,-126.3158,False,False,Utilities,Utilities - Regulated Gas,4552806912.0,,0.0774,,,
BJ,1.5,2024-09-13,2026-09-11,105,89.65,118.45,80.99,1.46,-0.17,-0.1,True,0.0545,0.0939,0.61,0.0306,0.23,False,-0.011,45.9,2,103,0.0312,0.0374,0.57,0.87,1.78,0.01,False,2026-09-11,0.15730506445809112,0.09857740871562015,0.05872765574247096,0.09085941863977687,594497000.0,0.17826787389993767,2026-07-31,364206000.0,1.36,0.19298245614035106,17.2414,False,True,Consumer Defensive,Discount Stores,11556530176.0,,0.0728,,,
BKD,1.5,2026-01-09,2026-09-11,36,12.2,16.51,11.01,1.5,-0.18,-0.01,True,0.0733,0.0964,0.639,0.0474,0.22,True,0.022,43.4,0,35,0.0543,0.1048,0.74,0.96,1.55,0.0,True,2026-09-11,-0.11607318585290005,-0.019508405612800872,-0.09656478024009918,-0.02301545001385108,-138313000.0,0.28635383803958625,2026-06-30,23725000.0,0.1,1.625,350.0,True,False,Healthcare,Medical Care Facilities,2899241472.0,,0.172,,,
BKE,1.5,2025-05-16,2026-09-11,70,40.29,55.81,37.58,1.49,-0.01,-0.17,True,0.0792,0.1026,0.514,0.0412,0.15,False,-0.135,34.1,1,68,0.011,0.0158,0.14,0.84,1.92,0.01,False,2026-09-11,0.046049382312248754,0.061053722424950774,-0.01500434011270202,0.062248785655745875,220837000.0,0.47846574280211124,2026-07-31,191323000.0,0.87,-0.02247191011235957,7.4074,False,True,Consumer Cyclical,Apparel Retail,2096556032.0,,0.1169,,,
BKNG,1.5,2024-09-13,2026-09-11,105,174.33,226.92,153.74,1.48,-0.11,-0.03,True,0.0813,0.1017,0.505,0.0363,0.28,True,0.13,44.2,1,17,0.0571,0.0473,0.7,0.04,2.24,0.02,False,2026-09-11,0.0814945572227126,0.16169676606467864,-0.08020220884196605,0.12851148851148841,7209000000.0,1.0,2026-06-30,9539000000.0,2.54,0.14414414414414406,3.6735,False,True,Consumer Cyclical,Travel Services,130680094720.0,,0.0269,,,
BKR,1.5,2026-01-02,2026-09-11,37,59.4,68.64,46.63,1.47,0.29,-0.06,True,0.0536,0.0827,0.676,0.0465,0.58,False,-0.063,49.7,0,36,0.0261,0.0495,0.49,0.82,1.15,0.0,False,2026-09-11,-0.024312590448625215,0.024894974327057673,-0.04920756477568289,0.004201528487087547,3097000000.0,0.23390685256600416,2026-06-30,3128000000.0,0.64,0.015873015873015886,25.4902,False,True,Energy,Oil & Gas Equipment & Services,58627330048.0,,0.0308,,,
BKTI,1.5,2025-11-28,2026-09-11,42,71.31,95.98,63.99,1.5,0.09,-0.2,True,0.0529,0.0896,0.81,0.1123,0.23,False,-0.087,40.3,0,41,0.0319,0.0551,0.6,0.74,0.47,0.0,False,2026-09-11,0.1062603354594851,0.11750813477485034,-0.011247799315365237,0.15704874498889265,13593000.0,0.5186213376612283,2026-06-30,19645000.0,0.88,-0.3230769230769231,1.1494,False,True,Technology,Communication Equipment,273921504.0,,0.0559,,,
BKTI,2.0,2025-08-15,2026-09-11,57,71.31,95.98,63.08,1.52,0.37,0.18,True,0.0649,0.1012,0.754,0.0854,0.25,False,-0.087,40.3,1,42,0.0319,0.0551,0.49,0.71,0.76,0.0,False,2026-09-11,0.1062603354594851,0.11750813477485034,-0.011247799315365237,0.15704874498889265,13593000.0,0.5186213376612283,2026-06-30,19645000.0,0.88,-0.3230769230769231,1.1494,False,True,Technology,Communication Equipment,273921504.0,,0.0559,,,
BKV,1.5,2025-10-31,2026-09-11,46,24.96,31.42,23.59,1.33,-0.33,-0.11,True,0.0555,0.0768,0.587,0.0647,0.17,False,-0.097,46.1,0,45,0.02,0.03,0.36,1.02,0.86,0.02,False,2026-09-11,1.279073752233618,0.6816853255863389,0.5973884266472791,0.7294646346228997,267107000.0,1.0,2026-06-30,-178170000.0,0.46,0.1794871794871795,43.75,False,False,Energy,Oil & Gas E&P,2651678720.0,,0.1425,,,
BLKB,2.0,2026-01-30,2026-09-11,33,44.22,53.7,27.04,1.99,-0.25,-0.69,False,0.2062,0.2012,0.394,0.0452,0.64,True,0.11,55.0,0,12,0.0384,0.136,0.19,0.95,4.56,0.0,False,2026-09-11,0.030376201113356815,0.0415061347875052,-0.011129933674148385,0.0064341039063950944,150678000.0,0.6130930463838237,2026-06-30,278514000.0,0.83,-0.3140495867768595,5.0633,False,True,Technology,Software - Application,2064341504.0,,0.1258,,,
BLTE,1.5,2025-11-28,2026-09-11,42,175.07,193.61,137.3,1.41,-0.02,0.14,True,0.0562,0.0873,0.595,0.0691,0.67,True,0.034,58.7,0,16,0.0367,0.0439,0.65,1.0,0.81,0.02,False,2026-09-11,,,,,-102364000.0,,2026-06-30,,-0.7,-0.3999999999999999,4.1096,False,,Healthcare,Biotechnology,6998895616.0,,0.05,,,
BLTE,2.0,2025-10-31,2026-09-11,46,175.07,193.61,105.9,1.83,0.23,0.14,True,0.0609,0.1185,0.739,0.0696,0.79,True,0.034,58.7,0,45,0.0367,0.0439,0.6,1.06,0.88,0.02,False,2026-09-11,,,,,-102364000.0,,2026-06-30,,-0.7,-0.3999999999999999,4.1096,False,,Healthcare,Biotechnology,6998895616.0,,0.05,,,
BMA,2.0,2025-10-17,2026-09-11,48,78.83,101.08,50.74,1.99,0.14,-0.52,True,0.0887,0.133,0.646,0.0816,0.56,True,0.119,47.7,0,47,0.0483,0.066,0.54,1.0,1.09,0.0,False,2026-09-11,0.04096421213788104,0.702600912559562,-0.661636700421681,0.019000135580401034,311302918382.0,0.5892558411846305,2026-06-30,1187739048000.0,2.29,-0.999136881541703,44.0252,False,True,Financial Services,Banks - Regional,4975735296.0,,0.0209,,,
BMNR,2.0,2026-01-30,2026-09-11,33,24.2,25.1,13.56,1.85,-0.15,-0.9,True,0.1249,0.157,0.576,4.992,0.92,False,-0.072,57.5,0,11,0.1525,0.1331,1.22,0.82,0.03,0.0,False,2026-09-11,21.679466785193505,6.276156533910804,15.4033102512827,10.222998292173342,-8754741609.0,0.8769528312023208,2026-05-31,-294559868.0,-0.13,0.5806451612903225,-285.7143,False,False,Financial Services,Capital Markets,15098756096.0,,0.0691,,,
BN,1.5,2025-04-11,2026-09-11,75,38.05,47.65,32.15,1.48,0.27,-0.21,True,0.0404,0.0797,0.453,0.0432,0.38,False,-0.032,33.8,1,74,0.0266,0.0275,0.66,0.82,0.94,0.0,False,2026-09-11,0.0661222804844328,0.025112777195720026,0.04100950328871278,0.022323898101898054,1417343852.0,0.10661746122310198,2026-06-30,-9294330069.0,0.66,-0.24999999999999997,3.125,False,False,Financial Services,Asset Management,85320474624.0,,,,,
BNTC,1.5,2025-11-07,2026-09-11,45,12.22,14.08,10.27,1.37,0.02,-0.38,True,0.0543,0.0772,0.644,0.0792,0.51,True,0.092,49.5,1,24,0.0439,0.0326,0.81,0.81,0.69,0.0,False,2026-09-11,,,,-93.66666666666667,-48884000.0,,2026-03-31,-20594960.0,-0.24,0.0,14.2857,False,False,Healthcare,Biotechnology,418779328.0,,0.1141,,,
BOOM,2.0,2024-11-08,2026-09-11,97,6.57,9.27,4.73,1.96,-0.32,-0.83,False,0.103,0.1385,0.691,0.0663,0.41,True,0.057,48.3,1,26,0.0376,0.043,0.37,0.54,1.55,0.01,True,2026-09-11,0.009428440962910178,-0.14875384518802182,0.158182286150932,-0.05159785661254401,-18617000.0,0.21888718278720382,2026-06-30,10924000.0,0.04,-0.6666666666666666,126.6667,False,False,Industrials,Conglomerates,130640432.0,,0.0108,,,
BOOT,1.5,2026-02-13,2026-09-11,31,140.68,199.76,135.16,1.48,-0.33,-0.34,True,0.0517,0.0861,0.71,0.0706,0.09,False,-0.003,39.4,0,23,0.0464,0.0373,0.9,1.0,0.73,0.0,False,2026-09-11,0.1774526005471495,0.18733705198248374,-0.00988445143533423,0.17648591589955753,242584000.0,0.4041886051742584,2026-06-30,116404000.0,2.29,0.3160919540229885,35.503,False,True,Consumer Cyclical,Apparel Retail,4372828672.0,,0.1198,,,
BOOT,2.0,2025-04-25,2026-09-11,73,140.68,204.71,102.59,2.0,0.02,-0.39,True,0.0704,0.1151,0.699,0.0662,0.37,False,-0.003,39.4,2,72,0.0464,0.0373,0.66,1.01,1.06,0.0,False,2026-09-11,0.1774526005471495,0.18733705198248374,-0.00988445143533423,0.17648591589955753,242584000.0,0.4041886051742584,2026-06-30,116404000.0,2.29,0.3160919540229885,35.503,False,True,Consumer Cyclical,Apparel Retail,4372828672.0,,0.1198,,,
BORR,2.0,2025-11-28,2026-09-11,42,4.37,6.26,3.31,1.89,-0.0,-0.51,False,0.1128,0.1616,0.548,0.0963,0.36,False,-0.221,46.6,0,41,0.0273,0.0298,0.24,0.6,1.17,0.02,False,2026-09-11,-0.13223757937990288,0.14035087719298245,-0.27258845657288533,0.027098078867543007,-240600000.0,0.24623331898407233,2026-06-30,-146425360.0,-0.22,-2.571428571428571,-100.0,False,False,Energy,Oil & Gas Drilling,1317349376.0,,0.1324,,,
BOW,2.0,2024-05-24,2026-09-11,121,33.62,42.15,21.67,1.95,-0.17,,True,0.1329,0.1579,0.628,,0.58,True,0.269,68.8,3,25,0.0031,0.0626,0.02,1.76,,0.06,False,2026-09-11,0.23030544209514647,0.2610905654844333,-0.03078512338928685,0.24850457013124005,62167000.0,0.40835606657024115,2026-06-30,326968000.0,0.48,0.29729729729729726,2.1277,False,True,Financial Services,Insurance - Property & Casualty,1109190912.0,,0.0306,,,
BR,1.5,2026-01-23,2026-09-11,34,168.24,203.76,136.76,1.49,-0.33,-0.47,False,0.0827,0.1052,0.441,0.0265,0.47,True,0.033,51.5,0,12,0.0465,0.0996,0.56,0.93,3.12,0.0,False,2026-09-11,0.07591749782124535,0.07832422586520948,-0.0024067280439641348,0.08562677814550312,1124300000.0,0.3838088380883809,2026-06-30,1312200000.0,3.82,0.07605633802816902,1.8667,False,True,Technology,Information Technology Services,19126018048.0,,0.0294,,,
BRBS,1.5,2025-06-27,2026-09-11,64,4.11,4.11,2.76,1.49,0.38,-0.63,True,0.0512,0.0796,0.781,0.05,1.0,True,0.075,74.0,0,58,0.0382,0.0362,0.75,1.95,1.02,0.03,False,2026-09-11,-0.19357556608741444,-0.17398886054864404,-0.0195867055387704,-0.1408350580967419,10480000.0,0.5117866004962779,2026-06-30,21792000.0,0.01,,,False,True,Financial Services,Banks - Regional,366822016.0,,0.0474,,,
BROS,2.0,2024-11-08,2026-09-11,97,43.44,81.97,43.44,1.89,-0.15,0.03,False,0.0955,0.1337,0.722,0.0698,0.0,True,0.098,34.7,1,0,0.0631,0.1275,0.66,0.98,1.37,0.01,False,2026-09-11,0.32475656124267394,0.3076429247195567,0.01711363652311726,0.2964910262864826,92372000.0,0.2742229749968685,2026-06-30,95035000.0,0.28,0.07692307692307698,3.7037,False,True,Consumer Cyclical,Restaurants,7699903488.0,,0.4153,,,
BSBR,1.5,2025-08-08,2026-09-11,58,5.88,6.79,4.59,1.48,0.22,-0.16,True,0.0692,0.0917,0.603,0.0369,0.59,False,-0.012,57.0,0,57,0.0121,0.0511,0.17,4.14,1.88,0.03,False,2026-09-11,0.1252012841454051,0.06727710446488011,0.05792417968052499,1.5739110962502032,30008241000.0,0.243124102285859,2026-06-30,36167705000.0,0.1573,-0.07470588235294127,-21.35,False,True,Financial Services,Banks - Regional,45074915328.0,,0.006,,,
BTU,2.0,2025-09-19,2026-09-11,52,29.03,39.25,21.25,1.85,-0.3,-0.24,True,0.1106,0.1557,0.596,0.0782,0.43,False,-0.125,56.4,0,6,0.0915,0.0634,0.83,0.64,1.41,0.0,False,2026-09-11,0.12706437478934962,0.03874066168623269,0.08832371310311693,-0.006760437818830178,-182700000.0,-0.07177033393141946,2026-06-30,452500000.0,-0.74,-9.222222222222221,-138.7097,False,False,Energy,Thermal Coal,3438798848.0,,0.1382,,,
BV,2.0,2024-03-08,2026-09-11,132,11.0,18.57,9.9,1.88,-0.19,-0.27,False,0.0873,0.1245,0.788,0.0479,0.13,True,0.047,36.6,1,131,0.0228,0.1135,0.26,1.03,1.82,0.02,False,2026-09-11,0.013130029648454,0.06082100814971314,-0.04769097850125914,0.01452497406254638,11400000.0,0.2116778149386845,2026-06-30,-24500000.0,0.13,-0.5666666666666667,-50.0,False,False,Industrials,Specialty Business Services,1036193984.0,,0.302,,,
BVN,1.5,2026-01-09,2026-09-11,36,33.85,42.44,29.44,1.44,-0.23,0.03,True,0.0483,0.0796,0.639,0.0509,0.34,False,-0.04,53.4,0,25,0.0224,0.0663,0.46,0.66,0.95,0.0,False,2026-09-11,0.4317125056159705,1.0296109500721426,-0.5978984444561721,0.6910287933756656,1125788104.0,0.4813683382735467,2026-06-30,656220190.0,0.94,1.5405405405405403,-5.0505,False,True,Basic Materials,Other Precious Metals & Mining,8645712896.0,,0.0227,,,
BWIN,2.0,2025-08-29,2026-09-11,55,29.39,31.9,16.5,1.93,-0.08,-0.7,False,0.1389,0.167,0.545,0.054,0.84,True,0.329,57.8,0,30,0.036,0.0683,0.26,1.04,2.57,0.0,False,2026-09-11,0.31692010942742943,0.3028083685613505,0.014111740866078915,0.20489350490875813,-81242000.0,-0.01692501506271567,2026-06-30,43707000.0,0.28,-0.33333333333333326,0.0,False,False,Financial Services,Insurance Brokers,2871263744.0,,0.1366,,,
BWMN,2.0,2025-04-11,2026-09-11,75,42.51,44.05,22.23,1.98,0.17,-0.45,True,0.1244,0.1805,0.56,0.0719,0.93,True,0.072,69.7,0,73,0.0054,0.1325,0.04,2.43,1.73,0.04,True,2026-09-11,0.19686296994020802,0.11996705953192666,0.07689591040828136,0.14155646333864147,7074000.0,0.5320102651839179,2026-06-30,11939000.0,0.14,-0.7454545454545455,-44.0,False,True,Industrials,Engineering & Construction,735297728.0,,0.0451,,,
BWXT,2.0,2025-05-23,2026-09-11,69,152.49,235.09,118.64,1.98,0.37,-0.1,True,0.1111,0.1448,0.739,0.0472,0.29,False,-0.166,34.2,0,68,0.0508,0.0827,0.46,0.87,2.35,0.01,False,2026-09-11,0.18007719501229658,0.2621251784515535,-0.0820479834392569,0.22701918646055885,355298000.0,0.2243782060169139,2026-06-30,316762000.0,1.07,0.049019607843137296,5.9406,False,True,Industrials,Aerospace & Defense,13754292224.0,,0.041,,,
BX,1.5,2026-01-23,2026-09-11,34,125.41,145.9,104.73,1.39,0.35,-0.44,True,0.0528,0.0904,0.529,0.0427,0.5,True,0.115,47.1,0,26,0.0513,0.0389,0.97,0.79,1.24,0.0,True,2026-09-11,0.28485223201056065,0.39319931195036273,-0.10834707993980208,0.28636698595125876,3519036000.0,0.9876525477942726,2026-06-30,4415305000.0,1.52,0.25619834710743805,14.2857,False,True,Financial Services,Asset Management,153607716864.0,,0.0288,,,
BX,2.0,2023-11-17,2026-09-11,148,125.41,187.21,96.25,1.94,0.15,-0.22,True,0.1167,0.1543,0.588,0.0568,0.32,True,0.115,47.1,1,147,0.0513,0.0389,0.44,1.03,2.05,0.0,False,2026-09-11,0.28485223201056065,0.39319931195036273,-0.10834707993980208,0.28636698595125876,3519036000.0,0.9876525477942726,2026-06-30,4415305000.0,1.52,0.25619834710743805,14.2857,False,True,Financial Services,Asset Management,153607716864.0,,0.0288,,,
BXC,2.0,2025-02-21,2026-09-11,82,79.75,89.88,45.34,1.98,-0.35,-0.65,False,0.1318,0.1605,0.598,0.0665,0.77,True,0.332,59.1,2,25,0.0592,0.1702,0.45,1.62,1.98,0.0,False,2026-09-11,0.043545308528189164,0.030911162309334328,0.012634146218854836,0.021254331992652142,-1948000.0,0.17161398737465866,2026-06-30,58023000.0,0.82,0.17142857142857143,105.0,False,False,Industrials,Industrial Distribution,626930944.0,,0.0624,,,
BXP,1.5,2024-11-15,2026-09-11,96,63.72,75.24,50.21,1.5,-0.21,-0.39,True,0.0481,0.0872,0.688,0.0492,0.54,True,0.191,47.5,0,24,0.0147,0.0184,0.31,0.83,0.98,0.03,False,2026-09-11,0.03136827730100622,0.008013037221962227,0.023355240079043993,0.018827919697983697,296914000.0,0.08075704003242161,2026-06-30,360754000.0,1.78,2.1785714285714284,4.0936,False,True,Real Estate,REIT - Office,11702768640.0,,0.0935,,,
BZ,1.5,2026-01-09,2026-09-11,36,16.41,19.27,13.0,1.48,-0.31,-0.47,False,0.0793,0.1274,0.333,0.0647,0.54,True,0.121,54.3,0,10,0.0297,0.0619,0.37,1.33,1.23,0.06,False,2026-09-11,0.14087012523110132,0.06915425183163948,0.07171587339946184,0.12057891059158021,4595613225.0,0.8697483493516851,2026-06-30,4513100000.0,0.27,-0.8708133971291866,8.0,False,True,Communication Services,Internet Content & Information,7364429312.0,,0.0633,,,
BZ,2.0,2024-09-20,2026-09-11,104,16.41,24.37,12.46,1.96,0.02,-0.51,False,0.1558,0.1877,0.462,0.065,0.33,True,0.121,54.3,0,103,0.0297,0.0619,0.19,1.33,2.4,0.05,False,2026-09-11,0.14087012523110132,0.06915425183163948,0.07171587339946184,0.12057891059158021,4595613225.0,0.8697483493516851,2026-06-30,4513100000.0,0.27,-0.8708133971291866,8.0,False,True,Communication Services,Internet Content & Information,7364429312.0,,0.0633,,,
CAAP,1.5,2025-10-31,2026-09-11,46,24.78,28.52,21.08,1.35,-0.03,0.01,True,0.0377,0.0669,0.761,0.0368,0.5,False,-0.007,52.8,1,44,0.0253,0.0179,0.67,0.83,1.02,0.0,False,2026-09-11,-0.20859959774586678,0.20054129132817344,-0.4091408890740402,0.044957190205581865,278492000.0,0.23456207764674705,2026-06-30,455195000.0,0.32,0.06666666666666674,-37.2549,False,True,Industrials,Airports & Air Services,4017303296.0,,0.0541,,,
CABA,1.5,2026-02-13,2026-09-11,31,2.74,3.88,2.68,1.45,-0.11,-0.89,False,0.0598,0.101,0.419,0.1861,0.05,False,-0.088,46.6,0,24,0.0307,0.0528,0.51,1.05,0.32,0.0,False,2026-09-11,,,,-1.0,-181318000.0,,2026-06-30,-154210000.0,-0.34,0.5342465753424657,8.1081,False,False,Healthcare,Biotechnology,462859040.0,,0.2694,,,
CACI,1.5,2025-06-13,2026-09-11,66,624.01,670.54,450.68,1.49,0.35,-0.21,True,0.0901,0.1137,0.424,0.0497,0.79,True,0.047,59.8,0,65,0.0316,0.0973,0.35,1.11,1.81,0.03,True,2026-09-11,0.17573250630168946,0.08491994857363827,0.09081255772805119,0.10894461917628351,535808000.0,0.3372188182086977,2026-06-30,1277727000.0,8.91,0.060714285714285686,22.7273,False,True,Technology,Information Technology Services,13727605760.0,,0.0544,,,
CAE,1.5,2025-04-11,2026-09-11,75,23.68,34.05,22.72,1.5,-0.1,-0.15,True,0.051,0.0865,0.667,0.0475,0.08,False,-0.024,39.3,1,74,0.0307,0.0195,0.6,0.95,1.07,0.03,False,2026-09-11,0.06808665574367367,0.04291088521248243,0.025175770531191244,0.05454764321926486,287088909.0,0.2922277143344128,2026-06-30,730252758.0,0.19,-0.09523809523809519,11.7647,False,True,Industrials,Aerospace & Defense,7717940736.0,,0.0056,,,
CAL,1.5,2026-03-20,2026-09-11,26,11.88,14.64,10.39,1.41,0.22,-0.76,False,0.0648,0.0933,0.654,0.0821,0.35,True,0.006,46.5,0,24,0.0588,0.0537,0.91,0.85,0.79,0.0,False,2026-09-11,0.05608797923826048,0.08527549530217948,-0.029187516063919006,0.07322495662305539,52472000.0,0.5478076191955183,2026-07-31,61846000.0,0.47,0.34285714285714286,27.027,False,True,Consumer Cyclical,Apparel Retail,431657248.0,,0.1166,,,
CALM,1.5,2025-09-12,2026-09-11,53,73.71,107.49,72.72,1.48,-0.34,-0.35,True,0.0612,0.0818,0.528,0.0497,0.03,True,0.08,37.6,0,35,0.0547,0.0601,0.89,0.94,1.23,0.0,False,2026-09-11,-0.4993186295029801,-0.5295492299065025,0.030230600403522434,-0.3168206087212583,316682000.0,0.06164888043562844,2026-05-31,331786000.0,-0.76,-1.1078014184397162,-337.5,False,True,Consumer Defensive,Farm Products,3455309568.0,,0.1236,,,
CALM,2.0,2024-07-19,2026-09-11,113,73.71,112.73,57.65,1.96,0.06,0.03,True,0.0818,0.1327,0.805,0.0364,0.29,True,0.08,37.6,1,112,0.0547,0.0601,0.67,0.99,2.25,0.01,False,2026-09-11,-0.4993186295029801,-0.5295492299065025,0.030230600403522434,-0.3168206087212583,316682000.0,0.06164888043562844,2026-05-31,331786000.0,-0.76,-1.1078014184397162,-337.5,False,True,Consumer Defensive,Farm Products,3455309568.0,,0.1236,,,
CAMT,2.0,2025-11-28,2026-09-11,42,144.25,205.54,104.04,1.98,0.33,-0.21,True,0.1069,0.1613,0.738,0.0768,0.4,False,-0.147,47.4,0,38,0.0379,0.025,0.35,0.84,1.39,0.0,True,2026-09-11,0.08049174079810562,0.025464016588276905,0.05502772420982871,0.07937224865772663,37666000.0,0.5006041593179379,2026-06-30,,0.69,-0.12658227848101278,2.9851,False,,Technology,Semiconductor Equipment & Materials,6905489920.0,,0.0866,,,
CARG,1.5,2025-02-21,2026-09-11,82,33.3,38.99,26.29,1.48,0.28,-0.34,True,0.0739,0.0988,0.585,0.0428,0.55,True,0.074,48.2,0,75,0.0498,0.0466,0.67,0.91,1.73,0.01,False,2026-09-11,0.07237440873722933,0.08170706792563442,-0.00933265918840509,0.06009115567949497,175936000.0,0.9208155523944997,2026-06-30,309415000.0,0.55,0.17021276595744697,10.0,False,True,Communication Services,Internet Content & Information,3066354432.0,,0.1506,,,
CARL,2.0,2025-07-25,2026-09-11,60,14.76,16.88,8.94,1.89,-0.15,,,0.0837,0.1366,0.783,,0.73,True,0.263,56.9,2,22,0.0884,0.1374,1.06,1.17,,0.0,False,2026-09-11,0.5674915170073658,0.5817057611149279,-0.014214244107562113,0.6539064541416253,-36345000.0,0.7677930306230201,2026-06-30,-34203000.0,-0.39,0.7153284671532847,2.5,False,False,Healthcare,Health Information Services,402169408.0,,0.1076,,,
CARR,1.5,2025-08-01,2026-09-11,59,56.64,73.33,51.81,1.42,0.3,-0.35,False,0.0658,0.0894,0.559,0.0473,0.22,True,0.04,39.0,0,42,0.0327,0.0761,0.5,0.89,1.39,0.0,False,2026-09-11,0.03893342057909366,0.023572249904177944,0.015361170674915714,-0.0158037661932956,1220000000.0,0.2720831365139348,2026-06-30,1901000000.0,0.86,-0.06521739130434788,3.6145,False,True,Industrials,Building Products & Equipment,47365718016.0,,0.0225,,,
CARS,2.0,2025-02-28,2026-09-11,81,11.41,13.59,7.58,1.79,-0.2,-0.66,False,0.0727,0.1194,0.63,0.0464,0.64,True,0.186,51.9,1,26,0.0315,0.035,0.43,0.73,1.57,0.02,False,2026-09-11,0.006685726114614043,0.006697426043435595,-1.1699928821551353e-05,0.010849138741650277,34297000.0,0.8316882857047584,2026-06-30,149823000.0,0.41,0.2424242424242423,13.8889,False,True,Communication Services,Internet Content & Information,621514752.0,,0.1609,,,
CART,1.5,2025-02-28,2026-09-11,81,47.24,51.21,34.64,1.48,0.08,-0.34,True,0.078,0.0954,0.63,0.0509,0.76,True,0.186,54.6,3,31,0.0294,0.0499,0.38,0.81,1.53,0.05,False,2026-09-11,0.1411378555798688,0.13600891861761433,0.005128936962254471,0.12605752961082906,480000000.0,0.7200383509108341,2026-06-30,1175000000.0,0.45,0.09756097560975618,-18.1818,False,True,Consumer Cyclical,Internet Retail,11280998400.0,,0.1091,,,
CART,2.0,2024-02-09,2026-09-11,136,47.24,52.37,26.6,1.97,0.37,,True,0.0961,0.1322,0.735,0.0528,0.8,True,0.186,54.6,3,135,0.0294,0.0499,0.31,0.94,1.82,0.03,False,2026-09-11,0.1411378555798688,0.13600891861761433,0.005128936962254471,0.12605752961082906,480000000.0,0.7200383509108341,2026-06-30,1175000000.0,0.45,0.09756097560975618,-18.1818,False,True,Consumer Cyclical,Internet Retail,11280998400.0,,0.1091,,,
CAVA,2.0,2025-11-21,2026-09-11,43,54.0,95.68,48.89,1.96,0.26,-0.68,False,0.1352,0.1685,0.651,0.075,0.11,False,-0.16,37.8,0,41,0.0484,0.0934,0.36,0.84,1.8,0.02,True,2026-09-11,0.31295903640218814,0.32078257882143046,-0.007823542419242324,0.2678680352474454,66251000.0,0.2594263318459651,2026-06-30,49022000.0,0.19,0.1875,5.5556,False,True,Consumer Cyclical,Restaurants,6527130624.0,,0.1193,,,
CBLL,2.0,2025-11-14,2026-09-11,44,23.43,24.72,12.9,1.92,0.18,-0.57,True,0.0771,0.1212,0.773,0.0688,0.89,True,0.091,60.7,1,43,0.0462,0.0956,0.6,1.05,1.12,0.09,False,2026-09-11,0.32539270720316993,0.29295788394905076,0.03243482325411917,0.31704103643808357,-65997000.0,0.9231590561269887,2026-06-30,-56331000.0,-0.51,-0.34210526315789475,-13.3333,False,False,Healthcare,Medical Devices,906874496.0,,0.0762,,,
CBRE,1.5,2024-09-13,2026-09-11,105,137.99,171.59,115.95,1.48,0.37,-0.01,True,0.0729,0.0998,0.619,0.0456,0.4,True,0.049,44.7,0,74,0.0233,0.0369,0.32,0.87,1.6,0.02,False,2026-09-11,0.15103045216856348,0.18148148148148158,-0.0304510293129181,0.14531664173424663,1301000000.0,0.18581863531088544,2026-06-30,938000000.0,1.56,0.3109243697478993,6.1224,False,True,Real Estate,Real Estate Services,40688222208.0,,0.0169,,,
CBSH,1.5,2023-12-08,2026-09-11,145,58.29,64.44,44.06,1.46,0.34,-0.26,True,0.0777,0.096,0.648,0.0395,0.7,True,0.145,61.3,1,130,0.006,0.009,0.08,1.22,1.97,0.04,True,2026-09-11,-0.07135611234269401,0.13240053284418196,-0.20375664518687597,0.026217797237617413,583593000.0,0.7995642526853379,2026-06-30,1191262000.0,1.1,0.009174311926605512,5.7692,False,True,Financial Services,Banks - Regional,8354924032.0,,0.0466,,,
CBU,1.5,2024-07-12,2026-09-11,114,62.7,68.85,48.93,1.41,0.37,-0.22,True,0.0605,0.0777,0.746,0.0466,0.69,True,0.06,48.0,3,113,0.0151,0.0298,0.25,0.99,1.3,0.04,False,2026-09-11,0.08479461246796505,0.06105473094142799,0.023739881526537054,0.07106631703551525,228062000.0,0.8143745598312733,2026-06-30,231262000.0,1.16,0.17171717171717166,-2.521,False,True,Financial Services,Banks - Regional,3290598656.0,,0.051,,,
CC,2.0,2026-01-09,2026-09-11,36,15.07,27.47,14.1,1.95,-0.05,-0.5,False,0.1397,0.1766,0.5,0.0828,0.07,False,-0.232,38.0,0,35,0.0213,0.0548,0.15,0.58,1.69,0.0,False,2026-09-11,-0.014860681114551078,0.009502923976608235,-0.024363605091159313,-0.013780197346036083,-304000000.0,0.17976115650534255,2026-06-30,125000000.0,0.42,-0.27586206896551724,-2.3256,False,False,Basic Materials,Specialty Chemicals,2261999872.0,,0.1381,,,
CCC,2.0,2025-11-07,2026-09-11,45,6.85,8.45,4.32,1.96,-0.4,-0.66,False,0.1835,0.1913,0.4,0.0342,0.61,True,0.227,56.0,1,17,0.0763,0.1363,0.42,0.99,5.37,0.0,False,2026-09-11,0.09783030205297738,0.11810068968258691,-0.020270387629609532,0.11558125142307474,42353000.0,0.7366707352473149,2026-06-30,307542000.0,0.06,-0.3333333333333333,20.0,False,True,Technology,Software - Application,4058173440.0,,0.0922,,,
CCJ,1.5,2025-11-28,2026-09-11,42,97.42,124.04,85.62,1.45,-0.2,-0.16,True,0.0809,0.105,0.571,0.063,0.31,False,-0.128,47.2,0,8,0.0286,0.0341,0.35,0.83,1.28,0.0,False,2026-09-11,-0.07171067460570846,0.07085220766323119,-0.14256288226893965,-0.026951047513358417,355081593.0,0.21063393600402866,2026-06-30,534445326.0,0.13,-0.8169014084507042,-50.0,False,True,Energy,Uranium,42107330560.0,,0.0236,,,
CCL,1.5,2025-06-20,2026-09-11,65,22.47,33.45,22.47,1.49,-0.25,-0.17,True,0.0619,0.0866,0.723,0.0711,0.0,True,0.013,37.3,1,0,0.0744,0.0536,1.2,0.83,0.87,0.0,False,2026-09-11,0.052939317319848245,0.061101549053356186,-0.00816223173350794,0.05155552133066377,3069000000.0,0.25739156536094854,2026-05-31,3200000000.0,0.41,0.17142857142857143,17.1429,False,True,Consumer Cyclical,Travel Services,31159517184.0,,0.0338,,,
CCL,2.0,2025-04-11,2026-09-11,75,22.47,33.45,17.36,1.93,0.19,-0.36,True,0.0743,0.1276,0.707,0.0692,0.32,True,0.013,37.3,1,74,0.0744,0.0536,1.0,0.86,1.07,0.0,False,2026-09-11,0.052939317319848245,0.061101549053356186,-0.00816223173350794,0.05155552133066377,3069000000.0,0.25739156536094854,2026-05-31,3200000000.0,0.41,0.17142857142857143,17.1429,False,True,Consumer Cyclical,Travel Services,31159517184.0,,0.0338,,,
CCS,2.0,2024-10-25,2026-09-11,99,59.56,87.39,47.9,1.82,-0.3,-0.52,False,0.09,0.1389,0.667,0.0536,0.3,True,0.21,44.7,2,17,0.0222,0.032,0.25,0.78,1.68,0.01,True,2026-09-11,-0.07344382666949134,-0.12572517359880964,0.052281346929318295,-0.09255187053326286,133916000.0,0.16246722755053508,2026-06-30,49354000.0,1.3,-0.05109489051094895,106.3492,False,True,Real Estate,Real Estate - Development,1721327744.0,,0.0929,,,
CCU,1.5,2024-09-27,2026-09-11,103,11.65,15.01,10.15,1.48,0.02,-0.35,False,0.0615,0.1002,0.573,0.0353,0.31,True,0.004,48.0,2,95,0.0177,0.0261,0.29,0.8,1.74,0.03,False,2026-09-11,0.048088819653936854,0.0022560283081038968,0.04583279134583296,-0.03944165349644857,101964700000.0,0.41597519943344113,2026-06-30,146453880281.0,-0.12,-1.0,-250.0,False,True,Consumer Defensive,Beverages - Brewers,2155021824.0,,0.0302,,,
CDE,1.5,2026-03-13,2026-09-11,27,20.34,21.24,14.35,1.48,-0.02,-0.47,True,0.0913,0.1061,0.556,0.1219,0.87,False,-0.029,56.0,0,8,0.0822,0.13,0.9,1.57,0.75,0.0,False,2026-09-11,1.2585914906896911,1.377901583616155,-0.11931009292646388,1.1726010391660364,850407000.0,0.49359704198262333,2026-06-30,1156220000.0,0.12,-0.4000000000000001,-45.4545,False,True,Basic Materials,Gold,21154902016.0,,0.0513,,,
CDE,2.0,2025-09-05,2026-09-11,54,20.34,27.12,13.97,1.94,0.04,0.06,True,0.105,0.1515,0.63,0.1206,0.48,False,-0.029,56.0,0,42,0.0822,0.13,0.78,1.86,0.87,0.0,False,2026-09-11,1.2585914906896911,1.377901583616155,-0.11931009292646388,1.1726010391660364,850407000.0,0.49359704198262333,2026-06-30,1156220000.0,0.12,-0.4000000000000001,-45.4545,False,True,Basic Materials,Gold,21154902016.0,,0.0513,,,
CDLR,1.5,2026-01-09,2026-09-11,36,25.49,29.57,20.5,1.44,-0.01,-0.27,True,0.0639,0.0871,0.611,0.0567,0.55,False,-0.091,57.3,0,35,0.0467,0.0378,0.73,0.71,1.13,0.0,False,2026-09-11,0.23351550023384426,0.904985184958915,-0.6714696847250707,0.5749943189515219,201475506.0,0.4748728762131321,2026-06-30,-331383792.0,1.16,-0.4703196347031964,,False,False,Industrials,Engineering & Construction,2492815360.0,,0.0156,,,
CDLR,2.0,2023-12-29,2026-09-11,142,25.49,29.57,15.92,1.86,0.19,,True,0.1186,0.1433,0.627,,0.7,False,-0.091,57.3,2,42,0.0467,0.0378,0.39,1.03,,0.01,False,2026-09-11,0.23351550023384426,0.904985184958915,-0.6714696847250707,0.5749943189515219,201475506.0,0.4748728762131321,2026-06-30,-331383792.0,1.16,-0.4703196347031964,,False,False,Industrials,Engineering & Construction,2492815360.0,,0.0156,,,
CDNS,1.5,2025-04-11,2026-09-11,75,284.95,387.39,259.47,1.49,0.22,-0.2,True,0.0718,0.0951,0.707,0.05,0.2,True,0.027,37.9,0,74,0.0433,0.0596,0.6,1.21,1.44,0.01,False,2026-09-11,0.24227698498009698,0.18662294364140686,0.05565404133869012,0.14704142250181618,1377994000.0,0.8489584089378592,2026-06-30,1678694999.0,1.58,-0.04242424242424233,-2.4691,False,True,Technology,Software - Application,79690465280.0,,0.0212,,,
CDRE,1.5,2026-03-13,2026-09-11,27,28.77,34.14,27.93,1.22,0.01,-0.37,False,0.0298,0.0519,0.63,0.0482,0.14,False,-0.004,40.0,0,11,0.0497,0.0336,1.67,0.9,0.62,0.07,False,2026-09-11,0.31835859180568904,0.19463360644397643,0.12372498536171261,0.1974146316758265,36062000.0,0.42068595927116825,2026-06-30,78122000.0,0.26,-0.1875,-10.3448,False,True,Industrials,Aerospace & Defense,1223816576.0,,0.0705,,,
CE,2.0,2024-11-15,2026-09-11,96,45.72,74.39,37.87,1.96,-0.4,-0.78,False,0.1241,0.1876,0.479,0.0575,0.22,False,-0.213,43.2,1,42,0.014,0.023,0.11,0.67,2.16,0.02,False,2026-09-11,0.08688783570300163,-0.021766429468396797,0.10865426517139842,-0.022839319851091666,-1169000000.0,0.2245639534883721,2026-06-30,708000000.0,2.45,0.7013888888888891,10.8597,False,False,Basic Materials,Chemicals,5058328064.0,,0.0934,,,
CEG,1.5,2026-01-09,2026-09-11,36,285.97,341.01,238.88,1.43,-0.37,-0.38,True,0.0561,0.0791,0.694,0.0728,0.46,False,-0.057,51.2,0,10,0.0229,0.034,0.41,0.8,0.77,0.0,False,2026-09-11,0.23029011637436492,0.6384796700058928,-0.40818955363152787,0.28463800813827,3478000000.0,1.0,2026-06-30,309000000.0,2.55,0.3350785340314136,8.0508,False,True,Utilities,Utilities - Independent Power Producers,100889026560.0,,0.0365,,,
CEG,2.0,2025-04-11,2026-09-11,75,285.97,387.03,205.0,1.89,-0.15,-0.4,True,0.0896,0.1305,0.773,0.0916,0.44,False,-0.057,51.2,1,73,0.0229,0.034,0.26,0.83,0.98,0.03,False,2026-09-11,0.23029011637436492,0.6384796700058928,-0.40818955363152787,0.28463800813827,3478000000.0,1.0,2026-06-30,309000000.0,2.55,0.3350785340314136,8.0508,False,True,Utilities,Utilities - Independent Power Producers,100889026560.0,,0.0365,,,
CELC,2.0,2025-10-24,2026-09-11,47,85.49,138.23,70.97,1.95,0.02,0.27,True,0.0974,0.1502,0.723,0.2741,0.22,False,-0.209,42.5,0,46,0.0396,0.0461,0.41,0.83,0.36,0.02,False,2026-09-11,,,,0.2691191983122363,-226482000.0,,2026-06-30,-192156000.0,-1.44,-0.5483870967741934,-33.3333,False,False,Healthcare,Biotechnology,4083367680.0,,0.3277,,,
CENTA,1.5,2024-05-17,2026-09-11,122,34.31,39.73,26.76,1.48,0.15,-0.33,True,0.054,0.0867,0.713,0.0401,0.58,True,0.114,44.0,3,48,0.0148,0.0137,0.27,1.09,1.35,0.03,False,2026-09-11,-0.0817462142774632,0.08711670867639953,-0.16886292295386274,-0.011636421904418492,166312000.0,0.3591700458541959,2026-06-30,345632000.0,1.54,-0.012820512820512832,1.9868,False,True,Consumer Defensive,Packaged Foods,2173840896.0,,0.0371,,,
CENX,2.0,2025-12-19,2026-09-11,39,44.36,66.96,36.21,1.85,0.03,0.1,True,0.0941,0.1525,0.667,0.087,0.27,False,-0.231,45.1,0,38,0.0217,0.0333,0.23,0.72,1.08,0.0,False,2026-09-11,0.1974207928673779,0.024136299100804504,0.1732844937665734,0.09671052631578947,603500000.0,0.3030182156628108,2026-06-30,151200000.0,2.39,48.8,-0.4167,True,True,Basic Materials,Aluminum,4360654848.0,,0.1482,,,
CEPO,1.5,2025-01-10,2026-09-11,88,10.76,12.51,10.05,1.24,-0.11,,,0.0114,0.0571,0.136,,0.29,True,0.01,63.9,2,87,0.0047,0.0028,0.41,1.35,,0.29,False,2026-09-11,,,,,-7244130.0,,2026-06-30,0.0,0.08,0.0,,False,False,Financial Services,Shell Companies,274252512.0,,0.0005,,,
CEPO,2.0,2025-01-10,2026-09-11,88,10.76,12.51,10.05,1.24,-0.11,,,0.0114,0.0571,0.136,,0.29,True,0.01,63.9,2,87,0.0047,0.0028,0.41,1.35,,0.29,False,2026-09-11,,,,,-7244130.0,,2026-06-30,0.0,0.08,0.0,,False,False,Financial Services,Shell Companies,274252512.0,,0.0005,,,
CEPU,2.0,2025-10-17,2026-09-11,48,14.48,17.55,9.45,1.86,-0.09,-0.4,True,0.0554,0.1087,0.562,0.0697,0.62,False,-0.046,50.1,0,46,0.05,0.0345,0.9,0.65,0.79,0.02,False,2026-09-11,2.2473683061061487,0.630568077036376,1.6168002290697727,1.0443047389330973,479035665000.0,0.2897525133917526,2026-06-30,63587762000.0,1.4,-0.9754385964912281,400.0,False,True,Utilities,Utilities - Regulated Electric,2119305600.0,,0.0031,,,
CERT,2.0,2026-01-30,2026-09-11,33,7.42,8.79,4.48,1.96,0.27,-0.77,False,0.1208,0.1617,0.576,0.086,0.68,True,0.297,51.0,0,17,0.028,0.0786,0.23,0.97,1.4,0.0,False,2026-09-11,-0.10805202256861435,0.008594015320176673,-0.11664603788879102,0.006641939101181826,-68403000.0,0.6234413697719549,2026-06-30,61640000.0,0.05,-0.28571428571428575,-16.6667,False,False,Healthcare,Health Information Services,1151667840.0,,0.2975,,,
CGNT,1.5,2026-03-06,2026-09-11,28,8.08,11.57,7.75,1.49,-0.06,-0.31,True,0.0494,0.0984,0.5,0.0574,0.09,False,-0.076,44.1,0,24,0.0362,0.0331,0.73,0.98,0.86,0.0,False,2026-09-11,0.12023012316306536,0.10409427722191977,0.016135845941145588,0.11988602263613823,-59000.0,0.7290112324578668,2026-07-31,34381750.0,0.08,0.0,700.0,False,False,Technology,Software - Infrastructure,592238848.0,,0.0097,,,
CGNT,2.0,2024-01-19,2026-09-11,139,8.08,11.57,5.94,1.95,0.34,-0.52,True,0.0881,0.129,0.77,0.0713,0.38,False,-0.076,44.1,2,138,0.0362,0.0331,0.41,2.16,1.24,0.0,False,2026-09-11,0.12023012316306536,0.10409427722191977,0.016135845941145588,0.11988602263613823,-59000.0,0.7290112324578668,2026-07-31,34381750.0,0.08,0.0,700.0,False,False,Technology,Software - Infrastructure,592238848.0,,0.0097,,,
CHH,1.5,2025-08-01,2026-09-11,59,98.23,124.53,85.04,1.46,0.04,-0.44,False,0.0508,0.0828,0.746,0.0315,0.33,True,0.005,40.1,1,40,0.0282,0.0242,0.56,0.87,1.61,0.02,False,2026-09-11,0.033577758340505026,0.023177912635943043,0.010399845704561983,0.026499061214163122,328065000.0,0.49378122433422117,2026-06-30,221739000.0,2.02,0.052083333333333384,2.5381,False,True,Consumer Cyclical,Lodging,4402598400.0,,0.3034,,,
CHRD,2.0,2024-06-07,2026-09-11,119,151.82,157.32,81.98,1.92,-0.04,-0.51,True,0.1402,0.1845,0.471,0.0314,0.93,False,-0.019,63.6,2,75,0.0375,0.0755,0.27,1.01,4.46,0.0,False,2026-09-11,0.8403850714914955,0.370839975737564,0.46954509575393155,0.1922543761748341,848321000.0,0.4807609018334457,2026-06-30,1188524000.0,6.44,2.5977653631284916,-3.5928,False,True,Energy,Oil & Gas E&P,8314622976.0,,0.0942,,,
CHRW,1.5,2025-10-31,2026-09-11,46,152.42,207.6,141.02,1.47,0.08,0.05,True,0.078,0.0953,0.587,0.0418,0.17,False,-0.036,44.2,0,3,0.0089,0.0748,0.11,0.73,1.87,0.02,False,2026-09-11,0.19280713387966708,-0.008353884855463956,0.20116101873513104,-0.0009444775571959552,633327000.0,0.1495645202020714,2026-06-30,668759000.0,1.61,0.24806201550387602,5.2288,False,True,Industrials,Integrated Freight & Logistics,17852534784.0,,0.0456,,,
CIEN,2.0,2026-02-13,2026-09-11,31,334.56,583.74,294.17,1.98,-0.0,0.08,True,0.1556,0.1901,0.581,0.0721,0.14,False,-0.199,42.3,0,27,0.0504,0.0674,0.32,0.74,2.16,0.0,False,2026-09-11,0.3704687198874843,0.39512362795969014,-0.024654908072205828,0.32571067467993364,654410000.0,0.45434254327463647,2026-07-31,718989000.0,1.91,4.457142857142857,30.8219,False,True,Technology,Communication Equipment,49567752192.0,,0.0371,,,
CIM,1.5,2024-06-14,2026-09-11,118,11.18,13.49,9.18,1.47,0.22,-0.52,False,0.0377,0.0672,0.653,0.0459,0.46,False,-0.038,34.3,3,74,0.0201,0.0521,0.53,1.06,0.82,0.02,True,2026-09-11,0.6734296295063413,-0.40752072424115826,1.0809503537474996,0.6224129470068411,1211000.0,0.8429527748620269,2026-06-30,-142833000.0,0.46,0.12195121951219524,-11.5385,False,False,Real Estate,REIT - Mortgage,930980160.0,,0.0294,,,
CING,2.0,2026-03-20,2026-09-11,26,5.17,7.38,4.16,1.77,-0.31,-0.76,False,0.0633,0.1273,0.577,0.1083,0.31,False,-0.058,50.4,0,15,0.0385,0.0462,0.61,0.4,0.58,0.0,False,2026-09-11,,,,-1.0,-28796325.0,,2026-06-30,-20938572.0,-0.45,0.5871559633027523,28.5714,False,False,Healthcare,Biotechnology,72999968.0,,0.1012,,,
CL,1.5,2023-11-03,2026-09-11,150,87.9,102.92,70.2,1.47,0.13,-0.08,True,0.0487,0.0809,0.733,0.0209,0.54,True,0.056,46.8,3,149,0.0078,0.0071,0.16,0.92,2.33,0.06,False,2026-09-11,0.049119373776908004,0.0840969252698025,-0.0349775514928945,0.05240524052405249,2037000000.0,0.6148106696511845,2026-06-30,3858000000.0,0.99,0.07608695652173908,4.2105,False,True,Consumer Defensive,Household & Personal Products,69194604544.0,,0.024,,,
CLB,2.0,2024-11-29,2026-09-11,94,12.53,20.24,10.19,1.99,-0.2,-0.61,False,0.1706,0.1987,0.426,0.0552,0.23,False,-0.216,45.9,1,57,0.0105,0.0557,0.06,0.98,3.09,0.04,False,2026-09-11,-0.04264015550211664,-0.014467775215438738,-0.0281723802866779,0.0034868123499647297,24354000.0,0.1864873323756711,2026-06-30,10731000.0,0.11,-0.42105263157894735,37.5,False,True,Energy,Oil & Gas Equipment & Services,573556800.0,,0.2139,,,
CLBT,1.5,2026-01-23,2026-09-11,34,11.32,16.01,11.03,1.45,-0.3,-0.57,False,0.0661,0.1043,0.647,0.064,0.06,True,0.017,41.1,0,22,0.0533,0.1374,0.81,0.85,1.03,0.03,True,2026-09-11,0.15768565274197544,0.19295390938084034,-0.0352682566388649,0.17758488043010368,58759000.0,0.8077826411871464,2026-06-30,139585000.0,0.05,-0.5833333333333333,-44.4444,False,True,Technology,Software - Infrastructure,2822560000.0,,0.0586,,,
CLF,2.0,2025-07-04,2026-09-11,63,11.83,15.09,7.82,1.93,-0.0,-0.66,False,0.1194,0.15,0.683,0.0899,0.55,True,0.062,52.4,1,25,0.0249,0.0551,0.21,0.93,1.33,0.02,False,2026-09-11,0.05918119173084713,0.06329660833873407,-0.004115416607886946,0.03998482960394423,-876000000.0,0.03731343283582089,2026-06-30,-857000000.0,-0.2,0.6,4.7619,False,False,Basic Materials,Steel,6880713216.0,,0.1409,,,
CLFD,2.0,2023-11-03,2026-09-11,150,28.28,47.22,24.5,1.93,0.05,-0.81,False,0.1076,0.1488,0.593,0.0848,0.17,False,-0.097,41.5,2,148,0.0346,0.0654,0.32,1.36,1.27,0.01,False,2026-09-11,-0.12101476865118332,-0.2708828018995929,0.14986803324840958,-0.2740144658402066,-7220000.0,0.31789166514681744,2026-06-30,17620000.0,0.22,1.0,10.0,False,False,Technology,Communication Equipment,407790336.0,,0.123,,,
CLMB,2.0,2024-08-09,2026-09-11,110,26.87,34.95,18.89,1.85,-0.21,0.06,True,0.1103,0.1466,0.609,0.056,0.5,True,0.252,54.6,0,19,0.0283,0.0548,0.26,0.23,1.97,0.03,False,2026-09-11,0.093700560006027,0.3211439830778593,-0.2274434230718323,0.23051084214875606,20533000.0,0.17310816318330283,2026-06-30,41004000.0,0.3,-0.14285714285714282,3.4483,False,True,Technology,Electronics & Computer Distribution,513167616.0,,0.081,,,
CLW,2.0,2025-08-01,2026-09-11,59,19.69,23.31,12.44,1.87,-0.31,-0.78,False,0.1402,0.1581,0.525,0.0797,0.67,True,0.303,55.2,2,25,0.0291,0.1458,0.21,0.95,1.76,0.03,False,2026-09-11,-0.043389484430832015,-0.04732945531464838,0.003939970883816368,-0.01928534571723428,-49300000.0,-0.02774813233724653,2026-06-30,56600000.0,-1.75,-4.888888888888889,-25.0,False,False,Basic Materials,Paper & Paper Products,326425952.0,,0.0395,,,
CMCO,2.0,2025-02-14,2026-09-11,83,17.22,22.51,12.64,1.78,0.09,-0.71,False,0.0875,0.1338,0.506,0.0499,0.46,True,0.13,52.1,1,74,0.0442,0.1179,0.51,1.32,1.75,0.0,False,2026-09-11,1.2527170227195659,0.7733839903762421,0.4793330323433238,0.5522929543869453,-316366000.0,0.2752205712178316,2026-06-30,-122759000.0,0.61,0.21999999999999997,117.8571,False,False,Industrials,Farm & Heavy Construction Machinery,512051680.0,,0.3365,,,
CMRE,1.5,2025-10-31,2026-09-11,46,15.11,17.47,11.95,1.46,0.1,-0.01,True,0.0473,0.0706,0.609,0.0447,0.57,False,-0.092,48.4,0,45,0.0123,0.0296,0.26,2.98,1.06,0.0,False,2026-09-11,-0.048103822701021315,-0.5483051211717829,0.5002012984707616,-0.5203597603201522,338801998.0,0.511479280508884,2026-06-30,-133330000.0,0.62,-0.19480519480519484,-6.0606,False,False,Industrials,Marine Shipping,1847239040.0,,0.0533,,,
CNH,1.5,2026-01-09,2026-09-11,36,13.5,14.4,9.85,1.46,0.13,-0.27,True,0.0326,0.0912,0.278,0.0426,0.8,True,0.082,62.7,1,25,0.0648,0.0422,1.99,1.1,0.77,0.0,False,2026-09-11,0.01952876247081292,-0.001044386422976551,0.020573148893789472,0.006308450002766808,311000000.0,0.2929419113054341,2026-06-30,1192000000.0,0.13,-0.23529411764705885,18.1818,False,True,Industrials,Farm & Heavy Construction Machinery,21838794752.0,,0.0694,,,
CNK,2.0,2024-06-21,2026-09-11,117,35.15,37.29,19.08,1.95,0.23,-0.01,True,0.086,0.1339,0.786,0.0565,0.88,True,0.197,60.3,3,116,0.0269,0.048,0.31,1.05,1.52,0.01,False,2026-09-11,0.1551302498670919,0.18938413168115398,-0.03425388181406208,0.045379666179715894,216000000.0,0.5126104565537555,2026-06-30,313000000.0,1.19,0.8888888888888888,16.6667,False,True,Communication Services,Entertainment,4066188032.0,,0.123,,,
CNM,2.0,2023-11-17,2026-09-11,148,40.85,66.98,33.88,1.98,0.13,0.03,False,0.0808,0.1308,0.791,0.0439,0.21,False,-0.083,35.9,1,147,0.0211,0.0234,0.26,0.87,1.84,0.03,False,2026-09-11,0.024844720496894457,-0.0005232862375719183,0.025368006734466375,-0.005426356589147252,459000000.0,0.26713286713286716,2026-07-31,628000000.0,0.92,0.31428571428571445,1.0989,False,True,Industrials,Industrial Distribution,7492094976.0,,0.0612,,,
CNNE,1.5,2025-12-19,2026-09-11,39,15.18,15.83,10.63,1.49,0.23,-0.49,False,0.0753,0.1038,0.385,0.0455,0.88,True,0.143,55.4,1,24,0.026,0.0149,0.35,0.97,1.65,0.0,False,2026-09-11,-0.07259528130671511,-0.0678294573643411,-0.0047658239423740145,-0.06541628545288203,-156000000.0,0.16536203522504891,2026-06-30,-38700000.0,0.86,1.2293333333333334,304.7619,True,False,Consumer Cyclical,Restaurants,668396864.0,,0.1082,,,
CNR,1.5,2025-09-19,2026-09-11,52,98.52,113.0,75.67,1.49,0.15,-0.42,True,0.0629,0.0886,0.558,0.0665,0.61,False,-0.039,58.8,0,51,0.0503,0.0506,0.8,0.75,0.95,0.0,True,2026-09-11,0.03506383117690115,0.06572793948531852,-0.03066410830841737,0.31832503598126194,100128000.0,0.07472563877393266,2026-06-30,259504000.0,0.55,1.8088235294117645,48.6486,True,True,Energy,Thermal Coal,4838045696.0,,0.0636,,,
CNR,2.0,2024-12-06,2026-09-11,93,98.52,116.1,63.25,1.84,0.18,-0.52,True,0.1026,0.1383,0.634,0.0565,0.67,False,-0.039,58.8,2,75,0.0503,0.0506,0.49,0.74,1.82,0.01,False,2026-09-11,0.03506383117690115,0.06572793948531852,-0.03066410830841737,0.31832503598126194,100128000.0,0.07472563877393266,2026-06-30,259504000.0,0.55,1.8088235294117645,48.6486,True,True,Energy,Thermal Coal,4838045696.0,,0.0636,,,
CNS,1.5,2024-12-20,2026-09-11,91,76.66,87.9,59.71,1.47,-0.24,-0.4,True,0.0869,0.1067,0.505,0.0401,0.6,True,0.187,52.1,1,42,0.0161,0.0342,0.19,0.99,2.17,0.0,False,2026-09-11,0.1718255277623717,0.048713511348846605,0.1231120164135251,0.05914789271488763,168301000.0,0.8831987346928994,2026-06-30,123318000.0,0.85,0.1643835616438356,2.4096,False,True,Financial Services,Asset Management,3854043648.0,,0.0417,,,
CNS,2.0,2023-11-17,2026-09-11,148,76.66,99.68,51.77,1.93,0.01,-0.38,True,0.0899,0.1369,0.736,0.0468,0.52,True,0.187,52.1,1,146,0.0161,0.0342,0.18,1.11,1.92,0.01,False,2026-09-11,0.1718255277623717,0.048713511348846605,0.1231120164135251,0.05914789271488763,168301000.0,0.8831987346928994,2026-06-30,123318000.0,0.85,0.1643835616438356,2.4096,False,True,Financial Services,Asset Management,3854043648.0,,0.0417,,,
CNXC,1.5,2026-03-13,2026-09-11,27,27.0,32.16,21.84,1.47,-0.12,-0.69,False,0.0589,0.0979,0.63,0.085,0.5,False,-0.035,48.6,0,9,0.0491,0.0455,0.83,0.82,0.69,0.0,False,2026-09-11,0.01865745886750525,0.05402909171232717,-0.03537163284482192,0.038858376426710084,-1314409000.0,0.33435858992159506,2026-05-31,513532000.0,2.32,-0.14074074074074086,0.4329,False,False,Technology,Information Technology Services,1723158272.0,,0.1805,,,
COF,1.5,2025-04-25,2026-09-11,73,207.11,246.44,174.73,1.41,-0.01,-0.12,True,0.0605,0.0849,0.644,0.0458,0.45,True,0.126,50.9,1,24,0.0262,0.0312,0.43,0.86,1.32,0.03,False,2026-09-11,0.21029859841560028,0.4410294666169339,-0.2307308682013336,0.3690745707220229,10520000000.0,0.8495040531695283,2026-06-30,32199000000.0,5.81,0.060218978102189624,19.7938,False,True,Financial Services,Credit Services,127788900352.0,,0.0201,,,
COFS,1.5,2024-07-12,2026-09-11,114,33.93,35.15,24.01,1.46,0.25,-0.15,True,0.0539,0.0896,0.693,0.0706,0.89,True,0.114,59.5,3,74,0.0106,0.0136,0.2,1.29,0.76,0.01,False,2026-09-11,-0.979330773813464,0.3165927675408302,-1.2959235413542942,0.026734420847901674,54715000.0,-12.317053642914331,2026-06-30,55378000.0,0.93,0.021978021978021997,5.6818,False,True,Financial Services,Banks - Regional,509235456.0,,0.0317,,,
COGT,1.5,2025-11-14,2026-09-11,44,34.08,42.39,31.02,1.37,-0.1,0.89,True,0.0548,0.0682,0.75,0.112,0.27,True,0.083,46.3,0,14,0.067,0.036,1.22,0.81,0.49,0.02,False,2026-09-11,,,,-1.0,-377179000.0,,2026-06-30,-309240000.0,-0.52,0.018867924528301903,5.4545,False,False,Healthcare,Biotechnology,5797469184.0,,0.1086,,,
COGT,2.0,2025-11-14,2026-09-11,44,34.08,42.39,31.02,1.37,-0.1,0.89,True,0.0548,0.0682,0.75,0.112,0.27,True,0.083,46.3,0,14,0.067,0.036,1.22,0.81,0.49,0.02,True,2026-09-11,,,,-1.0,-377179000.0,,2026-06-30,-309240000.0,-0.52,0.018867924528301903,5.4545,False,False,Healthcare,Biotechnology,5797469184.0,,0.1086,,,
COIN,1.5,2026-01-23,2026-09-11,34,172.28,216.95,146.26,1.48,-0.4,-0.65,False,0.0854,0.1068,0.559,0.1016,0.37,False,-0.107,47.6,0,6,0.0913,0.0629,1.07,0.8,0.84,0.0,False,2026-09-11,-0.1851045412527852,-0.3054193221730378,0.1203147809202526,-0.21037870218210242,-987766000.0,0.8444430966142871,2026-06-30,2660690000.0,-0.39,-1.075875486381323,-378.5714,False,False,Financial Services,Financial Data & Stock Exchanges,46240059392.0,,0.1245,,,
COLD,2.0,2025-04-04,2026-09-11,76,14.12,18.58,9.85,1.89,-0.21,-0.66,False,0.1166,0.147,0.724,0.0345,0.49,True,0.146,49.6,2,42,0.0271,0.0495,0.23,0.79,3.38,0.0,False,2026-09-11,0.01865852833969517,0.0014149893478330178,0.01724353899186215,-0.0020821773102207564,-456074000.0,0.01029582585345985,2026-06-30,-206634000.0,0.35,-0.027777777777777804,16.6667,False,False,Real Estate,REIT - Industrial,4193701376.0,,0.0929,,,
COLM,1.5,2025-04-04,2026-09-11,76,56.42,66.72,47.94,1.39,0.12,-0.45,False,0.0747,0.0836,0.526,0.04,0.45,True,0.009,43.0,2,48,0.0174,0.0443,0.23,1.08,1.87,0.05,False,2026-09-11,0.014996241439982905,0.00015406480736124273,0.014842176632621662,-0.0018514101251445592,206033000.0,0.5834215006787529,2026-06-30,321303000.0,-0.41,-1.157894736842105,0.0,False,True,Consumer Cyclical,Apparel Manufacturing,2913916416.0,,0.1714,,,
COMP,2.0,2025-07-18,2026-09-11,61,10.13,13.33,6.68,2.0,0.37,-0.29,True,0.1617,0.192,0.475,0.078,0.52,True,0.469,48.5,2,60,0.0347,0.0377,0.21,1.04,2.07,0.02,False,2026-09-11,1.0906972227617011,0.993806223270904,0.09689099949079716,0.678134240564688,66800000.0,0.028797027403622853,2026-06-30,127800000.0,0.11,-0.3125,0.0,False,True,Real Estate,Real Estate Services,8067944960.0,,0.0541,,,
COO,1.5,2026-03-06,2026-09-11,28,54.17,76.55,54.17,1.41,0.06,-0.51,False,0.0356,0.079,0.571,0.0408,0.0,True,0.071,30.6,0,0,0.0323,0.0222,0.91,0.97,0.87,0.07,False,2026-09-11,0.005564462887861943,0.0790182580065848,-0.07345379511872285,0.04728477123859909,570300000.0,0.6236165822547365,2026-07-31,90600000.0,1.15,0.04545454545454529,3.6036,False,True,Healthcare,Medical Instruments & Supplies,10251272192.0,,0.0529,,,
COR,1.5,2025-02-28,2026-09-11,81,320.95,370.57,250.67,1.48,0.33,-0.0,True,0.067,0.1004,0.667,0.0293,0.59,True,0.046,54.9,0,80,0.0129,0.0293,0.19,0.81,2.29,0.05,False,2026-09-11,0.05072062800324684,0.038463906190491226,0.012256721812755611,0.05089761416873029,2624793000.0,0.042560815732558134,2026-06-30,4060102000.0,4.48,0.1200000000000001,2.5172,False,True,Healthcare,Medical Distribution,61364293632.0,,0.027,,,
COST,1.5,2024-04-26,2026-09-11,125,902.38,1062.77,720.22,1.48,0.37,-0.03,True,0.0441,0.0705,0.688,0.0214,0.53,False,-0.058,38.8,1,124,0.0089,0.0044,0.2,0.94,2.06,0.05,False,2026-09-11,0.11584526540621787,0.09218021750388394,0.023665047902333924,0.09231106944072387,8838000000.0,0.12772413401959534,2026-05-31,8806000000.0,4.93,0.22636815920398015,8.5903,False,True,Consumer Defensive,Discount Stores,401246322688.0,,0.0171,,,
CPS,1.5,2026-03-06,2026-09-11,28,23.7,32.19,23.7,1.36,-0.4,-0.48,True,0.0395,0.064,0.714,0.1205,0.0,False,-0.057,37.6,0,0,0.0406,0.0303,1.03,0.97,0.33,0.0,False,2026-09-11,0.021779869768390636,0.028917548259625336,-0.0071376784912347,0.020753927333120537,-56461999.0,0.11611023235632129,2026-06-30,-4893000.0,-0.13,-3.166666666666667,-122.807,False,False,Consumer Cyclical,Auto Parts,428237920.0,,0.0325,,,
CPS,2.0,2025-07-04,2026-09-11,63,23.7,45.2,22.67,1.99,-0.14,-0.08,True,0.0689,0.1397,0.746,0.1141,0.05,False,-0.057,37.6,0,60,0.0406,0.0303,0.59,0.86,0.6,0.0,False,2026-09-11,0.021779869768390636,0.028917548259625336,-0.0071376784912347,0.020753927333120537,-56461999.0,0.11611023235632129,2026-06-30,-4893000.0,-0.13,-3.166666666666667,-122.807,False,False,Consumer Cyclical,Auto Parts,428237920.0,,0.0325,,,
CRAI,1.5,2026-01-30,2026-09-11,33,163.46,186.97,136.76,1.37,0.01,-0.36,True,0.0671,0.0846,0.576,0.0457,0.53,True,0.089,49.4,0,17,0.0212,0.0369,0.32,0.85,1.47,0.0,False,2026-09-11,0.1280889136227914,0.10516301807523742,0.022925895547553976,0.11464528581367683,49298000.0,1.0,2026-06-30,-27747000.0,2.16,0.1489361702127661,1.8868,False,False,Industrials,Consulting Services,1016098112.0,,0.0495,,,
CRAI,2.0,2024-02-16,2026-09-11,135,163.46,214.25,108.22,1.98,0.13,-0.09,True,0.0705,0.1155,0.785,0.0332,0.52,True,0.089,49.4,2,133,0.0212,0.0369,0.3,1.93,2.12,0.01,False,2026-09-11,0.1280889136227914,0.10516301807523742,0.022925895547553976,0.11464528581367683,49298000.0,1.0,2026-06-30,-27747000.0,2.16,0.1489361702127661,1.8868,False,False,Industrials,Consulting Services,1016098112.0,,0.0495,,,
CRBP,2.0,2025-10-31,2026-09-11,46,8.24,12.15,7.42,1.64,-0.03,-0.88,False,0.108,0.137,0.478,0.114,0.17,False,-0.01,42.9,1,29,0.0854,0.0908,0.79,1.75,0.95,0.0,False,2026-09-11,,,,-1.0,-101903000.0,,2026-06-30,-86687000.0,-1.81,-0.25694444444444453,-39.2308,False,False,Healthcare,Biotechnology,157051296.0,,0.1329,,,
CRC,1.5,2026-01-16,2026-09-11,35,56.25,67.89,46.95,1.45,-0.23,-0.16,True,0.0715,0.0954,0.629,0.0522,0.44,False,-0.15,53.3,1,34,0.016,0.0145,0.22,0.96,1.37,0.0,False,2026-09-11,0.5797807551766139,0.06732891832229582,0.512451836854318,0.09945205479452057,-121000000.0,0.6391673091750193,2026-06-30,395000000.0,0.99,-0.10000000000000007,-24.4275,False,False,Energy,Oil & Gas E&P,5040528896.0,,0.0647,,,
CRCT,2.0,2023-10-06,2026-09-11,154,5.46,6.54,3.48,1.88,-0.08,-0.82,True,0.1034,0.1392,0.701,0.1081,0.65,True,0.233,61.1,2,73,0.0386,0.0706,0.37,1.59,0.96,0.01,False,2026-09-11,-0.09195756251743048,-0.019448577788162336,-0.07250898472926814,-0.03111897688725951,87675000.0,0.7448443548645104,2026-06-30,147654000.0,0.19,0.7272727272727273,375.0,False,True,Technology,Computer Hardware,1177077632.0,,0.0878,,,
CRESY,1.5,2025-10-31,2026-09-11,46,12.61,13.51,10.49,1.29,-0.17,-0.17,True,0.0451,0.0606,0.522,0.0601,0.7,False,-0.025,60.1,0,42,0.0179,0.0242,0.4,0.96,0.75,0.02,False,2026-09-11,0.2665443664195599,0.2025051130742188,0.06403925334534111,0.17342801018366893,185661000000.0,0.466913612492926,2026-03-31,50508579770.0,0.57,-0.42546114302993654,,False,True,Industrials,Conglomerates,861031936.0,,0.0721,,,
CRH,1.5,2025-06-27,2026-09-11,64,87.66,129.92,87.66,1.48,-0.16,-0.17,True,0.0711,0.0962,0.656,0.0416,0.0,False,-0.074,33.5,1,0,0.0151,0.0485,0.21,0.87,1.71,0.0,False,2026-09-11,0.23705187660895954,0.09088217880402616,0.14616969780493339,0.7326076062019433,5418223200.0,0.3984411246172404,2026-06-30,2766000000.0,2.21,0.12755102040816327,12.7551,False,True,Basic Materials,Building Materials,58910941184.0,,0.0217,,,
CRI,2.0,2025-02-28,2026-09-11,81,30.19,43.43,22.74,1.91,0.31,-0.71,False,0.1006,0.1352,0.704,0.0445,0.36,True,0.045,36.4,3,58,0.0588,0.0498,0.58,1.07,2.26,0.02,False,2026-09-11,0.05155703017018243,0.0814287097885611,-0.029871679618378666,0.05173231648005383,195105000.0,0.670358576093844,2026-06-30,293014000.0,0.17,0.0,750.0,False,True,Consumer Cyclical,Apparel Retail,1117121280.0,,0.151,,,
CRMD,2.0,2026-01-02,2026-09-11,37,7.96,12.16,6.25,1.95,0.1,-0.58,True,0.0663,0.1254,0.459,0.1167,0.29,True,0.066,48.0,0,25,0.048,0.0402,0.72,0.91,0.57,0.0,True,2026-09-11,1.5651543569573687,2.2605321724204273,-0.6953778154630585,2.805000313702576,187172121.0,0.7566491057676271,2026-06-30,251710805.0,0.29,0.035714285714285546,11.5385,False,True,Healthcare,Biotechnology,609914304.0,,0.2084,,,
CROX,2.0,2024-06-28,2026-09-11,116,108.83,146.17,73.39,1.99,-0.29,-0.53,False,0.1551,0.1858,0.517,0.0661,0.49,True,0.247,45.3,3,43,0.0567,0.0433,0.37,0.84,2.35,0.02,False,2026-09-11,0.026183841102931815,-0.016937417118569442,0.04312125822150126,-0.020251147769614453,593424000.0,0.5940873342896967,2026-06-30,704620000.0,4.55,0.07565011820330954,5.3241,False,True,Consumer Cyclical,Footwear & Accessories,5392862208.0,,0.1284,,,
CRSP,1.5,2025-10-24,2026-09-11,47,52.26,67.61,45.75,1.48,-0.17,-0.46,False,0.0559,0.083,0.66,0.0835,0.3,True,0.052,48.8,0,24,0.0601,0.0418,1.08,0.87,0.67,0.02,False,2026-09-11,10.413677130044842,0.6855491329479768,9.728127997096866,-0.6415321609250784,-451139000.0,-3.3779589431293586,2026-06-30,-480726000.0,-0.94,0.2713178294573644,14.5455,False,False,Healthcare,Biotechnology,5000944128.0,,0.2223,,,
CRSP,2.0,2025-06-06,2026-09-11,67,52.26,73.07,41.36,1.77,-0.12,-0.51,False,0.0565,0.1139,0.746,0.0771,0.34,True,0.052,48.8,1,65,0.0601,0.0418,1.06,0.76,0.73,0.01,False,2026-09-11,10.413677130044842,0.6855491329479768,9.728127997096866,-0.6415321609250784,-451139000.0,-3.3779589431293586,2026-06-30,-480726000.0,-0.94,0.2713178294573644,14.5455,False,False,Healthcare,Biotechnology,5000944128.0,,0.2223,,,
CRVL,1.5,2025-12-05,2026-09-11,41,67.69,71.42,48.67,1.47,0.04,-0.61,False,0.1058,0.1093,0.488,0.0303,0.84,True,0.118,57.9,1,31,0.0447,0.0465,0.42,0.82,3.49,0.02,False,2026-09-11,0.10742572780994508,0.07357654396710345,0.033849183842841635,0.07093899483767308,115334000.0,0.22711166682696932,2026-06-30,113820000.0,0.63,0.2115384615384615,,False,True,Financial Services,Insurance Brokers,3499282688.0,,0.1198,,,
CRWV,2.0,2025-07-11,2026-09-11,62,89.12,138.43,71.65,1.93,-0.39,,,0.1496,0.1922,0.516,,0.26,False,-0.133,48.9,0,42,0.0364,0.0803,0.24,0.84,,0.0,False,2026-09-11,1.1232070238161986,1.1168829052027642,0.006324118613434404,1.152589305492016,-1927850000.0,0.6586407766990291,2026-06-30,-13654754000.0,-1.32,-1.2000000000000002,13.1579,False,False,Technology,Software - Infrastructure,49081237504.0,,0.1784,,,
CSL,1.5,2024-10-25,2026-09-11,99,329.74,447.12,303.63,1.47,-0.31,-0.34,False,0.07,0.0922,0.596,0.0347,0.18,True,0.044,43.9,3,43,0.0297,0.0281,0.42,1.08,2.02,0.02,False,2026-09-11,0.08333908244222155,-0.039879540062055074,0.12321862250427662,0.019033148066696093,724500000.0,0.36196905049990447,2026-06-30,866600000.0,7.03,0.12121212121212133,9.3313,False,True,Industrials,Building Products & Equipment,13313765376.0,,0.0731,,,
CSR,1.5,2023-11-17,2026-09-11,148,57.69,68.44,46.4,1.47,0.22,-0.48,True,0.0658,0.0933,0.588,0.0397,0.51,False,-0.116,49.6,1,147,0.0246,0.016,0.37,1.1,1.66,0.03,True,2026-09-11,-0.040365286145676804,-0.030167081513719718,-0.010198204631957086,0.006720933367281301,21722000.0,0.60507433644462,2026-06-30,69587000.0,1.27,,4.0984,False,True,Real Estate,REIT - Residential,1031650496.0,,0.054,,,
CSTL,2.0,2026-02-06,2026-09-11,32,32.32,34.2,19.13,1.79,0.17,-0.55,True,0.1501,0.172,0.562,0.0911,0.88,True,0.246,61.0,0,17,0.0521,0.1439,0.35,1.55,1.65,0.0,False,2026-09-11,0.20139694621060933,-0.048972587170977855,0.2503695333815872,0.0317932012394988,-19415000.0,0.7711162188785661,2026-06-30,-489000.0,-0.07,-1.4666666666666668,84.0909,False,False,Healthcare,Diagnostics & Research,987665664.0,,0.0663,,,
CSW,1.5,2025-10-17,2026-09-11,48,291.7,350.68,237.31,1.48,0.3,-0.44,True,0.0755,0.0943,0.667,0.056,0.48,True,0.108,48.5,0,47,0.0593,0.0543,0.79,1.01,1.35,0.02,False,2026-09-11,0.33000311023114337,0.3401055740862029,-0.01010246385505953,0.2771252607095669,120861000.0,0.44876942820476257,2026-06-30,144275000.0,3.84,0.5802469135802467,4.918,False,True,Industrials,Specialty Industrial Machinery,4899614208.0,,0.0704,,,
CSW,2.0,2024-02-02,2026-09-11,137,291.7,423.86,218.5,1.94,0.02,0.02,True,0.1029,0.1575,0.591,0.0346,0.36,True,0.108,48.5,1,136,0.0593,0.0543,0.58,1.17,2.97,0.01,False,2026-09-11,0.33000311023114337,0.3401055740862029,-0.01010246385505953,0.2771252607095669,120861000.0,0.44876942820476257,2026-06-30,144275000.0,3.84,0.5802469135802467,4.918,False,True,Industrials,Specialty Industrial Machinery,4899614208.0,,0.0704,,,
CTAS,1.5,2024-02-02,2026-09-11,137,198.44,224.94,150.39,1.5,0.22,0.02,True,0.0652,0.0982,0.664,0.0244,0.64,True,0.124,56.9,3,134,0.008,0.0181,0.12,0.96,2.67,0.01,False,2026-09-11,0.08904872149740672,0.08902677069507847,2.1950802328252195e-05,0.08941622975458552,1999968000.0,0.5095310035133518,2026-05-31,1881175000.0,1.29,0.18348623853211005,4.0323,False,True,Industrials,Specialty Business Services,80634167296.0,,0.0389,,,
CTKB,1.5,2026-01-30,2026-09-11,33,4.53,5.0,3.4,1.47,0.06,-0.63,False,0.0357,0.0719,0.636,0.0956,0.71,True,0.047,51.3,1,17,0.0261,0.024,0.73,0.94,0.37,0.06,False,2026-09-11,0.0556554537081706,0.06459705236751323,-0.008941598659342631,0.05444946055551303,-80578000.0,0.5886996260905691,2026-06-30,-12078000.0,-0.09,,-50.0,False,False,Healthcare,Medical Devices,599222848.0,,0.048,,,
CTKB,2.0,2025-06-06,2026-09-11,67,4.53,5.88,2.95,1.99,0.28,-0.69,False,0.0833,0.1403,0.776,0.0943,0.54,True,0.047,51.3,2,64,0.0261,0.024,0.31,0.93,0.88,0.03,False,2026-09-11,0.0556554537081706,0.06459705236751323,-0.008941598659342631,0.05444946055551303,-80578000.0,0.5886996260905691,2026-06-30,-12078000.0,-0.09,,-50.0,False,False,Healthcare,Medical Devices,599222848.0,,0.048,,,
CTMX,2.0,2025-09-26,2026-09-11,51,3.35,5.69,2.9,1.96,-0.23,-0.35,True,0.134,0.1918,0.529,0.193,0.16,False,-0.153,45.4,1,50,0.0271,0.0446,0.2,0.69,0.69,0.04,False,2026-09-11,-0.9240004287705006,-0.7985348704754797,-0.12546555829502093,-0.8702905740609497,-79653000.0,1.0,2026-06-30,-82482000.0,-0.09,,18.1818,False,False,Healthcare,Biotechnology,716888640.0,,0.1745,,,
CTNM,1.5,2026-01-16,2026-09-11,35,14.66,17.19,11.49,1.5,0.36,-0.45,True,0.0697,0.1009,0.714,0.1163,0.56,True,0.147,51.6,1,14,0.0747,0.0565,1.07,1.5,0.6,0.0,False,2026-09-11,,,,-1.0,-57558000.0,,2026-06-30,-53464000.0,-0.4,0.3548387096774193,13.0435,False,False,Healthcare,Biotechnology,557545152.0,,0.0714,,,
CTSH,2.0,2026-02-06,2026-09-11,32,58.32,75.71,39.8,1.9,-0.33,-0.55,False,0.0912,0.148,0.75,0.037,0.52,False,-0.058,52.0,0,11,0.0586,0.1638,0.64,0.88,2.46,0.0,False,2026-09-11,0.04499523355576729,0.05826001955034221,-0.013264785994574924,0.05642878063067469,2220000000.0,0.3336982302499544,2026-06-30,2598000000.0,1.37,0.045801526717557293,-0.7246,False,True,Technology,Information Technology Services,27026653184.0,,0.0792,,,
CUBE,1.5,2023-11-17,2026-09-11,148,39.08,48.77,33.7,1.45,-0.12,-0.27,True,0.0331,0.0753,0.73,0.0329,0.36,True,0.057,46.3,3,146,0.0183,0.0198,0.55,1.18,1.01,0.03,True,2026-09-11,0.014817412496501925,0.03257079652500039,-0.017753384028498465,0.03860396451407966,334097000.0,0.6648422610528961,2026-06-30,562334000.0,0.63,0.7500000000000001,-1.5625,False,True,Real Estate,REIT - Industrial,8964366336.0,,0.0473,,,
CVCO,1.5,2026-01-23,2026-09-11,34,523.35,667.29,455.76,1.46,0.18,-0.35,True,0.0703,0.0897,0.735,0.0532,0.32,True,0.13,44.3,1,17,0.0312,0.0394,0.44,0.73,1.32,0.03,False,2026-09-11,0.09536020917398891,0.08216453758965137,0.013195671584337543,0.09685847628031685,181180000.0,0.22065417511668817,2026-06-30,234659000.0,5.43,-0.15420560747663556,-2.1622,False,True,Consumer Cyclical,Residential Construction,4072614912.0,,0.0566,,,
CVGI,2.0,2026-03-13,2026-09-11,27,3.09,5.4,2.9,1.86,-0.13,-0.55,False,0.1553,0.1781,0.481,0.1095,0.08,False,-0.099,41.1,0,26,0.0446,0.1045,0.29,0.72,1.42,0.0,False,2026-09-11,0.1353951010723673,0.010012073382608344,0.12538302768975895,-0.004182826917252136,-23049000.0,0.12665567153935198,2026-06-30,-390000.0,-0.13,-0.44444444444444453,-160.0,False,False,Consumer Cyclical,Auto Parts,128805600.0,,0.0417,,,
CVLT,2.0,2025-10-31,2026-09-11,46,131.55,150.57,76.08,1.98,0.29,-0.61,True,0.1289,0.1893,0.478,0.0569,0.74,True,0.391,52.4,0,24,0.0232,0.0433,0.18,0.85,2.27,0.09,False,2026-09-11,0.1140266261906957,0.13326473700093433,-0.01923811081023863,0.15472896929980773,68300000.0,0.8166083576597025,2026-06-30,258450000.0,0.73,-0.27722772277227725,19.6721,False,True,Technology,Software - Application,5390694912.0,,0.088,,,
CVNA,1.5,2026-01-30,2026-09-11,33,70.28,81.82,56.26,1.45,-0.0,-0.41,True,0.0677,0.0934,0.606,0.0937,0.55,False,-0.012,50.4,0,25,0.0531,0.0404,0.78,0.57,0.72,0.0,False,2026-09-11,0.5239669421487603,0.5198487712665407,0.004118170882219552,0.5397566670763181,1568000000.0,0.1876355748373102,2026-06-30,929000000.0,0.42,0.6153846153846153,0.0,False,True,Consumer Cyclical,Auto & Truck Dealerships,76661358592.0,,0.1232,,,
CVNA,2.0,2025-04-25,2026-09-11,73,70.28,94.66,47.43,2.0,0.13,-0.17,True,0.0793,0.1322,0.863,0.1153,0.48,False,-0.012,50.4,1,72,0.0531,0.0404,0.67,0.12,0.69,0.0,False,2026-09-11,0.5239669421487603,0.5198487712665407,0.004118170882219552,0.5397566670763181,1568000000.0,0.1876355748373102,2026-06-30,929000000.0,0.42,0.6153846153846153,0.0,False,True,Consumer Cyclical,Auto & Truck Dealerships,76661358592.0,,0.1232,,,
CVSA,2.0,2024-11-01,2026-09-11,98,123.63,152.97,79.7,1.92,0.36,0.01,True,0.1235,0.1517,0.653,0.0553,0.6,True,0.073,50.1,3,97,0.037,0.0333,0.3,1.02,2.23,0.01,False,2026-09-11,0.09686155946323183,0.04500541781549394,0.051856141647737886,0.09271147297138604,251566000.0,0.5676968858076277,2026-06-30,392726000.0,2.09,0.25903614457831325,10.0,False,True,Consumer Defensive,Education & Training Services,4257915904.0,,0.0752,,,
CWCO,1.5,2025-05-16,2026-09-11,70,28.04,37.54,25.93,1.45,0.04,-0.26,True,0.0869,0.097,0.629,0.0395,0.18,False,-0.064,38.5,1,69,0.0094,0.0061,0.11,0.85,2.2,0.0,False,2026-09-11,-0.021455607305737368,-0.1109785636438676,0.08952295633813023,-0.011568786782253482,16434447.0,0.3335341728210964,2026-06-30,30242260.0,0.25,-0.21875000000000003,13.6364,False,True,Utilities,Utilities - Regulated Water,450922272.0,,0.0484,,,
CWEN,1.5,2025-09-26,2026-09-11,51,31.59,40.08,27.12,1.48,0.24,-0.12,True,0.0792,0.0953,0.549,0.0327,0.34,False,-0.14,41.6,0,50,0.0124,0.0233,0.16,1.01,2.42,0.02,False,2026-09-11,0.2270408163265305,0.18791946308724827,0.03912135323928223,0.09916201117318435,91000000.0,0.6902286902286903,2026-06-30,671000000.0,1.0,2.571428571428571,316.6667,False,True,Utilities,Utilities - Renewable,7680244736.0,,0.0833,,,
CWH,1.5,2026-02-27,2026-09-11,29,6.09,8.32,5.71,1.46,-0.38,-0.78,False,0.0825,0.0969,0.586,0.0923,0.15,False,-0.078,40.0,0,7,0.0275,0.0359,0.33,0.67,0.89,0.0,True,2026-09-11,-0.021209566243646116,-0.041682348513360945,0.02047278226971483,-0.008008167213278683,-97277000.0,0.27836977434270976,2026-06-30,49996000.0,0.5,-0.12280701754385957,-3.8462,False,False,Consumer Cyclical,Auto & Truck Dealerships,385520832.0,,0.1878,,,
CWH,2.0,2026-02-27,2026-09-11,29,6.09,8.32,5.71,1.46,-0.38,-0.78,False,0.0825,0.0969,0.586,0.0923,0.15,False,-0.078,40.0,0,7,0.0275,0.0359,0.33,0.67,0.89,0.0,False,2026-09-11,-0.021209566243646116,-0.041682348513360945,0.02047278226971483,-0.008008167213278683,-97277000.0,0.27836977434270976,2026-06-30,49996000.0,0.5,-0.12280701754385957,-3.8462,False,False,Consumer Cyclical,Auto & Truck Dealerships,385520832.0,,0.1878,,,
CWK,2.0,2025-04-25,2026-09-11,73,12.68,17.2,8.8,1.95,0.21,-0.42,True,0.1332,0.1534,0.548,0.0648,0.46,True,0.035,43.5,2,72,0.0375,0.0242,0.28,1.01,2.06,0.01,False,2026-09-11,0.11220258464511446,0.10995360238116092,0.002248982263953536,0.11043706760280014,69100000.0,0.16469992036487366,2026-06-30,302100000.0,0.35,0.16666666666666663,-2.7778,False,True,Real Estate,Real Estate Services,3027806720.0,,0.0654,,,
CWST,1.5,2025-07-11,2026-09-11,62,89.94,110.59,74.97,1.48,-0.31,-0.37,False,0.0595,0.0821,0.774,0.0307,0.42,True,0.1,48.2,2,24,0.0103,0.0254,0.17,0.7,1.94,0.02,False,2026-09-11,0.1685112198979657,0.09644426649660387,0.07206695340136182,0.13588584227683453,5704000.0,0.32882695660489786,2026-06-30,105673000.0,0.4,0.11111111111111122,48.1481,False,True,Industrials,Waste Management,5721876992.0,,0.1035,,,
CXDO,2.0,2025-05-02,2026-09-11,72,5.71,9.89,5.14,1.92,0.38,-0.3,True,0.075,0.1484,0.528,0.0871,0.12,False,-0.101,38.7,2,65,0.0307,0.06,0.41,1.8,0.86,0.0,False,2026-09-11,0.4890043499275012,0.28978015818646075,0.19922419174104045,0.25494757739313845,4297000.0,0.04280613486975574,2026-06-30,11552000.0,0.09,0.0,0.0,False,True,Communication Services,Telecom Services,190211664.0,,0.0495,,,
CYH,2.0,2024-10-25,2026-09-11,99,2.89,4.49,2.41,1.86,-0.17,-0.7,False,0.0825,0.1327,0.667,0.0995,0.23,True,0.069,46.2,3,73,0.0309,0.0367,0.37,0.61,0.83,0.04,False,2026-09-11,0.29652090647941276,2.8486862931307377,-2.5521653866513248,0.7721989404601881,-300000000.0,0.6954702117183653,2026-06-30,-185000000.0,-0.19,-2.8000000000000003,-5.5556,False,False,Healthcare,Medical Care Facilities,411747328.0,,0.101,,,
CZR,2.0,2025-02-21,2026-09-11,82,29.65,35.34,18.14,1.95,0.07,-0.69,False,0.0851,0.1227,0.841,0.0507,0.67,True,0.072,59.0,0,30,0.0015,0.0034,0.02,0.62,1.68,0.04,False,2026-09-11,0.02958376332989343,0.027201145311381625,0.002382618018511806,0.024090029892737785,-444000000.0,1.0,2026-06-30,610000000.0,-0.3,-0.4999999999999999,-850.0,False,False,Consumer Cyclical,Resorts & Casinos,6046074368.0,,0.1145,,,
DAKT,1.5,2025-12-12,2026-09-11,40,18.95,27.73,18.55,1.49,-0.28,-0.21,True,0.0346,0.1068,0.15,0.0691,0.04,False,-0.004,44.9,1,37,0.0147,0.0195,0.42,0.97,0.5,0.03,False,2026-09-11,0.07121001771916036,0.20897589698118235,-0.137765879262022,0.14003664455449383,48336000.0,0.3052416174621107,2026-07-31,39799000.0,0.4,0.21212121212121213,14.2857,False,True,Technology,Electronic Components,860377472.0,,0.0541,,,
DAKT,2.0,2025-06-20,2026-09-11,65,18.95,27.73,14.23,1.95,0.24,-0.27,True,0.044,0.1267,0.738,0.0815,0.35,False,-0.004,44.9,1,64,0.0147,0.0195,0.33,1.12,0.54,0.03,False,2026-09-11,0.07121001771916036,0.20897589698118235,-0.137765879262022,0.14003664455449383,48336000.0,0.3052416174621107,2026-07-31,39799000.0,0.4,0.21212121212121213,14.2857,False,True,Technology,Electronic Components,860377472.0,,0.0541,,,
DASH,2.0,2024-09-20,2026-09-11,104,201.03,271.22,139.72,1.94,0.12,0.0,True,0.128,0.1729,0.577,0.0629,0.47,True,0.239,52.5,2,103,0.0525,0.0794,0.41,1.1,2.03,0.01,False,2026-09-11,0.35627283800243603,0.33113456464379953,0.025138273358636498,0.33593947036569993,840000000.0,0.5269420745397395,2026-06-30,2397000000.0,0.46,-0.2923076923076923,-8.0,False,True,Consumer Cyclical,Internet Retail,87504519168.0,,0.0448,,,
DBI,2.0,2025-11-28,2026-09-11,42,5.99,8.37,4.22,1.98,-0.23,-0.63,False,0.1293,0.1517,0.69,0.1212,0.43,False,-0.154,49.3,0,41,0.0473,0.0452,0.37,0.63,1.07,0.02,False,2026-09-11,-0.012343159016007799,0.013744178632104198,-0.026087337648111997,-0.008382700294813583,39995000.0,0.5000540628579954,2026-07-31,144371000.0,0.34,0.0,36.0,False,True,Consumer Cyclical,Footwear & Accessories,300605632.0,,0.356,,,
DBVT,2.0,2025-10-03,2026-09-11,50,12.97,24.54,12.9,1.9,-0.16,0.11,True,0.1869,0.1844,0.56,1.0097,0.01,False,-0.256,36.6,0,49,0.0059,0.0392,0.03,0.79,0.19,0.0,False,2026-09-11,,-1.0,,-1.0,-175845481.0,,2026-06-30,-200677000.0,-0.6,-1.222222222222222,-400.0,False,False,Healthcare,Biotechnology,744754688.0,,0.0252,,,
DC,1.5,2026-03-06,2026-09-11,28,5.9,6.23,4.17,1.49,0.07,-0.4,True,0.1008,0.1235,0.357,0.0791,0.84,False,-0.028,55.8,0,8,0.0209,0.1542,0.21,0.97,1.27,0.04,False,2026-09-11,,,,,-36139397.0,,2026-06-30,-34187130.0,-0.06,0.0,-20.0,False,False,Basic Materials,Gold,779545088.0,,0.061,,,
DCBO,2.0,2025-09-26,2026-09-11,51,23.42,28.22,14.7,1.92,-0.3,-0.73,False,0.105,0.157,0.647,0.0517,0.64,True,0.185,58.0,1,22,0.065,0.1176,0.62,0.87,2.03,0.0,False,2026-09-11,0.13037607850885857,0.1452806478637252,-0.014904569354866615,0.1233264787290349,33601000.0,0.7943772760378732,2026-06-30,34410514.0,0.25,-0.13793103448275856,47.0588,False,True,Technology,Software - Application,604979136.0,,0.0083,,,
DCH,1.5,2026-02-13,2026-09-11,31,6.56,7.25,5.13,1.41,0.05,-0.4,False,0.0666,0.0968,0.516,0.078,0.67,False,-0.014,53.7,0,10,0.0542,0.1046,0.81,0.74,0.85,0.03,False,2026-09-11,0.9239682333029553,0.6856090129667682,0.23835922033618706,0.40980936707124727,-165400000.0,0.11442685072404926,2026-06-30,-30700000.0,0.32,0.523809523809524,128.5714,False,False,Consumer Cyclical,Auto Parts,1539677824.0,,0.0885,,,
DCH,2.0,2025-07-04,2026-09-11,63,6.56,8.62,4.31,2.0,0.18,-0.53,False,0.071,0.1408,0.746,0.0632,0.52,False,-0.014,53.7,1,58,0.0542,0.1046,0.76,0.81,1.12,0.02,False,2026-09-11,0.9239682333029553,0.6856090129667682,0.23835922033618706,0.40980936707124727,-165400000.0,0.11442685072404926,2026-06-30,-30700000.0,0.32,0.523809523809524,128.5714,False,False,Consumer Cyclical,Auto Parts,1539677824.0,,0.0885,,,
DCI,1.5,2025-08-22,2026-09-11,56,88.18,108.69,74.75,1.45,0.24,-0.01,True,0.0522,0.0829,0.625,0.0292,0.4,True,0.077,47.2,0,55,0.0156,0.0246,0.3,1.12,1.79,0.02,False,2026-09-11,0.07963699398388902,0.05850441442399745,0.021132579559891562,0.052751361456555346,453800000.0,0.362580279561768,2026-07-31,426300000.0,1.15,0.11650485436893192,2.6786,False,True,Industrials,Specialty Industrial Machinery,10221036544.0,,0.0267,,,
DCTH,2.0,2024-10-18,2026-09-11,100,15.8,17.14,8.64,1.98,-0.09,-0.21,True,0.1141,0.1885,0.49,0.1028,0.84,True,0.356,66.9,3,44,0.0504,0.1144,0.44,1.16,1.11,0.02,False,2026-09-11,0.20603576751117725,0.2633441164577437,-0.057308348946566445,0.3584567198177677,532000.0,0.897538873442488,2026-06-30,17507000.0,0.07,0.0,143.75,False,True,Healthcare,Medical Devices,552057856.0,,0.0704,,,
DDS,1.5,2025-08-15,2026-09-11,57,624.33,680.78,493.41,1.38,0.08,0.03,True,0.0492,0.0739,0.719,0.0578,0.7,True,0.008,54.7,0,56,0.0292,0.0527,0.59,1.19,0.85,0.0,False,2026-09-11,-0.003645833333333348,0.0269100067163508,-0.030555840049684146,0.002073113346139799,682200000.0,0.40584161003659175,2026-07-31,631717000.0,6.25,0.4108352144469527,54.703,False,True,Consumer Cyclical,Department Stores,10161546240.0,,0.2894,,,
DEA,1.5,2024-11-29,2026-09-11,94,23.91,25.8,17.37,1.49,0.2,-0.41,True,0.0695,0.0867,0.723,0.0329,0.78,True,0.086,52.9,4,74,0.0098,0.0114,0.14,0.84,2.11,0.04,False,2026-09-11,0.09714604553980588,0.16358436606291704,-0.06643832052311116,0.13044248908020517,10220000.0,0.7835138556759038,2026-06-30,268812000.0,0.78,7.666666666666668,-1.2658,False,True,Real Estate,REIT - Office,1170748672.0,,0.06,,,
DEC,1.5,2025-10-24,2026-09-11,47,14.94,17.46,11.67,1.5,0.24,-0.23,True,0.0614,0.0917,0.617,0.0628,0.56,False,-0.094,56.2,0,45,0.0477,0.0448,0.78,1.18,0.98,0.0,False,2026-09-11,11.987411021354875,0.9570109377801685,11.030400083574706,1.7285611767442206,965228000.0,1.0,2026-06-30,463186000.0,-0.29,,-245.0,False,True,Energy,Oil & Gas Integrated,1023202048.0,,0.0929,,,
DECK,1.5,2025-09-12,2026-09-11,53,79.88,119.34,79.88,1.49,-0.04,-0.63,False,0.0677,0.1014,0.642,0.066,0.0,False,-0.073,32.4,0,0,0.0494,0.0806,0.73,0.99,1.03,0.0,False,2026-09-11,0.05701486100081077,0.09550881794515464,-0.03849395694434388,0.07853687253929564,1014840000.0,0.564144690058468,2026-06-30,1202431000.0,0.94,0.0107526881720429,6.8182,False,True,Consumer Cyclical,Footwear & Accessories,11067498496.0,,0.0735,,,
DECK,2.0,2025-02-14,2026-09-11,83,79.88,155.07,79.88,1.94,-0.29,-0.63,False,0.0487,0.1237,0.747,0.0542,0.0,False,-0.073,32.4,0,0,0.0494,0.0806,1.01,0.89,0.9,0.0,False,2026-09-11,0.05701486100081077,0.09550881794515464,-0.03849395694434388,0.07853687253929564,1014840000.0,0.564144690058468,2026-06-30,1202431000.0,0.94,0.0107526881720429,6.8182,False,True,Consumer Cyclical,Footwear & Accessories,11067498496.0,,0.0735,,,
DEI,1.5,2025-10-10,2026-09-11,49,10.67,13.05,8.85,1.47,0.1,-0.51,False,0.0666,0.0943,0.612,0.0506,0.43,True,0.107,41.4,0,24,0.0068,0.0203,0.1,0.73,1.32,0.02,False,2026-09-11,0.01629732920288074,-0.0022899397698133983,0.018587268972694138,0.007821338580235482,-22877000.0,0.6319441196189407,2026-06-30,190878000.0,0.37,10.25,2.7778,True,False,Real Estate,REIT - Office,2157594368.0,,0.2671,,,
DEO,1.5,2025-08-29,2026-09-11,55,86.31,107.89,72.59,1.49,-0.33,-0.52,False,0.0636,0.0864,0.764,0.0394,0.39,True,0.101,49.0,1,23,0.0433,0.0481,0.68,0.7,1.61,0.02,False,2026-09-11,-0.013508833781025076,1.821835785048267,-1.835344618829292,0.40294555975136603,4084399096.0,0.5767178481907826,2026-06-30,6789419021.0,0.0,-1.0,,False,True,Consumer Defensive,Beverages - Wineries & Distilleries,48157683712.0,,0.0064,,,
DFH,1.5,2026-03-06,2026-09-11,28,12.02,17.2,12.02,1.43,-0.03,-0.73,False,0.0504,0.0791,0.75,0.0648,0.0,True,0.045,36.6,0,0,0.0606,0.0436,1.2,0.97,0.78,0.04,True,2026-09-11,-0.0756893711891734,-0.10307605738525527,0.027386686196081866,-0.12197586362098367,146691000.0,0.07650946376986037,2026-06-30,-161750000.0,0.27,-0.5178571428571429,-10.0,False,False,Consumer Cyclical,Residential Construction,1110865920.0,,0.4588,,,
DFIN,1.5,2026-01-23,2026-09-11,34,48.37,54.27,36.74,1.48,-0.12,-0.47,False,0.0436,0.1004,0.559,0.0684,0.66,True,0.053,52.9,0,14,0.0081,0.0193,0.19,0.87,0.64,0.0,False,2026-09-11,0.02796882164144887,0.021879661859771193,0.006089159781677678,0.0298013245033113,35200000.0,0.5829616413916147,2026-06-30,152300000.0,1.5,0.00671140939597316,-1.9608,False,True,Technology,Software - Application,1178869120.0,,0.0545,,,
DG,1.5,2026-03-06,2026-09-11,28,122.99,144.88,101.86,1.42,0.05,-0.34,False,0.041,0.0755,0.821,0.0504,0.49,True,0.075,51.0,0,17,0.015,0.033,0.37,0.67,0.81,0.0,False,2026-09-11,0.05244750127636433,0.03363230224974578,0.018815199026618545,0.0476897405389205,1703399000.0,0.32602277336989544,2026-07-31,2701086000.0,2.23,0.19892473118279563,11.5,False,True,Consumer Defensive,Discount Stores,27484438528.0,,0.0302,,,
DHI,1.5,2025-06-13,2026-09-11,66,135.57,179.64,121.3,1.48,-0.01,-0.36,False,0.0456,0.081,0.712,0.0466,0.24,True,0.037,40.7,2,65,0.0206,0.0167,0.45,0.7,0.98,0.0,False,2026-09-11,0.00016259105098859195,-0.02274372898888022,0.02290632003986881,-0.03543869594391358,3052900000.0,0.232597457489352,2026-06-30,3308800000.0,3.2,-0.04761904761904753,7.0234,False,True,Consumer Cyclical,Residential Construction,38568009728.0,,0.0475,,,
DHR,1.5,2025-01-31,2026-09-11,85,200.53,237.37,161.57,1.47,-0.07,-0.41,False,0.0514,0.079,0.741,0.0328,0.51,True,0.113,51.0,1,17,0.0311,0.0216,0.61,0.9,1.57,0.02,False,2026-09-11,0.05542452830188682,0.03657899320675839,0.01884553509512843,0.045558655728147324,4004000000.0,0.5763766959297686,2026-06-30,5466000000.0,1.94,0.07777777777777772,5.4348,False,True,Healthcare,Diagnostics & Research,140695633920.0,,0.0154,,,
DIN,1.5,2025-11-14,2026-09-11,44,28.23,37.36,25.04,1.49,0.19,-0.43,False,0.0933,0.1094,0.568,0.0685,0.26,True,0.211,39.7,0,24,0.0321,0.0227,0.34,0.64,1.36,0.0,False,2026-09-11,0.04383319467554081,0.048514759288574405,-0.004681564613033595,0.06443111165788151,6689000.0,0.37858032378580325,2026-06-30,191000.0,1.16,-0.008547008547008555,11.5385,False,True,Consumer Cyclical,Restaurants,358127360.0,,0.1449,,,
DIS,1.5,2023-11-03,2026-09-11,150,105.82,122.23,81.99,1.49,0.26,-0.52,True,0.0656,0.0936,0.673,0.0366,0.59,True,0.014,54.3,2,75,0.0166,0.0454,0.25,0.94,1.79,0.01,False,2026-09-11,0.06756871035940804,0.06549257017061083,0.002076140188797204,0.04576082932247316,8600000000.0,0.4016951837769328,2026-06-30,8293000000.0,2.06,0.2795031055900621,9.5745,False,True,Communication Services,Entertainment,183978491904.0,,0.012,,,
DJCO,1.5,2025-11-28,2026-09-11,42,647.7,664.72,458.39,1.45,0.37,-0.22,True,0.0782,0.0994,0.619,0.0538,0.92,True,0.16,65.9,1,41,0.0402,0.0217,0.51,1.14,1.45,0.0,False,2026-09-11,0.15252499359138683,0.2498349471830985,-0.09730995359171168,0.23352998395634095,-11355000.0,1.0,2026-06-30,17291000.0,-7.9,-1.7545367717287488,,False,False,Technology,Software - Application,912066432.0,,0.1535,,,
DJT,1.5,2026-02-13,2026-09-11,31,8.78,10.98,7.42,1.48,-0.31,-0.88,False,0.0615,0.0927,0.645,0.1067,0.38,True,0.005,46.0,1,11,0.0593,0.0364,0.96,1.09,0.58,0.03,False,2026-09-11,0.8902977470847957,0.06088650754992697,0.8294112395348687,0.21612529938911162,-1304079200.0,-0.4188177516919207,2026-06-30,8487700.0,-0.19,-1.2864019253910952,,False,False,Communication Services,Internet Content & Information,2406971392.0,,0.0866,,,
DKNG,1.5,2026-01-23,2026-09-11,34,23.71,29.97,20.72,1.45,0.02,-0.61,False,0.0501,0.0787,0.735,0.0682,0.32,True,0.04,43.3,0,24,0.0323,0.0447,0.64,0.85,0.73,0.0,True,2026-09-11,-0.04579945745705638,0.16841921456893294,-0.21421867202598932,0.15027945818294408,-166902000.0,0.3820950850000173,2026-06-30,615764000.0,-0.08,-1.2105263157894737,-200.0,False,False,Consumer Cyclical,Gambling,12282272768.0,,0.0789,,,
DKS,2.0,2023-12-01,2026-09-11,146,131.89,238.63,128.48,1.86,0.31,-0.06,False,0.0675,0.129,0.603,0.0568,0.03,False,-0.084,27.4,2,144,0.0943,0.1107,1.4,1.38,1.19,0.01,False,2026-09-11,0.5320546501194532,0.6267809292094912,-0.09472627909003806,0.5353584919333061,838831999.0,0.3478316357352087,2026-07-31,320819000.0,3.53,-0.1940639269406393,-6.6138,False,True,Consumer Cyclical,Specialty Retail,12007753728.0,,0.1668,,,
DLO,1.5,2025-08-08,2026-09-11,58,14.92,15.52,10.79,1.44,0.04,-0.47,True,0.064,0.09,0.569,0.078,0.87,True,0.169,57.0,1,57,0.0227,0.0262,0.35,1.23,0.82,0.05,False,2026-09-11,0.5583994260268739,0.5494719942424535,0.008927431784420348,0.5702655064031446,203974000.0,0.31814223948116416,2026-06-30,423765529.0,0.18,0.058823529411764594,-10.0,False,True,Technology,Software - Infrastructure,4372838912.0,,0.1422,,,
DLX,1.5,2025-12-12,2026-09-11,40,23.64,31.11,21.41,1.45,0.03,-0.0,True,0.0604,0.0897,0.5,0.0627,0.23,False,-0.07,46.9,1,36,0.0165,0.0156,0.27,0.99,0.96,0.0,True,2026-09-11,-0.04213236154205058,0.003036510827239436,-0.045168872369290014,0.0029543513802974264,100629000.0,0.5199278990586822,2026-06-30,236386000.0,0.75,-0.14772727272727273,11.9403,False,True,Industrials,Conglomerates,1083125504.0,,0.1209,,,
DMAC,1.5,2026-02-20,2026-09-11,30,6.47,8.42,5.64,1.49,-0.23,-0.4,True,0.0513,0.1023,0.6,0.1062,0.3,True,0.082,47.6,1,14,0.0216,0.0314,0.42,0.84,0.48,0.0,False,2026-09-11,,,,-1.0020286190407188,-37541000.0,,2026-06-30,-31599050.0,-0.19,-0.05555555555555561,0.0,False,False,Healthcare,Biotechnology,348899232.0,,0.149,,,
DMAC,2.0,2025-08-15,2026-09-11,57,6.47,9.39,5.64,1.66,-0.16,-0.14,True,0.1036,0.1329,0.509,0.0984,0.22,True,0.082,47.6,1,14,0.0216,0.0314,0.21,0.63,1.05,0.0,False,2026-09-11,,,,-1.0020286190407188,-37541000.0,,2026-06-30,-31599050.0,-0.19,-0.05555555555555561,0.0,False,False,Healthcare,Biotechnology,348899232.0,,0.149,,,
DMRA,2.0,2025-11-28,2026-09-11,42,26.84,34.14,17.78,1.92,0.18,-0.34,True,0.0983,0.139,0.69,0.7037,0.55,True,0.193,50.5,0,41,0.021,0.0366,0.21,1.41,0.14,0.0,False,2026-09-11,,,,,-262826000.0,,2026-06-30,-44515000.0,-0.39,0.8499307372633523,-2.6316,False,False,Healthcare,Biotechnology,1734768128.0,,0.0781,,,
DNA,2.0,2025-11-07,2026-09-11,45,6.78,10.4,5.93,1.75,-0.26,-0.92,False,0.131,0.1398,0.556,0.1652,0.19,True,0.029,42.9,0,24,0.0426,0.1214,0.33,0.92,0.79,0.0,False,2026-09-11,-0.5936618014676236,-0.5969617947762739,0.003299993308650273,-0.5153564543032298,-290803000.0,0.9147152212740624,2026-06-30,-190120000.0,-0.86,0.21818181818181825,-22.8571,False,False,Healthcare,Biotechnology,454546880.0,,0.128,,,
DNN,2.0,2025-08-29,2026-09-11,55,3.23,4.18,2.27,1.84,0.39,-0.06,True,0.1331,0.1534,0.6,0.083,0.5,False,-0.084,49.4,0,42,0.0542,0.0402,0.41,0.66,1.6,0.0,False,2026-09-11,-0.4354937304075235,-0.1956363636363636,-0.23985736677115987,-0.09359831709477417,-275556925.0,-20.377833155169302,2026-06-30,-167176566.0,-0.02,,0.0,False,False,Energy,Uranium,2733878016.0,,0.0226,,,
DNOW,1.5,2025-02-28,2026-09-11,81,15.47,17.05,11.39,1.5,-0.33,-0.35,True,0.0683,0.0952,0.63,0.0612,0.72,True,0.156,57.4,1,26,0.0304,0.0881,0.45,1.14,1.12,0.01,False,2026-09-11,1.0812101910828025,0.974958263772955,0.10625192730984745,0.6984193011647255,-187000000.0,0.18592195868400918,2026-06-30,136000000.0,0.12,-0.5555555555555556,50.0,False,False,Industrials,Industrial Distribution,2829299200.0,,0.074,,,
DNUT,1.5,2025-12-26,2026-09-11,38,3.2,4.31,2.95,1.46,-0.2,-0.8,False,0.0507,0.0942,0.605,0.1257,0.18,False,-0.047,44.5,0,30,0.0405,0.0385,0.8,1.07,0.4,0.0,False,2026-09-11,-0.1284261139066849,-0.02172267474092715,-0.10670343916575775,-0.04753382578187093,-95722000.0,0.7400655599027176,2026-06-30,37342000.0,-0.05,0.7222222222222223,-25.0,False,False,Consumer Defensive,Grocery Stores,556934976.0,,0.1909,,,
DNUT,2.0,2025-03-28,2026-09-11,77,3.2,4.96,2.64,1.88,-0.07,-0.83,False,0.0807,0.1382,0.714,0.0717,0.24,False,-0.047,44.5,1,65,0.0405,0.0385,0.5,0.82,1.13,0.0,False,2026-09-11,-0.1284261139066849,-0.02172267474092715,-0.10670343916575775,-0.04753382578187093,-95722000.0,0.7400655599027176,2026-06-30,37342000.0,-0.05,0.7222222222222223,-25.0,False,False,Consumer Defensive,Grocery Stores,556934976.0,,0.1909,,,
DOC,1.5,2024-03-22,2026-09-11,130,20.37,22.3,15.03,1.48,0.16,-0.4,True,0.0706,0.0969,0.554,0.0372,0.73,True,0.193,54.1,1,129,0.0219,0.0181,0.31,0.84,1.9,0.01,False,2026-09-11,0.11122808735677214,0.07122461725820162,0.040003470098570526,0.055151948296300324,253720000.0,0.568258078563569,2026-06-30,296208000.0,0.46,6.666666666666667,4.5455,False,True,Real Estate,REIT - Healthcare Facilities,14391628800.0,,0.0456,,,
DOCS,1.5,2026-02-06,2026-09-11,32,24.71,27.73,18.97,1.46,-0.13,-0.76,False,0.0928,0.1033,0.531,0.0764,0.66,True,0.036,46.5,0,17,0.0588,0.0659,0.63,1.05,1.21,0.0,False,2026-09-11,0.07336563568701893,0.05122642600948746,0.02213920967753147,0.11181813864825085,167046000.0,0.8487274770460611,2026-06-30,299285000.0,0.14,-0.48148148148148145,-12.5,False,True,Healthcare,Health Information Services,4559532032.0,,0.1127,,,
DOCS,2.0,2026-01-30,2026-09-11,33,24.71,37.47,18.97,1.98,-0.19,-0.76,False,0.0968,0.1424,0.545,0.076,0.31,True,0.036,46.5,0,17,0.0588,0.0659,0.61,1.04,1.27,0.0,False,2026-09-11,0.07336563568701893,0.05122642600948746,0.02213920967753147,0.11181813864825085,167046000.0,0.8487274770460611,2026-06-30,299285000.0,0.14,-0.48148148148148145,-12.5,False,True,Healthcare,Health Information Services,4559532032.0,,0.1127,,,
DOLE,1.5,2024-03-01,2026-09-11,133,13.57,16.17,10.99,1.47,0.39,-0.16,True,0.0529,0.0925,0.654,0.0364,0.5,False,-0.045,42.9,1,131,0.0206,0.0128,0.39,1.44,1.45,0.02,False,2026-09-11,0.029230444234065844,0.11563805727720822,-0.08640761304314237,0.08323558136037623,59713000.0,0.07813680903220799,2026-06-30,79261000.0,0.46,-0.16363636363636366,-8.0,False,True,Consumer Defensive,Farm Products,1259135872.0,,0.0476,,,
DOMO,2.0,2026-02-13,2026-09-11,31,3.78,4.71,2.42,1.95,-0.03,-0.87,False,0.0569,0.1344,0.774,0.1051,0.59,True,0.029,43.9,0,22,0.017,0.0515,0.3,1.12,0.54,0.03,False,2026-09-11,-0.03681728091522618,-0.008837737639025844,-0.027979543276200336,-0.009891224796851339,-42145000.0,0.7713035437531746,2026-07-31,-8790000.0,-0.3,-16.0,3.2258,False,False,Technology,Software - Application,180148496.0,,0.2007,,,
DOO,1.5,2025-08-15,2026-09-11,57,60.66,81.22,55.22,1.47,-0.19,-0.23,False,0.0673,0.1068,0.491,0.0584,0.21,True,0.023,47.4,1,16,0.0344,0.0401,0.51,0.97,1.15,0.0,False,2026-09-11,0.19771763266603104,0.29503492338513193,-0.09731729071910089,0.1991661030975378,111219580.0,0.11735514986220168,2026-07-31,1159955719.0,-0.13,-1.141304347826087,71.7391,False,True,Consumer Cyclical,Recreational Vehicles,4339457024.0,,,,,
DOO,2.0,2025-05-30,2026-09-11,68,60.66,81.22,42.44,1.91,0.28,-0.49,False,0.0853,0.1466,0.662,0.048,0.47,True,0.023,47.4,1,67,0.0344,0.0401,0.4,1.01,1.78,0.0,False,2026-09-11,0.19771763266603104,0.29503492338513193,-0.09731729071910089,0.1991661030975378,111219580.0,0.11735514986220168,2026-07-31,1159955719.0,-0.13,-1.141304347826087,71.7391,False,True,Consumer Cyclical,Recreational Vehicles,4339457024.0,,,,,
DORM,1.5,2025-10-31,2026-09-11,46,126.63,141.97,100.9,1.41,0.13,-0.38,True,0.0423,0.0837,0.565,0.0493,0.63,True,0.17,48.0,0,23,0.0183,0.0257,0.43,0.95,0.86,0.02,False,2026-09-11,0.006726942337589303,0.0415172978892715,-0.034790355551682195,0.03299785830286317,219302000.0,0.46130356703476694,2026-06-30,214171000.0,3.08,0.49514563106796117,73.0337,False,True,Consumer Cyclical,Auto Parts,3758713856.0,,0.0783,,,
DRD,2.0,2025-09-05,2026-09-11,54,26.37,37.48,19.36,1.94,-0.2,0.1,True,0.1102,0.159,0.667,0.0794,0.39,False,-0.134,52.2,0,8,0.1179,0.1138,1.07,0.72,1.39,0.0,False,2026-09-11,0.8524156058796508,0.4740982419231359,0.37831736395651494,0.6826194200907707,6385192405.0,0.5698352368385858,2026-06-30,3422307134.0,14.68,,,True,True,Basic Materials,Gold,2325493248.0,,0.026,,,
DRS,1.5,2025-04-11,2026-09-11,75,36.31,48.66,33.04,1.47,0.16,-0.09,True,0.0669,0.0992,0.573,0.0551,0.21,False,-0.032,37.8,2,42,0.0869,0.0433,1.3,0.78,1.21,0.01,False,2026-09-11,0.10132689987937282,0.05882352941176472,0.042503370467608104,0.1046477638117509,322000000.0,0.25958378970427165,2026-06-30,363000000.0,0.35,0.5217391304347825,29.6296,False,True,Industrials,Aerospace & Defense,9626776576.0,,0.0117,,,
DRUG,2.0,2025-09-12,2026-09-11,53,65.0,89.9,48.75,1.84,0.3,-0.0,True,0.1082,0.1519,0.528,5.8667,0.39,False,-0.096,42.9,0,52,0.0533,0.0691,0.49,1.03,0.02,0.0,False,2026-09-11,,,,,-24746684.0,,2026-06-30,-24998794.0,-0.17,0.7702702702702702,87.7698,False,False,Healthcare,Biotechnology,619926016.0,,0.1182,,,
DSGR,2.0,2024-12-13,2026-09-11,92,34.75,38.5,19.31,1.99,-0.04,-0.52,True,0.0594,0.1089,0.815,0.0513,0.8,True,0.204,68.9,2,26,0.0032,0.0067,0.05,4.14,1.16,0.05,False,2026-09-11,0.11005757935820815,0.03758349388844606,0.07247408546976208,0.06445896934494866,8957000.0,0.32297833734360826,2026-06-30,25003000.0,0.47,0.34285714285714286,23.6842,False,True,Industrials,Industrial Distribution,1607376000.0,,0.0445,,,
DSP,2.0,2025-03-07,2026-09-11,80,12.74,15.39,8.14,1.89,-0.17,-0.67,True,0.104,0.1457,0.675,0.0786,0.63,True,0.107,53.3,2,48,0.0307,0.0392,0.3,0.95,1.32,0.0,False,2026-09-11,0.3391134574133303,0.25333371082358935,0.08577974658974097,0.2198850130781138,8686000.0,0.4368561398123813,2026-06-30,54177000.0,0.01,-0.888888888888889,110.0,False,True,Technology,Software - Application,838423488.0,,0.0761,,,
DTK,1.5,2025-09-26,2026-09-11,51,22.18,24.49,22.18,1.1,-0.28,,,0.0075,0.0176,0.392,,0.0,False,-0.024,26.0,0,0,0.0144,0.0131,1.92,0.73,,0.12,False,2026-09-11,,,,,,,,,,,,,,,,,,,,,
DTK,2.0,2025-09-26,2026-09-11,51,22.18,24.49,22.18,1.1,-0.28,,,0.0075,0.0176,0.392,,0.0,False,-0.024,26.0,0,0,0.0144,0.0131,1.92,0.73,,0.12,False,2026-09-11,,,,,,,,,,,,,,,,,,,,,
DUOL,2.0,2026-01-02,2026-09-11,37,145.16,176.66,90.03,1.96,0.07,-0.83,False,0.1111,0.1775,0.541,0.0936,0.64,True,0.278,54.0,0,22,0.0505,0.0608,0.45,0.93,1.19,0.0,False,2026-09-11,0.18309713991239374,0.26533415964948026,-0.08223701973708653,0.2935653989371316,410767000.0,0.7262090640433702,2026-06-30,405197000.0,0.66,-0.2747252747252747,8.1967,False,True,Technology,Software - Application,6694498816.0,,0.2157,,,
DUOT,2.0,2025-09-12,2026-09-11,53,8.1,13.5,6.76,2.0,0.14,-0.21,True,0.1063,0.1648,0.642,0.1263,0.2,True,0.027,44.0,1,23,0.0409,0.1066,0.38,1.62,0.84,0.0,False,2026-09-11,0.07660021955910001,0.24700975428018146,-0.17040953472108145,0.8642053660871325,91451523.0,0.5580340002620063,2026-06-30,-62839604.0,-0.13,0.5666666666666667,-550.0,False,False,Technology,Software - Application,259962864.0,,0.2256,,,
DV,1.5,2025-09-12,2026-09-11,53,13.37,13.38,9.06,1.48,0.18,-0.79,False,0.0514,0.1049,0.642,0.065,1.0,True,0.193,64.2,1,17,0.0056,0.1148,0.11,0.97,0.79,0.02,False,2026-09-11,0.02522471048190411,0.09550408636807006,-0.07027937588616595,0.07639245707789466,58859000.0,0.8323743865750894,2026-06-30,154176000.0,0.11,-0.26666666666666666,10.0,False,True,Communication Services,Advertising Agencies,2078383488.0,,0.0672,,,
DXCM,2.0,2024-07-26,2026-09-11,112,84.51,92.34,55.0,1.68,-0.08,-0.6,False,0.0842,0.1174,0.652,0.0523,0.79,True,0.223,59.2,2,44,0.0365,0.0883,0.43,1.25,1.61,0.04,False,2026-09-11,0.1307579293060237,0.15048262548262548,-0.019724696176601775,0.1554129464285714,999700000.0,0.6343625802506878,2026-06-30,1405000000.0,0.7,0.4583333333333333,14.7541,False,True,Healthcare,Medical Devices,31332263936.0,,0.0539,,,
EAF,2.0,2026-02-06,2026-09-11,32,6.16,9.98,5.66,1.76,0.01,-0.73,False,0.1385,0.1654,0.469,0.1412,0.12,False,-0.156,41.3,0,26,0.0625,0.0981,0.45,1.02,0.98,0.0,False,2026-09-11,-0.033965412621359214,0.11858117472438057,-0.15254658734573978,0.008589125946318,-177346000.0,-0.003313390179174322,2026-06-30,-117377000.0,-1.47,0.08125000000000007,1.3423,False,False,Industrials,Electrical Equipment & Parts,171686432.0,,0.0664,,,
EARN,1.5,2023-11-03,2026-09-11,150,4.31,5.04,3.5,1.44,0.07,-0.4,False,0.0577,0.079,0.56,0.0329,0.53,False,-0.007,47.9,3,148,0.0058,0.0114,0.1,0.97,1.75,0.05,False,2026-09-11,-0.006891335406336685,0.8170839469808542,-0.8239752823871909,0.15724620569735737,-36738000.0,1.0,2026-06-30,,0.15,-0.16666666666666666,-25.0,False,,Financial Services,Asset Management,162297216.0,,0.0278,,,
ECC,1.5,2026-01-30,2026-09-11,33,3.71,4.65,3.25,1.43,-0.09,-0.48,False,0.0373,0.0721,0.606,0.0441,0.33,False,-0.005,45.5,0,26,0.0119,0.0242,0.32,0.69,0.85,0.0,False,2026-09-11,-1.8827362632111755,-0.4547838098633037,-1.4279524533478718,-0.9646345049271213,-166610119.0,1.129971535314314,2026-06-30,77856510.0,0.17,-0.2272727272727272,-5.5556,False,False,Financial Services,Asset Management,492139776.0,,0.0001,,,
ECG,1.5,2026-02-27,2026-09-11,29,115.23,163.24,110.25,1.48,0.1,0.02,,0.1166,0.1151,0.552,0.0627,0.09,False,-0.046,42.1,0,27,0.0733,0.0585,0.63,0.82,1.86,0.03,False,2026-09-11,0.3365083464826699,0.25443578679189827,0.08207255969077165,0.30534111538529785,254461000.0,0.14853107514370137,2026-06-30,250372000.0,1.64,0.5922330097087377,49.0909,False,True,Industrials,Engineering & Construction,6095388672.0,,0.0434,,,
ECHO,2.0,2025-11-21,2026-09-11,43,91.85,137.23,68.63,2.0,-0.14,-0.11,True,0.1223,0.1545,0.674,0.1748,0.34,False,-0.249,44.1,0,42,0.0227,0.0452,0.19,0.49,0.7,0.05,False,2026-09-11,-0.03994540611051023,-0.05226915998364756,0.012323753873137333,-0.05168787027251465,-5672892000.0,0.3436763526504937,2026-06-30,-271443000.0,0.19,1.1792452830188678,165.5172,True,False,Communication Services,Telecom Services,27056306176.0,,0.2454,,,
ECVT,1.5,2025-12-26,2026-09-11,38,10.07,14.56,9.91,1.47,0.07,-0.11,True,0.0984,0.1161,0.474,0.0502,0.03,False,-0.156,35.9,0,36,0.0217,0.0896,0.22,0.76,1.96,0.03,False,2026-09-11,0.24920051167252955,0.5020159458874005,-0.25281543421487096,0.2341358910690785,-61301000.0,0.1992,2026-06-30,72210000.0,0.2,1.0,17.6471,False,False,Basic Materials,Specialty Chemicals,1085926528.0,,0.0477,,,
EDN,2.0,2025-10-17,2026-09-11,48,25.07,34.75,18.57,1.87,-0.38,-0.62,True,0.0949,0.1298,0.771,0.0906,0.4,False,-0.058,49.1,1,47,0.0474,0.0338,0.5,0.57,1.05,0.02,False,2026-09-11,0.3205334488101601,0.32601971700846466,-0.005486268198304556,0.2537017988949244,257545000000.0,0.20252442028718176,2026-06-30,-77251000000.0,0.64,-0.9939742020525374,,False,False,Utilities,Utilities - Regulated Electric,1164616064.0,,0.0904,,,
EDU,1.5,2024-10-25,2026-09-11,99,54.58,61.99,42.05,1.47,0.02,-0.55,False,0.0912,0.1015,0.525,0.0637,0.63,True,0.015,52.4,1,74,0.0489,0.0759,0.54,0.84,1.43,0.0,False,2026-09-11,0.23196573798118503,0.1980347490184311,0.03393098896275393,0.1562079927563056,475770109.0,0.5310258299011446,2026-05-31,780180000.0,0.42,-0.3114754098360656,-2.3256,False,True,Consumer Defensive,Education & Training Services,9305871360.0,,0.0247,,,
EE,1.5,2026-01-02,2026-09-11,37,38.61,41.86,28.15,1.49,0.3,-0.11,True,0.068,0.086,0.649,0.0493,0.76,True,0.121,56.4,1,36,0.0176,0.0172,0.26,0.95,1.38,0.0,False,2026-09-11,0.6096570132384287,0.3756037957408995,0.23405321749752916,0.4897386387913778,47480000.0,0.5889845565122318,2026-06-30,-217148773.0,0.37,0.08823529411764697,5.7143,False,False,Energy,Oil & Gas Midstream,4355774976.0,,0.1183,,,
EFXT,1.5,2026-02-13,2026-09-11,31,22.33,27.8,18.88,1.47,0.08,0.03,True,0.0757,0.1036,0.613,0.0559,0.39,False,-0.075,51.8,0,30,0.0143,0.045,0.19,1.01,1.35,0.0,False,2026-09-11,-0.06957149642830562,0.04647822976629201,-0.11604972619459764,0.10141371950713718,51112945.0,0.23883161512027493,2026-06-30,246883021.0,0.25,-0.4897959183673469,-24.2424,False,True,Energy,Oil & Gas Equipment & Services,2798598144.0,,,,,
EGY,1.5,2026-01-16,2026-09-11,35,6.24,6.34,4.35,1.46,0.37,-0.32,True,0.0678,0.0923,0.629,0.0517,0.95,False,-0.037,62.4,0,34,0.044,0.0505,0.65,0.91,1.31,0.0,False,2026-09-11,0.04964550022131964,-0.4326151782396287,0.48226067846094833,-0.3019872016154618,-108814000.0,0.6635988340263084,2026-06-30,-251273000.0,0.02,0.0,-50.0,False,False,Energy,Oil & Gas E&P,664812032.0,,0.0799,,,
EIG,1.5,2023-11-03,2026-09-11,150,49.17,51.57,35.19,1.47,0.32,-0.15,True,0.0747,0.096,0.647,0.03,0.85,True,0.173,60.7,1,147,0.0072,0.0144,0.1,1.11,2.49,0.03,False,2026-09-11,-0.10596833130328864,0.024679170779861703,-0.13064750208315035,-0.05868465430016867,7600000.0,0.4445958219800182,2026-06-30,21200000.0,0.7,0.4583333333333333,14.7541,False,True,Financial Services,Insurance - Specialty,891918720.0,,0.1137,,,
EL,2.0,2025-05-09,2026-09-11,71,96.47,116.47,59.6,1.95,0.19,-0.69,False,0.0828,0.1499,0.676,0.071,0.65,True,0.112,55.7,1,70,0.0974,0.0417,1.18,0.68,1.17,0.0,False,2026-09-11,0.06193131787496342,0.045633802816901436,0.016297515058061984,0.05076106689009907,182000000.0,0.8090105030403538,2026-06-30,1316000000.0,0.39,3.333333333333334,21.875,False,True,Consumer Defensive,Household & Personal Products,35137875968.0,,0.0316,,,
ELDN,1.5,2026-03-20,2026-09-11,26,2.78,4.07,2.78,1.46,0.03,-0.48,True,0.0811,0.1076,0.385,0.1208,0.0,True,0.018,40.6,0,0,0.0556,0.0754,0.69,0.85,0.67,0.0,False,2026-09-11,,,,-1.0,-98561000.0,,2026-06-30,-73857000.0,-0.19,-0.4615384615384615,0.0,False,False,Healthcare,Biotechnology,225906000.0,,0.0954,,,
ELDN,2.0,2026-02-20,2026-09-11,30,2.78,4.07,2.19,1.86,0.36,-0.59,True,0.1092,0.1431,0.533,0.1176,0.31,True,0.018,40.6,0,29,0.0556,0.0754,0.51,0.89,0.93,0.0,False,2026-09-11,,,,-1.0,-98561000.0,,2026-06-30,-73857000.0,-0.19,-0.4615384615384615,0.0,False,False,Healthcare,Biotechnology,225906000.0,,0.0954,,,
ELPC,1.5,2026-01-09,2026-09-11,36,12.71,13.14,8.99,1.46,0.37,-0.05,True,0.0412,0.0856,0.667,0.0387,0.9,False,-0.038,61.4,0,34,0.0318,0.0216,0.77,1.31,1.06,0.06,False,2026-09-11,0.11130760781179072,0.17707542014831423,-0.06576781233652351,0.4853004524020619,3193733214.0,0.39303238291769904,2026-06-30,1093833384.0,0.16,-0.15789473684210525,14.2857,False,True,Utilities,Utilities - Regulated Electric,9265184768.0,,0.0011,,,
ELVA,2.0,2025-12-12,2026-09-11,40,6.59,11.69,6.59,1.77,0.01,-0.06,True,0.1316,0.1591,0.55,0.0926,0.0,False,-0.109,40.9,0,0,0.1064,0.1657,0.81,1.2,1.42,0.0,False,2026-09-11,0.00771330181521046,0.1851113996537488,-0.17739809783853833,0.2915381321184509,4387152.0,0.3211402367033896,2026-06-30,-44195049.0,0.01,-0.5,-66.6667,False,False,Industrials,Electrical Equipment & Parts,318333088.0,,,,,
EME,1.5,2025-12-26,2026-09-11,38,748.33,921.16,626.08,1.47,0.36,-0.16,True,0.0583,0.0904,0.737,0.0538,0.41,False,-0.055,45.9,0,37,0.0299,0.0364,0.51,0.98,1.08,0.03,True,2026-09-11,0.19758665551528676,0.19673850873409648,0.0008481467811902732,0.18944254691002427,1436341000.0,0.19833179822196081,2026-06-30,1171382000.0,9.06,0.34821428571428586,25.3112,False,True,Industrials,Engineering & Construction,34434834432.0,,0.0208,,,
EMN,1.5,2025-03-21,2026-09-11,78,68.38,83.59,56.0,1.49,0.01,-0.46,False,0.0508,0.0916,0.692,0.0332,0.45,False,-0.021,45.1,1,58,0.0273,0.0328,0.54,0.65,1.53,0.04,False,2026-09-11,0.09881941407958017,-0.04934497816593886,0.14816439224551903,-0.045337066551798366,442000000.0,0.22284122562674094,2026-06-30,539000000.0,1.97,0.23124999999999993,9.4444,False,True,Basic Materials,Specialty Chemicals,7786786304.0,,0.0631,,,
ENR,1.5,2025-10-03,2026-09-11,50,20.04,23.39,15.9,1.47,-0.04,-0.54,False,0.0864,0.102,0.56,0.0646,0.55,True,0.178,48.2,2,23,0.0372,0.0488,0.43,0.98,1.34,0.02,False,2026-09-11,0.012132910519784934,-0.029567053854276715,0.04169996437406165,0.02170494941208645,81500000.0,0.38223675248603733,2026-06-30,150600000.0,0.75,-0.3362831858407079,-12.7907,False,True,Industrials,Electrical Equipment & Parts,1409393280.0,,0.1063,,,
ENS,1.5,2026-03-13,2026-09-11,27,179.02,236.71,160.81,1.47,0.02,-0.11,True,0.0848,0.107,0.519,0.0507,0.24,False,-0.05,42.3,0,26,0.0177,0.0512,0.21,1.04,1.67,0.0,False,2026-09-11,0.047722121689898644,0.013436023478676562,0.03428609821122208,0.037265627157271775,352448000.0,0.33491478034844563,2026-06-30,717312000.0,3.66,0.7596153846153846,29.7872,False,True,Industrials,Electrical Equipment & Parts,6471904256.0,,0.0703,,,
ENSG,1.5,2025-07-25,2026-09-11,60,172.79,214.01,149.31,1.43,0.09,-0.03,True,0.0363,0.0829,0.733,0.0302,0.36,False,-0.059,47.2,0,13,0.0191,0.0264,0.53,0.8,1.2,0.05,False,2026-09-11,0.17325083138603437,0.18426892154664665,-0.011018090160612282,0.18892754198522255,378704000.0,0.1664943862501484,2026-06-30,419091000.0,1.72,0.0817610062893081,5.5215,False,True,Healthcare,Medical Care Facilities,10139977728.0,,0.03,,,
ENTA,1.5,2025-11-14,2026-09-11,44,12.7,16.85,11.28,1.49,-0.11,-0.35,False,0.0452,0.0754,0.795,0.1178,0.25,True,0.016,47.3,1,14,0.0372,0.0324,0.82,0.93,0.38,0.0,False,2026-09-11,-0.21595500709839466,0.14960471660190278,-0.36555972370029743,0.00697466283986059,-63230000.0,1.0,2026-06-30,-36939000.0,-0.67,0.21176470588235288,-81.0811,False,False,Healthcare,Biotechnology,377465216.0,,0.1075,,,
ENTA,2.0,2025-10-03,2026-09-11,50,12.7,16.85,10.33,1.63,0.19,-0.41,False,0.0531,0.0992,0.78,0.1135,0.36,True,0.016,47.3,1,49,0.0372,0.0324,0.7,0.81,0.47,0.02,False,2026-09-11,-0.21595500709839466,0.14960471660190278,-0.36555972370029743,0.00697466283986059,-63230000.0,1.0,2026-06-30,-36939000.0,-0.67,0.21176470588235288,-81.0811,False,False,Healthcare,Biotechnology,377465216.0,,0.1075,,,
EPC,2.0,2025-02-07,2026-09-11,84,26.88,30.7,15.73,1.95,-0.26,-0.62,False,0.1649,0.186,0.464,0.0307,0.75,True,0.35,56.7,1,17,0.0197,0.0253,0.12,0.91,5.37,0.04,False,2026-09-11,-0.09103954081632648,-0.10539004649560879,0.01435050567928231,-0.07001225100957398,-93200000.0,0.425363971233117,2026-06-30,52400000.0,0.72,-0.21739130434782614,12.5,False,False,Consumer Defensive,Household & Personal Products,1241174528.0,,0.0979,,,
EPM,1.5,2025-01-31,2026-09-11,85,3.84,4.76,3.18,1.5,-0.26,-0.57,False,0.0774,0.0932,0.6,0.0448,0.42,False,-0.147,48.2,1,35,0.0163,0.0217,0.21,1.08,1.73,0.01,False,2026-09-11,-0.10606799344000706,0.019926017262638762,-0.12599401070264582,-0.03159645877685868,-3631000.0,0.0949523998413328,2026-03-31,7861000.0,-0.2634,-14.170000000000002,-5168.0,False,False,Energy,Oil & Gas E&P,133733424.0,,0.0891,,,
EQNR,1.5,2026-03-06,2026-09-11,28,45.11,45.11,30.73,1.47,0.29,0.05,True,0.0646,0.0948,0.714,0.0418,1.0,True,0.007,66.8,0,11,0.0259,0.0725,0.4,0.77,1.55,0.0,False,2026-09-11,0.3737763629128532,-0.05339640620745989,0.4271727691203131,0.0672005354623586,9055365238.0,0.45972250383802105,2026-06-30,9566340661.0,1.33,1.078125,-3.6232,False,True,Energy,Oil & Gas Integrated,106263166976.0,,0.0248,,,
EQT,1.5,2025-01-03,2026-09-11,89,54.96,67.15,45.3,1.48,0.27,0.01,True,0.0478,0.0768,0.742,0.0478,0.44,False,-0.092,51.3,0,75,0.017,0.0294,0.36,0.82,1.0,0.02,False,2026-09-11,-0.29236167069173746,0.3968824637656594,-0.6892441344573969,0.16041815384246227,2848339000.0,0.7318568571333857,2026-06-30,3766936000.0,0.39,-0.13333333333333333,-4.878,False,True,Energy,Oil & Gas E&P,33821650944.0,,0.0373,,,
ERIC,1.5,2025-10-17,2026-09-11,48,10.01,13.5,9.2,1.47,0.34,0.1,True,0.0859,0.1038,0.438,0.0419,0.19,False,-0.138,43.7,0,35,0.0134,0.0325,0.16,0.96,2.05,0.02,False,2026-09-11,-0.013243050363716646,-0.009026674046636152,-0.004216376317080495,-0.051745276401416684,24468621674.0,0.4836120054936548,2026-06-30,30437132173.0,0.13,-0.1875,0.0,False,True,Technology,Communication Equipment,33669191680.0,,0.0213,,,
ESAB,2.0,2023-11-03,2026-09-11,150,69.27,134.51,69.27,1.94,0.13,-0.04,False,0.1228,0.1449,0.613,0.0395,0.0,False,-0.095,32.3,1,0,0.0609,0.0616,0.5,1.58,3.11,0.01,False,2026-09-11,0.12862325422800325,0.09947680265668635,0.0291464515713169,0.09654896574899641,172518000.0,0.3803872332153333,2026-06-30,196607000.0,1.33,-0.022058823529411783,-2.9197,False,True,Industrials,Metal Fabrication,4392391680.0,,0.1032,,,
ESE,1.5,2026-02-06,2026-09-11,32,267.26,343.42,252.97,1.36,0.36,0.11,True,0.0694,0.0834,0.594,0.042,0.16,True,0.034,39.9,0,31,0.0646,0.0555,0.93,0.88,1.65,0.03,False,2026-09-11,0.14403193585832685,0.16504280296325313,-0.02101086710492628,0.20066437889131894,314811000.0,0.41742693059844793,2026-06-30,196602000.0,2.2,0.37500000000000006,3.7736,False,True,Technology,Scientific & Technical Instruments,7002815488.0,,0.0346,,,
ESI,1.5,2026-02-13,2026-09-11,31,34.17,45.87,30.6,1.5,0.28,0.03,True,0.0841,0.1138,0.516,0.0513,0.23,False,-0.013,43.4,0,27,0.0353,0.0569,0.42,1.3,1.64,0.0,False,2026-09-11,0.5641394753678823,0.414855987872663,0.14928348749521936,0.26610666773843494,178600000.0,0.3415482155639636,2026-06-30,131600000.0,0.47,0.27027027027027023,9.3023,False,True,Basic Materials,Specialty Chemicals,8368346112.0,,0.0402,,,
ESLT,1.5,2026-01-09,2026-09-11,36,723.91,933.92,663.42,1.41,0.02,0.12,True,0.0796,0.0947,0.472,0.047,0.22,False,-0.093,46.8,0,31,0.0656,0.048,0.82,0.73,1.69,0.0,False,2026-09-11,0.1593782807875055,0.15457582309535645,0.0048024576921490425,0.13701669043081877,635980000.0,0.2531667321073624,2026-06-30,692765454.0,3.98,0.23219814241486067,11.4846,False,True,Industrials,Aerospace & Defense,34114947072.0,,0.0078,,,
ESOA,2.0,2026-02-13,2026-09-11,31,11.39,18.9,11.39,1.66,-0.1,-0.28,True,0.1186,0.1377,0.581,0.0693,0.0,False,-0.048,39.4,0,0,0.071,0.1412,0.6,0.94,1.71,0.06,False,2026-09-11,0.2548642764490523,0.21510789810387965,0.03975637834517265,0.21208323080515212,10450453.0,0.11012747818699467,2026-06-30,15355373.0,0.18,0.5,5.8824,False,True,Industrials,Engineering & Construction,212341472.0,,0.0353,,,
ESS,1.5,2023-12-01,2026-09-11,146,271.37,298.33,199.24,1.5,0.39,-0.34,True,0.053,0.0867,0.603,0.0329,0.73,True,0.107,47.1,1,145,0.0095,0.0168,0.18,1.08,1.61,0.05,False,2026-09-11,0.04089963880783176,0.014575380081709222,0.02632425872612254,0.03341323216985681,416664000.0,0.6841747963905457,2026-06-30,1042125000.0,4.08,1.7567567567567568,1.2407,False,True,Real Estate,REIT - Residential,18812475392.0,,0.0588,,,
ETD,1.5,2025-09-12,2026-09-11,53,21.85,23.72,16.11,1.47,-0.32,-0.36,True,0.0373,0.0877,0.717,0.0389,0.75,True,0.108,64.1,0,17,0.0305,0.0478,0.82,1.38,0.96,0.0,False,2026-09-11,-0.0848419464070792,-0.04807456463085602,-0.036767381776223185,-0.057206633379375926,39883000.0,0.6311055385957262,2026-06-30,41436000.0,0.36,-0.2653061224489796,5.8824,False,True,Consumer Cyclical,"Furnishings, Fixtures & Appliances",552690944.0,,0.154,,,
ETOR,1.5,2026-02-20,2026-09-11,30,30.02,41.98,28.58,1.47,0.15,-0.58,,0.1207,0.1216,0.367,0.077,0.11,False,-0.031,39.1,0,4,0.0772,0.0976,0.64,0.89,1.57,0.0,False,2026-09-11,-0.885223049217847,-0.9285541199029541,0.04333107068510711,-0.35956225796238184,261443000.0,0.9301385705398781,2026-06-30,303217000.0,0.68,1.1935483870967745,11.4754,False,True,Financial Services,Capital Markets,2413647104.0,,0.0546,,,
ETOR,2.0,2025-08-15,2026-09-11,57,30.02,48.14,27.01,1.78,-0.38,,,0.1172,0.1441,0.561,,0.14,False,-0.031,39.1,1,31,0.0772,0.0976,0.66,0.76,,0.02,False,2026-09-11,-0.885223049217847,-0.9285541199029541,0.04333107068510711,-0.35956225796238184,261443000.0,0.9301385705398781,2026-06-30,303217000.0,0.68,1.1935483870967745,11.4754,False,True,Financial Services,Capital Markets,2413647104.0,,0.0546,,,
EVER,2.0,2024-02-09,2026-09-11,136,23.49,28.71,14.49,1.98,0.15,-0.18,True,0.127,0.1625,0.64,0.1081,0.63,True,0.432,53.5,1,19,0.0149,0.0197,0.12,1.47,1.17,0.01,False,2026-09-11,0.24552924426511047,0.1453502328484324,0.10017901141667807,0.22747323834693756,114479000.0,0.977656008119496,2026-06-30,95781000.0,0.53,-0.05357142857142862,26.1905,False,True,Communication Services,Internet Content & Information,845049216.0,,0.277,,,
EVLV,2.0,2025-05-09,2026-09-11,71,4.97,8.76,4.44,1.97,-0.25,-0.42,True,0.1002,0.1573,0.634,0.1402,0.12,False,-0.111,41.3,1,70,0.0501,0.0524,0.5,0.58,0.71,0.0,False,2026-09-11,0.3444260078662733,0.4474333739494485,-0.10300736608317518,0.416689391873466,-5221000.0,0.5017255959591342,2026-06-30,-7477000.0,-0.05,-1.5,16.6667,False,False,Industrials,Security & Protection Services,890363456.0,,0.0549,,,
EVR,1.5,2025-06-27,2026-09-11,64,283.62,375.75,265.32,1.42,0.18,-0.13,True,0.0661,0.0837,0.625,0.0613,0.17,False,-0.023,38.5,0,63,0.0362,0.0669,0.55,1.03,1.08,0.0,False,2026-09-11,0.19146699441554094,1.0034691325881018,-0.8120021381725608,0.45682881787965424,745049000.0,0.9717515425684804,2026-06-30,1625906000.0,2.91,0.2024793388429753,-3.6424,False,True,Financial Services,Capital Markets,10814710784.0,,0.0342,,,
EVTC,1.5,2025-10-03,2026-09-11,50,29.15,32.32,22.3,1.45,-0.1,-0.46,False,0.0318,0.0725,0.64,0.0377,0.68,True,0.11,51.1,0,14,0.0112,0.0168,0.35,0.82,0.84,0.0,False,2026-09-11,0.19691472820950584,0.08361743417602008,0.11329729403348576,0.12358939711636396,97578000.0,0.4024015719379958,2026-06-30,191122000.0,0.93,0.04494382022471914,13.4146,False,True,Technology,Software - Infrastructure,1803627520.0,,0.0684,,,
EXE,1.5,2024-11-08,2026-09-11,97,96.87,120.73,86.46,1.4,-0.05,-0.05,True,0.0523,0.0784,0.619,0.0371,0.3,False,-0.054,51.8,0,12,0.0233,0.0471,0.45,0.75,1.41,0.0,False,2026-09-11,-0.1969614758545849,1.0022768670309654,-1.1992383428855504,0.5679605957546616,2781000000.0,0.7858108108108108,2026-06-30,2542000000.0,1.33,0.20909090909090905,9.0164,False,True,Energy,Oil & Gas E&P,22686072832.0,,0.0364,,,
EXK,2.0,2025-09-26,2026-09-11,51,10.52,14.12,7.2,1.96,0.09,0.07,True,0.1274,0.1684,0.549,0.0912,0.48,False,-0.01,56.0,1,44,0.035,0.1266,0.27,0.77,1.4,0.0,False,2026-09-11,1.4156976534194161,2.3024662194084855,-0.8867685659890694,1.9617932383178136,64072894.0,0.3401639347517644,2026-06-30,-40958236.0,0.15,6.0,0.0,True,False,Basic Materials,Silver,3014750976.0,,0.0225,,,
EXLS,1.5,2026-02-06,2026-09-11,32,34.62,38.4,25.93,1.48,0.29,-0.5,False,0.0518,0.1019,0.625,0.032,0.7,True,0.057,54.2,0,12,0.0387,0.1317,0.75,1.08,1.62,0.03,False,2026-09-11,0.15609182443727398,0.1383819775297943,0.017709846907479676,0.13628186805540743,249999000.0,0.3799210778074628,2026-06-30,275036000.0,0.47,-0.04081632653061228,4.4444,False,True,Technology,Information Technology Services,5387125760.0,,0.0838,,,
EXLS,2.0,2023-11-03,2026-09-11,150,34.62,51.4,25.93,1.98,0.12,-0.31,False,0.176,0.1881,0.447,0.0367,0.34,True,0.057,54.2,0,12,0.0387,0.1317,0.22,1.75,4.8,0.03,False,2026-09-11,0.15609182443727398,0.1383819775297943,0.017709846907479676,0.13628186805540743,249999000.0,0.3799210778074628,2026-06-30,275036000.0,0.47,-0.04081632653061228,4.4444,False,True,Technology,Information Technology Services,5387125760.0,,0.0838,,,
EXP,1.5,2025-01-31,2026-09-11,85,183.77,254.92,172.87,1.47,-0.29,-0.45,False,0.0466,0.0741,0.824,0.0494,0.13,True,0.04,38.8,1,25,0.0385,0.0277,0.83,0.88,0.94,0.01,False,2026-09-11,0.025644015188517333,0.018995055032700492,0.006648960155816841,0.016805094578678625,402574000.0,0.24770110881367077,2026-06-30,170513000.0,3.29,-0.12499999999999994,0.9202,False,True,Basic Materials,Building Materials,5678616064.0,,0.0878,,,
EXP,2.0,2023-11-03,2026-09-11,150,183.77,311.83,163.05,1.91,-0.2,-0.15,False,0.076,0.1296,0.78,0.0434,0.14,True,0.04,38.8,3,149,0.0385,0.0277,0.51,0.96,1.75,0.01,False,2026-09-11,0.025644015188517333,0.018995055032700492,0.006648960155816841,0.016805094578678625,402574000.0,0.24770110881367077,2026-06-30,170513000.0,3.29,-0.12499999999999994,0.9202,False,True,Basic Materials,Building Materials,5678616064.0,,0.0878,,,
EXR,1.5,2023-11-17,2026-09-11,148,136.45,166.88,112.79,1.48,0.08,-0.4,True,0.0482,0.072,0.858,0.0399,0.44,True,0.049,41.9,5,146,0.0104,0.011,0.22,0.92,1.21,0.03,True,2026-09-11,0.03865649261303816,0.019167119086397788,0.019489373526640374,0.014565947267770829,957841000.0,0.5027718291555702,2026-06-30,1763311000.0,2.15,0.8220338983050848,4.3689,False,True,Real Estate,REIT - Industrial,30377498624.0,,0.029,,,
EYE,2.0,2025-05-09,2026-09-11,71,17.13,29.28,15.44,1.9,-0.3,-0.41,False,0.1168,0.1628,0.521,0.0702,0.12,False,-0.12,39.7,0,14,0.075,0.0741,0.64,0.88,1.66,0.01,True,2026-09-11,0.025455210793897454,0.0657543051081273,-0.040299094314229844,0.07843164292457327,50286000.0,0.5822575956536121,2026-06-30,49078000.0,0.17,-0.055555555555555455,88.8889,False,True,Consumer Cyclical,Specialty Retail,1367108480.0,,0.2523,,,
FCNCA,1.5,2024-04-26,2026-09-11,125,2165.43,2334.33,1561.5,1.49,0.27,-0.04,True,0.0699,0.0872,0.696,0.042,0.78,True,0.099,56.3,2,75,0.0098,0.0209,0.14,0.69,1.66,0.02,False,2026-09-11,-0.00524427270218053,-0.013333333333333308,0.008089060631152778,-0.012927496580027342,2354000000.0,0.6711986681465039,2026-06-30,2561000000.0,57.09,0.27489950870924523,41.1372,False,True,Financial Services,Banks - Regional,24539949056.0,,0.0507,,,
FERG,1.5,2025-05-30,2026-09-11,68,220.97,262.28,178.22,1.47,0.27,-0.17,True,0.039,0.067,0.706,0.0404,0.51,False,-0.01,42.6,2,67,0.0299,0.0197,0.77,1.06,0.97,0.04,False,2026-09-11,0.029892903377662705,-0.01955123999475139,0.049444143372414096,0.036571094207138666,2039000000.0,0.30990743914981145,2026-07-31,1263955770.0,3.39,-0.0258620689655172,4.9536,False,True,Industrials,Industrial Distribution,43050967040.0,,0.0321,,,
FFIN,1.5,2024-06-28,2026-09-11,116,33.06,41.12,27.46,1.5,-0.25,-0.35,True,0.0493,0.0778,0.767,0.0448,0.41,True,0.095,48.7,1,114,0.0235,0.0164,0.48,1.12,1.1,0.03,False,2026-09-11,0.07837789219332669,0.11032456602331764,-0.031946673829990946,0.10461712086354136,269018000.0,0.7600178536004761,2026-06-30,322223000.0,0.5,0.06382978723404262,0.0,False,True,Financial Services,Banks - Regional,4752739840.0,,0.0789,,,
FG,1.5,2026-03-20,2026-09-11,26,23.57,32.1,22.57,1.42,0.04,-0.51,False,0.034,0.083,0.731,0.0533,0.1,True,0.016,40.6,0,3,0.0873,0.0786,2.57,0.95,0.64,0.0,False,2026-09-11,0.08972392638036819,0.3899297423887589,-0.3002058160083907,0.1978352375225496,418000000.0,0.19141449683321604,2026-06-30,4689000000.0,0.65,-0.15584415584415584,-16.6667,False,True,Financial Services,Insurance - Life,3018056448.0,,0.1047,,,
FICO,1.5,2026-03-13,2026-09-11,27,960.67,1270.83,922.37,1.38,0.1,-0.61,False,0.0504,0.0876,0.63,0.0654,0.11,True,0.033,38.7,0,22,0.0594,0.0726,1.18,0.96,0.77,0.0,False,2026-09-11,0.256840319528723,0.3868627627898584,-0.13002244326113543,0.24088418068698303,815017000.0,0.8709306602906014,2026-06-30,996023000.0,10.47,0.22170361726954496,0.9643,False,True,Technology,Software - Application,21282095104.0,,0.1,,,
FIG,2.0,2026-01-16,2026-09-11,35,22.14,29.57,17.47,1.69,-0.19,-0.86,,0.1193,0.1505,0.6,0.1039,0.39,True,0.11,34.5,0,20,0.0677,0.0915,0.57,1.18,1.15,0.0,False,2026-09-11,0.48246675212305723,0.46117642934456327,0.021290322778493964,0.4343384936362731,-1578125000.0,0.8365988170221275,2026-06-30,231012000.0,-0.2,-3.2222222222222228,9.0909,False,False,Technology,Software - Application,12365829120.0,,0.1957,,,
FIGR,2.0,2026-02-06,2026-09-11,32,36.57,43.28,24.91,1.74,-0.09,-0.66,,0.0836,0.1353,0.594,0.1429,0.63,False,-0.08,56.7,0,6,0.118,0.1222,1.41,1.04,0.59,0.0,False,2026-09-11,0.9795023347776703,2.0140227395776935,-1.0345204048000232,1.30890211653056,237127000.0,0.801019025709413,2026-06-30,-4076548000.0,0.37,4.285714285714286,54.1667,False,False,Financial Services,Capital Markets,7824056320.0,,0.0653,,,
FIGS,2.0,2025-11-07,2026-09-11,45,12.95,16.51,8.55,1.93,0.29,0.04,True,0.1321,0.1704,0.556,0.0809,0.55,False,-0.093,51.5,0,44,0.0499,0.1714,0.38,1.03,1.63,0.02,False,2026-09-11,0.2881223794549266,0.2802299421141543,0.007892437340772274,0.24666509826504357,61920000.0,0.7519873460855767,2026-06-30,97223000.0,0.11,1.7500000000000002,57.1429,False,True,Consumer Cyclical,Apparel Manufacturing,2217972224.0,,0.1853,,,
FIP,2.0,2025-04-18,2026-09-11,74,3.3,6.53,3.3,1.98,-0.33,-0.65,False,0.1113,0.1587,0.703,0.0746,0.0,False,-0.161,36.3,0,0,0.1042,0.0969,0.94,0.62,1.49,0.0,False,2026-09-11,0.5273048427456946,0.9588398623142438,-0.4315350195685492,0.7233126460700299,-420897000.0,0.37177139552814187,2026-06-30,-318875000.0,-1.41,-0.9315068493150684,-151.7857,False,False,Industrials,Conglomerates,391181536.0,,0.2677,,,
FIX,1.5,2026-03-13,2026-09-11,27,1590.81,1991.71,1355.52,1.47,0.22,-0.07,True,0.0685,0.1049,0.593,0.0647,0.37,True,0.0,48.7,0,25,0.0365,0.0322,0.53,0.89,1.06,0.04,False,2026-09-11,0.502612363854547,0.5646556572812766,-0.06204329342672965,0.4610738765936544,1434401000.0,0.25875750538329817,2026-06-30,2159806000.0,12.53,0.9188361408882081,20.7129,False,True,Industrials,Engineering & Construction,59507273728.0,,0.0299,,,
FJIKY,2.0,2026-02-06,2026-09-11,32,16.31,21.64,11.92,1.82,0.28,-0.56,,0.1306,0.1584,0.531,0.1684,0.45,False,-0.013,52.2,0,30,0.0092,0.0172,0.07,0.86,0.78,0.0,False,2026-09-11,,,,,,,2024-03-31,,,,,,,Industrials,Conglomerates,54936145920.0,,,,,
FLOC,1.5,2026-01-02,2026-09-11,37,20.29,27.03,18.7,1.45,0.08,-0.36,,0.0619,0.0868,0.568,0.0663,0.19,False,-0.096,44.3,0,36,0.0409,0.0384,0.66,0.86,0.93,0.0,False,2026-09-11,0.2207075020055378,0.0893163504029113,0.1313911516026265,0.4558239673429365,49712000.0,0.31501871881081495,2026-06-30,207920000.0,0.36,-0.7142857142857143,-2.7027,False,True,Energy,Oil & Gas Equipment & Services,2253159424.0,,0.0874,,,
FLOC,2.0,2025-01-24,2026-09-11,86,20.29,27.77,13.94,1.99,0.11,,,0.1244,0.1729,0.605,,0.46,False,-0.096,44.3,0,48,0.0409,0.0384,0.33,1.19,,0.0,False,2026-09-11,0.2207075020055378,0.0893163504029113,0.1313911516026265,0.4558239673429365,49712000.0,0.31501871881081495,2026-06-30,207920000.0,0.36,-0.7142857142857143,-2.7027,False,True,Energy,Oil & Gas Equipment & Services,2253159424.0,,0.0874,,,
FLS,1.5,2025-10-31,2026-09-11,46,72.83,89.16,64.88,1.37,0.18,0.03,True,0.0481,0.0802,0.565,0.0547,0.33,True,0.012,47.4,1,17,0.0278,0.048,0.58,1.08,0.88,0.0,False,2026-09-11,-0.01592216764358312,-0.06664144553765128,0.05071927789406816,-0.0025830433032648648,371266000.0,0.32905766886907434,2026-06-30,411444000.0,0.95,0.04395604395604387,10.4651,False,True,Industrials,Specialty Industrial Machinery,9464817664.0,,0.0632,,,
FLUT,1.5,2026-02-13,2026-09-11,31,98.68,125.17,92.38,1.35,-0.37,-0.7,False,0.0354,0.0649,0.677,0.0571,0.19,False,-0.005,37.6,0,17,0.0123,0.0232,0.35,0.74,0.62,0.0,False,2026-09-11,0.033197993790303304,0.1743519781718963,-0.141153984381593,0.15236368520010735,-795000000.0,0.3959778085991678,2026-06-30,761144930.0,0.16,-0.9391634980988592,-30.4348,False,False,Consumer Cyclical,Gambling,17451091968.0,,0.0744,,,
FMNB,1.5,2024-06-28,2026-09-11,116,15.7,16.13,10.82,1.49,0.31,-0.14,True,0.0537,0.0763,0.836,0.0365,0.92,True,0.116,63.1,2,114,0.0063,0.0313,0.12,3.72,1.47,0.04,False,2026-09-11,0.0432372823098075,0.0746024252795563,-0.031365142969748794,0.03229844586501973,59627000.0,0.6771824334527683,2026-06-30,60610000.0,0.41,0.10810810810810806,10.8108,False,True,Financial Services,Banks - Regional,932556800.0,,0.0316,,,
FMS,1.5,2024-11-08,2026-09-11,97,22.23,27.9,19.91,1.4,0.0,-0.19,True,0.05,0.0788,0.66,0.0421,0.29,True,0.091,43.8,0,96,0.0341,0.0208,0.68,1.53,1.19,0.02,False,2026-09-11,0.014369182795380242,-0.05516942288096949,0.06953860567634973,-0.004660695735182685,937781000.0,0.2695122337604304,2026-06-30,1770180846.0,0.66,0.43478260869565216,32.0,False,True,Healthcare,Medical Care Facilities,11895102464.0,,0.002,,,
FN,2.0,2025-10-03,2026-09-11,50,403.95,722.04,361.94,1.99,0.31,-0.06,True,0.1154,0.1843,0.58,0.0748,0.12,False,-0.249,38.8,0,48,0.0696,0.1024,0.6,1.07,1.54,0.02,False,2026-09-11,0.44641043342142184,0.3928589044034232,0.053551529017998645,0.3573130034068108,473027000.0,0.12270213742639392,2026-06-30,3041000.0,3.92,0.6131687242798353,6.2331,False,True,Technology,Electronic Components,14856417280.0,,0.0561,,,
FND,1.5,2026-03-06,2026-09-11,28,46.87,62.69,43.49,1.44,0.15,-0.67,False,0.0631,0.0853,0.643,0.056,0.18,True,0.11,39.4,0,17,0.068,0.0497,1.08,0.9,1.13,0.0,False,2026-09-11,0.02974920726434127,-0.007290176956079697,0.03703938422042097,0.02424095132593318,232170000.0,0.48239100354323466,2026-06-30,211397000.0,0.58,0.0,1.7544,False,True,Consumer Cyclical,Home Improvement Retail,5041234944.0,,0.1333,,,
FNF,1.5,2023-11-17,2026-09-11,148,43.95,59.56,40.15,1.48,0.24,-0.13,False,0.0736,0.0889,0.655,0.039,0.2,True,0.02,35.4,3,146,0.0454,0.0414,0.62,1.18,1.89,0.04,False,2026-09-11,0.13314685314685315,0.2056843679880329,-0.07253751484117976,0.14920658795216957,772000000.0,0.6882251295976303,2026-06-30,5792000000.0,1.39,0.19827586206896552,10.3175,False,True,Financial Services,Insurance - Specialty,11835350016.0,,0.0279,,,
FNV,1.5,2025-11-07,2026-09-11,45,260.66,279.09,189.91,1.47,0.27,-0.13,True,0.0738,0.0991,0.578,0.0432,0.79,False,-0.008,61.0,0,42,0.0643,0.0682,0.87,1.1,1.71,0.02,False,2026-09-11,0.5725500812127775,0.7662866449511401,-0.19373656373836257,0.735931060322218,1477800000.0,0.7763814770184196,2026-06-30,3110023453.0,1.81,0.45967741935483875,-7.1795,False,True,Basic Materials,Gold,51304431616.0,,0.0171,,,
FOA,2.0,2024-11-08,2026-09-11,97,15.65,29.81,15.65,1.9,-0.2,-0.21,False,0.085,0.1311,0.784,0.137,0.0,True,0.103,34.6,2,0,0.0906,0.0945,1.07,0.6,0.62,0.01,False,2026-09-11,-0.8956949433730024,-0.10957087858555925,-0.7861240647874431,-0.28334087247005146,-338000.0,0.31640718946912727,2026-06-30,-555316000.0,0.84,0.5272727272727271,-22.9358,False,False,Financial Services,Credit Services,264103152.0,,0.1003,,,
FOR,2.0,2024-04-12,2026-09-11,127,26.52,37.58,18.9,1.99,-0.22,-0.53,True,0.0993,0.151,0.732,0.0532,0.41,True,0.1,43.3,3,68,0.0225,0.0338,0.23,0.84,1.87,0.02,False,2026-09-11,0.04225352112676051,0.0663817663817663,-0.024128245255005787,0.1176051318602993,170400000.0,0.20663390663390663,2026-06-30,283200000.0,0.7,0.07692307692307682,-14.6341,False,True,Real Estate,Real Estate - Development,1369823360.0,,0.0332,,,
FORM,2.0,2026-02-06,2026-09-11,32,112.12,155.08,85.01,1.82,0.25,0.09,True,0.1258,0.1619,0.594,0.0801,0.39,False,-0.069,50.5,0,27,0.0475,0.0826,0.38,0.74,1.57,0.0,True,2026-09-11,0.31892052012788685,0.3197320198884195,-0.0008114997605326302,0.1800670717830264,115465000.0,0.5069740785774584,2026-06-30,136121000.0,0.74,1.7407407407407405,45.098,False,True,Technology,Semiconductor Equipment & Materials,8979977216.0,,0.0536,,,
FOSL,1.5,2026-02-13,2026-09-11,31,4.49,5.61,3.8,1.48,0.35,-0.07,True,0.0774,0.1162,0.484,0.1571,0.38,True,0.067,49.4,1,30,0.059,0.098,0.76,1.18,0.49,0.0,False,2026-09-11,-0.04849628836415776,-0.03657203602336978,-0.011924252340787977,-0.0910087405667297,-69879000.0,0.6237482117310443,2026-06-30,-41214000.0,-0.13,-0.3,55.1724,False,False,Consumer Cyclical,Footwear & Accessories,279722976.0,,0.1223,,,
FOUR,1.5,2026-02-27,2026-09-11,29,43.03,53.0,38.08,1.39,0.18,-0.69,False,0.0553,0.0801,0.655,0.0608,0.33,True,0.078,44.1,1,14,0.0537,0.0663,0.97,1.08,0.91,0.0,False,2026-09-11,0.34030221486234735,0.3214664623364376,0.018835752525909744,0.324369235882239,90100000.0,0.3444015444015444,2026-06-30,513500000.0,1.01,-0.08181818181818189,4.1237,False,True,Technology,Software - Infrastructure,3557153280.0,,0.1761,,,
FOUR-P-A,1.5,2026-01-30,2026-09-11,33,56.85,75.14,51.42,1.46,-0.25,-0.58,,0.0498,0.1043,0.364,0.0446,0.23,True,0.086,44.8,1,14,0.0351,0.0513,0.7,0.79,1.12,0.0,False,2026-09-11,,,,,,,,,,,,,,,,,,,,,
FOUR-PA,1.5,2026-01-30,2026-09-11,33,56.85,71.49,50.2,1.42,-0.09,-0.55,,0.0663,0.1014,0.394,0.0442,0.31,True,0.113,46.1,1,14,0.0351,0.0469,0.53,0.79,1.5,0.0,False,2026-09-11,0.3405797101449275,0.32193396226415105,0.018645747880776442,0.3244418591767768,105300000.0,0.3444015444015444,2026-06-30,289200000.0,,,,,True,Technology,Software - Infrastructure,,,,,,
FOXA,1.5,2025-05-09,2026-09-11,71,65.18,73.61,49.55,1.49,0.3,-0.12,True,0.0762,0.0999,0.606,0.0291,0.65,False,-0.038,54.5,0,70,0.0441,0.103,0.58,1.49,2.62,0.01,False,2026-09-11,0.2814116215393976,-0.08625028597574924,0.3676619075151468,0.050674846625766934,1685000000.0,0.4819563152896486,2026-06-30,3603000000.0,1.79,0.4094488188976378,33.5821,False,True,Communication Services,Entertainment,27723646976.0,,0.2685,,,
FOXF,1.5,2025-11-28,2026-09-11,42,19.62,21.85,14.79,1.48,0.38,-0.78,False,0.063,0.0901,0.714,0.0742,0.68,True,0.131,51.8,1,41,0.043,0.081,0.68,0.88,0.85,0.0,False,2026-09-11,-0.0446615305817577,0.03838267188688271,-0.08304420246864042,0.015503671666717622,-298572000.0,0.3063006461485192,2026-06-30,12573000.0,0.37,-0.07500000000000007,131.25,False,False,Consumer Cyclical,Auto Parts,833474752.0,,0.0974,,,
FOXF,2.0,2025-09-12,2026-09-11,53,19.62,27.25,13.91,1.96,-0.19,-0.87,False,0.0782,0.1574,0.585,0.0606,0.43,True,0.131,51.8,2,42,0.043,0.081,0.55,0.83,1.29,0.0,False,2026-09-11,-0.0446615305817577,0.03838267188688271,-0.08304420246864042,0.015503671666717622,-298572000.0,0.3063006461485192,2026-06-30,12573000.0,0.37,-0.07500000000000007,131.25,False,False,Consumer Cyclical,Auto Parts,833474752.0,,0.0974,,,
FPI,1.5,2024-08-23,2026-09-11,108,10.64,12.82,8.56,1.5,0.12,-0.27,True,0.0519,0.0776,0.731,0.0319,0.49,False,-0.075,56.3,1,105,0.0324,0.0222,0.62,1.11,1.63,0.05,False,2026-09-11,-0.0565261044176707,-0.014631291455325823,-0.041894812962344874,-0.03159827645764779,25654000.0,0.906565925295307,2026-06-30,17792000.0,0.04,,100.0,True,True,Real Estate,REIT - Specialty,469983968.0,,0.0958,,,
FRHC,2.0,2024-09-06,2026-09-11,106,162.73,182.17,93.25,1.95,0.35,-0.07,True,0.0981,0.1485,0.679,0.0428,0.78,True,0.077,56.0,2,105,0.0496,0.0624,0.51,1.23,2.29,0.0,False,2026-09-11,0.37346959772282995,0.046922143384307446,0.3265474543385225,0.13634425061051836,154592000.0,0.5127607569616109,2026-06-30,-815212000.0,0.52,1.217573221757322,,True,False,Financial Services,Financial Conglomerates,10556858368.0,,0.0431,,,
FRMI,2.0,2026-03-06,2026-09-11,28,5.39,9.5,4.87,1.95,-0.13,-0.83,,0.1315,0.1913,0.5,0.1474,0.11,True,0.108,41.6,0,22,0.087,0.1278,0.66,1.06,0.89,0.0,False,2026-09-11,,,,,-694510000.0,,2026-06-30,-1240137613.0,-0.04,,33.3333,False,False,Real Estate,REIT - Specialty,3522570240.0,,0.1238,,,
FRPT,1.5,2026-03-20,2026-09-11,26,65.17,73.96,49.35,1.5,0.32,-0.69,False,0.1113,0.1229,0.5,0.0588,0.64,True,0.083,52.3,0,17,0.0553,0.0946,0.5,0.98,1.89,0.04,False,2026-09-11,0.1545134100774872,0.1306557669734738,0.023857643104013393,0.127675613234701,203474000.0,0.4211370248079925,2026-06-30,168553000.0,0.33,-0.029411764705882377,65.0,False,True,Consumer Defensive,Packaged Foods,3063221504.0,,0.193,,,
FRSH,2.0,2025-07-25,2026-09-11,60,11.87,14.19,7.24,1.96,-0.37,-0.7,False,0.1395,0.1762,0.467,0.0725,0.67,True,0.309,56.1,2,30,0.0481,0.0956,0.34,1.65,1.92,0.02,False,2026-09-11,0.1597582544289078,0.1648723971203374,-0.005114142691429624,0.15569807837135285,185195000.0,0.8479380900424219,2026-06-30,249747000.0,0.05,-0.7222222222222223,266.6667,False,True,Technology,Software - Application,3102348032.0,,0.1015,,,
FSK,1.5,2025-12-19,2026-09-11,39,11.89,13.68,9.24,1.48,-0.27,-0.51,False,0.0933,0.1138,0.564,0.0354,0.6,True,0.101,54.1,0,26,0.0261,0.0604,0.28,0.64,2.64,0.0,False,2026-09-11,-5.915254237288136,-0.5661157024793388,-5.349138534808797,0.237597911227154,-375000000.0,0.6517241379310345,2026-06-30,1327000000.0,0.43,-0.3064516129032258,4.878,False,False,Financial Services,Asset Management,3285686016.0,,0.0468,,,
FSLR,2.0,2025-07-04,2026-09-11,63,207.17,306.79,162.44,1.89,0.14,-0.41,True,0.1037,0.1357,0.698,0.0715,0.31,False,-0.021,45.2,1,61,0.0235,0.048,0.23,0.78,1.45,0.02,True,2026-09-11,-0.037347904153412825,0.2364190923643803,-0.2737669965177931,0.23820628686452694,1746014000.0,0.572815763785596,2026-06-30,1500118999.0,3.92,0.2327044025157232,43.0657,False,True,Technology,Solar,22464409600.0,,0.1147,,,
FSM,2.0,2025-08-15,2026-09-11,57,12.05,13.66,7.3,1.87,0.35,0.02,True,0.1009,0.1456,0.544,0.077,0.75,True,0.025,61.9,0,56,0.0814,0.1188,0.81,0.79,1.31,0.0,False,2026-09-11,0.38188691036763456,0.18034431060331912,0.20154259976431543,0.07888639868960112,379209199.0,0.5761825051112863,2026-06-30,416450029.0,0.24,0.4999999999999999,-17.2414,False,True,Basic Materials,Gold,3548528896.0,,0.0367,,,
FSS,1.5,2025-05-09,2026-09-11,71,113.46,130.93,88.87,1.47,0.3,-0.1,True,0.0508,0.0783,0.676,0.0501,0.58,True,0.088,46.3,1,70,0.0276,0.0351,0.54,0.92,1.01,0.01,False,2026-09-11,0.18703506907545164,0.3488572660629581,-0.16182219698750644,0.23969411526385098,285400000.0,0.3040883318412414,2026-06-30,339200000.0,1.42,0.2136752136752137,10.9375,False,True,Industrials,Farm & Heavy Construction Machinery,6957522944.0,,0.0917,,,
FUL,1.5,2024-12-13,2026-09-11,92,51.65,71.39,48.87,1.46,0.07,-0.41,False,0.0446,0.0699,0.793,0.0297,0.12,False,-0.034,40.0,2,25,0.043,0.0351,0.96,1.27,1.5,0.04,False,2026-09-11,0.05809630384313458,-0.022593934291325946,0.08069023813446052,-0.00567550338452516,185742000.0,0.33910010933723117,2026-05-31,140772000.0,1.41,0.19491525423728814,2.9197,False,True,Basic Materials,Specialty Chemicals,2775430400.0,,0.0774,,,
FUN,2.0,2025-08-08,2026-09-11,58,13.67,26.05,13.45,1.94,-0.32,-0.77,False,0.1401,0.1802,0.5,0.0476,0.02,False,-0.08,34.0,0,42,0.0372,0.0641,0.27,0.7,2.94,0.0,False,2026-09-11,-0.43316243725749415,0.11665025215656977,-0.5498126894140639,-0.14118464387012952,-1750952000.0,1.0,2026-06-30,150144000.0,0.14,1.2,-51.7241,True,False,Consumer Cyclical,Leisure,1342390016.0,,0.231,,,
FWDI,2.0,2026-01-30,2026-09-11,33,6.46,6.49,3.69,1.76,0.04,-0.9,False,0.0597,0.1462,0.515,0.2395,0.99,True,0.06,58.5,1,14,0.1637,0.0855,2.74,1.3,0.25,0.0,False,2026-09-11,3.320925504525669,3.1503016555270316,0.17062384899863758,2.023653810644747,-1101657037.0,0.621905633648249,2026-06-30,-18384663.0,-2.17,0.0,-5525.0,False,False,Consumer Cyclical,Footwear & Accessories,483697088.0,,0.096,,,
FWRG,1.5,2026-02-27,2026-09-11,29,11.19,13.28,10.18,1.3,0.17,-0.6,False,0.0436,0.067,0.552,0.0673,0.33,True,0.056,41.3,1,14,0.0293,0.0273,0.67,0.87,0.65,0.03,False,2026-09-11,0.15195510041021554,0.1726155045351474,-0.020660404124931864,0.19273556211748666,17809000.0,0.7671285018270402,2026-06-30,-20976000.0,0.04,-0.20000000000000004,-33.3333,False,False,Consumer Cyclical,Restaurants,700436160.0,,0.1235,,,
GAP,2.0,2023-11-17,2026-09-11,148,20.91,28.66,16.47,1.74,0.28,-0.17,True,0.0788,0.1201,0.682,0.074,0.36,False,-0.127,46.9,3,147,0.0287,0.0275,0.36,0.7,1.06,0.0,True,2026-09-11,-0.01986577181208049,0.009818076812012633,-0.029683848624093123,0.010549914281946515,1247000000.0,0.5283483976992605,2026-07-31,1110000000.0,0.52,-0.08771929824561392,4.0,False,True,Consumer Cyclical,Apparel Retail,7555821056.0,,0.1556,,,
GBCI,1.5,2024-11-29,2026-09-11,94,45.93,55.09,36.85,1.49,0.2,-0.34,True,0.0571,0.0865,0.734,0.0516,0.5,True,0.053,43.8,2,74,0.0256,0.0439,0.45,1.2,1.11,0.02,False,2026-09-11,0.08970801482303647,0.263190952791271,-0.17348293796823455,0.19060306526392656,311685000.0,0.7568807841848749,2026-06-30,396448000.0,0.76,0.28813559322033905,0.0,False,True,Financial Services,Banks - Regional,5967160320.0,,0.0764,,,
GBX,1.5,2025-02-14,2026-09-11,83,42.66,58.04,39.08,1.49,0.12,-0.42,False,0.0648,0.0869,0.663,0.0478,0.19,False,-0.035,36.9,1,74,0.0431,0.0433,0.67,1.02,1.36,0.01,False,2026-09-11,-0.31401713469776293,-0.22940713536201474,-0.0846099993357482,-0.25592927375251484,102100000.0,0.1406764960971379,2026-05-31,-118600000.0,0.6,-0.6774193548387097,5.2632,False,False,Industrials,Railroads,1333191040.0,,0.1334,,,
GBX,2.0,2023-11-03,2026-09-11,150,42.66,67.5,33.89,1.99,0.09,-0.28,False,0.0654,0.133,0.8,0.0797,0.26,False,-0.035,36.9,3,148,0.0431,0.0433,0.66,1.13,0.82,0.01,False,2026-09-11,-0.31401713469776293,-0.22940713536201474,-0.0846099993357482,-0.25592927375251484,102100000.0,0.1406764960971379,2026-05-31,-118600000.0,0.6,-0.6774193548387097,5.2632,False,False,Industrials,Railroads,1333191040.0,,0.1334,,,
GCMG,1.5,2024-07-12,2026-09-11,114,12.78,13.74,9.26,1.48,0.2,0.02,True,0.0603,0.0908,0.719,0.0289,0.79,True,0.255,55.7,2,24,0.0231,0.0519,0.38,1.1,2.09,0.04,False,2026-09-11,0.12949340853492797,-0.0043491241235184,0.13384253265844637,0.07620571847786728,44502000.0,0.9922315056440029,2026-06-30,192034000.0,0.15,0.07142857142857129,0.0,False,True,Financial Services,Asset Management,784861312.0,,0.0353,,,
GDDY,1.5,2026-01-09,2026-09-11,36,96.37,113.54,76.24,1.49,-0.11,-0.64,False,0.0576,0.0905,0.667,0.0427,0.54,True,0.08,52.0,1,13,0.0237,0.0455,0.41,1.0,1.35,0.0,True,2026-09-11,0.06603153745072277,0.0607887465460939,0.005242790904628869,0.07407251530902137,910300000.0,0.6380585516178736,2026-06-30,1702900000.0,1.83,0.297872340425532,6.3953,False,True,Technology,Software - Infrastructure,12420340736.0,,0.0643,,,
GDOT,1.5,2025-08-15,2026-09-11,57,13.27,14.5,10.53,1.38,0.02,-0.33,True,0.0455,0.0684,0.807,0.0716,0.69,True,0.09,57.2,1,26,0.0064,0.0045,0.14,0.64,0.64,0.09,False,2026-09-11,0.18189481450921896,0.1742306852707407,0.007664129238478257,0.1772751251804503,-25948000.0,0.19868329856700057,2026-06-30,116339000.0,0.21,-0.47500000000000003,-34.375,False,False,Financial Services,Credit Services,755623488.0,,0.0279,,,
GDS,2.0,2025-05-02,2026-09-11,72,31.06,46.48,23.69,1.96,0.25,-0.47,True,0.1057,0.1562,0.653,0.1229,0.32,False,-0.203,41.1,0,67,0.0267,0.0351,0.25,0.68,0.86,0.0,False,2026-09-11,0.06169899334135098,0.23646846785974218,-0.1747694745183912,0.11717441894709624,3746926530.0,0.19482439595303747,2026-06-30,-781804374.0,0.52,2.1304347826086953,-61.4815,True,False,Technology,Information Technology Services,6175638016.0,,0.1162,,,
GEHC,1.5,2025-02-28,2026-09-11,81,64.24,87.19,60.34,1.45,-0.28,-0.35,False,0.0582,0.0956,0.617,0.0269,0.15,True,0.008,43.7,1,75,0.0403,0.0477,0.69,0.75,2.16,0.01,False,2026-09-11,0.05773072313224126,0.0741050868746076,-0.016374363742366338,0.013924367643376012,1592000000.0,0.4117091595845137,2026-06-30,895000000.0,1.13,0.06603773584905645,8.6538,False,True,Healthcare,Medical Devices,29081231360.0,,0.0476,,,
GEL,1.5,2025-02-28,2026-09-11,81,15.86,17.67,12.02,1.47,0.33,-0.07,True,0.0425,0.0833,0.679,0.042,0.68,False,-0.075,53.1,0,80,0.0186,0.0511,0.44,0.73,1.01,0.02,False,2026-09-11,0.4098259431612199,0.12112143526038688,0.288704507900833,-0.17251250164183485,78735000.0,0.3206421112980385,2026-06-30,344684000.0,0.26,3.166666666666667,1200.0,True,True,Energy,Oil & Gas Midstream,1905321216.0,,0.0416,,,
GEMI,2.0,2026-03-13,2026-09-11,27,4.39,7.76,3.9,1.99,-0.36,-0.88,,0.0661,0.1672,0.185,0.1443,0.13,False,-0.114,26.9,0,6,0.035,0.0234,0.53,0.81,0.46,0.0,False,2026-09-11,0.3255891912375566,0.1478334377869437,0.1777557534506129,0.43502158252292,-517039000.0,1.0,2026-06-30,-311387000.0,-0.89,0.7427745664739884,-25.3521,False,False,Financial Services,Capital Markets,578248832.0,,0.1842,,,
GFI,2.0,2025-08-08,2026-09-11,58,44.67,55.9,28.24,1.98,0.15,0.17,True,0.1069,0.1544,0.724,0.0735,0.59,False,-0.085,56.6,0,56,0.0828,0.1529,0.77,1.09,1.45,0.0,False,2026-09-11,1.8002479824850512,1.3666024476369496,0.43364553484810164,1.2944466113241595,6290809018.0,0.5786690022437174,2026-06-30,6203100750.0,0.0,-1.0,-100.0,False,True,Basic Materials,Gold,40179429376.0,,0.0098,,,
GFS,2.0,2026-03-20,2026-09-11,26,45.96,85.71,42.88,2.0,-0.13,-0.23,False,0.2114,0.2341,0.385,0.0575,0.07,False,-0.083,40.3,0,24,0.0823,0.1478,0.39,0.89,3.68,0.0,False,2026-09-11,0.05805687203791465,0.0309148264984227,0.027142045539491955,0.01403098509207834,716000000.0,0.28275475923852184,2026-06-30,796000000.0,0.33,-0.21428571428571422,3.125,False,True,Technology,Semiconductors,25761505280.0,,0.1494,,,
GGAL,1.5,2025-10-31,2026-09-11,46,44.72,56.9,39.31,1.45,-0.29,-0.42,True,0.0849,0.1008,0.543,0.0735,0.31,True,0.065,47.4,0,19,0.0436,0.0899,0.51,0.66,1.16,0.0,False,2026-09-11,0.3261066597775777,0.010058588420479353,0.31604807135709834,0.7580734961068698,173310852000.0,0.7029796763526659,2026-06-30,4750533692000.0,1.14,0.4430379746835441,26.6667,False,True,Financial Services,Banks - Regional,7432227840.0,,0.1755,,,
GGAL,2.0,2025-10-10,2026-09-11,49,44.72,56.9,31.26,1.82,0.02,-0.54,True,0.0966,0.1267,0.653,0.0726,0.53,True,0.065,47.4,0,47,0.0436,0.0899,0.45,0.62,1.33,0.0,False,2026-09-11,0.3261066597775777,0.010058588420479353,0.31604807135709834,0.7580734961068698,173310852000.0,0.7029796763526659,2026-06-30,4750533692000.0,1.14,0.4430379746835441,26.6667,False,True,Financial Services,Banks - Regional,7432227840.0,,0.1755,,,
GHLD,1.5,2025-09-05,2026-09-11,54,68.3,81.33,56.13,1.45,0.17,0.04,,0.0635,0.0892,0.685,0.0195,0.48,False,-0.079,51.3,0,53,0.0323,0.0378,0.51,1.24,3.26,0.06,False,2026-09-11,,,,,,,2025-09-30,24852000.0,0.75,0.47058823529411764,41.5094,False,,Financial Services,Mortgage Finance,1246124800.0,,0.0179,,,
GIB,1.5,2026-01-16,2026-09-11,35,69.06,91.31,61.18,1.49,-0.39,-0.49,False,0.0466,0.0915,0.571,0.0287,0.26,True,0.005,44.9,0,12,0.0158,0.063,0.34,0.87,1.62,0.0,False,2026-09-11,0.025143135439938957,0.032996893927512705,-0.007853758487573748,0.05669664694782073,1733272000.0,0.1625679521834133,2026-06-30,2362691911.0,1.66,-0.20952380952380958,0.0,False,True,Technology,Information Technology Services,14538764288.0,,0.0053,,,
GIC,2.0,2024-04-12,2026-09-11,127,38.66,39.81,20.35,1.96,0.27,-0.51,True,0.1083,0.1581,0.685,0.0412,0.94,True,0.178,66.5,1,73,0.0196,0.0792,0.18,1.64,2.63,0.0,False,2026-09-11,0.07718027305656161,0.09158878504672896,-0.01440851199016735,0.084251849614978,87100000.0,0.40196585618210035,2026-06-30,87300000.0,0.54,-0.1692307692307692,0.0,False,True,Industrials,Industrial Distribution,1485844224.0,,0.0462,,,
GIL,1.5,2025-07-04,2026-09-11,63,48.93,71.63,48.93,1.46,0.03,-0.07,True,0.0536,0.0899,0.587,0.0375,0.0,False,-0.078,39.7,1,0,0.0378,0.0347,0.71,1.0,1.43,0.02,False,2026-09-11,0.6793333053892217,0.6383165278386673,0.04101677755055433,0.40994034608133667,62656040.0,0.2813863010562826,2026-06-30,490323968.0,1.28,0.31958762886597947,15.3153,False,True,Consumer Cyclical,Apparel Manufacturing,8972545024.0,,0.0716,,,
GLAD,1.5,2025-09-05,2026-09-11,54,19.38,23.4,15.76,1.49,-0.08,-0.39,True,0.0397,0.0693,0.741,0.0291,0.47,True,0.069,54.1,2,24,0.0097,0.0165,0.24,0.87,1.36,0.04,False,2026-09-11,0.7174702774108321,0.8881461675579323,-0.17067589014710016,-0.17272062663185384,50255000.0,0.6894529372175753,2026-06-30,-150757000.0,0.49,-0.020000000000000018,0.0,False,False,Financial Services,Asset Management,440112960.0,,0.0425,,,
GLBE,2.0,2025-02-21,2026-09-11,82,36.5,45.07,27.89,1.62,0.04,-0.56,True,0.072,0.1012,0.72,0.0633,0.5,True,0.237,50.0,1,17,0.0498,0.0487,0.69,1.03,1.14,0.04,False,2026-09-11,0.3914937382781778,0.3275929261330721,0.06390081214510568,0.31397204027300685,153713000.0,0.4410468227424749,2026-06-30,290033000.0,0.27,0.35000000000000003,22.7273,False,True,Consumer Cyclical,Internet Retail,6245027840.0,,0.0335,,,
GLP,1.5,2024-08-16,2026-09-11,109,54.07,54.07,36.97,1.46,0.21,-0.12,True,0.0573,0.0827,0.743,0.0432,1.0,True,0.057,68.5,2,108,0.0275,0.0369,0.48,1.06,1.33,0.02,False,2026-09-11,0.46794858356251723,0.15887885471812302,0.3090697288443942,0.20353773963267519,172421999.0,0.04843002623051998,2026-06-30,199432000.0,1.86,2.381818181818182,50.0,False,True,Energy,Oil & Gas Midstream,1785533696.0,,0.0086,,,
GLUE,2.0,2025-10-31,2026-09-11,46,14.32,24.56,12.31,2.0,0.12,0.11,True,0.1184,0.1786,0.63,0.1632,0.16,True,0.018,41.7,0,44,0.0684,0.1622,0.58,0.93,0.73,0.02,False,2026-09-11,-0.6133482797275157,-0.9504291820226307,0.337080902295115,-0.8385996651422022,-161116000.0,1.0,2026-06-30,-71315000.0,-0.43,-1.866666666666667,-72.0,False,False,Healthcare,Biotechnology,1200359552.0,,0.2152,,,
GLW,2.0,2026-02-06,2026-09-11,32,163.12,220.63,121.52,1.82,0.32,0.18,True,0.1211,0.1528,0.688,0.047,0.42,True,0.002,52.2,0,31,0.0551,0.0884,0.45,0.75,2.58,0.0,False,2026-09-11,0.1664940445365095,0.2004634994206258,-0.03396945488411629,0.1941433197240603,1900000000.0,0.3613762486126526,2026-06-30,2395000000.0,0.78,0.3000000000000001,2.6316,False,True,Technology,Electronic Components,143335014400.0,,0.0263,,,
GLXY,2.0,2025-10-31,2026-09-11,46,24.13,35.01,17.64,1.98,-0.14,-0.56,True,0.1277,0.1718,0.587,0.1411,0.37,False,-0.051,48.8,1,23,0.0538,0.0838,0.42,0.92,0.91,0.0,True,2026-09-11,-0.038216784154934125,-0.2129267214161058,0.17470993726117168,0.2392721560169071,-99335000.0,0.025797732469413755,2026-06-30,-1741225270.0,-0.09,-2.1249999999999996,75.0,False,False,Financial Services,Capital Markets,14378855424.0,,0.1774,,,
GMAB,1.5,2025-08-15,2026-09-11,57,32.23,34.26,23.31,1.47,0.0,-0.39,True,0.0845,0.0987,0.561,0.0511,0.81,True,0.134,62.1,0,56,0.0391,0.0993,0.46,1.31,1.65,0.04,False,2026-09-11,0.24890886589926042,7.545889871780618,-7.296981005881358,-0.6824907187512691,788102674.0,0.9272727272727272,2026-06-30,867344374.0,0.54,0.0,45.9459,False,True,Healthcare,Biotechnology,19965886464.0,,0.0112,,,
GMAB,2.0,2023-09-22,2026-09-11,156,32.23,36.08,18.39,1.96,-0.04,-0.61,True,0.1245,0.1608,0.603,0.0414,0.78,True,0.134,62.1,2,75,0.0391,0.0993,0.31,2.29,3.01,0.03,False,2026-09-11,0.24890886589926042,7.545889871780618,-7.296981005881358,-0.6824907187512691,788102674.0,0.9272727272727272,2026-06-30,867344374.0,0.54,0.0,45.9459,False,True,Healthcare,Biotechnology,19965886464.0,,0.0112,,,
GME,1.5,2025-06-13,2026-09-11,66,20.39,26.53,17.87,1.48,-0.31,-0.46,False,0.043,0.0792,0.788,0.0697,0.29,False,-0.113,46.3,0,2,0.0569,0.0368,1.32,0.73,0.62,0.02,False,2026-09-11,-0.1872042789549475,0.14049699617695244,-0.32770127513189995,-0.07711500974658869,893300000.0,0.43659832953682615,2026-07-31,688200000.0,0.27,0.08000000000000007,0.0,False,True,Consumer Cyclical,Specialty Retail,10670195712.0,,0.1391,,,
GME,2.0,2024-05-10,2026-09-11,123,20.39,33.03,17.46,1.89,-0.23,-0.57,False,0.0695,0.1279,0.764,0.087,0.19,False,-0.113,46.3,2,122,0.0569,0.0368,0.82,0.58,0.8,0.02,False,2026-09-11,-0.1872042789549475,0.14049699617695244,-0.32770127513189995,-0.07711500974658869,893300000.0,0.43659832953682615,2026-07-31,688200000.0,0.27,0.08000000000000007,0.0,False,True,Consumer Cyclical,Specialty Retail,10670195712.0,,0.1391,,,
GNE,1.5,2025-07-25,2026-09-11,60,15.69,19.68,13.22,1.49,-0.23,-0.53,True,0.0274,0.0758,0.217,0.0485,0.38,True,0.052,63.7,1,17,0.0256,0.0334,0.93,0.86,0.56,0.03,False,2026-09-11,-0.04609932447197651,0.04023916904836744,-0.08633849352034395,0.09953882554823279,25781000.0,0.3353917867707846,2026-06-30,11891000.0,0.43,2.909090909090909,72.0,False,True,Utilities,Utilities - Regulated Electric,415323648.0,,0.0329,,,
GNE,2.0,2025-07-04,2026-09-11,63,15.69,24.41,13.22,1.85,-0.3,-0.53,True,0.0315,0.1308,0.063,0.0424,0.22,True,0.052,63.7,1,17,0.0256,0.0334,0.81,0.82,0.74,0.03,False,2026-09-11,-0.04609932447197651,0.04023916904836744,-0.08633849352034395,0.09953882554823279,25781000.0,0.3353917867707846,2026-06-30,11891000.0,0.43,2.909090909090909,72.0,False,True,Utilities,Utilities - Regulated Electric,415323648.0,,0.0329,,,
GNRC,2.0,2025-12-26,2026-09-11,38,181.67,279.15,140.56,1.99,0.38,-0.29,True,0.1196,0.1804,0.579,0.0607,0.3,False,-0.079,38.6,0,37,0.0623,0.1023,0.52,0.88,1.97,0.0,False,2026-09-11,0.10586532399646043,0.12444685979826375,-0.01858153580180333,0.006137834018715038,258195000.0,0.444658332694225,2026-06-30,379248999.0,2.91,0.7636363636363638,49.2308,False,True,Industrials,Specialty Industrial Machinery,11033600000.0,,0.0457,,,
GOLD,1.5,2026-02-27,2026-09-11,29,45.88,57.18,38.31,1.49,-0.21,-0.37,True,0.0545,0.0918,0.517,0.063,0.4,True,0.003,55.9,0,8,0.0293,0.0494,0.54,0.91,0.87,0.0,False,2026-09-11,0.9924038075705559,2.439780334814938,-1.447376527244382,1.3239189391302033,82341000.0,0.022037300994562654,2026-06-30,1293685000.0,0.83,0.3824117255163223,-13.5417,False,True,Financial Services,Capital Markets,1405842432.0,,0.1583,,,
GOLD,2.0,2025-12-05,2026-09-11,41,45.88,60.4,30.63,1.97,0.08,-0.31,True,0.0792,0.152,0.78,0.0548,0.51,True,0.003,55.9,0,40,0.0293,0.0494,0.37,0.85,1.45,0.0,False,2026-09-11,0.9924038075705559,2.439780334814938,-1.447376527244382,1.3239189391302033,82341000.0,0.022037300994562654,2026-06-30,1293685000.0,0.83,0.3824117255163223,-13.5417,False,True,Financial Services,Capital Markets,1405842432.0,,0.1583,,,
GOLF,1.5,2025-11-07,2026-09-11,45,85.27,117.73,78.54,1.5,0.39,-0.03,True,0.0694,0.1051,0.556,0.0445,0.17,True,0.083,40.2,0,43,0.0357,0.1229,0.51,1.18,1.56,0.0,False,2026-09-11,0.1380684436400379,0.07052171539384555,0.06754672824619234,0.08768363996564799,219858000.0,0.5437288325765808,2026-06-30,183737000.0,2.08,0.664,29.1925,False,True,Consumer Cyclical,Leisure,4973773824.0,,0.1443,,,
GOOD,1.5,2024-12-06,2026-09-11,93,12.78,14.39,9.86,1.46,-0.34,-0.34,True,0.049,0.0945,0.656,0.0307,0.65,True,0.059,56.6,2,37,0.0051,0.014,0.1,0.95,1.6,0.02,False,2026-09-11,0.11271595881921437,0.11754353217247537,-0.0048275733532610055,0.1077555908463721,24764000.0,1.0,2026-06-30,75178000.0,0.38,18.0,8.5714,False,True,Real Estate,REIT - Diversified,620575168.0,,0.0787,,,
GOOS,2.0,2023-09-22,2026-09-11,156,7.63,14.66,7.6,1.93,-0.21,-0.85,False,0.1143,0.1499,0.667,0.0685,0.0,False,-0.163,27.4,2,75,0.0195,0.0787,0.17,0.82,1.67,0.03,False,2026-09-11,0.10344634508348793,0.1816730291211648,-0.07822668403767685,0.12603096484175125,56933276.0,0.3465096737396773,2026-06-30,65049490.0,-0.64,0.030303030303030328,-1.5873,False,True,Consumer Cyclical,Apparel Manufacturing,774448576.0,,0.1181,,,
GPCR,1.5,2026-03-13,2026-09-11,27,39.55,54.51,37.58,1.45,0.03,-0.58,True,0.1064,0.1159,0.481,0.1673,0.12,True,0.104,39.8,0,14,0.0249,0.0356,0.23,0.86,0.64,0.04,False,2026-09-11,,,,-1.0,-215061517.0,,2026-06-30,-224459100.0,-0.49,-0.36111111111111116,-25.641,False,False,Healthcare,Biotechnology,2756838912.0,,0.1124,,,
GPI,2.0,2023-10-27,2026-09-11,151,281.84,480.63,245.09,1.96,0.27,-0.09,False,0.1643,0.1824,0.503,0.047,0.16,False,-0.119,42.6,0,150,0.0416,0.076,0.25,1.04,3.5,0.02,False,2026-09-11,-0.055825370386604733,-0.017837356728970244,-0.03798801365763449,0.00811779909357302,289600000.0,0.15981133126590036,2026-06-30,138100000.0,9.61,-0.16579861111111113,-10.9361,False,True,Consumer Cyclical,Auto & Truck Dealerships,3317597440.0,,0.1462,,,
GPK,1.5,2026-02-06,2026-09-11,32,9.39,12.98,8.82,1.47,0.02,-0.69,False,0.0855,0.0972,0.5,0.0385,0.14,True,0.111,38.0,0,25,0.0549,0.0387,0.64,0.8,2.22,0.0,False,2026-09-11,-0.007259528130671544,0.016981132075471805,-0.02424066020614335,0.00023161551823980275,194000000.0,0.13345521023765997,2026-06-30,189000000.0,0.14,-0.6666666666666666,27.2727,False,True,Consumer Cyclical,Packaging & Containers,2812679936.0,,0.0883,,,
GPN,1.5,2025-04-04,2026-09-11,76,88.3,93.23,63.63,1.47,-0.06,-0.52,False,0.0658,0.0935,0.671,0.0371,0.83,True,0.209,59.9,1,23,0.0342,0.0921,0.52,1.08,1.77,0.03,False,2026-09-11,0.6970977852527691,0.23116142047296595,0.46593636477980316,0.14782707871555734,-955852000.0,0.6103702401024335,2026-06-30,822719000.0,3.46,0.11612903225806448,0.2899,False,False,Industrials,Specialty Business Services,23363158016.0,,0.0731,,,
GPOR,1.5,2024-11-08,2026-09-11,97,176.3,222.49,152.1,1.46,0.05,-0.07,True,0.0645,0.09,0.619,0.0371,0.34,False,-0.119,50.4,1,9,0.0358,0.044,0.56,0.87,1.74,0.02,False,2026-09-11,-0.16038393014782593,0.6498070329644743,-0.8101909631123002,0.2949719520086931,496732000.0,0.29076707206569985,2026-06-30,250001000.0,3.76,-0.3062730627306273,-1.5707,False,True,Energy,Oil & Gas E&P,3063729664.0,,0.0688,,,
GPRE,1.5,2026-02-06,2026-09-11,32,15.34,19.23,13.7,1.4,0.19,-0.45,False,0.0461,0.0813,0.625,0.1096,0.3,False,-0.011,50.3,0,30,0.0512,0.0477,1.11,0.96,0.42,0.0,True,2026-09-11,-0.19283539756416546,-0.24329235347414446,0.05045695590997901,-0.23293553337969486,123953000.0,0.2533032736921367,2026-06-30,118171000.0,0.83,2.9761904761904763,27.6923,True,True,Basic Materials,Chemicals,1044420352.0,,0.2151,,,
GRND,2.0,2025-07-18,2026-09-11,61,15.38,19.91,10.08,1.98,-0.12,-0.59,True,0.1221,0.143,0.705,0.0524,0.54,True,0.211,54.5,1,30,0.0244,0.0309,0.2,0.96,2.33,0.0,False,2026-09-11,0.3254461715601611,0.3832634290702379,-0.057817257510076825,0.3238475840292492,95587000.0,0.7497647280255976,2026-06-30,148761169.0,0.1,0.25000000000000006,-28.5714,False,True,Technology,Software - Application,2655979008.0,,0.1548,,,
GROY,2.0,2025-07-25,2026-09-11,60,3.28,4.95,2.55,1.94,-0.28,0.05,True,0.1142,0.166,0.65,0.0718,0.3,False,-0.118,51.3,0,8,0.0498,0.0941,0.44,0.74,1.59,0.03,False,2026-09-11,0.7609207428720899,1.2874442319949013,-0.5265234891228114,0.8228021978021978,1501000.0,0.6931075460487225,2026-06-30,-96800000.0,0.01,,0.0,True,False,Basic Materials,Gold,790031296.0,,0.0384,,,
GROY-WS,2.0,2025-07-25,2026-09-11,60,3.28,4.95,2.55,1.94,-0.28,-0.57,True,0.1142,0.166,0.65,0.0718,0.3,False,-0.118,51.3,0,8,0.0498,0.0941,0.44,0.74,1.59,0.03,False,2026-09-11,,,,,,,,,,,,,,,,,,,,,
GRVY,1.5,2024-06-28,2026-09-11,116,70.77,80.75,53.87,1.5,-0.08,-0.39,True,0.0373,0.0789,0.664,0.0591,0.63,True,0.09,58.2,2,78,0.0345,0.0519,0.92,1.77,0.63,0.03,False,2026-09-11,0.32882591092652147,0.19803331189439777,0.1307925990321237,0.04636955754540706,64219619000.0,0.32333646314645054,2026-06-30,,2.26,0.18324607329842926,,False,,Communication Services,Electronic Gaming & Multimedia,495387072.0,,0.0088,,,
GSIT,2.0,2025-10-17,2026-09-11,48,5.31,9.93,5.08,1.95,-0.19,-0.11,True,0.1614,0.1854,0.562,0.1461,0.05,False,-0.179,41.0,1,47,0.0565,0.1068,0.35,0.51,1.1,0.0,False,2026-09-11,0.0046156294763648464,0.07411184769675327,-0.06949621822038843,0.1365115228197018,-15821000.0,0.533745247148289,2026-06-30,-18892000.0,-0.13,-0.5815085158150853,,False,False,Technology,Semiconductors,196390544.0,,0.1237,,,
GSM,1.5,2026-03-06,2026-09-11,28,4.46,4.69,3.18,1.48,-0.26,-0.46,False,0.092,0.1149,0.464,0.0696,0.85,False,-0.085,54.9,0,6,0.0567,0.1449,0.62,0.97,1.32,0.04,False,2026-09-11,-0.02130475466703885,0.13205980877599055,-0.1533645634430294,-0.08536940188444897,-40446000.0,0.2639849981511806,2026-06-30,-18561000.0,-0.08,0.0,-14.2857,False,False,Basic Materials,Other Industrial Metals & Mining,839003648.0,,0.0309,,,
GSM,2.0,2023-12-29,2026-09-11,142,4.46,6.3,3.18,1.98,-0.31,-0.65,False,0.1012,0.1502,0.648,0.069,0.41,False,-0.085,54.9,1,6,0.0567,0.1449,0.56,1.02,1.47,0.03,False,2026-09-11,-0.02130475466703885,0.13205980877599055,-0.1533645634430294,-0.08536940188444897,-40446000.0,0.2639849981511806,2026-06-30,-18561000.0,-0.08,0.0,-14.2857,False,False,Basic Materials,Other Industrial Metals & Mining,839003648.0,,0.0309,,,
GT,1.5,2026-02-27,2026-09-11,29,5.54,8.25,5.54,1.49,-0.31,-0.6,False,0.063,0.0911,0.655,0.0573,0.0,True,0.009,37.5,0,0,0.0413,0.0575,0.66,0.84,1.1,0.03,False,2026-09-11,-0.04815229563269874,-0.0874676698800847,0.03931537424738596,-0.04305262588566172,-2543000000.0,0.16023529411764706,2026-06-30,192000000.0,-0.61,-2.5882352941176467,-3.3898,False,False,Consumer Cyclical,Auto Parts,1546016256.0,,0.1735,,,
GTE,2.0,2026-02-13,2026-09-11,31,11.01,11.01,5.57,1.98,0.32,-0.44,True,0.1143,0.1652,0.645,0.0939,1.0,False,-0.03,71.8,0,30,0.0598,0.1963,0.52,1.37,1.22,0.0,False,2026-09-11,0.22756933650749933,0.00893668674098258,0.21863264976651675,0.01811229947384252,-255409000.0,0.7036665046131819,2026-06-30,269481810.0,0.7,2.9444444444444446,-41.1765,True,False,Energy,Oil & Gas E&P,381750208.0,,0.0416,,,
GVA,1.5,2025-11-28,2026-09-11,42,115.25,160.26,107.2,1.49,0.26,-0.03,True,0.0431,0.0857,0.714,0.038,0.15,False,-0.01,41.2,0,41,0.0243,0.0248,0.56,0.76,1.13,0.0,False,2026-09-11,0.2930004866940683,0.3043655394133633,-0.011365052719294999,0.21795252167311863,-164902000.0,0.16400548949358185,2026-06-30,471906000.0,2.1,0.08808290155440422,-7.489,False,False,Industrials,Engineering & Construction,5283246080.0,,0.1247,,,
GWRE,2.0,2025-12-05,2026-09-11,41,140.09,210.55,107.86,1.95,-0.26,-0.59,False,0.1045,0.172,0.61,0.0615,0.31,True,0.096,45.7,0,12,0.1119,0.1037,1.07,0.88,1.7,0.0,False,2026-09-11,0.15289564461396088,0.26927034356814805,-0.11637469895418717,0.22695493151949453,139284000.0,0.6560152570739112,2026-07-31,290251000.0,0.55,-0.3452380952380952,12.2449,False,True,Technology,Software - Application,11732487168.0,,0.0554,,,
GXO,1.5,2025-06-20,2026-09-11,65,45.43,65.59,45.43,1.44,-0.09,-0.32,False,0.0452,0.0785,0.585,0.0638,0.0,False,-0.05,40.3,0,0,0.0265,0.0319,0.59,0.95,0.71,0.03,True,2026-09-11,0.04304334646862684,0.10782667114544853,-0.06478332467682169,0.07553417961050224,131000000.0,0.14763150247021214,2026-06-30,180000000.0,0.59,0.03508771929824565,1.7241,False,True,Industrials,Integrated Freight & Logistics,5257140736.0,,0.0704,,,
H,2.0,2023-11-03,2026-09-11,150,161.39,201.92,103.4,1.95,0.4,-0.16,True,0.0679,0.1283,0.8,0.0413,0.59,True,0.095,40.7,3,149,0.0281,0.0534,0.41,1.14,1.64,0.03,False,2026-09-11,0.011615044247787587,1.1009615384615383,-1.0893464942137507,0.5032428537112659,79000000.0,0.2121377802077638,2026-06-30,392000000.0,1.12,0.6470588235294118,24.4444,False,True,Consumer Cyclical,Lodging,15367185408.0,,0.2869,,,
HAFN,1.5,2026-03-20,2026-09-11,26,9.36,9.36,6.36,1.47,0.26,-0.07,True,0.0584,0.0917,0.5,0.0541,1.0,True,0.008,77.0,0,25,0.0465,0.0549,0.8,0.73,1.08,0.0,False,2026-09-11,0.4017476861167002,0.22505886003175712,0.17668882608494307,0.11614157688359716,645462873.0,0.29954558793257785,2026-06-30,546241820.0,0.56,2.733333333333334,9.8039,False,True,Industrials,Marine Shipping,4687948800.0,,0.0202,,,
HAL,1.5,2026-01-02,2026-09-11,37,36.07,41.39,29.2,1.42,0.15,-0.25,True,0.0569,0.0844,0.622,0.0641,0.56,False,-0.122,53.2,0,36,0.0412,0.0308,0.72,0.81,0.89,0.0,False,2026-09-11,0.0370235934664247,-0.0027690603655159407,0.03979265383194064,0.006251686606098872,1602000000.0,0.1407070353517676,2026-06-30,1725000000.0,0.55,0.0,1.8519,False,True,Energy,Oil & Gas Equipment & Services,29859393536.0,,0.0557,,,
HAPN,2.0,2025-06-20,2026-09-11,65,16.7,21.05,11.01,1.91,0.39,-0.37,True,0.0979,0.1374,0.662,0.0728,0.57,True,0.17,44.3,2,64,0.0381,0.0411,0.39,0.74,1.34,0.02,False,2026-09-11,0.0648690092760571,-0.1287669313872314,0.19363594066328849,0.055326841411392325,195579000.0,0.7760571245531829,2026-06-30,-2956802000.0,0.5,0.515151515151515,19.0476,False,False,Financial Services,Banks - Regional,1938845312.0,,0.0575,,,
HAYW,1.5,2023-11-17,2026-09-11,148,12.88,16.97,11.66,1.46,0.38,-0.57,False,0.0604,0.0853,0.662,0.0564,0.23,True,0.052,37.7,5,147,0.0417,0.0547,0.69,1.17,1.07,0.04,False,2026-09-11,0.0626662616862983,0.11525469649232445,-0.05258843480602615,0.07775637805976987,161414000.0,0.48700287080137444,2026-06-30,204258000.0,0.26,0.08333333333333341,8.3333,False,True,Industrials,Electrical Equipment & Parts,2780887552.0,,0.049,,,
HBAN,1.5,2025-04-18,2026-09-11,74,16.73,18.91,13.05,1.45,0.36,-0.23,True,0.0517,0.0689,0.824,0.0438,0.63,True,0.087,48.3,1,73,0.0123,0.0253,0.24,0.91,1.18,0.03,False,2026-09-11,0.37661050545094144,0.26315789473684204,0.1134526107140994,0.1853253269721149,2398000000.0,0.6491480681545476,2026-06-30,2957000000.0,0.39,0.1142857142857144,0.0,False,True,Financial Services,Banks - Regional,34064195584.0,,0.0256,,,
HCA,1.5,2025-08-08,2026-09-11,58,421.21,538.41,371.18,1.45,-0.19,-0.09,True,0.0901,0.1055,0.552,0.0379,0.3,False,-0.077,50.3,0,8,0.0186,0.0317,0.21,0.91,2.38,0.03,False,2026-09-11,0.08734211233539368,0.043010752688172005,0.04433135964722168,0.07311067704751162,6840000000.0,0.15160652496292634,2026-06-30,5997000000.0,7.59,0.10964912280701755,0.2642,False,True,Healthcare,Medical Care Facilities,92433154048.0,,0.0436,,,
HCC,1.5,2025-11-07,2026-09-11,45,101.65,107.07,74.87,1.43,0.34,0.01,True,0.064,0.0939,0.6,0.0721,0.83,True,0.004,60.9,0,42,0.0698,0.116,1.09,0.84,0.89,0.0,True,2026-09-11,0.7056414100513342,0.5377248721602816,0.16791653789105254,0.3747467755818026,219330000.0,0.3190390237203006,2026-06-30,6134001.0,1.65,13.999999999999998,7.1429,False,True,Basic Materials,Coking Coal,5162460160.0,,0.1047,,,
HCI,1.5,2025-04-11,2026-09-11,75,186.59,204.41,136.62,1.5,0.3,-0.08,True,0.0823,0.0999,0.653,0.0454,0.74,True,0.176,61.3,1,59,0.0138,0.0222,0.17,1.05,1.81,0.03,False,2026-09-11,0.11128982843137258,0.11896765395583686,-0.007677825524464277,0.22752358864547872,310365000.0,0.7118380883265154,2026-06-30,410306000.0,5.6,0.08108108108108107,12.6761,False,True,Financial Services,Insurance - Property & Casualty,2310270720.0,,0.0521,,,
HD,1.5,2023-11-17,2026-09-11,148,305.69,411.93,284.5,1.45,0.06,-0.23,False,0.0564,0.08,0.723,0.0279,0.17,True,0.051,39.5,0,147,0.0143,0.0161,0.25,0.94,2.02,0.05,False,2026-09-11,0.057070919009651666,0.04789743075070252,0.009173488258949147,0.024973644988912636,14227000000.0,0.3367042059296713,2026-07-31,15101000000.0,4.92,0.05128205128205133,4.4586,False,True,Consumer Cyclical,Home Improvement Retail,308026671104.0,,0.0099,,,
HDSN,1.5,2026-02-20,2026-09-11,30,5.35,7.38,4.92,1.5,-0.31,-0.67,False,0.0673,0.092,0.667,0.0606,0.17,True,0.02,39.8,0,17,0.0401,0.0564,0.6,1.05,1.11,0.03,False,2026-09-11,0.07544372606350125,0.08687638906456097,-0.011432663001059717,0.14298552349429205,9018000.0,0.26408832727040654,2026-06-30,-34514000.0,0.12,-0.4782608695652174,-29.4118,False,False,Basic Materials,Specialty Chemicals,227488608.0,,0.0761,,,
HEI,1.5,2025-05-02,2026-09-11,72,312.49,374.67,262.07,1.43,0.31,-0.06,True,0.0452,0.0818,0.681,0.0388,0.45,True,0.18,44.1,0,71,0.0441,0.0357,0.98,1.04,1.16,0.04,False,2026-09-11,0.2313184749618984,0.253131660928021,-0.021813185966122584,0.2069005231159038,847724000.0,0.4111581331163087,2026-07-31,1030280000.0,1.67,0.32539682539682535,10.596,False,True,Industrials,Aerospace & Defense,44163342336.0,,0.0139,,,
HEI-A,1.5,2025-02-28,2026-09-11,81,232.34,274.99,190.3,1.45,0.33,-0.12,True,0.0437,0.0866,0.58,0.028,0.5,True,0.142,43.9,0,75,0.0326,0.026,0.75,0.98,1.56,0.02,False,2026-09-11,0.2313184749618984,0.253131660928021,-0.021813185966122584,0.2069005231159038,847724000.0,0.4111581331163087,2026-07-31,1030280000.0,1.6666,0.32269841269841276,,False,True,Industrials,Aerospace & Defense,32877930496.0,,0.0076,,,
HGTY,1.5,2025-05-30,2026-09-11,68,13.49,13.82,9.46,1.46,0.31,-0.21,True,0.0896,0.1042,0.529,0.0371,0.92,True,0.182,63.8,1,65,0.0219,0.0573,0.24,1.12,2.42,0.04,False,2026-09-11,-0.03763774786478946,-0.024290269186121094,-0.013347478678668367,0.07754652192666711,25463000.0,0.6879872161252685,2026-06-30,278489000.0,-0.02,-1.1538461538461537,75.0,False,True,Financial Services,Insurance - Property & Casualty,4656087552.0,,0.0186,,,
HGV,1.5,2025-05-02,2026-09-11,72,39.2,54.69,37.88,1.44,0.36,-0.2,False,0.0628,0.0884,0.639,0.0489,0.08,True,0.031,35.3,1,24,0.0257,0.0824,0.41,1.23,1.28,0.01,False,2026-09-11,0.2511848341232228,0.11933797909407673,0.13184685502914606,0.09952038369304561,186000000.0,0.4431818181818182,2026-06-30,422000000.0,0.89,0.648148148148148,3.4884,False,True,Consumer Cyclical,Resorts & Casinos,3067772160.0,,0.1531,,,
HHH,1.5,2024-07-12,2026-09-11,114,61.63,89.53,61.63,1.45,-0.24,-0.23,False,0.0793,0.0952,0.57,0.0369,0.0,True,0.055,38.2,3,0,0.019,0.0372,0.24,1.06,2.15,0.01,False,2026-09-11,3.30208141674333,0.18356176753893072,3.118519649204399,0.33992190610097994,292099000.0,0.32356879946753486,2026-06-30,773038000.0,2.68,13.181818181818183,170.7071,True,True,Real Estate,Real Estate - Development,3675829760.0,,0.1134,,,
HII,2.0,2025-06-06,2026-09-11,67,281.67,440.55,221.69,1.99,0.35,-0.2,True,0.1085,0.1824,0.522,0.0595,0.27,False,-0.154,39.8,0,66,0.0396,0.0195,0.36,0.87,1.82,0.0,False,2026-09-11,0.10902011680726797,0.13350402340892464,-0.02448390660165667,0.13968363730659528,661000000.0,0.13224107665301346,2026-06-30,376000000.0,5.27,0.36528497409326416,39.0501,False,True,Industrials,Aerospace & Defense,11021072384.0,,0.0331,,,
HIPO,1.5,2025-09-26,2026-09-11,51,32.06,36.88,24.82,1.49,-0.38,-0.34,True,0.0836,0.1103,0.529,0.0916,0.6,True,0.157,58.7,0,14,0.0171,0.0674,0.2,1.52,0.91,0.0,False,2026-09-11,0.23358908780903676,0.10154125113327295,0.1320478366757638,0.1934117647058824,121300000.0,0.5867311679336559,2026-06-30,67900000.0,0.54,-0.1692307692307692,2800.0,False,True,Financial Services,Insurance - Property & Casualty,844460160.0,,0.0395,,,
HIPO,2.0,2024-11-01,2026-09-11,98,32.06,37.34,20.53,1.82,0.17,-0.15,True,0.089,0.1297,0.735,0.1118,0.69,True,0.157,58.7,0,70,0.0171,0.0674,0.19,1.43,0.8,0.0,False,2026-09-11,0.23358908780903676,0.10154125113327295,0.1320478366757638,0.1934117647058824,121300000.0,0.5867311679336559,2026-06-30,67900000.0,0.54,-0.1692307692307692,2800.0,False,True,Financial Services,Insurance - Property & Casualty,844460160.0,,0.0395,,,
HL,1.5,2026-03-06,2026-09-11,28,20.02,20.72,14.12,1.47,-0.14,-0.56,True,0.0965,0.1132,0.464,0.1131,0.89,False,-0.03,57.3,0,6,0.0784,0.1225,0.81,1.72,0.85,0.0,False,2026-09-11,0.09809655063530531,0.5743268321987915,-0.47623028156348624,0.5120535116299691,333851000.0,0.648696574220236,2026-06-30,515611000.0,0.17,1.125,-5.5556,False,True,Basic Materials,Other Precious Metals & Mining,13287580672.0,,0.0,,,
HLF,2.0,2025-11-21,2026-09-11,43,12.28,19.96,11.43,1.75,-0.38,-0.25,True,0.0882,0.152,0.419,0.0955,0.1,False,-0.119,45.2,1,14,0.0049,0.0129,0.06,0.79,0.92,0.0,False,2026-09-11,0.05376856484790715,0.07816976344438076,-0.024401198596473606,0.05522978593892658,164200000.0,0.7766807356044618,2026-06-30,425200000.0,0.51,-0.135593220338983,-19.0476,False,True,Consumer Defensive,Packaged Foods,1246106368.0,,0.0972,,,
HLI,2.0,2023-12-01,2026-09-11,146,135.97,205.15,105.37,1.95,0.33,0.0,False,0.1417,0.1596,0.616,0.0366,0.31,False,-0.081,43.9,1,145,0.0301,0.0259,0.21,1.45,3.87,0.01,False,2026-09-11,-0.15585885167068914,-0.04618545006017205,-0.10967340161051709,0.016932026845551063,406164000.0,0.30724070450097846,2026-06-30,484634000.0,1.35,-0.3691588785046729,-17.6829,False,True,Financial Services,Capital Markets,9547194368.0,,0.0469,,,
HLMN,1.5,2026-02-13,2026-09-11,31,6.98,10.06,6.98,1.44,-0.23,-0.39,False,0.0398,0.0774,0.71,0.0592,0.0,True,0.02,39.3,0,0,0.0429,0.0372,1.08,0.91,0.67,0.03,False,2026-09-11,0.09793372939129052,0.029860050147074046,0.06807367924421648,0.06471610706682518,41178000.0,0.4705223956531472,2026-06-30,61075999.0,0.17,0.0,0.0,False,True,Industrials,Tools & Accessories,1357924096.0,,0.0249,,,
HLNE,1.5,2026-02-20,2026-09-11,30,95.79,106.04,77.77,1.36,-0.15,-0.6,False,0.0964,0.1002,0.433,0.0514,0.64,True,0.013,48.3,0,11,0.0358,0.1029,0.37,0.77,1.88,0.0,False,2026-09-11,0.5647540890439764,-0.022255672519346126,0.5870097615633225,0.24007281237810418,275895000.0,0.6973569993934573,2026-06-30,392701000.0,1.94,0.48091603053435106,27.6316,False,True,Financial Services,Asset Management,6432778240.0,,0.1096,,,
HMC,1.5,2024-12-27,2026-09-11,90,31.62,33.37,23.5,1.42,0.11,-0.31,True,0.0674,0.0852,0.667,0.0315,0.82,True,0.191,61.3,1,25,0.0172,0.0648,0.26,0.85,2.14,0.03,False,2026-09-11,0.1350580158149366,0.08598887844535552,0.04906913736958107,0.041327769375916645,-169696000000.0,0.2223967477432206,2026-06-30,7212000000.0,2.18,-0.9534188034188035,,False,False,Consumer Cyclical,Auto Manufacturers,42200301568.0,,0.0016,,,
HMY,2.0,2025-03-21,2026-09-11,78,20.19,23.54,12.35,1.91,0.39,0.05,True,0.1183,0.1595,0.603,0.0719,0.7,True,0.111,55.9,1,77,0.0208,0.1387,0.18,0.74,1.65,0.0,False,2026-09-11,0.9938428887472748,0.561826064900218,0.43201682384705675,0.6944344282417871,43088748318.0,0.48976734889355195,2026-06-30,26511611855.0,0.0,,,False,True,Basic Materials,Gold,12899533824.0,,0.0233,,,
HNRG,2.0,2025-04-11,2026-09-11,75,15.6,22.3,13.36,1.67,-0.02,-0.08,True,0.1084,0.1161,0.72,0.118,0.25,False,-0.042,46.0,0,74,0.0452,0.0347,0.42,0.9,0.92,0.0,False,2026-09-11,-0.013451389361350596,-0.14951565113297738,0.13606426177162678,0.07270579774681551,-912000.0,0.05435200236441554,2026-06-30,-50462000.0,-0.32,-2.6842105263157894,-166.6667,False,False,Utilities,Utilities - Independent Power Producers,723179072.0,,0.0911,,,
HOG,2.0,2024-10-04,2026-09-11,102,26.96,34.41,17.44,1.97,-0.32,-0.63,False,0.083,0.145,0.706,0.0506,0.56,True,0.15,58.3,1,25,0.0322,0.0365,0.39,0.98,1.64,0.04,False,2026-09-11,-0.15588272646733448,-0.1178731110006026,-0.03800961546673187,-0.08087138747926914,201819000.0,0.2512135834336345,2026-06-30,-133068000.0,0.75,-0.14772727272727273,20.9677,False,False,Consumer Cyclical,Recreational Vehicles,2900500736.0,,0.2308,,,
HOOD,2.0,2025-11-07,2026-09-11,45,113.33,131.95,66.02,2.0,-0.24,-0.56,True,0.1928,0.1968,0.511,0.1044,0.72,True,0.321,57.0,1,24,0.0743,0.0812,0.39,0.76,1.85,0.02,False,2026-09-11,-0.45904954499494444,0.15102481121898603,-0.6100743562139305,0.1659657975890103,2072000000.0,0.6130841121495327,2026-06-30,-638000000.0,0.62,0.4761904761904762,40.9091,False,False,Financial Services,Capital Markets,101209694208.0,,0.0454,,,
HOV,2.0,2024-12-06,2026-09-11,93,113.29,169.94,89.93,1.89,0.0,-0.61,False,0.1081,0.1394,0.613,0.1077,0.29,True,0.198,44.6,2,74,0.0389,0.0215,0.36,1.36,1.0,0.01,False,2026-09-11,-0.11845992233160085,-0.027424319454135704,-0.09103560287746515,-0.10096694121449601,18107000.0,0.13120726153602005,2026-07-31,197785000.0,-0.7,-1.191780821917808,-25.0,False,True,Consumer Cyclical,Residential Construction,690870464.0,,0.0932,,,
HQY,1.5,2025-06-13,2026-09-11,66,94.55,105.41,73.88,1.43,-0.16,-0.34,True,0.0508,0.0862,0.682,0.0513,0.66,True,0.147,51.8,2,30,0.0396,0.0174,0.78,0.85,0.99,0.05,False,2026-09-11,0.0764098393358601,0.07192815949510956,0.004481679840750541,0.0734438833408988,236494000.0,0.7354732388262263,2026-07-31,471668000.0,1.04,-0.03703703703703707,5.0505,False,True,Healthcare,Health Information Services,7962174464.0,,0.0725,,,
HRI,2.0,2025-02-21,2026-09-11,82,142.04,177.67,90.13,1.97,0.27,-0.6,True,0.1026,0.1385,0.756,0.0647,0.59,True,0.268,49.1,1,23,0.0576,0.0521,0.56,1.03,1.59,0.02,False,2026-09-11,0.20159680638722555,0.3228803716608595,-0.12128356527363393,0.28499603069595136,49000000.0,0.3131229235880399,2026-06-30,93000000.0,1.43,-0.2352941176470589,88.1579,False,True,Industrials,Rental & Leasing Services,4712496640.0,,0.0873,,,
HRMY,2.0,2023-11-03,2026-09-11,150,41.1,42.25,23.78,1.78,0.18,-0.61,True,0.0746,0.1067,0.793,0.0725,0.94,True,0.233,65.7,2,148,0.049,0.0521,0.66,1.39,1.03,0.01,False,2026-09-11,0.30321364264373596,0.16593678444024618,0.13727685820348978,0.24254297908034284,181270000.0,0.7581215554194733,2026-06-30,354899000.0,1.28,0.3913043478260869,31.9588,False,True,Healthcare,Biotechnology,2417975040.0,,0.1185,,,
HROW,1.5,2026-03-06,2026-09-11,28,36.58,46.65,31.21,1.49,0.35,-0.46,True,0.0736,0.096,0.714,0.0854,0.35,True,0.126,45.6,0,17,0.0357,0.0492,0.49,0.75,0.86,0.0,False,2026-09-11,0.10854695491198885,-0.07585038991449056,0.1843973448264794,0.21054550406086237,-37226000.0,0.7127411160328895,2026-06-30,5686000.0,-0.34,-2.416666666666667,-47.8261,False,False,Healthcare,Drug Manufacturers - Specialty & Generic,1292580992.0,,0.2012,,,
HROW,2.0,2025-05-30,2026-09-11,68,36.58,54.18,28.11,1.93,0.18,-0.51,True,0.0969,0.1467,0.691,0.116,0.32,True,0.126,45.6,1,67,0.0357,0.0492,0.37,0.81,0.84,0.0,False,2026-09-11,0.10854695491198885,-0.07585038991449056,0.1843973448264794,0.21054550406086237,-37226000.0,0.7127411160328895,2026-06-30,5686000.0,-0.34,-2.416666666666667,-47.8261,False,False,Healthcare,Drug Manufacturers - Specialty & Generic,1292580992.0,,0.2012,,,
HSAI,2.0,2025-04-25,2026-09-11,73,17.4,29.05,14.6,1.99,-0.22,-0.26,True,0.125,0.1756,0.589,0.1423,0.19,False,-0.186,45.6,0,7,0.0559,0.0599,0.45,0.6,0.88,0.0,False,2026-09-11,0.2186319699655146,0.29554998838763225,-0.07691801842211765,0.3398016351749291,498208000.0,0.4010666486994483,2026-06-30,,0.01,-0.96875,-97.6744,False,,Consumer Cyclical,Auto Parts,21761052672.0,,0.0652,,,
HSTM,1.5,2025-05-09,2026-09-11,71,28.88,29.38,19.83,1.48,-0.16,-0.41,True,0.0844,0.1148,0.394,0.0272,0.95,True,0.255,63.8,0,22,0.0089,0.0155,0.11,1.09,3.1,0.0,False,2026-09-11,0.12549061777514914,0.10502823705518138,0.020462380719967754,0.08775418260159684,21200000.0,0.6534658195194191,2026-06-30,48848000.0,0.23,0.2777777777777779,35.2941,False,True,Healthcare,Health Information Services,851175168.0,,0.0693,,,
HSY,1.5,2025-06-06,2026-09-11,67,174.34,232.65,155.82,1.49,0.2,-0.34,False,0.0374,0.086,0.627,0.0338,0.24,False,-0.079,43.7,0,66,0.0207,0.0193,0.55,0.72,1.11,0.0,False,2026-09-11,0.06600635326639437,0.10648961884124963,-0.040483265574855265,0.0769126027397018,1489107000.0,0.453236207291198,2026-06-30,2544694000.0,1.9,0.5702479338842975,31.0345,False,True,Consumer Defensive,Confectioners,34824437760.0,,0.0733,,,
HTGC,1.5,2023-12-22,2026-09-11,143,17.39,17.7,12.18,1.45,0.31,-0.02,True,0.0587,0.0841,0.622,0.044,0.94,True,0.111,65.7,1,142,0.0262,0.0505,0.45,1.43,1.33,0.03,False,2026-09-11,0.22864776350943727,0.038125642551809946,0.19052212095762733,0.33879038235518233,383196000.0,0.979759718396082,2026-06-30,8425000.0,0.5,0.0,0.0,False,True,Financial Services,Asset Management,3258525184.0,,0.0473,,,
HTHT,1.5,2025-09-12,2026-09-11,53,43.01,53.18,35.5,1.5,0.25,-0.06,True,0.0743,0.104,0.66,0.0562,0.42,False,-0.098,47.6,0,52,0.0449,0.0151,0.6,0.91,1.32,0.04,False,2026-09-11,0.1081543728602552,0.10467761334569037,0.003476759514564831,0.09020329416124517,5014868884.0,0.42817020081449236,2026-06-30,7904448989.0,0.7,-0.8349056603773585,7.6923,False,True,Consumer Cyclical,Lodging,13118965760.0,,0.0469,,,
HUBG,1.5,2025-10-17,2026-09-11,48,35.67,51.22,34.2,1.5,0.27,-0.32,False,0.0853,0.1044,0.604,0.0435,0.09,True,0.079,38.8,0,26,0.1071,0.0816,1.26,1.29,1.96,0.0,False,2026-09-11,,,,,,,2025-09-30,113420000.0,0.44,0.0,4.7619,False,,Industrials,Integrated Freight & Logistics,2203972608.0,,0.0829,,,
HUBS,1.5,2026-03-20,2026-09-11,26,223.55,260.68,176.03,1.48,0.07,-0.78,False,0.083,0.1035,0.577,0.0765,0.56,True,0.001,46.5,0,12,0.0566,0.0736,0.68,1.06,1.08,0.0,False,2026-09-11,0.19829247199901157,0.23364984589791593,-0.035357373898904365,0.21091947686402124,146854000.0,0.8235472832167066,2026-06-30,767232000.0,1.12,-0.48858447488584467,57.7465,False,True,Technology,Software - Application,11534801920.0,,0.0725,,,
HUN,2.0,2025-03-21,2026-09-11,78,9.53,15.65,7.95,1.97,0.13,-0.69,False,0.1062,0.1679,0.654,0.0368,0.2,False,-0.223,40.8,0,48,0.0299,0.0748,0.28,0.45,2.89,0.01,False,2026-09-11,0.14060356652949246,0.007092198581560183,0.13351136794793228,0.006484641638225153,-171000000.0,0.14732411304870716,2026-06-30,-9000000.0,-0.2,0.0,-433.3333,False,False,Basic Materials,Chemicals,1673112064.0,,0.0808,,,
HURN,2.0,2026-01-23,2026-09-11,34,149.43,171.34,90.56,1.89,-0.1,-0.51,True,0.1541,0.172,0.471,0.0485,0.73,True,0.099,57.7,0,12,0.0192,0.0817,0.12,1.06,3.18,0.03,False,2026-09-11,0.18021391038620638,0.14171952791326548,0.0384943824729409,0.1627781186061228,115555000.0,0.32510599062819706,2026-06-30,161002000.0,2.46,0.3015873015873016,15.493,False,True,Industrials,Consulting Services,2385396992.0,,0.0409,,,
HWKN,1.5,2025-10-10,2026-09-11,49,122.63,170.23,118.99,1.43,-0.17,-0.35,True,0.0821,0.0942,0.551,0.0483,0.07,False,-0.128,39.3,0,3,0.0326,0.0592,0.4,0.86,1.7,0.04,False,2026-09-11,0.07638983605662997,0.08394002886049945,-0.007550192803869482,0.09317331867992862,80627000.0,0.23444048467569495,2026-06-30,91689000.0,1.35,-0.05594405594405584,-4.2553,False,True,Basic Materials,Specialty Chemicals,2589975552.0,,0.0736,,,
HY,1.5,2025-08-01,2026-09-11,59,34.04,39.41,26.97,1.46,0.07,-0.63,False,0.049,0.0845,0.695,0.0548,0.57,False,-0.019,49.1,1,42,0.0211,0.041,0.43,1.14,0.89,0.0,False,2026-09-11,-0.1502195274932051,-0.12653778558875217,-0.023681741904452935,-0.11142611248924217,-116700000.0,0.15696887686062247,2026-06-30,14800000.0,-1.64,-1.0759493670886073,20.0,False,False,Industrials,Farm & Heavy Construction Machinery,602640320.0,,0.0614,,,
IA,2.0,2025-12-19,2026-09-11,39,18.8,28.66,16.28,1.76,-0.2,-0.08,True,0.0904,0.1502,0.436,0.1016,0.2,False,-0.064,48.4,1,17,0.0542,0.0271,0.6,0.63,0.89,0.0,False,2026-09-11,0.10715125290579786,0.019548268447782347,0.08760298445801551,,19093790.0,0.5165186223946515,2026-06-30,14290763.0,0.33,1.4087591240875912,60.9756,False,True,Industrials,Aerospace & Defense,341516192.0,,0.0485,,,
IAG,1.5,2026-03-13,2026-09-11,27,20.09,21.14,14.14,1.5,0.05,-0.42,True,0.0853,0.1132,0.556,0.0849,0.85,False,-0.007,57.9,0,8,0.0693,0.1315,0.81,0.88,1.0,0.0,False,2026-09-11,0.4376660767774143,1.159086145462167,-0.7214200686847527,0.8694151433801098,1156596734.0,0.47345081057908667,2026-06-30,1580718720.0,0.42,2.2307692307692304,0.0,False,True,Basic Materials,Gold,11568459776.0,,0.0281,,,
IAG,2.0,2025-11-07,2026-09-11,45,20.09,24.57,12.68,1.94,0.13,-0.05,True,0.104,0.1466,0.689,0.0743,0.62,False,-0.007,57.9,0,44,0.0693,0.1315,0.67,0.83,1.4,0.0,False,2026-09-11,0.4376660767774143,1.159086145462167,-0.7214200686847527,0.8694151433801098,1156596734.0,0.47345081057908667,2026-06-30,1580718720.0,0.42,2.2307692307692304,0.0,False,True,Basic Materials,Gold,11568459776.0,,0.0281,,,
IBCP,1.5,2024-07-12,2026-09-11,114,37.15,38.31,26.33,1.45,0.39,0.05,True,0.0596,0.0797,0.746,0.0421,0.9,True,0.099,58.8,3,113,0.0102,0.0242,0.17,1.76,1.42,0.01,False,2026-09-11,0.08248179007493572,-0.0014987488123753279,0.08398053888731105,0.01408405507831434,71754000.0,0.7324272643655904,2026-06-30,34716000.0,0.9,0.09756097560975618,5.8824,False,True,Financial Services,Banks - Regional,763736000.0,,0.0332,,,
IBEX,1.5,2025-10-03,2026-09-11,50,37.26,39.17,26.4,1.48,-0.25,-0.37,True,0.0855,0.1121,0.44,0.0741,0.85,True,0.184,58.8,1,24,0.031,0.0545,0.36,1.1,1.15,0.0,False,2026-09-11,0.11642811510282858,0.16819434970441116,-0.051766234601582584,0.15369362301239708,46331000.0,0.23775027546280794,2026-06-30,31194000.0,0.67,-0.2298850574712643,-21.1765,False,True,Technology,Information Technology Services,528489632.0,,0.0346,,,
IBM,1.5,2024-11-22,2026-09-11,95,234.02,303.07,209.94,1.44,0.25,-0.05,True,0.0832,0.1106,0.516,0.0295,0.26,False,-0.016,45.9,0,87,0.0042,0.0498,0.05,1.02,2.82,0.07,False,2026-09-11,0.010897096071155188,0.09462898012516341,-0.08373188405400822,0.07899996876854365,10725000000.0,0.5772637221769025,2026-06-30,13631000000.0,2.93,0.046428571428571555,0.0,False,True,Technology,Information Technology Services,229211865088.0,,0.0259,,,
IBN,1.5,2023-12-08,2026-09-11,145,28.85,33.84,23.27,1.45,0.39,-0.02,True,0.0608,0.0934,0.648,0.0236,0.53,True,0.114,49.9,1,142,0.0085,0.0124,0.14,0.97,2.58,0.03,False,2026-09-11,-0.17628412239160496,0.06102850734004095,-0.2373126297316459,-0.0073265098770265435,561942786000.0,0.6034326201141927,2026-06-30,,0.43,0.04878048780487809,7.5,False,,Financial Services,Banks - Regional,105476300800.0,,0.0112,,,
IBP,2.0,2025-06-27,2026-09-11,64,201.72,340.78,176.31,1.93,0.01,-0.32,True,0.1032,0.1454,0.703,0.064,0.15,False,-0.067,37.4,1,63,0.0283,0.0434,0.27,0.8,1.61,0.05,False,2026-09-11,0.023017230040773384,-0.03548481308411211,0.058502043124885494,0.002740282147569273,250700000.0,0.33286191823090766,2026-06-30,40200000.0,2.74,-0.024911032028469695,13.6929,False,True,Consumer Cyclical,Residential Construction,5429594112.0,,0.0994,,,
IBRX,1.5,2026-02-20,2026-09-11,30,7.72,9.78,6.92,1.41,-0.22,-0.24,True,0.0572,0.089,0.5,0.2108,0.28,True,0.047,53.3,1,14,0.0313,0.0466,0.55,0.63,0.27,0.0,False,2026-09-11,0.9390728476821193,1.676394018284192,-0.7373211706020728,1.9291872791519435,-992357000.0,0.994184231069477,2026-06-30,-365626000.0,-0.08,0.20000000000000004,11.1111,False,False,Healthcare,Biotechnology,8383304704.0,,0.3134,,,
IBRX,2.0,2026-01-16,2026-09-11,35,7.72,9.78,5.52,1.77,0.2,-0.4,True,0.0621,0.1206,0.8,0.0982,0.52,True,0.047,53.3,1,34,0.0313,0.0466,0.5,0.58,0.63,0.0,False,2026-09-11,0.9390728476821193,1.676394018284192,-0.7373211706020728,1.9291872791519435,-992357000.0,0.994184231069477,2026-06-30,-365626000.0,-0.08,0.20000000000000004,11.1111,False,False,Healthcare,Biotechnology,8383304704.0,,0.3134,,,
IBTA,2.0,2025-06-20,2026-09-11,65,40.16,40.16,20.54,1.96,0.17,-0.81,False,0.156,0.1943,0.492,0.1096,1.0,True,0.049,61.3,1,31,0.0234,0.0919,0.15,0.8,1.42,0.02,False,2026-09-11,0.0334305873600762,-0.02472391042164257,0.05815449778171877,-0.06645738348875418,-11021000.0,0.7841966143636466,2026-06-30,66234000.0,-0.19,-1.3877551020408163,-416.6667,False,False,Technology,Software - Application,955518720.0,,0.3009,,,
ICE,1.5,2024-01-26,2026-09-11,138,155.81,184.05,123.44,1.49,0.34,-0.05,True,0.0598,0.0975,0.609,0.0258,0.53,False,-0.043,53.2,2,137,0.0353,0.0729,0.59,1.15,2.32,0.05,False,2026-09-11,0.10698957694665845,0.13533601734283063,-0.02834644039617218,0.0693006213159153,4027000000.0,0.7382996399889228,2026-06-30,4848000000.0,1.9,0.04972375690607727,3.2609,False,True,Financial Services,Financial Data & Stock Exchanges,88363491328.0,,0.0107,,,
ICFI,2.0,2025-01-31,2026-09-11,85,85.75,115.3,60.9,1.89,-0.32,-0.64,False,0.0711,0.1259,0.776,0.0454,0.46,True,0.203,56.0,1,17,0.0246,0.0892,0.35,0.92,1.57,0.02,False,2026-09-11,-0.0034862597263496387,-0.10278127550664662,0.09929501578029698,-0.07891477141968395,88549000.0,0.3722673579279023,2026-06-30,198546000.0,1.86,0.12048192771084348,10.0592,False,True,Industrials,Consulting Services,1541417216.0,,0.0361,,,
ICL,1.5,2025-01-03,2026-09-11,89,5.72,7.0,4.67,1.5,-0.3,-0.3,True,0.0766,0.0968,0.629,0.0523,0.45,False,-0.051,54.4,1,28,0.0439,0.0492,0.57,1.05,1.46,0.0,False,2026-09-11,0.16539301310043664,0.14487832484436902,0.020514688256067615,0.10916151301596444,305000000.0,0.3110070257611241,2026-06-30,290951430.0,0.12,0.3333333333333333,9.0909,False,True,Basic Materials,Agricultural Inputs,7537795072.0,,0.0049,,,
ICUI,2.0,2024-02-09,2026-09-11,136,157.26,184.56,94.84,1.95,0.26,-0.61,True,0.1187,0.1629,0.662,0.0621,0.7,True,0.28,52.2,2,124,0.0646,0.0639,0.54,1.32,1.91,0.02,True,2026-09-11,0.005132400257986447,-0.12291674246157613,0.12804914271956258,-0.08984052292430278,30089000.0,0.4260653309962424,2026-06-30,152829000.0,2.01,0.21084337349397583,34.8993,False,True,Healthcare,Medical Instruments & Supplies,3913101312.0,,0.0686,,,
IDCC,1.5,2025-08-08,2026-09-11,58,346.44,375.98,251.45,1.5,-0.16,0.0,True,0.0864,0.1183,0.448,0.0482,0.76,True,0.021,59.5,1,15,0.0138,0.1233,0.16,0.75,1.79,0.0,False,2026-09-11,-0.13448615417370824,-0.024184468925023905,-0.11030168524868433,-0.11661199394118649,302175000.0,0.7916477687665757,2026-06-30,540334000.0,3.92,-0.3987730061349693,203.876,False,True,Technology,Software - Application,9035457536.0,,0.1287,,,
IDR,2.0,2025-08-08,2026-09-11,58,30.59,49.09,24.63,1.99,0.01,0.17,True,0.1148,0.1721,0.586,0.0937,0.24,False,-0.154,45.1,1,57,0.0328,0.0495,0.29,0.63,1.23,0.02,False,2026-09-11,0.13249241115535626,0.9897251315374411,-0.8572327203820849,0.667925364653738,22294349.0,0.5620145103558545,2026-06-30,-1455082.0,0.23,0.15,-4.1667,False,False,Basic Materials,Gold,489186912.0,,0.102,,,
IDT,1.5,2025-01-17,2026-09-11,87,69.42,69.45,46.45,1.5,0.28,-0.1,True,0.0704,0.1296,0.253,0.0456,1.0,True,0.24,78.5,0,78,0.0249,0.0576,0.35,1.38,1.54,0.03,False,2026-09-11,0.04545921155024257,0.05659158263254538,-0.011132371082302805,0.042364668080919765,81808000.0,0.3880201322086832,2026-04-30,55331000.0,0.94,0.09416831567919913,5.618,False,True,Communication Services,Telecom Services,1753482624.0,,0.0337,,,
IDXX,1.5,2025-05-30,2026-09-11,68,506.53,752.88,506.53,1.49,-0.2,-0.12,False,0.0888,0.1057,0.397,0.0352,0.0,False,-0.018,35.4,1,0,0.0133,0.0107,0.15,0.95,2.52,0.0,False,2026-09-11,0.0965589473048527,0.14261733707121294,-0.04605838976636023,0.12767320130321225,1139656000.0,0.6403884644311741,2026-06-30,1250594000.0,4.27,0.1763085399449035,8.1013,False,True,Healthcare,Diagnostics & Research,39760830464.0,,0.0304,,,
IDYA,1.5,2025-10-17,2026-09-11,48,37.45,40.11,28.19,1.42,0.33,-0.4,True,0.0812,0.0983,0.583,0.07,0.78,True,0.225,57.6,1,19,0.0479,0.0265,0.59,0.91,1.16,0.02,False,2026-09-11,inf,inf,,32.446714285714286,-175020000.0,1.0,2026-06-30,-190008000.0,-1.22,-0.38636363636363635,-3.3898,False,False,Healthcare,Biotechnology,3627039744.0,,0.1216,,,
IEP,1.5,2024-11-01,2026-09-11,98,6.88,7.95,5.71,1.39,0.13,-0.76,False,0.0392,0.0632,0.776,0.0627,0.52,True,0.001,50.8,2,74,0.0138,0.0145,0.35,0.85,0.63,0.02,False,2026-09-11,0.27366680446465486,0.08055693684733956,0.1931098676173153,0.10134787529581235,-517000000.0,0.06426484907497566,2026-06-30,-244000000.0,-0.52,-0.7333333333333335,-572.7273,False,False,Energy,Oil & Gas Refining & Marketing,4976405504.0,,0.1128,,,
IIIN,1.5,2026-02-27,2026-09-11,29,30.45,37.21,25.21,1.48,-0.08,-0.36,False,0.0685,0.0982,0.69,0.0494,0.44,True,0.069,48.8,0,20,0.0199,0.0199,0.29,0.9,1.39,0.0,True,2026-09-11,0.09880146314888316,0.07467508216313123,0.024126380985751927,0.1705587148466834,36379000.0,0.10171052165598328,2026-06-30,-11899000.0,0.46,-0.4320987654320988,2.2222,False,False,Industrials,Metal Fabrication,592555968.0,,0.0488,,,
IIPR,2.0,2024-12-20,2026-09-11,91,55.6,64.47,39.74,1.62,0.2,-0.62,False,0.082,0.1144,0.637,0.0443,0.64,True,0.124,49.2,1,57,0.0204,0.0425,0.25,1.19,1.85,0.01,False,2026-09-11,0.006741823154346349,-0.038007863695937116,0.044749686850283465,-0.08416613693757535,137807000.0,1.0,2026-06-30,196446000.0,1.83,1.127906976744186,8.284,False,True,Real Estate,REIT - Industrial,1550888320.0,,0.2055,,,
IMCR,1.5,2024-08-02,2026-09-11,111,33.58,39.5,26.59,1.49,0.03,-0.64,False,0.0661,0.0879,0.667,0.0656,0.54,True,0.147,52.1,0,74,0.0263,0.0441,0.4,1.17,1.01,0.02,False,2026-09-11,0.1833632763055817,0.1363002098401167,0.04706306646546499,0.13359548779289332,-9329097.0,0.9906147834413036,2026-06-30,-62533000.0,-0.02,0.9,-100.0,False,False,Healthcare,Biotechnology,1678854784.0,,0.1681,,,
IMCR,2.0,2024-05-24,2026-09-11,121,33.58,48.98,26.59,1.84,-0.14,-0.64,False,0.0718,0.1106,0.579,0.0558,0.31,True,0.147,52.1,1,74,0.0263,0.0441,0.37,1.14,1.29,0.02,False,2026-09-11,0.1833632763055817,0.1363002098401167,0.04706306646546499,0.13359548779289332,-9329097.0,0.9906147834413036,2026-06-30,-62533000.0,-0.02,0.9,-100.0,False,False,Healthcare,Biotechnology,1678854784.0,,0.1681,,,
IMMR,1.5,2025-02-21,2026-09-11,82,7.36,8.04,5.42,1.48,-0.24,-0.56,True,0.0574,0.0842,0.72,0.0655,0.74,True,0.179,58.9,1,24,0.0119,0.0476,0.21,1.09,0.88,0.06,False,2026-09-11,-0.07544378698224852,0.8426873649493916,-0.9181311519316401,0.039818699498143095,4524000.0,0.2737962962962963,2026-06-30,42870000.0,0.12,1.5444646098003632,140.0,True,True,Technology,Software - Application,245620064.0,,0.0778,,,
IMRX,1.5,2026-01-09,2026-09-11,36,4.57,6.04,4.13,1.46,-0.17,-0.55,False,0.0696,0.0888,0.722,0.157,0.23,False,-0.09,45.9,0,6,0.0703,0.063,1.01,0.66,0.44,0.03,False,2026-09-11,inf,,,-0.5030358268876509,-57276207.0,0.5,2026-06-30,-56991132.0,-0.27,0.325,-3.8462,False,False,Healthcare,Biotechnology,276257888.0,,0.3023,,,
IMTX,1.5,2025-10-03,2026-09-11,50,8.75,11.62,8.66,1.34,-0.16,-0.34,False,0.0426,0.0692,0.7,0.0973,0.03,False,-0.112,42.9,0,6,0.034,0.0168,0.8,1.15,0.44,0.04,False,2026-09-11,0.9303356554781508,-0.5903562587450221,1.520691914223173,-0.6795204795204794,-206549000.0,1.0,2026-06-30,-209954420.0,-0.53,0.22058823529411767,-23.2558,False,False,Healthcare,Biotechnology,1338058368.0,,0.0442,,,
IMTX,2.0,2025-09-05,2026-09-11,54,8.75,11.62,5.82,2.0,0.16,-0.56,False,0.0442,0.1148,0.574,0.0873,0.51,False,-0.112,42.9,1,52,0.034,0.0168,0.77,1.15,0.51,0.04,False,2026-09-11,0.9303356554781508,-0.5903562587450221,1.520691914223173,-0.6795204795204794,-206549000.0,1.0,2026-06-30,-209954420.0,-0.53,0.22058823529411767,-23.2558,False,False,Healthcare,Biotechnology,1338058368.0,,0.0442,,,
IMXI,1.5,2025-08-15,2026-09-11,57,14.07,15.94,11.86,1.34,-0.17,-0.48,False,0.0391,0.0574,0.404,0.0564,0.54,False,-0.111,46.9,0,6,0.0323,0.0182,0.83,0.89,0.69,0.11,False,2026-09-11,-0.18600162598598668,-0.2680202342180029,0.08201860823201623,-0.29616490876727986,18611000.0,0.3454811607020326,2026-06-30,8842000.0,0.17,-0.6666666666666666,-66.6667,False,True,Technology,Software - Infrastructure,425983968.0,,0.0707,,,
INBK,2.0,2025-01-03,2026-09-11,89,29.08,34.94,17.6,1.99,-0.17,-0.57,True,0.1202,0.1636,0.596,0.0605,0.66,True,0.214,62.0,0,45,0.0069,0.0395,0.06,1.13,1.99,0.0,False,2026-09-11,0.00454465179254715,0.018461717884424855,-0.013917066091877706,-0.0820681859910034,-31428000.0,0.3247617819763013,2026-06-30,160209000.0,0.27,12.5,800.0,False,False,Financial Services,Banks - Regional,244540064.0,,0.0255,,,
INDI,2.0,2026-03-20,2026-09-11,26,3.31,4.99,2.56,1.95,0.21,-0.66,False,0.108,0.1547,0.692,0.1221,0.31,True,0.021,44.6,0,25,0.0989,0.094,0.92,0.79,0.88,0.0,False,2026-09-11,0.23966766084363011,0.025519167113560393,0.21414849373006972,0.06185083951581416,-150655000.0,0.36066803105813244,2026-06-30,-83700000.0,-0.13,0.1875,7.1429,False,False,Technology,Semiconductors,776559744.0,,0.2919,,,
INFQ,2.0,2026-01-16,2026-09-11,35,12.96,17.42,8.81,1.98,-0.15,,,0.0891,0.1783,0.629,,0.48,False,-0.082,44.9,0,25,0.0409,0.0648,0.46,0.98,,0.0,False,2026-09-11,0.5214982536432615,0.022258238789843343,0.4992400148534182,,-87147525.0,0.10995013061030634,2026-06-30,-9191112.0,-0.06,,14.2857,False,False,Technology,Software - Infrastructure,2956684544.0,,,,,
INFQ-WS,2.0,2026-01-16,2026-09-11,35,12.96,17.42,8.81,1.98,-0.15,,,0.0891,0.1783,0.629,,0.48,False,-0.082,50.7,0,25,0.0409,0.0648,0.46,0.98,,0.0,False,2026-09-11,,,,,,,,,,,,,,,,,,,,,
INFU,2.0,2025-08-08,2026-09-11,58,12.12,12.49,7.54,1.66,0.25,-0.32,True,0.0633,0.1157,0.724,0.0753,0.93,True,0.138,64.4,1,30,0.0095,0.122,0.15,0.92,0.84,0.0,False,2026-09-11,0.025859674462529902,-0.02972692706533009,0.05558660152785999,0.024655791144217343,8543000.0,0.5797796008989251,2026-06-30,19094000.0,0.15,0.0,25.0,False,True,Healthcare,Medical Devices,241993728.0,,0.0396,,,
INGN,2.0,2025-02-21,2026-09-11,82,5.18,9.91,5.18,1.91,-0.33,-0.67,False,0.0644,0.1276,0.683,0.1119,0.0,False,-0.066,31.9,1,0,0.0555,0.0683,0.86,0.9,0.58,0.0,False,2026-09-11,0.030419281077624927,0.034382596013612154,-0.003963314935987228,0.031536777379233216,-24595000.0,0.45509233940515753,2026-06-30,-9690000.0,-0.14,0.06666666666666654,17.6471,False,False,Healthcare,Medical Devices,140918560.0,,0.0562,,,
INGR,1.5,2023-11-24,2026-09-11,147,101.13,144.46,96.44,1.5,-0.09,-0.06,False,0.096,0.1027,0.585,0.0262,0.1,False,-0.052,43.2,1,146,0.017,0.0316,0.18,1.13,3.66,0.03,False,2026-09-11,0.009274413529732684,-0.01158301158301156,0.020857425112744243,-0.013805358119190814,592000000.0,0.23027027027027028,2026-06-30,653000000.0,2.82,-0.01742160278745654,3.2967,False,True,Consumer Defensive,Packaged Foods,6337299456.0,,0.0747,,,
INR,2.0,2025-01-31,2026-09-11,85,15.38,21.3,11.48,1.86,-0.34,,,0.1062,0.1451,0.612,,0.4,False,-0.125,56.6,0,45,0.0701,0.0426,0.66,0.71,,0.0,False,2026-09-11,1.2962967935979375,9.06577408033277,-7.769477286734833,3.020986728776694,60961000.0,0.5572597196802694,2026-06-30,-800442000.0,0.88,1.4656084656084656,2.3256,True,False,Energy,Oil & Gas E&P,278139072.0,,0.1791,,,
INSP,2.0,2026-01-23,2026-09-11,34,68.12,79.4,40.05,1.98,-0.25,-0.84,False,0.1183,0.1744,0.647,0.0976,0.71,True,0.114,59.7,0,17,0.0492,0.1167,0.42,0.72,1.21,0.0,False,2026-09-11,-0.07602977621772011,0.016223170422765998,-0.09225294664048611,0.04345695868628319,135042000.0,0.8548117718029126,2026-06-30,117090999.0,0.14,-0.6888888888888889,163.6364,False,True,Healthcare,Medical Devices,2110457472.0,,0.1656,,,
INTR,2.0,2025-01-24,2026-09-11,86,5.78,9.34,4.83,1.93,0.05,-0.35,True,0.1883,0.196,0.384,0.0598,0.21,False,-0.224,43.6,0,85,0.0288,0.0276,0.15,1.14,3.15,0.03,False,2026-09-11,0.3374119943157945,0.3896974297439024,-0.05228543542810793,0.42319170726430944,1536188401.0,0.40723848961098563,2026-06-30,-2650777759.0,0.19,0.4615384615384615,11.7647,False,False,Financial Services,Banks - Regional,2521041920.0,,0.033,,,
INTT,2.0,2026-02-06,2026-09-11,32,11.22,18.8,9.92,1.9,0.02,-0.25,False,0.1692,0.1864,0.469,0.0516,0.15,False,-0.165,41.0,0,29,0.0757,0.1393,0.45,0.8,3.28,0.03,False,2026-09-11,0.25535015997156063,0.2721402560348387,-0.01679009606327808,0.054380888180069364,1568000.0,0.40489338204060826,2026-06-30,3482000.0,0.09,2.0,125.0,False,True,Technology,Semiconductor Equipment & Materials,146470480.0,,0.0391,,,
IONS,2.0,2025-09-05,2026-09-11,54,55.65,86.5,51.77,1.67,-0.32,-0.03,True,0.0758,0.1237,0.556,0.05,0.11,False,-0.166,38.1,0,6,0.0214,0.042,0.28,0.99,1.52,0.0,False,2026-09-11,-0.4072567354423967,0.8698219007385344,-1.277078636180931,-0.074457841790327,-564780000.0,0.9897779054969416,2026-06-30,-558875000.0,-0.7,-1.8235294117647056,35.7798,False,False,Healthcare,Biotechnology,9008851968.0,,0.1667,,,
IOSP,1.5,2025-03-07,2026-09-11,80,93.08,97.33,65.12,1.49,-0.06,-0.48,False,0.0558,0.084,0.75,0.0387,0.87,True,0.149,64.8,1,25,0.0081,0.0507,0.15,0.91,1.44,0.0,False,2026-09-11,0.11758016829656581,0.028130671506352067,0.08944949679021375,0.028703858826157447,121500000.0,0.28144078144078144,2026-06-30,64899999.0,1.27,0.007936507936507943,20.9524,False,True,Basic Materials,Specialty Chemicals,2296352768.0,,0.0263,,,
IOT,2.0,2025-02-28,2026-09-11,81,38.44,47.68,25.42,1.88,-0.34,-0.57,True,0.0775,0.1343,0.765,0.0741,0.58,True,0.194,54.7,3,31,0.029,0.0491,0.37,1.06,1.05,0.0,False,2026-09-11,0.29875600286093795,0.3051645751790757,-0.00640857231813774,0.29504182919947985,90554000.0,0.772133027297384,2026-07-31,255478000.0,0.03,-0.75,50.0,False,True,Technology,Software - Infrastructure,22475528192.0,,0.0893,,,
IP,1.5,2026-02-27,2026-09-11,29,34.29,42.43,29.48,1.44,0.36,-0.47,False,0.0832,0.0978,0.586,0.0602,0.37,True,0.171,42.0,0,17,0.0255,0.0508,0.31,0.81,1.38,0.03,False,2026-09-11,-0.11275306635141125,0.011862396204033177,-0.12461546255544442,0.10344670374760656,-3438000000.0,0.27648234510326447,2026-06-30,492000000.0,0.04,-0.7999999999999999,200.0,False,False,Consumer Cyclical,Packaging & Containers,18196021248.0,,0.1549,,,
IPI,1.5,2026-01-16,2026-09-11,35,40.28,46.52,32.84,1.42,0.01,-0.14,True,0.0661,0.0967,0.429,0.0611,0.54,False,-0.077,58.5,0,32,0.0694,0.0241,1.05,0.92,1.08,0.03,False,2026-09-11,-0.06697727781508844,0.043987432162239326,-0.11096470997732777,0.05410397671746292,26311000.0,0.2496663417560171,2026-06-30,31028000.0,0.56,0.24444444444444452,47.3684,False,True,Basic Materials,Agricultural Inputs,533960832.0,,0.03,,,
IR,1.5,2023-11-17,2026-09-11,148,73.09,103.99,69.6,1.49,-0.28,-0.0,False,0.0766,0.0979,0.662,0.0342,0.1,True,0.041,39.8,2,75,0.0354,0.0333,0.46,1.25,2.24,0.01,False,2026-09-11,0.08522697176757243,0.07595526561043808,0.009271706157134352,0.07847317450402613,959100000.0,0.4210269426005467,2026-06-30,1219300000.0,0.82,0.024999999999999883,2.5,False,True,Industrials,Specialty Industrial Machinery,28296798208.0,,0.0388,,,
IRD,2.0,2026-02-13,2026-09-11,31,6.07,6.07,3.08,1.97,-0.17,0.02,True,0.1277,0.1639,0.645,0.1091,1.0,False,-0.151,69.1,0,7,0.0595,0.0663,0.47,1.0,1.17,0.0,False,2026-09-11,-0.738029146426093,-0.5064073226544623,-0.23162182377163065,-0.36087153881071266,-107610000.0,1.0,2026-06-30,-40667000.0,-0.14,-0.16666666666666682,6.6667,False,False,Healthcare,Biotechnology,502502784.0,,0.1379,,,
IREN,2.0,2025-09-12,2026-09-11,53,43.64,63.54,33.62,1.89,-0.18,0.27,True,0.1104,0.1894,0.472,0.1307,0.33,False,-0.152,49.8,0,8,0.0677,0.0837,0.61,1.12,0.84,0.0,False,2026-09-11,-0.26745402900284043,-0.00019333945574939726,-0.26726068954709103,0.4110769365877416,-702623000.0,0.7572886297376094,2026-06-30,-1990213090.0,-0.41,-2.9523809523809526,18.0,False,False,Financial Services,Capital Markets,17271590912.0,,0.2446,,,
IRON,1.5,2025-12-19,2026-09-11,39,74.14,80.33,55.95,1.44,0.23,-0.4,True,0.0729,0.0975,0.41,0.0657,0.75,True,0.152,50.7,1,30,0.018,0.0294,0.25,0.84,1.11,0.03,False,2026-09-11,,,,-inf,-245888000.0,,2026-06-30,-197582000.0,-1.54,0.025316455696202552,2.5316,False,False,Healthcare,Biotechnology,2689802496.0,,0.2237,,,
IRON,2.0,2025-05-16,2026-09-11,70,74.14,93.36,46.68,2.0,0.39,-0.38,True,0.1274,0.1706,0.686,0.0831,0.59,True,0.152,50.7,3,67,0.018,0.0294,0.14,0.95,1.53,0.01,False,2026-09-11,,,,-inf,-245888000.0,,2026-06-30,-197582000.0,-1.54,0.025316455696202552,2.5316,False,False,Healthcare,Biotechnology,2689802496.0,,0.2237,,,
IRS,1.5,2025-10-31,2026-09-11,46,15.57,17.4,13.37,1.3,-0.07,-0.14,True,0.0462,0.0627,0.696,0.0588,0.55,True,0.023,53.7,0,17,0.0154,0.0224,0.33,0.79,0.79,0.02,False,2026-09-11,0.9123222726753017,0.33875191092443324,0.5735703617508685,0.3206920790488432,393510000000.0,0.598920811039936,2026-06-30,60817999060.0,1.57,-0.9934282126412726,,False,True,Real Estate,Real Estate Services,1314676224.0,,0.0151,,,
IRT,1.5,2024-03-01,2026-09-11,133,15.23,20.54,14.03,1.46,-0.16,-0.41,False,0.0562,0.0886,0.692,0.0399,0.18,True,0.048,39.9,1,132,0.0217,0.0187,0.39,1.04,1.41,0.03,False,2026-09-11,0.03115520260438509,0.025297222204994974,0.005857980399390117,0.03404065277665791,43482000.0,-0.20202581902763078,2026-06-30,142175000.0,0.28,8.333333333333334,3.7037,False,True,Real Estate,REIT - Residential,3671213312.0,,0.0778,,,
IRTC,1.5,2026-01-30,2026-09-11,33,112.88,154.51,104.65,1.48,-0.4,-0.44,False,0.0441,0.0969,0.455,0.0594,0.17,True,0.014,43.1,1,12,0.045,0.0635,1.02,0.99,0.74,0.0,False,2026-09-11,0.20079062816371795,0.2565778279145685,-0.05578719975085056,0.2557852918398058,-13947000.0,0.7280347233374374,2026-06-30,38978000.0,0.58,2.8124999999999996,5900.0,True,False,Healthcare,Medical Devices,3673067520.0,,0.0854,,,
IRTC,2.0,2025-01-10,2026-09-11,88,112.88,188.01,97.7,1.92,-0.01,-0.3,False,0.1521,0.1983,0.364,0.0801,0.17,True,0.014,43.1,1,87,0.045,0.0635,0.3,1.0,1.9,0.0,False,2026-09-11,0.20079062816371795,0.2565778279145685,-0.05578719975085056,0.2557852918398058,-13947000.0,0.7280347233374374,2026-06-30,38978000.0,0.58,2.8124999999999996,5900.0,True,False,Healthcare,Medical Devices,3673067520.0,,0.0854,,,
IRWD,1.5,2026-02-06,2026-09-11,32,3.97,4.56,3.04,1.5,0.3,-0.8,False,0.0938,0.1101,0.5,0.1527,0.61,True,0.108,50.8,1,25,0.0165,0.0236,0.18,0.87,0.61,0.0,False,2026-09-11,0.32616525299452137,1.588678511532946,-1.2625132585384247,0.2618866261073063,129868000.0,1.0,2026-06-30,185554000.0,0.31,1.214285714285714,19.2308,False,True,Healthcare,Drug Manufacturers - Specialty & Generic,674179008.0,,0.1167,,,
IRWD,2.0,2025-11-14,2026-09-11,44,3.97,5.23,3.04,1.72,0.21,-0.8,False,0.0994,0.1333,0.568,0.1342,0.42,True,0.108,50.8,1,25,0.0165,0.0236,0.17,0.8,0.74,0.0,False,2026-09-11,0.32616525299452137,1.588678511532946,-1.2625132585384247,0.2618866261073063,129868000.0,1.0,2026-06-30,185554000.0,0.31,1.214285714285714,19.2308,False,True,Healthcare,Drug Manufacturers - Specialty & Generic,674179008.0,,0.1167,,,
ISBA,2.0,2025-07-11,2026-09-11,62,38.91,55.83,29.88,1.87,0.33,-0.19,True,0.1209,0.153,0.613,0.053,0.35,False,-0.08,44.5,0,61,0.0075,0.0096,0.06,2.51,2.28,0.02,False,2026-09-11,-0.35767641148143936,0.14858812074001948,-0.5062645322214588,0.02121471014562304,19963000.0,0.513164108618654,2026-06-30,23861000.0,0.69,0.25454545454545435,-25.0,False,True,Financial Services,Banks - Regional,300272448.0,,0.0424,,,
ISOU,1.5,2025-11-28,2026-09-11,42,11.07,12.05,8.42,1.43,0.24,-0.47,True,0.0631,0.0914,0.548,0.0941,0.73,False,-0.038,52.9,0,38,0.0437,0.0749,0.69,0.8,0.67,0.0,False,2026-09-11,,,,,-12541360.0,,2026-06-30,-26447042.0,-0.08,-1.8469750889679717,-14.2857,False,False,Energy,Uranium,694328448.0,,,,,
ISRG,2.0,2023-11-17,2026-09-11,148,360.46,595.55,305.28,1.95,0.22,-0.16,False,0.131,0.157,0.608,0.039,0.19,False,-0.151,36.7,1,147,0.0248,0.0673,0.19,1.4,3.36,0.02,False,2026-09-11,0.18536885245901646,0.22960859146179113,-0.04423973900277467,0.20660470202296333,3138800000.0,0.6777996749991356,2026-06-30,3222600000.0,2.8,0.27853881278538806,38.6139,False,True,Healthcare,Medical Instruments & Supplies,132258340864.0,,0.022,,,
ITGR,2.0,2025-02-28,2026-09-11,81,126.05,126.5,64.57,1.96,-0.34,-0.55,True,0.1576,0.1787,0.519,0.034,0.99,True,0.266,82.0,1,45,0.0034,0.0436,0.02,1.95,4.64,0.06,False,2026-09-11,-0.018444222142795175,0.007824984466958673,-0.026269206609753848,0.028630457810216337,128397000.0,0.24335179160112905,2026-06-30,111976000.0,1.6,0.03225806451612906,15.942,False,True,Healthcare,Medical Devices,4282998016.0,,0.0909,,,
ITRI,1.5,2025-10-31,2026-09-11,46,93.55,105.29,79.24,1.33,-0.37,-0.42,True,0.0581,0.0796,0.457,0.0463,0.55,True,0.07,50.8,0,17,0.0231,0.0856,0.4,0.93,1.25,0.04,False,2026-09-11,-0.07228381520895377,-0.033219083885227874,-0.0390647313237259,-0.05694449107744615,273972000.0,0.4097338435464788,2026-06-30,383340000.0,1.59,-0.018518518518518535,22.3077,False,True,Technology,Scientific & Technical Instruments,4096250880.0,,0.2034,,,
ITRI,2.0,2023-12-01,2026-09-11,146,93.55,136.39,69.04,1.98,0.09,-0.1,True,0.084,0.1531,0.678,0.0578,0.36,True,0.07,50.8,0,145,0.0231,0.0856,0.27,0.99,1.45,0.03,False,2026-09-11,-0.07228381520895377,-0.033219083885227874,-0.0390647313237259,-0.05694449107744615,273972000.0,0.4097338435464788,2026-06-30,383340000.0,1.59,-0.018518518518518535,22.3077,False,True,Technology,Scientific & Technical Instruments,4096250880.0,,0.2034,,,
ITRN,1.5,2026-02-06,2026-09-11,32,51.75,65.8,44.25,1.49,0.37,0.03,True,0.0657,0.1082,0.562,0.0462,0.35,False,-0.033,46.1,0,31,0.0239,0.0433,0.36,1.15,1.42,0.03,False,2026-09-11,0.2073323885566809,0.18750795211381655,0.019824436442864357,0.15788404346161777,64023000.0,0.5091231820437455,2026-06-30,83245840.0,0.88,0.31343283582089543,2.3256,False,True,Technology,Scientific & Technical Instruments,1041820032.0,,0.0173,,,
JAKK,2.0,2025-02-21,2026-09-11,82,23.79,27.64,14.96,1.85,0.33,-0.54,True,0.1238,0.1547,0.537,0.0692,0.7,True,0.135,54.7,2,42,0.0172,0.0433,0.14,1.69,1.79,0.01,False,2026-09-11,0.16914370161385128,-0.05807351681633155,0.22721721843018283,-0.17656646618781524,17195000.0,0.32175124606788374,2026-06-30,19902999.0,-0.25,-9.333333333333334,-2600.0,False,True,Consumer Cyclical,Leisure,276625952.0,,0.0402,,,
JBI,1.5,2026-03-06,2026-09-11,28,4.57,5.55,4.57,1.21,-0.16,-0.7,False,0.0259,0.0425,0.571,0.0685,0.0,False,-0.002,36.4,0,0,0.0196,0.0269,0.76,0.91,0.38,0.04,False,2026-09-11,0.023673827268741787,0.05795724465558205,-0.034283417386840265,0.00255697609783212,33200000.0,0.3438972162740899,2026-06-30,81399999.0,0.17,-0.15,30.7692,False,True,Industrials,Building Products & Equipment,626240320.0,,0.0527,,,
JBLU,2.0,2025-01-31,2026-09-11,85,4.39,7.01,3.67,1.91,0.01,-0.59,False,0.0953,0.1454,0.659,0.0879,0.22,True,0.111,41.3,2,73,0.1004,0.0673,1.05,1.05,1.08,0.02,True,2026-09-11,0.14473684210526305,0.04672897196261672,0.09800787014264634,0.03994309476909619,-886000000.0,0.5265109380793475,2026-06-30,-1129000000.0,-0.66,-3.125,5.7143,False,False,Industrials,Airlines,1660173696.0,,0.2856,,,
JBS,1.5,2025-06-13,2026-09-11,66,12.62,16.96,11.7,1.45,0.07,,,0.0693,0.0915,0.561,,0.17,False,-0.104,44.2,0,48,0.0363,0.0563,0.52,0.92,,0.03,False,2026-09-11,-0.7991185114947963,-0.023328000262162973,-0.7757905112326333,-0.16969529435867425,6407707000.0,0.1082822794375466,2026-06-30,2138861359.0,-0.09,-1.0584415584415585,-128.125,False,True,Consumer Defensive,Packaged Foods,41413091328.0,,0.1677,,,
JBS,2.0,2025-06-13,2026-09-11,66,12.62,16.96,11.7,1.45,0.07,,,0.0693,0.0915,0.561,,0.17,False,-0.104,44.2,0,48,0.0363,0.0563,0.52,0.92,,0.03,False,2026-09-11,-0.7991185114947963,-0.023328000262162973,-0.7757905112326333,-0.16969529435867425,6407707000.0,0.1082822794375466,2026-06-30,2138861359.0,-0.09,-1.0584415584415585,-128.125,False,True,Consumer Defensive,Packaged Foods,41413091328.0,,0.1677,,,
JBTM,1.5,2025-05-16,2026-09-11,70,112.4,168.17,112.4,1.5,-0.01,-0.15,False,0.0658,0.0986,0.6,0.0501,0.0,True,0.007,38.1,1,0,0.0258,0.0714,0.39,0.92,1.31,0.01,False,2026-09-11,0.04942233632862636,0.09589041095890405,-0.04646807463027769,0.44865882005682023,192100000.0,0.3659531090723751,2026-06-30,310000000.0,1.95,0.3087248322147651,-3.4653,False,True,Industrials,Specialty Industrial Machinery,5933669888.0,,0.0774,,,
JCAP,1.5,2025-08-08,2026-09-11,58,21.2,23.74,16.07,1.48,0.26,,,0.0813,0.0957,0.621,,0.67,True,0.098,55.8,0,14,0.0262,0.0627,0.32,1.45,,0.0,False,2026-09-11,0.16261099614951413,0.13905100064557785,0.023559995503936282,0.22800191380790058,155022000.0,1.1299256505576207,2026-06-30,220065000.0,0.67,-0.17283950617283952,6.3492,False,True,Financial Services,Credit Services,1227757952.0,,0.05,,,
JCAP,2.0,2025-06-27,2026-09-11,64,21.2,23.74,15.3,1.55,0.37,,,0.0872,0.1045,0.656,,0.7,True,0.098,55.8,0,58,0.0262,0.0627,0.3,1.51,,0.0,False,2026-09-11,0.16261099614951413,0.13905100064557785,0.023559995503936282,0.22800191380790058,155022000.0,1.1299256505576207,2026-06-30,220065000.0,0.67,-0.17283950617283952,6.3492,False,True,Financial Services,Credit Services,1227757952.0,,0.05,,,
JD,2.0,2024-03-08,2026-09-11,132,27.02,44.11,22.61,1.95,-0.03,-0.62,False,0.0887,0.1442,0.621,0.0608,0.2,False,-0.014,43.2,0,131,0.033,0.0407,0.37,0.57,1.46,0.01,False,2026-09-11,-0.03150584590366179,0.0421900279658034,-0.07369587386946519,0.03591435007884658,14743018000.0,0.17041809809346145,2026-06-30,23371188000.0,0.83,-0.8329979879275654,7.7922,False,True,Consumer Cyclical,Internet Retail,36544528384.0,,0.0179,,,
JEF,2.0,2025-02-07,2026-09-11,84,53.93,71.02,35.82,1.98,-0.08,-0.54,True,0.0761,0.135,0.786,0.0396,0.51,True,0.118,51.4,1,26,0.016,0.0231,0.21,0.98,1.92,0.01,False,2026-09-11,0.36740307459162125,0.16110914308267654,0.2062939315089447,0.1655929848348523,898202000.0,0.9119799433201182,2026-05-31,1779032000.0,1.03,1.575,-5.5046,False,True,Financial Services,Capital Markets,10568248320.0,,0.0425,,,
JHX,2.0,2025-02-14,2026-09-11,83,28.19,32.49,16.69,1.95,-0.1,-0.6,True,0.1197,0.1634,0.614,0.0538,0.73,True,0.327,57.8,1,43,0.0218,0.0661,0.18,1.41,2.22,0.0,False,2026-09-11,0.6386265140571175,0.44508492022645396,0.1935415938306635,0.4292695812970546,145699999.0,0.3721009087210091,2026-06-30,353480740.0,0.36,0.24137931034482762,12.5,False,True,Basic Materials,Building Materials,16527474688.0,,0.0178,,,
JLL,1.5,2025-07-25,2026-09-11,60,342.16,387.37,265.29,1.46,0.38,-0.06,True,0.0618,0.0862,0.683,0.0434,0.63,True,0.121,52.3,1,59,0.039,0.059,0.63,0.99,1.42,0.03,False,2026-09-11,0.10844626485976216,0.11139147988305731,-0.0029452150232951446,0.11173924672356361,999100000.0,1.0,2026-06-30,1245300000.0,5.26,0.593939393939394,19.2744,False,True,Real Estate,Real Estate Services,15963292672.0,,0.0162,,,
JMIA,1.5,2026-02-27,2026-09-11,29,7.28,8.23,5.86,1.4,-0.38,-0.59,True,0.0371,0.0793,0.724,0.1181,0.6,False,-0.063,50.2,0,7,0.0763,0.0564,2.06,0.88,0.31,0.0,False,2026-09-11,0.13757109679681,0.39439066765946884,-0.25681957086265883,0.2770515113826193,-57683119.0,0.591802703413762,2026-06-30,-42519079.0,-0.09,-1.0000900900900902,0.0,False,False,Consumer Cyclical,Internet Retail,995512512.0,,0.0432,,,
JOE,1.5,2025-10-24,2026-09-11,47,63.9,71.66,50.56,1.42,0.32,-0.19,True,0.0456,0.0686,0.702,0.0374,0.63,False,-0.002,49.0,0,46,0.0287,0.0373,0.63,1.0,1.22,0.02,True,2026-09-11,0.2304504113664183,0.051455991167447035,0.17899442019897127,0.2841495087008701,123048000.0,0.4622707440077064,2026-06-30,215260000.0,0.71,0.3962635201573255,,False,True,Real Estate,Real Estate - Diversified,3749439488.0,,0.0433,,,
JRVR,2.0,2024-08-02,2026-09-11,111,3.85,7.63,3.85,1.98,-0.21,-0.84,False,0.1611,0.1824,0.514,0.08,0.0,False,-0.171,34.1,1,0,0.0516,0.0608,0.32,0.7,2.01,0.02,False,2026-09-11,-0.07720640803463674,-0.12133682359291653,0.04413041555827979,-0.018234231417827207,30570000.0,0.3857534212614042,2026-06-30,-2311000.0,0.2,-0.13043478260869565,-23.0769,False,False,Financial Services,Insurance - Specialty,182644176.0,,0.0442,,,
KAI,1.5,2025-02-21,2026-09-11,82,286.23,379.92,254.04,1.5,-0.17,-0.39,True,0.05,0.0753,0.841,0.052,0.26,True,0.01,43.5,1,43,0.0304,0.0207,0.61,0.97,0.96,0.01,False,2026-09-11,0.22567742794799162,0.17681117010158443,0.04886625784640719,0.1250145246508958,109724000.0,0.43789053136236517,2026-06-30,159988000.0,3.42,0.48051948051948046,16.3265,False,True,Industrials,Specialty Industrial Machinery,3144767744.0,,0.1258,,,
KBDC,1.5,2024-05-24,2026-09-11,121,12.96,14.74,12.31,1.2,0.25,,False,0.033,0.0424,0.645,,0.27,False,-0.03,41.3,2,50,0.0052,0.0067,0.16,1.81,,0.05,False,2026-09-11,-0.010715992082451664,0.16073993800246988,-0.17145593008492155,0.09544257668847989,74539000.0,0.8285267466997838,2026-06-30,-29599914000.0,0.42,0.049999999999999906,7.6923,False,False,Financial Services,Asset Management,855849984.0,,0.0118,,,
KBDC,2.0,2024-05-24,2026-09-11,121,12.96,14.74,12.31,1.2,0.25,,False,0.033,0.0424,0.645,,0.27,False,-0.03,41.3,2,50,0.0052,0.0067,0.16,1.81,,0.05,False,2026-09-11,-0.010715992082451664,0.16073993800246988,-0.17145593008492155,0.09544257668847989,74539000.0,0.8285267466997838,2026-06-30,-29599914000.0,0.42,0.049999999999999906,7.6923,False,False,Financial Services,Asset Management,855849984.0,,0.0118,,,
KBH,1.5,2024-12-20,2026-09-11,91,47.75,66.79,44.88,1.49,-0.26,-0.47,False,0.0828,0.0918,0.615,0.047,0.13,True,0.1,38.7,1,17,0.0213,0.0201,0.26,0.75,1.76,0.01,False,2026-09-11,-0.272721032175394,-0.22616123128920795,-0.046559800886186054,-0.1752463226353409,272122000.0,0.1564370053081753,2026-05-31,362501000.0,0.43,-0.7133333333333334,0.0,False,True,Consumer Cyclical,Residential Construction,3013986304.0,,0.2056,,,
KBH,2.0,2023-11-03,2026-09-11,150,47.75,84.37,44.88,1.88,-0.32,-0.13,False,0.0922,0.1475,0.607,0.0486,0.07,True,0.1,38.7,4,17,0.0213,0.0201,0.23,0.68,1.9,0.01,False,2026-09-11,-0.272721032175394,-0.22616123128920795,-0.046559800886186054,-0.1752463226353409,272122000.0,0.1564370053081753,2026-05-31,362501000.0,0.43,-0.7133333333333334,0.0,False,True,Consumer Cyclical,Residential Construction,3013986304.0,,0.2056,,,
KD,1.5,2026-02-13,2026-09-11,31,12.68,14.4,11.0,1.31,0.04,-0.75,False,0.0308,0.0661,0.677,0.0547,0.49,False,-0.006,42.4,0,12,0.0331,0.0478,1.07,0.98,0.56,0.0,False,2026-09-11,-0.03339567192091908,-0.008157894736842142,-0.025237777184076937,-0.006241285439213873,87000000.0,0.9090657822001106,2026-06-30,148000000.0,-0.19,-1.5135135135135136,-18.75,False,True,Technology,Information Technology Services,2864310016.0,,0.1415,,,
KD,2.0,2026-02-13,2026-09-11,31,12.68,14.4,11.0,1.31,0.04,-0.75,False,0.0308,0.0661,0.677,0.0547,0.49,False,-0.006,42.4,0,12,0.0331,0.0478,1.07,0.98,0.56,0.0,False,2026-09-11,-0.03339567192091908,-0.008157894736842142,-0.025237777184076937,-0.006241285439213873,87000000.0,0.9090657822001106,2026-06-30,148000000.0,-0.19,-1.5135135135135136,-18.75,False,True,Technology,Information Technology Services,2864310016.0,,0.1415,,,
KE,2.0,2025-05-09,2026-09-11,71,24.86,31.59,17.5,1.81,0.27,-0.44,True,0.1076,0.1525,0.507,0.0548,0.52,False,-0.027,48.9,1,68,0.0233,0.0177,0.22,1.06,1.96,0.0,False,2026-09-11,-0.023389368994301774,-0.05788733259122225,0.03449796359692048,-0.037228758205104184,27960000.0,0.08867436546788922,2026-06-30,100868000.0,-0.08,-1.2352941176470589,-123.5294,False,True,Industrials,Electrical Equipment & Parts,629360320.0,,0.0741,,,
KEN,1.5,2026-01-02,2026-09-11,37,65.15,93.04,64.59,1.44,-0.21,0.05,True,0.0662,0.1124,0.378,0.0489,0.02,False,-0.195,43.2,0,36,0.01,0.0113,0.15,0.78,1.35,0.0,False,2026-09-11,0.9336734693877551,0.7322404371584699,0.2014330322292852,0.5335004075820582,120274000.0,0.21899735883905014,2026-06-30,-258613000.0,0.85,7.909853249475891,,False,False,Utilities,Utilities - Independent Power Producers,3607464448.0,,0.0022,,,
KEN,2.0,2025-10-17,2026-09-11,48,65.15,93.04,46.84,1.99,0.38,0.0,True,0.1054,0.1621,0.667,0.0492,0.4,False,-0.195,43.2,0,47,0.01,0.0113,0.09,0.93,2.14,0.04,False,2026-09-11,0.9336734693877551,0.7322404371584699,0.2014330322292852,0.5335004075820582,120274000.0,0.21899735883905014,2026-06-30,-258613000.0,0.85,7.909853249475891,,False,False,Utilities,Utilities - Independent Power Producers,3607464448.0,,0.0022,,,
KEP,2.0,2025-06-27,2026-09-11,64,11.89,22.45,11.26,1.99,-0.17,-0.01,True,0.1112,0.1843,0.422,0.0481,0.06,False,-0.161,41.3,0,3,0.0122,0.0226,0.11,1.2,2.31,0.0,False,2026-09-11,-0.0014185787806891836,0.007203728337997539,-0.008622307118686723,0.018164557188575348,7839706000000.0,0.08615552716821023,2026-06-30,1425080351000.0,1.25,-0.6556473829201102,-0.7937,False,True,Utilities,Utilities - Regulated Electric,15676763136.0,,0.0041,,,
KEYS,1.5,2026-02-20,2026-09-11,30,325.65,363.67,243.54,1.49,0.39,0.04,True,0.0518,0.0891,0.567,0.0465,0.68,False,-0.003,54.0,0,29,0.0132,0.0184,0.25,0.8,1.11,0.0,False,2026-09-11,0.3653846153846154,0.3147013782542114,0.05068323713040401,0.2553881365630364,1256000000.0,0.6587215601300108,2026-07-31,1469000000.0,2.82,0.6395348837209301,30.5556,False,True,Technology,Scientific & Technical Instruments,57651683328.0,,0.0195,,,
KFY,1.5,2024-05-03,2026-09-11,124,78.14,86.28,58.53,1.47,0.29,-0.06,True,0.0497,0.0839,0.54,0.0296,0.71,True,0.203,55.7,2,73,0.0183,0.071,0.37,1.13,1.68,0.03,False,2026-09-11,0.06858986811414547,0.06727866556825468,0.0013112025458907883,0.06938480987648665,279765000.0,0.2270546753820842,2026-07-31,318706000.0,1.43,0.0916030534351144,5.9259,False,True,Industrials,Staffing & Employment Services,4233221120.0,,0.0615,,,
KGC,2.0,2025-08-08,2026-09-11,58,28.93,37.01,18.85,1.96,0.32,0.17,True,0.1288,0.1584,0.672,0.0604,0.55,False,-0.102,51.8,0,57,0.0992,0.0949,0.77,0.85,2.13,0.0,False,2026-09-11,0.2619419051200462,0.5855420287145241,-0.3236001235944779,0.3816447052915801,3152935516.0,0.552656271083579,2026-06-30,3081800000.0,0.71,0.6136363636363635,7.5758,False,True,Basic Materials,Gold,34555191296.0,,0.0096,,,
KGS,1.5,2026-02-27,2026-09-11,29,62.5,75.7,53.43,1.42,0.25,0.07,True,0.0773,0.0931,0.586,0.0602,0.41,False,-0.011,52.8,0,26,0.0346,0.0632,0.45,0.98,1.28,0.0,False,2026-09-11,0.2114866978686234,0.04889243482323247,0.16259426304539093,0.08226240060435974,80390000.0,0.317644201268153,2026-06-30,5007000.0,0.55,0.12244897959183684,-17.9104,False,True,Energy,Oil & Gas Equipment & Services,6455492096.0,,0.103,,,
KINS,2.0,2024-11-08,2026-09-11,97,19.25,21.32,10.77,1.98,0.26,0.05,True,0.057,0.1218,0.845,0.1214,0.8,True,0.244,57.8,3,95,0.0068,0.009,0.12,0.67,0.47,0.01,False,2026-09-11,0.2592757299920896,0.18371188211991285,0.07556384787217674,0.19583430381368405,35294307.0,0.6366103504889471,2026-06-30,83076430.0,1.04,0.3866666666666667,9.4737,False,True,Financial Services,Insurance - Property & Casualty,278231264.0,,0.0265,,,
KKR,1.5,2026-01-23,2026-09-11,34,100.87,120.56,85.6,1.41,0.13,-0.48,True,0.0515,0.0808,0.588,0.0571,0.44,True,0.061,47.8,0,26,0.0354,0.0408,0.69,0.93,0.9,0.03,True,2026-09-11,0.13081687564300482,0.39219332863019063,-0.2613764529871858,0.3171175962607433,3151975000.0,0.18894710234845352,2026-06-30,2339924000.0,1.48,0.25423728813559326,15.625,False,True,Financial Services,Asset Management,93356531712.0,,0.0198,,,
KKR,2.0,2024-01-19,2026-09-11,139,100.87,165.19,82.72,2.0,-0.06,0.0,True,0.1404,0.1733,0.518,0.0456,0.22,True,0.061,47.8,1,138,0.0354,0.0408,0.25,0.98,3.08,0.02,False,2026-09-11,0.13081687564300482,0.39219332863019063,-0.2613764529871858,0.3171175962607433,3151975000.0,0.18894710234845352,2026-06-30,2339924000.0,1.48,0.25423728813559326,15.625,False,True,Financial Services,Asset Management,93356531712.0,,0.0198,,,
KLAR,2.0,2026-01-30,2026-09-11,33,13.8,23.07,12.27,1.88,0.14,,,0.1477,0.1741,0.485,0.0611,0.14,True,0.202,37.4,0,24,0.1187,0.077,0.8,0.9,2.42,0.0,False,2026-09-11,0.2660996354799514,0.5127055306427504,-0.24660589516279896,0.47301239970824205,-138000000.0,0.6007677543186181,2026-06-30,-3797000000.0,0.01,1.0714285714285714,114.2857,True,False,Financial Services,Credit Services,5243783680.0,,0.1267,,,
KLIC,2.0,2026-03-13,2026-09-11,27,82.97,125.22,63.78,1.96,0.36,-0.11,True,0.1139,0.1885,0.63,0.0623,0.31,True,0.127,46.2,0,25,0.0592,0.1466,0.52,0.94,1.83,0.0,False,2026-09-11,1.226280716648811,0.4977899324632993,0.7284907841855117,0.4444395462740294,115739000.0,0.4780408523980884,2026-06-30,39973000.0,1.09,14.571428571428571,25.2874,False,True,Technology,Semiconductor Equipment & Materials,4507106816.0,,0.0488,,,
KMT,1.5,2025-11-28,2026-09-11,42,29.13,39.81,27.22,1.46,0.06,-0.02,True,0.079,0.1061,0.524,0.0522,0.15,False,-0.086,39.2,0,41,0.0543,0.0618,0.69,1.14,1.51,0.02,True,2026-09-11,0.42631092832371964,0.21831048172385215,0.2080004465998675,0.1982123654888921,342389000.0,0.588583708699536,2026-06-30,-80913000.0,2.96,7.705882352941177,28.1385,False,False,Industrials,Tools & Accessories,2243888128.0,,0.1305,,,
KMTS,2.0,2025-03-07,2026-09-11,80,23.57,28.02,14.52,1.93,0.26,,,0.1015,0.1593,0.537,,0.67,True,0.211,49.4,2,57,0.0668,0.0523,0.66,1.18,,0.0,False,2026-09-11,0.6618116404572623,0.6270377733598409,0.03477386709742136,0.5903368720220681,-131612000.0,0.5475941057336406,2026-04-30,-116595000.0,-0.67,0.367626238791883,-13.5593,False,False,Healthcare,Medical Instruments & Supplies,1339067008.0,,0.0954,,,
KMX,2.0,2025-07-11,2026-09-11,62,60.52,64.34,32.36,1.99,0.04,-0.64,False,0.1523,0.1846,0.5,0.0459,0.88,True,0.366,63.9,0,44,0.0319,0.0675,0.21,0.73,3.32,0.05,False,2026-09-11,0.06187974066529289,-0.009522210356176286,0.07140195102146918,-0.016368467415231014,222536000.0,0.09798454336977301,2026-05-31,994305000.0,1.31,-0.050724637681159306,38.7712,False,True,Consumer Cyclical,Auto & Truck Dealerships,8701988864.0,,0.0897,,,
KNF,2.0,2023-11-03,2026-09-11,150,57.18,105.71,54.71,1.93,0.09,0.04,False,0.1187,0.1516,0.653,0.049,0.05,False,-0.092,33.7,2,149,0.049,0.1167,0.41,1.21,2.42,0.03,False,2026-09-11,0.1257449694695949,0.1602960356012233,-0.034551066131628394,0.12130191857652495,139851000.0,0.17344981887918176,2026-06-30,43061000.0,0.77,-0.14444444444444446,-30.6306,False,True,Basic Materials,Building Materials,3270724864.0,,0.0959,,,
KNTK,2.0,2024-03-01,2026-09-11,133,54.2,58.7,29.75,1.97,0.32,-0.04,True,0.1365,0.1722,0.586,0.0321,0.84,True,0.088,65.2,2,132,0.0157,0.0597,0.12,1.34,4.25,0.01,False,2026-09-11,0.36252220331913265,-0.07509537227334562,0.43761757559247827,0.14147325884537,476664000.0,0.5913731425426527,2026-06-30,194169000.0,0.64,0.28,236.8421,False,True,Energy,Oil & Gas Midstream,9263692800.0,,0.0925,,,
KR,1.5,2024-08-30,2026-09-11,107,56.95,74.69,50.09,1.49,0.22,-0.08,True,0.0647,0.0864,0.729,0.0275,0.28,False,-0.141,40.8,1,105,0.0108,0.0114,0.17,0.87,2.35,0.02,False,2026-09-11,0.020064820271066486,0.022230595327807023,-0.0021657750567405376,0.015823129251700596,1085000000.0,0.20568441119551717,2026-07-31,2272000000.0,1.09,0.04807692307692312,3.8095,False,True,Consumer Defensive,Grocery Stores,34860040192.0,,0.0469,,,
KRC,1.5,2025-12-05,2026-09-11,41,34.85,40.25,27.06,1.49,0.27,-0.35,True,0.0653,0.1107,0.537,0.0441,0.59,True,0.176,46.5,0,24,0.0239,0.0323,0.37,0.75,1.48,0.02,False,2026-09-11,-0.06043974997585311,-0.0029205003618318903,-0.05751924961402122,-0.03752243738858263,169281000.0,0.6529439624629642,2026-06-30,-240366000.0,0.92,1.090909090909091,2.2222,False,False,Real Estate,REIT - Office,4098745344.0,,0.1104,,,
KREF,1.5,2025-09-12,2026-09-11,53,7.12,8.57,5.77,1.48,-0.4,-0.44,False,0.0678,0.098,0.66,0.0403,0.48,True,0.153,49.3,1,24,0.0158,0.037,0.23,0.72,1.68,0.0,False,2026-09-11,-0.23178405735976382,-0.1380768025211152,-0.09370725483864861,-0.1957162553158437,-184959000.0,0.8268183415319748,2026-06-30,34314000.0,-0.6,-13.999999999999998,0.0,False,False,Real Estate,REIT - Mortgage,459747968.0,,0.1375,,,
KRNT,1.5,2025-08-01,2026-09-11,59,15.56,18.65,12.7,1.47,0.36,-0.61,False,0.0569,0.0828,0.712,0.0926,0.48,True,0.05,48.2,2,43,0.0457,0.0436,0.8,1.0,0.61,0.03,False,2026-09-11,0.11185030349318659,0.04483716124588333,0.06701314224730326,0.03953496212175933,-20327000.0,0.4530812198340534,2026-06-30,7321628.0,-0.08,-3.666666666666667,38.4615,False,False,Industrials,Specialty Industrial Machinery,689612864.0,,0.0169,,,
KROS,1.5,2026-02-27,2026-09-11,29,11.17,14.19,10.06,1.41,-0.27,-0.86,False,0.0323,0.0714,0.483,0.068,0.27,False,-0.025,46.3,0,7,0.0195,0.0263,0.6,0.63,0.47,0.07,False,2026-09-11,0.0,-0.9982626889976615,0.9982626889976615,-0.8574925701327928,-83159000.0,,2026-06-30,-48487000.0,-1.45,-0.9078947368421052,-16.0,False,False,Healthcare,Biotechnology,219685248.0,,0.0676,,,
KRRO,1.5,2026-01-23,2026-09-11,34,13.06,14.56,10.18,1.43,0.22,-0.89,False,0.0685,0.0996,0.559,0.186,0.66,True,0.045,50.3,1,17,0.0216,0.0223,0.32,0.69,0.37,0.0,False,2026-09-11,-1.0,-1.0,0.0,-0.6207610253144404,-106644000.0,,2026-06-30,-68265000.0,-1.07,0.6094890510948905,30.5195,False,False,Healthcare,Biotechnology,203361184.0,,0.1129,,,
KSS,2.0,2025-12-05,2026-09-11,41,16.79,22.71,11.6,1.96,-0.2,-0.54,False,0.1205,0.174,0.61,0.1321,0.47,True,0.304,49.6,1,17,0.0448,0.0578,0.37,0.98,0.91,0.0,False,2026-09-11,-0.008742244782853903,-0.02041447571914634,0.011672230936292438,-0.028704519702883013,270000000.0,0.4122332859174964,2026-07-31,988000000.0,1.28,1.2857142857142856,132.7273,False,True,Consumer Cyclical,Department Stores,1953476096.0,,0.3199,,,
KT,1.5,2025-02-14,2026-09-11,83,19.6,23.93,16.0,1.5,0.25,-0.06,True,0.0494,0.0859,0.663,0.0371,0.45,False,-0.083,53.9,0,82,0.0318,0.0398,0.64,0.93,1.33,0.02,False,2026-09-11,1259.480896817234,-0.009739643602877823,1259.4906364608369,0.36424905347426506,1295032669000.0,0.583287174957709,2026-06-30,1634362193000.0,1.01,0.014871382636655984,,False,True,Communication Services,Telecom Services,9477645312.0,,0.0098,,,
KURA,2.0,2025-08-15,2026-09-11,57,11.57,13.25,7.34,1.81,0.34,-0.69,False,0.1003,0.1408,0.561,0.0798,0.72,True,0.207,55.5,2,56,0.1012,0.0615,1.01,1.16,1.26,0.0,False,2026-09-11,0.3653846153846154,0.2946555146016445,0.0707291007829709,-0.07269539739910424,-296775000.0,0.9883587237711986,2026-06-30,-117428999.0,-0.77,-0.02666666666666669,13.4831,False,False,Healthcare,Biotechnology,1013261440.0,,0.1548,,,
KVYO,2.0,2026-01-16,2026-09-11,35,16.13,25.62,13.25,1.93,-0.35,-0.72,False,0.0807,0.1488,0.686,0.0741,0.23,False,-0.004,44.3,0,12,0.055,0.055,0.68,1.17,1.09,0.03,False,2026-09-11,0.264259664229642,0.2793797596372045,-0.01512009540756254,0.28886423879755374,6791000.0,0.7261722291783602,2026-06-30,244438000.0,0.01,-0.9375,-75.0,False,True,Technology,Software - Application,4896217600.0,,0.1698,,,
KYTX,1.5,2025-11-14,2026-09-11,44,7.35,9.93,6.88,1.44,0.03,-0.77,False,0.0668,0.0883,0.682,0.1419,0.15,False,-0.074,43.9,0,43,0.0409,0.033,0.61,0.98,0.47,0.0,False,2026-09-11,,,,-1.0,-152638000.0,,2026-06-30,-159431000.0,-0.63,0.35051546391752575,5.9701,False,False,Healthcare,Biotechnology,448983424.0,,0.1605,,,
KYTX,2.0,2025-09-19,2026-09-11,52,7.35,9.93,5.52,1.8,0.34,-0.82,False,0.0843,0.1206,0.712,0.1279,0.41,False,-0.074,43.9,0,49,0.0409,0.033,0.49,1.02,0.66,0.02,False,2026-09-11,,,,-1.0,-152638000.0,,2026-06-30,-159431000.0,-0.63,0.35051546391752575,5.9701,False,False,Healthcare,Biotechnology,448983424.0,,0.1605,,,
LAND,1.5,2024-10-25,2026-09-11,99,9.48,11.91,8.06,1.48,-0.29,-0.55,False,0.0676,0.0957,0.556,0.0337,0.37,False,-0.097,55.0,1,6,0.0413,0.0165,0.61,1.4,2.01,0.01,False,2026-09-11,0.032205595315549784,-0.014996429421566315,0.0472020247371161,0.21597702255143125,-6466000.0,-0.5021273242987708,2026-06-30,24807000.0,-0.04,0.6,-300.0,False,False,Real Estate,REIT - Specialty,411954272.0,,0.0819,,,
LASR,2.0,2026-01-09,2026-09-11,36,39.29,78.54,39.29,2.0,0.11,0.0,True,0.1236,0.1908,0.444,0.0932,0.0,False,-0.179,32.3,0,0,0.1699,0.1409,1.37,0.8,1.33,0.03,False,2026-09-11,0.3378310520774277,0.5518502748316172,-0.2140192227541895,0.4323668936393854,-12477000.0,0.3114746158782434,2026-06-30,49400000.0,-0.02,0.7142857142857143,33.3333,False,False,Technology,Semiconductors,2328953088.0,,0.0641,,,
LAW,1.5,2026-02-06,2026-09-11,32,4.06,4.79,3.25,1.47,0.15,-0.63,False,0.0672,0.0956,0.719,0.0741,0.53,True,0.017,47.4,1,28,0.027,0.0543,0.4,0.93,0.91,0.0,False,2026-09-11,0.1322626358053849,0.14266226502605517,-0.010399629220670281,0.12899259579527644,-40443000.0,0.7443100171510685,2026-06-30,-16389000.0,-0.13,-2.25,-116.6667,False,False,Technology,Software - Application,261027056.0,,0.0544,,,
LAW,2.0,2026-01-30,2026-09-11,33,4.06,6.25,3.25,1.92,-0.06,-0.63,False,0.0702,0.1344,0.455,0.0738,0.27,True,0.017,47.4,1,28,0.027,0.0543,0.38,0.92,0.95,0.0,False,2026-09-11,0.1322626358053849,0.14266226502605517,-0.010399629220670281,0.12899259579527644,-40443000.0,0.7443100171510685,2026-06-30,-16389000.0,-0.13,-2.25,-116.6667,False,False,Technology,Software - Application,261027056.0,,0.0544,,,
LAZ,1.5,2025-05-02,2026-09-11,72,41.87,55.06,38.25,1.44,-0.24,-0.3,True,0.0656,0.0947,0.597,0.0555,0.22,False,-0.033,44.7,1,24,0.0114,0.0229,0.17,1.16,1.18,0.0,False,2026-09-11,0.02753501750720644,0.17351278018926175,-0.1459777626820553,0.06866296330899035,226834000.0,0.9728607564442303,2026-06-30,696956000.0,0.12,-0.7692307692307693,-71.4286,False,True,Financial Services,Capital Markets,4005218560.0,,0.1094,,,
LB,2.0,2024-10-04,2026-09-11,102,86.38,89.59,45.09,1.99,0.22,,True,0.1163,0.151,0.716,,0.93,True,0.123,64.3,2,101,0.0577,0.0486,0.5,0.75,,0.01,False,2026-09-11,0.406180969011003,0.16049691702122826,0.24568405198977472,0.4408768454016745,46318000.0,0.9631807301017354,2026-06-30,170048000.0,0.4,0.7391304347826088,8.1081,False,True,Energy,Oil & Gas E&P,6694867456.0,,0.1262,,,
LBRT,2.0,2025-11-28,2026-09-11,42,20.76,32.87,17.28,1.9,0.11,-0.27,True,0.1726,0.2007,0.429,0.0897,0.22,False,-0.274,43.8,0,7,0.0502,0.1027,0.29,0.77,1.92,0.0,True,2026-09-11,0.14011708157437597,0.044731196436481824,0.09538588513789414,0.022861271718573883,122424000.0,0.175283275393826,2026-06-30,-316580000.0,0.09,-0.25,28.5714,False,False,Energy,Oil & Gas Equipment & Services,3420492032.0,,0.1292,,,
LBTYA,1.5,2024-12-06,2026-09-11,93,10.62,13.42,9.25,1.45,0.0,-0.35,True,0.056,0.0803,0.72,0.0415,0.33,False,-0.116,44.7,1,70,0.0042,0.0066,0.07,1.07,1.35,0.01,False,2026-09-11,-0.0765109132456071,0.08828551912568305,-0.16479643237129016,1.3493826571959766,227600000.0,0.45571672354948806,2026-06-30,-738100000.0,-1.07,0.8677379480840544,-245.1613,False,False,Communication Services,Telecom Services,3571186688.0,,0.0818,,,
LBTYK,1.5,2024-12-06,2026-09-11,93,10.4,14.03,9.51,1.48,-0.21,-0.35,False,0.0651,0.0807,0.667,0.0414,0.2,False,-0.115,44.6,1,70,0.0048,0.0154,0.07,0.98,1.57,0.03,False,2026-09-11,-0.0765109132456071,0.08828551912568305,-0.16479643237129016,1.3493826571959766,227600000.0,0.45571672354948806,2026-06-30,-738100000.0,-1.07,0.8677379480840544,,False,False,Communication Services,Telecom Services,3462038528.0,,0.0849,,,
LCII,2.0,2025-05-09,2026-09-11,71,93.4,152.4,80.16,1.9,0.32,-0.32,False,0.1132,0.1623,0.563,0.0477,0.18,False,-0.1,38.2,0,70,0.0084,0.0221,0.07,0.86,2.37,0.01,False,2026-09-11,-0.12515240460600585,0.042968085004638557,-0.1681204896106444,0.0812896893302939,255528000.0,0.3108823908947789,2026-06-30,179529000.0,2.7,0.1297071129707113,2.6616,False,True,Consumer Cyclical,Recreational Vehicles,2212833280.0,,0.1276,,,
LDOS,2.0,2023-11-03,2026-09-11,150,129.55,197.15,100.46,1.96,0.37,-0.05,False,0.1259,0.1769,0.587,0.0301,0.3,False,-0.134,45.6,3,148,0.0438,0.1197,0.35,1.1,4.18,0.03,False,2026-09-11,0.07171408417587588,0.036513545347467646,0.035200538828408234,0.034070251568638854,1386000000.0,0.1792452830188679,2026-06-30,2163000000.0,3.26,0.015576323987538885,12.4138,False,True,Technology,Information Technology Services,16170926080.0,,0.0331,,,
LE,1.5,2026-03-13,2026-09-11,27,10.33,13.84,10.33,1.34,-0.2,-0.45,False,0.0417,0.07,0.667,0.078,0.0,True,0.003,39.5,0,0,0.0303,0.0463,0.73,0.8,0.53,0.0,True,2026-09-11,0.02706415623012859,-0.08534194971057552,0.1124061059407041,0.003979239543379309,351581000.0,0.49950006290599197,2026-07-31,-73402000.0,0.09,2.5,-10.0,True,False,Consumer Cyclical,Apparel Retail,306372864.0,,0.1259,,,
LE,2.0,2025-06-27,2026-09-11,64,10.33,18.92,10.33,1.83,-0.31,-0.42,False,0.1204,0.1595,0.5,0.0678,0.0,True,0.003,39.5,0,0,0.0303,0.0463,0.25,0.75,1.78,0.0,False,2026-09-11,0.02706415623012859,-0.08534194971057552,0.1124061059407041,0.003979239543379309,351581000.0,0.49950006290599197,2026-07-31,-73402000.0,0.09,2.5,-10.0,True,False,Consumer Cyclical,Apparel Retail,306372864.0,,0.1259,,,
LFMD,2.0,2025-11-07,2026-09-11,45,3.03,5.24,2.67,1.96,0.05,-0.82,False,0.1263,0.1712,0.533,0.1279,0.14,False,-0.111,37.0,1,28,0.0621,0.1348,0.49,0.71,0.99,0.0,False,2026-09-11,-0.24007611279564,-0.23645860902768123,-0.003617503767958774,-0.16687314042981916,-21259454.0,0.8882360038903506,2026-06-30,-7188293.0,-0.16,,20.0,False,False,Healthcare,Health Information Services,147012544.0,,0.1798,,,
LGIH,2.0,2025-03-28,2026-09-11,77,48.7,67.47,34.24,1.97,-0.13,-0.75,False,0.1028,0.1413,0.701,0.0586,0.44,True,0.32,44.1,2,25,0.0393,0.0287,0.38,0.96,1.75,0.0,False,2026-09-11,0.06735058998727994,-0.09015992259973815,0.1575105125870181,-0.16523795896103766,66169000.0,0.197066939509503,2026-06-30,131007000.0,1.16,-0.14705882352941188,0.0,False,True,Consumer Cyclical,Residential Construction,1148929536.0,,0.2129,,,
LHX,1.5,2025-07-04,2026-09-11,63,248.37,363.39,248.37,1.46,0.24,-0.01,True,0.0605,0.1065,0.476,0.0312,0.0,False,-0.134,32.8,0,0,0.0533,0.0335,0.88,1.2,1.94,0.03,False,2026-09-11,0.08385551050497608,0.11925175370226038,-0.035396243197284294,0.07294249754362991,1874000000.0,0.25539874171059346,2026-06-30,2808000000.0,3.13,0.12589928057553962,11.7857,False,True,Industrials,Aerospace & Defense,45723136000.0,,0.0244,,,
LINE,1.5,2025-05-02,2026-09-11,72,37.39,44.59,30.9,1.44,0.01,-0.61,False,0.0685,0.0884,0.583,0.0379,0.47,True,0.103,43.1,1,24,0.0205,0.0328,0.3,0.83,1.81,0.03,False,2026-09-11,0.008148148148148238,0.0038699690402477227,0.004278179107900515,0.01034612490594422,-169000000.0,0.31227038941954444,2026-06-30,244000000.0,0.76,,24.5902,False,False,Real Estate,REIT - Industrial,9389920256.0,,0.0765,,,
LITE,1.5,2026-03-20,2026-09-11,26,935.7,970.7,702.73,1.38,0.09,0.0,True,0.0571,0.094,0.5,0.1043,0.87,False,-0.046,60.7,0,24,0.0335,0.0565,0.59,0.81,0.55,0.0,True,2026-09-11,1.0934054503848554,0.901222953904045,0.19218249648081032,0.8322188449848025,-6935100000.0,0.4743118354367485,2026-06-30,550500000.0,2.64,2.0000000000000004,0.7634,False,False,Technology,Communication Equipment,83154591744.0,,0.0866,,,
LKFN,1.5,2023-11-17,2026-09-11,148,60.51,71.09,49.11,1.45,0.03,-0.33,True,0.0392,0.0652,0.858,0.0479,0.52,True,0.038,50.9,4,74,0.0121,0.017,0.31,1.17,0.82,0.03,True,2026-09-11,0.017464650376401547,0.03488750579485722,-0.017422855418455674,0.01825551038897566,111228000.0,0.6420813219457854,2026-06-30,111658000.0,1.13,0.0865384615384614,5.6075,False,True,Financial Services,Banks - Regional,1505888000.0,,0.1166,,,
LKFT,1.5,2025-04-25,2026-09-11,73,26.81,37.62,25.32,1.49,-0.14,-0.43,False,0.0688,0.0832,0.74,0.0466,0.12,False,-0.005,39.2,0,70,0.0269,0.0347,0.39,1.13,1.48,0.0,False,2026-09-11,-0.8143763019237839,-0.9135601584485908,0.09918385652480699,2.594160568051116,596635000.0,-1.858239128640977,2026-06-30,-231515000.0,0.03,1.032258064516129,100.2609,True,False,Healthcare,Biotechnology,1755644032.0,,0.0823,,,
LMAT,1.5,2024-06-14,2026-09-11,118,78.8,114.0,77.56,1.47,0.23,-0.01,True,0.0708,0.1013,0.441,0.0473,0.03,False,-0.131,34.6,1,71,0.0119,0.095,0.17,1.82,1.5,0.03,False,2026-09-11,0.09574666832731338,0.11157321574718981,-0.015826547419876436,0.11845004453650065,65673000.0,0.7212639595351084,2026-06-30,73825000.0,0.74,0.23333333333333336,-8.642,False,True,Healthcare,Medical Instruments & Supplies,1843033216.0,,0.0836,,,
LMND,1.5,2026-02-13,2026-09-11,31,49.61,71.52,48.31,1.48,-0.2,-0.48,True,0.0657,0.1074,0.548,0.1026,0.06,False,-0.018,42.4,0,6,0.0083,0.0955,0.13,0.57,0.64,0.06,False,2026-09-11,0.6697135892748325,0.5502645502645502,0.11944903901028225,0.5498584984185118,-138400000.0,0.43795620437956206,2026-06-30,8100001.0,-0.56,0.26315789473684204,0.0,False,False,Financial Services,Insurance - Property & Casualty,3823393024.0,,0.1438,,,
LMND,2.0,2025-08-08,2026-09-11,58,49.61,93.25,48.04,1.94,-0.11,-0.07,True,0.1065,0.1788,0.397,0.1086,0.03,False,-0.018,42.4,1,48,0.0083,0.0955,0.08,0.46,0.98,0.03,False,2026-09-11,0.6697135892748325,0.5502645502645502,0.11944903901028225,0.5498584984185118,-138400000.0,0.43795620437956206,2026-06-30,8100001.0,-0.56,0.26315789473684204,0.0,False,False,Financial Services,Insurance - Property & Casualty,3823393024.0,,0.1438,,,
LNC,1.5,2025-06-20,2026-09-11,65,43.56,46.03,31.11,1.48,0.27,-0.14,True,0.0653,0.1018,0.615,0.0479,0.83,True,0.196,58.5,1,64,0.0261,0.0762,0.4,1.26,1.36,0.02,False,2026-09-11,0.11734317343173428,0.12510602205258703,-0.007762848620852747,0.07185960250235279,2359000000.0,1.0,2026-06-30,-1328000000.0,2.24,-0.0508474576271185,12.0,False,False,Financial Services,Insurance - Life,8393051136.0,,0.0004,,,
LOAR,1.5,2025-07-04,2026-09-11,63,64.76,81.97,55.37,1.48,-0.34,-0.43,False,0.0684,0.0964,0.651,0.0818,0.35,True,0.189,45.2,1,19,0.0385,0.0449,0.56,0.86,0.84,0.02,False,2026-09-11,0.3935576618503447,0.36132357686705796,0.032234084983286726,0.2975725082015841,68002000.0,0.5315452357223204,2026-06-30,106041000.0,0.33,0.9411764705882353,22.2222,False,True,Industrials,Aerospace & Defense,6231220224.0,,0.1386,,,
LOAR,2.0,2024-05-17,2026-09-11,122,64.76,96.89,51.53,1.88,-0.05,,False,0.0983,0.1402,0.721,,0.29,True,0.189,45.2,1,121,0.0385,0.0449,0.39,0.98,,0.02,False,2026-09-11,0.3935576618503447,0.36132357686705796,0.032234084983286726,0.2975725082015841,68002000.0,0.5315452357223204,2026-06-30,106041000.0,0.33,0.9411764705882353,22.2222,False,True,Industrials,Aerospace & Defense,6231220224.0,,0.1386,,,
LOB,2.0,2024-12-06,2026-09-11,93,39.16,46.14,23.36,1.98,0.37,-0.52,True,0.1017,0.1449,0.677,0.0679,0.69,True,0.14,49.8,2,74,0.0321,0.029,0.32,1.03,1.5,0.02,False,2026-09-11,0.05993013467358588,0.09984767707539977,-0.03991754240181389,0.1118314608129305,137467000.0,0.47818858451510615,2026-06-30,-52227000.0,0.74,0.39622641509433953,15.625,False,False,Financial Services,Banks - Regional,1816632064.0,,0.0677,,,
LOCO,2.0,2024-04-26,2026-09-11,125,15.06,16.82,8.91,1.89,0.38,-0.3,True,0.0962,0.1663,0.504,0.0375,0.78,True,0.138,52.7,3,124,0.0223,0.0387,0.23,1.07,2.57,0.02,False,2026-09-11,0.0297058028831636,0.058778119939250084,-0.029072317056086483,0.043984656757489304,34862000.0,0.3279875281696663,2026-06-30,41007000.0,0.3,0.07142857142857129,3.4483,False,True,Consumer Cyclical,Restaurants,461971968.0,,0.0731,,,
LODE,2.0,2025-09-12,2026-09-11,53,2.95,4.77,2.65,1.8,0.13,-0.62,False,0.0976,0.1427,0.547,0.2018,0.14,True,0.057,43.4,1,25,0.071,0.1329,0.73,0.79,0.48,0.0,False,2026-09-11,-0.19650356652706846,-0.6011071308132321,0.4046035642861636,-0.6907062990798747,-61007387.0,-3.2844361199894436,2026-06-30,-39164600.0,-0.13,0.5517241379310345,-8.3333,False,False,Basic Materials,Other Precious Metals & Mining,214300384.0,,0.0987,,,
LOGI,1.5,2025-05-16,2026-09-11,70,99.77,121.87,81.63,1.49,0.22,-0.21,True,0.0794,0.1009,0.629,0.0479,0.45,False,-0.008,48.5,2,67,0.0294,0.0366,0.37,1.02,1.66,0.0,False,2026-09-11,0.06929580213696407,0.07439761272028145,-0.005101810583317379,0.06629397714018714,798082191.0,0.4953741503250399,2026-06-30,1016667788.0,1.66,0.3174603174603174,40.678,False,True,Technology,Computer Hardware,14705441792.0,,0.0926,,,
LOMA,2.0,2024-08-16,2026-09-11,109,10.09,13.78,6.93,1.99,0.19,-0.1,True,0.071,0.1475,0.67,0.0456,0.46,False,-0.025,44.4,2,108,0.0604,0.072,0.85,0.93,1.56,0.05,False,2026-09-11,0.3641107528220635,0.340715043119564,0.02339570970249949,0.2213753693899807,46309511000.0,0.19181862862471802,2026-06-30,69016609000.0,0.05,-0.9852941176470589,-66.6667,False,True,Basic Materials,Building Materials,1137792128.0,,0.0206,,,
LOVE,2.0,2025-02-28,2026-09-11,81,14.26,20.95,10.54,1.99,-0.38,-0.72,False,0.1114,0.1493,0.704,0.0897,0.36,True,0.082,44.0,1,25,0.0216,0.0371,0.19,0.63,1.24,0.0,False,2026-09-11,0.0044539961377936255,-0.0012791512795126136,0.005733147417306239,0.010654818643542452,27341000.0,0.6838661663927563,2026-07-31,44695000.0,-0.35,-1.3333333333333333,10.2564,False,True,Consumer Cyclical,"Furnishings, Fixtures & Appliances",200629952.0,,0.2193,,,
LOW,1.5,2023-12-01,2026-09-11,146,196.59,284.26,193.18,1.47,0.1,-0.19,False,0.0631,0.0849,0.664,0.0315,0.04,False,-0.06,35.3,1,145,0.028,0.028,0.44,1.07,2.0,0.03,False,2026-09-11,0.08335072415376277,0.102627806975633,-0.01927708282187024,0.0815543037565929,6642000000.0,0.33044382801664357,2026-07-31,7000000000.0,4.4,0.016166281755196372,4.2654,False,True,Consumer Cyclical,Home Improvement Retail,110426652672.0,,0.0182,,,
LPL,2.0,2025-04-11,2026-09-11,75,3.15,5.55,2.78,2.0,0.15,-0.58,False,0.1397,0.1724,0.573,0.0499,0.13,False,-0.239,39.6,0,73,0.0274,0.0455,0.2,2.53,2.8,0.01,False,2026-09-11,0.025299400782823334,-0.08759602578471826,0.11289542656754159,-0.033691172161084415,-1352107000000.0,0.0888236395779577,2026-06-30,193805191890.0,0.62,-0.15126625598904864,576.9231,False,False,Technology,Consumer Electronics,3309999872.0,,0.0085,,,
LPLA,1.5,2024-11-01,2026-09-11,98,347.26,391.56,268.54,1.46,-0.14,-0.05,True,0.0756,0.0919,0.5,0.0465,0.64,True,0.118,54.8,1,11,0.0239,0.0651,0.32,0.79,1.63,0.01,False,2026-09-11,0.3524352513999256,0.34561977674701994,0.006815474652905662,0.38820710535073566,1006867000.0,0.313776613414933,2026-06-30,-1054404000.0,5.84,0.29490022172949004,8.3488,False,False,Financial Services,Capital Markets,27857446912.0,,0.0243,,,
LPLA,2.0,2024-08-16,2026-09-11,109,347.26,391.56,204.24,1.92,0.24,-0.28,True,0.095,0.136,0.495,0.0413,0.76,True,0.118,54.8,1,104,0.0239,0.0651,0.25,0.81,2.3,0.01,False,2026-09-11,0.3524352513999256,0.34561977674701994,0.006815474652905662,0.38820710535073566,1006867000.0,0.313776613414933,2026-06-30,-1054404000.0,5.84,0.29490022172949004,8.3488,False,False,Financial Services,Capital Markets,27857446912.0,,0.0243,,,
LPTH,2.0,2025-12-26,2026-09-11,38,9.68,16.98,9.02,1.88,0.19,0.02,True,0.1113,0.1701,0.526,0.1247,0.08,False,-0.083,43.6,0,37,0.1228,0.1184,1.1,1.02,0.89,0.03,False,2026-09-11,5874140.227455699,1.0888517824732618,5874139.138603916,1927876.1151326399,-20545562999696.0,0.3597885741173067,2026-06-30,-9048711444976.0,-0.02,0.717114568599717,0.0,False,False,Technology,Electronic Components,643660032.0,,0.1544,,,
LPX,2.0,2023-11-17,2026-09-11,148,65.72,117.4,58.83,2.0,-0.03,-0.22,False,0.1139,0.1554,0.682,0.0544,0.12,True,0.021,39.8,2,147,0.0226,0.0329,0.2,1.05,2.09,0.01,False,2026-09-11,-0.1205298013245033,-0.20718232044198892,0.08665251911748562,-0.14335300242971194,54000000.0,0.1746987951807229,2026-06-30,-19000000.0,0.4,-0.5959595959595959,-31.0345,False,False,Industrials,Building Products & Equipment,4705146368.0,,0.1091,,,
LRMR,2.0,2025-06-27,2026-09-11,64,3.85,5.31,2.97,1.79,0.12,-0.77,False,0.0951,0.1415,0.578,0.1291,0.38,False,-0.045,48.9,1,29,0.0412,0.0494,0.43,0.73,0.74,0.0,True,2026-09-11,,,,-1.0,-172605000.0,,2026-06-30,-156077000.0,-0.3,0.26829268292682923,23.0769,False,False,Healthcare,Biotechnology,407221120.0,,0.204,,,
LRN,1.5,2026-01-09,2026-09-11,36,81.45,100.01,69.71,1.43,0.19,-0.58,True,0.0356,0.0772,0.778,0.0921,0.39,False,-0.072,42.8,0,34,0.0224,0.026,0.63,0.87,0.39,0.0,False,2026-09-11,-0.026901370311498418,0.026895411623539145,-0.05379678193503756,0.046880703507810706,338192000.0,0.34160295442432587,2026-06-30,354968000.0,2.12,-0.07423580786026197,12.1693,False,True,Consumer Defensive,Education & Training Services,3407907328.0,,0.2593,,,
LSPD,1.5,2025-11-14,2026-09-11,44,9.76,12.38,8.47,1.46,-0.38,-0.6,False,0.0779,0.1105,0.455,0.0632,0.33,True,0.125,46.5,2,22,0.0148,0.0202,0.19,0.99,1.23,0.02,False,2026-09-11,0.058247142079477454,0.1474869682225879,-0.08923982614311043,0.11574228024777788,-97266000.0,0.42936870940552335,2026-06-30,38151313.0,0.04,-0.3333333333333333,0.0,False,False,Technology,Software - Application,1285237888.0,,0.0454,,,
LTM,1.5,2025-11-21,2026-09-11,43,50.68,65.64,44.02,1.49,-0.08,-0.1,True,0.0658,0.0915,0.674,0.0358,0.31,True,0.067,47.7,1,42,0.02,0.0386,0.3,0.81,1.84,0.02,False,2026-09-11,0.2670991024432754,0.2186482933440208,0.04845080909925459,0.20419775900791493,1564335000.0,0.1626960048929379,2026-06-30,1925083890.0,0.58,-0.3894736842105263,314.2857,False,True,Industrials,Airlines,15014837248.0,,0.0117,,,
LTRX,1.5,2025-11-28,2026-09-11,42,5.06,7.55,5.06,1.49,-0.1,-0.23,True,0.0819,0.1002,0.476,0.1013,0.0,False,-0.107,42.9,0,0,0.0437,0.0492,0.53,1.0,0.81,0.02,False,2026-09-11,0.08027324109712541,0.05884210526315781,0.021431135833967607,-0.016465592281346808,-4181000.0,0.4367015471528536,2026-06-30,9265000.0,-0.01,,50.0,False,False,Technology,Communication Equipment,244735824.0,,0.0703,,,
LTRX,2.0,2025-08-29,2026-09-11,55,5.06,7.55,4.45,1.7,0.36,-0.32,True,0.1059,0.1277,0.636,0.0942,0.2,False,-0.107,42.9,0,52,0.0437,0.0492,0.41,1.17,1.12,0.02,False,2026-09-11,0.08027324109712541,0.05884210526315781,0.021431135833967607,-0.016465592281346808,-4181000.0,0.4367015471528536,2026-06-30,9265000.0,-0.01,,50.0,False,False,Technology,Communication Equipment,244735824.0,,0.0703,,,
LUMN,2.0,2025-09-12,2026-09-11,53,6.81,10.99,5.71,1.92,-0.1,-0.4,True,0.1248,0.1641,0.509,0.0991,0.21,False,-0.214,46.9,0,51,0.0535,0.0467,0.43,0.75,1.26,0.02,True,2026-09-11,-0.09282018111254853,-0.08893777498428657,-0.0038824061282619615,-0.07735495945102933,-1024000000.0,0.49554367201426025,2026-06-30,837000000.0,-0.07,-1.3333333333333337,53.3333,False,False,Communication Services,Telecom Services,7158231040.0,,0.0801,,,
LUV,1.5,2025-12-05,2026-09-11,41,38.69,53.54,37.02,1.45,0.08,0.02,True,0.0671,0.1038,0.39,0.0599,0.1,True,0.121,42.4,0,24,0.063,0.0743,0.94,0.66,1.12,0.02,False,2026-09-11,0.1641358365543899,0.12772246421904176,0.03641337233534814,0.0946782178217822,837000000.0,1.7732716708170284,2026-06-30,-621000000.0,0.94,1.186046511627907,80.7692,False,False,Industrials,Airlines,19196530688.0,,0.0761,,,
LUXE,2.0,2024-10-11,2026-09-11,101,7.42,11.1,6.17,1.8,0.04,-0.48,True,0.0804,0.1219,0.782,0.0937,0.25,False,-0.014,43.5,1,95,0.0232,0.024,0.29,0.55,0.86,0.01,False,2026-09-11,1.5503034951424284,1.901181693835908,-0.3508781986934797,1.7286322599941757,444655000.0,0.45488132792427755,2026-03-31,-150092086.0,-0.11,-2.833333333333333,15.3846,False,False,Consumer Cyclical,Luxury Goods,1014363200.0,,0.2253,,,
LVS,2.0,2025-04-25,2026-09-11,73,42.6,66.99,34.73,1.93,0.11,-0.42,False,0.0947,0.145,0.74,0.0494,0.24,False,-0.113,34.4,0,72,0.0217,0.0173,0.23,0.99,1.92,0.01,False,2026-09-11,-0.006614173228346454,0.25262054507337517,-0.2592347183017216,0.18114507102884203,1754000000.0,0.572289156626506,2026-06-30,2788000000.0,0.59,-0.2531645569620254,-23.3766,False,True,Consumer Cyclical,Resorts & Casinos,27741042688.0,,0.1394,,,
LWAY,2.0,2024-08-16,2026-09-11,109,24.83,33.42,17.8,1.88,0.21,-0.34,True,0.0725,0.1245,0.78,0.1382,0.45,True,0.191,45.4,1,25,0.0467,0.0871,0.64,1.5,0.52,0.05,False,2026-09-11,0.24103448915604542,0.36712156386279315,-0.12608707470674774,0.2558685324394756,10871000.0,0.1947288954001166,2026-06-30,-31136000.0,0.01,-0.9642857142857143,-96.2963,False,False,Consumer Defensive,Packaged Foods,371777056.0,,0.0701,,,
LYB,1.5,2026-02-06,2026-09-11,32,64.3,78.8,52.81,1.49,-0.15,-0.4,False,0.08,0.1091,0.594,0.0556,0.44,False,-0.142,53.7,0,10,0.0225,0.0639,0.28,0.77,1.44,0.0,True,2026-09-11,0.19835466179159056,-0.06252442360296995,0.2608790853945605,-0.06711329106352437,-348000000.0,0.2220769314590825,2026-06-30,3456000000.0,4.3,5.935483870967741,20.7865,False,False,Basic Materials,Specialty Chemicals,20574285824.0,,0.0541,,,
LYB,2.0,2024-10-18,2026-09-11,100,64.3,79.31,40.47,1.96,-0.13,-0.54,False,0.138,0.175,0.62,0.0207,0.61,False,-0.142,53.7,2,44,0.0225,0.0639,0.16,1.04,6.67,0.02,False,2026-09-11,0.19835466179159056,-0.06252442360296995,0.2608790853945605,-0.06711329106352437,-348000000.0,0.2220769314590825,2026-06-30,3456000000.0,4.3,5.935483870967741,20.7865,False,False,Basic Materials,Specialty Chemicals,20574285824.0,,0.0541,,,
LYFT,1.5,2026-01-09,2026-09-11,36,15.02,19.21,12.86,1.49,0.09,-0.44,True,0.074,0.1166,0.333,0.0803,0.34,True,0.156,46.5,1,24,0.0293,0.0852,0.4,0.88,0.92,0.06,False,2026-09-11,0.16078814595043522,0.13813326970869655,0.022654876241738675,0.108096870661742,2865671000.0,0.4974782267198396,2026-06-30,1145561999.0,0.13,-0.5666666666666667,-23.5294,False,True,Technology,Software - Application,5799236608.0,,0.1827,,,
LYFT,2.0,2025-04-25,2026-09-11,73,15.02,23.14,12.21,1.9,-0.15,-0.39,True,0.1158,0.1745,0.479,0.0708,0.26,True,0.156,46.5,2,72,0.0293,0.0852,0.25,0.79,1.64,0.04,False,2026-09-11,0.16078814595043522,0.13813326970869655,0.022654876241738675,0.108096870661742,2865671000.0,0.4974782267198396,2026-06-30,1145561999.0,0.13,-0.5666666666666667,-23.5294,False,True,Technology,Software - Application,5799236608.0,,0.1827,,,
LYTS,1.5,2025-07-25,2026-09-11,60,19.59,26.53,17.78,1.49,0.35,-0.18,True,0.1008,0.1139,0.5,0.0546,0.21,True,0.065,40.1,1,58,0.0845,0.0694,0.84,1.33,1.85,0.0,False,2026-09-11,0.5130298516125287,0.1362006627365433,0.3768291888759854,0.2084893534271517,18322000.0,0.25696335792618735,2026-06-30,39006000.0,0.18,-0.4705882352941177,-37.931,False,True,Technology,Electronic Components,746344576.0,,0.0747,,,
LZ,1.5,2026-02-06,2026-09-11,32,5.91,8.05,5.48,1.47,-0.13,-0.59,False,0.0639,0.1054,0.531,0.0704,0.17,True,0.061,43.9,1,24,0.0361,0.0832,0.56,0.96,0.91,0.0,False,2026-09-11,0.0663865066048861,0.12927202228168855,-0.06288551567680245,0.12263359795105422,16854000.0,0.6816244416408088,2026-06-30,149650000.0,0.04,,0.0,False,True,Industrials,Specialty Business Services,1036152192.0,,0.1084,,,
LZB,1.5,2025-02-07,2026-09-11,84,30.86,43.52,29.55,1.47,-0.22,-0.35,False,0.0554,0.0895,0.69,0.0401,0.09,True,0.091,36.2,1,43,0.1027,0.0325,1.85,0.99,1.38,0.02,False,2026-09-11,-0.03360224610902651,-0.0009336610197400175,-0.032668585089286495,0.0019901192077131924,81489000.0,0.4386563490011331,2026-07-31,103117000.0,0.43,-0.08510638297872336,-10.4167,False,True,Consumer Cyclical,"Furnishings, Fixtures & Appliances",1227216896.0,,0.0583,,,
MAA,1.5,2023-11-03,2026-09-11,150,124.48,158.56,107.84,1.47,0.2,-0.44,False,0.069,0.0892,0.673,0.03,0.33,True,0.051,41.2,1,147,0.0162,0.0149,0.23,0.96,2.3,0.01,False,2026-09-11,0.009501693028939773,0.008064883168424908,0.001436809860514865,0.008465767184584694,403218000.0,0.6060000684528045,2026-06-30,569350000.0,2.08,1.3636363636363638,0.0,False,True,Real Estate,REIT - Residential,14890771456.0,,0.0357,,,
MAGN,2.0,2025-04-04,2026-09-11,76,11.56,15.28,8.75,1.75,-0.21,-0.85,False,0.0951,0.1403,0.592,0.0658,0.43,True,0.21,45.2,1,43,0.0228,0.0279,0.24,0.81,1.45,0.0,False,2026-09-11,0.021454112038140627,-0.03398058252427183,0.055434694562412457,0.21760364183617886,-112000000.0,0.1306884480746791,2026-06-30,113000000.0,-0.56,-6.0,-280.6452,False,False,Consumer Defensive,Household & Personal Products,416520000.0,,0.0568,,,
MANH,2.0,2025-01-31,2026-09-11,85,205.02,223.28,120.88,1.85,-0.35,-0.6,True,0.136,0.1548,0.565,0.0496,0.82,True,0.303,62.8,2,22,0.0557,0.1472,0.41,1.38,2.74,0.01,False,2026-09-11,0.09313892834987025,0.0739305977845175,0.01920833056535276,0.06476661504293935,210233000.0,0.5320322101855646,2026-06-30,399191000.0,0.96,-0.267175572519084,5.4945,False,True,Technology,Software - Application,11767109632.0,,0.0619,,,
MARA,2.0,2025-11-14,2026-09-11,44,11.43,14.54,7.92,1.84,0.32,-0.71,False,0.1068,0.1669,0.591,0.0936,0.53,True,0.016,49.4,0,30,0.0337,0.0707,0.32,0.98,1.14,0.0,True,2026-09-11,-0.2667002117533598,-0.1836041966673524,-0.08309601508600739,0.007275710474568209,-3455814000.0,0.7212390139580629,2026-06-30,-1565666000.0,-0.7,-1.360824742268041,-25.0,False,False,Financial Services,Capital Markets,4627865600.0,,0.3261,,,
MAS,1.5,2023-11-17,2026-09-11,148,67.64,82.72,56.44,1.47,0.03,-0.12,True,0.0728,0.0896,0.662,0.0366,0.43,True,0.134,44.6,4,146,0.0194,0.0421,0.27,1.03,1.99,0.03,True,2026-09-11,-0.028766455387615797,0.06496390893947801,-0.09373036432709381,-0.005611379355343837,885000000.0,0.4357429718875502,2026-06-30,1453000000.0,1.64,0.26153846153846144,26.1538,False,True,Industrials,Building Products & Equipment,13511281664.0,,0.0487,,,
MAX,2.0,2024-11-08,2026-09-11,97,11.74,14.12,7.17,1.97,0.08,-0.68,False,0.1129,0.1454,0.66,0.0819,0.66,True,0.384,51.3,2,30,0.0302,0.0379,0.27,1.4,1.38,0.02,False,2026-09-11,0.25932947039607024,0.1728847674502192,0.08644470294585105,0.13836045335554492,97218000.0,0.14256094674556213,2026-06-30,56282000.0,0.65,0.4772727272727273,209.5238,False,True,Communication Services,Internet Content & Information,617167040.0,,0.1045,,,
MAZE,2.0,2026-03-20,2026-09-11,26,24.82,48.03,24.05,2.0,-0.18,-0.52,,0.0508,0.1566,0.115,0.1235,0.03,False,-0.013,40.9,1,13,0.0273,0.035,0.54,0.73,0.41,0.0,False,2026-09-11,,inf,,7.0,-133590000.0,,2026-06-30,-106840000.0,-0.76,0.012987012987012998,0.0,False,False,Healthcare,Biotechnology,1366509568.0,,0.12,,,
MBC,1.5,2026-02-27,2026-09-11,29,7.43,10.12,7.0,1.45,0.04,-0.64,False,0.0484,0.0847,0.655,0.0637,0.14,True,0.067,37.9,0,17,0.0502,0.0475,1.04,0.81,0.76,0.03,False,2026-09-11,0.11533725543850037,-0.06406179009541113,0.1793990455339115,-0.00010803024846961495,-96900000.0,0.2520853778213935,2026-06-30,74400000.0,0.05,-0.875,-28.5714,False,False,Consumer Cyclical,"Furnishings, Fixtures & Appliances",1511934336.0,,0.0924,,,
MBI,2.0,2025-04-18,2026-09-11,74,4.61,7.96,4.27,1.86,0.12,-0.41,False,0.1566,0.181,0.486,0.0902,0.09,False,-0.059,32.4,1,65,0.038,0.0948,0.24,1.44,1.74,0.0,False,2026-09-11,0.17391304347826098,0.7142857142857142,-0.5403726708074532,-0.08737864077669899,-145000000.0,0.2962962962962963,2026-06-30,43000000.0,-0.14,0.1764705882352941,-180.0,False,False,Financial Services,Insurance - Specialty,236716288.0,,0.0617,,,
MBIN,2.0,2023-10-27,2026-09-11,151,52.98,55.18,28.52,1.93,0.22,-0.09,True,0.1245,0.1618,0.596,0.0465,0.92,True,0.119,61.6,6,150,0.0177,0.0475,0.14,1.32,2.68,0.0,False,2026-09-11,-0.1686705094462836,0.02260890876784516,-0.19127941821412875,-0.06350903568141131,268585000.0,0.4642944584999592,2026-06-30,-569279000.0,1.48,1.4666666666666668,21.3115,False,False,Financial Services,Banks - Regional,2441608704.0,,0.0717,,,
MC,1.5,2025-05-02,2026-09-11,72,64.25,75.25,50.73,1.48,0.22,-0.31,True,0.0476,0.0906,0.653,0.0507,0.55,True,0.065,47.3,2,26,0.0155,0.0265,0.33,0.86,0.94,0.01,False,2026-09-11,0.12045399807321777,0.04301141904740158,0.0774425790258162,0.13691499036074428,228257000.0,0.9893328317704275,2026-06-30,435523000.0,0.63,0.18867924528301883,1.6129,False,True,Financial Services,Capital Markets,4743399936.0,,0.0801,,,
MDGL,1.5,2025-08-22,2026-09-11,56,533.12,598.91,414.68,1.44,0.36,0.12,True,0.0668,0.1022,0.589,0.096,0.64,True,0.03,54.9,1,55,0.0296,0.0293,0.44,0.87,0.7,0.0,False,2026-09-11,0.7116944389620399,1.2683934426229508,-0.556699003660911,1.4904421905277307,-325095000.0,0.8901666977806574,2026-06-30,-206285000.0,-1.99,-0.04736842105263162,21.9608,False,False,Healthcare,Biotechnology,12348923904.0,,0.114,,,
MDGL,2.0,2025-08-01,2026-09-11,59,533.12,598.91,302.17,1.98,0.36,-0.14,True,0.0766,0.1244,0.661,0.0963,0.78,True,0.03,54.9,1,58,0.0296,0.0293,0.39,0.87,0.8,0.0,False,2026-09-11,0.7116944389620399,1.2683934426229508,-0.556699003660911,1.4904421905277307,-325095000.0,0.8901666977806574,2026-06-30,-206285000.0,-1.99,-0.04736842105263162,21.9608,False,False,Healthcare,Biotechnology,12348923904.0,,0.114,,,
MDWD,2.0,2024-01-05,2026-09-11,141,13.71,21.96,11.47,1.91,0.01,-0.47,False,0.0649,0.1224,0.801,0.0742,0.21,False,-0.13,41.0,1,140,0.0334,0.0365,0.51,0.82,0.87,0.01,False,2026-09-11,-0.4583041345480028,-0.6270543615676358,0.16875022701963305,-0.4026085204955182,-20179000.0,0.10899094437257438,2026-06-30,-28385250.0,-0.77,0.37398373983739835,-1.3158,False,False,Healthcare,Biotechnology,169253744.0,,0.144,,,
MDXG,1.5,2026-02-27,2026-09-11,29,4.6,4.89,3.42,1.43,0.25,-0.65,False,0.0835,0.0961,0.552,0.0487,0.8,True,0.143,56.3,0,21,0.0346,0.0375,0.41,0.92,1.71,0.0,False,2026-09-11,-0.3472744789817961,-0.33120571396179355,-0.01606876502000254,-0.02364380082138906,6237000.0,0.6895528417389143,2026-06-30,40576000.0,-0.05,-1.5000000000000002,-66.6667,False,True,Healthcare,Biotechnology,666919808.0,,0.0815,,,
MEDP,2.0,2025-06-27,2026-09-11,64,583.16,620.75,310.69,2.0,0.32,-0.3,True,0.1327,0.1559,0.562,0.049,0.88,True,0.251,58.4,0,63,0.017,0.0383,0.13,0.82,2.71,0.02,False,2026-09-11,0.17241522199993042,0.26502318420251725,-0.09260796220258682,0.24666377212520718,491500000.0,0.2850673871214467,2026-06-30,733506000.0,4.25,0.3709677419354838,4.1667,False,True,Healthcare,Diagnostics & Research,16398656512.0,,0.0747,,,
MELI,2.0,2023-11-03,2026-09-11,150,1906.24,2584.92,1356.43,1.91,0.29,-0.17,True,0.113,0.1538,0.607,0.0584,0.45,True,0.084,53.9,2,125,0.0314,0.0334,0.28,1.03,1.93,0.0,False,2026-09-11,0.4976435935198822,0.49031171019376574,0.007331883326116451,0.46007636122177953,1863000000.0,0.40898810109155276,2026-06-30,12459989680.0,9.19,-0.10863239573229883,5.7537,False,True,Consumer Cyclical,Internet Retail,96190586880.0,,0.0163,,,
MESO,1.5,2026-01-16,2026-09-11,35,15.5,18.38,13.19,1.39,-0.14,-0.37,True,0.0619,0.0781,0.6,0.0974,0.45,True,0.044,49.2,1,11,0.0536,0.0729,0.87,1.01,0.64,0.06,False,2026-09-11,3.983788206808147,3.90727816550349,0.07651004130465733,6.0233269566228635,-57500000.0,1.409596967829919,2026-06-30,-42357500.0,0.0,1.0,100.0,False,False,Healthcare,Biotechnology,2010153472.0,,0.0333,,,
MESO,2.0,2025-06-27,2026-09-11,64,15.5,20.96,10.68,1.96,0.04,-0.47,True,0.0743,0.1186,0.875,0.1113,0.47,True,0.044,49.2,1,62,0.0536,0.0729,0.72,1.01,0.67,0.03,False,2026-09-11,3.983788206808147,3.90727816550349,0.07651004130465733,6.0233269566228635,-57500000.0,1.409596967829919,2026-06-30,-42357500.0,0.0,1.0,100.0,False,False,Healthcare,Biotechnology,2010153472.0,,0.0333,,,
MET,1.5,2024-07-12,2026-09-11,114,96.78,97.77,66.15,1.48,0.38,-0.05,True,0.0364,0.0896,0.711,0.0256,0.97,True,0.21,67.3,1,110,0.011,0.0345,0.3,1.19,1.42,0.02,False,2026-09-11,0.09903353516534708,0.04440672397744083,0.05462681118790624,0.08962688945231867,3626000000.0,0.14758701064787838,2026-06-30,16571000000.0,2.43,0.20297029702970304,5.6522,False,True,Financial Services,Insurance - Life,61730230272.0,,0.0187,,,
MFA,1.5,2023-11-17,2026-09-11,148,8.56,10.01,6.76,1.48,0.4,-0.31,True,0.059,0.0776,0.777,0.0494,0.55,False,-0.018,38.4,5,74,0.0138,0.0273,0.23,1.18,1.19,0.03,False,2026-09-11,0.31255142961304094,2.0667272751580947,-1.7541758455450538,0.9236784749508842,148237000.0,0.9576784658543069,2026-06-30,252214000.0,0.33,0.5714285714285715,32.0,False,True,Real Estate,REIT - Mortgage,865312768.0,,0.0465,,,
MGEE,1.5,2024-03-08,2026-09-11,132,76.44,100.33,71.0,1.41,-0.11,-0.09,False,0.0545,0.0759,0.629,0.0313,0.19,True,0.044,45.4,0,126,0.0213,0.0238,0.39,1.02,1.74,0.04,False,2026-09-11,0.010931189323432733,0.10838471023427876,-0.09745352091084603,0.07073896343814767,149633000.0,0.8262663233971277,2026-06-30,-164264000.0,0.89,0.2361111111111112,15.5844,False,False,Utilities,Utilities - Regulated Electric,2886853888.0,,0.0631,,,
MGY,1.5,2025-12-26,2026-09-11,38,27.7,31.94,21.3,1.5,0.18,-0.23,True,0.0592,0.0908,0.711,0.0421,0.6,False,-0.093,53.8,0,37,0.0346,0.0272,0.58,1.18,1.41,0.0,False,2026-09-11,0.5010643267153843,0.02343990864972878,0.4776244180656555,0.11351103252384265,425810000.0,0.815442836526312,2026-06-30,525698000.0,0.99,1.3571428571428574,10.0,False,True,Energy,Oil & Gas E&P,6729154560.0,,0.1244,,,
MHK,1.5,2024-11-15,2026-09-11,96,124.24,140.33,96.21,1.46,-0.1,-0.4,True,0.0754,0.1005,0.594,0.0639,0.64,True,0.21,53.5,2,25,0.0455,0.0855,0.6,1.41,1.18,0.03,False,2026-09-11,0.06755647550051758,0.08033098424261631,-0.012774508742098734,0.04618077329864012,464100000.0,0.2657952798020993,2026-06-30,811500000.0,3.67,0.3249097472924187,42.8016,False,True,Consumer Cyclical,"Furnishings, Fixtures & Appliances",8588519424.0,,0.112,,,
MHK,2.0,2023-11-03,2026-09-11,150,124.24,161.05,80.66,2.0,-0.01,-0.56,True,0.0843,0.1399,0.813,0.0579,0.54,True,0.21,53.5,3,148,0.0455,0.0855,0.54,1.46,1.46,0.03,False,2026-09-11,0.06755647550051758,0.08033098424261631,-0.012774508742098734,0.04618077329864012,464100000.0,0.2657952798020993,2026-06-30,811500000.0,3.67,0.3249097472924187,42.8016,False,True,Consumer Cyclical,"Furnishings, Fixtures & Appliances",8588519424.0,,0.112,,,
MHO,1.5,2025-06-27,2026-09-11,64,139.1,163.0,112.74,1.45,0.32,-0.35,True,0.0713,0.0862,0.688,0.0588,0.52,True,0.173,46.8,2,63,0.0108,0.0152,0.15,0.91,1.21,0.02,False,2026-09-11,-0.08544184030167079,-0.0540989248637459,-0.03134291543792489,-0.04869313774583439,317361000.0,0.22148810542690486,2026-06-30,201085000.0,3.14,-0.28959276018099545,-0.9464,False,True,Consumer Cyclical,Residential Construction,3536843264.0,,0.0728,,,
MHO,2.0,2023-11-03,2026-09-11,150,139.1,174.24,94.8,1.84,0.16,-0.06,True,0.0905,0.13,0.733,0.0542,0.56,True,0.173,46.8,4,149,0.0108,0.0152,0.12,0.91,1.67,0.03,False,2026-09-11,-0.08544184030167079,-0.0540989248637459,-0.03134291543792489,-0.04869313774583439,317361000.0,0.22148810542690486,2026-06-30,201085000.0,3.14,-0.28959276018099545,-0.9464,False,True,Consumer Cyclical,Residential Construction,3536843264.0,,0.0728,,,
MIAX,2.0,2025-08-15,2026-09-11,57,42.54,56.16,31.12,1.8,0.17,,,0.0385,0.0995,0.877,,0.46,False,-0.062,49.9,1,56,0.0099,0.0096,0.26,1.04,,0.0,False,2026-09-11,0.18257450028067268,0.13028430614197872,0.05229019413869396,0.1681661732035593,142296000.0,0.3640413900920726,2026-06-30,248700000.0,0.48,0.04347826086956513,17.0732,False,True,Financial Services,Capital Markets,4115105280.0,,0.086,,,
MIRM,1.5,2026-01-09,2026-09-11,36,100.61,125.59,86.3,1.46,0.4,0.09,True,0.0568,0.0983,0.556,0.057,0.36,True,0.126,49.9,0,27,0.0171,0.0668,0.3,0.78,1.0,0.06,False,2026-09-11,0.37921508784286106,0.4328269928753865,-0.05361190503252544,0.44017513240951534,-860207000.0,0.827805927043911,2026-06-30,-458168000.0,-0.8,-5.666666666666667,-3.8961,False,False,Healthcare,Biotechnology,6377640960.0,,0.1224,,,
MITT,1.5,2025-05-09,2026-09-11,71,6.6,8.65,5.91,1.46,0.38,-0.09,True,0.0691,0.0866,0.704,0.0442,0.25,False,-0.035,36.2,1,70,0.0199,0.0564,0.29,1.05,1.56,0.01,False,2026-09-11,0.13200607375782014,0.020664844665067683,0.11134122909275246,0.13642326019247064,43953000.0,0.9811306889625553,2026-06-30,79072000.0,0.24,0.3333333333333333,-7.6923,False,True,Real Estate,REIT - Mortgage,208630800.0,,0.0,,,
MKC,1.5,2026-03-06,2026-09-11,28,51.1,63.7,45.93,1.39,-0.05,-0.42,False,0.0348,0.0729,0.607,0.0336,0.29,True,0.052,44.9,1,17,0.0359,0.0227,1.03,0.73,1.04,0.0,False,2026-09-11,0.1669780054233203,0.1671753347866709,-0.0001973293633505957,0.09536097763540363,1628500000.0,0.40183827326241867,2026-05-31,1158000000.0,0.8,0.15942028985507262,15.942,False,True,Consumer Defensive,Packaged Foods,13797462016.0,,0.0183,,,
MLKN,2.0,2024-08-30,2026-09-11,107,20.8,27.28,13.72,1.99,-0.23,-0.51,True,0.1317,0.1575,0.636,0.0589,0.52,True,0.379,53.1,2,44,0.0284,0.0504,0.22,1.17,2.24,0.03,False,2026-09-11,0.04408400914951138,0.05752111390093595,-0.013437104751424567,0.046813264666612175,91500000.0,0.3951404102768373,2026-05-31,138900000.0,0.55,-0.08333333333333323,5.7692,False,True,Consumer Cyclical,"Furnishings, Fixtures & Appliances",1456453632.0,,0.0812,,,
MLM,1.5,2025-03-14,2026-09-11,79,502.47,687.06,466.76,1.47,0.22,-0.24,False,0.0563,0.0887,0.772,0.0347,0.16,False,-0.051,33.9,0,75,0.0286,0.0427,0.51,1.21,1.62,0.01,False,2026-09-11,0.07509663169519598,0.006651884700665134,0.06844474699453085,0.0007480550568521593,2462000000.0,0.2542372881355932,2026-06-30,810000000.0,5.0,-0.0791896869244935,8.2251,False,True,Basic Materials,Building Materials,36217044992.0,,0.0426,,,
MLR,2.0,2023-11-10,2026-09-11,149,54.51,72.59,36.51,1.99,-0.13,-0.05,True,0.1473,0.1917,0.409,0.0351,0.5,True,0.13,62.5,1,42,0.0254,0.0597,0.17,1.47,4.2,0.01,False,2026-09-11,0.12129494655004858,-0.19848349885442562,0.3197784454044742,-0.2102420324206009,14316000.0,0.1497377006829366,2026-06-30,112729000.0,0.63,-0.13698630136986298,53.6585,False,True,Consumer Cyclical,Auto Parts,621191552.0,,0.0466,,,
MLYS,1.5,2026-01-09,2026-09-11,36,29.3,33.37,23.62,1.41,-0.39,-0.46,True,0.0661,0.0917,0.639,0.193,0.58,False,-0.016,54.5,1,13,0.0237,0.0401,0.36,0.66,0.34,0.03,False,2026-09-11,,,,-1.0,-349576000.0,,2026-06-30,-138801999.0,-2.85,-3.318181818181818,-400.0,False,False,Healthcare,Biotechnology,2493074432.0,,0.1264,,,
MMI,1.5,2025-02-21,2026-09-11,82,31.07,37.55,25.42,1.48,-0.24,-0.4,False,0.0595,0.087,0.634,0.047,0.47,True,0.119,54.9,1,26,0.0197,0.0153,0.33,0.83,1.27,0.0,False,2026-09-11,0.17784833639044328,0.18222121099298105,-0.0043728746025377685,0.1189153371731484,14357000.0,0.3757681787940763,2026-06-30,93830000.0,0.1,1.357142857142857,233.3333,True,True,Real Estate,Real Estate Services,1184226304.0,,0.0728,,,
MMSI,1.5,2025-09-12,2026-09-11,53,86.47,90.78,61.27,1.48,-0.31,-0.44,True,0.074,0.1162,0.377,0.0321,0.85,True,0.234,63.4,0,18,0.0162,0.0679,0.22,1.16,2.31,0.06,False,2026-09-11,0.09658256382329755,0.07774391104337774,0.018838652779919807,0.10332037063172561,145559000.0,0.513715162960823,2026-06-30,203503000.0,1.09,0.07920792079207928,28.2353,False,True,Healthcare,Medical Instruments & Supplies,5156592128.0,,0.0819,,,
MMYT,2.0,2026-01-23,2026-09-11,34,49.08,62.6,36.3,1.72,0.15,-0.7,False,0.1127,0.1428,0.5,0.0615,0.49,True,0.268,42.9,1,24,0.0414,0.0537,0.37,0.52,1.83,0.03,False,2026-09-11,0.06224009284125476,0.018960164913510047,0.04327992792774471,0.06856405446762892,34230000.0,0.7105004219497932,2026-06-30,152877000.0,0.48,0.14285714285714285,140.0,False,True,Consumer Cyclical,Travel Services,4711398400.0,,0.1402,,,
MNDY,2.0,2026-01-30,2026-09-11,33,85.17,114.75,58.81,1.95,0.18,-0.82,False,0.0779,0.1418,0.636,0.0858,0.47,True,0.165,46.3,0,22,0.0333,0.0693,0.43,0.99,0.91,0.0,False,2026-09-11,0.21941113125137957,0.24451727192205497,-0.025106140670675403,0.24210990329382676,121238000.0,0.882999059297188,2026-06-30,298488840.0,0.75,-0.31192660550458723,120.5882,False,True,Technology,Software - Application,3671084544.0,,0.1634,,,
MNR,1.5,2024-08-30,2026-09-11,107,12.57,14.49,9.68,1.5,-0.03,-0.34,True,0.0445,0.0836,0.757,0.0379,0.6,False,-0.018,51.2,2,35,0.0055,0.0111,0.12,0.97,1.17,0.02,False,2026-09-11,0.407040139749131,0.6881746983701404,-0.28113455862100944,0.4405804940323972,243596000.0,0.9866931063787858,2026-06-30,159579000.0,0.38,-0.5,11.7647,False,True,Energy,Oil & Gas E&P,2098537472.0,,0.0192,,,
MNR,2.0,2023-10-27,2026-09-11,151,12.57,14.73,9.68,1.52,-0.15,,True,0.0611,0.0939,0.682,,0.57,False,-0.018,51.2,2,35,0.0055,0.0111,0.09,1.11,,0.03,False,2026-09-11,0.407040139749131,0.6881746983701404,-0.28113455862100944,0.4405804940323972,243596000.0,0.9866931063787858,2026-06-30,159579000.0,0.38,-0.5,11.7647,False,True,Energy,Oil & Gas E&P,2098537472.0,,0.0192,,,
MNTN,2.0,2025-11-07,2026-09-11,45,11.67,14.39,7.78,1.85,-0.3,-0.73,,0.1471,0.1737,0.467,0.1157,0.59,True,0.2,52.1,2,17,0.0761,0.1611,0.52,1.38,1.27,0.0,False,2026-09-11,0.20562372188139055,0.1420045882936507,0.06361913358773985,0.20553189360973567,56395000.0,0.8032276433599477,2026-06-30,70030000.0,0.11,0.5714285714285713,-50.0,False,True,Technology,Software - Application,884921408.0,,0.093,,,
MOD,2.0,2026-01-30,2026-09-11,33,179.26,297.37,177.63,1.67,-0.03,0.09,True,0.1301,0.1446,0.515,0.0876,0.01,False,-0.126,40.9,0,2,0.0439,0.1025,0.34,0.87,1.49,0.0,True,2026-09-11,0.2801698886936146,0.4746600741656366,-0.19449018547202201,0.29468673218673214,144500000.0,0.2082141631392289,2026-06-30,100200000.0,1.53,0.4433962264150943,20.4724,False,True,Consumer Cyclical,Auto Parts,10054236160.0,,0.0632,,,
MOH,2.0,2025-07-04,2026-09-11,63,200.28,239.58,131.72,1.82,0.24,-0.68,False,0.1152,0.1515,0.603,0.0518,0.64,True,0.237,52.8,3,31,0.0081,0.0233,0.07,0.52,2.22,0.02,False,2026-09-11,-0.048394154196201966,-0.03148829281421006,-0.016905861381991905,0.025545343560684497,-7000000.0,1.0,2026-06-30,271000000.0,1.51,-0.7244525547445256,10.219,False,False,Healthcare,Healthcare Plans,10660805632.0,,0.0686,,,
MP,2.0,2025-07-11,2026-09-11,62,51.32,80.79,41.3,1.96,-0.39,0.09,True,0.0796,0.1372,0.774,0.0966,0.25,False,-0.117,46.0,0,7,0.0852,0.0529,1.07,0.73,0.82,0.02,False,2026-09-11,0.8903002108271043,0.490692320342049,0.3996078904850553,0.2612838474119843,-60618000.0,0.33365287123237164,2026-06-30,-504576000.0,-0.05,0.6875,-150.0,False,False,Basic Materials,Other Industrial Metals & Mining,8995910656.0,,0.1961,,,
MPAA,2.0,2025-04-11,2026-09-11,75,10.97,17.38,8.75,1.99,0.12,-0.19,True,0.1178,0.1697,0.613,0.1158,0.26,True,0.171,40.6,1,74,0.0774,0.0858,0.66,0.83,1.02,0.0,False,2026-09-11,-0.10799834363254124,0.09927241656093844,-0.20727076019347968,-0.008207973128168344,-4069000.0,0.16172978377702787,2026-06-30,-3920000.0,-0.71,-6.461538461538461,-1520.0,False,False,Consumer Cyclical,Auto Parts,204667984.0,,0.0845,,,
MPT,1.5,2025-01-24,2026-09-11,86,3.67,5.42,3.67,1.48,0.06,-0.61,False,0.0625,0.0999,0.593,0.0856,0.0,False,-0.094,30.0,2,0,0.0642,0.0486,1.03,0.75,0.73,0.05,False,2026-09-11,0.07873222970639748,0.12630083244339785,-0.047568602737000365,0.10155071267071025,-30185000.0,0.4210650139037268,2026-06-30,226821000.0,0.15,1.9375,-6.25,True,False,Real Estate,REIT - Healthcare Facilities,2173808128.0,,0.3364,,,
MPT,2.0,2024-02-16,2026-09-11,135,3.67,5.5,2.85,1.93,0.39,-0.8,False,0.101,0.1343,0.726,0.0885,0.31,False,-0.094,30.0,3,134,0.0642,0.0486,0.64,0.59,1.14,0.04,True,2026-09-11,0.07873222970639748,0.12630083244339785,-0.047568602737000365,0.10155071267071025,-30185000.0,0.4210650139037268,2026-06-30,226821000.0,0.15,1.9375,-6.25,True,False,Real Estate,REIT - Healthcare Facilities,2173808128.0,,0.3364,,,
MRP,1.5,2025-04-25,2026-09-11,73,29.59,32.02,21.92,1.46,0.35,,,0.0496,0.0779,0.616,,0.76,True,0.054,51.6,1,72,0.0272,0.0309,0.55,0.82,,0.04,False,2026-09-11,0.32113662903853646,1.357118672761131,-1.0359820437225946,103.06978653530378,476063000.0,0.848068599760226,2026-06-30,5225752000.0,0.76,0.11764705882352934,0.0,False,True,Real Estate,REIT - Residential,4929963008.0,,0.0545,,,
MRTN,1.5,2026-03-20,2026-09-11,26,13.92,18.1,12.14,1.49,0.21,-0.32,False,0.08,0.1015,0.577,0.0445,0.3,True,0.038,41.8,0,25,0.0273,0.0717,0.34,0.72,1.8,0.04,False,2026-09-11,-0.027744191508424554,-0.08794902129490212,0.060204829786477565,-0.0686577504799798,12644000.0,0.06602756516643331,2026-06-30,1317000.0,0.07,-0.22222222222222213,0.0,False,True,Industrials,Trucking,1126931072.0,,0.0923,,,
MSA,1.5,2025-04-11,2026-09-11,75,181.27,200.74,141.46,1.42,0.37,-0.25,True,0.0379,0.0698,0.76,0.0331,0.67,True,0.072,54.4,0,73,0.0163,0.0409,0.43,1.05,1.15,0.07,False,2026-09-11,0.061611504357583335,0.10037499406654948,-0.03876348970896615,0.06482214995688884,314009000.0,0.49528437775044853,2026-06-30,354299000.0,2.4,0.24352331606217617,12.1495,False,True,Industrials,Security & Protection Services,7028192256.0,,0.0211,,,
MSB,2.0,2024-12-20,2026-09-11,91,22.48,40.19,20.85,1.93,0.17,-0.04,True,0.1235,0.1582,0.516,0.0495,0.08,False,-0.156,38.1,0,87,0.019,0.0393,0.15,0.6,2.49,0.01,False,2026-09-11,-0.5576129151354037,-0.5256377491212455,-0.031975166014158174,-0.8748887864709383,6486127.0,,2026-07-31,8731414.0,0.0829,-0.7005057803468208,,False,True,Basic Materials,Steel,305040224.0,,0.0094,,,
MSEX,1.5,2023-09-22,2026-09-11,156,57.18,66.13,44.24,1.49,-0.17,-0.59,False,0.0714,0.09,0.673,0.0433,0.59,True,0.095,56.3,5,126,0.0063,0.0189,0.09,1.11,1.65,0.02,False,2026-09-11,0.1426109522940615,0.09961400419855093,0.04299694809551058,0.05264743579923503,47940000.0,0.4293521656582146,2026-06-30,15018000.0,0.79,0.31666666666666676,12.8571,False,True,Utilities,Utilities - Regulated Water,1068263296.0,,0.0513,,,
MSFT,1.5,2023-11-10,2026-09-11,149,492.44,519.34,355.33,1.46,0.38,0.03,True,0.0636,0.1059,0.544,0.036,0.84,True,0.096,60.7,1,24,0.0167,0.1071,0.26,1.22,1.77,0.03,False,2026-09-11,0.17747020577962092,0.18297034224873698,-0.005500136469116068,0.17788686799846665,133749000000.0,0.671969957892164,2026-06-30,66987000000.0,4.74,0.2986301369863015,12.5891,False,True,Technology,Software - Infrastructure,3680323239936.0,,0.01,,,
MSI,1.5,2024-03-15,2026-09-11,131,463.88,495.19,331.71,1.49,0.27,0.02,True,0.0772,0.095,0.618,0.027,0.81,True,0.05,59.1,2,125,0.0178,0.0706,0.23,1.05,2.86,0.05,False,2026-09-11,0.13309222423146472,0.07357594936708867,0.05951627486437605,0.10293852532900671,2134000000.0,0.5355888924353654,2026-06-30,2677000000.0,3.93,0.25559105431309914,14.5773,False,True,Technology,Communication Equipment,77146587136.0,,0.023,,,
MTAL,1.5,2025-04-11,2026-09-11,49,10.2,12.41,8.37,1.48,-0.19,-0.44,False,0.0588,0.1048,0.531,0.0682,0.45,False,-0.051,38.1,1,48,0.0015,0.002,0.03,0.1,0.86,0.29,False,2026-09-11,-1.0,-1.0,0.0,-0.5209546393688955,-74757543.0,,2026-06-30,28710160.0,0.0696,0.7399999999999999,,False,False,Financial Services,Shell Companies,391000032.0,,0.0099,,,
MTB-P-J,1.5,2024-05-10,2026-09-11,123,25.64,27.91,25.08,1.11,-0.12,,False,0.0135,0.0212,0.805,,0.2,True,0.0,40.4,2,122,0.0101,0.0058,0.75,0.84,,0.05,False,2026-09-11,,,,,,,,,,,,,,,,,,,,,
MTB-P-J,2.0,2024-05-10,2026-09-11,123,25.64,27.91,25.08,1.11,-0.12,,False,0.0135,0.0212,0.805,,0.2,True,0.0,40.4,2,122,0.0101,0.0058,0.75,0.84,,0.05,False,2026-09-11,,,,,,,,,,,,,,,,,,,,,
MTD,1.5,2024-05-24,2026-09-11,121,1280.58,1485.12,1004.96,1.48,-0.12,-0.37,False,0.0719,0.0891,0.562,0.0447,0.57,True,0.109,47.5,1,73,0.0196,0.0478,0.27,1.23,1.61,0.01,False,2026-09-11,0.04484546200701578,0.07172099612557492,-0.02687553411855914,0.06911657110965197,905611000.0,0.6329301459923645,2026-06-30,863969000.0,11.46,0.13577799801783955,6.308,False,True,Healthcare,Diagnostics & Research,25917691904.0,,0.0364,,,
MTDR,1.5,2026-01-30,2026-09-11,33,61.62,64.51,44.25,1.46,0.11,-0.33,True,0.074,0.0915,0.667,0.0594,0.86,False,-0.079,62.2,0,32,0.0793,0.0444,1.07,1.09,1.25,0.03,True,2026-09-11,0.2816465336758571,-0.06417286092948227,0.3458193946053394,0.03204915508726036,723691000.0,0.8756684131383219,2026-06-30,625842000.0,2.61,0.7058823529411764,27.3171,False,True,Energy,Oil & Gas E&P,7555194880.0,,0.1172,,,
MTH,1.5,2024-12-06,2026-09-11,93,61.95,86.49,58.37,1.48,-0.05,-0.41,False,0.0603,0.0818,0.72,0.0563,0.13,True,0.135,40.0,2,25,0.023,0.0331,0.38,0.73,1.07,0.03,False,2026-09-11,-0.09923160796639674,-0.17670948485534665,0.07747787688894991,-0.122502634224814,329267000.0,0.22306356515385792,2026-06-30,414705000.0,1.42,-0.303921568627451,9.2308,False,True,Consumer Cyclical,Residential Construction,4185480192.0,,0.0999,,,
MTRX,1.5,2025-08-29,2026-09-11,55,10.36,15.13,10.12,1.5,-0.27,-0.34,False,0.0517,0.0962,0.673,0.0714,0.05,False,-0.033,35.9,1,25,0.0507,0.0521,0.98,0.85,0.72,0.04,False,2026-09-11,0.13011549286661706,0.032713665499273015,0.09740182736734404,0.13564006104361703,-2580000.0,0.07967088017470178,2026-06-30,1424000.0,0.16,1.5714285714285714,-5.8824,True,False,Industrials,Engineering & Construction,300177248.0,,0.0438,,,
MTUS,2.0,2024-06-07,2026-09-11,119,19.19,22.31,11.59,1.92,0.29,-0.52,True,0.1135,0.1522,0.664,0.044,0.71,True,0.092,49.7,3,75,0.0322,0.0204,0.28,1.25,2.58,0.03,False,2026-09-11,0.11950098489822714,0.09910873440285206,0.020392250495375075,0.1611892097264438,8100000.0,0.1,2026-06-30,-97600000.0,0.26,0.3,0.0,False,False,Basic Materials,Steel,797484224.0,,0.0649,,,
MUX,2.0,2025-09-19,2026-09-11,52,19.55,28.35,14.52,1.95,0.07,0.05,True,0.0938,0.1537,0.692,0.07,0.36,False,-0.132,49.3,0,51,0.0452,0.054,0.48,0.84,1.34,0.0,False,2026-09-11,0.26839400428265514,1.0744341102644555,-0.8060401059818003,0.4773234068110055,80649000.0,0.33899449640409224,2026-06-30,3890000.0,0.14,-0.26315789473684204,-44.0,False,True,Basic Materials,Other Precious Metals & Mining,1166723968.0,,0.2263,,,
MWA,1.5,2024-09-20,2026-09-11,104,23.69,29.97,20.62,1.45,0.39,-0.02,True,0.0426,0.0772,0.769,0.0419,0.33,False,-0.061,38.6,2,103,0.0232,0.0231,0.54,0.8,1.02,0.0,False,2026-09-11,0.04102024717328434,0.05517430688992597,-0.014154059716641632,0.05883616061842378,222200000.0,0.39353372063652436,2026-06-30,179600000.0,0.5,0.47058823529411753,28.2051,False,True,Industrials,Specialty Industrial Machinery,3737648896.0,,0.0522,,,
MWH,2.0,2026-02-13,2026-09-11,31,24.5,43.44,24.5,1.77,-0.24,,,0.0866,0.1551,0.452,,0.0,False,-0.17,32.7,0,0,0.0493,0.0711,0.57,1.02,,0.0,False,2026-09-11,0.7748660327790549,0.6594580810941357,0.11540795168491913,,87372000.0,0.12758674702468245,2026-06-30,291990000.0,0.3,,15.3846,False,True,Utilities,Utilities - Renewable,5262054912.0,,0.1947,,,
NAMS,2.0,2025-07-11,2026-09-11,62,21.86,41.3,21.28,1.94,0.09,-0.18,True,0.1171,0.1582,0.661,0.1026,0.03,False,-0.109,33.5,1,58,0.0376,0.0737,0.32,1.12,1.14,0.02,False,2026-09-11,-0.8066858187516323,0.02081934184016121,-0.8275051605917935,-0.8887448051745149,-259504000.0,1.0,2026-06-30,-143722000.0,-0.52,-3.0,-8.3333,False,False,Healthcare,Biotechnology,2665410560.0,,0.1311,,,
NAVI,1.5,2026-01-23,2026-09-11,34,9.15,11.41,7.65,1.49,-0.01,-0.51,False,0.0544,0.0879,0.353,0.0441,0.4,True,0.078,52.8,1,22,0.0234,0.054,0.43,1.08,1.23,0.0,True,2026-09-11,-0.15384615384615385,-0.16062801932367154,0.00678186547751769,-0.1875,-49000000.0,0.9604105571847508,2026-06-30,340000000.0,0.29,0.44999999999999984,52.6316,False,False,Financial Services,Credit Services,883443648.0,,0.2723,,,
NBHC,1.5,2024-05-03,2026-09-11,124,41.57,46.65,32.26,1.45,0.25,-0.26,True,0.0636,0.0846,0.677,0.0379,0.65,True,0.054,49.2,2,123,0.0158,0.0264,0.25,1.47,1.68,0.02,True,2026-09-11,-0.13236474445306012,0.228056795806872,-0.3604215402599321,0.00837938845994124,98604000.0,1.0,2026-06-30,127047000.0,0.78,-0.1136363636363636,-6.0241,False,True,Financial Services,Banks - Regional,1859971456.0,,0.0451,,,
NBR,1.5,2026-02-20,2026-09-11,30,90.6,105.41,76.59,1.38,0.28,-0.25,True,0.0732,0.0963,0.433,0.0951,0.49,False,-0.062,55.4,1,26,0.0283,0.0476,0.39,0.71,0.77,0.03,False,2026-09-11,-0.01904686426797697,0.0643342850855626,-0.08338114935353957,0.06124038886054839,209793000.0,0.43529524093981586,2026-06-30,39653000.0,-2.04,0.24723247232472323,-32.4675,False,True,Energy,Oil & Gas Drilling,1376357376.0,,0.0719,,,
NBTB,1.5,2024-07-12,2026-09-11,114,51.62,53.14,36.74,1.45,0.27,-0.12,True,0.056,0.0858,0.632,0.0397,0.91,True,0.16,63.0,1,74,0.0056,0.0109,0.1,1.51,1.41,0.02,False,2026-09-11,0.05119185786983316,0.1569854421288588,-0.10579358425902563,0.14421767554684584,214152000.0,0.7667227204783259,2026-06-30,245608000.0,1.01,1.2954545454545456,-0.9804,False,True,Financial Services,Banks - Regional,2687893760.0,,0.0562,,,
NBTX,2.0,2026-02-27,2026-09-11,29,37.6,51.5,29.03,1.77,0.38,0.13,True,0.0745,0.131,0.655,0.1147,0.38,True,0.068,52.7,0,25,0.0177,0.0205,0.24,1.75,0.65,0.0,False,2026-09-11,,,,,,,2025-12-31,-54365000.0,0.0,,100.0,False,,Healthcare,Biotechnology,1880527744.0,,0.004,,,
NCDL,1.5,2024-01-26,2026-09-11,138,12.07,14.64,11.81,1.24,-0.14,,False,0.0324,0.0472,0.71,,0.09,False,-0.041,44.0,2,131,0.015,0.02,0.46,0.76,,0.05,False,2026-09-11,-0.13418337958841708,-0.4647669167319822,0.33058353714356514,-0.2941683321776727,46858000.0,0.813359944358765,2026-06-30,113102000.0,0.41,-0.10869565217391314,7.8947,False,True,Financial Services,Asset Management,600052800.0,,0.0123,,,
NCDL,2.0,2024-01-26,2026-09-11,138,12.07,14.64,11.81,1.24,-0.14,,False,0.0324,0.0472,0.71,,0.09,False,-0.041,44.0,2,131,0.015,0.02,0.46,0.76,,0.05,False,2026-09-11,-0.13418337958841708,-0.4647669167319822,0.33058353714356514,-0.2941683321776727,46858000.0,0.813359944358765,2026-06-30,113102000.0,0.41,-0.10869565217391314,7.8947,False,True,Financial Services,Asset Management,600052800.0,,0.0123,,,
NCLH,1.5,2026-03-06,2026-09-11,28,14.57,21.24,14.57,1.46,-0.28,-0.49,False,0.0336,0.0874,0.643,0.0666,0.0,True,0.003,33.3,0,0,0.0727,0.0374,2.16,0.62,0.5,0.0,False,2026-09-11,0.048876721600859874,0.09572875505334055,-0.04685203345248068,0.0620555770665685,760768000.0,0.39906019365706463,2026-06-30,-1151852000.0,0.43,-0.15686274509803924,26.4706,False,False,Consumer Cyclical,Travel Services,6805163520.0,,0.2133,,,
NCLH,2.0,2023-11-17,2026-09-11,148,14.57,28.35,14.37,1.97,0.12,-0.38,False,0.118,0.1689,0.574,0.0715,0.01,True,0.003,33.3,1,146,0.0727,0.0374,0.62,0.84,1.65,0.0,False,2026-09-11,0.048876721600859874,0.09572875505334055,-0.04685203345248068,0.0620555770665685,760768000.0,0.39906019365706463,2026-06-30,-1151852000.0,0.43,-0.15686274509803924,26.4706,False,False,Consumer Cyclical,Travel Services,6805163520.0,,0.2133,,,
NE,1.5,2026-02-06,2026-09-11,32,45.74,51.79,37.59,1.38,-0.15,-0.13,True,0.0565,0.0816,0.594,0.0658,0.57,False,-0.119,57.1,0,10,0.0179,0.0637,0.32,0.78,0.86,0.0,False,2026-09-11,-0.15196334893454566,-0.1015418182317176,-0.050421530702828066,-0.11104571998670543,149583000.0,0.3798576605417903,2026-06-30,283921000.0,0.01,-0.9230769230769231,-92.3077,False,True,Energy,Oil & Gas Drilling,7228599808.0,,0.0,,,
NEM,1.5,2025-11-28,2026-09-11,42,126.14,131.31,89.18,1.47,0.16,-0.01,True,0.0834,0.1092,0.548,0.0563,0.88,False,-0.004,61.5,0,40,0.063,0.1021,0.76,0.92,1.48,0.0,False,2026-09-11,-0.34521327014218006,0.47464586327242864,-0.8198591334146087,0.15145027272263856,8597000000.0,0.3969310943833237,2026-06-30,12768000000.0,2.1,0.46853146853146865,2.439,False,True,Basic Materials,Gold,133618712576.0,,0.0188,,,
NEOG,1.5,2026-01-09,2026-09-11,36,11.77,12.04,8.19,1.47,0.37,-0.55,False,0.0654,0.1113,0.5,0.0855,0.93,True,0.19,63.6,0,17,0.0149,0.0497,0.23,0.85,0.76,0.0,True,2026-09-11,-0.0007052280015434897,-0.04425739885962532,0.04355217085808183,-0.027139888739980855,-7886000.0,0.47847314691522413,2026-05-31,31900000.0,0.08,0.6,166.6667,False,False,Healthcare,Medical Devices,2569288704.0,,0.0648,,,
NEXN,2.0,2024-07-05,2026-09-11,115,9.2,11.62,5.9,1.97,-0.0,-0.46,True,0.1512,0.1794,0.591,0.0735,0.58,True,0.298,52.6,0,31,0.0317,0.0468,0.21,2.1,2.06,0.02,False,2026-09-11,0.1052249637155298,0.10866845397676506,-0.003443490261235249,0.02990213748096826,13069000.0,0.6364432240991663,2026-06-30,88812530.0,0.17,-0.4137931034482758,70.0,False,True,Communication Services,Advertising Agencies,521675104.0,,0.0477,,,
NEXT,1.5,2026-03-20,2026-09-11,26,7.67,9.12,6.7,1.36,-0.25,-0.44,True,0.0477,0.0759,0.654,0.0975,0.4,False,-0.072,54.0,0,5,0.0266,0.0313,0.56,0.79,0.49,0.0,False,2026-09-11,,,,-1.0,-358594000.0,,2026-06-30,-3853143000.0,-0.69,-1.410901467505241,20.6897,False,False,Energy,Oil & Gas Equipment & Services,2033656704.0,,0.1463,,,
NFG,1.5,2025-01-17,2026-09-11,87,82.33,95.08,65.72,1.45,0.33,0.07,True,0.0419,0.0744,0.793,0.0227,0.57,False,-0.044,50.7,0,86,0.0035,0.0128,0.08,0.79,1.85,0.01,False,2026-09-11,0.010655660643438702,0.1759339680800054,-0.16527830743656668,0.14677259049250457,675276000.0,0.43055496123699294,2026-06-30,222266001.0,1.54,-0.06097560975609748,4.7619,False,True,Energy,Oil & Gas Integrated,7698652672.0,,0.0608,,,
NFLX,2.0,2024-08-16,2026-09-11,109,76.01,132.31,66.58,1.99,-0.03,-0.04,True,0.15,0.1855,0.514,0.049,0.14,False,-0.169,42.1,0,105,0.0354,0.0295,0.24,0.11,3.06,0.02,False,2026-09-11,0.13365374252899542,0.16190725785301274,-0.02825351532401732,0.16016001944490532,13649642000.0,0.5193475477347101,2026-06-30,10994608000.0,0.8,0.11111111111111122,1.2658,False,True,Communication Services,Entertainment,322288943104.0,,0.0221,,,
NICE,1.5,2026-03-13,2026-09-11,27,98.04,118.36,84.68,1.4,-0.27,-0.68,False,0.0662,0.0866,0.593,0.0607,0.4,False,-0.021,46.8,1,12,0.026,0.0253,0.39,1.01,1.09,0.0,False,2026-09-11,0.0949675442265987,0.094747663498012,0.0002198807285866966,0.08535861435063374,426750226.0,0.6404365113323285,2026-06-30,606220950.0,1.95,-0.3521594684385382,-8.4507,False,True,Technology,Software - Application,5753072128.0,,0.0214,,,
NIO,2.0,2025-11-07,2026-09-11,45,3.58,6.86,3.58,1.92,-0.29,-0.61,False,0.0675,0.1346,0.778,0.0812,0.0,False,-0.217,31.8,0,0,0.0411,0.0295,0.61,0.6,0.83,0.0,False,2026-09-11,0.692451847407485,1.1215812171591066,-0.42912936975162164,0.6374129161321271,-4406447082.0,0.18379175229364159,2026-06-30,,-0.04,0.9783783783783784,42.8571,False,,Consumer Cyclical,Auto Manufacturers,9245912064.0,,0.0681,,,
NKLR,2.0,2025-11-07,2026-09-11,45,5.25,7.26,4.01,1.81,0.11,,,0.1206,0.147,0.578,,0.38,False,-0.072,38.5,0,27,0.0559,0.0798,0.46,0.7,,0.0,False,2026-09-11,-1.0,-257.19088359712913,256.19088359712913,-4.8721228116525594,516967000.0,,2026-06-30,-18636090.0,-0.04,-2.142857142857143,20.0,False,False,Utilities,Utilities - Regulated Electric,564659648.0,,0.051,,,
NKTR,2.0,2026-02-13,2026-09-11,31,70.65,91.68,57.32,1.6,-0.12,-0.12,True,0.0391,0.101,0.742,0.305,0.39,False,-0.044,52.3,0,14,0.0238,0.0324,0.61,0.79,0.13,0.03,False,2026-09-11,-0.09342281879194636,0.038336520076481806,-0.13175933886842817,-0.2715055915872635,-157127000.0,1.0,2026-06-30,-234050000.0,-1.23,0.5830508474576271,40.2913,False,False,Healthcare,Biotechnology,2381815296.0,,0.1959,,,
NMIH,1.5,2024-04-26,2026-09-11,125,44.19,45.71,31.11,1.47,0.36,-0.04,True,0.045,0.0768,0.792,0.0306,0.9,True,0.139,62.1,1,124,0.0096,0.0267,0.21,1.08,1.47,0.02,False,2026-09-11,0.08120658997922647,0.0590432102328482,0.022163379746378276,0.0748902697238607,395334000.0,1.0,2026-06-30,441605000.0,1.38,0.13114754098360648,7.8125,False,True,Financial Services,Insurance - Specialty,3301311232.0,,0.0296,,,
NOA,1.5,2025-02-21,2026-09-11,82,13.5,17.72,11.93,1.49,-0.39,-0.5,False,0.0614,0.0886,0.695,0.0468,0.27,False,-0.031,47.3,1,56,0.0176,0.0191,0.29,0.66,1.31,0.05,False,2026-09-11,0.2510735885776305,-0.06099484204874528,0.3120684306263758,0.0716489719390645,32369312.0,0.10520422077829726,2026-06-30,5282821.0,0.22,10.0,-12.0,False,True,Energy,Oil & Gas Equipment & Services,363068416.0,,0.0107,,,
NOAH,1.5,2025-04-25,2026-09-11,73,8.17,10.86,7.37,1.47,-0.16,-0.31,False,0.0617,0.0926,0.644,0.0787,0.23,False,-0.04,37.5,0,72,0.0157,0.0191,0.25,0.78,0.78,0.01,False,2026-09-11,-0.015253351464096121,0.01815344764185789,-0.03340679910595401,0.009963481630336668,588038012.0,0.5804042271402277,2026-06-30,,0.51,-0.8104089219330854,,False,,Financial Services,Asset Management,558776512.0,,0.004,,,
NOG,2.0,2025-01-24,2026-09-11,86,26.31,34.13,17.95,1.9,-0.28,-0.54,False,0.1095,0.1394,0.64,0.0521,0.52,False,-0.094,59.8,0,10,0.0681,0.126,0.62,0.98,2.1,0.01,False,2026-09-11,0.28935621723559235,-0.06246715270610004,0.3518233699416924,0.0013657121676138306,-486025000.0,0.4730548082148584,2026-06-30,-838455000.0,1.13,-0.17518248175182496,10.7843,False,False,Energy,Oil & Gas E&P,2832075776.0,,0.2423,,,
NOK,2.0,2026-03-13,2026-09-11,27,10.62,15.39,7.92,1.94,0.07,0.03,True,0.1576,0.2001,0.519,0.0466,0.36,False,-0.087,51.2,0,25,0.0563,0.0833,0.36,0.83,3.38,0.07,False,2026-09-11,0.059172899252089683,0.024373576309794975,0.03479932294229471,0.052946066715161555,708000000.0,0.44569055036344757,2026-06-30,536000000.0,0.08,0.6,14.2857,False,True,Technology,Communication Equipment,62312914944.0,,0.0104,,,
NOMD,1.5,2025-09-12,2026-09-11,53,11.09,13.31,9.14,1.46,-0.3,-0.51,False,0.0628,0.0974,0.604,0.0386,0.47,True,0.189,49.6,0,18,0.0075,0.0226,0.12,1.09,1.63,0.02,False,2026-09-11,-0.0310617217833713,-0.05907117484541513,0.028009453062043832,-0.03439739413680787,124300000.0,0.28907005665330937,2026-06-30,204774730.0,0.45,0.12499999999999997,21.6216,False,True,Consumer Defensive,Packaged Foods,1534907008.0,,0.0214,,,
NOW,2.0,2025-12-19,2026-09-11,39,131.17,155.31,83.0,1.87,-0.15,-0.63,False,0.1198,0.1641,0.564,0.0516,0.67,True,0.165,55.8,0,22,0.0753,0.1159,0.63,1.11,2.32,0.03,False,2026-09-11,0.2401244167962675,0.22085492227979264,0.01926949451647486,0.22186281827983745,1670000000.0,0.7067970905442689,2026-06-30,4580000000.0,0.31,-0.6219512195121951,-22.5,False,True,Technology,Software - Application,137017729024.0,,0.0294,,,
NPCE,1.5,2025-11-07,2026-09-11,45,13.87,18.35,12.89,1.42,-0.03,-0.27,True,0.0664,0.0846,0.733,0.0989,0.18,False,-0.039,45.0,1,6,0.0188,0.0539,0.28,0.88,0.67,0.02,False,2026-09-11,-0.02950680272108841,-0.020245071923281843,-0.009261730797806567,0.11590832110195315,-19114000.0,0.8282660124419522,2026-06-30,-11610000.0,-0.18,0.30769230769230776,5.2632,False,False,Healthcare,Medical Devices,481912768.0,,0.0305,,,
NRDS,1.5,2026-02-06,2026-09-11,32,9.32,11.16,7.77,1.44,-0.35,-0.54,False,0.0654,0.093,0.562,0.0717,0.46,False,-0.014,45.6,0,17,0.0046,0.0433,0.07,0.77,0.91,0.03,False,2026-09-11,0.05564472980203328,0.06214149139579339,-0.006496761593760114,0.11514522821576767,65000000.0,0.9320831221490117,2026-06-30,147200000.0,0.07,-0.3636363636363636,-12.5,False,True,Communication Services,Internet Content & Information,602795584.0,,0.1474,,,
NRDS,2.0,2024-11-15,2026-09-11,96,9.32,15.43,7.77,1.99,-0.36,-0.64,False,0.1183,0.1747,0.531,0.0756,0.2,False,-0.014,45.6,1,17,0.0046,0.0433,0.04,0.89,1.56,0.02,False,2026-09-11,0.05564472980203328,0.06214149139579339,-0.006496761593760114,0.11514522821576767,65000000.0,0.9320831221490117,2026-06-30,147200000.0,0.07,-0.3636363636363636,-12.5,False,True,Communication Services,Internet Content & Information,602795584.0,,0.1474,,,
NRG,2.0,2025-04-11,2026-09-11,75,111.65,178.0,92.7,1.92,-0.13,-0.16,True,0.0775,0.1284,0.587,0.0597,0.22,False,-0.113,39.8,0,74,0.0606,0.0818,0.78,0.89,1.3,0.03,False,2026-09-11,0.6412462908011869,0.20011648223645895,0.44112980856472794,0.25140463785882106,849000000.0,0.14545290182607123,2026-06-30,348000000.0,1.49,-0.13872832369942195,-10.241,False,True,Utilities,Utilities - Independent Power Producers,23850481664.0,,0.0381,,,
NSSC,1.5,2025-08-22,2026-09-11,56,35.51,46.53,31.25,1.49,-0.26,-0.43,True,0.0609,0.0818,0.786,0.0751,0.28,False,-0.074,44.1,1,55,0.0348,0.0272,0.57,0.75,0.81,0.0,False,2026-09-11,0.10024840312278216,0.11842314779008656,-0.0181747446673044,0.11394607451781447,43027000.0,0.6131269150137074,2026-06-30,59227999.0,0.5,0.515151515151515,21.9512,False,True,Industrials,Security & Protection Services,1296963456.0,,0.0779,,,
NTES,1.5,2025-04-25,2026-09-11,73,115.63,149.19,100.02,1.49,-0.12,-0.08,True,0.0678,0.0887,0.767,0.0555,0.32,True,0.084,44.0,1,70,0.0348,0.0303,0.51,0.94,1.22,0.01,False,2026-09-11,0.07636306675714999,0.061145506996624244,0.015217559760525745,0.062369329303071375,32492689000.0,0.7047412297769899,2026-06-30,49911418029.0,1.6,-0.8919648885887914,-27.2727,False,True,Communication Services,Electronic Gaming & Multimedia,74019323904.0,,0.0076,,,
NTGR,1.5,2025-11-07,2026-09-11,45,20.98,29.31,20.27,1.45,-0.24,-0.42,True,0.0828,0.0952,0.533,0.0676,0.08,False,-0.081,41.8,0,27,0.0663,0.0578,0.8,0.78,1.22,0.0,False,2026-09-11,-0.011552084066333568,-0.019998765889176817,0.00844668182284325,-0.01393249410702646,-40670000.0,0.40214283171770626,2026-06-30,-19434001.0,-0.18,-4.0,-12.5,False,False,Technology,Communication Equipment,604189632.0,,0.099,,,
NTGR,2.0,2024-09-13,2026-09-11,105,20.98,35.18,19.3,1.82,-0.1,-0.13,True,0.1121,0.1358,0.648,0.0576,0.11,False,-0.081,41.8,1,101,0.0663,0.0578,0.59,0.73,1.95,0.0,False,2026-09-11,-0.011552084066333568,-0.019998765889176817,0.00844668182284325,-0.01393249410702646,-40670000.0,0.40214283171770626,2026-06-30,-19434001.0,-0.18,-4.0,-12.5,False,False,Technology,Communication Equipment,604189632.0,,0.099,,,
NTLA,2.0,2025-11-28,2026-09-11,42,11.93,17.56,8.99,1.95,0.32,-0.72,False,0.069,0.1543,0.714,0.1399,0.34,False,-0.015,46.3,0,41,0.0716,0.1071,1.04,0.76,0.49,0.0,False,2026-09-11,-0.4623376623376624,-0.09496601912551872,-0.36737164321214366,0.12579223187089705,-399975000.0,1.0,2026-06-30,-466111000.0,-0.8,0.19191919191919188,0.0,False,False,Healthcare,Biotechnology,1645087232.0,,0.3949,,,
NU,1.5,2026-01-30,2026-09-11,33,15.02,17.75,11.97,1.48,-0.34,-0.34,True,0.0572,0.0997,0.667,0.0561,0.53,True,0.038,54.7,0,14,0.0322,0.0348,0.56,1.25,1.02,0.0,True,2026-09-11,0.49880837380083953,0.534295268470254,-0.03548689466941446,0.5167578339248013,3607106000.0,0.4527376026508157,2026-06-30,-4216122000.0,0.22,0.6923076923076923,10.0,False,False,Financial Services,Banks - Regional,70624665600.0,,0.0408,,,
NUAI,2.0,2026-01-16,2026-09-11,35,5.93,7.3,4.04,1.81,-0.03,-0.66,False,0.0618,0.1467,0.4,0.3942,0.58,True,0.101,58.9,0,19,0.061,0.0875,0.99,1.0,0.16,0.0,False,2026-09-11,-0.8254684047935575,1.4577751910676815,-2.283243595861239,0.653791733274343,-52094056.0,-14.80157273200537,2026-06-30,-23897774.0,-0.18,0.1561181434599156,-100.0,False,False,Technology,Software - Infrastructure,632962432.0,,0.2577,,,
NUVB,2.0,2026-01-09,2026-09-11,36,6.28,8.04,4.22,1.91,0.26,-0.55,True,0.1354,0.1627,0.556,0.1344,0.54,True,0.34,55.5,0,25,0.0315,0.0748,0.23,1.55,1.01,0.0,False,2026-09-11,5.556383198841299,25.987029831387808,-20.43064663254651,10.835597352838732,-149827000.0,0.9712500394483542,2026-06-30,-82723000.0,-0.15,0.11764705882352951,0.0,False,False,Healthcare,Biotechnology,2131318016.0,,0.2545,,,
NUVB-WS,2.0,2026-01-09,2026-09-11,36,6.28,8.04,4.22,1.91,0.26,-0.58,True,0.1354,0.1627,0.556,0.1344,0.54,True,0.34,55.5,0,25,0.0315,0.0748,0.23,1.55,1.01,0.0,False,2026-09-11,,,,,,,,,,,,,,,,,,,,,
NVAX,1.5,2026-01-16,2026-09-11,35,9.3,10.97,7.32,1.5,-0.04,-0.6,True,0.0772,0.0958,0.571,0.081,0.54,False,-0.025,52.9,0,6,0.0924,0.0817,1.2,0.82,0.95,0.0,False,2026-09-11,-0.7630078582176893,-0.7907253376934096,0.02771747947572023,-0.6164002083955213,-247730000.0,0.7487389325902148,2026-06-30,-43592000.0,-0.32,-1.5161290322580645,11.1111,False,False,Healthcare,Biotechnology,1553788800.0,,0.2977,,,
NVAX,2.0,2024-10-18,2026-09-11,100,9.3,10.97,5.86,1.87,0.18,-0.77,True,0.1087,0.1385,0.68,0.165,0.67,False,-0.025,52.9,2,74,0.0924,0.0817,0.85,0.84,0.66,0.0,False,2026-09-11,-0.7630078582176893,-0.7907253376934096,0.02771747947572023,-0.6164002083955213,-247730000.0,0.7487389325902148,2026-06-30,-43592000.0,-0.32,-1.5161290322580645,11.1111,False,False,Healthcare,Biotechnology,1553788800.0,,0.2977,,,
NVCR,2.0,2025-02-28,2026-09-11,81,15.35,20.18,10.14,1.99,-0.17,-0.87,False,0.1705,0.1839,0.519,0.1096,0.52,True,0.115,48.6,3,31,0.042,0.0586,0.25,1.11,1.56,0.01,False,2026-09-11,0.15603412990774856,0.1229789540240267,0.033055175883721866,0.10954836866827478,-148565000.0,0.7760915983963744,2026-06-30,-21125000.0,-0.13,0.6388888888888888,56.6667,False,False,Healthcare,Medical Devices,1806075008.0,,0.1253,,,
NVMI,2.0,2025-11-28,2026-09-11,42,366.03,583.05,312.84,1.86,0.24,-0.09,True,0.1127,0.1575,0.643,0.0684,0.2,False,-0.147,40.3,0,41,0.0387,0.1101,0.34,1.07,1.65,0.0,False,2026-09-11,0.1589579478973948,0.10288906803652109,0.05606887986087372,0.1615852109753,270378000.0,0.5654303846123675,2026-06-30,189752000.0,2.35,0.14634146341463428,5.3812,False,True,Technology,Semiconductor Equipment & Materials,11825848320.0,,0.0663,,,
NWSA,1.5,2023-11-24,2026-09-11,147,29.38,30.87,21.46,1.44,0.22,-0.01,True,0.0421,0.0729,0.748,0.0388,0.84,True,0.099,59.6,2,144,0.0363,0.0587,0.86,1.25,1.09,0.03,False,2026-09-11,0.10810810810810811,0.08760577401692382,0.020502334091184293,0.06814955040227155,573000000.0,0.7295678219940094,2026-06-30,1074000000.0,0.35,0.8421052631578946,66.6667,False,True,Communication Services,Entertainment,15790737408.0,,0.032,,,
NX,1.5,2026-01-09,2026-09-11,36,21.09,22.93,15.35,1.49,0.11,-0.59,False,0.0809,0.1003,0.611,0.077,0.76,True,0.061,55.9,0,14,0.0621,0.0817,0.77,0.76,1.05,0.0,True,2026-09-11,0.013269449374385456,0.021855206219970835,-0.00858575684558538,0.012604105750354977,45354000.0,0.23622831750839401,2026-07-31,90810000.0,0.79,0.1449275362318842,16.1765,False,True,Industrials,Building Products & Equipment,988471296.0,,0.0946,,,
NX,2.0,2025-01-03,2026-09-11,89,21.09,23.52,11.82,1.99,-0.06,-0.68,False,0.0978,0.147,0.697,0.0519,0.79,True,0.061,55.9,1,42,0.0621,0.0817,0.63,0.72,1.88,0.0,False,2026-09-11,0.013269449374385456,0.021855206219970835,-0.00858575684558538,0.012604105750354977,45354000.0,0.23622831750839401,2026-07-31,90810000.0,0.79,0.1449275362318842,16.1765,False,True,Industrials,Building Products & Equipment,988471296.0,,0.0946,,,
NXE,1.5,2025-11-28,2026-09-11,42,10.21,12.78,8.8,1.45,-0.16,-0.1,True,0.0959,0.1108,0.476,0.0679,0.35,False,-0.127,48.7,0,8,0.025,0.0509,0.26,0.72,1.41,0.05,False,2026-09-11,,,,,-253903320.0,,2026-06-30,-240610175.0,-0.01,0.7999999999999999,75.0,False,False,Energy,Uranium,6604485632.0,,0.0209,,,
NXH,2.0,2026-01-23,2026-09-11,34,3.55,6.87,3.55,1.94,-0.32,-0.9,False,0.0992,0.1418,0.735,0.1341,0.0,False,-0.081,32.2,0,0,0.0835,0.1633,0.84,0.91,0.74,0.0,False,2026-09-11,0.27956676858540797,0.06907071474187476,0.2104960538435332,0.009705133362514662,-81291000.0,0.2676964993257817,2026-06-30,-91002000.0,-0.53,-0.5778505507591547,-100.1511,False,False,Consumer Cyclical,Internet Retail,347260000.0,,0.1348,,,
NXT,2.0,2025-10-10,2026-09-11,49,81.35,156.4,81.35,1.92,0.18,0.05,True,0.1286,0.1571,0.571,0.0829,0.0,False,-0.207,38.8,0,0,0.0579,0.1121,0.45,0.89,1.55,0.0,False,2026-09-11,0.08205583318773546,-0.047412105043371344,0.1294679382311068,0.16973516277759937,594054999.0,0.3591357721056065,2026-06-30,550721000.0,1.1,-0.05172413793103434,37.5,False,True,Technology,Solar,12735082496.0,,0.0814,,,
NYT,1.5,2025-11-07,2026-09-11,45,66.57,85.42,60.83,1.4,0.13,0.02,True,0.0703,0.0816,0.667,0.0317,0.23,False,-0.106,42.5,0,44,0.0252,0.0579,0.36,0.96,2.22,0.0,False,2026-09-11,0.11165623956621706,0.1200264188328537,-0.008370179266636635,0.10757906560687935,392825000.0,0.5175571017305939,2026-06-30,623018000.0,0.69,0.1896551724137931,2.9851,False,True,Communication Services,Publishing,10786646016.0,,0.0798,,,
OCUL,1.5,2026-01-09,2026-09-11,36,10.62,11.27,7.55,1.49,0.11,-0.48,True,0.0728,0.1009,0.667,0.0745,0.83,True,0.102,55.6,0,24,0.0647,0.0661,0.89,0.65,0.98,0.03,True,2026-09-11,0.0011887956014562384,0.008132361189007398,-0.006943565587551159,-0.08135676973034023,-301447000.0,0.850760667903525,2026-06-30,-255100000.0,-0.35,0.10256410256410266,12.5,False,False,Healthcare,Biotechnology,2303770368.0,,0.1508,,,
OCUL,2.0,2025-05-23,2026-09-11,69,10.62,14.56,7.3,1.99,-0.27,-0.36,True,0.1294,0.161,0.667,0.0858,0.46,True,0.102,55.6,1,68,0.0647,0.0661,0.5,0.68,1.51,0.03,False,2026-09-11,0.0011887956014562384,0.008132361189007398,-0.006943565587551159,-0.08135676973034023,-301447000.0,0.850760667903525,2026-06-30,-255100000.0,-0.35,0.10256410256410266,12.5,False,False,Healthcare,Biotechnology,2303770368.0,,0.1508,,,
ODD,2.0,2026-02-27,2026-09-11,29,16.01,17.9,9.81,1.82,0.16,-0.87,False,0.0637,0.1179,0.724,0.0935,0.77,True,0.099,45.8,1,14,0.047,0.0787,0.74,0.62,0.68,0.0,False,2026-09-11,-0.25140167537530067,-0.26162729972097465,0.010225624345673978,-0.0967860781481511,15158000.0,0.686616772935513,2026-06-30,-36878000.0,0.02,-0.9782608695652174,100.0,False,False,Consumer Defensive,Household & Personal Products,843156864.0,,0.335,,,
OEC,2.0,2025-09-12,2026-09-11,53,5.79,9.14,4.62,1.98,0.15,-0.83,False,0.1081,0.1677,0.604,0.0617,0.26,False,-0.061,43.6,1,42,0.0516,0.0854,0.48,0.73,1.75,0.02,False,2026-09-11,0.07397084048027436,-0.03809922545530664,0.112070065935581,-0.01015366237715154,-96300000.0,0.18566580155719706,2026-06-30,18439600.0,0.14,-0.5625,27.2727,False,False,Basic Materials,Specialty Chemicals,327831680.0,,0.041,,,
OFLX,1.5,2025-01-31,2026-09-11,85,25.51,38.25,25.51,1.5,-0.32,-0.77,False,0.067,0.0962,0.647,0.0378,0.0,False,-0.037,36.2,1,0,0.0455,0.0464,0.68,1.0,1.77,0.01,False,2026-09-11,-0.05751224289911849,-0.010158594084869299,-0.047353648814249194,-0.04080436941410126,11855000.0,0.5495697717919941,2026-06-30,10826000.0,0.27,-0.3441826572747146,,False,True,Industrials,Specialty Industrial Machinery,258212752.0,,0.0248,,,
OFRM,1.5,2026-03-06,2026-09-11,28,15.89,21.38,14.86,1.44,0.1,,,0.0907,0.1161,0.393,,0.16,True,0.117,47.5,1,20,0.0261,0.0538,0.29,0.75,,0.0,False,2026-09-11,0.4227968742189714,0.4370689484813153,-0.014272074262343892,0.4294862891384579,-9506000.0,0.35892121041783775,2026-06-30,-36249000.0,-0.12,,33.3333,False,False,Consumer Defensive,Packaged Foods,679408768.0,,0.2503,,,
OFRM,2.0,2026-02-06,2026-09-11,32,15.89,24.09,14.86,1.62,-0.32,,,0.1133,0.1472,0.406,,0.11,True,0.117,47.5,1,20,0.0261,0.0538,0.23,0.7,,0.0,False,2026-09-11,0.4227968742189714,0.4370689484813153,-0.014272074262343892,0.4294862891384579,-9506000.0,0.35892121041783775,2026-06-30,-36249000.0,-0.12,,33.3333,False,False,Consumer Defensive,Packaged Foods,679408768.0,,0.2503,,,
OGC,2.0,2025-10-03,2026-09-11,50,30.01,42.16,22.01,1.92,0.11,0.07,True,0.119,0.1666,0.54,0.076,0.4,False,-0.114,54.0,0,49,0.0443,0.0877,0.37,5.79,1.57,0.0,False,2026-09-11,0.49699352451433865,0.9852736871353154,-0.48828016262097673,,864521315.0,0.5337556001853855,2026-06-30,723437265.0,0.98,1.0168759003910268,5.3763,False,True,Basic Materials,Gold,6715690496.0,,,,,
OIS,2.0,2025-12-05,2026-09-11,41,8.59,13.09,6.78,1.93,-0.04,-0.02,True,0.0616,0.1873,0.488,0.0836,0.29,False,-0.17,48.5,0,37,0.0098,0.0344,0.16,0.76,0.74,0.0,False,2026-09-11,-0.1967643253570004,-0.09112906251172326,-0.10563526284527713,-0.06385794092011432,-107417000.0,0.11221586632545537,2026-06-30,53841000.0,0.14,0.5555555555555558,27.2727,False,False,Energy,Oil & Gas Equipment & Services,524203552.0,,0.042,,,
OLN,2.0,2024-12-20,2026-09-11,91,17.31,31.74,17.15,1.85,-0.2,-0.7,False,0.1175,0.1583,0.538,0.0447,0.01,False,-0.257,36.6,2,2,0.0414,0.0827,0.35,0.94,2.63,0.01,False,2026-09-11,-0.009327191036796911,-0.03722174917893195,0.02789455814213504,0.0059880239520957446,-139000000.0,0.09770939778402893,2026-06-30,100600000.0,0.07,2.5,0.0,False,False,Basic Materials,Chemicals,1960498944.0,,0.1176,,,
OLP,1.5,2024-03-08,2026-09-11,132,23.23,26.35,18.51,1.42,0.19,-0.18,True,0.0646,0.0849,0.652,0.0312,0.6,True,0.078,48.2,3,131,0.0043,0.0128,0.07,1.32,2.07,0.05,False,2026-09-11,0.10002037074760639,-0.049731071576334274,0.14975144232394066,0.039015846890759764,31670000.0,0.8174444444444444,2026-06-30,-19360000.0,0.51,0.30769230769230765,18.6047,False,False,Real Estate,REIT - Diversified,508090560.0,,0.0254,,,
OMAB,1.5,2025-05-16,2026-09-11,70,98.13,131.13,87.71,1.49,0.4,0.05,True,0.0662,0.0891,0.571,0.0509,0.24,True,0.002,42.2,0,68,0.0285,0.0442,0.43,0.78,1.3,0.03,False,2026-09-11,0.026028140852660808,0.06936732185183137,-0.04333918099917056,0.037181349325497326,5421225000.0,0.6660762685946287,2026-06-30,4985326000.0,1.74,0.1836734693877551,2.9586,False,True,Industrials,Airports & Air Services,4765813248.0,,0.0066,,,
OMCL,1.5,2026-02-06,2026-09-11,32,32.25,45.87,32.25,1.42,-0.03,-0.36,False,0.096,0.1049,0.406,0.0555,0.0,False,-0.02,39.0,0,0,0.0445,0.0786,0.46,1.1,1.73,0.0,True,2026-09-11,0.07449700924415437,0.14911669163564079,-0.07461968239148642,0.08453375251951023,39083001.0,0.48984971557423257,2026-06-30,141400000.0,0.7,0.5555555555555555,125.8065,False,True,Healthcare,Health Information Services,1491253376.0,,0.0876,,,
OMCL,2.0,2023-09-22,2026-09-11,156,32.25,50.74,25.78,1.97,0.19,-0.86,False,0.1539,0.1842,0.519,0.0676,0.26,False,-0.02,39.0,4,70,0.0445,0.0786,0.29,1.61,2.28,0.03,False,2026-09-11,0.07449700924415437,0.14911669163564079,-0.07461968239148642,0.08453375251951023,39083001.0,0.48984971557423257,2026-06-30,141400000.0,0.7,0.5555555555555555,125.8065,False,True,Healthcare,Health Information Services,1491253376.0,,0.0876,,,
ONC,1.5,2025-07-11,2026-09-11,62,341.8,374.47,250.3,1.5,0.06,-0.08,True,0.0686,0.085,0.726,0.063,0.74,True,0.105,55.6,0,61,0.042,0.0835,0.61,1.65,1.09,0.02,False,2026-09-11,0.2963361970653082,0.3545748197182619,-0.05823862265295365,0.3434809980355116,655707000.0,0.8976406261088248,2026-06-30,1242660710.0,2.05,1.4404761904761905,46.4286,False,True,Healthcare,Biotechnology,39197962240.0,,0.0177,,,
ONEW,2.0,2025-10-31,2026-09-11,46,10.98,15.53,8.44,1.84,-0.15,-0.75,False,0.0702,0.132,0.717,0.0816,0.36,True,0.146,46.0,1,26,0.0146,0.0487,0.21,0.76,0.86,0.02,True,2026-09-11,-0.04006952885338888,-0.08526620353614422,0.045196674682755344,0.01320965736229196,-121897000.0,0.2402079474516262,2026-06-30,56753000.0,0.73,-0.07594936708860765,-22.3404,False,False,Consumer Cyclical,Specialty Retail,178822080.0,,0.1164,,,
OPCH,1.5,2026-03-20,2026-09-11,26,23.63,29.0,19.52,1.49,-0.38,-0.46,False,0.0715,0.1242,0.346,0.0427,0.43,False,-0.049,46.2,0,17,0.0076,0.0452,0.11,0.85,1.67,0.0,True,2026-09-11,0.018582924047638283,0.013265094840701819,0.005317829206936464,0.0594517587482446,209576000.0,0.18528216860787577,2026-06-30,346813000.0,0.41,0.0,10.8108,False,True,Healthcare,Medical Care Facilities,3516957440.0,,0.1179,,,
OPRT,2.0,2025-01-31,2026-09-11,85,7.66,8.09,4.22,1.92,-0.04,-0.45,True,0.1,0.1613,0.635,0.1073,0.89,True,0.272,63.9,2,74,0.0336,0.1414,0.34,0.91,0.93,0.0,False,2026-09-11,0.421188630490956,-0.12513477749460888,0.5463234079855649,0.1195418205436598,19502000.0,0.8203259005145798,2026-06-30,408614000.0,0.38,0.22580645161290325,65.2174,False,True,Financial Services,Credit Services,361919680.0,,0.0294,,,
OPRX,2.0,2026-02-13,2026-09-11,31,7.18,8.75,4.94,1.77,0.02,-0.77,False,0.1134,0.1621,0.613,0.1377,0.59,True,0.135,48.3,0,16,0.0625,0.0957,0.55,0.56,0.82,0.0,False,2026-09-11,-0.29768796026716904,-0.095038307187158,-0.20264965308001104,-0.05817772177034408,4601000.0,0.7651190011705034,2026-06-30,18357000.0,0.08,-0.5,700.0,False,True,Healthcare,Health Information Services,137314096.0,,0.0646,,,
OR,2.0,2025-05-23,2026-09-11,69,35.84,47.22,24.81,1.9,0.34,0.03,True,0.0972,0.1519,0.667,0.0432,0.49,False,-0.111,52.2,0,63,0.0611,0.091,0.63,0.94,2.25,0.03,False,2026-09-11,1.2078289768999064,1.629765113183197,-0.4219361362832905,0.8553507530574125,282993671.0,0.8404927417705991,2026-06-30,-104943564.0,0.32,0.7777777777777779,3.2258,False,False,Basic Materials,Gold,6755475968.0,,0.0189,,,
ORA,1.5,2025-09-26,2026-09-11,51,96.65,139.85,94.47,1.48,0.1,0.0,True,0.0408,0.0898,0.706,0.0328,0.05,False,-0.115,38.9,0,50,0.0436,0.0457,1.07,1.05,1.24,0.04,False,2026-09-11,0.10574400259809069,0.7579538827134165,-0.6522098801153258,0.3113002797071627,126644000.0,0.26548515249416454,2026-06-30,-264768000.0,0.5,0.041666666666666706,72.4138,False,False,Utilities,Utilities - Renewable,5835444736.0,,0.1056,,,
ORIC,2.0,2025-05-30,2026-09-11,68,12.07,14.2,7.5,1.89,0.13,-0.5,True,0.1172,0.1564,0.647,0.124,0.68,True,0.258,53.5,0,14,0.0678,0.1011,0.58,1.07,0.95,0.0,False,2026-09-11,,,,-1.0,-140351000.0,,2026-06-30,-112418000.0,-0.38,0.1914893617021276,-5.5556,False,False,Healthcare,Biotechnology,1247977984.0,,0.1683,,,
ORN,2.0,2025-10-17,2026-09-11,48,9.06,16.41,8.26,1.99,0.26,-0.27,True,0.1337,0.1802,0.521,0.0881,0.1,False,-0.093,35.2,0,47,0.0346,0.1212,0.26,1.06,1.52,0.06,False,2026-09-11,0.08082382627164053,0.1465547857707008,-0.06573095949906027,0.07045423609004953,3603000.0,0.10333156058734981,2026-06-30,-18433000.0,-0.02,-1.2857142857142858,-166.6667,False,False,Industrials,Engineering & Construction,379035872.0,,0.0791,,,
OSG,2.0,2026-01-02,2026-09-11,37,4.99,7.47,3.94,1.9,-0.21,-0.78,False,0.1026,0.1314,0.73,0.0756,0.3,True,0.093,43.2,0,22,0.0364,0.0926,0.35,0.83,1.36,0.0,True,2026-09-11,0.5101806867187073,0.6599209637325514,-0.14974027701384407,2.127510167458282,-141059000.0,0.8391951322368817,2026-06-30,-62130000.0,-0.04,0.8181818181818181,-300.0,False,False,Financial Services,Insurance - Specialty,218049216.0,,0.0413,,,
OSIS,2.0,2025-01-17,2026-09-11,87,201.25,309.68,166.56,1.86,0.29,-0.08,True,0.1,0.1352,0.701,0.0402,0.24,False,-0.145,39.4,2,86,0.0407,0.0281,0.41,0.82,2.49,0.01,False,2026-09-11,-0.04144083487628347,0.02001107225320342,-0.061451907129486893,0.04250492946976525,154711000.0,0.3666420139735321,2026-06-30,243195000.0,3.78,0.16666666666666652,0.5319,False,True,Technology,Electronic Components,3256784640.0,,0.1599,,,
OSPN,2.0,2024-04-26,2026-09-11,125,16.49,19.09,9.96,1.92,-0.12,-0.44,True,0.123,0.1519,0.64,0.0719,0.72,True,0.3,66.5,0,24,0.0159,0.0672,0.13,1.02,1.71,0.02,True,2026-09-11,0.010410574336179756,0.040731622636745346,-0.03032104830056559,0.023946272576904848,68403000.0,0.7356696325207555,2026-06-30,38994000.0,0.23,-0.3235294117647059,27.7778,False,True,Technology,Software - Infrastructure,620959104.0,,0.1153,,,
OSUR,2.0,2024-06-14,2026-09-11,118,3.23,4.48,2.27,1.97,-0.4,-0.73,False,0.1558,0.1845,0.517,0.0659,0.43,True,0.186,41.2,2,42,0.0492,0.0705,0.32,0.67,2.36,0.05,False,2026-09-11,-0.019300941040906516,-0.06702081454010889,0.04771987349920237,-0.1885543516707211,-49126000.0,0.43464212278468617,2026-06-30,-48065000.0,-0.23,-0.21052631578947373,-4.5455,False,False,Healthcare,Medical Instruments & Supplies,224148032.0,,0.0477,,,
OTEX,1.5,2026-01-16,2026-09-11,35,22.61,29.2,20.38,1.43,-0.16,-0.48,False,0.0441,0.0755,0.629,0.0382,0.25,True,0.042,44.4,0,22,0.0178,0.0507,0.4,0.78,1.15,0.03,False,2026-09-11,3.0032452345870437,0.022434494639908875,2.9808107399471346,0.7691678573950764,1130381000.0,0.7373551888237289,2026-06-30,1489671611.0,1.14,0.26666666666666655,10.6796,False,True,Technology,Software - Application,5595793920.0,,0.0711,,,
OWLT,1.5,2026-03-13,2026-09-11,27,4.69,6.66,4.65,1.43,0.05,-0.71,False,0.0612,0.088,0.519,0.1128,0.02,True,0.038,39.8,0,13,0.0358,0.0495,0.58,0.75,0.54,0.0,False,2026-09-11,0.3006944710892836,0.06406368460955258,0.23663078647973101,0.2796333626613505,-8992000.0,0.6430678466076696,2026-06-30,-9461000.0,-0.05,0.6666666666666666,37.5,False,False,Healthcare,Medical Devices,137049664.0,,0.0287,,,
OWLT,2.0,2026-03-06,2026-09-11,28,4.69,7.26,4.65,1.56,-0.11,-0.71,False,0.0611,0.1083,0.393,0.0991,0.02,True,0.038,39.8,0,13,0.0358,0.0495,0.59,0.72,0.62,0.0,False,2026-09-11,0.3006944710892836,0.06406368460955258,0.23663078647973101,0.2796333626613505,-8992000.0,0.6430678466076696,2026-06-30,-9461000.0,-0.05,0.6666666666666666,37.5,False,False,Healthcare,Medical Devices,137049664.0,,0.0287,,,
OXM,1.5,2025-06-13,2026-09-11,66,30.95,44.71,30.87,1.45,-0.1,-0.69,False,0.0634,0.0921,0.636,0.0567,0.01,False,-0.107,39.1,1,1,0.0391,0.0475,0.62,0.84,1.12,0.0,False,2026-09-11,-0.021746625887092197,-0.0037137817192339773,-0.01803284416785822,-0.018016975179570904,-6807000.0,0.7382016147027203,2026-08-31,52126000.0,1.34,0.06349206349206354,1.5152,False,False,Consumer Cyclical,Apparel Manufacturing,472264992.0,,0.3219,,,
OXY,1.5,2026-01-23,2026-09-11,34,61.16,64.72,43.49,1.49,0.38,-0.34,True,0.0574,0.0932,0.676,0.0442,0.83,False,-0.034,60.7,0,33,0.0263,0.052,0.46,0.79,1.3,0.0,True,2026-09-11,0.3181890137723602,-0.23122151991768336,0.5494105336900436,-0.07139434595112604,7254000000.0,0.8102557944037468,2026-06-30,5312000000.0,2.4,5.153846153846153,25.0,False,True,Energy,Oil & Gas E&P,61437710336.0,,0.0001,,,
OXY-WT,2.0,2026-01-23,2026-09-11,34,39.32,43.35,22.17,1.96,0.36,-0.53,True,0.0874,0.151,0.706,0.0811,0.81,False,-0.061,60.3,0,33,0.0416,0.0824,0.48,0.55,1.08,0.0,False,2026-09-11,,,,,,,,,-1.76,-2.814432989690722,-4.7619,False,,,,,,,,,
PAAS,2.0,2025-09-05,2026-09-11,54,50.65,68.06,34.15,1.99,0.36,0.02,True,0.1065,0.1729,0.704,0.0735,0.49,False,-0.113,51.3,1,53,0.04,0.0791,0.38,0.8,1.45,0.02,False,2026-09-11,0.3492518696883853,0.49249870667356443,-0.14324683698517915,0.38031798382697435,1380320474.0,0.39323843364879574,2026-06-30,1535013953.0,0.73,0.6976744186046512,-13.0952,False,True,Basic Materials,Gold,20871868416.0,,0.0116,,,
PAC,1.5,2025-05-09,2026-09-11,71,204.56,300.41,204.56,1.47,0.05,0.03,True,0.0596,0.0899,0.535,0.0406,0.0,False,-0.081,37.4,1,0,0.021,0.045,0.35,1.31,1.47,0.0,False,2026-09-11,0.04144837031735715,0.028443219800160735,0.013005150517196418,0.009900585229416281,10940824000.0,0.5192459885201116,2026-06-30,3745504000.0,2.8,-0.0070921985815602905,-11.6719,False,True,Industrials,Airports & Air Services,12106241024.0,,0.0081,,,
PAGS,1.5,2025-04-11,2026-09-11,75,10.13,11.03,7.4,1.49,0.37,-0.44,True,0.0572,0.0894,0.707,0.0609,0.75,False,-0.046,57.6,0,58,0.0502,0.0252,0.88,0.62,0.94,0.0,True,2026-09-11,-0.002122093035142991,-0.003971106822527326,0.0018490137873843349,0.025074165106032442,2148536219.0,0.5153069932530103,2026-06-30,-565501158.0,0.41,-0.7819148936170213,2.5,False,False,Technology,Software - Infrastructure,2789537536.0,,0.1229,,,
PAHC,2.0,2025-08-15,2026-09-11,57,36.58,57.47,30.19,1.9,-0.09,-0.0,True,0.1168,0.1884,0.439,0.064,0.23,False,-0.231,47.5,0,56,0.0456,0.0595,0.39,0.64,1.82,0.0,False,2026-09-11,0.047663435411423816,0.10268957090490916,-0.05502613549348534,0.17117376361174652,99720000.0,0.33875744492081855,2026-06-30,9866000.0,0.85,0.4912280701754387,18.0556,False,True,Healthcare,Drug Manufacturers - Specialty & Generic,1446229120.0,,0.0681,,,
PAL,2.0,2026-02-13,2026-09-11,31,4.99,8.35,4.92,1.7,-0.33,-0.75,False,0.0939,0.1406,0.613,0.1133,0.02,False,-0.023,38.9,0,17,0.0665,0.0731,0.71,0.84,0.83,0.03,False,2026-09-11,-0.053197599451358935,-0.015927059907272056,-0.03727053954408688,0.0683941977778908,-39083219.0,1.0,2026-06-30,17135207.0,-0.05,-2.0,-600.0,False,False,Industrials,Integrated Freight & Logistics,136056672.0,,0.1465,,,
PAM,1.5,2025-09-26,2026-09-11,51,88.45,90.67,60.8,1.49,0.24,-0.36,True,0.0424,0.0896,0.431,0.055,0.93,True,0.002,57.5,1,49,0.043,0.0296,1.01,0.81,0.77,0.0,False,2026-09-11,0.5349794238683128,0.3840579710144927,0.15092145285382008,0.2314446649015145,570000000.0,0.353887399463807,2026-06-30,-397093850.0,3.21,2.962962962962963,39.5652,False,False,Industrials,Conglomerates,4650468352.0,,0.0102,,,
PAM,2.0,2024-08-09,2026-09-11,110,88.45,94.88,50.99,1.86,0.36,0.01,True,0.076,0.1315,0.582,0.0638,0.85,True,0.002,57.5,3,109,0.043,0.0296,0.57,0.81,1.19,0.01,False,2026-09-11,0.5349794238683128,0.3840579710144927,0.15092145285382008,0.2314446649015145,570000000.0,0.353887399463807,2026-06-30,-397093850.0,3.21,2.962962962962963,39.5652,False,False,Industrials,Conglomerates,4650468352.0,,0.0102,,,
PANL,1.5,2025-11-14,2026-09-11,44,8.32,9.17,6.28,1.46,0.23,-0.23,True,0.0779,0.097,0.523,0.0585,0.71,True,0.013,59.9,0,43,0.0445,0.0659,0.57,0.91,1.33,0.02,False,2026-09-11,0.19420298912035183,0.3890666141723589,-0.19486362505200705,0.22502887291946516,47586993.0,0.22841079740699768,2026-06-30,63629292.0,0.26,14.000000000000002,8.3333,True,True,Industrials,Marine Shipping,550634432.0,,0.0298,,,
PANL,2.0,2025-10-17,2026-09-11,48,8.32,9.17,4.66,1.97,0.37,-0.43,True,0.0734,0.1353,0.75,0.0538,0.81,True,0.013,59.9,0,47,0.0445,0.0659,0.61,0.93,1.36,0.02,True,2026-09-11,0.19420298912035183,0.3890666141723589,-0.19486362505200705,0.22502887291946516,47586993.0,0.22841079740699768,2026-06-30,63629292.0,0.26,14.000000000000002,8.3333,True,True,Industrials,Marine Shipping,550634432.0,,0.0298,,,
PAR,2.0,2026-02-06,2026-09-11,32,17.62,22.24,11.82,1.88,0.1,-0.85,False,0.1145,0.1622,0.594,0.0718,0.56,True,0.261,45.4,1,22,0.0518,0.0812,0.45,0.87,1.59,0.0,False,2026-09-11,0.18687947048147757,0.19366641311778476,-0.006786942636307192,0.18813603111797939,-72136000.0,0.424128626040027,2026-06-30,-18741000.0,0.02,-0.3333333333333333,122.2222,False,False,Technology,Software - Application,744528768.0,,0.2575,,,
PATH,2.0,2024-05-31,2026-09-11,120,13.87,18.67,9.38,1.99,0.04,-0.64,False,0.0795,0.1438,0.642,0.0805,0.48,True,0.244,52.6,2,22,0.0833,0.1748,1.05,5.81,0.99,0.01,False,2026-09-11,0.13415605095541405,0.17317398716855847,-0.03901793621314442,0.14980579974890595,361915000.0,0.803568991068991,2026-07-31,362957000.0,0.09,-0.4,125.0,False,True,Technology,Software - Infrastructure,7165886976.0,,0.2556,,,
PATK,2.0,2024-07-12,2026-09-11,114,74.86,141.08,73.96,1.91,0.3,-0.04,False,0.0875,0.1535,0.412,0.0444,0.01,False,-0.132,35.2,0,113,0.0117,0.0213,0.13,1.12,1.97,0.02,False,2026-09-11,-0.00558443765190153,-0.0062267046700285045,0.0006422670181269741,0.032001228337387166,147283000.0,0.23766348214080008,2026-06-30,127821000.0,1.29,-0.13999999999999999,4.878,False,True,Consumer Cyclical,Recreational Vehicles,2357480704.0,,0.1933,,,
PAYO,2.0,2025-02-28,2026-09-11,81,7.12,8.55,4.32,1.98,-0.22,-0.61,True,0.1111,0.1436,0.79,0.0688,0.66,True,0.403,64.5,2,28,0.0014,0.0014,0.01,1.1,1.61,0.07,False,2026-09-11,0.052353292809877106,0.06073385046448543,-0.008380557654608323,0.06306451758489517,50267000.0,0.7121615413224045,2026-06-30,162737000.0,0.02,-0.7777777777777777,-60.0,False,True,Technology,Software - Infrastructure,2412617984.0,,0.0482,,,
PBR,1.5,2026-02-13,2026-09-11,31,21.38,21.38,14.56,1.47,0.17,-0.01,True,0.0701,0.0958,0.613,0.0489,1.0,False,-0.071,67.4,1,30,0.0391,0.0657,0.56,0.93,1.43,0.0,False,2026-09-11,0.5975186576032705,0.11664841266075077,0.48087024494251973,0.42561580267769084,26033569000.0,0.5800279703633172,2026-06-30,18682827850.0,1.72,1.6875,13.1579,False,True,Energy,Oil & Gas Integrated,136620572672.0,,0.0127,,,
PCG,1.5,2025-01-10,2026-09-11,88,14.03,18.89,13.28,1.42,0.26,-0.38,False,0.0498,0.0781,0.761,0.0226,0.13,False,-0.005,32.1,1,61,0.0244,0.0162,0.49,1.36,2.2,0.01,False,2026-09-11,0.0006781959986437158,0.15009192712685948,-0.14941373112821577,0.05659837238784604,3166000000.0,0.8449678075228736,2026-06-30,-4263000000.0,0.4,0.29032258064516137,8.1081,False,False,Utilities,Utilities - Regulated Electric,30392664064.0,,0.0,,,
PCG-P-X,1.5,2024-12-06,2026-09-11,93,35.24,50.18,35.24,1.42,-0.2,,,0.036,0.068,0.828,,0.0,False,-0.02,28.2,1,0,0.0191,0.0137,0.53,1.69,,0.08,False,2026-09-11,,,,,,,,,,,,,,,,,,,,,
PCG-P-X,2.0,2024-12-06,2026-09-11,93,35.24,50.18,35.24,1.42,-0.2,,,0.036,0.068,0.828,,0.0,False,-0.02,28.2,1,0,0.0191,0.0137,0.53,1.69,,0.08,False,2026-09-11,,,,,,,,,,,,,,,,,,,,,
PCRX,1.5,2024-12-06,2026-09-11,93,25.16,27.12,18.4,1.47,0.12,-0.61,False,0.0584,0.0841,0.591,0.0922,0.78,True,0.076,53.1,2,88,0.0242,0.0146,0.41,0.95,0.63,0.01,False,2026-09-11,0.06239681058426605,0.05004055102028726,0.012356259563978789,0.05711711303283429,14638000.0,0.7704561874022214,2026-06-30,179515000.0,0.44,-0.4054054054054054,62.963,False,True,Healthcare,Drug Manufacturers - Specialty & Generic,1010897536.0,,0.2643,,,
PCRX,2.0,2024-09-20,2026-09-11,104,25.16,27.12,14.53,1.87,0.39,-0.74,False,0.0732,0.1286,0.442,0.0901,0.84,True,0.076,53.1,2,103,0.0242,0.0146,0.33,0.99,0.81,0.02,False,2026-09-11,0.06239681058426605,0.05004055102028726,0.012356259563978789,0.05711711303283429,14638000.0,0.7704561874022214,2026-06-30,179515000.0,0.44,-0.4054054054054054,62.963,False,True,Healthcare,Drug Manufacturers - Specialty & Generic,1010897536.0,,0.2643,,,
PDD,2.0,2024-10-11,2026-09-11,101,77.84,144.76,76.55,1.89,-0.39,-0.51,False,0.1009,0.1416,0.733,0.0922,0.02,False,-0.121,37.0,0,11,0.0362,0.0229,0.36,0.69,1.09,0.01,False,2026-09-11,0.08052297473539216,0.11034373369268557,-0.029820758957293414,0.09629364096339921,93259466000.0,0.5726428024706741,2026-06-30,111895091000.0,2.72,-0.8767557770729497,1.1152,False,True,Consumer Cyclical,Internet Retail,110754480128.0,,0.0369,,,
PDFS,2.0,2026-03-20,2026-09-11,26,47.16,65.36,32.76,2.0,0.36,-0.13,True,0.0879,0.172,0.692,0.0716,0.44,True,0.16,51.0,0,25,0.0299,0.0945,0.34,0.96,1.23,0.0,False,2026-09-11,0.18947185276832657,0.2585290300975345,-0.06905717732920791,0.23049489795918365,10308000.0,0.6894635050138959,2026-06-30,-2039000.0,0.15,1.5,25.0,False,False,Technology,Software - Application,2017194112.0,,0.093,,,
PDS,1.5,2025-12-05,2026-09-11,41,89.26,100.81,68.26,1.48,0.36,-0.1,True,0.084,0.1058,0.561,0.0495,0.65,False,-0.109,54.2,1,40,0.0355,0.0717,0.42,1.12,1.7,0.0,False,2026-09-11,0.1135841028983191,0.05987939500051387,0.05370470789780524,0.03859659184362485,-32755000.0,0.8174072438162544,2026-06-30,118544814.0,-0.38,-1.355140186915888,-188.3721,False,False,Energy,Oil & Gas Drilling,1161735168.0,,0.0182,,,
PDYN,2.0,2025-10-10,2026-09-11,49,5.63,8.81,4.42,1.99,-0.22,-0.64,True,0.0915,0.1646,0.694,0.4055,0.28,False,-0.119,46.1,1,38,0.0567,0.0642,0.62,0.48,0.23,0.02,False,2026-09-11,4.697536945812808,1.0690058479532163,3.6285310978595917,1.7179251778746845,-30167000.0,0.2906795780736642,2026-06-30,-36705000.0,-0.27,-0.35000000000000003,-17.3913,False,False,Technology,Software - Infrastructure,284683200.0,,0.1763,,,
PEG,1.5,2024-03-22,2026-09-11,130,72.48,88.43,60.03,1.47,0.28,-0.05,True,0.0344,0.0723,0.746,0.0251,0.44,False,-0.024,38.2,2,129,0.0203,0.0419,0.59,0.91,1.37,0.02,False,2026-09-11,-0.08948306595365418,0.19428926132836755,-0.28377232728202173,0.12654930842464518,2012000000.0,0.6452623335943618,2026-06-30,1985000000.0,0.86,0.11688311688311684,7.5,False,True,Utilities,Utilities - Regulated Electric,36073488384.0,,0.0241,,,
PEN,1.5,2025-11-07,2026-09-11,45,317.78,359.26,266.19,1.35,0.13,-0.11,True,0.02,0.0545,0.733,0.0365,0.55,False,-0.019,46.5,0,44,0.0092,0.0066,0.46,0.63,0.55,0.09,False,2026-09-11,0.14903595469207986,0.15616091812179933,-0.007124963429719466,0.17554321674301177,160589000.0,0.6792634714879784,2026-06-30,215906000.0,0.88,0.023255813953488393,-23.4783,False,True,Healthcare,Medical Devices,12515202048.0,,0.0505,,,
PENN,2.0,2024-02-02,2026-09-11,137,17.11,23.28,11.76,1.98,-0.18,-0.77,False,0.103,0.1361,0.701,0.0603,0.46,True,0.179,43.7,1,30,0.082,0.0747,0.8,0.71,1.71,0.01,False,2026-09-11,0.05235127478753543,0.06373692077727955,-0.01138564598974412,0.061416902619446434,-906800000.0,0.07090556692150318,2026-06-30,86900000.0,0.44,3.3999999999999995,25.7143,False,False,Consumer Cyclical,Resorts & Casinos,2392592128.0,,0.1485,,,
PERI,1.5,2025-04-11,2026-09-11,75,9.08,11.06,7.88,1.4,-0.18,-0.8,False,0.0422,0.076,0.707,0.0837,0.38,False,-0.028,45.5,0,14,0.0198,0.0181,0.47,0.99,0.5,0.0,False,2026-09-11,-0.046037618589837015,0.01155111817510246,-0.057588736764939474,0.028578300298515824,-12874000.0,0.2658387622149837,2026-06-30,35113910.0,-0.01,-1.0384615384615385,90.0,False,False,Communication Services,Internet Content & Information,379573536.0,,0.0353,,,
PERI,2.0,2024-04-12,2026-09-11,127,9.08,12.86,7.36,1.75,0.0,-0.82,False,0.0737,0.1182,0.614,0.061,0.31,False,-0.028,45.5,0,75,0.0198,0.0181,0.27,0.92,1.21,0.01,False,2026-09-11,-0.046037618589837015,0.01155111817510246,-0.057588736764939474,0.028578300298515824,-12874000.0,0.2658387622149837,2026-06-30,35113910.0,-0.01,-1.0384615384615385,90.0,False,False,Communication Services,Internet Content & Information,379573536.0,,0.0353,,,
PFGC,1.5,2025-04-25,2026-09-11,73,94.35,114.9,79.42,1.45,0.36,-0.12,True,0.0603,0.0869,0.699,0.0356,0.42,True,0.174,40.9,0,72,0.0606,0.0358,1.0,1.08,1.69,0.01,False,2026-09-11,0.06434892466452968,0.06426765449520788,8.127016932180098e-05,0.07173268413827105,359300000.0,0.12029574738336782,2026-06-30,1029599999.0,1.59,0.025806451612903247,-1.8519,False,True,Consumer Defensive,Food Distribution,14755387392.0,,0.0438,,,
PGNY,2.0,2024-12-27,2026-09-11,90,27.08,31.93,16.3,1.96,0.33,-0.62,False,0.0889,0.1501,0.733,0.0731,0.69,True,0.35,54.8,0,22,0.0332,0.0754,0.37,0.9,1.22,0.0,True,2026-09-11,0.05298401196849256,0.013782334170683752,0.03920167779780881,0.05539273153575608,78633000.0,0.25477374461857116,2026-06-30,217986000.0,0.34,0.7894736842105264,21.4286,False,True,Healthcare,Healthcare Plans,2098477952.0,,0.082,,,
PGR,1.5,2024-03-08,2026-09-11,132,216.19,268.48,182.29,1.47,0.0,0.04,True,0.0712,0.0994,0.591,0.0335,0.39,True,0.092,52.8,1,131,0.0141,0.0221,0.2,0.76,2.13,0.0,False,2026-09-11,0.07374403273471253,0.08714831879227525,-0.01340428605756272,0.10515793779594751,11695000000.0,0.2515137401024686,2026-06-30,15951000000.0,4.85,-0.0061475409836066084,3.1915,False,True,Financial Services,Insurance - Property & Casualty,126458986496.0,,0.0104,,,
PGR,2.0,2023-10-13,2026-09-11,153,216.19,268.48,139.92,1.92,0.37,0.04,True,0.0901,0.1473,0.719,0.0339,0.59,True,0.092,52.8,1,150,0.0141,0.0221,0.16,0.79,2.66,0.01,False,2026-09-11,0.07374403273471253,0.08714831879227525,-0.01340428605756272,0.10515793779594751,11695000000.0,0.2515137401024686,2026-06-30,15951000000.0,4.85,-0.0061475409836066084,3.1915,False,True,Financial Services,Insurance - Property & Casualty,126458986496.0,,0.0104,,,
PHI,1.5,2023-09-29,2026-09-11,155,18.09,24.18,16.7,1.45,-0.07,-0.39,False,0.0524,0.0797,0.684,0.0432,0.19,False,-0.042,43.9,2,154,0.0195,0.0399,0.37,1.76,1.21,0.04,False,2026-09-11,0.030805625762012623,0.04307621614776491,-0.012270590385752289,0.016985234992505482,28573670083.0,0.5922188379706844,2026-06-30,42096194000.0,0.62,-0.9852731591448932,,False,True,Communication Services,Telecom Services,3908449024.0,,0.0059,,,
PHM,2.0,2023-11-03,2026-09-11,150,116.41,146.95,80.66,1.82,0.34,-0.03,True,0.09,0.1163,0.773,0.0462,0.54,True,0.081,42.0,3,148,0.0144,0.0192,0.16,0.82,1.95,0.03,False,2026-09-11,-0.09555436212959167,-0.12435692908429985,0.028802566954708175,-0.07276057627038757,1906447000.0,0.20724577242485923,2026-06-30,1512443000.0,2.48,-0.18151815181518147,4.2017,False,True,Consumer Cyclical,Residential Construction,22526916608.0,,0.0573,,,
PHR,2.0,2026-01-23,2026-09-11,34,10.17,15.84,8.06,1.97,-0.18,-0.75,False,0.1189,0.1492,0.647,0.058,0.27,True,0.153,41.6,0,22,0.0672,0.0522,0.57,0.57,2.05,0.03,False,2026-09-11,0.10407232100976493,0.12937310240132494,-0.02530078139156,0.1292519881157821,10447000.0,0.5883761528835607,2026-07-31,77507000.0,0.03,-0.888888888888889,-72.7273,False,True,Healthcare,Health Information Services,639951488.0,,0.058,,,
PINS,2.0,2025-11-07,2026-09-11,45,18.78,27.14,15.42,1.76,-0.35,-0.65,False,0.1209,0.1458,0.578,0.061,0.29,True,0.135,38.6,1,30,0.0318,0.0515,0.26,0.71,1.98,0.02,False,2026-09-11,0.18174924140501103,0.17839548625243862,0.003353755152572413,0.16642317750539082,248922000.0,0.7818394207114968,2026-06-30,1592086000.0,-0.04,-1.4444444444444446,-200.0,False,True,Communication Services,Internet Content & Information,10788262912.0,,0.1296,,,
PIPR,1.5,2025-06-20,2026-09-11,65,76.11,91.83,61.83,1.49,-0.06,-0.25,True,0.0409,0.0722,0.738,0.0551,0.48,False,-0.05,48.2,1,64,0.006,0.0054,0.15,0.25,0.74,0.02,True,2026-09-11,0.2599244432257868,0.36568099379738905,-0.10575655057160227,0.3470827001134986,307321000.0,0.955284995183918,2026-06-30,604498000.0,1.04,0.4054054054054055,22.3529,False,True,Financial Services,Capital Markets,5401330176.0,,0.042,,,
PJT,1.5,2024-09-20,2026-09-11,104,171.74,187.22,125.12,1.5,0.26,0.0,True,0.0734,0.0973,0.606,0.039,0.75,True,0.121,55.6,1,75,0.0171,0.0348,0.23,1.64,1.88,0.03,False,2026-09-11,0.1951563590605676,0.2886411467625589,-0.09348478770199131,0.2291386811099283,199533000.0,0.9910711715231652,2026-06-30,661825000.0,1.97,0.27922077922077915,19.3939,False,True,Financial Services,Capital Markets,6952289792.0,,0.0861,,,
PKX,2.0,2025-10-17,2026-09-11,48,61.6,90.82,49.64,1.83,0.19,-0.44,False,0.086,0.1448,0.375,0.0623,0.29,False,-0.177,52.5,0,11,0.0539,0.0813,0.63,1.26,1.38,0.02,False,2026-09-11,0.09702965639101069,0.02519559926123449,0.0718340571297762,0.0016624324961014292,1347960194000.0,0.08614154421309518,2026-06-30,-2329640577000.0,1.3,2.6516853932584272,52.9412,False,False,Basic Materials,Steel,19038285824.0,,0.0027,,,
PLAB,2.0,2025-12-12,2026-09-11,40,28.38,53.64,27.73,1.93,-0.25,-0.17,True,0.1035,0.1995,0.3,0.0544,0.03,False,-0.297,42.0,0,2,0.0513,0.0472,0.5,0.75,1.9,0.0,False,2026-09-11,0.02686863693831576,-0.004985971032077097,0.031854607970392856,0.012463908277969393,165085000.0,0.33202960466935433,2026-07-31,110381000.0,0.5,-0.01960784313725492,25.0,False,True,Technology,Semiconductor Equipment & Materials,1710327936.0,,0.1116,,,
PLMR,1.5,2025-06-20,2026-09-11,65,132.92,155.13,106.67,1.45,-0.07,-0.38,True,0.0514,0.0794,0.677,0.0476,0.54,True,0.12,55.1,1,15,0.0148,0.0213,0.29,0.93,1.08,0.03,False,2026-09-11,0.5640989926626041,0.5972811553371928,-0.03318216267458873,0.6057944274504785,203159000.0,0.458551060195978,2026-06-30,410849000.0,2.11,0.1988636363636363,11.6402,False,True,Financial Services,Insurance - Property & Casualty,3517621760.0,,0.0395,,,
PLMR,2.0,2024-07-19,2026-09-11,113,132.92,170.88,88.07,1.94,0.31,-0.05,True,0.092,0.1494,0.673,0.0524,0.54,True,0.12,55.1,3,97,0.0148,0.0213,0.16,1.04,1.76,0.03,False,2026-09-11,0.5640989926626041,0.5972811553371928,-0.03318216267458873,0.6057944274504785,203159000.0,0.458551060195978,2026-06-30,410849000.0,2.11,0.1988636363636363,11.6402,False,True,Financial Services,Insurance - Property & Casualty,3517621760.0,,0.0395,,,
PLOW,1.5,2026-01-16,2026-09-11,35,40.52,53.89,36.04,1.5,0.28,0.02,True,0.0479,0.0825,0.771,0.0418,0.25,True,0.017,43.9,0,34,0.0265,0.0442,0.55,1.21,1.15,0.03,False,2026-09-11,0.10457116098123276,0.1975370870883919,-0.09296592610715915,0.2005062326025473,52550000.0,0.3111885505571913,2026-06-30,48908000.0,1.07,-0.06140350877192969,21.5909,False,True,Consumer Cyclical,Auto Parts,928620352.0,,0.0293,,,
PLTK,2.0,2025-08-01,2026-09-11,59,2.22,4.17,2.2,1.89,-0.37,-0.77,False,0.0779,0.1428,0.593,0.0735,0.01,False,-0.036,34.7,1,1,0.0943,0.1504,1.21,0.78,1.06,0.02,True,2026-09-11,0.05043103448275854,0.05481586402266281,-0.004384829539904267,0.058396618158692126,-279700000.0,0.7361510053344276,2026-06-30,417215940.0,0.15,6.5,0.0,False,False,Communication Services,Electronic Gaming & Multimedia,881075968.0,,0.0909,,,
PLTR,2.0,2025-04-25,2026-09-11,73,165.86,200.47,112.78,1.78,0.0,-0.05,True,0.1339,0.1465,0.589,0.1053,0.61,True,0.052,55.6,0,72,0.0407,0.1469,0.3,0.75,1.27,0.01,False,2026-09-11,0.928334945705726,0.8471163256416494,0.08121862006407654,0.7892124221826102,3016692000.0,0.8466155919200771,2026-06-30,3359272000.0,0.41,1.5624999999999998,46.4286,False,True,Technology,Software - Infrastructure,401863442432.0,,0.0303,,,
PMT,1.5,2023-10-27,2026-09-11,151,9.17,12.84,8.72,1.47,0.06,-0.21,False,0.035,0.0624,0.854,0.0487,0.11,False,-0.087,36.7,2,150,0.0159,0.0259,0.45,1.04,0.72,0.03,False,2026-09-11,1.013828984370718,1.3847975097638185,-0.37096852539310055,1.3277059751907152,166274000.0,0.9305615455797809,2026-06-30,-10072063000.0,0.23,6.75,-23.3333,True,False,Real Estate,REIT - Mortgage,812725952.0,,0.1277,,,
PNFP,1.5,2024-12-13,2026-09-11,92,99.14,121.74,82.08,1.48,-0.35,-0.34,True,0.0559,0.0962,0.652,0.0465,0.43,True,0.091,50.7,2,26,0.018,0.0124,0.32,1.06,1.2,0.07,False,2026-09-11,1.0884462471974223,1.5283632293301386,-0.43991698213271624,0.6188335150190398,821147000.0,0.6059544658493871,2026-06-30,1509793000.0,2.5,0.25,1.626,False,True,Financial Services,Banks - Regional,15000950784.0,,0.0345,,,
PNFP,2.0,2023-11-03,2026-09-11,150,99.14,124.03,63.01,1.97,0.29,-0.39,True,0.0934,0.1371,0.753,0.0543,0.59,True,0.091,50.7,3,148,0.018,0.0124,0.19,1.65,1.72,0.04,True,2026-09-11,1.0884462471974223,1.5283632293301386,-0.43991698213271624,0.6188335150190398,821147000.0,0.6059544658493871,2026-06-30,1509793000.0,2.5,0.25,1.626,False,True,Financial Services,Banks - Regional,15000950784.0,,0.0345,,,
PNRG,2.0,2024-09-20,2026-09-11,104,214.51,268.16,135.24,1.98,0.16,0.01,True,0.1011,0.1462,0.654,0.049,0.6,False,-0.128,55.6,2,45,0.0516,0.0638,0.51,1.67,2.06,0.0,False,2026-09-11,-0.03738071891516992,-0.16317932305697913,0.1257986041418092,-0.19153053830702482,24818000.0,0.9651428571428572,2026-06-30,51006000.0,2.75,1.0676691729323307,-53.3898,False,True,Energy,Oil & Gas E&P,334102688.0,,0.1324,,,
POWL,2.0,2026-02-06,2026-09-11,32,176.89,309.15,161.09,1.92,0.17,0.09,True,0.182,0.2014,0.312,0.0745,0.11,False,-0.118,36.5,0,27,0.0755,0.0905,0.41,0.61,2.44,0.0,False,2026-09-11,0.08896053766858913,0.0645441462005305,0.02441639146805863,0.07039406398014414,190857000.0,0.3057002630397126,2026-06-30,243958000.0,1.42,0.07575757575757565,-4.698,False,True,Industrials,Electrical Equipment & Parts,6648943104.0,,0.092,,,
PPC,2.0,2024-03-01,2026-09-11,133,29.93,51.64,27.18,1.9,-0.03,-0.06,False,0.137,0.1687,0.579,0.0339,0.11,False,-0.095,44.8,2,132,0.0556,0.0429,0.41,0.86,4.04,0.03,False,2026-09-11,-0.02756462873880816,0.015600237418297747,-0.04316486615710591,0.014227819057019975,545606000.0,0.07344036072568809,2026-06-30,304421000.0,0.64,-0.6235294117647059,-14.6667,False,True,Consumer Defensive,Packaged Foods,7200401920.0,,0.0302,,,
PPIH,1.5,2025-10-10,2026-09-11,49,29.37,33.82,24.03,1.41,-0.11,-0.22,True,0.0893,0.1012,0.469,0.0903,0.55,False,-0.136,53.6,0,42,0.0468,0.0458,0.52,0.82,0.99,0.0,False,2026-09-11,0.24351801594922962,0.0752561661710911,0.16826184977813852,0.24784904993956913,15581000.0,0.2922087733140833,2026-07-31,13648000.0,0.79,6.552581261950287,43.6364,False,True,Industrials,Building Products & Equipment,253312976.0,,0.0616,,,
PPIH,2.0,2025-06-13,2026-09-11,66,29.37,33.82,17.33,1.95,0.28,0.05,True,0.1044,0.1318,0.576,0.0941,0.73,False,-0.136,53.6,0,65,0.0468,0.0458,0.45,0.82,1.11,0.0,False,2026-09-11,0.24351801594922962,0.0752561661710911,0.16826184977813852,0.24784904993956913,15581000.0,0.2922087733140833,2026-07-31,13648000.0,0.79,6.552581261950287,43.6364,False,True,Industrials,Building Products & Equipment,253312976.0,,0.0616,,,
PRAA,2.0,2026-02-27,2026-09-11,29,18.77,22.23,14.64,1.52,0.16,-0.45,False,0.0716,0.1091,0.621,0.075,0.54,True,0.036,53.3,0,16,0.0317,0.0346,0.44,0.88,0.95,0.0,False,2026-09-11,0.2801185963801964,0.15495344485982,0.12516515152037644,0.19393156818888135,-265048000.0,1.0,2026-06-30,-37848000.0,1.51,3.314285714285715,190.3846,False,False,Financial Services,Credit Services,712676800.0,,0.0311,,,
PRDO,1.5,2025-05-02,2026-09-11,72,32.84,37.17,27.56,1.35,0.31,-0.01,True,0.0508,0.0728,0.694,0.0539,0.55,False,-0.048,49.8,1,41,0.0211,0.03,0.42,1.07,0.94,0.03,False,2026-09-11,0.0180073575371813,0.041027398546506166,-0.023020041009324865,0.11675320351072527,177120000.0,1.0,2026-06-30,217980000.0,0.8,0.19402985074626866,0.0,False,True,Consumer Defensive,Education & Training Services,2066294400.0,,0.084,,,
PRGO,2.0,2025-11-07,2026-09-11,45,13.59,14.92,8.83,1.69,-0.18,-0.69,False,0.1175,0.1391,0.556,0.0441,0.78,True,0.12,57.3,0,25,0.0787,0.0971,0.67,0.98,2.66,0.02,False,2026-09-11,-0.031714475054435254,-0.07155857840789348,0.03984410335345823,-0.04186315302820154,-1734700000.0,0.306902620258115,2026-06-30,175000000.0,0.5,-0.12280701754385957,61.2903,False,False,Healthcare,Drug Manufacturers - Specialty & Generic,1890103808.0,,0.2493,,,
PRI,1.5,2024-06-21,2026-09-11,117,289.04,320.09,225.01,1.42,0.28,-0.08,True,0.0395,0.0696,0.795,0.0274,0.67,True,0.13,51.3,1,114,0.0377,0.0443,0.95,1.18,1.44,0.02,False,2026-09-11,0.09050214679921442,0.06456414480836625,0.02593800199084817,0.07582278705310408,796213000.0,0.8296918042186328,2026-06-30,859607000.0,6.41,0.173992673992674,7.5503,False,True,Financial Services,Insurance - Life,9000527872.0,,0.0481,,,
PRMB,2.0,2025-07-11,2026-09-11,62,20.56,28.26,14.14,2.0,0.02,-0.59,True,0.1091,0.1586,0.758,0.0419,0.45,True,0.105,42.7,1,44,0.019,0.0369,0.17,0.81,2.6,0.05,False,2026-09-11,0.038205884052944894,0.007684204003222339,0.030521680049722555,0.28369888051176595,100300000.0,0.30547823182273687,2026-06-30,378528110.0,0.34,0.030303030303030328,6.25,False,True,Consumer Defensive,Beverages - Non-Alcoholic,7510331904.0,,0.3148,,,
PRME,1.5,2026-03-06,2026-09-11,28,3.35,4.01,2.78,1.45,-0.23,-0.66,False,0.0827,0.0954,0.607,0.1726,0.47,True,0.011,49.2,1,13,0.0683,0.0776,0.83,0.97,0.48,0.0,False,2026-09-11,0.034977578475336335,-0.4112792297111417,0.44625680818647806,-0.17899617012699054,-187892000.0,1.0,2026-06-30,-156848000.0,-0.24,0.4146341463414634,0.0,False,False,Healthcare,Biotechnology,567709632.0,,0.2591,,,
PRTA,1.5,2025-08-08,2026-09-11,58,9.02,11.07,7.69,1.44,0.03,-0.88,False,0.0621,0.0874,0.69,0.0965,0.39,False,-0.074,47.6,0,57,0.0324,0.0344,0.52,0.72,0.64,0.0,False,2026-09-11,-0.7714932126696833,17.063649222065063,-17.835142434734745,4.273184411565612,-43992000.0,1.0,2026-06-30,-60711000.0,-0.32,0.815028901734104,17.9487,False,False,Healthcare,Biotechnology,458439200.0,,0.1993,,,
PRTA,2.0,2025-06-20,2026-09-11,65,9.02,11.07,5.72,1.94,0.35,-0.92,False,0.0717,0.1363,0.538,0.0965,0.62,False,-0.074,47.6,0,64,0.0324,0.0344,0.45,0.7,0.74,0.0,False,2026-09-11,-0.7714932126696833,17.063649222065063,-17.835142434734745,4.273184411565612,-43992000.0,1.0,2026-06-30,-60711000.0,-0.32,0.815028901734104,17.9487,False,False,Healthcare,Biotechnology,458439200.0,,0.1993,,,
PRU,1.5,2023-11-17,2026-09-11,148,118.48,123.7,82.69,1.5,0.22,-0.14,True,0.0563,0.0815,0.764,0.0358,0.87,True,0.198,60.9,0,147,0.0087,0.0177,0.15,1.07,1.57,0.04,False,2026-09-11,0.13452622428281646,0.14840806677993656,-0.0138818424971201,0.08928241401905268,3842000000.0,0.3204137666815657,2026-06-30,10969000000.0,4.08,0.13966480446927373,17.5793,False,True,Financial Services,Insurance - Life,41137799168.0,,0.0448,,,
PRVA,1.5,2024-11-01,2026-09-11,98,20.37,27.49,18.86,1.46,0.17,-0.35,False,0.0474,0.0774,0.765,0.0496,0.17,True,0.05,37.8,1,58,0.0415,0.1077,0.88,1.32,0.96,0.03,False,2026-09-11,0.21390455394097319,0.25776041091696045,-0.04385585697598726,0.24104257156706255,28124000.0,0.018609613834310736,2026-06-30,-48243000.0,0.07,2.5,-12.5,False,False,Healthcare,Health Information Services,2608332544.0,,0.0633,,,
PSA,1.5,2023-11-17,2026-09-11,148,294.6,337.25,228.32,1.48,0.37,-0.32,True,0.0547,0.0849,0.696,0.0329,0.61,True,0.08,43.1,5,146,0.0145,0.0135,0.27,1.11,1.66,0.02,False,2026-09-11,0.026465039372438826,0.029206784405468644,-0.0027417450330298188,0.0296863034831516,2044371000.0,0.7208927706729198,2026-06-30,3185176000.0,4.17,0.6162790697674417,-1.8824,False,True,Real Estate,REIT - Industrial,55401701376.0,,0.0419,,,
PSFE,2.0,2025-10-31,2026-09-11,46,6.25,11.01,6.11,1.8,-0.21,-0.75,False,0.0822,0.1332,0.5,0.0899,0.03,False,-0.054,38.4,0,30,0.0498,0.0861,0.61,0.83,0.91,0.02,False,2026-09-11,0.044897692296914204,0.10404738154613469,-0.05914968924922048,0.051268468990826044,-208304000.0,0.3918769723138538,2026-06-30,194670000.0,0.1,-0.7826086956521738,-74.359,False,False,Technology,Software - Infrastructure,331046112.0,,0.1122,,,
PSKY,1.5,2026-03-06,2026-09-11,28,10.38,11.87,7.96,1.49,-0.15,-0.58,False,0.0613,0.0941,0.679,0.0862,0.62,False,-0.059,50.1,0,6,0.061,0.0533,1.0,1.05,0.71,0.04,False,2026-09-11,0.009344429843772817,0.02155172413793105,-0.012207294294158233,0.02350813743218816,-621000000.0,0.06871112396933314,2026-06-30,440000000.0,0.18,-0.6086956521739131,20.0,False,False,Communication Services,Entertainment,11892625408.0,,0.1414,,,
PSO,1.5,2024-06-21,2026-09-11,117,15.6,17.29,11.66,1.48,0.22,-0.07,True,0.0754,0.093,0.598,0.023,0.7,True,0.138,51.7,1,116,0.0114,0.0276,0.15,0.99,3.28,0.06,False,2026-09-11,0.021737381413911017,1.1021250547320411,-1.0803876733181301,0.34417038414576884,760037863.0,0.5115233274600175,2026-06-30,1400604519.0,0.25,,,True,True,Communication Services,Publishing,9440015360.0,,0.0049,,,
PTCT,1.5,2025-09-12,2026-09-11,53,67.37,85.99,58.99,1.46,0.18,0.03,True,0.0574,0.0859,0.774,0.0703,0.31,True,0.076,43.8,1,50,0.0264,0.072,0.46,0.76,0.82,0.02,False,2026-09-11,1.0154800838574425,-0.7682578633036758,1.7837379471611183,-0.4284449969375539,-38382000.0,0.9447435502705821,2026-06-30,-332556000.0,0.92,2.108433734939759,641.1765,True,False,Healthcare,Biotechnology,5513420288.0,,0.1596,,,
PTON,2.0,2025-11-21,2026-09-11,43,4.92,6.84,3.71,1.84,-0.08,-0.64,False,0.088,0.1498,0.535,0.0966,0.39,True,0.099,40.5,0,26,0.0253,0.0472,0.29,0.84,0.91,0.0,False,2026-09-11,0.0013181743285548553,0.01105769230769238,-0.009739517979137524,-0.018026336919865105,63200000.0,0.5665624485766003,2026-06-30,394600000.0,0.13,1.5999999999999999,18.1818,False,True,Consumer Cyclical,Leisure,2172415488.0,,0.1448,,,
PVH,1.5,2026-03-20,2026-09-11,26,69.35,94.08,63.21,1.49,-0.15,-0.55,False,0.0632,0.1019,0.538,0.0621,0.2,False,-0.063,41.2,0,25,0.0551,0.0374,0.87,0.9,1.02,0.0,False,2026-09-11,-0.03239202657807305,0.0209215567654768,-0.05331358334354985,0.01640558245514101,-169000000.0,0.6303290414878397,2026-08-31,715000000.0,3.7,0.4682539682539683,20.1299,False,False,Consumer Cyclical,Apparel Manufacturing,3259176448.0,,0.1321,,,
PWP,2.0,2024-03-01,2026-09-11,133,15.17,25.43,12.87,1.98,0.07,-0.0,False,0.1164,0.1636,0.639,0.0504,0.18,False,-0.104,40.2,0,131,0.0283,0.0429,0.24,1.04,2.31,0.01,False,2026-09-11,0.00810217238692057,-0.2970009111036628,0.30510308349058335,-0.20868254398332053,22191000.0,0.9627727200127775,2026-06-30,88098000.0,0.2,1.2222222222222223,233.3333,False,True,Financial Services,Capital Markets,1439501056.0,,0.1398,,,
PXED,1.5,2025-10-10,2026-09-11,49,26.79,36.83,26.12,1.41,-0.38,,,0.051,0.0809,0.633,,0.06,True,0.018,41.1,0,25,0.0112,0.0388,0.22,0.88,,0.02,False,2026-09-11,0.21662354636849512,-0.12654892968762266,0.3431724760561178,0.04270687395722117,82897000.0,0.5503291010702683,2026-05-31,131219000.0,1.43,,11.7188,False,True,Consumer Defensive,Education & Training Services,967511552.0,,0.1437,,,
PXED,2.0,2025-10-10,2026-09-11,49,26.79,36.83,26.12,1.41,-0.38,,,0.051,0.0809,0.633,,0.06,True,0.018,41.1,0,25,0.0112,0.0388,0.22,0.88,,0.02,False,2026-09-11,0.21662354636849512,-0.12654892968762266,0.3431724760561178,0.04270687395722117,82897000.0,0.5503291010702683,2026-05-31,131219000.0,1.43,,11.7188,False,True,Consumer Defensive,Education & Training Services,967511552.0,,0.1437,,,
QCOM,2.0,2025-04-11,2026-09-11,75,176.88,248.74,125.65,1.98,0.3,-0.39,True,0.0851,0.1544,0.493,0.0481,0.42,False,-0.013,51.5,1,23,0.0164,0.0389,0.19,1.3,1.77,0.04,False,2026-09-11,-0.04032802701398941,-0.0346115311048365,-0.005716495909152908,0.018771528307557128,9259000000.0,0.5305117120739922,2026-06-30,10416000000.0,1.53,-0.44765342960288806,-0.6494,False,True,Technology,Semiconductors,194354970624.0,,0.0353,,,
QDEL,2.0,2026-03-13,2026-09-11,27,12.15,18.27,10.32,1.77,0.07,-0.79,False,0.1054,0.1511,0.556,0.096,0.23,True,0.138,39.4,0,17,0.0716,0.0889,0.68,0.69,1.1,0.04,False,2026-09-11,0.027691806483140624,-0.10536951501154734,0.13306132149468797,-0.024584184417858146,-1048400000.0,0.43255666508162943,2026-06-30,-211200000.0,0.13,0.08333333333333341,425.0,False,False,Healthcare,Medical Devices,807818496.0,,0.2809,,,
QNST,2.0,2025-02-21,2026-09-11,82,18.03,21.08,11.25,1.87,-0.21,-0.53,True,0.0912,0.1548,0.634,0.0564,0.69,True,0.41,58.7,1,30,0.0847,0.1155,0.93,1.89,1.62,0.02,False,2026-09-11,0.42671739412487497,0.2827395290577448,0.14397786506713017,0.1828645775712232,81235000.0,0.13322830770547534,2026-06-30,127529000.0,0.33,1.2000000000000002,10.0,False,True,Communication Services,Advertising Agencies,1049248128.0,,0.1226,,,
QRVO,1.5,2025-05-30,2026-09-11,68,112.36,112.36,76.02,1.48,0.29,-0.38,True,0.0594,0.0849,0.603,0.0726,1.0,True,0.055,69.1,1,67,0.0426,0.0459,0.72,0.88,0.82,0.01,False,2026-09-11,-0.04150453480674854,-0.07038393327460046,0.028879398467851924,-0.0017923473560411685,399197000.0,0.5109206862938729,2026-06-30,649508000.0,1.32,0.43478260869565216,53.4884,False,True,Technology,Semiconductors,10291053568.0,,0.0631,,,
QRVO,2.0,2024-09-06,2026-09-11,106,112.36,112.36,56.27,2.0,0.24,-0.54,True,0.0913,0.1359,0.774,0.051,1.0,True,0.055,69.1,1,74,0.0426,0.0459,0.47,0.8,1.79,0.01,False,2026-09-11,-0.04150453480674854,-0.07038393327460046,0.028879398467851924,-0.0017923473560411685,399197000.0,0.5109206862938729,2026-06-30,649508000.0,1.32,0.43478260869565216,53.4884,False,True,Technology,Semiconductors,10291053568.0,,0.0631,,,
QTRX,2.0,2026-03-13,2026-09-11,27,2.5,4.72,2.5,1.89,-0.35,-0.91,False,0.1401,0.1745,0.556,0.0987,0.0,True,0.034,38.1,0,0,0.1039,0.158,0.74,0.47,1.42,0.0,False,2026-09-11,0.34562852703034275,0.20288706107752774,0.142741465952815,0.23407166543253588,-123109000.0,0.3851577219959886,2026-06-30,-73975000.0,-0.45,0.042553191489361625,19.6429,False,False,Healthcare,Medical Devices,121070240.0,,0.1147,,,
RACE,1.5,2025-10-10,2026-09-11,49,408.64,436.54,311.04,1.4,0.06,-0.39,True,0.0613,0.0819,0.592,0.0428,0.78,True,0.159,57.6,1,25,0.016,0.0467,0.26,0.73,1.43,0.04,False,2026-09-11,0.08241169464625675,0.032011168504816334,0.050400526141440416,0.056353596426014896,1635424048.0,0.5259254326126032,2026-06-30,2939942462.0,3.05,0.2815126050420168,7.7739,False,True,Consumer Cyclical,Auto Manufacturers,72681472000.0,,0.0293,,,
RAIL,2.0,2026-03-06,2026-09-11,28,6.66,12.73,6.66,1.91,-0.32,-0.56,True,0.0514,0.1371,0.357,0.0972,0.0,False,-0.024,37.7,0,0,0.0572,0.0781,1.11,0.89,0.53,0.0,True,2026-09-11,-0.046238924997681785,-0.33214248623948484,0.28590356124180305,-0.005022925145536039,-12477000.0,0.054544008202372325,2026-06-30,17899000.0,-0.05,-1.4545454545454546,-150.0,False,False,Industrials,Railroads,223308608.0,,0.0314,,,
RBA,1.5,2024-10-18,2026-09-11,100,80.54,117.4,79.17,1.48,0.27,-0.06,False,0.0589,0.0886,0.68,0.0413,0.04,False,-0.027,30.6,1,99,0.0501,0.0664,0.85,1.29,1.43,0.02,False,2026-09-11,0.11053962900505909,0.11365686451380119,-0.0031172355087421,0.10147075328202804,485277005.0,0.1713613241211753,2026-06-30,612199732.0,1.08,0.009345794392523372,2.8571,False,True,Industrials,Specialty Business Services,15482719232.0,,0.1054,,,
RCI,1.5,2025-06-13,2026-09-11,66,36.09,39.1,26.35,1.48,0.31,-0.38,True,0.0428,0.0761,0.545,0.0264,0.76,False,-0.029,52.3,0,65,0.0193,0.0462,0.45,0.97,1.62,0.02,True,2026-09-11,0.0769618226610429,0.10168810289389074,-0.02472628023284784,0.0873681793577541,6168685439.0,0.22226179868292498,2026-06-30,2695137842.0,0.83,-0.27192982456140347,3.75,False,True,Communication Services,Telecom Services,19561555968.0,,0.0064,,,
RCKT,2.0,2025-05-30,2026-09-11,68,3.48,5.01,2.51,2.0,0.25,-0.92,False,0.0846,0.1337,0.676,0.0902,0.39,True,0.034,49.0,2,67,0.0601,0.0661,0.71,0.56,0.94,0.04,False,2026-09-11,,,,-1.0,-17250000.0,,2026-06-30,-170402000.0,-0.15,0.7457627118644067,-153.5714,False,False,Healthcare,Biotechnology,367744896.0,,0.1643,,,
RCL,1.5,2025-05-30,2026-09-11,68,259.01,357.11,249.38,1.43,-0.22,-0.04,True,0.0772,0.0949,0.544,0.0615,0.09,True,0.086,41.0,1,43,0.0664,0.0481,0.86,0.78,1.26,0.0,False,2026-09-11,0.0647862494490965,0.11327831957989498,-0.04849207013079848,0.08717411545623843,4402000000.0,0.4728890728476821,2026-06-30,-416000000.0,4.21,-0.03881278538812784,6.0453,False,False,Consumer Cyclical,Travel Services,69574991872.0,,0.06,,,
RCL,2.0,2025-04-11,2026-09-11,75,259.01,357.11,188.25,1.9,0.11,-0.28,True,0.0855,0.1223,0.72,0.0587,0.42,True,0.086,41.0,1,74,0.0664,0.0481,0.78,0.79,1.46,0.0,False,2026-09-11,0.0647862494490965,0.11327831957989498,-0.04849207013079848,0.08717411545623843,4402000000.0,0.4728890728476821,2026-06-30,-416000000.0,4.21,-0.03881278538812784,6.0453,False,False,Consumer Cyclical,Travel Services,69574991872.0,,0.06,,,
RDDT,2.0,2026-01-16,2026-09-11,35,155.34,231.01,121.84,1.9,0.01,-0.54,True,0.1024,0.1444,0.629,0.102,0.31,True,0.095,46.9,0,24,0.0281,0.0748,0.27,1.21,1.0,0.0,False,2026-09-11,0.611011814813851,0.6908178947448906,-0.07980607993103961,0.6659216832149712,871095000.0,0.9126505612463582,2026-06-30,1018649000.0,1.25,0.35869565217391297,26.2626,False,True,Communication Services,Internet Content & Information,30354399232.0,,0.1396,,,
RDNT,1.5,2025-12-12,2026-09-11,40,74.28,78.2,52.39,1.49,-0.15,-0.37,True,0.1201,0.1215,0.425,0.0654,0.85,True,0.205,60.4,1,17,0.0268,0.0852,0.22,0.87,1.84,0.0,True,2026-09-11,0.24986452040222384,0.22111205157414426,0.02875246882807958,0.1892474966874087,-21116000.0,0.14144398766700925,2026-06-30,-58450000.0,0.29,-0.06451612903225812,61.1111,False,False,Healthcare,Diagnostics & Research,5940893696.0,,0.1494,,,
RDNT,2.0,2024-03-01,2026-09-11,133,74.28,83.41,44.35,1.88,0.27,0.15,True,0.1184,0.1554,0.647,0.0563,0.77,True,0.205,60.4,2,132,0.0268,0.0852,0.23,1.07,2.1,0.02,False,2026-09-11,0.24986452040222384,0.22111205157414426,0.02875246882807958,0.1892474966874087,-21116000.0,0.14144398766700925,2026-06-30,-58450000.0,0.29,-0.06451612903225812,61.1111,False,False,Healthcare,Diagnostics & Research,5940893696.0,,0.1494,,,
RDWR,1.5,2025-04-18,2026-09-11,74,28.0,31.45,21.28,1.48,0.39,-0.12,True,0.0759,0.0905,0.635,0.0528,0.66,True,0.064,50.7,2,73,0.0133,0.0283,0.18,1.25,1.44,0.03,False,2026-09-11,0.108670753890723,0.10729893588978756,0.001371818000935443,0.099843151104694,16948000.0,0.8077418570734078,2026-06-30,33570220.0,0.13,-0.5357142857142857,-53.5714,False,True,Technology,Software - Infrastructure,1174101376.0,,0.0251,,,
REAL,1.5,2026-02-13,2026-09-11,31,9.55,12.45,8.57,1.45,0.15,-0.48,True,0.0945,0.1141,0.516,0.1033,0.25,True,0.131,42.4,0,24,0.0557,0.0544,0.59,1.0,0.91,0.0,False,2026-09-11,0.1657686999055621,0.18547424593677553,-0.01970554603121344,0.17730634518682953,-81130000.0,0.7436322187660656,2026-06-30,30175000.0,-0.07,0.4615384615384615,12.5,False,False,Consumer Cyclical,Luxury Goods,1196027008.0,,0.1529,,,
REAL,2.0,2025-09-05,2026-09-11,54,9.55,16.59,8.57,1.94,-0.23,-0.21,True,0.115,0.185,0.537,0.1225,0.12,True,0.131,42.4,1,24,0.0557,0.0544,0.48,0.89,0.94,0.0,False,2026-09-11,0.1657686999055621,0.18547424593677553,-0.01970554603121344,0.17730634518682953,-81130000.0,0.7436322187660656,2026-06-30,30175000.0,-0.07,0.4615384615384615,12.5,False,False,Consumer Cyclical,Luxury Goods,1196027008.0,,0.1529,,,
REGN,2.0,2024-10-25,2026-09-11,99,793.26,924.3,487.04,1.9,0.17,-0.59,True,0.1138,0.1398,0.677,0.0294,0.7,True,0.045,58.8,1,67,0.0266,0.0949,0.23,0.95,3.87,0.01,False,2026-09-11,0.16734682772880616,0.19041172780400828,-0.02306490007520212,0.09290005768879017,4328700000.0,0.8656396392197078,2026-06-30,3521900000.0,12.53,-0.027928626842513668,56.625,False,True,Healthcare,Biotechnology,80458293248.0,,0.0262,,,
REPX,1.5,2026-03-06,2026-09-11,28,43.2,43.2,32.12,1.35,0.37,-0.05,True,0.0503,0.079,0.357,0.045,1.0,True,0.02,70.2,0,10,0.067,0.0534,1.33,0.69,1.12,0.0,False,2026-09-11,0.9421739232264561,0.1115004343285475,0.8306734888979086,0.231556307825445,118673000.0,0.7536147120892372,2026-06-30,59496000.0,2.55,1.4999999999999998,65.5844,False,True,Energy,Oil & Gas E&P,943990656.0,,0.0453,,,
RERE,2.0,2025-06-27,2026-09-11,64,3.98,5.76,3.05,1.89,0.17,-0.07,True,0.097,0.1558,0.641,0.0924,0.34,False,-0.098,43.7,0,58,0.0384,0.0276,0.4,0.64,1.05,0.02,False,2026-09-11,0.320380341442843,0.3263142765016471,-0.0059339350588041295,0.3030513780511548,485013464.0,0.2102110809911565,2026-06-30,,0.08,-0.813953488372093,-11.1111,False,,Consumer Cyclical,Internet Retail,879318720.0,,0.0214,,,
RES,1.5,2025-12-05,2026-09-11,41,6.46,7.9,5.32,1.48,0.19,-0.28,True,0.0802,0.0971,0.561,0.0639,0.44,False,-0.13,53.5,0,37,0.0181,0.0525,0.23,0.77,1.26,0.02,False,2026-09-11,0.09519758370186948,0.366135239142386,-0.2709376554405165,0.25359588813057266,22832000.0,0.1565933052559404,2026-06-30,39074000.0,0.08,0.0,100.0,False,True,Energy,Oil & Gas Equipment & Services,1429687680.0,,0.2691,,,
RES,2.0,2023-10-06,2026-09-11,154,6.46,8.22,4.12,2.0,-0.26,-0.63,True,0.1081,0.1557,0.708,0.0626,0.57,False,-0.13,53.5,3,48,0.0181,0.0525,0.17,0.86,1.73,0.02,False,2026-09-11,0.09519758370186948,0.366135239142386,-0.2709376554405165,0.25359588813057266,22832000.0,0.1565933052559404,2026-06-30,39074000.0,0.08,0.0,100.0,False,True,Energy,Oil & Gas Equipment & Services,1429687680.0,,0.2691,,,
REX,1.5,2026-02-20,2026-09-11,30,42.13,50.06,34.18,1.46,0.21,-0.04,True,0.0551,0.0886,0.6,0.0367,0.5,False,-0.047,48.1,0,29,0.0344,0.0245,0.62,0.88,1.5,0.0,False,2026-09-11,0.1787302207955197,0.03604900846280157,0.14268121233271813,0.05311780778082742,120558000.0,0.2851746627929996,2026-07-31,68552000.0,1.06,3.8181818181818183,457.8947,False,True,Basic Materials,Chemicals,1380770048.0,,0.0373,,,
REXR,1.5,2024-10-04,2026-09-11,102,37.0,44.62,30.62,1.46,-0.13,-0.46,False,0.0594,0.0776,0.765,0.0361,0.46,True,0.053,53.3,3,74,0.0081,0.0182,0.14,0.96,1.65,0.02,False,2026-09-11,-0.016035622247071224,-0.028574599563195857,0.012538977316124633,-0.0020779863197544213,-391219000.0,0.771027999315699,2026-06-30,227152000.0,0.63,1.1724137931034484,5.0,False,False,Real Estate,REIT - Industrial,8697254912.0,,0.0543,,,
REZI,2.0,2025-06-27,2026-09-11,64,18.83,30.95,15.62,1.98,0.02,-0.18,True,0.0948,0.1522,0.703,0.0602,0.21,False,-0.086,38.8,1,63,0.0567,0.0884,0.6,1.0,1.57,0.0,False,2026-09-11,0.019557385486361323,0.08022598870056497,-0.06066860321420364,0.034193809974320866,427000000.0,0.3003533568904594,2026-06-30,-1399000000.0,0.75,0.1363636363636363,22.9508,False,False,Industrials,Industrial Distribution,2901803520.0,,0.0797,,,
RGEN,2.0,2024-02-23,2026-09-11,134,164.68,198.03,102.87,1.93,-0.23,-0.59,True,0.1253,0.1443,0.649,0.0715,0.65,True,0.298,58.8,3,17,0.0373,0.1038,0.3,1.76,1.75,0.01,True,2026-09-11,0.11933145432810943,0.1482692171281299,-0.028937762800020472,0.16491432675130135,41539000.0,0.5308286957203323,2026-06-30,110777000.0,0.54,0.4594594594594596,20.0,False,True,Healthcare,Medical Instruments & Supplies,9322035200.0,,0.1175,,,
RGLD,1.5,2026-03-06,2026-09-11,28,253.98,278.67,189.17,1.47,-0.24,-0.37,True,0.1052,0.1106,0.429,0.0523,0.72,False,-0.046,58.4,0,8,0.0752,0.0764,0.71,0.94,2.01,0.0,False,2026-09-11,1.149077240833226,1.447502282509456,-0.29842504167622996,0.9430604311757798,737957000.0,0.6460705954423479,2026-06-30,585000.0,2.56,0.4143646408839779,-2.2901,False,True,Basic Materials,Gold,21375143936.0,,0.0345,,,
RGP,1.5,2025-08-01,2026-09-11,59,3.89,5.02,3.5,1.44,-0.34,-0.74,False,0.0691,0.0969,0.627,0.057,0.26,True,0.037,44.1,1,27,0.0286,0.0331,0.41,0.78,1.21,0.02,False,2026-09-11,-0.23844552892206117,-0.16616449574313574,-0.07228103317892542,-0.1801549341502654,-40601000.0,0.386373274277906,2026-05-31,347000.0,-0.11,-1.6875,21.4286,False,False,Industrials,Consulting Services,136741184.0,,0.0291,,,
RH,2.0,2026-01-30,2026-09-11,33,134.02,211.16,113.46,1.86,-0.06,-0.75,False,0.116,0.1702,0.485,0.0933,0.21,True,0.22,41.8,0,23,0.0832,0.0959,0.72,0.83,1.24,0.0,True,2026-09-11,0.025578573565507856,-0.016738087749646136,0.04231666131515399,0.03346177276378892,111510000.0,0.48240850187062845,2026-07-31,247734000.0,2.7,-0.07849829351535835,542.8571,False,True,Consumer Cyclical,Specialty Retail,2538369024.0,,0.5211,,,
RICK,1.5,2025-09-19,2026-09-11,52,28.62,30.98,21.28,1.46,0.26,-0.67,False,0.0584,0.096,0.635,0.0481,0.76,True,0.146,55.1,2,26,0.0531,0.0481,0.91,0.81,1.21,0.02,False,2026-09-11,0.03927190948063819,0.04320238022952205,-0.003930470748883863,0.009877971732602742,-4979000.0,0.5733915795453008,2026-06-30,40758000.0,0.83,0.8043478260869563,,False,False,Consumer Cyclical,Restaurants,222378512.0,,0.0994,,,
RIG,1.5,2026-01-23,2026-09-11,34,5.77,7.04,4.83,1.46,-0.27,-0.26,True,0.0986,0.1038,0.471,0.0842,0.43,False,-0.152,52.6,0,33,0.0208,0.0395,0.21,1.08,1.17,0.0,False,2026-09-11,-0.022267206477732837,0.19315673289183222,-0.21542393936956505,0.08539799683711125,-1657000000.0,0.37060041407867494,2026-06-30,904000000.0,0.03,0.4999999999999999,200.0,False,False,Energy,Oil & Gas Drilling,6332710400.0,,0.2607,,,
RIGL,2.0,2025-08-08,2026-09-11,58,47.28,50.49,25.81,1.96,0.08,-0.07,True,0.1619,0.1851,0.534,0.1133,0.87,True,0.424,66.8,2,24,0.0804,0.092,0.5,1.0,1.43,0.05,False,2026-09-11,-0.22601170280769045,0.10284439277745494,-0.3288560955851454,0.03308437935062947,321909000.0,0.8916813844453197,2026-06-30,79389000.0,0.88,-0.7317073170731707,-3.2967,False,True,Healthcare,Biotechnology,882436800.0,,0.1749,,,
RILY,2.0,2026-01-09,2026-09-11,36,6.58,10.68,6.45,1.66,-0.12,-0.82,False,0.0715,0.1297,0.389,0.1711,0.03,False,-0.11,43.7,0,28,0.012,0.0391,0.17,0.65,0.42,0.0,False,2026-09-11,-0.07715992870301513,1.3208555874309198,-1.398015516133935,0.2971393703935512,393334000.0,0.6893190910416093,2026-06-30,293628000.0,0.45,1.0547445255474452,,True,True,Financial Services,Financial Conglomerates,265318384.0,,0.1673,,,
RIVN,1.5,2026-01-02,2026-09-11,37,16.05,19.41,13.79,1.41,-0.04,-0.39,True,0.0518,0.0813,0.676,0.0789,0.4,True,0.06,50.1,1,17,0.0104,0.0293,0.2,0.76,0.66,0.0,False,2026-09-11,0.27244819646968543,0.1137096774193549,0.15873851905033054,0.14210832847990673,-3233000000.0,0.10796139927623644,2026-06-30,-3489000000.0,-0.64,0.20000000000000004,22.8916,False,False,Consumer Cyclical,Auto Manufacturers,23209205760.0,,0.1409,,,
RIVN,2.0,2025-04-11,2026-09-11,75,16.05,22.45,11.47,1.96,0.32,-0.57,True,0.0874,0.1349,0.64,0.0924,0.42,True,0.06,50.1,2,74,0.0104,0.0293,0.12,0.73,0.95,0.0,True,2026-09-11,0.27244819646968543,0.1137096774193549,0.15873851905033054,0.14210832847990673,-3233000000.0,0.10796139927623644,2026-06-30,-3489000000.0,-0.64,0.20000000000000004,22.8916,False,False,Consumer Cyclical,Auto Manufacturers,23209205760.0,,0.1409,,,
RJET,1.5,2025-08-15,2026-09-11,57,17.21,23.57,16.04,1.47,0.0,-0.28,False,0.0625,0.0882,0.684,0.1018,0.15,False,-0.021,45.1,1,56,0.0713,0.0779,1.14,1.2,0.61,0.0,False,2026-09-11,5.155156061389895,0.3358662613981762,4.819289799991719,1.3415052813161226,48976000.0,0.27683417965330065,2026-06-30,-43142000.0,0.89,0.78,,False,False,Industrials,Airlines,824959616.0,,0.0544,,,
RJF,1.5,2024-10-04,2026-09-11,102,173.53,180.81,121.59,1.49,0.32,-0.02,True,0.049,0.0797,0.725,0.0316,0.88,True,0.143,58.4,1,75,0.0135,0.0298,0.28,1.09,1.55,0.0,False,2026-09-11,0.15213946117274157,0.1242416249010816,0.02789783627165998,0.09141309953584331,2306000000.0,0.6620816139385602,2026-06-30,2272000000.0,3.14,0.4403669724770642,7.9038,False,True,Financial Services,Asset Management,33321666560.0,,0.0463,,,
RKT,2.0,2025-05-16,2026-09-11,70,13.19,23.29,12.65,1.84,-0.21,-0.36,True,0.1111,0.1664,0.443,0.0715,0.05,False,-0.019,43.5,1,14,0.0316,0.0341,0.28,0.92,1.55,0.0,False,2026-09-11,0.8199609959135294,1.4861459561991568,-0.6661849602856273,0.8817657422639269,471146000.0,0.890193108670958,2026-06-30,-773367000.0,0.13,2.25,0.0,False,False,Financial Services,Mortgage Finance,37321048064.0,,0.0577,,,
RLMD,2.0,2026-02-20,2026-09-11,30,4.07,7.64,4.07,1.88,-0.38,-0.4,True,0.1644,0.1918,0.4,0.2443,0.0,False,-0.234,35.2,0,0,0.071,0.1448,0.43,0.74,0.67,0.0,False,2026-09-11,,,,,-61925397.0,,2026-06-30,-45991999.0,-0.11,0.6333333333333334,47.619,False,False,Healthcare,Biotechnology,482147712.0,,0.1354,,,
RM,1.5,2025-07-04,2026-09-11,63,32.75,43.12,30.34,1.42,-0.06,-0.11,True,0.0764,0.0965,0.587,0.0568,0.19,True,0.046,43.3,1,26,0.0179,0.0623,0.23,1.74,1.35,0.03,False,2026-09-11,0.06709772487646237,0.09363457477756643,-0.026536849901104054,0.09627701408975775,46819000.0,0.9710307965191719,2026-06-30,317449000.0,0.85,-0.1747572815533981,4.9383,False,True,Financial Services,Credit Services,304358944.0,,0.0463,,,
RMBS,2.0,2025-09-12,2026-09-11,53,85.35,158.4,85.35,1.86,0.19,0.14,True,0.0879,0.1684,0.264,0.0683,0.0,False,-0.185,39.2,0,0,0.0606,0.1116,0.69,0.95,1.29,0.0,False,2026-09-11,0.2042634240951402,0.08115129842077473,0.12311212567436547,0.17171969114840246,239680000.0,0.7976083130409625,2026-06-30,299535000.0,0.64,0.06666666666666674,10.3448,False,True,Technology,Semiconductors,9432905728.0,,0.0757,,,
RMD,2.0,2023-11-24,2026-09-11,147,219.58,290.65,149.88,1.94,0.36,-0.4,True,0.0924,0.1355,0.762,0.0495,0.5,True,0.008,50.3,2,146,0.0455,0.0568,0.49,1.32,1.87,0.02,False,2026-09-11,0.08579718143936943,0.10812580898883373,-0.022328627549464297,0.09853940489984403,1523293000.0,0.5884041712243457,2026-06-30,2889568000.0,2.95,0.15686274509803935,1.7241,False,True,Healthcare,Medical Instruments & Supplies,31485952000.0,,0.1045,,,
RMNI,2.0,2025-02-14,2026-09-11,83,4.57,5.65,3.03,1.86,0.32,-0.41,True,0.1128,0.1525,0.566,0.0854,0.59,True,0.311,52.1,2,30,0.044,0.0614,0.39,1.85,1.32,0.04,False,2026-09-11,0.06685940411472036,0.012178035392115483,0.05468136872260487,0.0059994897039581385,7249000.0,0.6094710781003826,2026-06-30,63872000.0,0.04,-0.8750000000000001,0.0,False,True,Technology,Software - Application,423836224.0,,0.0428,,,
ROAD,1.5,2025-05-09,2026-09-11,71,96.12,140.48,94.89,1.48,0.12,-0.07,True,0.0646,0.0885,0.648,0.0702,0.03,False,-0.065,41.1,0,9,0.0413,0.0429,0.64,1.11,0.92,0.03,False,2026-09-11,0.2824939013983474,0.3455715910084842,-0.06307768961013682,0.41917598044616367,142510000.0,0.1684860588862718,2026-06-30,175560000.0,1.08,0.3333333333333333,1.8868,False,True,Industrials,Engineering & Construction,5656826368.0,,0.0743,,,
ROAD,2.0,2025-04-11,2026-09-11,75,96.12,140.48,77.45,1.81,0.23,-0.24,True,0.0642,0.1084,0.8,0.0669,0.3,False,-0.065,41.1,0,73,0.0413,0.0429,0.64,1.12,0.96,0.03,False,2026-09-11,0.2824939013983474,0.3455715910084842,-0.06307768961013682,0.41917598044616367,142510000.0,0.1684860588862718,2026-06-30,175560000.0,1.08,0.3333333333333333,1.8868,False,True,Industrials,Engineering & Construction,5656826368.0,,0.0743,,,
ROCK,1.5,2026-02-20,2026-09-11,30,44.52,52.79,35.38,1.49,0.28,-0.56,False,0.0567,0.0937,0.633,0.055,0.52,True,0.154,49.4,0,17,0.0298,0.044,0.53,0.93,1.03,0.0,True,2026-09-11,0.6462649870604846,0.22851231832836238,0.41775266873212225,0.11008841568438021,-8847000.0,0.2592047446064838,2026-06-30,42678000.0,1.11,-0.017699115044247607,8.8235,False,False,Industrials,Building Products & Equipment,1369194240.0,,0.0923,,,
ROL,2.0,2023-10-27,2026-09-11,151,34.56,64.11,34.56,1.86,0.37,-0.19,False,0.1197,0.1415,0.675,0.0381,0.0,False,-0.242,20.6,2,0,0.0232,0.051,0.19,1.93,3.14,0.04,False,2026-09-11,0.07908640787092303,0.10202989894274062,-0.02294349107181759,0.09902029704772763,531716000.0,0.49726305795790005,2026-06-30,619169000.0,0.32,0.06666666666666674,-5.8824,False,True,Consumer Cyclical,Personal Services,16710179840.0,,0.0521,,,
ROOT,1.5,2026-01-30,2026-09-11,33,52.79,64.36,43.21,1.49,0.14,-0.73,False,0.0556,0.1024,0.636,0.1036,0.45,True,0.083,43.7,0,23,0.0346,0.0538,0.62,0.79,0.54,0.06,False,2026-09-11,0.01645338208409508,0.12621637092157978,-0.1097629888374847,0.14860408881072762,61200000.0,0.38360739979445013,2026-06-30,179200000.0,1.42,0.1544715447154471,97.2222,False,True,Financial Services,Insurance - Property & Casualty,828656576.0,,0.1418,,,
RPAY,2.0,2025-10-10,2026-09-11,49,3.56,5.09,2.58,1.97,-0.04,-0.77,False,0.0726,0.1383,0.755,0.0603,0.39,True,0.129,47.4,1,23,0.0352,0.0361,0.48,0.55,1.2,0.0,False,2026-09-11,0.3316187554544734,0.04486259295182671,0.2867561625026467,0.08841790525410231,-167452000.0,0.7013157241447793,2026-06-30,55491000.0,0.16,-0.20000000000000004,6.6667,False,False,Technology,Software - Infrastructure,313936416.0,,0.0662,,,
RPC,1.5,2026-02-06,2026-09-11,32,7.9,10.06,6.85,1.47,0.18,-0.5,False,0.053,0.0788,0.75,0.0554,0.33,True,0.071,43.0,0,24,0.0128,0.0258,0.24,0.94,0.96,0.0,True,2026-09-11,0.11292363556338025,0.10872360234678657,0.004200033216593679,0.044338312841256444,27377000.0,0.9217935091578713,2026-06-30,53204000.0,0.16,-0.30434782608695654,-5.8824,False,True,Financial Services,Asset Management,894033728.0,,0.0581,,,
RPM,1.5,2023-11-03,2026-09-11,150,99.31,134.2,91.63,1.46,-0.02,-0.08,False,0.0457,0.0787,0.747,0.038,0.18,True,0.065,42.1,3,149,0.0145,0.0186,0.32,1.47,1.2,0.04,False,2026-09-11,0.0719797307844714,0.08898170208904199,-0.017001971304570596,0.06656743496634321,661392000.0,0.42567035645556234,2026-05-31,675201000.0,1.89,0.09883720930232553,2.7174,False,True,Basic Materials,Specialty Chemicals,12791104512.0,,0.0409,,,
RRC,1.5,2024-11-08,2026-09-11,97,41.88,47.52,32.48,1.46,0.36,-0.12,True,0.0657,0.0819,0.619,0.0426,0.62,False,-0.067,56.8,1,96,0.0241,0.0536,0.37,0.96,1.54,0.03,False,2026-09-11,0.19141652862086156,0.221949409685134,-0.030532881064272432,0.19048663600236915,860347000.0,0.586618296461849,2026-06-30,1174050999.0,0.74,0.12121212121212115,42.3077,False,True,Energy,Oil & Gas E&P,9615912960.0,,0.1267,,,
RRX,1.5,2026-01-09,2026-09-11,36,156.52,226.42,152.11,1.49,0.03,-0.14,True,0.0821,0.1176,0.389,0.057,0.06,False,-0.041,35.3,0,35,0.0625,0.1032,0.76,1.03,1.44,0.0,True,2026-09-11,0.041641601497226066,0.043015302164868485,-0.001373700667642419,0.03502656893399636,324000000.0,0.39245379876796715,2026-06-30,466300000.0,2.99,0.20564516129032268,15.0,False,True,Industrials,Specialty Industrial Machinery,10803575808.0,,0.0539,,,
RUM,2.0,2025-08-01,2026-09-11,59,7.36,9.19,4.71,1.95,-0.03,-0.69,False,0.1195,0.1605,0.661,0.1771,0.59,True,0.039,51.9,1,24,0.1858,0.1057,1.55,1.28,0.67,0.0,False,2026-09-11,0.6092218378655838,0.07394531271420557,0.5352765251513782,0.1304886730940089,-158370315.0,0.20828374630041924,2026-06-30,-153965300.0,-0.15,-0.25,-50.0,False,False,Communication Services,Internet Content & Information,3554959104.0,,0.1275,,,
RVLV,1.5,2026-01-30,2026-09-11,33,20.48,27.65,18.61,1.49,-0.31,-0.5,False,0.0619,0.1038,0.667,0.0659,0.21,True,0.055,40.0,0,17,0.0438,0.0471,0.71,0.92,0.94,0.0,False,2026-09-11,0.12439355149836073,0.1556103791930814,-0.031216827694720672,0.10801451773026849,72640000.0,0.566097206430535,2026-06-30,25424000.0,0.26,0.7333333333333335,30.0,False,True,Consumer Cyclical,Internet Retail,1511968640.0,,0.1402,,,
RVLV,2.0,2024-12-20,2026-09-11,91,20.48,34.1,17.71,1.93,-0.16,-0.52,False,0.0973,0.1623,0.538,0.0899,0.17,True,0.055,40.0,0,70,0.0438,0.0471,0.45,0.84,1.08,0.0,False,2026-09-11,0.12439355149836073,0.1556103791930814,-0.031216827694720672,0.10801451773026849,72640000.0,0.566097206430535,2026-06-30,25424000.0,0.26,0.7333333333333335,30.0,False,True,Consumer Cyclical,Internet Retail,1511968640.0,,0.1402,,,
RWAY,1.5,2026-02-13,2026-09-11,31,6.51,7.45,5.05,1.48,-0.26,-0.45,False,0.0823,0.1005,0.71,0.0331,0.61,False,-0.031,54.4,0,11,0.0099,0.0586,0.12,0.72,2.49,0.03,False,2026-09-11,-1.2696124995905533,1.236613972463029,-2.5062264720535823,-0.49347260601444054,7762000.0,1.4743044587534928,2026-06-30,-75366000.0,0.43,0.13157894736842102,48.2759,False,False,Financial Services,Asset Management,277024480.0,,0.1036,,,
RXRX,1.5,2026-01-30,2026-09-11,33,3.16,4.19,2.93,1.43,-0.29,-0.78,False,0.0539,0.0894,0.576,0.1266,0.18,True,0.011,45.5,0,17,0.0533,0.0836,0.99,1.01,0.43,0.0,False,2026-09-11,-0.5984923833952782,-0.5610715496778569,-0.03742083371742133,-0.14875622662590582,-518886000.0,-0.49817470664928293,2026-06-30,-354265000.0,-0.25,0.39024390243902435,-8.6957,False,False,Healthcare,Biotechnology,1716067456.0,,0.3503,,,
RYAAY,1.5,2025-05-23,2026-09-11,69,53.0,72.7,52.97,1.37,0.03,-0.04,True,0.0633,0.084,0.536,0.0414,0.0,True,0.021,39.5,0,17,0.0242,0.0512,0.38,0.73,1.53,0.0,False,2026-09-11,0.010720213943194334,0.11170455491228837,-0.10098434096909403,0.06631097366984995,1884996135.0,0.17755069455532493,2026-06-30,1709158478.0,1.19,-0.335195530726257,-4.8,False,True,Industrials,Airlines,27883685888.0,,0.0046,,,
S,2.0,2025-02-21,2026-09-11,82,19.81,23.11,11.94,1.94,-0.17,-0.6,True,0.0984,0.14,0.707,0.0657,0.7,True,0.284,56.3,1,22,0.0455,0.0864,0.46,1.36,1.5,0.0,False,2026-09-11,0.205621368964791,0.20795619768675588,-0.0023348287219648878,0.21085189132238824,-340087000.0,0.7206564810723985,2026-07-31,38323000.0,-0.18,0.18181818181818185,-38.4615,False,False,Technology,Software - Infrastructure,6873970176.0,,0.0541,,,
SA,1.5,2026-03-06,2026-09-11,28,30.95,34.11,24.43,1.4,-0.02,-0.38,True,0.0651,0.0948,0.536,0.0802,0.67,False,-0.025,52.7,0,25,0.0359,0.0924,0.55,0.85,0.81,0.0,False,2026-09-11,,,,,34825503.0,,2026-06-30,-174859224.0,-0.09,-2.174934725848564,-125.0,False,False,Basic Materials,Gold,3345086464.0,,0.0428,,,
SA,2.0,2025-09-19,2026-09-11,52,30.95,39.35,20.15,1.95,0.26,0.07,True,0.0802,0.1358,0.731,0.0701,0.56,False,-0.025,52.7,1,51,0.0359,0.0924,0.45,0.78,1.14,0.02,False,2026-09-11,,,,,34825503.0,,2026-06-30,-174859224.0,-0.09,-2.174934725848564,-125.0,False,False,Basic Materials,Gold,3345086464.0,,0.0428,,,
SABS,1.5,2025-10-24,2026-09-11,47,3.42,4.39,3.03,1.45,-0.0,-0.69,False,0.0501,0.0739,0.787,0.1518,0.29,True,0.008,45.1,1,46,0.0296,0.0317,0.59,0.96,0.33,0.02,False,2026-09-11,,,,-1.0,-12775159.0,,2026-06-30,-72695650.0,-0.28,0.7431192660550459,3.4483,False,False,Healthcare,Biotechnology,310263520.0,,0.0468,,,
SABS,2.0,2025-10-10,2026-09-11,49,3.42,4.39,2.29,1.92,0.15,-0.77,False,0.0529,0.1032,0.633,0.155,0.54,True,0.008,45.1,1,48,0.0296,0.0317,0.56,0.97,0.34,0.02,False,2026-09-11,,,,-1.0,-12775159.0,,2026-06-30,-72695650.0,-0.28,0.7431192660550459,3.4483,False,False,Healthcare,Biotechnology,310263520.0,,0.0468,,,
SAFE,1.5,2024-12-13,2026-09-11,92,14.36,18.88,12.79,1.48,-0.15,-0.57,False,0.0517,0.0851,0.663,0.0434,0.26,True,0.082,42.8,2,42,0.0345,0.0459,0.67,0.75,1.19,0.05,False,2026-09-11,0.22169177980008947,0.07239165822046134,0.14930012157962813,0.10513611479406348,116174000.0,0.8717617710168694,2026-06-30,36947000.0,0.42,0.07692307692307684,2.439,False,True,Real Estate,REIT - Diversified,993552384.0,,0.0891,,,
SAIA,2.0,2025-01-31,2026-09-11,85,346.0,489.51,245.63,1.99,0.37,-0.59,False,0.1395,0.188,0.518,0.066,0.41,False,-0.079,41.0,1,72,0.0281,0.095,0.2,0.8,2.11,0.01,False,2026-09-11,0.17057452133420625,0.023681554137701122,0.14689296719650513,0.04838792920950197,277964000.0,0.18212869082294295,2026-06-30,255227000.0,3.51,0.31460674157303364,5.0898,False,True,Industrials,Trucking,9339722752.0,,0.0485,,,
SAIL,2.0,2026-01-02,2026-09-11,37,17.64,19.83,10.49,1.89,0.19,-0.57,,0.1559,0.1721,0.486,0.0683,0.77,True,0.226,53.1,0,22,0.0507,0.1127,0.33,1.14,2.28,0.0,False,2026-09-11,0.16815769465007802,0.21553534547095476,-0.04737765082087675,0.20133538512915283,-197224000.0,0.5897679178013879,2026-07-31,182045000.0,0.09,0.28571428571428553,12.5,False,False,Technology,Software - Infrastructure,9842515968.0,,0.2766,,,
SANA,1.5,2026-03-06,2026-09-11,28,3.09,4.01,2.68,1.5,0.39,-0.74,False,0.051,0.1066,0.714,0.1355,0.31,True,0.128,44.7,1,14,0.1033,0.1051,2.03,0.91,0.38,0.07,False,2026-09-11,,,,-1.0,-211822000.0,,2026-06-30,-135062000.0,-0.13,0.1875,13.3333,False,False,Healthcare,Biotechnology,936998848.0,,0.2343,,,
SAP,1.5,2026-01-16,2026-09-11,35,205.95,229.6,155.09,1.48,-0.1,-0.49,True,0.0994,0.1193,0.429,0.0346,0.68,True,0.08,56.4,0,11,0.0475,0.1339,0.48,0.99,2.87,0.03,False,2026-09-11,0.09427273734352504,0.06013536003550435,0.03413737730802069,0.06425725192966802,7796000000.0,0.7317270702571371,2026-06-30,8707837626.0,1.85,0.05113636363636368,-7.5,False,True,Technology,Software - Application,238181597184.0,,0.0044,,,
SAP,2.0,2024-01-12,2026-09-11,140,205.95,304.51,152.52,2.0,0.05,-0.01,True,0.1691,0.1893,0.493,0.0315,0.35,True,0.08,56.4,0,139,0.0475,0.1339,0.28,1.74,5.37,0.01,False,2026-09-11,0.09427273734352504,0.06013536003550435,0.03413737730802069,0.06425725192966802,7796000000.0,0.7317270702571371,2026-06-30,8707837626.0,1.85,0.05113636363636368,-7.5,False,True,Technology,Software - Application,238181597184.0,,0.0044,,,
SARO,1.5,2024-10-04,2026-09-11,102,23.65,32.97,23.13,1.43,-0.08,,False,0.0553,0.0785,0.696,,0.05,True,0.046,38.5,1,75,0.0735,0.0462,1.33,1.41,,0.03,False,2026-09-11,0.04627379830379552,0.13323390833581783,-0.08696011003202231,0.12560771741720744,323969000.0,0.16801848854749005,2026-06-30,218391000.0,0.4,0.7391304347826088,14.2857,False,True,Industrials,Aerospace & Defense,7955303424.0,,0.0799,,,
SARO,2.0,2024-10-04,2026-09-11,102,23.65,32.97,23.13,1.43,-0.08,,False,0.0553,0.0785,0.696,,0.05,True,0.046,38.5,1,75,0.0735,0.0462,1.33,1.41,,0.03,False,2026-09-11,0.04627379830379552,0.13323390833581783,-0.08696011003202231,0.12560771741720744,323969000.0,0.16801848854749005,2026-06-30,218391000.0,0.4,0.7391304347826088,14.2857,False,True,Industrials,Aerospace & Defense,7955303424.0,,0.0799,,,
SBET,2.0,2026-01-30,2026-09-11,33,8.43,8.88,4.81,1.85,-0.11,-0.94,False,0.1012,0.1565,0.576,1.4562,0.89,False,-0.018,57.4,0,11,0.145,0.1324,1.43,1.11,0.07,0.0,False,2026-09-11,15.532552406384134,15.2565674078608,0.27598499852333447,14.96677324544957,-1710024372.0,0.9776197085357391,2026-06-30,-33883765.0,0.01,1.0023401666198632,-50.0,True,False,Financial Services,Capital Markets,1928945536.0,,0.1617,,,
SBGI,1.5,2024-06-28,2026-09-11,116,13.82,16.2,10.94,1.48,0.2,-0.43,True,0.052,0.0818,0.733,0.1026,0.55,True,0.008,49.2,3,57,0.0175,0.0203,0.34,1.02,0.51,0.03,False,2026-09-11,0.0714285714285714,0.0399484536082475,0.031480117820323894,-0.06463659867854066,52000000.0,0.4583333333333333,2026-06-30,95000000.0,-1.06,-1.0,-715.3846,False,True,Communication Services,Broadcasting,1003101568.0,,0.2772,,,
SBGI,2.0,2023-10-20,2026-09-11,152,13.82,16.2,8.16,1.99,0.4,-0.63,True,0.071,0.1171,0.77,0.0833,0.7,True,0.008,49.2,3,150,0.0175,0.0203,0.25,1.03,0.85,0.02,False,2026-09-11,0.0714285714285714,0.0399484536082475,0.031480117820323894,-0.06463659867854066,52000000.0,0.4583333333333333,2026-06-30,95000000.0,-1.06,-1.0,-715.3846,False,True,Communication Services,Broadcasting,1003101568.0,,0.2772,,,
SBH,1.5,2025-08-08,2026-09-11,58,15.8,16.83,11.68,1.44,0.09,-0.16,True,0.0549,0.0812,0.672,0.0607,0.8,True,0.146,55.1,0,57,0.017,0.0739,0.31,0.81,0.9,0.03,False,2026-09-11,0.002338994564489605,0.02291353864479939,-0.020574544080309787,0.010771198164676088,192265000.0,0.5240558423927567,2026-06-30,241209000.0,0.55,0.07843137254901968,3.7736,False,True,Consumer Cyclical,Specialty Retail,1494211712.0,,0.3118,,,
SBSI,1.5,2024-06-21,2026-09-11,117,32.09,34.68,23.62,1.47,0.38,-0.3,True,0.0672,0.0847,0.65,0.0436,0.77,True,0.035,48.9,2,116,0.0043,0.0232,0.06,1.15,1.54,0.03,False,2026-09-11,0.06910119490127098,0.028483742384208144,0.040617452517062835,0.019208324795310094,75996000.0,0.6042451070180794,2026-06-30,126736000.0,0.9,0.15384615384615383,2.2727,False,True,Financial Services,Banks - Regional,954137408.0,,0.0354,,,
SBSW,2.0,2026-03-06,2026-09-11,28,12.57,13.8,8.0,1.73,-0.39,-0.58,True,0.0912,0.1524,0.464,0.0994,0.79,False,-0.147,56.4,0,8,0.1002,0.1158,1.1,0.9,0.92,0.0,False,2026-09-11,0.6343152920509443,0.25356363636363644,0.38075165568730784,0.47729343625416965,11746564000.0,0.3226602343386404,2026-06-30,16124776000.0,0.41,9.25,355.5556,False,True,Basic Materials,Other Precious Metals & Mining,9071064064.0,,0.015,,,
SBUX,1.5,2024-08-16,2026-09-11,109,99.22,111.4,76.51,1.46,0.27,-0.27,True,0.0715,0.0915,0.587,0.0387,0.65,True,0.067,47.5,4,48,0.0211,0.0093,0.3,0.84,1.85,0.01,True,2026-09-11,-0.014096869712351912,0.08787207815924036,-0.10196894787159227,0.0447623694101551,1982600000.0,0.6965900436568805,2026-06-30,3642100000.0,0.85,0.7,28.7879,False,True,Consumer Cyclical,Restaurants,112563601408.0,,0.039,,,
SCCO,1.5,2026-01-09,2026-09-11,36,194.14,216.0,149.58,1.44,0.2,0.03,True,0.0532,0.0788,0.833,0.051,0.67,True,0.064,54.5,0,25,0.0642,0.0709,1.21,0.82,1.04,0.0,False,2026-09-11,0.40576860045886587,0.36179890451327723,0.04396969594558864,0.32800868094985747,5667200000.0,0.6198414548845885,2026-06-30,5965100000.0,2.01,0.6890756302521007,2.0305,False,True,Basic Materials,Copper,163372056576.0,,0.1067,,,
SCM,1.5,2026-02-20,2026-09-11,30,8.19,9.68,6.87,1.41,-0.37,-0.47,False,0.044,0.0709,0.667,0.0322,0.47,False,-0.078,44.3,0,7,0.03,0.0461,0.68,1.0,1.37,0.03,False,2026-09-11,0.12395150214412753,0.721664107801856,-0.5977126056577284,0.012551863274439246,29768408.0,0.6150510571015249,2026-06-30,56174655806245.0,0.26,-0.23529411764705885,0.0,False,True,Financial Services,Asset Management,232965888.0,,0.0294,,,
SCZM,2.0,2026-03-06,2026-09-11,28,9.69,10.03,5.94,1.69,-0.02,-0.62,True,0.1372,0.1531,0.464,0.1538,0.92,False,-0.02,58.5,0,8,0.0686,0.1692,0.5,1.01,0.89,0.0,False,2026-09-11,0.4841995550443854,0.8192038420836516,-0.3350042870392662,0.39205329281282686,41966954.0,0.4441555474357156,2026-06-30,28980456.0,0.02,-0.9166666666666667,-94.5946,False,True,Basic Materials,Other Industrial Metals & Mining,897356224.0,,,,,
SD,1.5,2025-10-31,2026-09-11,46,14.67,16.97,11.38,1.49,0.0,-0.16,True,0.0421,0.083,0.783,0.0495,0.59,False,-0.077,54.8,0,45,0.0228,0.0216,0.54,0.78,0.85,0.0,False,2026-09-11,0.4803220294807564,0.16836447281945355,0.31195755666130287,0.2322785892655561,82959000.0,0.7356652385703386,2026-06-30,42495000.0,0.57,0.7272727272727271,-24.0,False,True,Energy,Oil & Gas E&P,542411584.0,,0.0603,,,
SDGR,2.0,2025-10-31,2026-09-11,46,18.8,21.04,11.08,1.9,-0.01,-0.69,False,0.156,0.1814,0.543,0.0892,0.78,True,0.367,60.3,0,24,0.0663,0.0924,0.42,1.16,1.75,0.02,False,2026-09-11,0.07542139191731034,-0.016187805410488476,0.09160919732779882,0.08876204726858528,-54335000.0,0.5507310363565352,2026-06-30,-32463000.0,0.08,1.123076923076923,113.3333,True,False,Healthcare,Health Information Services,1422803200.0,,0.2642,,,
SDRL,1.5,2026-01-23,2026-09-11,34,48.46,52.7,38.48,1.37,0.28,-0.3,True,0.0627,0.082,0.676,0.0665,0.7,False,-0.064,60.1,0,32,0.0279,0.07,0.44,0.84,0.94,0.0,False,2026-09-11,0.1909814323607426,0.06865671641791038,0.12232471594283223,0.12250922509225082,1000000.0,0.38530066815144765,2026-06-30,-260000000.0,0.47,14.666666666666666,62.069,False,False,Energy,Oil & Gas Drilling,2995735296.0,,0.0751,,,
SEG,1.5,2025-07-04,2026-09-11,63,25.85,28.25,18.89,1.5,0.35,-0.44,True,0.0859,0.103,0.556,0.0732,0.74,True,0.163,54.3,0,32,0.0156,0.0223,0.18,0.9,1.17,0.02,False,2026-09-11,-0.13846385769201774,-0.20735577820648454,0.0688919205144668,0.026636038881522772,-124291000.0,0.13006707494896472,2026-06-30,-68169000.0,0.02,1.0344827586206897,108.0,True,False,Real Estate,Real Estate Services,325874592.0,,0.089,,,
SEG,2.0,2024-08-02,2026-09-11,111,25.85,33.85,17.93,1.89,-0.23,,True,0.1224,0.1481,0.604,,0.5,True,0.163,54.3,1,63,0.0156,0.0223,0.13,0.72,,0.01,False,2026-09-11,-0.13846385769201774,-0.20735577820648454,0.0688919205144668,0.026636038881522772,-124291000.0,0.13006707494896472,2026-06-30,-68169000.0,0.02,1.0344827586206897,108.0,True,False,Real Estate,Real Estate Services,325874592.0,,0.089,,,
SENS,2.0,2025-08-15,2026-09-11,57,8.79,9.71,4.86,2.0,-0.32,-0.8,False,0.1362,0.1947,0.526,0.1825,0.81,True,0.087,59.8,0,7,0.1572,0.2418,1.15,1.75,0.75,0.04,False,2026-09-11,1.1782222890660248,0.8716637366149913,0.3065585524510335,0.906267179769104,-109391000.0,0.5909687219498723,2026-06-30,-96831000.0,-0.63,-0.575,-14.5455,False,False,Healthcare,Medical Devices,460532992.0,,0.1012,,,
SFBS,1.5,2024-07-12,2026-09-11,114,42.34,46.82,33.03,1.42,0.05,-0.23,True,0.0713,0.084,0.64,0.0708,0.67,True,0.13,52.9,3,113,0.0153,0.0153,0.21,0.99,1.01,0.01,False,2026-09-11,0.06361310795932895,0.011737437493233083,0.05187567046609587,0.03463083308289905,320719000.0,0.5979213919291249,2026-06-30,465654000.0,1.57,0.29752066115702486,0.0,False,True,Financial Services,Banks - Regional,4606706176.0,,0.0594,,,
SFD,1.5,2025-05-02,2026-09-11,72,20.59,28.59,20.15,1.42,0.4,,,0.064,0.0866,0.514,,0.05,False,-0.091,33.0,1,48,0.0551,0.0555,0.86,1.31,,0.01,False,2026-09-11,-0.03143159006867402,0.007690267833465825,-0.039121857902139845,0.04028835141143983,1058000000.0,0.12080719934551404,2026-06-30,802000000.0,0.62,0.12727272727272718,5.0847,False,True,Consumer Defensive,Packaged Foods,7977728000.0,,0.0989,,,
SFIX,2.0,2024-11-01,2026-09-11,98,2.85,5.67,2.85,1.99,-0.24,-0.47,False,0.1408,0.1748,0.582,0.1228,0.0,True,0.05,39.1,2,75,0.1048,0.1198,0.74,0.61,1.15,0.01,False,2026-09-11,0.04695461146528168,0.09351510685335307,-0.04656049538807139,0.04659684796635655,-19117000.0,0.4374024691648275,2026-04-30,18220000.0,-0.01,0.8333333333333333,83.3333,False,False,Consumer Cyclical,Apparel Retail,393606272.0,,0.1408,,,
SFM,1.5,2025-10-31,2026-09-11,46,72.2,89.94,67.32,1.34,0.17,-0.62,False,0.0323,0.0655,0.696,0.0582,0.22,True,0.006,39.8,1,31,0.0338,0.0135,1.05,0.77,0.55,0.04,False,2026-09-11,0.047375441434349685,0.04146910530862491,0.005906336125724776,0.07204463959463747,502860000.0,0.3872415732366098,2026-06-30,355178999.0,1.37,0.014814814814814828,1.4815,False,True,Consumer Defensive,Grocery Stores,6784697344.0,,0.1511,,,
SFM,2.0,2025-09-19,2026-09-11,52,72.2,120.41,67.32,1.79,-0.29,-0.62,False,0.0491,0.132,0.519,0.053,0.09,True,0.006,39.8,1,31,0.0338,0.0135,0.69,0.75,0.93,0.04,False,2026-09-11,0.047375441434349685,0.04146910530862491,0.005906336125724776,0.07204463959463747,502860000.0,0.3872415732366098,2026-06-30,355178999.0,1.37,0.014814814814814828,1.4815,False,True,Consumer Defensive,Grocery Stores,6784697344.0,,0.1511,,,
SFNC,1.5,2024-07-12,2026-09-11,114,23.13,24.08,16.48,1.46,0.23,-0.22,True,0.0722,0.0924,0.605,0.0481,0.87,True,0.122,58.5,2,73,0.0124,0.0074,0.17,1.71,1.5,0.02,False,2026-09-11,0.0040458967886929376,-0.14004040311941712,0.14408629990811006,-0.5983426834722647,-349479000.0,0.6499427758359367,2026-06-30,480959000.0,0.5,0.13636363636363635,-5.6604,False,False,Financial Services,Banks - Regional,3351275008.0,,0.0482,,,
SGP,2.0,2026-02-06,2026-09-11,32,27.31,29.32,18.44,1.59,-0.2,,,0.1255,0.1372,0.531,,0.82,True,0.058,64.2,0,13,0.038,0.15,0.3,1.0,,0.0,False,2026-09-11,,,,,-56053000.0,,2026-06-30,-49739000.0,-0.59,,-22.9167,False,False,Healthcare,Biotechnology,920488448.0,,0.0988,,,
SGRY,1.5,2025-11-14,2026-09-11,44,14.12,17.23,11.49,1.5,-0.16,-0.66,False,0.0568,0.0932,0.636,0.0705,0.46,True,0.132,44.5,0,24,0.0433,0.0552,0.76,1.36,0.81,0.0,True,2026-09-11,0.027475187605906504,0.044974226804123774,-0.01749903919821727,0.039944392956441144,-88600000.0,0.22405465897043234,2026-06-30,187600000.0,0.07,-0.5882352941176471,333.3333,False,False,Healthcare,Medical Care Facilities,1882604544.0,,0.1961,,,
SHC,1.5,2025-08-08,2026-09-11,58,18.26,19.57,13.13,1.49,0.28,-0.23,True,0.0609,0.0906,0.724,0.0508,0.8,True,0.19,56.3,2,24,0.0268,0.0345,0.44,1.36,1.2,0.02,True,2026-09-11,0.0918458522597938,0.10027384558566421,-0.008427993325870409,0.08148968240205945,163479000.0,0.55375495915986,2026-06-30,112702000.0,0.24,0.1999999999999999,9.0909,False,True,Healthcare,Diagnostics & Research,5242335232.0,,0.0484,,,
SHEN,1.5,2025-12-05,2026-09-11,41,11.98,16.46,11.12,1.48,0.27,-0.48,False,0.1299,0.134,0.341,0.0481,0.16,False,-0.182,41.1,0,33,0.0331,0.054,0.25,1.25,2.7,0.02,False,2026-09-11,0.05525697768945892,0.0484083824432866,0.006848595246172318,0.050149222981769936,-41747000.0,0.6500930859600693,2026-06-30,-226888000.0,-0.17,-0.30769230769230776,39.2857,False,False,Communication Services,Telecom Services,659393344.0,,0.0746,,,
SHOP,2.0,2025-04-25,2026-09-11,73,126.6,173.86,91.77,1.89,0.05,-0.29,True,0.132,0.164,0.562,0.0847,0.42,True,0.14,48.6,1,70,0.0438,0.0794,0.33,1.04,1.56,0.0,False,2026-09-11,0.33694029850746277,0.3432203389830508,-0.006280040475588056,0.3250449370880768,1928000000.0,0.47669550655874965,2026-06-30,2352000000.0,0.32,-0.08571428571428563,14.2857,False,True,Technology,Software - Application,167124926464.0,,0.0153,,,
SHW,1.5,2023-11-17,2026-09-11,148,317.44,391.1,263.79,1.48,0.21,-0.22,True,0.0551,0.0758,0.777,0.0335,0.42,True,0.072,44.7,2,147,0.0359,0.028,0.65,1.03,1.64,0.01,False,2026-09-11,0.07519201837041734,0.06807772772678433,0.007114290643633003,0.05764323068990773,2688200000.0,0.49165598809892036,2026-06-30,3213200000.0,3.7,0.09467455621301783,3.9326,False,True,Basic Materials,Specialty Chemicals,78486134784.0,,0.0291,,,
SIG,1.5,2025-06-06,2026-09-11,67,97.71,102.57,73.25,1.4,0.15,-0.31,True,0.0587,0.0792,0.716,0.0738,0.83,True,0.029,57.8,0,57,0.0638,0.0443,1.09,0.86,0.8,0.01,False,2026-09-11,-0.004559963520291865,0.007784120394395355,-0.01234408391468722,0.005886084352456855,353800000.0,0.3942150382828349,2026-07-31,657499999.0,2.19,0.36024844720496885,29.5858,False,True,Consumer Cyclical,Luxury Goods,3841687040.0,,0.1827,,,
SIRI,2.0,2024-03-15,2026-09-11,131,28.88,36.36,18.2,2.0,-0.13,-0.71,False,0.1026,0.1657,0.466,0.1029,0.59,True,0.139,60.3,2,75,0.014,0.0187,0.14,1.26,1.0,0.04,False,2026-09-11,0.010289990645462987,0.01112185686653766,-0.000831866221074673,0.004436660828954997,880000000.0,0.49675925925925923,2026-06-30,1549000000.0,0.7,0.2280701754385965,-10.2564,False,True,Communication Services,Entertainment,9825499136.0,,0.1576,,,
SITC,2.0,2025-06-20,2026-09-11,65,2.83,5.44,2.83,1.92,-0.31,-0.36,False,0.149,0.1908,0.369,0.0295,0.0,False,-0.215,23.3,0,0,0.0462,0.0538,0.31,0.43,5.05,0.0,False,2026-09-11,-0.6769046907678518,-0.6954695821504822,0.0185648913826304,-0.38794279693949807,127906000.0,-0.17782504161272425,2026-06-30,-21777000.0,-0.09,-1.1022727272727273,-125.0,False,False,Real Estate,REIT - Retail,147980448.0,,0.1117,,,
SKE,1.5,2026-03-06,2026-09-11,28,31.24,34.87,25.18,1.38,0.03,-0.34,True,0.0814,0.0915,0.464,0.0735,0.63,False,-0.0,53.4,0,8,0.0305,0.0885,0.37,0.76,1.11,0.04,False,2026-09-11,,,,,-248463720.0,,2026-06-30,-455048095.0,-0.21,0.0752972258916777,-90.9091,False,False,Basic Materials,Other Industrial Metals & Mining,3979676928.0,,,,,
SKE,2.0,2025-11-28,2026-09-11,42,31.24,38.12,20.83,1.83,0.28,0.11,True,0.0949,0.1298,0.81,0.0649,0.6,False,-0.0,53.4,0,41,0.0305,0.0885,0.32,0.74,1.46,0.02,False,2026-09-11,,,,,-248463720.0,,2026-06-30,-455048095.0,-0.21,0.0752972258916777,-90.9091,False,False,Basic Materials,Other Industrial Metals & Mining,3979676928.0,,,,,
SKY,1.5,2025-10-17,2026-09-11,48,81.75,97.34,66.28,1.47,0.04,-0.38,True,0.0661,0.0929,0.625,0.0617,0.5,True,0.15,48.2,1,17,0.063,0.0425,0.95,0.94,1.07,0.04,False,2026-09-11,0.012713205706968989,0.04615679941805162,-0.03344359371108263,0.04519694468528779,191368000.0,0.25240132125468506,2026-06-30,265994000.0,0.88,-0.26050420168067223,-1.1236,False,True,Consumer Cyclical,Residential Construction,4513936384.0,,0.0585,,,
SKYH,1.5,2025-04-04,2026-09-11,76,10.27,12.09,8.46,1.43,-0.24,-0.38,True,0.0522,0.0792,0.658,0.0851,0.5,True,0.056,52.7,0,42,0.0191,0.0292,0.37,1.28,0.61,0.03,False,2026-09-11,0.49590163934426235,0.559985696406222,-0.06408405706195963,0.6223231357552581,926000.0,-0.03723997970573313,2026-06-30,-33933000.0,-0.15,-1.8333333333333333,-7.1429,False,False,Real Estate,Real Estate - Development,817111360.0,,0.1153,,,
SKYW,1.5,2025-04-11,2026-09-11,75,95.78,121.4,81.25,1.49,-0.2,-0.33,True,0.0446,0.0876,0.72,0.0476,0.36,True,0.141,47.8,0,17,0.0396,0.0245,0.89,0.91,0.94,0.0,False,2026-09-11,0.06522627404424353,0.06823939986609795,-0.0030131258218544232,0.09101531684227782,409906000.0,1.7258401942052195,2026-06-30,315167000.0,2.54,-0.12714776632302408,-5.9259,False,True,Industrials,Airlines,3732955136.0,,0.0625,,,
SLDE,2.0,2025-06-20,2026-09-11,65,24.45,24.67,13.34,1.85,0.4,,,0.0906,0.1407,0.677,,0.98,True,0.187,69.2,2,54,0.0759,0.0598,0.84,0.99,,0.05,False,2026-09-11,0.47861869139587254,0.38243138146189715,0.0961873099339754,0.4146066694711623,555761000.0,0.7188851575809749,2026-06-30,1034559000.0,1.06,0.8928571428571428,20.4545,False,True,Financial Services,Insurance - Property & Casualty,2901603072.0,,0.0965,,,
SLGL,1.5,2026-01-30,2026-09-11,33,66.79,91.68,64.22,1.43,0.03,-0.08,True,0.0584,0.0843,0.727,0.1517,0.09,True,0.023,44.0,0,32,0.0814,0.0759,1.39,1.93,0.38,0.03,False,2026-09-11,-0.9657609640229419,-0.895247332686712,-0.0705136313362299,-0.9249926873093477,-16337000.0,1.0,2026-06-30,,-1.13,-1.2709832134292565,51.0823,False,,Healthcare,Biotechnology,215887504.0,,0.07,,,
SLGL,2.0,2026-01-09,2026-09-11,36,66.79,91.68,58.0,1.58,0.21,0.37,True,0.0653,0.0994,0.75,0.1433,0.26,True,0.023,44.0,0,35,0.0814,0.0759,1.25,2.0,0.46,0.03,False,2026-09-11,-0.9657609640229419,-0.895247332686712,-0.0705136313362299,-0.9249926873093477,-16337000.0,1.0,2026-06-30,,-1.13,-1.2709832134292565,51.0823,False,,Healthcare,Biotechnology,215887504.0,,0.07,,,
SLGN,1.5,2025-07-11,2026-09-11,62,38.57,54.34,36.24,1.5,-0.25,-0.35,False,0.0657,0.0958,0.581,0.0312,0.13,True,0.112,42.4,1,17,0.013,0.0569,0.2,0.98,2.11,0.03,False,2026-09-11,-0.18190869716732216,0.06452684021733712,-0.2464355373846593,0.0075828767854526635,270293000.0,0.17945597273778371,2026-06-30,342755000.0,0.98,-0.02970297029702973,2.0833,False,True,Consumer Cyclical,Packaging & Containers,4082496512.0,,0.1091,,,
SLP,2.0,2025-06-13,2026-09-11,66,18.42,20.84,11.42,1.82,0.17,-0.78,False,0.1022,0.1527,0.682,0.076,0.74,True,0.276,58.5,2,24,0.0022,0.0044,0.02,0.62,1.34,0.09,False,2026-09-11,0.07479251583754842,0.08287268188302432,-0.0080801660454759,0.020837739322991267,8105000.0,0.6911724390021018,2026-05-31,25549000.0,0.3,-0.33333333333333337,30.4348,False,True,Healthcare,Health Information Services,372541504.0,,0.1978,,,
SMA,1.5,2025-04-04,2026-09-11,76,32.05,37.12,29.15,1.27,-0.23,,,0.0459,0.0549,0.671,,0.36,True,0.082,47.5,0,17,0.018,0.0202,0.39,1.09,,0.01,False,2026-09-11,0.18648227969348663,107.01379310344828,-106.82731082375479,-0.14779496872710285,28831000.0,0.10318381351228618,2026-06-30,110325000.0,0.49,4.1838856400259905,0.0,True,True,Real Estate,REIT - Industrial,1778449152.0,,0.0924,,,
SMA,2.0,2025-04-04,2026-09-11,76,32.05,37.12,29.15,1.27,-0.23,,,0.0459,0.0549,0.671,,0.36,True,0.082,47.5,0,17,0.018,0.0202,0.39,1.09,,0.01,False,2026-09-11,0.18648227969348663,107.01379310344828,-106.82731082375479,-0.14779496872710285,28831000.0,0.10318381351228618,2026-06-30,110325000.0,0.49,4.1838856400259905,0.0,True,True,Real Estate,REIT - Industrial,1778449152.0,,0.0924,,,
SMC,2.0,2025-03-07,2026-09-11,80,34.23,39.66,20.03,1.98,0.22,-0.56,True,0.0855,0.1464,0.725,0.0783,0.72,True,0.053,62.1,1,47,0.0147,0.0348,0.17,0.98,1.09,0.05,False,2026-09-11,0.10552215494554873,0.0485692969697884,0.05695285797576033,0.20936172506515027,-3061000.0,0.4264739086399205,2026-06-30,-3632000.0,0.11,1.090909090909091,129.7297,True,False,Energy,Oil & Gas Midstream,469332192.0,,0.0269,,,
SMG,1.5,2024-11-29,2026-09-11,94,56.16,71.42,47.93,1.49,0.12,-0.42,False,0.063,0.0917,0.691,0.0513,0.35,True,0.059,41.1,1,74,0.0227,0.058,0.36,1.02,1.23,0.0,True,2026-09-11,-0.013383838383838387,0.027093596059113212,-0.0404774344429516,-0.01950297921813693,74000000.0,0.3121747291186759,2026-06-30,326399999.0,2.82,0.0888030888030888,11.4625,False,True,Basic Materials,Agricultural Inputs,3287698944.0,,0.1036,,,
SMG,2.0,2023-11-03,2026-09-11,150,56.16,82.79,43.99,1.88,0.05,-0.7,False,0.0715,0.1145,0.787,0.0815,0.31,True,0.059,41.1,2,148,0.0227,0.058,0.32,1.03,0.88,0.0,False,2026-09-11,-0.013383838383838387,0.027093596059113212,-0.0404774344429516,-0.01950297921813693,74000000.0,0.3121747291186759,2026-06-30,326399999.0,2.82,0.0888030888030888,11.4625,False,True,Basic Materials,Agricultural Inputs,3287698944.0,,0.1036,,,
SMP,1.5,2025-08-08,2026-09-11,58,38.46,43.89,34.11,1.29,0.11,-0.08,True,0.0278,0.0505,0.776,0.0501,0.44,True,0.039,50.3,2,25,0.0134,0.016,0.48,1.04,0.55,0.02,False,2026-09-11,0.015684829291307434,0.09141006195283263,-0.0757252326615252,0.1132479396599324,51031000.0,0.3281884533262626,2026-06-30,87231000.0,1.4,0.08527131782945727,-1.4085,False,True,Consumer Cyclical,Auto Parts,850048064.0,,0.0511,,,
SNAP,2.0,2026-01-16,2026-09-11,35,5.52,7.62,3.93,1.94,-0.24,-0.77,False,0.0916,0.1542,0.543,0.059,0.43,False,-0.076,51.2,0,24,0.0214,0.0888,0.23,0.81,1.55,0.0,False,2026-09-11,0.18890425524004972,0.12145828580482787,0.06744596943522185,0.12647738454956747,-311243000.0,0.582308990721035,2026-06-30,705545000.0,-0.1,0.375,-25.0,False,False,Communication Services,Internet Content & Information,9606002688.0,,0.0939,,,
SNDX,1.5,2025-11-21,2026-09-11,43,18.82,25.15,17.34,1.45,-0.07,-0.29,True,0.0424,0.0863,0.674,0.0948,0.19,False,-0.042,44.9,1,14,0.0342,0.0446,0.81,0.78,0.45,0.02,False,2026-09-11,0.9175931292481163,2.2364035525396666,-1.3188104232915503,2.223381939114863,-220765000.0,0.9559268011210639,2026-06-30,-220867000.0,-0.55,0.33734939759036137,-22.2222,False,False,Healthcare,Biotechnology,1623421056.0,,0.247,,,
SNEX,2.0,2026-03-20,2026-09-11,26,69.77,92.67,46.46,1.99,0.24,-0.19,True,0.0688,0.1436,0.731,0.0519,0.5,True,0.081,51.0,0,25,0.0193,0.0563,0.28,0.61,1.33,0.0,False,2026-09-11,0.15401621646453512,0.24049150598931446,-0.08647528952477934,0.2057826900051838,526900000.0,0.03061727166422014,2026-06-30,5070200000.0,1.0,0.5625,31.5789,False,True,Financial Services,Capital Markets,8487799808.0,,0.0474,,,
SNN,1.5,2025-02-21,2026-09-11,82,27.62,37.21,25.11,1.48,0.21,-0.17,False,0.0665,0.0984,0.634,0.0362,0.21,False,-0.043,34.3,1,81,0.021,0.017,0.32,1.64,1.84,0.02,False,2026-09-11,0.09550760523523172,1.2660063671736825,-1.1704987619384508,0.4467682854779629,1126000000.0,0.7090732967387795,2026-06-30,1652000000.0,0.0,,,False,True,Healthcare,Medical Devices,11509170176.0,,0.0149,,,
SNPS,1.5,2025-09-12,2026-09-11,53,397.17,525.18,373.47,1.41,-0.22,-0.4,False,0.0676,0.0917,0.585,0.0482,0.16,False,-0.094,44.0,0,7,0.0342,0.064,0.51,0.77,1.4,0.0,True,2026-09-11,0.42367610736565364,0.418707994808841,0.0049681125568126205,0.463250997932654,1076317000.0,0.7257017258406135,2026-07-31,2789812000.0,2.85,-0.1592920353982301,7.1429,False,True,Technology,Software - Infrastructure,76152569856.0,,0.0273,,,
SOFI,1.5,2026-01-30,2026-09-11,33,17.21,22.81,15.23,1.5,-0.18,-0.49,True,0.0576,0.0907,0.606,0.0764,0.26,True,0.072,45.5,0,24,0.0278,0.0177,0.48,0.73,0.75,0.03,False,2026-09-11,0.3908652586249637,0.3583283904537322,0.03253686817123147,0.3418418656613815,636264000.0,0.7669712074928119,2026-06-30,-4984591000.0,0.12,0.3333333333333333,9.0909,False,False,Financial Services,Credit Services,22369996800.0,,0.1393,,,
SOLV,1.5,2024-08-23,2026-09-11,108,87.65,91.69,61.4,1.49,0.39,-0.12,True,0.0478,0.0844,0.704,0.0458,0.87,True,0.177,59.2,0,107,0.0322,0.0599,0.67,1.1,1.04,0.04,False,2026-09-11,0.022211938917167995,-0.0304347826086957,0.05264672152586369,-0.009298998569384875,1434000000.0,0.5821638750565867,2026-06-30,-118000000.0,2.55,0.5088757396449703,33.5079,False,False,Healthcare,Medical Instruments & Supplies,14886064128.0,,0.0298,,,
SOMN,1.5,2025-11-07,2026-09-11,45,47.64,51.88,46.13,1.12,0.24,,,0.0258,0.0282,0.689,,0.26,False,-0.018,40.2,0,39,0.0165,0.0226,0.64,0.21,,0.05,False,2026-09-11,0.0005736411874373015,0.08000000000000007,-0.07942635881256277,0.06399182032930217,4657000000.0,0.512684534900387,2026-06-30,2573000000.0,1.54,,,False,True,Utilities,Utilities - Regulated Electric,,,,,,
SOMN,2.0,2025-11-07,2026-09-11,45,47.64,51.88,46.13,1.12,0.24,,,0.0258,0.0282,0.689,,0.26,False,-0.018,40.2,0,39,0.0165,0.0226,0.64,0.21,,0.05,False,2026-09-11,0.0005736411874373015,0.08000000000000007,-0.07942635881256277,0.06399182032930217,4657000000.0,0.512684534900387,2026-06-30,2573000000.0,1.54,,,False,True,Utilities,Utilities - Regulated Electric,,,,,,
SONO,1.5,2025-12-12,2026-09-11,40,14.63,18.44,12.7,1.45,-0.29,-0.34,False,0.0421,0.0902,0.7,0.067,0.34,True,0.032,47.4,0,24,0.0372,0.0415,0.88,1.03,0.63,0.03,False,2026-09-11,0.0884547110487175,0.08381327091578261,0.004641440132934882,0.056417937320176303,-37858000.0,0.5044768960187603,2026-06-30,125148000.0,0.14,-0.26315789473684204,180.0,False,False,Technology,Consumer Electronics,1788604928.0,,0.1583,,,
SONO,2.0,2025-05-09,2026-09-11,71,14.63,19.15,9.69,1.98,0.39,-0.5,False,0.0991,0.1657,0.662,0.0578,0.52,True,0.032,47.4,1,68,0.0372,0.0415,0.38,1.0,1.71,0.04,False,2026-09-11,0.0884547110487175,0.08381327091578261,0.004641440132934882,0.056417937320176303,-37858000.0,0.5044768960187603,2026-06-30,125148000.0,0.14,-0.26315789473684204,180.0,False,False,Technology,Consumer Electronics,1788604928.0,,0.1583,,,
SONY,1.5,2025-11-21,2026-09-11,43,23.52,29.27,19.71,1.48,-0.39,-0.34,True,0.0623,0.105,0.442,0.0408,0.4,True,0.07,54.5,0,11,0.0217,0.0684,0.35,0.88,1.53,0.02,False,2026-09-11,0.08245146598566144,0.17563210979665755,-0.09318064381099611,0.02001826429952036,-238298719000.0,0.3670060057700216,2026-06-30,1632194470000.0,0.36,0.2,9.0909,False,False,Technology,Consumer Electronics,139628412928.0,,0.0019,,,
SPGI,1.5,2023-11-03,2026-09-11,150,410.42,521.29,353.6,1.47,0.17,-0.18,False,0.0829,0.0935,0.627,0.0324,0.34,True,0.059,46.9,3,149,0.0259,0.0353,0.31,1.15,2.56,0.03,True,2026-09-11,0.10412782956058586,0.10431559438707971,-0.0001877648264938525,0.09674127491666096,4922000000.0,0.7190062711046792,2026-06-30,5573000000.0,4.83,0.09029345372460505,7.5724,False,True,Financial Services,Financial Data & Stock Exchanges,121077309440.0,,0.0238,,,
SPOT,1.5,2025-11-21,2026-09-11,43,521.73,598.87,417.83,1.43,-0.35,-0.46,True,0.0516,0.0898,0.674,0.0547,0.57,True,0.039,52.4,1,18,0.0411,0.0411,0.8,0.85,0.94,0.0,False,2026-09-11,0.13927975196756504,0.0818615751789975,0.05741817678856753,0.09029073617046901,3339000000.0,0.3341009001465355,2026-06-30,3280665518.0,3.03,8.214285714285714,-7.3394,True,True,Communication Services,Internet Content & Information,108085895168.0,,0.0388,,,
SPOT,2.0,2024-11-08,2026-09-11,97,521.73,772.6,400.68,1.93,-0.22,0.04,True,0.1245,0.1629,0.526,0.0413,0.33,True,0.039,52.4,2,96,0.0411,0.0411,0.33,0.76,3.01,0.0,False,2026-09-11,0.13927975196756504,0.0818615751789975,0.05741817678856753,0.09029073617046901,3339000000.0,0.3341009001465355,2026-06-30,3280665518.0,3.03,8.214285714285714,-7.3394,True,True,Communication Services,Internet Content & Information,108085895168.0,,0.0388,,,
SQM,1.5,2025-12-12,2026-09-11,40,72.49,90.88,64.55,1.41,0.12,0.02,True,0.0655,0.09,0.525,0.0589,0.3,False,-0.117,48.5,0,39,0.0497,0.0443,0.76,0.76,1.11,0.03,False,2026-09-11,1.3676136291488161,0.6978092472724116,0.6698043818764046,0.5927906846278652,1388608790.0,0.5106392458339956,2026-06-30,1944781030.0,2.31,6.451612903225807,13.7931,False,True,Basic Materials,Specialty Chemicals,19960371200.0,,0.0164,,,
SQM,2.0,2025-10-31,2026-09-11,46,72.49,90.88,47.88,1.9,0.38,-0.19,True,0.0704,0.1317,0.652,0.0549,0.57,False,-0.117,48.5,0,44,0.0497,0.0443,0.71,0.76,1.28,0.02,False,2026-09-11,1.3676136291488161,0.6978092472724116,0.6698043818764046,0.5927906846278652,1388608790.0,0.5106392458339956,2026-06-30,1944781030.0,2.31,6.451612903225807,13.7931,False,True,Basic Materials,Specialty Chemicals,19960371200.0,,0.0164,,,
SRI,2.0,2025-05-09,2026-09-11,71,7.18,8.82,4.53,1.95,0.16,-0.81,False,0.1068,0.1504,0.704,0.0867,0.62,True,0.104,51.1,1,70,0.0153,0.0278,0.14,0.75,1.23,0.0,False,2026-09-11,-0.20428862216607002,-0.2617972371380054,0.05750861497193538,-0.13699296405940853,-109318000.0,0.2030664226172099,2026-06-30,-7852000.0,-0.18,0.28,-28.5714,False,False,Consumer Cyclical,Auto Parts,207361296.0,,0.0411,,,
SRPT,2.0,2025-08-01,2026-09-11,59,20.52,24.01,14.86,1.62,-0.23,-0.91,False,0.1112,0.1224,0.61,0.1158,0.62,False,-0.039,53.4,0,6,0.1217,0.0691,1.09,0.82,0.96,0.02,False,2026-09-11,-0.3433858459705674,-0.01886673397274108,-0.32451911199782635,-0.20438471250208035,-136725000.0,0.6277018624252649,2026-06-30,-131467000.0,0.42,-0.7920792079207921,23.5294,False,False,Healthcare,Biotechnology,2160072704.0,,0.2794,,,
SRZN,2.0,2025-12-05,2026-09-11,41,19.45,33.6,18.49,1.82,0.04,0.09,True,0.0992,0.138,0.634,0.1188,0.06,False,-0.166,41.6,0,35,0.0613,0.0423,0.62,1.63,0.84,0.0,False,2026-09-11,4.0864699898270604,4.0864699898270604,0.0,-0.08794865700023768,-332130000.0,1.0,2026-06-30,-34984000.0,-0.41,0.6403508771929824,69.403,False,False,Healthcare,Biotechnology,223317600.0,,0.2215,,,
SSB,1.5,2024-07-12,2026-09-11,114,105.84,111.59,78.46,1.42,0.27,-0.04,True,0.0532,0.0743,0.719,0.04,0.83,True,0.106,57.3,2,74,0.0123,0.0262,0.23,1.17,1.33,0.03,False,2026-09-11,-0.5735759246258847,0.024895657986215847,-0.5984715826121005,0.07542588179818077,950205000.0,0.3272370470776265,2026-06-30,783743000.0,2.35,0.021739130434782726,0.8584,False,True,Financial Services,Banks - Regional,10277361664.0,,0.033,,,
SSD,1.5,2023-11-03,2026-09-11,150,172.43,209.75,140.91,1.49,0.09,-0.12,True,0.064,0.0832,0.733,0.0425,0.46,True,0.061,41.7,4,149,0.0314,0.0377,0.49,0.98,1.51,0.03,False,2026-09-11,0.06341919484038638,0.09105484370795791,-0.027635648867571527,0.06478959188087918,378916000.0,0.4741534490877337,2026-06-30,468370000.0,3.09,0.2510121457489877,13.6029,False,True,Basic Materials,Lumber & Wood Production,7110432256.0,,0.03,,,
SSL,2.0,2026-02-06,2026-09-11,32,14.65,14.65,7.36,1.99,0.33,-0.15,True,0.0788,0.1518,0.594,0.0828,1.0,False,-0.109,66.3,0,31,0.0313,0.0642,0.4,0.68,0.95,0.0,False,2026-09-11,0.2190903507252311,0.0,0.2190903507252311,-0.10419673917126349,26190075095.0,0.35199123921405095,2026-06-30,25178283397.0,0.0,,,False,True,Basic Materials,Specialty Chemicals,9352739840.0,,0.0104,,,
SSNC,1.5,2024-06-21,2026-09-11,117,78.92,88.64,60.37,1.47,0.13,-0.03,True,0.0792,0.0966,0.564,0.0258,0.66,True,0.1,56.9,0,114,0.0351,0.0827,0.44,1.22,3.07,0.04,False,2026-09-11,0.10339666840187411,0.0879846753418323,0.015411993060041818,0.08569018557110253,864000000.0,0.4825735684378133,2026-06-30,1763200000.0,1.56,0.07586206896551731,3.3113,False,True,Technology,Software - Application,18835755008.0,,0.034,,,
SSP,2.0,2025-11-21,2026-09-11,43,3.1,4.97,2.75,1.81,-0.33,-0.59,False,0.0909,0.1617,0.512,0.1559,0.16,False,-0.203,46.1,1,12,0.0337,0.0548,0.37,0.83,0.58,0.0,False,2026-09-11,-0.09198452081173158,-0.014349924579466156,-0.07763459623226543,-0.14175869318517254,-1231055000.0,0.40034787857284143,2026-06-30,35033000.0,-0.34,-1.8333333333333337,-9.6774,False,False,Communication Services,Broadcasting,292834016.0,,0.0999,,,
SSYS,2.0,2024-03-15,2026-09-11,131,7.57,12.19,6.16,1.98,-0.03,-0.76,False,0.113,0.1387,0.718,0.0683,0.23,False,-0.048,41.7,0,105,0.0214,0.0393,0.19,1.01,1.65,0.03,False,2026-09-11,-0.0034760946077082577,-0.024616673772106523,0.021140579164398265,-0.030515554500539444,-115176000.0,0.4238550644593986,2026-06-30,-24266000.0,-0.04,-2.3333333333333335,33.3333,False,False,Technology,Computer Hardware,676171648.0,,0.04,,,
STAA,2.0,2026-02-20,2026-09-11,30,23.42,32.47,17.52,1.85,0.35,-0.65,False,0.1066,0.1706,0.567,0.089,0.39,False,-0.026,45.6,0,25,0.0228,0.0747,0.21,1.08,1.2,0.0,True,2026-09-11,1.1104467509025269,1.1959191340486979,-0.085472383146171,0.5129940431902125,3839000.0,0.7454642647137435,2026-06-30,-6749000.0,0.18,2.3846153846153846,260.0,True,False,Healthcare,Medical Instruments & Supplies,1136262656.0,,0.1773,,,
STEP,1.5,2026-02-13,2026-09-11,31,49.34,55.0,39.28,1.4,-0.06,-0.47,True,0.0757,0.0894,0.645,0.0517,0.64,False,-0.059,51.4,0,11,0.0201,0.09,0.27,0.9,1.46,0.0,False,2026-09-11,0.04008378009646241,0.558207074384016,-0.5181232942875535,0.4845725192871231,-613200000.0,1.0,2026-06-30,-439386000.0,0.48,0.1999999999999999,-5.8824,False,False,Financial Services,Asset Management,6314785792.0,,0.0865,,,
STEP,2.0,2024-05-24,2026-09-11,121,49.34,73.91,38.56,1.92,0.01,0.09,True,0.1072,0.1446,0.702,0.0421,0.31,False,-0.059,51.4,1,118,0.0201,0.09,0.19,1.27,2.55,0.01,False,2026-09-11,0.04008378009646241,0.558207074384016,-0.5181232942875535,0.4845725192871231,-613200000.0,1.0,2026-06-30,-439386000.0,0.48,0.1999999999999999,-5.8824,False,False,Financial Services,Asset Management,6314785792.0,,0.0865,,,
STNE,2.0,2025-03-07,2026-09-11,80,10.3,16.03,8.02,2.0,-0.04,-0.47,False,0.088,0.1508,0.738,0.0567,0.28,False,-0.06,45.3,0,79,0.0514,0.0519,0.58,0.57,1.55,0.01,False,2026-09-11,0.015561548894314159,0.12528226217328342,-0.10972071327896926,0.06468496622884978,3311153000.0,0.6566063798548563,2026-06-30,4028356882.0,0.47,0.205128205128205,2.1739,False,True,Technology,Software - Infrastructure,2329016064.0,,0.1274,,,
STOK,1.5,2025-11-14,2026-09-11,44,29.34,37.27,26.51,1.41,-0.04,-0.21,True,0.0431,0.0672,0.841,0.1137,0.26,False,-0.046,45.7,0,43,0.0399,0.0457,0.93,1.08,0.38,0.0,False,2026-09-11,-0.325106752551205,-0.9607174163928637,0.6356106638416587,-0.861986853032107,-207902000.0,0.8779623592493297,2026-06-30,-180680000.0,-0.93,-1.325,-13.4146,False,False,Healthcare,Biotechnology,1873196800.0,,0.1803,,,
STOK,2.0,2025-08-22,2026-09-11,56,29.34,37.27,19.56,1.91,0.36,0.07,True,0.0549,0.1269,0.661,0.1064,0.55,False,-0.046,45.7,0,55,0.0399,0.0457,0.73,0.99,0.52,0.0,False,2026-09-11,-0.325106752551205,-0.9607174163928637,0.6356106638416587,-0.861986853032107,-207902000.0,0.8779623592493297,2026-06-30,-180680000.0,-0.93,-1.325,-13.4146,False,False,Healthcare,Biotechnology,1873196800.0,,0.1803,,,
STRC,1.5,2025-07-25,2026-09-11,60,97.97,97.97,72.55,1.35,0.29,,,0.0386,0.0526,0.533,,1.0,False,-0.049,62.3,0,11,0.0242,0.062,0.63,0.99,,0.07,False,2026-09-11,0.06882817413178666,0.11915437667693074,-0.05032620254514408,0.07792188128620303,-30413926000.0,0.6664324006276151,2026-06-30,11340172000.0,8.42,,4310.0,False,False,Technology,Software - Application,,,,,,
STRC,2.0,2025-07-25,2026-09-11,60,97.97,97.97,72.55,1.35,0.29,,,0.0386,0.0526,0.533,,1.0,False,-0.049,62.3,0,11,0.0242,0.062,0.63,0.99,,0.07,False,2026-09-11,0.06882817413178666,0.11915437667693074,-0.05032620254514408,0.07792188128620303,-30413926000.0,0.6664324006276151,2026-06-30,11340172000.0,8.42,,4310.0,False,False,Technology,Software - Application,,,,,,
STRF,1.5,2025-03-21,2026-09-11,78,103.85,111.09,76.4,1.45,0.19,,,0.0402,0.0773,0.731,,0.79,True,0.01,61.7,2,74,0.0287,0.014,0.71,0.45,,0.01,False,2026-09-11,0.06882817413178666,0.11915437667693074,-0.05032620254514408,0.07792188128620303,-30413926000.0,0.6664324006276151,2026-06-30,11340172000.0,-42.93,,,False,False,Technology,Software - Application,,,,,,
STRF,2.0,2025-03-21,2026-09-11,78,103.85,111.09,76.4,1.45,0.19,,,0.0402,0.0773,0.731,,0.79,True,0.01,61.7,2,74,0.0287,0.014,0.71,0.45,,0.01,False,2026-09-11,0.06882817413178666,0.11915437667693074,-0.05032620254514408,0.07792188128620303,-30413926000.0,0.6664324006276151,2026-06-30,11340172000.0,-42.93,,,False,False,Technology,Software - Application,,,,,,
STVN,2.0,2024-05-03,2026-09-11,124,20.95,26.7,13.38,2.0,-0.15,-0.59,False,0.0976,0.1446,0.71,0.0523,0.57,True,0.22,58.8,2,24,0.0191,0.0428,0.2,0.98,1.87,0.02,False,2026-09-11,0.07842892189246431,0.06616626915462431,0.012262652737839996,0.06715316109143776,134246637.0,0.28741721854304636,2026-06-30,-25618799.0,0.16,0.23076923076923075,6.6667,False,False,Healthcare,Medical Instruments & Supplies,5705776640.0,,0.0229,,,
SUPN,1.5,2025-08-08,2026-09-11,58,41.69,55.13,41.23,1.34,-0.05,0.05,True,0.05,0.0646,0.793,0.0425,0.03,False,-0.055,37.6,0,57,0.0356,0.0398,0.71,0.79,1.18,0.03,False,2026-09-11,0.32398929000985177,0.38632662323793254,-0.06233733322808077,0.248544258598008,-109886000.0,0.8463009796492253,2026-06-30,18787000.0,0.39,-0.5714285714285714,30.0,False,False,Healthcare,Drug Manufacturers - Specialty & Generic,2422115584.0,,0.0987,,,
SUPV,2.0,2025-10-17,2026-09-11,48,8.73,12.42,6.43,1.93,-0.36,-0.66,True,0.1459,0.1581,0.562,0.0975,0.38,True,0.032,46.8,0,47,0.056,0.0708,0.38,0.56,1.5,0.0,False,2026-09-11,0.24832333921570005,0.6378832234687655,-0.3895598842530654,0.16971767020811868,-23969343851.0,0.536161793919914,2026-06-30,-478668893430.0,0.29,1.4166666666666665,123.0769,False,False,Financial Services,Banks - Regional,803319744.0,,0.0482,,,
SUPX,2.0,2026-03-06,2026-09-11,28,8.17,12.26,6.49,1.89,-0.27,-0.91,False,0.0886,0.152,0.571,0.2121,0.29,False,-0.117,43.3,0,6,0.1009,0.042,1.14,0.8,0.42,0.0,False,2026-09-11,,,,,,,2025-12-31,-50659936.0,-0.88,,,False,,Technology,Software - Infrastructure,334670400.0,,0.0203,,,
SUZ,1.5,2024-04-12,2026-09-11,127,9.43,11.33,7.72,1.47,-0.25,-0.36,True,0.0491,0.0772,0.78,0.037,0.47,False,-0.052,59.3,2,11,0.0457,0.0277,0.93,1.35,1.33,0.03,True,2026-09-11,-0.10851447006764114,-0.050593698338281756,-0.05792077172935939,-0.058705971984835625,8211211743.0,0.22870029421843976,2026-06-30,5009965110.0,0.1,-0.9752475247524752,66.6667,False,True,Basic Materials,Paper & Paper Products,11527407616.0,,0.011,,,
SVC,1.5,2026-03-20,2026-09-11,26,6.87,8.9,6.22,1.43,0.1,-0.8,False,0.0458,0.0883,0.423,0.0822,0.24,True,0.037,34.3,0,22,0.0224,0.0328,0.49,3.01,0.56,0.0,True,2026-09-11,-0.16379837754948,-0.16766204251583827,0.00386366496635826,-0.12030248973544078,-422743000.0,0.35696741366450185,2026-06-30,-30085000.0,0.43,1.811320754716981,0.0,True,False,Real Estate,REIT - Hotel & Motel,880664512.0,,0.0394,,,
SVM,2.0,2025-11-28,2026-09-11,42,12.12,13.92,7.81,1.78,0.4,0.12,True,0.1212,0.1499,0.548,0.0672,0.71,False,-0.063,55.6,0,41,0.0447,0.1025,0.37,0.65,1.8,0.0,False,2026-09-11,0.6615904295866428,0.9346560781755489,-0.27306564858890603,0.5935595038693258,29691567.0,0.6088342375701804,2026-06-30,34866487.0,0.21,1.0999999999999999,0.0,False,True,Basic Materials,Silver,2634567168.0,,0.1284,,,
SVRA,1.5,2025-11-21,2026-09-11,43,5.32,6.92,4.92,1.41,-0.27,-0.07,True,0.0544,0.0807,0.488,0.0795,0.2,True,0.069,48.6,0,42,0.0175,0.0254,0.32,0.99,0.68,0.02,True,2026-09-11,,,,-1.0,-139309000.0,,2026-06-30,-110660000.0,-0.16,-0.14285714285714277,-14.2857,False,False,Healthcare,Biotechnology,1086114304.0,,0.2357,,,
SVRA,2.0,2025-10-17,2026-09-11,48,5.32,6.92,3.61,1.92,0.12,-0.32,True,0.0599,0.1167,0.792,0.0823,0.52,True,0.069,48.6,0,47,0.0175,0.0254,0.29,1.0,0.73,0.02,False,2026-09-11,,,,-1.0,-139309000.0,,2026-06-30,-110660000.0,-0.16,-0.14285714285714277,-14.2857,False,False,Healthcare,Biotechnology,1086114304.0,,0.2357,,,
SVV,2.0,2025-03-21,2026-09-11,78,9.64,13.71,7.0,1.96,-0.11,-0.73,False,0.1024,0.1559,0.667,0.0701,0.39,True,0.243,48.8,1,76,0.0233,0.0384,0.23,1.25,1.46,0.01,False,2026-09-11,0.07432983068397547,0.08928933255886218,-0.014959501874886705,0.10029448247781914,24813000.0,0.0942597257144387,2026-06-30,81809000.0,0.15,0.07142857142857129,36.3636,False,True,Consumer Cyclical,Specialty Retail,1494036992.0,,0.2025,,,
SWBI,1.5,2026-01-30,2026-09-11,33,13.29,15.94,10.72,1.49,0.37,-0.33,True,0.0382,0.0931,0.424,0.0567,0.49,False,-0.024,45.6,0,32,0.0296,0.0309,0.77,0.93,0.67,0.0,False,2026-09-11,0.32335413801615,0.2673022548699222,0.05605188314622778,0.16960435126632634,24480000.0,0.28662278948724096,2026-07-31,82034000.0,0.06,1.7500000000000002,220.0,True,True,Industrials,Aerospace & Defense,589641792.0,,0.0584,,,
SWIM,2.0,2024-08-09,2026-09-11,110,6.33,8.24,4.76,1.73,-0.08,-0.36,True,0.084,0.1153,0.727,0.111,0.45,True,0.166,50.2,1,17,0.0489,0.1106,0.58,1.18,0.76,0.02,True,2026-09-11,0.143855096472987,0.052907915993537946,0.09094718047944905,0.10504227446591607,5326000.0,0.3548720337867263,2026-06-30,37024000.0,0.11,-0.0833333333333333,-26.6667,False,True,Industrials,Building Products & Equipment,743523328.0,,0.0602,,,
SXC,2.0,2024-12-06,2026-09-11,93,10.13,11.0,5.54,1.99,-0.15,-0.52,True,0.0895,0.1476,0.72,0.0598,0.84,True,0.241,66.7,1,28,0.0699,0.0617,0.78,1.43,1.5,0.01,False,2026-09-11,0.09490900714121175,0.043807339449541294,0.05110166769167046,0.027840970642400542,-54700000.0,0.12728802861350727,2026-06-30,49300000.0,0.15,1.1428571428571426,87.5,False,False,Basic Materials,Coking Coal,850446016.0,,0.0582,,,
SYBT,1.5,2024-09-13,2026-09-11,105,78.95,85.1,57.57,1.48,0.28,-0.21,True,0.0599,0.085,0.724,0.0453,0.78,True,0.147,55.7,2,101,0.0269,0.0262,0.45,1.37,1.32,0.03,False,2026-09-11,-0.07919740505784079,0.0747527258714098,-0.15395013092925058,0.050993539178123326,149507000.0,0.6543347465552716,2026-06-30,147332000.0,1.31,0.13913043478260884,11.9658,False,True,Financial Services,Banks - Regional,2477254144.0,,0.0401,,,
SYF,1.5,2025-06-06,2026-09-11,67,75.44,85.82,58.0,1.48,0.29,-0.15,True,0.039,0.0788,0.761,0.0541,0.63,True,0.072,50.6,2,66,0.0273,0.0341,0.7,1.05,0.72,0.0,True,2026-09-11,-0.0040322580645161255,-0.02872606161532054,0.024693803550804416,-0.023989703989704014,3518000000.0,0.5363307053057745,2026-06-30,9694000000.0,2.59,0.03599999999999994,24.5192,False,True,Financial Services,Credit Services,24724930560.0,,0.0729,,,
SYF-P-B,1.5,2024-03-01,2026-09-11,133,26.11,26.5,23.45,1.13,0.21,,True,0.0128,0.0199,0.466,,0.87,True,0.003,55.8,3,74,0.0062,0.0058,0.48,0.59,,0.1,False,2026-09-11,,,,,,,,,,,,,,,,,,,,,
SYF-P-B,2.0,2024-03-01,2026-09-11,133,26.11,26.5,23.45,1.13,0.21,,True,0.0128,0.0199,0.466,,0.87,True,0.003,55.8,3,74,0.0062,0.0058,0.48,0.59,,0.1,False,2026-09-11,,,,,,,,,,,,,,,,,,,,,
SYK,1.5,2023-11-03,2026-09-11,150,270.01,399.46,266.48,1.5,0.15,-0.1,False,0.0575,0.0863,0.633,0.0339,0.03,True,0.016,32.1,2,148,0.0202,0.0114,0.35,1.51,1.7,0.05,False,2026-09-11,0.09415476585851867,0.026252983293556076,0.0679017825649626,0.08476782265513472,3729000000.0,0.6826529063590833,2026-06-30,4702000000.0,3.69,0.17891373801916935,6.6474,False,True,Healthcare,Medical Devices,105697386496.0,,0.0208,,,
T,1.5,2024-09-06,2026-09-11,106,25.55,28.42,19.12,1.49,0.38,0.05,True,0.0658,0.1014,0.509,0.0268,0.69,False,-0.076,55.0,0,105,0.0301,0.074,0.46,0.93,2.46,0.04,False,2026-09-11,0.02304924303822098,0.02873375563246916,-0.005684512594248181,0.026253387533875294,21494000000.0,0.618258444768363,2026-06-30,17654000000.0,0.65,0.20370370370370366,10.1695,False,True,Communication Services,Telecom Services,178573164544.0,,0.0183,,,
TAC,1.5,2025-07-18,2026-09-11,61,12.18,17.41,11.69,1.49,-0.1,-0.16,True,0.0488,0.0902,0.393,0.0579,0.09,False,-0.001,44.6,2,25,0.0126,0.0469,0.26,1.18,0.84,0.02,False,2026-09-11,0.12471131639722866,-0.25269114907651713,0.3774024654737458,-0.09574313402473078,-22937067.0,0.8891170431211499,2026-06-30,453120540.0,0.13,-0.27777777777777773,18.1818,False,False,Utilities,Utilities - Independent Power Producers,3820903936.0,,0.0368,,,
TAC,2.0,2025-05-16,2026-09-11,70,12.18,17.41,8.9,1.96,0.18,-0.36,True,0.0581,0.1187,0.829,0.0564,0.39,False,-0.001,44.6,2,69,0.0126,0.0469,0.22,1.3,1.03,0.01,False,2026-09-11,0.12471131639722866,-0.25269114907651713,0.3774024654737458,-0.09574313402473078,-22937067.0,0.8891170431211499,2026-06-30,453120540.0,0.13,-0.27777777777777773,18.1818,False,False,Utilities,Utilities - Independent Power Producers,3820903936.0,,0.0368,,,
TAL,1.5,2025-03-14,2026-09-11,79,11.5,13.36,8.92,1.5,0.03,-0.4,True,0.0455,0.0898,0.671,0.0825,0.58,True,0.024,53.2,0,71,0.0449,0.0936,0.99,1.24,0.55,0.01,False,2026-09-11,0.31891881551098344,0.3241288085487817,-0.005209993037798233,0.3263676289741586,909198474.0,0.5778115633781088,2026-05-31,638341999.0,0.73,9.428571428571427,421.4286,False,True,Consumer Defensive,Education & Training Services,6551022080.0,,0.1006,,,
TAL,2.0,2023-09-29,2026-09-11,155,11.5,14.82,7.43,1.99,-0.01,-0.16,True,0.0782,0.1266,0.794,0.1077,0.55,True,0.024,53.2,3,104,0.0449,0.0936,0.57,0.96,0.73,0.02,False,2026-09-11,0.31891881551098344,0.3241288085487817,-0.005209993037798233,0.3263676289741586,909198474.0,0.5778115633781088,2026-05-31,638341999.0,0.73,9.428571428571427,421.4286,False,True,Consumer Defensive,Education & Training Services,6551022080.0,,0.1006,,,
TARS,2.0,2025-08-08,2026-09-11,58,81.12,90.78,47.85,1.9,0.1,-0.14,True,0.094,0.1318,0.724,0.0679,0.77,True,0.054,61.8,0,57,0.1158,0.0887,1.23,1.23,1.38,0.02,False,2026-09-11,0.6940580557179037,1.068730452543563,-0.37467239682565934,1.0517357480517457,-46476000.0,0.9303498320989926,2026-06-30,61547000.0,-0.43,0.10416666666666664,-104.7619,False,False,Healthcare,Biotechnology,3711048704.0,,0.1415,,,
TATT,1.5,2026-03-20,2026-09-11,26,37.85,47.6,32.08,1.48,-0.05,-0.44,True,0.0772,0.0943,0.692,0.0803,0.37,True,0.031,44.8,0,17,0.0484,0.0585,0.63,0.79,0.96,0.04,False,2026-09-11,0.22814587973273937,-0.02361064970812965,0.251756529440869,0.12057043820352753,21038000.0,0.25161509690581435,2026-06-30,7071950.0,0.35,0.2962962962962961,25.0,False,True,Industrials,Aerospace & Defense,499908352.0,,0.1803,,,
TATT,2.0,2025-06-27,2026-09-11,64,37.85,57.72,29.82,1.94,0.24,-0.14,True,0.0823,0.1531,0.656,0.0806,0.29,True,0.031,44.8,0,61,0.0484,0.0585,0.59,0.94,1.02,0.02,False,2026-09-11,0.22814587973273937,-0.02361064970812965,0.251756529440869,0.12057043820352753,21038000.0,0.25161509690581435,2026-06-30,7071950.0,0.35,0.2962962962962961,25.0,False,True,Industrials,Aerospace & Defense,499908352.0,,0.1803,,,
TAYD,1.5,2026-03-13,2026-09-11,27,59.38,74.87,51.0,1.47,-0.26,-0.43,True,0.0571,0.1118,0.296,0.0684,0.35,True,0.008,52.1,0,15,0.0475,0.0364,0.83,0.91,0.83,0.0,True,2026-09-11,-0.4245300187890949,0.05758415134587058,-0.4821141701349655,0.0004817686038685043,8563674.0,0.4419246414591573,2026-05-31,4886772.0,0.5,-0.5192307692307693,-35.8974,False,True,Industrials,Specialty Industrial Machinery,193436400.0,,0.0483,,,
TAYD,2.0,2025-11-21,2026-09-11,43,59.38,89.95,47.53,1.89,-0.26,-0.24,True,0.0913,0.1783,0.349,0.0638,0.28,True,0.008,52.1,1,40,0.0475,0.0364,0.52,0.94,1.43,0.0,False,2026-09-11,-0.4245300187890949,0.05758415134587058,-0.4821141701349655,0.0004817686038685043,8563674.0,0.4419246414591573,2026-05-31,4886772.0,0.5,-0.5192307692307693,-35.8974,False,True,Industrials,Specialty Industrial Machinery,193436400.0,,0.0483,,,
TBBK,1.5,2025-10-31,2026-09-11,46,50.3,69.85,50.3,1.39,-0.09,-0.36,True,0.0823,0.097,0.413,0.0551,0.0,True,0.151,34.7,0,0,0.0111,0.0229,0.13,0.84,1.49,0.02,False,2026-09-11,-0.09577286009581698,-0.2600427847693382,0.1642699246735212,-0.07187126889913675,231944000.0,0.6698007905986031,2026-06-30,163617000.0,1.45,0.14173228346456687,6.6176,False,True,Financial Services,Banks - Regional,2065036160.0,,0.1224,,,
TBBK,2.0,2024-07-12,2026-09-11,114,50.3,78.74,43.17,1.82,0.39,-0.02,True,0.0955,0.1418,0.684,0.0559,0.2,True,0.151,34.7,1,113,0.0111,0.0229,0.12,0.82,1.71,0.02,False,2026-09-11,-0.09577286009581698,-0.2600427847693382,0.1642699246735212,-0.07187126889913675,231944000.0,0.6698007905986031,2026-06-30,163617000.0,1.45,0.14173228346456687,6.6176,False,True,Financial Services,Banks - Regional,2065036160.0,,0.1224,,,
TBCH,1.5,2025-11-07,2026-09-11,45,11.84,14.95,10.16,1.47,-0.3,-0.46,False,0.059,0.09,0.667,0.0776,0.35,True,0.094,45.5,1,23,0.0201,0.0231,0.34,1.22,0.76,0.0,True,2026-09-11,-0.0072564594818324,-0.3400416268915979,0.3327851674097655,-0.1754135767256132,-3191000.0,0.3878825512285993,2026-06-30,32253000.0,-0.36,-1.5714285714285712,-20.0,False,False,Technology,Consumer Electronics,229423424.0,,0.2849,,,
TBCH,2.0,2023-11-10,2026-09-11,149,11.84,18.82,9.84,1.91,-0.13,-0.66,False,0.1197,0.1599,0.604,0.0793,0.22,True,0.094,45.5,4,148,0.0201,0.0231,0.17,1.32,1.51,0.01,False,2026-09-11,-0.0072564594818324,-0.3400416268915979,0.3327851674097655,-0.1754135767256132,-3191000.0,0.3878825512285993,2026-06-30,32253000.0,-0.36,-1.5714285714285712,-20.0,False,False,Technology,Consumer Electronics,229423424.0,,0.2849,,,
TBN,1.5,2026-03-20,2026-09-11,26,39.33,43.73,30.93,1.41,-0.11,-0.02,True,0.0567,0.0922,0.615,0.0602,0.66,False,-0.054,60.9,0,10,0.0649,0.0766,1.14,0.91,0.94,0.0,False,2026-09-11,-1.0010465630424341,-1.0000100774282403,-0.0010364856141937828,-0.6332139297387631,-34384895.0,-0.3333333333333333,2026-03-31,-73926680.0,-0.39,-0.21875000000000003,-14.7059,False,False,Energy,Oil & Gas E&P,1363931392.0,,0.017,,,
TBPH,1.5,2026-02-13,2026-09-11,31,17.02,19.66,13.57,1.45,0.09,-0.34,True,0.0219,0.0757,0.774,0.0617,0.57,True,0.047,52.7,1,27,0.0035,0.0041,0.16,0.93,0.35,0.1,False,2026-09-11,-0.20858942546287462,0.1501819599688068,-0.3587713854316814,0.35109125056667323,53808000.0,0.9303940957985626,2026-06-30,51818000.0,0.07,-0.9351851851851851,-50.0,False,True,Healthcare,Biotechnology,883137984.0,,0.0498,,,
TCMD,1.5,2025-11-07,2026-09-11,45,22.32,31.35,21.87,1.43,-0.23,0.12,True,0.0851,0.0924,0.622,0.0784,0.05,True,0.073,41.2,0,1,0.0798,0.1019,0.94,0.87,1.09,0.02,False,2026-09-11,0.08609086876623784,0.22848795456029247,-0.14239708579405463,0.17220287032668447,24865000.0,0.6868421666783355,2026-06-30,26719000.0,0.34,1.4285714285714286,142.8571,False,True,Healthcare,Medical Devices,507411200.0,,0.1171,,,
TCMD,2.0,2025-11-07,2026-09-11,45,22.32,31.35,21.87,1.43,-0.23,0.12,True,0.0851,0.0924,0.622,0.0784,0.05,True,0.073,41.2,0,1,0.0798,0.1019,0.94,0.87,1.09,0.02,False,2026-09-11,0.08609086876623784,0.22848795456029247,-0.14239708579405463,0.17220287032668447,24865000.0,0.6868421666783355,2026-06-30,26719000.0,0.34,1.4285714285714286,142.8571,False,True,Healthcare,Medical Devices,507411200.0,,0.1171,,,
TCPC,1.5,2026-01-30,2026-09-11,33,4.01,4.7,3.16,1.49,-0.17,-0.6,False,0.0986,0.1086,0.515,0.0395,0.55,False,-0.017,52.9,0,7,0.0123,0.0733,0.12,0.73,2.5,0.0,False,2026-09-11,14.992155820699907,-0.7480054091120569,15.740161229811964,0.9271191729745569,-108542597.0,1.0,2026-06-30,399704930.0,0.22,-0.3125,10.0,False,False,Financial Services,Asset Management,341484320.0,,0.054,,,
TDAY,1.5,2026-02-13,2026-09-11,31,6.29,8.83,5.95,1.48,0.37,-0.0,True,0.1166,0.1173,0.452,0.0971,0.12,True,0.035,38.9,0,28,0.0659,0.1028,0.57,1.25,1.2,0.03,False,2026-09-11,-0.08296672200745137,-0.04039379046945879,-0.042572931537992575,-0.0667464943593451,-40293000.0,1.0,2026-06-30,61588000.0,0.07,-0.8333333333333333,450.0,False,False,Communication Services,Publishing,933762112.0,,0.1819,,,
TDC,1.5,2025-11-07,2026-09-11,45,27.36,34.56,24.56,1.41,0.11,-0.5,False,0.0671,0.0893,0.667,0.0488,0.28,True,0.015,44.4,1,22,0.0178,0.049,0.27,1.19,1.38,0.02,False,2026-09-11,0.004901960784313708,0.062200956937799035,-0.057298996153485326,0.009552238805970115,458000000.0,0.5926829268292683,2026-06-30,745000000.0,0.42,-0.10638297872340424,16.6667,False,True,Technology,Software - Infrastructure,2589120000.0,,0.2367,,,
TDC,2.0,2024-02-16,2026-09-11,135,27.36,38.67,19.73,1.96,-0.33,-0.65,False,0.13,0.1804,0.593,0.0555,0.4,True,0.015,44.4,3,75,0.0178,0.049,0.14,2.29,2.34,0.03,False,2026-09-11,0.004901960784313708,0.062200956937799035,-0.057298996153485326,0.009552238805970115,458000000.0,0.5926829268292683,2026-06-30,745000000.0,0.42,-0.10638297872340424,16.6667,False,True,Technology,Software - Infrastructure,2589120000.0,,0.2367,,,
TDG,1.5,2024-02-16,2026-09-11,135,1126.88,1496.58,1010.91,1.48,0.37,0.02,True,0.0563,0.0817,0.778,0.032,0.24,True,0.036,38.8,3,134,0.0282,0.041,0.5,1.17,1.76,0.03,False,2026-09-11,0.2253017434063478,0.18325581395348833,0.042045929452859454,0.16645296654621755,2129000000.0,0.5939438161255016,2026-06-30,1927000000.0,9.97,0.03854166666666677,3.9625,False,True,Industrials,Aerospace & Defense,63032922112.0,,0.0217,,,
TDS,1.5,2024-11-22,2026-09-11,95,37.44,47.5,32.78,1.45,0.39,0.03,True,0.0681,0.0996,0.453,0.0905,0.32,False,-0.168,48.6,1,87,0.0215,0.0244,0.32,0.94,0.75,0.02,False,2026-09-11,-0.7392234401349073,-0.73184575389948,-0.007377686235427228,-0.7381423813488759,418571000.0,0.5818527487947853,2026-06-30,-452345000.0,2.24,45.8,1766.6667,True,False,Communication Services,Telecom Services,4312245248.0,,0.0005,,,
TDS,2.0,2024-10-18,2026-09-11,100,37.44,47.5,27.28,1.74,0.38,0.14,True,0.0713,0.1105,0.8,0.0826,0.5,False,-0.168,48.6,2,97,0.0215,0.0244,0.3,0.94,0.86,0.02,False,2026-09-11,-0.7392234401349073,-0.73184575389948,-0.007377686235427228,-0.7381423813488759,418571000.0,0.5818527487947853,2026-06-30,-452345000.0,2.24,45.8,1766.6667,True,False,Communication Services,Telecom Services,4312245248.0,,0.0005,,,
TDW,1.5,2026-02-06,2026-09-11,32,91.99,95.25,64.67,1.47,0.37,-0.39,True,0.0753,0.1068,0.625,0.0704,0.89,True,0.001,62.6,0,12,0.0267,0.1429,0.35,0.88,1.07,0.0,False,2026-09-11,0.0025070951378169948,-0.0216588092753206,0.024165904413137596,-0.010215273509978529,246880000.0,0.28447764595208114,2026-06-30,258039999.0,0.43,-0.7054794520547946,34.375,False,True,Energy,Oil & Gas Equipment & Services,4625837056.0,,0.1536,,,
TECX,1.5,2026-03-06,2026-09-11,28,28.61,37.93,27.89,1.36,0.22,-0.48,True,0.0475,0.0902,0.357,0.0966,0.07,True,0.104,47.1,0,17,0.0825,0.0744,1.74,1.04,0.49,0.0,False,2026-09-11,,,,,-85787000.0,,2026-06-30,-72446000.0,-1.18,-0.10280373831775688,16.3121,False,False,Healthcare,Biotechnology,567909056.0,,0.2009,,,
TEL,1.5,2025-06-27,2026-09-11,64,204.63,244.24,163.95,1.49,0.07,0.01,True,0.0454,0.0786,0.688,0.0398,0.51,False,-0.025,47.6,1,63,0.0115,0.0194,0.25,1.1,1.14,0.05,False,2026-09-11,0.13806793118659022,0.14506396331160998,-0.006996032125019758,0.154876062963633,3016000000.0,0.3556201550387597,2026-06-30,3638000000.0,2.94,0.2951541850220264,3.1579,False,True,Technology,Electronic Components,61455826944.0,,0.0375,,,
TEO,2.0,2025-10-24,2026-09-11,47,13.54,15.26,7.65,2.0,0.36,-0.44,True,0.059,0.1024,0.787,0.0751,0.77,True,0.088,55.0,0,46,0.0253,0.0232,0.43,1.05,0.79,0.02,False,2026-09-11,0.3382640800385839,0.3053995259406579,0.03286455409792599,0.6183083126342572,729618000000.0,0.7727114953895705,2026-06-30,1069537574000.0,0.36,2.1999999999999997,2.8571,True,True,Communication Services,Telecom Services,5616818176.0,,0.0028,,,
TFIN,2.0,2024-12-20,2026-09-11,91,66.92,91.5,46.95,1.95,0.07,-0.56,False,0.1092,0.1574,0.637,0.0556,0.45,True,0.15,44.6,2,48,0.0282,0.0291,0.26,1.0,1.96,0.02,False,2026-09-11,-0.1600419955671346,0.02512975054411526,-0.18517174611124987,-0.02896159282694022,38647000.0,0.7366164842693924,2026-06-30,93185000.0,0.44,1.9333333333333336,0.0,False,True,Financial Services,Banks - Regional,1577995136.0,,0.1187,,,
TFPM,1.5,2026-03-06,2026-09-11,28,32.96,38.58,27.31,1.41,-0.33,-0.34,True,0.0621,0.0858,0.643,0.057,0.5,False,-0.041,53.0,0,8,0.0357,0.0737,0.57,1.01,1.09,0.04,False,2026-09-11,0.37331406039091486,0.7625009666241109,-0.3891869062331961,0.5063130586587872,411538336.0,0.6829604290656368,2026-06-30,-217935804.0,0.39,0.6250000000000001,18.1818,False,False,Basic Materials,Other Precious Metals & Mining,6958781952.0,,,,,
TFX,1.5,2025-02-28,2026-09-11,81,132.0,139.67,102.18,1.37,0.14,-0.61,False,0.0581,0.0808,0.605,0.0334,0.8,True,0.076,51.8,2,34,0.0153,0.0197,0.26,0.96,1.74,0.0,False,2026-09-11,-0.2696375541210082,-0.21751640218134383,-0.05212115193966438,-0.14491727664958431,-1029359000.0,0.5816033468225524,2026-06-30,390632000.0,1.76,-0.5281501340482574,37.5,False,False,Healthcare,Medical Instruments & Supplies,5550360576.0,,0.1489,,,
TG,1.5,2025-11-14,2026-09-11,44,7.4,10.35,7.28,1.42,-0.05,-0.22,False,0.0434,0.0884,0.364,0.0521,0.04,False,-0.075,44.2,0,25,0.0219,0.0219,0.5,0.81,0.83,0.0,False,2026-09-11,0.20724000089327577,0.1320338962473746,0.07520610464590116,0.447869225312592,33322000.0,0.13402023714830094,2026-06-30,22637000.0,0.18,2.6,,False,True,Industrials,Metal Fabrication,249351456.0,,0.0332,,,
TGS,1.5,2025-10-31,2026-09-11,46,30.74,35.32,28.1,1.26,-0.17,-0.11,True,0.0353,0.0515,0.5,0.0662,0.37,False,-0.053,52.9,0,4,0.0284,0.0333,0.8,0.77,0.53,0.07,False,2026-09-11,0.6406681389649167,0.5084539403838815,0.13221419858103522,0.44390501052797027,560240013000.0,0.5037184086613458,2026-06-30,407579255000.0,0.23,0.15,-63.4921,False,True,Energy,Oil & Gas Integrated,4465378304.0,,0.0079,,,
THO,1.5,2026-02-27,2026-09-11,29,72.01,94.82,71.88,1.32,-0.28,-0.41,False,0.0226,0.0546,0.414,0.049,0.01,False,-0.009,39.0,0,12,0.0262,0.022,1.16,0.77,0.46,0.0,True,2026-09-11,-0.03915589193371771,0.05341356864797153,-0.09256946058168924,0.023927504316299197,260767000.0,0.12754454549964803,2026-04-30,199647000.0,1.86,-0.2648221343873517,-3.6269,False,True,Consumer Cyclical,Recreational Vehicles,3792900096.0,,0.131,,,
THRM,2.0,2024-10-04,2026-09-11,102,38.33,44.0,23.32,1.89,-0.07,-0.69,False,0.1053,0.1476,0.618,0.0522,0.73,True,0.247,53.7,2,74,0.0211,0.0795,0.2,1.74,2.02,0.03,False,2026-09-11,0.10950971766775974,0.11262272010490193,-0.003113002437142187,0.08406255805472806,26574000.0,0.2317032145826425,2026-06-30,40889000.0,0.75,0.3888888888888888,27.1186,False,True,Consumer Cyclical,Auto Parts,1194210944.0,,0.0836,,,
TIMB,2.0,2025-04-18,2026-09-11,74,19.18,27.75,14.37,1.93,0.4,-0.09,True,0.0895,0.1482,0.662,0.0449,0.36,False,-0.18,42.1,1,73,0.0404,0.0798,0.45,1.25,1.99,0.01,False,2026-09-11,0.0553838955637882,0.06451863656404866,-0.00913474100026046,0.0521945357822422,4325639000.0,0.5534683049784344,2026-06-30,9145545000.0,0.43,0.19444444444444448,16.2162,False,True,Communication Services,Telecom Services,8973752320.0,,0.0162,,,
TIPT,1.5,2025-09-19,2026-09-11,52,17.85,23.27,15.62,1.49,-0.08,-0.38,True,0.0256,0.0581,0.558,0.0495,0.29,True,0.056,50.2,2,25,0.013,0.0144,0.51,0.96,0.52,0.02,False,2026-09-11,-0.9925669957151586,-0.9849667504867132,-0.007600245228445379,-1.5006955197247018,413811000.0,1.0,2026-06-30,164198000.0,-0.17,-1.4594594594594597,,False,True,Financial Services,Asset Management,662866496.0,,0.0337,,,
TITN,2.0,2024-02-23,2026-09-11,134,23.64,26.22,13.19,1.99,0.04,-0.72,True,0.1205,0.1724,0.515,0.0701,0.8,True,0.012,57.5,2,90,0.0714,0.0543,0.59,1.08,1.72,0.02,False,2026-09-11,-0.09158056168630335,-0.12106788079470199,0.029487319108398635,-0.10672205113181243,-56736000.0,0.18614016567818464,2026-07-31,49687000.0,-0.4,-0.5384615384615385,-21.2121,False,False,Industrials,Industrial Distribution,546433856.0,,0.0455,,,
TKC,1.5,2024-04-05,2026-09-11,128,5.27,7.35,4.94,1.49,-0.23,-0.02,False,0.0607,0.0898,0.711,0.055,0.14,False,-0.092,38.4,3,126,0.011,0.04,0.18,1.73,1.1,0.02,False,2026-09-11,0.39216809561343857,0.4256295556028795,-0.033461459989440945,0.05255351206076453,15514581636.0,0.2536398490375128,2026-06-30,40147436670.0,0.13,0.0551948051948052,,False,True,Communication Services,Telecom Services,4674998272.0,,0.0053,,,
TLK,1.5,2025-05-16,2026-09-11,70,14.99,20.72,13.89,1.49,-0.25,-0.37,False,0.1067,0.1179,0.357,0.0445,0.16,False,-0.08,45.3,0,10,0.0111,0.0164,0.1,0.79,2.4,0.03,False,2026-09-11,1.0865667537467343,0.015011326728349594,1.0715554270183847,0.264939497152608,21478000000000.0,0.565315374680408,2026-06-30,41420000000000.0,0.31,-0.13165266106442575,-41.5094,False,True,Communication Services,Telecom Services,14727992320.0,,0.0054,,,
TLN,1.5,2025-07-18,2026-09-11,61,311.54,438.5,296.11,1.48,-0.32,-0.01,True,0.0447,0.0873,0.689,0.077,0.11,True,0.005,43.2,1,2,0.0556,0.072,1.24,0.81,0.58,0.0,False,2026-09-11,0.6453744493392071,0.9667194928684628,-0.32134504352925575,0.6583646616541354,-185000000.0,0.4926372155287818,2026-06-30,510000000.0,0.16,-0.8933333333333334,-95.0,False,False,Utilities,Utilities - Independent Power Producers,14984705024.0,,0.0569,,,
TLN,2.0,2025-05-02,2026-09-11,72,311.54,438.5,225.16,1.95,0.24,-0.08,True,0.0747,0.1401,0.653,0.0776,0.4,True,0.005,43.2,1,70,0.0556,0.072,0.74,0.83,0.96,0.0,False,2026-09-11,0.6453744493392071,0.9667194928684628,-0.32134504352925575,0.6583646616541354,-185000000.0,0.4926372155287818,2026-06-30,510000000.0,0.16,-0.8933333333333334,-95.0,False,False,Utilities,Utilities - Independent Power Producers,14984705024.0,,0.0569,,,
TLX,2.0,2025-08-01,2026-09-11,59,11.9,13.05,6.54,2.0,0.13,-0.66,,0.092,0.1549,0.644,0.0796,0.82,True,0.116,60.0,1,30,0.0381,0.054,0.41,1.0,1.16,0.02,False,2026-09-11,2.6587153781428112,1.2023851934415521,1.456330184701259,2.019915000622312,83018279.0,0.5158311515934795,2026-06-30,-75551081.0,0.04,-0.3333333333333333,-48.0519,False,False,Healthcare,Biotechnology,3836164608.0,,0.0008,,,
TM,1.5,2025-04-11,2026-09-11,75,192.48,244.46,163.5,1.5,0.22,-0.31,True,0.0608,0.0959,0.6,0.0405,0.36,False,-0.05,50.5,0,60,0.0143,0.0442,0.24,0.95,1.5,0.0,False,2026-09-11,0.11834958434958809,0.03766157727163422,0.08068800707795387,0.08580294327496296,4540959227000.0,0.18027171098084294,2026-06-30,-870630823000.0,7.57,0.6935123042505594,92.132,False,False,Consumer Cyclical,Auto Manufacturers,234705158144.0,,0.0008,,,
TMO,1.5,2025-07-25,2026-09-11,60,603.18,629.27,437.9,1.44,0.18,-0.28,True,0.0929,0.1027,0.517,0.0372,0.86,True,0.19,63.2,0,17,0.0324,0.0728,0.35,0.98,2.5,0.05,False,2026-09-11,0.10492860432980189,0.061848707062910124,0.043079897266891765,0.07229473294455246,6978000000.0,0.412122728030682,2026-06-30,7318000000.0,6.03,0.12499999999999999,5.6042,False,True,Healthcare,Diagnostics & Research,225479294976.0,,0.0154,,,
TMUS,2.0,2023-10-27,2026-09-11,151,177.16,262.44,133.11,1.97,0.36,-0.08,False,0.1343,0.1648,0.596,0.0281,0.34,False,-0.061,42.6,0,150,0.0087,0.0128,0.06,0.91,4.78,0.05,False,2026-09-11,0.07850653038046573,0.1063391745666955,-0.02783264418622977,0.09680911816494553,10560000000.0,0.6476679390987671,2026-06-30,15347000000.0,3.13,0.09824561403508765,25.7028,False,True,Communication Services,Telecom Services,195580215296.0,,0.0358,,,
TNC,1.5,2024-10-04,2026-09-11,102,69.0,90.74,60.54,1.5,-0.19,-0.48,False,0.0617,0.0858,0.686,0.0376,0.28,True,0.007,39.2,2,28,0.0324,0.0847,0.53,1.35,1.64,0.04,False,2026-09-11,0.016949152542372836,0.02724137931034476,-0.010292226767971924,-0.02912311497646214,18300000.0,0.3947530864197531,2026-06-30,-2900000.0,0.83,-0.4429530201342282,-32.5203,False,False,Industrials,Specialty Industrial Machinery,1171969152.0,,0.1175,,,
TNDM,2.0,2025-10-03,2026-09-11,50,18.31,25.3,12.82,1.97,0.04,-0.75,False,0.1156,0.1599,0.64,0.0873,0.44,True,0.011,48.0,0,17,0.0815,0.1584,0.71,0.92,1.32,0.02,True,2026-09-11,0.05767872427060228,0.05459811792408553,0.0030806063465167455,-0.0710235255392998,-63315000.0,0.5687460716530484,2026-06-30,-26618001.0,-0.31,0.35416666666666663,8.8235,False,False,Healthcare,Medical Devices,1190491648.0,,0.2262,,,
TONX,2.0,2026-03-06,2026-09-11,28,3.0,3.98,2.08,1.91,0.24,-0.98,False,0.1023,0.1633,0.643,0.1851,0.48,True,0.04,47.6,1,22,0.0429,0.0588,0.42,0.89,0.55,0.0,False,2026-09-11,6.0744229863400845,3.025287356321839,3.0491356300182453,5.922879177377892,-158051000.0,0.9489979359477995,2026-06-30,-29203000.0,0.01,1.00398406374502,100.7519,True,False,Technology,Software - Application,167418848.0,,0.0829,,,
TPB,1.5,2026-03-06,2026-09-11,28,71.95,93.33,71.95,1.3,-0.29,-0.47,True,0.0332,0.0665,0.643,0.0547,0.0,False,-0.027,38.3,0,0,0.0608,0.0433,1.83,0.71,0.61,0.0,False,2026-09-11,0.2257146286674554,0.16763125258371225,0.05808337608374314,0.24491644188974604,44555000.0,0.6554560716284276,2026-06-30,19632000.0,0.18,-0.8163265306122449,80.0,False,True,Consumer Defensive,Tobacco,1433698432.0,,0.1453,,,
TPB,2.0,2025-05-09,2026-09-11,71,71.95,136.72,71.95,1.9,0.02,0.03,True,0.1247,0.1731,0.408,0.0504,0.0,False,-0.027,38.3,1,0,0.0608,0.0433,0.49,0.79,2.47,0.03,False,2026-09-11,0.2257146286674554,0.16763125258371225,0.05808337608374314,0.24491644188974604,44555000.0,0.6554560716284276,2026-06-30,19632000.0,0.18,-0.8163265306122449,80.0,False,True,Consumer Defensive,Tobacco,1433698432.0,,0.1453,,,
TPG,1.5,2026-02-06,2026-09-11,32,46.93,53.97,37.38,1.44,0.39,-0.43,True,0.0344,0.1065,0.531,0.0518,0.58,True,0.126,50.4,0,22,0.0605,0.0845,1.76,1.01,0.66,0.0,True,2026-09-11,1.645606302018157,-0.33253108974186496,1.978137391760022,0.6556539489003181,218385000.0,0.9803309829783906,2026-06-30,917482000.0,0.69,0.0,16.9492,False,True,Financial Services,Asset Management,18626156544.0,,0.071,,,
TPG,2.0,2023-12-08,2026-09-11,145,46.93,65.81,33.75,1.95,0.24,-0.05,True,0.1529,0.1824,0.476,0.0573,0.41,True,0.126,50.4,1,144,0.0605,0.0845,0.4,1.53,2.67,0.01,False,2026-09-11,1.645606302018157,-0.33253108974186496,1.978137391760022,0.6556539489003181,218385000.0,0.9803309829783906,2026-06-30,917482000.0,0.69,0.0,16.9492,False,True,Financial Services,Asset Management,18626156544.0,,0.071,,,
TPL,2.0,2024-11-29,2026-09-11,94,366.1,529.47,278.35,1.9,-0.1,-0.51,True,0.1332,0.1697,0.606,0.0734,0.35,False,-0.099,45.5,1,39,0.0344,0.0538,0.26,0.34,1.81,0.01,False,2026-09-11,0.3120137781735388,0.20835990876759714,0.10365386940594168,0.20820247875478048,541416000.0,1.0,2026-06-30,526696000.0,2.23,0.324778708489277,4.2056,False,True,Energy,Oil & Gas E&P,25458554880.0,,0.098,,,
TPR,1.5,2025-11-28,2026-09-11,42,115.87,161.75,107.89,1.5,0.16,-0.06,True,0.0728,0.0871,0.738,0.0509,0.15,False,-0.026,38.2,1,41,0.0772,0.0771,1.06,1.11,1.43,0.0,False,2026-09-11,0.08902042711234914,0.21204089360090883,-0.12302046648855969,0.14171195458370778,1527700000.0,0.833208994990941,2026-06-30,1812500000.0,1.32,0.2692307692307693,4.7619,False,True,Consumer Cyclical,Luxury Goods,23625920512.0,,0.0881,,,
TPVG,1.5,2024-08-02,2026-09-11,111,5.14,6.33,4.31,1.47,-0.34,-0.44,False,0.0776,0.0889,0.622,0.0363,0.41,False,-0.028,50.3,1,24,0.0307,0.056,0.4,0.47,2.14,0.02,False,2026-09-11,0.18534482758620685,0.06627449119977236,0.1190703363864345,0.10571004868830292,38735000.0,0.8026966292134832,2026-06-30,-29094000.0,0.21,-0.2500000000000001,-12.5,False,False,Financial Services,Asset Management,210062176.0,,0.0566,,,
TREX,2.0,2025-09-12,2026-09-11,53,43.67,60.45,31.05,1.95,0.02,-0.69,False,0.1177,0.1456,0.679,0.0514,0.43,True,0.179,48.5,2,42,0.047,0.0363,0.4,0.91,2.29,0.02,False,2026-09-11,0.07792140814489912,0.010029618256846451,0.06789178988805267,0.06974966744543187,177351000.0,0.37879617912104474,2026-06-30,204681000.0,0.62,-0.1506849315068493,-3.125,False,True,Industrials,Building Products & Equipment,4578840576.0,,0.1037,,,
TRI,1.5,2026-01-30,2026-09-11,33,95.71,108.32,78.07,1.39,0.3,-0.61,False,0.0643,0.0932,0.485,0.0346,0.58,True,0.1,47.8,0,12,0.0382,0.074,0.59,0.9,1.86,0.0,False,2026-09-11,0.09467787114845949,0.09842105263157896,-0.003743181483119473,0.07023776988248165,1662000000.0,0.38024564994882293,2026-06-30,2216036255.0,0.99,0.12499999999999999,3.125,False,True,Industrials,Specialty Business Services,42174410752.0,,0.0091,,,
TRMB,2.0,2023-11-17,2026-09-11,148,56.84,85.24,43.33,1.97,0.3,-0.51,False,0.1259,0.1601,0.628,0.0473,0.32,False,-0.093,44.5,1,147,0.0291,0.0649,0.23,1.49,2.66,0.03,False,2026-09-11,0.10996916752312447,0.11812990720913641,-0.008160739686011942,0.09083306900429644,-104700000.0,0.6943415637860082,2026-06-30,545400000.0,0.68,-0.042253521126760445,4.6154,False,False,Technology,Scientific & Technical Instruments,13445149696.0,,0.0624,,,
TRMD,1.5,2026-03-20,2026-09-11,26,34.6,34.6,23.41,1.48,0.39,-0.17,True,0.0471,0.0853,0.731,0.0609,1.0,True,0.044,71.1,0,25,0.0409,0.0542,0.87,0.72,0.77,0.04,False,2026-09-11,1.0597945558375637,0.20278881798845338,0.8570057378491103,0.3187893592071418,617007893.0,0.5728726605114399,2026-06-30,186194663.0,3.25,5.132075471698112,-16.6667,False,True,Energy,Oil & Gas Midstream,3592938240.0,,0.0246,,,
TRN,2.0,2023-11-03,2026-09-11,150,28.36,37.41,20.95,1.79,0.38,-0.29,True,0.1132,0.1436,0.58,0.049,0.45,False,-0.02,40.4,4,148,0.0295,0.0922,0.26,1.17,2.31,0.01,False,2026-09-11,-0.04168312919794548,-0.1595490263067988,0.11786589710885331,-0.18945948091118348,343300000.0,0.22655122655122656,2026-06-30,-351300000.0,-0.36,-2.8947368421052633,-126.8657,False,False,Industrials,Railroads,2270580480.0,,0.0876,,,
TRNO,1.5,2023-11-17,2026-09-11,148,65.02,75.06,50.31,1.49,0.37,-0.33,True,0.0651,0.0832,0.655,0.0317,0.59,True,0.066,47.2,5,124,0.0304,0.0321,0.47,1.02,2.05,0.04,False,2026-09-11,0.11116952082256715,0.1269697518565478,-0.01580023103398065,0.18047502570434593,388594000.0,0.7624668232954591,2026-06-30,185471000.0,0.7,0.8918918918918918,0.0,False,True,Real Estate,REIT - Industrial,7112492032.0,,0.1067,,,
TRNS,2.0,2025-01-10,2026-09-11,88,82.36,102.6,53.84,1.91,-0.01,-0.62,False,0.0802,0.1397,0.727,0.0661,0.58,True,0.134,48.5,3,40,0.024,0.0403,0.3,1.24,1.21,0.02,False,2026-09-11,0.20498094225633312,0.1580496279202428,0.046931314336090324,0.20170391832229573,3446000.0,0.33066867502286296,2026-06-30,25336000.0,0.51,-0.135593220338983,37.8378,False,True,Industrials,Specialty Business Services,789125824.0,,0.0675,,,
TRU,2.0,2023-11-17,2026-09-11,148,76.95,106.64,57.42,1.86,0.02,-0.5,False,0.0995,0.1339,0.716,0.0645,0.4,True,0.11,50.0,0,147,0.0271,0.0237,0.27,1.0,1.54,0.01,False,2026-09-11,0.1489735041235305,0.136898786164096,0.012074717959434489,0.12367750671287259,847900000.0,0.5841478313989005,2026-06-30,787900000.0,1.07,-0.009259259259259267,8.0808,False,True,Financial Services,Financial Data & Stock Exchanges,14887319552.0,,0.05,,,
TRUP,1.5,2026-02-13,2026-09-11,31,25.0,31.1,21.82,1.43,0.1,-0.61,False,0.0647,0.0929,0.645,0.0729,0.34,True,0.093,44.0,1,15,0.0967,0.0637,1.49,1.4,0.89,0.0,True,2026-09-11,0.11137383788186916,0.12303238540828998,-0.011658547526420815,0.11796044240403747,23214000.0,0.1657606620959245,2026-06-30,82181000.0,0.16,-0.2727272727272727,45.4545,False,True,Financial Services,Insurance - Property & Casualty,1085713536.0,,0.1097,,,
TS,1.5,2026-01-23,2026-09-11,34,56.92,62.92,43.44,1.45,0.38,0.06,True,0.0568,0.0893,0.618,0.0392,0.69,False,-0.07,55.5,0,32,0.0347,0.0232,0.61,0.84,1.45,0.0,False,2026-09-11,-0.03858025091454953,0.06485354279566291,-0.10343379371021244,0.02292393774720969,1912379869.0,0.3319124149791716,2026-06-30,1733406680.0,0.95,-0.04040404040404044,20.2532,False,True,Energy,Oil & Gas Equipment & Services,28971612160.0,,0.0226,,,
TSAT,2.0,2026-02-20,2026-09-11,30,47.14,58.92,30.12,1.96,0.34,-0.15,True,0.1482,0.1692,0.533,0.1115,0.59,False,-0.059,53.8,0,29,0.0963,0.0643,0.65,0.84,1.33,0.03,False,2026-09-11,-0.25049062258496224,-0.2523705984633702,0.0018799758784079357,-0.26048754422215004,-372176089.0,0.22697595378460683,2026-06-30,-738408186.0,9.83,9.731441048034934,1567.1642,False,False,Technology,Communication Equipment,2556024064.0,,0.0931,,,
TSEM,2.0,2026-03-20,2026-09-11,26,208.07,286.74,163.63,1.75,0.25,0.18,True,0.0758,0.1332,0.731,0.0689,0.36,True,0.048,49.0,0,25,0.0569,0.051,0.75,0.65,1.1,0.0,False,2026-09-11,0.2365687346967298,0.15484546444425829,0.0817232702524715,0.14896426857642875,289578000.0,0.2994529200419928,2026-06-30,304580550.0,0.79,0.5800000000000001,14.4928,False,True,Technology,Semiconductors,23908368384.0,,0.0227,,,
TSLA,2.0,2025-04-11,2026-09-11,75,363.56,481.2,241.37,1.99,0.29,-0.45,True,0.1076,0.1438,0.64,0.0918,0.51,False,-0.084,47.5,0,73,0.0496,0.0567,0.46,0.47,1.17,0.0,False,2026-09-11,0.25515647226173543,0.15784846133953967,0.09730801092219576,0.11754745470232963,3818000000.0,0.16826037682391273,2026-06-30,5762000000.0,0.33,-0.17500000000000002,3.125,False,True,Consumer Cyclical,Auto Manufacturers,1443322658816.0,,0.021,,,
TSLX,1.5,2023-11-03,2026-09-11,150,17.78,22.56,15.51,1.45,0.36,0.01,True,0.0583,0.0973,0.553,0.0245,0.32,True,0.013,48.0,3,149,0.0207,0.0413,0.36,0.96,2.38,0.03,False,2026-09-11,0.058179134470892624,-0.29626543749076106,0.3544445719616537,-0.0559389806370334,89043000.0,0.8221770330907685,2026-06-30,155826000.0,0.43,-0.23214285714285723,4.878,False,True,Financial Services,Asset Management,1705688704.0,,0.0566,,,
TSN,1.5,2023-12-08,2026-09-11,145,52.46,67.18,46.78,1.44,0.36,-0.44,False,0.0473,0.075,0.703,0.0387,0.28,False,-0.094,36.2,3,144,0.0107,0.0112,0.23,1.15,1.22,0.03,False,2026-09-11,-0.0011524056467876465,0.0442863698944469,-0.045438775541234544,0.02858936948251034,574000000.0,0.066411883472743,2026-06-30,1161000000.0,0.99,0.08791208791208786,-3.8835,False,True,Consumer Defensive,Farm Products,18638444544.0,,0.0314,,,
TTAM,1.5,2025-07-11,2026-09-11,62,14.68,19.32,13.67,1.41,0.32,-0.17,,0.0573,0.0821,0.613,0.045,0.18,True,0.047,41.4,1,58,0.032,0.0636,0.56,0.84,1.27,0.02,False,2026-09-11,0.09641947726091993,0.015245717794912794,0.08117375946600713,0.05461766891488051,177222998.0,0.24041595661948129,2026-06-30,151175140.0,0.23,-0.14814814814814817,-20.6897,False,True,Basic Materials,Building Materials,2691851008.0,,0.1284,,,
TTEK,1.5,2026-02-13,2026-09-11,31,35.71,37.0,26.13,1.42,0.16,-0.46,True,0.0982,0.1016,0.484,0.0431,0.88,True,0.126,60.7,0,17,0.02,0.0851,0.2,0.96,2.28,0.0,False,2026-09-11,0.1348975209363963,0.10551007742105001,0.02938744351534628,0.10241063677657403,436174000.0,0.18585768271108208,2026-06-30,548208000.0,0.42,-0.023255813953488393,5.0,False,True,Industrials,Engineering & Construction,9343062016.0,,0.0469,,,
TTI,2.0,2025-10-17,2026-09-11,48,6.82,11.67,6.81,1.71,-0.03,0.1,True,0.1147,0.1505,0.562,0.0893,0.0,False,-0.102,37.2,0,2,0.0846,0.1105,0.74,0.86,1.28,0.0,False,2026-09-11,0.06777974602006065,-0.005644648084510595,0.07342439410457124,0.05700442676082318,6207000.0,0.246228259640089,2026-06-30,-15089000.0,0.08,-0.11111111111111106,0.0,False,False,Energy,Oil & Gas Equipment & Services,1008375680.0,,0.0688,,,
TWFG,2.0,2025-07-11,2026-09-11,62,26.94,32.98,17.52,1.88,-0.35,-0.51,False,0.103,0.1689,0.613,0.0475,0.61,True,0.413,56.2,2,29,0.0405,0.0362,0.39,1.18,2.17,0.02,False,2026-09-11,0.5116512065778791,0.40630550621669625,0.10534570036118285,0.37314923364161356,8796000.0,0.2009690210373553,2026-06-30,44998000.0,0.31,0.5499999999999999,29.1667,False,True,Financial Services,Insurance Brokers,343776096.0,,0.0759,,,
TWI,1.5,2026-02-27,2026-09-11,29,7.36,9.73,6.8,1.43,-0.25,-0.46,False,0.0454,0.081,0.448,0.0733,0.19,False,-0.016,47.4,0,24,0.0281,0.0285,0.62,0.97,0.62,0.0,False,2026-09-11,0.05194106286483091,0.02927402854650829,0.02266703431832262,0.04691166375786837,-76750000.0,0.1545570440171134,2026-06-30,-8574000.0,0.1,6.0,350.0,True,False,Industrials,Farm & Heavy Construction Machinery,464059520.0,,0.0492,,,
TWI,2.0,2024-03-01,2026-09-11,133,7.36,12.69,6.54,1.94,-0.25,-0.65,False,0.0873,0.1688,0.421,0.0561,0.13,False,-0.016,47.4,1,75,0.0281,0.0285,0.32,0.94,1.56,0.0,False,2026-09-11,0.05194106286483091,0.02927402854650829,0.02266703431832262,0.04691166375786837,-76750000.0,0.1545570440171134,2026-06-30,-8574000.0,0.1,6.0,350.0,True,False,Industrials,Farm & Heavy Construction Machinery,464059520.0,,0.0492,,,
TYL,1.5,2026-01-30,2026-09-11,33,335.48,377.94,278.91,1.36,-0.18,-0.57,False,0.0465,0.0733,0.727,0.0312,0.57,False,-0.009,48.3,0,12,0.0633,0.0546,1.36,1.07,1.49,0.03,False,2026-09-11,0.08216340080890161,0.0855290048039068,-0.003365603995005184,0.08189112768562845,324616000.0,0.47598651983580736,2026-06-30,714266000.0,2.28,-0.21649484536082486,-3.7975,False,True,Technology,Software - Application,13787402240.0,,0.1089,,,
TYRA,2.0,2025-11-21,2026-09-11,43,23.54,39.61,21.12,1.88,0.12,-0.23,True,0.1254,0.1558,0.605,0.0744,0.13,False,-0.164,40.9,0,42,0.0706,0.1127,0.56,0.73,1.69,0.0,True,2026-09-11,,,,-1.0,-148565000.0,,2026-06-30,-109901000.0,-0.69,-0.4680851063829787,-2.9851,False,False,Healthcare,Biotechnology,1314683008.0,,0.2916,,,
UA,2.0,2024-12-13,2026-09-11,92,4.84,8.0,4.09,1.96,-0.25,-0.63,False,0.1209,0.1653,0.609,0.0595,0.19,True,0.028,39.9,1,42,0.0677,0.1147,0.56,0.72,2.03,0.03,False,2026-09-11,-0.03433526977523493,-0.005844423732180193,-0.02849084604305474,-0.03389855009895415,-492486000.0,0.5408665603450867,2026-06-30,-81116000.0,0.05,1.5,,False,False,Consumer Cyclical,Apparel Manufacturing,2143432064.0,,0.0191,,,
UAA,1.5,2026-02-27,2026-09-11,29,4.97,7.43,4.97,1.49,-0.28,-0.51,False,0.0802,0.1073,0.621,0.0712,0.0,True,0.029,39.8,0,0,0.0651,0.1178,0.81,1.06,1.13,0.0,True,2026-09-11,-0.03433526977523493,-0.005844423732180193,-0.02849084604305474,-0.03389855009895415,-492486000.0,0.5408665603450867,2026-06-30,-81116000.0,0.05,1.5,150.0,False,False,Consumer Cyclical,Apparel Manufacturing,2194977792.0,,0.3698,,,
UAA,2.0,2024-12-27,2026-09-11,90,4.97,8.42,4.28,1.97,-0.29,-0.66,False,0.1374,0.1746,0.589,0.0661,0.17,True,0.029,39.8,1,42,0.0651,0.1178,0.47,0.81,2.08,0.0,False,2026-09-11,-0.03433526977523493,-0.005844423732180193,-0.02849084604305474,-0.03389855009895415,-492486000.0,0.5408665603450867,2026-06-30,-81116000.0,0.05,1.5,150.0,False,False,Consumer Cyclical,Apparel Manufacturing,2194977792.0,,0.3698,,,
UBER,2.0,2023-11-10,2026-09-11,149,72.56,98.51,51.58,1.91,0.32,0.07,True,0.0744,0.1333,0.738,0.0541,0.45,True,0.019,46.4,1,148,0.0414,0.0266,0.56,0.92,1.38,0.01,False,2026-09-11,0.12172950754881029,0.1448018728864997,-0.023072365337689416,0.16682512518222725,9579000000.0,0.44929885138468045,2026-06-30,10116000000.0,1.17,0.7999999999999998,40.9639,False,True,Technology,Software - Application,146390286336.0,,0.0229,,,
UDR,1.5,2023-11-03,2026-09-11,150,35.14,43.29,29.12,1.49,0.18,-0.41,False,0.0624,0.0826,0.713,0.0331,0.42,True,0.066,40.0,3,148,0.0151,0.0374,0.24,1.08,1.89,0.04,False,2026-09-11,0.0,0.00924521505019582,-0.00924521505019582,0.015372418628178952,522177000.0,0.6639813445729774,2026-06-30,921605000.0,0.64,8.142857142857142,1.5873,False,True,Real Estate,REIT - Residential,12901830656.0,,0.0398,,,
UFPT,2.0,2024-02-16,2026-09-11,135,277.4,358.42,186.83,1.92,-0.23,-0.04,True,0.1088,0.1658,0.511,0.0524,0.53,True,0.305,56.0,1,75,0.0622,0.1113,0.57,1.57,2.08,0.01,False,2026-09-11,0.150738212414669,0.040864540864540944,0.10987367155012806,0.07319572039506661,72295000.0,0.29269274102687914,2026-06-30,61422000.0,2.92,0.16799999999999998,16.3347,False,True,Healthcare,Medical Devices,2152477696.0,,0.1891,,,
ULS,1.5,2025-09-26,2026-09-11,51,71.1,102.5,68.98,1.49,0.34,-0.04,True,0.0941,0.1105,0.51,0.037,0.06,False,-0.094,36.0,0,50,0.0278,0.0936,0.3,0.73,2.54,0.02,False,2026-09-11,0.05154639175257736,0.075177304964539,-0.023630913211961646,0.06607929515418509,504000000.0,0.5110294117647058,2026-06-30,436000000.0,0.5,-0.03846153846153849,-3.8462,False,True,Industrials,Specialty Business Services,14361372672.0,,0.0718,,,
ULTA,1.5,2026-03-06,2026-09-11,28,535.63,646.34,456.13,1.42,-0.21,-0.34,True,0.0418,0.0772,0.643,0.0398,0.42,False,-0.024,51.8,0,12,0.0239,0.061,0.57,0.94,1.05,0.0,False,2026-09-11,0.08865330760356316,0.11076171013075209,-0.02210840252718893,0.11162691325408813,1210027000.0,0.3910008841523272,2026-07-31,1067056000.0,6.55,0.1332179930795847,5.475,False,True,Consumer Cyclical,Specialty Retail,23378931712.0,,0.0525,,,
UMH,1.5,2023-11-24,2026-09-11,147,15.54,18.33,12.25,1.5,0.16,-0.43,True,0.0697,0.0911,0.639,0.0351,0.54,True,0.05,51.7,4,146,0.0284,0.0261,0.41,1.63,1.99,0.01,False,2026-09-11,0.07498161847455842,0.07534503879134347,-0.00036342031678504583,0.08367011165599103,31332000.0,0.9049832495812395,2026-06-30,32502000.0,0.25,7.333333333333334,4.1667,False,True,Real Estate,REIT - Residential,1320927616.0,,0.0001,,,
UNCY,2.0,2025-10-03,2026-09-11,50,5.31,8.26,4.44,1.86,0.18,-0.75,False,0.1186,0.1556,0.64,0.1226,0.23,False,-0.231,42.2,0,48,0.0326,0.0409,0.27,1.07,0.97,0.02,False,2026-09-11,,,,-1.0,-35224000.0,,2026-06-30,-27848000.0,-0.06,0.8846153846153846,82.3529,False,False,Healthcare,Biotechnology,144909120.0,,0.1436,,,
UNFI,1.5,2026-03-13,2026-09-11,27,44.11,55.52,38.77,1.43,0.09,-0.08,True,0.0485,0.0723,0.778,0.0712,0.32,False,-0.018,45.8,0,25,0.0407,0.0281,0.84,0.81,0.68,0.0,True,2026-09-11,-0.007016632016632052,-0.04169251768209459,0.034675885665462536,-0.01988421847470423,84000000.0,0.13739858675739336,2026-07-31,323000000.0,0.69,7.2727272727272725,11.2903,True,True,Consumer Defensive,Food Distribution,2680335104.0,,0.0659,,,
UPBD,1.5,2025-09-26,2026-09-11,51,18.2,22.54,15.9,1.42,0.12,-0.51,False,0.058,0.0859,0.608,0.0612,0.35,True,0.095,45.5,1,43,0.0215,0.0418,0.37,1.03,0.95,0.0,False,2026-09-11,0.005088394658999906,0.036864471255896314,-0.03177607659689641,0.05853008019212913,90337000.0,0.5112813363290832,2026-06-30,355952000.0,1.07,-0.04464285714285718,0.0,False,True,Technology,Software - Application,1067462080.0,,0.1537,,,
UPS,1.5,2025-01-31,2026-09-11,85,99.97,115.87,77.76,1.49,0.37,-0.52,False,0.0707,0.102,0.682,0.0336,0.58,True,0.059,45.8,1,48,0.0056,0.0205,0.08,0.81,2.1,0.02,False,2026-09-11,0.07600961311908017,-0.015965840527244035,0.0919754536463242,-0.0032696037683568324,4570000000.0,0.13269685556626085,2026-06-30,5485000000.0,1.76,0.13548387096774192,6.6667,False,True,Industrials,Integrated Freight & Logistics,85316378624.0,,0.0338,,,
UPST,1.5,2026-02-13,2026-09-11,31,25.1,34.78,24.77,1.4,0.14,-0.71,False,0.0762,0.0954,0.484,0.1043,0.03,True,0.016,37.9,0,24,0.059,0.0743,0.77,0.79,0.73,0.0,False,2026-09-11,0.42320504936562253,0.4455399721404232,-0.022334922774800647,0.4532999851945114,60334000.0,0.9667823316253091,2026-06-30,-296696000.0,0.18,-0.5,-40.0,False,False,Financial Services,Credit Services,2449259008.0,,0.305,,,
URBN,1.5,2025-05-16,2026-09-11,70,75.6,81.84,61.21,1.34,0.16,0.05,True,0.0486,0.0701,0.686,0.059,0.7,True,0.071,52.6,1,24,0.0269,0.0361,0.55,0.74,0.82,0.03,False,2026-09-11,0.10444225139640673,0.1142112717478212,-0.00976902035141447,0.11010349212848403,569063000.0,0.4341684141487381,2026-07-31,295211000.0,1.72,0.08860759493670879,0.0,False,True,Consumer Cyclical,Apparel Retail,6731177472.0,,0.1212,,,
UROY,2.0,2025-07-18,2026-09-11,61,4.5,4.86,2.51,1.94,0.12,-0.31,True,0.1186,0.1596,0.623,0.0773,0.85,True,0.012,65.1,0,58,0.0494,0.1912,0.42,1.11,1.53,0.03,False,2026-09-11,42.545861774744026,4170.56125,-4128.015388225256,15.292573132414237,54689086.0,0.3312383966141381,2026-04-30,231975849.0,0.01,,-80.0,False,True,Energy,Uranium,1659548160.0,,0.0073,,,
USAR,2.0,2026-01-02,2026-09-11,37,16.04,28.01,14.15,1.98,-0.03,-0.57,True,0.1417,0.1869,0.486,0.2056,0.14,False,-0.154,43.8,0,36,0.0924,0.0823,0.65,0.82,0.69,0.0,False,2026-09-11,inf,-0.9815477481970356,inf,0.03647132963283606,-284207000.0,-0.6981618278646281,2026-06-30,-245521000.0,-0.15,-0.8749999999999999,-114.2857,False,False,Basic Materials,Other Industrial Metals & Mining,3807083008.0,,0.1263,,,
USAU,1.5,2026-03-06,2026-09-11,28,15.07,17.68,12.98,1.36,-0.23,-0.43,True,0.0467,0.0749,0.714,0.1145,0.44,False,-0.03,48.3,0,6,0.0459,0.0544,0.98,0.95,0.41,0.0,False,2026-09-11,,,,,-17208080.0,,2026-04-30,-20366136.0,-0.33,-0.32000000000000006,-120.0,False,False,Basic Materials,Gold,251197680.0,,0.0972,,,
USAU,2.0,2025-08-08,2026-09-11,58,15.07,22.6,11.34,1.99,-0.02,-0.2,True,0.0732,0.1404,0.793,0.0949,0.33,False,-0.03,48.3,0,56,0.0459,0.0544,0.63,0.83,0.77,0.0,False,2026-09-11,,,,,-17208080.0,,2026-04-30,-20366136.0,-0.33,-0.32000000000000006,-120.0,False,False,Basic Materials,Gold,251197680.0,,0.0972,,,
USLM,1.5,2025-05-02,2026-09-11,72,115.89,139.31,94.9,1.47,0.17,-0.38,True,0.0812,0.0946,0.597,0.0691,0.47,False,-0.051,50.8,0,64,0.0205,0.0471,0.25,1.14,1.18,0.04,False,2026-09-11,0.08313118730741498,-0.03747821989414046,0.12060940720155544,0.06999091580082895,134423000.0,0.47133950729374735,2026-06-30,91813000.0,1.2,0.12149532710280363,-7.6923,False,True,Basic Materials,Building Materials,3380062976.0,,0.0913,,,
USLM,2.0,2024-08-16,2026-09-11,109,115.89,152.41,76.32,2.0,0.19,-0.09,True,0.0884,0.1449,0.725,0.0497,0.52,False,-0.051,50.8,0,105,0.0205,0.0471,0.23,1.26,1.78,0.03,False,2026-09-11,0.08313118730741498,-0.03747821989414046,0.12060940720155544,0.06999091580082895,134423000.0,0.47133950729374735,2026-06-30,91813000.0,1.2,0.12149532710280363,-7.6923,False,True,Basic Materials,Building Materials,3380062976.0,,0.0913,,,
USPH,1.5,2025-10-31,2026-09-11,46,77.71,85.29,58.51,1.46,-0.21,-0.45,False,0.0528,0.0911,0.478,0.0577,0.72,True,0.098,55.7,0,18,0.0104,0.0393,0.2,1.04,0.92,0.0,False,2026-09-11,0.3037829738767108,0.2998354605465856,0.0039475133301252185,0.1712015754423415,-6031000.0,0.19594130590164394,2026-06-30,64072000.0,0.75,-0.07407407407407414,-11.7647,False,False,Healthcare,Medical Care Facilities,1174714752.0,,0.103,,,
UVV,1.5,2024-06-21,2026-09-11,117,45.33,60.56,41.51,1.46,0.28,-0.27,False,0.0415,0.0661,0.795,0.043,0.2,False,-0.051,35.4,2,116,0.0173,0.0463,0.42,1.3,0.97,0.02,False,2026-09-11,-0.11786372317527893,0.01845989984037688,-0.13632362301565581,-0.0304039135922739,19124000.0,0.1586317893615437,2026-06-30,164382000.0,-0.18,-1.5323868677905945,-172.0,False,True,Consumer Defensive,Tobacco,1124948352.0,,0.099,,,
VAL,2.0,2026-01-16,2026-09-11,35,85.71,105.43,53.99,1.95,0.1,-0.32,True,0.0938,0.1522,0.543,0.0727,0.62,False,-0.153,53.3,0,34,0.0185,0.0357,0.2,1.08,1.29,0.0,True,2026-09-11,-0.12353706111833551,-0.2502013855324633,0.12666432441412778,-0.13221563692457583,939600001.0,1.0196587537091988,2026-06-30,-28515960.0,0.72,-0.5527950310559007,56.5217,False,False,Energy,Oil & Gas Drilling,5813860352.0,,0.1216,,,
VALE,1.5,2025-11-28,2026-09-11,42,15.28,17.29,11.63,1.49,0.25,-0.07,True,0.0683,0.0909,0.667,0.0345,0.64,False,-0.073,55.3,0,41,0.0249,0.0276,0.36,0.94,1.98,0.02,False,2026-09-11,0.19158081144934114,0.14069702808227613,0.050883783367065005,0.1424370151124994,2029794074.0,0.30689277895046724,2026-06-30,3858911440.0,0.36,-0.28,-12.1951,False,True,Basic Materials,Other Industrial Metals & Mining,64815263744.0,,0.0103,,,
VC,1.5,2025-06-13,2026-09-11,66,100.56,123.69,84.7,1.46,-0.12,-0.46,False,0.0737,0.0976,0.636,0.0395,0.41,False,-0.005,45.5,1,25,0.0137,0.0161,0.19,0.88,1.87,0.0,False,2026-09-11,-0.009287925696594423,0.021413276231263323,-0.030701201927857746,-0.01125065410779702,151000000.0,0.12291666666666666,2026-06-30,160000000.0,1.91,-0.2008368200836821,-14.3498,False,True,Consumer Cyclical,Auto Parts,2694369536.0,,0.1656,,,
VC,2.0,2023-10-06,2026-09-11,154,100.56,130.69,67.04,1.95,-0.17,-0.59,False,0.1047,0.1343,0.721,0.042,0.53,False,-0.005,45.5,2,74,0.0137,0.0161,0.13,1.15,2.49,0.01,False,2026-09-11,-0.009287925696594423,0.021413276231263323,-0.030701201927857746,-0.01125065410779702,151000000.0,0.12291666666666666,2026-06-30,160000000.0,1.91,-0.2008368200836821,-14.3498,False,True,Consumer Cyclical,Auto Parts,2694369536.0,,0.1656,,,
VCEL,2.0,2025-01-24,2026-09-11,86,37.87,58.54,29.34,2.0,-0.28,-0.51,False,0.087,0.1572,0.512,0.0586,0.29,True,0.282,44.0,1,24,0.0477,0.0428,0.55,1.04,1.48,0.03,False,2026-09-11,0.22481024667931693,0.30090497737556565,-0.07609473069624872,0.2295449162849883,24221000.0,0.7281717598151233,2026-06-30,49639000.0,0.04,,200.0,True,True,Healthcare,Biotechnology,1963261696.0,,0.1197,,,
VEL,1.5,2023-11-10,2026-09-11,149,18.12,20.63,14.41,1.43,0.27,0.05,True,0.0463,0.0735,0.678,0.0503,0.6,False,-0.011,49.7,5,146,0.0135,0.0188,0.29,1.75,0.92,0.04,False,2026-09-11,0.07672152081727068,0.40798752316348175,-0.33126600234621106,0.3245832404682667,107696000.0,0.8823628134912421,2026-06-30,22428000.0,0.64,-0.12328767123287668,-1.5385,False,True,Financial Services,Mortgage Finance,709481728.0,,0.2929,,,
VEON,1.5,2025-11-14,2026-09-11,44,69.16,69.16,46.47,1.49,0.29,-0.21,True,0.0332,0.0761,0.545,0.071,1.0,True,0.088,74.9,1,24,0.0734,0.043,2.21,1.14,0.47,0.05,False,2026-09-11,0.1692732290708372,0.17577011306042878,-0.006496883989591584,0.1512545214561234,59120833.0,0.8654602675059009,2026-06-30,828018740.0,1.69,-0.7963855421686747,6.2893,False,True,Communication Services,Telecom Services,4673609216.0,,0.0062,,,
VERB,2.0,2026-03-06,2026-09-11,28,3.0,3.98,2.08,1.91,0.24,-1.0,False,0.1023,0.1633,0.643,0.2347,0.48,True,0.04,32.5,1,22,0.0429,0.0588,0.42,0.89,0.44,0.0,False,2026-09-11,5.014130946773434,3.025287356321839,1.9888435904515944,5.396821687310119,-157826000.0,1.0292919799498748,2026-06-30,,2.23,1.5603015075376885,7533.3333,True,,Technology,Software - Application,877814080.0,,0.0043,,,
VERX,1.5,2026-02-06,2026-09-11,32,12.27,15.73,10.8,1.46,-0.16,-0.81,False,0.0429,0.0871,0.688,0.0663,0.3,False,-0.009,43.4,0,22,0.0597,0.059,1.39,1.19,0.65,0.03,False,2026-09-11,0.10517503887645696,0.11060532468852724,-0.005430285812070279,0.1082698110658229,3575000.0,0.6437221159974506,2026-06-30,58463000.0,0.14,-0.06666666666666654,7.6923,False,True,Technology,Software - Application,1988792576.0,,0.0646,,,
VFS,2.0,2024-03-15,2026-09-11,131,3.01,5.02,2.52,1.99,-0.38,-0.96,False,0.0857,0.1481,0.756,0.5023,0.2,False,-0.188,42.5,0,125,0.0145,0.013,0.17,0.57,0.17,0.02,False,2026-09-11,0.4173015512459666,1.3891130997499088,-0.9718115485039422,0.8073074694504285,-107430058000000.0,-0.735790478079492,2026-03-31,-67038814000000.0,-0.48,-0.6,-65.5172,False,False,Consumer Cyclical,Auto Manufacturers,7509911040.0,,0.047,,,
VIAV,2.0,2026-02-27,2026-09-11,29,37.4,55.33,27.88,1.98,0.12,0.01,True,0.1416,0.1764,0.621,0.0716,0.35,False,-0.116,48.4,0,27,0.0337,0.0644,0.24,0.68,1.98,0.0,False,2026-09-11,0.5253012048192771,0.428370786516854,0.0969304183024231,0.40025823111684966,-30400000.0,0.6249153689911984,2026-06-30,82800000.0,0.29,1.8999999999999997,16.0,False,False,Technology,Communication Equipment,9561555968.0,,0.0542,,,
VIR,1.5,2026-02-27,2026-09-11,29,10.58,11.39,8.4,1.36,0.26,-0.31,False,0.0562,0.0781,0.517,0.0799,0.73,True,0.046,59.9,1,24,0.0878,0.0634,1.56,0.95,0.7,0.03,False,2026-09-11,195.82537067545306,-1.0095646437994723,196.83493531925254,14.959315789473685,-251679000.0,1.0,2026-06-30,-331537000.0,0.47,1.5875,-43.3735,True,False,Healthcare,Biotechnology,1797073408.0,,0.1277,,,
VITL,2.0,2026-03-20,2026-09-11,26,9.79,14.51,8.48,1.71,-0.28,-0.83,False,0.1114,0.1391,0.615,0.0756,0.22,True,0.002,31.4,0,17,0.0913,0.1135,0.82,0.63,1.47,0.0,False,2026-09-11,-0.10141421357709979,0.15393152433272284,-0.2553457379098226,0.1637289933687669,156000.0,0.06583789578928982,2026-06-30,-126126000.0,-0.47,-2.3055555555555554,-2.1739,False,False,Consumer Defensive,Farm Products,418152992.0,,0.3209,,,
VIV,1.5,2025-08-08,2026-09-11,58,11.92,16.31,11.07,1.47,0.35,0.01,True,0.0775,0.1145,0.397,0.0356,0.16,False,-0.127,41.9,0,48,0.0337,0.0683,0.43,1.31,2.18,0.07,False,2026-09-11,0.07592359269576465,0.05402714347392856,0.02189644922183609,0.07052021288666643,6604261366.0,0.813225867868249,2026-06-30,10850470663.0,0.19,-0.5476190476190476,-17.3913,False,True,Communication Services,Telecom Services,18933966848.0,,0.0079,,,
VKTX,1.5,2025-10-03,2026-09-11,50,32.13,39.11,28.44,1.38,-0.15,-0.67,False,0.0542,0.086,0.56,0.0973,0.35,True,0.083,47.7,1,31,0.0385,0.0622,0.71,0.79,0.56,0.02,False,2026-09-11,,,,,-534796000.0,,2026-06-30,-418441000.0,-1.1,-0.8965517241379313,9.0909,False,False,Healthcare,Biotechnology,3730560768.0,,0.201,,,
VKTX,2.0,2024-12-20,2026-09-11,91,32.13,42.89,22.22,1.93,0.14,-0.74,False,0.0999,0.1403,0.703,0.2112,0.48,True,0.083,47.7,2,74,0.0385,0.0622,0.39,0.65,0.47,0.01,False,2026-09-11,,,,,-534796000.0,,2026-06-30,-418441000.0,-1.1,-0.8965517241379313,9.0909,False,False,Healthcare,Biotechnology,3730560768.0,,0.201,,,
VLRS,1.5,2026-02-27,2026-09-11,29,6.47,9.39,6.47,1.45,0.04,-0.38,False,0.084,0.1011,0.517,0.0765,0.0,True,0.066,40.1,0,0,0.075,0.1175,0.89,0.66,1.1,0.0,True,2026-09-11,0.2395382395382395,0.13569321533923295,0.10384502419900654,0.09146583032890376,-188000000.0,-0.06752037252619325,2026-06-30,563013260.0,-1.11,-1.0181818181818183,-2.7778,False,False,Industrials,Airlines,749482944.0,,0.0113,,,
VLRS,2.0,2025-07-25,2026-09-11,60,6.47,10.45,5.44,1.92,0.3,-0.56,False,0.0987,0.1648,0.6,0.0675,0.21,True,0.066,40.1,0,59,0.075,0.1175,0.76,0.76,1.46,0.02,False,2026-09-11,0.2395382395382395,0.13569321533923295,0.10384502419900654,0.09146583032890376,-188000000.0,-0.06752037252619325,2026-06-30,563013260.0,-1.11,-1.0181818181818183,-2.7778,False,False,Industrials,Airlines,749482944.0,,0.0113,,,
VLTO,1.5,2024-01-19,2026-09-11,139,93.45,112.62,75.97,1.48,-0.04,,False,0.0521,0.0812,0.727,,0.48,True,0.085,50.4,2,136,0.0172,0.0266,0.33,1.0,,0.05,False,2026-09-11,0.07512764405543404,0.06756756756756754,0.007560076487866496,0.06229019022752702,988000000.0,0.6119402985074627,2026-06-30,1047000000.0,1.11,0.19354838709677424,11.0,False,True,Industrials,Pollution & Treatment Controls,22940952576.0,,0.0265,,,
VLTO,2.0,2023-09-29,2026-09-11,155,93.45,112.62,67.15,1.68,0.25,,False,0.0645,0.1084,0.606,,0.58,True,0.085,50.4,3,150,0.0172,0.0266,0.27,0.99,,0.05,False,2026-09-11,0.07512764405543404,0.06756756756756754,0.007560076487866496,0.06229019022752702,988000000.0,0.6119402985074627,2026-06-30,1047000000.0,1.11,0.19354838709677424,11.0,False,True,Industrials,Pollution & Treatment Controls,22940952576.0,,0.0265,,,
VNO,2.0,2023-12-01,2026-09-11,146,34.37,44.03,22.55,1.95,0.39,-0.45,True,0.1361,0.1756,0.479,0.0786,0.55,True,0.273,45.4,0,120,0.0219,0.0205,0.16,0.83,1.73,0.01,False,2026-09-11,0.04713016806475223,-0.0053598625587385484,0.05249003062349078,0.013688561528684362,67884000.0,-0.2246939914590193,2026-06-30,270556000.0,0.67,-0.818918918918919,17.5439,False,True,Real Estate,REIT - Office,7018850304.0,,0.0001,,,
VNOM,1.5,2024-11-29,2026-09-11,94,44.84,48.97,34.09,1.44,0.21,-0.33,True,0.0967,0.1036,0.511,0.0427,0.72,False,-0.058,54.4,4,58,0.0106,0.0267,0.11,0.9,2.26,0.05,False,2026-09-11,0.6743002544529262,1.0244897959183672,-0.350189541465441,0.8532838628607118,59000000.0,0.6382978723404256,2026-06-30,198000000.0,0.76,0.853658536585366,4.1096,False,True,Energy,Oil & Gas Midstream,16059602944.0,,0.0523,,,
VOXR,1.5,2026-03-06,2026-09-11,28,5.74,6.19,4.14,1.5,-0.19,-0.35,True,0.0802,0.1021,0.571,0.0653,0.78,False,-0.079,58.2,0,8,0.0668,0.1052,0.83,1.01,1.23,0.0,False,2026-09-11,1.2255487506080152,4.983373964720465,-3.7578252141124495,2.0977405782848826,48156941.0,0.9232850690571038,2026-06-30,-34680105.0,0.12,,200.0,True,False,Basic Materials,Other Precious Metals & Mining,402377664.0,,0.026,,,
VREX,2.0,2025-08-08,2026-09-11,58,18.47,18.51,9.48,1.95,0.27,-0.56,True,0.0693,0.1828,0.328,0.0892,1.0,True,0.285,77.8,0,57,0.0016,0.0804,0.02,2.71,0.78,0.05,False,2026-09-11,0.03694581280788167,0.014560826679192118,0.022384986128689555,0.053080107134161114,22100000.0,0.3643705463182898,2026-06-30,-20200000.0,0.31,0.7222222222222223,40.9091,False,False,Healthcare,Medical Devices,778056768.0,,0.0336,,,
VRSN,1.5,2025-01-24,2026-09-11,86,288.85,309.09,206.97,1.49,0.29,-0.07,True,0.0702,0.089,0.767,0.0227,0.8,True,0.016,57.1,1,85,0.0134,0.0359,0.19,1.05,3.09,0.02,False,2026-09-11,0.06025859965845326,0.06611981108625398,-0.005861211427800717,0.06863971968464533,850000000.0,0.8849516797054763,2026-06-30,1066100000.0,2.38,0.07692307692307689,0.8475,False,True,Technology,Software - Infrastructure,26460983296.0,,0.018,,,
VRT,2.0,2026-01-30,2026-09-11,33,248.13,370.86,186.1,1.99,0.25,-0.03,True,0.1122,0.144,0.788,0.0857,0.34,False,-0.072,45.2,0,32,0.0606,0.0593,0.54,0.75,1.31,0.0,True,2026-09-11,0.2411584094613548,0.3013261296660117,-0.06016772020465688,0.26232680888497906,1732000000.0,0.37714931435726723,2026-06-30,2924000000.0,1.52,0.6000000000000001,6.2937,False,True,Industrials,Electrical Equipment & Parts,98965053440.0,,0.0358,,,
VRTS,1.5,2025-09-19,2026-09-11,52,151.82,180.86,122.18,1.48,-0.21,-0.45,False,0.0763,0.1006,0.615,0.04,0.51,True,0.169,48.8,1,26,0.0277,0.0477,0.36,1.17,1.91,0.02,False,2026-09-11,-0.20174040058808929,-0.1421021807600611,-0.059638219828028194,-0.14378996316352843,119108000.0,0.6757858983788697,2026-06-30,-45005000.0,5.54,-0.11359999999999999,-9.0312,False,False,Financial Services,Asset Management,976250752.0,,0.1195,,,
VRTX,1.5,2023-12-15,2026-09-11,144,514.56,548.05,366.54,1.5,0.17,-0.03,True,0.0559,0.079,0.771,0.0283,0.82,True,0.149,57.6,3,57,0.063,0.0377,1.13,1.11,1.98,0.03,False,2026-09-11,0.12453199311903407,0.07822539888816693,0.04630659423086714,0.10557151364416573,4405200000.0,0.8532649449593569,2026-06-30,3796100000.0,4.2,-0.07079646017699102,1.2048,False,True,Healthcare,Biotechnology,130643902464.0,,0.0208,,,
VSNT,1.5,2026-02-20,2026-09-11,30,37.36,42.69,29.42,1.45,0.23,,,0.0582,0.077,0.6,,0.6,False,-0.05,47.1,0,29,0.0296,0.0482,0.51,0.79,,0.0,False,2026-09-11,-0.0374707259953162,-0.011137162954279023,-0.026333563041037178,,757000000.0,0.6046228710462287,2026-06-30,2271000000.0,1.49,,7.1942,False,True,Communication Services,Entertainment,5175735296.0,,0.0479,,,
VSNT,2.0,2025-12-19,2026-09-11,39,37.36,46.04,28.13,1.64,0.15,,,0.0643,0.1171,0.692,,0.52,False,-0.05,47.1,0,30,0.0296,0.0482,0.46,0.78,,0.03,False,2026-09-11,-0.0374707259953162,-0.011137162954279023,-0.026333563041037178,,757000000.0,0.6046228710462287,2026-06-30,2271000000.0,1.49,,7.1942,False,True,Communication Services,Entertainment,5175735296.0,,0.0479,,,
VST,2.0,2025-04-11,2026-09-11,75,147.05,210.41,110.99,1.9,-0.27,-0.41,True,0.0902,0.1339,0.68,0.0992,0.36,False,-0.013,47.0,0,74,0.0295,0.0583,0.33,0.76,0.91,0.05,False,2026-09-11,-0.054823529411764715,-0.09998066138077744,0.04515713196901272,-0.28395393646099387,2219000000.0,0.2352501867064974,2026-06-30,1376000000.0,1.8,0.7821782178217822,16.8831,False,True,Utilities,Utilities - Independent Power Producers,49801551872.0,,0.0372,,,
VTEX,1.5,2025-08-08,2026-09-11,58,3.55,4.53,3.04,1.49,-0.26,-0.67,False,0.0655,0.091,0.672,0.0577,0.34,True,0.019,42.9,1,29,0.0325,0.0718,0.5,0.7,1.14,0.03,True,2026-09-11,0.095237285252594,0.12057601772362236,-0.025338732471028358,0.09620132335394294,30256000.0,0.8031496062992126,2026-06-30,45108579.0,0.06,1.9999999999999996,50.0,False,True,Technology,Software - Application,595195648.0,,0.0426,,,
VTEX,2.0,2025-08-01,2026-09-11,59,3.55,5.79,3.04,1.9,-0.21,-0.67,False,0.0667,0.1098,0.644,0.0576,0.19,True,0.019,42.9,1,29,0.0325,0.0718,0.49,0.7,1.16,0.03,False,2026-09-11,0.095237285252594,0.12057601772362236,-0.025338732471028358,0.09620132335394294,30256000.0,0.8031496062992126,2026-06-30,45108579.0,0.06,1.9999999999999996,50.0,False,True,Technology,Software - Application,595195648.0,,0.0426,,,
VTVT,1.5,2025-12-12,2026-09-11,40,31.86,41.17,29.02,1.42,-0.32,-0.06,True,0.0445,0.0747,0.75,0.0966,0.23,False,-0.05,48.0,0,31,0.0293,0.0419,0.66,1.74,0.46,0.03,False,2026-09-11,,inf,,2164.5882352941176,-4756000.0,,2026-06-30,-16762000.0,-1.05,-0.14130434782608695,-40.0,False,False,Healthcare,Biotechnology,126407072.0,,0.0679,,,
VTVT,2.0,2025-10-24,2026-09-11,47,31.86,41.17,20.9,1.97,0.17,-0.25,True,0.0573,0.1208,0.809,0.1032,0.54,False,-0.05,48.0,0,46,0.0293,0.0419,0.51,2.07,0.56,0.02,False,2026-09-11,,inf,,2164.5882352941176,-4756000.0,,2026-06-30,-16762000.0,-1.05,-0.14130434782608695,-40.0,False,False,Healthcare,Biotechnology,126407072.0,,0.0679,,,
VYGR,2.0,2025-01-31,2026-09-11,85,3.19,5.45,2.74,1.99,-0.09,-0.79,False,0.0984,0.1471,0.647,0.0876,0.17,False,-0.111,42.7,1,67,0.0443,0.059,0.45,0.83,1.12,0.04,False,2026-09-11,-0.3913461538461539,-0.5994129460837324,0.2080667922375785,-0.19072334429309534,-107728000.0,1.0,2026-06-30,-121419000.0,-0.4,0.29824561403508765,27.2727,False,False,Healthcare,Biotechnology,196561264.0,,0.0719,,,
VZLA,1.5,2026-02-13,2026-09-11,31,4.0,4.38,3.0,1.46,0.03,-0.55,True,0.0712,0.0954,0.645,0.0916,0.72,True,0.046,55.6,0,25,0.0363,0.1155,0.51,0.91,0.78,0.06,False,2026-09-11,,,,,-83031114.0,,2026-07-31,-25498123.0,-0.06,,-200.0,False,False,Basic Materials,Other Industrial Metals & Mining,1409575808.0,,0.1008,,,
VZLA,2.0,2026-01-30,2026-09-11,33,4.0,5.08,3.0,1.69,-0.19,-0.55,True,0.0817,0.1248,0.455,0.0829,0.48,True,0.046,55.6,0,25,0.0363,0.1155,0.44,0.88,0.99,0.06,False,2026-09-11,,,,,-83031114.0,,2026-07-31,-25498123.0,-0.06,,-200.0,False,False,Basic Materials,Other Industrial Metals & Mining,1409575808.0,,0.1008,,,
W,2.0,2025-07-25,2026-09-11,60,97.45,115.93,58.22,1.99,0.04,-0.3,True,0.1465,0.1659,0.517,0.0947,0.68,True,0.338,56.6,1,17,0.0314,0.0633,0.21,0.91,1.55,0.03,False,2026-09-11,0.07516040329972506,0.07362637362637359,0.001534029673351478,0.07461692205196546,-321000000.0,0.2995169082125604,2026-06-30,495000000.0,0.51,-0.41379310344827586,54.5455,False,False,Consumer Cyclical,Internet Retail,13500942336.0,,0.1117,,,
WAL,1.5,2025-04-18,2026-09-11,74,79.28,92.95,64.37,1.44,0.18,-0.29,True,0.0543,0.0816,0.689,0.0559,0.52,True,0.057,48.6,1,73,0.0127,0.0119,0.23,1.0,0.97,0.01,False,2026-09-11,-0.307266490721971,0.19409912149842534,-0.5013656122203963,0.009377948843976025,990400000.0,0.41992121487892087,2026-06-30,-1650600000.0,2.22,0.11557788944723628,-4.721,False,False,Financial Services,Banks - Regional,8650607616.0,,0.0,,,
WAT,1.5,2023-11-24,2026-09-11,147,401.64,415.48,280.39,1.48,0.31,-0.25,True,0.082,0.1026,0.599,0.037,0.9,True,0.18,59.6,3,146,0.0129,0.0589,0.16,1.58,2.22,0.03,False,2026-09-11,1.1326743866454394,0.91475053082567,0.21792385581976936,0.5246761714164152,166137000.0,0.4462006079027356,2026-06-30,398452000.0,3.05,0.03389830508474564,1.3289,False,True,Healthcare,Diagnostics & Research,40093212672.0,,0.0336,,,
WAY,1.5,2026-01-30,2026-09-11,33,23.06,26.56,17.93,1.48,-0.17,-0.6,False,0.0835,0.1053,0.485,0.0504,0.59,True,0.057,47.5,1,17,0.041,0.0746,0.49,1.04,1.66,0.0,False,2026-09-11,0.1811168502959497,0.2239904849182055,-0.042873634622255796,0.19226087532618807,134786000.0,0.6944199403141951,2026-06-30,246260000.0,0.37,0.027777777777777804,5.7143,False,True,Healthcare,Health Information Services,4500335104.0,,0.0846,,,
WBD,1.5,2025-10-24,2026-09-11,47,28.2,29.98,21.15,1.42,0.26,0.08,True,0.0321,0.0681,0.574,0.1005,0.8,True,0.004,60.2,0,46,0.0201,0.0217,0.63,0.87,0.32,0.04,False,2026-09-11,-0.11159804321239297,-0.009577903998218118,-0.10202013921417485,-0.06050831143830804,-3167000000.0,0.4698864288172536,2026-06-30,2180000000.0,0.06,-0.9047619047619049,146.1538,False,False,Communication Services,Entertainment,70300114944.0,,0.0275,,,
WCN,1.5,2023-11-17,2026-09-11,148,159.44,195.48,130.64,1.5,0.1,-0.08,False,0.0486,0.0776,0.669,0.0238,0.44,True,0.054,44.2,1,146,0.0066,0.0129,0.14,0.98,2.04,0.05,False,2026-09-11,0.06420792212890847,0.06393345947537354,0.0002744626535349237,0.06133859728425439,1064486458.0,0.42254334876505256,2026-06-30,1816613000.0,1.5,0.16279069767441856,11.1111,False,True,Industrials,Waste Management,40185671680.0,,0.0175,,,
WD,1.5,2026-02-27,2026-09-11,29,40.33,53.82,40.22,1.34,-0.11,-0.62,False,0.0757,0.0885,0.552,0.0453,0.01,False,-0.035,34.5,0,3,0.0399,0.1013,0.53,1.04,1.67,0.03,True,2026-09-11,-0.03931211627615583,0.17486845264927298,-0.2141805689254288,0.06124355448174579,40391000.0,1.0,2026-06-30,-1277041000.0,1.19,0.03478260869565221,5.3097,False,False,Financial Services,Mortgage Finance,1391222400.0,,0.0561,,,
WDAY,2.0,2025-11-28,2026-09-11,42,185.09,224.49,112.5,2.0,-0.33,-0.63,False,0.1411,0.2203,0.31,0.0441,0.65,True,0.264,58.1,0,22,0.0535,0.1559,0.38,1.11,3.2,0.0,False,2026-09-11,0.129045996592845,0.13482142857142865,-0.005775431978583656,0.1337202812813929,1251000000.0,0.7540550735571483,2026-07-31,2844000000.0,2.58,0.16742081447963805,104.7619,False,True,Technology,Software - Application,44753698816.0,,0.1002,,,
WDS,1.5,2026-01-30,2026-09-11,33,23.89,24.18,16.73,1.45,0.38,-0.03,True,0.0486,0.0937,0.424,0.0508,0.96,False,-0.04,60.6,0,32,0.0194,0.0399,0.4,0.79,0.96,0.0,False,2026-09-11,0.24731532949231805,1.1356045424181698,-0.8882892129258517,0.46415615922216924,6032017233.0,0.3334228908540751,2026-06-30,-2398507160.0,0.0,,,False,False,Energy,Oil & Gas E&P,42888818688.0,,,,,
WEN,1.5,2025-09-05,2026-09-11,54,7.44,9.71,6.52,1.49,-0.37,-0.63,False,0.0625,0.0932,0.63,0.0373,0.29,True,0.118,47.8,2,19,0.0586,0.0516,0.94,0.98,1.68,0.0,False,2026-09-11,0.017189341253527557,0.03279067457285212,-0.015601333319324562,-0.009757739349954386,126061000.0,0.32390710358570624,2026-06-30,264176000.0,0.18,-0.3793103448275862,12.5,False,True,Consumer Cyclical,Restaurants,1454811648.0,,0.3526,,,
WF,1.5,2025-12-19,2026-09-11,39,74.56,81.83,55.29,1.48,0.28,-0.02,True,0.0715,0.0997,0.641,0.0359,0.73,True,0.024,61.9,0,38,0.0411,0.0716,0.57,0.77,1.99,0.03,False,2026-09-11,-0.7847478932394418,-0.8637920972767414,0.07904420403729961,-0.6366383010832397,3289261149000.0,1.0,2026-06-30,35727789168000.0,2.66,-0.9992761904761905,-99.9273,False,True,Financial Services,Banks - Regional,19140059136.0,,0.0006,,,
WFRD,1.5,2025-11-21,2026-09-11,43,89.92,108.87,72.7,1.5,0.28,-0.43,True,0.0886,0.1113,0.512,0.0709,0.48,False,-0.128,48.8,0,42,0.0338,0.0487,0.38,0.72,1.25,0.02,False,2026-09-11,-0.08222591362126241,-0.034367141659681466,-0.04785877196158095,-0.07169224791140472,366000000.0,1.0,2026-06-30,525000000.0,0.55,-0.5217391304347825,-40.2174,False,True,Energy,Oil & Gas Equipment & Services,6353850368.0,,0.0687,,,
WGO,1.5,2026-02-27,2026-09-11,29,28.19,38.52,27.03,1.42,-0.31,-0.6,False,0.0436,0.0724,0.655,0.075,0.1,False,-0.0,40.8,0,14,0.0206,0.0189,0.47,0.79,0.58,0.0,False,2026-09-11,-0.09856792671913306,0.0599806514027732,-0.15854857812190626,0.03439346414764022,38500000.0,0.1358236725347073,2026-05-31,180600000.0,0.66,-0.1851851851851852,-19.5122,False,True,Consumer Cyclical,Recreational Vehicles,798596224.0,,0.1076,,,
WGO,2.0,2024-11-29,2026-09-11,94,28.19,53.98,27.03,2.0,-0.34,-0.6,False,0.0866,0.1821,0.362,0.045,0.04,False,-0.0,40.8,0,14,0.0206,0.0189,0.24,0.7,1.92,0.01,False,2026-09-11,-0.09856792671913306,0.0599806514027732,-0.15854857812190626,0.03439346414764022,38500000.0,0.1358236725347073,2026-05-31,180600000.0,0.66,-0.1851851851851852,-19.5122,False,True,Consumer Cyclical,Recreational Vehicles,798596224.0,,0.1076,,,
WH,1.5,2025-03-07,2026-09-11,80,68.62,95.58,68.62,1.39,-0.31,-0.35,False,0.051,0.0671,0.738,0.0272,0.0,False,-0.058,37.3,2,0,0.0138,0.0227,0.27,0.97,1.88,0.01,False,2026-09-11,-0.055415617128463435,0.034810126582278444,-0.09022574371074188,-0.02071823204419887,208000000.0,0.9146666666666666,2026-06-30,323000000.0,1.48,0.11278195488721797,4.2254,False,True,Consumer Cyclical,Lodging,5143572480.0,,0.1051,,,
WKC,2.0,2023-12-15,2026-09-11,144,35.35,39.86,20.5,1.94,0.37,-0.25,True,0.0629,0.1404,0.472,0.0437,0.77,True,0.351,62.9,0,143,0.0168,0.0276,0.27,2.0,1.44,0.04,False,2026-09-11,0.5129818519009139,0.026214291769093734,0.4867675601318202,0.07924039464279597,-177600000.0,0.02930146361394446,2026-06-30,-16200000.0,1.29,1.1864406779661019,72.0,False,False,Energy,Oil & Gas Refining & Marketing,1801048448.0,,0.2414,,,
WLDN,1.5,2026-02-27,2026-09-11,29,81.93,97.21,68.53,1.42,0.01,-0.49,True,0.074,0.0906,0.621,0.08,0.47,False,-0.05,47.0,0,6,0.0178,0.0687,0.24,0.74,0.92,0.03,False,2026-09-11,0.331780738212863,0.017901906999330697,0.3138788312135323,0.1809424807218405,65309000.0,0.37854286060564085,2026-06-30,62334000.0,1.83,0.3969465648854962,79.4118,False,True,Industrials,Engineering & Construction,1252077824.0,,0.1447,,,
WLDN,2.0,2025-07-04,2026-09-11,63,81.93,133.78,68.53,1.95,-0.29,0.1,True,0.1243,0.166,0.587,0.0597,0.21,False,-0.05,47.0,0,6,0.0178,0.0687,0.14,0.7,2.08,0.03,False,2026-09-11,0.331780738212863,0.017901906999330697,0.3138788312135323,0.1809424807218405,65309000.0,0.37854286060564085,2026-06-30,62334000.0,1.83,0.3969465648854962,79.4118,False,True,Industrials,Engineering & Construction,1252077824.0,,0.1447,,,
WLFC,1.5,2026-01-09,2026-09-11,36,56.19,75.33,51.62,1.46,0.04,-0.28,True,0.0838,0.1008,0.583,0.0547,0.19,True,0.024,44.8,0,35,0.0474,0.1179,0.57,0.45,1.53,0.03,True,2026-09-11,-0.007595830221685751,0.23212791316917292,-0.23972374339085867,0.16827186954775297,91763000.0,0.17511867516763996,2026-06-30,-111357000.0,1.31,-0.17610062893081763,45.5556,False,False,Industrials,Rental & Leasing Services,1342454400.0,,0.2205,,,
WLFC,2.0,2024-09-13,2026-09-11,105,56.19,75.33,39.43,1.91,0.12,0.09,True,0.17,0.1783,0.476,0.054,0.47,True,0.024,44.8,2,104,0.0474,0.1179,0.28,0.62,3.15,0.01,False,2026-09-11,-0.007595830221685751,0.23212791316917292,-0.23972374339085867,0.16827186954775297,91763000.0,0.17511867516763996,2026-06-30,-111357000.0,1.31,-0.17610062893081763,45.5556,False,False,Industrials,Rental & Leasing Services,1342454400.0,,0.2205,,,
WLK,2.0,2025-11-28,2026-09-11,42,71.62,117.86,65.62,1.8,-0.12,-0.57,False,0.118,0.1733,0.405,0.0557,0.11,False,-0.251,39.0,0,41,0.0337,0.0193,0.29,0.6,2.12,0.02,False,2026-09-11,0.10768709786657626,-0.0681658468025299,0.17585294466910617,-0.03954417892677953,-1235000000.0,0.1993274228064812,2026-06-30,-265000000.0,2.01,23.33333333333333,4.1451,True,False,Basic Materials,Specialty Chemicals,9049273344.0,,0.1744,,,
WLTH,2.0,2025-12-12,2026-09-11,40,10.88,14.19,7.77,1.83,-0.26,,,0.0881,0.1647,0.375,,0.48,False,-0.099,50.3,0,30,0.0235,0.0259,0.27,0.82,,0.0,False,2026-09-11,0.008241607497558201,0.030352374499678314,-0.022110767002120113,0.08710395826052375,-72169000.0,0.4566036092909855,2026-07-31,143015000.0,0.1,,11.1111,False,False,Technology,Software - Application,1564773504.0,,0.0669,,,
WLY,2.0,2023-10-20,2026-09-11,152,47.24,53.71,27.16,1.98,0.35,-0.44,True,0.109,0.167,0.658,0.0598,0.76,True,0.248,53.7,2,148,0.027,0.0279,0.25,1.33,1.82,0.02,False,2026-09-11,-0.026307963709677473,0.012115351157646392,-0.038423314867323866,-0.0027002274631868772,198190000.0,0.7389203361622938,2026-07-31,211521000.0,0.44,-0.10204081632653059,10.0,False,True,Communication Services,Publishing,2383665152.0,,0.1528,,,
WMS,1.5,2025-08-08,2026-09-11,58,127.16,174.69,127.16,1.37,-0.05,-0.26,False,0.0429,0.0693,0.638,0.0519,0.0,True,0.03,39.4,0,0,0.0263,0.0453,0.61,0.82,0.83,0.02,True,2026-09-11,0.2063334457993926,0.09906440973039854,0.10726903606899407,0.10374816405022758,451064000.0,0.4075937557436131,2026-06-30,550153000.0,2.49,0.27692307692307705,13.6986,False,True,Industrials,Building Products & Equipment,9642834944.0,,0.0398,,,
WOR,1.5,2025-03-28,2026-09-11,77,57.61,66.15,45.71,1.45,-0.03,-0.38,True,0.0464,0.08,0.74,0.0418,0.58,True,0.057,52.3,2,75,0.0187,0.0192,0.4,1.11,1.11,0.03,False,2026-09-11,0.16852688402058602,0.24350461704167814,-0.07497773302109212,0.19720704963415336,156085000.0,0.2742935906271537,2026-05-31,209627000.0,0.97,-0.08490566037735855,-6.7308,False,True,Industrials,Metal Fabrication,2785401856.0,,0.0352,,,
WPP,2.0,2025-07-11,2026-09-11,62,24.77,27.86,14.7,1.9,-0.34,-0.71,False,0.1343,0.1749,0.532,0.0425,0.77,True,0.275,61.5,1,25,0.0418,0.2019,0.31,0.91,3.16,0.02,False,2026-09-11,-0.11166087989483875,0.9059083990590839,-1.0175692789539226,0.2338009607243703,141140201.0,0.12631413755895896,2026-06-30,1774878923.0,0.0,-1.0,,False,True,Communication Services,Advertising Agencies,5386151424.0,,0.0085,,,
WRBY,1.5,2025-12-12,2026-09-11,40,24.3,29.55,20.29,1.46,0.14,-0.29,True,0.0563,0.0947,0.675,0.0691,0.43,True,0.105,47.1,1,23,0.0414,0.0534,0.74,0.91,0.81,0.05,False,2026-09-11,0.09808136146404012,0.08340706580511381,0.014674295658926306,0.10989143443635885,7742000.0,0.5794081805096153,2026-06-30,21745999.0,0.05,1.5,0.0,False,True,Healthcare,Medical Instruments & Supplies,3054354944.0,,0.1874,,,
WSC,2.0,2025-02-28,2026-09-11,81,18.68,32.27,16.92,1.91,-0.3,-0.67,False,0.1296,0.1596,0.63,0.0517,0.11,True,0.089,35.3,0,25,0.0756,0.094,0.58,1.26,2.51,0.02,False,2026-09-11,0.039159167723393784,-0.01952100880884855,0.058680176532242334,-0.025074588292602895,-68888000.0,0.5003079305596169,2026-06-30,537438000.0,0.28,0.03703703703703707,16.6667,False,False,Industrials,Rental & Leasing Services,3381023232.0,,0.1184,,,
WSO,1.5,2025-08-01,2026-09-11,59,310.9,436.88,309.3,1.41,-0.21,-0.41,False,0.0789,0.0896,0.61,0.0415,0.01,False,-0.107,36.5,1,6,0.007,0.063,0.09,1.05,1.9,0.02,False,2026-09-11,0.020566396533817644,0.0012566243829543744,0.01930977215086327,-0.029822740540625503,475730000.0,0.27504407658660274,2026-06-30,698020000.0,4.0,-0.11504424778761053,-8.6758,False,True,Industrials,Industrial Distribution,12962264064.0,,0.0,,,
WST,2.0,2024-02-16,2026-09-11,135,344.25,392.79,200.91,1.96,-0.25,-0.51,True,0.142,0.1751,0.578,0.0415,0.75,True,0.191,58.1,3,73,0.0174,0.0242,0.12,0.92,3.42,0.01,False,2026-09-11,0.13847559383972863,0.2101117158407333,-0.07163612200100467,0.12389350631799445,564900000.0,0.3773930987045741,2026-06-30,436900000.0,2.37,0.28804347826086957,13.9423,False,True,Healthcare,Medical Instruments & Supplies,24366200832.0,,0.0365,,,
WTI,2.0,2026-02-20,2026-09-11,30,4.19,4.73,2.63,1.8,0.36,-0.08,True,0.0877,0.1409,0.667,0.0835,0.74,False,-0.024,60.3,0,28,0.0342,0.0585,0.39,0.75,1.05,0.0,False,2026-09-11,0.3289448952740526,0.15517413969676674,0.17377075557728583,0.13749339509384528,-108570000.0,0.519564134572221,2026-06-30,37660000.0,0.02,1.25,166.6667,True,False,Energy,Oil & Gas E&P,620375488.0,,0.1562,,,
WULF,2.0,2026-03-13,2026-09-11,27,16.14,28.98,14.67,1.98,-0.06,-0.1,True,0.1712,0.2014,0.407,0.1581,0.1,False,-0.072,43.7,0,26,0.0453,0.0861,0.26,0.91,1.08,0.04,False,2026-09-11,-0.060227558988999896,-0.011422758320011606,-0.04880480066898829,0.14649685949266056,-1949179000.0,0.7230102530882123,2026-06-30,-2504230999.0,-0.37,-11.333333333333332,-85.0,False,False,Financial Services,Capital Markets,8352735232.0,,0.2882,,,
WWW,1.5,2025-10-31,2026-09-11,46,19.29,22.3,15.17,1.47,0.27,-0.51,True,0.0643,0.0932,0.587,0.0937,0.58,True,0.142,53.0,0,43,0.0425,0.0745,0.66,0.93,0.69,0.0,False,2026-09-11,0.06790383804301992,0.10987145282561239,-0.04196761478259248,0.07159327989458664,108300000.0,0.46465244865718797,2026-06-30,175000000.0,0.4,0.142857142857143,5.2632,False,True,Consumer Cyclical,Footwear & Accessories,1635582080.0,,0.1182,,,
WWW,2.0,2025-09-12,2026-09-11,53,19.29,29.88,15.17,1.97,-0.32,-0.51,True,0.0714,0.1855,0.245,0.0945,0.28,True,0.142,53.0,0,43,0.0425,0.0745,0.6,0.82,0.76,0.0,False,2026-09-11,0.06790383804301992,0.10987145282561239,-0.04196761478259248,0.07159327989458664,108300000.0,0.46465244865718797,2026-06-30,175000000.0,0.4,0.142857142857143,5.2632,False,True,Consumer Cyclical,Footwear & Accessories,1635582080.0,,0.1182,,,
XERS,2.0,2025-07-11,2026-09-11,62,7.67,9.7,5.02,1.93,0.12,-0.14,True,0.1137,0.1549,0.677,0.0786,0.57,True,0.338,51.5,2,59,0.0298,0.0337,0.26,0.97,1.45,0.02,False,2026-09-11,0.2874096646584381,0.3827076298674297,-0.09529796520899159,0.3633329946143684,-17165000.0,0.8641476655808903,2026-06-30,55378000.0,-0.01,,-150.0,False,False,Healthcare,Drug Manufacturers - Specialty & Generic,1358286208.0,,0.0456,,,
XFLT,1.5,2025-10-31,2026-09-11,46,19.35,21.56,14.39,1.5,-0.39,-0.46,False,0.0813,0.104,0.587,0.0214,0.69,True,0.065,59.2,0,27,0.016,0.0484,0.2,1.21,3.8,0.0,False,2026-09-11,-0.4509272195900569,-0.4538834162641624,0.0029561966741055157,0.017219721237854202,-51377724.0,0.6746717038160626,2026-03-31,101830390.0,0.0,,-100.0,False,False,Financial Services,Asset Management,297306848.0,,0.0013,,,
XFOR,1.5,2025-10-24,2026-09-11,47,3.4,4.64,3.16,1.47,0.25,-0.93,False,0.0578,0.0776,0.766,0.2347,0.16,False,-0.018,41.2,0,29,0.0297,0.0446,0.51,1.38,0.25,0.09,False,2026-09-11,3.463253928028383,-0.9059950706425521,4.369248998670935,-0.5164764752547751,-90138000.0,0.8163751987281399,2026-06-30,-103335000.0,-0.13,0.962536023054755,31.5789,False,False,Healthcare,Biotechnology,347013600.0,,0.0727,,,
XIFR,2.0,2025-01-24,2026-09-11,86,11.48,15.7,8.2,1.91,0.38,-0.86,False,0.0852,0.1278,0.465,0.058,0.44,True,0.086,50.6,2,64,0.0234,0.0202,0.27,0.83,1.47,0.02,False,2026-09-11,0.06140350877192979,-0.024822695035460973,0.08622620380739077,-0.029911075181891622,63000000.0,0.6033057851239669,2026-06-30,-634000000.0,0.4,-0.5238095238095237,180.0,False,False,Utilities,Utilities - Renewable,1075019904.0,,0.0516,,,
XP,1.5,2025-04-25,2026-09-11,73,19.97,22.66,15.14,1.5,-0.03,-0.38,True,0.0713,0.0862,0.575,0.0565,0.64,False,-0.051,61.9,1,14,0.0419,0.0318,0.59,0.68,1.26,0.01,True,2026-09-11,0.13984809594845649,0.06864011681349802,0.07120797913495847,0.11364729856025058,5315972848.0,0.6641389811061393,2026-06-30,21517896469.0,0.53,0.2325581395348838,3.9216,False,True,Financial Services,Capital Markets,10077817856.0,,0.0476,,,
XP,2.0,2025-01-17,2026-09-11,87,19.97,22.66,11.72,1.93,0.28,-0.52,True,0.0746,0.1213,0.816,0.0503,0.75,False,-0.051,61.9,2,86,0.0419,0.0318,0.56,0.69,1.48,0.01,False,2026-09-11,0.13984809594845649,0.06864011681349802,0.07120797913495847,0.11364729856025058,5315972848.0,0.6641389811061393,2026-06-30,21517896469.0,0.53,0.2325581395348838,3.9216,False,True,Financial Services,Capital Markets,10077817856.0,,0.0476,,,
XPEL,1.5,2025-11-07,2026-09-11,45,48.06,54.25,37.77,1.44,-0.02,-0.36,False,0.0738,0.0959,0.556,0.0674,0.62,True,0.074,52.5,1,44,0.0304,0.0581,0.41,0.86,1.09,0.0,False,2026-09-11,0.14705764435143087,0.13052357786233815,0.016534066489092725,0.13186098370004706,54734000.0,0.4413748750463115,2026-06-30,-3141000.0,0.68,0.15254237288135608,11.4754,False,False,Consumer Cyclical,Auto Parts,1301339264.0,,0.1499,,,
XPER,1.5,2026-02-20,2026-09-11,30,5.71,8.2,5.49,1.49,0.37,-0.54,False,0.1276,0.1351,0.267,0.0569,0.08,True,0.032,35.6,0,29,0.1039,0.0877,0.81,1.09,2.24,0.0,False,2026-09-11,0.0807963524114299,0.0015171046977628944,0.07927924771366701,-0.03868111333932356,-32518000.0,0.6849561541417741,2026-06-30,-15596000.0,0.14,0.2727272727272728,75.0,False,False,Technology,Software - Application,286778336.0,,0.0963,,,
XPO,1.5,2026-02-06,2026-09-11,32,182.34,228.33,181.71,1.26,-0.01,0.16,True,0.0427,0.0596,0.656,0.0635,0.01,False,-0.037,43.1,0,26,0.0428,0.0319,1.0,0.66,0.67,0.03,False,2026-09-11,0.13221153846153855,0.07267144319344943,0.05954009526808912,0.07042077662629542,404000000.0,0.1494692144373673,2026-06-30,588000000.0,1.7,0.619047619047619,14.094,False,True,Industrials,Trucking,21330810880.0,,0.0541,,,
XPOF,2.0,2026-02-27,2026-09-11,29,4.04,7.6,4.04,1.88,-0.18,-0.78,False,0.1339,0.1507,0.586,0.1137,0.0,False,-0.038,35.3,0,0,0.0548,0.1155,0.41,1.11,1.18,0.0,False,2026-09-11,-0.13436909510812511,-0.21030656972282558,0.07593747461470046,-0.09114395445480294,-38800000.0,0.8517917778316759,2026-06-30,-8895000.0,0.02,-0.9230769230769231,-77.7778,False,False,Consumer Cyclical,Leisure,203514880.0,,0.4248,,,
XRAY,1.5,2025-08-01,2026-09-11,59,10.5,14.68,10.0,1.47,-0.36,-0.72,False,0.0686,0.0989,0.593,0.0548,0.11,True,0.065,43.1,0,14,0.0522,0.0578,0.76,1.04,1.25,0.0,False,2026-09-11,-0.040598290598290565,0.0011376564277587597,-0.041735947026049325,-0.007627349496050151,-546000000.0,0.5489977728285078,2026-06-30,143000000.0,0.52,0.0,44.4444,False,False,Healthcare,Medical Instruments & Supplies,2085241472.0,,0.1236,,,
XRN,1.5,2024-10-04,2026-09-11,102,36.62,41.08,27.95,1.47,-0.09,-0.38,True,0.0631,0.0868,0.686,0.0345,0.66,True,0.067,53.9,4,68,0.0072,0.0124,0.11,1.92,1.83,0.01,False,2026-09-11,-0.03685664437336433,0.004777868701000498,-0.04163451307436483,0.05723708169789177,57946000.0,-0.021108511334188743,2026-06-30,-187641000.0,0.88,12.0,6.0241,True,False,Real Estate,REIT - Healthcare Facilities,521139392.0,,0.0689,,,
XYL,1.5,2023-11-24,2026-09-11,147,106.55,149.22,99.81,1.49,0.06,-0.14,False,0.0659,0.09,0.639,0.0374,0.14,True,0.001,36.1,0,146,0.0392,0.0303,0.59,1.21,1.76,0.01,False,2026-09-11,0.015210777922642249,0.02706621556307387,-0.01185543764043162,0.04548058196815208,1010000000.0,0.4122431506849315,2026-06-30,960000000.0,1.46,0.1587301587301587,8.9552,False,True,Industrials,Specialty Industrial Machinery,24973750272.0,,0.0445,,,
XYZ,2.0,2024-12-13,2026-09-11,92,79.07,92.16,46.53,1.98,0.02,-0.53,True,0.1168,0.1525,0.707,0.0591,0.71,True,0.18,54.9,3,71,0.0187,0.0243,0.16,0.74,1.98,0.01,True,2026-09-11,0.09302733506902428,0.04938688061740226,0.04364045445162201,0.050655275950544976,357142000.0,0.47842713020425415,2026-06-30,4816861000.0,1.02,0.6451612903225807,112.5,False,True,Technology,Software - Infrastructure,47588970496.0,,0.0276,,,
XZO,1.5,2026-02-06,2026-09-11,32,15.78,18.69,12.97,1.44,0.07,,,0.0806,0.0955,0.625,,0.49,True,0.107,45.8,1,16,0.0262,0.0389,0.33,1.02,,0.0,False,2026-09-11,0.030236579843468725,0.05966760165626739,-0.029431021812798663,0.2177543771034529,86809999.0,0.6374790177721633,2026-06-30,81531000.0,0.26,-0.4583333333333333,8.3333,False,True,Financial Services,Insurance - Diversified,1443176448.0,,0.1066,,,
YALA,2.0,2025-03-14,2026-09-11,79,5.44,9.08,4.66,1.95,-0.29,-0.24,True,0.0791,0.1339,0.747,0.0398,0.18,False,-0.137,40.2,0,75,0.0064,0.0073,0.08,0.53,1.99,0.05,False,2026-09-11,-0.02312317311630374,-0.0580133232841461,0.03489015016784236,-0.03754986944824179,136671339.0,0.6755428266292933,2026-06-30,,0.18,-0.10000000000000009,,False,,Technology,Software - Application,835059456.0,,0.0266,,,
YETI,1.5,2025-11-07,2026-09-11,45,39.47,52.2,35.5,1.47,0.27,-0.32,False,0.0925,0.1103,0.556,0.0554,0.24,True,0.131,39.7,0,25,0.0909,0.0464,0.98,1.05,1.67,0.0,False,2026-09-11,0.08516860585074415,0.08340548176163676,0.001763124089107393,0.062434687156970314,178795000.0,0.6665536881959543,2026-06-30,207407000.0,0.55,0.018518518518518535,25.0,False,True,Consumer Cyclical,Leisure,2938529024.0,,0.141,,,
YMM,2.0,2024-03-15,2026-09-11,131,8.14,13.25,6.83,1.94,0.2,-0.28,False,0.1536,0.1826,0.573,0.0527,0.2,True,0.033,40.5,1,110,0.0318,0.0481,0.21,0.89,2.91,0.0,False,2026-09-11,0.04103384791976561,0.05499259419484148,-0.013958746275075873,0.047965575396653914,4198650293.0,0.7332116931917046,2026-06-30,,0.19,-0.8503937007874016,5.5556,False,,Technology,Software - Application,8544955904.0,,0.0261,,,
YOU,1.5,2026-02-27,2026-09-11,29,42.74,59.68,42.74,1.4,-0.11,0.05,True,0.0737,0.0967,0.586,0.0663,0.0,False,-0.058,41.8,0,0,0.0401,0.0737,0.54,1.05,1.11,0.0,False,2026-09-11,0.26559801701394736,0.196978729041293,0.06861928797265437,0.1976891286837441,147886000.0,0.8585490194666561,2026-06-30,508393000.0,0.49,0.36111111111111116,22.5,False,True,Technology,Software - Application,5734330368.0,,0.1745,,,
YUMC,1.5,2024-09-27,2026-09-11,103,42.29,56.9,39.97,1.42,0.11,-0.33,False,0.0506,0.0712,0.553,0.0498,0.14,False,-0.049,42.0,1,73,0.0464,0.0326,0.92,0.75,1.02,0.02,False,2026-09-11,0.1259418729817008,0.09728279100972825,0.028659081971972533,0.0878082910617457,975000000.0,0.1711281070745698,2026-06-30,945855780.0,0.7,0.20689655172413793,1.4493,False,True,Consumer Cyclical,Restaurants,14376436736.0,,0.0152,,,
YUMC,2.0,2024-08-09,2026-09-11,110,42.29,56.9,31.83,1.79,0.25,-0.47,False,0.0531,0.0995,0.873,0.0489,0.42,False,-0.049,42.0,1,107,0.0464,0.0326,0.87,0.75,1.09,0.03,False,2026-09-11,0.1259418729817008,0.09728279100972825,0.028659081971972533,0.0878082910617457,975000000.0,0.1711281070745698,2026-06-30,945855780.0,0.7,0.20689655172413793,1.4493,False,True,Consumer Cyclical,Restaurants,14376436736.0,,0.0152,,,
ZBRA,2.0,2025-01-31,2026-09-11,85,344.01,391.94,202.64,1.93,-0.17,-0.51,True,0.1245,0.1624,0.624,0.0379,0.75,True,0.36,64.1,1,24,0.0445,0.1708,0.36,1.3,3.28,0.02,False,2026-09-11,0.20417633410672864,0.14296636085626901,0.061209973250459626,0.12658959537572256,539000000.0,0.5298651252408478,2026-06-30,904000000.0,5.64,0.5623268698060941,61.6046,False,True,Technology,Communication Equipment,16576235520.0,,0.0462,,,
ZLAB,2.0,2025-10-10,2026-09-11,49,24.17,30.24,16.6,1.82,-0.02,-0.6,False,0.0768,0.1594,0.449,0.0777,0.55,True,0.119,57.1,1,32,0.0447,0.1215,0.58,1.28,0.99,0.02,False,2026-09-11,-0.033334242614364795,-0.06457126221980147,0.031237019605436678,0.050993574085025806,-188213000.0,0.5469706803623332,2026-06-30,-162518000.0,-0.46,-0.2432432432432433,30.303,False,False,Healthcare,Biotechnology,2710106624.0,,0.0729,,,
ZUMZ,2.0,2025-08-15,2026-09-11,57,16.71,30.62,15.49,1.98,-0.18,-0.47,False,0.1398,0.1625,0.632,0.068,0.08,False,-0.187,36.4,0,56,0.0247,0.0241,0.18,0.97,2.06,0.02,False,2026-09-11,-0.024785905961964727,0.048849156192532384,-0.07363506215449711,0.03609874113165956,12700000.0,0.35341494228670967,2026-08-31,33542000.0,-0.17,-1.8333333333333337,-21.4286,False,True,Consumer Cyclical,Apparel Retail,223060416.0,,0.1099,,,
ZURA,2.0,2026-03-13,2026-09-11,27,5.38,6.23,3.4,1.83,0.03,-0.51,True,0.0799,0.1426,0.519,0.153,0.7,True,0.084,51.5,0,14,0.0425,0.0479,0.53,1.22,0.52,0.0,False,2026-09-11,,,,-1.0,-85742000.0,,2026-06-30,-77632000.0,-0.21,-0.23529411764705868,-5.0,False,False,Healthcare,Biotechnology,499269792.0,,0.1547,,,
ZYME,1.5,2025-11-21,2026-09-11,43,26.43,29.19,21.94,1.33,0.14,0.15,True,0.0591,0.077,0.535,0.0685,0.62,True,0.006,54.2,0,6,0.1045,0.0629,1.77,0.84,0.86,0.02,False,2026-09-11,-0.9057997783524196,-0.9111766875691627,0.005376909216743053,-0.6978277324261193,-149992000.0,1.0,2026-06-30,-120040150.0,-0.62,-21.666666666666668,-10.7143,False,False,Healthcare,Biotechnology,1876402432.0,,0.1001,,,
