tickers: 17889  benches: ['SPY', 'SMH', 'QQQ']
  500/17886 tickers, 697 events
  1000/17886 tickers, 1581 events
  1500/17886 tickers, 2329 events
  2000/17886 tickers, 3221 events
  2500/17886 tickers, 3857 events
  3000/17886 tickers, 4589 events
  3500/17886 tickers, 5214 events
  4000/17886 tickers, 6069 events
  4500/17886 tickers, 7056 events
  5000/17886 tickers, 7703 events
  5500/17886 tickers, 8420 events
  6000/17886 tickers, 9164 events
  6500/17886 tickers, 9788 events
  7000/17886 tickers, 10411 events
  7500/17886 tickers, 11111 events
  8000/17886 tickers, 11870 events
  8500/17886 tickers, 12615 events
  9000/17886 tickers, 13226 events
  9500/17886 tickers, 14007 events
  10000/17886 tickers, 14733 events
  10500/17886 tickers, 15424 events
  11000/17886 tickers, 16238 events
  11500/17886 tickers, 16922 events
  12000/17886 tickers, 17663 events
  12500/17886 tickers, 18450 events
  13000/17886 tickers, 19222 events
  13500/17886 tickers, 20022 events
  14000/17886 tickers, 20825 events
  14500/17886 tickers, 21544 events
  15000/17886 tickers, 22286 events
  15500/17886 tickers, 23092 events
  16000/17886 tickers, 23891 events
  16500/17886 tickers, 24872 events
  17000/17886 tickers, 25581 events
  17500/17886 tickers, 26481 events
{
 "R1.5": {
  "events": 17931,
  "confirmed": 12373,
  "fakeout_rate": {
   "DOWN": 0.34,
   "UP": 0.27
  },
  "by_dir": {
   "DOWN": {
    "n": 6218,
    "base_len_q": {
     "0.25": 34.0,
     "0.5": 48.0,
     "0.75": 73.0
    },
    "phaseB_weeks_q": {
     "0.25": 17.0,
     "0.5": 27.0,
     "0.75": 42.8
    },
    "ret13_med": -1.3,
    "ret26_med": -2.1,
    "exc26_med": -10.1,
    "win26": 0.46,
    "mae26_med": 14.2,
    "truncated": 115
   },
   "UP": {
    "n": 6155,
    "base_len_q": {
     "0.25": 35.0,
     "0.5": 49.0,
     "0.75": 76.0
    },
    "phaseB_weeks_q": {
     "0.25": 19.0,
     "0.5": 32.0,
     "0.75": 54.0
    },
    "ret13_med": 4.8,
    "ret26_med": 6.0,
    "exc26_med": -0.9,
    "win26": 0.59,
    "mae26_med": -7.1,
    "truncated": 275
   }
  },
  "base_rate_up": 0.5,
  "lead_L8": {
   "n": 12371,
   "pos_bin": {
    "low": {
     "up_share": 0.36,
     "n": 3635,
     "ret26_med": 1.3
    },
    "mid": {
     "up_share": 0.5,
     "n": 5273,
     "ret26_med": 2.1
    },
    "top": {
     "up_share": 0.64,
     "n": 3463,
     "ret26_med": 3.9
    }
   },
   "rsi_bin": {
    "<45": {
     "up_share": 0.36,
     "n": 3498,
     "ret26_med": 1.7
    },
    "45-55": {
     "up_share": 0.5,
     "n": 5584,
     "ret26_med": 1.6
    },
    ">55": {
     "up_share": 0.64,
     "n": 3289,
     "ret26_med": 4.2
    }
   },
   "ma13_gt_ma26": {
    "False": {
     "up_share": 0.49,
     "n": 6046,
     "ret26_med": 2.4
    },
    "True": {
     "up_share": 0.5,
     "n": 6177,
     "ret26_med": 2.1
    },
    "nan": {
     "up_share": 0.66,
     "n": 148,
     "ret26_med": 3.8
    }
   },
   "composite_upperhalf_and_ma": {
    "n": 3772,
    "up_share": 0.57,
    "ret26_med": 3.5
   },
   "anti_lowerhalf_and_no_ma": {
    "n": 3830,
    "up_share": 0.4
   }
  },
  "lead_L13": {
   "n": 11937,
   "pos_bin": {
    "low": {
     "up_share": 0.49,
     "n": 3423,
     "ret26_med": 1.9
    },
    "mid": {
     "up_share": 0.52,
     "n": 5061,
     "ret26_med": 3.0
    },
    "top": {
     "up_share": 0.48,
     "n": 3453,
     "ret26_med": 2.3
    }
   },
   "rsi_bin": {
    "<45": {
     "up_share": 0.48,
     "n": 3395,
     "ret26_med": 2.5
    },
    "45-55": {
     "up_share": 0.52,
     "n": 5170,
     "ret26_med": 2.7
    },
    ">55": {
     "up_share": 0.49,
     "n": 3372,
     "ret26_med": 1.9
    }
   },
   "ma13_gt_ma26": {
    "False": {
     "up_share": 0.53,
     "n": 5773,
     "ret26_med": 2.5
    },
    "True": {
     "up_share": 0.47,
     "n": 5950,
     "ret26_med": 2.3
    },
    "nan": {
     "up_share": 0.62,
     "n": 214,
     "ret26_med": 3.0
    }
   },
   "composite_upperhalf_and_ma": {
    "n": 3874,
    "up_share": 0.46,
    "ret26_med": 3.0
   },
   "anti_lowerhalf_and_no_ma": {
    "n": 3750,
    "up_share": 0.5
   }
  },
  "by_prior_dd": {
   "deep<=-50%": {
    "up_share": 0.52,
    "n": 3431,
    "ret26_med": 1.2
   },
   "-30..-50%": {
    "up_share": 0.55,
    "n": 3156,
    "ret26_med": 2.6
   },
   "shallow>-30%": {
    "up_share": 0.44,
    "n": 4691,
    "ret26_med": 2.7
   },
   "nan": {
    "up_share": 0.52,
    "n": 1095,
    "ret26_med": 2.5
   }
  },
  "by_year": {
   "2009": {
    "up_share": 0.8,
    "n": 186,
    "ret26_med": 7.7
   },
   "2010": {
    "up_share": 0.64,
    "n": 743,
    "ret26_med": 9.3
   },
   "2011": {
    "up_share": 0.3,
    "n": 666,
    "ret26_med": 1.5
   },
   "2012": {
    "up_share": 0.58,
    "n": 605,
    "ret26_med": 5.8
   },
   "2013": {
    "up_share": 0.78,
    "n": 613,
    "ret26_med": 11.3
   },
   "2014": {
    "up_share": 0.38,
    "n": 591,
    "ret26_med": -2.8
   },
   "2015": {
    "up_share": 0.34,
    "n": 731,
    "ret26_med": -11.3
   },
   "2016": {
    "up_share": 0.63,
    "n": 791,
    "ret26_med": 7.9
   },
   "2017": {
    "up_share": 0.62,
    "n": 596,
    "ret26_med": 3.2
   },
   "2018": {
    "up_share": 0.29,
    "n": 822,
    "ret26_med": -1.5
   },
   "2019": {
    "up_share": 0.56,
    "n": 575,
    "ret26_med": -1.6
   },
   "2020": {
    "up_share": 0.44,
    "n": 968,
    "ret26_med": 15.7
   },
   "2021": {
    "up_share": 0.51,
    "n": 746,
    "ret26_med": -9.1
   },
   "2022": {
    "up_share": 0.26,
    "n": 854,
    "ret26_med": -5.7
   },
   "2023": {
    "up_share": 0.51,
    "n": 839,
    "ret26_med": 1.6
   },
   "2024": {
    "up_share": 0.6,
    "n": 758,
    "ret26_med": -1.4
   },
   "2025": {
    "up_share": 0.48,
    "n": 736,
    "ret26_med": 8.0
   },
   "2026": {
    "up_share": 0.6,
    "n": 553,
    "ret26_med": 9.0
   }
  },
  "by_delisted": {
   "False": {
    "up_share": 0.52,
    "n": 7611,
    "ret26_med": 3.5
   },
   "True": {
    "up_share": 0.47,
    "n": 4762,
    "ret26_med": 1.3
   }
  },
  "by_spring": {
   "False": {
    "up_share": 0.5,
    "n": 10694,
    "ret26_med": 2.3
   },
   "True": {
    "up_share": 0.49,
    "n": 1679,
    "ret26_med": 2.6
   }
  },
  "mad_med_q": {
   "0.25": 0.052,
   "0.5": 0.063,
   "0.75": 0.076
  },
  "by_tightness": {
   "<4%": {
    "n": 930,
    "up_share": 0.55,
    "fakeout_up": 0.25,
    "fakeout_dn": 0.32,
    "UP": {
     "n": 516,
     "ret26_med": 5.2,
     "exc26_med": -1.7,
     "win26": 0.6,
     "break_bar_med": 6.8,
     "ret26_p90": 37.2
    },
    "DOWN": {
     "n": 414,
     "ret26_med": -2.0,
     "break_bar_med": -13.5
    }
   },
   "4-7%": {
    "n": 7042,
    "up_share": 0.52,
    "fakeout_up": 0.26,
    "fakeout_dn": 0.32,
    "UP": {
     "n": 3655,
     "ret26_med": 5.3,
     "exc26_med": -1.5,
     "win26": 0.59,
     "break_bar_med": 7.8,
     "ret26_p90": 43.9
    },
    "DOWN": {
     "n": 3387,
     "ret26_med": -1.9,
     "break_bar_med": -10.3
    }
   },
   "7-10%": {
    "n": 3953,
    "up_share": 0.46,
    "fakeout_up": 0.29,
    "fakeout_dn": 0.36,
    "UP": {
     "n": 1804,
     "ret26_med": 7.1,
     "exc26_med": -0.2,
     "win26": 0.6,
     "break_bar_med": 7.9,
     "ret26_p90": 47.6
    },
    "DOWN": {
     "n": 2149,
     "ret26_med": -2.0,
     "break_bar_med": -9.3
    }
   },
   "10-15%": {
    "n": 448,
    "up_share": 0.4,
    "fakeout_up": 0.34,
    "fakeout_dn": 0.37,
    "UP": {
     "n": 180,
     "ret26_med": 10.0,
     "exc26_med": 2.8,
     "win26": 0.65,
     "break_bar_med": 7.7,
     "ret26_p90": 54.7
    },
    "DOWN": {
     "n": 268,
     "ret26_med": -4.9,
     "break_bar_med": -8.4
    }
   }
  },
  "by_contraction": {
   "<0.5 tight-tail": {
    "up_share": 0.49,
    "n": 5392,
    "ret26_med": 2.3
   },
   "0.5-0.8": {
    "up_share": 0.51,
    "n": 3330,
    "ret26_med": 1.9
   },
   "0.8-1.2 flat": {
    "up_share": 0.49,
    "n": 2244,
    "ret26_med": 3.3
   },
   ">1.2 widening": {
    "up_share": 0.51,
    "n": 1403,
    "ret26_med": 1.8
   },
   "nan": {
    "up_share": 0.25,
    "n": 4,
    "ret26_med": 10.9
   }
  },
  "by_vol_dry": {
   "<0.6 dry": {
    "up_share": 0.35,
    "n": 526,
    "ret26_med": -0.7
   },
   "0.6-0.9": {
    "up_share": 0.47,
    "n": 4284,
    "ret26_med": 2.3
   },
   "0.9-1.2": {
    "up_share": 0.51,
    "n": 5186,
    "ret26_med": 2.3
   },
   ">1.2 rising": {
    "up_share": 0.55,
    "n": 2377,
    "ret26_med": 3.3
   }
  },
  "by_contraction_x_tightness": {
   "<0.5 tight-tail|<4%": {
    "n": 191,
    "up_share": 0.55
   },
   "<0.5 tight-tail|4-7%": {
    "n": 2619,
    "up_share": 0.52
   },
   "<0.5 tight-tail|7-10%": {
    "n": 2245,
    "up_share": 0.46
   },
   "<0.5 tight-tail|10-15%": {
    "n": 337,
    "up_share": 0.37
   },
   "0.5-0.8|<4%": {
    "n": 231,
    "up_share": 0.65
   },
   "0.5-0.8|4-7%": {
    "n": 2049,
    "up_share": 0.53
   },
   "0.5-0.8|7-10%": {
    "n": 986,
    "up_share": 0.44
   },
   "0.5-0.8|10-15%": {
    "n": 64,
    "up_share": 0.45
   },
   "0.8-1.2 flat|<4%": {
    "n": 218,
    "up_share": 0.54
   },
   "0.8-1.2 flat|4-7%": {
    "n": 1475,
    "up_share": 0.5
   },
   "0.8-1.2 flat|7-10%": {
    "n": 509,
    "up_share": 0.47
   },
   "0.8-1.2 flat|10-15%": {
    "n": 42,
    "up_share": 0.52
   },
   ">1.2 widening|<4%": {
    "n": 286,
    "up_share": 0.49
   },
   ">1.2 widening|4-7%": {
    "n": 899,
    "up_share": 0.53
   },
   ">1.2 widening|7-10%": {
    "n": 213,
    "up_share": 0.46
   }
  },
  "up_ret_by_contraction": {
   "<0.5 tight-tail": {
    "n": 2629,
    "ret26_med": 5.6,
    "exc26_med": -0.5,
    "mae26_med": -6.7
   },
   "0.5-0.8": {
    "n": 1700,
    "ret26_med": 5.8,
    "exc26_med": -0.9,
    "mae26_med": -7.0
   },
   "0.8-1.2 flat": {
    "n": 1109,
    "ret26_med": 6.6,
    "exc26_med": -2.1,
    "mae26_med": -8.4
   },
   ">1.2 widening": {
    "n": 716,
    "ret26_med": 7.0,
    "exc26_med": -1.7,
    "mae26_med": -8.2
   }
  },
  "composite_L8_by_tightness": {
   "<4%": {
    "up_share": 0.79,
    "n": 141,
    "ret26_med": 5.4
   },
   "4-7%": {
    "up_share": 0.67,
    "n": 1035,
    "ret26_med": 2.8
   },
   "7-10%": {
    "up_share": 0.6,
    "n": 586,
    "ret26_med": 6.2
   },
   "10-15%": {
    "up_share": 0.41,
    "n": 76,
    "ret26_med": 7.3
   }
  }
 },
 "R2.0": {
  "events": 9134,
  "confirmed": 6337,
  "fakeout_rate": {
   "DOWN": 0.33,
   "UP": 0.27
  },
  "by_dir": {
   "DOWN": {
    "n": 3513,
    "base_len_q": {
     "0.25": 44.0,
     "0.5": 65.0,
     "0.75": 96.0
    },
    "phaseB_weeks_q": {
     "0.25": 24.0,
     "0.5": 38.0,
     "0.75": 60.0
    },
    "ret13_med": -4.1,
    "ret26_med": -6.3,
    "exc26_med": -14.8,
    "win26": 0.42,
    "mae26_med": 17.6,
    "truncated": 75
   },
   "UP": {
    "n": 2824,
    "base_len_q": {
     "0.25": 41.0,
     "0.5": 65.0,
     "0.75": 101.0
    },
    "phaseB_weeks_q": {
     "0.25": 25.0,
     "0.5": 41.0,
     "0.75": 70.0
    },
    "ret13_med": 5.8,
    "ret26_med": 6.9,
    "exc26_med": -0.5,
    "win26": 0.57,
    "mae26_med": -9.4,
    "truncated": 156
   }
  },
  "base_rate_up": 0.45,
  "lead_L8": {
   "n": 6337,
   "pos_bin": {
    "low": {
     "up_share": 0.2,
     "n": 2321,
     "ret26_med": -5.5
    },
    "mid": {
     "up_share": 0.47,
     "n": 2410,
     "ret26_med": 2.2
    },
    "top": {
     "up_share": 0.76,
     "n": 1606,
     "ret26_med": 5.5
    }
   },
   "rsi_bin": {
    "<45": {
     "up_share": 0.21,
     "n": 2195,
     "ret26_med": -3.6
    },
    "45-55": {
     "up_share": 0.46,
     "n": 2368,
     "ret26_med": 0.6
    },
    ">55": {
     "up_share": 0.72,
     "n": 1774,
     "ret26_med": 5.3
    }
   },
   "ma13_gt_ma26": {
    "False": {
     "up_share": 0.35,
     "n": 3162,
     "ret26_med": -1.4
    },
    "True": {
     "up_share": 0.54,
     "n": 3083,
     "ret26_med": 2.1
    },
    "nan": {
     "up_share": 0.63,
     "n": 92,
     "ret26_med": 7.0
    }
   },
   "composite_upperhalf_and_ma": {
    "n": 1862,
    "up_share": 0.7,
    "ret26_med": 5.4
   },
   "anti_lowerhalf_and_no_ma": {
    "n": 2298,
    "up_share": 0.24
   }
  },
  "lead_L13": {
   "n": 6249,
   "pos_bin": {
    "low": {
     "up_share": 0.32,
     "n": 2052,
     "ret26_med": -3.1
    },
    "mid": {
     "up_share": 0.47,
     "n": 2772,
     "ret26_med": 1.5
    },
    "top": {
     "up_share": 0.58,
     "n": 1425,
     "ret26_med": 3.2
    }
   },
   "rsi_bin": {
    "<45": {
     "up_share": 0.34,
     "n": 2110,
     "ret26_med": -0.4
    },
    "45-55": {
     "up_share": 0.44,
     "n": 2392,
     "ret26_med": 0.1
    },
    ">55": {
     "up_share": 0.58,
     "n": 1747,
     "ret26_med": 2.3
    }
   },
   "ma13_gt_ma26": {
    "False": {
     "up_share": 0.4,
     "n": 3106,
     "ret26_med": 0.0
    },
    "True": {
     "up_share": 0.48,
     "n": 3005,
     "ret26_med": 1.1
    },
    "nan": {
     "up_share": 0.62,
     "n": 138,
     "ret26_med": 5.4
    }
   },
   "composite_upperhalf_and_ma": {
    "n": 1796,
    "up_share": 0.57,
    "ret26_med": 2.8
   },
   "anti_lowerhalf_and_no_ma": {
    "n": 2246,
    "up_share": 0.35
   }
  },
  "by_prior_dd": {
   "deep<=-50%": {
    "up_share": 0.5,
    "n": 3081,
    "ret26_med": 1.3
   },
   "-30..-50%": {
    "up_share": 0.41,
    "n": 519,
    "ret26_med": -0.8
   },
   "shallow>-30%": {
    "up_share": 0.36,
    "n": 1740,
    "ret26_med": -0.4
   },
   "nan": {
    "up_share": 0.45,
    "n": 997,
    "ret26_med": 0.2
   }
  },
  "by_year": {
   "2009": {
    "up_share": 0.9,
    "n": 89,
    "ret26_med": 7.0
   },
   "2010": {
    "up_share": 0.62,
    "n": 229,
    "ret26_med": 3.0
   },
   "2011": {
    "up_share": 0.25,
    "n": 394,
    "ret26_med": -2.7
   },
   "2012": {
    "up_share": 0.43,
    "n": 206,
    "ret26_med": 6.7
   },
   "2013": {
    "up_share": 0.76,
    "n": 248,
    "ret26_med": 13.0
   },
   "2014": {
    "up_share": 0.33,
    "n": 258,
    "ret26_med": -8.1
   },
   "2015": {
    "up_share": 0.25,
    "n": 336,
    "ret26_med": -13.4
   },
   "2016": {
    "up_share": 0.54,
    "n": 356,
    "ret26_med": 9.4
   },
   "2017": {
    "up_share": 0.59,
    "n": 238,
    "ret26_med": 3.7
   },
   "2018": {
    "up_share": 0.31,
    "n": 326,
    "ret26_med": -2.2
   },
   "2019": {
    "up_share": 0.47,
    "n": 262,
    "ret26_med": -5.2
   },
   "2020": {
    "up_share": 0.46,
    "n": 649,
    "ret26_med": 26.6
   },
   "2021": {
    "up_share": 0.49,
    "n": 536,
    "ret26_med": -16.6
   },
   "2022": {
    "up_share": 0.17,
    "n": 610,
    "ret26_med": -14.1
   },
   "2023": {
    "up_share": 0.5,
    "n": 432,
    "ret26_med": 2.6
   },
   "2024": {
    "up_share": 0.58,
    "n": 360,
    "ret26_med": -4.7
   },
   "2025": {
    "up_share": 0.5,
    "n": 479,
    "ret26_med": 8.1
   },
   "2026": {
    "up_share": 0.53,
    "n": 329,
    "ret26_med": 1.7
   }
  },
  "by_delisted": {
   "False": {
    "up_share": 0.47,
    "n": 3750,
    "ret26_med": 2.1
   },
   "True": {
    "up_share": 0.4,
    "n": 2587,
    "ret26_med": -0.8
   }
  },
  "by_spring": {
   "False": {
    "up_share": 0.44,
    "n": 5688,
    "ret26_med": 0.1
   },
   "True": {
    "up_share": 0.48,
    "n": 649,
    "ret26_med": 6.2
   }
  },
  "mad_med_q": {
   "0.25": 0.081,
   "0.5": 0.102,
   "0.75": 0.125
  },
  "by_tightness": {
   "<4%": {
    "n": 119,
    "up_share": 0.24,
    "fakeout_up": 0.07,
    "fakeout_dn": 0.24,
    "UP": {
     "n": 28,
     "ret26_med": -2.7,
     "exc26_med": -12.9,
     "win26": 0.46,
     "break_bar_med": 9.7,
     "ret26_p90": 50.2
    },
    "DOWN": {
     "n": 91,
     "ret26_med": -9.9,
     "break_bar_med": -24.2
    }
   },
   "4-7%": {
    "n": 793,
    "up_share": 0.49,
    "fakeout_up": 0.2,
    "fakeout_dn": 0.3,
    "UP": {
     "n": 389,
     "ret26_med": 6.8,
     "exc26_med": -0.1,
     "win26": 0.57,
     "break_bar_med": 9.7,
     "ret26_p90": 53.6
    },
    "DOWN": {
     "n": 404,
     "ret26_med": 2.6,
     "break_bar_med": -18.4
    }
   },
   "7-10%": {
    "n": 2106,
    "up_share": 0.48,
    "fakeout_up": 0.26,
    "fakeout_dn": 0.32,
    "UP": {
     "n": 1016,
     "ret26_med": 8.3,
     "exc26_med": 0.5,
     "win26": 0.59,
     "break_bar_med": 11.1,
     "ret26_p90": 66.6
    },
    "DOWN": {
     "n": 1090,
     "ret26_med": -7.0,
     "break_bar_med": -13.9
    }
   },
   "10-15%": {
    "n": 2751,
    "up_share": 0.42,
    "fakeout_up": 0.29,
    "fakeout_dn": 0.33,
    "UP": {
     "n": 1169,
     "ret26_med": 5.8,
     "exc26_med": -1.7,
     "win26": 0.56,
     "break_bar_med": 11.2,
     "ret26_p90": 64.8
    },
    "DOWN": {
     "n": 1582,
     "ret26_med": -7.5,
     "break_bar_med": -12.6
    }
   },
   ">15%": {
    "n": 568,
    "up_share": 0.39,
    "fakeout_up": 0.29,
    "fakeout_dn": 0.36,
    "UP": {
     "n": 222,
     "ret26_med": 4.2,
     "exc26_med": -2.1,
     "win26": 0.5,
     "break_bar_med": 10.7,
     "ret26_p90": 78.1
    },
    "DOWN": {
     "n": 346,
     "ret26_med": -7.5,
     "break_bar_med": -11.2
    }
   }
  },
  "by_contraction": {
   "<0.5 tight-tail": {
    "up_share": 0.44,
    "n": 3361,
    "ret26_med": 0.6
   },
   "0.5-0.8": {
    "up_share": 0.43,
    "n": 1477,
    "ret26_med": 1.1
   },
   "0.8-1.2 flat": {
    "up_share": 0.47,
    "n": 886,
    "ret26_med": 1.2
   },
   ">1.2 widening": {
    "up_share": 0.46,
    "n": 612,
    "ret26_med": -3.6
   },
   "nan": {
    "up_share": 0.0,
    "n": 1,
    "ret26_med": -99.7
   }
  },
  "by_vol_dry": {
   "<0.6 dry": {
    "up_share": 0.19,
    "n": 518,
    "ret26_med": -10.8
   },
   "0.6-0.9": {
    "up_share": 0.33,
    "n": 2053,
    "ret26_med": -1.4
   },
   "0.9-1.2": {
    "up_share": 0.49,
    "n": 2059,
    "ret26_med": 2.5
   },
   ">1.2 rising": {
    "up_share": 0.61,
    "n": 1707,
    "ret26_med": 2.4
   }
  },
  "by_contraction_x_tightness": {
   "<0.5 tight-tail|4-7%": {
    "n": 235,
    "up_share": 0.48
   },
   "<0.5 tight-tail|7-10%": {
    "n": 908,
    "up_share": 0.51
   },
   "<0.5 tight-tail|10-15%": {
    "n": 1733,
    "up_share": 0.43
   },
   "<0.5 tight-tail|>15%": {
    "n": 457,
    "up_share": 0.38
   },
   "0.5-0.8|4-7%": {
    "n": 210,
    "up_share": 0.47
   },
   "0.5-0.8|7-10%": {
    "n": 583,
    "up_share": 0.45
   },
   "0.5-0.8|10-15%": {
    "n": 596,
    "up_share": 0.41
   },
   "0.5-0.8|>15%": {
    "n": 73,
    "up_share": 0.37
   },
   "0.8-1.2 flat|4-7%": {
    "n": 162,
    "up_share": 0.5
   },
   "0.8-1.2 flat|7-10%": {
    "n": 380,
    "up_share": 0.47
   },
   "0.8-1.2 flat|10-15%": {
    "n": 298,
    "up_share": 0.46
   },
   ">1.2 widening|<4%": {
    "n": 58,
    "up_share": 0.19
   },
   ">1.2 widening|4-7%": {
    "n": 186,
    "up_share": 0.52
   },
   ">1.2 widening|7-10%": {
    "n": 235,
    "up_share": 0.5
   },
   ">1.2 widening|10-15%": {
    "n": 124,
    "up_share": 0.43
   }
  },
  "up_ret_by_contraction": {
   "<0.5 tight-tail": {
    "n": 1492,
    "ret26_med": 6.0,
    "exc26_med": -0.9,
    "mae26_med": -8.5
   },
   "0.5-0.8": {
    "n": 633,
    "ret26_med": 9.2,
    "exc26_med": 0.5,
    "mae26_med": -9.8
   },
   "0.8-1.2 flat": {
    "n": 416,
    "ret26_med": 6.9,
    "exc26_med": -0.5,
    "mae26_med": -11.5
   },
   ">1.2 widening": {
    "n": 283,
    "ret26_med": 7.1,
    "exc26_med": -2.5,
    "mae26_med": -12.1
   }
  },
  "composite_L8_by_tightness": {
   "<4%": {
    "up_share": 0.36,
    "n": 22,
    "ret26_med": -10.8
   },
   "4-7%": {
    "up_share": 0.79,
    "n": 132,
    "ret26_med": 2.9
   },
   "7-10%": {
    "up_share": 0.82,
    "n": 310,
    "ret26_med": 6.7
   },
   "10-15%": {
    "up_share": 0.82,
    "n": 439,
    "ret26_med": 6.5
   },
   ">15%": {
    "up_share": 0.71,
    "n": 106,
    "ret26_med": 0.6
   }
  }
 },
 "signals": {
  "R1.5": {
   "ANTI": {
    "all": {
     "n": 15516,
     "ret13_med": 2.8,
     "ret26_med": 4.0,
     "exc26_med": -4.4,
     "win26": 0.56,
     "mae26_med": -12.7,
     "ret26_mean": 49.5,
     "next_break": {
      "DOWN": 0.68,
      "UP": 0.17,
      "NONE": 0.15
     },
     "wk_to_break_med": 4.0
    },
    "listed_only": {
     "n": 9332,
     "ret13_med": 3.5,
     "ret26_med": 5.1,
     "exc26_med": -3.8,
     "win26": 0.57,
     "mae26_med": -12.4,
     "ret26_mean": 7.7,
     "next_break": {
      "DOWN": 0.68,
      "UP": 0.17,
      "NONE": 0.15
     },
     "wk_to_break_med": 4.0
    },
    "v06": {
     "flatline_excluded": 20,
     "contr8_q": {
      "0.25": 0.41,
      "0.5": 0.63,
      "0.75": 0.94
     },
     "vol_dry8_q": {
      "0.25": 0.81,
      "0.5": 0.94,
      "0.75": 1.09
     },
     "rel_tight_q": {
      "0.25": 0.68,
      "0.5": 0.94,
      "0.75": 1.28
     },
     "by_contraction": {
      "<0.5 tight-tail": {
       "n": 5620,
       "ret26_med": 3.5,
       "exc26_med": -4.2,
       "win26": 0.55,
       "mae26_med": -12.1,
       "ret_over_mae_med": 0.33,
       "ret_over_mae_mean": 6.96,
       "p10_ret26": -31.9,
       "p90_ret26": 45.1,
       "ret26_per_expvol_med": 0.11,
       "exp_vol26_med": 30.1,
       "ret26_riskparity_mean": 4.5,
       "exc26_riskparity_mean": -1.2,
       "n52": 5457,
       "ret52_med": 4.6,
       "win52": 0.55,
       "exc52_med": -8.5,
       "mae52_med": -18.4
      },
      "0.5-0.8": {
       "n": 4578,
       "ret26_med": 3.7,
       "exc26_med": -4.3,
       "win26": 0.55,
       "mae26_med": -13.1,
       "ret_over_mae_med": 0.34,
       "ret_over_mae_mean": 0.38,
       "p10_ret26": -33.2,
       "p90_ret26": 47.9,
       "ret26_per_expvol_med": 0.11,
       "exp_vol26_med": 31.1,
       "ret26_riskparity_mean": 4.7,
       "exc26_riskparity_mean": -1.4,
       "n52": 4421,
       "ret52_med": 6.1,
       "win52": 0.57,
       "exc52_med": -8.3,
       "mae52_med": -19.6
      },
      "0.8-1.2 flat": {
       "n": 3213,
       "ret26_med": 4.9,
       "exc26_med": -4.4,
       "win26": 0.57,
       "mae26_med": -13.2,
       "ret_over_mae_med": 0.41,
       "ret_over_mae_mean": 0.86,
       "p10_ret26": -35.1,
       "p90_ret26": 51.1,
       "ret26_per_expvol_med": 0.14,
       "exp_vol26_med": 30.6,
       "ret26_riskparity_mean": 10.0,
       "exc26_riskparity_mean": 3.0,
       "n52": 3090,
       "ret52_med": 8.2,
       "win52": 0.58,
       "exc52_med": -8.3,
       "mae52_med": -19.9
      },
      ">1.2 widening": {
       "n": 2105,
       "ret26_med": 4.6,
       "exc26_med": -4.6,
       "win26": 0.57,
       "mae26_med": -12.8,
       "ret_over_mae_med": 0.42,
       "ret_over_mae_mean": 0.36,
       "p10_ret26": -33.7,
       "p90_ret26": 45.1,
       "ret26_per_expvol_med": 0.17,
       "exp_vol26_med": 28.7,
       "ret26_riskparity_mean": 5.4,
       "exc26_riskparity_mean": -2.8,
       "n52": 2045,
       "ret52_med": 9.6,
       "win52": 0.58,
       "exc52_med": -8.1,
       "mae52_med": -19.4
      }
     },
     "by_vol_dry": {
      "<0.6 dry": {
       "n": 662,
       "ret26_med": 0.3,
       "exc26_med": -5.6,
       "win26": 0.5,
       "mae26_med": -14.0,
       "ret_over_mae_med": 0.03,
       "ret_over_mae_mean": 0.11,
       "p10_ret26": -39.0,
       "p90_ret26": 42.5,
       "ret26_per_expvol_med": -0.01,
       "exp_vol26_med": 35.0,
       "ret26_riskparity_mean": 2.5,
       "exc26_riskparity_mean": -2.0,
       "n52": 653,
       "ret52_med": 1.2,
       "win52": 0.51,
       "exc52_med": -10.1,
       "mae52_med": -20.7
      },
      "0.6-0.9": {
       "n": 5931,
       "ret26_med": 3.9,
       "exc26_med": -4.2,
       "win26": 0.55,
       "mae26_med": -12.7,
       "ret_over_mae_med": 0.34,
       "ret_over_mae_mean": 0.42,
       "p10_ret26": -34.7,
       "p90_ret26": 49.2,
       "ret26_per_expvol_med": 0.11,
       "exp_vol26_med": 31.8,
       "ret26_riskparity_mean": 5.6,
       "exc26_riskparity_mean": -0.2,
       "n52": 5760,
       "ret52_med": 5.9,
       "win52": 0.56,
       "exc52_med": -8.1,
       "mae52_med": -19.9
      },
      "0.9-1.2": {
       "n": 6583,
       "ret26_med": 4.4,
       "exc26_med": -3.9,
       "win26": 0.56,
       "mae26_med": -12.8,
       "ret_over_mae_med": 0.41,
       "ret_over_mae_mean": 0.63,
       "p10_ret26": -32.3,
       "p90_ret26": 46.8,
       "ret26_per_expvol_med": 0.14,
       "exp_vol26_med": 29.6,
       "ret26_riskparity_mean": 7.0,
       "exc26_riskparity_mean": 0.4,
       "n52": 6328,
       "ret52_med": 7.3,
       "win52": 0.57,
       "exc52_med": -7.9,
       "mae52_med": -18.7
      },
      ">1.2 rising": {
       "n": 2340,
       "ret26_med": 4.3,
       "exc26_med": -5.2,
       "win26": 0.56,
       "mae26_med": -12.5,
       "ret_over_mae_med": 0.39,
       "ret_over_mae_mean": 16.16,
       "p10_ret26": -31.1,
       "p90_ret26": 43.3,
       "ret26_per_expvol_med": 0.16,
       "exp_vol26_med": 27.6,
       "ret26_riskparity_mean": 4.1,
       "exc26_riskparity_mean": -4.2,
       "n52": 2272,
       "ret52_med": 6.8,
       "win52": 0.57,
       "exc52_med": -9.7,
       "mae52_med": -18.3
      }
     },
     "by_rel_tight": {
      "rel-tight": {
       "n": 4779,
       "ret26_med": 1.7,
       "exc26_med": -5.4,
       "win26": 0.52,
       "mae26_med": -15.4,
       "ret_over_mae_med": 0.12,
       "ret_over_mae_mean": 0.31,
       "p10_ret26": -38.0,
       "p90_ret26": 52.1,
       "ret26_per_expvol_med": 0.03,
       "exp_vol26_med": 43.3,
       "ret26_riskparity_mean": 3.3,
       "exc26_riskparity_mean": -0.7,
       "n52": 4615,
       "ret52_med": 2.1,
       "win52": 0.52,
       "exc52_med": -10.6,
       "mae52_med": -22.6
      },
      "rel-mid": {
       "n": 4778,
       "ret26_med": 4.2,
       "exc26_med": -4.8,
       "win26": 0.56,
       "mae26_med": -12.9,
       "ret_over_mae_med": 0.36,
       "ret_over_mae_mean": 0.41,
       "p10_ret26": -33.8,
       "p90_ret26": 49.4,
       "ret26_per_expvol_med": 0.14,
       "exp_vol26_med": 30.5,
       "ret26_riskparity_mean": 5.2,
       "exc26_riskparity_mean": -1.1,
       "n52": 4623,
       "ret52_med": 7.2,
       "win52": 0.57,
       "exc52_med": -8.5,
       "mae52_med": -19.4
      },
      "rel-loose": {
       "n": 4778,
       "ret26_med": 5.9,
       "exc26_med": -3.5,
       "win26": 0.58,
       "mae26_med": -11.2,
       "ret_over_mae_med": 0.59,
       "ret_over_mae_mean": 0.58,
       "p10_ret26": -29.3,
       "p90_ret26": 43.4,
       "ret26_per_expvol_med": 0.28,
       "exp_vol26_med": 21.9,
       "ret26_riskparity_mean": 9.1,
       "exc26_riskparity_mean": -0.0,
       "n52": 4602,
       "ret52_med": 10.4,
       "win52": 0.6,
       "exc52_med": -6.5,
       "mae52_med": -16.6
      }
     },
     "by_tightness_risk": {
      "<4%": {
       "n": 2537,
       "ret26_med": 3.7,
       "exc26_med": -4.6,
       "win26": 0.57,
       "mae26_med": -11.2,
       "ret_over_mae_med": 0.44,
       "ret_over_mae_mean": 16.32,
       "p10_ret26": -30.8,
       "p90_ret26": 42.9,
       "ret26_per_expvol_med": 0.17,
       "exp_vol26_med": 25.5,
       "ret26_riskparity_mean": 5.6,
       "exc26_riskparity_mean": -2.9,
       "n52": 2467,
       "ret52_med": 7.4,
       "win52": 0.59,
       "exc52_med": -7.4,
       "mae52_med": -16.2
      },
      "4-7%": {
       "n": 9386,
       "ret26_med": 4.1,
       "exc26_med": -4.4,
       "win26": 0.55,
       "mae26_med": -12.9,
       "ret_over_mae_med": 0.34,
       "ret_over_mae_mean": 0.45,
       "p10_ret26": -32.7,
       "p90_ret26": 46.5,
       "ret26_per_expvol_med": 0.12,
       "exp_vol26_med": 30.0,
       "ret26_riskparity_mean": 6.3,
       "exc26_riskparity_mean": -0.1,
       "n52": 9095,
       "ret52_med": 6.3,
       "win52": 0.56,
       "exc52_med": -8.1,
       "mae52_med": -19.4
      },
      "7-10%": {
       "n": 3241,
       "ret26_med": 3.6,
       "exc26_med": -4.4,
       "win26": 0.55,
       "mae26_med": -13.7,
       "ret_over_mae_med": 0.31,
       "ret_over_mae_mean": 0.42,
       "p10_ret26": -36.7,
       "p90_ret26": 52.2,
       "ret26_per_expvol_med": 0.09,
       "exp_vol26_med": 34.2,
       "ret26_riskparity_mean": 4.7,
       "exc26_riskparity_mean": -0.5,
       "n52": 3109,
       "ret52_med": 4.9,
       "win52": 0.55,
       "exc52_med": -9.8,
       "mae52_med": -21.5
      },
      "10-15%": {
       "n": 352,
       "ret26_med": 7.4,
       "exc26_med": -1.4,
       "win26": 0.59,
       "mae26_med": -12.3,
       "ret_over_mae_med": 0.7,
       "ret_over_mae_mean": 0.45,
       "p10_ret26": -41.0,
       "p90_ret26": 51.9,
       "ret26_per_expvol_med": 0.21,
       "exp_vol26_med": 36.9,
       "ret26_riskparity_mean": 5.5,
       "exc26_riskparity_mean": 0.5,
       "n52": 342,
       "ret52_med": 8.3,
       "win52": 0.57,
       "exc52_med": -9.6,
       "mae52_med": -19.8
      }
     },
     "by_tightness_x_contraction": {
      "<4%|<0.5 tight-tail": {
       "n": 572,
       "ret26_med": 2.6,
       "exc26_med": -4.9,
       "win26": 0.58,
       "mae26_med": -8.6,
       "ret_over_mae_med": 0.54,
       "ret_over_mae_mean": 77.59,
       "p10_ret26": -30.5,
       "p90_ret26": 39.7,
       "ret26_per_expvol_med": 0.18,
       "exp_vol26_med": 25.4,
       "ret26_riskparity_mean": 4.7,
       "exc26_riskparity_mean": -2.0,
       "n52": 559,
       "ret52_med": 1.1,
       "win52": 0.53,
       "exc52_med": -9.3,
       "mae52_med": -13.5
      },
      "<4%|0.5-0.8": {
       "n": 615,
       "ret26_med": 1.9,
       "exc26_med": -4.9,
       "win26": 0.53,
       "mae26_med": -11.5,
       "ret_over_mae_med": 0.2,
       "ret_over_mae_mean": 0.28,
       "p10_ret26": -28.9,
       "p90_ret26": 38.6,
       "ret26_per_expvol_med": 0.07,
       "exp_vol26_med": 25.8,
       "ret26_riskparity_mean": 5.5,
       "exc26_riskparity_mean": -2.0,
       "n52": 599,
       "ret52_med": 7.6,
       "win52": 0.59,
       "exc52_med": -6.1,
       "mae52_med": -17.0
      },
      "<4%|0.8-1.2 flat": {
       "n": 597,
       "ret26_med": 2.4,
       "exc26_med": -6.0,
       "win26": 0.55,
       "mae26_med": -13.2,
       "ret_over_mae_med": 0.25,
       "ret_over_mae_mean": 1.71,
       "p10_ret26": -32.8,
       "p90_ret26": 47.6,
       "ret26_per_expvol_med": 0.07,
       "exp_vol26_med": 25.6,
       "ret26_riskparity_mean": 5.3,
       "exc26_riskparity_mean": -3.7,
       "n52": 575,
       "ret52_med": 7.6,
       "win52": 0.58,
       "exc52_med": -8.9,
       "mae52_med": -19.1
      },
      "<4%|>1.2 widening": {
       "n": 753,
       "ret26_med": 6.1,
       "exc26_med": -3.2,
       "win26": 0.62,
       "mae26_med": -11.3,
       "ret_over_mae_med": 0.67,
       "ret_over_mae_mean": 0.48,
       "p10_ret26": -29.5,
       "p90_ret26": 43.4,
       "ret26_per_expvol_med": 0.25,
       "exp_vol26_med": 24.6,
       "ret26_riskparity_mean": 6.5,
       "exc26_riskparity_mean": -3.6,
       "n52": 734,
       "ret52_med": 13.8,
       "win52": 0.64,
       "exc52_med": -6.3,
       "mae52_med": -15.1
      },
      "4-7%|<0.5 tight-tail": {
       "n": 3187,
       "ret26_med": 3.4,
       "exc26_med": -4.5,
       "win26": 0.54,
       "mae26_med": -12.2,
       "ret_over_mae_med": 0.27,
       "ret_over_mae_mean": 0.33,
       "p10_ret26": -31.2,
       "p90_ret26": 44.2,
       "ret26_per_expvol_med": 0.09,
       "exp_vol26_med": 28.8,
       "ret26_riskparity_mean": 4.0,
       "exc26_riskparity_mean": -1.8,
       "n52": 3103,
       "ret52_med": 4.9,
       "win52": 0.55,
       "exc52_med": -8.0,
       "mae52_med": -18.7
      },
      "4-7%|0.5-0.8": {
       "n": 2922,
       "ret26_med": 4.3,
       "exc26_med": -3.8,
       "win26": 0.56,
       "mae26_med": -12.9,
       "ret_over_mae_med": 0.39,
       "ret_over_mae_mean": 0.43,
       "p10_ret26": -32.3,
       "p90_ret26": 47.8,
       "ret26_per_expvol_med": 0.14,
       "exp_vol26_med": 30.8,
       "ret26_riskparity_mean": 4.9,
       "exc26_riskparity_mean": -1.4,
       "n52": 2827,
       "ret52_med": 6.2,
       "win52": 0.57,
       "exc52_med": -8.0,
       "mae52_med": -19.4
      },
      "4-7%|0.8-1.2 flat": {
       "n": 2082,
       "ret26_med": 5.4,
       "exc26_med": -4.0,
       "win26": 0.57,
       "mae26_med": -13.2,
       "ret_over_mae_med": 0.44,
       "ret_over_mae_mean": 0.73,
       "p10_ret26": -35.8,
       "p90_ret26": 51.3,
       "ret26_per_expvol_med": 0.15,
       "exp_vol26_med": 30.8,
       "ret26_riskparity_mean": 12.5,
       "exc26_riskparity_mean": 5.6,
       "n52": 2005,
       "ret52_med": 8.6,
       "win52": 0.58,
       "exc52_med": -7.6,
       "mae52_med": -19.3
      },
      "4-7%|>1.2 widening": {
       "n": 1195,
       "ret26_med": 2.9,
       "exc26_med": -6.1,
       "win26": 0.54,
       "mae26_med": -13.9,
       "ret_over_mae_med": 0.2,
       "ret_over_mae_mean": 0.32,
       "p10_ret26": -33.8,
       "p90_ret26": 45.3,
       "ret26_per_expvol_med": 0.1,
       "exp_vol26_med": 29.9,
       "ret26_riskparity_mean": 5.2,
       "exc26_riskparity_mean": -2.3,
       "n52": 1160,
       "ret52_med": 7.7,
       "win52": 0.55,
       "exc52_med": -9.7,
       "mae52_med": -21.7
      },
      "7-10%|<0.5 tight-tail": {
       "n": 1624,
       "ret26_med": 3.8,
       "exc26_med": -3.7,
       "win26": 0.55,
       "mae26_med": -13.1,
       "ret_over_mae_med": 0.34,
       "ret_over_mae_mean": 0.5,
       "p10_ret26": -35.3,
       "p90_ret26": 50.3,
       "ret26_per_expvol_med": 0.11,
       "exp_vol26_med": 33.1,
       "ret26_riskparity_mean": 5.5,
       "exc26_riskparity_mean": 0.2,
       "n52": 1565,
       "ret52_med": 5.1,
       "win52": 0.55,
       "exc52_med": -8.5,
       "mae52_med": -20.5
      },
      "7-10%|0.5-0.8": {
       "n": 959,
       "ret26_med": 2.1,
       "exc26_med": -5.2,
       "win26": 0.52,
       "mae26_med": -14.4,
       "ret_over_mae_med": 0.18,
       "ret_over_mae_mean": 0.3,
       "p10_ret26": -38.4,
       "p90_ret26": 53.0,
       "ret26_per_expvol_med": 0.05,
       "exp_vol26_med": 35.0,
       "ret26_riskparity_mean": 3.7,
       "exc26_riskparity_mean": -1.4,
       "n52": 915,
       "ret52_med": 3.8,
       "win52": 0.54,
       "exc52_med": -10.0,
       "mae52_med": -22.1
      },
      "7-10%|0.8-1.2 flat": {
       "n": 505,
       "ret26_med": 6.2,
       "exc26_med": -4.0,
       "win26": 0.59,
       "mae26_med": -13.8,
       "ret_over_mae_med": 0.54,
       "ret_over_mae_mean": 0.47,
       "p10_ret26": -35.1,
       "p90_ret26": 55.9,
       "ret26_per_expvol_med": 0.16,
       "exp_vol26_med": 35.1,
       "ret26_riskparity_mean": 5.2,
       "exc26_riskparity_mean": -0.4,
       "n52": 482,
       "ret52_med": 6.9,
       "win52": 0.56,
       "exc52_med": -13.4,
       "mae52_med": -23.3
      },
      "7-10%|>1.2 widening": {
       "n": 153,
       "ret26_med": 4.1,
       "exc26_med": -3.0,
       "win26": 0.54,
       "mae26_med": -14.0,
       "ret_over_mae_med": 0.29,
       "ret_over_mae_mean": 0.17,
       "p10_ret26": -51.1,
       "p90_ret26": 58.1,
       "ret26_per_expvol_med": 0.11,
       "exp_vol26_med": 37.0,
       "ret26_riskparity_mean": 2.3,
       "exc26_riskparity_mean": -2.6,
       "n52": 147,
       "ret52_med": 3.5,
       "win52": 0.53,
       "exc52_med": -9.8,
       "mae52_med": -25.3
      },
      "10-15%|<0.5 tight-tail": {
       "n": 237,
       "ret26_med": 7.3,
       "exc26_med": -1.4,
       "win26": 0.6,
       "mae26_med": -10.9,
       "ret_over_mae_med": 0.77,
       "ret_over_mae_mean": 0.51,
       "p10_ret26": -38.4,
       "p90_ret26": 52.0,
       "ret26_per_expvol_med": 0.18,
       "exp_vol26_med": 37.2,
       "ret26_riskparity_mean": 4.8,
       "exc26_riskparity_mean": 0.1,
       "n52": 230,
       "ret52_med": 7.2,
       "win52": 0.57,
       "exc52_med": -9.9,
       "mae52_med": -19.5
      },
      "10-15%|0.5-0.8": {
       "n": 82,
       "ret26_med": 8.9,
       "exc26_med": 1.8,
       "win26": 0.61,
       "mae26_med": -15.8,
       "ret_over_mae_med": 0.72,
       "ret_over_mae_mean": 0.37,
       "p10_ret26": -48.7,
       "p90_ret26": 50.8,
       "ret26_per_expvol_med": 0.32,
       "exp_vol26_med": 35.2,
       "ret26_riskparity_mean": 7.3,
       "exc26_riskparity_mean": 1.7,
       "n52": 80,
       "ret52_med": 10.4,
       "win52": 0.55,
       "exc52_med": -9.1,
       "mae52_med": -18.1
      }
     },
     "by_contraction_x_vol": {
      "<0.5 tight-tail|lowvol": {
       "n": 1733,
       "ret26_med": 5.1,
       "exc26_med": -3.2,
       "win26": 0.57,
       "mae26_med": -10.3,
       "ret_over_mae_med": 0.54,
       "ret_over_mae_mean": 0.4,
       "p10_ret26": -25.2,
       "p90_ret26": 39.3,
       "ret26_per_expvol_med": 0.26,
       "exp_vol26_med": 20.2,
       "ret26_riskparity_mean": 6.1,
       "exc26_riskparity_mean": -2.6,
       "n52": 1675,
       "ret52_med": 9.1,
       "win52": 0.6,
       "exc52_med": -5.4,
       "mae52_med": -14.7
      },
      "<0.5 tight-tail|midvol": {
       "n": 1720,
       "ret26_med": 5.0,
       "exc26_med": -3.3,
       "win26": 0.57,
       "mae26_med": -12.6,
       "ret_over_mae_med": 0.43,
       "ret_over_mae_mean": 0.41,
       "p10_ret26": -31.4,
       "p90_ret26": 47.1,
       "ret26_per_expvol_med": 0.16,
       "exp_vol26_med": 30.3,
       "ret26_riskparity_mean": 4.4,
       "exc26_riskparity_mean": -0.8,
       "n52": 1659,
       "ret52_med": 6.5,
       "win52": 0.57,
       "exc52_med": -8.3,
       "mae52_med": -18.7
      },
      "<0.5 tight-tail|highvol": {
       "n": 1670,
       "ret26_med": -0.1,
       "exc26_med": -6.3,
       "win26": 0.5,
       "mae26_med": -16.4,
       "ret_over_mae_med": -0.01,
       "ret_over_mae_mean": 0.34,
       "p10_ret26": -41.8,
       "p90_ret26": 53.0,
       "ret26_per_expvol_med": -0.0,
       "exp_vol26_med": 46.0,
       "ret26_riskparity_mean": 3.0,
       "exc26_riskparity_mean": 0.0,
       "n52": 1628,
       "ret52_med": -2.9,
       "win52": 0.48,
       "exc52_med": -13.1,
       "mae52_med": -24.8
      },
      "0.5-0.8|lowvol": {
       "n": 1314,
       "ret26_med": 7.4,
       "exc26_med": -2.5,
       "win26": 0.61,
       "mae26_med": -9.9,
       "ret_over_mae_med": 0.82,
       "ret_over_mae_mean": 0.5,
       "p10_ret26": -26.7,
       "p90_ret26": 40.4,
       "ret26_per_expvol_med": 0.37,
       "exp_vol26_med": 20.5,
       "ret26_riskparity_mean": 8.0,
       "exc26_riskparity_mean": -2.1,
       "n52": 1270,
       "ret52_med": 12.0,
       "win52": 0.63,
       "exc52_med": -6.6,
       "mae52_med": -16.3
      },
      "0.5-0.8|midvol": {
       "n": 1425,
       "ret26_med": 3.0,
       "exc26_med": -4.8,
       "win26": 0.54,
       "mae26_med": -13.8,
       "ret_over_mae_med": 0.24,
       "ret_over_mae_mean": 0.37,
       "p10_ret26": -31.5,
       "p90_ret26": 48.0,
       "ret26_per_expvol_med": 0.09,
       "exp_vol26_med": 30.3,
       "ret26_riskparity_mean": 4.3,
       "exc26_riskparity_mean": -1.4,
       "n52": 1369,
       "ret52_med": 7.0,
       "win52": 0.57,
       "exc52_med": -7.8,
       "mae52_med": -19.6
      },
      "0.5-0.8|highvol": {
       "n": 1488,
       "ret26_med": 0.2,
       "exc26_med": -5.8,
       "win26": 0.5,
       "mae26_med": -15.8,
       "ret_over_mae_med": 0.02,
       "ret_over_mae_mean": 0.26,
       "p10_ret26": -40.3,
       "p90_ret26": 55.8,
       "ret26_per_expvol_med": 0.0,
       "exp_vol26_med": 45.9,
       "ret26_riskparity_mean": 2.3,
       "exc26_riskparity_mean": -0.8,
       "n52": 1435,
       "ret52_med": 0.9,
       "win52": 0.5,
       "exc52_med": -10.8,
       "mae52_med": -24.5
      },
      "0.8-1.2 flat|lowvol": {
       "n": 941,
       "ret26_med": 7.1,
       "exc26_med": -4.5,
       "win26": 0.63,
       "mae26_med": -10.3,
       "ret_over_mae_med": 0.69,
       "ret_over_mae_mean": 1.42,
       "p10_ret26": -28.0,
       "p90_ret26": 46.4,
       "ret26_per_expvol_med": 0.38,
       "exp_vol26_med": 20.1,
       "ret26_riskparity_mean": 23.3,
       "exc26_riskparity_mean": 11.1,
       "n52": 909,
       "ret52_med": 15.6,
       "win52": 0.65,
       "exc52_med": -5.5,
       "mae52_med": -14.8
      },
      "0.8-1.2 flat|midvol": {
       "n": 1025,
       "ret26_med": 5.0,
       "exc26_med": -3.7,
       "win26": 0.56,
       "mae26_med": -13.7,
       "ret_over_mae_med": 0.34,
       "ret_over_mae_mean": 0.43,
       "p10_ret26": -33.5,
       "p90_ret26": 50.8,
       "ret26_per_expvol_med": 0.16,
       "exp_vol26_med": 30.1,
       "ret26_riskparity_mean": 5.3,
       "exc26_riskparity_mean": -0.8,
       "n52": 972,
       "ret52_med": 8.5,
       "win52": 0.57,
       "exc52_med": -9.6,
       "mae52_med": -20.8
      },
      "0.8-1.2 flat|highvol": {
       "n": 1046,
       "ret26_med": 1.4,
       "exc26_med": -7.3,
       "win26": 0.52,
       "mae26_med": -17.6,
       "ret_over_mae_med": 0.07,
       "ret_over_mae_mean": 0.26,
       "p10_ret26": -42.6,
       "p90_ret26": 57.1,
       "ret26_per_expvol_med": 0.02,
       "exp_vol26_med": 46.6,
       "ret26_riskparity_mean": 2.8,
       "exc26_riskparity_mean": -0.7,
       "n52": 1009,
       "ret52_med": 0.6,
       "win52": 0.51,
       "exc52_med": -12.8,
       "mae52_med": -25.6
      },
      ">1.2 widening|lowvol": {
       "n": 793,
       "ret26_med": 6.4,
       "exc26_med": -4.6,
       "win26": 0.62,
       "mae26_med": -10.5,
       "ret_over_mae_med": 0.68,
       "ret_over_mae_mean": 0.46,
       "p10_ret26": -29.1,
       "p90_ret26": 39.8,
       "ret26_per_expvol_med": 0.33,
       "exp_vol26_med": 19.6,
       "ret26_riskparity_mean": 7.9,
       "exc26_riskparity_mean": -5.3,
       "n52": 773,
       "ret52_med": 14.1,
       "win52": 0.63,
       "exc52_med": -7.3,
       "mae52_med": -15.6
      },
      ">1.2 widening|midvol": {
       "n": 611,
       "ret26_med": 4.8,
       "exc26_med": -4.9,
       "win26": 0.56,
       "mae26_med": -13.5,
       "ret_over_mae_med": 0.43,
       "ret_over_mae_mean": 0.41,
       "p10_ret26": -34.0,
       "p90_ret26": 47.6,
       "ret26_per_expvol_med": 0.17,
       "exp_vol26_med": 30.4,
       "ret26_riskparity_mean": 4.9,
       "exc26_riskparity_mean": -1.4,
       "n52": 587,
       "ret52_med": 8.9,
       "win52": 0.57,
       "exc52_med": -9.7,
       "mae52_med": -21.6
      },
      ">1.2 widening|highvol": {
       "n": 571,
       "ret26_med": 1.0,
       "exc26_med": -6.0,
       "win26": 0.51,
       "mae26_med": -17.3,
       "ret_over_mae_med": 0.04,
       "ret_over_mae_mean": 0.24,
       "p10_ret26": -38.9,
       "p90_ret26": 53.7,
       "ret26_per_expvol_med": 0.01,
       "exp_vol26_med": 46.5,
       "ret26_riskparity_mean": 2.6,
       "exc26_riskparity_mean": -0.6,
       "n52": 556,
       "ret52_med": 4.6,
       "win52": 0.54,
       "exc52_med": -8.2,
       "mae52_med": -24.9
      }
     },
     "by_contraction_x_dry": {
      "<0.5 tight-tail|<0.6 dry": {
       "n": 305,
       "ret26_med": -1.6,
       "exc26_med": -7.1,
       "win26": 0.47,
       "mae26_med": -15.0,
       "ret_over_mae_med": -0.12,
       "ret_over_mae_mean": -0.1,
       "p10_ret26": -41.8,
       "p90_ret26": 36.0,
       "ret26_per_expvol_med": -0.02,
       "exp_vol26_med": 34.7,
       "ret26_riskparity_mean": 0.3,
       "exc26_riskparity_mean": -3.2,
       "n52": 301,
       "ret52_med": -3.1,
       "win52": 0.47,
       "exc52_med": -14.3,
       "mae52_med": -21.5
      },
      "<0.5 tight-tail|0.6-0.9": {
       "n": 2328,
       "ret26_med": 3.8,
       "exc26_med": -3.9,
       "win26": 0.55,
       "mae26_med": -11.9,
       "ret_over_mae_med": 0.32,
       "ret_over_mae_mean": 0.5,
       "p10_ret26": -32.6,
       "p90_ret26": 47.1,
       "ret26_per_expvol_med": 0.1,
       "exp_vol26_med": 31.6,
       "ret26_riskparity_mean": 5.6,
       "exc26_riskparity_mean": 0.3,
       "n52": 2269,
       "ret52_med": 4.4,
       "win52": 0.54,
       "exc52_med": -7.6,
       "mae52_med": -19.3
      },
      "<0.5 tight-tail|0.9-1.2": {
       "n": 2251,
       "ret26_med": 3.8,
       "exc26_med": -3.7,
       "win26": 0.56,
       "mae26_med": -11.6,
       "ret_over_mae_med": 0.44,
       "ret_over_mae_mean": 0.4,
       "p10_ret26": -29.7,
       "p90_ret26": 45.9,
       "ret26_per_expvol_med": 0.13,
       "exp_vol26_med": 29.5,
       "ret26_riskparity_mean": 4.5,
       "exc26_riskparity_mean": -1.5,
       "n52": 2167,
       "ret52_med": 6.8,
       "win52": 0.57,
       "exc52_med": -6.7,
       "mae52_med": -16.9
      },
      "<0.5 tight-tail|>1.2 rising": {
       "n": 736,
       "ret26_med": 3.8,
       "exc26_med": -5.0,
       "win26": 0.55,
       "mae26_med": -12.9,
       "ret_over_mae_med": 0.37,
       "ret_over_mae_mean": 49.88,
       "p10_ret26": -32.9,
       "p90_ret26": 38.2,
       "ret26_per_expvol_med": 0.14,
       "exp_vol26_med": 27.1,
       "ret26_riskparity_mean": 2.4,
       "exc26_riskparity_mean": -4.2,
       "n52": 720,
       "ret52_med": 1.1,
       "win52": 0.52,
       "exc52_med": -12.6,
       "mae52_med": -19.1
      },
      "0.5-0.8|<0.6 dry": {
       "n": 189,
       "ret26_med": 3.1,
       "exc26_med": -5.2,
       "win26": 0.55,
       "mae26_med": -12.7,
       "ret_over_mae_med": 0.35,
       "ret_over_mae_mean": 0.41,
       "p10_ret26": -37.2,
       "p90_ret26": 59.7,
       "ret26_per_expvol_med": 0.1,
       "exp_vol26_med": 36.6,
       "ret26_riskparity_mean": 6.2,
       "exc26_riskparity_mean": 0.9,
       "n52": 188,
       "ret52_med": 1.4,
       "win52": 0.53,
       "exc52_med": -9.9,
       "mae52_med": -20.0
      },
      "0.5-0.8|0.6-0.9": {
       "n": 1821,
       "ret26_med": 3.0,
       "exc26_med": -4.9,
       "win26": 0.54,
       "mae26_med": -13.7,
       "ret_over_mae_med": 0.27,
       "ret_over_mae_mean": 0.35,
       "p10_ret26": -34.3,
       "p90_ret26": 49.5,
       "ret26_per_expvol_med": 0.08,
       "exp_vol26_med": 33.0,
       "ret26_riskparity_mean": 5.2,
       "exc26_riskparity_mean": -0.7,
       "n52": 1757,
       "ret52_med": 6.5,
       "win52": 0.56,
       "exc52_med": -8.8,
       "mae52_med": -21.1
      },
      "0.5-0.8|0.9-1.2": {
       "n": 1962,
       "ret26_med": 3.9,
       "exc26_med": -3.8,
       "win26": 0.55,
       "mae26_med": -13.2,
       "ret_over_mae_med": 0.34,
       "ret_over_mae_mean": 0.39,
       "p10_ret26": -32.7,
       "p90_ret26": 46.9,
       "ret26_per_expvol_med": 0.12,
       "exp_vol26_med": 29.6,
       "ret26_riskparity_mean": 4.3,
       "exc26_riskparity_mean": -2.0,
       "n52": 1889,
       "ret52_med": 5.5,
       "win52": 0.56,
       "exc52_med": -9.1,
       "mae52_med": -19.6
      },
      "0.5-0.8|>1.2 rising": {
       "n": 606,
       "ret26_med": 5.1,
       "exc26_med": -3.1,
       "win26": 0.57,
       "mae26_med": -10.8,
       "ret_over_mae_med": 0.54,
       "ret_over_mae_mean": 0.42,
       "p10_ret26": -30.1,
       "p90_ret26": 43.4,
       "ret26_per_expvol_med": 0.21,
       "exp_vol26_med": 28.6,
       "ret26_riskparity_mean": 4.7,
       "exc26_riskparity_mean": -2.6,
       "n52": 587,
       "ret52_med": 10.3,
       "win52": 0.6,
       "exc52_med": -5.5,
       "mae52_med": -15.9
      },
      "0.8-1.2 flat|<0.6 dry": {
       "n": 109,
       "ret26_med": 1.6,
       "exc26_med": -4.6,
       "win26": 0.53,
       "mae26_med": -14.0,
       "ret_over_mae_med": 0.09,
       "ret_over_mae_mean": 0.33,
       "p10_ret26": -33.9,
       "p90_ret26": 50.1,
       "ret26_per_expvol_med": -0.05,
       "exp_vol26_med": 35.0,
       "ret26_riskparity_mean": 1.2,
       "exc26_riskparity_mean": -3.6,
       "n52": 106,
       "ret52_med": 20.8,
       "win52": 0.61,
       "exc52_med": -2.1,
       "mae52_med": -20.3
      },
      "0.8-1.2 flat|0.6-0.9": {
       "n": 1159,
       "ret26_med": 3.1,
       "exc26_med": -4.6,
       "win26": 0.55,
       "mae26_med": -13.2,
       "ret_over_mae_med": 0.27,
       "ret_over_mae_mean": 0.35,
       "p10_ret26": -38.2,
       "p90_ret26": 53.9,
       "ret26_per_expvol_med": 0.09,
       "exp_vol26_med": 31.8,
       "ret26_riskparity_mean": 5.5,
       "exc26_riskparity_mean": -1.0,
       "n52": 1131,
       "ret52_med": 5.6,
       "win52": 0.56,
       "exc52_med": -9.1,
       "mae52_med": -20.0
      },
      "0.8-1.2 flat|0.9-1.2": {
       "n": 1420,
       "ret26_med": 6.1,
       "exc26_med": -4.0,
       "win26": 0.59,
       "mae26_med": -13.1,
       "ret_over_mae_med": 0.54,
       "ret_over_mae_mean": 1.53,
       "p10_ret26": -33.4,
       "p90_ret26": 50.7,
       "ret26_per_expvol_med": 0.19,
       "exp_vol26_med": 30.1,
       "ret26_riskparity_mean": 16.4,
       "exc26_riskparity_mean": 9.3,
       "n52": 1349,
       "ret52_med": 9.7,
       "win52": 0.58,
       "exc52_med": -7.6,
       "mae52_med": -19.1
      },
      "0.8-1.2 flat|>1.2 rising": {
       "n": 525,
       "ret26_med": 4.7,
       "exc26_med": -5.9,
       "win26": 0.57,
       "mae26_med": -13.9,
       "ret_over_mae_med": 0.35,
       "ret_over_mae_mean": 0.37,
       "p10_ret26": -31.0,
       "p90_ret26": 49.4,
       "ret26_per_expvol_med": 0.16,
       "exp_vol26_med": 28.9,
       "ret26_riskparity_mean": 4.4,
       "exc26_riskparity_mean": -4.3,
       "n52": 504,
       "ret52_med": 8.5,
       "win52": 0.59,
       "exc52_med": -10.5,
       "mae52_med": -21.1
      },
      ">1.2 widening|<0.6 dry": {
       "n": 59,
       "ret26_med": -3.4,
       "exc26_med": -3.4,
       "win26": 0.46,
       "mae26_med": -12.5,
       "ret_over_mae_med": -0.25,
       "ret_over_mae_mean": 0.03,
       "p10_ret26": -40.6,
       "p90_ret26": 30.0,
       "ret26_per_expvol_med": -0.11,
       "exp_vol26_med": 29.8,
       "ret26_riskparity_mean": 4.4,
       "exc26_riskparity_mean": -2.2,
       "n52": 58,
       "ret52_med": 3.6,
       "win52": 0.52,
       "exc52_med": -6.5,
       "mae52_med": -20.4
      },
      ">1.2 widening|0.6-0.9": {
       "n": 623,
       "ret26_med": 8.1,
       "exc26_med": -1.0,
       "win26": 0.6,
       "mae26_med": -12.0,
       "ret_over_mae_med": 0.81,
       "ret_over_mae_mean": 0.49,
       "p10_ret26": -33.6,
       "p90_ret26": 48.2,
       "ret26_per_expvol_med": 0.28,
       "exp_vol26_med": 30.3,
       "ret26_riskparity_mean": 7.1,
       "exc26_riskparity_mean": 0.4,
       "n52": 603,
       "ret52_med": 9.0,
       "win52": 0.58,
       "exc52_med": -6.0,
       "mae52_med": -18.2
      },
      ">1.2 widening|0.9-1.2": {
       "n": 950,
       "ret26_med": 3.3,
       "exc26_med": -5.0,
       "win26": 0.55,
       "mae26_med": -13.9,
       "ret_over_mae_med": 0.32,
       "ret_over_mae_mean": 0.29,
       "p10_ret26": -34.8,
       "p90_ret26": 45.2,
       "ret26_per_expvol_med": 0.12,
       "exp_vol26_med": 29.0,
       "ret26_riskparity_mean": 4.4,
       "exc26_riskparity_mean": -3.3,
       "n52": 923,
       "ret52_med": 9.8,
       "win52": 0.58,
       "exc52_med": -8.0,
       "mae52_med": -20.4
      },
      ">1.2 widening|>1.2 rising": {
       "n": 473,
       "ret26_med": 3.4,
       "exc26_med": -8.4,
       "win26": 0.56,
       "mae26_med": -12.3,
       "ret_over_mae_med": 0.29,
       "ret_over_mae_mean": 0.36,
       "p10_ret26": -30.7,
       "p90_ret26": 39.8,
       "ret26_per_expvol_med": 0.17,
       "exp_vol26_med": 25.8,
       "ret26_riskparity_mean": 5.4,
       "exc26_riskparity_mean": -6.1,
       "n52": 461,
       "ret52_med": 11.0,
       "win52": 0.6,
       "exc52_med": -11.3,
       "mae52_med": -18.3
      }
     },
     "vcp": {
      "n": 4384,
      "ret26_med": 2.5,
      "exc26_med": -5.0,
      "win26": 0.53,
      "mae26_med": -13.1,
      "ret_over_mae_med": 0.21,
      "ret_over_mae_mean": 0.38,
      "p10_ret26": -34.5,
      "p90_ret26": 47.9,
      "ret26_per_expvol_med": 0.07,
      "exp_vol26_med": 32.8,
      "ret26_riskparity_mean": 5.0,
      "exc26_riskparity_mean": -0.4,
      "n52": 4265,
      "ret52_med": 4.3,
      "win52": 0.54,
      "exc52_med": -8.8,
      "mae52_med": -20.3
     },
     "vcp_listed_lowvol": {
      "n": 712,
      "ret26_med": 8.9,
      "exc26_med": -0.1,
      "win26": 0.61,
      "mae26_med": -9.2,
      "ret_over_mae_med": 1.05,
      "ret_over_mae_mean": 0.65,
      "p10_ret26": -25.1,
      "p90_ret26": 45.1,
      "ret26_per_expvol_med": 0.42,
      "exp_vol26_med": 20.3,
      "ret26_riskparity_mean": 10.1,
      "exc26_riskparity_mean": 0.6,
      "n52": 684,
      "ret52_med": 13.7,
      "win52": 0.62,
      "exc52_med": -3.9,
      "mae52_med": -13.8
     },
     "vcp_x_tightness": {
      "<4%": {
       "n": 567,
       "ret26_med": 3.2,
       "exc26_med": -4.0,
       "win26": 0.57,
       "mae26_med": -11.2,
       "ret_over_mae_med": 0.4,
       "ret_over_mae_mean": 0.26,
       "p10_ret26": -31.5,
       "p90_ret26": 39.3,
       "ret26_per_expvol_med": 0.15,
       "exp_vol26_med": 26.8,
       "ret26_riskparity_mean": 5.4,
       "exc26_riskparity_mean": -1.1,
       "n52": 551,
       "ret52_med": 7.3,
       "win52": 0.58,
       "exc52_med": -5.6,
       "mae52_med": -15.2
      },
      "4-7%": {
       "n": 2621,
       "ret26_med": 2.6,
       "exc26_med": -4.8,
       "win26": 0.53,
       "mae26_med": -13.0,
       "ret_over_mae_med": 0.19,
       "ret_over_mae_mean": 0.35,
       "p10_ret26": -33.5,
       "p90_ret26": 47.6,
       "ret26_per_expvol_med": 0.07,
       "exp_vol26_med": 32.2,
       "ret26_riskparity_mean": 4.7,
       "exc26_riskparity_mean": -0.7,
       "n52": 2561,
       "ret52_med": 3.4,
       "win52": 0.54,
       "exc52_med": -9.2,
       "mae52_med": -20.8
      },
      "7-10%": {
       "n": 1093,
       "ret26_med": 1.7,
       "exc26_med": -5.8,
       "win26": 0.52,
       "mae26_med": -13.8,
       "ret_over_mae_med": 0.14,
       "ret_over_mae_mean": 0.51,
       "p10_ret26": -39.2,
       "p90_ret26": 53.0,
       "ret26_per_expvol_med": 0.03,
       "exp_vol26_med": 36.4,
       "ret26_riskparity_mean": 5.5,
       "exc26_riskparity_mean": 0.7,
       "n52": 1053,
       "ret52_med": 3.9,
       "win52": 0.53,
       "exc52_med": -10.3,
       "mae52_med": -21.8
      },
      "10-15%": {
       "n": 103,
       "ret26_med": 5.0,
       "exc26_med": -4.4,
       "win26": 0.53,
       "mae26_med": -16.5,
       "ret_over_mae_med": 0.23,
       "ret_over_mae_mean": 0.25,
       "p10_ret26": -48.9,
       "p90_ret26": 61.5,
       "ret26_per_expvol_med": 0.08,
       "exp_vol26_med": 37.7,
       "ret26_riskparity_mean": 3.4,
       "exc26_riskparity_mean": -0.9,
       "n52": 100,
       "ret52_med": 6.7,
       "win52": 0.57,
       "exc52_med": -9.6,
       "mae52_med": -21.7
      }
     }
    },
    "spy_up": {
     "n": 11323,
     "ret13_med": 1.1,
     "ret26_med": 1.1,
     "exc26_med": -5.1,
     "win26": 0.52,
     "mae26_med": -13.7,
     "ret26_mean": 63.0,
     "next_break": {
      "DOWN": 0.69,
      "UP": 0.17,
      "NONE": 0.14
     },
     "wk_to_break_med": 4.0
    },
    "spy_down": {
     "n": 4193,
     "ret13_med": 6.9,
     "ret26_med": 11.2,
     "exc26_med": -2.1,
     "win26": 0.66,
     "mae26_med": -10.3,
     "ret26_mean": 12.9,
     "next_break": {
      "DOWN": 0.65,
      "UP": 0.18,
      "NONE": 0.17
     },
     "wk_to_break_med": 3.0
    },
    "spring": {
     "n": 2301,
     "ret13_med": 3.4,
     "ret26_med": 5.0,
     "exc26_med": -4.5,
     "win26": 0.56,
     "mae26_med": -13.7,
     "ret26_mean": 8.9,
     "next_break": {
      "DOWN": 0.69,
      "UP": 0.2,
      "NONE": 0.11
     },
     "wk_to_break_med": 4.0
    },
    "no_spring": {
     "n": 13215,
     "ret13_med": 2.7,
     "ret26_med": 3.9,
     "exc26_med": -4.3,
     "win26": 0.56,
     "mae26_med": -12.6,
     "ret26_mean": 56.5,
     "next_break": {
      "DOWN": 0.68,
      "UP": 0.17,
      "NONE": 0.15
     },
     "wk_to_break_med": 4.0
    },
    "by_tightness": {
     "<4%": {
      "n": 2537,
      "ret13_med": 2.9,
      "ret26_med": 3.7,
      "exc26_med": -4.6,
      "win26": 0.57,
      "mae26_med": -11.2,
      "ret26_mean": 261.6,
      "next_break": {
       "DOWN": 0.68,
       "NONE": 0.16,
       "UP": 0.16
      },
      "wk_to_break_med": 4.0
     },
     "4-7%": {
      "n": 9386,
      "ret13_med": 2.9,
      "ret26_med": 4.1,
      "exc26_med": -4.4,
      "win26": 0.55,
      "mae26_med": -12.9,
      "ret26_mean": 8.1,
      "next_break": {
       "DOWN": 0.68,
       "UP": 0.17,
       "NONE": 0.15
      },
      "wk_to_break_med": 4.0
     },
     "7-10%": {
      "n": 3241,
      "ret13_med": 2.5,
      "ret26_med": 3.6,
      "exc26_med": -4.4,
      "win26": 0.55,
      "mae26_med": -13.7,
      "ret26_mean": 7.8,
      "next_break": {
       "DOWN": 0.7,
       "UP": 0.18,
       "NONE": 0.13
      },
      "wk_to_break_med": 4.0
     },
     "10-15%": {
      "n": 352,
      "ret13_med": 3.6,
      "ret26_med": 7.4,
      "exc26_med": -1.4,
      "win26": 0.59,
      "mae26_med": -12.3,
      "ret26_mean": 8.7,
      "next_break": {
       "DOWN": 0.68,
       "UP": 0.2,
       "NONE": 0.12
      },
      "wk_to_break_med": 4.0
     }
    },
    "by_tightness_x_vol": {
     "<4%|lowvol": {
      "n": 1050,
      "ret26_med": 6.0,
      "exc26_med": -4.1
     },
     "<4%|midvol": {
      "n": 650,
      "ret26_med": 3.3,
      "exc26_med": -4.2
     },
     "<4%|highvol": {
      "n": 450,
      "ret26_med": -1.0,
      "exc26_med": -5.0
     },
     "4-7%|lowvol": {
      "n": 2969,
      "ret26_med": 6.3,
      "exc26_med": -3.8
     },
     "4-7%|midvol": {
      "n": 2953,
      "ret26_med": 4.5,
      "exc26_med": -4.2
     },
     "4-7%|highvol": {
      "n": 2846,
      "ret26_med": 0.6,
      "exc26_med": -6.0
     },
     "7-10%|lowvol": {
      "n": 709,
      "ret26_med": 7.2,
      "exc26_med": -0.3
     },
     "7-10%|midvol": {
      "n": 1069,
      "ret26_med": 4.2,
      "exc26_med": -4.3
     },
     "7-10%|highvol": {
      "n": 1308,
      "ret26_med": 0.2,
      "exc26_med": -7.6
     },
     "10-15%|lowvol": {
      "n": 53,
      "ret26_med": 11.2,
      "exc26_med": -1.4
     },
     "10-15%|midvol": {
      "n": 109,
      "ret26_med": 8.1,
      "exc26_med": 1.6
     },
     "10-15%|highvol": {
      "n": 171,
      "ret26_med": 5.2,
      "exc26_med": -3.7
     }
    },
    "mad_med_q": {
     "0.25": 0.045,
     "0.5": 0.056,
     "0.75": 0.069
    },
    "by_year": {
     "2009": {
      "n": 269,
      "ret26_med": 15.9,
      "exc26_med": 4.8
     },
     "2010": {
      "n": 920,
      "ret26_med": 18.2,
      "exc26_med": 4.4
     },
     "2011": {
      "n": 1002,
      "ret26_med": 0.3,
      "exc26_med": -6.5
     },
     "2012": {
      "n": 926,
      "ret26_med": 9.1,
      "exc26_med": 0.1
     },
     "2013": {
      "n": 463,
      "ret26_med": 9.2,
      "exc26_med": -1.9
     },
     "2014": {
      "n": 888,
      "ret26_med": -0.2,
      "exc26_med": -6.4
     },
     "2015": {
      "n": 992,
      "ret26_med": -9.9,
      "exc26_med": -9.0
     },
     "2016": {
      "n": 869,
      "ret26_med": 16.7,
      "exc26_med": 5.1
     },
     "2017": {
      "n": 695,
      "ret26_med": 3.7,
      "exc26_med": -4.8
     },
     "2018": {
      "n": 1181,
      "ret26_med": 0.6,
      "exc26_med": -6.6
     },
     "2019": {
      "n": 880,
      "ret26_med": 0.6,
      "exc26_med": -9.1
     },
     "2020": {
      "n": 894,
      "ret26_med": 19.7,
      "exc26_med": -0.8
     },
     "2021": {
      "n": 1028,
      "ret26_med": -5.1,
      "exc26_med": -9.4
     },
     "2022": {
      "n": 1164,
      "ret26_med": 0.6,
      "exc26_med": 1.6
     },
     "2023": {
      "n": 1249,
      "ret26_med": 4.6,
      "exc26_med": -9.5
     },
     "2024": {
      "n": 849,
      "ret26_med": -0.9,
      "exc26_med": -8.9
     },
     "2025": {
      "n": 1026,
      "ret26_med": 6.0,
      "exc26_med": -8.6
     },
     "2026": {
      "n": 221,
      "ret26_med": 5.6,
      "exc26_med": -6.9
     }
    }
   },
   "COMP": {
    "all": {
     "n": 19373,
     "ret13_med": 1.6,
     "ret26_med": 2.5,
     "exc26_med": -3.8,
     "win26": 0.55,
     "mae26_med": -10.3,
     "ret26_mean": 4.8,
     "next_break": {
      "UP": 0.81,
      "NONE": 0.1,
      "DOWN": 0.09
     },
     "wk_to_break_med": 2.0
    },
    "listed_only": {
     "n": 12444,
     "ret13_med": 1.7,
     "ret26_med": 2.9,
     "exc26_med": -3.9,
     "win26": 0.55,
     "mae26_med": -10.3,
     "ret26_mean": 4.8,
     "next_break": {
      "UP": 0.83,
      "DOWN": 0.09,
      "NONE": 0.09
     },
     "wk_to_break_med": 2.0
    },
    "v06": {
     "flatline_excluded": 23,
     "contr8_q": {
      "0.25": 0.38,
      "0.5": 0.62,
      "0.75": 0.95
     },
     "vol_dry8_q": {
      "0.25": 0.85,
      "0.5": 0.98,
      "0.75": 1.16
     },
     "rel_tight_q": {
      "0.25": 0.69,
      "0.5": 0.98,
      "0.75": 1.35
     },
     "by_contraction": {
      "<0.5 tight-tail": {
       "n": 7505,
       "ret26_med": 2.5,
       "exc26_med": -3.8,
       "win26": 0.55,
       "mae26_med": -9.7,
       "ret_over_mae_med": 0.32,
       "ret_over_mae_mean": 0.32,
       "p10_ret26": -25.8,
       "p90_ret26": 33.6,
       "ret26_per_expvol_med": 0.09,
       "exp_vol26_med": 26.2,
       "ret26_riskparity_mean": 3.9,
       "exc26_riskparity_mean": -1.3,
       "n52": 7301,
       "ret52_med": 5.7,
       "win52": 0.58,
       "exc52_med": -6.7,
       "mae52_med": -14.9
      },
      "0.5-0.8": {
       "n": 5304,
       "ret26_med": 2.8,
       "exc26_med": -3.7,
       "win26": 0.55,
       "mae26_med": -10.6,
       "ret_over_mae_med": 0.33,
       "ret_over_mae_mean": 0.38,
       "p10_ret26": -28.4,
       "p90_ret26": 37.7,
       "ret26_per_expvol_med": 0.09,
       "exp_vol26_med": 28.4,
       "ret26_riskparity_mean": 4.5,
       "exc26_riskparity_mean": -0.5,
       "n52": 5165,
       "ret52_med": 5.6,
       "win52": 0.57,
       "exc52_med": -7.5,
       "mae52_med": -15.5
      },
      "0.8-1.2 flat": {
       "n": 3776,
       "ret26_med": 2.5,
       "exc26_med": -3.7,
       "win26": 0.54,
       "mae26_med": -10.6,
       "ret_over_mae_med": 0.27,
       "ret_over_mae_mean": 0.27,
       "p10_ret26": -29.2,
       "p90_ret26": 38.0,
       "ret26_per_expvol_med": 0.08,
       "exp_vol26_med": 29.1,
       "ret26_riskparity_mean": 3.4,
       "exc26_riskparity_mean": -1.6,
       "n52": 3667,
       "ret52_med": 4.0,
       "win52": 0.55,
       "exc52_med": -8.4,
       "mae52_med": -16.4
      },
      ">1.2 widening": {
       "n": 2788,
       "ret26_med": 2.0,
       "exc26_med": -4.1,
       "win26": 0.54,
       "mae26_med": -11.2,
       "ret_over_mae_med": 0.23,
       "ret_over_mae_mean": 0.31,
       "p10_ret26": -26.6,
       "p90_ret26": 38.1,
       "ret26_per_expvol_med": 0.07,
       "exp_vol26_med": 28.8,
       "ret26_riskparity_mean": 3.3,
       "exc26_riskparity_mean": -2.1,
       "n52": 2704,
       "ret52_med": 6.7,
       "win52": 0.58,
       "exc52_med": -6.1,
       "mae52_med": -14.9
      }
     },
     "by_vol_dry": {
      "<0.6 dry": {
       "n": 531,
       "ret26_med": 0.5,
       "exc26_med": -5.0,
       "win26": 0.52,
       "mae26_med": -11.5,
       "ret_over_mae_med": 0.07,
       "ret_over_mae_mean": 0.13,
       "p10_ret26": -31.0,
       "p90_ret26": 34.6,
       "ret26_per_expvol_med": 0.01,
       "exp_vol26_med": 31.1,
       "ret26_riskparity_mean": 2.0,
       "exc26_riskparity_mean": -2.4,
       "n52": 521,
       "ret52_med": 0.5,
       "win52": 0.51,
       "exc52_med": -11.5,
       "mae52_med": -17.6
      },
      "0.6-0.9": {
       "n": 6361,
       "ret26_med": 2.8,
       "exc26_med": -3.8,
       "win26": 0.55,
       "mae26_med": -10.5,
       "ret_over_mae_med": 0.31,
       "ret_over_mae_mean": 0.31,
       "p10_ret26": -27.0,
       "p90_ret26": 37.2,
       "ret26_per_expvol_med": 0.09,
       "exp_vol26_med": 28.9,
       "ret26_riskparity_mean": 3.6,
       "exc26_riskparity_mean": -1.6,
       "n52": 6257,
       "ret52_med": 6.0,
       "win52": 0.58,
       "exc52_med": -7.0,
       "mae52_med": -15.7
      },
      "0.9-1.2": {
       "n": 8443,
       "ret26_med": 2.5,
       "exc26_med": -3.9,
       "win26": 0.55,
       "mae26_med": -10.3,
       "ret_over_mae_med": 0.28,
       "ret_over_mae_mean": 0.36,
       "p10_ret26": -27.4,
       "p90_ret26": 35.7,
       "ret26_per_expvol_med": 0.09,
       "exp_vol26_med": 27.5,
       "ret26_riskparity_mean": 4.4,
       "exc26_riskparity_mean": -0.8,
       "n52": 8199,
       "ret52_med": 5.8,
       "win52": 0.57,
       "exc52_med": -7.4,
       "mae52_med": -15.6
      },
      ">1.2 rising": {
       "n": 4038,
       "ret26_med": 2.4,
       "exc26_med": -3.2,
       "win26": 0.55,
       "mae26_med": -9.6,
       "ret_over_mae_med": 0.34,
       "ret_over_mae_mean": 0.29,
       "p10_ret26": -27.1,
       "p90_ret26": 35.9,
       "ret26_per_expvol_med": 0.09,
       "exp_vol26_med": 25.9,
       "ret26_riskparity_mean": 3.5,
       "exc26_riskparity_mean": -1.7,
       "n52": 3860,
       "ret52_med": 4.8,
       "win52": 0.58,
       "exc52_med": -6.2,
       "mae52_med": -14.1
      }
     },
     "by_rel_tight": {
      "rel-tight": {
       "n": 5969,
       "ret26_med": 0.8,
       "exc26_med": -4.3,
       "win26": 0.52,
       "mae26_med": -12.1,
       "ret_over_mae_med": 0.11,
       "ret_over_mae_mean": 0.25,
       "p10_ret26": -30.7,
       "p90_ret26": 39.6,
       "ret26_per_expvol_med": 0.02,
       "exp_vol26_med": 41.1,
       "ret26_riskparity_mean": 2.2,
       "exc26_riskparity_mean": -0.9,
       "n52": 5824,
       "ret52_med": 2.4,
       "win52": 0.53,
       "exc52_med": -8.2,
       "mae52_med": -18.5
      },
      "rel-mid": {
       "n": 5969,
       "ret26_med": 2.6,
       "exc26_med": -4.1,
       "win26": 0.55,
       "mae26_med": -10.5,
       "ret_over_mae_med": 0.3,
       "ret_over_mae_mean": 0.33,
       "p10_ret26": -27.1,
       "p90_ret26": 37.8,
       "ret26_per_expvol_med": 0.1,
       "exp_vol26_med": 27.8,
       "ret26_riskparity_mean": 3.7,
       "exc26_riskparity_mean": -1.5,
       "n52": 5783,
       "ret52_med": 5.4,
       "win52": 0.57,
       "exc52_med": -8.0,
       "mae52_med": -15.6
      },
      "rel-loose": {
       "n": 5969,
       "ret26_med": 3.7,
       "exc26_med": -3.2,
       "win26": 0.58,
       "mae26_med": -9.1,
       "ret_over_mae_med": 0.48,
       "ret_over_mae_mean": 0.42,
       "p10_ret26": -23.4,
       "p90_ret26": 31.7,
       "ret26_per_expvol_med": 0.19,
       "exp_vol26_med": 19.8,
       "ret26_riskparity_mean": 5.8,
       "exc26_riskparity_mean": -1.4,
       "n52": 5775,
       "ret52_med": 7.7,
       "win52": 0.61,
       "exc52_med": -6.3,
       "mae52_med": -13.1
      }
     },
     "by_tightness_risk": {
      "<4%": {
       "n": 3756,
       "ret26_med": 3.1,
       "exc26_med": -2.7,
       "win26": 0.57,
       "mae26_med": -8.1,
       "ret_over_mae_med": 0.5,
       "ret_over_mae_mean": 0.37,
       "p10_ret26": -22.6,
       "p90_ret26": 31.9,
       "ret26_per_expvol_med": 0.12,
       "exp_vol26_med": 24.4,
       "ret26_riskparity_mean": 3.9,
       "exc26_riskparity_mean": -1.8,
       "n52": 3650,
       "ret52_med": 5.1,
       "win52": 0.59,
       "exc52_med": -6.3,
       "mae52_med": -11.7
      },
      "4-7%": {
       "n": 12028,
       "ret26_med": 2.6,
       "exc26_med": -4.0,
       "win26": 0.55,
       "mae26_med": -10.4,
       "ret_over_mae_med": 0.28,
       "ret_over_mae_mean": 0.33,
       "p10_ret26": -27.1,
       "p90_ret26": 36.3,
       "ret26_per_expvol_med": 0.09,
       "exp_vol26_med": 27.7,
       "ret26_riskparity_mean": 4.1,
       "exc26_riskparity_mean": -1.1,
       "n52": 11675,
       "ret52_med": 5.8,
       "win52": 0.57,
       "exc52_med": -7.1,
       "mae52_med": -15.7
      },
      "7-10%": {
       "n": 3326,
       "ret26_med": 1.6,
       "exc26_med": -4.9,
       "win26": 0.53,
       "mae26_med": -12.4,
       "ret_over_mae_med": 0.13,
       "ret_over_mae_mean": 0.28,
       "p10_ret26": -31.8,
       "p90_ret26": 40.6,
       "ret26_per_expvol_med": 0.05,
       "exp_vol26_med": 30.8,
       "ret26_riskparity_mean": 3.3,
       "exc26_riskparity_mean": -1.3,
       "n52": 3255,
       "ret52_med": 5.2,
       "win52": 0.56,
       "exc52_med": -8.2,
       "mae52_med": -18.4
      },
      "10-15%": {
       "n": 263,
       "ret26_med": 1.3,
       "exc26_med": -5.3,
       "win26": 0.53,
       "mae26_med": -14.2,
       "ret_over_mae_med": 0.21,
       "ret_over_mae_mean": 0.17,
       "p10_ret26": -31.2,
       "p90_ret26": 42.1,
       "ret26_per_expvol_med": 0.04,
       "exp_vol26_med": 33.6,
       "ret26_riskparity_mean": 2.2,
       "exc26_riskparity_mean": -1.8,
       "n52": 257,
       "ret52_med": 1.7,
       "win52": 0.54,
       "exc52_med": -13.0,
       "mae52_med": -19.4
      }
     },
     "by_tightness_x_contraction": {
      "<4%|<0.5 tight-tail": {
       "n": 784,
       "ret26_med": 2.5,
       "exc26_med": -2.6,
       "win26": 0.59,
       "mae26_med": -6.1,
       "ret_over_mae_med": 0.53,
       "ret_over_mae_mean": 0.26,
       "p10_ret26": -22.3,
       "p90_ret26": 25.9,
       "ret26_per_expvol_med": 0.11,
       "exp_vol26_med": 22.4,
       "ret26_riskparity_mean": 3.1,
       "exc26_riskparity_mean": -3.1,
       "n52": 766,
       "ret52_med": 3.5,
       "win52": 0.6,
       "exc52_med": -7.5,
       "mae52_med": -9.9
      },
      "<4%|0.5-0.8": {
       "n": 914,
       "ret26_med": 4.2,
       "exc26_med": -1.8,
       "win26": 0.6,
       "mae26_med": -7.8,
       "ret_over_mae_med": 0.74,
       "ret_over_mae_mean": 0.55,
       "p10_ret26": -21.2,
       "p90_ret26": 32.8,
       "ret26_per_expvol_med": 0.16,
       "exp_vol26_med": 23.5,
       "ret26_riskparity_mean": 4.8,
       "exc26_riskparity_mean": -0.9,
       "n52": 886,
       "ret52_med": 5.5,
       "win52": 0.6,
       "exc52_med": -7.5,
       "mae52_med": -11.5
      },
      "<4%|0.8-1.2 flat": {
       "n": 925,
       "ret26_med": 3.3,
       "exc26_med": -2.3,
       "win26": 0.58,
       "mae26_med": -8.1,
       "ret_over_mae_med": 0.51,
       "ret_over_mae_mean": 0.4,
       "p10_ret26": -22.4,
       "p90_ret26": 32.8,
       "ret26_per_expvol_med": 0.11,
       "exp_vol26_med": 25.5,
       "ret26_riskparity_mean": 4.0,
       "exc26_riskparity_mean": -1.2,
       "n52": 904,
       "ret52_med": 4.8,
       "win52": 0.59,
       "exc52_med": -5.0,
       "mae52_med": -11.8
      },
      "<4%|>1.2 widening": {
       "n": 1133,
       "ret26_med": 1.8,
       "exc26_med": -3.8,
       "win26": 0.54,
       "mae26_med": -9.7,
       "ret_over_mae_med": 0.26,
       "ret_over_mae_mean": 0.28,
       "p10_ret26": -24.0,
       "p90_ret26": 33.7,
       "ret26_per_expvol_med": 0.1,
       "exp_vol26_med": 25.1,
       "ret26_riskparity_mean": 3.5,
       "exc26_riskparity_mean": -2.4,
       "n52": 1094,
       "ret52_med": 6.7,
       "win52": 0.6,
       "exc52_med": -4.9,
       "mae52_med": -12.8
      },
      "4-7%|<0.5 tight-tail": {
       "n": 4690,
       "ret26_med": 2.5,
       "exc26_med": -4.0,
       "win26": 0.55,
       "mae26_med": -9.5,
       "ret_over_mae_med": 0.32,
       "ret_over_mae_mean": 0.32,
       "p10_ret26": -24.8,
       "p90_ret26": 32.1,
       "ret26_per_expvol_med": 0.09,
       "exp_vol26_med": 25.2,
       "ret26_riskparity_mean": 4.2,
       "exc26_riskparity_mean": -1.3,
       "n52": 4554,
       "ret52_med": 6.0,
       "win52": 0.59,
       "exc52_med": -6.3,
       "mae52_med": -14.9
      },
      "4-7%|0.5-0.8": {
       "n": 3469,
       "ret26_med": 2.7,
       "exc26_med": -3.8,
       "win26": 0.55,
       "mae26_med": -10.7,
       "ret_over_mae_med": 0.31,
       "ret_over_mae_mean": 0.39,
       "p10_ret26": -28.2,
       "p90_ret26": 38.1,
       "ret26_per_expvol_med": 0.08,
       "exp_vol26_med": 28.6,
       "ret26_riskparity_mean": 4.8,
       "exc26_riskparity_mean": -0.2,
       "n52": 3375,
       "ret52_med": 6.0,
       "win52": 0.57,
       "exc52_med": -6.8,
       "mae52_med": -15.4
      },
      "4-7%|0.8-1.2 flat": {
       "n": 2351,
       "ret26_med": 2.8,
       "exc26_med": -3.9,
       "win26": 0.54,
       "mae26_med": -11.4,
       "ret_over_mae_med": 0.28,
       "ret_over_mae_mean": 0.28,
       "p10_ret26": -29.3,
       "p90_ret26": 38.7,
       "ret26_per_expvol_med": 0.1,
       "exp_vol26_med": 29.5,
       "ret26_riskparity_mean": 3.7,
       "exc26_riskparity_mean": -1.3,
       "n52": 2272,
       "ret52_med": 4.2,
       "win52": 0.55,
       "exc52_med": -8.6,
       "mae52_med": -17.6
      },
      "4-7%|>1.2 widening": {
       "n": 1518,
       "ret26_med": 2.1,
       "exc26_med": -4.4,
       "win26": 0.53,
       "mae26_med": -12.2,
       "ret_over_mae_med": 0.21,
       "ret_over_mae_mean": 0.32,
       "p10_ret26": -27.8,
       "p90_ret26": 40.4,
       "ret26_per_expvol_med": 0.06,
       "exp_vol26_med": 31.1,
       "ret26_riskparity_mean": 3.1,
       "exc26_riskparity_mean": -2.0,
       "n52": 1474,
       "ret52_med": 6.7,
       "win52": 0.58,
       "exc52_med": -7.2,
       "mae52_med": -16.6
      },
      "7-10%|<0.5 tight-tail": {
       "n": 1844,
       "ret26_med": 2.6,
       "exc26_med": -3.6,
       "win26": 0.55,
       "mae26_med": -11.4,
       "ret_over_mae_med": 0.26,
       "ret_over_mae_mean": 0.35,
       "p10_ret26": -29.2,
       "p90_ret26": 39.4,
       "ret26_per_expvol_med": 0.08,
       "exp_vol26_med": 28.8,
       "ret26_riskparity_mean": 3.8,
       "exc26_riskparity_mean": -0.8,
       "n52": 1799,
       "ret52_med": 7.1,
       "win52": 0.58,
       "exc52_med": -6.4,
       "mae52_med": -16.7
      },
      "7-10%|0.5-0.8": {
       "n": 869,
       "ret26_med": 1.1,
       "exc26_med": -5.3,
       "win26": 0.51,
       "mae26_med": -13.8,
       "ret_over_mae_med": 0.09,
       "ret_over_mae_mean": 0.25,
       "p10_ret26": -33.1,
       "p90_ret26": 40.9,
       "ret26_per_expvol_med": 0.03,
       "exp_vol26_med": 32.9,
       "ret26_riskparity_mean": 3.5,
       "exc26_riskparity_mean": -1.0,
       "n52": 853,
       "ret52_med": 3.4,
       "win52": 0.54,
       "exc52_med": -10.9,
       "mae52_med": -20.4
      },
      "7-10%|0.8-1.2 flat": {
       "n": 480,
       "ret26_med": -2.8,
       "exc26_med": -11.1,
       "win26": 0.46,
       "mae26_med": -14.9,
       "ret_over_mae_med": -0.2,
       "ret_over_mae_mean": 0.07,
       "p10_ret26": -36.6,
       "p90_ret26": 44.6,
       "ret26_per_expvol_med": -0.05,
       "exp_vol26_med": 34.4,
       "ret26_riskparity_mean": 0.9,
       "exc26_riskparity_mean": -3.6,
       "n52": 471,
       "ret52_med": 0.1,
       "win52": 0.5,
       "exc52_med": -12.1,
       "mae52_med": -23.1
      },
      "7-10%|>1.2 widening": {
       "n": 133,
       "ret26_med": 2.5,
       "exc26_med": -3.9,
       "win26": 0.56,
       "mae26_med": -12.2,
       "ret_over_mae_med": 0.3,
       "ret_over_mae_mean": 0.33,
       "p10_ret26": -34.7,
       "p90_ret26": 52.9,
       "ret26_per_expvol_med": 0.09,
       "exp_vol26_med": 33.3,
       "ret26_riskparity_mean": 2.7,
       "exc26_riskparity_mean": -1.4,
       "n52": 132,
       "ret52_med": 4.5,
       "win52": 0.58,
       "exc52_med": -6.2,
       "mae52_med": -16.1
      },
      "10-15%|<0.5 tight-tail": {
       "n": 187,
       "ret26_med": 0.8,
       "exc26_med": -6.2,
       "win26": 0.52,
       "mae26_med": -14.4,
       "ret_over_mae_med": 0.06,
       "ret_over_mae_mean": 0.13,
       "p10_ret26": -29.2,
       "p90_ret26": 37.4,
       "ret26_per_expvol_med": 0.03,
       "exp_vol26_med": 32.4,
       "ret26_riskparity_mean": 2.1,
       "exc26_riskparity_mean": -2.3,
       "n52": 182,
       "ret52_med": 0.1,
       "win52": 0.5,
       "exc52_med": -15.4,
       "mae52_med": -20.2
      },
      "10-15%|0.5-0.8": {
       "n": 52,
       "ret26_med": 1.7,
       "exc26_med": -8.8,
       "win26": 0.54,
       "mae26_med": -14.2,
       "ret_over_mae_med": 0.79,
       "ret_over_mae_mean": 0.19,
       "p10_ret26": -31.8,
       "p90_ret26": 43.1,
       "ret26_per_expvol_med": 0.04,
       "exp_vol26_med": 35.3,
       "ret26_riskparity_mean": 1.6,
       "exc26_riskparity_mean": -1.3,
       "n52": 51,
       "ret52_med": 11.3,
       "win52": 0.65,
       "exc52_med": -6.8,
       "mae52_med": -14.6
      }
     },
     "by_contraction_x_vol": {
      "<0.5 tight-tail|lowvol": {
       "n": 2638,
       "ret26_med": 3.8,
       "exc26_med": -2.7,
       "win26": 0.6,
       "mae26_med": -7.5,
       "ret_over_mae_med": 0.6,
       "ret_over_mae_mean": 0.48,
       "p10_ret26": -19.4,
       "p90_ret26": 27.2,
       "ret26_per_expvol_med": 0.23,
       "exp_vol26_med": 18.1,
       "ret26_riskparity_mean": 6.3,
       "exc26_riskparity_mean": -1.5,
       "n52": 2547,
       "ret52_med": 6.9,
       "win52": 0.62,
       "exc52_med": -5.5,
       "mae52_med": -11.1
      },
      "<0.5 tight-tail|midvol": {
       "n": 2303,
       "ret26_med": 2.3,
       "exc26_med": -4.4,
       "win26": 0.54,
       "mae26_med": -10.9,
       "ret_over_mae_med": 0.23,
       "ret_over_mae_mean": 0.27,
       "p10_ret26": -26.8,
       "p90_ret26": 36.8,
       "ret26_per_expvol_med": 0.08,
       "exp_vol26_med": 27.6,
       "ret26_riskparity_mean": 2.9,
       "exc26_riskparity_mean": -1.7,
       "n52": 2234,
       "ret52_med": 5.8,
       "win52": 0.58,
       "exc52_med": -7.2,
       "mae52_med": -15.8
      },
      "<0.5 tight-tail|highvol": {
       "n": 1941,
       "ret26_med": 0.1,
       "exc26_med": -4.8,
       "win26": 0.5,
       "mae26_med": -13.6,
       "ret_over_mae_med": 0.01,
       "ret_over_mae_mean": 0.23,
       "p10_ret26": -31.7,
       "p90_ret26": 40.9,
       "ret26_per_expvol_med": 0.0,
       "exp_vol26_med": 42.3,
       "ret26_riskparity_mean": 1.9,
       "exc26_riskparity_mean": -0.7,
       "n52": 1901,
       "ret52_med": 2.1,
       "win52": 0.53,
       "exc52_med": -8.6,
       "mae52_med": -20.5
      },
      "0.5-0.8|lowvol": {
       "n": 1535,
       "ret26_med": 4.3,
       "exc26_med": -2.6,
       "win26": 0.6,
       "mae26_med": -8.4,
       "ret_over_mae_med": 0.68,
       "ret_over_mae_mean": 0.55,
       "p10_ret26": -21.2,
       "p90_ret26": 28.5,
       "ret26_per_expvol_med": 0.26,
       "exp_vol26_med": 18.7,
       "ret26_riskparity_mean": 7.4,
       "exc26_riskparity_mean": -0.3,
       "n52": 1487,
       "ret52_med": 7.7,
       "win52": 0.62,
       "exc52_med": -6.7,
       "mae52_med": -11.6
      },
      "0.5-0.8|midvol": {
       "n": 1609,
       "ret26_med": 3.5,
       "exc26_med": -3.0,
       "win26": 0.57,
       "mae26_med": -10.2,
       "ret_over_mae_med": 0.41,
       "ret_over_mae_mean": 0.46,
       "p10_ret26": -26.6,
       "p90_ret26": 40.7,
       "ret26_per_expvol_med": 0.12,
       "exp_vol26_med": 27.7,
       "ret26_riskparity_mean": 4.6,
       "exc26_riskparity_mean": -0.3,
       "n52": 1557,
       "ret52_med": 6.1,
       "win52": 0.58,
       "exc52_med": -7.1,
       "mae52_med": -15.1
      },
      "0.5-0.8|highvol": {
       "n": 1753,
       "ret26_med": -1.2,
       "exc26_med": -6.5,
       "win26": 0.49,
       "mae26_med": -14.0,
       "ret_over_mae_med": -0.08,
       "ret_over_mae_mean": 0.22,
       "p10_ret26": -34.5,
       "p90_ret26": 43.6,
       "ret26_per_expvol_med": -0.02,
       "exp_vol26_med": 43.5,
       "ret26_riskparity_mean": 1.9,
       "exc26_riskparity_mean": -0.8,
       "n52": 1717,
       "ret52_med": 0.4,
       "win52": 0.51,
       "exc52_med": -10.7,
       "mae52_med": -21.8
      },
      "0.8-1.2 flat|lowvol": {
       "n": 1027,
       "ret26_med": 3.5,
       "exc26_med": -3.0,
       "win26": 0.6,
       "mae26_med": -7.2,
       "ret_over_mae_med": 0.63,
       "ret_over_mae_mean": 0.47,
       "p10_ret26": -19.5,
       "p90_ret26": 30.3,
       "ret26_per_expvol_med": 0.21,
       "exp_vol26_med": 18.9,
       "ret26_riskparity_mean": 6.0,
       "exc26_riskparity_mean": -2.2,
       "n52": 990,
       "ret52_med": 7.9,
       "win52": 0.63,
       "exc52_med": -5.8,
       "mae52_med": -10.3
      },
      "0.8-1.2 flat|midvol": {
       "n": 1168,
       "ret26_med": 3.0,
       "exc26_med": -3.8,
       "win26": 0.53,
       "mae26_med": -11.4,
       "ret_over_mae_med": 0.31,
       "ret_over_mae_mean": 0.25,
       "p10_ret26": -29.5,
       "p90_ret26": 38.3,
       "ret26_per_expvol_med": 0.11,
       "exp_vol26_med": 28.0,
       "ret26_riskparity_mean": 2.8,
       "exc26_riskparity_mean": -2.2,
       "n52": 1132,
       "ret52_med": 2.8,
       "win52": 0.53,
       "exc52_med": -9.9,
       "mae52_med": -17.1
      },
      "0.8-1.2 flat|highvol": {
       "n": 1330,
       "ret26_med": 0.1,
       "exc26_med": -5.0,
       "win26": 0.5,
       "mae26_med": -14.5,
       "ret_over_mae_med": 0.01,
       "ret_over_mae_mean": 0.21,
       "p10_ret26": -36.3,
       "p90_ret26": 45.7,
       "ret26_per_expvol_med": 0.0,
       "exp_vol26_med": 44.0,
       "ret26_riskparity_mean": 2.1,
       "exc26_riskparity_mean": -0.6,
       "n52": 1297,
       "ret52_med": 0.4,
       "win52": 0.51,
       "exc52_med": -10.2,
       "mae52_med": -22.9
      },
      ">1.2 widening|lowvol": {
       "n": 772,
       "ret26_med": 1.8,
       "exc26_med": -4.8,
       "win26": 0.54,
       "mae26_med": -9.1,
       "ret_over_mae_med": 0.26,
       "ret_over_mae_mean": 0.3,
       "p10_ret26": -19.4,
       "p90_ret26": 29.9,
       "ret26_per_expvol_med": 0.1,
       "exp_vol26_med": 18.9,
       "ret26_riskparity_mean": 3.9,
       "exc26_riskparity_mean": -4.4,
       "n52": 744,
       "ret52_med": 6.2,
       "win52": 0.6,
       "exc52_med": -7.7,
       "mae52_med": -12.4
      },
      ">1.2 widening|midvol": {
       "n": 891,
       "ret26_med": 4.1,
       "exc26_med": -3.0,
       "win26": 0.56,
       "mae26_med": -10.4,
       "ret_over_mae_med": 0.4,
       "ret_over_mae_mean": 0.38,
       "p10_ret26": -25.9,
       "p90_ret26": 37.6,
       "ret26_per_expvol_med": 0.15,
       "exp_vol26_med": 27.7,
       "ret26_riskparity_mean": 3.7,
       "exc26_riskparity_mean": -1.7,
       "n52": 860,
       "ret52_med": 8.9,
       "win52": 0.59,
       "exc52_med": -5.3,
       "mae52_med": -14.8
      },
      ">1.2 widening|highvol": {
       "n": 941,
       "ret26_med": 0.6,
       "exc26_med": -4.3,
       "win26": 0.51,
       "mae26_med": -13.6,
       "ret_over_mae_med": 0.08,
       "ret_over_mae_mean": 0.26,
       "p10_ret26": -34.2,
       "p90_ret26": 45.9,
       "ret26_per_expvol_med": 0.01,
       "exp_vol26_med": 43.7,
       "ret26_riskparity_mean": 2.3,
       "exc26_riskparity_mean": -0.6,
       "n52": 917,
       "ret52_med": 5.1,
       "win52": 0.56,
       "exc52_med": -6.1,
       "mae52_med": -17.9
      }
     },
     "by_contraction_x_dry": {
      "<0.5 tight-tail|<0.6 dry": {
       "n": 259,
       "ret26_med": 0.5,
       "exc26_med": -5.0,
       "win26": 0.53,
       "mae26_med": -10.5,
       "ret_over_mae_med": 0.06,
       "ret_over_mae_mean": 0.21,
       "p10_ret26": -25.4,
       "p90_ret26": 36.7,
       "ret26_per_expvol_med": 0.03,
       "exp_vol26_med": 27.0,
       "ret26_riskparity_mean": 3.7,
       "exc26_riskparity_mean": -1.6,
       "n52": 256,
       "ret52_med": 1.3,
       "win52": 0.52,
       "exc52_med": -11.6,
       "mae52_med": -17.2
      },
      "<0.5 tight-tail|0.6-0.9": {
       "n": 2773,
       "ret26_med": 3.0,
       "exc26_med": -3.4,
       "win26": 0.56,
       "mae26_med": -9.8,
       "ret_over_mae_med": 0.36,
       "ret_over_mae_mean": 0.34,
       "p10_ret26": -23.4,
       "p90_ret26": 35.2,
       "ret26_per_expvol_med": 0.1,
       "exp_vol26_med": 27.0,
       "ret26_riskparity_mean": 3.6,
       "exc26_riskparity_mean": -1.6,
       "n52": 2729,
       "ret52_med": 6.7,
       "win52": 0.6,
       "exc52_med": -5.5,
       "mae52_med": -14.9
      },
      "<0.5 tight-tail|0.9-1.2": {
       "n": 3138,
       "ret26_med": 2.4,
       "exc26_med": -4.0,
       "win26": 0.54,
       "mae26_med": -9.7,
       "ret_over_mae_med": 0.29,
       "ret_over_mae_mean": 0.33,
       "p10_ret26": -27.5,
       "p90_ret26": 32.7,
       "ret26_per_expvol_med": 0.09,
       "exp_vol26_med": 26.0,
       "ret26_riskparity_mean": 4.5,
       "exc26_riskparity_mean": -0.8,
       "n52": 3042,
       "ret52_med": 5.7,
       "win52": 0.58,
       "exc52_med": -6.9,
       "mae52_med": -15.3
      },
      "<0.5 tight-tail|>1.2 rising": {
       "n": 1335,
       "ret26_med": 2.2,
       "exc26_med": -3.4,
       "win26": 0.55,
       "mae26_med": -8.9,
       "ret_over_mae_med": 0.4,
       "ret_over_mae_mean": 0.24,
       "p10_ret26": -26.7,
       "p90_ret26": 31.9,
       "ret26_per_expvol_med": 0.1,
       "exp_vol26_med": 24.7,
       "ret26_riskparity_mean": 3.4,
       "exc26_riskparity_mean": -2.0,
       "n52": 1274,
       "ret52_med": 4.2,
       "win52": 0.58,
       "exc52_med": -6.8,
       "mae52_med": -13.4
      },
      "0.5-0.8|<0.6 dry": {
       "n": 151,
       "ret26_med": 2.0,
       "exc26_med": -5.0,
       "win26": 0.53,
       "mae26_med": -11.8,
       "ret_over_mae_med": 0.29,
       "ret_over_mae_mean": 0.28,
       "p10_ret26": -37.3,
       "p90_ret26": 35.3,
       "ret26_per_expvol_med": 0.0,
       "exp_vol26_med": 35.6,
       "ret26_riskparity_mean": 1.5,
       "exc26_riskparity_mean": -2.4,
       "n52": 150,
       "ret52_med": 1.2,
       "win52": 0.53,
       "exc52_med": -5.3,
       "mae52_med": -16.5
      },
      "0.5-0.8|0.6-0.9": {
       "n": 1839,
       "ret26_med": 3.8,
       "exc26_med": -3.3,
       "win26": 0.56,
       "mae26_med": -10.6,
       "ret_over_mae_med": 0.48,
       "ret_over_mae_mean": 0.35,
       "p10_ret26": -28.5,
       "p90_ret26": 38.8,
       "ret26_per_expvol_med": 0.12,
       "exp_vol26_med": 30.2,
       "ret26_riskparity_mean": 4.0,
       "exc26_riskparity_mean": -1.1,
       "n52": 1806,
       "ret52_med": 6.0,
       "win52": 0.57,
       "exc52_med": -7.1,
       "mae52_med": -15.8
      },
      "0.5-0.8|0.9-1.2": {
       "n": 2328,
       "ret26_med": 2.7,
       "exc26_med": -3.8,
       "win26": 0.55,
       "mae26_med": -10.7,
       "ret_over_mae_med": 0.3,
       "ret_over_mae_mean": 0.43,
       "p10_ret26": -28.3,
       "p90_ret26": 37.0,
       "ret26_per_expvol_med": 0.1,
       "exp_vol26_med": 27.9,
       "ret26_riskparity_mean": 5.5,
       "exc26_riskparity_mean": 0.6,
       "n52": 2268,
       "ret52_med": 6.0,
       "win52": 0.57,
       "exc52_med": -7.8,
       "mae52_med": -15.8
      },
      "0.5-0.8|>1.2 rising": {
       "n": 986,
       "ret26_med": 1.4,
       "exc26_med": -3.9,
       "win26": 0.53,
       "mae26_med": -9.9,
       "ret_over_mae_med": 0.23,
       "ret_over_mae_mean": 0.33,
       "p10_ret26": -26.9,
       "p90_ret26": 37.2,
       "ret26_per_expvol_med": 0.04,
       "exp_vol26_med": 25.9,
       "ret26_riskparity_mean": 3.4,
       "exc26_riskparity_mean": -1.5,
       "n52": 941,
       "ret52_med": 5.1,
       "win52": 0.57,
       "exc52_med": -7.5,
       "mae52_med": -14.1
      },
      "0.8-1.2 flat|<0.6 dry": {
       "n": 91,
       "ret26_med": 0.3,
       "exc26_med": -3.6,
       "win26": 0.51,
       "mae26_med": -12.9,
       "ret_over_mae_med": 0.05,
       "ret_over_mae_mean": -0.16,
       "p10_ret26": -46.8,
       "p90_ret26": 27.7,
       "ret26_per_expvol_med": 0.01,
       "exp_vol26_med": 33.2,
       "ret26_riskparity_mean": -1.2,
       "exc26_riskparity_mean": -4.6,
       "n52": 85,
       "ret52_med": -0.3,
       "win52": 0.49,
       "exc52_med": -12.7,
       "mae52_med": -20.8
      },
      "0.8-1.2 flat|0.6-0.9": {
       "n": 1123,
       "ret26_med": 0.2,
       "exc26_med": -5.6,
       "win26": 0.5,
       "mae26_med": -12.7,
       "ret_over_mae_med": 0.02,
       "ret_over_mae_mean": 0.15,
       "p10_ret26": -31.7,
       "p90_ret26": 37.8,
       "ret26_per_expvol_med": 0.01,
       "exp_vol26_med": 31.3,
       "ret26_riskparity_mean": 2.5,
       "exc26_riskparity_mean": -2.4,
       "n52": 1104,
       "ret52_med": 2.6,
       "win52": 0.53,
       "exc52_med": -10.4,
       "mae52_med": -18.5
      },
      "0.8-1.2 flat|0.9-1.2": {
       "n": 1719,
       "ret26_med": 2.8,
       "exc26_med": -3.5,
       "win26": 0.55,
       "mae26_med": -10.2,
       "ret_over_mae_med": 0.3,
       "ret_over_mae_mean": 0.34,
       "p10_ret26": -27.0,
       "p90_ret26": 38.8,
       "ret26_per_expvol_med": 0.1,
       "exp_vol26_med": 28.8,
       "ret26_riskparity_mean": 3.8,
       "exc26_riskparity_mean": -1.4,
       "n52": 1669,
       "ret52_med": 4.8,
       "win52": 0.56,
       "exc52_med": -7.7,
       "mae52_med": -16.4
      },
      "0.8-1.2 flat|>1.2 rising": {
       "n": 843,
       "ret26_med": 3.5,
       "exc26_med": -2.0,
       "win26": 0.58,
       "mae26_med": -9.4,
       "ret_over_mae_med": 0.47,
       "ret_over_mae_mean": 0.36,
       "p10_ret26": -27.9,
       "p90_ret26": 37.6,
       "ret26_per_expvol_med": 0.13,
       "exp_vol26_med": 27.2,
       "ret26_riskparity_mean": 4.3,
       "exc26_riskparity_mean": -0.7,
       "n52": 809,
       "ret52_med": 4.8,
       "win52": 0.58,
       "exc52_med": -4.5,
       "mae52_med": -14.1
      },
      ">1.2 widening|<0.6 dry": {
       "n": 30,
       "ret26_med": -4.2,
       "exc26_med": -15.9,
       "win26": 0.43,
       "mae26_med": -12.2,
       "ret_over_mae_med": -0.45,
       "ret_over_mae_mean": -0.04,
       "p10_ret26": -25.9,
       "p90_ret26": 29.4,
       "n52": 30,
       "ret52_med": -10.2,
       "win52": 0.4,
       "exc52_med": -24.4,
       "mae52_med": -24.0
      },
      ">1.2 widening|0.6-0.9": {
       "n": 626,
       "ret26_med": 2.0,
       "exc26_med": -4.3,
       "win26": 0.54,
       "mae26_med": -10.8,
       "ret_over_mae_med": 0.25,
       "ret_over_mae_mean": 0.39,
       "p10_ret26": -27.3,
       "p90_ret26": 41.4,
       "ret26_per_expvol_med": 0.07,
       "exp_vol26_med": 30.8,
       "ret26_riskparity_mean": 3.9,
       "exc26_riskparity_mean": -1.5,
       "n52": 618,
       "ret52_med": 7.2,
       "win52": 0.58,
       "exc52_med": -6.4,
       "mae52_med": -15.3
      },
      ">1.2 widening|0.9-1.2": {
       "n": 1258,
       "ret26_med": 2.0,
       "exc26_med": -4.5,
       "win26": 0.53,
       "mae26_med": -11.4,
       "ret_over_mae_med": 0.2,
       "ret_over_mae_mean": 0.31,
       "p10_ret26": -25.9,
       "p90_ret26": 36.6,
       "ret26_per_expvol_med": 0.06,
       "exp_vol26_med": 29.3,
       "ret26_riskparity_mean": 3.0,
       "exc26_riskparity_mean": -2.2,
       "n52": 1220,
       "ret52_med": 6.9,
       "win52": 0.59,
       "exc52_med": -7.0,
       "mae52_med": -15.1
      },
      ">1.2 widening|>1.2 rising": {
       "n": 874,
       "ret26_med": 2.1,
       "exc26_med": -3.3,
       "win26": 0.55,
       "mae26_med": -10.9,
       "ret_over_mae_med": 0.3,
       "ret_over_mae_mean": 0.26,
       "p10_ret26": -27.1,
       "p90_ret26": 38.7,
       "ret26_per_expvol_med": 0.11,
       "exp_vol26_med": 26.5,
       "ret26_riskparity_mean": 3.2,
       "exc26_riskparity_mean": -2.4,
       "n52": 836,
       "ret52_med": 6.6,
       "win52": 0.59,
       "exc52_med": -4.9,
       "mae52_med": -14.6
      }
     },
     "vcp": {
      "n": 4732,
      "ret26_med": 3.2,
      "exc26_med": -3.4,
      "win26": 0.56,
      "mae26_med": -10.1,
      "ret_over_mae_med": 0.37,
      "ret_over_mae_mean": 0.35,
      "p10_ret26": -25.3,
      "p90_ret26": 36.7,
      "ret26_per_expvol_med": 0.1,
      "exp_vol26_med": 28.2,
      "ret26_riskparity_mean": 3.9,
      "exc26_riskparity_mean": -1.3,
      "n52": 4655,
      "ret52_med": 6.2,
      "win52": 0.59,
      "exc52_med": -6.5,
      "mae52_med": -15.3
     },
     "vcp_listed_lowvol": {
      "n": 965,
      "ret26_med": 5.1,
      "exc26_med": -2.9,
      "win26": 0.61,
      "mae26_med": -8.5,
      "ret_over_mae_med": 0.58,
      "ret_over_mae_mean": 0.38,
      "p10_ret26": -20.4,
      "p90_ret26": 30.2,
      "ret26_per_expvol_med": 0.28,
      "exp_vol26_med": 18.3,
      "ret26_riskparity_mean": 5.8,
      "exc26_riskparity_mean": -2.6,
      "n52": 948,
      "ret52_med": 9.8,
      "win52": 0.65,
      "exc52_med": -5.8,
      "mae52_med": -12.1
     },
     "vcp_x_tightness": {
      "<4%": {
       "n": 626,
       "ret26_med": 3.3,
       "exc26_med": -2.5,
       "win26": 0.61,
       "mae26_med": -7.2,
       "ret_over_mae_med": 0.57,
       "ret_over_mae_mean": 0.37,
       "p10_ret26": -20.2,
       "p90_ret26": 31.9,
       "ret26_per_expvol_med": 0.12,
       "exp_vol26_med": 24.8,
       "ret26_riskparity_mean": 3.8,
       "exc26_riskparity_mean": -2.5,
       "n52": 614,
       "ret52_med": 5.0,
       "win52": 0.6,
       "exc52_med": -7.0,
       "mae52_med": -10.4
      },
      "4-7%": {
       "n": 3069,
       "ret26_med": 3.0,
       "exc26_med": -3.9,
       "win26": 0.56,
       "mae26_med": -10.3,
       "ret_over_mae_med": 0.32,
       "ret_over_mae_mean": 0.3,
       "p10_ret26": -25.4,
       "p90_ret26": 35.5,
       "ret26_per_expvol_med": 0.09,
       "exp_vol26_med": 28.0,
       "ret26_riskparity_mean": 3.6,
       "exc26_riskparity_mean": -1.5,
       "n52": 3019,
       "ret52_med": 6.2,
       "win52": 0.59,
       "exc52_med": -6.5,
       "mae52_med": -15.6
      },
      "7-10%": {
       "n": 982,
       "ret26_med": 4.0,
       "exc26_med": -2.8,
       "win26": 0.56,
       "mae26_med": -11.2,
       "ret_over_mae_med": 0.38,
       "ret_over_mae_mean": 0.51,
       "p10_ret26": -27.1,
       "p90_ret26": 43.7,
       "ret26_per_expvol_med": 0.12,
       "exp_vol26_med": 30.4,
       "ret26_riskparity_mean": 4.8,
       "exc26_riskparity_mean": -0.0,
       "n52": 969,
       "ret52_med": 8.5,
       "win52": 0.58,
       "exc52_med": -4.2,
       "mae52_med": -17.1
      },
      "10-15%": {
       "n": 55,
       "ret26_med": 1.3,
       "exc26_med": -8.8,
       "win26": 0.53,
       "mae26_med": -13.9,
       "ret_over_mae_med": 0.28,
       "ret_over_mae_mean": 0.08,
       "p10_ret26": -28.6,
       "p90_ret26": 30.3,
       "ret26_per_expvol_med": 0.03,
       "exp_vol26_med": 31.0,
       "ret26_riskparity_mean": 1.3,
       "exc26_riskparity_mean": -3.5,
       "n52": 53,
       "ret52_med": -4.1,
       "win52": 0.47,
       "exc52_med": -15.3,
       "mae52_med": -19.1
      }
     }
    },
    "spy_up": {
     "n": 17836,
     "ret13_med": 1.5,
     "ret26_med": 2.4,
     "exc26_med": -3.7,
     "win26": 0.55,
     "mae26_med": -10.3,
     "ret26_mean": 4.6,
     "next_break": {
      "UP": 0.81,
      "NONE": 0.1,
      "DOWN": 0.09
     },
     "wk_to_break_med": 2.0
    },
    "spy_down": {
     "n": 1537,
     "ret13_med": 2.8,
     "ret26_med": 3.5,
     "exc26_med": -4.5,
     "win26": 0.57,
     "mae26_med": -9.9,
     "ret26_mean": 6.7,
     "next_break": {
      "UP": 0.83,
      "NONE": 0.09,
      "DOWN": 0.07
     },
     "wk_to_break_med": 3.0
    },
    "spring": {
     "n": 2507,
     "ret13_med": 1.8,
     "ret26_med": 2.9,
     "exc26_med": -4.9,
     "win26": 0.55,
     "mae26_med": -11.0,
     "ret26_mean": 4.8,
     "next_break": {
      "UP": 0.8,
      "DOWN": 0.12,
      "NONE": 0.08
     },
     "wk_to_break_med": 3.0
    },
    "no_spring": {
     "n": 16866,
     "ret13_med": 1.6,
     "ret26_med": 2.4,
     "exc26_med": -3.7,
     "win26": 0.55,
     "mae26_med": -10.1,
     "ret26_mean": 4.8,
     "next_break": {
      "UP": 0.82,
      "NONE": 0.1,
      "DOWN": 0.09
     },
     "wk_to_break_med": 2.0
    },
    "by_tightness": {
     "<4%": {
      "n": 3756,
      "ret13_med": 1.8,
      "ret26_med": 3.1,
      "exc26_med": -2.7,
      "win26": 0.57,
      "mae26_med": -8.1,
      "ret26_mean": 4.5,
      "next_break": {
       "UP": 0.85,
       "NONE": 0.08,
       "DOWN": 0.06
      },
      "wk_to_break_med": 2.0
     },
     "4-7%": {
      "n": 12028,
      "ret13_med": 1.4,
      "ret26_med": 2.6,
      "exc26_med": -4.0,
      "win26": 0.55,
      "mae26_med": -10.4,
      "ret26_mean": 4.9,
      "next_break": {
       "UP": 0.81,
       "NONE": 0.1,
       "DOWN": 0.09
      },
      "wk_to_break_med": 2.0
     },
     "7-10%": {
      "n": 3326,
      "ret13_med": 1.8,
      "ret26_med": 1.6,
      "exc26_med": -4.9,
      "win26": 0.53,
      "mae26_med": -12.4,
      "ret26_mean": 4.7,
      "next_break": {
       "UP": 0.77,
       "DOWN": 0.13,
       "NONE": 0.1
      },
      "wk_to_break_med": 3.0
     },
     "10-15%": {
      "n": 263,
      "ret13_med": 0.6,
      "ret26_med": 1.3,
      "exc26_med": -5.3,
      "win26": 0.53,
      "mae26_med": -14.2,
      "ret26_mean": 3.1,
      "next_break": {
       "UP": 0.77,
       "NONE": 0.12,
       "DOWN": 0.11
      },
      "wk_to_break_med": 3.0
     }
    },
    "by_tightness_x_vol": {
     "<4%|lowvol": {
      "n": 1434,
      "ret26_med": 3.5,
      "exc26_med": -2.6
     },
     "<4%|midvol": {
      "n": 1080,
      "ret26_med": 3.3,
      "exc26_med": -2.8
     },
     "<4%|highvol": {
      "n": 745,
      "ret26_med": 1.2,
      "exc26_med": -3.1
     },
     "4-7%|lowvol": {
      "n": 3747,
      "ret26_med": 4.0,
      "exc26_med": -3.0
     },
     "4-7%|midvol": {
      "n": 3722,
      "ret26_med": 2.8,
      "exc26_med": -4.2
     },
     "4-7%|highvol": {
      "n": 3782,
      "ret26_med": -0.3,
      "exc26_med": -5.3
     },
     "7-10%|lowvol": {
      "n": 749,
      "ret26_med": 3.0,
      "exc26_med": -3.7
     },
     "7-10%|midvol": {
      "n": 1080,
      "ret26_med": 3.4,
      "exc26_med": -3.1
     },
     "7-10%|highvol": {
      "n": 1318,
      "ret26_med": -1.3,
      "exc26_med": -7.4
     },
     "10-15%|lowvol": {
      "n": 42,
      "ret26_med": 2.7,
      "exc26_med": -0.6
     },
     "10-15%|midvol": {
      "n": 89,
      "ret26_med": 3.8,
      "exc26_med": -2.1
     },
     "10-15%|highvol": {
      "n": 120,
      "ret26_med": -1.2,
      "exc26_med": -8.0
     }
    },
    "mad_med_q": {
     "0.25": 0.043,
     "0.5": 0.053,
     "0.75": 0.066
    },
    "by_year": {
     "2009": {
      "n": 477,
      "ret26_med": 9.8,
      "exc26_med": -1.1
     },
     "2010": {
      "n": 1639,
      "ret26_med": 3.9,
      "exc26_med": -2.9
     },
     "2011": {
      "n": 686,
      "ret26_med": -7.9,
      "exc26_med": -5.3
     },
     "2012": {
      "n": 1340,
      "ret26_med": 6.0,
      "exc26_med": -1.7
     },
     "2013": {
      "n": 1305,
      "ret26_med": 10.8,
      "exc26_med": 0.9
     },
     "2014": {
      "n": 955,
      "ret26_med": 3.5,
      "exc26_med": -2.9
     },
     "2015": {
      "n": 849,
      "ret26_med": -5.9,
      "exc26_med": -4.7
     },
     "2016": {
      "n": 1379,
      "ret26_med": 5.7,
      "exc26_med": -2.4
     },
     "2017": {
      "n": 1271,
      "ret26_med": 7.2,
      "exc26_med": 0.1
     },
     "2018": {
      "n": 941,
      "ret26_med": -5.5,
      "exc26_med": -5.8
     },
     "2019": {
      "n": 1223,
      "ret26_med": -4.1,
      "exc26_med": -8.6
     },
     "2020": {
      "n": 1096,
      "ret26_med": 19.9,
      "exc26_med": 4.7
     },
     "2021": {
      "n": 1120,
      "ret26_med": -6.5,
      "exc26_med": -9.8
     },
     "2022": {
      "n": 871,
      "ret26_med": -5.0,
      "exc26_med": -5.4
     },
     "2023": {
      "n": 1411,
      "ret26_med": 2.3,
      "exc26_med": -9.4
     },
     "2024": {
      "n": 1522,
      "ret26_med": -0.1,
      "exc26_med": -7.3
     },
     "2025": {
      "n": 982,
      "ret26_med": 7.0,
      "exc26_med": -1.6
     },
     "2026": {
      "n": 306,
      "ret26_med": 7.6,
      "exc26_med": -1.9
     }
    }
   }
  },
  "R2.0": {
   "ANTI": {
    "all": {
     "n": 10164,
     "ret13_med": 2.8,
     "ret26_med": 1.6,
     "exc26_med": -7.2,
     "win26": 0.52,
     "mae26_med": -17.3,
     "ret26_mean": 71.4,
     "next_break": {
      "DOWN": 0.67,
      "NONE": 0.23,
      "UP": 0.1
     },
     "wk_to_break_med": 3.0
    },
    "listed_only": {
     "n": 5641,
     "ret13_med": 3.8,
     "ret26_med": 3.4,
     "exc26_med": -6.1,
     "win26": 0.54,
     "mae26_med": -17.3,
     "ret26_mean": 9.8,
     "next_break": {
      "DOWN": 0.66,
      "NONE": 0.24,
      "UP": 0.1
     },
     "wk_to_break_med": 3.0
    },
    "v06": {
     "flatline_excluded": 14,
     "contr8_q": {
      "0.25": 0.36,
      "0.5": 0.58,
      "0.75": 0.91
     },
     "vol_dry8_q": {
      "0.25": 0.75,
      "0.5": 0.91,
      "0.75": 1.09
     },
     "rel_tight_q": {
      "0.25": 0.78,
      "0.5": 1.11,
      "0.75": 1.53
     },
     "by_contraction": {
      "<0.5 tight-tail": {
       "n": 4275,
       "ret26_med": 0.1,
       "exc26_med": -8.0,
       "win26": 0.5,
       "mae26_med": -17.1,
       "ret_over_mae_med": 0.01,
       "ret_over_mae_mean": 7.02,
       "p10_ret26": -42.1,
       "p90_ret26": 55.5,
       "ret26_per_expvol_med": -0.01,
       "exp_vol26_med": 40.8,
       "ret26_riskparity_mean": 3.6,
       "exc26_riskparity_mean": -0.9,
       "n52": 4126,
       "ret52_med": -0.5,
       "win52": 0.49,
       "exc52_med": -15.4,
       "mae52_med": -25.6
      },
      "0.5-0.8": {
       "n": 2729,
       "ret26_med": 1.7,
       "exc26_med": -6.4,
       "win26": 0.52,
       "mae26_med": -18.0,
       "ret_over_mae_med": 0.12,
       "ret_over_mae_mean": 0.58,
       "p10_ret26": -43.1,
       "p90_ret26": 60.9,
       "ret26_per_expvol_med": 0.03,
       "exp_vol26_med": 41.5,
       "ret26_riskparity_mean": 5.0,
       "exc26_riskparity_mean": -0.6,
       "n52": 2618,
       "ret52_med": 6.2,
       "win52": 0.54,
       "exc52_med": -9.1,
       "mae52_med": -25.2
      },
      "0.8-1.2 flat": {
       "n": 1750,
       "ret26_med": 4.1,
       "exc26_med": -5.2,
       "win26": 0.54,
       "mae26_med": -17.1,
       "ret_over_mae_med": 0.29,
       "ret_over_mae_mean": 0.42,
       "p10_ret26": -46.8,
       "p90_ret26": 72.4,
       "ret26_per_expvol_med": 0.07,
       "exp_vol26_med": 40.6,
       "ret26_riskparity_mean": 6.7,
       "exc26_riskparity_mean": 0.1,
       "n52": 1700,
       "ret52_med": 2.9,
       "win52": 0.52,
       "exc52_med": -15.9,
       "mae52_med": -26.7
      },
      ">1.2 widening": {
       "n": 1410,
       "ret26_med": 5.0,
       "exc26_med": -8.4,
       "win26": 0.56,
       "mae26_med": -16.7,
       "ret_over_mae_med": 0.39,
       "ret_over_mae_mean": 0.46,
       "p10_ret26": -45.8,
       "p90_ret26": 63.9,
       "ret26_per_expvol_med": 0.16,
       "exp_vol26_med": 33.3,
       "ret26_riskparity_mean": 8.8,
       "exc26_riskparity_mean": -3.6,
       "n52": 1347,
       "ret52_med": 13.9,
       "win52": 0.6,
       "exc52_med": -5.3,
       "mae52_med": -23.5
      }
     },
     "by_vol_dry": {
      "<0.6 dry": {
       "n": 922,
       "ret26_med": -5.5,
       "exc26_med": -13.0,
       "win26": 0.43,
       "mae26_med": -21.4,
       "ret_over_mae_med": -0.35,
       "ret_over_mae_mean": -0.02,
       "p10_ret26": -54.2,
       "p90_ret26": 54.3,
       "ret26_per_expvol_med": -0.11,
       "exp_vol26_med": 43.8,
       "ret26_riskparity_mean": 1.2,
       "exc26_riskparity_mean": -2.4,
       "n52": 900,
       "ret52_med": -8.4,
       "win52": 0.43,
       "exc52_med": -21.6,
       "mae52_med": -31.1
      },
      "0.6-0.9": {
       "n": 4041,
       "ret26_med": 1.1,
       "exc26_med": -7.3,
       "win26": 0.51,
       "mae26_med": -17.8,
       "ret_over_mae_med": 0.08,
       "ret_over_mae_mean": 0.32,
       "p10_ret26": -44.1,
       "p90_ret26": 62.2,
       "ret26_per_expvol_med": 0.01,
       "exp_vol26_med": 41.1,
       "ret26_riskparity_mean": 4.9,
       "exc26_riskparity_mean": -0.4,
       "n52": 3902,
       "ret52_med": 1.9,
       "win52": 0.52,
       "exc52_med": -13.5,
       "mae52_med": -26.8
      },
      "0.9-1.2": {
       "n": 3509,
       "ret26_med": 3.3,
       "exc26_med": -6.1,
       "win26": 0.54,
       "mae26_med": -16.8,
       "ret_over_mae_med": 0.24,
       "ret_over_mae_mean": 0.59,
       "p10_ret26": -40.7,
       "p90_ret26": 59.9,
       "ret26_per_expvol_med": 0.08,
       "exp_vol26_med": 38.9,
       "ret26_riskparity_mean": 5.5,
       "exc26_riskparity_mean": -1.4,
       "n52": 3369,
       "ret52_med": 5.7,
       "win52": 0.55,
       "exc52_med": -10.4,
       "mae52_med": -24.5
      },
      ">1.2 rising": {
       "n": 1692,
       "ret26_med": 4.0,
       "exc26_med": -6.8,
       "win26": 0.55,
       "mae26_med": -15.1,
       "ret_over_mae_med": 0.35,
       "ret_over_mae_mean": 18.73,
       "p10_ret26": -40.7,
       "p90_ret26": 61.3,
       "ret26_per_expvol_med": 0.14,
       "exp_vol26_med": 36.5,
       "ret26_riskparity_mean": 8.2,
       "exc26_riskparity_mean": -1.2,
       "n52": 1620,
       "ret52_med": 5.8,
       "win52": 0.55,
       "exc52_med": -11.1,
       "mae52_med": -21.1
      }
     },
     "by_rel_tight": {
      "rel-tight": {
       "n": 2853,
       "ret26_med": -2.7,
       "exc26_med": -9.2,
       "win26": 0.47,
       "mae26_med": -21.1,
       "ret_over_mae_med": -0.14,
       "ret_over_mae_mean": 0.22,
       "p10_ret26": -50.7,
       "p90_ret26": 66.7,
       "ret26_per_expvol_med": -0.03,
       "exp_vol26_med": 59.3,
       "ret26_riskparity_mean": 2.5,
       "exc26_riskparity_mean": -0.6,
       "n52": 2717,
       "ret52_med": -5.8,
       "win52": 0.46,
       "exc52_med": -19.1,
       "mae52_med": -31.4
      },
      "rel-mid": {
       "n": 2852,
       "ret26_med": 2.6,
       "exc26_med": -7.2,
       "win26": 0.53,
       "mae26_med": -18.4,
       "ret_over_mae_med": 0.17,
       "ret_over_mae_mean": 0.37,
       "p10_ret26": -43.0,
       "p90_ret26": 64.3,
       "ret26_per_expvol_med": 0.07,
       "exp_vol26_med": 40.1,
       "ret26_riskparity_mean": 4.8,
       "exc26_riskparity_mean": -1.3,
       "n52": 2738,
       "ret52_med": 3.9,
       "win52": 0.54,
       "exc52_med": -13.2,
       "mae52_med": -25.9
      },
      "rel-loose": {
       "n": 2853,
       "ret26_med": 4.5,
       "exc26_med": -6.6,
       "win26": 0.55,
       "mae26_med": -16.5,
       "ret_over_mae_med": 0.32,
       "ret_over_mae_mean": 0.43,
       "p10_ret26": -40.1,
       "p90_ret26": 62.2,
       "ret26_per_expvol_med": 0.16,
       "exp_vol26_med": 27.3,
       "ret26_riskparity_mean": 8.5,
       "exc26_riskparity_mean": -1.3,
       "n52": 2743,
       "ret52_med": 10.7,
       "win52": 0.57,
       "exc52_med": -8.0,
       "mae52_med": -23.7
      }
     },
     "by_tightness_risk": {
      "<4%": {
       "n": 563,
       "ret26_med": 1.5,
       "exc26_med": -8.0,
       "win26": 0.57,
       "mae26_med": -7.7,
       "ret_over_mae_med": 0.56,
       "ret_over_mae_mean": 74.82,
       "p10_ret26": -30.3,
       "p90_ret26": 42.1,
       "ret26_per_expvol_med": 0.34,
       "exp_vol26_med": 25.9,
       "ret26_riskparity_mean": 12.8,
       "exc26_riskparity_mean": -4.4,
       "n52": 560,
       "ret52_med": 5.5,
       "win52": 0.59,
       "exc52_med": -5.6,
       "mae52_med": -12.9
      },
      "4-7%": {
       "n": 2648,
       "ret26_med": 4.5,
       "exc26_med": -6.0,
       "win26": 0.55,
       "mae26_med": -15.4,
       "ret_over_mae_med": 0.34,
       "ret_over_mae_mean": 0.47,
       "p10_ret26": -38.1,
       "p90_ret26": 60.5,
       "ret26_per_expvol_med": 0.12,
       "exp_vol26_med": 34.3,
       "ret26_riskparity_mean": 7.3,
       "exc26_riskparity_mean": -1.8,
       "n52": 2570,
       "ret52_med": 8.6,
       "win52": 0.57,
       "exc52_med": -8.2,
       "mae52_med": -22.9
      },
      "7-10%": {
       "n": 4031,
       "ret26_med": 1.6,
       "exc26_med": -6.4,
       "win26": 0.52,
       "mae26_med": -17.5,
       "ret_over_mae_med": 0.13,
       "ret_over_mae_mean": 0.33,
       "p10_ret26": -43.9,
       "p90_ret26": 61.8,
       "ret26_per_expvol_med": 0.02,
       "exp_vol26_med": 40.2,
       "ret26_riskparity_mean": 5.0,
       "exc26_riskparity_mean": -0.4,
       "n52": 3880,
       "ret52_med": 1.9,
       "win52": 0.51,
       "exc52_med": -14.1,
       "mae52_med": -25.6
      },
      "10-15%": {
       "n": 2616,
       "ret26_med": -2.0,
       "exc26_med": -9.6,
       "win26": 0.48,
       "mae26_med": -20.9,
       "ret_over_mae_med": -0.09,
       "ret_over_mae_mean": 0.22,
       "p10_ret26": -49.0,
       "p90_ret26": 63.2,
       "ret26_per_expvol_med": -0.03,
       "exp_vol26_med": 43.9,
       "ret26_riskparity_mean": 3.4,
       "exc26_riskparity_mean": -1.0,
       "n52": 2492,
       "ret52_med": -1.9,
       "win52": 0.49,
       "exc52_med": -17.3,
       "mae52_med": -30.1
      },
      ">15%": {
       "n": 306,
       "ret26_med": 1.8,
       "exc26_med": -9.4,
       "win26": 0.51,
       "mae26_med": -19.0,
       "ret_over_mae_med": 0.12,
       "ret_over_mae_mean": 0.31,
       "p10_ret26": -48.2,
       "p90_ret26": 66.8,
       "ret26_per_expvol_med": 0.03,
       "exp_vol26_med": 48.7,
       "ret26_riskparity_mean": 3.4,
       "exc26_riskparity_mean": -1.1,
       "n52": 289,
       "ret52_med": -5.6,
       "win52": 0.46,
       "exc52_med": -22.8,
       "mae52_med": -29.3
      }
     },
     "by_tightness_x_contraction": {
      "<4%|<0.5 tight-tail": {
       "n": 181,
       "ret26_med": 0.3,
       "exc26_med": -9.4,
       "win26": 0.52,
       "mae26_med": -5.9,
       "ret_over_mae_med": 0.19,
       "ret_over_mae_mean": 238.2,
       "p10_ret26": -38.4,
       "p90_ret26": 31.2,
       "ret26_per_expvol_med": -0.03,
       "exp_vol26_med": 37.0,
       "ret26_riskparity_mean": 5.5,
       "exc26_riskparity_mean": -0.7,
       "n52": 181,
       "ret52_med": -0.5,
       "win52": 0.46,
       "exc52_med": -9.4,
       "mae52_med": -12.1
      },
      "<4%|0.5-0.8": {
       "n": 117,
       "ret26_med": 2.8,
       "exc26_med": -5.2,
       "win26": 0.55,
       "mae26_med": -6.5,
       "ret_over_mae_med": 0.56,
       "ret_over_mae_mean": 9.26,
       "p10_ret26": -30.0,
       "p90_ret26": 45.5,
       "ret26_per_expvol_med": 0.41,
       "exp_vol26_med": 27.9,
       "ret26_riskparity_mean": 10.0,
       "exc26_riskparity_mean": 1.8,
       "n52": 116,
       "ret52_med": 5.8,
       "win52": 0.6,
       "exc52_med": -5.5,
       "mae52_med": -8.7
      },
      "<4%|0.8-1.2 flat": {
       "n": 88,
       "ret26_med": 5.5,
       "exc26_med": -2.8,
       "win26": 0.62,
       "mae26_med": -8.2,
       "ret_over_mae_med": 0.95,
       "ret_over_mae_mean": 0.45,
       "p10_ret26": -25.4,
       "p90_ret26": 36.0,
       "ret26_per_expvol_med": 0.19,
       "exp_vol26_med": 27.2,
       "ret26_riskparity_mean": 8.8,
       "exc26_riskparity_mean": -3.6,
       "n52": 88,
       "ret52_med": 7.8,
       "win52": 0.65,
       "exc52_med": -8.2,
       "mae52_med": -15.1
      },
      "<4%|>1.2 widening": {
       "n": 177,
       "ret26_med": 6.0,
       "exc26_med": -10.4,
       "win26": 0.61,
       "mae26_med": -10.0,
       "ret_over_mae_med": 1.13,
       "ret_over_mae_mean": 0.59,
       "p10_ret26": -30.2,
       "p90_ret26": 53.2,
       "ret26_per_expvol_med": 0.53,
       "exp_vol26_med": 21.6,
       "ret26_riskparity_mean": 16.8,
       "exc26_riskparity_mean": -7.6,
       "n52": 175,
       "ret52_med": 24.6,
       "win52": 0.7,
       "exc52_med": 0.5,
       "mae52_med": -16.4
      },
      "4-7%|<0.5 tight-tail": {
       "n": 740,
       "ret26_med": 1.1,
       "exc26_med": -6.6,
       "win26": 0.52,
       "mae26_med": -15.2,
       "ret_over_mae_med": 0.12,
       "ret_over_mae_mean": 0.32,
       "p10_ret26": -37.0,
       "p90_ret26": 54.0,
       "ret26_per_expvol_med": 0.02,
       "exp_vol26_med": 35.8,
       "ret26_riskparity_mean": 5.2,
       "exc26_riskparity_mean": -0.8,
       "n52": 729,
       "ret52_med": 3.3,
       "win52": 0.53,
       "exc52_med": -12.1,
       "mae52_med": -22.4
      },
      "4-7%|0.5-0.8": {
       "n": 700,
       "ret26_med": 4.7,
       "exc26_med": -3.6,
       "win26": 0.54,
       "mae26_med": -16.1,
       "ret_over_mae_med": 0.29,
       "ret_over_mae_mean": 0.52,
       "p10_ret26": -38.1,
       "p90_ret26": 60.7,
       "ret26_per_expvol_med": 0.11,
       "exp_vol26_med": 36.3,
       "ret26_riskparity_mean": 7.4,
       "exc26_riskparity_mean": 0.3,
       "n52": 676,
       "ret52_med": 9.9,
       "win52": 0.59,
       "exc52_med": -6.1,
       "mae52_med": -22.2
      },
      "4-7%|0.8-1.2 flat": {
       "n": 554,
       "ret26_med": 5.8,
       "exc26_med": -6.2,
       "win26": 0.56,
       "mae26_med": -15.2,
       "ret_over_mae_med": 0.41,
       "ret_over_mae_mean": 0.51,
       "p10_ret26": -39.7,
       "p90_ret26": 71.2,
       "ret26_per_expvol_med": 0.13,
       "exp_vol26_med": 35.0,
       "ret26_riskparity_mean": 6.9,
       "exc26_riskparity_mean": -1.7,
       "n52": 539,
       "ret52_med": 6.8,
       "win52": 0.55,
       "exc52_med": -12.8,
       "mae52_med": -24.6
      },
      "4-7%|>1.2 widening": {
       "n": 654,
       "ret26_med": 7.8,
       "exc26_med": -6.9,
       "win26": 0.6,
       "mae26_med": -15.1,
       "ret_over_mae_med": 0.66,
       "ret_over_mae_mean": 0.53,
       "p10_ret26": -40.4,
       "p90_ret26": 60.7,
       "ret26_per_expvol_med": 0.23,
       "exp_vol26_med": 30.1,
       "ret26_riskparity_mean": 9.4,
       "exc26_riskparity_mean": -4.9,
       "n52": 626,
       "ret52_med": 21.6,
       "win52": 0.62,
       "exc52_med": -1.9,
       "mae52_med": -22.1
      },
      "7-10%|<0.5 tight-tail": {
       "n": 1713,
       "ret26_med": 0.8,
       "exc26_med": -7.2,
       "win26": 0.51,
       "mae26_med": -16.6,
       "ret_over_mae_med": 0.05,
       "ret_over_mae_mean": 0.26,
       "p10_ret26": -40.2,
       "p90_ret26": 53.9,
       "ret26_per_expvol_med": -0.0,
       "exp_vol26_med": 39.6,
       "ret26_riskparity_mean": 3.5,
       "exc26_riskparity_mean": -1.0,
       "n52": 1650,
       "ret52_med": -0.2,
       "win52": 0.5,
       "exc52_med": -15.3,
       "mae52_med": -24.8
      },
      "7-10%|0.5-0.8": {
       "n": 1120,
       "ret26_med": 3.7,
       "exc26_med": -4.8,
       "win26": 0.54,
       "mae26_med": -17.2,
       "ret_over_mae_med": 0.24,
       "ret_over_mae_mean": 0.4,
       "p10_ret26": -43.1,
       "p90_ret26": 62.2,
       "ret26_per_expvol_med": 0.05,
       "exp_vol26_med": 41.4,
       "ret26_riskparity_mean": 5.3,
       "exc26_riskparity_mean": -0.2,
       "n52": 1082,
       "ret52_med": 5.7,
       "win52": 0.53,
       "exc52_med": -9.5,
       "mae52_med": -24.6
      },
      "7-10%|0.8-1.2 flat": {
       "n": 743,
       "ret26_med": 2.9,
       "exc26_med": -5.1,
       "win26": 0.53,
       "mae26_med": -18.5,
       "ret_over_mae_med": 0.23,
       "ret_over_mae_mean": 0.38,
       "p10_ret26": -52.7,
       "p90_ret26": 75.1,
       "ret26_per_expvol_med": 0.07,
       "exp_vol26_med": 41.7,
       "ret26_riskparity_mean": 6.8,
       "exc26_riskparity_mean": 1.2,
       "n52": 719,
       "ret52_med": 1.7,
       "win52": 0.5,
       "exc52_med": -20.0,
       "mae52_med": -28.7
      },
      "7-10%|>1.2 widening": {
       "n": 455,
       "ret26_med": 0.7,
       "exc26_med": -9.9,
       "win26": 0.51,
       "mae26_med": -19.5,
       "ret_over_mae_med": 0.05,
       "ret_over_mae_mean": 0.35,
       "p10_ret26": -50.9,
       "p90_ret26": 72.4,
       "ret26_per_expvol_med": 0.02,
       "exp_vol26_med": 38.3,
       "ret26_riskparity_mean": 6.8,
       "exc26_riskparity_mean": -1.4,
       "n52": 429,
       "ret52_med": 6.0,
       "win52": 0.55,
       "exc52_med": -11.0,
       "mae52_med": -26.6
      },
      "10-15%|<0.5 tight-tail": {
       "n": 1438,
       "ret26_med": -2.1,
       "exc26_med": -9.3,
       "win26": 0.47,
       "mae26_med": -20.1,
       "ret_over_mae_med": -0.1,
       "ret_over_mae_mean": 0.22,
       "p10_ret26": -47.1,
       "p90_ret26": 61.2,
       "ret26_per_expvol_med": -0.04,
       "exp_vol26_med": 43.0,
       "ret26_riskparity_mean": 3.1,
       "exc26_riskparity_mean": -0.9,
       "n52": 1370,
       "ret52_med": -2.8,
       "win52": 0.48,
       "exc52_med": -18.8,
       "mae52_med": -29.2
      },
      "10-15%|0.5-0.8": {
       "n": 724,
       "ret26_med": -3.8,
       "exc26_med": -12.1,
       "win26": 0.46,
       "mae26_med": -23.0,
       "ret_over_mae_med": -0.19,
       "ret_over_mae_mean": 0.12,
       "p10_ret26": -49.3,
       "p90_ret26": 58.5,
       "ret26_per_expvol_med": -0.04,
       "exp_vol26_med": 45.1,
       "ret26_riskparity_mean": 2.2,
       "exc26_riskparity_mean": -2.2,
       "n52": 683,
       "ret52_med": 2.3,
       "win52": 0.51,
       "exc52_med": -14.8,
       "mae52_med": -31.3
      },
      "10-15%|0.8-1.2 flat": {
       "n": 334,
       "ret26_med": 4.0,
       "exc26_med": -4.5,
       "win26": 0.54,
       "mae26_med": -19.0,
       "ret_over_mae_med": 0.18,
       "ret_over_mae_mean": 0.41,
       "p10_ret26": -48.6,
       "p90_ret26": 75.6,
       "ret26_per_expvol_med": 0.05,
       "exp_vol26_med": 44.5,
       "ret26_riskparity_mean": 6.6,
       "exc26_riskparity_mean": 1.6,
       "n52": 325,
       "ret52_med": -1.6,
       "win52": 0.5,
       "exc52_med": -16.2,
       "mae52_med": -30.3
      },
      "10-15%|>1.2 widening": {
       "n": 120,
       "ret26_med": -0.9,
       "exc26_med": -10.8,
       "win26": 0.49,
       "mae26_med": -23.8,
       "ret_over_mae_med": -0.04,
       "ret_over_mae_mean": 0.41,
       "p10_ret26": -58.3,
       "p90_ret26": 96.4,
       "ret26_per_expvol_med": -0.02,
       "exp_vol26_med": 45.7,
       "ret26_riskparity_mean": 5.6,
       "exc26_riskparity_mean": -0.5,
       "n52": 114,
       "ret52_med": -6.5,
       "win52": 0.47,
       "exc52_med": -22.4,
       "mae52_med": -39.0
      },
      ">15%|<0.5 tight-tail": {
       "n": 203,
       "ret26_med": 3.4,
       "exc26_med": -7.2,
       "win26": 0.53,
       "mae26_med": -17.9,
       "ret_over_mae_med": 0.18,
       "ret_over_mae_mean": 0.31,
       "p10_ret26": -48.7,
       "p90_ret26": 67.8,
       "ret26_per_expvol_med": 0.04,
       "exp_vol26_med": 48.7,
       "ret26_riskparity_mean": 2.9,
       "exc26_riskparity_mean": -0.9,
       "n52": 196,
       "ret52_med": -2.0,
       "win52": 0.47,
       "exc52_med": -21.5,
       "mae52_med": -28.1
      },
      ">15%|0.5-0.8": {
       "n": 68,
       "ret26_med": -2.0,
       "exc26_med": -17.4,
       "win26": 0.49,
       "mae26_med": -23.3,
       "ret_over_mae_med": -0.08,
       "ret_over_mae_mean": 0.38,
       "p10_ret26": -51.3,
       "p90_ret26": 59.0,
       "ret26_per_expvol_med": 0.03,
       "exp_vol26_med": 47.9,
       "ret26_riskparity_mean": 5.1,
       "exc26_riskparity_mean": 0.2,
       "n52": 61,
       "ret52_med": 0.7,
       "win52": 0.51,
       "exc52_med": -23.6,
       "mae52_med": -30.1
      },
      ">15%|0.8-1.2 flat": {
       "n": 31,
       "ret26_med": -5.0,
       "exc26_med": -30.2,
       "win26": 0.35,
       "mae26_med": -19.2,
       "ret_over_mae_med": -0.57,
       "ret_over_mae_mean": 0.07,
       "p10_ret26": -39.6,
       "p90_ret26": 62.5
      }
     },
     "by_contraction_x_vol": {
      "<0.5 tight-tail|lowvol": {
       "n": 1088,
       "ret26_med": 4.0,
       "exc26_med": -4.6,
       "win26": 0.55,
       "mae26_med": -15.1,
       "ret_over_mae_med": 0.29,
       "ret_over_mae_mean": 0.48,
       "p10_ret26": -34.7,
       "p90_ret26": 57.1,
       "ret26_per_expvol_med": 0.15,
       "exp_vol26_med": 25.8,
       "ret26_riskparity_mean": 7.8,
       "exc26_riskparity_mean": 0.1,
       "n52": 1040,
       "ret52_med": 8.2,
       "win52": 0.57,
       "exc52_med": -7.2,
       "mae52_med": -21.9
      },
      "<0.5 tight-tail|midvol": {
       "n": 1226,
       "ret26_med": -0.8,
       "exc26_med": -8.2,
       "win26": 0.49,
       "mae26_med": -18.6,
       "ret_over_mae_med": -0.06,
       "ret_over_mae_mean": 0.17,
       "p10_ret26": -43.2,
       "p90_ret26": 57.1,
       "ret26_per_expvol_med": -0.02,
       "exp_vol26_med": 39.9,
       "ret26_riskparity_mean": 2.0,
       "exc26_riskparity_mean": -2.0,
       "n52": 1188,
       "ret52_med": -2.2,
       "win52": 0.48,
       "exc52_med": -19.1,
       "mae52_med": -26.9
      },
      "<0.5 tight-tail|highvol": {
       "n": 1231,
       "ret26_med": -5.4,
       "exc26_med": -11.6,
       "win26": 0.44,
       "mae26_med": -22.4,
       "ret_over_mae_med": -0.29,
       "ret_over_mae_mean": 0.15,
       "p10_ret26": -50.7,
       "p90_ret26": 63.9,
       "ret26_per_expvol_med": -0.06,
       "exp_vol26_med": 62.4,
       "ret26_riskparity_mean": 1.5,
       "exc26_riskparity_mean": -0.7,
       "n52": 1170,
       "ret52_med": -11.2,
       "win52": 0.43,
       "exc52_med": -23.4,
       "mae52_med": -33.3
      },
      "0.5-0.8|lowvol": {
       "n": 691,
       "ret26_med": 5.9,
       "exc26_med": -4.3,
       "win26": 0.57,
       "mae26_med": -16.9,
       "ret_over_mae_med": 0.36,
       "ret_over_mae_mean": 0.5,
       "p10_ret26": -36.5,
       "p90_ret26": 64.1,
       "ret26_per_expvol_med": 0.24,
       "exp_vol26_med": 25.2,
       "ret26_riskparity_mean": 9.8,
       "exc26_riskparity_mean": -0.4,
       "n52": 665,
       "ret52_med": 18.0,
       "win52": 0.63,
       "exc52_med": -2.6,
       "mae52_med": -21.7
      },
      "0.5-0.8|midvol": {
       "n": 790,
       "ret26_med": 2.4,
       "exc26_med": -6.8,
       "win26": 0.52,
       "mae26_med": -19.0,
       "ret_over_mae_med": 0.15,
       "ret_over_mae_mean": 0.32,
       "p10_ret26": -40.1,
       "p90_ret26": 63.7,
       "ret26_per_expvol_med": 0.06,
       "exp_vol26_med": 40.2,
       "ret26_riskparity_mean": 3.7,
       "exc26_riskparity_mean": -1.1,
       "n52": 753,
       "ret52_med": 6.2,
       "win52": 0.53,
       "exc52_med": -10.4,
       "mae52_med": -26.8
      },
      "0.5-0.8|highvol": {
       "n": 808,
       "ret26_med": -3.5,
       "exc26_med": -9.5,
       "win26": 0.46,
       "mae26_med": -22.2,
       "ret_over_mae_med": -0.17,
       "ret_over_mae_mean": 0.21,
       "p10_ret26": -50.7,
       "p90_ret26": 67.3,
       "ret26_per_expvol_med": -0.04,
       "exp_vol26_med": 63.2,
       "ret26_riskparity_mean": 2.1,
       "exc26_riskparity_mean": -0.3,
       "n52": 765,
       "ret52_med": -5.9,
       "win52": 0.46,
       "exc52_med": -18.1,
       "mae52_med": -32.5
      },
      "0.8-1.2 flat|lowvol": {
       "n": 475,
       "ret26_med": 9.1,
       "exc26_med": -4.4,
       "win26": 0.6,
       "mae26_med": -15.6,
       "ret_over_mae_med": 0.88,
       "ret_over_mae_mean": 0.59,
       "p10_ret26": -38.7,
       "p90_ret26": 64.3,
       "ret26_per_expvol_med": 0.46,
       "exp_vol26_med": 24.3,
       "ret26_riskparity_mean": 12.0,
       "exc26_riskparity_mean": -0.7,
       "n52": 465,
       "ret52_med": 16.6,
       "win52": 0.63,
       "exc52_med": -5.2,
       "mae52_med": -23.1
      },
      "0.8-1.2 flat|midvol": {
       "n": 497,
       "ret26_med": 4.1,
       "exc26_med": -3.7,
       "win26": 0.55,
       "mae26_med": -16.3,
       "ret_over_mae_med": 0.23,
       "ret_over_mae_mean": 0.62,
       "p10_ret26": -44.7,
       "p90_ret26": 81.6,
       "ret26_per_expvol_med": 0.1,
       "exp_vol26_med": 40.2,
       "ret26_riskparity_mean": 7.0,
       "exc26_riskparity_mean": 2.0,
       "n52": 480,
       "ret52_med": 2.7,
       "win52": 0.51,
       "exc52_med": -18.7,
       "mae52_med": -26.9
      },
      "0.8-1.2 flat|highvol": {
       "n": 518,
       "ret26_med": -3.3,
       "exc26_med": -12.2,
       "win26": 0.47,
       "mae26_med": -23.4,
       "ret_over_mae_med": -0.16,
       "ret_over_mae_mean": 0.17,
       "p10_ret26": -55.9,
       "p90_ret26": 76.2,
       "ret26_per_expvol_med": -0.04,
       "exp_vol26_med": 62.4,
       "ret26_riskparity_mean": 1.7,
       "exc26_riskparity_mean": -1.1,
       "n52": 500,
       "ret52_med": -7.7,
       "win52": 0.44,
       "exc52_med": -22.9,
       "mae52_med": -36.4
      },
      ">1.2 widening|lowvol": {
       "n": 600,
       "ret26_med": 12.2,
       "exc26_med": -8.1,
       "win26": 0.65,
       "mae26_med": -12.6,
       "ret_over_mae_med": 1.22,
       "ret_over_mae_mean": 0.73,
       "p10_ret26": -36.6,
       "p90_ret26": 60.3,
       "ret26_per_expvol_med": 0.57,
       "exp_vol26_med": 22.4,
       "ret26_riskparity_mean": 14.3,
       "exc26_riskparity_mean": -6.5,
       "n52": 578,
       "ret52_med": 47.0,
       "win52": 0.72,
       "exc52_med": 10.9,
       "mae52_med": -16.6
      },
      ">1.2 widening|midvol": {
       "n": 343,
       "ret26_med": 2.3,
       "exc26_med": -8.9,
       "win26": 0.52,
       "mae26_med": -21.8,
       "ret_over_mae_med": 0.18,
       "ret_over_mae_mean": 0.24,
       "p10_ret26": -50.5,
       "p90_ret26": 61.8,
       "ret26_per_expvol_med": 0.06,
       "exp_vol26_med": 39.4,
       "ret26_riskparity_mean": 3.4,
       "exc26_riskparity_mean": -2.3,
       "n52": 320,
       "ret52_med": 4.3,
       "win52": 0.52,
       "exc52_med": -17.6,
       "mae52_med": -29.4
      },
      ">1.2 widening|highvol": {
       "n": 296,
       "ret26_med": -3.0,
       "exc26_med": -10.3,
       "win26": 0.47,
       "mae26_med": -23.9,
       "ret_over_mae_med": -0.11,
       "ret_over_mae_mean": 0.47,
       "p10_ret26": -56.5,
       "p90_ret26": 95.8,
       "ret26_per_expvol_med": -0.03,
       "exp_vol26_med": 61.3,
       "ret26_riskparity_mean": 4.0,
       "exc26_riskparity_mean": 1.0,
       "n52": 279,
       "ret52_med": -8.8,
       "win52": 0.44,
       "exc52_med": -24.3,
       "mae52_med": -35.3
      }
     },
     "by_contraction_x_dry": {
      "<0.5 tight-tail|<0.6 dry": {
       "n": 527,
       "ret26_med": -7.7,
       "exc26_med": -15.2,
       "win26": 0.4,
       "mae26_med": -21.6,
       "ret_over_mae_med": -0.41,
       "ret_over_mae_mean": -0.15,
       "p10_ret26": -55.5,
       "p90_ret26": 55.2,
       "ret26_per_expvol_med": -0.15,
       "exp_vol26_med": 44.5,
       "ret26_riskparity_mean": 0.1,
       "exc26_riskparity_mean": -3.4,
       "n52": 510,
       "ret52_med": -14.4,
       "win52": 0.39,
       "exc52_med": -26.1,
       "mae52_med": -32.2
      },
      "<0.5 tight-tail|0.6-0.9": {
       "n": 1843,
       "ret26_med": -0.8,
       "exc26_med": -8.9,
       "win26": 0.49,
       "mae26_med": -18.1,
       "ret_over_mae_med": -0.06,
       "ret_over_mae_mean": 0.22,
       "p10_ret26": -40.8,
       "p90_ret26": 55.4,
       "ret26_per_expvol_med": -0.04,
       "exp_vol26_med": 40.8,
       "ret26_riskparity_mean": 3.3,
       "exc26_riskparity_mean": -1.2,
       "n52": 1793,
       "ret52_med": -0.7,
       "win52": 0.49,
       "exc52_med": -15.9,
       "mae52_med": -26.8
      },
      "<0.5 tight-tail|0.9-1.2": {
       "n": 1365,
       "ret26_med": 2.9,
       "exc26_med": -4.8,
       "win26": 0.55,
       "mae26_med": -15.4,
       "ret_over_mae_med": 0.26,
       "ret_over_mae_mean": 0.45,
       "p10_ret26": -37.4,
       "p90_ret26": 55.7,
       "ret26_per_expvol_med": 0.08,
       "exp_vol26_med": 40.4,
       "ret26_riskparity_mean": 4.9,
       "exc26_riskparity_mean": 0.3,
       "n52": 1314,
       "ret52_med": 2.3,
       "win52": 0.53,
       "exc52_med": -12.2,
       "mae52_med": -23.6
      },
      "<0.5 tight-tail|>1.2 rising": {
       "n": 540,
       "ret26_med": 2.5,
       "exc26_med": -4.8,
       "win26": 0.54,
       "mae26_med": -13.7,
       "ret_over_mae_med": 0.22,
       "ret_over_mae_mean": 60.46,
       "p10_ret26": -42.0,
       "p90_ret26": 55.2,
       "ret26_per_expvol_med": 0.06,
       "exp_vol26_med": 39.2,
       "ret26_riskparity_mean": 5.1,
       "exc26_riskparity_mean": -0.2,
       "n52": 509,
       "ret52_med": 1.1,
       "win52": 0.51,
       "exc52_med": -15.0,
       "mae52_med": -19.9
      },
      "0.5-0.8|<0.6 dry": {
       "n": 238,
       "ret26_med": -3.6,
       "exc26_med": -11.9,
       "win26": 0.45,
       "mae26_med": -21.7,
       "ret_over_mae_med": -0.2,
       "ret_over_mae_mean": 0.11,
       "p10_ret26": -51.0,
       "p90_ret26": 53.0,
       "ret26_per_expvol_med": -0.08,
       "exp_vol26_med": 42.2,
       "ret26_riskparity_mean": 3.4,
       "exc26_riskparity_mean": -0.5,
       "n52": 234,
       "ret52_med": -5.0,
       "win52": 0.45,
       "exc52_med": -14.7,
       "mae52_med": -30.8
      },
      "0.5-0.8|0.6-0.9": {
       "n": 1127,
       "ret26_med": 3.1,
       "exc26_med": -5.1,
       "win26": 0.53,
       "mae26_med": -17.6,
       "ret_over_mae_med": 0.17,
       "ret_over_mae_mean": 0.37,
       "p10_ret26": -42.9,
       "p90_ret26": 65.6,
       "ret26_per_expvol_med": 0.05,
       "exp_vol26_med": 41.9,
       "ret26_riskparity_mean": 6.2,
       "exc26_riskparity_mean": 0.7,
       "n52": 1077,
       "ret52_med": 6.6,
       "win52": 0.55,
       "exc52_med": -9.4,
       "mae52_med": -26.7
      },
      "0.5-0.8|0.9-1.2": {
       "n": 938,
       "ret26_med": 3.6,
       "exc26_med": -4.8,
       "win26": 0.53,
       "mae26_med": -17.9,
       "ret_over_mae_med": 0.21,
       "ret_over_mae_mean": 1.13,
       "p10_ret26": -40.9,
       "p90_ret26": 56.3,
       "ret26_per_expvol_med": 0.07,
       "exp_vol26_med": 40.0,
       "ret26_riskparity_mean": 4.9,
       "exc26_riskparity_mean": -0.9,
       "n52": 898,
       "ret52_med": 8.4,
       "win52": 0.57,
       "exc52_med": -7.0,
       "mae52_med": -23.4
      },
      "0.5-0.8|>1.2 rising": {
       "n": 426,
       "ret26_med": 0.0,
       "exc26_med": -9.1,
       "win26": 0.5,
       "mae26_med": -17.2,
       "ret_over_mae_med": 0.0,
       "ret_over_mae_mean": 0.26,
       "p10_ret26": -43.1,
       "p90_ret26": 58.0,
       "ret26_per_expvol_med": 0.0,
       "exp_vol26_med": 40.4,
       "ret26_riskparity_mean": 2.4,
       "exc26_riskparity_mean": -3.8,
       "n52": 409,
       "ret52_med": 6.2,
       "win52": 0.53,
       "exc52_med": -9.3,
       "mae52_med": -23.4
      },
      "0.8-1.2 flat|<0.6 dry": {
       "n": 107,
       "ret26_med": 1.1,
       "exc26_med": -5.6,
       "win26": 0.5,
       "mae26_med": -20.1,
       "ret_over_mae_med": 0.03,
       "ret_over_mae_mean": 0.12,
       "p10_ret26": -56.2,
       "p90_ret26": 60.9,
       "ret26_per_expvol_med": -0.1,
       "exp_vol26_med": 45.8,
       "ret26_riskparity_mean": 1.6,
       "exc26_riskparity_mean": -1.6,
       "n52": 106,
       "ret52_med": -2.2,
       "win52": 0.47,
       "exc52_med": -15.1,
       "mae52_med": -32.0
      },
      "0.8-1.2 flat|0.6-0.9": {
       "n": 666,
       "ret26_med": 3.8,
       "exc26_med": -5.2,
       "win26": 0.54,
       "mae26_med": -16.9,
       "ret_over_mae_med": 0.27,
       "ret_over_mae_mean": 0.37,
       "p10_ret26": -52.2,
       "p90_ret26": 74.9,
       "ret26_per_expvol_med": 0.06,
       "exp_vol26_med": 42.5,
       "ret26_riskparity_mean": 6.0,
       "exc26_riskparity_mean": 0.2,
       "n52": 647,
       "ret52_med": 4.5,
       "win52": 0.53,
       "exc52_med": -13.5,
       "mae52_med": -25.5
      },
      "0.8-1.2 flat|0.9-1.2": {
       "n": 636,
       "ret26_med": 2.0,
       "exc26_med": -6.5,
       "win26": 0.53,
       "mae26_med": -18.4,
       "ret_over_mae_med": 0.12,
       "ret_over_mae_mean": 0.37,
       "p10_ret26": -41.7,
       "p90_ret26": 66.7,
       "ret26_per_expvol_med": 0.03,
       "exp_vol26_med": 39.8,
       "ret26_riskparity_mean": 6.2,
       "exc26_riskparity_mean": -1.0,
       "n52": 616,
       "ret52_med": 2.0,
       "win52": 0.51,
       "exc52_med": -17.9,
       "mae52_med": -28.7
      },
      "0.8-1.2 flat|>1.2 rising": {
       "n": 341,
       "ret26_med": 8.1,
       "exc26_med": -3.6,
       "win26": 0.59,
       "mae26_med": -14.8,
       "ret_over_mae_med": 0.81,
       "ret_over_mae_mean": 0.75,
       "p10_ret26": -39.9,
       "p90_ret26": 75.3,
       "ret26_per_expvol_med": 0.29,
       "exp_vol26_med": 37.7,
       "ret26_riskparity_mean": 11.4,
       "exc26_riskparity_mean": 2.7,
       "n52": 331,
       "ret52_med": 4.0,
       "win52": 0.55,
       "exc52_med": -16.3,
       "mae52_med": -22.0
      },
      ">1.2 widening|<0.6 dry": {
       "n": 50,
       "ret26_med": 6.0,
       "exc26_med": -3.8,
       "win26": 0.62,
       "mae26_med": -17.4,
       "ret_over_mae_med": 0.84,
       "ret_over_mae_mean": 0.34,
       "p10_ret26": -47.4,
       "p90_ret26": 42.3,
       "ret26_per_expvol_med": 0.07,
       "exp_vol26_med": 44.3,
       "ret26_riskparity_mean": 1.6,
       "exc26_riskparity_mean": -2.4,
       "n52": 50,
       "ret52_med": 11.2,
       "win52": 0.64,
       "exc52_med": -0.9,
       "mae52_med": -25.0
      },
      ">1.2 widening|0.6-0.9": {
       "n": 405,
       "ret26_med": 2.4,
       "exc26_med": -6.4,
       "win26": 0.53,
       "mae26_med": -18.0,
       "ret_over_mae_med": 0.19,
       "ret_over_mae_mean": 0.46,
       "p10_ret26": -48.2,
       "p90_ret26": 64.5,
       "ret26_per_expvol_med": 0.05,
       "exp_vol26_med": 38.8,
       "ret26_riskparity_mean": 6.5,
       "exc26_riskparity_mean": -1.0,
       "n52": 385,
       "ret52_med": 4.5,
       "win52": 0.54,
       "exc52_med": -14.5,
       "mae52_med": -28.5
      },
      ">1.2 widening|0.9-1.2": {
       "n": 570,
       "ret26_med": 5.8,
       "exc26_med": -10.8,
       "win26": 0.54,
       "mae26_med": -18.4,
       "ret_over_mae_med": 0.34,
       "ret_over_mae_mean": 0.29,
       "p10_ret26": -51.6,
       "p90_ret26": 60.4,
       "ret26_per_expvol_med": 0.13,
       "exp_vol26_med": 32.3,
       "ret26_riskparity_mean": 7.0,
       "exc26_riskparity_mean": -6.0,
       "n52": 541,
       "ret52_med": 21.0,
       "win52": 0.61,
       "exc52_med": -2.9,
       "mae52_med": -23.7
      },
      ">1.2 widening|>1.2 rising": {
       "n": 385,
       "ret26_med": 6.6,
       "exc26_med": -7.3,
       "win26": 0.61,
       "mae26_med": -13.0,
       "ret_over_mae_med": 0.73,
       "ret_over_mae_mean": 0.79,
       "p10_ret26": -36.4,
       "p90_ret26": 64.9,
       "ret26_per_expvol_med": 0.44,
       "exp_vol26_med": 27.3,
       "ret26_riskparity_mean": 15.4,
       "exc26_riskparity_mean": -2.8,
       "n52": 371,
       "ret52_med": 25.1,
       "win52": 0.63,
       "exc52_med": -1.6,
       "mae52_med": -18.6
      }
     },
     "vcp": {
      "n": 3594,
      "ret26_med": -1.2,
      "exc26_med": -9.0,
      "win26": 0.48,
      "mae26_med": -18.6,
      "ret_over_mae_med": -0.07,
      "ret_over_mae_mean": 0.2,
      "p10_ret26": -44.8,
      "p90_ret26": 58.4,
      "ret26_per_expvol_med": -0.03,
      "exp_vol26_med": 41.7,
      "ret26_riskparity_mean": 3.8,
      "exc26_riskparity_mean": -0.8,
      "n52": 3476,
      "ret52_med": -1.4,
      "win52": 0.49,
      "exc52_med": -15.5,
      "mae52_med": -27.6
     },
     "vcp_listed_lowvol": {
      "n": 488,
      "ret26_med": 7.2,
      "exc26_med": -2.7,
      "win26": 0.58,
      "mae26_med": -15.1,
      "ret_over_mae_med": 0.6,
      "ret_over_mae_mean": 0.77,
      "p10_ret26": -29.3,
      "p90_ret26": 68.7,
      "ret26_per_expvol_med": 0.28,
      "exp_vol26_med": 25.9,
      "ret26_riskparity_mean": 13.1,
      "exc26_riskparity_mean": 4.0,
      "n52": 464,
      "ret52_med": 18.1,
      "win52": 0.65,
      "exc52_med": -2.0,
      "mae52_med": -20.4
     },
     "vcp_x_tightness": {
      "<4%": {
       "n": 137,
       "ret26_med": 0.4,
       "exc26_med": -8.5,
       "win26": 0.55,
       "mae26_med": -7.0,
       "ret_over_mae_med": 0.4,
       "ret_over_mae_mean": 0.16,
       "p10_ret26": -34.8,
       "p90_ret26": 37.0,
       "ret26_per_expvol_med": 0.08,
       "exp_vol26_med": 35.6,
       "ret26_riskparity_mean": 12.2,
       "exc26_riskparity_mean": 5.5,
       "n52": 136,
       "ret52_med": 1.4,
       "win52": 0.57,
       "exc52_med": -5.4,
       "mae52_med": -9.1
      },
      "4-7%": {
       "n": 719,
       "ret26_med": 1.1,
       "exc26_med": -6.1,
       "win26": 0.51,
       "mae26_med": -16.9,
       "ret_over_mae_med": 0.12,
       "ret_over_mae_mean": 0.31,
       "p10_ret26": -41.3,
       "p90_ret26": 61.4,
       "ret26_per_expvol_med": 0.02,
       "exp_vol26_med": 37.6,
       "ret26_riskparity_mean": 7.3,
       "exc26_riskparity_mean": 1.0,
       "n52": 707,
       "ret52_med": 3.4,
       "win52": 0.53,
       "exc52_med": -11.1,
       "mae52_med": -24.4
      },
      "7-10%": {
       "n": 1451,
       "ret26_med": 0.2,
       "exc26_med": -7.4,
       "win26": 0.5,
       "mae26_med": -17.4,
       "ret_over_mae_med": 0.02,
       "ret_over_mae_mean": 0.32,
       "p10_ret26": -41.3,
       "p90_ret26": 59.1,
       "ret26_per_expvol_med": -0.01,
       "exp_vol26_med": 41.1,
       "ret26_riskparity_mean": 4.4,
       "exc26_riskparity_mean": -0.0,
       "n52": 1408,
       "ret52_med": -1.4,
       "win52": 0.49,
       "exc52_med": -14.6,
       "mae52_med": -26.9
      },
      "10-15%": {
       "n": 1148,
       "ret26_med": -4.0,
       "exc26_med": -12.1,
       "win26": 0.44,
       "mae26_med": -22.1,
       "ret_over_mae_med": -0.26,
       "ret_over_mae_mean": 0.02,
       "p10_ret26": -51.2,
       "p90_ret26": 55.4,
       "ret26_per_expvol_med": -0.08,
       "exp_vol26_med": 43.8,
       "ret26_riskparity_mean": 1.2,
       "exc26_riskparity_mean": -2.7,
       "n52": 1094,
       "ret52_med": -5.8,
       "win52": 0.46,
       "exc52_med": -21.5,
       "mae52_med": -32.5
      },
      ">15%": {
       "n": 139,
       "ret26_med": -6.1,
       "exc26_med": -14.6,
       "win26": 0.45,
       "mae26_med": -21.6,
       "ret_over_mae_med": -0.38,
       "ret_over_mae_mean": 0.17,
       "p10_ret26": -53.7,
       "p90_ret26": 56.0,
       "ret26_per_expvol_med": -0.19,
       "exp_vol26_med": 49.0,
       "ret26_riskparity_mean": 1.2,
       "exc26_riskparity_mean": -2.7,
       "n52": 131,
       "ret52_med": -13.0,
       "win52": 0.43,
       "exc52_med": -27.3,
       "mae52_med": -30.4
      }
     }
    },
    "spy_up": {
     "n": 6779,
     "ret13_med": -0.3,
     "ret26_med": -3.3,
     "exc26_med": -9.6,
     "win26": 0.46,
     "mae26_med": -19.6,
     "ret26_mean": 98.1,
     "next_break": {
      "DOWN": 0.7,
      "NONE": 0.2,
      "UP": 0.1
     },
     "wk_to_break_med": 4.0
    },
    "spy_down": {
     "n": 3385,
     "ret13_med": 9.4,
     "ret26_med": 12.2,
     "exc26_med": -2.6,
     "win26": 0.65,
     "mae26_med": -13.0,
     "ret26_mean": 18.0,
     "next_break": {
      "DOWN": 0.61,
      "NONE": 0.28,
      "UP": 0.11
     },
     "wk_to_break_med": 3.0
    },
    "spring": {
     "n": 1113,
     "ret13_med": 4.2,
     "ret26_med": 2.7,
     "exc26_med": -6.8,
     "win26": 0.53,
     "mae26_med": -19.2,
     "ret26_mean": 12.8,
     "next_break": {
      "DOWN": 0.7,
      "NONE": 0.17,
      "UP": 0.13
     },
     "wk_to_break_med": 3.0
    },
    "no_spring": {
     "n": 9051,
     "ret13_med": 2.7,
     "ret26_med": 1.5,
     "exc26_med": -7.2,
     "win26": 0.52,
     "mae26_med": -17.1,
     "ret26_mean": 78.7,
     "next_break": {
      "DOWN": 0.67,
      "NONE": 0.23,
      "UP": 0.1
     },
     "wk_to_break_med": 3.0
    },
    "by_tightness": {
     "<4%": {
      "n": 563,
      "ret13_med": 2.5,
      "ret26_med": 1.5,
      "exc26_med": -8.0,
      "win26": 0.57,
      "mae26_med": -7.7,
      "ret26_mean": 1159.2,
      "next_break": {
       "DOWN": 0.65,
       "NONE": 0.22,
       "UP": 0.13
      },
      "wk_to_break_med": 3.0
     },
     "4-7%": {
      "n": 2648,
      "ret13_med": 4.2,
      "ret26_med": 4.5,
      "exc26_med": -6.0,
      "win26": 0.55,
      "mae26_med": -15.4,
      "ret26_mean": 9.7,
      "next_break": {
       "DOWN": 0.66,
       "NONE": 0.23,
       "UP": 0.11
      },
      "wk_to_break_med": 3.0
     },
     "7-10%": {
      "n": 4031,
      "ret13_med": 2.2,
      "ret26_med": 1.6,
      "exc26_med": -6.4,
      "win26": 0.52,
      "mae26_med": -17.5,
      "ret26_mean": 7.6,
      "next_break": {
       "DOWN": 0.66,
       "NONE": 0.25,
       "UP": 0.1
      },
      "wk_to_break_med": 4.0
     },
     "10-15%": {
      "n": 2616,
      "ret13_med": 1.2,
      "ret26_med": -2.0,
      "exc26_med": -9.6,
      "win26": 0.48,
      "mae26_med": -20.9,
      "ret26_mean": 5.6,
      "next_break": {
       "DOWN": 0.7,
       "NONE": 0.19,
       "UP": 0.1
      },
      "wk_to_break_med": 4.0
     },
     ">15%": {
      "n": 306,
      "ret13_med": 2.0,
      "ret26_med": 1.8,
      "exc26_med": -9.4,
      "win26": 0.51,
      "mae26_med": -19.0,
      "ret26_mean": 7.5,
      "next_break": {
       "DOWN": 0.68,
       "NONE": 0.21,
       "UP": 0.11
      },
      "wk_to_break_med": 4.0
     }
    },
    "by_tightness_x_vol": {
     "<4%|lowvol": {
      "n": 141,
      "ret26_med": 12.8,
      "exc26_med": -8.4
     },
     "<4%|midvol": {
      "n": 43,
      "ret26_med": 1.0,
      "exc26_med": -6.4
     },
     "<4%|highvol": {
      "n": 38,
      "ret26_med": 2.6,
      "exc26_med": -0.6
     },
     "4-7%|lowvol": {
      "n": 994,
      "ret26_med": 8.5,
      "exc26_med": -6.8
     },
     "4-7%|midvol": {
      "n": 628,
      "ret26_med": 1.4,
      "exc26_med": -5.9
     },
     "4-7%|highvol": {
      "n": 519,
      "ret26_med": -2.5,
      "exc26_med": -8.1
     },
     "7-10%|lowvol": {
      "n": 1122,
      "ret26_med": 5.5,
      "exc26_med": -4.3
     },
     "7-10%|midvol": {
      "n": 1234,
      "ret26_med": 1.8,
      "exc26_med": -7.0
     },
     "7-10%|highvol": {
      "n": 1183,
      "ret26_med": -3.9,
      "exc26_med": -10.7
     },
     "10-15%|lowvol": {
      "n": 559,
      "ret26_med": 4.1,
      "exc26_med": -4.8
     },
     "10-15%|midvol": {
      "n": 849,
      "ret26_med": -0.5,
      "exc26_med": -8.3
     },
     "10-15%|highvol": {
      "n": 969,
      "ret26_med": -6.3,
      "exc26_med": -13.7
     },
     ">15%|lowvol": {
      "n": 38,
      "ret26_med": 2.8,
      "exc26_med": -6.0
     },
     ">15%|midvol": {
      "n": 102,
      "ret26_med": -0.9,
      "exc26_med": -10.8
     },
     ">15%|highvol": {
      "n": 144,
      "ret26_med": -1.3,
      "exc26_med": -12.8
     }
    },
    "mad_med_q": {
     "0.25": 0.065,
     "0.5": 0.083,
     "0.75": 0.104
    },
    "by_year": {
     "2009": {
      "n": 284,
      "ret26_med": 16.2,
      "exc26_med": 3.0
     },
     "2010": {
      "n": 506,
      "ret26_med": 18.4,
      "exc26_med": 3.2
     },
     "2011": {
      "n": 667,
      "ret26_med": 1.2,
      "exc26_med": -9.0
     },
     "2012": {
      "n": 399,
      "ret26_med": 6.5,
      "exc26_med": -1.9
     },
     "2013": {
      "n": 216,
      "ret26_med": 2.1,
      "exc26_med": -9.0
     },
     "2014": {
      "n": 496,
      "ret26_med": -4.5,
      "exc26_med": -11.5
     },
     "2015": {
      "n": 607,
      "ret26_med": -16.0,
      "exc26_med": -14.1
     },
     "2016": {
      "n": 466,
      "ret26_med": 13.8,
      "exc26_med": 3.2
     },
     "2017": {
      "n": 369,
      "ret26_med": 1.4,
      "exc26_med": -6.6
     },
     "2018": {
      "n": 664,
      "ret26_med": -6.1,
      "exc26_med": -11.8
     },
     "2019": {
      "n": 404,
      "ret26_med": -4.0,
      "exc26_med": -11.5
     },
     "2020": {
      "n": 978,
      "ret26_med": 29.6,
      "exc26_med": 0.5
     },
     "2021": {
      "n": 892,
      "ret26_med": -13.9,
      "exc26_med": -18.2
     },
     "2022": {
      "n": 990,
      "ret26_med": -2.5,
      "exc26_med": -1.2
     },
     "2023": {
      "n": 761,
      "ret26_med": 2.9,
      "exc26_med": -10.3
     },
     "2024": {
      "n": 560,
      "ret26_med": -5.0,
      "exc26_med": -15.1
     },
     "2025": {
      "n": 689,
      "ret26_med": 9.0,
      "exc26_med": -6.2
     },
     "2026": {
      "n": 216,
      "ret26_med": 3.8,
      "exc26_med": -6.0
     }
    }
   },
   "COMP": {
    "all": {
     "n": 10701,
     "ret13_med": 1.3,
     "ret26_med": 2.2,
     "exc26_med": -4.2,
     "win26": 0.54,
     "mae26_med": -12.7,
     "ret26_mean": 7.3,
     "next_break": {
      "UP": 0.77,
      "NONE": 0.16,
      "DOWN": 0.07
     },
     "wk_to_break_med": 3.0
    },
    "listed_only": {
     "n": 6347,
     "ret13_med": 2.2,
     "ret26_med": 4.1,
     "exc26_med": -3.7,
     "win26": 0.55,
     "mae26_med": -12.9,
     "ret26_mean": 9.0,
     "next_break": {
      "UP": 0.79,
      "NONE": 0.14,
      "DOWN": 0.07
     },
     "wk_to_break_med": 3.0
    },
    "v06": {
     "flatline_excluded": 25,
     "contr8_q": {
      "0.25": 0.33,
      "0.5": 0.55,
      "0.75": 0.88
     },
     "vol_dry8_q": {
      "0.25": 0.85,
      "0.5": 1.03,
      "0.75": 1.3
     },
     "rel_tight_q": {
      "0.25": 0.8,
      "0.5": 1.15,
      "0.75": 1.65
     },
     "by_contraction": {
      "<0.5 tight-tail": {
       "n": 4877,
       "ret26_med": 3.6,
       "exc26_med": -3.0,
       "win26": 0.57,
       "mae26_med": -11.3,
       "ret_over_mae_med": 0.5,
       "ret_over_mae_mean": 0.49,
       "p10_ret26": -30.9,
       "p90_ret26": 46.9,
       "ret26_per_expvol_med": 0.1,
       "exp_vol26_med": 34.9,
       "ret26_riskparity_mean": 6.0,
       "exc26_riskparity_mean": 1.1,
       "n52": 4736,
       "ret52_med": 8.0,
       "win52": 0.59,
       "exc52_med": -5.0,
       "mae52_med": -16.2
      },
      "0.5-0.8": {
       "n": 2680,
       "ret26_med": 1.6,
       "exc26_med": -4.6,
       "win26": 0.53,
       "mae26_med": -14.0,
       "ret_over_mae_med": 0.17,
       "ret_over_mae_mean": 0.36,
       "p10_ret26": -37.0,
       "p90_ret26": 52.2,
       "ret26_per_expvol_med": 0.03,
       "exp_vol26_med": 39.1,
       "ret26_riskparity_mean": 5.2,
       "exc26_riskparity_mean": 0.9,
       "n52": 2588,
       "ret52_med": 4.4,
       "win52": 0.55,
       "exc52_med": -7.8,
       "mae52_med": -19.9
      },
      "0.8-1.2 flat": {
       "n": 1802,
       "ret26_med": 0.3,
       "exc26_med": -6.9,
       "win26": 0.5,
       "mae26_med": -14.8,
       "ret_over_mae_med": 0.02,
       "ret_over_mae_mean": 0.29,
       "p10_ret26": -41.0,
       "p90_ret26": 56.8,
       "ret26_per_expvol_med": -0.01,
       "exp_vol26_med": 40.7,
       "ret26_riskparity_mean": 3.7,
       "exc26_riskparity_mean": -0.3,
       "n52": 1731,
       "ret52_med": 0.4,
       "win52": 0.51,
       "exc52_med": -11.9,
       "mae52_med": -21.6
      },
      ">1.2 widening": {
       "n": 1342,
       "ret26_med": 0.9,
       "exc26_med": -5.2,
       "win26": 0.52,
       "mae26_med": -13.6,
       "ret_over_mae_med": 0.11,
       "ret_over_mae_mean": 0.39,
       "p10_ret26": -36.8,
       "p90_ret26": 53.7,
       "ret26_per_expvol_med": 0.02,
       "exp_vol26_med": 40.5,
       "ret26_riskparity_mean": 5.3,
       "exc26_riskparity_mean": 0.9,
       "n52": 1303,
       "ret52_med": 1.9,
       "win52": 0.52,
       "exc52_med": -8.4,
       "mae52_med": -20.3
      }
     },
     "by_vol_dry": {
      "<0.6 dry": {
       "n": 405,
       "ret26_med": -1.7,
       "exc26_med": -9.2,
       "win26": 0.45,
       "mae26_med": -14.1,
       "ret_over_mae_med": -0.13,
       "ret_over_mae_mean": 0.13,
       "p10_ret26": -37.2,
       "p90_ret26": 41.8,
       "ret26_per_expvol_med": -0.05,
       "exp_vol26_med": 38.2,
       "ret26_riskparity_mean": 1.2,
       "exc26_riskparity_mean": -3.3,
       "n52": 395,
       "ret52_med": 0.9,
       "win52": 0.51,
       "exc52_med": -11.7,
       "mae52_med": -22.0
      },
      "0.6-0.9": {
       "n": 3090,
       "ret26_med": 3.4,
       "exc26_med": -4.0,
       "win26": 0.55,
       "mae26_med": -11.7,
       "ret_over_mae_med": 0.42,
       "ret_over_mae_mean": 0.47,
       "p10_ret26": -33.6,
       "p90_ret26": 51.6,
       "ret26_per_expvol_med": 0.07,
       "exp_vol26_med": 37.6,
       "ret26_riskparity_mean": 6.4,
       "exc26_riskparity_mean": 1.4,
       "n52": 3031,
       "ret52_med": 7.0,
       "win52": 0.57,
       "exc52_med": -6.7,
       "mae52_med": -17.0
      },
      "0.9-1.2": {
       "n": 3837,
       "ret26_med": 2.8,
       "exc26_med": -4.0,
       "win26": 0.56,
       "mae26_med": -13.2,
       "ret_over_mae_med": 0.36,
       "ret_over_mae_mean": 0.42,
       "p10_ret26": -35.2,
       "p90_ret26": 51.0,
       "ret26_per_expvol_med": 0.07,
       "exp_vol26_med": 38.1,
       "ret26_riskparity_mean": 5.2,
       "exc26_riskparity_mean": 0.6,
       "n52": 3733,
       "ret52_med": 6.7,
       "win52": 0.57,
       "exc52_med": -6.3,
       "mae52_med": -19.0
      },
      ">1.2 rising": {
       "n": 3369,
       "ret26_med": 1.3,
       "exc26_med": -4.1,
       "win26": 0.53,
       "mae26_med": -13.1,
       "ret_over_mae_med": 0.19,
       "ret_over_mae_mean": 0.37,
       "p10_ret26": -36.8,
       "p90_ret26": 51.5,
       "ret26_per_expvol_med": 0.04,
       "exp_vol26_med": 37.3,
       "ret26_riskparity_mean": 4.9,
       "exc26_riskparity_mean": 0.9,
       "n52": 3199,
       "ret52_med": 2.3,
       "win52": 0.54,
       "exc52_med": -7.4,
       "mae52_med": -19.0
      }
     },
     "by_rel_tight": {
      "rel-tight": {
       "n": 2896,
       "ret26_med": -1.6,
       "exc26_med": -7.8,
       "win26": 0.48,
       "mae26_med": -17.1,
       "ret_over_mae_med": -0.13,
       "ret_over_mae_mean": 0.17,
       "p10_ret26": -43.5,
       "p90_ret26": 55.5,
       "ret26_per_expvol_med": -0.03,
       "exp_vol26_med": 55.5,
       "ret26_riskparity_mean": 1.8,
       "exc26_riskparity_mean": -0.6,
       "n52": 2797,
       "ret52_med": -0.2,
       "win52": 0.5,
       "exc52_med": -12.4,
       "mae52_med": -25.3
      },
      "rel-mid": {
       "n": 2895,
       "ret26_med": 1.5,
       "exc26_med": -5.3,
       "win26": 0.53,
       "mae26_med": -13.9,
       "ret_over_mae_med": 0.21,
       "ret_over_mae_mean": 0.4,
       "p10_ret26": -35.9,
       "p90_ret26": 54.0,
       "ret26_per_expvol_med": 0.04,
       "exp_vol26_med": 38.2,
       "ret26_riskparity_mean": 4.1,
       "exc26_riskparity_mean": 0.2,
       "n52": 2790,
       "ret52_med": 3.0,
       "win52": 0.54,
       "exc52_med": -8.5,
       "mae52_med": -20.5
      },
      "rel-loose": {
       "n": 2895,
       "ret26_med": 6.6,
       "exc26_med": -0.4,
       "win26": 0.6,
       "mae26_med": -10.4,
       "ret_over_mae_med": 0.8,
       "ret_over_mae_mean": 0.74,
       "p10_ret26": -27.6,
       "p90_ret26": 52.6,
       "ret26_per_expvol_med": 0.27,
       "exp_vol26_med": 25.5,
       "ret26_riskparity_mean": 10.0,
       "exc26_riskparity_mean": 2.8,
       "n52": 2769,
       "ret52_med": 11.5,
       "win52": 0.62,
       "exc52_med": -4.2,
       "mae52_med": -14.1
      }
     },
     "by_tightness_risk": {
      "<4%": {
       "n": 555,
       "ret26_med": 3.2,
       "exc26_med": -3.0,
       "win26": 0.58,
       "mae26_med": -6.4,
       "ret_over_mae_med": 0.69,
       "ret_over_mae_mean": 0.2,
       "p10_ret26": -29.5,
       "p90_ret26": 30.1,
       "ret26_per_expvol_med": 0.01,
       "exp_vol26_med": 33.1,
       "ret26_riskparity_mean": 4.8,
       "exc26_riskparity_mean": 0.4,
       "n52": 550,
       "ret52_med": 4.6,
       "win52": 0.59,
       "exc52_med": -4.5,
       "mae52_med": -9.3
      },
      "4-7%": {
       "n": 2925,
       "ret26_med": 2.6,
       "exc26_med": -3.4,
       "win26": 0.56,
       "mae26_med": -10.5,
       "ret_over_mae_med": 0.39,
       "ret_over_mae_mean": 0.4,
       "p10_ret26": -30.6,
       "p90_ret26": 43.6,
       "ret26_per_expvol_med": 0.06,
       "exp_vol26_med": 36.2,
       "ret26_riskparity_mean": 5.0,
       "exc26_riskparity_mean": 0.4,
       "n52": 2842,
       "ret52_med": 6.3,
       "win52": 0.58,
       "exc52_med": -5.4,
       "mae52_med": -15.2
      },
      "7-10%": {
       "n": 4219,
       "ret26_med": 2.2,
       "exc26_med": -4.6,
       "win26": 0.54,
       "mae26_med": -13.4,
       "ret_over_mae_med": 0.28,
       "ret_over_mae_mean": 0.44,
       "p10_ret26": -34.8,
       "p90_ret26": 51.9,
       "ret26_per_expvol_med": 0.06,
       "exp_vol26_med": 37.6,
       "ret26_riskparity_mean": 5.7,
       "exc26_riskparity_mean": 1.0,
       "n52": 4080,
       "ret52_med": 5.1,
       "win52": 0.55,
       "exc52_med": -7.4,
       "mae52_med": -19.8
      },
      "10-15%": {
       "n": 2727,
       "ret26_med": 1.7,
       "exc26_med": -4.9,
       "win26": 0.52,
       "mae26_med": -15.5,
       "ret_over_mae_med": 0.18,
       "ret_over_mae_mean": 0.41,
       "p10_ret26": -39.9,
       "p90_ret26": 60.7,
       "ret26_per_expvol_med": 0.04,
       "exp_vol26_med": 39.2,
       "ret26_riskparity_mean": 5.1,
       "exc26_riskparity_mean": 0.9,
       "n52": 2629,
       "ret52_med": 3.3,
       "win52": 0.53,
       "exc52_med": -9.2,
       "mae52_med": -22.1
      },
      ">15%": {
       "n": 275,
       "ret26_med": -0.2,
       "exc26_med": -6.4,
       "win26": 0.48,
       "mae26_med": -20.1,
       "ret_over_mae_med": -0.01,
       "ret_over_mae_mean": 0.25,
       "p10_ret26": -42.9,
       "p90_ret26": 64.7,
       "ret26_per_expvol_med": -0.0,
       "exp_vol26_med": 41.9,
       "ret26_riskparity_mean": 3.6,
       "exc26_riskparity_mean": 0.0,
       "n52": 257,
       "ret52_med": -0.1,
       "win52": 0.5,
       "exc52_med": -12.8,
       "mae52_med": -26.2
      }
     },
     "by_tightness_x_contraction": {
      "<4%|<0.5 tight-tail": {
       "n": 176,
       "ret26_med": 3.3,
       "exc26_med": -3.9,
       "win26": 0.6,
       "mae26_med": -4.5,
       "ret_over_mae_med": 0.97,
       "ret_over_mae_mean": 0.06,
       "p10_ret26": -27.2,
       "p90_ret26": 23.4,
       "n52": 174,
       "ret52_med": 5.2,
       "win52": 0.61,
       "exc52_med": -5.8,
       "mae52_med": -8.9
      },
      "<4%|0.5-0.8": {
       "n": 134,
       "ret26_med": 4.7,
       "exc26_med": -3.4,
       "win26": 0.6,
       "mae26_med": -5.8,
       "ret_over_mae_med": 0.75,
       "ret_over_mae_mean": 0.08,
       "p10_ret26": -23.2,
       "p90_ret26": 27.0,
       "ret26_per_expvol_med": 0.0,
       "exp_vol26_med": 26.9,
       "ret26_riskparity_mean": 1.2,
       "exc26_riskparity_mean": -4.4,
       "n52": 132,
       "ret52_med": 6.4,
       "win52": 0.6,
       "exc52_med": -5.2,
       "mae52_med": -8.7
      },
      "<4%|0.8-1.2 flat": {
       "n": 98,
       "ret26_med": 5.6,
       "exc26_med": -1.5,
       "win26": 0.64,
       "mae26_med": -5.2,
       "ret_over_mae_med": 1.65,
       "ret_over_mae_mean": 1.18,
       "p10_ret26": -18.9,
       "p90_ret26": 43.4,
       "ret26_per_expvol_med": 0.04,
       "exp_vol26_med": 35.3,
       "ret26_riskparity_mean": 9.1,
       "exc26_riskparity_mean": 5.3,
       "n52": 98,
       "ret52_med": 5.7,
       "win52": 0.61,
       "exc52_med": -3.0,
       "mae52_med": -7.4
      },
      "<4%|>1.2 widening": {
       "n": 147,
       "ret26_med": 0.4,
       "exc26_med": -3.0,
       "win26": 0.51,
       "mae26_med": -10.0,
       "ret_over_mae_med": 0.03,
       "ret_over_mae_mean": 0.06,
       "p10_ret26": -34.6,
       "p90_ret26": 32.3,
       "ret26_per_expvol_med": -0.02,
       "exp_vol26_med": 33.3,
       "ret26_riskparity_mean": 5.4,
       "exc26_riskparity_mean": 1.1,
       "n52": 146,
       "ret52_med": 2.2,
       "win52": 0.54,
       "exc52_med": -4.7,
       "mae52_med": -14.1
      },
      "4-7%|<0.5 tight-tail": {
       "n": 887,
       "ret26_med": 3.9,
       "exc26_med": -2.0,
       "win26": 0.6,
       "mae26_med": -8.8,
       "ret_over_mae_med": 0.59,
       "ret_over_mae_mean": 0.6,
       "p10_ret26": -22.8,
       "p90_ret26": 40.3,
       "ret26_per_expvol_med": 0.1,
       "exp_vol26_med": 32.3,
       "ret26_riskparity_mean": 6.1,
       "exc26_riskparity_mean": 1.3,
       "n52": 875,
       "ret52_med": 9.7,
       "win52": 0.64,
       "exc52_med": -2.7,
       "mae52_med": -12.1
      },
      "4-7%|0.5-0.8": {
       "n": 749,
       "ret26_med": 2.2,
       "exc26_med": -3.4,
       "win26": 0.54,
       "mae26_med": -10.3,
       "ret_over_mae_med": 0.3,
       "ret_over_mae_mean": 0.33,
       "p10_ret26": -30.5,
       "p90_ret26": 40.7,
       "ret26_per_expvol_med": 0.06,
       "exp_vol26_med": 36.5,
       "ret26_riskparity_mean": 4.7,
       "exc26_riskparity_mean": 0.2,
       "n52": 724,
       "ret52_med": 5.4,
       "win52": 0.58,
       "exc52_med": -5.0,
       "mae52_med": -15.1
      },
      "4-7%|0.8-1.2 flat": {
       "n": 659,
       "ret26_med": 1.8,
       "exc26_med": -4.2,
       "win26": 0.54,
       "mae26_med": -12.2,
       "ret_over_mae_med": 0.22,
       "ret_over_mae_mean": 0.35,
       "p10_ret26": -37.2,
       "p90_ret26": 54.9,
       "ret26_per_expvol_med": 0.05,
       "exp_vol26_med": 36.7,
       "ret26_riskparity_mean": 4.6,
       "exc26_riskparity_mean": 0.2,
       "n52": 633,
       "ret52_med": 3.1,
       "win52": 0.55,
       "exc52_med": -8.7,
       "mae52_med": -17.4
      },
      "4-7%|>1.2 widening": {
       "n": 630,
       "ret26_med": 1.2,
       "exc26_med": -4.8,
       "win26": 0.53,
       "mae26_med": -12.8,
       "ret_over_mae_med": 0.14,
       "ret_over_mae_mean": 0.32,
       "p10_ret26": -34.2,
       "p90_ret26": 44.9,
       "ret26_per_expvol_med": 0.03,
       "exp_vol26_med": 37.9,
       "ret26_riskparity_mean": 4.5,
       "exc26_riskparity_mean": -0.0,
       "n52": 610,
       "ret52_med": 3.7,
       "win52": 0.54,
       "exc52_med": -7.2,
       "mae52_med": -17.4
      },
      "7-10%|<0.5 tight-tail": {
       "n": 1929,
       "ret26_med": 3.2,
       "exc26_med": -3.7,
       "win26": 0.57,
       "mae26_med": -11.5,
       "ret_over_mae_med": 0.45,
       "ret_over_mae_mean": 0.43,
       "p10_ret26": -30.9,
       "p90_ret26": 45.5,
       "ret26_per_expvol_med": 0.09,
       "exp_vol26_med": 34.0,
       "ret26_riskparity_mean": 5.5,
       "exc26_riskparity_mean": 0.4,
       "n52": 1883,
       "ret52_med": 7.7,
       "win52": 0.58,
       "exc52_med": -6.0,
       "mae52_med": -16.8
      },
      "7-10%|0.5-0.8": {
       "n": 1123,
       "ret26_med": 4.0,
       "exc26_med": -3.5,
       "win26": 0.55,
       "mae26_med": -14.3,
       "ret_over_mae_med": 0.39,
       "ret_over_mae_mean": 0.51,
       "p10_ret26": -35.3,
       "p90_ret26": 55.0,
       "ret26_per_expvol_med": 0.07,
       "exp_vol26_med": 38.2,
       "ret26_riskparity_mean": 7.2,
       "exc26_riskparity_mean": 2.5,
       "n52": 1078,
       "ret52_med": 7.3,
       "win52": 0.56,
       "exc52_med": -6.9,
       "mae52_med": -20.6
      },
      "7-10%|0.8-1.2 flat": {
       "n": 715,
       "ret26_med": -2.3,
       "exc26_med": -8.5,
       "win26": 0.47,
       "mae26_med": -16.7,
       "ret_over_mae_med": -0.18,
       "ret_over_mae_mean": 0.26,
       "p10_ret26": -39.9,
       "p90_ret26": 54.5,
       "ret26_per_expvol_med": -0.04,
       "exp_vol26_med": 41.5,
       "ret26_riskparity_mean": 3.5,
       "exc26_riskparity_mean": -0.7,
       "n52": 683,
       "ret52_med": -0.3,
       "win52": 0.49,
       "exc52_med": -13.8,
       "mae52_med": -24.7
      },
      "7-10%|>1.2 widening": {
       "n": 452,
       "ret26_med": 1.2,
       "exc26_med": -5.7,
       "win26": 0.53,
       "mae26_med": -15.4,
       "ret_over_mae_med": 0.18,
       "ret_over_mae_mean": 0.57,
       "p10_ret26": -39.1,
       "p90_ret26": 69.9,
       "ret26_per_expvol_med": 0.04,
       "exp_vol26_med": 43.5,
       "ret26_riskparity_mean": 7.0,
       "exc26_riskparity_mean": 2.5,
       "n52": 436,
       "ret52_med": 0.3,
       "win52": 0.5,
       "exc52_med": -14.5,
       "mae52_med": -24.0
      },
      "10-15%|<0.5 tight-tail": {
       "n": 1695,
       "ret26_med": 4.4,
       "exc26_med": -2.5,
       "win26": 0.56,
       "mae26_med": -12.6,
       "ret_over_mae_med": 0.48,
       "ret_over_mae_mean": 0.58,
       "p10_ret26": -33.8,
       "p90_ret26": 55.1,
       "ret26_per_expvol_med": 0.13,
       "exp_vol26_med": 35.8,
       "ret26_riskparity_mean": 6.7,
       "exc26_riskparity_mean": 1.9,
       "n52": 1627,
       "ret52_med": 8.1,
       "win52": 0.58,
       "exc52_med": -5.5,
       "mae52_med": -18.5
      },
      "10-15%|0.5-0.8": {
       "n": 617,
       "ret26_med": -2.4,
       "exc26_med": -10.3,
       "win26": 0.46,
       "mae26_med": -19.8,
       "ret_over_mae_med": -0.15,
       "ret_over_mae_mean": 0.24,
       "p10_ret26": -47.0,
       "p90_ret26": 65.9,
       "ret26_per_expvol_med": -0.06,
       "exp_vol26_med": 43.3,
       "ret26_riskparity_mean": 2.9,
       "exc26_riskparity_mean": -0.7,
       "n52": 598,
       "ret52_med": -2.6,
       "win52": 0.48,
       "exc52_med": -17.3,
       "mae52_med": -27.6
      },
      "10-15%|0.8-1.2 flat": {
       "n": 310,
       "ret26_med": -6.8,
       "exc26_med": -12.4,
       "win26": 0.45,
       "mae26_med": -22.9,
       "ret_over_mae_med": -0.31,
       "ret_over_mae_mean": 0.14,
       "p10_ret26": -51.8,
       "p90_ret26": 69.3,
       "ret26_per_expvol_med": -0.15,
       "exp_vol26_med": 48.1,
       "ret26_riskparity_mean": 1.9,
       "exc26_riskparity_mean": -1.0,
       "n52": 300,
       "ret52_med": -11.7,
       "win52": 0.39,
       "exc52_med": -25.0,
       "mae52_med": -31.5
      },
      "10-15%|>1.2 widening": {
       "n": 105,
       "ret26_med": -1.8,
       "exc26_med": -7.9,
       "win26": 0.48,
       "mae26_med": -18.5,
       "ret_over_mae_med": -0.14,
       "ret_over_mae_mean": 0.42,
       "p10_ret26": -38.6,
       "p90_ret26": 78.5,
       "ret26_per_expvol_med": -0.08,
       "exp_vol26_med": 46.6,
       "ret26_riskparity_mean": 3.6,
       "exc26_riskparity_mean": -0.1,
       "n52": 104,
       "ret52_med": 0.4,
       "win52": 0.5,
       "exc52_med": -11.1,
       "mae52_med": -27.6
      },
      ">15%|<0.5 tight-tail": {
       "n": 190,
       "ret26_med": 1.2,
       "exc26_med": -4.7,
       "win26": 0.52,
       "mae26_med": -19.0,
       "ret_over_mae_med": 0.1,
       "ret_over_mae_mean": 0.32,
       "p10_ret26": -37.3,
       "p90_ret26": 56.7,
       "ret26_per_expvol_med": 0.03,
       "exp_vol26_med": 38.3,
       "ret26_riskparity_mean": 4.5,
       "exc26_riskparity_mean": 0.8,
       "n52": 177,
       "ret52_med": -0.5,
       "win52": 0.49,
       "exc52_med": -11.9,
       "mae52_med": -24.9
      },
      ">15%|0.5-0.8": {
       "n": 57,
       "ret26_med": -3.6,
       "exc26_med": -15.1,
       "win26": 0.39,
       "mae26_med": -21.9,
       "ret_over_mae_med": -0.18,
       "ret_over_mae_mean": 0.12,
       "p10_ret26": -51.3,
       "p90_ret26": 73.6,
       "ret26_per_expvol_med": -0.1,
       "exp_vol26_med": 45.6,
       "ret26_riskparity_mean": 1.4,
       "exc26_riskparity_mean": -1.8,
       "n52": 56,
       "ret52_med": -2.8,
       "win52": 0.48,
       "exc52_med": -19.5,
       "mae52_med": -30.5
      }
     },
     "by_contraction_x_vol": {
      "<0.5 tight-tail|lowvol": {
       "n": 1538,
       "ret26_med": 8.0,
       "exc26_med": 0.5,
       "win26": 0.64,
       "mae26_med": -8.2,
       "ret_over_mae_med": 1.2,
       "ret_over_mae_mean": 0.81,
       "p10_ret26": -21.7,
       "p90_ret26": 44.6,
       "ret26_per_expvol_med": 0.34,
       "exp_vol26_med": 23.8,
       "ret26_riskparity_mean": 9.9,
       "exc26_riskparity_mean": 2.2,
       "n52": 1481,
       "ret52_med": 12.4,
       "win52": 0.64,
       "exc52_med": -2.7,
       "mae52_med": -11.4
      },
      "<0.5 tight-tail|midvol": {
       "n": 1274,
       "ret26_med": 2.0,
       "exc26_med": -4.2,
       "win26": 0.55,
       "mae26_med": -13.1,
       "ret_over_mae_med": 0.27,
       "ret_over_mae_mean": 0.52,
       "p10_ret26": -31.2,
       "p90_ret26": 57.4,
       "ret26_per_expvol_med": 0.05,
       "exp_vol26_med": 36.9,
       "ret26_riskparity_mean": 4.9,
       "exc26_riskparity_mean": 1.1,
       "n52": 1229,
       "ret52_med": 7.0,
       "win52": 0.59,
       "exc52_med": -6.4,
       "mae52_med": -19.0
      },
      "<0.5 tight-tail|highvol": {
       "n": 1100,
       "ret26_med": -1.1,
       "exc26_med": -6.9,
       "win26": 0.48,
       "mae26_med": -17.2,
       "ret_over_mae_med": -0.11,
       "ret_over_mae_mean": 0.21,
       "p10_ret26": -43.6,
       "p90_ret26": 54.8,
       "ret26_per_expvol_med": -0.01,
       "exp_vol26_med": 57.5,
       "ret26_riskparity_mean": 1.7,
       "exc26_riskparity_mean": -0.3,
       "n52": 1068,
       "ret52_med": 0.9,
       "win52": 0.51,
       "exc52_med": -9.5,
       "mae52_med": -25.8
      },
      "0.5-0.8|lowvol": {
       "n": 656,
       "ret26_med": 8.6,
       "exc26_med": 0.5,
       "win26": 0.62,
       "mae26_med": -9.7,
       "ret_over_mae_med": 0.86,
       "ret_over_mae_mean": 0.84,
       "p10_ret26": -27.4,
       "p90_ret26": 52.5,
       "ret26_per_expvol_med": 0.35,
       "exp_vol26_med": 24.3,
       "ret26_riskparity_mean": 10.8,
       "exc26_riskparity_mean": 3.2,
       "n52": 623,
       "ret52_med": 13.3,
       "win52": 0.64,
       "exc52_med": -1.8,
       "mae52_med": -12.8
      },
      "0.5-0.8|midvol": {
       "n": 724,
       "ret26_med": 0.9,
       "exc26_med": -5.4,
       "win26": 0.51,
       "mae26_med": -14.7,
       "ret_over_mae_med": 0.09,
       "ret_over_mae_mean": 0.46,
       "p10_ret26": -36.3,
       "p90_ret26": 58.8,
       "ret26_per_expvol_med": 0.03,
       "exp_vol26_med": 38.2,
       "ret26_riskparity_mean": 5.1,
       "exc26_riskparity_mean": 1.1,
       "n52": 695,
       "ret52_med": 4.0,
       "win52": 0.55,
       "exc52_med": -8.0,
       "mae52_med": -20.2
      },
      "0.5-0.8|highvol": {
       "n": 757,
       "ret26_med": -7.3,
       "exc26_med": -12.3,
       "win26": 0.43,
       "mae26_med": -21.8,
       "ret_over_mae_med": -0.4,
       "ret_over_mae_mean": 0.04,
       "p10_ret26": -47.2,
       "p90_ret26": 57.3,
       "ret26_per_expvol_med": -0.09,
       "exp_vol26_med": 60.6,
       "ret26_riskparity_mean": 0.5,
       "exc26_riskparity_mean": -1.4,
       "n52": 731,
       "ret52_med": -5.7,
       "win52": 0.46,
       "exc52_med": -17.9,
       "mae52_med": -30.5
      },
      "0.8-1.2 flat|lowvol": {
       "n": 387,
       "ret26_med": 1.3,
       "exc26_med": -4.7,
       "win26": 0.53,
       "mae26_med": -11.9,
       "ret_over_mae_med": 0.13,
       "ret_over_mae_mean": 0.31,
       "p10_ret26": -37.3,
       "p90_ret26": 51.5,
       "ret26_per_expvol_med": 0.07,
       "exp_vol26_med": 25.2,
       "ret26_riskparity_mean": 5.4,
       "exc26_riskparity_mean": -1.5,
       "n52": 368,
       "ret52_med": 6.0,
       "win52": 0.55,
       "exc52_med": -6.6,
       "mae52_med": -15.6
      },
      "0.8-1.2 flat|midvol": {
       "n": 534,
       "ret26_med": 1.0,
       "exc26_med": -5.6,
       "win26": 0.52,
       "mae26_med": -14.9,
       "ret_over_mae_med": 0.1,
       "ret_over_mae_mean": 0.39,
       "p10_ret26": -37.3,
       "p90_ret26": 62.5,
       "ret26_per_expvol_med": 0.03,
       "exp_vol26_med": 38.5,
       "ret26_riskparity_mean": 4.2,
       "exc26_riskparity_mean": 0.3,
       "n52": 511,
       "ret52_med": 2.3,
       "win52": 0.52,
       "exc52_med": -9.0,
       "mae52_med": -22.7
      },
      "0.8-1.2 flat|highvol": {
       "n": 584,
       "ret26_med": -5.9,
       "exc26_med": -11.7,
       "win26": 0.44,
       "mae26_med": -20.1,
       "ret_over_mae_med": -0.34,
       "ret_over_mae_mean": 0.18,
       "p10_ret26": -50.8,
       "p90_ret26": 66.6,
       "ret26_per_expvol_med": -0.08,
       "exp_vol26_med": 58.4,
       "ret26_riskparity_mean": 2.0,
       "exc26_riskparity_mean": -0.1,
       "n52": 556,
       "ret52_med": -9.7,
       "win52": 0.44,
       "exc52_med": -20.6,
       "mae52_med": -29.9
      },
      ">1.2 widening|lowvol": {
       "n": 314,
       "ret26_med": 5.2,
       "exc26_med": -0.9,
       "win26": 0.61,
       "mae26_med": -8.4,
       "ret_over_mae_med": 0.95,
       "ret_over_mae_mean": 0.88,
       "p10_ret26": -25.0,
       "p90_ret26": 50.9,
       "ret26_per_expvol_med": 0.22,
       "exp_vol26_med": 24.0,
       "ret26_riskparity_mean": 11.4,
       "exc26_riskparity_mean": 3.0,
       "n52": 298,
       "ret52_med": 6.2,
       "win52": 0.58,
       "exc52_med": -5.8,
       "mae52_med": -11.8
      },
      ">1.2 widening|midvol": {
       "n": 369,
       "ret26_med": 1.4,
       "exc26_med": -5.6,
       "win26": 0.54,
       "mae26_med": -12.9,
       "ret_over_mae_med": 0.22,
       "ret_over_mae_mean": 0.55,
       "p10_ret26": -35.6,
       "p90_ret26": 65.2,
       "ret26_per_expvol_med": 0.04,
       "exp_vol26_med": 38.2,
       "ret26_riskparity_mean": 5.5,
       "exc26_riskparity_mean": 1.7,
       "n52": 358,
       "ret52_med": 2.1,
       "win52": 0.54,
       "exc52_med": -9.7,
       "mae52_med": -18.8
      },
      ">1.2 widening|highvol": {
       "n": 452,
       "ret26_med": -4.2,
       "exc26_med": -9.9,
       "win26": 0.45,
       "mae26_med": -21.2,
       "ret_over_mae_med": -0.22,
       "ret_over_mae_mean": 0.13,
       "p10_ret26": -45.2,
       "p90_ret26": 59.0,
       "ret26_per_expvol_med": -0.05,
       "exp_vol26_med": 57.8,
       "ret26_riskparity_mean": 1.0,
       "exc26_riskparity_mean": -1.2,
       "n52": 441,
       "ret52_med": -5.0,
       "win52": 0.46,
       "exc52_med": -15.7,
       "mae52_med": -31.4
      }
     },
     "by_contraction_x_dry": {
      "<0.5 tight-tail|<0.6 dry": {
       "n": 234,
       "ret26_med": -0.1,
       "exc26_med": -8.2,
       "win26": 0.5,
       "mae26_med": -11.9,
       "ret_over_mae_med": -0.0,
       "ret_over_mae_mean": 0.26,
       "p10_ret26": -28.6,
       "p90_ret26": 42.4,
       "ret26_per_expvol_med": 0.02,
       "exp_vol26_med": 35.5,
       "ret26_riskparity_mean": 3.2,
       "exc26_riskparity_mean": -1.6,
       "n52": 228,
       "ret52_med": 1.3,
       "win52": 0.54,
       "exc52_med": -9.9,
       "mae52_med": -18.1
      },
      "<0.5 tight-tail|0.6-0.9": {
       "n": 1570,
       "ret26_med": 4.8,
       "exc26_med": -2.5,
       "win26": 0.57,
       "mae26_med": -10.8,
       "ret_over_mae_med": 0.55,
       "ret_over_mae_mean": 0.54,
       "p10_ret26": -29.6,
       "p90_ret26": 46.6,
       "ret26_per_expvol_med": 0.12,
       "exp_vol26_med": 33.7,
       "ret26_riskparity_mean": 6.6,
       "exc26_riskparity_mean": 1.2,
       "n52": 1540,
       "ret52_med": 10.5,
       "win52": 0.61,
       "exc52_med": -4.2,
       "mae52_med": -14.9
      },
      "<0.5 tight-tail|0.9-1.2": {
       "n": 1804,
       "ret26_med": 3.3,
       "exc26_med": -3.7,
       "win26": 0.58,
       "mae26_med": -11.6,
       "ret_over_mae_med": 0.45,
       "ret_over_mae_mean": 0.44,
       "p10_ret26": -33.3,
       "p90_ret26": 47.0,
       "ret26_per_expvol_med": 0.1,
       "exp_vol26_med": 35.0,
       "ret26_riskparity_mean": 5.5,
       "exc26_riskparity_mean": 0.7,
       "n52": 1765,
       "ret52_med": 8.1,
       "win52": 0.59,
       "exc52_med": -5.2,
       "mae52_med": -16.8
      },
      "<0.5 tight-tail|>1.2 rising": {
       "n": 1269,
       "ret26_med": 4.1,
       "exc26_med": -1.0,
       "win26": 0.57,
       "mae26_med": -11.1,
       "ret_over_mae_med": 0.57,
       "ret_over_mae_mean": 0.55,
       "p10_ret26": -30.2,
       "p90_ret26": 48.4,
       "ret26_per_expvol_med": 0.14,
       "exp_vol26_med": 35.3,
       "ret26_riskparity_mean": 6.3,
       "exc26_riskparity_mean": 2.2,
       "n52": 1203,
       "ret52_med": 5.0,
       "win52": 0.58,
       "exc52_med": -4.8,
       "mae52_med": -16.2
      },
      "0.5-0.8|<0.6 dry": {
       "n": 91,
       "ret26_med": -3.3,
       "exc26_med": -5.8,
       "win26": 0.42,
       "mae26_med": -13.5,
       "ret_over_mae_med": -0.21,
       "ret_over_mae_mean": 0.43,
       "p10_ret26": -36.5,
       "p90_ret26": 48.5,
       "ret26_per_expvol_med": -0.11,
       "exp_vol26_med": 45.6,
       "ret26_riskparity_mean": 1.8,
       "exc26_riskparity_mean": -1.5,
       "n52": 90,
       "ret52_med": 4.7,
       "win52": 0.52,
       "exc52_med": -7.7,
       "mae52_med": -24.5
      },
      "0.5-0.8|0.6-0.9": {
       "n": 786,
       "ret26_med": 2.7,
       "exc26_med": -4.9,
       "win26": 0.54,
       "mae26_med": -12.0,
       "ret_over_mae_med": 0.36,
       "ret_over_mae_mean": 0.46,
       "p10_ret26": -36.4,
       "p90_ret26": 51.9,
       "ret26_per_expvol_med": 0.02,
       "exp_vol26_med": 39.7,
       "ret26_riskparity_mean": 7.1,
       "exc26_riskparity_mean": 2.2,
       "n52": 765,
       "ret52_med": 4.2,
       "win52": 0.56,
       "exc52_med": -8.6,
       "mae52_med": -17.9
      },
      "0.5-0.8|0.9-1.2": {
       "n": 975,
       "ret26_med": 1.5,
       "exc26_med": -4.5,
       "win26": 0.53,
       "mae26_med": -14.6,
       "ret_over_mae_med": 0.16,
       "ret_over_mae_mean": 0.38,
       "p10_ret26": -33.7,
       "p90_ret26": 53.3,
       "ret26_per_expvol_med": 0.04,
       "exp_vol26_med": 38.9,
       "ret26_riskparity_mean": 5.0,
       "exc26_riskparity_mean": 0.6,
       "n52": 943,
       "ret52_med": 7.2,
       "win52": 0.56,
       "exc52_med": -5.3,
       "mae52_med": -20.1
      },
      "0.5-0.8|>1.2 rising": {
       "n": 828,
       "ret26_med": 1.1,
       "exc26_med": -4.6,
       "win26": 0.52,
       "mae26_med": -15.0,
       "ret_over_mae_med": 0.13,
       "ret_over_mae_mean": 0.25,
       "p10_ret26": -40.1,
       "p90_ret26": 51.2,
       "ret26_per_expvol_med": 0.06,
       "exp_vol26_med": 38.5,
       "ret26_riskparity_mean": 4.2,
       "exc26_riskparity_mean": 0.3,
       "n52": 790,
       "ret52_med": 1.8,
       "win52": 0.52,
       "exc52_med": -9.6,
       "mae52_med": -20.4
      },
      "0.8-1.2 flat|<0.6 dry": {
       "n": 55,
       "ret26_med": -11.0,
       "exc26_med": -21.3,
       "win26": 0.35,
       "mae26_med": -24.4,
       "ret_over_mae_med": -0.45,
       "ret_over_mae_mean": -0.4,
       "p10_ret26": -45.7,
       "p90_ret26": 33.8,
       "ret26_per_expvol_med": -0.22,
       "exp_vol26_med": 39.4,
       "ret26_riskparity_mean": -4.9,
       "exc26_riskparity_mean": -10.0,
       "n52": 52,
       "ret52_med": -11.9,
       "win52": 0.4,
       "exc52_med": -27.6,
       "mae52_med": -33.3
      },
      "0.8-1.2 flat|0.6-0.9": {
       "n": 490,
       "ret26_med": 0.6,
       "exc26_med": -5.7,
       "win26": 0.52,
       "mae26_med": -13.4,
       "ret_over_mae_med": 0.1,
       "ret_over_mae_mean": 0.32,
       "p10_ret26": -41.9,
       "p90_ret26": 62.5,
       "ret26_per_expvol_med": 0.02,
       "exp_vol26_med": 41.8,
       "ret26_riskparity_mean": 4.9,
       "exc26_riskparity_mean": 1.0,
       "n52": 485,
       "ret52_med": 1.4,
       "win52": 0.51,
       "exc52_med": -10.9,
       "mae52_med": -21.1
      },
      "0.8-1.2 flat|0.9-1.2": {
       "n": 636,
       "ret26_med": 0.4,
       "exc26_med": -6.7,
       "win26": 0.51,
       "mae26_med": -15.6,
       "ret_over_mae_med": 0.04,
       "ret_over_mae_mean": 0.29,
       "p10_ret26": -40.5,
       "p90_ret26": 54.9,
       "ret26_per_expvol_med": -0.01,
       "exp_vol26_med": 40.9,
       "ret26_riskparity_mean": 3.8,
       "exc26_riskparity_mean": -0.6,
       "n52": 611,
       "ret52_med": 0.9,
       "win52": 0.51,
       "exc52_med": -13.6,
       "mae52_med": -23.3
      },
      "0.8-1.2 flat|>1.2 rising": {
       "n": 621,
       "ret26_med": 0.2,
       "exc26_med": -7.1,
       "win26": 0.5,
       "mae26_med": -14.0,
       "ret_over_mae_med": 0.01,
       "ret_over_mae_mean": 0.34,
       "p10_ret26": -39.1,
       "p90_ret26": 58.0,
       "ret26_per_expvol_med": -0.03,
       "exp_vol26_med": 39.8,
       "ret26_riskparity_mean": 3.3,
       "exc26_riskparity_mean": -0.2,
       "n52": 583,
       "ret52_med": 0.2,
       "win52": 0.5,
       "exc52_med": -9.5,
       "mae52_med": -20.4
      },
      ">1.2 widening|0.6-0.9": {
       "n": 244,
       "ret26_med": 1.1,
       "exc26_med": -5.2,
       "win26": 0.52,
       "mae26_med": -13.7,
       "ret_over_mae_med": 0.18,
       "ret_over_mae_mean": 0.44,
       "p10_ret26": -33.4,
       "p90_ret26": 61.3,
       "ret26_per_expvol_med": 0.06,
       "exp_vol26_med": 42.8,
       "ret26_riskparity_mean": 6.0,
       "exc26_riskparity_mean": 1.1,
       "n52": 241,
       "ret52_med": 1.4,
       "win52": 0.52,
       "exc52_med": -11.5,
       "mae52_med": -21.2
      },
      ">1.2 widening|0.9-1.2": {
       "n": 422,
       "ret26_med": 7.8,
       "exc26_med": -1.1,
       "win26": 0.61,
       "mae26_med": -12.6,
       "ret_over_mae_med": 0.67,
       "ret_over_mae_mean": 0.63,
       "p10_ret26": -37.4,
       "p90_ret26": 54.8,
       "ret26_per_expvol_med": 0.14,
       "exp_vol26_med": 44.9,
       "ret26_riskparity_mean": 6.8,
       "exc26_riskparity_mean": 2.0,
       "n52": 414,
       "ret52_med": 6.2,
       "win52": 0.57,
       "exc52_med": -6.7,
       "mae52_med": -17.8
      },
      ">1.2 widening|>1.2 rising": {
       "n": 651,
       "ret26_med": -2.2,
       "exc26_med": -6.8,
       "win26": 0.47,
       "mae26_med": -14.0,
       "ret_over_mae_med": -0.16,
       "ret_over_mae_mean": 0.27,
       "p10_ret26": -36.9,
       "p90_ret26": 50.5,
       "ret26_per_expvol_med": -0.03,
       "exp_vol26_med": 37.9,
       "ret26_riskparity_mean": 4.6,
       "exc26_riskparity_mean": 0.6,
       "n52": 623,
       "ret52_med": 0.2,
       "win52": 0.5,
       "exc52_med": -7.8,
       "mae52_med": -21.2
      }
     },
     "vcp": {
      "n": 2549,
      "ret26_med": 3.4,
      "exc26_med": -4.1,
      "win26": 0.55,
      "mae26_med": -11.1,
      "ret_over_mae_med": 0.42,
      "ret_over_mae_mean": 0.5,
      "p10_ret26": -31.5,
      "p90_ret26": 47.9,
      "ret26_per_expvol_med": 0.06,
      "exp_vol26_med": 36.1,
      "ret26_riskparity_mean": 6.4,
      "exc26_riskparity_mean": 1.2,
      "n52": 2492,
      "ret52_med": 8.0,
      "win52": 0.59,
      "exc52_med": -6.2,
      "mae52_med": -16.6
     },
     "vcp_listed_lowvol": {
      "n": 469,
      "ret26_med": 11.7,
      "exc26_med": 1.6,
      "win26": 0.66,
      "mae26_med": -8.3,
      "ret_over_mae_med": 1.75,
      "ret_over_mae_mean": 1.01,
      "p10_ret26": -21.8,
      "p90_ret26": 52.2,
      "ret26_per_expvol_med": 0.53,
      "exp_vol26_med": 22.8,
      "ret26_riskparity_mean": 13.3,
      "exc26_riskparity_mean": 3.7,
      "n52": 456,
      "ret52_med": 17.9,
      "win52": 0.68,
      "exc52_med": -2.4,
      "mae52_med": -10.8
     },
     "vcp_x_tightness": {
      "<4%": {
       "n": 147,
       "ret26_med": 4.3,
       "exc26_med": -4.1,
       "win26": 0.59,
       "mae26_med": -4.8,
       "ret_over_mae_med": 0.79,
       "ret_over_mae_mean": 0.29,
       "p10_ret26": -16.5,
       "p90_ret26": 26.7,
       "ret26_per_expvol_med": -0.04,
       "exp_vol26_med": 38.6,
       "ret26_riskparity_mean": 2.4,
       "exc26_riskparity_mean": -3.1,
       "n52": 145,
       "ret52_med": 7.0,
       "win52": 0.61,
       "exc52_med": -8.6,
       "mae52_med": -8.9
      },
      "4-7%": {
       "n": 651,
       "ret26_med": 4.9,
       "exc26_med": -1.6,
       "win26": 0.59,
       "mae26_med": -8.8,
       "ret_over_mae_med": 0.7,
       "ret_over_mae_mean": 0.58,
       "p10_ret26": -26.6,
       "p90_ret26": 46.2,
       "ret26_per_expvol_med": 0.14,
       "exp_vol26_med": 36.2,
       "ret26_riskparity_mean": 7.5,
       "exc26_riskparity_mean": 2.3,
       "n52": 638,
       "ret52_med": 9.9,
       "win52": 0.65,
       "exc52_med": -3.0,
       "mae52_med": -11.9
      },
      "7-10%": {
       "n": 1023,
       "ret26_med": 4.0,
       "exc26_med": -4.1,
       "win26": 0.56,
       "mae26_med": -12.5,
       "ret_over_mae_med": 0.43,
       "ret_over_mae_mean": 0.53,
       "p10_ret26": -30.6,
       "p90_ret26": 48.6,
       "ret26_per_expvol_med": 0.07,
       "exp_vol26_med": 35.7,
       "ret26_riskparity_mean": 7.6,
       "exc26_riskparity_mean": 2.1,
       "n52": 1002,
       "ret52_med": 9.1,
       "win52": 0.57,
       "exc52_med": -6.2,
       "mae52_med": -18.4
      },
      "10-15%": {
       "n": 663,
       "ret26_med": 0.1,
       "exc26_med": -5.9,
       "win26": 0.5,
       "mae26_med": -14.1,
       "ret_over_mae_med": 0.01,
       "ret_over_mae_mean": 0.46,
       "p10_ret26": -37.5,
       "p90_ret26": 53.9,
       "ret26_per_expvol_med": -0.03,
       "exp_vol26_med": 36.3,
       "ret26_riskparity_mean": 4.3,
       "exc26_riskparity_mean": -0.5,
       "n52": 645,
       "ret52_med": 3.5,
       "win52": 0.54,
       "exc52_med": -12.0,
       "mae52_med": -21.1
      },
      ">15%": {
       "n": 65,
       "ret26_med": -1.1,
       "exc26_med": -6.4,
       "win26": 0.46,
       "mae26_med": -19.4,
       "ret_over_mae_med": -0.05,
       "ret_over_mae_mean": 0.2,
       "p10_ret26": -37.3,
       "p90_ret26": 56.5,
       "ret26_per_expvol_med": -0.01,
       "exp_vol26_med": 39.2,
       "ret26_riskparity_mean": 5.4,
       "exc26_riskparity_mean": 1.2,
       "n52": 62,
       "ret52_med": 1.3,
       "win52": 0.52,
       "exc52_med": -10.1,
       "mae52_med": -27.2
      }
     }
    },
    "spy_up": {
     "n": 9488,
     "ret13_med": 1.1,
     "ret26_med": 1.7,
     "exc26_med": -4.3,
     "win26": 0.53,
     "mae26_med": -13.1,
     "ret26_mean": 7.0,
     "next_break": {
      "UP": 0.76,
      "NONE": 0.16,
      "DOWN": 0.08
     },
     "wk_to_break_med": 3.0
    },
    "spy_down": {
     "n": 1213,
     "ret13_med": 3.3,
     "ret26_med": 5.9,
     "exc26_med": -4.0,
     "win26": 0.61,
     "mae26_med": -9.7,
     "ret26_mean": 9.7,
     "next_break": {
      "UP": 0.81,
      "NONE": 0.14,
      "DOWN": 0.06
     },
     "wk_to_break_med": 2.0
    },
    "spring": {
     "n": 1015,
     "ret13_med": 2.0,
     "ret26_med": 3.6,
     "exc26_med": -4.4,
     "win26": 0.55,
     "mae26_med": -14.4,
     "ret26_mean": 11.9,
     "next_break": {
      "UP": 0.75,
      "NONE": 0.15,
      "DOWN": 0.09
     },
     "wk_to_break_med": 3.0
    },
    "no_spring": {
     "n": 9686,
     "ret13_med": 1.2,
     "ret26_med": 2.1,
     "exc26_med": -4.2,
     "win26": 0.54,
     "mae26_med": -12.6,
     "ret26_mean": 6.8,
     "next_break": {
      "UP": 0.77,
      "NONE": 0.16,
      "DOWN": 0.07
     },
     "wk_to_break_med": 3.0
    },
    "by_tightness": {
     "<4%": {
      "n": 555,
      "ret13_med": 1.4,
      "ret26_med": 3.2,
      "exc26_med": -3.0,
      "win26": 0.58,
      "mae26_med": -6.4,
      "ret26_mean": 2.7,
      "next_break": {
       "UP": 0.8,
       "DOWN": 0.1,
       "NONE": 0.1
      },
      "wk_to_break_med": 2.0
     },
     "4-7%": {
      "n": 2925,
      "ret13_med": 1.9,
      "ret26_med": 2.6,
      "exc26_med": -3.4,
      "win26": 0.56,
      "mae26_med": -10.5,
      "ret26_mean": 6.3,
      "next_break": {
       "UP": 0.81,
       "NONE": 0.14,
       "DOWN": 0.05
      },
      "wk_to_break_med": 2.0
     },
     "7-10%": {
      "n": 4219,
      "ret13_med": 1.3,
      "ret26_med": 2.2,
      "exc26_med": -4.6,
      "win26": 0.54,
      "mae26_med": -13.4,
      "ret26_mean": 8.0,
      "next_break": {
       "UP": 0.77,
       "NONE": 0.16,
       "DOWN": 0.07
      },
      "wk_to_break_med": 2.0
     },
     "10-15%": {
      "n": 2727,
      "ret13_med": 0.9,
      "ret26_med": 1.7,
      "exc26_med": -4.9,
      "win26": 0.52,
      "mae26_med": -15.5,
      "ret26_mean": 8.5,
      "next_break": {
       "UP": 0.72,
       "NONE": 0.19,
       "DOWN": 0.1
      },
      "wk_to_break_med": 4.0
     },
     ">15%": {
      "n": 275,
      "ret13_med": -2.3,
      "ret26_med": -0.2,
      "exc26_med": -6.4,
      "win26": 0.48,
      "mae26_med": -20.1,
      "ret26_mean": 5.8,
      "next_break": {
       "UP": 0.69,
       "NONE": 0.21,
       "DOWN": 0.09
      },
      "wk_to_break_med": 4.0
     }
    },
    "by_tightness_x_vol": {
     "<4%|lowvol": {
      "n": 82,
      "ret26_med": 4.5,
      "exc26_med": -1.8
     },
     "<4%|midvol": {
      "n": 50,
      "ret26_med": 0.9,
      "exc26_med": -3.7
     },
     "<4%|highvol": {
      "n": 49,
      "ret26_med": -0.3,
      "exc26_med": -6.9
     },
     "4-7%|lowvol": {
      "n": 821,
      "ret26_med": 6.2,
      "exc26_med": -0.1
     },
     "4-7%|midvol": {
      "n": 686,
      "ret26_med": 1.8,
      "exc26_med": -4.1
     },
     "4-7%|highvol": {
      "n": 665,
      "ret26_med": -1.5,
      "exc26_med": -7.5
     },
     "7-10%|lowvol": {
      "n": 1201,
      "ret26_med": 7.6,
      "exc26_med": 0.4
     },
     "7-10%|midvol": {
      "n": 1278,
      "ret26_med": 1.4,
      "exc26_med": -5.8
     },
     "7-10%|highvol": {
      "n": 1167,
      "ret26_med": -3.3,
      "exc26_med": -9.2
     },
     "10-15%|lowvol": {
      "n": 735,
      "ret26_med": 7.3,
      "exc26_med": -1.4
     },
     "10-15%|midvol": {
      "n": 792,
      "ret26_med": 2.2,
      "exc26_med": -4.0
     },
     "10-15%|highvol": {
      "n": 910,
      "ret26_med": -6.5,
      "exc26_med": -12.2
     },
     ">15%|lowvol": {
      "n": 56,
      "ret26_med": 12.6,
      "exc26_med": -0.4
     },
     ">15%|midvol": {
      "n": 95,
      "ret26_med": -0.2,
      "exc26_med": -6.8
     },
     ">15%|highvol": {
      "n": 102,
      "ret26_med": -5.0,
      "exc26_med": -11.8
     }
    },
    "mad_med_q": {
     "0.25": 0.064,
     "0.5": 0.082,
     "0.75": 0.103
    },
    "by_year": {
     "2009": {
      "n": 666,
      "ret26_med": 10.4,
      "exc26_med": -1.6
     },
     "2010": {
      "n": 797,
      "ret26_med": 0.6,
      "exc26_med": -3.2
     },
     "2011": {
      "n": 403,
      "ret26_med": -13.6,
      "exc26_med": -11.0
     },
     "2012": {
      "n": 526,
      "ret26_med": 0.8,
      "exc26_med": -5.2
     },
     "2013": {
      "n": 651,
      "ret26_med": 12.2,
      "exc26_med": 2.0
     },
     "2014": {
      "n": 391,
      "ret26_med": 2.5,
      "exc26_med": -4.1
     },
     "2015": {
      "n": 422,
      "ret26_med": -9.6,
      "exc26_med": -8.2
     },
     "2016": {
      "n": 659,
      "ret26_med": 3.5,
      "exc26_med": -4.2
     },
     "2017": {
      "n": 512,
      "ret26_med": 7.9,
      "exc26_med": 0.1
     },
     "2018": {
      "n": 411,
      "ret26_med": -7.3,
      "exc26_med": -6.5
     },
     "2019": {
      "n": 460,
      "ret26_med": -8.4,
      "exc26_med": -11.8
     },
     "2020": {
      "n": 1006,
      "ret26_med": 28.5,
      "exc26_med": 12.5
     },
     "2021": {
      "n": 790,
      "ret26_med": -10.2,
      "exc26_med": -16.6
     },
     "2022": {
      "n": 494,
      "ret26_med": -9.6,
      "exc26_med": -8.8
     },
     "2023": {
      "n": 862,
      "ret26_med": 1.6,
      "exc26_med": -9.2
     },
     "2024": {
      "n": 759,
      "ret26_med": -3.3,
      "exc26_med": -9.0
     },
     "2025": {
      "n": 713,
      "ret26_med": 9.4,
      "exc26_med": 1.7
     },
     "2026": {
      "n": 179,
      "ret26_med": 1.9,
      "exc26_med": -6.4
     }
    }
   }
  }
 },
 "live_screen": {
  "open_bases": 1357,
  "composite_now": 172,
  "tickers": {
   "1.5": [
    "A",
    "ABUS",
    "ACAD",
    "AMPH",
    "AQST",
    "ARTNA",
    "ATHM",
    "BANR",
    "BLTE",
    "BRBS",
    "CACI",
    "CBSH",
    "CNH",
    "CNNE",
    "COFS",
    "CRVL",
    "DJCO",
    "DLO",
    "DNOW",
    "DV",
    "EE",
    "EIG",
    "EQNR",
    "ETD",
    "FCNCA",
    "FMNB",
    "GCMG",
    "GDOT",
    "GLP",
    "GMAB",
    "GPN",
    "HAFN",
    "HCC",
    "HCI",
    "HGTY",
    "HMC",
    "HSTM",
    "HTGC",
    "IBCP",
    "IBEX",
    "IDCC",
    "IDT",
    "IDYA",
    "IMMR",
    "IOSP",
    "JCAP",
    "KFY",
    "LNC",
    "MDXG",
    "MET",
    "MMSI",
    "MSFT",
    "MSI",
    "NBTB",
    "NEOG",
    "NMIH",
    "NWSA",
    "NX",
    "OCUL",
    "ONC",
    "PAM",
    "PANL",
    "PJT",
    "PRU",
    "QRVO",
    "RACE",
    "RDNT",
    "REPX",
    "RICK",
    "RJF",
    "SAP",
    "SBH",
    "SFNC",
    "SHC",
    "SIG",
    "SOLV",
    "SSB",
    "STRF",
    "SYBT",
    "SYF-P-B",
    "TDW",
    "TMO",
    "TRMD",
    "TTEK",
    "USPH",
    "VEON",
    "VIR",
    "VRSN",
    "VRTX",
    "VZLA",
    "WAT",
    "WBD",
    "WF",
    "XFLT"
   ],
   "2.0": [
    "ACAD",
    "AGMB",
    "AII",
    "ARX",
    "ASIC",
    "ATKR",
    "BIIB",
    "BLTE",
    "BWIN",
    "BWMN",
    "BXC",
    "CARL",
    "CBLL",
    "CLW",
    "CNK",
    "CSTL",
    "CZR",
    "DCTH",
    "DSGR",
    "DXCM",
    "EPC",
    "FRHC",
    "FRSH",
    "FSM",
    "FWDI",
    "GIC",
    "GMAB",
    "HIPO",
    "HMY",
    "HOOD",
    "HRMY",
    "HURN",
    "IBTA",
    "INFU",
    "INSP",
    "ITGR",
    "JCAP",
    "JHX",
    "KINS",
    "KMX",
    "KNTK",
    "KURA",
    "LB",
    "MANH",
    "MBIN",
    "MEDP",
    "NOW",
    "NX",
    "OPRT",
    "OSPN",
    "PAM",
    "PANL",
    "PRGO",
    "QNST",
    "QRVO",
    "RDNT",
    "REGN",
    "RIGL",
    "S",
    "SDGR",
    "SENS",
    "SGP",
    "SLDE",
    "SLP",
    "SMC",
    "STRF",
    "SXC",
    "SYF-P-B",
    "TARS",
    "TITN",
    "TLX",
    "UROY",
    "VREX",
    "W",
    "WKC",
    "WPP",
    "WST",
    "ZBRA"
   ]
  },
  "by_tightness": {
   "1.5": {
    "10-15%": 2,
    "4-7%": 49,
    "7-10%": 34,
    "<4%": 9
   },
   "2.0": {
    "10-15%": 34,
    "4-7%": 8,
    "7-10%": 25,
    "<4%": 1,
    ">15%": 10
   }
  },
  "vcp_now": {
   "1.5": [
    "CRVL",
    "EQNR",
    "FCNCA",
    "GDOT",
    "HMC",
    "IDCC",
    "NEOG",
    "NX",
    "QRVO",
    "RACE",
    "RDNT",
    "SBH",
    "STRF",
    "SYF-P-B",
    "TDW",
    "WBD",
    "WF"
   ],
   "2.0": [
    "ASIC",
    "BIIB",
    "CZR",
    "HMY",
    "HOOD",
    "IBTA",
    "INSP",
    "KINS",
    "KMX",
    "LB",
    "MEDP",
    "NX",
    "PAM",
    "QRVO",
    "SLP",
    "STRF",
    "SYF-P-B"
   ]
  },
  "tight_contracting_now": {
   "1.5": [
    "ARTNA",
    "BANR",
    "BLTE",
    "BRBS",
    "COFS",
    "DLO",
    "DNOW",
    "DV",
    "EE",
    "EQNR",
    "FCNCA",
    "FMNB",
    "GCMG",
    "GDOT",
    "GLP",
    "GPN",
    "HMC",
    "HTGC",
    "IBCP",
    "IMMR",
    "IOSP",
    "KFY",
    "LNC",
    "MET",
    "MSFT",
    "NBTB",
    "NEOG",
    "NMIH",
    "ONC",
    "PRU",
    "QRVO",
    "RACE",
    "RJF",
    "SBH",
    "SHC",
    "SOLV",
    "SSB",
    "STRF",
    "SYBT",
    "SYF-P-B",
    "USPH",
    "WBD"
   ],
   "2.0": [
    "BLTE",
    "DSGR",
    "INFU",
    "KINS",
    "STRF",
    "SYF-P-B",
    "VREX",
    "WKC"
   ]
  }
 },
 "_meta": {
  "tickers": 17886,
  "events": 27065,
  "signals": 57643,
  "live_bases": 1357,
  "asof": "2026-09-11",
  "prices": "eodhd_cache/eod_us.parquet",
  "params": {
   "R": [
    1.5,
    2.0
   ],
   "LMIN": 26,
   "LMAX": 156,
   "CONFIRM_WK": 4,
   "FLAT": 0.4,
   "MIN_PRICE": 3.0,
   "MIN_WK_DOLLAR_VOL": 5000000.0
  }
 }
}
status=ok
/home/runner/work/vbt-data/vbt-data/private/gallery_wide.py:59: UserWarning: Tight layout not applied. tight_layout cannot make Axes height small enough to accommodate all Axes decorations.
  fig.tight_layout(rect=(0, 0, 1, 0.97)); f = f"{out}/{name}_{p+1}.png"; fig.savefig(f, dpi=105); plt.close(fig); files.append(f)
/home/runner/work/vbt-data/vbt-data/private/gallery_wide.py:59: UserWarning: Tight layout not applied. tight_layout cannot make Axes height small enough to accommodate all Axes decorations.
  fig.tight_layout(rect=(0, 0, 1, 0.97)); f = f"{out}/{name}_{p+1}.png"; fig.savefig(f, dpi=105); plt.close(fig); files.append(f)
/home/runner/work/vbt-data/vbt-data/private/gallery_wide.py:59: UserWarning: Tight layout not applied. tight_layout cannot make Axes height small enough to accommodate all Axes decorations.
  fig.tight_layout(rect=(0, 0, 1, 0.97)); f = f"{out}/{name}_{p+1}.png"; fig.savefig(f, dpi=105); plt.close(fig); files.append(f)
/home/runner/work/vbt-data/vbt-data/private/gallery_wide.py:59: UserWarning: Tight layout not applied. tight_layout cannot make Axes height small enough to accommodate all Axes decorations.
  fig.tight_layout(rect=(0, 0, 1, 0.97)); f = f"{out}/{name}_{p+1}.png"; fig.savefig(f, dpi=105); plt.close(fig); files.append(f)
tight_up 18 rows -> ['private/gallery/tight_up_1.png', 'private/gallery/tight_up_2.png']
tight_down 18 rows -> ['private/gallery/tight_down_1.png', 'private/gallery/tight_down_2.png']
loose_up 18 rows -> ['private/gallery/loose_up_1.png', 'private/gallery/loose_up_2.png']
tight_contract 18 rows -> ['private/gallery/tight_contract_1.png', 'private/gallery/tight_contract_2.png']
live_tight 18 rows -> ['private/gallery/live_tight_1.png', 'private/gallery/live_tight_2.png']
live_vcp 18 rows -> ['private/gallery/live_vcp_1.png', 'private/gallery/live_vcp_2.png']
