ticker,R,start,asof,base_len,close,base_hi,base_lo,range_ratio,drift,prior_dd,above_ma200,pos_now,ma_now,slope_now,rsi_now,hl_now,wk_since_low_now
A,1.5,2025-05-16,2026-09-11,70,143.12,159.0,107.44,1.48,0.34,-0.29,True,0.69,True,0.19,55.5,1,68
A,2.0,2020-07-17,2026-09-11,322,143.12,173.03,90.51,1.91,0.08,0.05,True,0.64,True,0.19,55.5,6,321
AA,2.0,2025-11-28,2026-09-11,42,48.3,77.49,41.52,1.87,-0.09,-0.09,True,0.19,False,-0.257,42.7,0,41
AACQ,1.5,2020-09-04,2021-07-02,44,9.37,13.2,9.37,1.41,0.02,,,0.0,False,-0.093,35.0,0,0
AACQ,2.0,2020-09-04,2021-07-02,44,9.37,13.2,9.37,1.41,0.02,,,0.0,False,-0.093,35.0,0,0
AAI,1.5,2010-10-01,2011-05-06,32,7.43,7.51,7.27,1.03,-0.14,-0.02,True,0.67,False,-0.006,59.1,0,10
AAL,2.0,2022-04-29,2026-09-11,229,12.85,18.77,9.46,1.98,-0.18,-0.62,False,0.36,True,0.218,43.9,3,75
AAM_old,1.5,2018-10-26,2022-03-04,176,12600.0,14500.0,9769.23,1.48,0.05,-0.06,True,0.6,True,0.063,57.8,6,170
AAN,2.0,2023-08-04,2024-10-04,62,10.09,12.66,6.63,1.91,-0.14,-0.75,False,0.57,True,0.262,61.8,1,47
AAON,2.0,2024-02-02,2026-09-11,137,76.52,139.92,71.32,1.96,0.15,-0.02,False,0.08,False,-0.104,37.9,2,118
AAP,1.5,2026-01-09,2026-09-11,36,43.31,61.9,42.58,1.45,0.13,-0.48,False,0.04,False,-0.031,38.7,1,3
AAP,2.0,2025-05-16,2026-09-11,70,43.31,61.9,34.2,1.81,0.09,-0.69,False,0.33,False,-0.031,38.7,2,69
AAT,2.0,2022-05-06,2026-09-11,228,21.38,26.38,13.75,1.92,-0.0,-0.55,True,0.6,True,0.142,46.3,5,181
AAUC,2.0,2025-11-14,2026-09-11,44,22.48,31.92,16.26,1.96,-0.12,-0.11,True,0.4,False,-0.225,43.8,0,42
AAWW,1.5,2022-07-22,2023-03-24,36,102.48,102.48,69.63,1.47,0.34,-0.26,True,1.0,True,0.017,65.2,0,35
ABEO,2.0,2024-05-03,2026-09-11,124,5.48,7.24,4.06,1.78,0.16,-0.53,True,0.45,True,0.184,46.2,1,120
ABG,2.0,2022-10-28,2026-09-11,203,208.81,303.37,153.88,1.97,0.14,-0.33,False,0.37,True,0.091,48.2,2,201
ABM,2.0,2020-06-05,2026-09-11,328,49.07,55.33,27.84,1.99,0.37,-0.23,True,0.77,True,0.174,63.8,6,326
ABMD,2.0,2020-05-22,2022-12-23,136,381.02,381.02,206.16,1.85,0.14,-0.54,True,1.0,True,0.217,71.1,2,135
ABNB,2.0,2023-01-13,2026-09-11,192,167.65,189.43,100.37,1.89,0.15,-0.53,True,0.76,True,0.216,59.0,5,191
ABS,1.5,2018-08-31,2019-06-07,41,18.46,24.95,18.26,1.37,-0.36,,,0.03,False,-0.11,30.8,0,1
ABS,2.0,2018-08-31,2019-06-07,41,18.46,24.95,18.26,1.37,-0.36,,,0.03,False,-0.11,30.8,0,1
ABT,2.0,2020-04-03,2026-09-11,337,103.36,133.67,70.45,1.9,0.29,-0.12,False,0.52,True,0.115,50.0,7,336
ABUS,1.5,2025-08-22,2026-09-11,56,5.12,5.21,3.59,1.45,0.34,-0.21,True,0.94,True,0.098,60.8,1,55
ABVX,1.5,2025-10-31,2026-09-11,46,115.95,144.65,96.55,1.5,0.06,0.03,True,0.4,True,0.045,49.3,0,13
ABX,1.5,2026-02-13,2026-09-11,31,9.53,11.86,8.09,1.47,0.37,-0.32,True,0.38,True,0.125,51.2,1,23
ABX_old,1.5,2018-01-19,2019-04-05,64,13.56,14.53,9.92,1.47,0.02,-0.54,False,0.79,False,-0.008,57.0,1,33
ACAD,1.5,2025-05-16,2026-09-11,70,27.74,29.5,20.06,1.47,0.32,-0.38,True,0.81,True,0.237,59.7,2,48
ACAD,2.0,2025-05-02,2026-09-11,72,27.74,29.5,14.91,1.98,0.28,-0.54,True,0.88,True,0.237,59.7,2,71
ACAS,1.5,2013-01-04,2017-01-06,210,17.99,17.99,12.26,1.47,0.39,-0.01,True,1.0,True,0.042,72.7,3,185
ACCO,2.0,2022-06-03,2026-09-11,224,4.2,5.46,2.76,1.98,-0.4,-0.61,True,0.53,True,0.211,56.5,3,25
ACDC,2.0,2026-01-02,2026-09-11,37,5.19,7.55,4.04,1.87,-0.02,-0.58,False,0.33,False,-0.257,48.2,0,36
ACEL,1.5,2023-05-05,2026-09-11,176,11.53,13.3,9.11,1.46,0.37,-0.33,True,0.58,True,0.043,43.9,3,174
ACEL,2.0,2020-03-27,2026-09-11,338,11.53,14.0,7.27,1.93,0.11,-0.45,True,0.63,True,0.043,43.9,6,336
ACGL,1.5,2024-01-05,2026-09-11,141,96.2,109.22,73.04,1.5,0.2,-0.11,True,0.64,True,0.053,48.2,2,140
ACI,2.0,2022-04-15,2026-09-11,231,11.7,21.53,11.03,1.95,-0.33,-0.54,False,0.06,False,-0.212,34.0,1,7
ACIC,1.5,2023-12-29,2026-09-11,142,9.35,12.79,8.57,1.49,0.15,0.02,True,0.19,False,-0.072,36.9,2,141
ACIC-U,1.5,2020-10-23,2021-12-17,61,730.0,745.0,600.0,1.24,0.37,,,0.9,False,-0.025,56.2,1,59
ACIC-U,2.0,2020-10-23,2021-12-17,61,730.0,745.0,600.0,1.24,0.37,,,0.9,False,-0.025,56.2,1,59
ACIW,1.5,2024-06-28,2026-09-11,116,51.97,58.64,39.37,1.49,-0.14,0.05,True,0.65,True,0.254,54.7,1,114
ACIW,2.0,2024-01-12,2026-09-11,140,51.97,58.64,29.48,1.99,0.39,-0.15,True,0.77,True,0.254,54.7,1,136
ACL,2.0,2020-08-07,2022-03-04,83,22100.0,22100.0,11550.0,1.91,0.3,-0.74,True,1.0,True,0.218,75.7,2,34
ACND,2.0,2020-09-18,2021-09-24,54,8.18,14.07,7.37,1.91,-0.08,,,0.12,False,-0.017,41.9,1,4
ACND-U,1.5,2020-08-07,2021-07-23,46,9.52,11.06,9.13,1.21,-0.1,,,0.2,False,-0.038,39.1,1,1
ACND-U,2.0,2020-08-07,2021-07-23,46,9.52,11.06,9.13,1.21,-0.1,,,0.2,False,-0.038,39.1,1,1
ACND-WS,1.5,2020-09-18,2021-07-23,45,9.52,11.06,9.13,1.21,-0.1,,,0.2,False,-0.038,37.7,1,1
ACND-WS,2.0,2020-09-18,2021-07-23,45,9.52,11.06,9.13,1.21,-0.1,,,0.2,False,-0.038,37.7,1,1
ACO,2.0,2010-07-09,2014-05-09,201,45.74,46.66,23.83,1.96,0.37,-0.24,True,0.96,True,0.383,76.7,4,137
ACOM_old1,2.0,2011-07-29,2012-12-28,75,32.05,35.61,21.06,1.69,0.35,-0.54,True,0.76,True,0.015,60.2,1,32
ACRE,2.0,2024-02-16,2026-09-11,135,4.37,6.02,3.04,1.98,-0.32,-0.68,False,0.45,False,-0.047,44.5,3,74
ADBE,1.5,2026-02-06,2026-09-11,32,248.83,291.52,195.16,1.49,-0.06,-0.69,False,0.56,True,0.004,47.6,0,12
ADEA,1.5,2026-03-13,2026-09-11,27,26.31,32.88,22.66,1.45,0.1,0.1,True,0.36,False,-0.009,50.4,0,26
ADGI,2.0,2022-03-04,2022-11-18,38,3.48,5.05,2.72,1.86,-0.12,-0.95,,0.33,True,0.041,46.7,0,27
ADNT,1.5,2025-06-13,2026-09-11,66,18.86,27.09,18.41,1.47,-0.25,-0.58,False,0.05,False,-0.073,43.5,1,65
ADNT,2.0,2025-05-09,2026-09-11,71,18.86,27.09,14.67,1.85,0.04,-0.67,False,0.34,False,-0.073,43.5,1,70
ADRO,2.0,2020-02-07,2020-10-09,36,14.6,18.25,10.9,1.67,-0.3,-0.77,False,0.5,False,-0.015,54.4,0,17
ADS,2.0,2020-11-13,2022-04-01,73,56.8,98.59,52.0,1.9,-0.01,-0.65,False,0.1,False,-0.107,38.3,0,72
ADSK,2.0,2020-04-17,2026-09-11,335,211.61,334.38,167.77,1.99,0.11,-0.2,False,0.26,False,-0.042,41.8,6,221
ADT,2.0,2020-08-14,2026-09-11,318,7.01,10.18,5.21,1.95,-0.06,-0.51,True,0.36,True,0.046,47.4,9,150
ADUS,1.5,2024-03-01,2026-09-11,133,118.52,133.87,89.83,1.49,-0.26,-0.2,True,0.65,True,0.188,62.1,1,77
ADUS,2.0,2020-04-03,2026-09-11,337,118.52,133.87,71.53,1.87,0.36,-0.31,True,0.75,True,0.188,62.1,5,336
AEBI,2.0,2025-07-04,2026-09-11,63,11.99,15.55,9.37,1.66,0.17,,,0.42,True,0.112,44.8,1,24
AEIS,1.5,2026-02-06,2026-09-11,32,273.74,388.79,272.82,1.43,-0.29,0.04,True,0.01,False,-0.104,44.4,0,2
AEK,1.5,2012-02-10,2018-04-13,323,25.55,29.14,24.72,1.18,-0.3,,False,0.19,False,-0.005,35.9,7,308
AEK,2.0,2012-02-10,2018-04-13,323,25.55,29.14,24.72,1.18,-0.3,,False,0.19,False,-0.005,35.9,7,308
AEM,2.0,2025-08-08,2026-09-11,58,196.68,249.98,131.83,1.9,0.25,0.05,True,0.55,False,-0.088,55.7,0,56
AEO,1.5,2026-03-06,2026-09-11,28,14.53,19.27,14.53,1.33,-0.19,-0.47,False,0.0,False,-0.006,39.2,0,0
AEO,2.0,2025-09-05,2026-09-11,54,14.53,27.32,14.04,1.95,-0.26,-0.41,False,0.04,False,-0.006,39.2,0,48
AEPPL,1.5,2019-03-15,2022-03-25,159,52.61,53.54,36.74,1.46,0.24,,True,0.94,True,0.06,71.0,3,105
AEPPL,2.0,2019-03-15,2022-03-25,159,52.61,53.54,36.74,1.46,0.24,,True,0.94,True,0.06,71.0,3,105
AERO,1.5,2026-03-06,2026-09-11,28,15.2,18.34,12.36,1.48,0.19,,,0.47,True,0.035,41.9,0,25
AES,2.0,2024-06-07,2026-09-11,119,14.8,18.05,9.17,1.97,0.05,-0.62,False,0.63,True,0.033,59.6,3,82
AESI,2.0,2026-01-02,2026-09-11,37,13.87,19.07,9.63,1.98,0.31,-0.58,False,0.45,False,-0.14,50.9,0,28
AEUA,1.5,2016-04-22,2018-06-08,112,36.87,45.95,31.63,1.45,-0.05,-0.26,False,0.37,False,-0.082,53.5,0,9
AEXA,1.5,2025-09-26,2026-09-11,51,11.38,11.85,10.61,1.12,0.3,,,0.62,True,0.03,52.6,2,50
AEXA,2.0,2025-09-26,2026-09-11,51,11.38,11.85,10.61,1.12,0.3,,,0.62,True,0.03,52.6,2,50
AFFX,2.0,2014-10-31,2016-04-01,75,14.01,15.99,8.67,1.84,0.27,-0.09,True,0.73,True,0.49,60.7,0,26
AFIN,1.5,2020-11-13,2022-04-22,76,7.9,9.33,6.23,1.5,0.21,-0.45,False,0.54,False,-0.061,51.3,0,75
AFOP,2.0,2013-07-05,2016-06-10,154,18.51,21.75,11.09,1.96,0.07,0.0,True,0.7,True,0.24,61.9,0,87
AFRM,2.0,2025-09-26,2026-09-11,51,67.99,84.58,42.53,1.99,0.08,-0.54,True,0.61,True,0.274,47.7,2,24
AFSI,2.0,2017-04-14,2018-11-30,86,14.75,15.2,8.59,1.77,0.21,-0.73,False,0.93,False,-0.012,62.4,1,53
AFYA,2.0,2023-04-14,2026-09-11,179,13.57,21.15,10.74,1.97,-0.15,-0.58,False,0.27,False,-0.008,43.7,3,175
AG,1.5,2026-03-13,2026-09-11,27,20.15,22.52,15.02,1.5,-0.33,-0.53,True,0.68,False,-0.088,53.4,0,6
AG,2.0,2026-03-06,2026-09-11,28,20.15,25.79,15.02,1.72,-0.33,-0.53,True,0.48,False,-0.088,53.4,0,6
AGAM,2.0,2009-10-23,2010-11-19,57,21.2,21.2,12.17,1.74,0.38,,,1.0,True,0.263,74.0,1,52
AGCO,1.5,2025-05-02,2026-09-11,72,121.93,139.71,93.69,1.49,0.34,-0.27,True,0.61,False,-0.008,55.1,1,71
AGCO,2.0,2020-11-06,2026-09-11,306,121.93,139.71,74.89,1.87,0.03,0.08,True,0.73,False,-0.008,55.1,4,300
AGI,2.0,2025-08-22,2026-09-11,56,35.67,54.02,27.8,1.94,0.09,-0.06,True,0.3,False,-0.21,49.4,0,6
AGIO,2.0,2024-12-13,2026-09-11,92,33.64,43.65,24.46,1.78,-0.1,-0.6,True,0.48,True,0.183,51.6,2,38
AGM,2.0,2023-05-19,2026-09-11,174,224.6,235.54,123.26,1.91,0.35,-0.07,True,0.9,True,0.288,67.6,1,172
AGMB,2.0,2026-02-06,2026-09-11,32,13.94,16.02,9.61,1.67,-0.02,,,0.68,True,0.203,57.0,0,13
AGN,2.0,2017-08-11,2020-05-08,144,193.02,222.56,114.04,1.95,-0.01,-0.62,True,0.73,False,-0.009,60.6,3,47
AGO,1.5,2023-11-03,2026-09-11,150,73.07,91.77,61.99,1.48,0.24,-0.0,False,0.37,True,0.005,39.3,2,148
AGR,1.5,2022-09-23,2024-12-27,119,36.02,40.51,27.24,1.49,-0.21,-0.42,False,0.66,True,0.015,67.0,2,61
AGR,2.0,2015-12-25,2024-12-27,471,36.02,47.15,25.67,1.84,0.21,-0.27,False,0.48,True,0.015,67.0,7,421
AGRO,2.0,2025-12-26,2026-09-11,38,12.33,15.09,7.69,1.96,0.26,-0.3,True,0.63,False,-0.216,58.5,0,36
AGX,2.0,2026-02-13,2026-09-11,31,396.33,764.83,396.33,1.93,0.1,0.01,True,0.0,False,-0.096,35.8,0,0
AGYS,2.0,2025-12-19,2026-09-11,39,105.47,121.49,62.19,1.95,0.19,-0.55,True,0.73,True,0.447,54.8,0,22
AHAC,1.5,2020-12-04,2021-08-27,39,12.2,13.4,9.81,1.37,-0.03,,,0.67,False,-0.018,70.3,1,38
AHAC,2.0,2020-12-04,2021-08-27,39,12.2,13.4,9.81,1.37,-0.03,,,0.67,False,-0.018,70.3,1,38
AHGP,1.5,2016-07-08,2018-06-08,101,28.37,28.4,19.03,1.49,0.4,-0.62,True,1.0,False,-0.018,65.4,0,99
AHH,1.5,2025-03-14,2026-05-01,60,6.08,7.0,5.15,1.36,-0.32,-0.52,False,0.5,False,-0.072,48.7,0,5
AHL_old2,2.0,2012-11-30,2019-02-15,325,42.74,55.36,27.8,1.99,0.39,-0.05,False,0.54,True,0.016,61.4,6,322
AHRT,1.5,2025-03-14,2026-09-11,79,6.33,7.12,5.04,1.41,0.1,-0.52,False,0.62,True,0.127,44.3,1,24
AHS,1.5,2016-03-04,2016-10-28,35,33.02,43.87,31.06,1.41,0.03,,,0.15,False,-0.125,42.7,0,34
AI,1.5,2026-02-13,2026-09-11,31,10.47,10.9,7.76,1.4,0.35,-0.81,False,0.86,True,0.043,51.1,0,24
AII,2.0,2025-05-09,2026-09-11,71,25.41,26.32,15.56,1.69,0.37,,,0.92,True,0.176,71.1,1,69
AIMC,2.0,2020-07-24,2023-03-31,141,61.98,66.75,33.52,1.99,0.01,-0.2,True,0.86,True,0.144,72.3,1,26
AIMCV,1.5,2016-12-09,2018-10-05,96,41.46,52.72,35.73,1.48,0.37,0.04,True,0.34,False,-0.039,47.0,1,91
AINV,1.5,2020-11-20,2022-10-14,100,10.65,14.43,10.04,1.44,-0.17,-0.34,False,0.14,True,0.031,39.8,1,99
AINV,2.0,2020-11-06,2022-10-14,102,10.65,14.43,8.13,1.77,-0.04,-0.46,False,0.4,True,0.031,39.8,1,101
AIP_old,1.5,2019-11-01,2021-10-29,105,4885.0,5725.0,3825.0,1.5,-0.28,-0.46,False,0.56,True,0.047,64.4,3,57
AIP_old,2.0,2009-01-02,2021-10-29,670,4885.0,7250.0,3700.0,1.96,-0.13,,False,0.33,True,0.047,64.4,16,657
AIRC,1.5,2022-08-19,2024-06-28,98,39.08,40.93,27.89,1.47,-0.06,-0.44,True,0.86,True,0.178,69.9,2,35
AJG,1.5,2025-10-17,2026-09-11,48,243.31,277.43,197.66,1.4,-0.19,-0.42,False,0.57,True,0.185,51.3,0,18
AKR,1.5,2024-06-28,2026-09-11,116,19.92,24.15,16.61,1.45,-0.0,0.04,True,0.44,True,0.02,42.7,5,115
AKRO,2.0,2025-01-31,2025-12-12,46,54.65,56.19,35.67,1.58,0.4,-0.35,True,0.92,True,0.05,61.5,0,35
ALB,2.0,2025-11-14,2026-09-11,44,121.7,202.32,113.83,1.78,-0.13,-0.21,False,0.09,False,-0.265,41.2,0,43
ALEX,2.0,2020-11-13,2026-03-13,279,20.84,21.12,12.02,1.76,0.25,-0.38,True,0.97,True,0.25,69.1,3,267
ALG,2.0,2022-06-24,2026-09-11,221,167.28,224.62,112.84,1.99,0.31,-0.29,False,0.49,True,0.026,49.8,4,217
ALGT,2.0,2025-10-17,2026-09-11,48,76.07,118.67,62.18,1.91,0.32,-0.4,True,0.25,True,0.152,41.1,0,45
ALH,1.5,2025-10-10,2026-09-11,49,21.14,27.77,19.34,1.44,0.19,,,0.21,True,0.059,36.6,0,25
ALH,2.0,2025-10-10,2026-09-11,49,21.14,27.77,19.34,1.44,0.19,,,0.21,True,0.059,36.6,0,25
ALHC,2.0,2025-08-01,2026-09-11,59,12.76,23.81,12.76,1.87,0.04,-0.35,True,0.0,False,-0.048,36.4,0,0
ALK,1.5,2026-02-20,2026-09-11,30,40.11,53.86,36.16,1.49,0.19,-0.52,False,0.22,True,0.137,43.0,0,24
ALK,2.0,2025-02-21,2026-09-11,82,40.11,72.28,36.16,2.0,-0.33,-0.52,False,0.11,True,0.137,43.0,2,24
ALKT,1.5,2026-01-16,2026-09-11,35,19.06,21.19,14.68,1.44,0.17,-0.64,False,0.67,True,0.114,51.7,0,12
ALLT,2.0,2025-04-18,2026-09-11,74,7.47,10.84,5.73,1.89,-0.1,-0.37,True,0.34,True,0.075,46.1,2,73
ALOG,1.5,2014-10-03,2018-06-22,195,83.95,95.9,67.48,1.42,0.06,-0.3,True,0.58,False,-0.008,48.4,4,194
ALOG,2.0,2011-10-14,2018-06-22,350,83.95,96.01,48.28,1.99,0.39,-0.13,True,0.75,False,-0.008,48.4,7,343
ALRM,2.0,2021-11-19,2026-09-11,252,55.17,84.81,42.49,2.0,-0.37,-0.6,False,0.3,True,0.187,58.4,3,24
ALSK,1.5,2020-11-06,2021-07-23,38,3.4,3.76,3.05,1.23,-0.02,0.13,True,0.49,True,0.018,64.9,1,37
ALT,1.5,2026-03-06,2026-09-11,28,3.29,3.54,2.61,1.36,-0.26,-0.75,False,0.73,False,-0.004,51.2,1,13
ALTG,2.0,2025-04-25,2026-09-11,73,5.73,8.57,4.42,1.94,0.09,-0.71,False,0.32,True,0.038,44.1,2,72
ALTO,1.5,2026-03-06,2026-09-11,28,3.96,5.84,3.96,1.47,-0.15,0.31,True,0.0,False,-0.04,44.4,0,0
ALTO,2.0,2026-03-06,2026-09-11,28,3.96,5.84,3.96,1.47,-0.15,0.31,True,0.0,False,-0.04,44.4,0,0
ALTR_old,2.0,2010-09-17,2015-12-25,276,53.96,53.96,28.7,1.88,0.28,-0.01,True,1.0,True,0.059,71.8,7,275
ALU,1.5,2014-10-31,2016-02-26,70,3.46,4.07,3.0,1.36,0.22,-0.34,True,0.43,False,-0.004,44.2,1,69
ALU,2.0,2013-08-02,2016-02-26,135,3.46,4.52,2.32,1.94,0.08,-0.32,True,0.52,False,-0.004,44.2,3,134
ALUS,2.0,2020-01-10,2021-07-16,80,9.28,13.95,8.8,1.59,0.12,,,0.09,False,-0.122,38.6,1,1
ALUS-U,1.5,2020-05-15,2021-07-09,61,9.5,13.95,9.38,1.49,0.15,,,0.03,False,-0.114,37.1,0,59
ALUS-U,2.0,2020-01-10,2021-07-09,79,9.5,13.95,8.68,1.61,0.31,,,0.16,False,-0.114,37.1,1,78
ALUS-WS,1.5,2020-05-15,2021-07-09,61,9.5,13.95,9.38,1.49,0.15,,,0.03,False,-0.114,37.1,0,59
ALUS-WS,2.0,2020-01-10,2021-07-09,79,9.5,13.95,8.68,1.61,0.31,,,0.16,False,-0.114,37.1,1,78
AM2,2.0,2014-11-07,2019-03-15,228,23.86,35.49,19.19,1.85,0.33,,False,0.29,False,-0.175,41.8,2,181
AMBA,2.0,2025-04-25,2026-09-11,73,67.87,89.67,47.57,1.89,0.17,-0.45,True,0.48,True,0.111,48.2,1,72
AMBC,1.5,2025-02-28,2025-11-21,39,8.98,9.71,6.55,1.48,0.24,-0.64,False,0.77,True,0.149,52.6,1,32
AMCC,2.0,2014-07-25,2017-01-27,132,8.45,9.68,4.84,2.0,0.16,-0.66,True,0.75,True,0.192,62.8,2,101
AMCR,1.5,2022-06-10,2026-09-11,223,43.0,51.92,35.58,1.46,-0.34,-0.34,True,0.45,True,0.162,50.7,2,17
AMCR,2.0,2020-03-27,2026-09-11,338,43.0,53.69,28.54,1.88,-0.04,-0.31,True,0.57,True,0.162,50.7,5,337
AMED,1.5,2022-09-23,2025-08-15,152,100.99,106.11,71.0,1.49,0.24,-0.77,False,0.85,True,0.046,69.7,4,125
AMED,2.0,2022-04-22,2025-08-15,174,100.99,135.85,71.0,1.91,-0.2,-0.77,False,0.46,True,0.046,69.7,4,125
AMEH,2.0,2022-02-18,2024-04-26,115,36.72,54.4,28.35,1.92,-0.27,-0.75,False,0.32,True,0.137,47.1,3,68
AMH,1.5,2021-01-01,2026-09-11,298,31.56,38.58,25.78,1.5,0.07,-0.03,False,0.45,True,0.096,45.6,5,296
AMH,2.0,2020-04-10,2026-09-11,336,31.56,38.58,19.87,1.94,0.32,-0.22,False,0.62,True,0.096,45.6,6,333
AMOT,2.0,2020-07-03,2023-10-27,174,27.89,44.77,22.39,2.0,0.25,-0.37,False,0.25,False,-0.16,34.7,3,173
AMPH,1.5,2026-02-27,2026-09-11,29,23.54,23.54,16.87,1.4,0.31,-0.67,False,1.0,True,0.042,57.5,0,17
AMPS,2.0,2024-03-15,2025-04-18,58,4.99,5.0,2.98,1.68,0.28,-0.75,False,1.0,True,0.24,62.0,2,35
AMPY,2.0,2025-07-25,2026-09-11,60,4.96,6.56,3.56,1.84,0.09,-0.54,False,0.47,False,-0.215,54.5,0,57
AMR,2.0,2025-08-08,2026-09-11,58,217.73,242.32,137.16,1.77,0.26,-0.66,True,0.77,False,-0.096,61.3,1,6
AMRI,2.0,2014-02-14,2017-09-01,186,21.74,23.26,12.5,1.86,-0.07,-0.11,True,0.86,True,0.374,72.1,4,185
AMRN,1.5,2025-06-27,2026-09-11,64,14.04,19.72,13.55,1.46,-0.39,-0.49,False,0.08,False,-0.001,46.5,1,7
AMRN,2.0,2025-04-25,2026-09-11,73,14.04,19.72,10.41,1.89,0.07,-0.63,False,0.39,False,-0.001,46.5,2,70
AMRZ,2.0,2025-06-27,2026-09-11,64,40.44,64.33,40.44,1.59,-0.0,,,0.0,False,-0.094,28.2,0,0
AMSC,2.0,2025-11-07,2026-09-11,45,28.66,55.19,27.7,1.99,0.15,-0.55,True,0.03,False,-0.244,38.9,0,27
AMSG,1.5,2015-02-27,2016-12-02,93,67.75,85.1,58.16,1.46,-0.0,0.03,True,0.36,False,-0.118,49.4,1,5
AMSWA,1.5,2023-03-10,2024-10-04,83,10.77,12.5,8.63,1.45,-0.32,-0.7,False,0.55,True,0.082,53.5,0,15
AMT,1.5,2023-10-27,2026-09-11,151,172.98,222.37,156.38,1.42,-0.14,-0.38,False,0.25,False,-0.029,47.1,2,150
AMT,2.0,2018-12-28,2026-09-11,403,172.98,258.28,129.23,2.0,-0.05,-0.04,False,0.34,False,-0.029,47.1,5,401
AMTB,2.0,2022-02-18,2026-09-11,239,29.26,31.13,15.67,1.99,-0.24,-0.52,True,0.88,True,0.217,71.8,5,174
AMTD_old,1.5,2020-03-27,2020-10-09,29,39.97,45.84,33.31,1.38,0.28,-0.43,False,0.53,True,0.025,52.8,0,21
AMTD_old,2.0,2016-09-16,2020-10-09,213,39.97,58.87,30.36,1.94,0.06,-0.12,False,0.34,True,0.025,52.8,5,211
AMTG,2.0,2011-07-22,2016-09-02,268,13.64,14.83,7.61,1.95,0.39,,True,0.84,True,0.045,64.8,5,249
AMTM,2.0,2025-04-18,2026-09-11,74,19.56,37.53,18.79,2.0,0.03,-0.44,False,0.04,False,-0.146,36.6,0,73
ANAC_old,2.0,2015-12-18,2016-06-24,28,99.2,112.97,57.08,1.98,-0.12,-0.62,True,0.75,True,0.04,60.8,1,12
ANCX,1.5,2016-07-15,2019-02-01,134,23.61,29.82,20.16,1.48,0.3,-0.01,False,0.36,False,-0.109,42.9,2,128
ANDE,1.5,2026-01-09,2026-09-11,36,71.88,79.24,54.52,1.45,0.34,-0.03,True,0.7,False,-0.029,54.5,0,35
ANDX,1.5,2018-09-28,2019-08-02,45,32.17,45.51,30.4,1.5,-0.27,-0.37,False,0.12,True,0.055,37.4,0,31
ANDX,2.0,2012-08-17,2019-08-02,364,32.17,51.43,27.23,1.89,0.11,0.06,False,0.2,True,0.055,37.4,10,362
ANNX,2.0,2025-11-21,2026-09-11,43,4.14,6.78,4.14,1.64,-0.0,-0.45,False,0.0,False,-0.053,37.6,0,0
ANSS,1.5,2023-01-13,2025-07-18,132,374.3,374.52,254.1,1.47,0.36,-0.38,True,1.0,True,0.058,66.7,2,131
ANSS,2.0,2021-11-12,2025-07-18,193,374.3,403.59,203.21,1.99,0.26,-0.5,True,0.85,True,0.058,66.7,4,144
AOL,1.5,2013-09-13,2015-06-26,94,49.99,50.77,33.93,1.5,0.31,-0.16,True,0.95,True,0.061,64.8,1,93
AONE,2.0,2020-10-09,2021-07-23,42,8.93,12.75,8.28,1.54,-0.19,,,0.15,False,-0.138,34.5,0,1
AONE-U,1.5,2020-10-09,2021-07-16,41,8.56,12.75,8.56,1.49,-0.14,,,0.0,False,-0.133,25.0,0,0
AONE-U,2.0,2020-10-09,2021-07-16,41,8.56,12.75,8.56,1.49,-0.14,,,0.0,False,-0.133,25.0,0,0
AONE-WS,1.5,2020-10-09,2021-07-16,41,8.56,12.75,8.56,1.49,-0.14,,,0.0,False,-0.133,25.0,0,0
AONE-WS,2.0,2020-10-09,2021-07-16,41,8.56,12.75,8.56,1.49,-0.14,,,0.0,False,-0.133,25.0,0,0
AOS,1.5,2024-10-11,2026-09-11,101,56.71,79.52,55.67,1.43,-0.31,-0.36,False,0.04,True,0.002,39.3,0,17
AOS,2.0,2020-08-07,2026-09-11,319,56.71,86.91,43.46,2.0,0.34,-0.15,False,0.3,True,0.002,39.3,4,314
AP,2.0,2026-02-06,2026-09-11,32,8.24,12.2,6.79,1.8,0.14,0.14,True,0.27,False,-0.102,48.6,0,31
APA,1.5,2026-02-27,2026-09-11,29,44.53,44.53,29.96,1.49,0.32,-0.07,True,1.0,False,-0.011,69.0,0,28
APAM,1.5,2023-11-17,2026-09-11,148,39.7,43.47,29.31,1.48,0.38,-0.11,True,0.73,True,0.087,53.9,2,146
APC_old,2.0,2016-03-04,2019-08-09,180,72.77,73.76,39.67,1.86,0.29,-0.63,True,0.97,True,0.339,67.7,3,100
APD,1.5,2024-02-23,2026-09-11,134,293.65,322.52,218.13,1.48,0.36,-0.25,True,0.72,True,0.032,51.0,3,133
APEI,1.5,2026-01-23,2026-09-11,34,44.86,60.6,41.78,1.45,0.0,0.04,True,0.16,False,-0.097,42.7,0,32
APFC,2.0,2013-07-12,2014-02-28,34,46.47,58.2,30.1,1.93,0.11,0.04,True,0.58,False,-0.087,58.2,0,33
API,2.0,2025-03-21,2026-09-11,78,4.04,4.81,2.61,1.84,0.33,-0.58,True,0.65,True,0.067,48.8,1,73
APKT,2.0,2012-03-09,2013-03-29,56,29.24,29.58,15.03,1.97,0.11,-0.82,False,0.98,True,0.435,70.6,0,35
APLD,2.0,2025-11-28,2026-09-11,42,25.78,47.28,23.76,1.99,0.05,-0.31,True,0.09,False,-0.14,42.8,0,24
APLE,2.0,2020-11-13,2026-09-11,305,15.56,16.8,9.13,1.84,0.27,-0.23,True,0.84,True,0.234,57.2,6,304
APLP,2.0,2016-03-18,2018-04-27,111,15.3,16.54,8.39,1.97,0.18,-0.6,True,0.85,True,0.072,62.1,1,109
APO,1.5,2025-02-21,2026-09-11,82,127.91,148.98,103.41,1.44,-0.24,-0.4,True,0.54,True,0.043,50.4,1,22
APO,2.0,2023-11-24,2026-09-11,147,127.91,173.21,87.46,1.98,0.29,-0.0,True,0.47,True,0.043,50.4,1,146
APOG,2.0,2025-01-10,2026-09-11,88,37.53,53.19,31.27,1.7,-0.36,-0.62,False,0.29,True,0.161,46.6,3,25
APOL,2.0,2015-07-31,2017-02-03,80,9.99,12.81,6.59,1.94,-0.09,-0.81,False,0.55,True,0.149,66.4,0,56
APSG,1.5,2020-11-27,2022-05-27,79,7.39,10.91,7.39,1.48,-0.19,,,0.0,False,-0.016,4.7,1,0
APSG,2.0,2020-11-27,2022-05-27,79,7.39,10.91,7.39,1.48,-0.19,,,0.0,False,-0.016,4.7,1,0
APTV,2.0,2023-10-27,2026-09-11,151,45.69,89.72,45.69,1.96,-0.35,-0.74,False,0.0,False,-0.135,30.7,2,0
APY,2.0,2020-04-03,2020-10-23,30,8.46,12.1,6.51,1.86,0.06,-0.86,False,0.35,False,-0.021,40.7,0,29
AQ,2.0,2018-04-13,2019-09-20,76,13.24,15.28,7.86,1.94,-0.02,-0.55,,0.73,True,0.156,70.0,2,29
AQN,1.5,2025-04-11,2026-09-11,75,5.43,6.83,4.72,1.45,0.39,-0.35,False,0.34,False,-0.05,40.4,0,74
AQN,2.0,2022-11-11,2026-09-11,201,5.43,7.39,3.96,1.86,-0.14,-0.69,False,0.43,False,-0.05,40.4,4,87
AQST,1.5,2026-02-06,2026-09-11,32,4.99,5.34,3.65,1.46,0.38,-0.48,True,0.79,True,0.066,58.4,0,30
AR,1.5,2024-11-15,2026-09-11,96,39.17,45.15,30.49,1.48,0.08,-0.18,True,0.59,False,-0.056,57.6,2,95
AR,2.0,2024-02-16,2026-09-11,135,39.17,45.15,23.97,1.88,0.4,-0.47,True,0.72,False,-0.056,57.6,2,134
ARCH,1.5,2024-03-15,2025-01-17,45,134.83,173.64,120.11,1.45,-0.34,-0.34,True,0.28,True,0.13,43.3,0,19
ARCO,1.5,2024-05-24,2026-09-11,121,8.06,9.26,6.32,1.46,-0.09,-0.47,False,0.59,False,-0.033,48.3,4,58
ARCO,2.0,2022-07-22,2026-09-11,217,8.06,11.95,5.99,2.0,-0.04,-0.19,False,0.35,False,-0.033,48.3,6,216
ARCP_old,1.5,2014-10-31,2015-07-31,40,43.0,50.45,40.1,1.26,-0.18,-0.49,False,0.28,False,-0.097,41.2,0,32
ARCP_old,2.0,2011-09-09,2015-07-31,204,43.0,78.89,40.1,1.97,0.14,,False,0.07,False,-0.097,41.2,2,32
ARD,1.5,2021-02-19,2021-10-08,34,24.75,26.21,18.79,1.4,0.02,-0.01,True,0.8,False,-0.018,58.0,0,33
ARD_old,1.5,2009-08-21,2010-07-16,48,35.98,44.98,30.29,1.48,-0.21,-0.18,,0.39,False,-0.066,51.0,0,8
ARD_old,2.0,2009-03-13,2010-07-16,71,35.98,44.98,26.45,1.7,0.34,,,0.51,False,-0.066,51.0,0,70
ARE,1.5,2025-10-31,2026-09-11,46,49.56,58.0,40.85,1.42,0.0,-0.64,False,0.51,True,0.103,48.0,2,19
ARES,2.0,2023-11-03,2026-09-11,150,130.63,187.49,98.07,1.91,0.17,-0.01,True,0.36,True,0.117,50.0,2,149
ARES-P-B,1.5,2026-01-23,2026-09-11,34,42.13,48.97,34.09,1.44,0.18,-0.44,False,0.54,True,0.071,48.9,0,26
ARIS,2.0,2025-11-21,2026-09-11,43,19.41,22.68,11.63,1.95,0.11,0.03,True,0.7,False,-0.065,56.5,0,42
ARIS_old1,1.5,2025-04-04,2025-10-17,29,23.69,26.23,19.57,1.34,-0.13,-0.38,True,0.62,False,-0.015,49.7,0,11
ARIS_old1,2.0,2024-11-01,2025-10-17,51,23.69,31.52,15.96,1.98,-0.14,-0.06,True,0.5,False,-0.015,49.7,0,50
ARLO,1.5,2025-11-07,2026-09-11,45,13.0,15.69,11.42,1.37,-0.1,-0.41,True,0.37,False,-0.023,46.8,1,30
ARLO,2.0,2025-04-25,2026-09-11,73,13.0,19.44,9.92,1.96,-0.3,-0.4,True,0.32,False,-0.023,46.8,2,72
ARNC,2.0,2022-01-21,2023-08-18,83,29.99,32.28,17.04,1.89,-0.01,-0.55,True,0.85,True,0.121,65.8,2,46
AROC,1.5,2026-01-30,2026-09-11,33,32.36,41.68,29.02,1.44,0.09,0.03,True,0.26,False,-0.017,46.1,0,32
ARPI,1.5,2013-05-10,2016-03-04,148,15.89,20.65,14.95,1.38,-0.12,,False,0.16,True,0.021,42.3,2,16
ARPI,2.0,2013-05-10,2016-03-04,148,15.89,20.65,14.95,1.38,-0.12,,False,0.16,True,0.021,42.3,2,16
ARQT,1.5,2025-10-31,2026-09-11,46,23.38,31.2,20.86,1.5,-0.32,-0.0,True,0.24,True,0.151,45.3,0,16
ARQT,2.0,2025-09-05,2026-09-11,54,23.38,31.2,17.15,1.82,0.19,0.01,True,0.44,True,0.151,45.3,0,53
ARRS,1.5,2015-12-11,2019-04-05,174,31.66,31.7,21.27,1.49,0.31,-0.41,True,1.0,True,0.104,67.2,2,144
ARRS,2.0,2013-11-15,2019-04-05,282,31.66,35.76,17.96,1.99,-0.03,0.01,True,0.77,True,0.104,67.2,4,281
ARTNA,1.5,2023-09-22,2026-09-11,156,35.9,39.66,27.8,1.43,-0.28,-0.49,False,0.68,True,0.089,66.7,5,87
ARTNA,2.0,2020-05-22,2026-09-11,330,35.9,54.55,27.8,1.96,-0.15,-0.14,False,0.3,True,0.089,66.7,8,87
ARUN,2.0,2011-07-22,2015-05-22,201,24.67,25.75,12.93,1.99,0.0,-0.64,True,0.92,True,0.362,68.5,2,155
ARVN,2.0,2025-08-15,2026-09-11,57,8.71,13.6,7.09,1.92,-0.15,-0.86,False,0.25,False,-0.127,44.6,0,56
ARX,2.0,2025-08-29,2026-09-11,55,19.84,20.15,10.26,1.96,0.06,,,0.97,True,0.118,62.7,0,29
AS,1.5,2026-02-27,2026-09-11,29,27.41,37.98,27.41,1.39,-0.22,-0.35,False,0.0,False,-0.025,35.1,0,0
AS,2.0,2024-11-22,2026-09-11,95,27.41,41.96,22.16,1.89,0.35,0.13,False,0.27,False,-0.025,35.1,2,73
ASA,1.5,2026-03-13,2026-09-11,27,60.27,69.8,48.09,1.45,-0.35,-0.41,True,0.56,False,-0.101,51.8,0,8
ASA,2.0,2025-09-12,2026-09-11,53,60.27,81.24,41.45,1.96,0.29,0.05,True,0.47,False,-0.101,51.8,0,52
ASAN,2.0,2026-01-30,2026-09-11,33,8.56,10.25,5.46,1.88,0.31,-0.77,False,0.65,True,0.24,50.6,0,22
ASEI,2.0,2015-04-17,2016-09-09,74,37.05,44.97,22.8,1.97,-0.35,-0.65,False,0.64,True,0.267,62.3,0,30
ASIC,2.0,2025-06-13,2026-09-11,66,27.15,27.4,17.3,1.58,0.38,,,0.98,True,0.231,67.6,2,30
ASIX,2.0,2025-02-07,2026-09-11,84,16.84,28.1,14.35,1.96,-0.3,-0.63,False,0.18,False,-0.166,41.5,2,42
ASLE,2.0,2024-02-23,2026-09-11,134,5.37,9.26,4.75,1.95,-0.04,-0.78,False,0.14,False,-0.073,34.1,3,101
ASM,1.5,2026-03-06,2026-09-11,28,7.12,7.83,5.33,1.47,-0.0,-0.47,True,0.72,False,-0.014,53.5,0,6
ASM,2.0,2025-11-28,2026-09-11,42,7.12,10.15,5.33,1.9,-0.14,-0.1,True,0.37,False,-0.014,53.5,0,6
ASMB,2.0,2025-08-08,2026-09-11,58,30.46,38.5,21.85,1.76,0.06,0.12,True,0.52,True,0.058,52.8,1,52
ASMI,1.5,2019-08-16,2020-10-09,61,1055.0,1347.29,913.16,1.48,0.17,-0.06,True,0.33,False,-0.013,41.6,1,60
ASO,1.5,2025-05-16,2026-09-11,70,54.22,59.9,40.09,1.49,0.21,-0.45,True,0.71,False,-0.111,57.5,0,68
ASO,2.0,2024-03-08,2026-09-11,132,54.22,69.48,36.07,1.93,-0.15,-0.51,True,0.54,False,-0.111,57.5,1,74
ASR,1.5,2025-04-25,2026-09-11,73,251.16,374.07,251.16,1.49,0.12,-0.1,True,0.0,False,-0.102,32.7,0,0
ASTL,2.0,2025-07-25,2026-09-11,60,4.3,6.23,3.31,1.88,-0.03,-0.71,False,0.34,False,-0.112,49.0,1,49
ASZ,1.5,2021-04-23,2022-11-25,84,9.98,9.98,9.68,1.03,0.33,,,1.0,True,0.012,76.3,2,67
ASZ,2.0,2021-04-23,2022-11-25,84,9.98,9.98,9.68,1.03,0.33,,,1.0,True,0.012,76.3,2,67
ASZ-U,1.5,2021-03-12,2022-01-14,39,10.0,10.19,9.68,1.05,-0.01,,,0.62,True,0.01,45.9,0,21
ASZ-U,2.0,2021-03-12,2022-01-14,39,10.0,10.19,9.68,1.05,-0.01,,,0.62,True,0.01,45.9,0,21
ATAT,1.5,2025-05-16,2026-09-11,70,32.85,42.21,28.53,1.48,0.05,-0.05,True,0.32,False,-0.063,43.4,0,69
ATC_old1,1.5,2021-02-05,2022-08-19,81,22.71,26.19,18.72,1.4,-0.12,,,0.53,False,-0.046,56.6,0,9
ATC_old1,2.0,2021-02-05,2022-08-19,81,22.71,26.19,18.72,1.4,-0.12,,,0.53,False,-0.046,56.6,0,9
ATHM,1.5,2025-10-24,2026-09-11,47,21.67,23.8,15.96,1.49,-0.24,-0.45,False,0.73,True,0.232,56.7,0,14
ATHM,2.0,2021-10-29,2026-09-11,255,21.67,31.06,15.96,1.95,-0.32,-0.85,False,0.38,True,0.232,56.7,1,14
ATKR,2.0,2024-08-09,2026-09-11,110,94.16,99.07,52.54,1.89,-0.13,-0.71,False,0.89,True,0.161,68.3,1,75
ATML,1.5,2014-10-24,2016-04-08,77,8.14,10.25,6.91,1.48,0.06,-0.26,True,0.37,False,-0.036,48.7,2,33
ATML,2.0,2012-11-30,2016-04-08,176,8.14,10.25,5.36,1.91,0.38,-0.66,True,0.57,False,-0.036,48.7,3,174
ATMU,1.5,2025-10-17,2026-09-11,48,45.41,64.55,43.81,1.47,-0.06,-0.05,True,0.08,False,-0.077,38.2,0,47
ATR,2.0,2020-03-27,2026-09-11,338,123.05,171.65,86.5,1.98,0.38,-0.24,False,0.43,True,0.075,44.9,9,337
ATRS,2.0,2020-11-06,2022-05-27,82,5.59,5.59,2.85,1.96,0.19,-0.42,True,1.0,True,0.416,79.0,1,81
ATS,2.0,2024-03-08,2026-09-11,132,19.03,37.49,19.03,1.97,-0.28,-0.6,False,0.0,False,-0.225,30.4,1,0
ATSG,2.0,2023-02-24,2025-04-11,112,22.48,22.97,12.11,1.9,0.05,-0.64,True,0.95,True,0.074,74.5,3,56
ATVI,2.0,2020-03-27,2023-10-13,186,94.42,101.6,55.38,1.83,0.08,-0.31,True,0.84,True,0.149,72.9,3,185
AUNA,1.5,2025-10-24,2026-09-11,47,5.18,6.16,4.15,1.48,-0.0,-0.61,False,0.51,True,0.013,50.4,1,15
AUO,2.0,2016-05-27,2019-10-04,176,2.44,4.2,2.12,1.98,0.15,-0.49,False,0.15,False,-0.138,36.2,1,175
AUPH,1.5,2025-10-17,2026-09-11,48,16.11,17.23,11.55,1.49,0.34,-0.12,True,0.8,True,0.04,55.0,0,47
AURA,2.0,2024-11-15,2026-09-11,96,6.99,9.47,5.02,1.89,-0.17,-0.64,False,0.44,True,0.026,49.4,2,34
AUS,1.5,2021-04-23,2022-11-25,84,9.98,10.01,9.7,1.03,-0.29,,,0.9,True,0.011,70.9,1,43
AUS,2.0,2021-04-23,2022-11-25,84,9.98,10.01,9.7,1.03,-0.29,,,0.9,True,0.011,70.9,1,43
AUY,2.0,2020-04-10,2023-03-31,156,5.85,6.14,3.5,1.76,0.09,-0.2,True,0.89,True,0.12,57.8,3,155
AVAN,1.5,2020-11-27,2022-10-07,98,10.04,11.01,9.7,1.14,-0.18,,,0.26,True,0.008,86.7,1,71
AVAN,2.0,2020-11-27,2022-10-07,98,10.04,11.01,9.7,1.14,-0.18,,,0.26,True,0.008,86.7,1,71
AVB,1.5,2023-03-31,2026-08-14,177,65.9,79.08,52.8,1.5,0.31,-0.32,True,0.5,True,0.092,51.7,3,146
AVDX,1.5,2024-12-20,2025-10-17,44,10.0,10.69,7.17,1.49,0.15,-0.45,True,0.8,True,0.042,59.1,0,32
AVDX,2.0,2022-07-08,2025-10-17,172,10.0,13.15,6.59,2.0,0.15,-0.75,True,0.52,True,0.042,59.1,2,170
AVG,2.0,2013-04-26,2016-11-18,187,25.5,28.74,16.11,1.78,0.35,-0.0,True,0.74,True,0.129,68.4,3,110
AVGO,1.5,2025-09-05,2026-09-11,54,360.83,446.03,300.18,1.49,0.4,-0.01,True,0.42,False,-0.014,47.1,1,24
AVID,2.0,2021-03-12,2023-11-10,140,27.04,39.48,20.05,1.97,-0.2,-0.15,True,0.36,True,0.087,52.7,3,138
AVIR,1.5,2026-01-23,2026-09-11,34,5.18,6.1,4.1,1.49,0.14,-0.08,True,0.54,False,-0.016,53.5,1,17
AVLR,1.5,2022-02-11,2022-10-28,38,93.48,102.3,68.59,1.49,0.0,-0.64,False,0.74,True,0.129,50.6,1,19
AVLR,2.0,2021-12-24,2022-10-28,45,93.48,133.73,68.59,1.95,-0.29,-0.64,False,0.38,True,0.129,50.6,1,19
AVNT,2.0,2021-11-26,2026-09-11,251,41.44,50.38,25.74,1.96,-0.16,-0.51,True,0.64,True,0.139,56.5,5,201
AVNW,2.0,2024-08-30,2026-09-11,107,19.82,27.45,13.79,1.99,0.11,-0.64,False,0.44,True,0.017,45.7,2,95
AVO,2.0,2021-12-24,2026-09-11,247,13.24,16.52,8.68,1.9,-0.16,-0.62,True,0.58,False,-0.003,53.6,7,145
AVTA,1.5,2022-10-21,2023-12-01,59,25.99,29.91,19.95,1.5,-0.06,-0.12,True,0.61,True,0.103,58.5,0,12
AVTX,2.0,2025-09-19,2026-09-11,52,17.18,21.57,10.8,2.0,0.31,-0.7,False,0.59,True,0.202,49.5,1,50
AVY,1.5,2022-06-24,2026-09-11,221,168.77,216.61,150.83,1.44,0.04,-0.27,False,0.27,True,0.044,49.6,3,206
AVY,2.0,2020-10-02,2026-09-11,311,168.77,216.61,111.95,1.93,0.11,-0.09,False,0.54,True,0.044,49.6,4,310
AV_old2,2.0,2012-07-13,2016-12-23,233,11.69,18.14,9.11,1.99,0.2,-0.41,False,0.29,True,0.046,51.3,3,192
AWI,1.5,2025-04-25,2026-09-11,73,162.73,201.76,136.93,1.47,-0.03,-0.13,True,0.4,True,0.025,44.7,0,72
AWK,1.5,2022-01-07,2026-09-11,245,139.84,156.33,107.65,1.45,-0.12,-0.37,True,0.66,True,0.047,61.3,3,151
AWK,2.0,2019-02-22,2026-09-11,395,139.84,170.17,87.16,1.95,0.22,0.03,True,0.63,True,0.047,61.3,6,394
AWR,1.5,2020-09-25,2026-09-11,312,87.47,93.18,63.13,1.48,0.04,-0.23,True,0.81,True,0.131,62.0,6,288
AWR,2.0,2018-05-25,2026-09-11,434,87.47,93.18,46.95,1.98,0.35,-0.04,True,0.88,True,0.131,62.0,8,431
AXE,2.0,2016-03-18,2020-06-26,224,97.85,99.17,50.63,1.96,0.3,-0.52,True,0.97,False,-0.011,63.6,5,223
AXIA,1.5,2025-09-19,2026-08-07,47,10.29,13.03,9.02,1.44,0.18,0.07,True,0.32,False,-0.123,47.5,0,32
AXICY,1.5,2026-01-02,2026-09-11,37,10.68,12.49,9.02,1.38,-0.08,,,0.48,False,-0.074,55.2,0,34
AXICY,2.0,2026-01-02,2026-09-11,37,10.68,12.49,9.02,1.38,-0.08,,,0.48,False,-0.074,55.2,0,34
AXNX,2.0,2020-09-18,2024-11-15,218,70.98,77.21,43.03,1.79,0.35,-0.03,True,0.82,True,0.029,73.8,5,217
AXON,2.0,2025-11-07,2026-09-11,45,478.85,636.04,345.94,1.84,-0.15,-0.59,True,0.46,True,0.285,46.1,1,22
AXP,1.5,2025-04-25,2026-09-11,73,320.71,379.47,261.35,1.45,0.28,-0.17,True,0.5,True,0.086,45.0,2,72
AXTA,2.0,2020-05-22,2026-09-11,330,34.02,40.52,21.06,1.92,0.39,-0.35,True,0.67,True,0.212,51.9,6,206
AY,1.5,2023-05-19,2024-12-13,83,21.99,22.27,15.13,1.47,0.35,-0.54,False,0.96,True,0.018,67.8,1,60
AYI,1.5,2025-05-02,2026-09-11,72,316.25,372.61,251.97,1.48,0.23,-0.24,True,0.53,True,0.187,47.3,2,71
AYX,2.0,2023-04-07,2024-03-22,51,48.26,53.85,28.37,1.9,0.23,-0.68,False,0.78,True,0.232,63.7,0,31
AZEK,1.5,2024-01-12,2025-07-04,78,54.35,54.86,37.26,1.47,0.4,-0.08,True,0.97,True,0.08,60.0,2,77
AZK,1.5,2012-10-05,2013-06-07,36,3.85,4.91,3.31,1.48,-0.13,-0.57,False,0.34,True,0.016,43.9,0,24
AZN,1.5,2025-07-25,2026-09-11,60,159.64,207.08,141.87,1.46,0.3,-0.16,True,0.27,False,-0.101,39.6,0,59
AZO,1.5,2024-07-12,2026-09-11,114,2881.47,4322.15,2881.47,1.5,0.08,-0.11,False,0.0,False,-0.096,35.9,1,0
B,1.5,2025-11-14,2026-09-11,44,43.46,50.33,34.8,1.45,-0.17,0.03,True,0.56,False,-0.001,54.3,0,8
B,2.0,2025-08-22,2026-09-11,56,43.46,50.33,25.52,1.97,0.4,0.09,True,0.72,False,-0.001,54.3,1,55
BA,1.5,2025-04-25,2026-09-11,73,204.8,252.15,177.95,1.42,0.18,-0.33,True,0.36,False,-0.001,43.5,1,72
BA,2.0,2022-10-14,2026-09-11,205,204.8,264.27,133.15,1.98,0.17,-0.51,True,0.55,False,-0.001,43.5,3,204
BA-P-A,1.5,2025-04-11,2026-09-11,75,63.68,79.7,54.35,1.47,0.1,-0.13,,0.37,False,-0.028,41.4,1,74
BABA,2.0,2025-01-31,2026-09-11,85,108.56,186.32,94.81,1.97,0.03,-0.15,True,0.15,False,-0.108,40.9,0,11
BAC-P-Q,1.5,2022-01-28,2024-11-01,145,19.01,23.29,16.31,1.43,-0.06,,False,0.39,True,0.062,43.9,2,104
BAC-P-Q,2.0,2021-10-22,2024-11-01,159,19.01,25.33,16.31,1.55,-0.37,,False,0.3,True,0.062,43.9,2,104
BACQ,2.0,2024-12-06,2026-04-10,71,7.68,12.16,7.68,1.58,-0.01,,,0.0,False,-0.13,14.5,1,3
BALL,1.5,2023-11-03,2026-09-11,150,59.74,67.73,46.35,1.46,-0.07,-0.49,True,0.63,True,0.07,48.6,1,45
BALL,2.0,2022-04-01,2026-09-11,233,59.74,83.81,42.29,1.98,-0.03,-0.54,True,0.42,True,0.07,48.6,1,152
BAM,1.5,2024-09-13,2026-09-11,105,47.24,60.19,41.89,1.44,-0.17,0.08,True,0.29,True,0.058,47.0,1,104
BANF,1.5,2024-07-19,2026-09-11,113,110.84,132.98,96.69,1.38,0.11,-0.11,True,0.39,True,0.025,47.2,1,109
BANR,1.5,2024-07-19,2026-09-11,113,70.82,74.01,50.4,1.47,0.32,-0.22,True,0.86,True,0.102,59.7,2,109
BBAR,2.0,2025-10-31,2026-09-11,46,15.34,21.73,13.12,1.66,0.1,-0.42,True,0.26,True,0.13,45.8,0,26
BBBB,1.5,2009-07-24,2011-10-07,116,44.98,48.8,33.37,1.46,0.27,0.01,True,0.75,False,-0.001,59.5,2,115
BBCQ,2.0,2026-01-30,2026-08-28,31,19.11,19.11,9.71,1.97,0.2,,,1.0,True,0.067,92.3,0,1
BBD,1.5,2025-08-29,2026-09-11,55,3.58,4.11,2.85,1.44,0.36,0.0,True,0.58,False,-0.043,54.3,1,54
BBG,2.0,2017-09-15,2018-03-23,28,4.84,6.73,3.57,1.89,0.14,-0.57,False,0.4,False,-0.025,49.7,0,27
BBIO,1.5,2025-10-31,2026-09-11,46,72.5,85.89,61.8,1.39,0.31,0.11,True,0.44,True,0.118,47.9,0,44
BBL,1.5,2020-12-04,2022-01-28,61,64.18,66.07,47.18,1.4,0.37,0.12,True,0.9,True,0.046,63.9,1,60
BBOT,2.0,2026-02-20,2026-09-11,30,5.52,10.42,5.52,1.89,-0.29,-0.6,,0.0,False,-0.028,32.6,1,0
BBSI,1.5,2025-10-31,2026-09-11,46,32.86,40.06,27.36,1.46,-0.08,-0.43,True,0.43,True,0.167,46.0,0,26
BBSI,2.0,2023-11-10,2026-09-11,149,32.86,48.3,25.5,1.89,0.26,0.07,True,0.32,True,0.167,46.0,1,148
BBT,2.0,2021-02-05,2026-09-11,293,31.34,32.07,16.06,2.0,0.36,-0.4,True,0.95,True,0.057,57.3,6,292
BBUC,1.5,2025-04-25,2026-09-11,73,26.38,36.66,24.86,1.47,0.08,-0.09,True,0.13,False,-0.091,31.4,1,72
BBWI,1.5,2025-11-28,2026-09-11,42,17.45,23.86,16.44,1.45,-0.14,-0.66,False,0.14,True,0.092,41.5,0,24
BBY,2.0,2021-11-26,2026-09-11,251,88.09,93.33,52.74,1.77,0.11,-0.52,True,0.87,True,0.304,62.2,5,206
BCE,1.5,2024-10-04,2026-09-11,102,23.25,29.8,20.0,1.49,0.03,-0.47,False,0.33,False,-0.061,50.2,2,74
BCO,1.5,2025-08-08,2026-09-11,58,109.29,130.32,93.89,1.39,-0.18,-0.16,True,0.42,True,0.049,49.5,0,11
BCPC,1.5,2023-12-01,2026-09-11,146,166.67,181.43,122.86,1.48,0.31,-0.25,True,0.75,True,0.031,48.2,3,145
BCRX,1.5,2026-02-20,2026-09-11,30,8.29,10.45,7.45,1.4,0.32,-0.33,True,0.28,True,0.054,43.9,0,29
BCRX,2.0,2024-05-17,2026-09-11,122,8.29,11.04,6.13,1.8,0.36,-0.58,True,0.44,True,0.054,43.9,3,120
BCSF,1.5,2023-08-11,2026-09-11,162,11.4,15.65,10.53,1.49,0.27,0.02,False,0.17,False,-0.02,37.0,3,150
BCSF,2.0,2023-05-12,2026-09-11,175,11.4,15.65,8.32,1.88,0.35,-0.15,False,0.42,False,-0.02,37.0,3,174
BDBD,2.0,2014-09-26,2016-01-15,69,11.03,13.3,6.74,1.97,-0.22,-0.61,False,0.65,True,0.195,68.7,1,28
BDC,1.5,2025-04-25,2026-09-11,73,115.16,149.49,101.39,1.47,0.07,-0.2,True,0.29,True,0.026,48.2,0,8
BDN,1.5,2025-10-10,2026-09-11,49,2.97,3.41,2.34,1.46,0.02,-0.56,False,0.59,True,0.088,47.2,0,24
BDO,1.5,2016-12-30,2019-06-21,130,141.3,164.9,110.0,1.5,0.19,-0.11,True,0.57,True,0.02,60.1,2,36
BDX,2.0,2016-04-29,2026-09-11,542,176.42,207.98,104.84,1.98,0.37,0.01,True,0.69,True,0.125,59.2,10,541
BDXB,1.5,2020-06-05,2023-06-02,157,48.16,51.77,42.89,1.21,0.24,,True,0.59,True,0.008,41.8,2,155
BDXB,2.0,2020-05-22,2023-06-02,159,48.16,51.77,26.84,1.93,0.15,,True,0.86,True,0.008,41.8,2,158
BEAV,2.0,2013-01-04,2017-04-14,224,64.47,69.48,35.03,1.98,0.12,0.01,True,0.85,True,0.073,74.9,2,222
BEKE,2.0,2024-04-26,2026-09-11,125,16.69,24.81,12.78,1.94,-0.0,-0.3,True,0.32,True,0.006,49.5,1,110
BELFA,1.5,2026-03-13,2026-09-11,27,202.11,265.78,180.29,1.47,0.1,-0.16,True,0.26,False,-0.014,44.1,0,26
BEPC,1.5,2025-06-13,2026-09-11,66,30.85,42.68,29.86,1.43,0.17,-0.02,True,0.08,False,-0.114,35.6,0,64
BETA,2.0,2026-01-16,2026-09-11,35,19.89,27.81,14.1,1.97,0.09,,,0.42,True,0.216,48.5,0,24
BEXP,1.5,2010-11-19,2011-12-09,56,36.48,37.15,25.04,1.48,0.38,0.03,True,0.94,True,0.134,62.6,1,55
BF-A,1.5,2025-03-14,2026-09-11,79,26.98,34.14,22.94,1.49,-0.35,-0.66,False,0.36,True,0.02,48.2,2,25
BF-B,1.5,2025-05-23,2026-09-11,69,26.59,32.28,22.41,1.44,-0.16,-0.66,False,0.42,True,0.023,48.5,2,25
BFA,2.0,2017-11-10,2024-09-13,358,45.3,75.96,38.02,2.0,0.38,0.01,False,0.19,False,-0.076,40.4,4,357
BFAM,1.5,2026-01-30,2026-09-11,33,64.27,92.63,62.17,1.49,-0.36,-0.56,False,0.07,False,-0.028,36.4,0,14
BFK,1.5,2022-01-28,2026-02-13,212,10.09,11.23,7.52,1.49,0.17,-0.4,True,0.69,True,0.019,63.4,5,120
BFK,2.0,2013-12-13,2026-02-13,636,10.09,12.47,6.24,2.0,0.29,-0.22,True,0.62,True,0.019,63.4,14,635
BFS,1.5,2022-04-29,2026-09-11,229,31.66,40.3,27.15,1.48,-0.03,-0.34,False,0.34,True,0.034,40.7,3,175
BFS,2.0,2020-11-13,2026-09-11,305,31.66,41.28,20.76,1.99,0.05,-0.45,False,0.53,True,0.034,40.7,6,304
BFYT,2.0,2019-03-15,2020-08-21,76,31.0,34.17,17.09,2.0,-0.03,-0.72,True,0.81,True,0.073,64.5,1,22
BG,2.0,2021-07-23,2026-09-11,269,124.59,127.84,64.37,1.99,0.33,-0.18,True,0.95,False,-0.074,59.0,6,264
BGCP,2.0,2021-06-18,2023-06-30,107,4.43,5.85,3.09,1.89,-0.33,-0.5,True,0.49,False,-0.025,50.0,2,56
BGNE,2.0,2023-04-21,2025-01-03,90,184.71,258.45,129.52,2.0,-0.2,-0.68,False,0.43,True,0.061,47.6,1,37
BH-A,2.0,2025-06-06,2026-09-11,67,1792.06,2434.13,1246.84,1.95,0.39,-0.04,True,0.46,True,0.185,48.7,1,65
BHF,1.5,2025-09-12,2026-09-11,53,50.84,66.01,46.54,1.42,0.12,-0.25,False,0.22,False,-0.031,26.9,0,47
BHGE,1.5,2018-10-12,2019-10-25,55,23.12,29.91,20.39,1.47,-0.2,-0.43,False,0.29,False,-0.028,49.0,0,44
BHLB,1.5,2024-06-21,2025-09-05,64,26.5,30.6,20.55,1.49,-0.03,-0.29,True,0.59,True,0.026,54.2,2,63
BHLB,2.0,2021-02-05,2025-09-05,240,26.5,30.6,16.79,1.82,0.13,-0.4,True,0.7,True,0.026,54.2,5,239
BID,2.0,2016-07-22,2019-10-04,168,56.99,59.67,31.06,1.92,0.28,-0.33,True,0.91,True,0.33,64.4,2,167
BIGZ,2.0,2021-12-03,2026-01-30,218,6.68,9.29,4.72,1.97,0.04,-0.66,True,0.43,False,-0.006,50.9,5,169
BIIB,2.0,2024-07-05,2026-09-11,115,215.43,230.06,115.17,2.0,0.24,-0.64,True,0.87,True,0.12,61.8,1,74
BILL,2.0,2025-02-07,2026-09-11,84,47.63,62.13,32.47,1.91,-0.24,-0.74,False,0.51,True,0.177,56.3,0,12
BIO,2.0,2023-05-05,2026-09-11,176,368.75,416.61,219.42,1.9,-0.34,-0.73,True,0.76,True,0.204,65.1,3,66
BIPC,1.5,2025-04-18,2026-09-11,74,36.64,48.76,33.08,1.47,0.15,-0.21,False,0.23,False,-0.012,39.0,1,73
BIRT,2.0,2014-02-07,2015-01-16,50,6.6,6.6,3.6,1.83,-0.1,-0.55,True,1.0,True,0.25,72.2,0,7
BITA_old,2.0,2019-01-18,2020-11-06,95,15.94,19.44,9.9,1.96,0.03,-0.8,False,0.63,True,0.075,65.0,3,33
BJ,1.5,2024-09-13,2026-09-11,105,89.65,118.45,80.99,1.46,-0.17,-0.1,True,0.23,False,-0.011,45.9,2,103
BKC_old,1.5,2009-01-09,2010-10-22,94,23.99,23.99,16.28,1.47,0.08,,,1.0,True,0.143,72.0,0,67
BKC_old,2.0,2009-01-02,2010-10-22,95,23.99,24.44,16.28,1.5,0.03,,,0.94,True,0.143,72.0,0,67
BKD,1.5,2026-01-09,2026-09-11,36,12.2,16.51,11.01,1.5,-0.18,-0.01,True,0.22,True,0.022,43.4,0,35
BKE,1.5,2025-05-16,2026-09-11,70,40.29,55.81,37.58,1.49,-0.01,-0.17,True,0.15,False,-0.135,34.1,1,68
BKH,2.0,2018-03-09,2026-09-11,445,72.28,75.32,37.96,1.98,0.39,-0.26,True,0.92,True,0.019,50.7,9,442
BKHU,1.5,2016-01-29,2018-11-02,145,63.72,72.11,49.15,1.47,0.22,,True,0.63,True,0.019,52.0,3,144
BKHU,2.0,2015-12-11,2018-11-02,152,63.72,72.11,43.2,1.67,0.31,,True,0.71,True,0.019,52.0,3,151
BKI,1.5,2022-01-07,2023-09-01,87,75.76,79.14,53.69,1.47,-0.23,-0.44,True,0.87,True,0.189,77.4,1,16
BKI,2.0,2019-01-18,2023-09-01,242,75.76,95.24,48.15,1.98,0.02,-0.14,True,0.59,True,0.189,77.4,2,240
BKNG,1.5,2024-09-13,2026-09-11,105,174.33,226.92,153.74,1.48,-0.11,-0.03,True,0.28,True,0.13,44.2,1,17
BKR,1.5,2026-01-02,2026-09-11,37,59.4,68.64,46.63,1.47,0.29,-0.06,True,0.58,False,-0.063,49.7,0,36
BKS,2.0,2017-03-03,2019-08-09,128,6.49,7.5,4.02,1.87,-0.16,-0.71,False,0.71,True,0.161,58.4,2,79
BKTI,1.5,2025-11-28,2026-09-11,42,71.31,95.98,63.99,1.5,0.09,-0.2,True,0.23,False,-0.087,40.3,0,41
BKTI,2.0,2025-08-15,2026-09-11,57,71.31,95.98,63.08,1.52,0.37,0.18,True,0.25,False,-0.087,40.3,1,42
BKV,1.5,2025-10-31,2026-09-11,46,24.96,31.42,23.59,1.33,-0.33,-0.11,True,0.17,False,-0.097,46.1,0,45
BLCO,2.0,2022-05-06,2026-09-11,228,17.55,20.86,11.27,1.85,-0.1,,True,0.65,True,0.05,58.3,4,70
BLD,2.0,2023-11-17,2026-07-03,138,354.53,550.9,279.65,1.97,0.18,-0.06,True,0.28,False,-0.065,39.8,4,58
BLE,1.5,2022-01-21,2026-02-13,213,10.54,11.31,7.68,1.47,0.27,-0.39,True,0.79,True,0.026,68.2,5,120
BLKB,2.0,2026-01-30,2026-09-11,33,44.22,53.7,27.04,1.99,-0.25,-0.69,False,0.64,True,0.11,55.0,0,12
BLOX_old,2.0,2014-09-05,2016-11-04,114,26.45,27.51,13.79,1.99,0.09,-0.71,True,0.92,True,0.279,80.8,3,111
BLTE,1.5,2025-11-28,2026-09-11,42,175.07,193.61,137.3,1.41,-0.02,0.14,True,0.67,True,0.034,58.7,0,16
BLTE,2.0,2025-10-31,2026-09-11,46,175.07,193.61,105.9,1.83,0.23,0.14,True,0.79,True,0.034,58.7,0,45
BLUD,2.0,2009-07-10,2011-08-19,111,26.81,26.93,13.88,1.94,0.35,-0.51,True,0.99,True,0.165,72.7,2,110
BMA,2.0,2025-10-17,2026-09-11,48,78.83,101.08,50.74,1.99,0.14,-0.52,True,0.56,True,0.119,47.7,0,47
BMC,2.0,2009-02-06,2013-09-13,241,46.3,56.17,28.8,1.95,0.34,,True,0.64,True,0.01,62.9,6,240
BME,2.0,2020-04-10,2026-09-11,336,44.06,46.13,25.16,1.83,0.39,-0.12,True,0.9,True,0.132,61.4,8,335
BMEZ,2.0,2020-03-27,2026-09-11,338,16.56,17.63,9.48,1.86,-0.05,,True,0.87,True,0.142,67.2,6,336
BMNR,2.0,2026-01-30,2026-09-11,33,24.2,25.1,13.56,1.85,-0.15,-0.9,True,0.92,False,-0.072,57.5,0,11
BMTC,1.5,2021-02-12,2021-12-31,47,45.01,49.62,34.46,1.44,0.25,-0.11,True,0.7,True,0.155,52.0,1,46
BMY,2.0,2019-07-26,2026-09-11,373,63.75,68.71,34.75,1.98,0.14,-0.31,True,0.85,True,0.082,58.5,2,372
BMY-R,2.0,2019-12-06,2020-08-14,37,3.06,4.5,2.43,1.85,0.08,,,0.3,False,-0.105,46.4,0,36
BN,1.5,2025-04-11,2026-09-11,75,38.05,47.65,32.15,1.48,0.27,-0.21,True,0.38,False,-0.032,33.8,1,74
BNCL,1.5,2016-07-08,2019-03-01,139,16.12,18.16,12.21,1.49,0.24,-0.08,True,0.66,False,-0.058,55.6,2,138
BNCN,1.5,2016-11-11,2017-06-16,32,35.15,36.49,27.32,1.34,0.34,0.07,True,0.85,False,-0.033,58.5,0,31
BNE_old,1.5,2010-02-26,2010-11-26,40,11.49,11.49,10.86,1.06,0.28,0.35,True,1.0,True,0.004,64.3,0,12
BNFT,2.0,2022-04-22,2023-01-27,41,10.5,11.47,5.92,1.94,0.21,-0.64,False,0.83,True,0.536,65.9,0,15
BNL,2.0,2020-11-13,2026-09-11,305,20.53,22.8,11.44,1.99,0.25,,True,0.8,True,0.091,51.7,7,150
BNNY,2.0,2012-03-30,2014-10-24,135,45.97,51.36,28.1,1.83,-0.09,,True,0.77,True,0.2,70.7,1,20
BNTC,1.5,2025-11-07,2026-09-11,45,12.22,14.08,10.27,1.37,0.02,-0.38,True,0.51,True,0.092,49.5,1,24
BNTX,2.0,2022-12-30,2026-09-11,194,96.4,150.22,80.09,1.88,-0.29,-0.79,False,0.23,True,0.025,49.4,5,114
BOFI,1.5,2017-12-29,2018-09-28,40,34.39,44.38,29.9,1.48,0.27,-0.03,True,0.31,False,-0.079,38.3,0,39
BOJA,1.5,2017-05-26,2019-01-25,88,16.09,17.3,11.55,1.5,0.3,-0.58,False,0.79,True,0.086,58.1,2,57
BOJA,2.0,2015-08-14,2019-01-25,181,16.09,22.52,11.55,1.95,-0.37,,False,0.41,True,0.086,58.1,4,57
BOMN,2.0,2021-02-26,2022-04-22,61,22.96,45.31,22.96,1.97,-0.36,-0.51,False,0.0,False,-0.127,35.8,0,0
BOOM,2.0,2024-11-08,2026-09-11,97,6.57,9.27,4.73,1.96,-0.32,-0.83,False,0.41,True,0.057,48.3,1,26
BOOT,1.5,2026-02-13,2026-09-11,31,140.68,199.76,135.16,1.48,-0.33,-0.34,True,0.09,False,-0.003,39.4,0,23
BOOT,2.0,2025-04-25,2026-09-11,73,140.68,204.71,102.59,2.0,0.02,-0.39,True,0.37,False,-0.003,39.4,2,72
BORR,2.0,2025-11-28,2026-09-11,42,4.37,6.26,3.31,1.89,-0.0,-0.51,False,0.36,False,-0.221,46.6,0,41
BOUBYAN,1.5,2020-02-28,2020-09-04,28,584.0,637.0,431.0,1.48,0.19,-0.35,True,0.74,True,0.099,60.6,1,24
BOUBYAN,2.0,2009-11-20,2020-09-04,556,584.0,670.0,375.0,1.79,-0.3,603.84,True,0.71,True,0.099,60.6,16,238
BOW,2.0,2024-05-24,2026-09-11,121,33.62,42.15,21.67,1.95,-0.17,,True,0.58,True,0.269,68.8,3,25
BOWL,1.5,2023-11-10,2025-02-14,67,12.91,14.72,9.97,1.48,-0.22,-0.4,True,0.62,False,-0.043,60.0,0,4
BOWL,2.0,2022-02-11,2025-02-14,158,12.91,16.64,8.93,1.86,0.01,-0.1,True,0.52,False,-0.043,60.0,3,157
BOWX,1.5,2020-10-23,2021-10-22,53,471.2,519.6,392.0,1.33,0.11,,,0.62,False,-0.13,64.8,0,51
BOWX,2.0,2020-10-23,2021-10-22,53,471.2,519.6,392.0,1.33,0.11,,,0.62,False,-0.13,64.8,0,51
BOX,2.0,2021-03-12,2026-09-11,288,34.12,37.82,21.16,1.79,0.33,-0.01,True,0.78,True,0.25,65.1,4,279
BPMC,2.0,2023-11-24,2025-07-18,87,129.46,129.46,68.45,1.89,0.37,-0.38,True,1.0,True,0.227,70.1,1,86
BR,1.5,2026-01-23,2026-09-11,34,168.24,203.76,136.76,1.49,-0.33,-0.47,False,0.47,True,0.033,51.5,0,12
BR,2.0,2023-03-24,2026-09-11,182,168.24,258.98,132.01,1.96,0.23,-0.22,False,0.29,True,0.033,51.5,2,181
BRBS,1.5,2025-06-27,2026-09-11,64,4.11,4.11,2.76,1.49,0.38,-0.63,True,1.0,True,0.075,74.0,0,58
BRDG,2.0,2023-03-10,2025-08-29,130,9.6,11.15,5.99,1.86,0.07,-0.71,False,0.7,True,0.074,50.7,3,76
BREW_old,1.5,2019-11-15,2020-10-02,47,16.51,16.51,12.81,1.29,-0.24,-0.39,True,1.0,True,0.02,63.3,0,28
BREW_old,2.0,2019-11-15,2020-10-02,47,16.51,16.51,12.81,1.29,-0.24,-0.39,True,1.0,True,0.02,63.3,0,28
BRFS,1.5,2024-12-13,2025-09-26,42,3.38,4.14,2.76,1.5,-0.08,-0.34,True,0.45,True,0.028,51.6,1,30
BRG,1.5,2021-12-24,2022-10-07,42,26.6,26.89,25.36,1.06,0.18,0.67,True,0.81,True,0.003,62.0,0,6
BRKL_old,1.5,2024-07-12,2025-08-29,60,10.95,12.16,8.73,1.39,0.22,-0.3,True,0.65,True,0.03,54.2,2,59
BRKL_old,2.0,2022-04-01,2025-08-29,179,10.95,13.35,6.74,1.98,-0.15,-0.54,True,0.64,True,0.03,54.2,3,120
BRMK,2.0,2022-08-05,2023-06-02,44,4.82,6.8,3.43,1.98,-0.39,-0.62,False,0.41,True,0.168,52.6,1,22
BROS,2.0,2024-11-08,2026-09-11,97,43.44,81.97,43.44,1.89,-0.15,0.03,False,0.0,True,0.098,34.7,1,0
BRSP,2.0,2020-11-06,2026-09-11,306,4.49,6.07,3.1,1.96,0.02,-0.67,False,0.47,False,-0.081,28.9,6,305
BRY,2.0,2025-01-31,2025-12-19,47,3.26,4.19,2.22,1.89,0.07,-0.71,False,0.53,True,0.119,48.3,1,36
BRY1,2.0,2010-09-24,2013-12-20,170,47.25,60.0,31.0,1.94,-0.05,-0.06,True,0.56,True,0.151,53.9,2,169
BSBR,1.5,2025-08-08,2026-09-11,58,5.88,6.79,4.59,1.48,0.22,-0.16,True,0.59,False,-0.012,57.0,0,57
BSY,2.0,2021-10-08,2026-09-11,258,31.0,58.2,29.38,1.98,-0.02,-0.56,False,0.06,False,-0.002,40.8,1,12
BTAQ,1.5,2020-10-09,2022-03-11,75,10.04,11.44,9.64,1.19,-0.12,,,0.22,True,0.005,61.3,3,71
BTAQ,2.0,2020-10-09,2022-03-11,75,10.04,11.44,9.64,1.19,-0.12,,,0.22,True,0.005,61.3,3,71
BTM_old,1.5,2011-08-05,2012-04-06,36,15.65,21.94,15.65,1.4,-0.39,-0.5,False,0.0,True,0.011,37.1,0,0
BTM_old,2.0,2009-03-13,2012-04-06,161,15.65,31.15,15.65,1.99,-0.07,,False,0.0,True,0.011,37.1,2,0
BTNB,1.5,2021-02-26,2022-04-01,58,8.33,11.73,8.33,1.41,-0.38,,,0.0,False,-0.044,20.1,0,2
BTU,2.0,2025-09-19,2026-09-11,52,29.03,39.25,21.25,1.85,-0.3,-0.24,True,0.43,False,-0.125,56.4,0,6
BURG,1.5,2020-04-03,2020-10-09,28,68684.0,68684.0,53900.0,1.27,0.11,0.81,False,1.0,False,-0.008,72.5,0,11
BURG,2.0,2020-04-03,2020-10-09,28,68684.0,68684.0,53900.0,1.27,0.11,0.81,False,1.0,False,-0.008,72.5,0,11
BV,2.0,2024-03-08,2026-09-11,132,11.0,18.57,9.9,1.88,-0.19,-0.27,False,0.13,True,0.047,36.6,1,131
BVN,1.5,2026-01-09,2026-09-11,36,33.85,42.44,29.44,1.44,-0.23,0.03,True,0.34,False,-0.04,53.4,0,25
BV_old,1.5,2016-07-01,2018-02-02,84,5.5,5.91,4.0,1.48,0.34,-0.57,True,0.79,True,0.097,65.2,1,83
BWIN,2.0,2025-08-29,2026-09-11,55,29.39,31.9,16.5,1.93,-0.08,-0.7,False,0.84,True,0.329,57.8,0,30
BWLD,2.0,2015-09-25,2018-02-09,125,156.95,196.75,98.4,2.0,-0.32,-0.51,True,0.6,True,0.431,69.3,1,22
BWMN,2.0,2025-04-11,2026-09-11,75,42.51,44.05,22.23,1.98,0.17,-0.45,True,0.93,True,0.072,69.7,0,73
BWP,2.0,2014-02-14,2018-07-20,232,12.05,18.34,9.46,1.94,-0.13,-0.66,False,0.29,False,-0.013,56.0,2,11
BWS,1.5,2019-10-25,2020-10-09,51,35500.0,39799.85,32099.81,1.24,0.17,,,0.44,False,-0.001,43.6,2,49
BWS,2.0,2019-10-25,2020-10-09,51,35500.0,39799.85,32099.81,1.24,0.17,,,0.44,False,-0.001,43.6,2,49
BWXT,2.0,2025-05-23,2026-09-11,69,152.49,235.09,118.64,1.98,0.37,-0.1,True,0.29,False,-0.166,34.2,0,68
BX,1.5,2026-01-23,2026-09-11,34,125.41,145.9,104.73,1.39,0.35,-0.44,True,0.5,True,0.115,47.1,0,26
BX,2.0,2023-11-17,2026-09-11,148,125.41,187.21,96.25,1.94,0.15,-0.22,True,0.32,True,0.115,47.1,1,147
BXC,2.0,2025-02-21,2026-09-11,82,79.75,89.88,45.34,1.98,-0.35,-0.65,False,0.77,True,0.332,59.1,2,25
BXMT,2.0,2020-04-10,2026-09-11,336,13.48,20.38,10.86,1.88,0.11,-0.47,False,0.28,False,-0.151,26.7,7,333
BXP,1.5,2024-11-15,2026-09-11,96,63.72,75.24,50.21,1.5,-0.21,-0.39,True,0.54,True,0.191,47.5,0,24
BXP,2.0,2023-06-02,2026-09-11,172,63.72,82.34,42.37,1.94,0.34,-0.59,True,0.53,True,0.191,47.5,2,171
BXS,1.5,2020-11-13,2021-12-31,60,30.04,34.26,25.05,1.37,0.18,-0.18,True,0.54,True,0.076,52.9,1,23
BXSL,1.5,2023-06-30,2026-09-11,168,24.26,28.87,19.41,1.49,0.36,-0.14,True,0.51,True,0.042,53.8,3,153
BYI,1.5,2013-06-28,2014-11-21,74,83.27,83.27,56.42,1.48,0.24,-0.01,True,1.0,True,0.204,66.9,2,73
BZ,1.5,2026-01-09,2026-09-11,36,16.41,19.27,13.0,1.48,-0.31,-0.47,False,0.54,True,0.121,54.3,0,10
BZ,2.0,2024-09-20,2026-09-11,104,16.41,24.37,12.46,1.96,0.02,-0.51,False,0.33,True,0.121,54.3,0,103
BZH,2.0,2023-04-28,2026-09-11,177,33.25,35.43,18.23,1.94,-0.2,-0.28,True,0.87,True,0.434,67.8,3,74
CAAP,1.5,2025-10-31,2026-09-11,46,24.78,28.52,21.08,1.35,-0.03,0.01,True,0.5,False,-0.007,52.8,1,44
CAB,2.0,2014-04-11,2017-09-29,182,61.5,65.05,33.6,1.94,-0.07,-0.53,True,0.89,True,0.04,61.8,5,101
CABA,1.5,2026-02-13,2026-09-11,31,2.74,3.88,2.68,1.45,-0.11,-0.89,False,0.05,False,-0.088,46.6,0,24
CACC,2.0,2021-01-29,2026-09-11,294,605.46,687.68,347.0,1.98,0.03,-0.32,True,0.76,True,0.195,58.4,6,292
CACI,1.5,2025-06-13,2026-09-11,66,624.01,670.54,450.68,1.49,0.35,-0.21,True,0.79,True,0.047,59.8,0,65
CAE,1.5,2025-04-11,2026-09-11,75,23.68,34.05,22.72,1.5,-0.1,-0.15,True,0.08,False,-0.024,39.3,1,74
CAEP,1.5,2025-06-27,2026-05-15,47,15.0,15.0,10.18,1.47,0.07,,,1.0,True,0.049,96.8,0,25
CAEP,2.0,2025-06-27,2026-05-15,47,15.0,15.0,10.18,1.47,0.07,,,1.0,True,0.049,96.8,0,25
CAFD,1.5,2015-10-09,2018-06-22,142,12.42,15.08,10.07,1.5,0.16,,False,0.47,False,-0.07,46.3,2,135
CAFD,2.0,2015-06-19,2018-06-22,158,12.42,16.93,9.56,1.77,0.07,,False,0.39,False,-0.07,46.3,2,143
CAJ,1.5,2020-11-20,2023-04-14,126,21.9,25.24,16.84,1.5,0.31,-0.35,True,0.6,True,0.003,47.9,3,125
CAJ,2.0,2018-04-27,2023-04-14,260,21.9,28.06,14.36,1.95,-0.24,-0.55,True,0.55,True,0.003,47.9,8,130
CAL,1.5,2026-03-20,2026-09-11,26,11.88,14.64,10.39,1.41,0.22,-0.76,False,0.35,True,0.006,46.5,0,24
CALM,1.5,2025-09-12,2026-09-11,53,73.71,107.49,72.72,1.48,-0.34,-0.35,True,0.03,True,0.08,37.6,0,35
CALM,2.0,2024-07-19,2026-09-11,113,73.71,112.73,57.65,1.96,0.06,0.03,True,0.29,True,0.08,37.6,1,112
CAMT,2.0,2025-11-28,2026-09-11,42,144.25,205.54,104.04,1.98,0.33,-0.21,True,0.4,False,-0.147,47.4,0,38
CAM_old,1.5,2015-08-28,2016-04-01,32,66.01,68.62,58.57,1.17,-0.02,-0.21,True,0.74,False,-0.022,55.4,0,11
CAM_old,2.0,2010-08-27,2016-04-01,293,66.01,74.33,37.97,1.96,0.37,-0.2,True,0.77,False,-0.022,55.4,5,292
CAP_old,1.5,2020-03-06,2021-01-22,47,20.5,23.2,15.75,1.47,-0.27,-0.61,False,0.64,True,0.208,53.2,1,19
CARG,1.5,2025-02-21,2026-09-11,82,33.3,38.99,26.29,1.48,0.28,-0.34,True,0.55,True,0.074,48.2,0,75
CARL,2.0,2025-07-25,2026-09-11,60,14.76,16.88,8.94,1.89,-0.15,,,0.73,True,0.263,56.9,2,22
CARO,2.0,2016-11-11,2020-05-01,182,32.88,44.35,22.32,1.99,0.23,-0.02,False,0.48,False,-0.261,49.2,3,6
CARR,1.5,2025-08-01,2026-09-11,59,56.64,73.33,51.81,1.42,0.3,-0.35,False,0.22,True,0.04,39.0,0,42
CARR,2.0,2023-06-02,2026-09-11,172,56.64,79.51,41.54,1.91,0.3,-0.24,False,0.4,True,0.04,39.0,2,171
CARS,2.0,2025-02-28,2026-09-11,81,11.41,13.59,7.58,1.79,-0.2,-0.66,False,0.64,True,0.186,51.9,1,26
CART,1.5,2025-02-28,2026-09-11,81,47.24,51.21,34.64,1.48,0.08,-0.34,True,0.76,True,0.186,54.6,3,31
CART,2.0,2024-02-09,2026-09-11,136,47.24,52.37,26.6,1.97,0.37,,True,0.8,True,0.186,54.6,3,135
CATC,2.0,2020-10-02,2024-07-12,198,73.59,87.2,46.08,1.89,-0.3,-0.37,True,0.67,True,0.026,63.5,4,62
CATM,1.5,2020-12-11,2021-06-25,29,39.01,41.08,35.2,1.17,0.29,-0.25,True,0.65,False,-0.001,68.4,0,26
CAVA,2.0,2025-11-21,2026-09-11,43,54.0,95.68,48.89,1.96,0.26,-0.68,False,0.11,False,-0.16,37.8,0,41
CBA,2.0,2016-02-19,2018-11-16,144,6.75,10.41,5.66,1.84,-0.16,-0.71,False,0.23,False,-0.039,35.4,2,143
CBAH,1.5,2021-02-05,2021-12-17,46,9.5,10.64,9.5,1.12,-0.07,,,0.0,True,0.017,37.0,0,0
CBAH,2.0,2021-02-05,2021-12-17,46,9.5,10.64,9.5,1.12,-0.07,,,0.0,True,0.017,37.0,0,0
CBAH-U,1.5,2021-01-01,2021-12-10,46,10.75,10.75,9.74,1.1,-0.02,,,1.0,True,0.027,69.9,0,25
CBAH-U,2.0,2021-01-01,2021-12-10,46,10.75,10.75,9.74,1.1,-0.02,,,1.0,True,0.027,69.9,0,25
CBAH-WS,1.5,2021-02-05,2021-12-10,45,10.75,10.75,9.74,1.1,0.05,,,1.0,True,0.027,71.3,0,25
CBAH-WS,2.0,2021-02-05,2021-12-10,45,10.75,10.75,9.74,1.1,0.05,,,1.0,True,0.027,71.3,0,25
CBB,1.5,2020-01-10,2021-09-03,87,15.48,15.89,10.74,1.48,0.38,-0.43,True,0.92,True,0.0,64.0,1,86
CBEY,2.0,2011-08-05,2014-07-18,155,9.99,9.99,5.55,1.8,0.04,-0.68,True,1.0,True,0.409,73.7,4,33
CBI,2.0,2017-08-25,2018-05-11,38,16.39,21.0,10.99,1.91,0.13,-0.98,False,0.54,False,-0.091,49.0,1,37
CBLL,2.0,2025-11-14,2026-09-11,44,23.43,24.72,12.9,1.92,0.18,-0.57,True,0.89,True,0.091,60.7,1,43
CBM,2.0,2016-02-12,2019-12-06,200,59.99,68.4,36.53,1.87,0.1,-0.32,True,0.74,True,0.187,68.1,4,199
CBOU,2.0,2011-03-18,2013-01-25,98,15.99,18.64,9.34,2.0,0.24,-0.18,True,0.72,True,0.078,65.3,1,92
CBPO,2.0,2016-11-18,2021-04-23,232,119.99,119.99,60.38,1.99,0.35,-0.58,True,1.0,True,0.004,65.5,6,130
CBRE,1.5,2024-09-13,2026-09-11,105,137.99,171.59,115.95,1.48,0.37,-0.01,True,0.4,True,0.049,44.7,0,74
CBS,2.0,2012-12-21,2019-12-06,364,40.77,67.01,34.05,1.97,0.03,-0.02,False,0.2,False,-0.183,44.2,6,362
CBSH,1.5,2023-12-08,2026-09-11,145,58.29,64.44,44.06,1.46,0.34,-0.26,True,0.7,True,0.145,61.3,1,130
CBT,2.0,2022-02-04,2026-09-11,241,78.79,109.98,56.26,1.95,0.36,-0.03,True,0.42,True,0.108,44.8,1,221
CBTX,1.5,2020-12-18,2023-01-20,109,29.15,35.75,24.16,1.48,0.31,-0.24,True,0.43,True,0.043,46.4,3,108
CBTX,2.0,2020-10-23,2023-01-20,117,29.15,35.75,18.16,1.97,0.34,-0.44,True,0.62,True,0.043,46.4,4,115
CBU,1.5,2024-07-12,2026-09-11,114,62.7,68.85,48.93,1.41,0.37,-0.22,True,0.69,True,0.06,48.0,3,113
CBU,2.0,2016-08-26,2026-09-11,525,62.7,70.03,35.13,1.99,0.4,0.02,True,0.79,True,0.06,48.0,11,514
CC,2.0,2026-01-09,2026-09-11,36,15.07,27.47,14.1,1.95,-0.05,-0.5,False,0.07,False,-0.232,38.0,0,35
CCAC,1.5,2021-02-26,2022-02-11,51,7.05,10.52,7.05,1.49,-0.24,-0.39,,0.0,False,-0.048,4.8,0,0
CCAC,2.0,2020-04-24,2022-02-11,95,7.05,11.56,7.05,1.64,-0.06,,,0.0,False,-0.048,4.8,2,0
CCAC-U,1.5,2020-04-24,2021-12-17,84,10.0,11.56,9.51,1.22,0.05,,,0.24,True,0.008,48.3,1,82
CCAC-U,2.0,2020-04-24,2021-12-17,84,10.0,11.56,9.51,1.22,0.05,,,0.24,True,0.008,48.3,1,82
CCAC-WS,1.5,2020-04-24,2021-12-17,84,10.0,11.56,9.25,1.25,0.08,,,0.33,True,0.008,48.8,1,82
CCAC-WS,2.0,2020-04-24,2021-12-17,84,10.0,11.56,9.25,1.25,0.08,,,0.33,True,0.008,48.8,1,82
CCAP,2.0,2022-10-28,2026-09-11,203,9.93,16.47,8.29,1.99,0.34,-0.31,False,0.2,False,-0.086,34.4,3,195
CCBL,1.5,2021-01-01,2022-03-04,62,222.0,296.0,201.0,1.47,-0.04,0.01,True,0.22,False,-0.007,40.9,0,61
CCBN,2.0,2018-01-26,2022-03-04,215,375.01,407.0,207.1,1.97,0.19,0.02,True,0.84,True,0.204,61.8,2,55
CCC,2.0,2025-11-07,2026-09-11,45,6.85,8.45,4.32,1.96,-0.4,-0.66,False,0.61,True,0.227,56.0,1,17
CCCS,2.0,2021-01-29,2026-01-02,258,7.95,13.47,7.22,1.87,-0.1,,False,0.12,False,-0.171,40.0,3,6
CCC_old,2.0,2009-07-24,2018-03-09,451,21.5,22.93,11.86,1.93,0.34,-0.36,True,0.87,True,0.025,69.7,8,277
CCG_old,1.5,2015-03-27,2016-03-04,50,7.0,7.23,4.82,1.5,0.34,-0.66,False,0.9,True,0.145,64.8,1,25
CCI,1.5,2023-04-14,2026-09-11,179,73.87,108.6,73.87,1.47,-0.29,-0.56,False,0.0,False,-0.111,37.7,3,0
CCJ,1.5,2025-11-28,2026-09-11,42,97.42,124.04,85.62,1.45,-0.2,-0.16,True,0.31,False,-0.128,47.2,0,8
CCK,2.0,2020-07-03,2026-09-11,324,112.84,123.21,62.98,1.96,0.16,-0.16,True,0.83,True,0.157,54.9,6,323
CCL,1.5,2025-06-20,2026-09-11,65,22.47,33.45,22.47,1.49,-0.25,-0.17,True,0.0,True,0.013,37.3,1,0
CCL,2.0,2025-04-11,2026-09-11,75,22.47,33.45,17.36,1.93,0.19,-0.36,True,0.32,True,0.013,37.3,1,74
CCP,1.5,2015-08-21,2017-08-18,105,24.21,29.16,21.03,1.39,-0.21,,False,0.39,False,-0.01,45.7,2,40
CCP,2.0,2015-08-21,2017-08-18,105,24.21,29.16,21.03,1.39,-0.21,,False,0.39,False,-0.01,45.7,2,40
CCRD,1.5,2025-05-09,2025-10-31,26,23.6,28.97,20.4,1.42,0.05,-0.2,True,0.37,False,-0.006,41.9,0,25
CCS,2.0,2024-10-25,2026-09-11,99,59.56,87.39,47.9,1.82,-0.3,-0.52,False,0.3,True,0.21,44.7,2,17
CCT,1.5,2017-11-17,2018-12-21,58,12.35,16.74,12.35,1.36,-0.27,,,0.0,False,-0.112,29.2,0,0
CCT,2.0,2017-11-17,2018-12-21,58,12.35,16.74,12.35,1.36,-0.27,,,0.0,False,-0.112,29.2,0,0
CCU,1.5,2024-09-27,2026-09-11,103,11.65,15.01,10.15,1.48,0.02,-0.35,False,0.31,True,0.004,48.0,2,95
CCU,2.0,2020-11-06,2026-09-11,306,11.65,16.52,8.4,1.97,-0.18,-0.6,False,0.4,True,0.004,48.0,6,207
CCX,2.0,2021-08-27,2022-02-18,26,122.0,199.8,113.6,1.76,0.33,-0.5,False,0.1,True,0.165,42.0,0,12
CDE,1.5,2026-03-13,2026-09-11,27,20.34,21.24,14.35,1.48,-0.02,-0.47,True,0.87,False,-0.029,56.0,0,8
CDE,2.0,2025-09-05,2026-09-11,54,20.34,27.12,13.97,1.94,0.04,0.06,True,0.48,False,-0.029,56.0,0,42
CDEV,2.0,2021-09-17,2022-11-04,60,10.59,10.59,5.52,1.92,0.3,-0.25,True,1.0,True,0.2,65.8,1,16
CDK,1.5,2020-05-22,2022-07-15,113,54.76,54.84,37.86,1.45,0.33,-0.41,True,1.0,True,0.17,73.1,2,112
CDK,2.0,2019-05-03,2022-07-15,168,54.76,54.84,29.16,1.88,0.1,-0.59,True,1.0,True,0.17,73.1,2,119
CDLR,1.5,2026-01-09,2026-09-11,36,25.49,29.57,20.5,1.44,-0.01,-0.27,True,0.55,False,-0.091,57.3,0,35
CDLR,2.0,2023-12-29,2026-09-11,142,25.49,29.57,15.92,1.86,0.19,,True,0.7,False,-0.091,57.3,2,42
CDNS,1.5,2025-04-11,2026-09-11,75,284.95,387.39,259.47,1.49,0.22,-0.2,True,0.2,True,0.027,37.9,0,74
CDRE,1.5,2026-03-13,2026-09-11,27,28.77,34.14,27.93,1.22,0.01,-0.37,False,0.14,False,-0.004,40.0,0,11
CDRE,2.0,2023-07-28,2026-09-11,164,28.77,44.1,22.33,1.97,0.25,-0.22,False,0.3,False,-0.004,40.0,2,163
CE,2.0,2024-11-15,2026-09-11,96,45.72,74.39,37.87,1.96,-0.4,-0.78,False,0.22,False,-0.213,43.2,1,42
CEB,2.0,2013-01-04,2017-04-07,223,78.75,86.11,45.48,1.89,0.16,-0.08,True,0.82,True,0.365,73.8,3,222
CEG,1.5,2026-01-09,2026-09-11,36,285.97,341.01,238.88,1.43,-0.37,-0.38,True,0.46,False,-0.057,51.2,0,10
CEG,2.0,2025-04-11,2026-09-11,75,285.97,387.03,205.0,1.89,-0.15,-0.4,True,0.44,False,-0.057,51.2,1,73
CEIX,2.0,2023-07-21,2025-01-17,79,101.91,131.73,67.9,1.94,0.35,-0.06,True,0.53,True,0.15,46.3,0,78
CELC,2.0,2025-10-24,2026-09-11,47,85.49,138.23,70.97,1.95,0.02,0.27,True,0.22,False,-0.209,42.5,0,46
CELG,2.0,2017-10-20,2019-11-22,110,108.24,121.33,60.92,1.99,0.01,-0.58,True,0.78,True,0.091,70.7,2,48
CELSIA,1.5,2016-02-05,2020-06-05,227,4200.0,4880.0,3300.0,1.48,0.24,-0.5,False,0.57,False,-0.078,48.0,3,226
CELSIA,2.0,2015-12-18,2020-06-05,234,4200.0,4880.0,2630.0,1.86,0.27,-0.6,False,0.7,False,-0.078,48.0,4,233
CENT,2.0,2020-04-10,2026-09-11,336,39.66,46.69,24.74,1.89,0.23,-0.3,True,0.68,True,0.138,46.1,6,333
CENTA,1.5,2024-05-17,2026-09-11,122,34.31,39.73,26.76,1.48,0.15,-0.33,True,0.58,True,0.114,44.0,3,48
CENTA,2.0,2020-04-10,2026-09-11,336,34.31,43.63,23.48,1.86,0.08,-0.3,True,0.54,True,0.114,44.0,8,335
CENX,2.0,2025-12-19,2026-09-11,39,44.36,66.96,36.21,1.85,0.03,0.1,True,0.27,False,-0.231,45.1,0,38
CEPO,1.5,2025-01-10,2026-09-11,88,10.76,12.51,10.05,1.24,-0.11,,,0.29,True,0.01,63.9,2,87
CEPO,2.0,2025-01-10,2026-09-11,88,10.76,12.51,10.05,1.24,-0.11,,,0.29,True,0.01,63.9,2,87
CEPT,1.5,2025-05-02,2026-07-03,62,12.3,13.52,10.37,1.3,0.26,,,0.61,True,0.038,55.4,0,42
CEPT,2.0,2025-05-02,2026-07-03,62,12.3,13.52,10.37,1.3,0.26,,,0.61,True,0.038,55.4,0,42
CEPU,2.0,2025-10-17,2026-09-11,48,14.48,17.55,9.45,1.86,-0.09,-0.4,True,0.62,False,-0.046,50.1,0,46
CERC,2.0,2020-11-13,2021-10-29,51,6652.8,12499.2,6278.4,1.99,-0.15,-0.65,False,0.06,False,-0.139,42.0,1,3
CERT,2.0,2026-01-30,2026-09-11,33,7.42,8.79,4.48,1.96,0.27,-0.77,False,0.68,True,0.297,51.0,0,17
CETV,2.0,2016-11-11,2020-10-16,206,4.57,4.95,2.48,2.0,0.27,-0.22,True,0.85,True,0.095,63.0,5,30
CFB,2.0,2020-11-13,2025-02-28,225,15.99,18.68,9.34,2.0,0.17,-0.36,True,0.71,False,-0.054,50.5,4,224
CFVI,1.5,2021-04-16,2022-09-16,75,12.04,14.37,9.65,1.49,0.35,,,0.51,False,-0.061,64.5,0,56
CFVI,2.0,2021-04-16,2022-09-16,75,12.04,14.37,9.65,1.49,0.35,,,0.51,False,-0.061,64.5,0,56
CGNT,1.5,2026-03-06,2026-09-11,28,8.08,11.57,7.75,1.49,-0.06,-0.31,True,0.09,False,-0.076,44.1,0,24
CGNT,2.0,2024-01-19,2026-09-11,139,8.08,11.57,5.94,1.95,0.34,-0.52,True,0.38,False,-0.076,44.1,2,138
CHAC,1.5,2025-05-23,2026-03-27,45,9.72,12.48,8.33,1.5,0.14,,,0.33,False,-0.06,42.9,0,1
CHAC,2.0,2025-05-23,2026-03-27,45,9.72,12.48,8.33,1.5,0.14,,,0.33,False,-0.06,42.9,0,1
CHA_old,2.0,2015-06-19,2021-01-08,291,26.45,51.81,26.45,1.96,-0.37,-0.59,False,0.0,False,-0.048,36.8,7,0
CHD,1.5,2022-11-25,2026-09-11,199,93.94,110.19,75.42,1.46,0.29,-0.23,False,0.53,True,0.038,44.9,5,198
CHDN,2.0,2020-11-06,2026-09-11,306,82.75,146.64,82.32,1.78,-0.04,-0.06,False,0.01,False,-0.015,41.3,6,305
CHE,2.0,2019-06-07,2026-09-11,380,514.4,641.63,338.13,1.9,0.27,0.04,False,0.58,True,0.244,59.9,8,378
CHFC,2.0,2016-02-12,2019-09-27,190,39.34,56.63,29.27,1.93,0.22,-0.12,False,0.37,False,-0.029,46.7,3,189
CHH,1.5,2025-08-01,2026-09-11,59,98.23,124.53,85.04,1.46,0.04,-0.44,False,0.33,True,0.005,40.1,1,40
CHH,2.0,2020-07-03,2026-09-11,324,98.23,151.86,76.43,1.99,0.11,-0.25,False,0.29,True,0.005,40.1,7,322
CHK,1.5,2022-03-04,2024-10-04,136,81.46,96.4,67.72,1.42,-0.04,0.07,True,0.48,False,-0.117,53.6,2,133
CHMA,2.0,2020-07-03,2021-08-06,58,3.76,5.44,2.86,1.9,-0.33,-0.63,False,0.35,True,0.252,44.6,0,15
CHNG,2.0,2020-11-06,2022-10-07,101,27.49,27.49,14.36,1.91,0.28,-0.08,True,1.0,True,0.09,84.6,2,100
CHPT-WS,2.0,2021-02-19,2021-12-17,44,19.03,36.34,18.4,1.98,-0.38,-0.6,True,0.04,False,-0.084,40.1,0,10
CHRD,2.0,2024-06-07,2026-09-11,119,151.82,157.32,81.98,1.92,-0.04,-0.51,True,0.93,False,-0.019,63.6,2,75
CHRW,1.5,2025-10-31,2026-09-11,46,152.42,207.6,141.02,1.47,0.08,0.05,True,0.17,False,-0.036,44.2,0,3
CHS,2.0,2021-05-14,2024-01-05,139,7.59,7.59,4.04,1.88,0.35,-0.1,True,1.0,True,0.337,68.4,1,95
CHU,1.5,2020-04-03,2021-01-08,41,6.03,8.15,5.49,1.49,0.12,-0.6,False,0.2,False,-0.076,46.4,0,33
CHUY,2.0,2022-07-15,2024-10-11,118,37.48,41.21,21.08,1.95,0.34,-0.57,True,0.81,True,0.38,67.6,1,116
CHX,2.0,2022-10-07,2025-07-18,146,25.81,38.7,20.35,1.9,-0.05,-0.28,False,0.3,False,-0.097,46.7,0,144
CI,1.5,2023-06-02,2026-09-11,172,280.91,349.9,238.96,1.46,-0.11,-0.23,False,0.38,True,0.019,50.6,3,45
CIEN,2.0,2026-02-13,2026-09-11,31,334.56,583.74,294.17,1.98,-0.0,0.08,True,0.14,False,-0.199,42.3,0,27
CIGI,2.0,2020-11-20,2026-09-11,304,91.19,167.09,85.77,1.95,0.22,-0.04,False,0.07,False,-0.028,37.2,4,303
CIM,1.5,2024-06-14,2026-09-11,118,11.18,13.49,9.18,1.47,0.22,-0.52,False,0.46,False,-0.038,34.3,3,74
CIM,2.0,2022-08-05,2026-09-11,215,11.18,17.66,8.97,1.97,-0.03,-0.68,False,0.25,False,-0.038,34.3,4,118
CIMT,2.0,2013-02-22,2015-02-06,103,8.83,10.17,5.28,1.93,0.1,-0.53,True,0.73,True,0.4,72.0,0,87
CING,2.0,2026-03-20,2026-09-11,26,5.17,7.38,4.16,1.77,-0.31,-0.76,False,0.31,False,-0.058,50.4,0,15
CION,2.0,2022-10-28,2026-09-11,203,7.18,9.75,5.2,1.87,0.34,-0.33,False,0.43,True,0.001,53.3,3,202
CISN,2.0,2019-04-19,2020-01-31,42,9.99,12.26,6.41,1.91,-0.35,-0.65,False,0.61,True,0.288,53.6,1,24
CIT,1.5,2021-02-05,2022-01-07,49,53.5,54.66,40.31,1.36,0.22,-0.15,True,0.92,False,-0.015,55.7,0,48
CIVI,1.5,2025-04-11,2026-01-30,43,27.42,35.62,25.78,1.38,-0.06,-0.63,False,0.17,False,-0.116,45.9,0,3
CIVI,2.0,2025-02-21,2026-01-30,50,27.42,46.04,23.14,1.99,-0.18,-0.67,False,0.19,False,-0.116,45.9,0,43
CKEC,2.0,2013-09-06,2016-12-23,173,33.4,35.91,19.41,1.85,0.13,-0.03,True,0.85,True,0.056,61.3,4,172
CKH,2.0,2019-11-01,2021-04-16,77,41.5,44.11,23.09,1.91,0.13,-0.61,False,0.88,True,0.129,59.7,1,56
CKP,2.0,2015-04-24,2016-05-13,56,10.14,10.84,5.57,1.95,-0.23,-0.68,False,0.87,True,0.548,69.1,0,18
CKXE,2.0,2010-04-30,2011-06-24,61,5.51,5.88,3.06,1.92,-0.23,-0.61,True,0.87,True,0.34,66.4,2,21
CL,1.5,2023-11-03,2026-09-11,150,87.9,102.92,70.2,1.47,0.13,-0.08,True,0.54,True,0.056,46.8,3,149
CLB,2.0,2024-11-29,2026-09-11,94,12.53,20.24,10.19,1.99,-0.2,-0.61,False,0.23,False,-0.216,45.9,1,57
CLBK,2.0,2020-11-13,2026-09-11,305,11.54,11.79,5.95,1.98,-0.12,-0.24,True,0.96,True,0.245,76.0,6,74
CLBT,1.5,2026-01-23,2026-09-11,34,11.32,16.01,11.03,1.45,-0.3,-0.57,False,0.06,True,0.017,41.1,0,22
CLF,2.0,2025-07-04,2026-09-11,63,11.83,15.09,7.82,1.93,-0.0,-0.66,False,0.55,True,0.062,52.4,1,25
CLFD,2.0,2023-11-03,2026-09-11,150,28.28,47.22,24.5,1.93,0.05,-0.81,False,0.17,False,-0.097,41.5,2,148
CLMB,2.0,2024-08-09,2026-09-11,110,26.87,34.95,18.89,1.85,-0.21,0.06,True,0.5,True,0.252,54.6,0,19
CLNY1,1.5,2015-07-24,2017-01-13,78,21.52,22.77,15.39,1.48,-0.29,-0.43,True,0.83,True,0.127,64.8,1,48
CLNY1,2.0,2011-12-02,2017-01-13,268,21.52,26.78,14.89,1.8,0.13,-0.3,True,0.56,True,0.127,64.8,4,267
CLW,2.0,2025-08-01,2026-09-11,59,19.69,23.31,12.44,1.87,-0.31,-0.78,False,0.67,True,0.303,55.2,2,25
CMCO,2.0,2025-02-14,2026-09-11,83,17.22,22.51,12.64,1.78,0.09,-0.71,False,0.46,True,0.13,52.1,1,74
CMGE,2.0,2014-03-21,2015-08-14,74,21.8,25.6,13.65,1.88,0.23,-0.65,True,0.68,True,0.088,58.4,3,56
CMLP1,1.5,2012-01-13,2013-10-11,92,25.99,30.04,21.02,1.43,-0.3,-0.35,True,0.55,True,0.039,53.3,3,41
CMLP1,2.0,2009-09-18,2013-10-11,213,25.99,32.26,16.83,1.92,0.31,0.08,True,0.59,True,0.039,53.3,4,177
CMLT,2.0,2021-06-04,2021-12-24,30,6.41,10.49,6.41,1.64,-0.31,57.27,True,0.0,False,-0.045,26.8,0,0
CMPC,1.5,2014-07-04,2016-05-13,98,1465.3,1875.6,1267.8,1.48,0.33,-0.26,False,0.32,True,0.011,40.2,2,97
CMPC,2.0,2009-05-08,2016-05-13,367,1465.3,2278.32,1161.1,1.96,-0.27,,False,0.27,True,0.011,40.2,9,99
CMRE,1.5,2025-10-31,2026-09-11,46,15.11,17.47,11.95,1.46,0.1,-0.01,True,0.57,False,-0.092,48.4,0,45
CND,1.5,2021-01-29,2022-12-09,98,10.16,12.67,9.75,1.3,-0.02,,,0.14,True,0.01,61.8,2,76
CND,2.0,2021-01-29,2022-12-09,98,10.16,12.67,9.75,1.3,-0.02,,,0.14,True,0.01,61.8,2,76
CNG,1.5,2021-08-13,2022-03-04,30,35850.0,38500.0,26800.0,1.44,0.03,0.02,True,0.77,False,-0.094,63.6,0,28
CNH,1.5,2026-01-09,2026-09-11,36,13.5,14.4,9.85,1.46,0.13,-0.27,True,0.8,True,0.082,62.7,1,25
CNH,2.0,2020-11-20,2026-09-11,304,13.5,15.96,8.08,1.97,-0.23,-0.03,True,0.69,True,0.082,62.7,7,303
CNHI,1.5,2023-07-28,2024-05-17,43,11.45,13.78,9.56,1.44,-0.21,-0.46,False,0.45,True,0.046,47.4,0,27
CNHI,2.0,2020-11-13,2024-05-17,184,11.45,17.81,9.17,1.94,-0.27,-0.08,False,0.26,True,0.046,47.4,3,183
CNH_old,1.5,2023-07-28,2024-05-24,44,11.14,13.78,9.56,1.44,-0.22,-0.46,False,0.37,True,0.028,44.1,0,28
CNH_old,2.0,2020-11-13,2024-05-24,185,11.14,17.79,9.16,1.94,-0.27,-0.1,False,0.23,True,0.028,44.1,3,184
CNI,1.5,2020-08-07,2026-09-11,319,121.16,129.14,87.93,1.47,0.13,0.02,True,0.81,True,0.126,55.4,7,306
CNI,2.0,2020-03-27,2026-09-11,338,121.16,129.14,64.78,1.99,0.23,-0.23,True,0.88,True,0.126,55.4,7,337
CNK,2.0,2024-06-21,2026-09-11,117,35.15,37.29,19.08,1.95,0.23,-0.01,True,0.88,True,0.197,60.3,3,116
CNM,2.0,2023-11-17,2026-09-11,148,40.85,66.98,33.88,1.98,0.13,0.03,False,0.21,False,-0.083,35.9,1,147
CNNE,1.5,2025-12-19,2026-09-11,39,15.18,15.83,10.63,1.49,0.23,-0.49,False,0.88,True,0.143,55.4,1,24
CNNX,1.5,2016-07-22,2018-01-05,77,17.15,23.26,15.55,1.5,-0.29,-0.39,True,0.21,False,-0.045,48.4,0,14
CNNX,2.0,2016-04-08,2018-01-05,92,17.15,23.26,11.82,1.97,0.2,-0.53,True,0.47,False,-0.045,48.4,0,90
CNR,1.5,2025-09-19,2026-09-11,52,98.52,113.0,75.67,1.49,0.15,-0.42,True,0.61,False,-0.039,58.8,0,51
CNR,2.0,2024-12-06,2026-09-11,93,98.52,116.1,63.25,1.84,0.18,-0.52,True,0.67,False,-0.039,58.8,2,75
CNS,1.5,2024-12-20,2026-09-11,91,76.66,87.9,59.71,1.47,-0.24,-0.4,True,0.6,True,0.187,52.1,1,42
CNS,2.0,2023-11-17,2026-09-11,148,76.66,99.68,51.77,1.93,0.01,-0.38,True,0.52,True,0.187,52.1,1,146
CNST,2.0,2020-05-22,2021-07-16,61,33.99,37.39,19.44,1.92,0.02,-0.6,True,0.81,False,-0.032,62.5,0,42
CNW,1.5,2014-09-19,2015-10-30,59,47.55,50.89,35.01,1.45,-0.37,-0.34,True,0.79,True,0.088,64.3,0,10
CNXC,1.5,2026-03-13,2026-09-11,27,27.0,32.16,21.84,1.47,-0.12,-0.69,False,0.5,False,-0.035,48.6,0,9
CNXM,2.0,2020-02-28,2020-10-02,32,9.16,11.14,6.02,1.85,0.14,-0.64,False,0.61,True,0.15,50.9,0,12
CNXN,2.0,2023-05-19,2026-09-11,174,82.59,84.35,42.93,1.96,0.37,-0.2,True,0.96,True,0.224,65.9,1,173
COF,1.5,2025-04-25,2026-09-11,73,207.11,246.44,174.73,1.41,-0.01,-0.12,True,0.45,True,0.126,50.9,1,24
COFS,1.5,2024-07-12,2026-09-11,114,33.93,35.15,24.01,1.46,0.25,-0.15,True,0.89,True,0.114,59.5,3,74
COGT,1.5,2025-11-14,2026-09-11,44,34.08,42.39,31.02,1.37,-0.1,0.89,True,0.27,True,0.083,46.3,0,14
COGT,2.0,2025-11-14,2026-09-11,44,34.08,42.39,31.02,1.37,-0.1,0.89,True,0.27,True,0.083,46.3,0,14
COGT1,1.5,2009-01-23,2010-12-03,98,10.51,12.58,8.5,1.48,-0.39,,True,0.49,True,0.152,55.8,1,16
COGT1,2.0,2009-01-02,2010-12-03,101,10.51,13.52,8.5,1.59,-0.38,,True,0.4,True,0.152,55.8,1,16
COIN,1.5,2026-01-23,2026-09-11,34,172.28,216.95,146.26,1.48,-0.4,-0.65,False,0.37,False,-0.107,47.6,0,6
COLD,2.0,2025-04-04,2026-09-11,76,14.12,18.58,9.85,1.89,-0.21,-0.66,False,0.49,True,0.146,49.6,2,42
COLM,1.5,2025-04-04,2026-09-11,76,56.42,66.72,47.94,1.39,0.12,-0.45,False,0.45,True,0.009,43.0,2,48
COMP,2.0,2025-07-18,2026-09-11,61,10.13,13.33,6.68,2.0,0.37,-0.29,True,0.52,True,0.469,48.5,2,60
COO,1.5,2026-03-06,2026-09-11,28,54.17,76.55,54.17,1.41,0.06,-0.51,False,0.0,True,0.071,30.6,0,0
COP,2.0,2022-01-07,2026-09-11,245,137.04,137.04,68.54,2.0,0.24,0.07,True,1.0,False,-0.003,66.2,3,244
COR,1.5,2025-02-28,2026-09-11,81,320.95,370.57,250.67,1.48,0.33,-0.0,True,0.59,True,0.046,54.9,0,80
CORI,2.0,2017-05-19,2018-11-30,81,12.68,13.63,6.85,1.99,0.31,-0.53,True,0.86,True,0.337,69.5,1,80
COST,1.5,2024-04-26,2026-09-11,125,902.38,1062.77,720.22,1.48,0.37,-0.03,True,0.53,False,-0.058,38.8,1,124
COTV,1.5,2016-08-12,2018-08-24,107,44.74,44.74,30.3,1.48,0.35,,True,1.0,True,0.245,76.4,2,106
COTV,2.0,2016-07-08,2018-08-24,112,44.74,44.74,22.79,1.96,0.36,,True,1.0,True,0.245,76.4,2,111
COUP,2.0,2022-05-06,2023-03-03,44,80.97,80.97,42.39,1.91,0.3,-0.89,False,1.0,True,0.374,57.6,0,17
COWN,2.0,2020-11-13,2023-03-03,121,38.99,41.51,21.78,1.91,0.25,0.05,True,0.87,True,0.008,69.5,1,120
CP,1.5,2021-10-08,2026-09-11,258,88.84,96.69,64.83,1.49,0.35,-0.17,True,0.75,True,0.08,51.7,6,206
CP,2.0,2020-07-03,2026-09-11,324,88.84,96.69,48.38,2.0,0.38,-0.06,True,0.84,True,0.08,51.7,7,323
CPG,1.5,2023-06-30,2024-07-19,56,7.99,8.93,6.06,1.47,0.33,-0.33,True,0.67,True,0.105,53.3,1,24
CPGX,2.0,2015-07-03,2016-07-01,53,25.49,29.66,16.2,1.83,-0.04,,,0.69,True,0.291,64.5,0,20
CPK,2.0,2020-09-25,2026-09-11,312,129.59,136.77,68.42,2.0,0.33,-0.22,True,0.89,True,0.044,50.3,8,311
CPKI,1.5,2010-02-19,2011-07-08,73,18.51,21.22,14.22,1.49,-0.09,-0.15,True,0.61,True,0.059,64.6,1,53
CPL,2.0,2016-03-11,2020-01-31,204,17.36,18.02,9.67,1.86,0.32,-0.46,True,0.92,True,0.036,58.5,3,203
CPPL,2.0,2015-06-19,2017-02-17,88,17.15,24.42,12.26,1.99,-0.16,,False,0.4,True,0.105,67.8,2,73
CPS,1.5,2026-03-06,2026-09-11,28,23.7,32.19,23.7,1.36,-0.4,-0.48,True,0.0,False,-0.057,37.6,0,0
CPS,2.0,2025-07-04,2026-09-11,63,23.7,45.2,22.67,1.99,-0.14,-0.08,True,0.05,False,-0.057,37.6,0,60
CPT,2.0,2022-01-07,2026-09-11,245,102.5,146.53,75.58,1.94,-0.14,-0.5,True,0.38,True,0.071,41.6,3,150
CPUH-U,1.5,2021-02-12,2022-01-14,44,9.92,11.32,9.66,1.17,-0.3,,,0.16,True,0.008,71.3,0,20
CPUH-U,2.0,2021-02-12,2022-01-14,44,9.92,11.32,9.66,1.17,-0.3,,,0.16,True,0.008,71.3,0,20
CPUH-WS,1.5,2021-04-02,2021-12-17,38,9.75,9.99,9.66,1.03,-0.28,,,0.27,True,0.004,55.5,0,18
CPUH-WS,2.0,2021-04-02,2021-12-17,38,9.75,9.99,9.66,1.03,-0.28,,,0.27,True,0.004,55.5,0,18
CPWR_old,1.5,2012-05-25,2014-12-19,135,10.35,12.49,8.42,1.48,0.07,-0.3,True,0.47,True,0.055,55.1,1,112
CRA,1.5,2009-06-12,2011-05-20,102,8.04,8.4,5.71,1.47,0.14,-0.48,True,0.87,True,0.238,67.6,3,29
CRA,2.0,2009-01-02,2011-05-20,125,8.04,10.96,5.59,1.96,-0.19,,True,0.46,True,0.238,67.6,3,115
CRAI,1.5,2026-01-30,2026-09-11,33,163.46,186.97,136.76,1.37,0.01,-0.36,True,0.53,True,0.089,49.4,0,17
CRAI,2.0,2024-02-16,2026-09-11,135,163.46,214.25,108.22,1.98,0.13,-0.09,True,0.52,True,0.089,49.4,2,133
CRBP,2.0,2025-10-31,2026-09-11,46,8.24,12.15,7.42,1.64,-0.03,-0.88,False,0.17,False,-0.01,42.9,1,29
CRC,1.5,2026-01-16,2026-09-11,35,56.25,67.89,46.95,1.45,-0.23,-0.16,True,0.44,False,-0.15,53.3,1,34
CRCM,2.0,2019-04-05,2020-02-14,46,15.0,16.99,8.76,1.94,-0.09,-0.66,True,0.76,True,0.335,65.9,0,27
CRCT,2.0,2023-10-06,2026-09-11,154,5.46,6.54,3.48,1.88,-0.08,-0.82,True,0.65,True,0.233,61.1,2,73
CRDN,2.0,2011-05-27,2012-11-30,80,35.0,43.34,21.69,2.0,-0.25,-0.53,True,0.61,True,0.327,71.4,0,18
CREE,2.0,2020-10-02,2021-10-22,56,87.9,125.86,63.6,1.98,0.01,-0.12,True,0.39,False,-0.089,47.4,0,51
CRESY,1.5,2025-10-31,2026-09-11,46,12.61,13.51,10.49,1.29,-0.17,-0.17,True,0.7,False,-0.025,60.1,0,42
CRH,1.5,2025-06-27,2026-09-11,64,87.66,129.92,87.66,1.48,-0.16,-0.17,True,0.0,False,-0.074,33.5,1,0
CRHC,1.5,2020-10-30,2022-12-23,113,10.05,11.17,8.45,1.32,-0.15,,True,0.59,True,0.039,57.7,3,15
CRHC,2.0,2020-10-30,2022-12-23,113,10.05,11.17,8.45,1.32,-0.15,,True,0.59,True,0.039,57.7,3,15
CRHC-U,1.5,2020-10-30,2021-12-17,60,9.84,11.17,9.68,1.15,-0.35,,,0.11,True,0.005,45.6,0,58
CRHC-U,2.0,2020-10-30,2021-12-17,60,9.84,11.17,9.68,1.15,-0.35,,,0.11,True,0.005,45.6,0,58
CRI,2.0,2025-02-28,2026-09-11,81,30.19,43.43,22.74,1.91,0.31,-0.71,False,0.36,True,0.045,36.4,3,58
CRMD,2.0,2026-01-02,2026-09-11,37,7.96,12.16,6.25,1.95,0.1,-0.58,True,0.29,True,0.066,48.0,0,25
CROX,2.0,2024-06-28,2026-09-11,116,108.83,146.17,73.39,1.99,-0.29,-0.53,False,0.49,True,0.247,45.3,3,43
CRSP,1.5,2025-10-24,2026-09-11,47,52.26,67.61,45.75,1.48,-0.17,-0.46,False,0.3,True,0.052,48.8,0,24
CRSP,2.0,2025-06-06,2026-09-11,67,52.26,73.07,41.36,1.77,-0.12,-0.51,False,0.34,True,0.052,48.8,1,65
CRVL,1.5,2025-12-05,2026-09-11,41,67.69,71.42,48.67,1.47,0.04,-0.61,False,0.84,True,0.118,57.9,1,31
CRWV,2.0,2025-07-11,2026-09-11,62,89.12,138.43,71.65,1.93,-0.39,,,0.26,False,-0.133,48.9,0,42
CRY_old,2.0,2020-04-03,2022-03-25,104,20.25,31.53,16.47,1.91,0.08,-0.53,False,0.25,False,-0.049,49.2,0,80
CR_old,1.5,2021-02-12,2023-04-07,113,113.92,122.82,82.97,1.48,0.37,-0.06,True,0.78,True,0.124,56.4,2,112
CSA1,1.5,2011-08-05,2012-04-06,36,4.25,4.95,3.61,1.37,0.14,-0.57,False,0.48,True,0.086,48.7,0,24
CSAN-W,1.5,2021-05-07,2021-12-17,33,22.14,27.0,19.79,1.36,-0.39,-0.79,False,0.33,False,-0.087,33.8,0,7
CSAN-W,2.0,2021-05-07,2021-12-17,33,22.14,27.0,19.79,1.36,-0.39,-0.79,False,0.33,False,-0.087,33.8,0,7
CSII,2.0,2021-11-19,2023-05-05,77,20.0,23.34,12.84,1.82,-0.28,-0.76,False,0.68,True,0.414,68.7,3,30
CSL,1.5,2024-10-25,2026-09-11,99,329.74,447.12,303.63,1.47,-0.31,-0.34,False,0.18,True,0.044,43.9,3,43
CSL,2.0,2023-06-16,2026-09-11,170,329.74,460.26,230.98,1.99,0.28,-0.23,False,0.43,True,0.044,43.9,4,169
CSPR,2.0,2021-07-16,2022-01-28,29,6.78,7.03,3.55,1.98,0.15,-0.68,False,0.93,True,0.251,55.5,0,11
CSR,1.5,2023-11-17,2026-09-11,148,57.69,68.44,46.4,1.47,0.22,-0.48,True,0.51,False,-0.116,49.6,1,147
CSR,2.0,2022-03-11,2026-09-11,236,57.69,82.61,41.77,1.98,-0.02,-0.53,True,0.39,False,-0.116,49.6,2,150
CSTL,2.0,2026-02-06,2026-09-11,32,32.32,34.2,19.13,1.79,0.17,-0.55,True,0.88,True,0.246,61.0,0,17
CSW,1.5,2025-10-17,2026-09-11,48,291.7,350.68,237.31,1.48,0.3,-0.44,True,0.48,True,0.108,48.5,0,47
CSW,2.0,2024-02-02,2026-09-11,137,291.7,423.86,218.5,1.94,0.02,0.02,True,0.36,True,0.108,48.5,1,136
CTAS,1.5,2024-02-02,2026-09-11,137,198.44,224.94,150.39,1.5,0.22,0.02,True,0.64,True,0.124,56.9,3,134
CTCT,2.0,2013-09-13,2016-02-12,127,32.01,42.48,21.41,1.98,0.16,-0.3,True,0.5,True,0.166,59.3,2,126
CTKB,1.5,2026-01-30,2026-09-11,33,4.53,5.0,3.4,1.47,0.06,-0.63,False,0.71,True,0.047,51.3,1,17
CTKB,2.0,2025-06-06,2026-09-11,67,4.53,5.88,2.95,1.99,0.28,-0.69,False,0.54,True,0.047,51.3,2,64
CTL,1.5,2020-02-21,2021-02-05,51,11.77,12.38,8.42,1.47,0.27,-0.55,False,0.85,True,0.066,61.2,1,14
CTL,2.0,2018-11-09,2021-02-05,118,11.77,15.8,8.42,1.88,-0.35,-0.55,False,0.45,True,0.066,61.2,4,14
CTMX,2.0,2025-09-26,2026-09-11,51,3.35,5.69,2.9,1.96,-0.23,-0.35,True,0.16,False,-0.153,45.4,1,50
CTNM,1.5,2026-01-16,2026-09-11,35,14.66,17.19,11.49,1.5,0.36,-0.45,True,0.56,True,0.147,51.6,1,14
CTQ,1.5,2011-06-10,2016-12-30,276,25.42,28.09,23.19,1.21,-0.09,,False,0.46,True,0.007,42.1,1,142
CTQ,2.0,2011-06-10,2016-12-30,276,25.42,28.09,23.19,1.21,-0.09,,False,0.46,True,0.007,42.1,1,142
CTRA,2.0,2022-02-04,2026-05-08,223,32.56,36.31,18.32,1.98,0.26,0.02,True,0.79,True,0.234,56.2,4,220
CTRL,2.0,2018-10-05,2019-08-02,44,23.91,31.85,16.12,1.98,-0.03,-0.57,True,0.5,True,0.36,63.1,0,32
CTRX,2.0,2012-02-24,2015-07-24,179,61.47,61.47,35.49,1.73,0.3,0.1,True,1.0,True,0.141,70.8,2,178
CTS,2.0,2022-07-15,2026-09-11,218,56.3,66.96,34.83,1.92,0.4,-0.13,True,0.67,True,0.071,46.9,4,217
CTSH,2.0,2026-02-06,2026-09-11,32,58.32,75.71,39.8,1.9,-0.33,-0.55,False,0.52,False,-0.058,52.0,0,11
CTT,2.0,2020-04-10,2022-09-16,128,10.37,11.77,6.11,1.93,0.31,-0.43,True,0.75,True,0.211,53.4,3,122
CTV1,2.0,2009-04-10,2011-01-14,93,31.48,32.58,18.03,1.81,0.16,,True,0.92,True,0.411,64.3,0,92
CTXS,1.5,2021-06-18,2022-09-30,68,103.9,117.96,78.88,1.5,-0.1,-0.48,False,0.64,True,0.03,58.7,0,43
CTXS,2.0,2017-10-13,2022-09-30,260,103.9,152.86,78.11,1.96,0.24,-0.07,False,0.35,True,0.03,58.7,2,259
CUBE,1.5,2023-11-17,2026-09-11,148,39.08,48.77,33.7,1.45,-0.12,-0.27,True,0.36,True,0.057,46.3,3,146
CUBE,2.0,2020-09-04,2026-09-11,315,39.08,48.77,24.56,1.99,0.3,-0.07,True,0.6,True,0.057,46.3,6,311
CUK,1.5,2025-06-27,2026-05-08,46,27.47,33.53,23.65,1.42,0.15,-0.06,True,0.39,False,-0.021,50.6,0,25
CUNB,1.5,2016-11-11,2017-10-20,50,37.5,40.0,26.8,1.49,0.35,-0.01,True,0.81,True,0.002,55.2,0,49
CVAC,1.5,2025-05-16,2026-01-09,35,4.66,5.57,3.72,1.5,0.0,-0.7,False,0.51,False,-0.075,45.0,0,34
CVCO,1.5,2026-01-23,2026-09-11,34,523.35,667.29,455.76,1.46,0.18,-0.35,True,0.32,True,0.13,44.3,1,17
CVET,2.0,2021-07-02,2022-10-14,68,20.99,26.2,13.8,1.9,-0.17,-0.65,False,0.58,True,0.106,62.2,1,24
CVG,1.5,2015-02-20,2018-10-05,190,24.22,28.23,19.14,1.47,0.17,-0.01,True,0.56,True,0.039,53.2,4,80
CVGI,2.0,2026-03-13,2026-09-11,27,3.09,5.4,2.9,1.86,-0.13,-0.55,False,0.08,False,-0.099,41.1,0,26
CVGW,2.0,2022-09-02,2026-06-12,198,26.09,34.89,18.36,1.9,-0.35,-0.75,True,0.47,True,0.103,53.0,3,29
CVII-U,1.5,2021-02-19,2022-01-14,43,9.95,10.99,9.67,1.14,-0.24,,,0.21,True,0.01,36.6,1,18
CVII-U,2.0,2021-02-19,2022-01-14,43,9.95,10.99,9.67,1.14,-0.24,,,0.21,True,0.01,36.6,1,18
CVLT,2.0,2025-10-31,2026-09-11,46,131.55,150.57,76.08,1.98,0.29,-0.61,True,0.74,True,0.391,52.4,0,24
CVNA,1.5,2026-01-30,2026-09-11,33,70.28,81.82,56.26,1.45,-0.0,-0.41,True,0.55,False,-0.012,50.4,0,25
CVNA,2.0,2025-04-25,2026-09-11,73,70.28,94.66,47.43,2.0,0.13,-0.17,True,0.48,False,-0.012,50.4,1,72
CVSA,2.0,2024-11-01,2026-09-11,98,123.63,152.97,79.7,1.92,0.36,0.01,True,0.6,True,0.073,50.1,3,97
CVTI,1.5,2020-07-03,2021-01-29,31,15.1,20.44,13.77,1.48,-0.24,-0.58,False,0.2,False,-0.078,46.5,1,13
CVTI,2.0,2020-05-22,2021-01-29,37,15.1,20.44,10.67,1.92,0.24,-0.68,False,0.45,False,-0.078,46.5,1,36
CVT_old,2.0,2014-03-28,2016-12-02,141,36.0,36.83,19.06,1.93,0.34,-0.56,True,0.95,False,-0.039,65.8,2,40
CVX,2.0,2022-01-28,2026-09-11,242,212.76,212.76,108.12,1.97,0.4,0.01,True,1.0,True,0.011,65.8,5,241
CV_old,1.5,2011-05-27,2012-06-29,58,35.26,35.26,23.69,1.49,0.19,0.04,True,1.0,True,0.005,69.0,1,57
CWAN,2.0,2023-07-14,2026-07-03,156,24.56,31.94,16.18,1.97,0.33,-0.38,True,0.53,True,0.027,64.8,1,34
CWCO,1.5,2025-05-16,2026-09-11,70,28.04,37.54,25.93,1.45,0.04,-0.26,True,0.18,False,-0.064,38.5,1,69
CWCO,2.0,2023-08-11,2026-09-11,162,28.04,37.54,21.58,1.74,0.35,-0.07,True,0.4,False,-0.064,38.5,3,161
CWEN,1.5,2025-09-26,2026-09-11,51,31.59,40.08,27.12,1.48,0.24,-0.12,True,0.34,False,-0.14,41.6,0,50
CWH,1.5,2026-02-27,2026-09-11,29,6.09,8.32,5.71,1.46,-0.38,-0.78,False,0.15,False,-0.078,40.0,0,7
CWH,2.0,2026-02-27,2026-09-11,29,6.09,8.32,5.71,1.46,-0.38,-0.78,False,0.15,False,-0.078,40.0,0,7
CWK,2.0,2025-04-25,2026-09-11,73,12.68,17.2,8.8,1.95,0.21,-0.42,True,0.46,True,0.035,43.5,2,72
CWST,1.5,2025-07-11,2026-09-11,62,89.94,110.59,74.97,1.48,-0.31,-0.37,False,0.42,True,0.1,48.2,2,24
CWT,1.5,2022-12-02,2026-09-11,198,48.86,58.85,39.92,1.47,-0.36,-0.38,True,0.47,True,0.119,54.6,2,87
CWT,2.0,2018-04-20,2026-09-11,439,48.86,64.63,32.63,1.98,0.19,-0.14,True,0.51,True,0.119,54.6,5,437
CXDO,2.0,2025-05-02,2026-09-11,72,5.71,9.89,5.14,1.92,0.38,-0.3,True,0.12,False,-0.101,38.7,2,65
CXO,2.0,2020-01-31,2021-01-22,52,65.6,78.22,40.08,1.95,-0.14,-0.74,False,0.67,True,0.208,61.5,1,44
CXT,2.0,2022-12-23,2026-09-11,195,50.37,65.88,33.0,2.0,0.09,-0.08,False,0.53,True,0.22,53.5,2,194
CY,1.5,2019-05-31,2020-04-17,47,23.82,23.82,16.29,1.46,0.18,-0.07,True,1.0,False,-0.023,55.3,0,6
CYBX,1.5,2013-06-07,2015-10-16,124,69.95,71.72,50.0,1.43,0.29,-0.07,True,0.92,True,0.047,59.7,1,53
CYH,2.0,2024-10-25,2026-09-11,99,2.89,4.49,2.41,1.86,-0.17,-0.7,False,0.23,True,0.069,46.2,3,73
CYS,2.0,2009-06-19,2018-08-03,477,15.62,21.81,11.59,1.88,-0.2,,True,0.39,True,0.119,53.1,8,259
CZR,2.0,2025-02-21,2026-09-11,82,29.65,35.34,18.14,1.95,0.07,-0.69,False,0.67,True,0.072,59.0,0,30
DAKT,1.5,2025-12-12,2026-09-11,40,18.95,27.73,18.55,1.49,-0.28,-0.21,True,0.04,False,-0.004,44.9,1,37
DAKT,2.0,2025-06-20,2026-09-11,65,18.95,27.73,14.23,1.95,0.24,-0.27,True,0.35,False,-0.004,44.9,1,64
DANG,1.5,2015-07-10,2016-09-23,64,6.63,7.46,5.49,1.36,-0.16,-0.71,False,0.58,False,-0.025,54.2,1,19
DANG,2.0,2015-06-19,2016-09-23,67,6.63,10.45,5.49,1.9,-0.2,-0.71,False,0.23,False,-0.025,54.2,1,19
DASH,2.0,2024-09-20,2026-09-11,104,201.03,271.22,139.72,1.94,0.12,0.0,True,0.47,True,0.239,52.5,2,103
DAY,1.5,2024-12-20,2026-02-06,60,69.97,74.84,51.17,1.46,0.27,-0.37,True,0.79,True,0.025,62.1,1,26
DAY,2.0,2022-01-07,2026-02-06,214,69.97,89.57,44.99,1.99,-0.0,-0.65,True,0.56,True,0.025,62.1,3,190
DBI,2.0,2025-11-28,2026-09-11,42,5.99,8.37,4.22,1.98,-0.23,-0.63,False,0.43,False,-0.154,49.3,0,41
DBVT,2.0,2025-10-03,2026-09-11,50,12.97,24.54,12.9,1.9,-0.16,0.11,True,0.01,False,-0.256,36.6,0,49
DBX,2.0,2020-04-03,2026-09-11,337,35.05,35.7,17.96,1.99,0.36,-0.55,True,0.96,True,0.247,66.8,5,336
DC,1.5,2026-03-06,2026-09-11,28,5.9,6.23,4.17,1.49,0.07,-0.4,True,0.84,False,-0.028,55.8,0,8
DCBO,2.0,2025-09-26,2026-09-11,51,23.42,28.22,14.7,1.92,-0.3,-0.73,False,0.64,True,0.185,58.0,1,22
DCH,1.5,2026-02-13,2026-09-11,31,6.56,7.25,5.13,1.41,0.05,-0.4,False,0.67,False,-0.014,53.7,0,10
DCH,2.0,2025-07-04,2026-09-11,63,6.56,8.62,4.31,2.0,0.18,-0.53,False,0.52,False,-0.014,53.7,1,58
DCH_old,1.5,2015-07-17,2016-05-13,44,8.54,8.54,5.89,1.45,0.36,-0.16,True,1.0,True,0.102,69.9,1,32
DCI,1.5,2025-08-22,2026-09-11,56,88.18,108.69,74.75,1.45,0.24,-0.01,True,0.4,True,0.077,47.2,0,55
DCP_old,2.0,2009-01-02,2010-07-09,80,17.55,20.36,10.46,1.95,0.06,,,0.72,True,0.49,68.1,1,21
DCRB,2.0,2020-12-18,2021-07-23,32,8.26,16.5,8.26,2.0,-0.37,,,0.0,False,-0.171,36.1,0,0
DCRN,1.5,2021-04-02,2022-01-21,43,1800.0,2060.0,1784.0,1.15,-0.05,,,0.06,False,-0.008,35.4,0,2
DCRN,2.0,2021-04-02,2022-01-21,43,1800.0,2060.0,1784.0,1.15,-0.05,,,0.06,False,-0.008,35.4,0,2
DCT,2.0,2022-04-01,2023-04-07,54,18.99,19.2,10.49,1.83,0.07,-0.84,False,0.98,True,0.629,70.5,1,22
DCTH,2.0,2024-10-18,2026-09-11,100,15.8,17.14,8.64,1.98,-0.09,-0.21,True,0.84,True,0.356,66.9,3,44
DDC_old,2.0,2015-06-19,2017-11-03,125,14.24,15.15,7.95,1.91,0.27,-0.6,True,0.87,True,0.079,71.9,4,59
DDIC,2.0,2010-04-30,2012-06-01,110,12.99,12.99,7.07,1.84,0.37,0.14,True,1.0,True,0.291,76.5,1,36
DDS,1.5,2025-08-15,2026-09-11,57,624.33,680.78,493.41,1.38,0.08,0.03,True,0.7,True,0.008,54.7,0,56
DEA,1.5,2024-11-29,2026-09-11,94,23.91,25.8,17.37,1.49,0.2,-0.41,True,0.78,True,0.086,52.9,4,74
DEC,1.5,2025-10-24,2026-09-11,47,14.94,17.46,11.67,1.5,0.24,-0.23,True,0.56,False,-0.094,56.2,0,45
DEC,2.0,2023-02-03,2026-09-11,189,14.94,17.46,8.77,1.99,-0.07,-0.57,True,0.71,False,-0.094,56.2,3,136
DECK,1.5,2025-09-12,2026-09-11,53,79.88,119.34,79.88,1.49,-0.04,-0.63,False,0.0,False,-0.073,32.4,0,0
DECK,2.0,2025-02-14,2026-09-11,83,79.88,155.07,79.88,1.94,-0.29,-0.63,False,0.0,False,-0.073,32.4,0,0
DEH,1.5,2020-09-04,2021-09-24,56,416.1,416.1,289.5,1.44,0.16,,,1.0,True,0.045,94.0,0,50
DEH,2.0,2020-09-04,2021-09-24,56,416.1,416.1,289.5,1.44,0.16,,,1.0,True,0.045,94.0,0,50
DEH-WS,1.5,2020-09-04,2021-09-17,55,11.57,11.57,9.65,1.2,0.16,,,1.0,True,0.015,87.3,0,49
DEH-WS,2.0,2020-09-04,2021-09-17,55,11.57,11.57,9.65,1.2,0.16,,,1.0,True,0.015,87.3,0,49
DEI,1.5,2025-10-10,2026-09-11,49,10.67,13.05,8.85,1.47,0.1,-0.51,False,0.43,True,0.107,41.4,0,24
DEL,2.0,2011-08-12,2018-02-23,342,93.28,100.17,50.13,2.0,0.39,-0.27,True,0.86,True,0.043,54.4,8,340
DELL_old,2.0,2012-02-24,2013-11-01,89,13.86,17.27,8.78,1.97,-0.06,-0.51,True,0.6,True,0.039,62.7,0,50
DEN,1.5,2022-07-29,2023-11-03,67,88.66,98.01,70.93,1.38,0.29,-0.19,True,0.65,True,0.056,47.7,1,66
DEO,1.5,2025-08-29,2026-09-11,55,86.31,107.89,72.59,1.49,-0.33,-0.52,False,0.39,True,0.101,49.0,1,23
DEPO,1.5,2017-11-10,2018-08-17,41,7.3,8.68,5.93,1.46,-0.01,-0.76,False,0.5,True,0.073,49.5,0,15
DEPO,2.0,2017-08-04,2018-08-17,55,7.3,9.47,4.88,1.94,0.24,-0.85,False,0.53,True,0.073,49.5,0,42
DFH,1.5,2026-03-06,2026-09-11,28,12.02,17.2,12.02,1.43,-0.03,-0.73,False,0.0,True,0.045,36.6,0,0
DFHT,1.5,2020-12-04,2021-06-11,28,442.5,488.7,333.0,1.47,-0.17,,,0.7,False,-0.075,60.0,0,26
DFIN,1.5,2026-01-23,2026-09-11,34,48.37,54.27,36.74,1.48,-0.12,-0.47,False,0.66,True,0.053,52.9,0,14
DFIN,2.0,2022-11-11,2026-09-11,201,48.37,69.06,36.45,1.89,0.04,-0.27,False,0.37,True,0.053,52.9,4,195
DFRG,2.0,2018-08-31,2019-09-27,57,7.98,9.45,4.75,1.99,-0.07,-0.75,False,0.69,True,0.202,54.8,0,19
DG,1.5,2026-03-06,2026-09-11,28,122.99,144.88,101.86,1.42,0.05,-0.34,False,0.49,True,0.075,51.0,0,17
DGIT,1.5,2013-08-09,2014-02-07,27,12.07,13.6,10.18,1.34,0.27,-0.51,False,0.55,False,-0.006,50.5,0,26
DGNR,1.5,2021-02-05,2021-09-03,31,11.87,12.38,8.84,1.4,-0.34,,,0.86,False,-0.013,65.0,0,4
DGOC_old,2.0,2019-06-07,2020-09-04,66,108.0,114.5,63.2,1.81,-0.27,-0.53,True,0.87,True,0.102,58.0,1,25
DGSE,1.5,2019-12-20,2020-10-09,43,1248.5,1376.88,965.62,1.43,-0.16,627.29,True,0.69,True,0.065,63.7,0,28
DGSE,2.0,2019-12-20,2020-10-09,43,1248.5,1376.88,965.62,1.43,-0.16,627.29,True,0.69,True,0.065,63.7,0,28
DHI,1.5,2025-06-13,2026-09-11,66,135.57,179.64,121.3,1.48,-0.01,-0.36,False,0.24,True,0.037,40.7,2,65
DHI,2.0,2023-04-21,2026-09-11,178,135.57,190.36,97.57,1.95,0.33,-0.06,False,0.41,True,0.037,40.7,4,151
DHIL,2.0,2020-08-07,2026-04-24,299,174.99,185.02,92.51,2.0,0.15,-0.29,True,0.89,True,0.165,71.6,3,298
DHR,1.5,2025-01-31,2026-09-11,85,200.53,237.37,161.57,1.47,-0.07,-0.41,False,0.51,True,0.113,51.0,1,17
DHR,2.0,2020-06-05,2026-09-11,328,200.53,287.56,145.0,1.98,-0.04,0.01,False,0.39,True,0.113,51.0,8,326
DIN,1.5,2025-11-14,2026-09-11,44,28.23,37.36,25.04,1.49,0.19,-0.43,False,0.26,True,0.211,39.7,0,24
DIS,1.5,2023-11-03,2026-09-11,150,105.82,122.23,81.99,1.49,0.26,-0.52,True,0.59,True,0.014,54.3,2,75
DIS,2.0,2021-11-19,2026-09-11,252,105.82,153.03,76.92,1.99,-0.11,-0.6,True,0.38,True,0.014,54.3,3,150
DIVX,1.5,2010-03-05,2010-10-08,32,9.62,9.62,6.64,1.45,0.39,0.1,,1.0,True,0.055,69.4,0,22
DJCO,1.5,2025-11-28,2026-09-11,42,647.7,664.72,458.39,1.45,0.37,-0.22,True,0.92,True,0.16,65.9,1,41
DJT,1.5,2026-02-13,2026-09-11,31,8.78,10.98,7.42,1.48,-0.31,-0.88,False,0.38,True,0.005,46.0,1,11
DKNG,1.5,2026-01-23,2026-09-11,34,23.71,29.97,20.72,1.45,0.02,-0.61,False,0.32,True,0.04,43.3,0,24
DKS,2.0,2023-12-01,2026-09-11,146,131.89,238.63,128.48,1.86,0.31,-0.06,False,0.03,False,-0.084,27.4,2,144
DLB,2.0,2020-03-27,2026-09-11,338,62.62,93.7,47.01,1.99,-0.21,-0.29,False,0.33,False,-0.015,57.2,6,336
DLO,1.5,2025-08-08,2026-09-11,58,14.92,15.52,10.79,1.44,0.04,-0.47,True,0.87,True,0.169,57.0,1,57
DLX,1.5,2025-12-12,2026-09-11,40,23.64,31.11,21.41,1.45,0.03,-0.0,True,0.23,False,-0.07,46.9,1,36
DMAC,1.5,2026-02-20,2026-09-11,30,6.47,8.42,5.64,1.49,-0.23,-0.4,True,0.3,True,0.082,47.6,1,14
DMAC,2.0,2025-08-15,2026-09-11,57,6.47,9.39,5.64,1.66,-0.16,-0.14,True,0.22,True,0.082,47.6,1,14
DMC_old,1.5,2020-02-21,2022-03-04,107,57800.0,65000.0,43600.0,1.49,0.06,-0.59,False,0.66,False,-0.069,58.8,3,100
DMLP,1.5,2023-03-31,2026-09-11,181,29.65,29.65,19.97,1.49,0.37,-0.07,True,1.0,True,0.027,70.3,1,41
DMRA,2.0,2025-11-28,2026-09-11,42,26.84,34.14,17.78,1.92,0.18,-0.34,True,0.55,True,0.193,50.5,0,41
DMYQ-U,1.5,2021-04-30,2021-12-10,33,10.81,11.4,9.45,1.21,0.32,,,0.7,True,0.035,56.5,0,1
DMYQ-U,2.0,2021-04-30,2021-12-10,33,10.81,11.4,9.45,1.21,0.32,,,0.7,True,0.035,56.5,0,1
DMYQ-WS,1.5,2021-04-30,2021-12-10,33,10.81,11.4,9.45,1.21,0.32,,,0.7,True,0.035,56.5,0,1
DMYQ-WS,2.0,2021-04-30,2021-12-10,33,10.81,11.4,9.45,1.21,0.32,,,0.7,True,0.035,56.5,0,1
DM_old,2.0,2018-02-23,2019-01-25,49,17.19,25.45,12.85,1.98,0.05,-0.63,False,0.34,True,0.052,43.9,0,34
DNA,2.0,2025-11-07,2026-09-11,45,6.78,10.4,5.93,1.75,-0.26,-0.92,False,0.19,True,0.029,42.9,0,24
DNB,1.5,2025-02-07,2025-08-29,30,9.15,11.17,8.06,1.39,-0.12,-0.4,False,0.35,True,0.031,43.7,0,24
DNN,2.0,2025-08-29,2026-09-11,55,3.23,4.18,2.27,1.84,0.39,-0.06,True,0.5,False,-0.084,49.4,0,42
DNOW,1.5,2025-02-28,2026-09-11,81,15.47,17.05,11.39,1.5,-0.33,-0.35,True,0.72,True,0.156,57.4,1,26
DNUT,1.5,2025-12-26,2026-09-11,38,3.2,4.31,2.95,1.46,-0.2,-0.8,False,0.18,False,-0.047,44.5,0,30
DNUT,2.0,2025-03-28,2026-09-11,77,3.2,4.96,2.64,1.88,-0.07,-0.83,False,0.24,False,-0.047,44.5,1,65
DO,1.5,2023-03-31,2024-09-06,76,13.99,16.43,11.37,1.45,0.37,-0.12,True,0.52,True,0.089,46.6,2,72
DOC,1.5,2024-03-22,2026-09-11,130,20.37,22.3,15.03,1.48,0.16,-0.4,True,0.73,True,0.193,54.1,1,129
DOC,2.0,2020-04-10,2026-09-11,336,20.37,25.38,13.27,1.91,-0.3,-0.42,True,0.59,True,0.193,54.1,4,148
DOCS,1.5,2026-02-06,2026-09-11,32,24.71,27.73,18.97,1.46,-0.13,-0.76,False,0.66,True,0.036,46.5,0,17
DOCS,2.0,2026-01-30,2026-09-11,33,24.71,37.47,18.97,1.98,-0.19,-0.76,False,0.31,True,0.036,46.5,0,17
DOC_old2,2.0,2013-07-19,2024-03-01,555,11.23,21.8,11.0,1.98,0.04,,False,0.02,True,0.055,37.1,13,16
DOLE,1.5,2024-03-01,2026-09-11,133,13.57,16.17,10.99,1.47,0.39,-0.16,True,0.5,False,-0.045,42.9,1,131
DOLE1,2.0,2009-10-23,2013-11-01,211,13.65,14.87,8.12,1.83,0.06,,True,0.82,True,0.137,60.7,5,94
DOMO,2.0,2026-02-13,2026-09-11,31,3.78,4.71,2.42,1.95,-0.03,-0.87,False,0.59,True,0.029,43.9,0,22
DOO,1.5,2025-08-15,2026-09-11,57,60.66,81.22,55.22,1.47,-0.19,-0.23,False,0.21,True,0.023,47.4,1,16
DOO,2.0,2025-05-30,2026-09-11,68,60.66,81.22,42.44,1.91,0.28,-0.49,False,0.47,True,0.023,47.4,1,67
DOOR,2.0,2020-06-19,2024-05-17,205,132.84,132.84,67.68,1.96,-0.02,-0.24,True,1.0,True,0.364,73.6,3,83
DORM,1.5,2025-10-31,2026-09-11,46,126.63,141.97,100.9,1.41,0.13,-0.38,True,0.63,True,0.17,48.0,0,23
DOX,2.0,2020-04-03,2026-09-11,337,60.26,91.51,47.01,1.95,0.38,-0.27,False,0.3,False,-0.102,48.2,4,336
DPM,1.5,2020-06-19,2021-10-29,72,8.14,8.37,6.1,1.37,0.13,0.08,True,0.9,True,0.03,59.9,1,71
DPM,2.0,2020-04-24,2021-10-29,80,8.14,8.37,4.73,1.77,0.37,0.07,True,0.94,True,0.03,59.9,1,79
DPZ,2.0,2020-02-14,2026-09-11,344,317.3,528.16,268.39,1.97,0.16,-0.01,False,0.19,False,-0.029,41.5,5,343
DRD,2.0,2025-09-05,2026-09-11,54,26.37,37.48,19.36,1.94,-0.2,0.1,True,0.39,False,-0.134,52.2,0,8
DRH,2.0,2020-11-27,2026-09-11,303,12.18,13.24,6.62,2.0,0.22,-0.33,True,0.84,True,0.203,58.0,7,181
DRIV_old,2.0,2011-07-29,2015-02-13,186,25.99,25.99,13.14,1.98,0.2,-0.67,True,1.0,True,0.321,62.5,3,95
DRS,1.5,2025-04-11,2026-09-11,75,36.31,48.66,33.04,1.47,0.16,-0.09,True,0.21,False,-0.032,37.8,2,42
DRS_old,1.5,2022-05-13,2022-12-09,31,10.75,12.42,9.05,1.37,-0.37,-0.45,True,0.5,False,-0.01,51.5,0,23
DRS_old,2.0,2020-12-04,2022-12-09,106,10.75,16.43,8.75,1.88,-0.1,0.14,True,0.26,False,-0.01,51.5,3,51
DRUG,2.0,2025-09-12,2026-09-11,53,65.0,89.9,48.75,1.84,0.3,-0.0,True,0.39,False,-0.096,42.9,0,52
DRVN,2.0,2023-08-04,2026-09-11,163,12.3,18.92,10.34,1.83,0.15,-0.7,False,0.23,True,0.055,43.7,3,26
DRYS,2.0,2018-02-09,2019-10-18,89,5.24,6.29,3.28,1.92,0.14,-1.0,False,0.65,True,0.252,32.9,1,88
DSGR,2.0,2024-12-13,2026-09-11,92,34.75,38.5,19.31,1.99,-0.04,-0.52,True,0.8,True,0.204,68.9,2,26
DSGX,2.0,2022-06-24,2026-09-11,221,71.32,121.37,62.22,1.95,0.3,-0.31,False,0.15,True,0.038,45.6,4,207
DSKE,2.0,2022-04-08,2024-04-05,105,8.29,8.53,4.32,1.97,-0.03,-0.65,True,0.94,True,0.534,72.6,0,23
DSP,2.0,2025-03-07,2026-09-11,80,12.74,15.39,8.14,1.89,-0.17,-0.67,True,0.63,True,0.107,53.3,2,48
DSSI,2.0,2020-05-15,2021-07-23,63,9.69,10.95,5.61,1.95,0.37,-0.66,False,0.76,True,0.133,50.8,0,37
DSW,1.5,2018-10-12,2019-04-05,26,22.39,29.43,20.1,1.46,-0.15,-0.39,False,0.25,True,0.01,42.2,0,2
DT,2.0,2021-11-26,2026-09-11,251,51.42,62.97,32.36,1.95,0.09,-0.59,True,0.62,True,0.22,63.6,3,22
DTK,1.5,2025-09-26,2026-09-11,51,22.18,24.49,22.18,1.1,-0.28,,,0.0,False,-0.024,26.0,0,0
DTK,2.0,2025-09-26,2026-09-11,51,22.18,24.49,22.18,1.1,-0.28,,,0.0,False,-0.024,26.0,0,0
DUF,1.5,2011-10-14,2013-04-26,81,15.54,15.74,11.13,1.41,0.18,-0.36,True,0.96,True,0.177,65.3,1,80
DUF,2.0,2009-01-02,2013-04-26,226,15.54,18.07,9.45,1.91,-0.22,,True,0.71,True,0.177,65.3,2,141
DUOL,2.0,2026-01-02,2026-09-11,37,145.16,176.66,90.03,1.96,0.07,-0.83,False,0.64,True,0.278,54.0,0,22
DUOT,2.0,2025-09-12,2026-09-11,53,8.1,13.5,6.76,2.0,0.14,-0.21,True,0.2,True,0.027,44.0,1,23
DV,1.5,2025-09-12,2026-09-11,53,13.37,13.38,9.06,1.48,0.18,-0.79,False,1.0,True,0.193,64.2,1,17
DVAX,2.0,2021-11-05,2026-02-13,224,15.5,16.95,8.83,1.92,-0.1,-0.56,True,0.82,True,0.355,77.1,3,198
DVN,2.0,2023-02-17,2026-09-11,187,50.02,51.7,27.32,1.89,-0.22,-0.58,True,0.93,False,-0.046,60.7,5,74
DXB-CL,1.5,2017-06-09,2020-05-29,156,24.99,26.74,22.89,1.17,-0.09,,False,0.55,False,-0.044,45.8,4,78
DXB-CL,2.0,2017-06-09,2020-05-29,156,24.99,26.74,22.89,1.17,-0.09,,False,0.55,False,-0.044,45.8,4,78
DXCM,2.0,2024-07-26,2026-09-11,112,84.51,92.34,55.0,1.68,-0.08,-0.6,False,0.79,True,0.223,59.2,2,44
EAF,2.0,2026-02-06,2026-09-11,32,6.16,9.98,5.66,1.76,0.01,-0.73,False,0.12,False,-0.156,41.3,0,26
EARN,1.5,2023-11-03,2026-09-11,150,4.31,5.04,3.5,1.44,0.07,-0.4,False,0.53,False,-0.007,47.9,3,148
EARN,2.0,2020-04-10,2026-09-11,336,4.31,6.1,3.2,1.91,-0.19,-0.31,False,0.38,False,-0.007,47.9,6,150
ECC,1.5,2026-01-30,2026-09-11,33,3.71,4.65,3.25,1.43,-0.09,-0.48,False,0.33,False,-0.005,45.5,0,26
ECC,2.0,2020-12-11,2026-09-11,301,3.71,6.29,3.25,1.94,0.12,-0.35,False,0.15,False,-0.005,45.5,4,26
ECG,1.5,2026-02-27,2026-09-11,29,115.23,163.24,110.25,1.48,0.1,0.02,,0.09,False,-0.046,42.1,0,27
ECHO,2.0,2025-11-21,2026-09-11,43,91.85,137.23,68.63,2.0,-0.14,-0.11,True,0.34,False,-0.249,44.1,0,42
ECOL,2.0,2020-01-31,2022-05-06,119,47.99,54.01,27.15,1.99,0.15,-0.64,True,0.78,True,0.496,72.2,0,13
ECOM,2.0,2021-11-26,2022-11-18,52,23.09,25.47,12.8,1.99,-0.08,-0.55,True,0.81,True,0.472,72.7,0,28
ECVT,1.5,2025-12-26,2026-09-11,38,10.07,14.56,9.91,1.47,0.07,-0.11,True,0.03,False,-0.156,35.9,0,36
EDN,2.0,2025-10-17,2026-09-11,48,25.07,34.75,18.57,1.87,-0.38,-0.62,True,0.4,False,-0.058,49.1,1,47
EDR,2.0,2021-04-30,2025-03-21,204,29.25,35.1,17.73,1.98,0.11,,True,0.66,True,0.05,47.6,3,74
EDU,1.5,2024-10-25,2026-09-11,99,54.58,61.99,42.05,1.47,0.02,-0.55,False,0.63,True,0.015,52.4,1,74
EE,1.5,2026-01-02,2026-09-11,37,38.61,41.86,28.15,1.49,0.3,-0.11,True,0.76,True,0.121,56.4,1,36
EEP,1.5,2018-02-02,2018-12-21,47,10.43,12.31,8.42,1.46,0.17,-0.6,False,0.52,False,-0.009,47.1,0,33
EEQ,1.5,2018-02-02,2018-12-21,47,10.51,11.83,7.92,1.49,0.37,-0.62,False,0.66,True,0.037,50.7,0,33
EFII,2.0,2017-08-04,2019-07-26,104,36.97,42.68,23.47,1.82,-0.04,-0.53,False,0.7,True,0.281,68.0,3,31
EFX,2.0,2022-10-28,2026-09-11,203,168.04,301.11,153.49,1.96,-0.01,-0.46,False,0.1,True,0.01,44.0,1,12
EFXT,1.5,2026-02-13,2026-09-11,31,22.33,27.8,18.88,1.47,0.08,0.03,True,0.39,False,-0.075,51.8,0,30
EG,1.5,2022-10-28,2026-09-11,203,371.03,388.58,283.68,1.37,0.07,0.02,True,0.83,True,0.104,58.4,4,200
EGBN,2.0,2023-03-24,2026-09-11,182,27.73,29.56,14.88,1.99,0.25,-0.72,True,0.88,True,0.065,54.3,5,174
EGL,1.5,2018-04-13,2019-01-11,40,29.1,36.24,25.53,1.42,0.11,-0.34,True,0.33,False,-0.122,42.4,0,39
EGL,2.0,2016-04-22,2019-01-11,143,29.1,38.9,19.58,1.99,0.2,-0.47,True,0.49,False,-0.122,42.4,2,142
EGLE_old,2.0,2022-01-28,2024-04-12,116,62.6,67.96,38.2,1.78,0.07,-0.09,True,0.82,True,0.265,64.7,3,115
EGY,1.5,2026-01-16,2026-09-11,35,6.24,6.34,4.35,1.46,0.37,-0.32,True,0.95,False,-0.037,62.4,0,34
EIC,1.5,2023-08-11,2026-09-11,162,9.89,12.92,8.73,1.48,-0.11,-0.14,False,0.28,True,0.022,50.5,1,27
EIG,1.5,2023-11-03,2026-09-11,150,49.17,51.57,35.19,1.47,0.32,-0.15,True,0.85,True,0.173,60.7,1,147
EJ,1.5,2015-01-16,2016-08-12,83,6.79,7.25,4.97,1.46,0.02,-0.65,False,0.8,True,0.054,61.8,2,73
EL,2.0,2025-05-09,2026-09-11,71,96.47,116.47,59.6,1.95,0.19,-0.69,False,0.65,True,0.112,55.7,1,70
ELDN,1.5,2026-03-20,2026-09-11,26,2.78,4.07,2.78,1.46,0.03,-0.48,True,0.0,True,0.018,40.6,0,0
ELDN,2.0,2026-02-20,2026-09-11,30,2.78,4.07,2.19,1.86,0.36,-0.59,True,0.31,True,0.018,40.6,0,29
ELLI,2.0,2015-04-24,2019-04-19,209,98.99,113.64,57.75,1.97,0.39,-0.0,True,0.74,True,0.428,66.9,4,208
ELNK,1.5,2015-12-11,2017-02-24,64,5.63,7.54,5.04,1.49,-0.12,-0.45,True,0.24,False,-0.017,45.1,0,15
ELPC,1.5,2026-01-09,2026-09-11,36,12.71,13.14,8.99,1.46,0.37,-0.05,True,0.9,False,-0.038,61.4,0,34
ELS,1.5,2020-12-04,2026-09-11,302,60.3,76.94,51.36,1.5,-0.05,-0.21,False,0.35,True,0.025,40.9,5,301
ELS,2.0,2018-10-19,2026-09-11,413,60.3,76.94,38.53,2.0,0.35,-0.03,False,0.57,True,0.025,40.9,8,410
ELTTY,2.0,2010-10-01,2012-08-31,101,20.54,20.54,11.78,1.74,0.18,,True,1.0,True,0.303,75.6,2,40
ELV,2.0,2020-11-06,2026-09-11,306,416.54,534.63,267.69,2.0,-0.01,-0.06,True,0.56,True,0.124,62.9,5,291
ELVA,2.0,2025-12-12,2026-09-11,40,6.59,11.69,6.59,1.77,0.01,-0.06,True,0.0,False,-0.109,40.9,0,0
ELX,2.0,2012-04-27,2015-05-08,159,7.99,8.91,4.46,2.0,-0.2,-0.65,True,0.79,True,0.322,70.6,2,30
EMC_old,1.5,2011-08-26,2016-09-09,264,29.05,30.89,20.62,1.5,0.29,-0.28,True,0.82,True,0.049,69.4,7,259
EME,1.5,2025-12-26,2026-09-11,38,748.33,921.16,626.08,1.47,0.36,-0.16,True,0.41,False,-0.055,45.9,0,37
EMN,1.5,2025-03-21,2026-09-11,78,68.38,83.59,56.0,1.49,0.01,-0.46,False,0.45,False,-0.021,45.1,1,58
EMN,2.0,2020-05-29,2026-09-11,329,68.38,107.21,54.37,1.97,-0.2,-0.34,False,0.27,False,-0.021,45.1,7,324
EMPW-U,1.5,2020-11-27,2021-07-16,34,9.8,10.35,9.75,1.06,-0.02,,,0.08,False,-0.008,42.4,0,33
EMPW-U,2.0,2020-11-27,2021-07-16,34,9.8,10.35,9.75,1.06,-0.02,,,0.08,False,-0.008,42.4,0,33
EMPW-WS,1.5,2020-11-27,2021-07-16,34,9.8,10.35,9.75,1.06,-0.02,,,0.08,False,-0.008,42.4,0,33
EMPW-WS,2.0,2020-11-27,2021-07-16,34,9.8,10.35,9.75,1.06,-0.02,,,0.08,False,-0.008,42.4,0,33
EM_old,2.0,2009-08-14,2011-11-04,117,18.97,18.97,10.26,1.85,0.14,,True,1.0,True,0.305,75.4,1,60
ENBL,1.5,2021-02-26,2021-12-03,41,7.05,9.31,6.23,1.5,0.38,-0.44,False,0.27,False,-0.054,40.3,0,40
ENFN,1.5,2023-02-10,2025-04-18,115,10.76,11.5,7.85,1.46,0.23,-0.66,False,0.8,True,0.107,54.2,3,100
ENFN,2.0,2022-03-04,2025-04-18,164,10.76,15.43,7.85,1.97,-0.33,,False,0.38,True,0.107,54.2,5,100
ENLK,2.0,2016-04-08,2019-01-25,147,12.05,18.18,9.16,1.98,0.2,-0.57,False,0.32,False,-0.271,39.9,1,145
ENOC,2.0,2016-01-22,2017-08-11,82,7.65,7.75,4.16,1.86,0.03,-0.82,False,0.97,True,0.222,70.7,1,81
ENR,1.5,2025-10-03,2026-09-11,50,20.04,23.39,15.9,1.47,-0.04,-0.54,False,0.55,True,0.178,48.2,2,23
ENS,1.5,2026-03-13,2026-09-11,27,179.02,236.71,160.81,1.47,0.02,-0.11,True,0.24,False,-0.05,42.3,0,26
ENSG,1.5,2025-07-25,2026-09-11,60,172.79,214.01,149.31,1.43,0.09,-0.03,True,0.36,False,-0.059,47.2,0,13
ENTA,1.5,2025-11-14,2026-09-11,44,12.7,16.85,11.28,1.49,-0.11,-0.35,False,0.25,True,0.016,47.3,1,14
ENTA,2.0,2025-10-03,2026-09-11,50,12.7,16.85,10.33,1.63,0.19,-0.41,False,0.36,True,0.016,47.3,1,49
ENV,2.0,2022-05-27,2024-11-22,131,63.14,69.09,34.56,2.0,0.15,-0.61,True,0.83,True,0.004,58.9,3,54
EOAN,2.0,2015-07-31,2018-12-21,178,8.86,12.09,6.05,2.0,0.07,-0.61,False,0.47,False,-0.061,48.1,3,109
EOCC,2.0,2009-01-02,2018-12-28,522,16.51,30.15,16.09,1.87,-0.19,,False,0.03,False,-0.081,30.6,10,521
EOPN,2.0,2014-09-12,2015-03-27,29,8.59,11.2,5.65,1.98,-0.0,-0.81,False,0.53,True,0.1,46.5,0,11
EPAY,2.0,2018-11-09,2022-05-13,184,56.99,56.99,31.76,1.79,0.14,-0.56,True,1.0,True,0.058,70.0,4,112
EPC,2.0,2025-02-07,2026-09-11,84,26.88,30.7,15.73,1.95,-0.26,-0.62,False,0.75,True,0.35,56.7,1,17
EPM,1.5,2025-01-31,2026-09-11,85,3.84,4.76,3.18,1.5,-0.26,-0.57,False,0.42,False,-0.147,48.2,1,35
EQGP,2.0,2015-05-15,2019-01-11,192,19.97,30.96,15.88,1.95,-0.18,,False,0.27,False,-0.136,49.5,1,10
EQNR,1.5,2026-03-06,2026-09-11,28,45.11,45.11,30.73,1.47,0.29,0.05,True,1.0,True,0.007,66.8,0,11
EQR,1.5,2022-04-29,2026-08-21,226,63.66,71.92,48.42,1.49,0.39,-0.37,True,0.65,True,0.089,47.1,2,147
EQR,2.0,2020-11-06,2026-08-21,303,63.66,77.36,41.24,1.88,0.08,-0.39,True,0.62,True,0.089,47.1,6,302
EQT,1.5,2025-01-03,2026-09-11,89,54.96,67.15,45.3,1.48,0.27,0.01,True,0.44,False,-0.092,51.3,0,75
ERIC,1.5,2025-10-17,2026-09-11,48,10.01,13.5,9.2,1.47,0.34,0.1,True,0.19,False,-0.138,43.7,0,35
EROS,2.0,2020-04-10,2020-10-16,28,49.0,76.2,39.8,1.91,-0.2,-0.86,False,0.25,False,-0.137,45.6,0,27
ERTS,2.0,2009-01-02,2011-12-23,156,19.84,25.2,14.6,1.73,0.28,,True,0.49,True,0.016,43.5,3,77
ESAB,2.0,2023-11-03,2026-09-11,150,69.27,134.51,69.27,1.94,0.13,-0.04,False,0.0,False,-0.095,32.3,1,0
ESE,1.5,2026-02-06,2026-09-11,32,267.26,343.42,252.97,1.36,0.36,0.11,True,0.16,True,0.034,39.9,0,31
ESI,1.5,2026-02-13,2026-09-11,31,34.17,45.87,30.6,1.5,0.28,0.03,True,0.23,False,-0.013,43.4,0,27
ESLT,1.5,2026-01-09,2026-09-11,36,723.91,933.92,663.42,1.41,0.02,0.12,True,0.22,False,-0.093,46.8,0,31
ESMT,1.5,2022-01-07,2024-01-26,108,23.05,23.05,16.0,1.44,0.07,,True,1.0,True,0.237,69.8,1,38
ESMT,2.0,2021-11-05,2024-01-26,117,23.05,31.6,16.0,1.98,-0.11,,True,0.45,True,0.237,69.8,1,38
ESND,2.0,2018-05-04,2019-02-01,40,12.8,15.56,9.12,1.71,-0.08,-0.68,False,0.57,False,-0.063,53.5,0,39
ESOA,2.0,2026-02-13,2026-09-11,31,11.39,18.9,11.39,1.66,-0.1,-0.28,True,0.0,False,-0.048,39.4,0,0
ESPR,2.0,2026-01-16,2026-07-17,27,3.18,3.48,1.91,1.82,0.01,-0.53,True,0.81,True,0.059,55.2,0,12
ESRX,2.0,2012-06-08,2018-12-21,342,92.33,101.47,52.13,1.95,0.35,-0.13,True,0.81,True,0.141,52.4,7,318
ESS,1.5,2023-12-01,2026-09-11,146,271.37,298.33,199.24,1.5,0.39,-0.34,True,0.73,True,0.107,47.1,1,145
ETAC,1.5,2020-09-18,2022-09-09,104,10.06,10.84,9.63,1.13,0.02,,True,0.36,True,0.01,79.1,2,97
ETAC,2.0,2020-09-18,2022-09-09,104,10.06,10.84,9.63,1.13,0.02,,True,0.36,True,0.01,79.1,2,97
ETD,1.5,2025-09-12,2026-09-11,53,21.85,23.72,16.11,1.47,-0.32,-0.36,True,0.75,True,0.108,64.1,0,17
ETFC,2.0,2018-08-24,2020-10-02,111,49.26,57.46,28.81,1.99,-0.1,-0.55,True,0.71,True,0.193,51.0,2,28
ETH_old,1.5,2021-01-15,2021-10-15,40,23.32,31.08,22.01,1.41,-0.08,0.07,True,0.14,False,-0.14,43.5,1,39
ETOR,1.5,2026-02-20,2026-09-11,30,30.02,41.98,28.58,1.47,0.15,-0.58,,0.11,False,-0.031,39.1,0,4
ETOR,2.0,2025-08-15,2026-09-11,57,30.02,48.14,27.01,1.78,-0.38,,,0.14,False,-0.031,39.1,1,31
ETP_old1,1.5,2016-03-04,2017-04-28,61,35.93,42.28,28.54,1.48,0.21,-0.57,False,0.54,True,0.018,47.5,1,59
ETP_old1,2.0,2015-09-11,2017-04-28,86,35.93,46.85,23.66,1.98,0.01,-0.64,False,0.53,True,0.018,47.5,1,63
ETSY,2.0,2023-08-04,2026-09-11,163,71.59,85.55,43.6,1.96,-0.1,-0.85,True,0.67,True,0.324,49.6,5,74
ET_old,2.0,2012-03-23,2013-07-12,69,33.75,33.75,18.28,1.85,0.21,,,1.0,True,0.199,75.7,1,31
EVCM,2.0,2022-12-16,2026-09-11,196,6.53,13.01,6.53,1.99,0.11,-0.71,False,0.0,False,-0.094,33.6,3,0
EVER,2.0,2024-02-09,2026-09-11,136,23.49,28.71,14.49,1.98,0.15,-0.18,True,0.63,True,0.432,53.5,1,19
EVHC,2.0,2017-09-08,2018-10-12,58,45.99,49.25,24.95,1.97,0.37,-0.8,False,0.87,True,0.068,65.7,0,48
EVLV,2.0,2025-05-09,2026-09-11,71,4.97,8.76,4.44,1.97,-0.25,-0.42,True,0.12,False,-0.111,41.3,1,70
EVR,1.5,2025-06-27,2026-09-11,64,283.62,375.75,265.32,1.42,0.18,-0.13,True,0.17,False,-0.023,38.5,0,63
EVTC,1.5,2025-10-03,2026-09-11,50,29.15,32.32,22.3,1.45,-0.1,-0.46,False,0.68,True,0.11,51.1,0,14
EVTC,2.0,2022-01-21,2026-09-11,243,29.15,43.44,22.3,1.95,-0.39,-0.54,False,0.32,True,0.11,51.1,5,14
EW,2.0,2022-04-15,2026-09-11,231,86.77,120.02,60.83,1.97,-0.14,-0.53,True,0.44,True,0.077,50.5,9,110
EXAI,1.5,2024-03-29,2024-11-22,35,4.84,6.0,4.03,1.49,0.09,-0.73,False,0.41,False,-0.058,46.9,0,30
EXAI,2.0,2023-08-11,2024-11-22,68,4.84,6.92,4.03,1.72,-0.37,-0.85,False,0.28,False,-0.058,46.9,1,30
EXAM,2.0,2013-07-12,2016-07-29,160,35.06,43.13,22.48,1.92,0.21,-0.07,True,0.61,True,0.191,62.8,3,159
EXCU,2.0,2014-07-04,2017-06-02,153,51.95,51.95,34.06,1.53,0.36,,True,1.0,True,0.036,77.8,2,77
EXE,1.5,2024-11-08,2026-09-11,97,96.87,120.73,86.46,1.4,-0.05,-0.05,True,0.3,False,-0.054,51.8,0,12
EXK,2.0,2025-09-26,2026-09-11,51,10.52,14.12,7.2,1.96,0.09,0.07,True,0.48,False,-0.01,56.0,1,44
EXLS,1.5,2026-02-06,2026-09-11,32,34.62,38.4,25.93,1.48,0.29,-0.5,False,0.7,True,0.057,54.2,0,12
EXLS,2.0,2023-11-03,2026-09-11,150,34.62,51.4,25.93,1.98,0.12,-0.31,False,0.34,True,0.057,54.2,0,12
EXP,1.5,2025-01-31,2026-09-11,85,183.77,254.92,172.87,1.47,-0.29,-0.45,False,0.13,True,0.04,38.8,1,25
EXP,2.0,2023-11-03,2026-09-11,150,183.77,311.83,163.05,1.91,-0.2,-0.15,False,0.14,True,0.04,38.8,3,149
EXR,1.5,2023-11-17,2026-09-11,148,136.45,166.88,112.79,1.48,0.08,-0.4,True,0.44,True,0.049,41.9,5,146
EXR,2.0,2022-01-07,2026-09-11,245,136.45,178.84,92.62,1.93,-0.1,-0.51,True,0.51,True,0.049,41.9,5,150
EYE,2.0,2025-05-09,2026-09-11,71,17.13,29.28,15.44,1.9,-0.3,-0.41,False,0.12,False,-0.12,39.7,0,14
EZCH,2.0,2013-08-16,2016-02-26,133,25.49,29.64,15.06,1.97,-0.3,-0.66,False,0.72,True,0.044,69.7,5,41
FAII,1.5,2020-10-02,2021-06-18,38,472.5,625.0,472.5,1.32,-0.06,,,0.0,False,-0.1,34.1,0,0
FAII,2.0,2020-10-02,2021-06-18,38,472.5,625.0,472.5,1.32,-0.06,,,0.0,False,-0.1,34.1,0,0
FAII-U,1.5,2020-10-02,2021-06-18,38,10.28,12.5,9.7,1.29,-0.02,,,0.21,False,-0.094,47.6,0,33
FAII-U,2.0,2020-10-02,2021-06-18,38,10.28,12.5,9.7,1.29,-0.02,,,0.21,False,-0.094,47.6,0,33
FAII-WS,1.5,2020-10-02,2021-06-18,38,10.28,12.5,9.7,1.29,-0.02,,,0.21,False,-0.094,47.6,0,33
FAII-WS,2.0,2020-10-02,2021-06-18,38,10.28,12.5,9.7,1.29,-0.02,,,0.21,False,-0.094,47.6,0,33
FBC,2.0,2020-07-03,2022-12-02,127,37.54,51.12,25.74,1.99,0.17,-0.28,True,0.47,False,-0.022,54.2,0,125
FBMS,2.0,2020-10-02,2025-04-04,236,33.81,38.24,19.42,1.97,-0.06,-0.43,True,0.76,True,0.016,48.0,5,235
FBRT,1.5,2022-10-14,2026-09-11,205,7.68,11.37,7.59,1.5,-0.12,-0.25,False,0.02,False,-0.052,39.0,3,6
FBRT,2.0,2021-10-22,2026-09-11,256,7.68,11.37,7.07,1.61,0.1,,False,0.14,False,-0.052,39.0,6,206
FCAM,1.5,2016-01-08,2016-12-16,50,70.68,73.26,58.68,1.25,0.06,,,0.82,True,0.063,52.4,1,44
FCAM,2.0,2016-01-08,2016-12-16,50,70.68,73.26,58.68,1.25,0.06,,,0.82,True,0.063,52.4,1,44
FCH,1.5,2015-08-07,2017-09-01,109,7.3,8.0,5.56,1.44,0.04,-0.5,False,0.71,False,-0.005,52.7,3,85
FCH,2.0,2013-09-27,2017-09-01,206,7.3,11.05,5.55,1.99,-0.34,-0.01,False,0.32,False,-0.005,52.7,5,204
FCN,2.0,2021-02-26,2026-09-11,290,150.31,228.43,114.55,1.99,0.26,-0.17,False,0.31,False,-0.079,42.9,7,289
FCNCA,1.5,2024-04-26,2026-09-11,125,2165.43,2334.33,1561.5,1.49,0.27,-0.04,True,0.78,True,0.099,56.3,2,75
FCS,1.5,2015-10-09,2016-09-16,50,19.86,21.05,14.48,1.45,0.25,-0.29,True,0.82,False,-0.007,55.7,0,49
FEIC,2.0,2013-01-04,2016-09-23,195,106.89,107.83,55.45,1.94,0.4,0.03,True,0.98,True,0.12,70.0,3,194
FERG,1.5,2025-05-30,2026-09-11,68,220.97,262.28,178.22,1.47,0.27,-0.17,True,0.51,False,-0.01,42.6,2,67
FF,2.0,2021-05-28,2026-09-11,277,5.35,5.97,3.09,1.93,-0.26,-0.63,True,0.79,True,0.179,62.3,10,42
FFIN,1.5,2024-06-28,2026-09-11,116,33.06,41.12,27.46,1.5,-0.25,-0.35,True,0.41,True,0.095,48.7,1,114
FFIN,2.0,2022-03-04,2026-09-11,237,33.06,42.22,21.73,1.94,-0.06,-0.56,True,0.55,True,0.095,48.7,3,151
FFWM,2.0,2024-02-02,2026-04-03,114,5.9,8.92,4.64,1.92,-0.38,-0.82,False,0.29,True,0.072,50.9,3,51
FG,1.5,2026-03-20,2026-09-11,26,23.57,32.1,22.57,1.42,0.04,-0.51,False,0.1,True,0.016,40.6,0,3
FGNA,1.5,2020-11-20,2021-07-23,36,10.45,11.2,9.85,1.14,0.05,,,0.44,False,-0.011,54.0,0,35
FGNA,2.0,2020-11-20,2021-07-23,36,10.45,11.2,9.85,1.14,0.05,,,0.44,False,-0.011,54.0,0,35
FGNA-U,1.5,2020-11-20,2021-07-23,36,9.97,11.2,9.85,1.14,-0.01,,,0.09,False,-0.014,45.4,0,35
FGNA-U,2.0,2020-11-20,2021-07-23,36,9.97,11.2,9.85,1.14,-0.01,,,0.09,False,-0.014,45.4,0,35
FGNA-WS,1.5,2020-11-20,2021-07-23,36,9.97,11.2,9.85,1.14,-0.01,,,0.09,False,-0.014,45.4,0,35
FGNA-WS,2.0,2020-11-20,2021-07-23,36,9.97,11.2,9.85,1.14,-0.01,,,0.09,False,-0.014,45.4,0,35
FHL,1.5,2019-05-03,2019-10-25,26,10.85,14.24,9.55,1.49,-0.17,,,0.28,False,-0.021,61.7,0,19
FICO,1.5,2026-03-13,2026-09-11,27,960.67,1270.83,922.37,1.38,0.1,-0.61,False,0.11,True,0.033,38.7,0,22
FIG,2.0,2026-01-16,2026-09-11,35,22.14,29.57,17.47,1.69,-0.19,-0.86,,0.39,True,0.11,34.5,0,20
FIGR,2.0,2026-02-06,2026-09-11,32,36.57,43.28,24.91,1.74,-0.09,-0.66,,0.63,False,-0.08,56.7,0,6
FIGS,2.0,2025-11-07,2026-09-11,45,12.95,16.51,8.55,1.93,0.29,0.04,True,0.55,False,-0.093,51.5,0,44
FIHL,2.0,2024-02-23,2026-07-10,125,25.07,25.56,13.32,1.92,0.39,-0.03,True,0.96,True,0.199,70.5,3,124
FIII,1.5,2020-09-25,2021-06-25,40,10.19,14.0,9.67,1.45,-0.2,,,0.12,False,-0.157,44.8,0,34
FIII,2.0,2020-09-25,2021-06-25,40,10.19,14.0,9.67,1.45,-0.2,,,0.12,False,-0.157,44.8,0,34
FIO,1.5,2013-10-25,2014-07-25,40,11.23,11.69,7.99,1.46,0.07,-0.8,False,0.88,False,-0.069,57.6,0,8
FIP,2.0,2025-04-18,2026-09-11,74,3.3,6.53,3.3,1.98,-0.33,-0.65,False,0.0,False,-0.161,36.3,0,0
FISV_old,1.5,2020-03-27,2023-06-09,168,115.78,126.02,86.19,1.46,0.04,-0.3,True,0.74,True,0.076,55.7,3,166
FIT,1.5,2019-11-01,2021-01-22,65,6.93,7.25,6.11,1.19,0.31,-0.15,True,0.72,True,0.073,52.9,1,32
FIX,1.5,2026-03-13,2026-09-11,27,1590.81,1991.71,1355.52,1.47,0.22,-0.07,True,0.37,True,0.0,48.7,0,25
FIZZ,2.0,2021-02-05,2026-09-11,293,30.91,49.85,28.62,1.74,-0.33,-0.52,False,0.11,False,-0.005,45.8,3,36
FJIKY,2.0,2026-02-06,2026-09-11,32,16.31,21.64,11.92,1.82,0.28,-0.56,,0.45,False,-0.013,52.2,0,30
FLIC,1.5,2024-07-12,2025-05-30,47,11.87,13.97,10.42,1.34,-0.04,-0.38,False,0.41,False,-0.056,49.1,0,46
FLMN,1.5,2022-02-11,2022-08-05,26,27.55,31.08,20.98,1.48,0.39,-0.09,True,0.65,True,0.062,55.2,0,24
FLOC,1.5,2026-01-02,2026-09-11,37,20.29,27.03,18.7,1.45,0.08,-0.36,,0.19,False,-0.096,44.3,0,36
FLOC,2.0,2025-01-24,2026-09-11,86,20.29,27.77,13.94,1.99,0.11,,,0.46,False,-0.096,44.3,0,48
FLS,1.5,2025-10-31,2026-09-11,46,72.83,89.16,64.88,1.37,0.18,0.03,True,0.33,True,0.012,47.4,1,17
FLT,2.0,2017-10-06,2024-05-24,347,267.93,320.63,160.62,2.0,0.2,-0.08,True,0.67,True,0.056,43.0,6,345
FLUT,1.5,2026-02-13,2026-09-11,31,98.68,125.17,92.38,1.35,-0.37,-0.7,False,0.19,False,-0.005,37.6,0,17
FMAC,2.0,2020-11-27,2022-05-06,76,9.41,11.94,6.78,1.76,-0.38,,,0.51,False,-0.121,52.9,2,2
FMBI,1.5,2021-01-08,2022-02-18,59,21.51,23.26,16.07,1.45,0.18,-0.25,True,0.76,True,0.088,59.0,1,55
FMCN,2.0,2011-05-13,2013-05-24,107,27.42,32.45,16.55,1.96,-0.14,-0.54,True,0.68,True,0.06,67.7,3,86
FMER,1.5,2013-05-03,2016-08-19,173,21.61,22.86,15.42,1.48,0.19,0.02,True,0.83,False,-0.007,55.8,3,172
FMNB,1.5,2024-06-28,2026-09-11,116,15.7,16.13,10.82,1.49,0.31,-0.14,True,0.92,True,0.116,63.1,2,114
FMNB,2.0,2020-10-02,2026-09-11,311,15.7,16.13,8.56,1.88,0.25,-0.3,True,0.94,True,0.116,63.1,6,305
FMS,1.5,2024-11-08,2026-09-11,97,22.23,27.9,19.91,1.4,0.0,-0.19,True,0.29,True,0.091,43.8,0,96
FMSA,1.5,2017-11-03,2018-06-01,31,28.15,30.9,21.25,1.45,0.23,-0.67,False,0.72,False,-0.021,55.7,0,9
FMX,2.0,2022-12-23,2026-09-11,195,117.57,129.02,66.14,1.95,0.37,-0.09,True,0.82,True,0.074,49.4,5,193
FN,2.0,2025-10-03,2026-09-11,50,403.95,722.04,361.94,1.99,0.31,-0.06,True,0.12,False,-0.249,38.8,0,48
FND,1.5,2026-03-06,2026-09-11,28,46.87,62.69,43.49,1.44,0.15,-0.67,False,0.18,True,0.11,39.4,0,17
FNF,1.5,2023-11-17,2026-09-11,148,43.95,59.56,40.15,1.48,0.24,-0.13,False,0.2,True,0.02,35.4,3,146
FNFG,2.0,2009-01-02,2016-07-29,396,10.18,12.2,6.2,1.97,-0.18,,True,0.66,True,0.053,52.9,10,209
FNGN,2.0,2014-03-28,2018-07-20,226,44.95,48.11,24.07,2.0,-0.1,-0.65,True,0.87,True,0.349,68.2,5,125
FNOX,1.5,2020-11-27,2021-07-02,32,418.0,510.0,345.0,1.48,0.07,0.15,True,0.44,False,-0.018,51.8,0,31
FNSR,1.5,2018-11-02,2019-09-27,48,23.77,24.6,16.69,1.47,0.21,-0.52,True,0.9,True,0.012,56.6,1,47
FNSR,2.0,2017-03-10,2019-09-27,134,23.77,28.36,15.33,1.85,-0.12,-0.56,True,0.65,True,0.012,56.6,3,77
FNV,1.5,2025-11-07,2026-09-11,45,260.66,279.09,189.91,1.47,0.27,-0.13,True,0.79,False,-0.008,61.0,0,42
FO,1.5,2010-08-27,2011-10-07,59,54.2,64.78,44.31,1.46,0.29,-0.16,True,0.48,False,-0.112,39.8,1,58
FOA,2.0,2024-11-08,2026-09-11,97,15.65,29.81,15.65,1.9,-0.2,-0.21,False,0.0,True,0.103,34.6,2,0
FOCS,2.0,2021-12-17,2023-09-08,91,52.99,59.72,30.87,1.93,0.25,-0.55,True,0.77,True,0.011,71.6,2,47
FOGO,1.5,2017-05-12,2018-04-06,48,15.75,15.75,10.75,1.47,0.16,-0.58,True,1.0,True,0.27,70.3,1,21
FOR,2.0,2024-04-12,2026-09-11,127,26.52,37.58,18.9,1.99,-0.22,-0.53,True,0.41,True,0.1,43.3,3,68
FORE,1.5,2021-04-09,2021-12-10,36,9.54,10.0,9.48,1.05,0.07,,,0.12,False,-0.001,38.2,0,1
FORE,2.0,2021-04-09,2021-12-10,36,9.54,10.0,9.48,1.05,0.07,,,0.12,False,-0.001,38.2,0,1
FORG,1.5,2022-10-07,2023-08-25,47,23.21,23.69,15.8,1.5,-0.17,-0.66,True,0.94,True,0.02,68.4,0,46
FORG,2.0,2022-01-07,2023-08-25,86,23.21,23.69,13.25,1.79,0.36,,True,0.95,True,0.02,68.4,0,79
FORM,2.0,2026-02-06,2026-09-11,32,112.12,155.08,85.01,1.82,0.25,0.09,True,0.39,False,-0.069,50.5,0,27
FOSL,1.5,2026-02-13,2026-09-11,31,4.49,5.61,3.8,1.48,0.35,-0.07,True,0.38,True,0.067,49.4,1,30
FOUR,1.5,2026-02-27,2026-09-11,29,43.03,53.0,38.08,1.39,0.18,-0.69,False,0.33,True,0.078,44.1,1,14
FOUR-P-A,1.5,2026-01-30,2026-09-11,33,56.85,75.14,51.42,1.46,-0.25,-0.58,,0.23,True,0.086,44.8,1,14
FOUR-PA,1.5,2026-01-30,2026-09-11,33,56.85,71.49,50.2,1.42,-0.09,-0.55,,0.31,True,0.113,46.1,1,14
FOXA,1.5,2025-05-09,2026-09-11,71,65.18,73.61,49.55,1.49,0.3,-0.12,True,0.65,False,-0.038,54.5,0,70
FOXF,1.5,2025-11-28,2026-09-11,42,19.62,21.85,14.79,1.48,0.38,-0.78,False,0.68,True,0.131,51.8,1,41
FOXF,2.0,2025-09-12,2026-09-11,53,19.62,27.25,13.91,1.96,-0.19,-0.87,False,0.43,True,0.131,51.8,2,42
FPAC,1.5,2018-06-29,2023-03-10,246,10.21,11.24,9.6,1.17,0.04,,True,0.37,True,0.018,87.5,2,233
FPAC,2.0,2018-06-29,2023-03-10,246,10.21,11.24,9.6,1.17,0.04,,True,0.37,True,0.018,87.5,2,233
FPI,1.5,2024-08-23,2026-09-11,108,10.64,12.82,8.56,1.5,0.12,-0.27,True,0.49,False,-0.075,56.3,1,105
FPI,2.0,2020-12-11,2026-09-11,301,10.64,12.82,6.61,1.94,0.12,0.04,True,0.65,False,-0.075,56.3,5,298
FPO,1.5,2015-01-30,2017-09-29,140,11.14,11.34,7.66,1.48,0.17,-0.41,True,0.95,True,0.023,60.0,3,85
FPO,2.0,2009-08-07,2017-09-29,426,11.14,12.93,6.83,1.89,0.01,-0.05,True,0.71,True,0.023,60.0,9,421
FRHC,2.0,2024-09-06,2026-09-11,106,162.73,182.17,93.25,1.95,0.35,-0.07,True,0.78,True,0.077,56.0,2,105
FRMI,2.0,2026-03-06,2026-09-11,28,5.39,9.5,4.87,1.95,-0.13,-0.83,,0.11,True,0.108,41.6,0,22
FRP,1.5,2015-06-05,2017-07-07,110,15.95,19.77,13.21,1.5,-0.09,-0.35,True,0.42,False,-0.107,49.5,1,57
FRP,2.0,2013-12-27,2017-07-07,185,15.95,20.18,10.86,1.86,0.23,0.1,True,0.55,False,-0.107,49.5,2,184
FRPH,2.0,2016-11-11,2026-09-11,514,22.25,33.05,17.53,1.89,0.28,-0.08,False,0.3,True,0.048,44.6,12,338
FRPT,1.5,2026-03-20,2026-09-11,26,65.17,73.96,49.35,1.5,0.32,-0.69,False,0.64,True,0.083,52.3,0,17
FRPT1,2.0,2009-07-03,2011-12-23,130,5.55,6.55,3.5,1.87,-0.26,-0.63,True,0.67,True,0.144,68.1,3,18
FRSH,2.0,2025-07-25,2026-09-11,60,11.87,14.19,7.24,1.96,-0.37,-0.7,False,0.67,True,0.309,56.1,2,30
FRSH_old1,2.0,2022-06-24,2024-08-02,111,12.5,24.15,12.25,1.97,0.34,-0.76,False,0.02,False,-0.303,32.4,1,107
FRT,2.0,2020-11-13,2026-09-11,305,114.84,126.08,67.28,1.87,0.34,-0.36,True,0.81,True,0.07,49.0,7,296
FSC,1.5,2016-09-09,2017-10-20,59,16.89,17.57,11.73,1.5,-0.19,-0.36,,0.88,True,0.22,65.0,2,17
FSC,2.0,2016-01-08,2017-10-20,94,16.89,18.26,11.73,1.56,-0.04,,,0.79,True,0.22,65.0,2,17
FSK,1.5,2025-12-19,2026-09-11,39,11.89,13.68,9.24,1.48,-0.27,-0.51,False,0.6,True,0.101,54.1,0,26
FSL,1.5,2015-01-30,2015-12-11,46,36.53,45.12,32.09,1.41,-0.29,0.21,True,0.34,False,-0.048,49.6,0,45
FSL,2.0,2014-12-05,2015-12-11,54,36.53,45.12,24.77,1.82,0.34,0.02,True,0.58,False,-0.048,49.6,0,52
FSLR,2.0,2025-07-04,2026-09-11,63,207.17,306.79,162.44,1.89,0.14,-0.41,True,0.31,False,-0.021,45.2,1,61
FSM,2.0,2025-08-15,2026-09-11,57,12.05,13.66,7.3,1.87,0.35,0.02,True,0.75,True,0.025,61.9,0,56
FSS,1.5,2025-05-09,2026-09-11,71,113.46,130.93,88.87,1.47,0.3,-0.1,True,0.58,True,0.088,46.3,1,70
FST,1.5,2020-10-16,2022-08-26,98,10.18,13.62,9.61,1.42,-0.28,,,0.14,True,0.007,46.1,0,97
FST,2.0,2020-10-16,2022-08-26,98,10.18,13.62,9.61,1.42,-0.28,,,0.14,True,0.007,46.1,0,97
FSTX,2.0,2022-06-24,2023-03-17,39,7.12,7.12,4.21,1.69,-0.28,-0.67,False,1.0,True,0.047,61.7,0,7
FSV,2.0,2020-07-24,2026-09-11,321,136.01,202.86,108.94,1.86,0.26,0.01,False,0.29,True,0.028,43.6,5,317
FTCV,1.5,2021-01-29,2022-12-16,99,10.06,14.48,9.8,1.48,-0.36,,,0.06,True,0.011,68.0,1,31
FTCV,2.0,2021-01-29,2022-12-16,99,10.06,14.48,9.8,1.48,-0.36,,,0.06,True,0.011,68.0,1,31
FTOC,1.5,2020-10-16,2021-07-02,38,10.6,13.27,9.61,1.38,0.09,,,0.27,False,-0.122,51.1,0,35
FTOC,2.0,2020-10-16,2021-07-02,38,10.6,13.27,9.61,1.38,0.09,,,0.27,False,-0.122,51.1,0,35
FTOCU,1.5,2020-08-28,2021-06-25,44,11.65,14.4,9.92,1.45,0.34,,,0.39,False,-0.127,54.4,0,35
FTOCU,2.0,2020-08-28,2021-06-25,44,11.65,14.4,9.92,1.45,0.34,,,0.39,False,-0.127,54.4,0,35
FTV,1.5,2022-07-22,2026-09-11,217,54.51,64.1,43.13,1.49,0.38,-0.26,False,0.54,True,0.031,38.7,7,206
FTV,2.0,2020-04-03,2026-09-11,337,54.51,64.1,33.23,1.93,0.38,-0.38,False,0.69,True,0.031,38.7,9,336
FUL,1.5,2024-12-13,2026-09-11,92,51.65,71.39,48.87,1.46,0.07,-0.41,False,0.12,False,-0.034,40.0,2,25
FUL,2.0,2020-07-17,2026-09-11,322,51.65,83.05,41.54,2.0,0.15,-0.22,False,0.24,False,-0.034,40.0,9,320
FUN,2.0,2025-08-08,2026-09-11,58,13.67,26.05,13.45,1.94,-0.32,-0.77,False,0.02,False,-0.08,34.0,0,42
FUSE_old1,1.5,2020-08-14,2021-09-24,59,300.0,366.9,292.2,1.26,-0.05,,,0.1,True,0.001,47.0,1,56
FUSE_old1,2.0,2020-08-14,2021-09-24,59,300.0,366.9,292.2,1.26,-0.05,,,0.1,True,0.001,47.0,1,56
FWDI,2.0,2026-01-30,2026-09-11,33,6.46,6.49,3.69,1.76,0.04,-0.9,False,0.99,True,0.06,58.5,1,14
FWLT,1.5,2013-09-06,2014-12-05,66,27.52,34.92,23.6,1.48,0.39,-0.11,True,0.35,False,-0.083,28.7,0,65
FWRG,1.5,2026-02-27,2026-09-11,29,11.19,13.28,10.18,1.3,0.17,-0.6,False,0.33,True,0.056,41.3,1,14
G,2.0,2020-04-10,2026-09-11,336,34.41,53.37,27.62,1.93,-0.02,-0.32,False,0.26,False,-0.031,49.2,6,335
GAME_old,1.5,2014-01-10,2015-11-20,98,6.98,6.98,4.67,1.49,0.2,-0.25,True,1.0,False,-0.01,62.3,1,97
GAP,2.0,2023-11-17,2026-09-11,148,20.91,28.66,16.47,1.74,0.28,-0.17,True,0.36,False,-0.127,46.9,3,147
GBAB,1.5,2021-10-08,2026-09-11,258,13.48,15.42,10.32,1.49,0.28,-0.36,True,0.62,True,0.007,41.0,6,204
GBCI,1.5,2024-11-29,2026-09-11,94,45.93,55.09,36.85,1.49,0.2,-0.34,True,0.5,True,0.053,43.8,2,74
GBX,1.5,2025-02-14,2026-09-11,83,42.66,58.04,39.08,1.49,0.12,-0.42,False,0.19,False,-0.035,36.9,1,74
GBX,2.0,2023-11-03,2026-09-11,150,42.66,67.5,33.89,1.99,0.09,-0.28,False,0.26,False,-0.035,36.9,3,148
GCA,2.0,2014-01-10,2015-08-21,85,4.86,9.45,4.84,1.95,-0.36,-0.5,False,0.0,False,-0.096,28.6,2,2
GCI,2.0,2025-01-10,2025-11-14,45,4.64,5.3,2.67,1.99,0.09,-0.53,True,0.75,True,0.158,56.6,1,31
GCMG,1.5,2024-07-12,2026-09-11,114,12.78,13.74,9.26,1.48,0.2,0.02,True,0.79,True,0.255,55.7,2,24
GDDY,1.5,2026-01-09,2026-09-11,36,96.37,113.54,76.24,1.49,-0.11,-0.64,False,0.54,True,0.08,52.0,1,13
GDEN,1.5,2025-11-07,2026-05-01,26,28.55,28.55,23.41,1.22,-0.0,-0.32,True,1.0,True,0.007,65.5,0,5
GDI,2.0,2017-05-12,2020-06-12,162,35.03,38.61,19.61,1.97,0.27,,True,0.81,False,-0.205,60.2,3,12
GDI1,2.0,2010-07-09,2013-08-02,161,75.99,91.5,46.24,1.98,0.13,-0.11,True,0.66,True,0.027,67.0,5,159
GDOT,1.5,2025-08-15,2026-09-11,57,13.27,14.5,10.53,1.38,0.02,-0.33,True,0.69,True,0.09,57.2,1,26
GDS,2.0,2025-05-02,2026-09-11,72,31.06,46.48,23.69,1.96,0.25,-0.47,True,0.32,False,-0.203,41.1,0,67
GEF,2.0,2021-03-05,2026-09-11,289,83.64,88.68,45.87,1.93,0.38,0.08,True,0.88,True,0.233,63.1,4,288
GEHC,1.5,2025-02-28,2026-09-11,81,64.24,87.19,60.34,1.45,-0.28,-0.35,False,0.15,True,0.008,43.7,1,75
GEHC,2.0,2022-12-16,2026-09-11,196,64.24,93.46,56.4,1.66,-0.07,,False,0.21,True,0.008,43.7,4,195
GEL,1.5,2025-02-28,2026-09-11,81,15.86,17.67,12.02,1.47,0.33,-0.07,True,0.68,False,-0.075,53.1,0,80
GEMI,2.0,2026-03-13,2026-09-11,27,4.39,7.76,3.9,1.99,-0.36,-0.88,,0.13,False,-0.114,26.9,0,6
GFI,2.0,2025-08-08,2026-09-11,58,44.67,55.9,28.24,1.98,0.15,0.17,True,0.59,False,-0.085,56.6,0,56
GFLU,1.5,2022-01-07,2023-03-17,63,70.3,76.43,53.78,1.42,-0.1,-0.39,True,0.73,True,0.145,59.9,0,22
GFLU,2.0,2020-09-11,2023-03-17,132,70.3,88.88,44.67,1.99,0.03,-0.09,True,0.58,True,0.145,59.9,1,124
GFS,2.0,2026-03-20,2026-09-11,26,45.96,85.71,42.88,2.0,-0.13,-0.23,False,0.07,False,-0.083,40.3,0,24
GG,1.5,2018-07-27,2019-04-19,39,11.19,12.43,8.81,1.41,0.04,-0.53,False,0.66,True,0.17,54.4,1,25
GGAL,1.5,2025-10-31,2026-09-11,46,44.72,56.9,39.31,1.45,-0.29,-0.42,True,0.31,True,0.065,47.4,0,19
GGAL,2.0,2025-10-10,2026-09-11,49,44.72,56.9,31.26,1.82,0.02,-0.54,True,0.53,True,0.065,47.4,0,47
GGPI,2.0,2021-05-21,2022-08-26,67,8.61,13.76,8.61,1.6,0.03,,,0.0,False,-0.115,40.4,1,0
GHDX,1.5,2019-03-08,2019-11-08,36,63.44,76.66,51.14,1.5,0.24,-0.39,True,0.48,True,0.202,43.6,0,21
GHDX,2.0,2018-06-08,2019-11-08,75,63.44,83.34,49.59,1.68,0.27,0.25,True,0.41,True,0.202,43.6,0,73
GHIV,2.0,2020-03-27,2021-03-26,53,8.19,12.97,7.48,1.73,-0.02,,,0.13,False,-0.047,39.1,0,4
GHLD,1.5,2025-09-05,2026-09-11,54,68.3,81.33,56.13,1.45,0.17,0.04,,0.48,False,-0.079,51.3,0,53
GIB,1.5,2026-01-16,2026-09-11,35,69.06,91.31,61.18,1.49,-0.39,-0.49,False,0.26,True,0.005,44.9,0,12
GIB,2.0,2020-05-22,2026-09-11,330,69.06,119.26,61.18,1.95,0.3,-0.29,False,0.14,True,0.005,44.9,3,12
GIC,2.0,2024-04-12,2026-09-11,127,38.66,39.81,20.35,1.96,0.27,-0.51,True,0.94,True,0.178,66.5,1,73
GIII,2.0,2023-06-09,2026-09-11,171,27.67,36.41,18.52,1.97,0.35,-0.46,True,0.51,True,0.102,36.6,4,159
GIL,1.5,2025-07-04,2026-09-11,63,48.93,71.63,48.93,1.46,0.03,-0.07,True,0.0,False,-0.078,39.7,1,0
GIMO,1.5,2016-12-30,2017-12-29,53,38.5,45.55,30.4,1.5,0.25,-0.5,True,0.53,False,-0.059,47.0,0,47
GIMO,2.0,2016-05-27,2017-12-29,84,38.5,60.35,30.4,1.99,-0.22,-0.11,True,0.27,False,-0.059,47.0,1,47
GIX,1.5,2021-06-11,2021-12-17,28,1499.0,1705.0,1200.0,1.42,-0.15,9.87,True,0.59,True,0.045,58.7,0,13
GIX,2.0,2021-06-11,2021-12-17,28,1499.0,1705.0,1200.0,1.42,-0.15,9.87,True,0.59,True,0.045,58.7,0,13
GIX-U,1.5,2021-06-11,2021-12-24,29,147.6,170.5,120.0,1.42,-0.13,-0.69,False,0.55,True,0.063,49.8,0,14
GIX-U,2.0,2020-02-07,2021-12-24,99,147.6,209.0,107.9,1.94,0.06,-0.75,False,0.39,True,0.063,49.8,0,65
GIX-WS,1.5,2021-06-11,2021-12-17,28,149.9,170.5,120.0,1.42,-0.15,-0.69,False,0.59,True,0.045,50.8,0,13
GIX-WS,2.0,2020-02-07,2021-12-17,98,149.9,209.0,107.9,1.94,0.06,-0.75,False,0.42,True,0.045,50.8,0,64
GLAD,1.5,2025-09-05,2026-09-11,54,19.38,23.4,15.76,1.49,-0.08,-0.39,True,0.47,True,0.069,54.1,2,24
GLBC,2.0,2011-04-15,2011-10-07,26,22.38,40.94,22.38,1.83,-0.21,0.31,True,0.0,False,-0.097,40.6,0,0
GLBE,2.0,2025-02-21,2026-09-11,82,36.5,45.07,27.89,1.62,0.04,-0.56,True,0.5,True,0.237,50.0,1,17
GLOG,1.5,2021-01-08,2021-10-22,42,4.86,5.16,3.56,1.45,0.2,-0.74,False,0.81,True,0.008,53.6,1,38
GLP,1.5,2024-08-16,2026-09-11,109,54.07,54.07,36.97,1.46,0.21,-0.12,True,1.0,True,0.057,68.5,2,108
GLPG,1.5,2025-04-25,2026-05-08,55,27.73,37.62,25.32,1.49,0.2,-0.43,False,0.2,False,-0.059,34.1,0,52
GLUE,2.0,2025-10-31,2026-09-11,46,14.32,24.56,12.31,2.0,0.12,0.11,True,0.16,True,0.018,41.7,0,44
GLW,2.0,2026-02-06,2026-09-11,32,163.12,220.63,121.52,1.82,0.32,0.18,True,0.42,True,0.002,52.2,0,31
GLXY,2.0,2025-10-31,2026-09-11,46,24.13,35.01,17.64,1.98,-0.14,-0.56,True,0.37,False,-0.051,48.8,1,23
GM-WS-B,2.0,2016-11-11,2018-12-21,111,16.22,27.89,14.17,1.97,0.15,-0.32,False,0.15,False,-0.132,41.7,1,9
GMAB,1.5,2025-08-15,2026-09-11,57,32.23,34.26,23.31,1.47,0.0,-0.39,True,0.81,True,0.134,62.1,0,56
GMAB,2.0,2023-09-22,2026-09-11,156,32.23,36.08,18.39,1.96,-0.04,-0.61,True,0.78,True,0.134,62.1,2,75
GME,1.5,2025-06-13,2026-09-11,66,20.39,26.53,17.87,1.48,-0.31,-0.46,False,0.29,False,-0.113,46.3,0,2
GME,2.0,2024-05-10,2026-09-11,123,20.39,33.03,17.46,1.89,-0.23,-0.57,False,0.19,False,-0.113,46.3,2,122
GMII,1.5,2021-03-19,2022-01-28,46,143.0,200.8,143.0,1.4,-0.25,,,0.0,False,-0.045,6.7,0,0
GMII,2.0,2021-03-19,2022-01-28,46,143.0,200.8,143.0,1.4,-0.25,,,0.0,False,-0.045,6.7,0,0
GMRE,1.5,2024-10-04,2026-04-24,82,35.77,37.86,25.76,1.47,-0.01,-0.38,True,0.83,True,0.053,57.9,2,48
GNA,2.0,2020-01-24,2020-10-09,38,226.4,270.5,136.1,1.99,0.04,-0.75,False,0.67,True,0.155,55.4,0,27
GNBC,1.5,2017-04-28,2019-01-04,89,17.14,24.37,16.5,1.48,0.08,-0.06,True,0.08,False,-0.202,36.6,1,2
GNE,1.5,2025-07-25,2026-09-11,60,15.69,19.68,13.22,1.49,-0.23,-0.53,True,0.38,True,0.052,63.7,1,17
GNE,2.0,2025-07-04,2026-09-11,63,15.69,24.41,13.22,1.85,-0.3,-0.53,True,0.22,True,0.052,63.7,1,17
GNL,2.0,2021-06-18,2026-09-11,274,9.08,10.15,5.26,1.93,-0.21,-0.5,True,0.78,False,-0.016,52.7,8,125
GNPK-U,1.5,2020-12-04,2021-09-03,35,10.5,11.25,9.8,1.15,-0.28,,,0.48,True,0.001,61.7,0,24
GNPK-U,2.0,2020-12-04,2021-09-03,35,10.5,11.25,9.8,1.15,-0.28,,,0.48,True,0.001,61.7,0,24
GNPK-WS,1.5,2021-01-15,2021-09-03,34,10.5,11.25,9.8,1.15,-0.32,,,0.48,True,0.001,66.6,0,24
GNPK-WS,2.0,2021-01-15,2021-09-03,34,10.5,11.25,9.8,1.15,-0.32,,,0.48,True,0.001,66.6,0,24
GNRC,2.0,2025-12-26,2026-09-11,38,181.67,279.15,140.56,1.99,0.38,-0.29,True,0.3,False,-0.079,38.6,0,37
GNRT,1.5,2017-12-22,2018-06-15,26,6.61,6.7,5.33,1.26,0.08,-0.45,False,0.93,True,0.009,62.1,1,18
GNRT,2.0,2016-06-10,2018-06-15,106,6.61,7.05,3.59,1.96,0.21,-0.75,False,0.87,True,0.009,62.1,4,80
GNTX,2.0,2019-03-29,2026-09-11,390,22.68,35.09,18.15,1.93,0.01,-0.17,False,0.27,True,0.042,44.4,8,389
GOLD,1.5,2026-02-27,2026-09-11,29,45.88,57.18,38.31,1.49,-0.21,-0.37,True,0.4,True,0.003,55.9,0,8
GOLD,2.0,2025-12-05,2026-09-11,41,45.88,60.4,30.63,1.97,0.08,-0.31,True,0.51,True,0.003,55.9,0,40
GOLD1,1.5,2018-02-09,2019-01-04,48,82.89,87.67,60.97,1.44,-0.16,-0.5,False,0.82,True,0.203,57.5,1,16
GOLD1,2.0,2016-07-15,2019-01-04,130,82.89,117.61,60.97,1.93,-0.35,-0.5,False,0.39,True,0.203,57.5,1,16
GOLF,1.5,2025-11-07,2026-09-11,45,85.27,117.73,78.54,1.5,0.39,-0.03,True,0.17,True,0.083,40.2,0,43
GOOD,1.5,2024-12-06,2026-09-11,93,12.78,14.39,9.86,1.46,-0.34,-0.34,True,0.65,True,0.059,56.6,2,37
GOOD,2.0,2022-01-07,2026-09-11,245,12.78,16.49,8.33,1.98,-0.1,-0.51,True,0.55,True,0.059,56.6,5,174
GOOS,2.0,2023-09-22,2026-09-11,156,7.63,14.66,7.6,1.93,-0.21,-0.85,False,0.0,False,-0.163,27.4,2,75
GPC,2.0,2021-02-05,2026-09-11,293,134.16,167.16,84.22,1.98,0.06,-0.09,True,0.6,True,0.264,61.0,5,291
GPCR,1.5,2026-03-13,2026-09-11,27,39.55,54.51,37.58,1.45,0.03,-0.58,True,0.12,True,0.104,39.8,0,14
GPI,2.0,2023-10-27,2026-09-11,151,281.84,480.63,245.09,1.96,0.27,-0.09,False,0.16,False,-0.119,42.6,0,150
GPK,1.5,2026-02-06,2026-09-11,32,9.39,12.98,8.82,1.47,0.02,-0.69,False,0.14,True,0.111,38.0,0,25
GPN,1.5,2025-04-04,2026-09-11,76,88.3,93.23,63.63,1.47,-0.06,-0.52,False,0.83,True,0.209,59.9,1,23
GPOR,1.5,2024-11-08,2026-09-11,97,176.3,222.49,152.1,1.46,0.05,-0.07,True,0.34,False,-0.119,50.4,1,9
GPRE,1.5,2026-02-06,2026-09-11,32,15.34,19.23,13.7,1.4,0.19,-0.45,False,0.3,False,-0.011,50.3,0,30
GPS,1.5,2024-03-08,2024-10-18,33,21.63,28.56,19.86,1.44,-0.26,-0.06,True,0.2,False,-0.064,49.6,0,6
GPS,2.0,2023-11-17,2024-10-18,49,21.63,28.56,17.37,1.64,0.27,-0.17,True,0.38,False,-0.064,49.6,1,48
GPT2,1.5,2013-11-22,2015-12-18,109,24.63,29.48,20.32,1.45,0.25,-0.02,True,0.47,False,-0.022,55.7,1,88
GPT_old,1.5,2016-03-04,2018-10-12,137,27.48,29.72,20.26,1.47,0.32,-0.73,False,0.76,True,0.044,66.7,1,136
GRFS,2.0,2022-07-08,2026-09-11,219,7.65,11.22,5.9,1.9,0.02,-0.68,False,0.33,False,-0.034,45.9,3,203
GRND,2.0,2025-07-18,2026-09-11,61,15.38,19.91,10.08,1.98,-0.12,-0.59,True,0.54,True,0.211,54.5,1,30
GRNT,1.5,2023-09-01,2026-09-11,159,5.1,6.08,4.05,1.5,-0.16,-0.46,False,0.52,False,-0.079,55.2,2,35
GROY,2.0,2025-07-25,2026-09-11,60,3.28,4.95,2.55,1.94,-0.28,0.05,True,0.3,False,-0.118,51.3,0,8
GROY-WS,2.0,2025-07-25,2026-09-11,60,3.28,4.95,2.55,1.94,-0.28,-0.57,True,0.3,False,-0.118,51.3,0,8
GRSV,1.5,2020-10-02,2021-08-06,45,10.63,11.14,9.78,1.14,0.13,,,0.62,False,-0.006,60.8,1,38
GRSV,2.0,2020-10-02,2021-08-06,45,10.63,11.14,9.78,1.14,0.13,,,0.62,False,-0.006,60.8,1,38
GRVY,1.5,2024-06-28,2026-09-11,116,70.77,80.75,53.87,1.5,-0.08,-0.39,True,0.63,True,0.09,58.2,2,78
GRVY,2.0,2023-01-13,2026-09-11,192,70.77,88.04,45.05,1.95,-0.03,-0.76,True,0.6,True,0.09,58.2,3,191
GSAH,1.5,2021-02-26,2021-12-24,44,9.94,12.02,9.87,1.22,-0.11,-0.34,False,0.03,True,0.058,42.7,1,18
GSAH,2.0,2018-08-03,2021-12-24,178,9.94,15.0,9.7,1.55,0.19,,False,0.05,True,0.058,42.7,2,165
GSAH-U,2.0,2018-08-03,2021-10-22,140,10.54,15.0,9.7,1.55,0.17,,True,0.16,False,-0.015,55.6,1,127
GSAH-WS,2.0,2018-08-03,2021-10-22,140,10.54,15.0,9.7,1.55,0.17,,True,0.16,False,-0.015,55.6,1,127
GSB,2.0,2019-05-10,2020-08-28,69,9.48,11.54,6.21,1.86,0.38,0.08,True,0.61,True,0.165,52.1,1,23
GSBD,1.5,2020-11-06,2026-09-11,306,9.58,11.29,7.74,1.46,-0.15,-0.21,True,0.52,True,0.06,55.5,6,305
GSBD,2.0,2020-04-10,2026-09-11,336,9.58,11.29,6.0,1.88,0.13,-0.39,True,0.68,True,0.06,55.5,6,335
GSIC,2.0,2009-07-24,2011-06-17,100,29.54,30.98,16.17,1.92,0.39,0.05,True,0.9,True,0.309,66.2,2,99
GSIT,2.0,2025-10-17,2026-09-11,48,5.31,9.93,5.08,1.95,-0.19,-0.11,True,0.05,False,-0.179,41.0,1,47
GSKY,2.0,2021-07-30,2022-04-08,37,10.2,12.24,6.57,1.86,0.26,-0.39,True,0.64,False,-0.126,50.1,0,36
GSM,1.5,2026-03-06,2026-09-11,28,4.46,4.69,3.18,1.48,-0.26,-0.46,False,0.85,False,-0.085,54.9,0,6
GSM,2.0,2023-12-29,2026-09-11,142,4.46,6.3,3.18,1.98,-0.31,-0.65,False,0.41,False,-0.085,54.9,1,6
GSRT,2.0,2024-12-20,2025-10-10,43,15.61,15.61,9.87,1.58,0.27,,,1.0,True,0.032,88.1,0,42
GSS,2.0,2020-11-13,2022-02-04,65,3.9,3.99,2.09,1.91,-0.19,-0.57,True,0.95,True,0.447,68.2,2,28
GT,1.5,2026-02-27,2026-09-11,29,5.54,8.25,5.54,1.49,-0.31,-0.6,False,0.0,True,0.009,37.5,0,0
GTE,2.0,2026-02-13,2026-09-11,31,11.01,11.01,5.57,1.98,0.32,-0.44,True,1.0,False,-0.03,71.8,0,30
GVA,1.5,2025-11-28,2026-09-11,42,115.25,160.26,107.2,1.49,0.26,-0.03,True,0.15,False,-0.01,41.2,0,41
GWAC,1.5,2020-12-11,2021-09-03,39,11.49,11.93,9.69,1.23,-0.09,,,0.8,False,-0.024,74.5,1,2
GWAC,2.0,2020-12-11,2021-09-03,39,11.49,11.93,9.69,1.23,-0.09,,,0.8,False,-0.024,74.5,1,2
GWAY,2.0,2012-02-03,2013-11-08,93,20.35,20.59,10.91,1.89,0.05,,,0.98,True,0.515,75.1,0,17
GWB,1.5,2021-02-05,2022-02-04,53,30.88,37.19,25.43,1.46,0.36,-0.28,True,0.46,True,0.044,44.1,1,52
GWRE,2.0,2025-12-05,2026-09-11,41,140.09,210.55,107.86,1.95,-0.26,-0.59,False,0.31,True,0.096,45.7,0,12
GXDX,2.0,2010-05-21,2011-03-11,43,25.0,27.14,13.92,1.95,0.26,-0.64,False,0.84,True,0.349,67.0,0,24
GXGX,1.5,2019-08-09,2021-07-23,103,121.5,121.5,94.3,1.29,0.25,,True,1.0,True,0.018,84.7,1,70
GXGX,2.0,2019-08-09,2021-07-23,103,121.5,121.5,94.3,1.29,0.25,,True,1.0,True,0.018,84.7,1,70
GXO,1.5,2025-06-20,2026-09-11,65,45.43,65.59,45.43,1.44,-0.09,-0.32,False,0.0,False,-0.05,40.3,0,0
GXO,2.0,2022-04-08,2026-09-11,232,45.43,66.37,33.84,1.96,0.01,-0.67,False,0.36,False,-0.05,40.3,3,73
H,2.0,2023-11-03,2026-09-11,150,161.39,201.92,103.4,1.95,0.4,-0.16,True,0.59,True,0.095,40.7,3,149
HA,1.5,2023-12-08,2024-09-20,42,18.0,18.0,12.01,1.5,0.31,-0.4,True,1.0,True,0.139,72.0,1,7
HA,2.0,2023-12-08,2024-09-20,42,18.0,18.0,12.01,1.5,0.31,-0.4,True,1.0,True,0.139,72.0,1,7
HAAC,1.5,2021-02-26,2022-11-11,90,10.05,11.75,9.7,1.21,-0.22,,,0.17,True,0.01,80.0,1,64
HAAC,2.0,2021-01-15,2022-11-11,96,10.05,14.6,9.7,1.51,-0.27,,,0.07,True,0.01,80.0,1,64
HABT,2.0,2018-09-21,2020-03-20,79,13.98,15.95,7.98,2.0,-0.18,-0.59,True,0.75,True,0.36,71.8,1,22
HAFN,1.5,2026-03-20,2026-09-11,26,9.36,9.36,6.36,1.47,0.26,-0.07,True,1.0,True,0.008,77.0,0,25
HAL,1.5,2026-01-02,2026-09-11,37,36.07,41.39,29.2,1.42,0.15,-0.25,True,0.56,False,-0.122,53.2,0,36
HAPN,2.0,2025-06-20,2026-09-11,65,16.7,21.05,11.01,1.91,0.39,-0.37,True,0.57,True,0.17,44.3,2,64
HAR,2.0,2015-05-01,2017-03-10,98,111.5,125.78,69.09,1.82,-0.22,-0.51,True,0.75,True,0.228,75.9,2,56
HAYW,1.5,2023-11-17,2026-09-11,148,12.88,16.97,11.66,1.46,0.38,-0.57,False,0.23,True,0.052,37.7,5,147
HBAN,1.5,2025-04-18,2026-09-11,74,16.73,18.91,13.05,1.45,0.36,-0.23,True,0.63,True,0.087,48.3,1,73
HBI,2.0,2025-01-31,2025-12-05,45,6.47,8.12,4.07,2.0,0.22,-0.53,False,0.59,True,0.29,55.2,2,18
HCA,1.5,2025-08-08,2026-09-11,58,421.21,538.41,371.18,1.45,-0.19,-0.09,True,0.3,False,-0.077,50.3,0,8
HCC,1.5,2025-11-07,2026-09-11,45,101.65,107.07,74.87,1.43,0.34,0.01,True,0.83,True,0.004,60.9,0,42
HCHC,1.5,2020-11-27,2021-11-19,52,4.28,4.62,3.17,1.46,0.35,-0.25,True,0.77,True,0.02,57.0,1,48
HCHC,2.0,2020-11-06,2021-11-19,55,4.28,4.62,2.31,2.0,0.39,-0.53,True,0.85,True,0.02,57.0,1,54
HCI,1.5,2025-04-11,2026-09-11,75,186.59,204.41,136.62,1.5,0.3,-0.08,True,0.74,True,0.176,61.3,1,59
HCP,2.0,2022-08-19,2025-02-28,133,34.78,38.58,19.59,1.97,0.28,-0.78,True,0.8,True,0.012,67.6,4,70
HCP_old,2.0,2010-12-17,2019-11-08,465,33.69,37.02,18.97,1.95,0.2,-0.1,True,0.82,True,0.108,50.9,11,431
HD,1.5,2023-11-17,2026-09-11,148,305.69,411.93,284.5,1.45,0.06,-0.23,False,0.17,True,0.051,39.5,0,147
HDB,2.0,2020-07-03,2026-09-11,324,21.84,36.64,18.77,1.95,0.19,-0.28,False,0.17,True,0.008,34.3,7,318
HDP,2.0,2017-07-28,2019-01-04,76,14.68,25.5,13.48,1.89,0.09,-0.51,False,0.1,False,-0.24,40.3,1,2
HDSN,1.5,2026-02-20,2026-09-11,30,5.35,7.38,4.92,1.5,-0.31,-0.67,False,0.17,True,0.02,39.8,0,17
HEAR,1.5,2024-03-15,2025-01-10,44,17.25,18.56,13.1,1.42,0.21,-0.4,True,0.76,True,0.125,54.9,1,23
HEI,1.5,2025-05-02,2026-09-11,72,312.49,374.67,262.07,1.43,0.31,-0.06,True,0.45,True,0.18,44.1,0,71
HEI-A,1.5,2025-02-28,2026-09-11,81,232.34,274.99,190.3,1.45,0.33,-0.12,True,0.5,True,0.142,43.9,0,75
HEK,1.5,2012-09-07,2013-05-17,37,37.4,48.6,33.4,1.46,-0.17,-0.52,False,0.26,False,-0.029,47.3,0,28
HEK,2.0,2012-01-27,2013-05-17,69,37.4,53.2,26.9,1.98,-0.2,-0.61,False,0.4,False,-0.029,47.3,1,37
HES,1.5,2022-10-07,2025-07-18,146,148.97,159.72,114.92,1.39,0.13,-0.06,True,0.76,False,-0.034,57.2,3,122
HFC,1.5,2021-01-15,2022-03-18,62,36.39,41.04,27.95,1.47,0.0,-0.48,False,0.64,True,0.029,55.0,0,61
HFC,2.0,2020-11-13,2022-03-18,71,36.39,41.04,21.6,1.9,0.29,-0.63,False,0.76,True,0.029,55.0,1,70
HGIC,1.5,2011-09-30,2012-05-04,32,59.94,59.94,56.41,1.06,-0.19,0.58,True,1.0,True,0.001,76.4,0,17
HGIC,2.0,2011-09-23,2012-05-04,33,59.94,59.94,31.32,1.91,0.14,-0.12,True,1.0,True,0.001,76.4,0,32
HGTY,1.5,2025-05-30,2026-09-11,68,13.49,13.82,9.46,1.46,0.31,-0.21,True,0.92,True,0.182,63.8,1,65
HGV,1.5,2025-05-02,2026-09-11,72,39.2,54.69,37.88,1.44,0.36,-0.2,False,0.08,True,0.031,35.3,1,24
HGV,2.0,2020-11-20,2026-09-11,304,39.2,54.69,27.58,1.98,0.08,-0.23,False,0.43,True,0.031,35.3,5,303
HHC,1.5,2022-10-28,2023-10-13,51,67.85,88.1,60.35,1.46,0.09,-0.45,False,0.27,False,-0.0,34.2,1,50
HHH,1.5,2024-07-12,2026-09-11,114,61.63,89.53,61.63,1.45,-0.24,-0.23,False,0.0,True,0.055,38.2,3,0
HHH,2.0,2021-05-14,2026-09-11,279,61.63,97.41,49.83,1.95,-0.2,-0.59,False,0.25,True,0.055,38.2,9,205
HI,2.0,2024-08-09,2026-02-13,80,31.98,34.17,18.24,1.87,0.0,-0.63,False,0.86,True,0.151,66.4,2,38
HIFR,2.0,2015-08-07,2019-05-17,198,21.11,26.24,13.4,1.96,0.37,-0.51,True,0.6,True,0.003,58.1,4,166
HII,2.0,2025-06-06,2026-09-11,67,281.67,440.55,221.69,1.99,0.35,-0.2,True,0.27,False,-0.154,39.8,0,66
HIIQ,2.0,2019-03-15,2020-04-17,58,21.18,34.17,17.09,2.0,-0.24,-0.72,False,0.24,True,0.161,47.3,1,4
HIPO,1.5,2025-09-26,2026-09-11,51,32.06,36.88,24.82,1.49,-0.38,-0.34,True,0.6,True,0.157,58.7,0,14
HIPO,2.0,2024-11-01,2026-09-11,98,32.06,37.34,20.53,1.82,0.17,-0.15,True,0.69,True,0.157,58.7,0,70
HITT,1.5,2012-08-31,2014-07-25,100,78.0,78.19,52.37,1.49,0.38,-0.19,True,0.99,True,0.154,74.1,2,99
HJLI,2.0,2020-12-18,2021-12-03,51,6.33,10.24,5.12,2.0,0.08,-0.92,False,0.24,True,0.316,38.6,0,29
HL,1.5,2026-03-06,2026-09-11,28,20.02,20.72,14.12,1.47,-0.14,-0.56,True,0.89,False,-0.03,57.3,0,6
HLF,2.0,2025-11-21,2026-09-11,43,12.28,19.96,11.43,1.75,-0.38,-0.25,True,0.1,False,-0.119,45.2,1,14
HLI,2.0,2023-12-01,2026-09-11,146,135.97,205.15,105.37,1.95,0.33,0.0,False,0.31,False,-0.081,43.9,1,145
HLIT,2.0,2023-06-23,2026-09-11,169,11.64,16.65,8.33,2.0,-0.17,-0.54,False,0.4,True,0.081,47.2,4,75
HLMN,1.5,2026-02-13,2026-09-11,31,6.98,10.06,6.98,1.44,-0.23,-0.39,False,0.0,True,0.02,39.3,0,0
HLMN,2.0,2021-08-20,2026-09-11,265,6.98,12.74,6.62,1.92,-0.26,-0.5,False,0.06,True,0.02,39.3,3,150
HLNE,1.5,2026-02-20,2026-09-11,30,95.79,106.04,77.77,1.36,-0.15,-0.6,False,0.64,True,0.013,48.3,0,11
HLX,2.0,2024-08-02,2026-09-04,110,10.33,11.36,5.72,1.99,-0.08,-0.55,True,0.82,False,-0.004,59.7,3,55
HMC,1.5,2024-12-27,2026-09-11,90,31.62,33.37,23.5,1.42,0.11,-0.31,True,0.82,True,0.191,61.3,1,25
HMI,2.0,2020-06-05,2021-02-26,39,67.8,78.23,39.99,1.96,0.27,-0.47,True,0.73,True,0.118,59.2,1,38
HMIN,2.0,2012-08-10,2016-04-01,191,35.71,43.69,22.07,1.98,0.1,-0.58,True,0.63,True,0.103,75.6,2,55
HMST,2.0,2023-12-15,2025-08-29,90,13.87,16.0,8.63,1.85,-0.1,-0.83,False,0.71,True,0.194,62.6,1,64
HMSY,2.0,2018-05-11,2021-04-02,152,36.97,39.38,21.12,1.86,0.21,-0.09,True,0.87,True,0.186,68.8,2,55
HMY,2.0,2025-03-21,2026-09-11,78,20.19,23.54,12.35,1.91,0.39,0.05,True,0.7,True,0.111,55.9,1,77
HNI,2.0,2023-08-11,2026-09-11,162,46.3,53.53,28.05,1.91,0.18,-0.26,True,0.72,True,0.33,58.9,1,159
HNRG,2.0,2025-04-11,2026-09-11,75,15.6,22.3,13.36,1.67,-0.02,-0.08,True,0.25,False,-0.042,46.0,0,74
HOG,2.0,2024-10-04,2026-09-11,102,26.96,34.41,17.44,1.97,-0.32,-0.63,False,0.56,True,0.15,58.3,1,25
HOL,2.0,2020-11-13,2021-07-02,34,193.5,293.25,147.3,1.99,0.02,,,0.32,False,-0.218,58.3,0,32
HOLX,1.5,2024-11-08,2026-04-10,75,76.01,79.5,54.16,1.47,0.31,-0.37,True,0.86,True,0.016,68.8,2,49
HOLX,2.0,2020-04-17,2026-04-10,313,76.01,86.01,43.79,1.96,0.12,-0.19,True,0.76,True,0.016,68.8,6,312
HONE,2.0,2020-10-02,2025-11-14,268,12.1,13.86,7.32,1.89,-0.07,-0.25,True,0.73,True,0.122,46.9,7,131
HOOD,2.0,2025-11-07,2026-09-11,45,113.33,131.95,66.02,2.0,-0.24,-0.56,True,0.72,True,0.321,57.0,1,24
HOV,2.0,2024-12-06,2026-09-11,93,113.29,169.94,89.93,1.89,0.0,-0.61,False,0.29,True,0.198,44.6,2,74
HPQ,2.0,2020-11-27,2026-09-11,303,32.73,34.86,17.87,1.95,-0.02,-0.01,True,0.87,True,0.275,74.1,6,22
HPT,1.5,2016-02-19,2019-09-27,189,25.28,26.81,18.34,1.46,0.35,-0.25,True,0.82,False,-0.017,55.0,3,188
HQY,1.5,2025-06-13,2026-09-11,66,94.55,105.41,73.88,1.43,-0.16,-0.34,True,0.66,True,0.147,51.8,2,30
HR,2.0,2016-01-22,2026-09-11,556,18.88,21.14,10.64,1.99,0.36,0.0,True,0.78,True,0.07,47.4,8,552
HRI,2.0,2025-02-21,2026-09-11,82,142.04,177.67,90.13,1.97,0.27,-0.6,True,0.59,True,0.268,49.1,1,23
HRMY,2.0,2023-11-03,2026-09-11,150,41.1,42.25,23.78,1.78,0.18,-0.61,True,0.94,True,0.233,65.7,2,148
HROW,1.5,2026-03-06,2026-09-11,28,36.58,46.65,31.21,1.49,0.35,-0.46,True,0.35,True,0.126,45.6,0,17
HROW,2.0,2025-05-30,2026-09-11,68,36.58,54.18,28.11,1.93,0.18,-0.51,True,0.32,True,0.126,45.6,1,67
HSAI,2.0,2025-04-25,2026-09-11,73,17.4,29.05,14.6,1.99,-0.22,-0.26,True,0.19,False,-0.186,45.6,0,7
HSBA,1.5,2016-08-05,2018-12-21,125,654.0,791.7,530.4,1.49,0.3,-0.2,True,0.47,False,-0.073,45.9,1,124
HSBA,2.0,2009-03-27,2018-12-21,509,654.0,791.7,402.5,1.97,0.1,,True,0.65,False,-0.073,45.9,9,508
HSIC,1.5,2020-10-16,2026-09-11,309,87.3,91.36,61.67,1.48,0.01,-0.15,True,0.86,True,0.154,59.0,5,305
HSIC,2.0,2020-03-27,2026-09-11,338,87.3,91.36,46.35,1.97,0.17,-0.36,True,0.91,True,0.154,59.0,5,336
HSKA,2.0,2022-04-29,2023-06-16,60,119.99,119.99,62.15,1.93,0.3,-0.77,False,1.0,True,0.445,71.2,2,29
HSNI,1.5,2016-08-05,2017-12-29,74,40.35,43.25,31.28,1.38,0.13,-0.54,False,0.76,True,0.051,55.6,2,27
HSTM,1.5,2025-05-09,2026-09-11,71,28.88,29.38,19.83,1.48,-0.16,-0.41,True,0.95,True,0.255,63.8,0,22
HSTM,2.0,2013-11-01,2026-09-11,672,28.88,33.8,17.17,1.97,0.08,-0.54,True,0.7,True,0.255,63.8,11,556
HSY,1.5,2025-06-06,2026-09-11,67,174.34,232.65,155.82,1.49,0.2,-0.34,False,0.24,False,-0.079,43.7,0,66
HSY,2.0,2020-11-06,2026-09-11,306,174.34,249.48,126.31,1.98,0.18,-0.08,False,0.39,False,-0.079,43.7,6,293
HTGC,1.5,2023-12-22,2026-09-11,143,17.39,17.7,12.18,1.45,0.31,-0.02,True,0.94,True,0.111,65.7,1,142
HTH,2.0,2020-10-30,2026-09-11,307,38.9,39.72,20.25,1.96,0.39,-0.1,True,0.96,True,0.058,56.3,9,306
HTHT,1.5,2025-09-12,2026-09-11,53,43.01,53.18,35.5,1.5,0.25,-0.06,True,0.42,False,-0.098,47.6,0,52
HTO,2.0,2016-10-28,2026-09-11,516,63.03,73.06,38.03,1.92,0.28,0.06,True,0.71,True,0.09,59.3,8,496
HTS,1.5,2013-07-19,2016-07-15,157,16.29,16.38,10.98,1.49,0.06,-0.43,True,0.98,True,0.227,69.8,0,26
HTS,2.0,2009-05-22,2016-07-15,374,16.29,19.09,9.87,1.94,0.16,,True,0.7,True,0.227,69.8,4,373
HUBG,1.5,2025-10-17,2026-09-11,48,35.67,51.22,34.2,1.5,0.27,-0.32,False,0.09,True,0.079,38.8,0,26
HUBG,2.0,2021-02-05,2026-09-11,293,35.67,51.22,27.2,1.88,0.3,-0.06,False,0.35,True,0.079,38.8,7,291
HUBS,1.5,2026-03-20,2026-09-11,26,223.55,260.68,176.03,1.48,0.07,-0.78,False,0.56,True,0.001,46.5,0,12
HUMANSOFT,1.5,2020-02-14,2020-09-04,30,2641.0,3277.0,2250.0,1.46,-0.29,-0.45,False,0.38,True,0.023,46.3,0,22
HUN,2.0,2025-03-21,2026-09-11,78,9.53,15.65,7.95,1.97,0.13,-0.69,False,0.2,False,-0.223,40.8,0,48
HURN,2.0,2026-01-23,2026-09-11,34,149.43,171.34,90.56,1.89,-0.1,-0.51,True,0.73,True,0.099,57.7,0,12
HVT,2.0,2021-06-18,2026-09-11,274,27.31,31.28,16.27,1.92,-0.16,-0.55,True,0.74,True,0.212,59.5,6,73
HW,1.5,2016-11-04,2017-05-05,27,24.24,24.24,17.08,1.42,0.37,-0.19,True,1.0,True,0.022,73.3,0,26
HWKN,1.5,2025-10-10,2026-09-11,49,122.63,170.23,118.99,1.43,-0.17,-0.35,True,0.07,False,-0.128,39.3,0,3
HY,1.5,2025-08-01,2026-09-11,59,34.04,39.41,26.97,1.46,0.07,-0.63,False,0.57,False,-0.019,49.1,1,42
HYC,1.5,2010-12-03,2011-08-05,36,8.56,11.97,8.11,1.48,0.12,0.1,True,0.12,False,-0.145,43.1,0,1
HYC,2.0,2010-11-05,2011-08-05,40,8.56,11.97,6.39,1.87,0.36,-0.01,True,0.39,False,-0.145,43.1,0,38
HZAC,1.5,2020-10-16,2021-10-22,54,13.09,13.09,9.74,1.34,0.07,,,1.0,True,0.035,90.9,1,50
HZAC,2.0,2020-10-16,2021-10-22,54,13.09,13.09,9.74,1.34,0.07,,,1.0,True,0.035,90.9,1,50
HZAC-U,1.5,2020-10-16,2021-10-22,54,12.29,12.29,9.74,1.26,0.05,,,1.0,True,0.029,88.3,1,50
HZAC-U,2.0,2020-10-16,2021-10-22,54,12.29,12.29,9.74,1.26,0.05,,,1.0,True,0.029,88.3,1,50
HZAC-WS,1.5,2020-10-16,2021-10-22,54,12.29,12.29,9.74,1.26,0.05,,,1.0,True,0.029,88.3,1,50
HZAC-WS,2.0,2020-10-16,2021-10-22,54,12.29,12.29,9.74,1.26,0.05,,,1.0,True,0.029,88.3,1,50
HZNP,1.5,2022-11-25,2023-10-13,47,116.3,116.3,78.28,1.49,0.08,-0.35,True,1.0,True,0.049,70.0,1,46
HZON,1.5,2020-12-11,2023-04-28,125,11.32,11.48,9.71,1.18,-0.09,,True,0.91,True,0.041,86.2,2,88
HZON,2.0,2020-12-11,2023-04-28,125,11.32,11.48,9.71,1.18,-0.09,,True,0.91,True,0.041,86.2,2,88
IA,2.0,2025-12-19,2026-09-11,39,18.8,28.66,16.28,1.76,-0.2,-0.08,True,0.2,False,-0.064,48.4,1,17
IAC,1.5,2023-08-11,2026-06-05,148,42.24,48.12,32.15,1.5,-0.33,-0.74,True,0.63,True,0.09,55.2,2,34
IAC,2.0,2022-07-15,2026-06-05,204,42.24,63.45,32.15,1.97,-0.36,-0.78,True,0.32,True,0.09,55.2,2,34
IACA-U,1.5,2020-10-30,2021-07-02,36,10.54,13.26,9.89,1.34,-0.37,,,0.19,False,-0.139,50.6,0,7
IACA-U,2.0,2020-10-30,2021-07-02,36,10.54,13.26,9.89,1.34,-0.37,,,0.19,False,-0.139,50.6,0,7
IACA-WS,1.5,2020-10-30,2021-07-02,36,10.54,13.26,9.89,1.34,-0.37,,,0.19,False,-0.139,50.6,0,7
IACA-WS,2.0,2020-10-30,2021-07-02,36,10.54,13.26,9.89,1.34,-0.37,,,0.19,False,-0.139,50.6,0,7
IAG,1.5,2026-03-13,2026-09-11,27,20.09,21.14,14.14,1.5,0.05,-0.42,True,0.85,False,-0.007,57.9,0,8
IAG,2.0,2025-11-07,2026-09-11,45,20.09,24.57,12.68,1.94,0.13,-0.05,True,0.62,False,-0.007,57.9,0,44
IAM,1.5,2018-11-23,2021-06-04,128,1126.4,1261.2,974.4,1.29,-0.14,10.02,True,0.53,False,-0.034,52.2,3,63
IAM,2.0,2018-11-23,2021-06-04,128,1126.4,1261.2,974.4,1.29,-0.14,10.02,True,0.53,False,-0.034,52.2,3,63
IAS,2.0,2024-03-01,2025-12-26,96,10.34,12.49,6.52,1.92,-0.2,-0.68,False,0.64,True,0.177,63.5,2,36
IBCP,1.5,2024-07-12,2026-09-11,114,37.15,38.31,26.33,1.45,0.39,0.05,True,0.9,True,0.099,58.8,3,113
IBEX,1.5,2025-10-03,2026-09-11,50,37.26,39.17,26.4,1.48,-0.25,-0.37,True,0.85,True,0.184,58.8,1,24
IBI,2.0,2009-07-17,2012-09-07,165,25.49,25.49,12.87,1.98,0.3,-0.15,True,1.0,True,0.203,70.7,2,49
IBM,1.5,2024-11-22,2026-09-11,95,234.02,303.07,209.94,1.44,0.25,-0.05,True,0.26,False,-0.016,45.9,0,87
IBN,1.5,2023-12-08,2026-09-11,145,28.85,33.84,23.27,1.45,0.39,-0.02,True,0.53,True,0.114,49.9,1,142
IBP,2.0,2025-06-27,2026-09-11,64,201.72,340.78,176.31,1.93,0.01,-0.32,True,0.15,False,-0.067,37.4,1,63
IBRX,1.5,2026-02-20,2026-09-11,30,7.72,9.78,6.92,1.41,-0.22,-0.24,True,0.28,True,0.047,53.3,1,14
IBRX,2.0,2026-01-16,2026-09-11,35,7.72,9.78,5.52,1.77,0.2,-0.4,True,0.52,True,0.047,53.3,1,34
IBTA,2.0,2025-06-20,2026-09-11,65,40.16,40.16,20.54,1.96,0.17,-0.81,False,1.0,True,0.049,61.3,1,31
ICE,1.5,2024-01-26,2026-09-11,138,155.81,184.05,123.44,1.49,0.34,-0.05,True,0.53,False,-0.043,53.2,2,137
ICFI,2.0,2025-01-31,2026-09-11,85,85.75,115.3,60.9,1.89,-0.32,-0.64,False,0.46,True,0.203,56.0,1,17
ICGE,1.5,2013-10-04,2014-09-05,49,17.86,21.95,16.05,1.37,0.33,0.09,True,0.31,False,-0.07,45.6,0,48
ICL,1.5,2025-01-03,2026-09-11,89,5.72,7.0,4.67,1.5,-0.3,-0.3,True,0.45,False,-0.051,54.4,1,28
ICL,2.0,2022-11-04,2026-09-11,202,5.72,7.0,3.56,1.97,0.07,-0.63,True,0.63,False,-0.051,54.4,2,103
ICUI,2.0,2024-02-09,2026-09-11,136,157.26,184.56,94.84,1.95,0.26,-0.61,True,0.7,True,0.28,52.2,2,124
IDCC,1.5,2025-08-08,2026-09-11,58,346.44,375.98,251.45,1.5,-0.16,0.0,True,0.76,True,0.021,59.5,1,15
IDR,2.0,2025-08-08,2026-09-11,58,30.59,49.09,24.63,1.99,0.01,0.17,True,0.24,False,-0.154,45.1,1,57
IDT,1.5,2025-01-17,2026-09-11,87,69.42,69.45,46.45,1.5,0.28,-0.1,True,1.0,True,0.24,78.5,0,78
IDXX,1.5,2025-05-30,2026-09-11,68,506.53,752.88,506.53,1.49,-0.2,-0.12,False,0.0,False,-0.018,35.4,1,0
IDYA,1.5,2025-10-17,2026-09-11,48,37.45,40.11,28.19,1.42,0.33,-0.4,True,0.78,True,0.225,57.6,1,19
IEP,1.5,2024-11-01,2026-09-11,98,6.88,7.95,5.71,1.39,0.13,-0.76,False,0.52,True,0.001,50.8,2,74
IEX,2.0,2020-03-27,2026-09-11,338,221.46,238.94,120.97,1.98,0.19,-0.25,True,0.85,True,0.116,54.3,6,337
IFF,2.0,2022-06-10,2026-09-11,223,84.05,113.57,58.53,1.94,-0.37,-0.57,True,0.46,True,0.114,56.8,6,48
IFFT,1.5,2018-09-14,2021-09-17,158,47.56,50.19,33.79,1.49,0.15,,True,0.84,True,0.02,45.4,2,78
IFFT,2.0,2018-09-14,2021-09-17,158,47.56,50.19,33.79,1.49,0.15,,True,0.84,True,0.02,45.4,2,78
IGT1,1.5,2013-11-08,2015-04-10,75,17.68,17.87,12.22,1.46,0.35,-0.42,True,0.97,True,0.039,60.0,2,48
IGT1,2.0,2009-09-18,2015-04-10,291,17.68,21.83,11.2,1.95,-0.17,-0.51,True,0.61,True,0.039,60.0,9,140
IHS_old,1.5,2012-12-21,2016-07-15,187,117.25,142.47,95.43,1.49,0.26,-0.2,True,0.46,True,0.085,50.9,2,185
IIIN,1.5,2026-02-27,2026-09-11,29,30.45,37.21,25.21,1.48,-0.08,-0.36,False,0.44,True,0.069,48.8,0,20
IIIN,2.0,2021-01-08,2026-09-11,297,30.45,43.93,23.9,1.84,-0.16,0.0,False,0.33,True,0.069,48.8,3,87
IILG,2.0,2015-07-03,2016-10-14,68,16.72,21.56,10.84,1.99,-0.33,-0.64,False,0.55,True,0.163,54.3,1,35
IIPR,2.0,2024-12-20,2026-09-11,91,55.6,64.47,39.74,1.62,0.2,-0.62,False,0.64,True,0.124,49.2,1,57
IMCR,1.5,2024-08-02,2026-09-11,111,33.58,39.5,26.59,1.49,0.03,-0.64,False,0.54,True,0.147,52.1,0,74
IMCR,2.0,2024-05-24,2026-09-11,121,33.58,48.98,26.59,1.84,-0.14,-0.64,False,0.31,True,0.147,52.1,1,74
IMKTA,2.0,2021-02-26,2026-09-11,290,82.02,97.53,49.51,1.97,0.04,0.02,True,0.68,False,-0.027,43.5,8,289
IMMR,1.5,2025-02-21,2026-09-11,82,7.36,8.04,5.42,1.48,-0.24,-0.56,True,0.74,True,0.179,58.9,1,24
IMOS1,1.5,2015-07-03,2016-11-04,71,19.1,21.71,14.49,1.5,0.14,-0.44,False,0.64,True,0.102,52.0,1,38
IMOS1,2.0,2013-04-12,2016-11-04,187,19.1,25.8,14.49,1.78,-0.05,-0.18,False,0.41,True,0.102,52.0,4,186
IMPV,2.0,2015-12-11,2019-01-11,162,55.74,67.03,33.73,1.99,0.13,-0.56,True,0.66,True,0.164,62.1,3,139
IMPX,1.5,2020-11-27,2022-09-30,97,9.39,11.0,7.78,1.41,-0.13,,,0.5,False,-0.015,45.0,1,1
IMPX,2.0,2020-11-27,2022-09-30,97,9.39,11.0,7.78,1.41,-0.13,,,0.5,False,-0.015,45.0,1,1
IMRX,1.5,2026-01-09,2026-09-11,36,4.57,6.04,4.13,1.46,-0.17,-0.55,False,0.23,False,-0.09,45.9,0,6
IMS,1.5,2014-04-04,2016-09-30,131,31.34,33.15,23.0,1.44,0.27,,True,0.82,True,0.149,70.1,1,130
IMS,2.0,2014-04-04,2016-09-30,131,31.34,33.15,23.0,1.44,0.27,,True,0.82,True,0.149,70.1,1,130
IMTX,1.5,2025-10-03,2026-09-11,50,8.75,11.62,8.66,1.34,-0.16,-0.34,False,0.03,False,-0.112,42.9,0,6
IMTX,2.0,2025-09-05,2026-09-11,54,8.75,11.62,5.82,2.0,0.16,-0.56,False,0.51,False,-0.112,42.9,1,52
IMXI,1.5,2025-08-15,2026-09-11,57,14.07,15.94,11.86,1.34,-0.17,-0.48,False,0.54,False,-0.111,46.9,0,6
INBK,2.0,2025-01-03,2026-09-11,89,29.08,34.94,17.6,1.99,-0.17,-0.57,True,0.66,True,0.214,62.0,0,45
INDI,2.0,2026-03-20,2026-09-11,26,3.31,4.99,2.56,1.95,0.21,-0.66,False,0.31,True,0.021,44.6,0,25
INDT,1.5,2022-03-11,2023-07-07,70,66.99,72.81,48.81,1.49,0.03,-0.39,True,0.76,True,0.029,67.9,0,38
INDT,2.0,2020-06-05,2023-07-07,162,66.99,79.76,42.81,1.86,0.26,-0.0,True,0.65,True,0.029,67.9,1,161
INFA,2.0,2024-04-26,2025-11-21,83,24.79,31.9,16.67,1.91,-0.35,-0.57,True,0.53,True,0.018,61.0,0,33
INFQ,2.0,2026-01-16,2026-09-11,35,12.96,17.42,8.81,1.98,-0.15,,,0.48,False,-0.082,44.9,0,25
INFQ-WS,2.0,2026-01-16,2026-09-11,35,12.96,17.42,8.81,1.98,-0.15,,,0.48,False,-0.082,50.7,0,25
INFU,2.0,2025-08-08,2026-09-11,58,12.12,12.49,7.54,1.66,0.25,-0.32,True,0.93,True,0.138,64.4,1,30
INGN,2.0,2025-02-21,2026-09-11,82,5.18,9.91,5.18,1.91,-0.33,-0.67,False,0.0,False,-0.066,31.9,1,0
INGR,1.5,2023-11-24,2026-09-11,147,101.13,144.46,96.44,1.5,-0.09,-0.06,False,0.1,False,-0.052,43.2,1,146
INGR,2.0,2022-10-07,2026-09-11,206,101.13,144.46,72.65,1.99,0.4,-0.18,False,0.4,False,-0.052,43.2,2,205
INN,2.0,2023-02-10,2026-09-11,188,5.67,6.98,3.57,1.95,-0.12,-0.6,True,0.62,True,0.277,48.3,2,73
INR,2.0,2025-01-31,2026-09-11,85,15.38,21.3,11.48,1.86,-0.34,,,0.4,False,-0.125,56.6,0,45
INS,2.0,2019-03-15,2021-12-31,147,38.8,52.89,26.91,1.97,0.01,0.17,True,0.46,True,0.141,47.8,1,133
INSP,2.0,2026-01-23,2026-09-11,34,68.12,79.4,40.05,1.98,-0.25,-0.84,False,0.71,True,0.114,59.7,0,17
INST,1.5,2022-06-10,2024-11-15,128,23.6,28.15,19.07,1.48,-0.08,-0.28,True,0.5,True,0.005,53.3,1,30
INST,2.0,2021-07-23,2024-11-15,174,23.6,28.15,16.55,1.7,0.18,,True,0.61,True,0.005,53.3,2,130
INT,1.5,2021-10-29,2023-08-18,95,21.95,29.67,20.3,1.46,-0.25,-0.5,False,0.18,False,-0.084,41.8,1,60
INT,2.0,2020-01-17,2023-08-18,188,21.95,38.77,19.87,1.95,-0.18,-0.51,False,0.11,False,-0.084,41.8,2,170
INTL_old,2.0,2016-07-15,2020-07-03,208,55.63,56.5,29.14,1.94,0.26,-0.21,True,0.97,True,0.04,63.4,3,205
INTR,2.0,2025-01-24,2026-09-11,86,5.78,9.34,4.83,1.93,0.05,-0.35,True,0.21,False,-0.224,43.6,0,85
INTT,2.0,2026-02-06,2026-09-11,32,11.22,18.8,9.92,1.9,0.02,-0.25,False,0.15,False,-0.165,41.0,0,29
INVH,1.5,2022-04-29,2026-09-11,229,27.56,34.41,23.85,1.44,-0.2,-0.38,False,0.35,True,0.085,43.5,3,25
INVH,2.0,2020-05-08,2026-09-11,332,27.56,38.75,20.0,1.94,0.08,-0.26,False,0.4,True,0.085,43.5,6,330
INZ,1.5,2016-01-08,2017-02-10,58,26.09,26.66,25.27,1.06,-0.2,,,0.59,False,-0.01,53.3,0,52
INZ,2.0,2016-01-08,2017-02-10,58,26.09,26.66,25.27,1.06,-0.2,,,0.59,False,-0.01,53.3,0,52
IONS,2.0,2025-09-05,2026-09-11,54,55.65,86.5,51.77,1.67,-0.32,-0.03,True,0.11,False,-0.166,38.1,0,6
IOSP,1.5,2025-03-07,2026-09-11,80,93.08,97.33,65.12,1.49,-0.06,-0.48,False,0.87,True,0.149,64.8,1,25
IOSP,2.0,2020-11-13,2026-09-11,305,93.08,125.68,65.12,1.93,-0.0,-0.33,False,0.46,True,0.149,64.8,5,25
IOT,2.0,2025-02-28,2026-09-11,81,38.44,47.68,25.42,1.88,-0.34,-0.57,True,0.58,True,0.194,54.7,3,31
IP,1.5,2026-02-27,2026-09-11,29,34.29,42.43,29.48,1.44,0.36,-0.47,False,0.37,True,0.171,42.0,0,17
IP,2.0,2023-07-28,2026-09-11,164,34.29,55.69,28.98,1.92,0.26,-0.35,False,0.2,True,0.171,42.0,2,148
IPAR,2.0,2022-10-28,2026-09-11,203,110.49,144.66,73.92,1.96,-0.23,-0.23,False,0.52,True,0.265,52.7,1,202
IPCR,2.0,2009-01-02,2009-09-04,36,30.74,32.17,21.21,1.52,0.35,,,0.87,True,0.123,56.6,0,26
IPG,2.0,2020-11-27,2025-11-28,262,24.57,36.21,18.71,1.94,-0.01,-0.03,False,0.34,True,0.058,44.9,2,261
IPHS,1.5,2019-01-04,2020-02-07,58,31.99,35.35,23.96,1.48,0.39,-0.5,False,0.71,True,0.026,54.7,2,57
IPHS,2.0,2018-08-03,2020-02-07,80,31.99,42.87,21.78,1.97,-0.18,-0.56,False,0.48,True,0.026,54.7,2,59
IPI,1.5,2026-01-16,2026-09-11,35,40.28,46.52,32.84,1.42,0.01,-0.14,True,0.54,False,-0.077,58.5,0,32
IPOA,1.5,2017-09-29,2019-10-25,109,235.8,235.8,197.4,1.19,0.27,,True,1.0,True,0.019,74.9,1,98
IPOA,2.0,2017-09-29,2019-10-25,109,235.8,235.8,197.4,1.19,0.27,,True,1.0,True,0.019,74.9,1,98
IPOC,2.0,2020-06-12,2021-01-08,31,15.9,16.77,9.97,1.68,0.37,,,0.87,True,0.052,75.3,0,8
IPOC-U,2.0,2020-06-12,2021-01-08,31,16.02,16.77,9.97,1.68,0.38,,,0.89,True,0.053,76.2,0,8
IPOC-WS,2.0,2020-06-12,2021-01-08,31,16.02,16.77,9.97,1.68,0.38,,,0.89,True,0.053,76.2,0,8
IPOD_old,1.5,2021-02-26,2022-10-14,86,10.03,13.99,9.83,1.42,-0.33,,,0.05,False,-0.002,53.0,2,37
IPOF,1.5,2021-02-26,2022-10-14,86,10.03,13.73,9.8,1.4,-0.24,,,0.06,False,-0.007,50.5,1,59
IPOF-U,1.5,2021-02-26,2022-01-14,45,10.6,13.73,9.8,1.4,-0.3,,,0.2,True,0.029,58.6,1,18
IPXL,1.5,2017-09-29,2018-05-11,33,14.71,21.8,14.71,1.48,-0.07,-0.67,False,0.0,True,0.049,35.7,0,0
IQV,2.0,2022-01-07,2026-09-11,245,257.3,267.77,137.0,1.95,-0.23,-0.51,True,0.92,True,0.321,68.2,4,68
IR,1.5,2023-11-17,2026-09-11,148,73.09,103.99,69.6,1.49,-0.28,-0.0,False,0.1,True,0.041,39.8,2,75
IRC,1.5,2013-01-04,2016-04-01,170,10.61,10.79,7.2,1.5,0.39,-0.0,True,0.95,True,0.133,66.9,4,168
IRD,2.0,2026-02-13,2026-09-11,31,6.07,6.07,3.08,1.97,-0.17,0.02,True,1.0,False,-0.151,69.1,0,7
IREN,2.0,2025-09-12,2026-09-11,53,43.64,63.54,33.62,1.89,-0.18,0.27,True,0.33,False,-0.152,49.8,0,8
IRE_old,1.5,2014-04-11,2015-02-13,45,14.54,17.3,12.06,1.43,-0.31,-0.44,True,0.47,False,-0.054,48.2,1,2
IRE_old,2.0,2013-08-09,2015-02-13,80,14.54,21.6,10.88,1.99,0.13,-0.13,True,0.34,False,-0.054,48.2,2,78
IRON,1.5,2025-12-19,2026-09-11,39,74.14,80.33,55.95,1.44,0.23,-0.4,True,0.75,True,0.152,50.7,1,30
IRON,2.0,2025-05-16,2026-09-11,70,74.14,93.36,46.68,2.0,0.39,-0.38,True,0.59,True,0.152,50.7,3,67
IRS,1.5,2025-10-31,2026-09-11,46,15.57,17.4,13.37,1.3,-0.07,-0.14,True,0.55,True,0.023,53.7,0,17
IRT,1.5,2024-03-01,2026-09-11,133,15.23,20.54,14.03,1.46,-0.16,-0.41,False,0.18,True,0.048,39.9,1,132
IRT,2.0,2022-05-06,2026-09-11,228,15.23,20.57,10.99,1.87,0.13,-0.54,False,0.44,True,0.048,39.9,2,150
IRTC,1.5,2026-01-30,2026-09-11,33,112.88,154.51,104.65,1.48,-0.4,-0.44,False,0.17,True,0.014,43.1,1,12
IRTC,2.0,2025-01-10,2026-09-11,88,112.88,188.01,97.7,1.92,-0.01,-0.3,False,0.17,True,0.014,43.1,1,87
IRWD,1.5,2026-02-06,2026-09-11,32,3.97,4.56,3.04,1.5,0.3,-0.8,False,0.61,True,0.108,50.8,1,25
IRWD,2.0,2025-11-14,2026-09-11,44,3.97,5.23,3.04,1.72,0.21,-0.8,False,0.42,True,0.108,50.8,1,25
ISA,1.5,2020-01-10,2020-07-10,27,18880.0,19660.0,13400.0,1.47,0.01,-0.34,True,0.88,True,0.051,53.6,0,16
ISBA,2.0,2025-07-11,2026-09-11,62,38.91,55.83,29.88,1.87,0.33,-0.19,True,0.35,False,-0.08,44.5,0,61
ISIS,1.5,2015-06-19,2015-12-25,28,57.56,62.65,43.24,1.45,0.07,-0.41,True,0.74,True,0.027,53.0,0,11
ISIS,2.0,2014-10-17,2015-12-25,63,57.56,73.59,39.87,1.85,-0.18,-0.32,True,0.52,True,0.027,53.0,0,62
ISOU,1.5,2025-11-28,2026-09-11,42,11.07,12.05,8.42,1.43,0.24,-0.47,True,0.73,False,-0.038,52.9,0,38
ISRG,2.0,2023-11-17,2026-09-11,148,360.46,595.55,305.28,1.95,0.22,-0.16,False,0.19,False,-0.151,36.7,1,147
ISSC,2.0,2025-12-19,2026-08-21,36,24.78,28.66,16.28,1.76,-0.15,-0.08,True,0.69,False,-0.155,64.0,0,14
ISYS,1.5,2010-11-26,2011-07-29,36,11.01,13.01,8.94,1.46,0.37,-0.32,True,0.51,False,-0.043,43.3,0,35
ITGR,2.0,2025-02-28,2026-09-11,81,126.05,126.5,64.57,1.96,-0.34,-0.55,True,0.99,True,0.266,82.0,1,45
ITOS,2.0,2024-09-27,2025-08-29,49,10.15,10.5,5.39,1.95,0.25,-0.75,False,0.93,True,0.413,60.0,2,21
ITRI,1.5,2025-10-31,2026-09-11,46,93.55,105.29,79.24,1.33,-0.37,-0.42,True,0.55,True,0.07,50.8,0,17
ITRI,2.0,2023-12-01,2026-09-11,146,93.55,136.39,69.04,1.98,0.09,-0.1,True,0.36,True,0.07,50.8,0,145
ITRN,1.5,2026-02-06,2026-09-11,32,51.75,65.8,44.25,1.49,0.37,0.03,True,0.35,False,-0.033,46.1,0,31
IVAN,1.5,2021-03-05,2022-02-04,49,7.08,10.58,7.08,1.49,-0.14,,,0.0,False,-0.021,13.8,1,0
IVAN,2.0,2021-03-05,2022-02-04,49,7.08,10.58,7.08,1.49,-0.14,,,0.0,False,-0.021,13.8,1,0
IVAN-U,1.5,2021-01-15,2021-12-31,46,10.51,12.0,9.85,1.22,-0.18,,,0.31,True,0.024,59.4,0,18
IVAN-U,2.0,2021-01-15,2021-12-31,46,10.51,12.0,9.85,1.22,-0.18,,,0.31,True,0.024,59.4,0,18
JAG,1.5,2019-05-24,2020-01-10,34,8.23,9.11,6.48,1.41,-0.16,-0.59,False,0.67,True,0.081,53.6,0,20
JAH,1.5,2014-11-28,2016-04-15,73,58.97,60.15,44.15,1.36,0.36,0.46,True,0.93,True,0.092,62.3,1,72
JAH,2.0,2014-11-21,2016-04-15,74,58.97,60.15,30.22,1.99,0.24,0.02,True,0.96,True,0.092,62.3,1,73
JAKK,2.0,2025-02-21,2026-09-11,82,23.79,27.64,14.96,1.85,0.33,-0.54,True,0.7,True,0.135,54.7,2,42
JAMF,2.0,2025-02-28,2026-01-30,49,13.05,13.68,7.4,1.85,0.23,-0.66,False,0.9,True,0.288,65.0,0,26
JASO,1.5,2017-03-24,2018-07-20,70,7.49,7.93,5.72,1.39,0.3,-0.45,False,0.8,False,-0.011,59.9,1,69
JASO,2.0,2016-01-08,2018-07-20,133,7.49,9.17,4.68,1.96,-0.14,-0.59,False,0.63,False,-0.011,59.9,3,77
JAVA_old,1.5,2009-03-20,2010-01-29,46,9.49,9.49,6.68,1.42,0.25,,,1.0,False,-0.006,65.3,1,42
JAVA_old,2.0,2009-03-13,2010-01-29,47,9.49,9.49,4.78,1.99,0.25,,,1.0,False,-0.006,65.3,1,46
JBI,1.5,2026-03-06,2026-09-11,28,4.57,5.55,4.57,1.21,-0.16,-0.7,False,0.0,False,-0.002,36.4,0,0
JBLU,2.0,2025-01-31,2026-09-11,85,4.39,7.01,3.67,1.91,0.01,-0.59,False,0.22,True,0.111,41.3,2,73
JBS,1.5,2025-06-13,2026-09-11,66,12.62,16.96,11.7,1.45,0.07,,,0.17,False,-0.104,44.2,0,48
JBS,2.0,2025-06-13,2026-09-11,66,12.62,16.96,11.7,1.45,0.07,,,0.17,False,-0.104,44.2,0,48
JBT,1.5,2022-10-07,2025-01-03,118,127.62,128.38,87.78,1.46,0.12,-0.49,True,0.98,True,0.261,71.2,1,17
JBT,2.0,2021-11-26,2025-01-03,163,127.62,161.41,82.51,1.96,-0.28,-0.52,True,0.57,True,0.261,71.2,1,119
JBTM,1.5,2025-05-16,2026-09-11,70,112.4,168.17,112.4,1.5,-0.01,-0.15,False,0.0,True,0.007,38.1,1,0
JCAP,1.5,2025-08-08,2026-09-11,58,21.2,23.74,16.07,1.48,0.26,,,0.67,True,0.098,55.8,0,14
JCAP,2.0,2025-06-27,2026-09-11,64,21.2,23.74,15.3,1.55,0.37,,,0.7,True,0.098,55.8,0,58
JCAP_old,2.0,2016-05-20,2020-11-06,234,17.22,19.82,10.12,1.96,0.25,-0.31,True,0.73,True,0.262,59.8,5,232
JCG,1.5,2010-04-30,2011-03-04,45,43.51,46.47,31.04,1.5,0.18,-0.38,True,0.81,True,0.23,60.4,1,27
JCG,2.0,2009-07-17,2011-03-04,86,43.51,49.91,27.54,1.81,0.16,0.05,True,0.71,True,0.23,60.4,2,85
JD,2.0,2024-03-08,2026-09-11,132,27.02,44.11,22.61,1.95,-0.03,-0.62,False,0.2,False,-0.014,43.2,0,131
JDSU,1.5,2012-11-09,2015-08-07,144,10.87,15.55,10.8,1.44,-0.3,-0.62,False,0.02,False,-0.099,30.6,4,63
JDSU,2.0,2011-06-10,2015-08-07,218,10.87,17.01,9.0,1.89,0.06,-0.68,False,0.23,False,-0.099,30.6,4,160
JEF,2.0,2025-02-07,2026-09-11,84,53.93,71.02,35.82,1.98,-0.08,-0.54,True,0.51,True,0.118,51.4,1,26
JHX,2.0,2025-02-14,2026-09-11,83,28.19,32.49,16.69,1.95,-0.1,-0.6,True,0.73,True,0.327,57.8,1,43
JKHY,1.5,2022-11-04,2026-09-11,202,161.42,188.1,125.77,1.5,0.04,-0.37,True,0.57,True,0.05,55.7,3,12
JLL,1.5,2025-07-25,2026-09-11,60,342.16,387.37,265.29,1.46,0.38,-0.06,True,0.63,True,0.121,52.3,1,59
JMIA,1.5,2026-02-27,2026-09-11,29,7.28,8.23,5.86,1.4,-0.38,-0.59,True,0.6,False,-0.063,50.2,0,7
JNPR,1.5,2023-12-01,2025-07-04,84,39.95,39.95,27.55,1.45,0.31,-0.18,True,1.0,True,0.0,70.0,1,83
JNS,1.5,2015-06-12,2017-05-26,103,14.17,16.76,11.56,1.45,-0.34,-0.34,True,0.5,True,0.026,60.1,1,67
JNS,2.0,2013-11-01,2017-05-26,187,14.17,17.65,8.99,1.96,0.31,0.02,True,0.6,True,0.026,60.1,3,186
JNY,1.5,2013-03-08,2014-04-11,58,14.99,17.3,12.0,1.44,0.24,-0.18,True,0.56,True,0.025,53.8,1,57
JNY,2.0,2010-10-29,2014-04-11,181,14.99,17.3,9.03,1.92,0.34,-0.6,True,0.72,True,0.025,53.8,4,138
JOBS,1.5,2021-10-22,2022-05-06,29,60.9,67.14,45.39,1.48,0.15,-0.5,False,0.71,True,0.121,56.3,0,17
JOE,1.5,2025-10-24,2026-09-11,47,63.9,71.66,50.56,1.42,0.32,-0.19,True,0.63,False,-0.002,49.0,0,46
JOSB,2.0,2010-03-19,2014-06-20,223,64.98,64.98,33.01,1.97,0.39,0.03,True,1.0,True,0.122,72.6,5,222
JPMPRD,1.5,2018-09-21,2024-08-16,309,24.93,28.33,22.35,1.27,-0.13,,False,0.43,True,0.003,50.7,5,304
JPMPRD,2.0,2018-09-21,2024-08-16,309,24.93,28.33,22.35,1.27,-0.13,,False,0.43,True,0.003,50.7,5,304
JRVR,2.0,2024-08-02,2026-09-11,111,3.85,7.63,3.85,1.98,-0.21,-0.84,False,0.0,False,-0.171,34.1,1,0
JW-A,1.5,2020-12-18,2022-06-03,77,54.38,64.23,43.21,1.49,0.06,-0.1,True,0.53,False,-0.005,54.6,3,76
JW-A,2.0,2020-11-13,2022-06-03,82,54.38,64.23,32.65,1.97,0.23,-0.35,True,0.69,False,-0.005,54.6,3,81
JWS-U,1.5,2020-11-13,2021-06-04,30,14.75,16.01,11.26,1.42,0.16,,,0.73,False,-0.054,60.6,1,28
JWS-WS,1.5,2020-11-13,2021-06-04,30,14.75,16.01,11.26,1.42,0.16,,,0.73,False,-0.054,60.6,1,28
K,1.5,2024-08-02,2025-12-12,72,83.44,83.44,60.37,1.38,0.25,-0.06,True,1.0,True,0.041,69.7,0,71
K-W,2.0,2024-01-05,2026-06-19,129,10.92,11.82,6.07,1.95,-0.04,,True,0.84,True,0.07,65.5,3,56
KAHOT,2.0,2021-05-07,2021-11-26,30,50.5,74.35,38.94,1.91,-0.2,-0.69,False,0.33,True,0.162,42.2,0,15
KAI,1.5,2025-02-21,2026-09-11,82,286.23,379.92,254.04,1.5,-0.17,-0.39,True,0.26,True,0.01,43.5,1,43
KAI,2.0,2023-07-14,2026-09-11,166,286.23,415.79,208.58,1.99,0.31,-0.1,True,0.37,True,0.01,43.5,3,164
KANG,2.0,2014-04-11,2019-01-18,250,20.53,22.04,11.84,1.86,-0.01,,True,0.85,False,-0.003,63.8,3,80
KATE,1.5,2016-12-30,2017-07-14,29,18.49,23.89,16.97,1.41,-0.26,-0.51,False,0.22,False,-0.145,46.5,0,10
KATE,2.0,2015-05-15,2017-07-14,114,18.49,27.49,14.15,1.94,-0.26,-0.64,False,0.33,False,-0.145,46.5,1,29
KBALB,1.5,2013-11-22,2014-10-31,50,17.98,18.91,13.49,1.4,0.11,0.04,True,0.83,False,-0.033,64.2,1,49
KBDC,1.5,2024-05-24,2026-09-11,121,12.96,14.74,12.31,1.2,0.25,,False,0.27,False,-0.03,41.3,2,50
KBDC,2.0,2024-05-24,2026-09-11,121,12.96,14.74,12.31,1.2,0.25,,False,0.27,False,-0.03,41.3,2,50
KBH,1.5,2024-12-20,2026-09-11,91,47.75,66.79,44.88,1.49,-0.26,-0.47,False,0.13,True,0.1,38.7,1,17
KBH,2.0,2023-11-03,2026-09-11,150,47.75,84.37,44.88,1.88,-0.32,-0.13,False,0.07,True,0.1,38.7,4,17
KBL,2.0,2020-10-09,2022-03-04,74,232.7,399.5,201.17,1.99,0.13,-0.11,True,0.16,False,-0.118,36.3,0,72
KBW,1.5,2011-12-02,2013-02-15,64,16.4,16.53,11.98,1.38,0.3,-0.52,False,0.97,True,0.063,66.9,2,63
KBW,2.0,2011-04-15,2013-02-15,97,16.4,21.08,10.81,1.95,-0.06,-0.61,False,0.54,True,0.063,66.9,3,64
KCG1,1.5,2012-11-30,2013-07-05,32,3.52,3.86,3.24,1.19,0.23,-0.78,False,0.45,False,-0.03,38.1,0,29
KD,1.5,2026-02-13,2026-09-11,31,12.68,14.4,11.0,1.31,0.04,-0.75,False,0.49,False,-0.006,42.4,0,12
KD,2.0,2026-02-13,2026-09-11,31,12.68,14.4,11.0,1.31,0.04,-0.75,False,0.49,False,-0.006,42.4,0,12
KDN,2.0,2009-03-27,2013-10-18,239,35.49,35.52,18.31,1.94,0.25,,True,1.0,True,0.227,80.4,5,235
KDP,1.5,2020-11-06,2026-09-11,306,31.46,35.79,24.78,1.44,-0.1,-0.06,True,0.61,True,0.122,54.7,5,305
KE,2.0,2025-05-09,2026-09-11,71,24.86,31.59,17.5,1.81,0.27,-0.44,True,0.52,False,-0.027,48.9,1,68
KEN,1.5,2026-01-02,2026-09-11,37,65.15,93.04,64.59,1.44,-0.21,0.05,True,0.02,False,-0.195,43.2,0,36
KEN,2.0,2025-10-17,2026-09-11,48,65.15,93.04,46.84,1.99,0.38,0.0,True,0.4,False,-0.195,43.2,0,47
KEP,2.0,2025-06-27,2026-09-11,64,11.89,22.45,11.26,1.99,-0.17,-0.01,True,0.06,False,-0.161,41.3,0,3
KEYN,2.0,2011-11-04,2013-08-23,95,19.98,21.22,11.02,1.93,-0.34,-0.56,True,0.88,True,0.354,76.4,1,18
KEYS,1.5,2026-02-20,2026-09-11,30,325.65,363.67,243.54,1.49,0.39,0.04,True,0.68,False,-0.003,54.0,0,29
KFX,2.0,2013-12-06,2015-05-22,77,11.01,11.02,5.84,1.89,0.25,,,1.0,True,0.422,80.3,1,32
KFY,1.5,2024-05-03,2026-09-11,124,78.14,86.28,58.53,1.47,0.29,-0.06,True,0.71,True,0.203,55.7,2,73
KGC,2.0,2025-08-08,2026-09-11,58,28.93,37.01,18.85,1.96,0.32,0.17,True,0.55,False,-0.102,51.8,0,57
KGS,1.5,2026-02-27,2026-09-11,29,62.5,75.7,53.43,1.42,0.25,0.07,True,0.41,False,-0.011,52.8,0,26
KHC,2.0,2020-03-27,2026-09-11,338,24.39,35.17,17.62,2.0,-0.13,-0.59,False,0.39,True,0.112,52.2,3,337
KINS,2.0,2024-11-08,2026-09-11,97,19.25,21.32,10.77,1.98,0.26,0.05,True,0.8,True,0.244,57.8,3,95
KKD,2.0,2013-05-10,2016-07-29,169,21.0,25.83,13.09,1.97,-0.21,-0.13,True,0.62,True,0.352,71.6,3,167
KKR,1.5,2026-01-23,2026-09-11,34,100.87,120.56,85.6,1.41,0.13,-0.48,True,0.44,True,0.061,47.8,0,26
KKR,2.0,2024-01-19,2026-09-11,139,100.87,165.19,82.72,2.0,-0.06,0.0,True,0.22,True,0.061,47.8,1,138
KL,1.5,2020-10-23,2022-02-11,69,38.92,47.5,32.1,1.48,0.07,-0.4,True,0.44,False,-0.056,47.0,1,50
KL,2.0,2020-03-27,2022-02-11,99,38.92,53.18,30.93,1.72,-0.08,-0.34,True,0.36,False,-0.056,47.0,1,98
KLAR,2.0,2026-01-30,2026-09-11,33,13.8,23.07,12.27,1.88,0.14,,,0.14,True,0.202,37.4,0,24
KLIC,2.0,2026-03-13,2026-09-11,27,82.97,125.22,63.78,1.96,0.36,-0.11,True,0.31,True,0.127,46.2,0,25
KMB,1.5,2019-03-15,2026-09-11,392,98.48,135.12,91.5,1.48,0.2,-0.03,False,0.16,True,0.118,40.9,6,391
KMP,1.5,2011-09-02,2014-11-28,170,102.03,102.03,68.13,1.5,0.21,-0.12,True,1.0,True,0.111,69.8,3,166
KMPH,2.0,2022-01-14,2023-05-05,69,4.97,8.19,4.1,2.0,-0.06,-0.72,False,0.21,True,0.09,46.2,0,51
KMT,1.5,2025-11-28,2026-09-11,42,29.13,39.81,27.22,1.46,0.06,-0.02,True,0.15,False,-0.086,39.2,0,41
KMTS,2.0,2025-03-07,2026-09-11,80,23.57,28.02,14.52,1.93,0.26,,,0.67,True,0.211,49.4,2,57
KMX,2.0,2025-07-11,2026-09-11,62,60.52,64.34,32.36,1.99,0.04,-0.64,False,0.88,True,0.366,63.9,0,44
KND,1.5,2017-11-10,2018-06-29,34,9.0,9.8,7.45,1.32,0.29,-0.47,False,0.66,False,-0.034,52.5,0,30
KND,2.0,2016-07-29,2018-06-29,101,9.0,11.74,5.9,1.99,-0.05,-0.74,False,0.53,False,-0.034,52.5,1,34
KNDL,2.0,2010-05-07,2011-07-15,63,15.23,15.23,8.23,1.85,0.26,-0.67,True,1.0,True,0.355,69.5,0,43
KNF,2.0,2023-11-03,2026-09-11,150,57.18,105.71,54.71,1.93,0.09,0.04,False,0.05,False,-0.092,33.7,2,149
KNSL,2.0,2023-01-06,2026-09-11,193,362.7,523.22,262.72,1.99,0.16,-0.18,False,0.38,True,0.101,52.2,2,190
KNTK,2.0,2024-03-01,2026-09-11,133,54.2,58.7,29.75,1.97,0.32,-0.04,True,0.84,True,0.088,65.2,2,132
KR,1.5,2024-08-30,2026-09-11,107,56.95,74.69,50.09,1.49,0.22,-0.08,True,0.28,False,-0.141,40.8,1,105
KRC,1.5,2025-12-05,2026-09-11,41,34.85,40.25,27.06,1.49,0.27,-0.35,True,0.59,True,0.176,46.5,0,24
KRC,2.0,2022-06-10,2026-09-11,223,34.85,42.39,21.96,1.93,0.21,-0.64,True,0.63,True,0.176,46.5,3,173
KREF,1.5,2025-09-12,2026-09-11,53,7.12,8.57,5.77,1.48,-0.4,-0.44,False,0.48,True,0.153,49.3,1,24
KRNT,1.5,2025-08-01,2026-09-11,59,15.56,18.65,12.7,1.47,0.36,-0.61,False,0.48,True,0.05,48.2,2,43
KROS,1.5,2026-02-27,2026-09-11,29,11.17,14.19,10.06,1.41,-0.27,-0.86,False,0.27,False,-0.025,46.3,0,7
KRRO,1.5,2026-01-23,2026-09-11,34,13.06,14.56,10.18,1.43,0.22,-0.89,False,0.66,True,0.045,50.3,1,17
KS,1.5,2018-01-05,2018-11-02,44,34.95,34.95,24.51,1.43,0.32,0.02,True,1.0,False,-0.025,60.5,0,43
KSMT,1.5,2020-10-09,2021-09-03,48,8.63,10.8,8.63,1.25,-0.01,,,0.0,False,-0.006,33.0,1,0
KSMT,2.0,2020-10-09,2021-09-03,48,8.63,10.8,8.63,1.25,-0.01,,,0.0,False,-0.006,33.0,1,0
KSPI,2.0,2023-04-28,2026-09-11,173,97.15,125.28,64.48,1.94,-0.13,-0.42,True,0.54,True,0.175,61.7,2,26
KSS,2.0,2025-12-05,2026-09-11,41,16.79,22.71,11.6,1.96,-0.2,-0.54,False,0.47,True,0.304,49.6,1,17
KT,1.5,2025-02-14,2026-09-11,83,19.6,23.93,16.0,1.5,0.25,-0.06,True,0.45,False,-0.083,53.9,0,82
KTOV,2.0,2020-08-14,2021-02-26,29,5.75,5.94,3.81,1.56,0.26,-0.81,False,0.91,True,0.082,58.2,0,8
KURA,2.0,2025-08-15,2026-09-11,57,11.57,13.25,7.34,1.81,0.34,-0.69,False,0.72,True,0.207,55.5,2,56
KVSB,1.5,2021-03-26,2021-11-05,33,11.12,11.12,9.91,1.12,0.15,,,1.0,False,-0.001,70.7,0,18
KVSB,2.0,2021-03-26,2021-11-05,33,11.12,11.12,9.91,1.12,0.15,,,1.0,False,-0.001,70.7,0,18
KVSC,1.5,2021-03-26,2023-04-21,109,10.19,10.28,9.7,1.06,0.14,,True,0.84,True,0.016,68.9,3,86
KVSC,2.0,2021-03-26,2023-04-21,109,10.19,10.28,9.7,1.06,0.14,,True,0.84,True,0.016,68.9,3,86
KVUE,2.0,2023-05-05,2026-09-11,176,17.79,23.84,13.71,1.74,-0.22,,False,0.4,True,0.1,45.0,4,45
KVYO,2.0,2026-01-16,2026-09-11,35,16.13,25.62,13.25,1.93,-0.35,-0.72,False,0.23,False,-0.004,44.3,0,12
KW,2.0,2023-10-20,2026-06-19,140,10.92,11.11,5.68,1.96,0.05,-0.71,True,0.96,True,0.084,72.7,2,56
KYTX,1.5,2025-11-14,2026-09-11,44,7.35,9.93,6.88,1.44,0.03,-0.77,False,0.15,False,-0.074,43.9,0,43
KYTX,2.0,2025-09-19,2026-09-11,52,7.35,9.93,5.52,1.8,0.34,-0.82,False,0.41,False,-0.074,43.9,0,49
LABL,2.0,2018-09-28,2019-07-05,41,50.01,62.05,32.54,1.91,0.04,-0.62,False,0.59,True,0.042,51.5,0,28
LAB_old,1.5,2010-05-21,2011-07-01,59,3.81,4.43,3.07,1.44,-0.14,-0.56,False,0.54,False,-0.007,47.5,0,32
LANC,1.5,2022-08-26,2025-07-04,150,172.77,209.21,142.43,1.47,-0.03,-0.23,True,0.45,False,-0.039,48.8,3,144
LAND,1.5,2024-10-25,2026-09-11,99,9.48,11.91,8.06,1.48,-0.29,-0.55,False,0.37,False,-0.097,55.0,1,6
LASR,2.0,2026-01-09,2026-09-11,36,39.29,78.54,39.29,2.0,0.11,0.0,True,0.0,False,-0.179,32.3,0,0
LAVA,2.0,2010-12-03,2012-02-24,65,7.34,8.42,4.4,1.91,0.26,0.03,True,0.73,True,0.398,62.5,3,64
LAW,1.5,2026-02-06,2026-09-11,32,4.06,4.79,3.25,1.47,0.15,-0.63,False,0.53,True,0.017,47.4,1,28
LAW,2.0,2026-01-30,2026-09-11,33,4.06,6.25,3.25,1.92,-0.06,-0.63,False,0.27,True,0.017,47.4,1,28
LAZ,1.5,2025-05-02,2026-09-11,72,41.87,55.06,38.25,1.44,-0.24,-0.3,True,0.22,False,-0.033,44.7,1,24
LB,2.0,2024-10-04,2026-09-11,102,86.38,89.59,45.09,1.99,0.22,,True,0.93,True,0.123,64.3,2,101
LBAI,1.5,2023-03-17,2024-05-17,62,13.43,15.54,10.8,1.44,-0.35,-0.42,False,0.55,False,-0.093,57.0,1,30
LBAI,2.0,2020-11-13,2024-05-17,184,13.43,18.7,10.64,1.76,-0.23,-0.28,False,0.35,False,-0.093,57.0,3,183
LBIO,2.0,2016-04-01,2017-06-30,66,6.95,9.2,4.95,1.86,-0.08,-0.64,False,0.47,False,-0.14,52.1,0,59
LBRT,2.0,2025-11-28,2026-09-11,42,20.76,32.87,17.28,1.9,0.11,-0.27,True,0.22,False,-0.274,43.8,0,7
LBTYA,1.5,2024-12-06,2026-09-11,93,10.62,13.42,9.25,1.45,0.0,-0.35,True,0.33,False,-0.116,44.7,1,70
LBTYK,1.5,2024-12-06,2026-09-11,93,10.4,14.03,9.51,1.48,-0.21,-0.35,False,0.2,False,-0.115,44.6,1,70
LBTYK,2.0,2020-04-10,2026-09-11,336,10.4,15.61,8.62,1.81,-0.32,-0.46,False,0.25,False,-0.115,44.6,7,150
LC,2.0,2025-06-20,2026-06-19,53,19.21,21.05,11.01,1.91,0.27,-0.37,True,0.82,False,-0.038,61.1,1,52
LCII,2.0,2025-05-09,2026-09-11,71,93.4,152.4,80.16,1.9,0.32,-0.32,False,0.18,False,-0.1,38.2,0,70
LDOS,2.0,2023-11-03,2026-09-11,150,129.55,197.15,100.46,1.96,0.37,-0.05,False,0.3,False,-0.134,45.6,3,148
LE,1.5,2026-03-13,2026-09-11,27,10.33,13.84,10.33,1.34,-0.2,-0.45,False,0.0,True,0.003,39.5,0,0
LE,2.0,2025-06-27,2026-09-11,64,10.33,18.92,10.33,1.83,-0.31,-0.42,False,0.0,True,0.003,39.5,0,0
LEA,2.0,2022-02-25,2026-09-11,238,127.84,148.14,74.28,1.99,-0.19,-0.58,True,0.73,True,0.017,49.3,4,74
LEG,1.5,2025-10-17,2026-08-28,46,9.2,12.71,8.61,1.48,0.18,-0.65,False,0.14,True,0.067,38.7,0,42
LEG,2.0,2024-10-04,2026-08-28,100,9.2,13.03,6.64,1.96,0.14,-0.8,False,0.4,True,0.067,38.7,1,72
LEO,1.5,2022-01-14,2026-09-11,244,5.95,6.67,4.48,1.49,0.31,-0.41,True,0.67,True,0.002,38.3,4,150
LEXEA,1.5,2017-08-04,2019-07-26,104,50.42,56.51,37.79,1.5,-0.28,-0.34,True,0.67,True,0.024,68.7,1,76
LEXEA,2.0,2016-11-04,2019-07-26,143,50.42,57.67,37.79,1.53,-0.21,,True,0.64,True,0.024,68.7,2,76
LFMD,2.0,2025-11-07,2026-09-11,45,3.03,5.24,2.67,1.96,0.05,-0.82,False,0.14,False,-0.111,37.0,1,28
LGF-A,1.5,2023-09-01,2025-05-09,89,8.59,10.9,7.54,1.45,-0.33,-0.59,False,0.31,True,0.088,50.0,2,80
LGF-A,2.0,2023-01-06,2025-05-09,123,8.59,11.78,6.6,1.78,-0.22,-0.68,False,0.38,True,0.088,50.0,2,122
LGF-B,1.5,2024-05-10,2025-05-09,53,7.69,9.95,6.67,1.49,-0.12,-0.41,False,0.31,True,0.09,50.1,1,35
LGF-B,2.0,2023-01-06,2025-05-09,123,7.69,10.91,6.3,1.73,-0.36,-0.65,False,0.3,True,0.09,50.1,2,122
LGFA,1.5,2023-09-01,2024-09-06,54,7.54,10.9,7.54,1.45,-0.04,-0.59,False,0.0,False,-0.13,38.6,0,45
LGFA,2.0,2023-01-06,2024-09-06,88,7.54,11.78,6.6,1.78,-0.06,-0.68,False,0.18,False,-0.13,38.6,0,87
LGFB,2.0,2023-01-06,2024-09-13,89,6.83,10.91,6.3,1.73,-0.15,-0.65,False,0.11,False,-0.15,37.8,0,88
LGF_old2,1.5,2016-01-29,2016-12-09,46,26.09,26.15,18.53,1.41,0.07,,,0.99,True,0.054,64.8,0,44
LGF_old2,2.0,2016-01-08,2016-12-09,49,26.09,28.57,18.53,1.54,-0.19,,,0.75,True,0.054,64.8,0,44
LGIH,2.0,2025-03-28,2026-09-11,77,48.7,67.47,34.24,1.97,-0.13,-0.75,False,0.44,True,0.32,44.1,2,25
LGTY,2.0,2022-08-26,2025-04-04,137,14.29,15.66,8.48,1.85,-0.31,-0.7,True,0.81,True,0.25,71.6,2,41
LHX,1.5,2025-07-04,2026-09-11,63,248.37,363.39,248.37,1.46,0.24,-0.01,True,0.0,False,-0.134,32.8,0,0
LIAN_old,2.0,2020-12-04,2021-10-29,48,667.0,700.0,357.27,1.96,0.04,,,0.9,True,0.104,49.8,1,24
LII,2.0,2023-07-28,2026-09-11,164,372.62,656.03,338.81,1.94,0.3,0.04,False,0.11,False,-0.038,31.4,3,160
LINE,1.5,2025-05-02,2026-09-11,72,37.39,44.59,30.9,1.44,0.01,-0.61,False,0.47,True,0.103,43.1,1,24
LIOX,2.0,2013-09-27,2017-03-03,180,5.75,7.2,3.69,1.95,-0.2,-0.1,True,0.59,True,0.173,66.0,2,178
LITE,1.5,2026-03-20,2026-09-11,26,935.7,970.7,702.73,1.38,0.09,0.0,True,0.87,False,-0.046,60.7,0,24
LKFN,1.5,2023-11-17,2026-09-11,148,60.51,71.09,49.11,1.45,0.03,-0.33,True,0.52,True,0.038,50.9,4,74
LKFN,2.0,2020-10-09,2026-09-11,310,60.51,73.66,38.41,1.92,0.08,-0.08,True,0.63,True,0.038,50.9,9,308
LKFT,1.5,2025-04-25,2026-09-11,73,26.81,37.62,25.32,1.49,-0.14,-0.43,False,0.12,False,-0.005,39.2,0,70
LMAT,1.5,2024-06-14,2026-09-11,118,78.8,114.0,77.56,1.47,0.23,-0.01,True,0.03,False,-0.131,34.6,1,71
LMND,1.5,2026-02-13,2026-09-11,31,49.61,71.52,48.31,1.48,-0.2,-0.48,True,0.06,False,-0.018,42.4,0,6
LMND,2.0,2025-08-08,2026-09-11,58,49.61,93.25,48.04,1.94,-0.11,-0.07,True,0.03,False,-0.018,42.4,1,48
LMOS,2.0,2014-01-03,2017-11-17,203,17.98,20.2,10.42,1.94,0.16,-0.56,True,0.77,True,0.003,68.6,8,97
LNC,1.5,2025-06-20,2026-09-11,65,43.56,46.03,31.11,1.48,0.27,-0.14,True,0.83,True,0.196,58.5,1,64
LNN,1.5,2023-01-06,2026-09-11,193,117.31,152.42,102.32,1.49,-0.12,-0.4,False,0.3,True,0.063,50.8,4,23
LNN,2.0,2020-07-03,2026-09-11,324,117.31,170.72,87.73,1.95,-0.17,-0.14,False,0.36,True,0.063,50.8,9,323
LNW,2.0,2023-03-31,2026-06-12,161,86.22,116.0,59.27,1.96,0.32,-0.31,True,0.48,False,-0.111,50.1,2,159
LOAR,1.5,2025-07-04,2026-09-11,63,64.76,81.97,55.37,1.48,-0.34,-0.43,False,0.35,True,0.189,45.2,1,19
LOAR,2.0,2024-05-17,2026-09-11,122,64.76,96.89,51.53,1.88,-0.05,,False,0.29,True,0.189,45.2,1,121
LOB,2.0,2024-12-06,2026-09-11,93,39.16,46.14,23.36,1.98,0.37,-0.52,True,0.69,True,0.14,49.8,2,74
LOCO,2.0,2024-04-26,2026-09-11,125,15.06,16.82,8.91,1.89,0.38,-0.3,True,0.78,True,0.138,52.7,3,124
LODE,2.0,2025-09-12,2026-09-11,53,2.95,4.77,2.65,1.8,0.13,-0.62,False,0.14,True,0.057,43.4,1,25
LOGI,1.5,2025-05-16,2026-09-11,70,99.77,121.87,81.63,1.49,0.22,-0.21,True,0.45,False,-0.008,48.5,2,67
LOGM,1.5,2018-07-27,2020-09-04,111,86.04,92.39,65.51,1.41,0.11,-0.47,False,0.76,True,0.018,59.7,2,44
LOKB,1.5,2021-01-29,2021-10-22,39,12.8,12.8,9.9,1.29,-0.02,,,1.0,True,0.042,91.9,0,22
LOKB,2.0,2021-01-29,2021-10-22,39,12.8,12.8,9.9,1.29,-0.02,,,1.0,True,0.042,91.9,0,22
LOKB-U,1.5,2021-01-01,2021-10-22,40,13.38,13.38,9.9,1.35,-0.01,,,1.0,True,0.046,91.3,0,22
LOKB-U,2.0,2021-01-01,2021-10-22,40,13.38,13.38,9.9,1.35,-0.01,,,1.0,True,0.046,91.3,0,22
LOKB-WS,1.5,2021-01-29,2021-10-22,39,13.38,13.38,9.9,1.35,0.01,,,1.0,True,0.046,92.9,0,22
LOKB-WS,2.0,2021-01-29,2021-10-22,39,13.38,13.38,9.9,1.35,0.01,,,1.0,True,0.046,92.9,0,22
LOMA,2.0,2024-08-16,2026-09-11,109,10.09,13.78,6.93,1.99,0.19,-0.1,True,0.46,False,-0.025,44.4,2,108
LOOP1,1.5,2011-03-11,2012-05-04,61,19.17,19.18,13.03,1.47,0.4,0.04,True,1.0,True,0.062,66.8,0,60
LORL,2.0,2021-02-05,2021-11-26,43,41.52,52.23,30.91,1.69,0.28,0.02,True,0.5,True,0.195,49.8,1,42
LOVE,2.0,2025-02-28,2026-09-11,81,14.26,20.95,10.54,1.99,-0.38,-0.72,False,0.36,True,0.082,44.0,1,25
LOW,1.5,2023-12-01,2026-09-11,146,196.59,284.26,193.18,1.47,0.1,-0.19,False,0.04,False,-0.06,35.3,1,145
LOXO,2.0,2018-04-13,2019-02-15,45,234.66,234.66,119.69,1.96,0.38,-0.07,True,1.0,True,0.122,72.1,0,41
LPL,2.0,2025-04-11,2026-09-11,75,3.15,5.55,2.78,2.0,0.15,-0.58,False,0.13,False,-0.239,39.6,0,73
LPLA,1.5,2024-11-01,2026-09-11,98,347.26,391.56,268.54,1.46,-0.14,-0.05,True,0.64,True,0.118,54.8,1,11
LPLA,2.0,2024-08-16,2026-09-11,109,347.26,391.56,204.24,1.92,0.24,-0.28,True,0.76,True,0.118,54.8,1,104
LPTH,2.0,2025-12-26,2026-09-11,38,9.68,16.98,9.02,1.88,0.19,0.02,True,0.08,False,-0.083,43.6,0,37
LPX,2.0,2023-11-17,2026-09-11,148,65.72,117.4,58.83,2.0,-0.03,-0.22,False,0.12,True,0.021,39.8,2,147
LRMR,2.0,2025-06-27,2026-09-11,64,3.85,5.31,2.97,1.79,0.12,-0.77,False,0.38,False,-0.045,48.9,1,29
LRN,1.5,2026-01-09,2026-09-11,36,81.45,100.01,69.71,1.43,0.19,-0.58,True,0.39,False,-0.072,42.8,0,34
LSEA,2.0,2024-10-25,2025-07-04,37,11.31,11.43,5.75,1.99,-0.08,-0.6,True,0.98,True,0.227,67.2,0,12
LSPD,1.5,2025-11-14,2026-09-11,44,9.76,12.38,8.47,1.46,-0.38,-0.6,False,0.33,True,0.125,46.5,2,22
LSTR,2.0,2020-11-13,2026-09-11,305,173.7,223.76,114.27,1.96,0.23,-0.04,True,0.54,True,0.061,45.1,5,304
LSXMA,1.5,2023-08-04,2024-09-13,59,22.29,31.25,21.01,1.49,-0.29,,,0.13,False,-0.092,42.9,1,14
LSXMA,2.0,2023-08-04,2024-09-13,59,22.29,31.25,21.01,1.49,-0.29,,,0.13,False,-0.092,42.9,1,14
LSXMK,1.5,2023-03-31,2024-09-13,77,22.29,31.21,20.91,1.49,0.08,-0.51,False,0.13,False,-0.091,43.0,1,14
LTM,1.5,2025-11-21,2026-09-11,43,50.68,65.64,44.02,1.49,-0.08,-0.1,True,0.31,True,0.067,47.7,1,42
LTRX,1.5,2025-11-28,2026-09-11,42,5.06,7.55,5.06,1.49,-0.1,-0.23,True,0.0,False,-0.107,42.9,0,0
LTRX,2.0,2025-08-29,2026-09-11,55,5.06,7.55,4.45,1.7,0.36,-0.32,True,0.2,False,-0.107,42.9,0,52
LTXB,1.5,2016-10-07,2019-11-01,161,42.54,45.33,30.58,1.48,0.3,0.02,True,0.81,True,0.062,53.7,3,159
LUCK_old,1.5,2023-11-10,2025-02-28,69,10.68,14.64,9.92,1.48,-0.26,-0.4,False,0.16,False,-0.072,46.8,0,6
LUCK_old,2.0,2022-02-11,2025-02-28,160,10.68,16.56,8.88,1.86,-0.01,-0.1,False,0.23,False,-0.072,46.8,3,159
LUFK,2.0,2010-10-15,2013-07-05,143,88.49,91.92,46.09,1.99,0.02,0.05,True,0.93,True,0.402,77.3,3,141
LUK,1.5,2016-11-11,2018-05-25,81,23.47,27.9,20.39,1.37,0.17,-0.15,True,0.41,False,-0.098,45.3,1,80
LUK,2.0,2013-06-07,2018-05-25,260,23.47,27.97,14.35,1.95,-0.14,-0.56,True,0.67,False,-0.098,45.3,5,118
LUMN,2.0,2025-09-12,2026-09-11,53,6.81,10.99,5.71,1.92,-0.1,-0.4,True,0.21,False,-0.214,46.9,0,51
LUV,1.5,2025-12-05,2026-09-11,41,38.69,53.54,37.02,1.45,0.08,0.02,True,0.1,True,0.121,42.4,0,24
LUXE,2.0,2024-10-11,2026-09-11,101,7.42,11.1,6.17,1.8,0.04,-0.48,True,0.25,False,-0.014,43.5,1,95
LVLT,1.5,2014-10-24,2017-11-03,159,53.63,62.36,42.22,1.48,0.4,-0.11,True,0.57,False,-0.098,44.4,3,158
LVS,2.0,2025-04-25,2026-09-11,73,42.6,66.99,34.73,1.93,0.11,-0.42,False,0.24,False,-0.113,34.4,0,72
LWAY,2.0,2024-08-16,2026-09-11,109,24.83,33.42,17.8,1.88,0.21,-0.34,True,0.45,True,0.191,45.4,1,25
LXFT,2.0,2017-08-11,2019-06-14,97,58.99,58.99,30.6,1.93,0.21,-0.61,True,1.0,True,0.125,68.5,0,24
LXK,2.0,2013-04-26,2016-12-02,189,40.49,46.69,23.69,1.97,0.11,-0.25,True,0.73,True,0.074,68.6,2,42
LXP,2.0,2020-03-27,2026-09-11,338,60.82,62.07,31.67,1.96,0.08,-0.24,True,0.96,True,0.181,75.9,8,330
LYB,1.5,2026-02-06,2026-09-11,32,64.3,78.8,52.81,1.49,-0.15,-0.4,False,0.44,False,-0.142,53.7,0,10
LYB,2.0,2024-10-18,2026-09-11,100,64.3,79.31,40.47,1.96,-0.13,-0.54,False,0.61,False,-0.142,53.7,2,44
LYFT,1.5,2026-01-09,2026-09-11,36,15.02,19.21,12.86,1.49,0.09,-0.44,True,0.34,True,0.156,46.5,1,24
LYFT,2.0,2025-04-25,2026-09-11,73,15.02,23.14,12.21,1.9,-0.15,-0.39,True,0.26,True,0.156,46.5,2,72
LYTS,1.5,2025-07-25,2026-09-11,60,19.59,26.53,17.78,1.49,0.35,-0.18,True,0.21,True,0.065,40.1,1,58
LZ,1.5,2026-02-06,2026-09-11,32,5.91,8.05,5.48,1.47,-0.13,-0.59,False,0.17,True,0.061,43.9,1,24
LZB,1.5,2025-02-07,2026-09-11,84,30.86,43.52,29.55,1.47,-0.22,-0.35,False,0.09,True,0.091,36.2,1,43
MAA,1.5,2023-11-03,2026-09-11,150,124.48,158.56,107.84,1.47,0.2,-0.44,False,0.33,True,0.051,41.2,1,147
MAA,2.0,2020-11-06,2026-09-11,306,124.48,191.15,97.99,1.95,-0.09,-0.15,False,0.28,True,0.051,41.2,5,300
MAAC,1.5,2020-12-11,2021-10-01,43,9.35,10.59,9.35,1.13,-0.3,,,0.0,True,0.001,27.0,1,0
MAAC,2.0,2020-12-11,2021-10-01,43,9.35,10.59,9.35,1.13,-0.3,,,0.0,True,0.001,27.0,1,0
MABANEE,1.5,2020-03-06,2020-09-04,27,637.0,809.0,558.0,1.45,0.07,-0.4,False,0.31,True,0.078,46.9,0,19
MAGN,2.0,2025-04-04,2026-09-11,76,11.56,15.28,8.75,1.75,-0.21,-0.85,False,0.43,True,0.21,45.2,1,43
MANH,2.0,2025-01-31,2026-09-11,85,205.02,223.28,120.88,1.85,-0.35,-0.6,True,0.82,True,0.303,62.8,2,22
MANT,1.5,2020-11-06,2022-09-16,98,95.98,98.34,68.71,1.43,0.35,-0.18,True,0.92,True,0.088,67.5,2,40
MANU,2.0,2023-02-24,2026-09-11,186,20.02,24.38,12.71,1.92,-0.17,-0.52,True,0.63,True,0.184,46.6,4,75
MARA,2.0,2025-11-14,2026-09-11,44,11.43,14.54,7.92,1.84,0.32,-0.71,False,0.53,True,0.016,49.4,0,30
MAS,1.5,2023-11-17,2026-09-11,148,67.64,82.72,56.44,1.47,0.03,-0.12,True,0.43,True,0.134,44.6,4,146
MASI,1.5,2024-09-27,2026-06-12,90,179.95,188.77,127.4,1.48,0.05,-0.35,True,0.86,True,0.206,66.9,3,23
MAT,2.0,2020-10-23,2026-09-11,308,13.81,26.38,13.33,1.98,-0.31,-0.12,False,0.04,False,-0.031,40.5,6,9
MATW,2.0,2023-09-08,2026-09-11,158,20.04,35.7,18.32,1.95,-0.34,-0.57,False,0.1,False,-0.066,29.6,3,73
MAX,2.0,2024-11-08,2026-09-11,97,11.74,14.12,7.17,1.97,0.08,-0.68,False,0.66,True,0.384,51.3,2,30
MAZE,2.0,2026-03-20,2026-09-11,26,24.82,48.03,24.05,2.0,-0.18,-0.52,,0.03,False,-0.013,40.9,1,13
MBC,1.5,2026-02-27,2026-09-11,29,7.43,10.12,7.0,1.45,0.04,-0.64,False,0.14,True,0.067,37.9,0,17
MBI,2.0,2025-04-18,2026-09-11,74,4.61,7.96,4.27,1.86,0.12,-0.41,False,0.09,False,-0.059,32.4,1,65
MBIN,2.0,2023-10-27,2026-09-11,151,52.98,55.18,28.52,1.93,0.22,-0.09,True,0.92,True,0.119,61.6,6,150
MC,1.5,2025-05-02,2026-09-11,72,64.25,75.25,50.73,1.48,0.22,-0.31,True,0.55,True,0.065,47.3,2,26
MCF,1.5,2021-06-11,2021-12-10,27,3.22,4.6,3.17,1.45,-0.35,-0.41,False,0.03,True,0.031,39.8,0,16
MCF,2.0,2021-02-05,2021-12-10,45,3.22,5.39,3.07,1.76,-0.29,-0.28,False,0.06,True,0.031,39.8,0,44
MCFT,2.0,2023-03-17,2026-09-11,183,20.57,30.66,15.7,1.95,-0.28,-0.55,False,0.33,True,0.057,40.7,4,75
MCGC,2.0,2011-07-08,2015-07-31,213,4.36,6.24,3.13,1.99,-0.23,-0.58,False,0.4,True,0.144,52.0,3,40
MCRL,2.0,2010-02-12,2015-08-07,287,13.86,15.63,8.22,1.9,0.25,-0.01,True,0.76,False,-0.053,48.2,5,286
MCRN,2.0,2015-06-26,2019-11-22,231,16.8,21.93,11.32,1.94,-0.07,,True,0.52,True,0.12,59.2,5,34
MCW,2.0,2023-08-04,2026-06-12,148,7.1,9.11,4.72,1.93,-0.28,-0.77,False,0.54,True,0.175,64.4,3,33
MDGL,1.5,2025-08-22,2026-09-11,56,533.12,598.91,414.68,1.44,0.36,0.12,True,0.64,True,0.03,54.9,1,55
MDGL,2.0,2025-08-01,2026-09-11,59,533.12,598.91,302.17,1.98,0.36,-0.14,True,0.78,True,0.03,54.9,1,58
MDLA,2.0,2020-05-08,2021-10-29,78,33.99,46.5,23.73,1.96,0.23,-0.45,True,0.45,True,0.12,55.4,1,77
MDLZ,1.5,2021-03-05,2026-09-11,289,62.47,71.33,48.19,1.48,0.3,-0.05,True,0.62,True,0.04,55.0,3,288
MDT,2.0,2017-01-13,2026-09-11,505,91.62,115.11,58.07,1.98,0.28,-0.14,True,0.59,True,0.071,58.0,8,502
MDWD,2.0,2024-01-05,2026-09-11,141,13.71,21.96,11.47,1.91,0.01,-0.47,False,0.21,False,-0.13,41.0,1,140
MDXG,1.5,2026-02-27,2026-09-11,29,4.6,4.89,3.42,1.43,0.25,-0.65,False,0.8,True,0.143,56.3,0,21
MEDP,2.0,2025-06-27,2026-09-11,64,583.16,620.75,310.69,2.0,0.32,-0.3,True,0.88,True,0.251,58.4,0,63
MEG,2.0,2025-05-09,2026-05-01,52,22.14,31.06,17.57,1.77,0.06,-0.64,False,0.34,False,-0.07,46.3,1,51
MELI,2.0,2023-11-03,2026-09-11,150,1906.24,2584.92,1356.43,1.91,0.29,-0.17,True,0.45,True,0.084,53.9,2,125
MER,1.5,2018-08-31,2019-06-07,41,388.8,394.0,340.0,1.16,0.28,,,0.9,True,0.008,58.4,0,36
MER,2.0,2018-08-31,2019-06-07,41,388.8,394.0,340.0,1.16,0.28,,,0.9,True,0.008,58.4,0,36
MESG,1.5,2015-02-06,2016-08-19,81,25.0,26.42,17.87,1.48,0.37,-0.55,False,0.83,True,0.209,63.4,3,75
MESG,2.0,2014-04-11,2016-08-19,124,25.0,34.09,17.23,1.98,-0.07,-0.56,False,0.46,True,0.209,63.4,3,81
MESO,1.5,2026-01-16,2026-09-11,35,15.5,18.38,13.19,1.39,-0.14,-0.37,True,0.45,True,0.044,49.2,1,11
MESO,2.0,2025-06-27,2026-09-11,64,15.5,20.96,10.68,1.96,0.04,-0.47,True,0.47,True,0.044,49.2,1,62
MET,1.5,2024-07-12,2026-09-11,114,96.78,97.77,66.15,1.48,0.38,-0.05,True,0.97,True,0.21,67.3,1,110
MFA,1.5,2023-11-17,2026-09-11,148,8.56,10.01,6.76,1.48,0.4,-0.31,True,0.55,False,-0.018,38.4,5,74
MFB,1.5,2011-08-19,2013-10-04,112,23.5,25.02,16.92,1.48,-0.24,-0.47,True,0.81,True,0.262,76.1,1,30
MFE,1.5,2010-08-20,2011-03-04,29,47.95,47.98,46.28,1.04,0.35,0.03,True,0.98,True,0.004,68.4,0,10
MFIC,1.5,2023-06-09,2026-09-11,171,9.05,11.91,8.08,1.47,0.16,-0.01,False,0.25,False,-0.101,35.6,4,168
MFW,1.5,2011-06-17,2011-12-23,28,25.02,26.39,20.37,1.3,0.03,-0.52,True,0.77,True,0.051,55.3,0,15
MGAM_old,1.5,2013-09-13,2014-12-19,67,36.44,36.84,25.03,1.47,0.17,-0.36,True,0.97,True,0.204,62.3,1,19
MGAM_old,2.0,2013-03-15,2014-12-19,93,36.44,39.24,19.63,2.0,0.37,0.01,True,0.86,True,0.204,62.3,1,92
MGEE,1.5,2024-03-08,2026-09-11,132,76.44,100.33,71.0,1.41,-0.11,-0.09,False,0.19,True,0.044,45.4,0,126
MGM,2.0,2020-11-13,2026-09-11,305,40.73,50.9,25.88,1.97,-0.03,-0.24,True,0.59,True,0.128,45.6,8,304
MGY,1.5,2025-12-26,2026-09-11,38,27.7,31.94,21.3,1.5,0.18,-0.23,True,0.6,False,-0.093,53.8,0,37
MHK,1.5,2024-11-15,2026-09-11,96,124.24,140.33,96.21,1.46,-0.1,-0.4,True,0.64,True,0.21,53.5,2,25
MHK,2.0,2023-11-03,2026-09-11,150,124.24,161.05,80.66,2.0,-0.01,-0.56,True,0.54,True,0.21,53.5,3,148
MHL,2.0,2016-11-18,2018-02-02,64,6100.0,9400.0,4727.27,1.99,0.29,-0.28,True,0.29,True,0.164,44.8,0,63
MHO,1.5,2025-06-27,2026-09-11,64,139.1,163.0,112.74,1.45,0.32,-0.35,True,0.52,True,0.173,46.8,2,63
MHO,2.0,2023-11-03,2026-09-11,150,139.1,174.24,94.8,1.84,0.16,-0.06,True,0.56,True,0.173,46.8,4,149
MHS,1.5,2010-09-10,2012-03-30,82,70.3,70.3,46.89,1.5,0.15,-0.29,True,1.0,True,0.199,67.3,1,26
MHS,2.0,2009-01-02,2012-03-30,170,70.3,70.3,38.2,1.84,0.39,,True,1.0,True,0.199,67.3,4,160
MIAX,2.0,2025-08-15,2026-09-11,57,42.54,56.16,31.12,1.8,0.17,,,0.46,False,-0.062,49.9,1,56
MIDD,2.0,2020-10-09,2026-09-11,310,105.72,197.34,99.54,1.98,-0.23,-0.28,False,0.06,False,-0.089,32.1,5,306
MIFI,1.5,2018-12-28,2019-12-27,53,47.9,56.4,40.0,1.41,-0.13,-0.05,True,0.48,False,0.0,53.1,0,52
MIG_old,2.0,2012-01-27,2015-07-10,181,8.64,10.07,5.28,1.91,-0.18,-0.56,True,0.7,True,0.017,76.5,4,70
MIRM,1.5,2026-01-09,2026-09-11,36,100.61,125.59,86.3,1.46,0.4,0.09,True,0.36,True,0.126,49.9,0,27
MITL,2.0,2013-09-20,2018-11-30,272,11.15,11.2,5.62,1.99,0.03,0.08,True,0.99,True,0.003,69.5,7,266
MITT,1.5,2025-05-09,2026-09-11,71,6.6,8.65,5.91,1.46,0.38,-0.09,True,0.25,False,-0.035,36.2,1,70
MJN,1.5,2013-07-12,2017-06-16,206,89.98,100.33,67.94,1.48,0.06,-0.16,True,0.68,True,0.118,68.4,1,74
MKC,1.5,2026-03-06,2026-09-11,28,51.1,63.7,45.93,1.39,-0.05,-0.42,False,0.29,True,0.052,44.9,1,17
MLHR,1.5,2020-11-13,2021-12-31,60,39.19,49.46,33.21,1.49,0.26,-0.3,True,0.37,False,-0.077,47.9,0,52
MLKN,2.0,2024-08-30,2026-09-11,107,20.8,27.28,13.72,1.99,-0.23,-0.51,True,0.52,True,0.379,53.1,2,44
MLM,1.5,2025-03-14,2026-09-11,79,502.47,687.06,466.76,1.47,0.22,-0.24,False,0.16,False,-0.051,33.9,0,75
MLNK,1.5,2024-11-15,2025-10-24,50,20.01,23.35,15.57,1.5,-0.36,-0.39,True,0.57,True,0.166,60.6,0,12
MLNK,2.0,2021-09-10,2025-10-24,216,20.01,26.45,13.33,1.98,0.04,,True,0.51,True,0.166,60.6,2,148
MLNX,1.5,2019-01-25,2020-04-24,66,124.89,124.89,85.34,1.46,0.31,-0.09,True,1.0,True,0.02,62.1,0,65
MLR,2.0,2023-11-10,2026-09-11,149,54.51,72.59,36.51,1.99,-0.13,-0.05,True,0.5,True,0.13,62.5,1,42
MLYS,1.5,2026-01-09,2026-09-11,36,29.3,33.37,23.62,1.41,-0.39,-0.46,True,0.58,False,-0.016,54.5,1,13
MMC,1.5,2023-03-31,2026-01-16,147,182.7,239.47,159.82,1.5,0.39,-0.04,False,0.29,False,-0.093,39.7,1,146
MMI,1.5,2025-02-21,2026-09-11,82,31.07,37.55,25.42,1.48,-0.24,-0.4,False,0.47,True,0.119,54.9,1,26
MMI,2.0,2022-04-08,2026-09-11,232,31.07,49.31,25.42,1.94,-0.27,-0.52,False,0.24,True,0.119,54.9,2,26
MMS,2.0,2020-03-27,2026-09-11,338,56.53,97.03,49.76,1.95,0.12,-0.32,False,0.14,False,-0.096,40.0,7,337
MMSI,1.5,2025-09-12,2026-09-11,53,86.47,90.78,61.27,1.48,-0.31,-0.44,True,0.85,True,0.234,63.4,0,18
MMSI,2.0,2022-09-30,2026-09-11,207,86.47,109.12,54.72,1.99,0.25,-0.25,True,0.58,True,0.234,63.4,2,204
MMYT,2.0,2026-01-23,2026-09-11,34,49.08,62.6,36.3,1.72,0.15,-0.7,False,0.49,True,0.268,42.9,1,24
MN,1.5,2022-03-18,2022-10-28,33,12.85,12.85,8.83,1.46,0.31,-0.1,True,1.0,True,0.012,62.8,0,31
MNDY,2.0,2026-01-30,2026-09-11,33,85.17,114.75,58.81,1.95,0.18,-0.82,False,0.47,True,0.165,46.3,0,22
MNLO,2.0,2020-04-10,2021-01-29,43,160.56,172.08,86.4,1.99,0.01,-0.89,False,0.87,True,0.063,59.3,1,42
MNR,1.5,2024-08-30,2026-09-11,107,12.57,14.49,9.68,1.5,-0.03,-0.34,True,0.6,False,-0.018,51.2,2,35
MNR,2.0,2023-10-27,2026-09-11,151,12.57,14.73,9.68,1.52,-0.15,,True,0.57,False,-0.018,51.2,2,35
MNTN,2.0,2025-11-07,2026-09-11,45,11.67,14.39,7.78,1.85,-0.3,-0.73,,0.59,True,0.2,52.1,2,17
MNTV,2.0,2022-06-10,2023-06-09,53,9.45,10.68,5.64,1.89,0.14,-0.8,False,0.76,True,0.273,60.7,1,37
MOD,2.0,2026-01-30,2026-09-11,33,179.26,297.37,177.63,1.67,-0.03,0.09,True,0.01,False,-0.126,40.9,0,2
MOH,2.0,2025-07-04,2026-09-11,63,200.28,239.58,131.72,1.82,0.24,-0.68,False,0.64,True,0.237,52.8,3,31
MOMO,2.0,2022-12-09,2026-09-11,197,5.04,8.87,4.68,1.89,-0.12,-0.63,False,0.09,False,-0.033,31.6,2,129
MOSY,2.0,2021-06-11,2021-12-24,29,202.8,285.6,146.8,1.95,-0.39,-0.6,False,0.4,False,-0.063,50.4,0,3
MP,2.0,2025-07-11,2026-09-11,62,51.32,80.79,41.3,1.96,-0.39,0.09,True,0.25,False,-0.117,46.0,0,7
MP-WS,2.0,2020-12-11,2021-12-17,54,42.48,47.26,26.14,1.81,0.29,,,0.77,True,0.095,57.8,0,31
MPAA,2.0,2025-04-11,2026-09-11,75,10.97,17.38,8.75,1.99,0.12,-0.19,True,0.26,True,0.171,40.6,1,74
MPAC_old,2.0,2019-12-20,2020-10-09,43,365.0,365.0,191.0,1.91,0.26,-0.17,True,1.0,True,0.235,68.4,0,42
MPSX,1.5,2015-10-23,2017-06-09,86,18.0,18.0,12.48,1.44,0.16,,,1.0,True,0.108,70.0,2,30
MPSX,2.0,2015-10-23,2017-06-09,86,18.0,18.0,12.48,1.44,0.16,,,1.0,True,0.108,70.0,2,30
MPT,1.5,2025-01-24,2026-09-11,86,3.67,5.42,3.67,1.48,0.06,-0.61,False,0.0,False,-0.094,30.0,2,0
MPT,2.0,2024-02-16,2026-09-11,135,3.67,5.5,2.85,1.93,0.39,-0.8,False,0.31,False,-0.094,30.0,3,134
MPW,1.5,2025-01-17,2026-01-30,55,4.93,5.63,3.76,1.5,0.21,-0.63,False,0.63,True,0.097,50.8,2,54
MR,2.0,2020-04-10,2020-11-13,32,5.36,6.66,3.53,1.89,-0.05,-0.99,False,0.58,True,0.02,49.7,0,20
MRAC,1.5,2021-02-05,2021-10-22,38,10.88,10.92,9.49,1.15,-0.17,,,0.97,True,0.015,59.5,0,2
MRAC,2.0,2021-02-05,2021-10-22,38,10.88,10.92,9.49,1.15,-0.17,,,0.97,True,0.015,59.5,0,2
MRD,2.0,2015-10-16,2016-09-16,49,14.72,18.58,9.67,1.92,-0.07,-0.67,False,0.57,True,0.143,49.7,0,29
MRIN,2.0,2025-07-04,2026-06-05,49,4700.0,5650.0,2844.0,1.99,0.19,0.06,True,0.66,False,-0.181,56.3,0,48
MRO,1.5,2022-11-18,2024-11-22,106,28.61,29.8,20.59,1.45,0.31,-0.35,True,0.87,False,-0.009,55.5,3,88
MRO,2.0,2022-01-07,2024-11-22,151,28.61,31.73,17.3,1.83,0.29,0.06,True,0.78,False,-0.009,55.5,4,148
MRP,1.5,2025-04-25,2026-09-11,73,29.59,32.02,21.92,1.46,0.35,,,0.76,True,0.054,51.6,1,72
MRSH,1.5,2023-03-31,2026-09-11,181,177.29,235.7,157.31,1.5,0.01,-0.04,False,0.25,True,0.09,48.2,1,180
MRTN,1.5,2026-03-20,2026-09-11,26,13.92,18.1,12.14,1.49,0.21,-0.32,False,0.3,True,0.038,41.8,0,25
MRT_old,2.0,2016-09-30,2019-05-17,138,11.03,12.7,6.59,1.93,-0.35,,True,0.73,True,0.197,59.4,3,21
MR_old,2.0,2009-04-10,2016-03-04,361,27.94,43.26,21.67,2.0,0.01,,False,0.29,True,0.088,60.4,9,355
MSA,1.5,2025-04-11,2026-09-11,75,181.27,200.74,141.46,1.42,0.37,-0.25,True,0.67,True,0.072,54.4,0,73
MSB,2.0,2024-12-20,2026-09-11,91,22.48,40.19,20.85,1.93,0.17,-0.04,True,0.08,False,-0.156,38.1,0,87
MSEX,1.5,2023-09-22,2026-09-11,156,57.18,66.13,44.24,1.49,-0.17,-0.59,False,0.59,True,0.095,56.3,5,126
MSFT,1.5,2023-11-10,2026-09-11,149,492.44,519.34,355.33,1.46,0.38,0.03,True,0.84,True,0.096,60.7,1,24
MSGE-W,2.0,2020-04-24,2021-12-17,87,64.77,115.61,62.43,1.85,-0.01,,,0.04,False,-0.068,39.0,0,17
MSGN,2.0,2020-11-13,2021-07-09,35,14.17,20.44,10.58,1.93,0.27,-0.6,False,0.36,False,-0.085,44.1,0,34
MSGS-W,2.0,2020-02-28,2021-12-17,95,164.72,266.6,141.64,1.88,-0.05,-0.56,False,0.18,True,0.074,41.0,1,59
MSI,1.5,2024-03-15,2026-09-11,131,463.88,495.19,331.71,1.49,0.27,0.02,True,0.81,True,0.05,59.1,2,125
MSM,2.0,2022-10-07,2026-09-11,206,119.68,125.64,62.97,2.0,0.4,-0.2,True,0.9,True,0.211,64.7,4,205
MSO,1.5,2015-02-20,2015-12-04,42,6.42,6.98,4.73,1.48,0.31,-0.1,True,0.75,False,-0.005,64.0,0,40
MSP,2.0,2020-10-23,2022-06-24,88,35.18,35.18,22.36,1.57,0.28,0.95,True,1.0,True,0.363,72.6,2,37
MTAL,1.5,2025-04-11,2026-09-11,49,10.2,12.41,8.37,1.48,-0.19,-0.44,False,0.45,False,-0.051,38.1,1,48
MTB-P-J,1.5,2024-05-10,2026-09-11,123,25.64,27.91,25.08,1.11,-0.12,,False,0.2,True,0.0,40.4,2,122
MTB-P-J,2.0,2024-05-10,2026-09-11,123,25.64,27.91,25.08,1.11,-0.12,,False,0.2,True,0.0,40.4,2,122
MTCH,2.0,2022-09-23,2026-09-11,208,41.82,51.52,26.41,1.95,-0.3,-0.84,True,0.61,True,0.137,67.0,5,70
MTCN,2.0,2020-11-27,2023-05-19,130,61.83,84.1,42.46,1.98,0.02,0.1,True,0.47,True,0.003,45.7,2,129
MTD,1.5,2024-05-24,2026-09-11,121,1280.58,1485.12,1004.96,1.48,-0.12,-0.37,False,0.57,True,0.109,47.5,1,73
MTD,2.0,2020-07-17,2026-09-11,322,1280.58,1697.21,862.72,1.97,0.05,0.0,False,0.5,True,0.109,47.5,7,320
MTDR,1.5,2026-01-30,2026-09-11,33,61.62,64.51,44.25,1.46,0.11,-0.33,True,0.86,False,-0.079,62.2,0,32
MTDR,2.0,2021-10-01,2026-09-11,259,61.62,65.73,33.29,1.97,0.11,-0.02,True,0.87,False,-0.079,62.2,3,247
MTH,1.5,2024-12-06,2026-09-11,93,61.95,86.49,58.37,1.48,-0.05,-0.41,False,0.13,True,0.135,40.0,2,25
MTH,2.0,2023-01-27,2026-09-11,190,61.95,98.25,49.92,1.97,0.15,-0.13,False,0.25,True,0.135,40.0,4,183
MTRX,1.5,2025-08-29,2026-09-11,55,10.36,15.13,10.12,1.5,-0.27,-0.34,False,0.05,False,-0.033,35.9,1,25
MTRX,2.0,2023-08-25,2026-09-11,160,10.36,15.36,7.96,1.93,0.31,-0.3,False,0.32,False,-0.033,35.9,2,159
MTSN,2.0,2015-03-20,2016-05-13,61,3.6,3.99,2.2,1.81,0.02,-0.54,True,0.78,True,0.07,58.8,1,33
MTUS,2.0,2024-06-07,2026-09-11,119,19.19,22.31,11.59,1.92,0.29,-0.52,True,0.71,True,0.092,49.7,3,75
MTX,2.0,2020-07-03,2026-09-11,324,69.42,85.46,43.79,1.95,0.16,-0.41,True,0.62,True,0.004,43.5,7,322
MUSA,2.0,2023-09-15,2026-09-11,157,525.78,621.82,329.13,1.89,0.38,0.04,True,0.67,True,0.046,49.5,2,156
MUX,2.0,2025-09-19,2026-09-11,52,19.55,28.35,14.52,1.95,0.07,0.05,True,0.36,False,-0.132,49.3,0,51
MVNR,2.0,2013-11-22,2015-05-01,76,17.5,18.14,10.04,1.81,0.32,,,0.92,True,0.308,65.7,2,75
MWA,1.5,2024-09-20,2026-09-11,104,23.69,29.97,20.62,1.45,0.39,-0.02,True,0.33,False,-0.061,38.6,2,103
MWH,2.0,2026-02-13,2026-09-11,31,24.5,43.44,24.5,1.77,-0.24,,,0.0,False,-0.17,32.7,0,0
MWIV,1.5,2013-07-12,2015-02-27,86,190.0,190.0,129.9,1.46,0.26,-0.04,True,1.0,True,0.192,71.8,2,83
MWJ,2.0,2011-07-29,2012-06-29,49,30.16,48.49,25.82,1.88,0.19,-0.82,False,0.19,False,-0.128,40.2,0,39
MWW,2.0,2016-02-05,2016-11-04,40,3.41,4.45,2.37,1.88,0.14,-0.72,False,0.5,True,0.346,50.4,0,18
MYCC,2.0,2015-11-06,2017-09-22,99,17.1,18.94,9.54,1.99,0.21,-0.58,True,0.8,True,0.203,67.2,2,84
MYTE,2.0,2024-10-11,2025-07-04,39,7.61,11.1,6.17,1.8,0.33,-0.48,False,0.29,False,-0.083,46.7,0,33
MZOR,1.5,2018-03-23,2018-12-21,40,58.23,62.27,44.57,1.4,-0.1,-0.38,True,0.77,True,0.086,54.4,1,18
MZOR,2.0,2017-07-07,2018-12-21,77,58.23,71.63,36.67,1.95,0.33,-0.15,True,0.62,True,0.086,54.4,2,72
MZTI,2.0,2018-03-30,2026-09-11,442,101.47,201.73,101.47,1.99,0.35,-0.13,False,0.0,False,-0.11,33.5,10,0
NAFC,2.0,2011-07-15,2013-11-22,124,28.29,37.45,18.77,2.0,-0.37,-0.57,False,0.51,True,0.125,65.9,2,38
NAMS,2.0,2025-07-11,2026-09-11,62,21.86,41.3,21.28,1.94,0.09,-0.18,True,0.03,False,-0.109,33.5,1,58
NANO,1.5,2018-09-14,2019-10-25,59,35.33,37.52,26.57,1.41,0.02,-0.4,True,0.8,False,-0.061,61.8,0,44
NANO,2.0,2016-11-11,2019-10-25,155,35.33,44.14,22.63,1.95,0.36,0.01,True,0.59,False,-0.061,61.8,2,151
NAVI,1.5,2026-01-23,2026-09-11,34,9.15,11.41,7.65,1.49,-0.01,-0.51,False,0.4,True,0.078,52.8,1,22
NBHC,1.5,2024-05-03,2026-09-11,124,41.57,46.65,32.26,1.45,0.25,-0.26,True,0.65,True,0.054,49.2,2,123
NBHC,2.0,2020-10-09,2026-09-11,310,41.57,46.65,24.83,1.88,0.37,-0.22,True,0.77,True,0.054,49.2,9,305
NBR,1.5,2026-02-20,2026-09-11,30,90.6,105.41,76.59,1.38,0.28,-0.25,True,0.49,False,-0.062,55.4,1,26
NBTB,1.5,2024-07-12,2026-09-11,114,51.62,53.14,36.74,1.45,0.27,-0.12,True,0.91,True,0.16,63.0,1,74
NBTX,2.0,2026-02-27,2026-09-11,29,37.6,51.5,29.03,1.77,0.38,0.13,True,0.38,True,0.068,52.7,0,25
NCDL,1.5,2024-01-26,2026-09-11,138,12.07,14.64,11.81,1.24,-0.14,,False,0.09,False,-0.041,44.0,2,131
NCDL,2.0,2024-01-26,2026-09-11,138,12.07,14.64,11.81,1.24,-0.14,,False,0.09,False,-0.041,44.0,2,131
NCLH,1.5,2026-03-06,2026-09-11,28,14.57,21.24,14.57,1.46,-0.28,-0.49,False,0.0,True,0.003,33.3,0,0
NCLH,2.0,2023-11-17,2026-09-11,148,14.57,28.35,14.37,1.97,0.12,-0.38,False,0.01,True,0.003,33.3,1,146
NCOM,1.5,2016-11-11,2019-03-29,125,39.21,47.75,32.15,1.49,0.38,0.12,True,0.45,True,0.075,45.9,1,123
NDMO,2.0,2020-08-28,2026-09-11,316,9.43,12.25,7.21,1.7,-0.19,,True,0.44,False,-0.002,31.8,6,202
NE,1.5,2026-02-06,2026-09-11,32,45.74,51.79,37.59,1.38,-0.15,-0.13,True,0.57,False,-0.119,57.1,0,10
NEEPRR,2.0,2022-09-16,2025-08-29,155,41.01,43.22,28.38,1.52,0.26,,True,0.85,True,0.072,52.3,1,99
NEM,1.5,2025-11-28,2026-09-11,42,126.14,131.31,89.18,1.47,0.16,-0.01,True,0.88,False,-0.004,61.5,0,40
NEOG,1.5,2026-01-09,2026-09-11,36,11.77,12.04,8.19,1.47,0.37,-0.55,False,0.93,True,0.19,63.6,0,17
NETI,1.5,2023-05-26,2023-12-29,32,11.33,13.38,9.49,1.41,-0.26,-0.54,False,0.47,False,-0.08,55.6,0,12
NETI,2.0,2022-10-07,2023-12-29,65,11.33,13.38,7.53,1.78,0.39,-0.69,False,0.65,False,-0.08,55.6,0,64
NEWT,2.0,2022-06-17,2026-09-11,222,12.17,16.76,8.83,1.9,-0.23,-0.65,True,0.42,True,0.091,44.4,5,129
NEX,2.0,2022-02-04,2023-09-08,84,10.61,12.08,6.4,1.89,0.06,0.06,True,0.74,True,0.289,58.3,1,83
NEXN,2.0,2024-07-05,2026-09-11,115,9.2,11.62,5.9,1.97,-0.0,-0.46,True,0.58,True,0.298,52.6,0,31
NEXT,1.5,2026-03-20,2026-09-11,26,7.67,9.12,6.7,1.36,-0.25,-0.44,True,0.4,False,-0.072,54.0,0,5
NFG,1.5,2025-01-17,2026-09-11,87,82.33,95.08,65.72,1.45,0.33,0.07,True,0.57,False,-0.044,50.7,0,86
NFLX,2.0,2024-08-16,2026-09-11,109,76.01,132.31,66.58,1.99,-0.03,-0.04,True,0.14,False,-0.169,42.1,0,105
NGCA,1.5,2021-05-21,2022-01-07,34,7.3,10.47,7.3,1.43,-0.22,,,0.0,False,-0.02,20.6,0,0
NGCA,2.0,2021-05-21,2022-01-07,34,7.3,10.47,7.3,1.43,-0.22,,,0.0,False,-0.02,20.6,0,0
NICE,1.5,2026-03-13,2026-09-11,27,98.04,118.36,84.68,1.4,-0.27,-0.68,False,0.4,False,-0.021,46.8,1,12
NILE_old,2.0,2011-07-15,2017-02-17,293,40.71,46.57,23.35,1.99,-0.18,-0.63,True,0.75,True,0.138,67.7,6,238
NIO,2.0,2025-11-07,2026-09-11,45,3.58,6.86,3.58,1.92,-0.29,-0.61,False,0.0,False,-0.217,31.8,0,0
NK,2.0,2021-02-05,2021-12-17,46,33.9,46.14,23.72,1.95,-0.09,0.26,True,0.45,False,-0.062,39.1,0,45
NKLR,2.0,2025-11-07,2026-09-11,45,5.25,7.26,4.01,1.81,0.11,,,0.38,False,-0.072,38.5,0,27
NKTR,2.0,2026-02-13,2026-09-11,31,70.65,91.68,57.32,1.6,-0.12,-0.12,True,0.39,False,-0.044,52.3,0,14
NLMK,1.5,2020-10-30,2021-11-26,57,219.2,276.02,185.1,1.49,0.35,0.01,True,0.38,False,-0.1,43.9,0,56
NLOK,1.5,2021-03-12,2022-11-11,88,22.63,29.42,20.14,1.46,-0.14,-0.13,True,0.27,False,-0.072,48.6,0,6
NLSN,2.0,2020-11-13,2022-10-14,101,27.98,27.98,15.41,1.82,0.33,-0.39,True,1.0,True,0.083,65.2,2,100
NMFC,1.5,2021-02-05,2026-09-11,293,7.23,10.06,6.8,1.48,0.15,-0.06,False,0.13,False,-0.065,44.0,3,292
NMFC,2.0,2020-11-06,2026-09-11,306,7.23,10.06,5.76,1.75,0.23,-0.21,False,0.34,False,-0.065,44.0,4,305
NMIH,1.5,2024-04-26,2026-09-11,125,44.19,45.71,31.11,1.47,0.36,-0.04,True,0.9,True,0.139,62.1,1,124
NOA,1.5,2025-02-21,2026-09-11,82,13.5,17.72,11.93,1.49,-0.39,-0.5,False,0.27,False,-0.031,47.3,1,56
NOAH,1.5,2025-04-25,2026-09-11,73,8.17,10.86,7.37,1.47,-0.16,-0.31,False,0.23,False,-0.04,37.5,0,72
NOAH,2.0,2023-03-10,2026-09-11,184,8.17,10.96,5.67,1.93,0.19,-0.81,False,0.47,False,-0.04,37.5,2,112
NOG,2.0,2025-01-24,2026-09-11,86,26.31,34.13,17.95,1.9,-0.28,-0.54,False,0.52,False,-0.094,59.8,0,10
NOK,2.0,2026-03-13,2026-09-11,27,10.62,15.39,7.92,1.94,0.07,0.03,True,0.36,False,-0.087,51.2,0,25
NOMD,1.5,2025-09-12,2026-09-11,53,11.09,13.31,9.14,1.46,-0.3,-0.51,False,0.47,True,0.189,49.6,0,18
NOV,2.0,2021-12-10,2026-09-11,249,21.32,22.19,11.29,1.96,-0.04,-0.51,True,0.92,True,0.011,59.2,5,74
NOVT,2.0,2020-05-22,2026-09-11,330,143.91,185.16,96.25,1.92,0.16,-0.02,False,0.54,True,0.106,49.2,7,313
NOW,2.0,2025-12-19,2026-09-11,39,131.17,155.31,83.0,1.87,-0.15,-0.63,False,0.67,True,0.165,55.8,0,22
NPCE,1.5,2025-11-07,2026-09-11,45,13.87,18.35,12.89,1.42,-0.03,-0.27,True,0.18,False,-0.039,45.0,1,6
NPCT,2.0,2021-04-30,2026-09-11,281,9.72,11.63,6.2,1.88,0.05,,True,0.65,False,-0.012,49.3,3,151
NPSP,2.0,2013-08-16,2015-02-20,80,45.97,45.97,23.15,1.99,0.39,0.02,True,1.0,True,0.448,74.0,0,19
NPTN,1.5,2021-11-05,2022-08-05,40,16.01,16.01,14.84,1.08,0.29,0.08,True,1.0,True,0.025,70.9,0,12
NP_old,2.0,2020-01-03,2022-07-08,132,32.0,63.77,32.0,1.99,-0.28,-0.62,False,0.0,False,-0.12,37.2,2,0
NRDS,1.5,2026-02-06,2026-09-11,32,9.32,11.16,7.77,1.44,-0.35,-0.54,False,0.46,False,-0.014,45.6,0,17
NRDS,2.0,2024-11-15,2026-09-11,96,9.32,15.43,7.77,1.99,-0.36,-0.64,False,0.2,False,-0.014,45.6,1,17
NRF,2.0,2015-11-13,2017-01-13,62,16.13,16.52,8.31,1.99,0.21,-0.68,False,0.95,True,0.18,68.0,1,48
NRG,2.0,2025-04-11,2026-09-11,75,111.65,178.0,92.7,1.92,-0.13,-0.16,True,0.22,False,-0.113,39.8,0,74
NSA,2.0,2022-04-29,2026-07-24,222,43.41,46.01,23.95,1.92,0.05,-0.55,True,0.88,True,0.217,60.7,3,143
NSAM,2.0,2015-06-26,2017-01-13,82,58.72,69.42,35.34,1.96,-0.29,-0.59,True,0.69,True,0.201,70.4,0,48
NSR_old,2.0,2014-01-31,2017-08-11,185,33.5,36.18,21.03,1.72,0.15,-0.62,True,0.82,True,0.002,67.1,5,78
NSSC,1.5,2025-08-22,2026-09-11,56,35.51,46.53,31.25,1.49,-0.26,-0.43,True,0.28,False,-0.074,44.1,1,55
NTES,1.5,2025-04-25,2026-09-11,73,115.63,149.19,100.02,1.49,-0.12,-0.08,True,0.32,True,0.084,44.0,1,70
NTGR,1.5,2025-11-07,2026-09-11,45,20.98,29.31,20.27,1.45,-0.24,-0.42,True,0.08,False,-0.081,41.8,0,27
NTGR,2.0,2024-09-13,2026-09-11,105,20.98,35.18,19.3,1.82,-0.1,-0.13,True,0.11,False,-0.081,41.8,1,101
NTI,1.5,2015-01-30,2016-06-24,74,21.15,27.16,18.17,1.49,0.22,-0.19,True,0.33,False,-0.088,40.8,0,73
NTLA,2.0,2025-11-28,2026-09-11,42,11.93,17.56,8.99,1.95,0.32,-0.72,False,0.34,False,-0.015,46.3,0,41
NTLS,1.5,2015-07-31,2016-05-06,41,9.26,9.26,6.39,1.45,0.26,-0.69,False,1.0,True,0.006,62.5,1,40
NTR,2.0,2022-09-02,2026-09-11,211,78.74,82.23,41.44,1.98,0.08,-0.57,True,0.91,False,-0.026,62.6,5,89
NTRI,2.0,2017-12-29,2019-03-08,63,42.89,51.12,26.4,1.94,0.18,-0.54,True,0.67,True,0.209,57.9,1,49
NTST,2.0,2020-08-14,2026-09-11,318,19.73,22.01,11.9,1.85,0.16,,True,0.77,True,0.052,47.3,7,150
NTT,1.5,2016-01-08,2017-03-31,65,21.42,23.98,19.15,1.25,-0.05,,,0.47,True,0.032,50.9,1,19
NTT,2.0,2016-01-08,2017-03-31,65,21.42,23.98,19.15,1.25,-0.05,,,0.47,True,0.032,50.9,1,19
NU,1.5,2026-01-30,2026-09-11,33,15.02,17.75,11.97,1.48,-0.34,-0.34,True,0.53,True,0.038,54.7,0,14
NUAI,2.0,2026-01-16,2026-09-11,35,5.93,7.3,4.04,1.81,-0.03,-0.66,False,0.58,True,0.101,58.9,0,19
NUVB,2.0,2026-01-09,2026-09-11,36,6.28,8.04,4.22,1.91,0.26,-0.55,True,0.54,True,0.34,55.5,0,25
NUVB-WS,2.0,2026-01-09,2026-09-11,36,6.28,8.04,4.22,1.91,0.26,-0.58,True,0.54,True,0.34,55.5,0,25
NVAX,1.5,2026-01-16,2026-09-11,35,9.3,10.97,7.32,1.5,-0.04,-0.6,True,0.54,False,-0.025,52.9,0,6
NVAX,2.0,2024-10-18,2026-09-11,100,9.3,10.97,5.86,1.87,0.18,-0.77,True,0.67,False,-0.025,52.9,2,74
NVCR,2.0,2025-02-28,2026-09-11,81,15.35,20.18,10.14,1.99,-0.17,-0.87,False,0.52,True,0.115,48.6,3,31
NVEE,1.5,2024-09-06,2025-08-01,48,22.56,23.52,15.82,1.49,-0.1,-0.57,False,0.88,True,0.265,60.0,0,15
NVLS1,1.5,2011-12-02,2012-06-08,28,40.39,49.91,35.18,1.42,0.27,-0.15,True,0.35,True,0.017,43.3,0,27
NVMI,2.0,2025-11-28,2026-09-11,42,366.03,583.05,312.84,1.86,0.24,-0.09,True,0.2,False,-0.147,40.3,0,41
NVR,2.0,2023-01-13,2026-09-11,192,6088.28,9924.4,4992.24,1.99,0.23,-0.16,False,0.22,True,0.016,40.4,3,191
NVRO,2.0,2024-08-09,2025-04-04,35,5.84,6.19,3.29,1.88,-0.03,-0.94,False,0.88,True,0.196,51.6,0,12
NVST,2.0,2023-09-08,2026-09-11,158,25.87,29.87,15.18,1.97,0.24,-0.7,True,0.73,True,0.079,49.5,3,73
NWN,2.0,2015-09-18,2026-09-11,574,49.06,58.18,29.39,1.98,-0.04,-0.12,True,0.68,False,-0.022,48.6,11,573
NWSA,1.5,2023-11-24,2026-09-11,147,29.38,30.87,21.46,1.44,0.22,-0.01,True,0.84,True,0.099,59.6,2,144
NX,1.5,2026-01-09,2026-09-11,36,21.09,22.93,15.35,1.49,0.11,-0.59,False,0.76,True,0.061,55.9,0,14
NX,2.0,2025-01-03,2026-09-11,89,21.09,23.52,11.82,1.99,-0.06,-0.68,False,0.79,True,0.061,55.9,1,42
NXE,1.5,2025-11-28,2026-09-11,42,10.21,12.78,8.8,1.45,-0.16,-0.1,True,0.35,False,-0.127,48.7,0,8
NXEO,2.0,2014-12-05,2019-03-01,222,9.93,12.42,7.07,1.76,-0.17,,True,0.53,False,-0.143,52.9,2,77
NXH,2.0,2026-01-23,2026-09-11,34,3.55,6.87,3.55,1.94,-0.32,-0.9,False,0.0,False,-0.081,32.2,0,0
NXT,2.0,2025-10-10,2026-09-11,49,81.35,156.4,81.35,1.92,0.18,0.05,True,0.0,False,-0.207,38.8,0,0
NXY,2.0,2009-03-13,2013-03-01,208,27.41,27.43,13.76,1.99,0.11,,True,1.0,True,0.07,64.5,4,207
NYCB,2.0,2024-02-09,2024-11-15,41,10.81,14.64,8.49,1.73,-0.04,-0.78,False,0.38,True,0.102,44.9,1,31
NYT,1.5,2025-11-07,2026-09-11,45,66.57,85.42,60.83,1.4,0.13,0.02,True,0.23,False,-0.106,42.5,0,44
OAK,2.0,2012-12-07,2019-09-27,356,51.52,53.6,28.5,1.88,0.28,0.02,True,0.92,True,0.05,60.8,6,355
OAS,1.5,2021-12-31,2022-07-01,27,109.3,154.6,105.32,1.47,0.39,-0.01,True,0.08,True,0.074,45.8,0,26
OBDC,1.5,2023-05-19,2026-09-11,174,11.06,13.33,9.07,1.47,0.26,-0.02,False,0.47,True,0.021,49.5,3,173
OB_old,2.0,2009-03-27,2017-09-29,445,18.09,18.34,9.83,1.87,0.28,,True,0.97,True,0.038,60.3,11,436
OC,2.0,2023-05-12,2026-09-11,175,127.49,197.78,99.05,2.0,-0.11,-0.01,False,0.29,True,0.226,46.3,3,174
OCDX,1.5,2021-01-29,2022-05-27,70,17.63,22.47,16.49,1.36,-0.2,,,0.19,False,-0.034,45.7,0,64
OCDX,2.0,2021-01-29,2022-05-27,70,17.63,22.47,16.49,1.36,-0.2,,,0.19,False,-0.034,45.7,0,64
OCFC,2.0,2020-03-27,2026-09-11,338,18.74,21.02,10.54,1.99,0.29,-0.53,True,0.78,True,0.048,50.0,7,330
OCLR,1.5,2018-02-09,2018-12-07,44,8.26,9.93,6.71,1.48,0.08,-0.39,True,0.48,False,-0.066,46.3,0,43
OCLR,2.0,2016-07-29,2018-12-07,124,8.26,11.02,5.73,1.92,-0.03,0.04,True,0.48,False,-0.066,46.3,2,123
OCSL,2.0,2020-11-13,2026-09-11,305,12.58,15.8,8.11,1.95,0.17,-0.02,False,0.58,True,0.061,55.5,6,304
OCUL,1.5,2026-01-09,2026-09-11,36,10.62,11.27,7.55,1.49,0.11,-0.48,True,0.83,True,0.102,55.6,0,24
OCUL,2.0,2025-05-23,2026-09-11,69,10.62,14.56,7.3,1.99,-0.27,-0.36,True,0.46,True,0.102,55.6,1,68
ODD,2.0,2026-02-27,2026-09-11,29,16.01,17.9,9.81,1.82,0.16,-0.87,False,0.77,True,0.099,45.8,1,14
ODFL,2.0,2022-10-07,2026-09-11,206,180.55,245.37,126.95,1.93,0.18,-0.27,False,0.45,True,0.007,38.5,3,204
OEC,2.0,2025-09-12,2026-09-11,53,5.79,9.14,4.62,1.98,0.15,-0.83,False,0.26,False,-0.061,43.6,1,42
OFC,1.5,2020-04-10,2023-11-17,189,24.11,27.23,18.65,1.46,0.25,-0.27,True,0.64,False,-0.003,50.4,4,183
OFLX,1.5,2025-01-31,2026-09-11,85,25.51,38.25,25.51,1.5,-0.32,-0.77,False,0.0,False,-0.037,36.2,1,0
OFRM,1.5,2026-03-06,2026-09-11,28,15.89,21.38,14.86,1.44,0.1,,,0.16,True,0.117,47.5,1,20
OFRM,2.0,2026-02-06,2026-09-11,32,15.89,24.09,14.86,1.62,-0.32,,,0.11,True,0.117,47.5,1,20
OGC,2.0,2025-10-03,2026-09-11,50,30.01,42.16,22.01,1.92,0.11,0.07,True,0.4,False,-0.114,54.0,0,49
OIS,2.0,2025-12-05,2026-09-11,41,8.59,13.09,6.78,1.93,-0.04,-0.02,True,0.29,False,-0.17,48.5,0,37
OKSB,1.5,2016-11-11,2017-10-20,50,28.45,28.74,21.5,1.34,0.08,0.1,True,0.96,True,0.039,68.5,2,49
OLBK,1.5,2016-12-09,2019-11-22,155,28.83,34.55,23.12,1.49,0.06,0.04,True,0.5,True,0.1,55.3,1,151
OLN,2.0,2024-12-20,2026-09-11,91,17.31,31.74,17.15,1.85,-0.2,-0.7,False,0.01,False,-0.257,36.6,2,2
OLP,1.5,2024-03-08,2026-09-11,132,23.23,26.35,18.51,1.42,0.19,-0.18,True,0.6,True,0.078,48.2,3,131
OLP,2.0,2021-01-01,2026-09-11,298,23.23,26.35,13.19,2.0,0.38,-0.26,True,0.76,True,0.078,48.2,6,296
OMAB,1.5,2025-05-16,2026-09-11,70,98.13,131.13,87.71,1.49,0.4,0.05,True,0.24,True,0.002,42.2,0,68
OMAM,2.0,2014-10-10,2018-04-06,183,15.53,18.31,10.53,1.74,-0.03,,True,0.64,True,0.017,47.7,3,113
OMC,1.5,2022-11-11,2026-09-11,201,79.45,98.16,66.47,1.48,-0.05,-0.1,True,0.41,True,0.091,50.1,3,196
OMCL,1.5,2026-02-06,2026-09-11,32,32.25,45.87,32.25,1.42,-0.03,-0.36,False,0.0,False,-0.02,39.0,0,0
OMCL,2.0,2023-09-22,2026-09-11,156,32.25,50.74,25.78,1.97,0.19,-0.86,False,0.26,False,-0.02,39.0,4,70
OME,1.5,2017-03-03,2017-12-22,43,22.0,22.35,15.65,1.43,0.39,-0.39,True,0.95,True,0.326,67.6,1,18
OME,2.0,2015-05-29,2017-12-22,135,22.0,25.74,13.15,1.96,0.25,-0.12,True,0.7,True,0.326,67.6,2,132
OMG,2.0,2012-10-19,2015-10-30,159,33.94,36.54,18.56,1.97,0.37,-0.55,True,0.86,True,0.046,58.2,3,155
OMN,1.5,2019-07-05,2020-04-03,40,10.14,10.15,8.93,1.14,-0.03,-0.22,True,0.99,False,-0.009,55.4,0,2
OMN,2.0,2018-05-04,2020-04-03,101,10.14,11.15,5.59,1.99,0.14,-0.51,True,0.82,False,-0.009,55.4,3,43
OMP,2.0,2021-02-26,2022-02-11,51,23.86,32.89,17.37,1.89,0.25,0.1,True,0.42,True,0.055,53.9,1,50
ONC,1.5,2025-07-11,2026-09-11,62,341.8,374.47,250.3,1.5,0.06,-0.08,True,0.74,True,0.105,55.6,0,61
ONCE,1.5,2019-03-01,2019-12-20,43,113.57,113.88,96.85,1.18,-0.27,0.05,True,0.98,True,0.066,66.5,0,22
ONCE,2.0,2019-03-01,2019-12-20,43,113.57,113.88,96.85,1.18,-0.27,0.05,True,0.98,True,0.066,66.5,0,22
ONEW,2.0,2025-10-31,2026-09-11,46,10.98,15.53,8.44,1.84,-0.15,-0.75,False,0.36,True,0.146,46.0,1,26
OPB,2.0,2018-07-27,2020-06-05,98,19.49,27.97,14.16,1.98,-0.21,-0.58,False,0.39,False,-0.333,48.6,1,9
OPCH,1.5,2026-03-20,2026-09-11,26,23.63,29.0,19.52,1.49,-0.38,-0.46,False,0.43,False,-0.049,46.2,0,17
OPCH,2.0,2021-05-21,2026-09-11,278,23.63,36.27,18.34,1.98,0.09,-0.08,False,0.3,False,-0.049,46.2,3,276
OPLK,2.0,2011-03-11,2014-12-26,199,24.23,24.26,12.22,1.99,0.2,-0.57,True,1.0,True,0.157,73.9,4,134
OPNT1,2.0,2011-11-11,2012-12-21,59,41.86,41.86,22.62,1.85,0.22,-0.5,True,1.0,True,0.301,73.3,1,35
OPRT,2.0,2025-01-31,2026-09-11,85,7.66,8.09,4.22,1.92,-0.04,-0.45,True,0.89,True,0.272,63.9,2,74
OPRX,2.0,2026-02-13,2026-09-11,31,7.18,8.75,4.94,1.77,0.02,-0.77,False,0.59,True,0.135,48.3,0,16
OPTR,1.5,2013-02-08,2013-10-25,38,12.78,15.59,10.9,1.43,0.05,-0.33,True,0.4,False,-0.136,46.6,0,37
OPTR,2.0,2011-08-26,2013-10-25,114,12.78,16.22,8.58,1.89,-0.01,-0.38,True,0.55,False,-0.136,46.6,3,113
OR,2.0,2025-05-23,2026-09-11,69,35.84,47.22,24.81,1.9,0.34,0.03,True,0.49,False,-0.111,52.2,0,63
ORA,1.5,2025-09-26,2026-09-11,51,96.65,139.85,94.47,1.48,0.1,0.0,True,0.05,False,-0.115,38.9,0,50
ORAN,2.0,2013-09-13,2024-12-20,589,9.73,12.0,6.05,1.98,0.21,-0.28,False,0.62,False,-0.051,36.5,11,588
ORBK,1.5,2017-11-03,2019-02-22,69,65.77,65.77,46.26,1.42,0.38,0.05,True,1.0,True,0.032,67.4,1,54
ORCC,1.5,2020-11-06,2023-07-07,140,13.48,13.48,9.5,1.42,0.37,-0.35,True,1.0,True,0.055,62.1,3,40
ORCC,2.0,2019-07-19,2023-07-07,208,13.48,14.59,7.8,1.87,0.16,,True,0.84,True,0.055,62.1,4,170
ORIC,2.0,2025-05-30,2026-09-11,68,12.07,14.2,7.5,1.89,0.13,-0.5,True,0.68,True,0.258,53.5,0,14
ORN,2.0,2025-10-17,2026-09-11,48,9.06,16.41,8.26,1.99,0.26,-0.27,True,0.1,False,-0.093,35.2,0,47
OS,1.5,2025-07-11,2026-04-03,39,24.0,25.03,17.05,1.47,0.28,-0.5,,0.87,True,0.24,58.9,1,24
OSG,2.0,2026-01-02,2026-09-11,37,4.99,7.47,3.94,1.9,-0.21,-0.78,False,0.3,True,0.093,43.2,0,22
OSIS,2.0,2025-01-17,2026-09-11,87,201.25,309.68,166.56,1.86,0.29,-0.08,True,0.24,False,-0.145,39.4,2,86
OSPN,2.0,2024-04-26,2026-09-11,125,16.49,19.09,9.96,1.92,-0.12,-0.44,True,0.72,True,0.3,66.5,0,24
OSUR,2.0,2024-06-14,2026-09-11,118,3.23,4.48,2.27,1.97,-0.4,-0.73,False,0.43,True,0.186,41.2,2,42
OTEX,1.5,2026-01-16,2026-09-11,35,22.61,29.2,20.38,1.43,-0.16,-0.48,False,0.25,True,0.042,44.4,0,22
OWLT,1.5,2026-03-13,2026-09-11,27,4.69,6.66,4.65,1.43,0.05,-0.71,False,0.02,True,0.038,39.8,0,13
OWLT,2.0,2026-03-06,2026-09-11,28,4.69,7.26,4.65,1.56,-0.11,-0.71,False,0.02,True,0.038,39.8,0,13
OXM,1.5,2025-06-13,2026-09-11,66,30.95,44.71,30.87,1.45,-0.1,-0.69,False,0.01,False,-0.107,39.1,1,1
OXPS,2.0,2009-03-13,2011-09-02,130,12.6,20.53,10.76,1.91,0.07,,False,0.19,False,-0.179,34.7,1,129
OXY,1.5,2026-01-23,2026-09-11,34,61.16,64.72,43.49,1.49,0.38,-0.34,True,0.83,False,-0.034,60.7,0,33
OXY,2.0,2022-01-28,2026-09-11,242,61.16,69.61,34.96,1.99,-0.34,-0.08,True,0.76,False,-0.034,60.7,2,241
OXY-WT,2.0,2026-01-23,2026-09-11,34,39.32,43.35,22.17,1.96,0.36,-0.53,True,0.81,False,-0.061,60.3,0,33
OZRK,1.5,2016-11-11,2018-07-13,88,39.33,52.39,38.41,1.36,-0.17,-0.23,False,0.07,False,-0.056,34.4,2,44
PAAS,2.0,2025-09-05,2026-09-11,54,50.65,68.06,34.15,1.99,0.36,0.02,True,0.49,False,-0.113,51.3,1,53
PAC,1.5,2025-05-09,2026-09-11,71,204.56,300.41,204.56,1.47,0.05,0.03,True,0.0,False,-0.081,37.4,1,0
PACT,2.0,2012-07-13,2014-03-28,90,7.24,9.03,5.06,1.78,-0.29,-0.79,False,0.55,True,0.036,61.3,2,48
PAE,2.0,2020-02-28,2022-02-18,104,10.05,11.24,5.69,1.98,0.02,-0.51,True,0.79,True,0.372,66.4,2,21
PAGS,1.5,2025-04-11,2026-09-11,75,10.13,11.03,7.4,1.49,0.37,-0.44,True,0.75,False,-0.046,57.6,0,58
PAH,1.5,2017-08-11,2019-02-01,78,11.24,13.26,9.45,1.4,0.2,-0.55,False,0.47,False,-0.087,49.5,0,60
PAH,2.0,2016-11-04,2019-02-01,118,11.24,14.45,7.89,1.83,-0.04,-0.72,False,0.51,False,-0.087,49.5,1,117
PAHC,2.0,2025-08-15,2026-09-11,57,36.58,57.47,30.19,1.9,-0.09,-0.0,True,0.23,False,-0.231,47.5,0,56
PAL,2.0,2026-02-13,2026-09-11,31,4.99,8.35,4.92,1.7,-0.33,-0.75,False,0.02,False,-0.023,38.9,0,17
PAM,1.5,2025-09-26,2026-09-11,51,88.45,90.67,60.8,1.49,0.24,-0.36,True,0.93,True,0.002,57.5,1,49
PAM,2.0,2024-08-09,2026-09-11,110,88.45,94.88,50.99,1.86,0.36,0.01,True,0.85,True,0.002,57.5,3,109
PANL,1.5,2025-11-14,2026-09-11,44,8.32,9.17,6.28,1.46,0.23,-0.23,True,0.71,True,0.013,59.9,0,43
PANL,2.0,2025-10-17,2026-09-11,48,8.32,9.17,4.66,1.97,0.37,-0.43,True,0.81,True,0.013,59.9,0,47
PAR,2.0,2026-02-06,2026-09-11,32,17.62,22.24,11.82,1.88,0.1,-0.85,False,0.56,True,0.261,45.4,1,22
PARAA,2.0,2023-02-10,2025-08-08,131,16.91,26.14,13.23,1.97,0.26,-0.85,False,0.28,False,-0.022,19.0,3,93
PARA_old1,1.5,2023-12-22,2025-08-08,86,11.04,14.6,9.91,1.47,-0.1,-0.72,False,0.24,True,0.078,41.6,2,48
PATH,2.0,2024-05-31,2026-09-11,120,13.87,18.67,9.38,1.99,0.04,-0.64,False,0.48,True,0.244,52.6,2,22
PATK,2.0,2024-07-12,2026-09-11,114,74.86,141.08,73.96,1.91,0.3,-0.04,False,0.01,False,-0.132,35.2,0,113
PAX,2.0,2021-01-22,2026-09-11,295,10.75,16.75,9.24,1.81,-0.07,,False,0.2,False,-0.056,40.1,4,74
PAYO,2.0,2025-02-28,2026-09-11,81,7.12,8.55,4.32,1.98,-0.22,-0.61,True,0.66,True,0.403,64.5,2,28
PAYX,2.0,2021-02-19,2026-09-11,291,115.18,151.89,76.32,1.99,0.35,-0.06,True,0.51,True,0.239,56.8,4,290
PBH,2.0,2021-05-07,2026-09-11,280,47.34,89.09,46.1,1.93,0.28,-0.01,False,0.03,False,-0.054,37.7,6,279
PBR,1.5,2026-02-13,2026-09-11,31,21.38,21.38,14.56,1.47,0.17,-0.01,True,1.0,False,-0.071,67.4,1,30
PCG,1.5,2025-01-10,2026-09-11,88,14.03,18.89,13.28,1.42,0.26,-0.38,False,0.13,False,-0.005,32.1,1,61
PCG,2.0,2022-07-29,2026-09-11,216,14.03,21.31,10.67,2.0,0.15,-0.17,False,0.32,False,-0.005,32.1,3,215
PCG-P-X,1.5,2024-12-06,2026-09-11,93,35.24,50.18,35.24,1.42,-0.2,,,0.0,False,-0.02,28.2,1,0
PCG-P-X,2.0,2024-12-06,2026-09-11,93,35.24,50.18,35.24,1.42,-0.2,,,0.0,False,-0.02,28.2,1,0
PCH,1.5,2020-11-20,2026-02-06,273,41.73,50.23,33.84,1.48,-0.08,-0.05,True,0.48,False,-0.004,52.2,5,272
PCH,2.0,2020-06-05,2026-02-06,297,41.73,50.23,26.01,1.93,0.14,-0.2,True,0.65,False,-0.004,52.2,5,295
PCL_old,1.5,2012-06-29,2016-02-19,191,36.54,51.08,34.54,1.48,0.11,-0.04,False,0.12,True,0.073,35.5,2,190
PCP,1.5,2012-11-30,2016-01-29,166,234.95,272.53,182.66,1.49,0.15,0.02,True,0.58,True,0.019,65.1,4,147
PCPL,1.5,2020-06-19,2021-04-09,43,10.3,11.54,9.1,1.27,-0.02,,,0.49,False,-0.02,51.2,0,5
PCPL,2.0,2020-06-19,2021-04-09,43,10.3,11.54,9.1,1.27,-0.02,,,0.49,False,-0.02,51.2,0,5
PCRX,1.5,2024-12-06,2026-09-11,93,25.16,27.12,18.4,1.47,0.12,-0.61,False,0.78,True,0.076,53.1,2,88
PCRX,2.0,2024-09-20,2026-09-11,104,25.16,27.12,14.53,1.87,0.39,-0.74,False,0.84,True,0.076,53.1,2,103
PCS_old1,1.5,2012-07-27,2013-05-03,41,11.84,12.65,8.66,1.46,0.22,-0.52,True,0.8,True,0.072,64.2,1,39
PCS_old1,2.0,2012-07-20,2013-05-03,42,11.84,12.65,6.41,1.97,0.22,-0.65,True,0.87,True,0.072,64.2,1,41
PDAC,2.0,2020-11-20,2021-09-03,42,65.12,110.8,65.12,1.7,-0.18,,,0.0,False,-0.009,35.9,0,0
PDAC-U,1.5,2020-11-20,2021-08-13,39,11.23,13.85,9.68,1.43,0.02,,,0.37,True,0.002,54.3,0,38
PDAC-U,2.0,2020-11-20,2021-08-13,39,11.23,13.85,9.68,1.43,0.02,,,0.37,True,0.002,54.3,0,38
PDAC-WS,1.5,2020-12-04,2021-08-13,37,11.23,13.85,9.86,1.4,-0.08,,,0.34,True,0.002,55.3,0,36
PDAC-WS,2.0,2020-12-04,2021-08-13,37,11.23,13.85,9.86,1.4,-0.08,,,0.34,True,0.002,55.3,0,36
PDCO,2.0,2020-06-19,2025-04-18,253,31.33,32.53,16.42,1.98,0.09,-0.18,True,0.93,True,0.215,71.9,3,252
PDD,2.0,2024-10-11,2026-09-11,101,77.84,144.76,76.55,1.89,-0.39,-0.51,False,0.02,False,-0.121,37.0,0,11
PDFS,2.0,2026-03-20,2026-09-11,26,47.16,65.36,32.76,2.0,0.36,-0.13,True,0.44,True,0.16,51.0,0,25
PDH,1.5,2013-03-08,2014-07-18,72,14.15,14.64,10.5,1.39,0.03,-0.38,True,0.88,True,0.127,60.2,2,30
PDH,2.0,2012-05-04,2014-07-18,116,14.15,17.0,10.5,1.62,-0.1,,True,0.56,True,0.127,60.2,3,30
PDS,1.5,2025-12-05,2026-09-11,41,89.26,100.81,68.26,1.48,0.36,-0.1,True,0.65,False,-0.109,54.2,1,40
PDYN,2.0,2025-10-10,2026-09-11,49,5.63,8.81,4.42,1.99,-0.22,-0.64,True,0.28,False,-0.119,46.1,1,38
PEG,1.5,2024-03-22,2026-09-11,130,72.48,88.43,60.03,1.47,0.28,-0.05,True,0.44,False,-0.024,38.2,2,129
PEIX,2.0,2020-09-18,2021-04-02,29,5.66,10.15,5.43,1.87,-0.32,0.17,True,0.05,False,-0.042,47.7,0,13
PEN,1.5,2025-11-07,2026-09-11,45,317.78,359.26,266.19,1.35,0.13,-0.11,True,0.55,False,-0.019,46.5,0,44
PENG_old,2.0,2023-11-03,2024-10-18,51,20.41,28.9,14.64,1.97,0.23,-0.59,False,0.4,False,-0.061,48.3,0,50
PENN,2.0,2024-02-02,2026-09-11,137,17.11,23.28,11.76,1.98,-0.18,-0.77,False,0.46,True,0.179,43.7,1,30
PEP,1.5,2021-03-26,2026-09-11,286,136.65,173.55,118.45,1.47,0.07,-0.04,False,0.33,False,-0.069,41.9,5,284
PEP,2.0,2020-03-27,2026-09-11,338,136.65,173.55,98.02,1.77,0.39,-0.17,False,0.51,False,-0.069,41.9,6,337
PERI,1.5,2025-04-11,2026-09-11,75,9.08,11.06,7.88,1.4,-0.18,-0.8,False,0.38,False,-0.028,45.5,0,14
PERI,2.0,2024-04-12,2026-09-11,127,9.08,12.86,7.36,1.75,0.0,-0.82,False,0.31,False,-0.028,45.5,0,75
PERY,2.0,2014-04-25,2018-10-19,235,27.5,29.12,14.64,1.99,0.39,-0.33,True,0.89,True,0.016,52.5,6,232
PETX,2.0,2017-12-01,2019-07-19,86,4.92,6.67,3.5,1.91,-0.07,-0.63,False,0.45,True,0.232,52.6,1,13
PFCB,2.0,2009-04-10,2012-07-06,170,51.47,52.86,26.6,1.99,0.21,,True,0.95,True,0.316,79.4,3,39
PFE,1.5,2023-09-01,2026-09-11,159,27.65,29.5,19.75,1.49,0.06,-0.57,True,0.81,False,-0.001,61.5,4,74
PFE,2.0,2023-01-13,2026-09-11,192,27.65,38.25,19.75,1.94,-0.35,-0.57,True,0.43,False,-0.001,61.5,5,74
PFGC,1.5,2025-04-25,2026-09-11,73,94.35,114.9,79.42,1.45,0.36,-0.12,True,0.42,True,0.174,40.9,0,72
PFLT,1.5,2022-10-07,2026-09-11,206,7.08,9.36,6.25,1.5,0.3,-0.26,False,0.27,False,-0.1,40.3,0,205
PG,1.5,2022-10-21,2026-09-11,204,142.97,170.81,116.58,1.47,0.31,-0.19,False,0.49,True,0.017,44.8,2,203
PGNY,2.0,2024-12-27,2026-09-11,90,27.08,31.93,16.3,1.96,0.33,-0.62,False,0.69,True,0.35,54.8,0,22
PGR,1.5,2024-03-08,2026-09-11,132,216.19,268.48,182.29,1.47,0.0,0.04,True,0.39,True,0.092,52.8,1,131
PGR,2.0,2023-10-13,2026-09-11,153,216.19,268.48,139.92,1.92,0.37,0.04,True,0.59,True,0.092,52.8,1,150
PGRE,1.5,2025-05-23,2025-12-19,31,6.6,7.55,5.82,1.3,0.26,0.07,True,0.45,False,-0.009,57.1,0,30
PGRE,2.0,2022-06-03,2025-12-19,186,6.6,7.91,3.97,1.99,0.0,-0.61,True,0.67,False,-0.009,57.1,4,143
PHC,2.0,2021-04-09,2022-03-04,48,14350.0,25999.36,13249.5,1.96,-0.05,0.02,True,0.09,False,-0.113,42.2,1,47
PHI,1.5,2023-09-29,2026-09-11,155,18.09,24.18,16.7,1.45,-0.07,-0.39,False,0.19,False,-0.042,43.9,2,154
PHI,2.0,2020-04-17,2026-09-11,335,18.09,27.38,14.45,1.89,0.06,-0.06,False,0.28,False,-0.042,43.9,7,334
PHM,2.0,2023-11-03,2026-09-11,150,116.41,146.95,80.66,1.82,0.34,-0.03,True,0.54,True,0.081,42.0,3,148
PHR,2.0,2026-01-23,2026-09-11,34,10.17,15.84,8.06,1.97,-0.18,-0.75,False,0.27,True,0.153,41.6,0,22
PIKE,2.0,2012-11-02,2014-12-26,113,12.01,15.68,7.96,1.97,-0.12,-0.13,True,0.52,True,0.128,65.5,1,21
PING,2.0,2021-02-26,2022-10-21,87,28.5,29.57,17.15,1.72,0.06,-0.53,True,0.91,True,0.369,62.0,0,12
PINS,2.0,2025-11-07,2026-09-11,45,18.78,27.14,15.42,1.76,-0.35,-0.65,False,0.29,True,0.135,38.6,1,30
PIPR,1.5,2025-06-20,2026-09-11,65,76.11,91.83,61.83,1.49,-0.06,-0.25,True,0.48,False,-0.05,48.2,1,64
PJC,1.5,2017-10-20,2020-01-10,117,79.67,87.25,58.61,1.49,0.0,-0.19,True,0.74,True,0.068,57.1,3,116
PJT,1.5,2024-09-20,2026-09-11,104,171.74,187.22,125.12,1.5,0.26,0.0,True,0.75,True,0.121,55.6,1,75
PK,2.0,2023-03-31,2026-09-11,181,15.32,15.83,7.99,1.98,0.26,-0.47,True,0.93,True,0.318,68.7,6,150
PKI,2.0,2020-07-10,2023-05-19,150,114.21,200.47,100.87,1.99,0.05,-0.03,False,0.13,False,-0.074,35.8,1,149
PKX,2.0,2025-10-17,2026-09-11,48,61.6,90.82,49.64,1.83,0.19,-0.44,False,0.29,False,-0.177,52.5,0,11
PKY1,1.5,2015-07-24,2016-10-07,64,16.53,18.19,12.26,1.48,0.2,-0.43,False,0.72,True,0.041,46.3,0,34
PKY1,2.0,2012-06-22,2016-10-07,225,16.53,21.55,10.85,1.99,0.16,-0.4,False,0.53,True,0.041,46.3,3,224
PLAB,2.0,2025-12-12,2026-09-11,40,28.38,53.64,27.73,1.93,-0.25,-0.17,True,0.03,False,-0.297,42.0,0,2
PLAN,2.0,2021-02-26,2022-07-15,73,63.73,67.96,41.48,1.64,0.13,-0.51,True,0.84,True,0.228,59.9,2,32
PLCM,1.5,2015-11-13,2016-09-30,47,12.47,13.46,9.16,1.47,0.13,-0.34,True,0.77,True,0.065,58.6,1,33
PLCM,2.0,2012-04-06,2016-09-30,235,12.47,14.56,8.47,1.72,0.29,-0.74,True,0.66,True,0.065,58.6,4,218
PLKI,2.0,2014-08-29,2017-03-31,136,79.0,79.04,40.1,1.97,0.33,-0.12,True,1.0,True,0.221,80.9,3,135
PLL,2.0,2024-12-13,2025-08-29,38,7.25,10.57,5.75,1.84,-0.35,-0.92,False,0.31,True,0.067,47.1,0,10
PLMR,1.5,2025-06-20,2026-09-11,65,132.92,155.13,106.67,1.45,-0.07,-0.38,True,0.54,True,0.12,55.1,1,15
PLMR,2.0,2024-07-19,2026-09-11,113,132.92,170.88,88.07,1.94,0.31,-0.05,True,0.54,True,0.12,55.1,3,97
PLNR,2.0,2015-01-16,2015-11-27,46,6.58,7.47,4.08,1.83,-0.16,-0.51,True,0.74,True,0.307,66.2,1,18
PLOW,1.5,2026-01-16,2026-09-11,35,40.52,53.89,36.04,1.5,0.28,0.02,True,0.25,True,0.017,43.9,0,34
PLTK,2.0,2025-08-01,2026-09-11,59,2.22,4.17,2.2,1.89,-0.37,-0.77,False,0.01,False,-0.036,34.7,1,1
PLTR,2.0,2025-04-25,2026-09-11,73,165.86,200.47,112.78,1.78,0.0,-0.05,True,0.61,True,0.052,55.6,0,72
PLUS,2.0,2023-06-02,2026-09-11,172,88.01,98.45,50.46,1.95,0.4,-0.16,True,0.78,True,0.066,54.1,4,171
PLYM,2.0,2021-03-26,2026-01-30,254,21.98,26.91,13.72,1.96,0.02,-0.12,True,0.63,True,0.065,65.5,5,42
PLZL,2.0,2020-03-27,2021-12-10,90,12943.0,18366.0,10246.0,1.79,0.07,0.15,True,0.33,False,-0.01,43.0,0,79
PMC,1.5,2016-01-22,2017-12-08,99,29.25,30.32,20.46,1.48,0.36,-0.44,True,0.89,True,0.067,66.3,3,89
PMC,2.0,2013-11-08,2017-12-08,214,29.25,36.67,18.81,1.95,0.07,0.15,True,0.58,True,0.067,66.3,5,213
PMT,1.5,2023-10-27,2026-09-11,151,9.17,12.84,8.72,1.47,0.06,-0.21,False,0.11,False,-0.087,36.7,2,150
PMT,2.0,2020-06-05,2026-09-11,328,9.17,12.84,6.92,1.85,0.37,-0.37,False,0.38,False,-0.087,36.7,7,327
PNB,2.0,2015-08-14,2019-06-07,200,57.2,69.3,39.3,1.76,-0.21,-0.79,True,0.6,True,0.208,61.3,2,30
PNFP,1.5,2024-12-13,2026-09-11,92,99.14,121.74,82.08,1.48,-0.35,-0.34,True,0.43,True,0.091,50.7,2,26
PNFP,2.0,2023-11-03,2026-09-11,150,99.14,124.03,63.01,1.97,0.29,-0.39,True,0.59,True,0.091,50.7,3,148
PNG,2.0,2010-04-30,2014-01-03,193,23.0,26.15,15.91,1.64,-0.31,,True,0.69,True,0.024,55.3,3,117
PNM,1.5,2020-03-27,2024-10-04,237,43.25,46.63,32.49,1.43,0.03,-0.33,True,0.76,True,0.123,67.3,4,223
PNNT,2.0,2023-05-12,2026-09-11,175,3.54,6.1,3.15,1.94,0.09,-0.27,False,0.13,False,-0.132,39.9,2,174
PNRG,2.0,2024-09-20,2026-09-11,104,214.51,268.16,135.24,1.98,0.16,0.01,True,0.6,False,-0.128,55.6,2,45
POLY,2.0,2020-11-06,2022-09-02,96,39.82,43.08,21.62,1.99,0.23,-0.61,True,0.85,True,0.079,65.0,4,94
POR,2.0,2020-09-18,2026-09-11,313,48.56,53.13,27.29,1.95,0.4,-0.43,True,0.82,True,0.008,44.6,7,312
POT,1.5,2015-09-25,2017-12-29,119,20.65,20.65,14.45,1.43,0.3,-0.56,False,1.0,True,0.092,70.2,2,98
POT,2.0,2015-05-29,2017-12-29,136,20.65,27.92,14.45,1.93,-0.29,-0.58,False,0.46,True,0.092,70.2,4,98
POWL,2.0,2026-02-06,2026-09-11,32,176.89,309.15,161.09,1.92,0.17,0.09,True,0.11,False,-0.118,36.5,0,27
POW_old,1.5,2020-04-03,2020-12-11,37,11300.0,11550.0,7700.0,1.5,0.28,-0.55,True,0.94,True,0.042,61.1,0,36
POZN,2.0,2013-11-22,2016-02-12,117,5.95,11.6,5.85,1.98,-0.12,-0.06,False,0.02,False,-0.109,40.9,0,15
PPBI,1.5,2024-12-06,2025-08-29,39,24.49,26.58,17.79,1.49,-0.3,-0.42,True,0.76,True,0.077,61.1,1,20
PPBI,2.0,2022-12-02,2025-08-29,144,24.49,31.12,15.73,1.98,-0.04,-0.58,True,0.57,True,0.077,61.1,3,120
PPC,2.0,2024-03-01,2026-09-11,133,29.93,51.64,27.18,1.9,-0.03,-0.06,False,0.11,False,-0.095,44.8,2,132
PPG,1.5,2022-01-21,2026-09-11,243,105.05,140.11,93.8,1.49,-0.34,-0.43,False,0.24,True,0.073,42.9,5,44
PPG,2.0,2020-05-22,2026-09-11,330,105.05,163.35,84.83,1.93,-0.25,-0.27,False,0.26,True,0.073,42.9,6,329
PPIH,1.5,2025-10-10,2026-09-11,49,29.37,33.82,24.03,1.41,-0.11,-0.22,True,0.55,False,-0.136,53.6,0,42
PPIH,2.0,2025-06-13,2026-09-11,66,29.37,33.82,17.33,1.95,0.28,0.05,True,0.73,False,-0.136,53.6,0,65
PPLI,1.5,2023-08-11,2026-09-11,162,37.54,48.12,32.15,1.5,-0.2,-0.74,False,0.34,False,-0.003,40.0,3,48
PPLI,2.0,2022-07-15,2026-09-11,218,37.54,63.45,32.15,1.97,-0.31,-0.78,False,0.17,False,-0.003,40.0,3,48
PQG,1.5,2020-12-04,2021-08-06,36,16.2,17.7,11.95,1.48,0.29,-0.2,True,0.74,False,-0.049,57.6,0,35
PRAA,2.0,2026-02-27,2026-09-11,29,18.77,22.23,14.64,1.52,0.16,-0.45,False,0.54,True,0.036,53.3,0,16
PRDO,1.5,2025-05-02,2026-09-11,72,32.84,37.17,27.56,1.35,0.31,-0.01,True,0.55,False,-0.048,49.8,1,41
PRG,2.0,2023-04-28,2026-09-11,177,37.15,47.9,24.57,1.95,0.15,-0.54,True,0.54,True,0.284,47.8,2,75
PRGO,2.0,2025-11-07,2026-09-11,45,13.59,14.92,8.83,1.69,-0.18,-0.69,False,0.78,True,0.12,57.3,0,25
PRI,1.5,2024-06-21,2026-09-11,117,289.04,320.09,225.01,1.42,0.28,-0.08,True,0.67,True,0.13,51.3,1,114
PRMB,2.0,2025-07-11,2026-09-11,62,20.56,28.26,14.14,2.0,0.02,-0.59,True,0.45,True,0.105,42.7,1,44
PRME,1.5,2026-03-06,2026-09-11,28,3.35,4.01,2.78,1.45,-0.23,-0.66,False,0.47,True,0.011,49.2,1,13
PRO,2.0,2024-07-05,2025-12-12,76,23.25,27.29,13.98,1.95,-0.21,-0.65,False,0.7,True,0.474,65.8,1,25
PRPB,1.5,2020-09-25,2022-07-22,96,9.35,11.17,9.35,1.19,-0.21,,,0.0,False,-0.002,12.1,1,0
PRPB,2.0,2020-09-25,2022-07-22,96,9.35,11.17,9.35,1.19,-0.21,,,0.0,False,-0.002,12.1,1,0
PRPB-U,1.5,2020-08-07,2021-12-31,67,10.2,11.17,9.76,1.14,-0.3,,,0.31,True,0.009,73.8,0,19
PRPB-U,2.0,2020-08-07,2021-12-31,67,10.2,11.17,9.76,1.14,-0.3,,,0.31,True,0.009,73.8,0,19
PRSP,2.0,2018-05-25,2021-05-07,155,29.34,29.34,15.62,1.88,0.28,,True,1.0,True,0.173,74.0,2,59
PRTA,1.5,2025-08-08,2026-09-11,58,9.02,11.07,7.69,1.44,0.03,-0.88,False,0.39,False,-0.074,47.6,0,57
PRTA,2.0,2025-06-20,2026-09-11,65,9.02,11.07,5.72,1.94,0.35,-0.92,False,0.62,False,-0.074,47.6,0,64
PRU,1.5,2023-11-17,2026-09-11,148,118.48,123.7,82.69,1.5,0.22,-0.14,True,0.87,True,0.198,60.9,0,147
PRVA,1.5,2024-11-01,2026-09-11,98,20.37,27.49,18.86,1.46,0.17,-0.35,False,0.17,True,0.05,37.8,1,58
PRVA,2.0,2022-10-14,2026-09-11,205,20.37,33.41,16.9,1.98,-0.17,-0.64,False,0.21,True,0.05,37.8,4,121
PSA,1.5,2023-11-17,2026-09-11,148,294.6,337.25,228.32,1.48,0.37,-0.32,True,0.61,True,0.08,43.1,5,146
PSDO,1.5,2018-01-12,2019-12-20,102,16.6,18.44,12.64,1.46,0.11,-0.34,True,0.68,True,0.125,63.4,2,52
PSDO,2.0,2017-03-10,2019-12-20,146,16.6,19.05,12.64,1.51,0.11,,True,0.62,True,0.125,63.4,3,52
PSFE,2.0,2025-10-31,2026-09-11,46,6.25,11.01,6.11,1.8,-0.21,-0.75,False,0.03,False,-0.054,38.4,0,30
PSKY,1.5,2026-03-06,2026-09-11,28,10.38,11.87,7.96,1.49,-0.15,-0.58,False,0.62,False,-0.059,50.1,0,6
PSO,1.5,2024-06-21,2026-09-11,117,15.6,17.29,11.66,1.48,0.22,-0.07,True,0.7,True,0.138,51.7,1,116
PSTG,2.0,2025-05-16,2026-04-17,49,67.8,98.7,51.58,1.91,0.22,-0.29,True,0.34,False,-0.162,49.5,0,43
PTAC,1.5,2020-06-19,2020-12-25,28,14.81,14.81,9.96,1.49,0.33,-0.01,,1.0,True,0.05,77.7,0,27
PTC,2.0,2022-10-21,2026-09-11,204,128.71,215.05,112.39,1.91,0.28,-0.26,False,0.16,False,-0.036,42.8,2,203
PTCT,1.5,2025-09-12,2026-09-11,53,67.37,85.99,58.99,1.46,0.18,0.03,True,0.31,True,0.076,43.8,1,50
PTON,2.0,2025-11-21,2026-09-11,43,4.92,6.84,3.71,1.84,-0.08,-0.64,False,0.39,True,0.099,40.5,0,26
PVH,1.5,2026-03-20,2026-09-11,26,69.35,94.08,63.21,1.49,-0.15,-0.55,False,0.2,False,-0.063,41.2,0,25
PVR,1.5,2010-05-28,2014-03-21,200,27.44,28.93,19.75,1.46,0.02,-0.19,True,0.84,True,0.085,57.0,3,198
PVR,2.0,2009-07-24,2014-03-21,244,27.44,28.93,14.88,1.94,0.37,-0.05,True,0.89,True,0.085,57.0,4,241
PVX,1.5,2016-10-28,2018-02-02,67,2300.0,2800.0,1900.0,1.47,-0.04,-0.69,True,0.44,False,-0.071,47.8,1,40
PVX,2.0,2016-05-27,2018-02-02,89,2300.0,2900.0,1900.0,1.53,0.05,-0.69,True,0.4,False,-0.071,47.8,2,75
PWE,2.0,2016-06-17,2017-06-30,55,8.82,14.28,8.82,1.62,-0.08,-0.87,False,0.0,False,-0.162,34.0,0,0
PWP,2.0,2024-03-01,2026-09-11,133,15.17,25.43,12.87,1.98,0.07,-0.0,False,0.18,False,-0.104,40.2,0,131
PWSC,1.5,2024-02-16,2024-10-04,34,22.81,24.59,16.58,1.48,0.32,-0.34,True,0.78,True,0.114,58.6,0,22
PXED,1.5,2025-10-10,2026-09-11,49,26.79,36.83,26.12,1.41,-0.38,,,0.06,True,0.018,41.1,0,25
PXED,2.0,2025-10-10,2026-09-11,49,26.79,36.83,26.12,1.41,-0.38,,,0.06,True,0.018,41.1,0,25
PXT,2.0,2020-05-08,2020-11-06,27,1440.0,2060.0,1060.0,1.94,0.15,-0.64,False,0.38,True,0.038,48.7,0,26
PYCR,2.0,2023-10-20,2025-04-11,78,22.49,23.09,11.64,1.98,0.03,-0.67,False,0.95,True,0.253,74.0,2,43
QCOM,2.0,2025-04-11,2026-09-11,75,176.88,248.74,125.65,1.98,0.3,-0.39,True,0.42,False,-0.013,51.5,1,23
QCP,2.0,2016-11-04,2018-07-27,91,20.74,22.1,12.72,1.74,0.33,,,0.86,True,0.216,59.9,0,22
QD,2.0,2025-04-18,2026-02-20,45,2.77,4.91,2.52,1.95,0.32,-0.23,True,0.1,False,-0.212,34.5,0,44
QDEL,2.0,2026-03-13,2026-09-11,27,12.15,18.27,10.32,1.77,0.07,-0.79,False,0.23,True,0.138,39.4,0,17
QEPM,1.5,2014-10-10,2015-07-24,42,16.09,20.5,14.92,1.37,0.1,-0.43,False,0.21,True,0.076,41.3,1,32
QGEN,2.0,2019-11-08,2026-09-11,358,42.13,52.37,26.45,1.98,0.03,-0.23,True,0.6,True,0.164,56.2,5,357
QIHU,2.0,2014-09-05,2016-07-15,98,76.92,86.73,43.47,2.0,0.24,-0.64,True,0.77,True,0.007,60.6,2,44
QLGC,2.0,2012-04-06,2016-08-19,229,16.07,17.32,8.8,1.97,0.21,-0.61,True,0.85,True,0.121,71.3,7,196
QLIK,2.0,2015-10-23,2016-08-19,44,30.5,32.94,17.61,1.87,0.02,-0.58,True,0.84,True,0.069,54.3,0,27
QNST,2.0,2025-02-21,2026-09-11,82,18.03,21.08,11.25,1.87,-0.21,-0.53,True,0.69,True,0.41,58.7,1,30
QRVO,1.5,2025-05-30,2026-09-11,68,112.36,112.36,76.02,1.48,0.29,-0.38,True,1.0,True,0.055,69.1,1,67
QRVO,2.0,2024-09-06,2026-09-11,106,112.36,112.36,56.27,2.0,0.24,-0.54,True,1.0,True,0.055,69.1,1,74
QS-WS,2.0,2021-04-16,2021-12-17,36,23.78,38.81,19.61,1.98,-0.19,,,0.22,True,0.198,45.9,1,17
QS-WT,2.0,2021-04-16,2021-12-17,36,23.78,38.81,19.61,1.98,-0.19,-0.83,,0.22,True,0.198,44.8,1,17
QSR,1.5,2023-03-17,2026-09-11,183,76.49,80.86,54.09,1.49,0.32,-0.1,True,0.84,True,0.004,53.3,6,182
QTRX,2.0,2026-03-13,2026-09-11,27,2.5,4.72,2.5,1.89,-0.35,-0.91,False,0.0,True,0.034,38.1,0,0
QUNR,1.5,2016-04-29,2017-03-03,45,30.41,40.81,27.37,1.49,-0.19,-0.49,False,0.23,True,0.033,47.9,1,37
QUNR,2.0,2014-12-12,2017-03-03,117,30.41,53.56,26.98,1.99,-0.34,-0.24,False,0.13,True,0.033,47.9,3,116
QVCA,2.0,2014-04-18,2018-04-13,206,20.8,30.26,18.12,1.67,-0.17,0.69,False,0.22,True,0.11,36.0,5,72
RA,1.5,2020-11-13,2026-09-11,305,12.21,12.7,8.55,1.49,0.14,-0.16,True,0.88,True,0.021,44.8,7,304
RA,2.0,2020-04-10,2026-09-11,336,12.21,12.7,7.17,1.77,0.38,-0.3,True,0.91,True,0.021,44.8,7,333
RACE,1.5,2025-10-10,2026-09-11,49,408.64,436.54,311.04,1.4,0.06,-0.39,True,0.78,True,0.159,57.6,1,25
RACE,2.0,2023-03-31,2026-09-11,181,408.64,511.75,260.32,1.97,0.35,-0.0,True,0.59,True,0.159,57.6,3,180
RADA,1.5,2022-05-13,2023-01-20,37,12.84,13.19,9.05,1.46,0.21,-0.45,True,0.92,True,0.1,60.9,1,29
RADA,2.0,2020-12-04,2023-01-20,112,12.84,16.43,8.75,1.88,-0.03,0.14,True,0.53,True,0.1,60.9,3,57
RADI,2.0,2022-06-17,2023-09-29,68,15.0,15.84,8.09,1.96,0.33,-0.56,True,0.89,True,0.011,62.8,1,49
RAIL,2.0,2026-03-06,2026-09-11,28,6.66,12.73,6.66,1.91,-0.32,-0.56,True,0.0,False,-0.024,37.7,0,0
RAL_old,2.0,2020-10-23,2022-03-04,72,136300.0,235000.0,125900.0,1.87,0.02,0.1,True,0.1,False,-0.282,34.4,0,70
RAMP,2.0,2022-11-11,2026-09-11,201,37.75,40.41,20.7,1.95,0.29,-0.76,True,0.87,True,0.216,68.4,3,181
RARX,1.5,2019-10-11,2020-04-03,26,47.99,47.99,45.7,1.05,-0.01,0.27,True,1.0,False,-0.001,71.1,0,2
RATE1,1.5,2009-03-20,2009-09-25,28,28.5,30.06,20.32,1.48,0.32,,,0.84,True,0.005,34.0,1,27
RATE1,2.0,2009-02-06,2009-09-25,34,28.5,30.06,16.16,1.86,0.36,,,0.89,True,0.005,34.0,1,29
RAX,2.0,2015-07-24,2016-11-04,68,31.99,35.13,17.63,1.99,0.01,-0.68,False,0.82,True,0.332,68.7,1,38
RBA,1.5,2024-10-18,2026-09-11,100,80.54,117.4,79.17,1.48,0.27,-0.06,False,0.04,False,-0.027,30.6,1,99
RCI,1.5,2025-06-13,2026-09-11,66,36.09,39.1,26.35,1.48,0.31,-0.38,True,0.76,False,-0.029,52.3,0,65
RCI,2.0,2022-04-29,2026-09-11,229,36.09,45.93,23.02,2.0,-0.35,-0.54,True,0.57,False,-0.029,52.3,2,74
RCII,2.0,2022-02-25,2023-04-28,62,26.66,29.29,16.68,1.76,0.06,-0.72,False,0.79,True,0.107,56.1,2,30
RCKT,2.0,2025-05-30,2026-09-11,68,3.48,5.01,2.51,2.0,0.25,-0.92,False,0.39,True,0.034,49.0,2,67
RCL,1.5,2025-05-30,2026-09-11,68,259.01,357.11,249.38,1.43,-0.22,-0.04,True,0.09,True,0.086,41.0,1,43
RCL,2.0,2025-04-11,2026-09-11,75,259.01,357.11,188.25,1.9,0.11,-0.28,True,0.42,True,0.086,41.0,1,74
RCM,2.0,2022-12-02,2024-11-22,104,14.31,18.47,9.25,2.0,-0.14,-0.7,False,0.55,True,0.091,62.5,1,45
RCNI,1.5,2010-02-19,2010-08-27,28,15.0,15.35,10.82,1.42,0.3,-0.0,,0.92,True,0.0,72.2,0,27
RDDT,2.0,2026-01-16,2026-09-11,35,155.34,231.01,121.84,1.9,0.01,-0.54,True,0.31,True,0.095,46.9,0,24
RDFN,2.0,2024-10-04,2025-07-04,40,11.19,11.24,5.82,1.93,0.13,-0.65,False,0.99,True,0.165,59.0,1,17
RDNT,1.5,2025-12-12,2026-09-11,40,74.28,78.2,52.39,1.49,-0.15,-0.37,True,0.85,True,0.205,60.4,1,17
RDNT,2.0,2024-03-01,2026-09-11,133,74.28,83.41,44.35,1.88,0.27,0.15,True,0.77,True,0.205,60.4,2,132
RDWR,1.5,2025-04-18,2026-09-11,74,28.0,31.45,21.28,1.48,0.39,-0.12,True,0.66,True,0.064,50.7,2,73
RDY,1.5,2023-06-16,2026-09-11,170,11.71,16.52,11.05,1.49,0.09,-0.15,False,0.12,False,-0.052,37.0,2,169
REAL,1.5,2026-02-13,2026-09-11,31,9.55,12.45,8.57,1.45,0.15,-0.48,True,0.25,True,0.131,42.4,0,24
REAL,2.0,2025-09-05,2026-09-11,54,9.55,16.59,8.57,1.94,-0.23,-0.21,True,0.12,True,0.131,42.4,1,24
REFI,1.5,2023-04-07,2026-09-11,180,10.7,12.92,8.7,1.49,0.32,-0.16,False,0.47,False,-0.044,48.5,4,179
REGI,2.0,2021-06-18,2022-06-17,53,61.5,64.85,33.4,1.94,0.04,-0.69,True,0.89,True,0.347,62.4,1,17
REGN,2.0,2024-10-25,2026-09-11,99,793.26,924.3,487.04,1.9,0.17,-0.59,True,0.7,True,0.045,58.8,1,67
RELX,2.0,2023-02-17,2026-09-11,187,33.82,53.66,27.69,1.94,0.27,-0.06,False,0.24,True,0.014,47.0,4,186
REN,1.5,2017-09-15,2019-03-01,77,30.91,37.81,26.17,1.44,0.09,-0.46,True,0.41,False,-0.044,47.5,2,18
REN,2.0,2017-02-17,2019-03-01,107,30.91,46.61,24.28,1.92,-0.26,-0.5,True,0.3,False,-0.044,47.5,2,77
RENT_old,1.5,2015-08-07,2016-01-29,26,44.47,61.38,41.72,1.47,-0.31,-0.5,True,0.14,False,-0.075,42.4,0,3
REPX,1.5,2026-03-06,2026-09-11,28,43.2,43.2,32.12,1.35,0.37,-0.05,True,1.0,True,0.02,70.2,0,10
RERE,2.0,2025-06-27,2026-09-11,64,3.98,5.76,3.05,1.89,0.17,-0.07,True,0.34,False,-0.098,43.7,0,58
RES,1.5,2025-12-05,2026-09-11,41,6.46,7.9,5.32,1.48,0.19,-0.28,True,0.44,False,-0.13,53.5,0,37
RES,2.0,2023-10-06,2026-09-11,154,6.46,8.22,4.12,2.0,-0.26,-0.63,True,0.57,False,-0.13,53.5,3,48
RESI_old,1.5,2017-07-14,2021-05-07,200,98.4,101.91,77.0,1.32,-0.26,,True,0.86,True,0.031,67.8,4,59
RESI_old,2.0,2017-07-14,2021-05-07,200,98.4,101.91,77.0,1.32,-0.26,,True,0.86,True,0.031,67.8,4,59
REX,1.5,2026-02-20,2026-09-11,30,42.13,50.06,34.18,1.46,0.21,-0.04,True,0.5,False,-0.047,48.1,0,29
REXR,1.5,2024-10-04,2026-09-11,102,37.0,44.62,30.62,1.46,-0.13,-0.46,False,0.46,True,0.053,53.3,3,74
REYN,1.5,2020-01-31,2026-09-11,346,21.57,30.01,20.12,1.49,-0.22,,False,0.15,True,0.17,40.4,5,65
REYN,2.0,2020-01-31,2026-09-11,346,21.57,30.01,20.12,1.49,-0.22,,False,0.15,True,0.17,40.4,5,65
REZI,2.0,2025-06-27,2026-09-11,64,18.83,30.95,15.62,1.98,0.02,-0.18,True,0.21,False,-0.086,38.8,1,63
RGEN,2.0,2024-02-23,2026-09-11,134,164.68,198.03,102.87,1.93,-0.23,-0.59,True,0.65,True,0.298,58.8,3,17
RGLD,1.5,2026-03-06,2026-09-11,28,253.98,278.67,189.17,1.47,-0.24,-0.37,True,0.72,False,-0.046,58.4,0,8
RGP,1.5,2025-08-01,2026-09-11,59,3.89,5.02,3.5,1.44,-0.34,-0.74,False,0.26,True,0.037,44.1,1,27
RH,2.0,2026-01-30,2026-09-11,33,134.02,211.16,113.46,1.86,-0.06,-0.75,False,0.21,True,0.22,41.8,0,23
RIC,2.0,2016-04-01,2017-11-24,87,9.6,11.12,5.65,1.97,0.02,0.06,True,0.72,True,0.215,57.3,1,48
RICK,1.5,2025-09-19,2026-09-11,52,28.62,30.98,21.28,1.46,0.26,-0.67,False,0.76,True,0.146,55.1,2,26
RIG,1.5,2026-01-23,2026-09-11,34,5.77,7.04,4.83,1.46,-0.27,-0.26,True,0.43,False,-0.152,52.6,0,33
RIGL,2.0,2025-08-08,2026-09-11,58,47.28,50.49,25.81,1.96,0.08,-0.07,True,0.87,True,0.424,66.8,2,24
RIGP,2.0,2016-04-15,2016-12-09,35,17.83,17.83,9.06,1.97,0.33,-0.59,True,1.0,True,0.086,76.3,0,34
RILY,2.0,2026-01-09,2026-09-11,36,6.58,10.68,6.45,1.66,-0.12,-0.82,False,0.03,False,-0.11,43.7,0,28
RIVN,1.5,2026-01-02,2026-09-11,37,16.05,19.41,13.79,1.41,-0.04,-0.39,True,0.4,True,0.06,50.1,1,17
RIVN,2.0,2025-04-11,2026-09-11,75,16.05,22.45,11.47,1.96,0.32,-0.57,True,0.42,True,0.06,50.1,2,74
RJET,1.5,2025-08-15,2026-09-11,57,17.21,23.57,16.04,1.47,0.0,-0.28,False,0.15,False,-0.021,45.1,1,56
RJF,1.5,2024-10-04,2026-09-11,102,173.53,180.81,121.59,1.49,0.32,-0.02,True,0.88,True,0.143,58.4,1,75
RKT,2.0,2025-05-16,2026-09-11,70,13.19,23.29,12.65,1.84,-0.21,-0.36,True,0.05,False,-0.019,43.5,1,14
RKUS,2.0,2013-11-01,2016-05-27,135,12.87,15.19,7.97,1.91,-0.34,-0.68,False,0.68,True,0.23,60.1,2,16
RLD,1.5,2014-01-31,2016-03-25,113,11.0,13.3,8.95,1.49,-0.05,-0.42,False,0.47,True,0.027,56.4,1,112
RLD,2.0,2013-10-11,2016-03-25,129,11.0,13.3,6.81,1.95,0.29,-0.56,False,0.65,True,0.027,56.4,2,128
RLJ,2.0,2021-11-12,2026-09-11,253,10.94,12.34,6.2,1.99,-0.39,-0.57,True,0.77,True,0.342,58.0,3,75
RLMD,2.0,2026-02-20,2026-09-11,30,4.07,7.64,4.07,1.88,-0.38,-0.4,True,0.0,False,-0.234,35.2,0,0
RM,1.5,2025-07-04,2026-09-11,63,32.75,43.12,30.34,1.42,-0.06,-0.11,True,0.19,True,0.046,43.3,1,26
RMBS,2.0,2025-09-12,2026-09-11,53,85.35,158.4,85.35,1.86,0.19,0.14,True,0.0,False,-0.185,39.2,0,0
RMD,2.0,2023-11-24,2026-09-11,147,219.58,290.65,149.88,1.94,0.36,-0.4,True,0.5,True,0.008,50.3,2,146
RMNI,2.0,2025-02-14,2026-09-11,83,4.57,5.65,3.03,1.86,0.32,-0.41,True,0.59,True,0.311,52.1,2,30
RMP,1.5,2016-05-20,2018-07-20,114,54.53,75.19,51.42,1.46,-0.33,-0.02,False,0.13,False,-0.062,45.6,4,3
RMP,2.0,2016-03-04,2018-07-20,125,54.53,75.19,38.04,1.98,0.07,-0.26,False,0.44,False,-0.062,45.6,4,123
RNF,2.0,2014-08-01,2016-04-01,88,11.41,13.73,6.95,1.98,-0.17,-0.81,False,0.66,False,-0.157,60.7,0,7
RNST,2.0,2020-10-09,2026-09-11,310,40.53,43.7,22.18,1.97,0.32,-0.3,True,0.85,True,0.087,48.8,7,174
RNW,2.0,2021-11-19,2026-09-11,252,6.85,8.9,4.49,1.98,-0.1,-0.63,True,0.54,True,0.189,63.3,4,183
ROAD,1.5,2025-05-09,2026-09-11,71,96.12,140.48,94.89,1.48,0.12,-0.07,True,0.03,False,-0.065,41.1,0,9
ROAD,2.0,2025-04-11,2026-09-11,75,96.12,140.48,77.45,1.81,0.23,-0.24,True,0.3,False,-0.065,41.1,0,73
ROCC,1.5,2022-09-30,2023-06-23,39,37.47,44.02,31.27,1.41,0.02,-0.37,True,0.49,False,-0.032,45.7,1,38
ROCK,1.5,2026-02-20,2026-09-11,30,44.52,52.79,35.38,1.49,0.28,-0.56,False,0.52,True,0.154,49.4,0,17
ROIC,2.0,2020-11-13,2025-02-14,223,17.49,17.49,10.51,1.66,-0.09,-0.33,True,1.0,True,0.106,76.3,2,68
ROL,2.0,2023-10-27,2026-09-11,151,34.56,64.11,34.56,1.86,0.37,-0.19,False,0.0,False,-0.242,20.6,2,0
ROLL,2.0,2020-11-13,2022-11-25,107,245.82,264.87,157.36,1.68,0.33,-0.13,True,0.82,True,0.083,57.4,1,27
ROOT,1.5,2026-01-30,2026-09-11,33,52.79,64.36,43.21,1.49,0.14,-0.73,False,0.45,True,0.083,43.7,0,23
ROP,2.0,2020-04-10,2026-09-11,336,388.58,581.58,294.9,1.97,0.28,-0.22,False,0.33,True,0.113,52.6,6,333
ROSE1,1.5,2014-12-12,2015-07-24,33,19.98,24.85,16.57,1.5,0.33,-0.73,False,0.41,True,0.128,41.0,0,18
ROSE1,2.0,2014-11-28,2015-07-24,35,19.98,29.42,16.57,1.78,0.04,-0.73,False,0.27,True,0.128,41.0,0,18
ROVI,1.5,2015-12-25,2016-09-09,38,22.42,23.13,15.54,1.49,0.05,-0.38,True,0.91,True,0.077,67.9,0,10
ROVI,2.0,2015-12-25,2016-09-09,38,22.42,23.13,15.54,1.49,0.05,-0.38,True,0.91,True,0.077,67.9,0,10
RPAY,2.0,2025-10-10,2026-09-11,49,3.56,5.09,2.58,1.97,-0.04,-0.77,False,0.39,True,0.129,47.4,1,23
RPC,1.5,2026-02-06,2026-09-11,32,7.9,10.06,6.85,1.47,0.18,-0.5,False,0.33,True,0.071,43.0,0,24
RPM,1.5,2023-11-03,2026-09-11,150,99.31,134.2,91.63,1.46,-0.02,-0.08,False,0.18,True,0.065,42.1,3,149
RPXC,1.5,2016-11-11,2018-06-22,85,10.48,14.09,10.15,1.39,-0.02,-0.39,False,0.08,False,-0.138,35.3,1,17
RRC,1.5,2024-11-08,2026-09-11,97,41.88,47.52,32.48,1.46,0.36,-0.12,True,0.62,False,-0.067,56.8,1,96
RRX,1.5,2026-01-09,2026-09-11,36,156.52,226.42,152.11,1.49,0.03,-0.14,True,0.06,False,-0.041,35.3,0,35
RSE,1.5,2013-12-13,2016-07-08,135,18.27,20.04,13.49,1.49,0.14,-0.4,True,0.73,True,0.04,59.0,1,25
RSE,2.0,2012-06-08,2016-07-08,214,18.27,22.31,11.32,1.97,0.27,-0.14,True,0.63,True,0.04,59.0,2,213
RSKD,2.0,2022-01-07,2026-09-11,245,5.97,7.17,3.63,1.98,-0.13,-0.9,True,0.66,True,0.239,59.9,3,152
RSPP,2.0,2016-03-04,2018-07-20,125,149.47,152.94,82.5,1.85,0.36,-0.19,True,0.95,True,0.105,60.0,3,124
RSTI,2.0,2011-06-03,2016-11-11,285,32.55,34.11,17.23,1.98,0.37,-0.6,True,0.91,True,0.012,66.1,5,223
RTEC,2.0,2016-07-29,2019-10-25,170,28.5,33.45,17.06,1.96,0.29,0.07,True,0.7,False,-0.016,64.6,2,167
RTI,2.0,2009-12-04,2015-07-24,295,28.26,39.62,20.07,1.97,0.16,-0.17,True,0.42,True,0.071,38.2,6,294
RTL,2.0,2022-02-18,2023-09-15,83,7.61,7.61,4.55,1.67,0.05,-0.77,False,1.0,True,0.239,62.2,0,17
RTLR,1.5,2022-01-28,2022-08-26,31,15.22,17.1,11.96,1.43,0.38,0.01,True,0.63,True,0.04,59.1,0,28
RTO,2.0,2020-03-27,2026-09-11,338,22.42,39.23,20.24,1.94,-0.34,-0.32,False,0.11,False,-0.177,30.6,8,75
RTP,1.5,2021-02-26,2021-09-03,28,10.16,12.78,9.5,1.35,-0.14,,,0.2,True,0.001,48.4,0,3
RTPYU,1.5,2021-03-19,2021-11-05,34,10.5,10.5,9.95,1.06,0.11,,,1.0,True,0.004,60.9,0,23
RTPYU,2.0,2021-03-19,2021-11-05,34,10.5,10.5,9.95,1.06,0.11,,,1.0,True,0.004,60.9,0,23
RUM,2.0,2025-08-01,2026-09-11,59,7.36,9.19,4.71,1.95,-0.03,-0.69,False,0.59,True,0.039,51.9,1,24
RUTH,1.5,2022-03-04,2023-06-16,68,21.49,22.77,15.26,1.49,-0.15,-0.41,True,0.83,True,0.115,67.1,1,25
RUTH,2.0,2020-11-13,2023-06-16,136,21.49,26.08,13.34,1.95,-0.21,-0.47,True,0.64,True,0.115,67.1,2,135
RVBD,1.5,2013-11-01,2015-04-24,78,20.99,22.28,14.94,1.49,0.32,-0.48,True,0.82,True,0.046,61.2,2,77
RVBD,2.0,2012-04-06,2015-04-24,160,20.99,27.19,13.89,1.96,0.15,-0.69,True,0.53,True,0.046,61.2,4,78
RVLV,1.5,2026-01-30,2026-09-11,33,20.48,27.65,18.61,1.49,-0.31,-0.5,False,0.21,True,0.055,40.0,0,17
RVLV,2.0,2024-12-20,2026-09-11,91,20.48,34.1,17.71,1.93,-0.16,-0.52,False,0.17,True,0.055,40.0,0,70
RWAY,1.5,2026-02-13,2026-09-11,31,6.51,7.45,5.05,1.48,-0.26,-0.45,False,0.61,False,-0.031,54.4,0,11
RWAY,2.0,2021-10-22,2026-09-11,256,6.51,9.13,5.05,1.81,0.14,,False,0.36,False,-0.031,54.4,3,11
RWT,2.0,2022-01-21,2026-09-11,243,3.63,7.1,3.63,1.95,-0.06,-0.61,False,0.0,False,-0.114,29.1,4,0
RXN,2.0,2020-11-06,2021-12-10,58,36.43,64.32,34.7,1.85,0.26,-0.0,True,0.06,False,-0.237,35.1,0,57
RXRX,1.5,2026-01-30,2026-09-11,33,3.16,4.19,2.93,1.43,-0.29,-0.78,False,0.18,True,0.011,45.5,0,17
RYAAY,1.5,2025-05-23,2026-09-11,69,53.0,72.7,52.97,1.37,0.03,-0.04,True,0.0,True,0.021,39.5,0,17
RYI,2.0,2023-08-04,2026-05-01,144,26.64,32.96,17.0,1.94,-0.31,-0.57,True,0.6,False,-0.004,56.6,3,69
RYL,2.0,2012-08-17,2015-10-02,164,40.83,49.61,25.99,1.91,0.36,-0.02,True,0.63,True,0.005,42.0,2,162
RYN,2.0,2020-06-19,2026-09-11,326,20.28,33.32,17.05,1.95,-0.19,-0.34,False,0.2,True,0.036,42.3,5,324
RYZ,2.0,2023-08-04,2026-09-11,163,25.21,32.5,16.77,1.94,-0.1,-0.57,False,0.54,True,0.069,47.5,3,88
S,2.0,2025-02-21,2026-09-11,82,19.81,23.11,11.94,1.94,-0.17,-0.6,True,0.7,True,0.284,56.3,1,22
SA,1.5,2026-03-06,2026-09-11,28,30.95,34.11,24.43,1.4,-0.02,-0.38,True,0.67,False,-0.025,52.7,0,25
SA,2.0,2025-09-19,2026-09-11,52,30.95,39.35,20.15,1.95,0.26,0.07,True,0.56,False,-0.025,52.7,1,51
SAAS,1.5,2016-05-06,2016-11-11,28,13.99,13.99,9.48,1.48,0.39,-0.19,True,1.0,True,0.004,74.1,1,27
SABS,1.5,2025-10-24,2026-09-11,47,3.42,4.39,3.03,1.45,-0.0,-0.69,False,0.29,True,0.008,45.1,1,46
SABS,2.0,2025-10-10,2026-09-11,49,3.42,4.39,2.29,1.92,0.15,-0.77,False,0.54,True,0.008,45.1,1,48
SAFE,1.5,2024-12-13,2026-09-11,92,14.36,18.88,12.79,1.48,-0.15,-0.57,False,0.26,True,0.082,42.8,2,42
SAFT,2.0,2020-10-02,2026-09-11,311,103.32,103.32,51.8,1.99,0.31,-0.31,True,1.0,True,0.282,79.7,6,310
SAGE,2.0,2024-08-02,2025-08-01,53,8.68,9.6,5.1,1.88,0.21,-0.91,False,0.8,True,0.065,56.7,0,37
SAIA,2.0,2025-01-31,2026-09-11,85,346.0,489.51,245.63,1.99,0.37,-0.59,False,0.41,False,-0.079,41.0,1,72
SAIL,2.0,2026-01-02,2026-09-11,37,17.64,19.83,10.49,1.89,0.19,-0.57,,0.77,True,0.226,53.1,0,22
SALE,1.5,2016-08-26,2017-05-26,40,11.57,11.6,7.75,1.5,-0.02,-0.63,False,0.99,True,0.088,66.7,0,7
SALE,2.0,2015-08-07,2017-05-26,95,11.57,11.97,6.53,1.83,0.23,-0.85,False,0.93,True,0.088,66.7,0,67
SANA,1.5,2026-03-06,2026-09-11,28,3.09,4.01,2.68,1.5,0.39,-0.74,False,0.31,True,0.128,44.7,1,14
SAP,1.5,2026-01-16,2026-09-11,35,205.95,229.6,155.09,1.48,-0.1,-0.49,True,0.68,True,0.08,56.4,0,11
SAP,2.0,2024-01-12,2026-09-11,140,205.95,304.51,152.52,2.0,0.05,-0.01,True,0.35,True,0.08,56.4,0,139
SARO,1.5,2024-10-04,2026-09-11,102,23.65,32.97,23.13,1.43,-0.08,,False,0.05,True,0.046,38.5,1,75
SARO,2.0,2024-10-04,2026-09-11,102,23.65,32.97,23.13,1.43,-0.08,,False,0.05,True,0.046,38.5,1,75
SASR,1.5,2024-07-12,2025-04-04,39,27.95,37.48,25.98,1.44,0.18,-0.29,False,0.17,False,-0.101,38.3,0,38
SATS,1.5,2025-12-12,2026-06-26,29,103.92,137.23,103.91,1.32,0.3,0.27,True,0.0,True,0.072,45.6,0,27
SBAC,1.5,2023-02-24,2026-09-11,186,181.42,243.46,164.92,1.48,-0.37,-0.54,False,0.21,False,-0.096,44.5,3,24
SBET,2.0,2026-01-30,2026-09-11,33,8.43,8.88,4.81,1.85,-0.11,-0.94,False,0.89,False,-0.018,57.4,0,11
SBG,1.5,2020-11-06,2021-07-16,37,127.4,150.78,127.4,1.18,-0.12,,,0.0,False,-0.029,19.8,1,0
SBG,2.0,2020-11-06,2021-07-16,37,127.4,150.78,127.4,1.18,-0.12,,,0.0,False,-0.029,19.8,1,0
SBG-U,1.5,2020-11-06,2021-07-16,37,8.84,10.77,8.84,1.22,-0.12,,,0.0,False,-0.031,17.0,1,0
SBG-U,2.0,2020-11-06,2021-07-16,37,8.84,10.77,8.84,1.22,-0.12,,,0.0,False,-0.031,17.0,1,0
SBG-WS,1.5,2020-11-06,2021-07-16,37,8.84,10.77,8.84,1.22,-0.12,,,0.0,False,-0.031,17.0,1,0
SBG-WS,2.0,2020-11-06,2021-07-16,37,8.84,10.77,8.84,1.22,-0.12,,,0.0,False,-0.031,17.0,1,0
SBGI,1.5,2024-06-28,2026-09-11,116,13.82,16.2,10.94,1.48,0.2,-0.43,True,0.55,True,0.008,49.2,3,57
SBGI,2.0,2023-10-20,2026-09-11,152,13.82,16.2,8.16,1.99,0.4,-0.63,True,0.7,True,0.008,49.2,3,150
SBH,1.5,2025-08-08,2026-09-11,58,15.8,16.83,11.68,1.44,0.09,-0.16,True,0.8,True,0.146,55.1,0,57
SBIB,1.5,2010-12-03,2011-07-29,35,7.73,9.3,6.46,1.44,0.25,-0.21,True,0.45,False,-0.083,45.3,0,33
SBSI,1.5,2024-06-21,2026-09-11,117,32.09,34.68,23.62,1.47,0.38,-0.3,True,0.77,True,0.035,48.9,2,116
SBSW,2.0,2026-03-06,2026-09-11,28,12.57,13.8,8.0,1.73,-0.39,-0.58,True,0.79,False,-0.147,56.4,0,8
SBUX,1.5,2024-08-16,2026-09-11,109,99.22,111.4,76.51,1.46,0.27,-0.27,True,0.65,True,0.067,47.5,4,48
SBUX,2.0,2020-04-10,2026-09-11,336,99.22,111.46,62.17,1.79,0.22,-0.26,True,0.75,True,0.067,47.5,8,324
SBY,2.0,2012-12-14,2017-05-12,231,21.49,21.57,11.82,1.83,0.14,,True,0.99,True,0.21,73.0,4,65
SCCC,1.5,2020-11-06,2026-09-11,306,154.5,171.68,120.3,1.43,-0.02,-0.47,True,0.67,True,0.06,66.8,7,305
SCCC,2.0,2019-11-22,2026-09-11,356,154.5,191.93,99.71,1.92,0.04,-0.63,True,0.59,True,0.06,66.8,8,338
SCCO,1.5,2026-01-09,2026-09-11,36,194.14,216.0,149.58,1.44,0.2,0.03,True,0.67,True,0.064,54.5,0,25
SCLN,1.5,2016-07-22,2017-10-13,65,11.15,11.2,8.8,1.27,0.38,-0.37,True,0.98,True,0.087,61.4,2,49
SCLN,2.0,2015-10-09,2017-10-13,106,11.15,13.97,7.12,1.96,0.18,-0.36,True,0.59,True,0.087,61.4,3,105
SCM,1.5,2026-02-20,2026-09-11,30,8.19,9.68,6.87,1.41,-0.37,-0.47,False,0.47,False,-0.078,44.3,0,7
SCMP,2.0,2015-11-06,2018-02-16,120,18.0,18.22,9.45,1.93,-0.06,-0.67,True,0.97,True,0.511,79.3,2,43
SCS,2.0,2023-09-22,2025-12-12,117,16.14,17.11,9.62,1.78,0.4,-0.13,True,0.87,True,0.24,62.0,1,34
SCSC,2.0,2023-08-25,2026-09-11,160,55.53,58.48,29.86,1.96,0.28,-0.25,True,0.9,True,0.3,63.5,3,150
SCSS,1.5,2017-03-31,2017-11-03,32,32.5,35.49,24.57,1.44,0.37,-0.29,True,0.73,False,-0.007,56.0,0,29
SCU,2.0,2022-02-11,2023-11-17,93,12.72,15.49,7.87,1.97,0.0,-0.7,False,0.64,True,0.267,71.4,2,71
SCZM,2.0,2026-03-06,2026-09-11,28,9.69,10.03,5.94,1.69,-0.02,-0.62,True,0.92,False,-0.02,58.5,0,8
SD,1.5,2025-10-31,2026-09-11,46,14.67,16.97,11.38,1.49,0.0,-0.16,True,0.59,False,-0.077,54.8,0,45
SD,2.0,2022-06-17,2026-09-11,222,14.67,16.97,8.84,1.92,0.18,-0.53,True,0.72,False,-0.077,54.8,4,74
SDGR,2.0,2025-10-31,2026-09-11,46,18.8,21.04,11.08,1.9,-0.01,-0.69,False,0.78,True,0.367,60.3,0,24
SDRL,1.5,2026-01-23,2026-09-11,34,48.46,52.7,38.48,1.37,0.28,-0.3,True,0.7,False,-0.064,60.1,0,32
SDXC,1.5,2009-10-09,2010-05-07,31,19.19,20.42,14.27,1.43,0.2,-0.02,,0.8,False,-0.039,60.3,1,30
SEAH,1.5,2020-11-27,2022-01-28,62,8.14,11.8,8.14,1.45,-0.04,,,0.0,True,0.001,26.8,1,0
SEAH,2.0,2020-11-27,2022-01-28,62,8.14,11.8,8.14,1.45,-0.04,,,0.0,True,0.001,26.8,1,0
SEAH-U,1.5,2020-11-27,2021-12-17,56,9.95,11.8,9.73,1.21,0.18,,,0.11,True,0.058,44.8,1,55
SEAH-U,2.0,2020-11-27,2021-12-17,56,9.95,11.8,9.73,1.21,0.18,,,0.11,True,0.058,44.8,1,55
SEAS,2.0,2021-02-19,2024-02-16,157,50.3,73.08,38.92,1.88,-0.14,0.06,True,0.33,True,0.095,50.1,2,156
SEE,2.0,2023-02-10,2026-04-10,166,42.15,46.78,23.89,1.96,-0.07,-0.63,True,0.8,True,0.057,68.5,3,53
SEG,1.5,2025-07-04,2026-09-11,63,25.85,28.25,18.89,1.5,0.35,-0.44,True,0.74,True,0.163,54.3,0,32
SEG,2.0,2024-08-02,2026-09-11,111,25.85,33.85,17.93,1.89,-0.23,,True,0.5,True,0.163,54.3,1,63
SEM,1.5,2025-02-21,2026-07-03,72,16.51,17.73,11.86,1.5,0.19,-0.43,True,0.79,True,0.055,60.9,2,47
SEM,2.0,2020-11-06,2026-07-03,296,16.51,21.28,11.07,1.92,0.11,-0.2,True,0.53,True,0.055,60.9,7,194
SEMG_old,2.0,2018-10-26,2019-12-06,59,15.02,16.3,8.34,1.95,-0.09,-0.73,False,0.84,True,0.493,58.6,0,15
SENS,2.0,2025-08-15,2026-09-11,57,8.79,9.71,4.86,2.0,-0.32,-0.8,False,0.81,True,0.087,59.8,0,7
SEP,1.5,2015-01-09,2018-12-21,207,35.4,43.16,28.82,1.5,-0.31,-0.36,False,0.46,False,-0.017,50.7,2,29
SEP,2.0,2013-01-04,2018-12-21,312,35.4,44.9,22.54,1.99,0.2,-0.0,False,0.58,False,-0.017,50.7,5,311
SFBS,1.5,2024-07-12,2026-09-11,114,42.34,46.82,33.03,1.42,0.05,-0.23,True,0.67,True,0.13,52.9,3,113
SFD,1.5,2025-05-02,2026-09-11,72,20.59,28.59,20.15,1.42,0.4,,,0.05,False,-0.091,33.0,1,48
SFIX,2.0,2024-11-01,2026-09-11,98,2.85,5.67,2.85,1.99,-0.24,-0.47,False,0.0,True,0.05,39.1,2,75
SFLY,2.0,2018-09-21,2019-09-27,54,50.97,68.66,35.6,1.93,-0.16,-0.63,False,0.46,True,0.102,57.0,0,40
SFM,1.5,2025-10-31,2026-09-11,46,72.2,89.94,67.32,1.34,0.17,-0.62,False,0.22,True,0.006,39.8,1,31
SFM,2.0,2025-09-19,2026-09-11,52,72.2,120.41,67.32,1.79,-0.29,-0.62,False,0.09,True,0.006,39.8,1,31
SFNC,1.5,2024-07-12,2026-09-11,114,23.13,24.08,16.48,1.46,0.23,-0.22,True,0.87,True,0.122,58.5,2,73
SFNC,2.0,2022-01-21,2026-09-11,243,23.13,24.24,12.63,1.92,0.12,-0.53,True,0.9,True,0.122,58.5,5,150
SFS,1.5,2018-06-15,2019-06-21,54,6.5,7.05,4.9,1.44,0.21,-0.69,False,0.74,True,0.039,55.6,1,25
SFS,2.0,2018-02-02,2019-06-21,73,6.5,8.95,4.5,1.99,-0.03,-0.72,False,0.45,True,0.039,55.6,1,54
SFTW,2.0,2019-12-20,2021-09-10,91,11.0,14.99,9.11,1.65,0.11,,,0.32,False,-0.003,65.0,2,77
SFTW-U,2.0,2019-12-20,2021-09-10,91,11.41,14.99,9.11,1.65,0.12,,,0.39,True,0.001,69.4,2,77
SFTW-WS,2.0,2019-12-20,2021-09-10,91,11.41,14.99,8.37,1.79,0.25,,,0.46,True,0.001,69.5,2,89
SGEN,2.0,2020-04-03,2023-12-15,194,228.74,228.74,116.51,1.96,0.29,-0.03,True,1.0,True,0.09,74.7,3,193
SGFY,1.5,2022-08-12,2023-04-07,35,30.49,30.49,21.2,1.44,0.26,-0.46,True,1.0,True,0.007,73.1,0,33
SGH,2.0,2023-11-03,2024-10-18,51,20.41,28.9,14.64,1.97,0.23,-0.59,False,0.4,False,-0.061,48.3,0,50
SGMS,2.0,2021-04-09,2022-07-01,65,46.99,86.11,44.35,1.94,-0.34,-0.11,True,0.06,False,-0.122,37.6,0,64
SGP,2.0,2026-02-06,2026-09-11,32,27.31,29.32,18.44,1.59,-0.2,,,0.82,True,0.058,64.2,0,13
SGP_old1,2.0,2010-05-14,2011-11-18,74,11.6,20.2,10.2,1.98,0.04,0.04,True,0.14,False,-0.331,34.9,2,6
SGRY,1.5,2025-11-14,2026-09-11,44,14.12,17.23,11.49,1.5,-0.16,-0.66,False,0.46,True,0.132,44.5,0,24
SGT,2.0,2021-08-20,2022-03-04,29,30900.0,37900.0,19100.0,1.98,0.38,-0.17,True,0.63,True,0.044,54.2,0,27
SHA,1.5,2021-09-10,2022-03-04,26,7780.0,9333.33,6380.0,1.46,-0.04,-0.12,True,0.47,False,-0.01,49.2,0,25
SHC,1.5,2025-08-08,2026-09-11,58,18.26,19.57,13.13,1.49,0.28,-0.23,True,0.8,True,0.19,56.3,2,24
SHC,2.0,2023-01-13,2026-09-11,192,18.26,19.57,10.34,1.89,0.05,-0.64,True,0.86,True,0.19,56.3,6,75
SHEN,1.5,2025-12-05,2026-09-11,41,11.98,16.46,11.12,1.48,0.27,-0.48,False,0.16,False,-0.182,41.1,0,33
SHO,2.0,2019-03-01,2026-09-11,394,10.97,12.43,6.39,1.94,-0.15,-0.54,True,0.76,True,0.143,53.9,10,320
SHOP,2.0,2025-04-25,2026-09-11,73,126.6,173.86,91.77,1.89,0.05,-0.29,True,0.42,True,0.14,48.6,1,70
SHOR,1.5,2016-01-08,2017-09-22,90,7.5,8.59,5.75,1.49,-0.35,-0.44,True,0.62,True,0.132,64.3,1,10
SHOR,2.0,2013-09-06,2017-09-22,212,7.5,10.32,5.69,1.81,-0.14,-0.2,True,0.39,True,0.132,64.3,3,211
SHPG,1.5,2016-10-14,2019-01-11,118,179.2,187.51,126.11,1.49,-0.05,-0.52,False,0.86,True,0.012,57.0,2,46
SHPG,2.0,2015-08-07,2019-01-11,180,179.2,245.27,126.11,1.94,-0.35,-0.52,False,0.45,True,0.012,57.0,2,46
SHSP,1.5,2021-03-12,2021-09-03,26,17.1,19.87,13.36,1.49,0.04,-0.47,True,0.57,True,0.033,55.1,0,13
SHSP,2.0,2020-11-06,2021-09-03,44,17.1,25.33,13.36,1.9,-0.11,-0.34,True,0.31,True,0.033,55.1,0,13
SHW,1.5,2023-11-17,2026-09-11,148,317.44,391.1,263.79,1.48,0.21,-0.22,True,0.42,True,0.072,44.7,2,147
SHYF,2.0,2023-09-22,2025-07-04,94,12.54,14.57,7.35,1.98,-0.21,-0.85,False,0.72,False,-0.018,63.3,0,11
SIBN,2.0,2023-08-04,2026-09-11,163,18.3,23.81,12.17,1.96,-0.2,-0.58,True,0.53,True,0.312,57.8,2,116
SIG,1.5,2025-06-06,2026-09-11,67,97.71,102.57,73.25,1.4,0.15,-0.31,True,0.83,True,0.029,57.8,0,57
SIGI,1.5,2021-06-25,2026-09-11,273,90.56,104.34,70.28,1.48,0.27,-0.02,True,0.6,True,0.139,51.7,5,258
SIGI,2.0,2020-11-13,2026-09-11,305,90.56,104.34,55.47,1.88,0.39,-0.23,True,0.72,True,0.139,51.7,6,304
SII_old,1.5,2010-02-19,2010-08-27,28,38.84,49.15,37.38,1.31,-0.3,0.14,,0.12,False,-0.079,48.8,0,12
SIMG,2.0,2011-05-27,2015-03-13,199,7.28,7.49,3.78,1.98,0.12,-0.61,True,0.94,True,0.221,65.0,3,139
SINA,2.0,2019-05-10,2021-03-26,99,43.26,55.73,28.88,1.93,0.06,-0.76,False,0.54,False,-0.003,58.4,2,53
SIRI,2.0,2024-03-15,2026-09-11,131,28.88,36.36,18.2,2.0,-0.13,-0.71,False,0.59,True,0.139,60.3,2,75
SITC,2.0,2025-06-20,2026-09-11,65,2.83,5.44,2.83,1.92,-0.31,-0.36,False,0.0,False,-0.215,23.3,0,0
SITE,2.0,2022-01-21,2026-09-11,243,94.78,185.37,94.44,1.96,-0.28,-0.62,False,0.0,False,-0.17,37.1,3,6
SJM,1.5,2023-07-28,2026-09-11,164,121.07,133.4,89.08,1.5,-0.15,-0.37,True,0.72,True,0.208,58.8,2,22
SJR,1.5,2021-03-19,2023-04-07,108,30.18,30.39,23.93,1.27,0.06,0.31,True,0.97,True,0.1,65.9,2,27
SJW,2.0,2016-10-28,2025-05-16,447,52.55,76.07,39.6,1.92,0.39,0.06,False,0.36,True,0.064,49.5,8,427
SKE,1.5,2026-03-06,2026-09-11,28,31.24,34.87,25.18,1.38,0.03,-0.34,True,0.63,False,-0.0,53.4,0,8
SKE,2.0,2025-11-28,2026-09-11,42,31.24,38.12,20.83,1.83,0.28,0.11,True,0.6,False,-0.0,53.4,0,41
SKX,1.5,2025-02-07,2025-09-12,32,63.13,66.03,47.63,1.39,0.36,-0.37,True,0.84,True,0.123,55.0,0,21
SKY,1.5,2025-10-17,2026-09-11,48,81.75,97.34,66.28,1.47,0.04,-0.38,True,0.5,True,0.15,48.2,1,17
SKY,2.0,2023-01-06,2026-09-11,193,81.75,107.42,54.48,1.97,0.37,-0.34,True,0.52,True,0.15,48.2,3,192
SKYH,1.5,2025-04-04,2026-09-11,76,10.27,12.09,8.46,1.43,-0.24,-0.38,True,0.5,True,0.056,52.7,0,42
SKYW,1.5,2025-04-11,2026-09-11,75,95.78,121.4,81.25,1.49,-0.2,-0.33,True,0.36,True,0.141,47.8,0,17
SLB,2.0,2022-01-07,2026-09-11,245,56.01,57.51,29.24,1.97,0.13,-0.14,True,0.95,False,-0.042,58.9,3,217
SLDE,2.0,2025-06-20,2026-09-11,65,24.45,24.67,13.34,1.85,0.4,,,0.98,True,0.187,69.2,2,54
SLGL,1.5,2026-01-30,2026-09-11,33,66.79,91.68,64.22,1.43,0.03,-0.08,True,0.09,True,0.023,44.0,0,32
SLGL,2.0,2026-01-09,2026-09-11,36,66.79,91.68,58.0,1.58,0.21,0.37,True,0.26,True,0.023,44.0,0,35
SLGN,1.5,2025-07-11,2026-09-11,62,38.57,54.34,36.24,1.5,-0.25,-0.35,False,0.13,True,0.112,42.4,1,17
SLH,2.0,2010-06-18,2016-03-04,299,55.84,68.26,34.2,2.0,0.35,-0.08,True,0.64,True,0.014,63.3,4,296
SLNO,2.0,2025-11-07,2026-05-22,29,53.01,53.01,30.05,1.76,0.03,-0.66,True,1.0,True,0.007,56.5,0,8
SLP,2.0,2025-06-13,2026-09-11,66,18.42,20.84,11.42,1.82,0.17,-0.78,False,0.74,True,0.276,58.5,2,24
SLW,1.5,2016-10-07,2017-05-19,33,20.91,24.17,17.3,1.4,-0.06,-0.43,,0.53,True,0.029,50.1,0,22
SLW,2.0,2016-02-19,2017-05-19,66,20.91,30.22,15.2,1.99,0.1,,,0.38,True,0.029,50.1,1,64
SMA,1.5,2025-04-04,2026-09-11,76,32.05,37.12,29.15,1.27,-0.23,,,0.36,True,0.082,47.5,0,17
SMA,2.0,2025-04-04,2026-09-11,76,32.05,37.12,29.15,1.27,-0.23,,,0.36,True,0.082,47.5,0,17
SMA_old,1.5,2013-05-03,2014-12-05,84,9.27,10.58,7.81,1.35,0.2,-0.35,True,0.53,True,0.059,48.9,2,76
SMA_old,2.0,2009-03-27,2014-12-05,298,9.27,12.01,6.09,1.97,0.05,,True,0.54,True,0.059,48.9,9,297
SMC,2.0,2025-03-07,2026-09-11,80,34.23,39.66,20.03,1.98,0.22,-0.56,True,0.72,True,0.053,62.1,1,47
SMG,1.5,2024-11-29,2026-09-11,94,56.16,71.42,47.93,1.49,0.12,-0.42,False,0.35,True,0.059,41.1,1,74
SMG,2.0,2023-11-03,2026-09-11,150,56.16,82.79,43.99,1.88,0.05,-0.7,False,0.31,True,0.059,41.1,2,148
SMP,1.5,2025-08-08,2026-09-11,58,38.46,43.89,34.11,1.29,0.11,-0.08,True,0.44,True,0.039,50.3,2,25
SNAP,2.0,2026-01-16,2026-09-11,35,5.52,7.62,3.93,1.94,-0.24,-0.77,False,0.43,False,-0.076,51.2,0,24
SNDA_old,1.5,2011-05-20,2012-02-17,40,41.28,42.83,29.54,1.45,0.3,-0.53,False,0.88,True,0.14,60.2,0,20
SNDK_old,1.5,2015-10-02,2016-05-13,33,76.18,78.37,59.58,1.32,0.27,-0.43,True,0.88,True,0.033,57.9,0,32
SNDK_old,2.0,2015-01-02,2016-05-13,72,76.18,97.08,49.05,1.98,-0.04,-0.53,True,0.56,True,0.033,57.9,1,38
SNDX,1.5,2025-11-21,2026-09-11,43,18.82,25.15,17.34,1.45,-0.07,-0.29,True,0.19,False,-0.042,44.9,1,14
SNEX,2.0,2026-03-20,2026-09-11,26,69.77,92.67,46.46,1.99,0.24,-0.19,True,0.5,True,0.081,51.0,0,25
SNH,1.5,2019-04-05,2020-01-03,40,8.44,10.08,7.32,1.38,0.12,-0.59,False,0.41,False,-0.022,49.5,0,5
SNHY,2.0,2021-02-05,2022-06-03,70,72.24,109.43,59.86,1.83,0.18,0.03,True,0.25,False,-0.167,45.1,0,69
SNI,2.0,2012-04-20,2018-03-09,308,90.04,90.26,45.44,1.99,0.39,-0.07,True,1.0,True,0.055,69.0,7,307
SNII,1.5,2021-04-23,2022-03-04,46,9.43,11.88,9.31,1.28,0.16,,,0.05,False,-0.022,38.9,0,1
SNII,2.0,2021-04-23,2022-03-04,46,9.43,11.88,9.31,1.28,0.16,,,0.05,False,-0.022,38.9,0,1
SNN,1.5,2025-02-21,2026-09-11,82,27.62,37.21,25.11,1.48,0.21,-0.17,False,0.21,False,-0.043,34.3,1,81
SNN,2.0,2020-02-28,2026-09-11,342,27.62,39.24,20.2,1.94,-0.24,-0.53,False,0.39,False,-0.043,34.3,5,207
SNP,2.0,2018-10-05,2022-11-11,215,43.25,61.25,30.71,1.99,-0.28,-0.54,True,0.41,True,0.004,50.0,4,108
SNPR,2.0,2020-11-06,2021-09-03,44,8.92,15.03,8.92,1.68,-0.34,,,0.0,False,-0.06,32.3,0,1
SNPR-U,2.0,2020-11-06,2021-08-27,43,9.3,15.03,9.3,1.62,-0.33,,,0.0,False,-0.058,35.9,0,0
SNPR-WS,2.0,2020-11-06,2021-08-27,43,9.3,15.03,9.3,1.62,-0.33,,,0.0,False,-0.058,35.9,0,0
SNPS,1.5,2025-09-12,2026-09-11,53,397.17,525.18,373.47,1.41,-0.22,-0.4,False,0.16,False,-0.094,44.0,0,7
SNPS,2.0,2022-11-11,2026-09-11,201,397.17,621.3,319.29,1.95,0.17,-0.17,False,0.26,False,-0.094,44.0,1,193
SNV,1.5,2024-06-28,2026-01-02,80,50.05,55.41,37.41,1.48,0.3,-0.04,True,0.7,False,-0.041,53.5,1,39
SNY,1.5,2022-10-28,2026-09-11,203,42.72,53.75,35.85,1.5,0.22,-0.22,False,0.38,False,-0.009,44.8,3,200
SOAC,1.5,2020-06-26,2021-09-10,64,9.41,11.92,9.41,1.27,-0.07,,,0.0,False,-0.004,29.5,1,0
SOAC,2.0,2020-06-26,2021-09-10,64,9.41,11.92,9.41,1.27,-0.07,,,0.0,False,-0.004,29.5,1,0
SOAC-U,1.5,2020-06-26,2021-09-10,64,10.62,11.92,9.7,1.23,-0.02,,,0.41,True,0.006,69.6,1,63
SOAC-U,2.0,2020-06-26,2021-09-10,64,10.62,11.92,9.7,1.23,-0.02,,,0.41,True,0.006,69.6,1,63
SOAC-WS,1.5,2020-06-26,2021-09-10,64,10.62,11.92,9.7,1.23,-0.02,,,0.41,True,0.006,69.6,1,63
SOAC-WS,2.0,2020-06-26,2021-09-10,64,10.62,11.92,9.7,1.23,-0.02,,,0.41,True,0.006,69.6,1,63
SOFI,1.5,2026-01-30,2026-09-11,33,17.21,22.81,15.23,1.5,-0.18,-0.49,True,0.26,True,0.072,45.5,0,24
SOGO,1.5,2020-07-31,2021-09-24,61,8.95,8.95,7.7,1.16,-0.01,-0.18,True,1.0,True,0.05,64.0,2,25
SOGO,2.0,2020-07-10,2021-09-24,64,8.95,8.95,4.61,1.94,0.2,-0.59,True,1.0,True,0.05,64.0,2,62
SOI,2.0,2022-01-07,2024-09-13,141,11.52,12.99,6.5,2.0,0.01,-0.47,True,0.77,True,0.296,58.8,1,138
SOLV,1.5,2024-08-23,2026-09-11,108,87.65,91.69,61.4,1.49,0.39,-0.12,True,0.87,True,0.177,59.2,0,107
SOLY,1.5,2021-03-19,2021-12-24,41,22.58,22.58,16.18,1.4,0.38,-0.14,True,1.0,False,-0.026,67.3,1,36
SOMN,1.5,2025-11-07,2026-09-11,45,47.64,51.88,46.13,1.12,0.24,,,0.26,False,-0.018,40.2,0,39
SOMN,2.0,2025-11-07,2026-09-11,45,47.64,51.88,46.13,1.12,0.24,,,0.26,False,-0.018,40.2,0,39
SONC,2.0,2014-10-17,2018-12-07,217,43.49,43.49,21.88,1.99,0.26,0.02,True,1.0,True,0.205,78.4,6,216
SONO,1.5,2025-12-12,2026-09-11,40,14.63,18.44,12.7,1.45,-0.29,-0.34,False,0.34,True,0.032,47.4,0,24
SONO,2.0,2025-05-09,2026-09-11,71,14.63,19.15,9.69,1.98,0.39,-0.5,False,0.52,True,0.032,47.4,1,68
SONS,2.0,2015-03-27,2017-12-01,141,7.83,9.62,5.32,1.81,-0.03,-0.74,False,0.58,True,0.046,56.0,2,94
SONY,1.5,2025-11-21,2026-09-11,43,23.52,29.27,19.71,1.48,-0.39,-0.34,True,0.4,True,0.07,54.5,0,11
SP,1.5,2023-09-29,2024-05-17,34,53.99,53.99,36.1,1.5,0.23,-0.11,True,1.0,True,0.013,71.2,0,33
SPAQ-WS,2.0,2019-11-01,2021-07-30,70,9.68,16.9,8.96,1.89,0.08,,,0.09,False,-0.188,41.3,1,18
SPB,2.0,2022-11-25,2026-09-11,199,85.62,90.42,45.47,1.99,0.15,-0.51,True,0.89,True,0.111,56.8,3,198
SPF,1.5,2020-02-21,2020-10-09,34,12.5,17.9,12.3,1.46,-0.39,-0.53,False,0.04,False,-0.072,36.2,0,28
SPGI,1.5,2023-11-03,2026-09-11,150,410.42,521.29,353.6,1.47,0.17,-0.18,False,0.34,True,0.059,46.9,3,149
SPLS_old,1.5,2015-12-11,2017-09-15,93,10.25,10.45,7.06,1.48,0.35,-0.56,False,0.94,True,0.111,63.8,2,46
SPLS_old,2.0,2015-07-03,2017-09-15,116,10.25,14.03,7.06,1.99,-0.35,-0.56,False,0.46,True,0.111,63.8,2,46
SPNV,2.0,2020-12-11,2021-10-15,45,121.35,204.45,121.35,1.68,-0.31,,,0.0,False,-0.017,41.6,0,0
SPOK,2.0,2023-07-21,2026-09-11,165,10.63,16.31,8.21,1.99,-0.04,-0.18,False,0.3,True,0.005,47.5,1,164
SPOT,1.5,2025-11-21,2026-09-11,43,521.73,598.87,417.83,1.43,-0.35,-0.46,True,0.57,True,0.039,52.4,1,18
SPOT,2.0,2024-11-08,2026-09-11,97,521.73,772.6,400.68,1.93,-0.22,0.04,True,0.33,True,0.039,52.4,2,96
SPTN,2.0,2021-03-05,2025-09-19,238,26.9,31.77,15.9,2.0,-0.09,-0.12,True,0.69,True,0.401,73.7,3,219
SQ,2.0,2023-11-10,2025-01-24,64,89.5,98.25,51.5,1.91,0.35,-0.77,False,0.81,True,0.311,59.3,1,63
SQI,2.0,2014-05-02,2016-07-29,118,17.75,19.25,9.9,1.94,-0.3,-0.67,False,0.84,True,0.233,71.4,2,40
SQM,1.5,2025-12-12,2026-09-11,40,72.49,90.88,64.55,1.41,0.12,0.02,True,0.3,False,-0.117,48.5,0,39
SQM,2.0,2025-10-31,2026-09-11,46,72.49,90.88,47.88,1.9,0.38,-0.19,True,0.57,False,-0.117,48.5,0,44
SRC,1.5,2020-11-27,2024-01-26,166,42.31,44.86,30.78,1.46,0.03,-0.26,True,0.82,True,0.191,59.3,2,165
SRC,2.0,2020-06-05,2024-01-26,191,42.31,44.86,24.49,1.83,0.37,-0.41,True,0.87,True,0.191,59.3,2,169
SRDX,2.0,2023-06-09,2025-11-28,130,42.98,42.98,22.38,1.92,0.0,-0.63,True,1.0,False,-0.005,70.9,1,129
SRI,2.0,2025-05-09,2026-09-11,71,7.18,8.82,4.53,1.95,0.16,-0.81,False,0.62,True,0.104,51.1,1,70
SRPT,2.0,2025-08-01,2026-09-11,59,20.52,24.01,14.86,1.62,-0.23,-0.91,False,0.62,False,-0.039,53.4,0,6
SRUN,1.5,2017-04-28,2018-03-23,43,8.94,10.65,8.94,1.19,-0.14,,,0.0,False,-0.026,30.2,0,1
SRUN,2.0,2017-04-28,2018-03-23,43,8.94,10.65,8.94,1.19,-0.14,,,0.0,False,-0.026,30.2,0,1
SRZN,2.0,2025-12-05,2026-09-11,41,19.45,33.6,18.49,1.82,0.04,0.09,True,0.06,False,-0.166,41.6,0,35
SSB,1.5,2024-07-12,2026-09-11,114,105.84,111.59,78.46,1.42,0.27,-0.04,True,0.83,True,0.106,57.3,2,74
SSD,1.5,2023-11-03,2026-09-11,150,172.43,209.75,140.91,1.49,0.09,-0.12,True,0.46,True,0.061,41.7,4,149
SSD,2.0,2023-04-14,2026-09-11,179,172.43,209.75,106.85,1.96,0.37,-0.2,True,0.64,True,0.061,41.7,4,178
SSL,2.0,2026-02-06,2026-09-11,32,14.65,14.65,7.36,1.99,0.33,-0.15,True,1.0,False,-0.109,66.3,0,31
SSNC,1.5,2024-06-21,2026-09-11,117,78.92,88.64,60.37,1.47,0.13,-0.03,True,0.66,True,0.1,56.9,0,114
SSNI,2.0,2015-02-13,2018-01-05,152,16.26,16.26,8.95,1.82,0.31,-0.72,True,1.0,True,0.246,74.9,3,144
SSP,2.0,2025-11-21,2026-09-11,43,3.1,4.97,2.75,1.81,-0.33,-0.59,False,0.16,False,-0.203,46.1,1,12
SSRI,1.5,2016-09-30,2017-08-11,46,9.56,12.06,8.11,1.49,-0.2,-0.47,True,0.37,False,-0.091,46.4,0,33
SSRI,2.0,2016-04-22,2017-08-11,69,9.56,15.34,8.11,1.89,-0.3,-0.2,True,0.2,False,-0.091,46.4,1,33
SSYS,2.0,2024-03-15,2026-09-11,131,7.57,12.19,6.16,1.98,-0.03,-0.76,False,0.23,False,-0.048,41.7,0,105
STAA,2.0,2026-02-20,2026-09-11,30,23.42,32.47,17.52,1.85,0.35,-0.65,False,0.39,False,-0.026,45.6,0,25
STCK_old,2.0,2018-02-23,2020-10-09,138,219.0,283.0,145.0,1.95,-0.2,-0.54,True,0.54,True,0.003,50.7,0,27
STE,1.5,2023-03-24,2026-09-11,182,212.45,266.36,178.78,1.49,0.38,-0.25,False,0.38,True,0.032,42.7,5,181
STEL_old,1.5,2020-11-13,2022-10-07,100,29.54,32.37,21.71,1.49,0.36,-0.33,True,0.73,True,0.09,50.6,2,99
STEP,1.5,2026-02-13,2026-09-11,31,49.34,55.0,39.28,1.4,-0.06,-0.47,True,0.64,False,-0.059,51.4,0,11
STEP,2.0,2024-05-24,2026-09-11,121,49.34,73.91,38.56,1.92,0.01,0.09,True,0.31,False,-0.059,51.4,1,118
STER,2.0,2022-09-16,2024-11-01,112,16.74,20.13,10.9,1.85,0.14,-0.59,True,0.63,True,0.077,60.6,2,51
STI_old,1.5,2018-09-14,2019-12-06,65,70.13,71.04,48.5,1.46,0.33,-0.35,True,0.96,True,0.097,59.8,0,50
STJ,1.5,2016-04-15,2017-01-06,39,80.82,83.57,58.21,1.44,0.34,-0.23,True,0.89,False,-0.013,59.6,1,38
STKL,2.0,2025-02-28,2026-05-15,64,6.5,6.64,3.46,1.92,0.16,-0.6,True,0.96,True,0.491,64.2,0,25
STL,1.5,2021-02-12,2022-02-04,52,26.29,29.57,20.08,1.47,0.4,-0.04,True,0.65,True,0.09,52.9,0,51
STNE,2.0,2025-03-07,2026-09-11,80,10.3,16.03,8.02,2.0,-0.04,-0.47,False,0.28,False,-0.06,45.3,0,79
STOK,1.5,2025-11-14,2026-09-11,44,29.34,37.27,26.51,1.41,-0.04,-0.21,True,0.26,False,-0.046,45.7,0,43
STOK,2.0,2025-08-22,2026-09-11,56,29.34,37.27,19.56,1.91,0.36,0.07,True,0.55,False,-0.046,45.7,0,55
STPC,2.0,2021-02-26,2021-10-08,33,6.38,10.56,6.05,1.75,-0.37,,,0.07,False,-0.063,12.7,0,1
STR,1.5,2024-11-29,2025-08-22,39,18.12,22.31,15.04,1.48,-0.27,-0.44,False,0.42,True,0.049,49.0,0,19
STR,2.0,2021-12-24,2025-08-22,192,18.12,26.73,13.7,1.95,-0.07,-0.23,False,0.34,True,0.049,49.0,2,191
STRA,2.0,2022-10-21,2026-09-11,204,81.03,112.99,57.56,1.96,0.06,-0.3,False,0.42,True,0.022,51.5,5,203
STRC,1.5,2025-07-25,2026-09-11,60,97.97,97.97,72.55,1.35,0.29,,,1.0,False,-0.049,62.3,0,11
STRC,2.0,2025-07-25,2026-09-11,60,97.97,97.97,72.55,1.35,0.29,,,1.0,False,-0.049,62.3,0,11
STRF,1.5,2025-03-21,2026-09-11,78,103.85,111.09,76.4,1.45,0.19,,,0.79,True,0.01,61.7,2,74
STRF,2.0,2025-03-21,2026-09-11,78,103.85,111.09,76.4,1.45,0.19,,,0.79,True,0.01,61.7,2,74
STRP,1.5,2017-04-28,2018-03-02,45,183.37,183.85,128.86,1.43,0.23,0.18,True,0.99,True,0.007,77.3,0,44
STRP,2.0,2017-04-21,2018-03-02,46,183.37,183.85,109.59,1.68,0.28,0.2,True,0.99,True,0.007,77.3,0,45
STRZA,2.0,2015-07-31,2016-12-09,72,35.52,40.68,21.51,1.89,-0.34,-0.53,True,0.73,True,0.074,70.8,2,43
STS,1.5,2016-12-09,2017-09-29,43,21.0,21.22,14.48,1.47,0.31,-0.25,True,0.97,True,0.03,63.3,0,9
STU,2.0,2010-02-19,2010-12-31,46,32.44,34.96,17.57,1.99,-0.22,-0.64,False,0.86,True,0.265,70.2,1,18
STVN,2.0,2024-05-03,2026-09-11,124,20.95,26.7,13.38,2.0,-0.15,-0.59,False,0.57,True,0.22,58.8,2,24
STWD,2.0,2020-11-13,2026-09-11,305,15.62,18.76,9.65,1.95,0.4,-0.29,False,0.66,False,-0.035,38.7,5,304
SUI,1.5,2022-08-26,2026-09-11,212,114.93,139.17,93.02,1.5,0.14,-0.48,False,0.47,False,-0.039,40.1,4,152
SUI,2.0,2020-04-10,2026-09-11,336,114.93,178.12,93.02,1.91,-0.21,-0.34,False,0.26,False,-0.039,40.1,6,152
SUMO,2.0,2022-01-07,2023-05-19,72,12.04,12.14,6.6,1.84,0.12,-0.83,False,0.98,True,0.307,65.4,2,31
SUNH,1.5,2012-06-08,2012-12-07,27,8.51,8.51,5.79,1.47,0.38,-0.61,True,1.0,True,0.027,67.1,0,26
SUPN,1.5,2025-08-08,2026-09-11,58,41.69,55.13,41.23,1.34,-0.05,0.05,True,0.03,False,-0.055,37.6,0,57
SUPV,2.0,2025-10-17,2026-09-11,48,8.73,12.42,6.43,1.93,-0.36,-0.66,True,0.38,True,0.032,46.8,0,47
SUPX,2.0,2026-03-06,2026-09-11,28,8.17,12.26,6.49,1.89,-0.27,-0.91,False,0.29,False,-0.117,43.3,0,6
SUPX_old2,2.0,2009-01-02,2014-04-04,275,32.98,33.06,16.61,1.99,-0.14,,True,1.0,True,0.211,71.2,9,72
SUZ,1.5,2024-04-12,2026-09-11,127,9.43,11.33,7.72,1.47,-0.25,-0.36,True,0.47,False,-0.052,59.3,2,11
SUZ,2.0,2020-07-17,2026-09-11,322,9.43,12.24,6.44,1.9,0.02,-0.45,True,0.52,False,-0.052,59.3,9,321
SV,1.5,2020-12-11,2022-05-06,74,10.0,11.59,8.83,1.31,-0.12,,,0.42,True,0.019,48.2,1,31
SV,2.0,2020-12-11,2022-05-06,74,10.0,11.59,8.83,1.31,-0.12,,,0.42,True,0.019,48.2,1,31
SVAC_old,1.5,2020-11-06,2021-08-06,40,8.87,11.15,8.87,1.26,-0.28,,,0.0,False,-0.032,24.0,1,0
SVAC_old,2.0,2020-11-06,2021-08-06,40,8.87,11.15,8.87,1.26,-0.28,,,0.0,False,-0.032,24.0,1,0
SVC,1.5,2026-03-20,2026-09-11,26,6.87,8.9,6.22,1.43,0.1,-0.8,False,0.24,True,0.037,34.3,0,22
SVFA,1.5,2021-01-29,2023-02-03,106,10.15,13.28,9.7,1.37,-0.25,,True,0.13,True,0.015,87.6,2,75
SVFA,2.0,2021-01-29,2023-02-03,106,10.15,13.28,9.7,1.37,-0.25,,True,0.13,True,0.015,87.6,2,75
SVFC,1.5,2021-03-12,2022-06-10,66,9.1,10.54,9.1,1.16,-0.24,,,0.0,False,-0.009,18.1,1,0
SVFC,2.0,2021-03-12,2022-06-10,66,9.1,10.54,9.1,1.16,-0.24,,,0.0,False,-0.009,18.1,1,0
SVM,2.0,2025-11-28,2026-09-11,42,12.12,13.92,7.81,1.78,0.4,0.12,True,0.71,False,-0.063,55.6,0,41
SVN,2.0,2011-11-11,2013-07-05,87,13.79,16.25,8.3,1.96,0.04,-0.67,False,0.69,True,0.06,71.0,1,49
SVRA,1.5,2025-11-21,2026-09-11,43,5.32,6.92,4.92,1.41,-0.27,-0.07,True,0.2,True,0.069,48.6,0,42
SVRA,2.0,2025-10-17,2026-09-11,48,5.32,6.92,3.61,1.92,0.12,-0.32,True,0.52,True,0.069,48.6,0,47
SVV,2.0,2025-03-21,2026-09-11,78,9.64,13.71,7.0,1.96,-0.11,-0.73,False,0.39,True,0.243,48.8,1,76
SWBI,1.5,2026-01-30,2026-09-11,33,13.29,15.94,10.72,1.49,0.37,-0.33,True,0.49,False,-0.024,45.6,0,32
SWBK-WS,1.5,2021-03-05,2021-11-05,36,9.35,10.37,9.35,1.11,-0.23,,,0.0,True,0.004,15.8,1,0
SWBK-WS,2.0,2021-03-05,2021-11-05,36,9.35,10.37,9.35,1.11,-0.23,,,0.0,True,0.004,15.8,1,0
SWFT,1.5,2016-09-09,2017-09-29,56,29.49,40.96,27.42,1.49,0.38,-0.32,False,0.15,True,0.061,38.0,2,27
SWHC,1.5,2015-12-11,2016-12-30,56,21.08,29.72,20.55,1.45,0.23,0.08,True,0.06,False,-0.17,39.5,0,50
SWI1,2.0,2012-01-20,2016-02-05,212,59.98,60.22,30.56,1.97,0.15,-0.08,True,0.99,True,0.279,68.8,5,211
SWIM,2.0,2024-08-09,2026-09-11,110,6.33,8.24,4.76,1.73,-0.08,-0.36,True,0.45,True,0.166,50.2,1,17
SWK,2.0,2022-04-29,2026-09-11,229,89.23,102.96,53.51,1.92,-0.05,-0.7,True,0.72,True,0.266,52.8,5,73
SWN,1.5,2023-06-09,2024-10-04,70,7.11,7.71,5.26,1.47,0.29,-0.44,True,0.76,False,-0.095,57.1,0,69
SWN,2.0,2022-02-04,2024-10-04,140,7.11,9.32,4.66,2.0,0.07,-0.18,True,0.53,False,-0.095,57.1,3,137
SWNC,1.5,2017-05-19,2018-01-12,35,11.88,15.54,10.98,1.42,-0.3,-0.73,False,0.2,True,0.017,43.8,0,4
SWP_old,2.0,2017-05-12,2020-05-15,158,77.0,110.98,57.5,1.93,-0.15,,False,0.36,False,-0.234,42.0,2,8
SWTX,2.0,2023-12-01,2025-07-04,84,46.99,58.25,29.31,1.99,0.14,-0.59,True,0.61,False,-0.028,54.8,2,36
SWY,1.5,2013-09-13,2015-01-30,73,35.1,37.64,27.13,1.39,0.29,0.06,True,0.76,True,0.023,60.6,2,72
SXC,2.0,2024-12-06,2026-09-11,93,10.13,11.0,5.54,1.99,-0.15,-0.52,True,0.84,True,0.241,66.7,1,28
SXCP,1.5,2018-09-28,2019-06-28,40,12.41,14.05,9.5,1.48,-0.27,-0.48,True,0.64,False,-0.077,53.0,0,27
SXCP,2.0,2016-09-02,2019-06-28,148,12.41,18.25,9.5,1.92,-0.07,-0.39,True,0.33,False,-0.077,53.0,2,27
SXL,1.5,2016-02-19,2017-04-28,63,23.94,30.25,20.99,1.44,-0.26,,,0.32,True,0.024,44.0,1,62
SXL,2.0,2016-01-08,2017-04-28,69,23.94,30.25,18.16,1.67,0.05,,,0.48,True,0.024,44.0,1,63
SYBT,1.5,2024-09-13,2026-09-11,105,78.95,85.1,57.57,1.48,0.28,-0.21,True,0.78,True,0.147,55.7,2,101
SYF,1.5,2025-06-06,2026-09-11,67,75.44,85.82,58.0,1.48,0.29,-0.15,True,0.63,True,0.072,50.6,2,66
SYF-P-B,1.5,2024-03-01,2026-09-11,133,26.11,26.5,23.45,1.13,0.21,,True,0.87,True,0.003,55.8,3,74
SYF-P-B,2.0,2024-03-01,2026-09-11,133,26.11,26.5,23.45,1.13,0.21,,True,0.87,True,0.003,55.8,3,74
SYK,1.5,2023-11-03,2026-09-11,150,270.01,399.46,266.48,1.5,0.15,-0.1,False,0.03,True,0.016,32.1,2,148
SYMC,2.0,2016-06-10,2020-11-06,231,22.02,32.3,16.24,1.99,-0.3,-0.17,False,0.36,True,0.047,53.9,5,230
SYNH,2.0,2022-09-23,2023-09-29,54,42.98,50.72,25.7,1.97,0.15,-0.75,False,0.69,True,0.049,56.7,0,47
SYY,2.0,2020-07-17,2026-09-11,322,82.31,89.88,45.16,1.99,0.34,-0.37,True,0.83,True,0.098,53.7,4,319
S_old,1.5,2017-10-13,2019-05-31,86,6.91,7.16,4.88,1.47,0.22,-0.48,True,0.89,False,-0.0,60.1,1,61
T,1.5,2024-09-06,2026-09-11,106,25.55,28.42,19.12,1.49,0.38,0.05,True,0.69,False,-0.076,55.0,0,105
TAC,1.5,2025-07-18,2026-09-11,61,12.18,17.41,11.69,1.49,-0.1,-0.16,True,0.09,False,-0.001,44.6,2,25
TAC,2.0,2025-05-16,2026-09-11,70,12.18,17.41,8.9,1.96,0.18,-0.36,True,0.39,False,-0.001,44.6,2,69
TAHO,2.0,2018-07-20,2019-02-22,32,3.64,4.54,2.31,1.97,-0.04,-0.86,False,0.6,True,0.282,50.2,1,15
TAK,2.0,2018-02-02,2026-09-11,450,18.11,20.11,10.12,1.99,0.02,-0.52,True,0.8,True,0.02,61.7,8,338
TAL,1.5,2025-03-14,2026-09-11,79,11.5,13.36,8.92,1.5,0.03,-0.4,True,0.58,True,0.024,53.2,0,71
TAL,2.0,2023-09-29,2026-09-11,155,11.5,14.82,7.43,1.99,-0.01,-0.16,True,0.55,True,0.024,53.2,3,104
TAP,2.0,2020-11-06,2026-09-11,306,38.44,62.92,32.25,1.95,0.18,-0.39,False,0.2,False,-0.018,40.1,5,305
TARS,2.0,2025-08-08,2026-09-11,58,81.12,90.78,47.85,1.9,0.1,-0.14,True,0.77,True,0.054,61.8,0,57
TASR,1.5,2016-05-20,2017-04-07,47,21.9,29.26,21.7,1.35,-0.18,,,0.03,False,-0.018,39.7,1,46
TATT,1.5,2026-03-20,2026-09-11,26,37.85,47.6,32.08,1.48,-0.05,-0.44,True,0.37,True,0.031,44.8,0,17
TATT,2.0,2025-06-27,2026-09-11,64,37.85,57.72,29.82,1.94,0.24,-0.14,True,0.29,True,0.031,44.8,0,61
TAYC,1.5,2013-07-05,2014-08-15,59,21.05,26.48,17.81,1.49,-0.0,-0.07,True,0.37,False,-0.06,42.5,0,57
TAYD,1.5,2026-03-13,2026-09-11,27,59.38,74.87,51.0,1.47,-0.26,-0.43,True,0.35,True,0.008,52.1,0,15
TAYD,2.0,2025-11-21,2026-09-11,43,59.38,89.95,47.53,1.89,-0.26,-0.24,True,0.28,True,0.008,52.1,1,40
TBBK,1.5,2025-10-31,2026-09-11,46,50.3,69.85,50.3,1.39,-0.09,-0.36,True,0.0,True,0.151,34.7,0,0
TBBK,2.0,2024-07-12,2026-09-11,114,50.3,78.74,43.17,1.82,0.39,-0.02,True,0.2,True,0.151,34.7,1,113
TBCH,1.5,2025-11-07,2026-09-11,45,11.84,14.95,10.16,1.47,-0.3,-0.46,False,0.35,True,0.094,45.5,1,23
TBCH,2.0,2023-11-10,2026-09-11,149,11.84,18.82,9.84,1.91,-0.13,-0.66,False,0.22,True,0.094,45.5,4,148
TBN,1.5,2026-03-20,2026-09-11,26,39.33,43.73,30.93,1.41,-0.11,-0.02,True,0.66,False,-0.054,60.9,0,10
TBPH,1.5,2026-02-13,2026-09-11,31,17.02,19.66,13.57,1.45,0.09,-0.34,True,0.57,True,0.047,52.7,1,27
TBRG,2.0,2025-03-14,2026-07-10,70,26.24,28.11,14.07,2.0,-0.1,-0.54,True,0.87,True,0.399,66.6,0,15
TCMD,1.5,2025-11-07,2026-09-11,45,22.32,31.35,21.87,1.43,-0.23,0.12,True,0.05,True,0.073,41.2,0,1
TCMD,2.0,2025-11-07,2026-09-11,45,22.32,31.35,21.87,1.43,-0.23,0.12,True,0.05,True,0.073,41.2,0,1
TCO,1.5,2020-03-13,2021-01-01,43,42.99,48.12,32.87,1.46,-0.26,-0.45,False,0.66,True,0.063,60.2,0,8
TCO,2.0,2020-02-07,2021-01-01,48,42.99,52.47,32.87,1.6,-0.4,-0.45,False,0.52,True,0.063,60.2,0,8
TCP,1.5,2020-03-13,2021-03-05,52,30.21,32.89,23.05,1.43,0.07,-0.42,False,0.73,True,0.062,51.6,2,49
TCP,2.0,2018-06-22,2021-03-05,142,30.21,39.65,20.74,1.91,0.22,-0.55,False,0.5,True,0.062,51.6,3,139
TCPC,1.5,2026-01-30,2026-09-11,33,4.01,4.7,3.16,1.49,-0.17,-0.6,False,0.55,False,-0.017,52.9,0,7
TCT,2.0,2019-10-18,2022-03-04,125,43650.0,46000.0,23300.0,1.97,-0.27,-0.67,True,0.9,True,0.174,76.5,3,83
TDAY,1.5,2026-02-13,2026-09-11,31,6.29,8.83,5.95,1.48,0.37,-0.0,True,0.12,True,0.035,38.9,0,28
TDC,1.5,2025-11-07,2026-09-11,45,27.36,34.56,24.56,1.41,0.11,-0.5,False,0.28,True,0.015,44.4,1,22
TDC,2.0,2024-02-16,2026-09-11,135,27.36,38.67,19.73,1.96,-0.33,-0.65,False,0.4,True,0.015,44.4,3,75
TDG,1.5,2024-02-16,2026-09-11,135,1126.88,1496.58,1010.91,1.48,0.37,0.02,True,0.24,True,0.036,38.8,3,134
TDS,1.5,2024-11-22,2026-09-11,95,37.44,47.5,32.78,1.45,0.39,0.03,True,0.32,False,-0.168,48.6,1,87
TDS,2.0,2024-10-18,2026-09-11,100,37.44,47.5,27.28,1.74,0.38,0.14,True,0.5,False,-0.168,48.6,2,97
TDW,1.5,2026-02-06,2026-09-11,32,91.99,95.25,64.67,1.47,0.37,-0.39,True,0.89,True,0.001,62.6,0,12
TEA,2.0,2012-05-11,2013-01-04,35,15.5,19.47,10.33,1.88,-0.04,-0.63,,0.57,True,0.127,56.5,0,9
TECX,1.5,2026-03-06,2026-09-11,28,28.61,37.93,27.89,1.36,0.22,-0.48,True,0.07,True,0.104,47.1,0,17
TEF,1.5,2024-04-19,2026-03-20,101,4.08,5.39,3.62,1.49,0.38,-0.07,True,0.26,False,-0.076,45.0,1,60
TEGP,2.0,2016-03-04,2018-07-06,123,21.92,26.82,14.16,1.9,0.21,-0.5,False,0.61,True,0.012,52.0,1,122
TEL,1.5,2025-06-27,2026-09-11,64,204.63,244.24,163.95,1.49,0.07,0.01,True,0.51,False,-0.025,47.6,1,63
TEO,2.0,2025-10-24,2026-09-11,47,13.54,15.26,7.65,2.0,0.36,-0.44,True,0.77,True,0.088,55.0,0,46
TEP,1.5,2016-04-22,2018-07-06,116,43.31,48.69,33.7,1.44,0.13,-0.2,True,0.64,True,0.084,52.9,0,115
TEP,2.0,2016-02-19,2018-07-06,125,43.31,48.69,25.8,1.89,0.29,-0.39,True,0.76,True,0.084,52.9,0,124
TESO,1.5,2017-05-12,2017-12-15,32,3.7,5.45,3.7,1.47,-0.3,-0.7,False,0.0,False,-0.006,38.6,0,0
TFIN,2.0,2024-12-20,2026-09-11,91,66.92,91.5,46.95,1.95,0.07,-0.56,False,0.45,True,0.15,44.6,2,48
TFPM,1.5,2026-03-06,2026-09-11,28,32.96,38.58,27.31,1.41,-0.33,-0.34,True,0.5,False,-0.041,53.0,0,8
TFX,1.5,2025-02-28,2026-09-11,81,132.0,139.67,102.18,1.37,0.14,-0.61,False,0.8,True,0.076,51.8,2,34
TG,1.5,2025-11-14,2026-09-11,44,7.4,10.35,7.28,1.42,-0.05,-0.22,False,0.04,False,-0.075,44.2,0,25
TGA,2.0,2021-10-08,2022-10-21,55,3.72,5.07,2.55,1.99,0.31,0.14,True,0.46,False,-0.179,54.0,0,53
TGE_old,2.0,2016-03-04,2020-04-17,216,22.39,23.24,12.25,1.9,0.16,-0.5,True,0.92,True,0.014,58.2,5,215
TGNA,2.0,2020-10-09,2026-03-20,285,20.03,20.82,10.52,1.98,0.13,-0.32,True,0.92,True,0.005,55.9,6,281
TGS,1.5,2025-10-31,2026-09-11,46,30.74,35.32,28.1,1.26,-0.17,-0.11,True,0.37,False,-0.053,52.9,0,4
THO,1.5,2026-02-27,2026-09-11,29,72.01,94.82,71.88,1.32,-0.28,-0.41,False,0.01,False,-0.009,39.0,0,12
THO,2.0,2021-05-14,2026-09-11,279,72.01,122.04,63.26,1.93,0.05,-0.52,False,0.15,False,-0.009,39.0,2,225
THRM,2.0,2024-10-04,2026-09-11,102,38.33,44.0,23.32,1.89,-0.07,-0.69,False,0.73,True,0.247,53.7,2,74
THS,2.0,2025-02-21,2026-02-13,52,24.43,31.61,16.3,1.94,-0.22,-0.7,False,0.53,True,0.258,58.6,2,20
TIBX,1.5,2012-10-12,2014-12-05,113,24.03,27.27,18.41,1.48,-0.25,-0.45,False,0.63,True,0.126,63.1,1,85
TIBX,2.0,2010-09-24,2014-12-05,220,24.03,33.5,17.58,1.91,-0.23,0.11,False,0.41,True,0.126,63.1,3,217
TICC,2.0,2014-10-10,2018-03-23,181,6.16,8.77,4.42,1.98,-0.25,-0.59,False,0.4,False,-0.072,51.8,3,114
TIF,1.5,2019-10-25,2021-01-08,64,131.46,131.7,96.23,1.37,-0.0,-0.26,True,0.99,True,0.083,65.5,0,63
TIMB,2.0,2025-04-18,2026-09-11,74,19.18,27.75,14.37,1.93,0.4,-0.09,True,0.36,False,-0.18,42.1,1,73
TIMB-W,1.5,2020-03-13,2021-12-24,94,11.27,14.23,9.86,1.44,-0.29,-0.55,False,0.32,True,0.018,48.0,1,8
TIME_old,2.0,2015-08-21,2018-02-02,129,18.5,20.66,10.7,1.93,-0.15,-0.58,True,0.78,True,0.399,67.6,2,13
TIPT,1.5,2025-09-19,2026-09-11,52,17.85,23.27,15.62,1.49,-0.08,-0.38,True,0.29,True,0.056,50.2,2,25
TIPT,2.0,2023-05-19,2026-09-11,174,17.85,25.14,12.76,1.97,0.29,-0.18,True,0.41,True,0.056,50.2,4,172
TITN,2.0,2024-02-23,2026-09-11,134,23.64,26.22,13.19,1.99,0.04,-0.72,True,0.8,True,0.012,57.5,2,90
TIVO,1.5,2019-05-10,2020-05-29,56,6.09,8.82,6.02,1.47,-0.17,-0.66,False,0.03,False,-0.172,41.8,0,11
TIVO1,1.5,2015-01-09,2016-09-09,88,11.34,11.34,7.69,1.47,-0.32,-0.45,True,1.0,True,0.107,75.5,1,30
TIVO1,2.0,2010-05-14,2016-09-09,331,11.34,14.09,7.25,1.94,0.17,-0.61,True,0.6,True,0.107,75.5,5,323
TIXT,2.0,2024-08-02,2025-10-31,66,4.31,4.5,2.37,1.9,0.19,-0.92,False,0.91,True,0.259,60.5,1,30
TKC,1.5,2024-04-05,2026-09-11,128,5.27,7.35,4.94,1.49,-0.23,-0.02,False,0.14,False,-0.092,38.4,3,126
TKC,2.0,2023-07-21,2026-09-11,165,5.27,7.35,3.73,1.97,0.39,-0.18,False,0.43,False,-0.092,38.4,3,164
TKLC,2.0,2011-01-21,2012-01-27,54,11.0,12.02,6.04,1.99,0.28,-0.68,False,0.83,True,0.529,66.2,1,17
TLK,1.5,2025-05-16,2026-09-11,70,14.99,20.72,13.89,1.49,-0.25,-0.37,False,0.16,False,-0.08,45.3,0,10
TLLP,2.0,2012-08-17,2017-08-04,260,52.13,62.09,32.88,1.89,0.28,0.06,True,0.66,False,-0.042,51.4,6,258
TLN,1.5,2025-07-18,2026-09-11,61,311.54,438.5,296.11,1.48,-0.32,-0.01,True,0.11,True,0.005,43.2,1,2
TLN,2.0,2025-05-02,2026-09-11,72,311.54,438.5,225.16,1.95,0.24,-0.08,True,0.4,True,0.005,43.2,1,70
TLP,1.5,2016-03-04,2019-03-01,157,40.99,41.06,27.82,1.48,0.39,-0.21,True,0.99,True,0.089,68.1,3,156
TLVTF,1.5,2011-04-22,2011-12-23,36,35.5,43.58,29.2,1.49,0.31,-0.27,True,0.44,False,-0.051,42.8,0,35
TLX,2.0,2025-08-01,2026-09-11,59,11.9,13.05,6.54,2.0,0.13,-0.66,,0.82,True,0.116,60.0,1,30
TM,1.5,2025-04-11,2026-09-11,75,192.48,244.46,163.5,1.5,0.22,-0.31,True,0.36,False,-0.05,50.5,0,60
TM,2.0,2023-03-24,2026-09-11,182,192.48,244.46,123.0,1.99,0.38,-0.34,True,0.57,False,-0.05,50.5,4,181
TMC_old2,2.0,2014-12-05,2018-12-14,211,12700.0,21200.0,10700.0,1.98,0.1,,False,0.19,False,0.0,45.0,2,195
TMHC,1.5,2023-12-15,2026-07-24,137,72.45,73.87,50.66,1.46,0.32,-0.01,True,0.94,True,0.077,64.6,2,133
TMH_old,1.5,2015-12-18,2017-02-03,60,43.5,47.64,31.97,1.49,-0.08,-0.53,False,0.74,True,0.194,57.7,0,19
TMO,1.5,2025-07-25,2026-09-11,60,603.18,629.27,437.9,1.44,0.18,-0.28,True,0.86,True,0.19,63.2,0,17
TMO,2.0,2020-05-15,2026-09-11,331,603.18,658.54,334.33,1.97,0.17,0.0,True,0.83,True,0.19,63.2,3,326
TMUS,2.0,2023-10-27,2026-09-11,151,177.16,262.44,133.11,1.97,0.36,-0.08,False,0.34,False,-0.061,42.6,0,150
TMX,1.5,2020-07-03,2022-10-28,122,37.87,53.44,35.86,1.49,-0.26,-0.37,False,0.11,False,-0.023,37.2,1,121
TMX,2.0,2020-04-10,2022-10-28,134,37.87,53.44,26.91,1.99,0.1,-0.53,False,0.41,False,-0.023,37.2,1,128
TNAV,2.0,2019-09-06,2021-02-19,77,4.79,6.32,3.63,1.74,-0.21,-0.68,False,0.43,True,0.107,52.1,2,21
TNC,1.5,2024-10-04,2026-09-11,102,69.0,90.74,60.54,1.5,-0.19,-0.48,False,0.28,True,0.007,39.2,2,28
TNC,2.0,2023-01-06,2026-09-11,193,69.0,117.35,60.54,1.94,-0.01,-0.24,False,0.15,True,0.007,39.2,3,28
TNDM,2.0,2025-10-03,2026-09-11,50,18.31,25.3,12.82,1.97,0.04,-0.75,False,0.44,True,0.011,48.0,0,17
TNGO,2.0,2015-08-07,2017-03-17,82,5.1,9.82,5.1,1.93,-0.07,-0.8,False,0.0,False,-0.167,26.8,2,0
TNS,2.0,2009-11-06,2013-02-15,172,21.0,27.38,13.89,1.97,-0.39,-0.56,True,0.53,True,0.319,71.5,2,17
TONX,2.0,2026-03-06,2026-09-11,28,3.0,3.98,2.08,1.91,0.24,-0.98,False,0.48,True,0.04,47.6,1,22
TOWR,2.0,2013-06-28,2019-09-27,327,31.0,34.3,17.43,1.97,0.27,-0.07,True,0.8,True,0.454,67.2,6,17
TPB,1.5,2026-03-06,2026-09-11,28,71.95,93.33,71.95,1.3,-0.29,-0.47,True,0.0,False,-0.027,38.3,0,0
TPB,2.0,2025-05-09,2026-09-11,71,71.95,136.72,71.95,1.9,0.02,0.03,True,0.0,False,-0.027,38.3,1,0
TPE,1.5,2016-12-09,2018-02-02,61,3.05,4.08,2.73,1.49,0.31,-0.47,False,0.24,False,-0.154,40.9,0,60
TPE,2.0,2015-05-01,2018-02-02,145,3.05,4.85,2.43,2.0,-0.1,-0.56,False,0.26,False,-0.154,40.9,4,68
TPG,1.5,2026-02-06,2026-09-11,32,46.93,53.97,37.38,1.44,0.39,-0.43,True,0.58,True,0.126,50.4,0,22
TPG,2.0,2023-12-08,2026-09-11,145,46.93,65.81,33.75,1.95,0.24,-0.05,True,0.41,True,0.126,50.4,1,144
TPL,2.0,2024-11-29,2026-09-11,94,366.1,529.47,278.35,1.9,-0.1,-0.51,True,0.35,False,-0.099,45.5,1,39
TPP,2.0,2013-06-07,2014-12-05,79,21.5,25.25,14.5,1.74,0.14,-0.55,True,0.65,True,0.175,54.5,2,48
TPR,1.5,2025-11-28,2026-09-11,42,115.87,161.75,107.89,1.5,0.16,-0.06,True,0.15,False,-0.026,38.2,1,41
TPRE,2.0,2018-10-12,2021-04-30,134,10.6,11.85,6.04,1.96,-0.32,-0.64,False,0.78,True,0.103,61.5,3,58
TPVG,1.5,2024-08-02,2026-09-11,111,5.14,6.33,4.31,1.47,-0.34,-0.44,False,0.41,False,-0.028,50.3,1,24
TRAD_old,2.0,2009-03-13,2011-06-10,118,9.74,9.74,5.43,1.79,-0.05,,True,1.0,True,0.27,80.0,1,117
TRC,1.5,2020-12-25,2026-09-11,299,16.12,21.27,14.4,1.48,0.01,-0.26,False,0.25,False,-0.103,33.2,7,206
TRC,2.0,2018-06-22,2026-09-11,430,16.12,24.95,12.62,1.98,-0.05,-0.53,False,0.28,False,-0.103,33.2,10,338
TRCR,1.5,2011-02-11,2012-04-27,64,29.57,29.87,20.03,1.49,0.36,-0.06,True,0.97,True,0.062,61.7,0,59
TREB,1.5,2020-08-07,2022-01-28,78,10.0,11.1,8.76,1.27,-0.27,,,0.53,False,-0.013,54.0,2,1
TREB,2.0,2020-08-07,2022-01-28,78,10.0,11.1,8.76,1.27,-0.27,,,0.53,False,-0.013,54.0,2,1
TREB-U,1.5,2020-08-07,2021-12-17,72,9.92,11.1,9.8,1.13,-0.37,,,0.09,True,0.005,47.4,2,29
TREB-U,2.0,2020-08-07,2021-12-17,72,9.92,11.1,9.8,1.13,-0.37,,,0.09,True,0.005,47.4,2,29
TREX,2.0,2025-09-12,2026-09-11,53,43.67,60.45,31.05,1.95,0.02,-0.69,False,0.43,True,0.179,48.5,2,42
TRH,1.5,2021-05-21,2022-03-04,42,349.0,441.0,322.0,1.37,-0.2,-0.1,True,0.23,False,-0.006,42.9,0,40
TRI,1.5,2026-01-30,2026-09-11,33,95.71,108.32,78.07,1.39,0.3,-0.61,False,0.58,True,0.1,47.8,0,12
TRLA1,2.0,2014-05-16,2015-02-20,41,48.36,62.1,33.19,1.87,0.04,-0.33,True,0.52,False,-0.068,52.9,0,40
TRMB,2.0,2023-11-17,2026-09-11,148,56.84,85.24,43.33,1.97,0.3,-0.51,False,0.32,False,-0.093,44.5,1,147
TRMD,1.5,2026-03-20,2026-09-11,26,34.6,34.6,23.41,1.48,0.39,-0.17,True,1.0,True,0.044,71.1,0,25
TRMR_old,1.5,2020-04-03,2020-10-09,28,187.5,187.5,126.0,1.49,0.4,-0.66,False,1.0,True,0.028,65.9,0,21
TRMR_old,2.0,2018-12-21,2020-10-09,95,187.5,215.0,107.5,2.0,-0.17,-0.79,False,0.74,True,0.028,65.9,2,29
TRN,2.0,2023-11-03,2026-09-11,150,28.36,37.41,20.95,1.79,0.38,-0.29,True,0.45,False,-0.02,40.4,4,148
TRNC,1.5,2017-09-29,2018-10-12,55,16.11,20.9,14.53,1.44,-0.01,-0.16,True,0.25,False,-0.061,46.3,0,54
TRNO,1.5,2023-11-17,2026-09-11,148,65.02,75.06,50.31,1.49,0.37,-0.33,True,0.59,True,0.066,47.2,5,124
TRNO,2.0,2020-03-27,2026-09-11,338,65.02,75.06,38.72,1.94,0.33,-0.26,True,0.72,True,0.066,47.2,8,330
TRNS,2.0,2025-01-10,2026-09-11,88,82.36,102.6,53.84,1.91,-0.01,-0.62,False,0.58,True,0.134,48.5,3,40
TRNX1,2.0,2011-02-04,2016-02-26,265,17.15,28.9,15.64,1.85,0.2,,False,0.11,False,-0.053,37.2,5,2
TROW,2.0,2022-01-14,2026-09-11,244,107.55,142.1,77.32,1.84,-0.04,-0.57,True,0.47,True,0.152,51.0,3,150
TRQ,1.5,2022-03-18,2022-12-16,40,31.41,31.69,24.04,1.32,0.36,0.14,True,0.96,True,0.125,61.4,1,17
TRU,2.0,2023-11-17,2026-09-11,148,76.95,106.64,57.42,1.86,0.02,-0.5,False,0.4,True,0.11,50.0,0,147
TRUP,1.5,2026-02-13,2026-09-11,31,25.0,31.1,21.82,1.43,0.1,-0.61,False,0.34,True,0.093,44.0,1,15
TS,1.5,2026-01-23,2026-09-11,34,56.92,62.92,43.44,1.45,0.38,0.06,True,0.69,False,-0.07,55.5,0,32
TSAT,2.0,2026-02-20,2026-09-11,30,47.14,58.92,30.12,1.96,0.34,-0.15,True,0.59,False,-0.059,53.8,0,29
TSC,1.5,2021-10-22,2022-06-10,34,30.58,33.91,28.69,1.18,0.2,0.1,True,0.36,False,-0.003,51.3,0,3
TSEM,2.0,2026-03-20,2026-09-11,26,208.07,286.74,163.63,1.75,0.25,0.18,True,0.36,True,0.048,49.0,0,25
TSLA,2.0,2025-04-11,2026-09-11,75,363.56,481.2,241.37,1.99,0.29,-0.45,True,0.51,False,-0.084,47.5,0,73
TSLX,1.5,2023-11-03,2026-09-11,150,17.78,22.56,15.51,1.45,0.36,0.01,True,0.32,True,0.013,48.0,3,149
TSL_old,1.5,2016-07-01,2017-03-17,38,11.54,11.54,7.82,1.48,0.37,-0.46,True,1.0,True,0.009,70.8,0,37
TSL_old,2.0,2014-09-19,2017-03-17,131,11.54,14.38,7.2,2.0,-0.17,-0.61,True,0.6,True,0.009,70.8,1,40
TSN,1.5,2023-12-08,2026-09-11,145,52.46,67.18,46.78,1.44,0.36,-0.44,False,0.28,False,-0.094,36.2,3,144
TSN,2.0,2022-04-22,2026-09-11,230,52.46,81.8,41.1,1.99,-0.09,-0.51,False,0.28,False,-0.094,36.2,4,150
TSNU,1.5,2015-11-27,2017-07-07,85,66.68,81.91,55.04,1.49,0.15,0.05,True,0.43,False,-0.024,48.1,1,84
TSO,1.5,2015-12-11,2017-08-04,87,99.53,101.29,68.32,1.48,0.18,-0.39,True,0.95,True,0.118,73.9,1,77
TSO,2.0,2014-08-08,2017-08-04,157,99.53,112.68,56.71,1.99,0.24,-0.01,True,0.77,True,0.118,73.9,4,146
TSRA,2.0,2014-08-01,2017-02-24,135,44.65,45.8,25.59,1.79,0.28,0.1,True,0.94,True,0.178,65.3,4,134
TSU,1.5,2020-03-13,2020-10-16,32,12.28,14.94,10.48,1.43,0.15,-0.52,False,0.4,True,0.044,43.4,0,22
TSU,2.0,2018-05-04,2020-10-16,129,12.28,20.75,10.48,1.98,-0.2,-0.52,False,0.18,True,0.044,43.4,0,22
TTAM,1.5,2025-07-11,2026-09-11,62,14.68,19.32,13.67,1.41,0.32,-0.17,,0.18,True,0.047,41.4,1,58
TTC,2.0,2020-03-27,2026-09-11,338,92.72,109.38,56.86,1.92,0.03,-0.24,True,0.68,True,0.041,49.4,8,336
TTEK,1.5,2026-02-13,2026-09-11,31,35.71,37.0,26.13,1.42,0.16,-0.46,True,0.88,True,0.126,60.7,0,17
TTEK,2.0,2022-10-21,2026-09-11,204,35.71,48.56,26.0,1.87,0.18,-0.29,True,0.43,True,0.126,60.7,3,183
TTI,2.0,2025-10-17,2026-09-11,48,6.82,11.67,6.81,1.71,-0.03,0.1,True,0.0,False,-0.102,37.2,0,2
TTM,2.0,2021-01-15,2023-01-27,107,25.14,34.5,17.56,1.96,0.38,0.03,True,0.45,False,-0.066,47.9,1,106
TUBE,2.0,2015-07-31,2016-12-23,74,14.0,14.41,7.31,1.97,-0.17,-0.67,True,0.94,True,0.107,65.6,0,8
TUFN,2.0,2021-02-12,2022-09-09,83,12.94,15.09,7.91,1.91,0.28,-0.73,True,0.7,True,0.068,63.9,3,25
TUMI,2.0,2012-04-20,2016-08-05,225,26.74,27.13,15.49,1.75,0.04,,True,0.97,True,0.081,71.4,3,29
TVPT,1.5,2018-02-23,2019-05-31,67,15.75,19.74,13.42,1.47,-0.23,-0.14,True,0.37,False,-0.001,51.6,1,66
TW,2.0,2023-07-21,2026-09-11,165,102.47,146.47,73.8,1.98,0.31,-0.25,False,0.39,False,-0.089,45.1,0,164
TWCT,1.5,2020-11-06,2021-09-03,44,10.25,11.06,9.66,1.14,-0.28,,,0.42,True,0.004,65.9,1,43
TWCT,2.0,2020-11-06,2021-09-03,44,10.25,11.06,9.66,1.14,-0.28,,,0.42,True,0.004,65.9,1,43
TWFG,2.0,2025-07-11,2026-09-11,62,26.94,32.98,17.52,1.88,-0.35,-0.51,False,0.61,True,0.413,56.2,2,29
TWI,1.5,2026-02-27,2026-09-11,29,7.36,9.73,6.8,1.43,-0.25,-0.46,False,0.19,False,-0.016,47.4,0,24
TWI,2.0,2024-03-01,2026-09-11,133,7.36,12.69,6.54,1.94,-0.25,-0.65,False,0.13,False,-0.016,47.4,1,75
TWND-U,1.5,2020-10-23,2021-12-17,61,9.83,11.42,9.31,1.23,-0.21,,,0.25,True,0.002,43.3,1,22
TWND-U,2.0,2020-10-23,2021-12-17,61,9.83,11.42,9.31,1.23,-0.21,,,0.25,True,0.002,43.3,1,22
TWO,2.0,2021-10-29,2026-08-28,253,12.18,13.3,6.87,1.94,-0.05,-0.75,True,0.83,True,0.107,61.9,4,148
TWTR,1.5,2022-03-18,2022-10-28,33,53.7,53.7,36.81,1.46,0.28,-0.52,True,1.0,True,0.12,68.0,1,16
TWTR,2.0,2021-10-01,2022-10-28,57,53.7,63.68,33.0,1.93,-0.25,-0.57,True,0.67,True,0.12,68.0,1,33
TXTR,2.0,2015-11-13,2016-06-10,31,25.99,26.39,13.93,1.89,0.28,-0.66,False,0.97,True,0.293,66.0,0,17
TYL,1.5,2026-01-30,2026-09-11,33,335.48,377.94,278.91,1.36,-0.18,-0.57,False,0.57,False,-0.009,48.3,0,12
TYRA,2.0,2025-11-21,2026-09-11,43,23.54,39.61,21.12,1.88,0.12,-0.23,True,0.13,False,-0.164,40.9,0,42
UA,2.0,2024-12-13,2026-09-11,92,4.84,8.0,4.09,1.96,-0.25,-0.63,False,0.19,True,0.028,39.9,1,42
UAA,1.5,2026-02-27,2026-09-11,29,4.97,7.43,4.97,1.49,-0.28,-0.51,False,0.0,True,0.029,39.8,0,0
UAA,2.0,2024-12-27,2026-09-11,90,4.97,8.42,4.28,1.97,-0.29,-0.66,False,0.17,True,0.029,39.8,1,42
UBER,2.0,2023-11-10,2026-09-11,149,72.56,98.51,51.58,1.91,0.32,0.07,True,0.45,True,0.019,46.4,1,148
UBNK,1.5,2016-07-08,2019-11-01,174,14.12,17.56,11.8,1.49,-0.12,-0.04,False,0.4,False,-0.008,53.9,1,171
UBSH,1.5,2018-09-14,2019-06-28,38,35.28,39.93,27.2,1.47,-0.01,-0.34,True,0.63,True,0.095,52.1,0,23
UCB,2.0,2020-11-13,2026-09-11,305,35.15,36.74,18.96,1.94,0.24,-0.22,True,0.91,True,0.085,54.3,8,174
UCBI,1.5,2023-05-19,2024-08-09,65,28.09,31.51,21.45,1.47,0.22,-0.42,False,0.66,True,0.043,55.3,0,64
UCBI,2.0,2020-10-23,2024-08-09,199,28.09,36.9,18.78,1.96,-0.2,-0.31,False,0.51,True,0.043,55.3,2,197
UDR,1.5,2023-11-03,2026-09-11,150,35.14,43.29,29.12,1.49,0.18,-0.41,False,0.42,True,0.066,40.0,3,148
UDR,2.0,2020-04-10,2026-09-11,336,35.14,49.59,25.02,1.98,0.09,-0.37,False,0.41,True,0.066,40.0,6,306
UFPI,2.0,2022-11-11,2026-09-11,201,80.2,133.01,72.64,1.83,0.07,-0.17,False,0.13,True,0.012,40.0,2,179
UFPT,2.0,2024-02-16,2026-09-11,135,277.4,358.42,186.83,1.92,-0.23,-0.04,True,0.53,True,0.305,56.0,1,75
UFS,1.5,2021-05-07,2021-12-03,31,71.48,71.48,48.16,1.48,0.2,0.1,True,1.0,True,0.027,91.9,0,30
UHAL,2.0,2020-11-13,2026-09-11,305,63.34,77.88,39.77,1.96,0.13,-0.03,True,0.62,True,0.332,50.4,4,303
UHAL-B,2.0,2022-11-11,2026-09-11,201,56.24,71.85,39.87,1.8,-0.14,,False,0.51,True,0.276,50.1,4,25
UHR,1.5,2015-12-11,2017-03-17,63,319.66,351.0,234.72,1.5,-0.37,-0.6,False,0.73,True,0.155,60.6,1,24
UHT,2.0,2020-06-26,2026-09-11,325,41.12,53.9,28.34,1.9,-0.36,-0.68,True,0.5,True,0.049,49.8,7,126
ULS,1.5,2025-09-26,2026-09-11,51,71.1,102.5,68.98,1.49,0.34,-0.04,True,0.06,False,-0.094,36.0,0,50
ULTA,1.5,2026-03-06,2026-09-11,28,535.63,646.34,456.13,1.42,-0.21,-0.34,True,0.42,False,-0.024,51.8,0,12
UMH,1.5,2023-11-24,2026-09-11,147,15.54,18.33,12.25,1.5,0.16,-0.43,True,0.54,True,0.05,51.7,4,146
UMH,2.0,2020-11-13,2026-09-11,305,15.54,21.51,10.8,1.99,-0.05,-0.1,True,0.44,True,0.05,51.7,8,304
UMPQ,1.5,2021-02-05,2023-03-03,109,17.66,20.5,14.23,1.44,0.17,-0.1,True,0.55,False,-0.038,47.2,2,108
UMRX,1.5,2020-07-17,2021-01-29,29,9.09,13.01,8.8,1.48,0.17,-0.87,False,0.07,True,0.063,46.8,0,21
UMRX,2.0,2020-07-10,2021-01-29,30,9.09,13.28,8.8,1.51,0.05,-0.87,False,0.06,True,0.063,46.8,0,21
UNCY,2.0,2025-10-03,2026-09-11,50,5.31,8.26,4.44,1.86,0.18,-0.75,False,0.23,False,-0.231,42.2,0,48
UNF,2.0,2020-04-10,2026-09-11,336,270.77,293.95,148.19,1.98,0.2,-0.27,True,0.84,True,0.081,53.8,8,166
UNFI,1.5,2026-03-13,2026-09-11,27,44.11,55.52,38.77,1.43,0.09,-0.08,True,0.32,False,-0.018,45.8,0,25
UNTD,1.5,2015-07-31,2016-07-01,49,11.0,13.9,9.73,1.43,-0.1,-0.87,False,0.3,False,-0.022,45.7,1,20
UNTD,2.0,2013-11-01,2016-07-01,140,11.0,18.48,9.61,1.92,-0.13,-0.88,False,0.16,False,-0.022,45.7,2,125
UPBD,1.5,2025-09-26,2026-09-11,51,18.2,22.54,15.9,1.42,0.12,-0.51,False,0.35,True,0.095,45.5,1,43
UPS,1.5,2025-01-31,2026-09-11,85,99.97,115.87,77.76,1.49,0.37,-0.52,False,0.58,True,0.059,45.8,1,48
UPST,1.5,2026-02-13,2026-09-11,31,25.1,34.78,24.77,1.4,0.14,-0.71,False,0.03,True,0.016,37.9,0,24
URBN,1.5,2025-05-16,2026-09-11,70,75.6,81.84,61.21,1.34,0.16,0.05,True,0.7,True,0.071,52.6,1,24
UROY,2.0,2025-07-18,2026-09-11,61,4.5,4.86,2.51,1.94,0.12,-0.31,True,0.85,True,0.012,65.1,0,58
USAR,2.0,2026-01-02,2026-09-11,37,16.04,28.01,14.15,1.98,-0.03,-0.57,True,0.14,False,-0.154,43.8,0,36
USAU,1.5,2026-03-06,2026-09-11,28,15.07,17.68,12.98,1.36,-0.23,-0.43,True,0.44,False,-0.03,48.3,0,6
USAU,2.0,2025-08-08,2026-09-11,58,15.07,22.6,11.34,1.99,-0.02,-0.2,True,0.33,False,-0.03,48.3,0,56
USLM,1.5,2025-05-02,2026-09-11,72,115.89,139.31,94.9,1.47,0.17,-0.38,True,0.47,False,-0.051,50.8,0,64
USLM,2.0,2024-08-16,2026-09-11,109,115.89,152.41,76.32,2.0,0.19,-0.09,True,0.52,False,-0.051,50.8,0,105
USPH,1.5,2025-10-31,2026-09-11,46,77.71,85.29,58.51,1.46,-0.21,-0.45,False,0.72,True,0.098,55.7,0,18
USPH,2.0,2022-08-05,2026-09-11,215,77.71,114.06,58.51,1.95,-0.31,-0.53,False,0.35,True,0.098,55.7,3,18
UTIW,2.0,2015-07-17,2016-01-22,28,7.09,8.82,4.45,1.98,-0.15,-0.75,False,0.6,True,0.049,45.4,0,16
UTRA,2.0,2010-06-04,2011-04-15,46,3.96,7.68,3.96,1.94,-0.15,-0.75,False,0.0,False,-0.04,33.4,0,0
UVV,1.5,2024-06-21,2026-09-11,117,45.33,60.56,41.51,1.46,0.28,-0.27,False,0.2,False,-0.051,35.4,2,116
VA,1.5,2016-04-01,2016-12-16,38,56.97,57.0,38.9,1.47,0.12,-0.11,True,1.0,False,-0.017,65.3,0,37
VACQ,1.5,2020-11-27,2021-09-03,41,13.52,13.52,9.82,1.38,0.14,,,1.0,True,0.006,73.1,1,40
VACQ,2.0,2020-11-27,2021-09-03,41,13.52,13.52,9.82,1.38,0.14,,,1.0,True,0.006,73.1,1,40
VAL,2.0,2026-01-16,2026-09-11,35,85.71,105.43,53.99,1.95,0.1,-0.32,True,0.62,False,-0.153,53.3,0,34
VALE,1.5,2025-11-28,2026-09-11,42,15.28,17.29,11.63,1.49,0.25,-0.07,True,0.64,False,-0.073,55.3,0,41
VATE_old,1.5,2020-11-27,2021-10-01,45,4.14,4.31,3.17,1.36,0.32,-0.83,False,0.85,False,-0.079,57.4,0,41
VC,1.5,2025-06-13,2026-09-11,66,100.56,123.69,84.7,1.46,-0.12,-0.46,False,0.41,False,-0.005,45.5,1,25
VC,2.0,2023-10-06,2026-09-11,154,100.56,130.69,67.04,1.95,-0.17,-0.59,False,0.53,False,-0.005,45.5,2,74
VCEL,2.0,2025-01-24,2026-09-11,86,37.87,58.54,29.34,2.0,-0.28,-0.51,False,0.29,True,0.282,44.0,1,24
VCI,2.0,2010-10-22,2014-02-07,173,34.02,35.89,18.06,1.99,0.06,-0.51,True,0.9,True,0.128,66.2,6,122
VDSI,2.0,2015-07-31,2018-06-08,150,21.8,21.8,11.05,1.97,-0.37,-0.67,True,1.0,True,0.202,79.8,3,38
VEC,1.5,2022-03-11,2022-09-09,27,33.88,39.34,30.38,1.29,-0.38,-0.49,False,0.39,False,-0.071,45.0,0,8
VEC,2.0,2019-04-19,2022-09-09,178,33.88,59.87,30.38,1.97,-0.17,-0.22,False,0.12,False,-0.071,45.0,2,8
VEEV,2.0,2021-11-26,2026-09-11,251,260.98,296.28,151.1,1.96,0.26,-0.55,True,0.76,True,0.3,65.8,5,204
VEL,1.5,2023-11-10,2026-09-11,149,18.12,20.63,14.41,1.43,0.27,0.05,True,0.6,False,-0.011,49.7,5,146
VEON,1.5,2025-11-14,2026-09-11,44,69.16,69.16,46.47,1.49,0.29,-0.21,True,1.0,True,0.088,74.9,1,24
VERB,2.0,2026-03-06,2026-09-11,28,3.0,3.98,2.08,1.91,0.24,-1.0,False,0.48,True,0.04,32.5,1,22
VERX,1.5,2026-02-06,2026-09-11,32,12.27,15.73,10.8,1.46,-0.16,-0.81,False,0.3,False,-0.009,43.4,0,22
VFS,2.0,2024-03-15,2026-09-11,131,3.01,5.02,2.52,1.99,-0.38,-0.96,False,0.2,False,-0.188,42.5,0,125
VIAB,2.0,2017-04-07,2019-12-06,140,24.22,42.3,21.66,1.95,-0.28,-0.65,False,0.12,False,-0.183,44.4,2,6
VIAV,2.0,2026-02-27,2026-09-11,29,37.4,55.33,27.88,1.98,0.12,0.01,True,0.35,False,-0.116,48.4,0,27
VIA_old,1.5,2017-05-05,2019-05-31,109,32.98,41.35,28.12,1.47,-0.39,-0.59,False,0.37,True,0.05,46.4,4,23
VIMC,1.5,2015-04-17,2015-12-18,36,13.43,14.89,10.04,1.48,0.15,-0.04,True,0.7,True,0.172,65.4,0,23
VIPS,2.0,2022-12-02,2026-09-11,198,12.58,19.49,10.79,1.81,0.24,-0.74,False,0.21,False,-0.038,37.8,2,197
VIP_old,1.5,2021-09-10,2022-03-04,26,12100.0,14150.0,9630.0,1.47,-0.29,-0.14,True,0.55,False,-0.078,59.8,0,25
VIR,1.5,2026-02-27,2026-09-11,29,10.58,11.39,8.4,1.36,0.26,-0.31,False,0.73,True,0.046,59.9,1,24
VITL,2.0,2026-03-20,2026-09-11,26,9.79,14.51,8.48,1.71,-0.28,-0.83,False,0.22,True,0.002,31.4,0,17
VIV,1.5,2025-08-08,2026-09-11,58,11.92,16.31,11.07,1.47,0.35,0.01,True,0.16,False,-0.127,41.9,0,48
VIV_old,1.5,2020-03-13,2020-10-02,30,7.64,10.39,7.48,1.39,-0.16,-0.45,False,0.06,True,0.035,34.2,0,20
VIV_old,2.0,2016-03-04,2020-10-02,240,7.64,13.74,7.48,1.84,-0.02,-0.5,False,0.03,True,0.035,34.2,3,20
VKTX,1.5,2025-10-03,2026-09-11,50,32.13,39.11,28.44,1.38,-0.15,-0.67,False,0.35,True,0.083,47.7,1,31
VKTX,2.0,2024-12-20,2026-09-11,91,32.13,42.89,22.22,1.93,0.14,-0.74,False,0.48,True,0.083,47.7,2,74
VLP,1.5,2014-02-14,2019-01-11,257,42.24,47.09,31.44,1.5,0.03,,True,0.69,True,0.113,60.7,3,254
VLP,2.0,2013-12-13,2019-01-11,266,42.24,47.09,23.94,1.97,0.13,,True,0.79,True,0.113,60.7,3,265
VLRS,1.5,2026-02-27,2026-09-11,29,6.47,9.39,6.47,1.45,0.04,-0.38,False,0.0,True,0.066,40.1,0,0
VLRS,2.0,2025-07-25,2026-09-11,60,6.47,10.45,5.44,1.92,0.3,-0.56,False,0.21,True,0.066,40.1,0,59
VLTO,1.5,2024-01-19,2026-09-11,139,93.45,112.62,75.97,1.48,-0.04,,False,0.48,True,0.085,50.4,2,136
VLTO,2.0,2023-09-29,2026-09-11,155,93.45,112.62,67.15,1.68,0.25,,False,0.58,True,0.085,50.4,3,150
VMRK,1.5,2022-04-29,2026-09-11,229,65.02,71.92,48.42,1.49,0.4,-0.37,True,0.71,True,0.066,49.9,2,150
VMRK,2.0,2020-11-06,2026-09-11,306,65.02,77.36,41.24,1.88,0.09,-0.39,True,0.66,True,0.066,49.9,6,305
VMW,2.0,2020-03-27,2023-11-24,192,142.48,177.76,94.94,1.87,0.33,-0.43,True,0.57,True,0.059,44.0,4,191
VNE,1.5,2021-07-23,2022-04-01,37,36.95,38.69,31.17,1.24,0.14,0.05,True,0.77,True,0.01,67.8,1,36
VNO,2.0,2023-12-01,2026-09-11,146,34.37,44.03,22.55,1.95,0.39,-0.45,True,0.55,True,0.273,45.4,0,120
VNOM,1.5,2024-11-29,2026-09-11,94,44.84,48.97,34.09,1.44,0.21,-0.33,True,0.72,False,-0.058,54.4,4,58
VNT,2.0,2023-02-03,2026-09-11,189,31.26,45.04,22.89,1.97,0.26,-0.37,False,0.38,False,-0.036,45.0,2,187
VOLC,2.0,2014-03-28,2015-02-20,48,17.99,19.73,9.99,1.97,-0.35,-0.66,False,0.82,True,0.479,70.0,0,15
VOXR,1.5,2026-03-06,2026-09-11,28,5.74,6.19,4.14,1.5,-0.19,-0.35,True,0.78,False,-0.079,58.2,0,8
VPI,2.0,2018-06-29,2022-03-04,193,64100.0,64700.0,32400.0,2.0,0.09,,True,0.98,True,0.289,78.4,4,81
VPK,1.5,2017-01-13,2018-02-02,56,6000.0,8590.0,5760.0,1.49,-0.27,-0.6,False,0.08,False,-0.037,33.2,0,37
VPRT,2.0,2013-03-08,2014-11-14,89,68.38,68.38,37.18,1.84,0.14,-0.32,True,1.0,True,0.334,80.2,0,88
VPS,1.5,2020-08-21,2022-03-04,81,14800.0,18000.0,12200.0,1.48,0.39,-0.43,True,0.45,False,-0.023,43.3,2,69
VPS,2.0,2020-07-31,2022-03-04,84,14800.0,21550.0,11200.0,1.92,0.18,-0.23,True,0.35,False,-0.023,43.3,2,83
VQ,1.5,2012-01-20,2012-10-05,38,12.49,12.49,8.93,1.4,0.04,-0.57,True,1.0,True,0.043,64.7,0,9
VQ,2.0,2011-07-29,2012-10-05,63,12.49,12.71,6.72,1.89,0.28,-0.68,True,0.96,True,0.043,64.7,0,42
VREX,2.0,2025-08-08,2026-09-11,58,18.47,18.51,9.48,1.95,0.27,-0.56,True,1.0,True,0.285,77.8,0,57
VRGY,2.0,2009-03-27,2011-07-08,120,15.0,15.0,7.7,1.95,0.36,,True,1.0,True,0.08,68.9,3,43
VRN,1.5,2024-09-06,2025-05-09,36,6.01,6.66,4.59,1.45,0.04,-0.46,False,0.69,True,0.146,52.9,0,20
VRN,2.0,2021-12-31,2025-05-09,176,6.01,8.91,4.59,1.94,-0.05,0.01,False,0.33,True,0.146,52.9,2,20
VRNT,1.5,2025-02-28,2025-11-28,40,20.51,22.57,15.2,1.48,0.27,-0.61,False,0.72,True,0.022,51.3,1,34
VRNT,2.0,2024-12-13,2025-11-28,51,20.51,29.01,15.2,1.91,-0.39,-0.61,False,0.38,True,0.022,51.3,2,34
VRSK,2.0,2022-06-24,2026-09-11,221,175.86,316.27,162.11,1.95,0.26,-0.27,False,0.09,True,0.057,42.3,3,17
VRSN,1.5,2025-01-24,2026-09-11,86,288.85,309.09,206.97,1.49,0.29,-0.07,True,0.8,True,0.016,57.1,1,85
VRSN,2.0,2020-03-27,2026-09-11,338,288.85,309.09,154.73,2.0,0.38,-0.28,True,0.87,True,0.016,57.1,6,221
VRT,2.0,2026-01-30,2026-09-11,33,248.13,370.86,186.1,1.99,0.25,-0.03,True,0.34,False,-0.072,45.2,0,32
VRTS,1.5,2025-09-19,2026-09-11,52,151.82,180.86,122.18,1.48,-0.21,-0.45,False,0.51,True,0.169,48.8,1,26
VRTS,2.0,2021-12-03,2026-09-11,250,151.82,243.32,122.18,1.99,-0.21,-0.55,False,0.24,True,0.169,48.8,2,26
VRTX,1.5,2023-12-15,2026-09-11,144,514.56,548.05,366.54,1.5,0.17,-0.03,True,0.82,True,0.149,57.6,3,57
VSCO,2.0,2025-10-24,2026-06-05,33,54.3,65.9,33.17,1.99,0.31,-0.32,True,0.65,False,-0.145,55.8,0,32
VSEA,1.5,2011-05-06,2011-11-11,28,62.93,62.93,58.51,1.08,0.3,0.18,True,1.0,True,0.014,68.0,1,14
VSNT,1.5,2026-02-20,2026-09-11,30,37.36,42.69,29.42,1.45,0.23,,,0.6,False,-0.05,47.1,0,29
VSNT,2.0,2025-12-19,2026-09-11,39,37.36,46.04,28.13,1.64,0.15,,,0.52,False,-0.05,47.1,0,30
VST,2.0,2025-04-11,2026-09-11,75,147.05,210.41,110.99,1.9,-0.27,-0.41,True,0.36,False,-0.013,47.0,0,74
VSTO,2.0,2020-12-25,2024-11-29,206,44.63,47.17,23.76,1.99,-0.12,0.01,True,0.89,True,0.119,73.3,5,204
VTEX,1.5,2025-08-08,2026-09-11,58,3.55,4.53,3.04,1.49,-0.26,-0.67,False,0.34,True,0.019,42.9,1,29
VTEX,2.0,2025-08-01,2026-09-11,59,3.55,5.79,3.04,1.9,-0.21,-0.67,False,0.19,True,0.019,42.9,1,29
VTLE,1.5,2025-04-18,2025-12-19,36,17.92,21.37,14.79,1.44,0.13,-0.76,False,0.48,True,0.019,50.5,0,33
VTLE,2.0,2025-02-28,2025-12-19,43,17.92,26.71,13.69,1.95,-0.18,-0.78,False,0.32,True,0.019,50.5,1,36
VTMX,2.0,2023-06-30,2026-09-11,168,33.56,37.51,22.01,1.7,-0.03,,True,0.75,True,0.002,49.3,4,74
VTS,2.0,2023-02-10,2026-09-11,188,18.64,24.14,12.51,1.93,0.24,,False,0.53,False,-0.074,60.3,2,186
VTTI,1.5,2015-07-10,2017-09-15,115,19.5,20.38,13.85,1.47,0.26,-0.4,True,0.87,True,0.035,67.7,1,85
VTTI,2.0,2014-08-01,2017-09-15,164,19.5,23.02,13.85,1.66,-0.3,,True,0.62,True,0.035,67.7,2,85
VTVT,1.5,2025-12-12,2026-09-11,40,31.86,41.17,29.02,1.42,-0.32,-0.06,True,0.23,False,-0.05,48.0,0,31
VTVT,2.0,2025-10-24,2026-09-11,47,31.86,41.17,20.9,1.97,0.17,-0.25,True,0.54,False,-0.05,48.0,0,46
VVV,2.0,2021-02-12,2026-09-11,292,30.21,46.02,23.56,1.95,0.34,-0.02,False,0.3,True,0.065,35.3,3,291
VYGG,1.5,2020-11-20,2022-10-07,99,10.05,12.3,9.71,1.27,-0.34,,,0.13,True,0.008,72.8,3,61
VYGG,2.0,2020-11-20,2022-10-07,99,10.05,12.3,9.71,1.27,-0.34,,,0.13,True,0.008,72.8,3,61
VYGR,2.0,2025-01-31,2026-09-11,85,3.19,5.45,2.74,1.99,-0.09,-0.79,False,0.17,False,-0.111,42.7,1,67
VZ,2.0,2015-11-20,2026-09-11,565,49.97,50.14,25.31,1.98,0.39,-0.09,True,0.99,False,-0.002,62.1,12,561
VZLA,1.5,2026-02-13,2026-09-11,31,4.0,4.38,3.0,1.46,0.03,-0.55,True,0.72,True,0.046,55.6,0,25
VZLA,2.0,2026-01-30,2026-09-11,33,4.0,5.08,3.0,1.69,-0.19,-0.55,True,0.48,True,0.046,55.6,0,25
W,2.0,2025-07-25,2026-09-11,60,97.45,115.93,58.22,1.99,0.04,-0.3,True,0.68,True,0.338,56.6,1,17
WABC,2.0,2016-01-29,2026-09-11,555,59.11,60.87,31.23,1.95,0.29,-0.15,True,0.94,True,0.102,61.6,15,554
WAC1,2.0,2010-07-23,2013-02-15,135,73.52,74.0,40.83,1.81,0.32,-0.21,True,0.99,True,0.287,71.1,1,28
WAFD,2.0,2020-11-13,2026-09-11,305,34.1,38.06,20.17,1.89,0.36,-0.34,True,0.78,True,0.086,44.2,6,304
WAIR,2.0,2017-12-22,2020-01-10,108,11.04,13.9,7.05,1.97,0.17,-0.54,True,0.58,True,0.009,59.8,5,101
WAL,1.5,2025-04-18,2026-09-11,74,79.28,92.95,64.37,1.44,0.18,-0.29,True,0.52,True,0.057,48.6,1,73
WAT,1.5,2023-11-24,2026-09-11,147,401.64,415.48,280.39,1.48,0.31,-0.25,True,0.9,True,0.18,59.6,3,146
WAT,2.0,2020-10-23,2026-09-11,308,401.64,423.4,221.95,1.91,0.29,-0.12,True,0.89,True,0.18,59.6,7,307
WAY,1.5,2026-01-30,2026-09-11,33,23.06,26.56,17.93,1.48,-0.17,-0.6,False,0.59,True,0.057,47.5,1,17
WB,2.0,2023-05-05,2026-09-11,176,6.61,12.0,6.09,1.97,-0.03,-0.86,False,0.09,False,-0.091,29.8,2,104
WBA,2.0,2024-05-24,2025-08-29,67,11.98,15.38,8.23,1.87,0.02,-0.78,False,0.52,True,0.048,61.5,1,41
WBC,1.5,2018-02-02,2020-05-29,122,136.46,151.46,102.88,1.47,0.25,-0.36,True,0.69,False,-0.007,58.5,1,76
WBD,1.5,2025-10-24,2026-09-11,47,28.2,29.98,21.15,1.42,0.26,0.08,True,0.8,True,0.004,60.2,0,46
WBK,1.5,2020-11-20,2022-03-25,71,14.2,20.23,13.87,1.46,-0.22,-0.25,False,0.05,False,-0.127,31.2,1,70
WBMD,1.5,2015-12-04,2017-09-15,94,66.48,66.48,46.16,1.44,0.21,-0.11,True,1.0,True,0.153,73.4,2,92
WBSN,2.0,2011-07-29,2013-06-28,101,24.72,24.85,13.1,1.9,-0.17,-0.53,True,0.99,True,0.351,82.0,2,34
WBT,1.5,2021-04-23,2022-07-29,67,24.01,24.9,19.79,1.26,0.16,0.02,True,0.83,False,-0.0,63.4,0,62
WCIC,2.0,2013-07-26,2017-02-10,186,23.45,25.95,14.78,1.76,0.35,,True,0.78,True,0.095,64.8,4,179
WCN,1.5,2023-11-17,2026-09-11,148,159.44,195.48,130.64,1.5,0.1,-0.08,False,0.44,True,0.054,44.2,1,146
WD,1.5,2026-02-27,2026-09-11,29,40.33,53.82,40.22,1.34,-0.11,-0.62,False,0.01,False,-0.035,34.5,0,3
WDAY,2.0,2025-11-28,2026-09-11,42,185.09,224.49,112.5,2.0,-0.33,-0.63,False,0.65,True,0.264,58.1,0,22
WDFC,1.5,2023-07-14,2026-09-11,166,199.04,275.15,187.36,1.47,-0.13,-0.21,False,0.13,True,0.103,40.4,1,35
WDFC,2.0,2021-03-12,2026-09-11,288,199.04,281.17,142.3,1.98,0.19,-0.53,False,0.41,True,0.103,40.4,2,203
WDS,1.5,2026-01-30,2026-09-11,33,23.89,24.18,16.73,1.45,0.38,-0.03,True,0.96,False,-0.04,60.6,0,32
WEN,1.5,2025-09-05,2026-09-11,54,7.44,9.71,6.52,1.49,-0.37,-0.63,False,0.29,True,0.118,47.8,2,19
WERN,2.0,2017-06-30,2026-09-11,481,38.59,46.11,23.36,1.97,0.26,0.01,True,0.67,True,0.145,51.5,10,480
WES2,2.0,2016-02-26,2019-03-01,158,49.55,65.04,37.84,1.72,-0.21,-0.52,False,0.43,True,0.041,55.8,2,157
WETF,1.5,2022-03-25,2023-01-20,44,5.78,6.07,4.65,1.3,-0.27,-0.66,False,0.8,True,0.083,54.8,0,16
WETF,2.0,2022-03-25,2023-01-20,44,5.78,6.07,4.65,1.3,-0.27,-0.66,False,0.8,True,0.083,54.8,0,16
WEX,2.0,2020-05-01,2026-09-11,333,190.03,239.58,120.5,1.99,-0.09,-0.48,True,0.58,True,0.153,62.1,5,330
WF,1.5,2025-12-19,2026-09-11,39,74.56,81.83,55.29,1.48,0.28,-0.02,True,0.73,True,0.024,61.9,0,38
WFC-WS,2.0,2016-11-11,2018-10-26,103,16.67,32.32,16.43,1.97,0.09,-0.32,False,0.02,True,0.014,33.4,2,59
WFG,2.0,2020-11-20,2026-09-11,304,67.43,97.97,49.42,1.98,-0.03,-0.09,False,0.37,True,0.075,50.1,6,303
WFRD,1.5,2025-11-21,2026-09-11,43,89.92,108.87,72.7,1.5,0.28,-0.43,True,0.48,False,-0.128,48.8,0,42
WFRD_old,2.0,2024-12-06,2025-11-07,49,73.26,76.26,39.25,1.94,-0.06,-0.69,True,0.92,True,0.26,63.8,1,31
WGO,1.5,2026-02-27,2026-09-11,29,28.19,38.52,27.03,1.42,-0.31,-0.6,False,0.1,False,-0.0,40.8,0,14
WGO,2.0,2024-11-29,2026-09-11,94,28.19,53.98,27.03,2.0,-0.34,-0.6,False,0.04,False,-0.0,40.8,0,14
WGP,2.0,2016-02-26,2019-03-01,158,32.72,41.66,23.22,1.79,-0.2,-0.57,False,0.51,True,0.011,56.7,0,157
WH,1.5,2025-03-07,2026-09-11,80,68.62,95.58,68.62,1.39,-0.31,-0.35,False,0.0,False,-0.058,37.3,2,0
WH,2.0,2021-02-05,2026-09-11,293,68.62,106.02,54.61,1.94,0.34,-0.04,False,0.27,False,-0.058,37.3,6,291
WIBC,1.5,2013-11-22,2016-07-29,141,10.74,12.67,8.71,1.46,0.37,0.02,True,0.51,True,0.054,50.4,2,94
WIFI,1.5,2020-11-13,2021-06-04,30,13.99,15.4,11.4,1.35,0.29,-0.55,False,0.65,True,0.102,56.1,1,14
WIFI,2.0,2019-07-26,2021-06-04,98,13.99,15.67,8.65,1.81,0.26,-0.75,False,0.76,True,0.102,56.1,2,63
WINA,2.0,2023-02-03,2026-09-11,189,310.05,495.38,261.67,1.89,0.38,0.05,False,0.21,False,-0.075,35.3,3,187
WKC,2.0,2023-12-15,2026-09-11,144,35.35,39.86,20.5,1.94,0.37,-0.25,True,0.77,True,0.351,62.9,0,143
WKME,2.0,2022-05-06,2024-09-13,124,13.95,14.44,7.49,1.93,0.22,-0.78,True,0.93,True,0.513,76.0,1,97
WLDN,1.5,2026-02-27,2026-09-11,29,81.93,97.21,68.53,1.42,0.01,-0.49,True,0.47,False,-0.05,47.0,0,6
WLDN,2.0,2025-07-04,2026-09-11,63,81.93,133.78,68.53,1.95,-0.29,0.1,True,0.21,False,-0.05,47.0,0,6
WLFC,1.5,2026-01-09,2026-09-11,36,56.19,75.33,51.62,1.46,0.04,-0.28,True,0.19,True,0.024,44.8,0,35
WLFC,2.0,2024-09-13,2026-09-11,105,56.19,75.33,39.43,1.91,0.12,0.09,True,0.47,True,0.024,44.8,2,104
WLK,2.0,2025-11-28,2026-09-11,42,71.62,117.86,65.62,1.8,-0.12,-0.57,False,0.11,False,-0.251,39.0,0,41
WLTH,2.0,2025-12-12,2026-09-11,40,10.88,14.19,7.77,1.83,-0.26,,,0.48,False,-0.099,50.3,0,30
WLY,2.0,2023-10-20,2026-09-11,152,47.24,53.71,27.16,1.98,0.35,-0.44,True,0.76,True,0.248,53.7,2,148
WMG,1.5,2023-06-16,2026-09-11,170,27.84,34.88,23.47,1.49,-0.16,-0.47,False,0.38,False,-0.056,49.0,2,24
WMG,2.0,2021-11-19,2026-09-11,252,27.84,39.08,20.76,1.88,-0.06,-0.53,False,0.39,False,-0.056,49.0,3,205
WMGI,1.5,2019-11-01,2020-11-20,56,29.98,30.69,22.01,1.39,0.18,-0.32,True,0.92,True,0.02,48.9,0,55
WMIH,1.5,2018-02-16,2018-10-12,35,15.72,18.84,15.0,1.26,0.22,-0.49,False,0.19,True,0.045,45.9,0,33
WMIH,2.0,2018-02-16,2018-10-12,35,15.72,18.84,15.0,1.26,0.22,-0.49,False,0.19,True,0.045,45.9,0,33
WMK,2.0,2021-01-29,2026-09-11,294,71.18,87.6,44.1,1.99,0.38,-0.11,True,0.62,True,0.05,46.7,8,293
WMS,1.5,2025-08-08,2026-09-11,58,127.16,174.69,127.16,1.37,-0.05,-0.26,False,0.0,True,0.03,39.4,0,0
WMS,2.0,2023-05-19,2026-09-11,174,127.16,174.69,94.92,1.84,0.2,-0.35,False,0.4,True,0.03,39.4,3,173
WMS_old,2.0,2011-06-03,2013-10-18,125,25.98,30.6,15.36,1.99,0.11,-0.69,False,0.7,True,0.014,73.8,0,49
WNRL,2.0,2013-10-11,2017-11-03,213,23.85,29.28,15.58,1.88,-0.12,,True,0.6,False,-0.004,44.6,3,90
WNS,2.0,2023-05-05,2025-10-17,129,76.48,79.55,40.17,1.98,-0.03,-0.57,True,0.92,True,0.234,70.5,2,77
WOR,1.5,2025-03-28,2026-09-11,77,57.61,66.15,45.71,1.45,-0.03,-0.38,True,0.58,True,0.057,52.3,2,75
WOR,2.0,2022-10-07,2026-09-11,206,57.61,73.82,37.87,1.95,-0.04,-0.44,True,0.55,True,0.057,52.3,5,98
WPC,2.0,2020-05-22,2026-09-11,330,69.55,76.69,40.8,1.88,0.38,-0.34,True,0.8,True,0.008,45.7,8,328
WPF,1.5,2020-07-17,2021-07-09,52,9.22,12.79,9.22,1.39,-0.07,,,0.0,False,-0.062,32.3,0,0
WPF,2.0,2020-07-17,2021-07-09,52,9.22,12.79,9.22,1.39,-0.07,,,0.0,False,-0.062,32.3,0,0
WPF-U,1.5,2020-07-17,2021-07-02,51,9.75,12.79,9.75,1.31,-0.03,,,0.0,False,-0.066,39.2,0,0
WPF-U,2.0,2020-07-17,2021-07-02,51,9.75,12.79,9.75,1.31,-0.03,,,0.0,False,-0.066,39.2,0,0
WPF-WS,1.5,2020-07-17,2021-07-02,51,9.75,12.79,9.75,1.31,-0.03,,,0.0,False,-0.066,39.2,0,0
WPF-WS,2.0,2020-07-17,2021-07-02,51,9.75,12.79,9.75,1.31,-0.03,,,0.0,False,-0.066,39.2,0,0
WPP,2.0,2025-07-11,2026-09-11,62,24.77,27.86,14.7,1.9,-0.34,-0.71,False,0.77,True,0.275,61.5,1,25
WPP1,2.0,2014-03-14,2016-01-22,98,10.24,12.83,6.48,1.98,-0.29,-0.53,True,0.59,True,0.271,62.7,3,16
WPPGY,1.5,2013-07-05,2017-12-01,231,84.43,113.95,76.25,1.49,0.34,-0.01,False,0.22,False,-0.116,28.8,3,230
WPZ,1.5,2016-12-16,2018-08-10,87,47.37,47.37,31.71,1.49,0.25,-0.29,True,1.0,True,0.182,76.5,0,86
WPZ1,1.5,2012-01-27,2015-02-06,159,48.15,61.96,41.94,1.48,-0.31,-0.35,False,0.31,False,-0.106,49.8,3,3
WPZ1,2.0,2010-01-22,2015-02-06,264,48.15,64.64,36.15,1.79,0.21,0.14,False,0.42,False,-0.106,49.8,5,261
WRBY,1.5,2025-12-12,2026-09-11,40,24.3,29.55,20.29,1.46,0.14,-0.29,True,0.43,True,0.105,47.1,1,23
WSC,2.0,2025-02-28,2026-09-11,81,18.68,32.27,16.92,1.91,-0.3,-0.67,False,0.11,True,0.089,35.3,0,25
WSO,1.5,2025-08-01,2026-09-11,59,310.9,436.88,309.3,1.41,-0.21,-0.41,False,0.01,False,-0.107,36.5,1,6
WSO,2.0,2023-02-03,2026-09-11,189,310.9,527.45,266.52,1.98,0.23,-0.02,False,0.17,False,-0.107,36.5,3,183
WST,2.0,2024-02-16,2026-09-11,135,344.25,392.79,200.91,1.96,-0.25,-0.51,True,0.75,True,0.191,58.1,3,73
WSTC,2.0,2013-03-22,2017-10-13,239,23.5,32.27,16.28,1.98,0.1,,False,0.45,False,-0.012,49.8,4,238
WTI,2.0,2026-02-20,2026-09-11,30,4.19,4.73,2.63,1.8,0.36,-0.08,True,0.74,False,-0.024,60.3,0,28
WTNY,1.5,2010-12-03,2011-06-10,28,13.35,14.35,9.95,1.44,0.31,-0.38,True,0.77,True,0.001,57.5,1,27
WTNY,2.0,2009-04-24,2011-06-10,112,13.35,14.87,7.47,1.99,0.37,,True,0.79,True,0.001,57.5,3,41
WTRE_old,1.5,2020-10-02,2021-07-02,40,34.99,36.0,29.38,1.23,0.14,0.03,True,0.85,True,0.004,68.8,0,39
WTRE_old,2.0,2020-09-11,2021-07-02,43,34.99,36.0,22.02,1.63,0.37,-0.22,True,0.93,True,0.004,68.8,0,40
WTRG,1.5,2022-08-26,2026-09-11,212,41.8,44.06,29.64,1.49,0.06,-0.36,True,0.84,True,0.04,65.9,4,151
WTRU,2.0,2019-04-19,2022-04-29,159,53.31,63.61,41.03,1.55,0.4,,False,0.54,False,-0.028,40.3,3,110
WUBA,1.5,2019-05-10,2020-09-18,72,55.88,68.7,45.96,1.49,-0.22,-0.48,False,0.44,True,0.087,55.0,1,26
WULF,2.0,2026-03-13,2026-09-11,27,16.14,28.98,14.67,1.98,-0.06,-0.1,True,0.1,False,-0.072,43.7,0,26
WWE,1.5,2023-01-06,2023-11-10,45,84.61,113.55,77.63,1.46,0.11,-0.03,True,0.19,False,-0.126,40.6,0,4
WWW,1.5,2025-10-31,2026-09-11,46,19.29,22.3,15.17,1.47,0.27,-0.51,True,0.58,True,0.142,53.0,0,43
WWW,2.0,2025-09-12,2026-09-11,53,19.29,29.88,15.17,1.97,-0.32,-0.51,True,0.28,True,0.142,53.0,0,43
WWWW,2.0,2014-06-27,2015-11-13,73,24.72,29.49,15.11,1.95,0.17,-0.59,True,0.67,False,-0.042,62.0,0,41
WY,2.0,2020-07-10,2026-09-11,323,21.99,35.55,18.75,1.9,-0.21,-0.29,False,0.19,True,0.009,39.9,7,322
WYNN,2.0,2022-11-04,2026-09-11,202,88.42,128.32,68.33,1.88,0.26,-0.48,False,0.33,False,-0.04,35.6,4,201
X,2.0,2023-08-18,2025-06-20,97,54.84,54.84,30.03,1.83,0.24,-0.2,True,1.0,True,0.249,68.8,2,95
XBIT-V,2.0,2020-04-03,2021-12-17,90,11.54,21.16,11.05,1.91,-0.11,-0.55,False,0.05,False,-0.184,35.2,0,2
XENT,1.5,2021-07-23,2022-05-13,43,28.24,28.24,20.01,1.41,0.24,-0.31,True,1.0,True,0.019,66.3,0,42
XERS,2.0,2025-07-11,2026-09-11,62,7.67,9.7,5.02,1.93,0.12,-0.14,True,0.57,True,0.338,51.5,2,59
XFLT,1.5,2025-10-31,2026-09-11,46,19.35,21.56,14.39,1.5,-0.39,-0.46,False,0.69,True,0.065,59.2,0,27
XFOR,1.5,2025-10-24,2026-09-11,47,3.4,4.64,3.16,1.47,0.25,-0.93,False,0.16,False,-0.018,41.2,0,29
XIFR,2.0,2025-01-24,2026-09-11,86,11.48,15.7,8.2,1.91,0.38,-0.86,False,0.44,True,0.086,50.6,2,64
XONE_old,2.0,2021-03-26,2021-11-12,34,26.7,31.29,16.31,1.92,-0.08,-0.7,True,0.69,True,0.196,59.5,1,17
XOOM,2.0,2014-03-07,2015-11-13,89,24.91,26.86,14.01,1.92,0.13,-0.6,True,0.85,True,0.079,71.7,1,50
XP,1.5,2025-04-25,2026-09-11,73,19.97,22.66,15.14,1.5,-0.03,-0.38,True,0.64,False,-0.051,61.9,1,14
XP,2.0,2025-01-17,2026-09-11,87,19.97,22.66,11.72,1.93,0.28,-0.52,True,0.75,False,-0.051,61.9,2,86
XPEL,1.5,2025-11-07,2026-09-11,45,48.06,54.25,37.77,1.44,-0.02,-0.36,False,0.62,True,0.074,52.5,1,44
XPER,1.5,2026-02-20,2026-09-11,30,5.71,8.2,5.49,1.49,0.37,-0.54,False,0.08,True,0.032,35.6,0,29
XPO,1.5,2026-02-06,2026-09-11,32,182.34,228.33,181.71,1.26,-0.01,0.16,True,0.01,False,-0.037,43.1,0,26
XPOA,1.5,2020-12-11,2022-08-05,87,8.66,11.6,8.66,1.34,-0.25,,,0.0,False,-0.017,10.4,2,0
XPOA,2.0,2020-12-11,2022-08-05,87,8.66,11.6,8.66,1.34,-0.25,,,0.0,False,-0.017,10.4,2,0
XPOF,2.0,2026-02-27,2026-09-11,29,4.04,7.6,4.04,1.88,-0.18,-0.78,False,0.0,False,-0.038,35.3,0,0
XRAY,1.5,2025-08-01,2026-09-11,59,10.5,14.68,10.0,1.47,-0.36,-0.72,False,0.11,True,0.065,43.1,0,14
XRN,1.5,2024-10-04,2026-09-11,102,36.62,41.08,27.95,1.47,-0.09,-0.38,True,0.66,True,0.067,53.9,4,68
XTLY,1.5,2016-06-10,2017-07-28,60,15.65,15.65,11.0,1.42,0.29,0.06,True,1.0,True,0.233,72.4,1,30
XYL,1.5,2023-11-24,2026-09-11,147,106.55,149.22,99.81,1.49,0.06,-0.14,False,0.14,True,0.001,36.1,0,146
XYZ,2.0,2024-12-13,2026-09-11,92,79.07,92.16,46.53,1.98,0.02,-0.53,True,0.71,True,0.18,54.9,3,71
XZO,1.5,2026-02-06,2026-09-11,32,15.78,18.69,12.97,1.44,0.07,,,0.49,True,0.107,45.8,1,16
YALA,2.0,2025-03-14,2026-09-11,79,5.44,9.08,4.66,1.95,-0.29,-0.24,True,0.18,False,-0.137,40.2,0,75
YETI,1.5,2025-11-07,2026-09-11,45,39.47,52.2,35.5,1.47,0.27,-0.32,False,0.24,True,0.131,39.7,0,25
YETI,2.0,2022-04-08,2026-09-11,232,39.47,54.27,27.86,1.95,-0.09,-0.74,False,0.44,True,0.131,39.7,5,73
YHOO,2.0,2013-07-12,2017-06-16,206,52.58,54.02,27.04,2.0,0.31,0.0,True,0.95,True,0.129,75.1,3,70
YMM,2.0,2024-03-15,2026-09-11,131,8.14,13.25,6.83,1.94,0.2,-0.28,False,0.2,True,0.033,40.5,1,110
YORW,2.0,2016-10-14,2026-09-11,518,33.35,47.27,23.75,1.99,0.21,-0.09,False,0.41,True,0.071,59.9,8,517
YOU,1.5,2026-02-27,2026-09-11,29,42.74,59.68,42.74,1.4,-0.11,0.05,True,0.0,False,-0.058,41.8,0,0
YUMC,1.5,2024-09-27,2026-09-11,103,42.29,56.9,39.97,1.42,0.11,-0.33,False,0.14,False,-0.049,42.0,1,73
YUMC,2.0,2024-08-09,2026-09-11,110,42.29,56.9,31.83,1.79,0.25,-0.47,False,0.42,False,-0.049,42.0,1,107
ZBRA,2.0,2025-01-31,2026-09-11,85,344.01,391.94,202.64,1.93,-0.17,-0.51,True,0.75,True,0.36,64.1,1,24
ZBZZT,1.5,2019-03-15,2023-06-30,60,199999.98,200000.0,199998.78,1.0,0.12,0.0,True,0.99,True,0.0,72.4,0,59
ZBZZT,2.0,2019-03-15,2023-06-30,60,199999.98,200000.0,199998.78,1.0,0.12,0.0,True,0.99,True,0.0,72.4,0,59
ZEN,2.0,2022-05-13,2022-11-25,29,77.48,102.15,55.87,1.83,-0.2,-0.65,False,0.47,True,0.032,41.1,0,23
ZEP,2.0,2009-04-10,2015-06-26,325,20.04,23.09,11.73,1.97,-0.07,,True,0.73,True,0.212,70.4,6,314
ZEUS,2.0,2024-05-10,2026-02-13,93,47.86,52.47,27.09,1.94,-0.23,-0.61,True,0.82,True,0.407,64.2,2,18
ZEV-WS,2.0,2021-05-07,2021-12-17,33,6.23,9.93,6.15,1.61,-0.09,,,0.02,False,-0.023,27.8,0,1
ZIP_old,2.0,2012-04-27,2013-03-15,47,12.25,12.26,6.5,1.89,0.19,-0.78,False,1.0,True,0.554,69.1,1,20
ZK,1.5,2025-04-25,2025-12-26,36,26.73,30.71,21.0,1.46,0.19,-0.33,,0.59,False,-0.04,45.2,0,35
ZK,2.0,2024-09-13,2025-12-26,68,26.73,31.36,15.98,1.96,0.37,,,0.7,False,-0.04,45.2,0,67
ZLAB,2.0,2025-10-10,2026-09-11,49,24.17,30.24,16.6,1.82,-0.02,-0.6,False,0.55,True,0.119,57.1,1,32
ZMH,1.5,2020-03-13,2020-09-11,27,1261.0,1484.0,996.6,1.49,0.36,-0.53,False,0.54,True,0.095,43.5,0,25
ZMH,2.0,2020-02-28,2020-09-11,29,1261.0,1899.24,996.6,1.91,-0.03,-0.53,False,0.29,True,0.095,43.5,0,25
ZNTE,1.5,2021-01-08,2022-05-13,71,11.32,14.14,10.0,1.41,-0.22,,,0.32,True,0.015,87.9,1,58
ZNTE,2.0,2021-01-08,2022-05-13,71,11.32,14.14,10.0,1.41,-0.22,,,0.32,True,0.015,87.9,1,58
ZOES,2.0,2017-05-26,2018-11-23,79,12.76,17.19,8.65,1.99,-0.15,-0.81,False,0.48,True,0.276,52.8,2,26
ZRAN,1.5,2010-12-03,2011-09-02,40,8.11,11.22,7.7,1.46,-0.32,-0.36,False,0.12,False,-0.138,43.6,0,39
ZU,2.0,2014-12-26,2015-10-02,41,17.4,23.61,12.15,1.94,-0.28,-0.82,,0.46,True,0.155,55.4,1,22
ZUMZ,2.0,2025-08-15,2026-09-11,57,16.71,30.62,15.49,1.98,-0.18,-0.47,False,0.08,False,-0.187,36.4,0,56
ZUO,1.5,2023-07-07,2025-02-14,85,10.02,10.91,7.28,1.5,0.21,-0.68,False,0.75,True,0.082,60.7,1,68
ZUO,2.0,2022-05-06,2025-02-14,146,10.02,11.55,5.8,1.99,0.2,-0.74,False,0.73,True,0.082,60.7,3,112
ZURA,2.0,2026-03-13,2026-09-11,27,5.38,6.23,3.4,1.83,0.03,-0.51,True,0.7,True,0.084,51.5,0,14
ZYME,1.5,2025-11-21,2026-09-11,43,26.43,29.19,21.94,1.33,0.14,0.15,True,0.62,True,0.006,54.2,0,6
