ticker,kind,char,dt,fwd1d,fwd3d,fwd5d
SPY,CTRL,NORMAL,2024-09-13T12:30:00,-0.186,0.171,0.97
SPY,CTRL,NORMAL,2024-09-16T11:30:00,0.419,1.833,1.345
SPY,BOTTOM,NORMAL,2024-09-16T15:30:00,0.043,1.432,1.201
SPY,CTRL,NORMAL,2024-09-17T10:30:00,-0.421,0.15,0.834
SPY,CTRL,NORMAL,2024-09-18T09:30:00,1.46,1.183,1.415
SPY,CTRL,NORMAL,2024-09-18T15:30:00,1.707,1.475,1.543
SPY,CTRL,NORMAL,2024-09-19T14:30:00,-0.513,-0.093,0.166
SPY,CTRL,NORMAL,2024-09-20T13:30:00,0.462,0.632,0.809
SPY,CTRL,NORMAL,2024-09-23T12:30:00,0.322,0.406,0.403
SPY,CTRL,NORMAL,2024-09-24T11:30:00,0.024,0.302,-0.304
SPY,CTRL,NORMAL,2024-09-25T10:30:00,0.1,0.138,-0.219
SPY,CTRL,NORMAL,2024-09-26T09:30:00,0.214,-0.902,-0.952
SPY,CTRL,NORMAL,2024-09-26T15:30:00,-0.147,-0.622,-0.781
SPY,CTRL,NORMAL,2024-09-27T14:30:00,-0.19,-0.484,0.011
SPY,CTRL,NORMAL,2024-09-30T13:30:00,0.209,-0.401,0.046
SPY,CTRL,NORMAL,2024-10-01T12:30:00,0.351,0.814,0.844
SPY,CTRL,NORMAL,2024-10-02T11:30:00,-0.139,0.258,1.188
SPY,CTRL,NORMAL,2024-10-03T10:30:00,0.23,0.769,1.554
SPY,CTRL,NORMAL,2024-10-04T09:30:00,0.462,0.921,1.918
SPY,CTRL,NORMAL,2024-10-04T15:30:00,-0.892,0.733,1.157
SPY,CTRL,NORMAL,2024-10-07T14:30:00,0.877,1.323,2.934
SPY,BOTTOM,NORMAL,2024-10-08T12:30:00,0.921,1.339,1.726
SPY,CTRL,NORMAL,2024-10-08T13:30:00,0.778,1.313,1.502
SPY,CTRL,NORMAL,2024-10-09T12:30:00,-0.019,1.266,0.814
SPY,CTRL,NORMAL,2024-10-10T11:30:00,0.274,0.858,1.234
SPY,CTRL,NORMAL,2024-10-11T10:30:00,0.622,0.245,0.875
SPY,CTRL,NORMAL,2024-10-14T09:30:00,-0.03,0.075,0.084
SPY,CTRL,NORMAL,2024-10-14T15:30:00,-0.767,-0.344,-0.106
SPY,CTRL,NORMAL,2024-10-15T14:30:00,0.526,0.889,0.747
SPY,CTRL,NORMAL,2024-10-16T13:30:00,0.004,0.004,-1.22
SPY,CTRL,NORMAL,2024-10-17T12:30:00,0.069,-0.266,-0.884
SPY,CTRL,NORMAL,2024-10-18T11:30:00,-0.339,-1.019,-0.248
SPY,CTRL,NORMAL,2024-10-21T10:30:00,0.215,-0.375,0.131
SPY,CTRL,NORMAL,2024-10-22T09:30:00,-0.072,0.476,-0.163
SPY,CTRL,NORMAL,2024-10-22T15:30:00,-0.924,-0.738,-0.277
SPY,TOP,NORMAL,2024-10-23T11:30:00,-0.033,0.577,0.742
SPY,CTRL,NORMAL,2024-10-23T14:30:00,0.374,0.723,0.57
SPY,CTRL,NORMAL,2024-10-24T13:30:00,0.164,0.601,-1.449
SPY,CTRL,NORMAL,2024-10-25T12:30:00,0.152,0.184,-1.163
SPY,CTRL,NORMAL,2024-10-28T11:30:00,-0.025,-1.726,-1.982
SPY,CTRL,NORMAL,2024-10-29T10:30:00,0.318,-0.998,-1.083
SPY,BOTTOM,NORMAL,2024-10-29T14:30:00,-0.389,-1.903,-1.227
SPY,CTRL,NORMAL,2024-10-30T09:30:00,-1.84,-1.819,1.049
SPY,CTRL,NORMAL,2024-10-30T15:30:00,-1.964,-1.755,1.91
SPY,CTRL,NORMAL,2024-10-31T14:30:00,0.101,0.79,4.373
SPY,CTRL,NORMAL,2024-11-01T13:30:00,-0.278,3.257,4.775
SPY,TOP,NORMAL,2024-11-01T15:30:00,-0.217,3.506,4.767
SPY,CTRL,NORMAL,2024-11-04T12:30:00,0.847,4.259,4.785
SPY,CTRL,NORMAL,2024-11-05T11:30:00,2.274,3.816,3.617
SPY,CTRL,NORMAL,2024-11-06T10:30:00,1.098,1.86,1.671
SPY,CTRL,NORMAL,2024-11-07T09:30:00,0.516,0.62,0.362
SPY,CTRL,NORMAL,2024-11-07T15:30:00,0.452,0.222,-0.366
SPY,CTRL,NORMAL,2024-11-08T14:30:00,0.005,-0.11,-2.163
SPY,CTRL,NORMAL,2024-11-22T10:30:00,0.572,0.651,1.626
SPY,CTRL,NORMAL,2024-11-25T09:30:00,-0.049,0.381,0.753
SPY,CTRL,NORMAL,2024-11-25T15:30:00,0.549,1.041,1.409
SPY,CTRL,NORMAL,2024-11-26T14:30:00,-0.303,0.439,1.279
SPY,CTRL,NORMAL,2024-11-27T13:30:00,0.763,1.273,1.552
SPY,CTRL,NORMAL,2024-12-02T09:30:00,-0.127,0.644,0.523
SPY,CTRL,NORMAL,2024-12-02T15:30:00,0.03,0.487,0.159
SPY,CTRL,NORMAL,2024-12-03T14:30:00,0.557,0.608,-0.201
SPY,CTRL,NORMAL,2024-12-04T13:30:00,0.053,-0.232,0.19
SPY,CTRL,NORMAL,2024-12-05T12:30:00,0.128,-0.484,-0.127
SPY,CTRL,NORMAL,2024-12-06T11:30:00,-0.344,0.003,-0.734
SPY,CTRL,NORMAL,2024-12-09T10:30:00,-0.186,0.178,0.154
SPY,CTRL,NORMAL,2024-12-10T09:30:00,0.234,-0.018,-0.314
SPY,CTRL,NORMAL,2024-12-10T15:30:00,0.768,0.231,0.227
SPY,CTRL,NORMAL,2024-12-11T14:30:00,-0.525,-0.079,-2.455
SPY,CTRL,NORMAL,2024-12-12T13:30:00,-0.091,-0.207,-2.595
SPY,CTRL,NORMAL,2024-12-13T12:30:00,0.619,0.204,-1.955
SPY,TOP,NORMAL,2024-12-13T14:30:00,0.549,-1.842,-2.069
SPY,CTRL,NORMAL,2024-12-16T11:30:00,-0.397,-3.121,-2.442
SPY,CTRL,NORMAL,2024-12-17T10:30:00,0.205,-1.994,-0.85
SPY,CTRL,NORMAL,2024-12-18T09:30:00,-2.759,-2.659,-0.743
SPY,BOTTOM,NORMAL,2024-12-18T12:30:00,-2.575,-1.968,-1.983
SPY,CTRL,NORMAL,2024-12-18T15:30:00,-0.031,1.446,1.064
SPY,CTRL,NORMAL,2024-12-19T14:30:00,0.537,2.192,0.311
SPY,CTRL,NORMAL,2024-12-20T13:30:00,0.098,0.209,-1.067
SPY,TOP,NORMAL,2024-12-23T09:30:00,1.51,0.792,-0.74
SPY,CTRL,NORMAL,2024-12-23T12:30:00,1.178,-1.438,-0.922
SPY,CTRL,NORMAL,2024-12-24T11:30:00,0.178,-1.983,-2.598
SPY,CTRL,NORMAL,2024-12-26T14:30:00,-1.353,-2.419,-1.638
SPY,CTRL,NORMAL,2024-12-27T13:30:00,-0.611,-1.8,0.232
SPY,CTRL,NORMAL,2025-02-10T09:30:00,-0.096,0.223,0.81
SPY,BOTTOM,NORMAL,2025-02-10T12:30:00,-0.118,0.251,0.862
SPY,CTRL,NORMAL,2025-02-10T15:30:00,0.069,0.81,1.085
SPY,CTRL,NORMAL,2025-02-11T14:30:00,-0.322,0.727,1.128
SPY,CTRL,NORMAL,2025-02-12T13:30:00,0.862,1.018,1.01
SPY,CTRL,NORMAL,2025-02-13T12:30:00,0.615,0.901,-0.666
SPY,CTRL,NORMAL,2025-02-14T11:30:00,0.117,-0.087,-1.359
SPY,CTRL,NORMAL,2025-02-18T10:30:00,0.126,-0.568,-3.201
SPY,CTRL,NORMAL,2025-02-19T09:30:00,-0.156,-1.985,-1.987
SPY,CTRL,NORMAL,2025-02-19T15:30:00,-0.41,-2.563,-3.014
SPY,CTRL,NORMAL,2025-02-20T14:30:00,-1.522,-2.287,-3.858
SPY,CTRL,NORMAL,2025-02-21T13:30:00,0.027,-1.087,-2.374
SPY,CTRL,NORMAL,2025-02-24T12:30:00,-1.282,-1.134,-2.215
SPY,CTRL,NORMAL,2025-02-25T11:30:00,0.829,-1.121,-2.665
SPY,CTRL,NORMAL,2025-02-26T10:30:00,-0.756,-1.044,-3.976
SPY,TOP,NORMAL,2025-02-26T15:30:00,-1.58,-1.76,-1.918
SPY,CTRL,NORMAL,2025-02-27T09:30:00,-1.191,-3.517,-2.853
SPY,CTRL,NORMAL,2025-02-27T15:30:00,1.543,-1.395,-2.089
SPY,CTRL,NORMAL,2025-02-28T14:30:00,-1.426,-0.93,-2.313
SPY,CTRL,NORMAL,2025-03-03T13:30:00,-1.206,-3.034,-4.873
SPY,CTRL,NORMAL,2025-03-04T12:30:00,0.293,-0.851,-4.388
SPY,CTRL,NORMAL,2025-03-05T11:30:00,-1.063,-2.58,-3.185
SPY,CTRL,NORMAL,2025-03-06T10:30:00,-1.877,-3.685,-4.184
SPY,CTRL,NORMAL,2025-03-07T09:30:00,-1.196,-2.332,-2.683
SPY,CTRL,NORMAL,2025-03-07T15:30:00,-2.624,-2.942,-2.27
SPY,CTRL,NORMAL,2025-03-10T14:30:00,-0.018,-1.465,1.675
SPY,CTRL,NORMAL,2025-03-11T13:30:00,0.315,0.403,0.365
SPY,CTRL,NORMAL,2025-03-12T12:30:00,-1.828,0.782,0.344
SPY,CTRL,NORMAL,2025-03-13T11:30:00,1.384,1.648,2.474
SPY,CTRL,NORMAL,2025-03-14T10:30:00,0.553,0.627,-0.217
SPY,CTRL,NORMAL,2025-03-17T09:30:00,-0.59,0.857,1.504
SPY,CTRL,NORMAL,2025-03-17T15:30:00,-1.051,-0.235,1.235
SPY,CTRL,NORMAL,2025-03-18T14:30:00,1.091,0.157,2.317
SPY,CTRL,NORMAL,2025-03-19T13:30:00,-0.084,1.383,0.823
SPY,CTRL,PARABOLIC,2025-07-07T09:30:00,-0.486,0.112,-0.056
SPY,CTRL,PARABOLIC,2025-07-07T15:30:00,-0.076,0.813,0.635
SPY,CTRL,NORMAL,2025-07-08T14:30:00,0.498,0.634,0.448
SPY,CTRL,PARABOLIC,2025-07-09T13:30:00,0.6,0.337,0.08
SPY,CTRL,PARABOLIC,2025-07-10T12:30:00,-0.264,-0.358,0.148
SPY,CTRL,NORMAL,2025-07-11T11:30:00,-0.01,-0.365,0.483
SPY,CTRL,NORMAL,2025-07-14T10:30:00,0.156,0.407,1.144
SPY,CTRL,NORMAL,2025-07-15T09:30:00,-0.478,0.302,0.257
SPY,CTRL,NORMAL,2025-07-15T15:30:00,0.333,0.881,1.08
SPY,CTRL,NORMAL,2025-07-16T14:30:00,0.615,0.851,1.477
SPY,CTRL,NORMAL,2025-07-17T13:30:00,-0.114,0.094,1.266
SPY,CTRL,NORMAL,2025-07-18T12:30:00,0.711,0.823,1.612
SPY,CTRL,NORMAL,2025-07-21T11:30:00,-0.56,0.602,1.051
SPY,CTRL,NORMAL,2025-07-22T10:30:00,0.507,1.335,1.219
SPY,CTRL,NORMAL,2025-07-23T09:30:00,0.647,1.109,0.886
SPY,CTRL,NORMAL,2025-07-23T15:30:00,0.046,0.43,0.054
SPY,CTRL,NORMAL,2025-07-24T14:30:00,0.294,-0.065,-0.424
SPY,CTRL,NORMAL,2025-07-25T13:30:00,-0.204,-0.088,-2.464
SPY,CTRL,NORMAL,2025-07-28T12:30:00,-0.022,-0.233,-0.948
SPY,CTRL,NORMAL,2025-07-29T11:30:00,0.143,-1.801,-1.04
SPY,CTRL,NORMAL,2025-07-30T10:30:00,0.138,-0.994,-0.533
SPY,BOTTOM,NORMAL,2025-07-30T13:30:00,-0.402,-1.065,-0.605
SPY,CTRL,NORMAL,2025-07-31T09:30:00,-2.445,-1.403,-0.783
SPY,CTRL,NORMAL,2025-07-31T15:30:00,-1.623,-0.625,0.051
SPY,CTRL,NORMAL,2025-08-01T14:30:00,1.363,1.806,2.488
SPY,CTRL,NORMAL,2025-08-04T13:30:00,-0.203,-0.011,1.032
SPY,CTRL,NORMAL,2025-08-05T12:30:00,0.412,1.064,1.881
SPY,CTRL,NORMAL,2025-08-06T11:30:00,-0.02,0.977,1.724
SPY,CTRL,NORMAL,2025-08-07T10:30:00,0.639,1.347,1.798
SPY,CTRL,NORMAL,2025-08-08T09:30:00,0.127,1.226,1.221
SPY,BOTTOM,NORMAL,2025-08-08T11:30:00,0.263,1.004,1.007
SPY,CTRL,NORMAL,2025-08-08T15:30:00,-0.204,1.218,0.995
SPY,CTRL,NORMAL,2025-08-11T14:30:00,0.952,1.378,1.099
SPY,CTRL,NORMAL,2025-08-12T13:30:00,0.26,0.36,-0.487
SPY,CTRL,NORMAL,2025-08-13T12:30:00,0.211,-0.073,-1.1
SPY,CTRL,NORMAL,2025-08-14T11:30:00,0.031,-0.426,-1.219
SPY,CTRL,NORMAL,2025-08-15T10:30:00,-0.116,-1.104,0.392
SPY,CTRL,NORMAL,2025-08-18T09:30:00,0.005,-0.795,0.179
SPY,CTRL,NORMAL,2025-08-18T15:30:00,-0.549,-1.195,-0.123
SPY,TOP,NORMAL,2025-08-19T14:30:00,-0.137,0.919,0.838
SPY,CTRL,NORMAL,2025-08-20T13:30:00,-0.052,1.312,1.798
SPY,CTRL,NORMAL,2025-08-21T12:30:00,1.847,1.43,2.158
SPY,CTRL,NORMAL,2025-08-22T11:30:00,0.025,0.183,-0.095
SPY,CTRL,NORMAL,2025-08-25T10:30:00,-0.383,0.208,-1.295
SPY,BOTTOM,NORMAL,2025-08-25T14:30:00,0.135,0.819,-0.707
SPY,CTRL,NORMAL,2025-08-26T09:30:00,0.472,0.247,-0.112
SPY,CTRL,NORMAL,2025-08-26T15:30:00,0.228,-0.022,-0.231
SPY,CTRL,NORMAL,2025-08-27T14:30:00,0.356,-1.162,0.195
SPY,CTRL,NORMAL,2025-08-28T13:30:00,-0.675,-1.159,-0.453
SPY,CTRL,NORMAL,2025-08-29T12:30:00,-0.988,0.444,0.696
SPY,CTRL,NORMAL,2025-09-02T11:30:00,1.073,1.591,2.085
SPY,CTRL,NORMAL,2025-09-03T10:30:00,0.589,1.147,1.617
SPY,TOP,NORMAL,2025-09-03T15:30:00,0.831,0.802,1.334
SPY,CTRL,NORMAL,2025-09-04T09:30:00,0.261,0.601,1.718
SPY,CTRL,NORMAL,2025-09-04T15:30:00,-0.273,0.205,1.325
SPY,CTRL,NORMAL,2025-09-05T14:30:00,0.073,0.576,1.709
SPY,BOTTOM,NORMAL,2025-09-05T15:30:00,0.244,0.773,1.573
SPY,CTRL,NORMAL,2025-09-08T13:30:00,0.221,1.378,1.774
SPY,CTRL,NORMAL,2025-09-09T12:30:00,0.42,1.314,1.646
SPY,CTRL,NORMAL,2025-09-10T11:30:00,0.722,1.221,0.965
SPY,CTRL,NORMAL,2025-09-11T10:30:00,0.033,0.336,0.898
SPY,CTRL,NORMAL,2025-09-12T09:30:00,0.412,0.181,0.6
SPY,CTRL,NORMAL,2025-09-12T15:30:00,0.525,0.271,0.946
SPY,CTRL,NORMAL,2025-09-15T14:30:00,0.011,0.4,1.071
SPY,CTRL,NORMAL,2025-09-16T13:30:00,0.024,0.354,0.376
SPY,CTRL,NORMAL,2025-09-17T12:30:00,0.71,1.194,0.414
SPY,CTRL,NORMAL,2025-09-18T11:30:00,-0.146,0.268,-0.821
SPY,CTRL,NORMAL,2025-09-19T10:30:00,0.633,0.288,-0.126
SPY,CTRL,NORMAL,2025-09-22T09:30:00,0.382,-0.843,0.102
SPY,CTRL,NORMAL,2025-09-22T15:30:00,-0.529,-1.324,-0.477
SPY,CTRL,NORMAL,2025-09-23T14:30:00,-0.238,-0.116,0.453
SPY,CTRL,NORMAL,2025-09-24T13:30:00,-0.514,0.466,1.27
SPY,CTRL,NORMAL,2025-09-25T12:30:00,0.659,0.736,1.706
SPY,CTRL,NORMAL,2025-09-26T11:30:00,0.457,0.979,1.818
SPY,CTRL,NORMAL,2025-09-29T10:30:00,-0.196,0.624,1.148
SPY,CTRL,NORMAL,2025-09-30T09:30:00,0.403,1.286,1.269
SPY,CTRL,NORMAL,2025-09-30T15:30:00,0.362,0.467,0.456
SPY,CTRL,NORMAL,2025-10-01T14:30:00,0.052,0.393,0.563
SPY,CTRL,NORMAL,2025-10-02T13:30:00,0.14,-0.142,0.036
SPY,BOTTOM,NORMAL,2025-10-03T09:30:00,-0.129,0.075,0.177
SPY,CTRL,NORMAL,2025-10-03T12:30:00,0.258,0.383,-1.574
SPY,CTRL,NORMAL,2025-10-06T11:30:00,-0.509,-0.127,-1.24
SPY,CTRL,NORMAL,2025-10-07T10:30:00,0.486,-1.023,-1.437
SPY,CTRL,NORMAL,2025-10-08T09:30:00,-0.099,-1.643,-0.339
SPY,CTRL,NORMAL,2025-10-08T15:30:00,-0.275,-1.484,-1.183
SPY,CTRL,NORMAL,2025-10-09T14:30:00,-2.166,-0.853,-1.73
SPY,CTRL,NORMAL,2025-10-10T13:30:00,0.734,0.791,0.839
SPY,CTRL,NORMAL,2025-10-13T12:30:00,0.336,0.058,1.28
SPY,CTRL,NORMAL,2025-10-14T11:30:00,0.295,-0.079,1.355
SPY,CTRL,NORMAL,2025-10-15T10:30:00,-0.284,0.481,0.021
SPY,CTRL,NORMAL,2025-10-16T09:30:00,-0.693,0.55,0.37
SPY,BOTTOM,NORMAL,2025-10-16T10:30:00,-0.96,0.914,0.635
SPY,CTRL,NORMAL,2025-10-16T15:30:00,0.552,1.601,1.656
SPY,CTRL,NORMAL,2025-11-14T12:30:00,-0.657,-1.799,-2.194
SPY,CTRL,NORMAL,2025-11-17T11:30:00,-2.036,-2.044,-0.613
SPY,CTRL,NORMAL,2025-11-18T10:30:00,0.066,-0.853,1.337
SPY,CTRL,NORMAL,2025-12-26T10:30:00,-0.448,-0.745,-0.235
SPY,CTRL,NORMAL,2025-12-29T09:30:00,-0.147,-0.799,0.376
SPY,CTRL,NORMAL,2025-12-29T15:30:00,-0.131,-0.679,0.612
SPY,BOTTOM,NORMAL,2025-12-30T09:30:00,-0.202,0.231,0.689
SPY,CTRL,NORMAL,2025-12-30T14:30:00,-0.697,0.066,0.415
SPY,CTRL,NORMAL,2025-12-31T13:30:00,-0.304,1.008,0.567
SPY,CTRL,NORMAL,2026-01-02T12:30:00,1.087,1.637,1.893
SPY,CTRL,NORMAL,2026-01-05T11:30:00,0.308,0.145,0.899
SPY,CTRL,NORMAL,2026-01-06T10:30:00,0.465,0.554,0.647
SPY,CTRL,NORMAL,2026-01-07T09:30:00,-0.295,0.274,-0.421
SPY,CTRL,NORMAL,2026-01-07T15:30:00,-0.022,0.808,0.123
SPY,BOTTOM,NORMAL,2026-01-08T14:30:00,0.79,0.352,0.327
SPY,CTRL,NORMAL,2026-01-09T13:30:00,0.073,-0.962,-0.399
SPY,CTRL,NORMAL,2026-01-12T12:30:00,-0.317,-0.035,-2.134
SPY,CTRL,NORMAL,2026-01-13T11:30:00,-1.074,-0.294,-2.118
SPY,CTRL,NORMAL,2026-01-14T10:30:00,0.822,-0.771,0.094
SPY,CTRL,NORMAL,2026-01-15T09:30:00,-0.33,-1.574,-0.665
SPY,CTRL,NORMAL,2026-01-15T15:30:00,-0.085,-0.988,-0.432
SPY,TOP,NORMAL,2026-01-16T09:30:00,-1.124,-0.464,0.13
SPY,CTRL,NORMAL,2026-01-16T14:30:00,-2.133,-0.577,0.204
SPY,CTRL,NORMAL,2026-01-20T13:30:00,0.939,1.697,2.674
SPY,CTRL,PARABOLIC,2026-05-27T13:30:00,0.541,1.212,0.701
SPY,CTRL,PARABOLIC,2026-05-28T12:30:00,0.311,0.631,0.377
SPY,CTRL,PARABOLIC,2026-05-29T11:30:00,0.004,-0.322,-1.587
SPY,CTRL,PARABOLIC,2026-06-01T10:30:00,0.493,-0.039,-1.71
SPY,CTRL,PARABOLIC,2026-06-02T09:30:00,-0.122,-1.124,-2.181
SPY,CTRL,PARABOLIC,2026-06-02T15:30:00,-0.695,-2.906,-2.951
SPY,CTRL,PARABOLIC,2026-06-03T14:30:00,0.458,-2.071,-3.821
SPY,CTRL,PARABOLIC,2026-06-04T13:30:00,-2.231,-2.997,-3.073
SPY,CTRL,NORMAL,2026-06-05T12:30:00,-0.269,-1.941,-0.261
SPY,CTRL,NORMAL,2026-06-08T11:30:00,-1.992,-1.921,1.935
SPY,TOP,NORMAL,2026-06-08T15:30:00,-0.304,-0.226,2.076
SPY,CTRL,NORMAL,2026-06-09T10:30:00,0.059,1.799,2.962
SPY,CTRL,NORMAL,2026-06-10T09:30:00,-1.144,2.224,1.959
SPY,CTRL,NORMAL,2026-06-10T15:30:00,1.683,4.029,2.137
SPY,CTRL,NORMAL,2026-06-11T14:30:00,0.474,1.802,1.096
SPY,CTRL,NORMAL,2026-06-12T13:30:00,1.816,0.67,0.522
SPY,CTRL,NORMAL,2026-06-15T12:30:00,-0.521,-1.135,-2.46
QQQ,CTRL,NORMAL,2024-09-13T12:30:00,-0.895,-0.443,1.168
QQQ,CTRL,NORMAL,2024-09-16T11:30:00,0.494,2.919,2.384
QQQ,BOTTOM,NORMAL,2024-09-16T15:30:00,0.061,2.153,2.071
QQQ,CTRL,NORMAL,2024-09-17T10:30:00,-0.502,0.816,1.771
QQQ,CTRL,NORMAL,2024-09-18T09:30:00,2.215,2.016,2.682
QQQ,CTRL,NORMAL,2024-09-18T15:30:00,2.565,2.482,3.1
QQQ,CTRL,NORMAL,2024-09-19T14:30:00,-0.277,0.188,1.161
QQQ,CTRL,NORMAL,2024-09-20T13:30:00,0.449,1.13,1.165
QQQ,CTRL,NORMAL,2024-09-23T12:30:00,0.653,1.06,0.738
QQQ,CTRL,NORMAL,2024-09-24T11:30:00,0.126,0.366,-1.047
QQQ,BOTTOM,NORMAL,2024-09-24T15:30:00,0.119,0.295,-0.861
QQQ,CTRL,NORMAL,2024-09-25T10:30:00,0.27,0.154,-0.632
QQQ,CTRL,NORMAL,2024-09-26T09:30:00,-0.142,-2.055,-1.755
QQQ,CTRL,NORMAL,2024-09-26T15:30:00,-0.543,-1.69,-1.598
QQQ,CTRL,NORMAL,2024-09-27T14:30:00,-0.402,-0.885,-0.1
QQQ,CTRL,NORMAL,2024-09-30T13:30:00,-0.15,-0.636,0.179
QQQ,CTRL,NORMAL,2024-10-01T12:30:00,0.832,1.518,1.805
QQQ,TOP,NORMAL,2024-10-01T13:30:00,-0.164,0.503,0.979
QQQ,CTRL,NORMAL,2024-10-02T11:30:00,-0.168,0.497,1.801
QQQ,CTRL,NORMAL,2024-10-03T10:30:00,0.377,1.236,2.28
QQQ,CTRL,NORMAL,2024-10-04T09:30:00,0.706,1.545,2.184
QQQ,BOTTOM,NORMAL,2024-10-04T10:30:00,0.509,1.646,1.93
QQQ,CTRL,NORMAL,2024-10-04T15:30:00,-1.114,1.167,1.2
QQQ,CTRL,NORMAL,2024-10-07T14:30:00,1.456,2.132,3.298
QQQ,CTRL,NORMAL,2024-10-08T13:30:00,1.09,1.177,0.724
QQQ,CTRL,NORMAL,2024-10-09T12:30:00,0.217,1.0,-0.435
QQQ,CTRL,NORMAL,2024-10-10T11:30:00,-0.081,-0.342,0.151
QQQ,CTRL,NORMAL,2024-10-11T10:30:00,0.592,-0.548,0.477
QQQ,CTRL,NORMAL,2024-10-14T09:30:00,-0.596,-0.938,-0.566
QQQ,CTRL,NORMAL,2024-10-14T15:30:00,-1.351,-1.236,-0.408
QQQ,CTRL,NORMAL,2024-10-15T14:30:00,0.269,1.03,1.328
QQQ,CTRL,NORMAL,2024-10-16T13:30:00,0.132,0.554,-1.101
QQQ,CTRL,NORMAL,2024-10-17T12:30:00,0.13,0.209,-0.461
QQQ,TOP,NORMAL,2024-10-17T14:30:00,0.584,0.88,0.144
QQQ,CTRL,NORMAL,2024-10-18T11:30:00,-0.086,-0.935,1.058
QQQ,CTRL,NORMAL,2024-10-21T10:30:00,0.587,-0.057,1.06
QQQ,BOTTOM,NORMAL,2024-10-21T15:30:00,0.113,-0.634,-0.02
QQQ,CTRL,NORMAL,2024-10-22T09:30:00,-0.315,1.051,0.348
QQQ,CTRL,NORMAL,2024-10-22T15:30:00,-1.544,-0.155,0.829
QQQ,CTRL,NORMAL,2024-10-23T14:30:00,1.016,1.751,1.98
QQQ,CTRL,NORMAL,2024-10-24T13:30:00,0.876,1.673,-1.502
QQQ,CTRL,NORMAL,2024-10-25T12:30:00,-0.125,0.296,-1.443
QQQ,CTRL,NORMAL,2024-10-28T11:30:00,0.286,-2.234,-2.039
QQQ,CTRL,NORMAL,2024-10-29T10:30:00,0.434,-1.432,-1.338
QQQ,CTRL,NORMAL,2024-10-30T09:30:00,-2.626,-2.352,0.617
QQQ,BOTTOM,NORMAL,2024-10-30T14:30:00,-2.355,-2.105,1.71
QQQ,CTRL,NORMAL,2024-10-30T15:30:00,-2.516,-2.099,1.861
QQQ,CTRL,NORMAL,2024-10-31T14:30:00,0.439,1.324,5.827
QQQ,CTRL,NORMAL,2024-11-01T13:30:00,-0.119,3.604,5.546
QQQ,CTRL,NORMAL,2024-11-04T12:30:00,0.909,5.162,5.067
QQQ,CTRL,NORMAL,2024-11-05T11:30:00,2.216,4.29,4.063
QQQ,CTRL,NORMAL,2024-11-06T10:30:00,1.844,2.154,1.912
QQQ,CTRL,NORMAL,2024-11-22T10:30:00,0.772,-0.198,2.307
QQQ,CTRL,NORMAL,2024-11-25T09:30:00,0.108,0.134,1.547
QQQ,CTRL,NORMAL,2024-11-25T15:30:00,0.541,1.69,2.949
QQQ,BOTTOM,NORMAL,2024-11-26T10:30:00,-1.052,1.432,2.824
QQQ,CTRL,NORMAL,2024-11-26T14:30:00,-0.696,1.302,3.027
QQQ,TOP,NORMAL,2024-11-27T13:30:00,1.873,3.283,4.073
QQQ,CTRL,NORMAL,2024-12-02T09:30:00,0.008,1.643,1.878
QQQ,CTRL,NORMAL,2024-12-02T15:30:00,0.314,1.261,1.372
QQQ,CTRL,NORMAL,2024-12-03T14:30:00,1.259,1.917,0.637
QQQ,CTRL,NORMAL,2024-12-04T13:30:00,-0.029,0.008,1.47
QQQ,CTRL,NORMAL,2024-12-05T12:30:00,0.779,-0.048,1.173
QQQ,CTRL,NORMAL,2024-12-06T11:30:00,-0.582,0.698,0.42
QQQ,BOTTOM,NORMAL,2024-12-06T13:30:00,-0.575,0.879,0.981
QQQ,CTRL,NORMAL,2024-12-09T10:30:00,-0.157,1.021,2.561
QQQ,CTRL,NORMAL,2024-12-10T09:30:00,0.59,1.207,1.892
QQQ,CTRL,NORMAL,2024-12-10T15:30:00,1.8,1.911,2.943
QQQ,CTRL,NORMAL,2024-12-11T14:30:00,-0.713,1.598,-1.61
QQQ,CTRL,NORMAL,2024-12-12T13:30:00,0.674,1.518,-1.893
QQQ,CTRL,NORMAL,2024-12-13T12:30:00,1.755,1.201,-1.461
QQQ,BOTTOM,NORMAL,2024-12-13T13:30:00,1.486,-0.044,-1.544
QQQ,CTRL,PARABOLIC,2024-12-16T11:30:00,-0.102,-3.902,-3.007
QQQ,CTRL,NORMAL,2024-12-17T10:30:00,-0.09,-2.783,-1.48
QQQ,CTRL,NORMAL,2024-12-18T09:30:00,-3.548,-3.394,-1.171
QQQ,CTRL,NORMAL,2024-12-18T15:30:00,-0.459,1.235,0.657
QQQ,CTRL,NORMAL,2024-12-19T14:30:00,0.799,2.574,0.248
QQQ,CTRL,NORMAL,2024-12-20T13:30:00,0.068,-0.216,-1.784
QQQ,TOP,NORMAL,2024-12-23T09:30:00,1.829,0.666,-1.36
QQQ,CTRL,NORMAL,2024-12-23T12:30:00,1.402,-1.82,-1.703
QQQ,CTRL,NORMAL,2024-12-24T11:30:00,0.127,-2.517,-3.541
QQQ,CTRL,NORMAL,2024-12-26T14:30:00,-1.76,-3.266,-2.22
QQQ,CTRL,NORMAL,2024-12-27T13:30:00,-0.629,-2.379,0.443
QQQ,CTRL,NORMAL,2024-12-30T12:30:00,-1.36,0.01,0.11
QQQ,CTRL,NORMAL,2024-12-31T11:30:00,-0.492,2.733,-0.217
QQQ,CTRL,NORMAL,2025-01-02T10:30:00,0.655,1.343,-1.485
QQQ,CTRL,NORMAL,2025-01-03T09:30:00,2.555,-0.161,-2.766
QQQ,CTRL,NORMAL,2025-01-03T15:30:00,1.149,-0.629,-2.499
QQQ,CTRL,NORMAL,2025-01-06T14:30:00,-1.812,-3.2,-3.983
QQQ,CTRL,NORMAL,2025-01-07T13:30:00,-0.182,-2.578,-0.112
QQQ,CTRL,NORMAL,2025-01-08T12:30:00,-1.212,-1.993,-0.069
QQQ,CTRL,NORMAL,2025-01-10T11:30:00,-0.528,1.77,3.256
QQQ,CTRL,NORMAL,2025-01-13T10:30:00,0.747,3.192,4.309
QQQ,CTRL,NORMAL,2025-02-03T14:30:00,0.813,1.588,1.978
QQQ,CTRL,NORMAL,2025-02-04T13:30:00,0.284,-0.294,0.751
QQQ,CTRL,NORMAL,2025-02-05T12:30:00,0.653,0.853,0.594
QQQ,CTRL,NORMAL,2025-02-06T11:30:00,-0.666,0.083,0.942
QQQ,CTRL,NORMAL,2025-02-07T10:30:00,0.928,0.086,2.339
QQQ,CTRL,NORMAL,2025-02-10T09:30:00,-0.099,0.55,1.372
QQQ,BOTTOM,NORMAL,2025-02-10T12:30:00,-0.382,0.416,1.477
QQQ,CTRL,NORMAL,2025-02-10T15:30:00,-0.239,1.259,1.906
QQQ,CTRL,NORMAL,2025-02-11T14:30:00,0.03,1.792,1.966
QQQ,CTRL,NORMAL,2025-02-12T13:30:00,1.101,1.733,1.493
QQQ,CTRL,NORMAL,2025-02-13T12:30:00,1.019,1.441,-0.545
QQQ,CTRL,NORMAL,2025-02-14T11:30:00,0.334,-0.065,-2.055
QQQ,CTRL,NORMAL,2025-02-18T10:30:00,0.063,-0.889,-5.181
QQQ,CTRL,NORMAL,2025-02-19T09:30:00,-0.273,-2.854,-3.83
QQQ,CTRL,NORMAL,2025-02-19T15:30:00,-0.439,-3.657,-4.648
QQQ,CTRL,NORMAL,2025-02-20T14:30:00,-1.776,-3.919,-6.312
QQQ,CTRL,NORMAL,2025-02-21T13:30:00,-0.504,-2.517,-4.87
QQQ,CTRL,NORMAL,2025-02-24T12:30:00,-2.187,-2.523,-4.357
QQQ,CTRL,NORMAL,2025-02-25T11:30:00,0.9,-2.259,-3.656
QQQ,CTRL,NORMAL,2025-02-26T10:30:00,-1.386,-2.173,-4.882
QQQ,TOP,NORMAL,2025-02-27T09:30:00,-1.713,-4.51,-3.052
QQQ,CTRL,NORMAL,2025-02-27T15:30:00,1.573,-0.963,-2.4
QQQ,CTRL,NORMAL,2025-02-28T14:30:00,-1.843,-0.317,-2.497
QQQ,CTRL,NORMAL,2025-03-03T13:30:00,-0.719,-3.255,-6.091
QQQ,CTRL,NORMAL,2025-03-04T12:30:00,0.641,-1.507,-5.627
QQQ,CTRL,NORMAL,2025-03-05T11:30:00,-1.521,-4.29,-3.775
QQQ,CTRL,NORMAL,2025-03-06T10:30:00,-2.62,-4.752,-5.08
QQQ,CTRL,NORMAL,2025-03-07T09:30:00,-1.934,-2.088,-2.81
QQQ,CTRL,NORMAL,2025-03-07T15:30:00,-3.764,-2.995,-2.473
QQQ,CTRL,NORMAL,2025-03-10T14:30:00,0.603,-0.846,2.584
QQQ,CTRL,NORMAL,2025-03-11T13:30:00,0.7,0.71,0.037
QQQ,CTRL,NORMAL,2025-03-12T12:30:00,-2.425,0.368,-0.405
QQQ,CTRL,NORMAL,2025-03-13T11:30:00,1.644,1.315,2.033
QQQ,CTRL,NORMAL,2025-03-14T10:30:00,0.204,0.158,-0.55
QQQ,CTRL,NORMAL,2025-03-17T09:30:00,-1.094,0.709,2.032
QQQ,CTRL,NORMAL,2025-03-17T15:30:00,-1.661,-0.7,1.605
QQQ,CTRL,NORMAL,2025-03-18T14:30:00,1.261,0.731,3.653
QQQ,CTRL,NORMAL,2025-03-19T13:30:00,-0.259,2.27,1.307
QQQ,CTRL,PARABOLIC,2025-06-30T09:30:00,-0.302,1.035,0.419
QQQ,BOTTOM,PARABOLIC,2025-06-30T12:30:00,-0.464,0.548,1.049
QQQ,CTRL,PARABOLIC,2025-06-30T15:30:00,-0.847,0.019,0.534
QQQ,CTRL,NORMAL,2025-07-01T14:30:00,0.459,1.069,1.373
QQQ,CTRL,NORMAL,2025-07-02T13:30:00,0.471,0.755,0.677
QQQ,CTRL,NORMAL,2025-07-07T09:30:00,-0.267,0.04,0.102
QQQ,CTRL,NORMAL,2025-07-07T15:30:00,0.045,0.618,0.744
QQQ,CTRL,NORMAL,2025-07-08T14:30:00,0.651,0.459,0.961
QQQ,CTRL,NORMAL,2025-07-09T13:30:00,0.108,0.225,0.23
QQQ,CTRL,NORMAL,2025-07-10T12:30:00,0.008,0.527,1.156
QQQ,CTRL,NORMAL,2025-07-11T11:30:00,0.11,-0.0,1.012
QQQ,CTRL,NORMAL,2025-07-14T10:30:00,0.693,0.977,1.759
QQQ,CTRL,NORMAL,2025-07-15T09:30:00,-0.732,0.13,0.046
QQQ,CTRL,NORMAL,2025-07-15T15:30:00,0.113,0.816,0.823
QQQ,CTRL,NORMAL,2025-07-16T14:30:00,0.831,1.344,1.047
QQQ,CTRL,NORMAL,2025-07-17T13:30:00,-0.122,-0.108,0.768
QQQ,CTRL,NORMAL,2025-07-18T12:30:00,0.893,0.132,1.079
QQQ,CTRL,NORMAL,2025-07-21T11:30:00,-0.864,-0.078,0.58
QQQ,CTRL,NORMAL,2025-07-22T10:30:00,0.012,0.961,1.17
QQQ,CTRL,NORMAL,2025-07-23T09:30:00,0.608,1.387,1.405
QQQ,CTRL,NORMAL,2025-07-23T15:30:00,0.223,0.775,0.764
QQQ,CTRL,NORMAL,2025-07-24T14:30:00,0.133,0.236,-0.089
QQQ,CTRL,NORMAL,2025-07-25T13:30:00,0.059,0.47,-2.294
QQQ,BOTTOM,NORMAL,2025-07-25T14:30:00,0.115,-0.147,-2.299
QQQ,CTRL,NORMAL,2025-07-28T12:30:00,0.183,-0.015,-0.692
QQQ,CTRL,NORMAL,2025-07-29T11:30:00,0.261,-1.914,-1.072
QQQ,CTRL,NORMAL,2025-07-30T10:30:00,0.22,-1.098,-0.579
QQQ,CTRL,NORMAL,2025-07-31T09:30:00,-2.719,-1.395,-0.158
QQQ,CTRL,NORMAL,2025-07-31T15:30:00,-1.973,-0.851,0.752
QQQ,CTRL,NORMAL,2025-08-01T14:30:00,1.717,2.461,3.717
QQQ,CTRL,NORMAL,2025-08-04T13:30:00,-0.348,0.493,1.883
QQQ,CTRL,NORMAL,2025-08-05T12:30:00,0.727,1.998,2.995
QQQ,CTRL,NORMAL,2025-08-06T11:30:00,0.557,1.842,2.448
QQQ,CTRL,NORMAL,2025-08-07T10:30:00,0.696,1.429,1.683
QQQ,CTRL,NORMAL,2025-08-08T09:30:00,0.336,1.225,0.849
QQQ,BOTTOM,NORMAL,2025-08-08T11:30:00,0.409,1.006,0.402
QQQ,CTRL,NORMAL,2025-08-08T15:30:00,-0.313,1.008,0.466
QQQ,CTRL,NORMAL,2025-08-11T14:30:00,1.11,1.153,0.628
QQQ,CTRL,NORMAL,2025-08-12T13:30:00,0.047,-0.328,-1.761
QQQ,CTRL,NORMAL,2025-08-13T12:30:00,0.143,-0.671,-2.824
QQQ,CTRL,NORMAL,2025-08-14T11:30:00,-0.456,-1.397,-2.844
QQQ,CTRL,NORMAL,2025-08-15T10:30:00,-0.255,-2.404,-0.693
QQQ,CTRL,NORMAL,2025-08-18T09:30:00,-0.608,-1.767,-0.888
QQQ,CTRL,NORMAL,2025-08-18T15:30:00,-1.355,-2.391,-1.17
QQQ,TOP,NORMAL,2025-08-19T13:30:00,-1.11,0.571,0.36
QQQ,CTRL,NORMAL,2025-08-19T14:30:00,-0.58,0.554,0.545
QQQ,CTRL,NORMAL,2025-08-20T13:30:00,-0.036,1.593,1.976
QQQ,CTRL,NORMAL,2025-08-21T12:30:00,2.062,1.747,2.732
QQQ,CTRL,NORMAL,2025-08-22T11:30:00,0.288,0.18,-0.238
QQQ,CTRL,NORMAL,2025-08-25T10:30:00,-0.37,0.349,-1.971
QQQ,BOTTOM,NORMAL,2025-08-25T14:30:00,0.068,0.983,-1.254
QQQ,CTRL,NORMAL,2025-08-26T09:30:00,0.241,-0.112,-0.364
QQQ,CTRL,NORMAL,2025-08-26T15:30:00,0.154,-0.41,-0.466
QQQ,CTRL,NORMAL,2025-08-27T14:30:00,0.766,-1.466,0.234
QQQ,CTRL,NORMAL,2025-08-28T13:30:00,-1.35,-1.707,-0.427
QQQ,CTRL,NORMAL,2025-08-29T12:30:00,-1.126,0.669,1.692
QQQ,CTRL,NORMAL,2025-09-02T11:30:00,1.597,2.457,3.336
QQQ,CTRL,NORMAL,2025-09-03T10:30:00,0.53,1.982,2.292
QQQ,CTRL,NORMAL,2025-09-04T09:30:00,0.764,1.46,2.134
QQQ,CTRL,NORMAL,2025-09-04T15:30:00,0.134,0.906,1.537
QQQ,CTRL,NORMAL,2025-09-05T14:30:00,0.376,0.569,1.941
QQQ,BOTTOM,NORMAL,2025-09-05T15:30:00,0.484,0.811,1.845
QQQ,CTRL,NORMAL,2025-09-08T13:30:00,0.099,0.906,1.982
QQQ,CTRL,NORMAL,2025-09-09T12:30:00,0.195,1.144,1.98
QQQ,CTRL,NORMAL,2025-09-10T11:30:00,0.452,1.537,1.184
QQQ,CTRL,NORMAL,2025-09-11T10:30:00,0.249,1.068,2.165
QQQ,CTRL,NORMAL,2025-09-12T09:30:00,0.775,0.569,2.028
QQQ,CTRL,NORMAL,2025-09-12T15:30:00,0.857,0.557,2.182
QQQ,CTRL,NORMAL,2025-09-15T14:30:00,0.121,0.867,2.009
QQQ,CTRL,NORMAL,2025-09-16T13:30:00,-0.359,1.175,1.093
QQQ,CTRL,NORMAL,2025-09-17T12:30:00,1.448,2.309,1.276
QQQ,CTRL,NORMAL,2025-09-18T11:30:00,0.228,0.6,-0.586
QQQ,CTRL,NORMAL,2025-09-19T10:30:00,0.671,0.174,-0.428
QQQ,CTRL,NORMAL,2025-09-22T09:30:00,0.21,-1.115,0.279
QQQ,CTRL,NORMAL,2025-09-22T15:30:00,-0.677,-1.443,-0.58
QQQ,CTRL,NORMAL,2025-09-23T14:30:00,-0.31,-0.248,0.32
QQQ,CTRL,NORMAL,2025-09-24T13:30:00,-0.464,0.709,1.368
QQQ,CTRL,NORMAL,2025-09-25T12:30:00,0.498,0.679,2.118
QQQ,CTRL,NORMAL,2025-09-26T11:30:00,0.767,1.192,2.057
QQQ,CTRL,NORMAL,2025-09-29T10:30:00,-0.342,0.773,1.287
QQQ,CTRL,NORMAL,2025-09-30T09:30:00,0.433,1.33,1.833
QQQ,CTRL,NORMAL,2025-09-30T15:30:00,0.498,0.476,0.695
QQQ,CTRL,NORMAL,2025-10-01T14:30:00,0.419,0.85,1.229
QQQ,CTRL,NORMAL,2025-10-02T13:30:00,-0.258,-0.244,0.504
QQQ,CTRL,NORMAL,2025-10-03T12:30:00,0.782,0.984,-1.135
QQQ,BOTTOM,NORMAL,2025-10-06T11:30:00,-0.631,0.253,-1.07
QQQ,CTRL,NORMAL,2025-10-07T10:30:00,0.643,-0.933,-1.385
QQQ,CTRL,NORMAL,2025-10-08T09:30:00,0.166,-1.479,-0.368
QQQ,CTRL,NORMAL,2025-10-08T15:30:00,-0.119,-1.537,-1.518
QQQ,CTRL,NORMAL,2025-10-09T14:30:00,-2.848,-1.382,-2.012
QQQ,CTRL,NORMAL,2025-10-10T13:30:00,1.14,0.923,1.465
QQQ,CTRL,NORMAL,2025-10-13T12:30:00,0.105,0.146,1.8
QQQ,CTRL,NORMAL,2025-10-14T11:30:00,0.359,0.354,1.932
QQQ,CTRL,NORMAL,2025-10-15T10:30:00,-0.045,1.119,-0.017
QQQ,CTRL,NORMAL,2025-10-16T09:30:00,-0.642,0.623,0.34
QQQ,BOTTOM,NORMAL,2025-10-16T10:30:00,-1.17,1.007,0.639
QQQ,CTRL,NORMAL,2025-10-16T15:30:00,0.648,1.903,1.772
QQQ,CTRL,NORMAL,2025-10-17T14:30:00,1.19,-0.027,2.217
QQQ,CTRL,NORMAL,2025-10-20T13:30:00,-0.07,-0.202,2.433
QQQ,CTRL,NORMAL,2025-10-21T12:30:00,-1.461,1.099,3.424
QQQ,CTRL,NORMAL,2025-10-22T11:30:00,0.692,3.554,4.958
QQQ,CTRL,NORMAL,2025-10-23T10:30:00,1.441,3.506,3.573
QQQ,CTRL,NORMAL,2025-10-24T09:30:00,1.464,3.171,2.456
QQQ,CTRL,NORMAL,2025-10-24T15:30:00,1.796,3.063,1.976
QQQ,CTRL,NORMAL,2025-10-27T14:30:00,1.169,0.029,0.737
QQQ,CTRL,NORMAL,2025-10-28T13:30:00,0.256,-0.606,-1.918
QQQ,CTRL,NORMAL,2025-10-29T12:30:00,-0.636,-0.295,-1.458
QQQ,CTRL,NORMAL,2025-10-30T11:30:00,-0.266,-1.366,-3.123
QQQ,CTRL,NORMAL,2025-10-31T10:30:00,-0.311,-1.472,-5.044
QQQ,CTRL,NORMAL,2025-11-03T09:30:00,-0.682,-2.032,-1.438
QQQ,CTRL,NORMAL,2025-11-03T15:30:00,-2.036,-3.226,-1.408
QQQ,CTRL,NORMAL,2025-11-04T14:30:00,0.846,-2.131,0.248
QQQ,CTRL,NORMAL,2025-11-05T13:30:00,-1.607,-0.557,-0.957
QQQ,CTRL,NORMAL,2025-11-06T12:30:00,-1.559,1.321,-0.902
QQQ,CTRL,NORMAL,2025-11-07T11:30:00,2.922,2.953,1.823
QQQ,CTRL,NORMAL,2025-11-10T10:30:00,0.113,-0.994,-1.549
QQQ,CTRL,NORMAL,2025-11-11T09:30:00,0.273,-2.042,-3.838
QQQ,TOP,NORMAL,2025-11-11T13:30:00,-0.307,-1.729,-3.623
QQQ,CTRL,NORMAL,2025-11-11T15:30:00,-0.07,-2.044,-4.055
QQQ,CTRL,NORMAL,2025-11-12T14:30:00,-2.055,-3.11,-3.163
QQQ,CTRL,NORMAL,2025-11-13T13:30:00,0.36,-1.573,-2.989
QQQ,CTRL,NORMAL,2025-11-14T12:30:00,-0.71,-2.215,-3.495
QQQ,TOP,NORMAL,2025-11-17T09:30:00,-2.349,0.508,-1.502
QQQ,CTRL,NORMAL,2025-11-17T11:30:00,-2.43,-2.741,-0.972
QQQ,CTRL,NORMAL,2025-11-18T10:30:00,0.256,-1.855,0.928
QQQ,CTRL,NORMAL,2025-11-19T09:30:00,1.226,-0.8,1.051
QQQ,CTRL,NORMAL,2025-11-19T15:30:00,-2.376,0.914,2.417
QQQ,CTRL,NORMAL,2025-11-20T14:30:00,0.429,3.172,4.919
QQQ,CTRL,NORMAL,2025-11-21T13:30:00,1.446,3.166,3.704
QQQ,CTRL,NORMAL,2025-11-24T12:30:00,0.389,1.674,2.52
QQQ,CTRL,NORMAL,2025-11-25T11:30:00,1.41,1.721,2.766
QQQ,CTRL,NORMAL,2025-11-26T10:30:00,0.301,1.294,1.039
QQQ,CTRL,NORMAL,2025-11-28T09:30:00,0.115,1.142,1.478
QQQ,CTRL,NORMAL,2026-01-23T10:30:00,0.45,1.554,0.149
QQQ,CTRL,NORMAL,2026-01-26T09:30:00,0.772,-0.381,-1.562
QQQ,CTRL,NORMAL,2026-01-26T15:30:00,0.895,0.622,-2.657
QQQ,CTRL,PARABOLIC,2026-05-27T12:30:00,1.138,2.215,2.148
QQQ,CTRL,PARABOLIC,2026-05-28T11:30:00,0.387,1.266,0.667
QQQ,CTRL,PARABOLIC,2026-05-29T10:30:00,0.298,0.935,-2.167
QQQ,CTRL,PARABOLIC,2026-06-01T09:30:00,0.598,-0.127,-2.787
QQQ,CTRL,PARABOLIC,2026-06-01T15:30:00,0.465,-0.295,-3.58
QQQ,CTRL,PARABOLIC,2026-06-02T14:30:00,-0.09,-4.872,-5.511
QQQ,CTRL,PARABOLIC,2026-06-03T13:30:00,-0.302,-3.497,-6.332
QQQ,CTRL,PARABOLIC,2026-06-04T12:30:00,-3.472,-5.724,-4.602
QQQ,CTRL,NORMAL,2026-06-05T11:30:00,0.166,-2.678,0.273
QQQ,CTRL,NORMAL,2026-06-08T10:30:00,-2.572,-2.902,3.175
QQQ,TOP,NORMAL,2026-06-08T15:30:00,-1.137,0.064,3.87
QQQ,CTRL,NORMAL,2026-06-09T09:30:00,-0.922,0.295,3.235
QQQ,CTRL,NORMAL,2026-06-09T15:30:00,-2.013,1.887,3.082
QQQ,CTRL,NORMAL,2026-06-10T14:30:00,3.069,7.004,4.559
QQQ,CTRL,NORMAL,2026-06-11T13:30:00,1.672,3.388,4.195
QQQ,CTRL,NORMAL,2026-06-12T12:30:00,2.897,1.344,1.878
QQQ,CTRL,PARABOLIC,2026-06-15T11:30:00,-1.182,-0.7,-3.369
SMH,CTRL,NORMAL,2024-10-03T10:30:00,0.419,2.756,4.132
SMH,CTRL,NORMAL,2024-10-04T09:30:00,1.219,3.342,4.464
SMH,CTRL,NORMAL,2024-10-04T15:30:00,0.178,2.97,3.564
SMH,CTRL,NORMAL,2024-10-07T14:30:00,2.09,2.769,5.857
SMH,CTRL,NORMAL,2024-10-08T13:30:00,1.216,2.122,-1.351
SMH,CTRL,NORMAL,2024-10-09T12:30:00,0.461,2.853,-2.4
SMH,CTRL,NORMAL,2024-10-10T11:30:00,0.795,-2.307,0.306
SMH,CTRL,NORMAL,2024-10-11T10:30:00,1.377,-3.195,-1.486
SMH,CTRL,NORMAL,2024-10-14T09:30:00,-2.097,-2.271,-3.363
SMH,CTRL,NORMAL,2024-10-14T15:30:00,-5.4,-3.732,-3.226
SMH,CTRL,NORMAL,2024-10-15T14:30:00,0.44,2.149,2.285
SMH,CTRL,NORMAL,2024-10-16T13:30:00,2.26,1.297,-0.681
SMH,CTRL,NORMAL,2024-10-17T12:30:00,-1.561,-1.674,-2.465
SMH,TOP,NORMAL,2024-10-17T14:30:00,-0.563,-0.431,-1.134
SMH,CTRL,NORMAL,2024-10-18T11:30:00,-0.382,-0.924,1.941
SMH,CTRL,NORMAL,2024-10-21T10:30:00,0.49,-0.04,1.033
SMH,CTRL,NORMAL,2024-10-22T09:30:00,-0.227,2.052,0.924
SMH,CTRL,NORMAL,2024-10-22T15:30:00,-1.069,0.532,2.148
SMH,CTRL,NORMAL,2024-10-23T14:30:00,0.818,1.358,1.052
SMH,CTRL,NORMAL,2024-10-24T13:30:00,1.956,2.834,-3.5
SMH,CTRL,NORMAL,2024-10-25T12:30:00,-1.271,-1.353,-3.333
SMH,CTRL,NORMAL,2024-10-28T11:30:00,1.31,-4.087,-2.516
SMH,CTRL,NORMAL,2024-10-29T10:30:00,-0.626,-2.667,-2.233
SMH,CTRL,NORMAL,2024-10-30T09:30:00,-3.887,-2.386,0.016
SMH,CTRL,NORMAL,2024-10-30T15:30:00,-3.654,-2.553,1.639
SMH,CTRL,NORMAL,2024-10-31T14:30:00,1.495,2.679,7.891
SMH,CTRL,NORMAL,2024-11-01T13:30:00,0.22,4.044,5.921
SMH,CTRL,NORMAL,2024-11-04T12:30:00,0.928,5.972,2.422
SMH,CTRL,NORMAL,2024-12-26T14:30:00,-1.531,-3.292,0.062
SMH,CTRL,NORMAL,2024-12-27T13:30:00,-0.75,-1.561,5.18
SMH,CTRL,NORMAL,2025-01-08T12:30:00,-1.86,-3.244,0.906
SMH,CTRL,NORMAL,2025-01-10T11:30:00,-1.144,1.455,4.713
SMH,CTRL,NORMAL,2025-01-13T10:30:00,0.416,5.439,7.614
SMH,CTRL,NORMAL,2025-01-14T09:30:00,2.274,4.54,8.987
SMH,CTRL,NORMAL,2025-01-14T15:30:00,2.314,5.194,8.857
SMH,CTRL,NORMAL,2025-01-15T14:30:00,0.927,4.801,5.433
SMH,CTRL,NORMAL,2025-01-16T13:30:00,1.353,5.304,2.397
SMH,CTRL,NORMAL,2025-01-17T12:30:00,2.277,2.707,-9.763
SMH,BOTTOM,NORMAL,2025-01-17T13:30:00,2.175,2.732,-9.361
SMH,CTRL,NORMAL,2025-07-14T10:30:00,2.269,2.188,2.54
SMH,CTRL,NORMAL,2025-07-15T09:30:00,-2.211,-0.905,-2.816
SMH,CTRL,NORMAL,2025-07-15T15:30:00,-0.481,-0.162,-1.861
SMH,CTRL,NORMAL,2025-07-16T14:30:00,1.136,0.932,-0.963
SMH,CTRL,NORMAL,2025-07-17T13:30:00,-0.538,-2.216,-1.425
SMH,CTRL,NORMAL,2025-07-18T12:30:00,0.613,-1.97,-1.012
SMH,BOTTOM,NORMAL,2025-07-18T14:30:00,0.296,-1.587,-0.988
SMH,CTRL,NORMAL,2025-07-21T11:30:00,-2.299,-1.522,-0.339
SMH,CTRL,NORMAL,2025-07-22T10:30:00,-0.388,0.357,2.269
SMH,CTRL,NORMAL,2025-07-23T09:30:00,0.612,2.127,4.002
SMH,CTRL,NORMAL,2025-07-23T15:30:00,0.427,1.713,3.361
SMH,CTRL,NORMAL,2025-07-24T14:30:00,-0.149,1.847,0.191
SMH,CTRL,NORMAL,2025-07-25T13:30:00,1.119,3.204,-1.515
SMH,BOTTOM,NORMAL,2025-07-25T14:30:00,1.255,2.441,-1.38
SMH,CTRL,NORMAL,2025-07-28T12:30:00,1.184,-0.303,-0.286
SMH,CTRL,NORMAL,2025-07-29T11:30:00,1.046,-2.368,-1.982
SMH,CTRL,NORMAL,2025-07-30T10:30:00,-1.244,-2.233,-3.518
SMH,CTRL,NORMAL,2025-07-31T09:30:00,-3.207,-1.764,-0.333
SMH,CTRL,NORMAL,2025-07-31T15:30:00,-1.628,-0.568,0.885
SMH,CTRL,NORMAL,2025-08-01T14:30:00,2.068,1.125,3.42
SMH,CTRL,NORMAL,2025-08-04T13:30:00,-0.627,-0.079,1.727
SMH,CTRL,NORMAL,2025-08-05T12:30:00,-0.688,1.662,3.886
SMH,CTRL,NORMAL,2025-08-06T11:30:00,2.245,3.933,5.122
SMH,CTRL,NORMAL,2025-08-07T10:30:00,0.87,2.557,3.052
SMH,CTRL,NORMAL,2025-08-27T14:30:00,0.686,-3.988,-2.532
SMH,CTRL,NORMAL,2025-08-28T13:30:00,-3.435,-5.056,-2.371
SMH,CTRL,NORMAL,2025-08-29T12:30:00,-1.863,-0.444,2.229
SMH,CTRL,NORMAL,2025-09-02T11:30:00,1.065,3.116,5.237
SMH,CTRL,NORMAL,2025-09-03T10:30:00,0.957,4.24,5.712
SMH,TOP,NORMAL,2025-09-03T15:30:00,1.21,3.503,5.044
SMH,CTRL,NORMAL,2025-09-04T09:30:00,1.595,3.619,5.972
SMH,CTRL,NORMAL,2025-09-04T15:30:00,1.205,2.716,4.82
SMH,CTRL,NORMAL,2025-10-13T12:30:00,-0.221,1.393,2.698
SMH,CTRL,NORMAL,2025-10-14T11:30:00,1.036,1.481,2.739
SMH,CTRL,NORMAL,2025-10-15T10:30:00,0.831,2.151,-1.417
SMH,BOTTOM,NORMAL,2025-10-15T13:30:00,0.006,2.12,-1.753
SMH,CTRL,NORMAL,2025-10-16T09:30:00,-0.57,-0.553,-0.738
SMH,CTRL,NORMAL,2025-10-16T15:30:00,-0.16,0.565,0.489
SMH,CTRL,NORMAL,2025-10-17T14:30:00,1.188,-1.729,2.574
SMH,CTRL,NORMAL,2025-10-20T13:30:00,-0.63,-0.742,3.228
SMH,CTRL,NORMAL,2025-10-21T12:30:00,-3.035,1.897,4.713
SMH,CTRL,NORMAL,2025-10-22T11:30:00,2.106,6.39,9.524
SMH,CTRL,NORMAL,2025-10-23T10:30:00,2.273,4.65,6.524
SMH,CTRL,NORMAL,2025-10-24T09:30:00,2.473,5.801,4.446
SMH,CTRL,NORMAL,2025-10-24T15:30:00,2.526,5.106,3.392
SMH,CTRL,NORMAL,2025-10-27T14:30:00,1.327,1.472,1.959
SMH,CTRL,PARABOLIC,2025-10-28T13:30:00,1.909,0.13,-1.796
SMH,CTRL,PARABOLIC,2025-10-29T12:30:00,-0.92,-0.298,-2.036
SMH,CTRL,NORMAL,2025-10-30T11:30:00,-0.923,-2.302,-4.449
SMH,CTRL,NORMAL,2025-10-31T10:30:00,-0.139,-1.711,-7.499
SMH,CTRL,NORMAL,2025-11-03T09:30:00,-1.217,-2.52,-2.045
SMH,BOTTOM,NORMAL,2025-11-03T10:30:00,-1.944,-3.878,-3.085
SMH,CTRL,NORMAL,2025-11-03T15:30:00,-3.778,-4.111,-1.975
SMH,CTRL,NORMAL,2025-11-04T14:30:00,2.535,-2.893,-0.9
SMH,CTRL,NORMAL,2025-11-05T13:30:00,-2.395,-1.344,-2.436
SMH,CTRL,NORMAL,2025-11-06T12:30:00,-2.874,-0.068,-2.689
SMH,CTRL,NORMAL,2025-11-07T11:30:00,4.955,4.377,2.535
SMH,CTRL,NORMAL,2025-11-10T10:30:00,-1.004,-2.617,-3.058
SMH,CTRL,NORMAL,2025-11-11T09:30:00,1.245,-2.377,-5.69
SMH,TOP,NORMAL,2025-11-11T13:30:00,0.705,-1.647,-4.766
SMH,CTRL,NORMAL,2025-11-11T15:30:00,1.336,-1.712,-5.154
SMH,CTRL,NORMAL,2025-11-12T14:30:00,-3.357,-4.812,-4.073
SMH,CTRL,NORMAL,2025-11-13T13:30:00,0.662,-2.53,-4.214
SMH,CTRL,NORMAL,2025-11-14T12:30:00,-1.184,-3.044,-6.291
SMH,CTRL,NORMAL,2025-11-17T11:30:00,-3.377,-3.626,-1.606
SMH,CTRL,NORMAL,2025-11-18T10:30:00,1.172,-3.412,0.062
SMH,CTRL,NORMAL,2025-11-19T09:30:00,1.615,-2.204,0.645
SMH,CTRL,NORMAL,2025-11-19T15:30:00,-4.344,-0.05,2.402
SMH,CTRL,NORMAL,2025-11-20T14:30:00,0.22,3.587,8.091
SMH,CTRL,NORMAL,2025-11-21T13:30:00,2.458,5.371,7.212
SMH,CTRL,NORMAL,2025-11-24T12:30:00,-0.777,3.408,5.983
SMH,CTRL,NORMAL,2025-11-25T11:30:00,3.496,4.884,8.274
SMH,CTRL,NORMAL,2025-11-26T10:30:00,0.617,3.429,3.218
SMH,CTRL,NORMAL,2025-11-28T09:30:00,0.982,3.798,4.613
SMH,CTRL,NORMAL,2025-12-26T10:30:00,-0.89,-0.813,4.478
SMH,CTRL,NORMAL,2025-12-29T09:30:00,0.311,2.403,6.842
SMH,BOTTOM,NORMAL,2025-12-29T14:30:00,-0.069,2.971,6.357
SMH,CTRL,NORMAL,2025-12-29T15:30:00,-0.258,2.512,6.491
SMH,CTRL,NORMAL,2025-12-30T14:30:00,-0.841,3.968,5.689
SMH,CTRL,NORMAL,2025-12-31T13:30:00,3.083,6.788,4.336
SMH,CTRL,NORMAL,2026-01-02T12:30:00,1.732,3.417,4.521
SMH,CTRL,NORMAL,2026-01-05T11:30:00,2.152,-0.521,3.046
SMH,CTRL,NORMAL,2026-01-06T10:30:00,-0.369,0.066,1.567
SMH,CTRL,NORMAL,2026-01-07T09:30:00,-2.188,0.569,-0.212
SMH,BOTTOM,NORMAL,2026-01-07T14:30:00,-1.477,1.91,0.414
SMH,CTRL,NORMAL,2026-01-07T15:30:00,-1.618,1.387,0.808
SMH,CTRL,NORMAL,2026-01-08T14:30:00,3.057,3.184,5.246
SMH,CTRL,NORMAL,2026-01-09T13:30:00,0.526,-1.036,2.797
SMH,CTRL,NORMAL,2026-01-12T12:30:00,0.12,2.633,-0.018
SMH,CTRL,NORMAL,2026-01-13T11:30:00,-2.208,1.751,0.606
SMH,CTRL,NORMAL,2026-01-14T10:30:00,4.082,2.474,4.589
SMH,CTRL,NORMAL,2026-01-15T09:30:00,-0.237,-0.22,0.492
SMH,CTRL,NORMAL,2026-01-15T15:30:00,0.961,1.351,0.905
SMH,CTRL,NORMAL,2026-01-16T14:30:00,-2.778,0.219,-0.528
SMH,CTRL,NORMAL,2026-01-20T13:30:00,3.007,2.264,4.651
SMH,CTRL,NORMAL,2026-01-21T12:30:00,1.442,0.48,4.522
SMH,CTRL,NORMAL,2026-01-22T11:30:00,-0.921,1.157,2.252
SMH,CTRL,NORMAL,2026-01-23T10:30:00,-0.627,3.536,2.299
SMH,CTRL,NORMAL,2026-01-26T09:30:00,2.231,3.156,-0.477
SMH,CTRL,NORMAL,2026-01-26T15:30:00,2.141,4.664,-3.811
SMH,CTRL,NORMAL,2026-01-27T14:30:00,2.124,-2.51,-7.887
SMH,CTRL,NORMAL,2026-01-28T13:30:00,-0.205,-4.3,-8.171
SMH,CTRL,NORMAL,2026-01-29T12:30:00,-1.505,-7.44,-2.977
SMH,CTRL,NORMAL,2026-02-02T13:30:00,-4.42,-6.76,-0.604
SMH,CTRL,NORMAL,2026-02-03T12:30:00,-3.795,1.955,3.145
SMH,CTRL,NORMAL,2026-02-04T11:30:00,1.977,8.377,10.1
SMH,CTRL,NORMAL,2026-02-05T10:30:00,4.199,5.981,5.944
SMH,TOP,NORMAL,2026-02-05T14:30:00,5.658,6.233,6.831
SMH,CTRL,NORMAL,2026-02-06T09:30:00,2.357,2.906,3.439
SMH,CTRL,NORMAL,2026-02-06T15:30:00,1.252,3.294,1.503
SMH,CTRL,NORMAL,2026-02-09T14:30:00,-0.81,-0.253,0.098
SMH,CTRL,NORMAL,2026-02-10T13:30:00,2.369,0.793,1.854
SMH,BOTTOM,NORMAL,2026-02-10T14:30:00,2.863,0.731,1.579
SMH,CTRL,NORMAL,2026-02-11T12:30:00,-1.636,-1.511,-1.731
SMH,CTRL,NORMAL,2026-02-12T11:30:00,0.36,1.862,0.74
SMH,CTRL,NORMAL,2026-02-13T10:30:00,-0.47,0.17,0.709
SMH,CTRL,NORMAL,2026-02-17T09:30:00,3.656,2.872,4.593
SMH,CTRL,NORMAL,2026-02-17T15:30:00,1.286,1.868,2.857
SMH,CTRL,NORMAL,2026-02-18T14:30:00,-0.646,0.149,3.901
SMH,CTRL,NORMAL,2026-02-19T13:30:00,1.637,2.748,0.542
SMH,CTRL,NORMAL,2026-03-04T10:30:00,-0.625,-3.693,0.617
SMH,CTRL,NORMAL,2026-03-05T09:30:00,-1.563,0.287,-2.033
SMH,CTRL,NORMAL,2026-03-05T15:30:00,-3.763,0.501,-1.823
SMH,CTRL,NORMAL,2026-03-06T14:30:00,3.397,5.352,1.787
SMH,CTRL,NORMAL,2026-03-09T13:30:00,3.435,0.868,2.751
SMH,CTRL,NORMAL,2026-03-10T12:30:00,-0.538,-3.777,-2.02
SMH,CTRL,NORMAL,2026-03-11T11:30:00,-2.481,-1.205,-0.473
SMH,CTRL,NORMAL,2026-03-12T10:30:00,-0.063,1.415,0.203
SMH,CTRL,NORMAL,2026-03-13T09:30:00,0.858,0.721,-1.416
SMH,CTRL,NORMAL,2026-03-13T15:30:00,1.686,1.621,-0.576
SMH,CTRL,PARABOLIC,2026-05-27T12:30:00,1.639,3.115,7.569
SMH,CTRL,PARABOLIC,2026-05-28T11:30:00,-0.302,3.944,3.915
SMH,CTRL,PARABOLIC,2026-05-29T10:30:00,0.882,5.932,-1.487
SMH,CTRL,PARABOLIC,2026-06-01T09:30:00,3.416,2.534,-1.062
SMH,CTRL,PARABOLIC,2026-06-01T15:30:00,4.06,3.459,-1.618
SMH,CTRL,PARABOLIC,2026-06-02T14:30:00,1.543,-8.083,-7.192
SMH,CTRL,PARABOLIC,2026-06-03T13:30:00,-1.287,-6.028,-10.315
SMH,CTRL,PARABOLIC,2026-06-04T12:30:00,-7.039,-8.57,-5.408
SMH,CTRL,NORMAL,2026-06-05T11:30:00,2.463,-1.861,5.715
SMH,CTRL,PARABOLIC,2026-06-08T10:30:00,-3.889,-2.433,7.161
SMH,TOP,PARABOLIC,2026-06-08T15:30:00,-1.099,1.971,8.34
SMH,CTRL,PARABOLIC,2026-06-09T09:30:00,-0.787,2.749,6.615
SMH,CTRL,PARABOLIC,2026-06-09T15:30:00,-3.468,4.812,4.236
SMH,CTRL,NORMAL,2026-06-10T14:30:00,6.412,13.261,10.54
SMH,CTRL,PARABOLIC,2026-06-11T13:30:00,3.878,4.922,10.298
SMH,CTRL,PARABOLIC,2026-06-12T12:30:00,3.866,2.113,6.67
SMH,CTRL,PARABOLIC,2026-06-15T11:30:00,-2.513,1.876,-2.998
SMH,CTRL,NORMAL,2026-06-16T10:30:00,0.858,5.586,-1.354
SMH,CTRL,PARABOLIC,2026-06-17T09:30:00,2.758,-0.665,-1.806
SMH,BOTTOM,PARABOLIC,2026-06-17T13:30:00,4.542,-1.269,1.054
SMH,CTRL,PARABOLIC,2026-06-17T15:30:00,5.59,-0.432,1.972
SMH,CTRL,PARABOLIC,2026-06-18T14:30:00,0.342,-7.354,-7.073
SMH,CTRL,PARABOLIC,2026-06-22T13:30:00,-6.214,-4.006,-5.166
SMH,CTRL,NORMAL,2026-06-23T12:30:00,-2.631,-1.34,4.253
SMH,CTRL,NORMAL,2026-06-24T11:30:00,2.6,0.605,0.673
SMH,CTRL,NORMAL,2026-06-25T10:30:00,-1.975,3.645,-4.544
SMH,TOP,NORMAL,2026-06-25T14:30:00,-3.098,3.833,-7.367
SMH,CTRL,NORMAL,2026-06-26T09:30:00,-1.634,2.523,-0.596
SMH,CTRL,NORMAL,2026-06-26T15:30:00,3.702,1.784,-0.747
SMH,CTRL,NORMAL,2026-06-29T14:30:00,4.107,-7.122,-8.771
SMH,CTRL,NORMAL,2026-06-30T13:30:00,-5.147,-7.324,-9.724
SMH,CTRL,NORMAL,2026-07-01T12:30:00,-5.896,-6.509,-1.424
SMH,CTRL,NORMAL,2026-07-02T11:30:00,3.368,-0.878,3.257
SMH,CTRL,NORMAL,2026-07-06T10:30:00,-6.686,0.137,-2.651
SMH,CTRL,NORMAL,2026-07-07T09:30:00,2.568,5.968,4.216
SMH,CTRL,NORMAL,2026-07-07T15:30:00,2.07,5.211,3.264
GRID,CTRL,NORMAL,2024-09-13T12:30:00,0.176,1.313,2.88
GRID,CTRL,NORMAL,2024-09-16T11:30:00,0.984,3.222,3.394
GRID,CTRL,NORMAL,2024-09-17T10:30:00,-0.207,1.165,2.66
GRID,CTRL,NORMAL,2024-09-18T09:30:00,1.51,2.376,3.28
GRID,CTRL,NORMAL,2024-09-18T15:30:00,2.281,2.716,3.052
GRID,BOTTOM,NORMAL,2024-09-19T09:30:00,0.008,1.156,2.279
GRID,CTRL,NORMAL,2024-09-19T14:30:00,-0.286,0.922,2.002
GRID,CTRL,NORMAL,2024-09-20T13:30:00,1.047,1.375,2.002
GRID,CTRL,NORMAL,2024-09-23T12:30:00,0.511,1.477,0.495
GRID,CTRL,NORMAL,2024-09-24T11:30:00,0.315,0.989,-0.498
GRID,CTRL,NORMAL,2024-09-25T10:30:00,0.578,-0.193,-1.105
GRID,CTRL,PARABOLIC,2024-09-26T09:30:00,0.266,-1.54,-2.798
GRID,CTRL,PARABOLIC,2024-09-26T15:30:00,-0.63,-1.797,-3.284
GRID,CTRL,NORMAL,2024-09-27T14:30:00,-1.017,-1.619,-2.3
GRID,CTRL,NORMAL,2024-09-30T13:30:00,0.472,-1.586,-0.793
GRID,CTRL,NORMAL,2024-10-01T12:30:00,0.059,-0.839,-0.147
GRID,CTRL,NORMAL,2024-10-02T11:30:00,-1.285,-0.69,0.389
GRID,CTRL,NORMAL,2024-10-03T10:30:00,0.0,0.943,0.903
GRID,CTRL,NORMAL,2024-10-04T09:30:00,0.399,1.278,1.227
GRID,CTRL,NORMAL,2024-10-04T15:30:00,-0.234,1.174,0.942
GRID,CTRL,NORMAL,2024-10-07T14:30:00,0.775,0.434,2.101
GRID,CTRL,NORMAL,2024-10-08T13:30:00,0.565,0.37,-0.434
GRID,CTRL,NORMAL,2024-10-09T12:30:00,-0.821,0.548,-0.885
GRID,TOP,NORMAL,2024-10-10T09:30:00,0.664,1.195,1.139
GRID,CTRL,NORMAL,2024-10-10T11:30:00,0.307,0.028,0.812
GRID,BOTTOM,NORMAL,2024-10-10T14:30:00,0.902,-0.212,0.99
GRID,CTRL,NORMAL,2024-10-11T10:30:00,0.598,-0.532,0.293
GRID,CTRL,NORMAL,2024-10-14T09:30:00,-0.063,-0.118,-0.276
GRID,CTRL,NORMAL,2024-10-14T15:30:00,-1.579,-0.605,-1.029
GRID,CTRL,NORMAL,2024-10-15T14:30:00,0.388,1.356,-0.02
GRID,CTRL,NORMAL,2024-10-16T13:30:00,0.756,0.019,-1.903
GRID,CTRL,NORMAL,2024-10-17T12:30:00,0.051,-1.468,-1.595
GRID,CTRL,NORMAL,2024-10-18T11:30:00,-0.795,-2.289,-1.089
GRID,CTRL,NORMAL,2024-11-26T14:30:00,-0.459,-0.036,1.317
GRID,BOTTOM,NORMAL,2024-11-26T15:30:00,-0.422,0.115,0.999
GRID,CTRL,NORMAL,2024-11-27T13:30:00,0.856,1.561,1.464
GRID,CTRL,NORMAL,2024-12-02T09:30:00,-0.128,1.042,0.342
GRID,CTRL,NORMAL,2024-12-02T15:30:00,-0.207,0.61,-0.429
GRID,TOP,NORMAL,2024-12-12T12:30:00,-0.708,-0.734,-4.28
GRID,CTRL,NORMAL,2024-12-12T13:30:00,-0.409,-0.698,-3.954
GRID,CTRL,NORMAL,2024-12-13T12:30:00,0.467,-0.052,-2.582
GRID,CTRL,NORMAL,2024-12-16T11:30:00,-0.585,-4.37,-3.428
GRID,CTRL,NORMAL,2024-12-17T10:30:00,0.166,-2.371,-2.071
GRID,CTRL,NORMAL,2024-12-18T09:30:00,-3.5,-3.192,-1.903
GRID,CTRL,NORMAL,2024-12-18T15:30:00,-0.234,0.915,0.514
GRID,CTRL,NORMAL,2024-12-19T14:30:00,1.077,1.85,0.066
GRID,CTRL,NORMAL,2024-12-20T13:30:00,-0.479,-0.457,-1.329
GRID,CTRL,NORMAL,2024-12-23T12:30:00,0.921,-1.577,-0.548
GRID,CTRL,NORMAL,2024-12-24T11:30:00,0.063,-1.6,-2.026
GRID,CTRL,NORMAL,2024-12-26T14:30:00,-1.083,-1.941,-0.657
GRID,CTRL,NORMAL,2024-12-27T13:30:00,-0.549,-1.209,1.637
GRID,CTRL,NORMAL,2024-12-30T12:30:00,-0.551,0.743,2.067
GRID,CTRL,NORMAL,2024-12-31T11:30:00,0.193,3.332,0.621
GRID,CTRL,NORMAL,2025-01-02T10:30:00,0.288,2.141,-1.103
GRID,CTRL,NORMAL,2025-01-03T09:30:00,2.577,0.033,-2.229
GRID,CTRL,NORMAL,2025-01-03T15:30:00,1.074,-0.136,-2.149
GRID,CTRL,NORMAL,2025-01-06T14:30:00,-0.945,-3.078,-2.682
GRID,CTRL,NORMAL,2025-02-10T09:30:00,-0.008,0.239,1.976
GRID,CTRL,NORMAL,2025-02-10T15:30:00,-0.214,0.361,1.98
GRID,CTRL,NORMAL,2025-02-11T14:30:00,-0.478,1.244,2.154
GRID,TOP,NORMAL,2025-02-11T15:30:00,-0.593,1.202,2.248
GRID,CTRL,NORMAL,2025-02-12T13:30:00,1.09,2.782,3.176
GRID,CTRL,NORMAL,2025-02-13T12:30:00,0.884,1.874,0.657
GRID,CTRL,NORMAL,2025-02-14T11:30:00,1.283,1.394,-1.267
GRID,CTRL,NORMAL,2025-02-18T10:30:00,-0.217,-0.488,-4.155
GRID,CTRL,NORMAL,2025-02-19T09:30:00,0.334,-2.771,-2.45
GRID,CTRL,NORMAL,2025-02-19T15:30:00,0.354,-3.277,-3.1
GRID,CTRL,NORMAL,2025-02-20T14:30:00,-1.953,-3.509,-5.77
GRID,CTRL,NORMAL,2025-02-21T13:30:00,-1.05,-1.263,-4.746
GRID,CTRL,NORMAL,2025-02-24T12:30:00,-1.241,-1.777,-3.778
GRID,CTRL,NORMAL,2025-02-25T11:30:00,2.06,-1.53,-4.17
GRID,CTRL,NORMAL,2025-02-26T10:30:00,-2.271,-3.556,-4.554
GRID,TOP,NORMAL,2025-02-26T15:30:00,-2.584,-4.321,-2.667
GRID,CTRL,NORMAL,2025-06-23T14:30:00,2.04,2.335,3.942
GRID,CTRL,PARABOLIC,2025-06-24T13:30:00,-0.458,1.143,1.554
GRID,CTRL,NORMAL,2025-06-25T12:30:00,0.559,2.079,2.025
GRID,CTRL,NORMAL,2025-06-26T11:30:00,1.628,1.204,2.37
GRID,CTRL,PARABOLIC,2025-06-27T10:30:00,-0.181,-0.332,-0.627
GRID,CTRL,PARABOLIC,2025-06-30T09:30:00,-0.072,1.203,0.025
GRID,BOTTOM,PARABOLIC,2025-06-30T12:30:00,-0.013,-0.142,0.049
GRID,CTRL,PARABOLIC,2025-06-30T15:30:00,-0.36,-0.899,0.086
GRID,CTRL,NORMAL,2025-07-01T14:30:00,0.24,-0.126,0.312
GRID,CTRL,NORMAL,2025-07-02T13:30:00,-0.331,-0.097,-0.191
GRID,CTRL,NORMAL,2025-07-07T09:30:00,-0.631,-0.527,-0.209
GRID,CTRL,NORMAL,2025-07-07T15:30:00,0.185,0.808,0.543
GRID,CTRL,NORMAL,2025-07-08T14:30:00,0.665,0.202,0.383
GRID,CTRL,NORMAL,2025-07-09T13:30:00,-0.025,-0.181,0.032
GRID,CTRL,NORMAL,2025-07-10T12:30:00,-0.256,0.043,2.528
GRID,CTRL,NORMAL,2025-07-11T11:30:00,0.106,0.148,3.168
GRID,CTRL,NORMAL,2025-07-14T10:30:00,0.526,2.844,3.75
GRID,BOTTOM,NORMAL,2025-07-14T14:30:00,0.074,2.953,3.09
GRID,CTRL,NORMAL,2025-07-15T09:30:00,-0.753,2.603,1.477
GRID,CTRL,NORMAL,2025-07-15T15:30:00,0.36,2.751,2.924
GRID,CTRL,NORMAL,2025-07-16T14:30:00,2.515,2.651,4.03
GRID,CTRL,NORMAL,2025-07-17T13:30:00,-0.041,-0.079,1.268
GRID,CTRL,NORMAL,2025-07-18T12:30:00,0.654,1.307,1.611
GRID,CTRL,NORMAL,2025-07-21T11:30:00,-0.621,0.646,0.558
GRID,CTRL,NORMAL,2025-07-22T10:30:00,1.301,1.705,0.387
GRID,CTRL,NORMAL,2025-07-23T09:30:00,0.229,0.271,-0.506
GRID,CTRL,NORMAL,2025-07-23T15:30:00,-0.729,-0.901,-1.485
GRID,CTRL,NORMAL,2025-07-24T14:30:00,0.388,-1.116,-1.617
GRID,CTRL,NORMAL,2025-07-25T13:30:00,-0.758,-0.835,-3.055
GRID,CTRL,NORMAL,2025-07-28T12:30:00,-0.382,-1.084,-0.979
GRID,CTRL,NORMAL,2025-07-29T11:30:00,0.462,-1.238,-1.154
GRID,TOP,NORMAL,2025-07-29T14:30:00,-0.255,-1.543,-1.028
GRID,CTRL,NORMAL,2025-07-30T10:30:00,-0.234,-0.576,-1.138
GRID,CTRL,NORMAL,2025-07-31T09:30:00,-2.026,-1.627,-0.797
GRID,CTRL,NORMAL,2025-07-31T15:30:00,-0.794,-0.682,0.394
GRID,CTRL,NORMAL,2025-08-01T14:30:00,1.318,0.871,1.819
GRID,CTRL,NORMAL,2025-08-04T13:30:00,-0.723,-0.105,0.284
GRID,CTRL,NORMAL,2025-08-05T12:30:00,0.023,1.109,1.942
GRID,CTRL,NORMAL,2025-08-06T11:30:00,0.719,0.794,1.259
GRID,BOTTOM,NORMAL,2025-08-06T14:30:00,0.229,0.465,1.461
GRID,CTRL,NORMAL,2025-08-07T10:30:00,0.63,1.165,0.933
GRID,CTRL,NORMAL,2025-08-08T09:30:00,-0.566,0.78,0.051
GRID,CTRL,NORMAL,2025-08-08T15:30:00,-0.481,0.593,0.035
GRID,CTRL,NORMAL,2025-08-11T14:30:00,1.458,0.862,0.722
GRID,CTRL,NORMAL,2025-08-12T13:30:00,-0.435,-0.605,-1.224
GRID,CTRL,NORMAL,2025-08-13T12:30:00,-0.033,-0.139,-1.403
GRID,CTRL,NORMAL,2025-08-14T11:30:00,-0.171,-0.244,-1.491
GRID,CTRL,NORMAL,2025-08-15T10:30:00,-0.052,-1.306,0.923
GRID,CTRL,NORMAL,2025-08-18T09:30:00,0.391,-0.901,0.517
GRID,CTRL,NORMAL,2025-08-18T15:30:00,-0.758,-1.64,-0.577
GRID,TOP,NORMAL,2025-08-19T14:30:00,-0.455,1.197,0.978
GRID,CTRL,NORMAL,2025-09-05T14:30:00,0.851,2.667,3.576
GRID,CTRL,NORMAL,2025-09-08T13:30:00,-0.373,2.385,3.235
GRID,CTRL,NORMAL,2025-09-24T13:30:00,-1.289,-0.067,1.588
GRID,CTRL,NORMAL,2025-09-25T12:30:00,0.729,1.703,3.181
GRID,CTRL,NORMAL,2025-09-26T11:30:00,0.598,2.098,2.709
GRID,CTRL,NORMAL,2025-09-29T10:30:00,0.434,1.596,2.576
GRID,CTRL,NORMAL,2025-09-30T09:30:00,0.906,1.377,1.844
GRID,CTRL,NORMAL,2025-09-30T15:30:00,0.635,0.758,0.288
GRID,CTRL,NORMAL,2025-10-01T14:30:00,0.479,0.899,0.669
GRID,CTRL,NORMAL,2025-10-02T13:30:00,-0.334,-0.759,-0.219
GRID,CTRL,NORMAL,2025-10-03T12:30:00,0.962,0.604,-1.139
GRID,BOTTOM,NORMAL,2025-10-06T11:30:00,-1.34,-0.589,-0.875
GRID,CTRL,NORMAL,2025-10-07T10:30:00,0.669,-0.414,-0.26
GRID,CTRL,NORMAL,2025-10-08T09:30:00,0.033,-1.001,1.289
GRID,CTRL,NORMAL,2025-10-08T15:30:00,-0.502,-0.965,0.795
GRID,CTRL,NORMAL,2025-10-09T14:30:00,-1.757,0.277,1.35
GRID,CTRL,NORMAL,2025-10-10T13:30:00,1.189,2.434,2.331
GRID,CTRL,NORMAL,2025-10-13T12:30:00,0.526,2.109,2.096
GRID,TOP,NORMAL,2025-10-14T10:30:00,2.098,1.13,2.316
GRID,CTRL,NORMAL,2025-10-14T11:30:00,1.038,0.894,1.556
GRID,CTRL,NORMAL,2025-10-15T10:30:00,0.33,0.296,-1.861
GRID,CTRL,NORMAL,2025-10-16T09:30:00,-0.859,-0.763,-0.872
GRID,CTRL,NORMAL,2025-10-16T15:30:00,-0.638,-0.409,-0.122
GRID,CTRL,NORMAL,2025-10-17T14:30:00,0.871,-1.197,1.693
GRID,BOTTOM,NORMAL,2025-10-17T15:30:00,0.83,-1.215,1.654
GRID,CTRL,NORMAL,2025-10-20T13:30:00,-0.447,-0.283,1.406
GRID,CTRL,NORMAL,2025-10-21T12:30:00,-1.806,1.456,2.617
GRID,CTRL,NORMAL,2025-10-22T11:30:00,1.612,3.783,4.968
GRID,TOP,NORMAL,2025-10-22T14:30:00,1.885,3.542,4.044
GRID,CTRL,NORMAL,2025-10-23T10:30:00,1.849,2.55,2.482
GRID,CTRL,NORMAL,2025-10-24T09:30:00,0.82,1.58,0.766
GRID,CTRL,NORMAL,2025-10-24T15:30:00,0.798,1.347,0.294
GRID,CTRL,NORMAL,2025-10-27T14:30:00,0.618,-0.412,-0.031
GRID,CTRL,NORMAL,2025-10-28T13:30:00,0.416,-0.999,-2.365
GRID,CTRL,NORMAL,2025-10-29T12:30:00,-1.192,-1.174,-1.124
GRID,CTRL,NORMAL,2025-10-30T11:30:00,-0.184,-1.558,-1.842
GRID,CTRL,NORMAL,2025-10-31T10:30:00,0.01,-0.421,-3.076
GRID,CTRL,NORMAL,2025-11-03T09:30:00,-1.423,-0.842,-0.683
GRID,CTRL,NORMAL,2025-11-03T15:30:00,-1.943,-1.536,-0.882
GRID,TOP,NORMAL,2025-11-04T09:30:00,1.418,-0.764,0.442
GRID,CTRL,NORMAL,2025-11-04T14:30:00,2.12,-0.12,0.712
GRID,CTRL,NORMAL,2025-11-05T13:30:00,-1.388,-1.017,-1.166
GRID,CTRL,NORMAL,2025-11-06T12:30:00,-0.711,0.718,-0.994
GRID,CTRL,NORMAL,2025-11-07T11:30:00,1.521,1.916,0.218
GRID,CTRL,NORMAL,2025-11-10T10:30:00,0.206,-0.761,-1.939
GRID,CTRL,NORMAL,2025-11-11T09:30:00,0.713,-1.71,-4.137
GRID,CTRL,NORMAL,2025-11-11T15:30:00,0.411,-1.896,-4.272
GRID,TOP,NORMAL,2025-11-12T14:30:00,-2.251,-3.804,-4.207
GRID,CTRL,NORMAL,2025-11-13T13:30:00,-0.044,-2.48,-3.382
GRID,CTRL,NORMAL,2025-11-14T12:30:00,-1.035,-2.404,-4.534
GRID,CTRL,NORMAL,2025-11-17T11:30:00,-2.448,-2.761,-2.787
GRID,CTRL,NORMAL,2025-11-18T10:30:00,0.164,-2.242,-0.71
GRID,CTRL,NORMAL,2025-11-19T09:30:00,1.102,-1.696,0.161
GRID,CTRL,NORMAL,2025-11-19T15:30:00,-1.902,-0.937,1.346
GRID,CTRL,NORMAL,2025-11-20T14:30:00,-0.529,1.099,2.786
GRID,CTRL,NORMAL,2025-11-21T13:30:00,0.536,3.038,2.57
GRID,CTRL,NORMAL,2025-11-24T12:30:00,0.432,2.199,2.179
GRID,CTRL,NORMAL,2025-11-25T11:30:00,1.816,1.526,2.61
GRID,CTRL,NORMAL,2025-11-26T10:30:00,0.889,0.453,1.657
GRID,CTRL,NORMAL,2025-11-28T09:30:00,-0.683,0.197,0.854
GRID,CTRL,NORMAL,2026-01-14T10:30:00,1.465,1.211,2.189
GRID,CTRL,NORMAL,2026-01-15T09:30:00,0.86,-0.057,0.891
GRID,CTRL,NORMAL,2026-01-15T15:30:00,1.15,0.889,1.575
GRID,CTRL,NORMAL,2026-01-16T14:30:00,-1.588,-0.075,1.036
GRID,CTRL,NORMAL,2026-01-20T13:30:00,1.099,1.81,4.5
GRID,CTRL,NORMAL,2026-01-21T12:30:00,1.396,2.473,4.482
GRID,CTRL,NORMAL,2026-01-22T11:30:00,0.248,2.739,4.333
GRID,CTRL,NORMAL,2026-01-23T10:30:00,0.803,2.954,3.785
GRID,CTRL,NORMAL,2026-01-26T09:30:00,1.704,2.882,4.261
GRID,CTRL,NORMAL,2026-01-26T15:30:00,2.032,3.753,4.399
GRID,CTRL,NORMAL,2026-01-27T14:30:00,0.305,1.601,0.536
GRID,CTRL,NORMAL,2026-01-28T13:30:00,1.314,2.087,0.906
GRID,BOTTOM,NORMAL,2026-01-28T14:30:00,1.13,2.929,2.686
GRID,CTRL,PARABOLIC,2026-01-29T12:30:00,-0.228,0.715,2.525
GRID,CTRL,NORMAL,2026-02-02T13:30:00,0.415,0.223,4.722
GRID,CTRL,PARABOLIC,2026-02-03T12:30:00,-0.144,1.99,4.533
GRID,CTRL,NORMAL,2026-02-04T11:30:00,0.099,4.543,6.394
GRID,CTRL,NORMAL,2026-02-05T10:30:00,1.851,4.797,5.45
GRID,CTRL,PARABOLIC,2026-02-06T09:30:00,2.388,3.737,3.542
GRID,CTRL,PARABOLIC,2026-02-06T15:30:00,1.943,3.511,2.645
GRID,CTRL,PARABOLIC,2026-02-09T14:30:00,0.075,0.597,0.547
GRID,CTRL,PARABOLIC,2026-02-10T13:30:00,1.445,0.734,0.35
GRID,CTRL,PARABOLIC,2026-02-11T12:30:00,-0.784,-0.875,-1.591
GRID,BOTTOM,PARABOLIC,2026-02-11T13:30:00,-0.825,-0.853,-1.532
GRID,CTRL,PARABOLIC,2026-02-12T11:30:00,0.057,0.085,-0.603
GRID,CTRL,PARABOLIC,2026-02-13T10:30:00,-0.313,-0.792,-0.845
GRID,CTRL,PARABOLIC,2026-02-17T09:30:00,1.723,1.369,2.026
GRID,CTRL,PARABOLIC,2026-02-17T15:30:00,-0.308,0.357,0.942
GRID,CTRL,PARABOLIC,2026-02-18T14:30:00,-0.024,-0.201,2.559
GRID,CTRL,PARABOLIC,2026-02-19T13:30:00,0.769,1.521,2.27
GRID,CTRL,PARABOLIC,2026-02-20T12:30:00,-0.499,2.068,1.037
GRID,CTRL,NORMAL,2026-02-23T11:30:00,1.653,1.926,1.412
GRID,CTRL,PARABOLIC,2026-02-24T10:30:00,1.042,1.016,-4.726
GRID,CTRL,PARABOLIC,2026-02-25T09:30:00,-0.761,-1.157,-3.525
GRID,CTRL,PARABOLIC,2026-02-25T15:30:00,-0.104,-1.106,-4.249
GRID,BOTTOM,PARABOLIC,2026-02-26T14:30:00,-0.364,-4.835,-5.958
GRID,CTRL,PARABOLIC,2026-02-27T13:30:00,-0.04,-3.321,-5.819
GRID,CTRL,NORMAL,2026-03-02T12:30:00,-4.086,-5.893,-7.093
GRID,CTRL,NORMAL,2026-03-03T11:30:00,0.816,-1.785,0.884
GRID,CTRL,NORMAL,2026-03-04T10:30:00,-1.897,-3.716,-0.582
GRID,TOP,NORMAL,2026-03-04T15:30:00,-1.691,-1.963,-1.177
GRID,CTRL,NORMAL,2026-03-05T09:30:00,-1.607,0.667,-1.216
GRID,CTRL,NORMAL,2026-03-05T15:30:00,-1.306,0.476,-0.976
GRID,CTRL,NORMAL,2026-03-06T14:30:00,0.574,1.785,-0.335
GRID,CTRL,NORMAL,2026-03-09T13:30:00,3.145,1.579,1.752
GRID,CTRL,NORMAL,2026-03-10T12:30:00,-1.407,-3.401,-2.037
GRID,CTRL,NORMAL,2026-03-11T11:30:00,-0.484,-0.985,-0.065
GRID,CTRL,NORMAL,2026-03-12T10:30:00,-0.399,1.009,-1.135
GRID,CTRL,NORMAL,2026-03-13T09:30:00,0.544,0.469,-2.636
GRID,CTRL,NORMAL,2026-03-13T15:30:00,1.452,0.772,-2.777
GRID,TOP,NORMAL,2026-03-16T14:30:00,0.412,-0.629,-1.277
GRID,CTRL,NORMAL,2026-05-27T12:30:00,0.191,-0.129,1.676
GRID,BOTTOM,NORMAL,2026-05-27T14:30:00,-0.188,-0.198,1.658
GRID,CTRL,NORMAL,2026-05-28T11:30:00,-0.633,1.117,1.216
GRID,CTRL,NORMAL,2026-05-29T10:30:00,-0.623,2.593,-1.109
GRID,CTRL,NORMAL,2026-06-01T09:30:00,2.118,1.79,-1.634
GRID,CTRL,NORMAL,2026-06-01T15:30:00,2.089,1.901,-2.136
GRID,CTRL,NORMAL,2026-06-02T14:30:00,0.109,-4.724,-5.33
GRID,CTRL,NORMAL,2026-06-03T13:30:00,-0.248,-4.042,-7.469
GRID,CTRL,NORMAL,2026-06-04T12:30:00,-3.762,-5.541,-5.612
GRID,CTRL,NORMAL,2026-06-05T11:30:00,-0.097,-3.756,-0.643
GRID,CTRL,NORMAL,2026-06-08T10:30:00,-2.104,-2.818,1.385
GRID,CTRL,NORMAL,2026-06-09T09:30:00,-1.763,-0.721,1.863
GRID,TOP,NORMAL,2026-06-09T14:30:00,-2.831,1.272,3.361
GRID,CTRL,NORMAL,2026-06-09T15:30:00,-3.21,0.795,2.525
BOTZ,CTRL,NORMAL,2024-09-13T12:30:00,-0.359,-0.67,1.052
BOTZ,CTRL,NORMAL,2024-09-16T11:30:00,0.033,2.067,1.854
BOTZ,BOTTOM,NORMAL,2024-09-16T14:30:00,-0.098,1.772,2.297
BOTZ,CTRL,NORMAL,2024-09-17T10:30:00,-0.926,0.576,1.752
BOTZ,CTRL,NORMAL,2024-09-18T09:30:00,2.339,2.735,4.472
BOTZ,CTRL,NORMAL,2024-09-18T15:30:00,2.256,2.602,3.953
BOTZ,CTRL,NORMAL,2024-09-19T14:30:00,0.064,0.983,4.062
BOTZ,CTRL,NORMAL,2024-09-20T13:30:00,0.857,2.067,3.234
BOTZ,CTRL,NORMAL,2024-09-23T12:30:00,0.675,3.215,3.279
BOTZ,CTRL,NORMAL,2024-09-24T11:30:00,1.167,2.653,1.327
BOTZ,BOTTOM,NORMAL,2024-09-24T15:30:00,0.756,2.097,1.044
BOTZ,CTRL,NORMAL,2024-09-25T10:30:00,1.281,1.61,0.411
BOTZ,CTRL,NORMAL,2024-09-26T09:30:00,0.591,-1.401,-1.805
BOTZ,CTRL,NORMAL,2024-09-26T15:30:00,-0.883,-1.906,-2.139
BOTZ,CTRL,NORMAL,2024-09-27T14:30:00,0.25,-0.423,0.172
BOTZ,CTRL,NORMAL,2024-09-30T13:30:00,-0.297,-1.111,0.063
BOTZ,TOP,NORMAL,2024-09-30T14:30:00,-0.76,-1.546,-0.594
BOTZ,CTRL,NORMAL,2024-10-01T12:30:00,0.841,1.429,1.143
BOTZ,CTRL,NORMAL,2024-10-02T11:30:00,-0.408,0.55,0.361
BOTZ,CTRL,NORMAL,2024-10-03T10:30:00,0.697,0.839,0.981
BOTZ,CTRL,NORMAL,2024-10-04T09:30:00,0.787,0.662,1.292
BOTZ,CTRL,NORMAL,2024-10-04T15:30:00,-0.733,-0.187,0.421
BOTZ,CTRL,NORMAL,2024-10-07T14:30:00,0.331,0.378,1.901
BOTZ,CTRL,NORMAL,2024-10-08T13:30:00,0.298,1.004,-0.565
BOTZ,BOTTOM,NORMAL,2024-10-08T14:30:00,0.0,0.823,-0.939
BOTZ,CTRL,NORMAL,2024-10-09T12:30:00,-0.016,1.424,-1.299
BOTZ,CTRL,NORMAL,2024-10-10T11:30:00,0.752,-0.626,-0.975
BOTZ,CTRL,NORMAL,2024-10-11T10:30:00,0.451,-2.067,-0.567
BOTZ,CTRL,NORMAL,2024-10-14T09:30:00,-1.144,-2.319,-0.757
BOTZ,CTRL,NORMAL,2024-10-14T15:30:00,-2.439,-2.779,-0.973
BOTZ,CTRL,NORMAL,2024-10-15T14:30:00,-0.142,1.438,0.158
BOTZ,CTRL,NORMAL,2024-10-16T13:30:00,-0.182,1.178,-2.08
BOTZ,CTRL,NORMAL,2024-10-17T12:30:00,1.352,0.206,-0.892
BOTZ,TOP,NORMAL,2024-10-17T14:30:00,1.873,0.587,-0.302
BOTZ,CTRL,NORMAL,2024-10-18T11:30:00,-0.172,-2.689,-0.5
BOTZ,CTRL,NORMAL,2024-10-21T10:30:00,-0.534,-1.758,0.817
BOTZ,CTRL,NORMAL,2024-10-22T09:30:00,-1.484,0.708,1.559
BOTZ,CTRL,NORMAL,2024-10-22T15:30:00,-1.768,-0.158,2.289
BOTZ,CTRL,NORMAL,2024-10-23T14:30:00,1.111,3.461,4.411
BOTZ,CTRL,NORMAL,2024-10-24T13:30:00,1.004,3.266,1.212
BOTZ,CTRL,NORMAL,2024-10-25T12:30:00,1.372,2.649,1.226
BOTZ,CTRL,NORMAL,2024-10-28T11:30:00,0.638,-0.996,0.405
BOTZ,CTRL,NORMAL,2024-10-29T10:30:00,0.946,-0.171,1.38
BOTZ,CTRL,NORMAL,2024-11-25T09:30:00,-0.891,-0.776,0.075
BOTZ,CTRL,NORMAL,2024-11-25T15:30:00,-0.389,-0.15,1.946
BOTZ,CTRL,NORMAL,2024-11-26T14:30:00,-1.068,0.538,2.889
BOTZ,CTRL,NORMAL,2024-11-27T13:30:00,1.568,3.791,3.959
BOTZ,CTRL,NORMAL,2024-12-02T09:30:00,-0.171,1.564,1.414
BOTZ,CTRL,NORMAL,2024-12-02T15:30:00,0.524,1.557,1.318
BOTZ,CTRL,NORMAL,2024-12-13T12:30:00,0.438,1.302,-2.494
BOTZ,CTRL,NORMAL,2024-12-16T11:30:00,-0.211,-4.519,-2.802
BOTZ,CTRL,NORMAL,2024-12-17T10:30:00,0.999,-2.331,-1.256
BOTZ,CTRL,NORMAL,2024-12-18T09:30:00,-4.659,-3.744,-1.344
BOTZ,CTRL,NORMAL,2024-12-18T15:30:00,-0.872,0.935,0.857
BOTZ,CTRL,NORMAL,2024-12-19T14:30:00,1.349,3.169,1.35
BOTZ,CTRL,NORMAL,2024-12-20T13:30:00,-0.216,0.216,-1.172
BOTZ,CTRL,NORMAL,2024-12-23T12:30:00,1.233,-0.921,0.629
BOTZ,CTRL,NORMAL,2024-12-24T11:30:00,0.904,-1.196,-0.874
BOTZ,CTRL,NORMAL,2024-12-26T14:30:00,-1.377,-2.742,0.049
BOTZ,CTRL,NORMAL,2024-12-27T13:30:00,-0.304,-0.565,2.532
BOTZ,CTRL,NORMAL,2025-01-08T12:30:00,-1.688,-2.875,0.487
BOTZ,CTRL,NORMAL,2025-01-10T11:30:00,-1.34,1.781,4.571
BOTZ,CTRL,NORMAL,2025-01-13T10:30:00,0.963,4.718,8.2
BOTZ,CTRL,NORMAL,2025-01-14T09:30:00,2.665,4.418,8.915
BOTZ,CTRL,NORMAL,2025-01-14T15:30:00,2.794,4.825,9.143
BOTZ,CTRL,NORMAL,2025-02-10T09:30:00,-0.117,-0.906,0.438
BOTZ,BOTTOM,NORMAL,2025-02-10T12:30:00,-0.803,-1.37,0.395
BOTZ,CTRL,NORMAL,2025-02-10T15:30:00,-0.648,-0.803,0.642
BOTZ,CTRL,NORMAL,2025-02-11T14:30:00,0.259,-0.812,0.7
BOTZ,CTRL,NORMAL,2025-02-12T13:30:00,-0.469,0.836,0.593
BOTZ,CTRL,NORMAL,2025-02-13T12:30:00,-0.255,1.963,0.012
BOTZ,CTRL,NORMAL,2025-02-14T11:30:00,2.28,1.554,-1.077
BOTZ,CTRL,NORMAL,2025-02-18T10:30:00,-0.189,-0.985,-5.419
BOTZ,CTRL,NORMAL,2025-02-19T09:30:00,-0.349,-3.79,-2.885
BOTZ,CTRL,NORMAL,2025-02-19T15:30:00,-0.015,-3.772,-3.247
BOTZ,CTRL,NORMAL,2025-02-20T14:30:00,-1.967,-3.569,-5.769
BOTZ,CTRL,NORMAL,2025-02-21T13:30:00,-1.16,-1.19,-5.935
BOTZ,CTRL,NORMAL,2025-02-24T12:30:00,-1.296,-1.296,-4.982
BOTZ,CTRL,NORMAL,2025-02-25T11:30:00,2.269,-2.863,-5.422
BOTZ,CTRL,NORMAL,2025-02-26T10:30:00,-1.744,-4.457,-5.977
BOTZ,CTRL,NORMAL,2025-02-27T09:30:00,-3.097,-7.336,-4.187
BOTZ,CTRL,NORMAL,2025-02-27T15:30:00,-0.342,-2.921,-3.776
BOTZ,CTRL,NORMAL,2025-07-28T12:30:00,-0.658,-1.636,-0.964
BOTZ,BOTTOM,NORMAL,2025-07-28T15:30:00,-1.196,-2.247,-0.875
BOTZ,CTRL,NORMAL,2025-07-29T11:30:00,-0.151,-1.891,0.247
BOTZ,TOP,NORMAL,2025-07-29T14:30:00,-1.047,-2.524,0.221
BOTZ,CTRL,NORMAL,2025-07-30T10:30:00,0.163,-0.03,-0.326
BOTZ,CTRL,NORMAL,2025-07-31T09:30:00,-2.65,0.118,-1.06
BOTZ,CTRL,NORMAL,2025-07-31T15:30:00,-1.134,1.269,-0.209
BOTZ,CTRL,NORMAL,2025-08-01T14:30:00,2.68,1.772,1.712
BOTZ,CTRL,NORMAL,2025-08-04T13:30:00,0.236,-1.826,-1.618
BOTZ,CTRL,NORMAL,2025-08-05T12:30:00,-1.089,-1.177,-0.677
BOTZ,CTRL,NORMAL,2025-08-06T11:30:00,-0.357,-0.347,1.235
BOTZ,CTRL,NORMAL,2025-08-07T10:30:00,0.478,0.715,0.806
BOTZ,CTRL,NORMAL,2025-08-08T09:30:00,-0.638,0.667,0.956
BOTZ,TOP,NORMAL,2025-08-08T14:30:00,-0.952,1.775,1.315
BOTZ,CTRL,NORMAL,2025-08-08T15:30:00,-0.833,1.964,1.399
BOTZ,CTRL,NORMAL,2025-08-11T14:30:00,1.591,1.776,2.207
BOTZ,CTRL,NORMAL,2025-08-12T13:30:00,0.998,0.85,-0.926
BOTZ,CTRL,NORMAL,2025-08-13T12:30:00,-0.675,-0.073,-2.948
BOTZ,CTRL,NORMAL,2025-08-14T11:30:00,0.758,-0.281,-2.448
BOTZ,BOTTOM,NORMAL,2025-08-15T09:30:00,-0.109,-3.516,-1.314
BOTZ,CTRL,NORMAL,2025-08-15T10:30:00,0.014,-2.87,-0.474
BOTZ,CTRL,NORMAL,2025-08-18T09:30:00,-0.279,-2.853,-0.294
BOTZ,CTRL,NORMAL,2025-08-18T15:30:00,-1.747,-3.508,-1.145
BOTZ,TOP,NORMAL,2025-08-19T11:30:00,-1.488,0.491,0.553
BOTZ,CTRL,NORMAL,2025-08-19T14:30:00,-0.927,1.144,1.01
BOTZ,CTRL,NORMAL,2025-09-30T09:30:00,0.708,4.605,5.241
BOTZ,CTRL,NORMAL,2025-09-30T15:30:00,0.691,3.653,3.865
BOTZ,CTRL,NORMAL,2025-10-01T14:30:00,1.822,4.937,4.19
BOTZ,CTRL,NORMAL,2025-10-02T13:30:00,1.351,1.351,2.455
BOTZ,CTRL,NORMAL,2025-10-03T12:30:00,1.82,1.126,-1.766
BOTZ,CTRL,PARABOLIC,2025-10-06T11:30:00,-1.831,-0.107,-1.858
BOTZ,CTRL,NORMAL,2025-10-07T10:30:00,0.854,-1.006,-1.481
BOTZ,CTRL,PARABOLIC,2025-10-08T09:30:00,0.538,-1.528,0.089
BOTZ,CTRL,PARABOLIC,2025-10-08T15:30:00,0.107,-1.342,-1.02
BOTZ,CTRL,PARABOLIC,2025-10-09T14:30:00,-3.908,-1.383,-2.323
BOTZ,CTRL,NORMAL,2025-10-10T13:30:00,2.248,2.04,-0.097
BOTZ,TOP,NORMAL,2025-10-10T14:30:00,2.852,3.005,0.742
BOTZ,CTRL,NORMAL,2025-10-13T12:30:00,-0.166,0.052,1.033
BOTZ,CTRL,NORMAL,2025-10-14T11:30:00,0.866,-1.376,1.491
BOTZ,CTRL,NORMAL,2025-10-15T10:30:00,-0.876,-0.004,-0.783
BOTZ,CTRL,NORMAL,2025-10-16T09:30:00,-1.632,-0.082,0.816
BOTZ,CTRL,NORMAL,2025-10-16T15:30:00,-1.22,1.069,2.398
BOTZ,CTRL,NORMAL,2025-10-17T14:30:00,2.829,2.053,4.854
BOTZ,BOTTOM,NORMAL,2025-10-20T09:30:00,-0.782,0.109,2.986
BOTZ,CTRL,NORMAL,2025-10-20T13:30:00,-0.229,0.795,2.968
BOTZ,CTRL,NORMAL,2025-10-21T12:30:00,-0.962,2.479,3.183
BOTZ,CTRL,NORMAL,2025-10-22T11:30:00,1.198,3.832,4.316
BOTZ,CTRL,NORMAL,2025-10-23T10:30:00,1.987,2.458,1.569
BOTZ,CTRL,NORMAL,2025-10-24T09:30:00,0.886,1.349,-0.212
BOTZ,CTRL,NORMAL,2025-10-24T15:30:00,1.233,1.14,0.292
BOTZ,CTRL,PARABOLIC,2025-10-27T14:30:00,0.073,-1.763,0.335
BOTZ,CTRL,PARABOLIC,2025-10-28T13:30:00,0.072,-1.186,-1.976
BOTZ,CTRL,PARABOLIC,2025-10-29T12:30:00,-1.563,0.137,-2.998
BOTZ,CTRL,NORMAL,2025-10-30T11:30:00,0.0,-0.412,-4.781
BOTZ,CTRL,NORMAL,2025-10-31T10:30:00,0.503,-2.354,-6.778
BOTZ,CTRL,NORMAL,2025-11-03T09:30:00,-0.08,-3.734,-3.522
BOTZ,CTRL,NORMAL,2025-11-03T15:30:00,-2.419,-5.948,-4.393
BOTZ,CTRL,NORMAL,2025-11-04T14:30:00,-0.602,-4.119,-2.942
BOTZ,CTRL,NORMAL,2025-11-05T13:30:00,-2.452,-1.636,-2.722
BOTZ,CTRL,NORMAL,2025-11-06T12:30:00,-1.415,0.721,-2.21
BOTZ,CTRL,NORMAL,2025-11-07T11:30:00,2.818,2.208,0.198
BOTZ,CTRL,NORMAL,2025-11-10T10:30:00,0.028,-1.659,-4.05
BOTZ,TOP,NORMAL,2025-11-10T14:30:00,-0.752,-3.743,-6.427
BOTZ,CTRL,NORMAL,2025-11-11T09:30:00,0.11,-2.953,-7.312
BOTZ,CTRL,NORMAL,2025-11-11T15:30:00,-0.248,-3.143,-7.058
BOTZ,CTRL,NORMAL,2025-11-12T14:30:00,-2.665,-5.379,-6.21
BOTZ,CTRL,NORMAL,2025-11-13T13:30:00,-0.165,-4.172,-5.617
BOTZ,CTRL,NORMAL,2025-11-14T12:30:00,-1.874,-4.187,-5.379
BOTZ,CTRL,NORMAL,2025-11-17T11:30:00,-3.397,-3.886,-2.08
BOTZ,CTRL,NORMAL,2025-11-18T10:30:00,0.193,-1.785,1.721
BOTZ,CTRL,NORMAL,2025-11-19T09:30:00,1.381,-0.822,1.998
BOTZ,TOP,NORMAL,2025-11-19T14:30:00,-1.871,0.323,3.127
BOTZ,CTRL,NORMAL,2025-11-19T15:30:00,-2.231,0.754,3.118
BOTZ,CTRL,NORMAL,2025-11-20T14:30:00,0.601,3.711,6.505
BOTZ,CTRL,NORMAL,2025-11-21T13:30:00,0.933,3.796,4.167
BOTZ,CTRL,NORMAL,2025-11-24T12:30:00,1.17,3.652,3.006
BOTZ,CTRL,NORMAL,2025-11-25T11:30:00,1.366,2.455,3.182
BOTZ,CTRL,NORMAL,2025-11-26T10:30:00,0.975,0.975,5.711
BOTZ,CTRL,NORMAL,2025-11-28T09:30:00,0.327,0.454,4.486
BOTZ,CTRL,NORMAL,2026-01-23T10:30:00,0.82,0.529,-0.648
BOTZ,TOP,NORMAL,2026-01-23T11:30:00,0.527,0.066,-2.465
BOTZ,CTRL,NORMAL,2026-01-26T09:30:00,-0.068,-1.677,-3.877
BOTZ,BOTTOM,NORMAL,2026-01-26T13:30:00,0.492,-0.698,-3.095
BOTZ,CTRL,NORMAL,2026-01-26T15:30:00,0.79,0.013,-3.329
BOTZ,CTRL,NORMAL,2026-01-27T14:30:00,-0.78,-3.365,-6.472
BOTZ,CTRL,NORMAL,2026-01-28T13:30:00,-0.193,-2.601,-5.533
BOTZ,CTRL,NORMAL,2026-01-29T12:30:00,-2.401,-2.77,-0.716
BOTZ,CTRL,NORMAL,2026-02-02T13:30:00,-1.392,-2.717,3.257
BOTZ,CTRL,NORMAL,2026-02-03T12:30:00,-0.274,2.247,5.342
BOTZ,CTRL,NORMAL,2026-02-04T11:30:00,-0.275,4.968,4.762
BOTZ,TOP,NORMAL,2026-02-04T14:30:00,-2.427,4.131,3.776
BOTZ,CTRL,NORMAL,2026-05-20T10:30:00,0.422,4.604,2.788
BOTZ,CTRL,PARABOLIC,2026-05-21T09:30:00,2.562,2.077,1.988
BOTZ,CTRL,PARABOLIC,2026-05-21T15:30:00,1.627,1.047,1.312
BOTZ,CTRL,PARABOLIC,2026-05-22T14:30:00,1.514,0.112,0.928
BOTZ,CTRL,PARABOLIC,2026-05-26T13:30:00,-2.009,-1.465,-0.587
BOTZ,CTRL,PARABOLIC,2026-05-27T12:30:00,0.75,1.487,0.562
BOTZ,CTRL,PARABOLIC,2026-05-28T11:30:00,-0.062,0.918,-0.64
BOTZ,CTRL,NORMAL,2026-05-29T10:30:00,0.397,0.223,-3.885
BOTZ,BOTTOM,NORMAL,2026-05-29T14:30:00,1.091,0.174,-5.384
BOTZ,CTRL,PARABOLIC,2026-06-01T09:30:00,0.806,-0.877,-4.739
BOTZ,CTRL,PARABOLIC,2026-06-01T15:30:00,0.123,-1.33,-5.592
ITA,CTRL,NORMAL,2024-08-12T11:30:00,0.184,2.047,2.767
ITA,CTRL,NORMAL,2024-08-13T10:30:00,0.907,2.388,1.945
ITA,CTRL,NORMAL,2024-08-14T09:30:00,0.565,1.603,1.377
ITA,CTRL,NORMAL,2024-08-14T15:30:00,1.35,2.142,1.775
ITA,CTRL,NORMAL,2024-08-15T14:30:00,0.534,-0.073,0.422
ITA,CTRL,NORMAL,2024-08-16T13:30:00,0.052,-0.167,0.194
ITA,CTRL,NORMAL,2024-08-19T12:30:00,-0.77,-0.298,0.444
ITA,CTRL,NORMAL,2024-08-20T11:30:00,0.224,0.769,0.866
ITA,CTRL,NORMAL,2024-08-21T10:30:00,0.236,0.216,1.329
ITA,CTRL,NORMAL,2024-08-22T09:30:00,0.691,-0.135,2.001
ITA,CTRL,NORMAL,2024-08-22T15:30:00,0.688,0.577,1.988
ITA,CTRL,NORMAL,2024-08-23T14:30:00,-0.155,0.345,1.492
ITA,CTRL,NORMAL,2024-08-26T13:30:00,0.179,2.102,-1.101
ITA,CTRL,NORMAL,2024-08-27T12:30:00,0.429,1.057,-0.911
ITA,CTRL,NORMAL,2024-08-28T11:30:00,1.703,-1.41,-2.525
ITA,CTRL,NORMAL,2024-08-29T10:30:00,-0.435,-2.532,-4.664
ITA,CTRL,NORMAL,2024-08-30T09:30:00,-2.536,-3.194,-3.157
ITA,CTRL,NORMAL,2024-08-30T15:30:00,-3.433,-3.683,-3.203
ITA,CTRL,NORMAL,2024-09-03T14:30:00,0.41,-2.027,-0.443
ITA,CTRL,NORMAL,2024-09-04T13:30:00,-1.01,-0.379,-1.386
ITA,TOP,NORMAL,2024-09-04T15:30:00,-0.981,-0.487,-0.975
ITA,CTRL,NORMAL,2024-09-05T12:30:00,-1.0,0.026,1.65
ITA,CTRL,NORMAL,2024-09-06T11:30:00,2.353,0.517,3.968
ITA,CTRL,NORMAL,2024-09-09T10:30:00,-0.168,0.729,1.416
ITA,CTRL,NORMAL,2024-09-10T09:30:00,-1.931,1.551,2.574
ITA,CTRL,NORMAL,2024-09-10T15:30:00,-0.098,2.114,2.331
ITA,CTRL,NORMAL,2024-09-11T14:30:00,1.223,2.513,3.036
ITA,CTRL,NORMAL,2024-09-12T13:30:00,0.951,1.107,2.416
ITA,CTRL,NORMAL,2024-09-13T12:30:00,-0.123,0.223,1.487
ITA,CTRL,NORMAL,2024-09-16T11:30:00,0.007,1.016,2.486
ITA,CTRL,NORMAL,2024-09-17T10:30:00,0.213,1.214,1.985
ITA,CTRL,NORMAL,2024-09-18T09:30:00,0.602,2.136,2.256
ITA,BOTTOM,NORMAL,2024-09-18T10:30:00,0.315,2.21,1.957
ITA,CTRL,NORMAL,2024-09-18T15:30:00,0.98,2.591,1.933
ITA,CTRL,NORMAL,2024-09-19T14:30:00,0.346,1.216,0.523
ITA,CTRL,NORMAL,2024-09-20T13:30:00,1.423,0.671,0.508
ITA,CTRL,NORMAL,2024-09-23T12:30:00,-0.315,-0.482,-0.603
ITA,CTRL,NORMAL,2024-09-24T11:30:00,0.074,-0.37,2.037
ITA,CTRL,NORMAL,2024-09-25T10:30:00,-0.143,-0.268,1.91
ITA,CTRL,NORMAL,2024-09-26T09:30:00,-0.211,1.163,1.637
ITA,CTRL,NORMAL,2024-09-26T15:30:00,0.558,2.491,1.78
ITA,TOP,NORMAL,2024-09-27T09:30:00,-0.004,2.152,1.694
ITA,CTRL,NORMAL,2024-09-27T14:30:00,-0.007,2.151,1.916
ITA,CTRL,NORMAL,2024-09-30T13:30:00,2.458,1.465,2.12
ITA,CTRL,NORMAL,2024-10-01T12:30:00,0.321,-0.116,-0.003
ITA,CTRL,NORMAL,2024-10-02T11:30:00,-0.826,-0.195,-0.149
ITA,BOTTOM,NORMAL,2024-10-02T14:30:00,-1.027,-0.579,-0.145
ITA,CTRL,NORMAL,2024-10-03T10:30:00,-0.206,0.364,0.1
ITA,CTRL,NORMAL,2024-10-04T09:30:00,0.378,0.192,0.954
ITA,CTRL,NORMAL,2024-10-04T15:30:00,-0.349,0.033,0.698
ITA,CTRL,NORMAL,2024-10-07T14:30:00,0.199,-0.688,1.787
ITA,CTRL,NORMAL,2024-10-08T13:30:00,0.194,0.63,1.278
ITA,CTRL,NORMAL,2024-10-09T12:30:00,-1.04,1.072,1.428
ITA,CTRL,NORMAL,2024-10-10T11:30:00,0.855,1.809,2.597
ITA,CTRL,NORMAL,2024-10-11T10:30:00,0.782,0.9,1.564
ITA,CTRL,NORMAL,2024-10-14T09:30:00,-0.066,1.175,1.508
ITA,CTRL,NORMAL,2024-10-14T15:30:00,-0.514,0.748,1.21
ITA,CTRL,NORMAL,2024-10-15T14:30:00,0.803,1.077,-1.547
ITA,BOTTOM,NORMAL,2024-10-16T13:30:00,0.159,0.363,-2.534
ITA,CTRL,NORMAL,2024-10-17T12:30:00,-0.113,-2.783,-3.07
ITA,CTRL,NORMAL,2024-10-18T11:30:00,0.019,-2.609,-3.32
ITA,CTRL,NORMAL,2024-10-21T10:30:00,-2.229,-2.762,-3.631
ITA,CTRL,NORMAL,2024-10-22T09:30:00,0.724,0.027,-1.754
ITA,CTRL,NORMAL,2024-10-22T15:30:00,0.299,-0.578,-2.0
ITA,TOP,NORMAL,2024-10-23T14:30:00,-0.963,-1.305,-2.212
ITA,CTRL,NORMAL,2024-10-24T13:30:00,-0.078,-1.22,-3.39
ITA,CTRL,NORMAL,2024-10-25T12:30:00,-0.035,-1.157,-2.876
ITA,CTRL,NORMAL,2024-10-28T11:30:00,-0.981,-2.888,-2.877
ITA,CTRL,NORMAL,2024-10-29T10:30:00,0.21,-1.522,-1.427
ITA,CTRL,NORMAL,2024-10-30T09:30:00,-1.612,-1.537,2.093
ITA,CTRL,NORMAL,2024-10-30T15:30:00,-1.975,-1.785,2.667
ITA,CTRL,NORMAL,2024-10-31T14:30:00,0.045,0.87,3.875
ITA,CTRL,NORMAL,2024-11-01T13:30:00,0.214,4.214,8.137
ITA,CTRL,NORMAL,2024-11-04T12:30:00,0.282,3.463,8.648
ITA,CTRL,NORMAL,2024-11-05T11:30:00,3.625,6.522,6.207
ITA,CTRL,NORMAL,2024-11-06T10:30:00,0.038,4.63,4.681
ITA,CTRL,NORMAL,2025-01-30T10:30:00,1.432,0.006,0.474
ITA,CTRL,NORMAL,2025-01-31T09:30:00,-0.893,-0.636,0.343
ITA,CTRL,NORMAL,2025-01-31T15:30:00,0.096,0.498,-0.089
ITA,CTRL,NORMAL,2025-02-03T14:30:00,-0.799,-0.375,0.039
ITA,CTRL,NORMAL,2025-02-04T13:30:00,0.827,0.51,0.795
ITA,BOTTOM,NORMAL,2025-02-05T10:30:00,-0.045,-0.112,-0.198
ITA,CTRL,NORMAL,2025-02-05T12:30:00,-0.585,-0.254,-0.305
ITA,CTRL,NORMAL,2025-02-06T11:30:00,0.377,0.425,-0.313
ITA,CTRL,NORMAL,2025-02-07T10:30:00,-0.284,-0.37,-2.321
ITA,CTRL,NORMAL,2025-02-10T09:30:00,-0.478,-0.593,-0.472
ITA,CTRL,NORMAL,2025-02-10T15:30:00,0.197,-1.292,-1.496
ITA,CTRL,NORMAL,2025-02-11T14:30:00,-0.715,-2.538,-1.749
ITA,CTRL,NORMAL,2025-02-12T13:30:00,-0.525,-1.07,-2.642
ITA,CTRL,NORMAL,2025-02-13T12:30:00,-1.528,-0.358,-3.875
ITA,TOP,NORMAL,2025-02-13T14:30:00,-1.536,-0.739,-3.778
ITA,CTRL,NORMAL,2025-02-14T11:30:00,1.185,-0.565,-1.46
ITA,CTRL,NORMAL,2025-02-18T10:30:00,-0.341,-2.248,-3.804
ITA,CTRL,NORMAL,2025-02-19T09:30:00,-1.873,-3.851,-2.025
ITA,CTRL,NORMAL,2025-02-19T15:30:00,-1.03,-3.13,-2.098
ITA,CTRL,NORMAL,2025-02-20T14:30:00,-1.881,-1.173,-0.177
ITA,CTRL,NORMAL,2025-02-21T13:30:00,1.08,1.874,3.085
ITA,CTRL,NORMAL,2025-02-24T12:30:00,-0.373,2.147,2.174
ITA,CTRL,NORMAL,2025-02-25T11:30:00,1.884,2.371,0.1
ITA,CTRL,NORMAL,2025-02-26T10:30:00,0.519,1.332,-0.985
ITA,CTRL,NORMAL,2025-02-27T09:30:00,0.117,-2.871,-1.94
ITA,CTRL,NORMAL,2025-02-27T15:30:00,1.654,-2.008,-1.91
ITA,CTRL,NORMAL,2025-02-28T14:30:00,-0.906,-0.551,-2.883
ITA,CTRL,NORMAL,2025-03-03T13:30:00,-1.391,-3.198,-4.173
ITA,CTRL,NORMAL,2025-03-04T12:30:00,1.078,-1.317,-2.288
ITA,CTRL,NORMAL,2025-03-05T11:30:00,-2.32,-2.327,-1.893
ITA,CTRL,NORMAL,2025-03-06T10:30:00,-1.956,-1.93,-0.822
ITA,CTRL,NORMAL,2025-03-07T09:30:00,0.624,0.253,1.434
ITA,CTRL,NORMAL,2025-03-07T15:30:00,-1.055,-0.214,1.035
ITA,CTRL,NORMAL,2025-04-29T09:30:00,-0.623,4.253,2.549
ITA,CTRL,NORMAL,2025-04-29T15:30:00,0.288,3.145,2.295
ITA,TOP,NORMAL,2025-04-30T13:30:00,1.979,3.968,2.72
ITA,BOTTOM,NORMAL,2025-04-30T14:30:00,2.278,3.838,2.585
ITA,CTRL,NORMAL,2025-05-01T13:30:00,1.699,0.541,3.363
ITA,CTRL,PARABOLIC,2025-05-02T12:30:00,0.105,-0.211,0.972
ITA,CTRL,PARABOLIC,2025-05-05T11:30:00,-1.39,1.828,1.661
ITA,CTRL,NORMAL,2025-05-06T10:30:00,-0.237,0.988,4.681
ITA,CTRL,NORMAL,2025-05-07T09:30:00,1.725,2.658,4.099
ITA,CTRL,NORMAL,2025-05-07T15:30:00,1.984,3.362,4.248
ITA,CTRL,PARABOLIC,2025-05-08T14:30:00,-0.923,1.7,3.452
ITA,CTRL,PARABOLIC,2025-05-09T13:30:00,1.505,2.513,5.536
ITA,CTRL,PARABOLIC,2025-05-12T12:30:00,1.627,3.016,4.961
ITA,CTRL,PARABOLIC,2025-05-13T11:30:00,-0.18,2.292,3.373
ITA,CTRL,PARABOLIC,2025-05-14T10:30:00,1.317,3.245,3.317
ITA,CTRL,PARABOLIC,2025-05-15T09:30:00,0.967,2.666,0.601
ITA,CTRL,PARABOLIC,2025-05-15T15:30:00,0.732,1.567,-0.316
ITA,CTRL,PARABOLIC,2025-05-16T14:30:00,0.594,-0.821,-0.582
ITA,CTRL,PARABOLIC,2025-05-19T13:30:00,-0.133,-1.45,1.019
ITA,CTRL,PARABOLIC,2025-05-20T12:30:00,-1.463,-1.303,1.428
ITA,CTRL,PARABOLIC,2025-05-21T11:30:00,-1.632,0.92,1.846
ITA,CTRL,PARABOLIC,2025-05-22T10:30:00,0.353,3.517,3.74
ITA,CTRL,PARABOLIC,2025-05-23T09:30:00,2.22,3.683,4.579
ITA,CTRL,PARABOLIC,2025-05-23T15:30:00,2.456,3.07,4.198
ITA,CTRL,PARABOLIC,2025-05-27T14:30:00,0.471,1.363,2.379
ITA,CTRL,PARABOLIC,2025-05-28T13:30:00,-0.125,1.023,2.744
ITA,CTRL,PARABOLIC,2025-05-29T12:30:00,0.006,1.852,2.506
ITA,CTRL,PARABOLIC,2025-05-30T11:30:00,1.196,3.021,3.737
ITA,CTRL,PARABOLIC,2025-06-02T10:30:00,0.711,1.907,2.833
ITA,CTRL,PARABOLIC,2025-06-03T09:30:00,0.592,1.581,0.76
ITA,CTRL,PARABOLIC,2025-06-03T15:30:00,0.485,1.467,-0.095
ITA,CTRL,PARABOLIC,2025-06-04T14:30:00,-0.341,1.516,-0.136
ITA,CTRL,PARABOLIC,2025-06-05T13:30:00,0.755,-0.727,-0.258
ITA,CTRL,PARABOLIC,2025-06-06T12:30:00,0.835,-0.435,-0.59
ITA,CTRL,PARABOLIC,2025-06-09T11:30:00,-1.615,-1.503,-1.183
ITA,BOTTOM,PARABOLIC,2025-06-09T14:30:00,-2.232,-1.996,-2.201
ITA,CTRL,PARABOLIC,2025-06-10T10:30:00,0.657,0.889,0.666
ITA,CTRL,PARABOLIC,2025-06-11T09:30:00,-0.217,1.021,0.836
ITA,CTRL,PARABOLIC,2025-06-11T15:30:00,-0.686,-0.836,-1.074
ITA,CTRL,PARABOLIC,2025-06-12T14:30:00,0.128,0.412,0.081
ITA,CTRL,PARABOLIC,2025-06-13T13:30:00,-0.236,-0.167,1.267
ITA,BOTTOM,PARABOLIC,2025-06-13T14:30:00,-0.337,-0.615,1.628
ITA,CTRL,PARABOLIC,2025-06-16T12:30:00,-0.29,-0.329,0.498
ITA,CTRL,PARABOLIC,2025-06-17T11:30:00,-0.316,0.659,0.853
ITA,CTRL,NORMAL,2025-06-18T10:30:00,0.478,0.639,2.969
ITA,CTRL,PARABOLIC,2025-06-20T09:30:00,1.346,1.087,3.56
ITA,CTRL,PARABOLIC,2025-06-20T15:30:00,1.419,0.842,3.907
ITA,CTRL,PARABOLIC,2025-06-23T14:30:00,-0.29,0.958,3.255
ITA,CTRL,PARABOLIC,2025-06-24T13:30:00,0.067,2.757,2.003
ITA,CTRL,NORMAL,2025-06-25T12:30:00,1.453,3.463,1.53
ITA,BOTTOM,PARABOLIC,2025-06-26T11:30:00,1.813,0.184,1.142
ITA,CTRL,PARABOLIC,2025-06-27T10:30:00,0.676,-1.72,-0.005
ITA,CTRL,PARABOLIC,2025-06-30T09:30:00,-0.854,-0.538,-0.514
ITA,CTRL,PARABOLIC,2025-06-30T15:30:00,-1.909,-0.7,0.302
ITA,CTRL,NORMAL,2025-07-01T14:30:00,-0.453,0.896,1.215
ITA,CTRL,NORMAL,2025-07-02T13:30:00,1.993,2.228,2.835
ITA,CTRL,NORMAL,2025-07-07T09:30:00,-1.163,-0.34,2.364
ITA,CTRL,NORMAL,2025-07-07T15:30:00,-0.67,0.33,2.946
ITA,TOP,NORMAL,2025-07-08T14:30:00,0.915,1.582,3.4
ITA,CTRL,NORMAL,2025-07-09T13:30:00,-0.058,2.535,2.919
ITA,CTRL,NORMAL,2025-07-10T12:30:00,1.264,2.943,4.393
ITA,CTRL,NORMAL,2025-07-11T11:30:00,1.574,1.977,3.643
ITA,CTRL,PARABOLIC,2025-07-14T10:30:00,0.244,1.787,1.992
ITA,CTRL,PARABOLIC,2025-07-15T09:30:00,-0.3,1.921,-0.802
ITA,CTRL,PARABOLIC,2025-07-15T15:30:00,0.683,1.48,-0.502
ITA,CTRL,PARABOLIC,2025-07-16T14:30:00,0.732,0.311,1.287
ITA,CTRL,PARABOLIC,2025-07-17T13:30:00,-0.219,-1.769,0.795
ITA,CTRL,PARABOLIC,2025-07-18T12:30:00,0.404,0.21,1.371
ITA,CTRL,NORMAL,2025-07-21T11:30:00,-1.878,0.857,0.607
ITA,CTRL,NORMAL,2025-07-22T10:30:00,1.51,2.812,2.816
ITA,CTRL,NORMAL,2025-07-23T09:30:00,2.187,1.922,2.211
ITA,CTRL,NORMAL,2025-07-23T15:30:00,-0.127,0.538,0.827
ITA,CTRL,NORMAL,2025-07-24T14:30:00,0.514,-0.278,-0.466
ITA,CTRL,NORMAL,2025-07-25T13:30:00,-0.525,0.232,-1.319
ITA,CTRL,NORMAL,2025-07-28T12:30:00,0.47,-0.622,0.414
ITA,BOTTOM,NORMAL,2025-07-29T10:30:00,0.178,-1.582,-0.465
ITA,CTRL,NORMAL,2025-07-29T11:30:00,0.355,-0.829,-0.417
ITA,CTRL,NORMAL,2025-07-30T10:30:00,-0.531,-0.227,0.273
ITA,CTRL,NORMAL,2025-07-31T09:30:00,-1.481,0.578,-0.827
ITA,CTRL,NORMAL,2025-07-31T15:30:00,-0.387,0.473,0.214
ITA,CTRL,NORMAL,2025-08-01T14:30:00,1.123,1.021,0.602
ITA,CTRL,NORMAL,2025-08-04T13:30:00,-0.515,-1.0,-0.737
ITA,CTRL,NORMAL,2025-08-05T12:30:00,0.548,-0.37,0.223
ITA,CTRL,NORMAL,2025-08-06T11:30:00,-1.344,-0.757,-1.937
ITA,CTRL,NORMAL,2025-08-07T10:30:00,1.183,1.283,0.568
ITA,CTRL,NORMAL,2025-08-08T09:30:00,-1.008,-0.937,-2.005
ITA,CTRL,NORMAL,2025-08-08T15:30:00,-0.076,0.143,-0.774
ITA,CTRL,NORMAL,2025-08-11T14:30:00,0.963,-0.015,-0.107
ITA,BOTTOM,NORMAL,2025-08-12T13:30:00,-1.02,-1.111,-2.451
ITA,CTRL,NORMAL,2025-08-13T12:30:00,0.615,0.379,-0.749
ITA,CTRL,NORMAL,2025-08-14T11:30:00,-0.302,-1.027,-0.523
ITA,CTRL,NORMAL,2025-08-15T10:30:00,0.466,-0.697,0.917
ITA,CTRL,NORMAL,2025-08-18T09:30:00,-0.563,0.333,0.952
ITA,TOP,NORMAL,2025-08-18T15:30:00,-1.393,-0.533,-0.299
ITA,CTRL,NORMAL,2025-08-19T14:30:00,0.897,1.604,3.452
ITA,CTRL,NORMAL,2025-09-04T09:30:00,-1.259,-1.365,1.278
ITA,CTRL,NORMAL,2025-09-04T15:30:00,-0.191,-1.158,0.781
ITA,CTRL,NORMAL,2025-09-05T14:30:00,-0.282,-0.04,0.873
ITA,CTRL,NORMAL,2025-09-08T13:30:00,-0.818,1.207,1.647
ITA,CTRL,NORMAL,2025-09-09T12:30:00,1.101,1.818,3.31
ITA,CTRL,NORMAL,2025-09-10T11:30:00,1.672,1.935,1.43
ITA,CTRL,NORMAL,2025-09-11T10:30:00,-0.26,0.433,0.458
ITA,CTRL,NORMAL,2025-09-12T09:30:00,0.686,0.811,1.344
ITA,BOTTOM,NORMAL,2025-09-12T12:30:00,0.624,0.609,1.576
ITA,CTRL,NORMAL,2025-09-12T15:30:00,1.211,0.509,2.054
ITA,CTRL,NORMAL,2025-09-15T14:30:00,0.198,0.476,1.343
ITA,CTRL,NORMAL,2025-09-16T13:30:00,-0.992,0.271,1.406
ITA,CTRL,NORMAL,2025-09-17T12:30:00,0.926,1.409,1.827
ITA,CTRL,NORMAL,2025-09-18T11:30:00,0.183,1.493,0.504
ITA,CTRL,NORMAL,2025-09-19T10:30:00,0.264,1.764,1.613
ITA,CTRL,NORMAL,2025-09-22T09:30:00,2.026,0.628,2.5
ITA,CTRL,NORMAL,2025-09-22T15:30:00,0.981,-0.6,0.511
ITA,CTRL,NORMAL,2025-09-23T14:30:00,-0.666,-0.206,1.431
ITA,CTRL,NORMAL,2025-09-24T13:30:00,-0.782,0.285,2.317
ITA,CTRL,NORMAL,2025-09-25T12:30:00,1.139,2.218,2.888
ITA,CTRL,NORMAL,2025-09-26T11:30:00,0.522,2.073,2.995
ITA,CTRL,NORMAL,2025-09-29T10:30:00,0.23,1.174,2.564
ITA,CTRL,NORMAL,2025-09-30T09:30:00,0.643,0.829,2.813
ITA,CTRL,NORMAL,2025-09-30T15:30:00,-0.076,0.153,1.739
ITA,BOTTOM,NORMAL,2025-10-01T14:30:00,-0.196,1.262,2.464
ITA,CTRL,NORMAL,2025-10-02T13:30:00,0.318,1.605,1.189
ITA,CTRL,NORMAL,2025-10-03T12:30:00,0.837,2.391,-0.727
ITA,CTRL,NORMAL,2025-10-06T11:30:00,0.151,0.407,-1.535
ITA,CTRL,NORMAL,2025-10-07T10:30:00,1.014,-1.787,-1.199
ITA,CTRL,NORMAL,2025-10-08T09:30:00,-0.449,-2.866,-1.062
ITA,CTRL,NORMAL,2025-10-08T15:30:00,-1.846,-2.794,-3.491
ITA,CTRL,NORMAL,2025-10-09T14:30:00,-1.876,0.325,-2.57
ITA,CTRL,NORMAL,2025-10-10T13:30:00,0.546,-0.562,-1.133
ITA,CTRL,NORMAL,2025-10-13T12:30:00,1.161,-0.918,0.263
ITA,CTRL,NORMAL,2025-10-14T11:30:00,-2.17,-2.574,0.941
ITA,CTRL,NORMAL,2025-10-15T10:30:00,-1.15,-0.445,-0.38
ITA,CTRL,NORMAL,2025-10-16T09:30:00,-1.418,1.964,2.394
ITA,TOP,NORMAL,2025-10-16T15:30:00,-0.131,3.458,4.573
ITA,CTRL,NORMAL,2025-10-17T14:30:00,1.754,1.851,5.055
ITA,CTRL,NORMAL,2025-10-20T13:30:00,1.666,2.67,3.885
ITA,CTRL,NORMAL,2025-10-21T12:30:00,-1.718,1.676,2.748
ITA,CTRL,NORMAL,2025-10-22T11:30:00,2.764,3.912,4.155
ITA,CTRL,NORMAL,2025-10-23T10:30:00,0.815,2.169,1.662
ITA,CTRL,NORMAL,2025-10-24T09:30:00,-0.083,0.014,-0.696
ITA,CTRL,NORMAL,2025-10-24T15:30:00,0.891,0.318,-0.507
ITA,CTRL,NORMAL,2025-10-27T14:30:00,0.165,-0.968,-1.39
ITA,CTRL,NORMAL,2025-10-28T13:30:00,-0.556,-1.488,-2.922
ITA,CTRL,NORMAL,2025-10-29T12:30:00,-0.511,-1.467,-3.348
ITA,CTRL,NORMAL,2025-10-30T11:30:00,-0.886,-1.942,-4.288
ITA,BOTTOM,NORMAL,2025-10-30T12:30:00,-1.192,-2.442,-3.938
ITA,CTRL,NORMAL,2025-10-31T10:30:00,-0.584,-2.561,-5.017
ITA,CTRL,NORMAL,2025-11-03T09:30:00,-0.048,-1.836,-1.501
ITA,TOP,NORMAL,2025-11-03T13:30:00,-1.29,-3.178,-1.839
ITA,CTRL,NORMAL,2025-11-03T15:30:00,-1.415,-3.434,-1.824
ITA,CTRL,NORMAL,2025-11-04T14:30:00,-0.846,-1.322,-0.757
ITA,CTRL,NORMAL,2025-11-05T13:30:00,-1.05,0.318,-0.346
ITA,CTRL,NORMAL,2025-11-06T12:30:00,-0.396,1.349,-0.996
ITA,CTRL,NORMAL,2025-11-07T11:30:00,2.006,1.82,0.182
ITA,CTRL,NORMAL,2025-11-10T10:30:00,0.108,-1.046,-2.029
ITA,CTRL,NORMAL,2025-11-11T09:30:00,0.634,-1.997,-3.411
ITA,CTRL,NORMAL,2025-11-11T15:30:00,-0.522,-2.303,-3.774
ITA,CTRL,NORMAL,2025-11-12T14:30:00,-2.469,-3.174,-3.113
ITA,CTRL,NORMAL,2025-11-13T13:30:00,0.126,-1.467,-2.873
ITA,CTRL,NORMAL,2025-11-14T12:30:00,-0.651,-1.496,-3.905
ITA,CTRL,NORMAL,2025-11-17T11:30:00,-1.45,-2.446,-2.524
ITA,CTRL,NORMAL,2025-11-18T10:30:00,-0.249,-2.938,-1.239
ITA,CTRL,NORMAL,2025-11-19T09:30:00,1.522,-2.02,0.148
ITA,CTRL,NORMAL,2025-11-19T15:30:00,-2.088,-1.211,0.291
ITA,CTRL,NORMAL,2025-11-20T14:30:00,-1.136,1.093,0.222
ITA,CTRL,NORMAL,2025-11-21T13:30:00,0.311,2.843,0.798
ITA,CTRL,NORMAL,2025-11-24T12:30:00,1.149,0.851,-0.02
ITA,CTRL,NORMAL,2025-11-25T11:30:00,1.089,-1.112,0.055
ITA,CTRL,NORMAL,2025-11-26T10:30:00,0.418,-1.024,0.457
ITA,CTRL,NORMAL,2025-11-28T09:30:00,-1.872,-1.637,-1.198
ITA,CTRL,PARABOLIC,2026-01-09T13:30:00,1.199,2.329,4.889
ITA,CTRL,PARABOLIC,2026-01-12T12:30:00,1.333,2.769,1.81
ITA,CTRL,PARABOLIC,2026-01-13T11:30:00,-0.612,2.221,-0.608
ITA,CTRL,PARABOLIC,2026-01-14T10:30:00,1.212,1.374,-0.7
ITA,BOTTOM,PARABOLIC,2026-01-14T14:30:00,0.867,-0.335,-0.863
ITA,CTRL,PARABOLIC,2026-01-15T09:30:00,0.894,-0.179,-1.706
ITA,CTRL,PARABOLIC,2026-01-15T15:30:00,1.115,-0.531,-2.582
ITA,CTRL,PARABOLIC,2026-01-16T14:30:00,-2.572,-3.088,-4.477
ITA,CTRL,PARABOLIC,2026-01-20T13:30:00,0.565,-1.286,-0.699
ITA,CTRL,PARABOLIC,2026-01-21T12:30:00,0.046,-1.265,-1.208
ITA,CTRL,PARABOLIC,2026-01-22T11:30:00,-0.389,-0.074,-1.618
ITA,CTRL,PARABOLIC,2026-01-23T10:30:00,-1.028,-0.61,-2.005
ITA,CTRL,NORMAL,2026-01-26T09:30:00,1.024,0.017,-0.596
ITA,CTRL,NORMAL,2026-01-26T15:30:00,1.608,-0.232,-3.409
ITA,CTRL,PARABOLIC,2026-01-27T14:30:00,-1.222,-1.653,-4.298
ITA,TOP,NORMAL,2026-01-28T12:30:00,-0.544,0.032,-3.472
ITA,CTRL,NORMAL,2026-01-28T13:30:00,0.092,-2.084,-0.86
ITA,CTRL,NORMAL,2026-01-29T12:30:00,-0.8,-2.176,0.433
ITA,CTRL,NORMAL,2026-02-02T14:30:00,0.599,-2.159,1.641
ITA,CTRL,NORMAL,2026-02-03T13:30:00,-2.844,0.911,0.674
ITA,CTRL,NORMAL,2026-02-04T12:30:00,0.101,3.478,1.649
ITA,CTRL,NORMAL,2026-02-05T11:30:00,2.705,2.797,2.45
ITA,CTRL,NORMAL,2026-02-06T10:30:00,1.038,-0.195,0.982
ITA,CTRL,NORMAL,2026-02-09T09:30:00,-0.735,0.456,-0.063
ITA,CTRL,NORMAL,2026-02-09T15:30:00,-0.76,-0.909,1.472
ITA,CTRL,NORMAL,2026-02-10T14:30:00,-0.973,-0.002,2.253
ITA,CTRL,NORMAL,2026-02-11T13:30:00,0.825,3.169,4.665
ITA,CTRL,NORMAL,2026-02-12T12:30:00,1.11,3.334,4.49
ITA,CTRL,NORMAL,2026-02-13T11:30:00,1.594,3.333,2.763
ITA,CTRL,NORMAL,2026-02-17T10:30:00,0.837,2.696,1.213
ITA,CTRL,NORMAL,2026-02-18T09:30:00,0.415,0.295,-0.415
ITA,CTRL,NORMAL,2026-02-18T15:30:00,1.361,0.404,0.337
ITA,BOTTOM,NORMAL,2026-02-19T12:30:00,0.524,0.326,-0.075
ITA,CTRL,NORMAL,2026-02-19T14:30:00,0.421,0.214,-0.01
ITA,CTRL,NORMAL,2026-02-20T13:30:00,-0.896,-0.636,-0.645
ITA,CTRL,NORMAL,2026-02-23T12:30:00,0.052,-0.349,2.893
ITA,CTRL,NORMAL,2026-02-24T11:30:00,-0.033,-0.33,1.743
ITA,CTRL,NORMAL,2026-02-25T10:30:00,0.044,2.785,1.378
ITA,CTRL,NORMAL,2026-02-26T09:30:00,1.091,1.068,1.478
ITA,CTRL,NORMAL,2026-02-26T15:30:00,0.474,0.931,-1.059
ITA,TOP,NORMAL,2026-02-27T12:30:00,3.438,1.975,0.488
ITA,CTRL,NORMAL,2026-02-27T14:30:00,2.93,1.744,-0.598
ITA,CTRL,NORMAL,2026-03-02T13:30:00,-1.971,-4.621,-3.949
ITA,CTRL,NORMAL,2026-03-03T12:30:00,0.053,-1.407,-1.217
ITA,BOTTOM,NORMAL,2026-03-03T14:30:00,0.195,-2.112,-2.331
ITA,CTRL,NORMAL,2026-03-04T11:30:00,-3.266,-2.518,-3.075
ITA,CTRL,NORMAL,2026-03-05T10:30:00,0.491,1.158,-3.085
ITA,TOP,NORMAL,2026-03-05T13:30:00,1.538,1.13,-3.177
ITA,CTRL,NORMAL,2026-03-06T09:30:00,-1.36,-0.995,-4.594
ITA,CTRL,NORMAL,2026-03-06T15:30:00,-0.033,-1.306,-5.207
ITA,CTRL,NORMAL,2026-03-09T14:30:00,-0.56,-4.004,-3.616
ITA,CTRL,NORMAL,2026-03-10T13:30:00,-0.844,-4.636,-3.973
ITA,CTRL,NORMAL,2026-03-11T12:30:00,-2.989,-2.914,-2.596
ITA,CTRL,NORMAL,2026-03-12T11:30:00,-1.098,-0.719,-3.059
ITA,CTRL,NORMAL,2026-03-13T10:30:00,0.82,0.827,-2.647
ITA,CTRL,NORMAL,2026-03-16T09:30:00,-0.77,-3.791,-2.696
ITA,CTRL,NORMAL,2026-03-16T15:30:00,-0.021,-2.383,-4.118
ITA,CTRL,NORMAL,2026-03-17T14:30:00,-0.096,-4.889,-3.954
ITA,CTRL,NORMAL,2026-03-18T13:30:00,-2.948,-3.264,-3.2
ITA,CTRL,NORMAL,2026-03-19T12:30:00,-1.035,-1.867,-2.274
ITA,CTRL,NORMAL,2026-03-20T11:30:00,0.314,0.678,-3.015
ITA,CTRL,NORMAL,2026-03-23T10:30:00,-2.239,-2.533,-6.238
ITA,CTRL,NORMAL,2026-03-24T09:30:00,2.235,-1.558,-2.531
ITA,CTRL,NORMAL,2026-03-24T15:30:00,1.51,-2.992,-1.761
ITA,CTRL,NORMAL,2026-03-25T14:30:00,-2.918,-7.527,-1.02
ITA,CTRL,NORMAL,2026-03-26T13:30:00,-1.541,-0.855,0.65
ITA,CTRL,NORMAL,2026-03-27T12:30:00,-2.582,4.039,3.377
ITA,CTRL,NORMAL,2026-03-30T11:30:00,1.551,4.445,5.378
ITA,CTRL,NORMAL,2026-03-31T10:30:00,4.045,3.969,7.903
ITA,CTRL,NORMAL,2026-04-01T09:30:00,-1.16,-0.773,2.975
ITA,CTRL,NORMAL,2026-04-01T15:30:00,-0.858,-0.286,3.579
ITA,CTRL,NORMAL,2026-04-02T14:30:00,1.265,4.291,3.42
ITA,CTRL,NORMAL,2026-04-06T13:30:00,-1.076,3.276,3.08
ITA,BOTTOM,NORMAL,2026-04-06T14:30:00,-1.009,3.228,3.33
ITA,CTRL,NORMAL,2026-06-04T13:30:00,-0.958,-0.947,1.245
ITA,CTRL,NORMAL,2026-06-05T12:30:00,-1.558,-1.376,1.96
ITA,TOP,NORMAL,2026-06-05T15:30:00,-0.98,-2.052,1.965
ITA,CTRL,NORMAL,2026-06-08T11:30:00,-0.873,1.061,4.66
ITA,CTRL,NORMAL,2026-06-09T10:30:00,0.049,3.843,5.318
ITA,CTRL,NORMAL,2026-06-10T09:30:00,0.038,3.946,5.939
ITA,CTRL,NORMAL,2026-06-10T15:30:00,4.97,5.548,7.977
ITA,CTRL,NORMAL,2026-06-11T14:30:00,-0.166,2.293,1.601
ITA,CTRL,NORMAL,2026-06-12T13:30:00,2.021,4.408,0.833
ITA,CTRL,NORMAL,2026-06-15T12:30:00,0.655,0.245,-0.783
ITA,CTRL,NORMAL,2026-06-16T11:30:00,2.329,-1.66,-0.93
ITA,BOTTOM,NORMAL,2026-06-16T13:30:00,1.738,-1.745,-0.987
ITA,CTRL,NORMAL,2026-06-17T10:30:00,-1.514,-3.111,-1.558
ITA,CTRL,NORMAL,2026-06-18T09:30:00,-1.514,-0.896,-0.529
ITA,CTRL,NORMAL,2026-06-18T15:30:00,-1.605,-1.321,-0.899
ITA,CTRL,NORMAL,2026-06-22T14:30:00,-0.013,0.471,1.62
ITA,CTRL,NORMAL,2026-06-23T13:30:00,0.767,0.504,2.136
ITA,CTRL,NORMAL,2026-06-24T12:30:00,0.584,1.282,3.617
ITA,CTRL,NORMAL,2026-06-25T11:30:00,-0.055,0.962,3.829
ITA,BOTTOM,NORMAL,2026-06-25T13:30:00,-0.294,1.324,3.788
ITA,CTRL,NORMAL,2026-06-26T10:30:00,-0.042,2.9,4.743
ITA,CTRL,NORMAL,2026-06-29T09:30:00,0.559,3.988,2.077
ITA,CTRL,NORMAL,2026-06-29T15:30:00,1.34,3.88,2.467
ITA,CTRL,NORMAL,2026-06-30T14:30:00,1.153,3.883,-0.781
ITA,CTRL,NORMAL,2026-07-01T13:30:00,1.071,0.596,-1.709
ITA,CTRL,PARABOLIC,2026-07-02T12:30:00,1.563,-2.73,-3.085
ITA,CTRL,PARABOLIC,2026-07-06T11:30:00,-1.349,-3.874,-5.879
ITA,CTRL,NORMAL,2026-07-07T10:30:00,-2.447,-2.684,-3.026
ITA,BOTTOM,NORMAL,2026-07-07T14:30:00,-1.965,-1.977,-3.303
ITA,CTRL,NORMAL,2026-07-08T09:30:00,-0.608,-2.001,-2.489
ITA,CTRL,NORMAL,2026-07-08T15:30:00,0.046,-1.912,-1.311
ITA,CTRL,NORMAL,2026-07-09T14:30:00,-0.121,-1.472,-4.012
ITA,CTRL,NORMAL,2026-07-10T13:30:00,-1.952,-1.325,-3.231
ITA,TOP,NORMAL,2026-07-13T12:30:00,0.415,-2.277,
ITA,CTRL,NORMAL,2026-07-14T11:30:00,-1.088,-1.224,
ITA,CTRL,NORMAL,2026-07-15T10:30:00,-1.321,,
ITA,CTRL,NORMAL,2026-07-16T09:30:00,1.037,,
ITA,CTRL,NORMAL,2026-07-16T15:30:00,-0.1,,
ITA,CTRL,NORMAL,2026-07-17T14:30:00,,,
XLV,CTRL,NORMAL,2024-08-14T09:30:00,0.327,1.304,1.924
XLV,CTRL,NORMAL,2024-08-14T15:30:00,0.646,1.351,1.924
XLV,CTRL,NORMAL,2024-08-15T14:30:00,0.164,1.068,1.192
XLV,CTRL,NORMAL,2024-08-16T13:30:00,0.356,1.318,1.416
XLV,CTRL,NORMAL,2024-08-19T12:30:00,0.368,0.355,1.252
XLV,CTRL,NORMAL,2024-08-20T11:30:00,-0.019,0.17,0.414
XLV,CTRL,NORMAL,2024-08-21T10:30:00,-0.188,0.504,0.983
XLV,CTRL,NORMAL,2024-08-22T09:30:00,0.42,0.575,1.134
XLV,CTRL,NORMAL,2024-08-22T15:30:00,0.42,0.51,0.853
XLV,BOTTOM,NORMAL,2024-08-23T11:30:00,0.502,0.557,0.554
XLV,CTRL,NORMAL,2024-08-23T14:30:00,-0.051,0.154,0.785
XLV,CTRL,NORMAL,2024-08-26T13:30:00,0.097,0.702,1.243
XLV,CTRL,NORMAL,2024-08-27T12:30:00,0.232,0.328,0.38
XLV,CTRL,NORMAL,2024-08-28T11:30:00,0.629,1.127,-0.98
XLV,CTRL,NORMAL,2024-08-29T10:30:00,-0.192,0.186,-1.446
XLV,CTRL,PARABOLIC,2024-08-30T09:30:00,0.367,-1.225,-1.432
XLV,CTRL,PARABOLIC,2024-08-30T15:30:00,-0.14,-1.686,-1.362
XLV,CTRL,PARABOLIC,2024-09-03T14:30:00,-0.341,-1.764,-0.869
XLV,CTRL,NORMAL,2024-09-04T13:30:00,-0.915,-0.794,-0.999
XLV,CTRL,NORMAL,2024-09-05T12:30:00,-0.298,0.755,0.765
XLV,CTRL,NORMAL,2024-09-06T11:30:00,1.002,0.472,1.636
XLV,CTRL,NORMAL,2024-09-09T10:30:00,0.601,-0.116,1.429
XLV,CTRL,NORMAL,2024-09-10T09:30:00,-1.519,0.56,0.933
XLV,CTRL,NORMAL,2024-09-10T15:30:00,-0.302,0.292,-0.032
XLV,CTRL,NORMAL,2024-09-11T14:30:00,0.542,1.4,0.684
XLV,CTRL,NORMAL,2024-09-12T13:30:00,0.157,-0.244,0.186
XLV,CTRL,NORMAL,2024-09-13T12:30:00,0.441,-0.31,-0.505
XLV,CTRL,NORMAL,2024-09-16T11:30:00,-0.529,-0.644,-1.549
XLV,CTRL,NORMAL,2024-09-17T10:30:00,-0.564,-0.759,-1.439
XLV,CTRL,NORMAL,2024-09-18T09:30:00,0.267,-0.547,-1.463
XLV,CTRL,NORMAL,2024-09-18T15:30:00,0.36,-0.612,-1.751
XLV,TOP,NORMAL,2024-09-19T11:30:00,-0.5,-1.261,-2.033
XLV,BOTTOM,NORMAL,2024-09-19T13:30:00,-0.577,-1.506,-2.134
XLV,CTRL,NORMAL,2024-09-19T14:30:00,-0.372,-1.158,-1.992
XLV,CTRL,NORMAL,2024-09-20T13:30:00,-0.47,-1.514,-1.092
XLV,CTRL,NORMAL,2025-11-10T10:30:00,1.975,5.313,4.422
XLV,CTRL,PARABOLIC,2025-11-11T09:30:00,2.258,2.094,2.134
XLV,CTRL,PARABOLIC,2025-11-11T15:30:00,1.383,0.76,1.227
XLV,CTRL,PARABOLIC,2025-11-12T14:30:00,-0.003,-0.824,-0.523
XLV,CTRL,PARABOLIC,2025-11-13T13:30:00,-0.693,-0.638,-1.204
XLV,CTRL,PARABOLIC,2025-11-14T12:30:00,0.18,0.039,1.774
XLV,CTRL,PARABOLIC,2025-11-17T11:30:00,-0.633,-0.952,1.631
XLV,CTRL,PARABOLIC,2025-11-18T10:30:00,-0.046,1.13,3.79
XLV,CTRL,PARABOLIC,2025-11-19T09:30:00,-0.026,2.177,4.056
XLV,TOP,PARABOLIC,2025-11-19T11:30:00,-0.289,2.312,4.239
XLV,CTRL,PARABOLIC,2025-11-19T15:30:00,-0.611,1.917,3.978
XLV,CTRL,PARABOLIC,2025-11-20T14:30:00,1.853,4.313,2.573
XLV,CTRL,PARABOLIC,2025-11-21T13:30:00,0.042,2.043,-0.261
XLV,CTRL,PARABOLIC,2025-11-24T12:30:00,1.692,0.543,-0.254
XLV,CTRL,PARABOLIC,2025-11-25T11:30:00,0.073,-2.049,-2.219
XLV,CTRL,PARABOLIC,2025-11-26T10:30:00,-0.763,-2.551,-3.21
XLV,CTRL,PARABOLIC,2025-11-28T09:30:00,-1.309,-1.455,-2.723
XLV,CTRL,PARABOLIC,2025-12-01T12:30:00,-1.127,-1.23,-2.889
XLV,CTRL,PARABOLIC,2025-12-02T11:30:00,0.397,-0.892,-2.527
XLV,CTRL,PARABOLIC,2025-12-03T10:30:00,-0.867,-2.027,-2.685
XLV,CTRL,PARABOLIC,2025-12-04T09:30:00,-0.227,-1.545,-0.094
XLV,CTRL,PARABOLIC,2025-12-04T15:30:00,-0.422,-2.56,-0.214
XLV,TOP,NORMAL,2025-12-05T14:30:00,-1.243,-0.871,0.294
XLV,CTRL,NORMAL,2025-12-08T13:30:00,-0.442,1.198,2.849
XLV,CTRL,NORMAL,2025-12-09T12:30:00,0.182,1.953,1.548
XLV,CTRL,NORMAL,2025-12-10T11:30:00,1.848,2.942,2.292
XLV,CTRL,NORMAL,2025-12-11T10:30:00,0.104,-0.075,0.471
XLV,CTRL,NORMAL,2025-12-12T09:30:00,0.72,0.224,0.577
XLV,CTRL,NORMAL,2025-12-12T15:30:00,1.331,-0.175,0.571
XLV,CTRL,PARABOLIC,2025-12-15T14:30:00,-1.419,-1.195,-0.49
XLV,CTRL,NORMAL,2026-01-14T10:30:00,-0.696,-1.173,0.967
XLV,CTRL,NORMAL,2026-01-15T09:30:00,0.691,1.026,1.393
XLV,CTRL,NORMAL,2026-01-15T15:30:00,-0.783,0.796,0.303
XLV,CTRL,NORMAL,2026-01-16T14:30:00,-0.196,1.54,1.546
XLV,CTRL,NORMAL,2026-01-20T13:30:00,1.509,1.283,0.19
XLV,CTRL,NORMAL,2026-01-21T12:30:00,0.765,0.457,-2.204
XLV,CTRL,NORMAL,2026-01-22T11:30:00,-1.099,-1.7,-3.02
XLV,CTRL,NORMAL,2026-01-23T10:30:00,0.178,-1.818,-1.529
XLV,CTRL,NORMAL,2026-01-26T09:30:00,-0.899,-2.4,-2.539
XLV,CTRL,NORMAL,2026-01-26T15:30:00,-1.664,-2.707,-1.518
XLV,CTRL,NORMAL,2026-01-27T14:30:00,-0.853,0.171,0.106
XLV,CTRL,NORMAL,2026-01-28T13:30:00,0.43,1.498,1.8
XLV,CTRL,NORMAL,2026-03-06T09:30:00,-0.27,0.27,-0.409
XLV,CTRL,NORMAL,2026-03-06T15:30:00,1.035,0.092,-1.899
XLV,CTRL,NORMAL,2026-03-09T14:30:00,-0.338,-2.032,-2.078
XLV,CTRL,NORMAL,2026-03-10T13:30:00,-0.517,-2.169,-2.28
XLV,CTRL,NORMAL,2026-03-11T12:30:00,-1.317,-1.213,-3.511
XLV,BOTTOM,NORMAL,2026-03-11T14:30:00,-1.143,-1.189,-3.656
XLV,CTRL,NORMAL,2026-03-12T11:30:00,-0.037,-0.282,-2.302
XLV,CTRL,NORMAL,2026-03-13T10:30:00,0.372,-1.727,-2.685
XLV,TOP,NORMAL,2026-03-13T14:30:00,0.379,-2.126,-3.534
XLV,CTRL,NORMAL,2026-03-16T09:30:00,0.185,-2.715,-3.57
XLV,CTRL,NORMAL,2026-03-16T15:30:00,-0.901,-2.901,-4.132
XLV,CTRL,NORMAL,2026-03-17T14:30:00,-1.846,-3.257,-3.191
XLV,CTRL,NORMAL,2026-03-18T13:30:00,-0.716,-1.621,-0.814
XLV,CTRL,NORMAL,2026-03-19T12:30:00,-0.29,-1.482,-0.123
XLV,CTRL,NORMAL,2026-03-20T11:30:00,-1.08,0.062,-1.32
XLV,CTRL,NORMAL,2026-03-23T10:30:00,-0.939,0.487,-1.398
XLV,CTRL,NORMAL,2026-03-24T09:30:00,1.146,0.177,0.973
XLV,CTRL,NORMAL,2026-03-24T15:30:00,1.001,-1.084,1.222
XLV,TOP,NORMAL,2026-03-25T14:30:00,-0.072,-1.705,1.383
XLV,CTRL,NORMAL,2026-03-26T13:30:00,-1.559,-0.12,0.157
XLV,CTRL,NORMAL,2026-03-27T12:30:00,-0.031,3.233,1.5
XLV,CTRL,NORMAL,2026-03-30T11:30:00,1.017,1.767,1.51
XLV,CTRL,NORMAL,2026-03-31T10:30:00,1.769,0.723,2.468
XLV,CTRL,NORMAL,2026-04-01T09:30:00,-0.142,-1.282,1.001
XLV,CTRL,NORMAL,2026-04-01T15:30:00,-0.67,-0.839,1.015
XLV,CTRL,NORMAL,2026-04-02T14:30:00,-0.307,1.754,0.491
XLV,CTRL,NORMAL,2026-06-18T09:30:00,-0.114,2.788,7.15
XLV,CTRL,NORMAL,2026-06-18T15:30:00,0.475,2.671,7.331
XLV,CTRL,NORMAL,2026-06-22T14:30:00,1.549,4.092,7.263
XLV,CTRL,NORMAL,2026-06-23T13:30:00,0.942,5.104,5.008
XLV,CTRL,NORMAL,2026-06-24T12:30:00,1.992,4.782,4.291
XLV,CTRL,PARABOLIC,2026-06-25T11:30:00,2.251,2.129,4.573
XLV,CTRL,PARABOLIC,2026-06-26T10:30:00,0.041,-0.622,0.778
XLV,CTRL,PARABOLIC,2026-06-29T09:30:00,-1.548,1.193,2.797
XLV,CTRL,PARABOLIC,2026-06-29T15:30:00,-1.281,1.879,2.333
XLV,CTRL,PARABOLIC,2026-06-30T14:30:00,0.082,1.983,2.137
XLV,CTRL,PARABOLIC,2026-07-01T13:30:00,2.395,3.168,1.622
XLV,BOTTOM,PARABOLIC,2026-07-01T14:30:00,2.506,3.171,1.601
XLV,CTRL,PARABOLIC,2026-07-02T12:30:00,-0.329,0.154,-1.336
XLV,CTRL,PARABOLIC,2026-07-06T11:30:00,1.833,0.142,-0.183
XLV,CTRL,PARABOLIC,2026-07-07T10:30:00,-0.904,-2.261,-3.979
XLV,CTRL,PARABOLIC,2026-07-08T09:30:00,-0.19,-1.416,-2.784
XLV,CTRL,PARABOLIC,2026-07-08T15:30:00,-0.086,-0.57,-2.446
XLV,CTRL,PARABOLIC,2026-07-09T14:30:00,-0.465,-2.102,-0.213
XLV,CTRL,PARABOLIC,2026-07-10T13:30:00,0.501,-1.081,0.327
XLV,CTRL,PARABOLIC,2026-07-13T12:30:00,-1.848,-0.015,
XLV,TOP,PARABOLIC,2026-07-13T14:30:00,-1.941,-0.05,
XLV,CTRL,NORMAL,2026-07-14T11:30:00,0.373,2.213,
XLV,CTRL,NORMAL,2026-07-15T10:30:00,1.878,,
XLV,CTRL,PARABOLIC,2026-07-16T09:30:00,0.47,,
XLV,CTRL,PARABOLIC,2026-07-16T15:30:00,-0.433,,
XLV,CTRL,PARABOLIC,2026-07-17T14:30:00,,,
MU,CTRL,NORMAL,2025-07-14T10:30:00,0.327,-5.286,-3.148
MU,CTRL,NORMAL,2025-07-15T09:30:00,-2.839,-5.345,-9.175
MU,CTRL,NORMAL,2025-07-15T15:30:00,-3.032,-4.724,-9.063
MU,CTRL,NORMAL,2025-08-27T14:30:00,3.646,0.035,4.829
MU,CTRL,NORMAL,2025-08-28T13:30:00,-3.117,-3.527,5.88
MU,CTRL,NORMAL,2025-08-29T12:30:00,-1.18,1.993,10.665
MU,CTRL,NORMAL,2025-09-02T11:30:00,1.906,10.194,16.435
MU,CTRL,NORMAL,2025-09-03T10:30:00,1.472,12.096,19.797
MU,CTRL,NORMAL,2025-09-04T09:30:00,7.259,10.963,26.006
MU,CTRL,NORMAL,2025-09-04T15:30:00,5.789,8.889,21.208
MU,CTRL,NORMAL,2025-09-05T14:30:00,1.625,7.551,21.348
MU,CTRL,NORMAL,2025-09-08T13:30:00,2.621,15.373,19.54
MU,CTRL,NORMAL,2025-09-09T12:30:00,3.456,15.689,16.657
MU,CTRL,PARABOLIC,2025-09-10T11:30:00,8.579,11.693,12.14
MU,CTRL,PARABOLIC,2025-09-11T10:30:00,1.786,3.018,9.993
MU,CTRL,PARABOLIC,2025-09-12T09:30:00,1.34,2.126,3.218
MU,BOTTOM,PARABOLIC,2025-09-12T13:30:00,-0.07,0.628,3.607
MU,CTRL,PARABOLIC,2025-09-12T15:30:00,0.35,1.762,3.486
MU,CTRL,PARABOLIC,2025-09-15T14:30:00,0.566,6.841,5.255
MU,CTRL,PARABOLIC,2025-09-16T13:30:00,0.285,3.253,5.297
MU,CTRL,PARABOLIC,2025-09-17T12:30:00,7.137,5.224,1.016
MU,CTRL,PARABOLIC,2025-09-18T11:30:00,-4.163,-0.669,-7.98
MU,CTRL,PARABOLIC,2025-09-19T10:30:00,3.453,1.484,-1.895
MU,CTRL,PARABOLIC,2025-09-22T09:30:00,2.07,-4.006,-0.373
MU,CTRL,PARABOLIC,2025-09-22T15:30:00,1.143,-4.727,-0.407
MU,BOTTOM,PARABOLIC,2025-09-23T13:30:00,-3.15,-5.62,-0.601
MU,CTRL,PARABOLIC,2025-09-23T14:30:00,-2.832,-6.321,-0.664
MU,CTRL,PARABOLIC,2025-09-24T13:30:00,-3.333,1.368,11.28
MU,CTRL,PARABOLIC,2025-09-25T12:30:00,1.204,6.068,18.486
MU,CTRL,PARABOLIC,2025-09-26T11:30:00,3.156,13.942,20.479
MU,TOP,PARABOLIC,2025-09-26T14:30:00,4.738,15.939,20.121
MU,CTRL,PARABOLIC,2025-09-29T10:30:00,1.05,11.816,17.594
MU,CTRL,PARABOLIC,2025-09-30T09:30:00,3.658,12.484,13.213
MU,CTRL,PARABOLIC,2025-09-30T15:30:00,8.787,12.204,10.902
MU,CTRL,PARABOLIC,2025-10-01T14:30:00,1.727,5.597,8.051
MU,CTRL,PARABOLIC,2025-10-02T13:30:00,2.33,1.055,4.087
MU,CTRL,PARABOLIC,2025-10-03T12:30:00,3.563,3.148,-1.338
MU,CTRL,PARABOLIC,2025-10-06T11:30:00,-5.485,-1.762,-2.661
MU,CTRL,PARABOLIC,2025-10-07T10:30:00,4.213,-1.818,1.387
MU,BOTTOM,PARABOLIC,2025-10-08T09:30:00,-0.005,-2.777,-1.944
MU,CTRL,PARABOLIC,2025-10-08T15:30:00,-2.167,-1.964,-2.34
MU,CTRL,PARABOLIC,2025-10-09T14:30:00,-4.709,-0.288,4.899
MU,CTRL,PARABOLIC,2025-10-10T13:30:00,4.984,3.862,9.201
MU,CTRL,PARABOLIC,2025-10-13T12:30:00,0.382,6.512,8.227
MU,CTRL,PARABOLIC,2025-10-14T11:30:00,-0.5,3.728,6.722
MU,TOP,PARABOLIC,2025-10-14T12:30:00,-1.498,3.207,5.812
MU,CTRL,PARABOLIC,2025-10-15T10:30:00,7.368,9.809,2.241
MU,BOTTOM,PARABOLIC,2025-10-15T13:30:00,5.101,7.849,2.432
MU,CTRL,PARABOLIC,2025-10-16T09:30:00,-1.194,-0.735,-0.534
MU,CTRL,PARABOLIC,2025-10-16T15:30:00,-0.054,-0.119,2.064
MU,CTRL,PARABOLIC,2025-10-17T14:30:00,2.158,-2.234,8.196
MU,CTRL,PARABOLIC,2025-10-20T13:30:00,-1.36,-0.564,5.996
MU,CTRL,PARABOLIC,2025-10-21T12:30:00,-4.646,6.764,8.923
MU,CTRL,NORMAL,2025-10-22T11:30:00,5.042,12.05,17.364
MU,CTRL,PARABOLIC,2025-10-23T10:30:00,6.365,7.137,10.717
MU,CTRL,PARABOLIC,2025-10-24T09:30:00,1.692,7.152,6.469
MU,CTRL,PARABOLIC,2025-10-24T15:30:00,0.47,3.507,2.164
MU,CTRL,PARABOLIC,2025-10-27T14:30:00,1.241,3.022,6.962
MU,CTRL,PARABOLIC,2025-10-28T13:30:00,3.565,0.783,0.018
MU,CTRL,PARABOLIC,2025-10-29T12:30:00,-1.356,3.12,3.033
MU,CTRL,PARABOLIC,2025-10-30T11:30:00,-2.281,-0.689,4.552
MU,BOTTOM,PARABOLIC,2025-10-30T14:30:00,-0.263,-2.947,6.339
MU,CTRL,PARABOLIC,2025-10-31T10:30:00,3.279,4.474,1.88
MU,CTRL,PARABOLIC,2025-11-03T09:30:00,-2.905,2.746,9.387
MU,CTRL,PARABOLIC,2025-11-03T15:30:00,-7.12,1.568,7.879
MU,CTRL,NORMAL,2025-11-04T14:30:00,9.386,7.043,10.634
MU,CTRL,PARABOLIC,2025-11-05T13:30:00,1.567,6.398,2.556
MU,CTRL,PARABOLIC,2025-11-06T12:30:00,-2.21,1.763,-2.899
MU,CTRL,PARABOLIC,2025-11-07T11:30:00,10.304,5.428,10.686
MU,CTRL,PARABOLIC,2025-11-10T10:30:00,-3.666,-5.842,-0.99
MU,CTRL,NORMAL,2025-11-11T09:30:00,2.297,2.662,-5.249
MU,BOTTOM,NORMAL,2025-11-11T14:30:00,0.621,2.851,-4.939
MU,CTRL,NORMAL,2025-11-11T15:30:00,1.58,2.385,-5.222
MU,CTRL,NORMAL,2025-11-12T14:30:00,-2.988,-1.455,-6.708
MU,CTRL,NORMAL,2025-11-13T13:30:00,7.368,-0.423,-11.822
MU,CTRL,NORMAL,2025-11-14T12:30:00,-2.587,-11.647,-18.789
MU,CTRL,NORMAL,2025-11-17T11:30:00,-7.706,-16.777,-10.214
MU,CTRL,NORMAL,2025-11-18T10:30:00,-1.9,-13.067,-3.712
MU,CTRL,NORMAL,2025-11-19T09:30:00,-4.609,-5.011,-1.634
MU,CTRL,NORMAL,2025-11-19T15:30:00,-10.855,-0.93,1.926
MU,CTRL,NORMAL,2025-11-20T14:30:00,3.03,10.719,17.443
MU,CTRL,NORMAL,2025-11-21T13:30:00,5.736,9.583,11.627
MU,CTRL,NORMAL,2025-11-24T12:30:00,0.276,5.724,4.739
MU,CTRL,NORMAL,2025-11-25T11:30:00,3.379,7.559,4.755
MU,TOP,NORMAL,2025-11-25T13:30:00,3.366,5.295,1.107
MU,CTRL,NORMAL,2025-11-26T10:30:00,1.756,3.231,-2.957
MU,CTRL,NORMAL,2025-11-28T09:30:00,1.802,-1.143,0.987
MU,CTRL,NORMAL,2025-12-11T10:30:00,-4.86,-9.226,-2.029
MU,BOTTOM,NORMAL,2025-12-11T14:30:00,-7.007,-10.257,-2.66
MU,CTRL,NORMAL,2025-12-12T09:30:00,-0.653,-3.691,7.524
MU,CTRL,NORMAL,2025-12-12T15:30:00,-1.485,-6.371,10.312
MU,CTRL,NORMAL,2025-12-15T14:30:00,-2.185,6.095,15.937
MU,CTRL,NORMAL,2025-12-16T13:30:00,-4.069,15.024,19.262
MU,CTRL,NORMAL,2025-12-17T12:30:00,13.502,20.818,26.169
MU,TOP,NORMAL,2025-12-17T14:30:00,11.529,21.875,25.55
MU,CTRL,NORMAL,2025-12-18T11:30:00,5.523,10.19,13.557
MU,CTRL,NORMAL,2025-12-19T10:30:00,3.846,9.331,12.396
MU,CTRL,NORMAL,2025-12-22T09:30:00,0.949,5.577,9.14
MU,CTRL,NORMAL,2025-12-22T15:30:00,-0.107,4.981,4.073
MU,CTRL,NORMAL,2025-12-23T14:30:00,2.699,6.76,11.382
MU,CTRL,NORMAL,2026-02-11T12:30:00,3.4,-0.188,2.318
MU,CTRL,NORMAL,2026-02-12T11:30:00,-1.036,1.949,0.86
MU,CTRL,NORMAL,2026-02-13T10:30:00,-1.147,1.643,2.693
MU,CTRL,NORMAL,2026-02-17T09:30:00,5.286,5.889,6.126
MU,BOTTOM,NORMAL,2026-02-17T14:30:00,4.578,6.578,5.164
MU,CTRL,NORMAL,2026-02-17T15:30:00,5.256,7.034,4.503
MU,CTRL,NORMAL,2026-02-18T14:30:00,-0.908,0.357,2.713
MU,CTRL,NORMAL,2026-02-19T13:30:00,2.985,1.004,0.597
MU,CTRL,PARABOLIC,2026-05-27T12:30:00,3.154,14.836,17.528
MU,CTRL,PARABOLIC,2026-05-28T11:30:00,2.656,10.165,8.164
MU,CTRL,PARABOLIC,2026-05-29T10:30:00,6.135,9.78,-4.259
MU,CTRL,PARABOLIC,2026-06-01T09:30:00,0.708,-1.822,-8.365
MU,BOTTOM,PARABOLIC,2026-06-01T12:30:00,0.337,-1.984,-8.421
MU,CTRL,PARABOLIC,2026-06-01T15:30:00,2.827,-3.639,-8.25
MU,CTRL,PARABOLIC,2026-06-02T14:30:00,1.435,-16.537,-14.552
MU,CTRL,PARABOLIC,2026-06-03T13:30:00,-3.895,-11.149,-16.07
MU,CTRL,PARABOLIC,2026-06-04T12:30:00,-11.38,-11.955,-8.569
MU,CTRL,PARABOLIC,2026-06-05T11:30:00,4.416,-1.246,8.544
MU,CTRL,PARABOLIC,2026-06-08T10:30:00,-4.616,-4.411,13.065
MU,TOP,PARABOLIC,2026-06-08T15:30:00,-1.429,4.865,14.552
MU,CTRL,PARABOLIC,2026-06-09T09:30:00,-0.735,3.721,12.268
MU,CTRL,PARABOLIC,2026-06-09T15:30:00,-4.736,4.789,9.035
MU,CTRL,PARABOLIC,2026-06-10T14:30:00,9.431,21.324,20.772
MU,CTRL,PARABOLIC,2026-06-11T13:30:00,4.528,9.797,20.425
MU,CTRL,PARABOLIC,2026-06-12T12:30:00,7.804,6.59,19.373
MU,CTRL,PARABOLIC,2026-06-15T11:30:00,-2.179,4.308,0.726
MU,CTRL,PARABOLIC,2026-06-16T10:30:00,0.049,12.864,-0.621
MU,CTRL,PARABOLIC,2026-06-17T09:30:00,7.396,6.317,10.577
MU,BOTTOM,PARABOLIC,2026-06-17T14:30:00,5.635,-2.826,11.459
MU,CTRL,PARABOLIC,2026-06-17T15:30:00,8.674,0.943,16.51
MU,CTRL,PARABOLIC,2026-06-18T14:30:00,4.129,-11.32,0.393
MU,CTRL,PARABOLIC,2026-06-22T13:30:00,-11.418,2.482,-6.099
MU,CTRL,PARABOLIC,2026-06-23T12:30:00,-5.368,9.353,7.437
MU,CTRL,PARABOLIC,2026-06-24T11:30:00,16.546,6.483,0.687
MU,CTRL,PARABOLIC,2026-06-25T10:30:00,-0.638,-2.821,-14.981
MU,CTRL,PARABOLIC,2026-06-26T09:30:00,-10.935,-9.308,-15.205
MU,CTRL,PARABOLIC,2026-06-26T15:30:00,1.77,-8.252,-12.536
MU,CTRL,PARABOLIC,2026-06-29T14:30:00,2.131,-15.791,-19.404
MU,CTRL,PARABOLIC,2026-06-30T13:30:00,-9.223,-13.841,-18.426
MU,CTRL,NORMAL,2026-07-01T12:30:00,-7.631,-11.297,-2.665
MU,CTRL,NORMAL,2026-07-02T11:30:00,2.413,-4.244,0.427
MU,CTRL,NORMAL,2026-07-06T10:30:00,-9.614,1.089,-6.742
MU,TOP,NORMAL,2026-07-06T15:30:00,-4.612,0.673,-4.806
MU,CTRL,NORMAL,2026-07-07T09:30:00,4.578,8.027,6.549
MU,CTRL,NORMAL,2026-07-07T15:30:00,1.114,4.237,4.669
MU,CTRL,NORMAL,2026-07-08T14:30:00,5.93,-1.901,-4.792
MU,CTRL,NORMAL,2026-07-09T13:30:00,-2.829,-3.497,-15.793
MU,CTRL,NORMAL,2026-07-10T12:30:00,-6.611,-9.083,-9.894
MU,CTRL,NORMAL,2026-07-13T11:30:00,5.884,-8.81,
MU,BOTTOM,NORMAL,2026-07-13T14:30:00,5.14,-8.916,
STX,CTRL,NORMAL,2024-10-03T12:30:00,-1.423,0.07,0.259
STX,CTRL,NORMAL,2024-10-04T11:30:00,-0.585,1.484,2.29
STX,CTRL,NORMAL,2024-10-07T10:30:00,2.041,2.277,4.649
STX,CTRL,NORMAL,2024-10-08T09:30:00,-0.992,0.765,4.738
STX,CTRL,NORMAL,2024-10-08T15:30:00,0.557,1.026,2.885
STX,CTRL,NORMAL,2024-10-09T14:30:00,-0.898,1.813,2.335
STX,TOP,NORMAL,2024-10-10T13:30:00,1.091,3.402,4.067
STX,BOTTOM,NORMAL,2024-10-10T14:30:00,1.518,3.054,4.085
STX,CTRL,NORMAL,2024-10-11T12:30:00,1.771,2.56,3.055
STX,CTRL,NORMAL,2024-10-14T11:30:00,2.017,1.756,1.112
STX,CTRL,NORMAL,2024-10-15T10:30:00,-0.754,-0.169,-0.736
STX,CTRL,NORMAL,2024-10-16T09:30:00,0.783,0.3,-7.17
STX,CTRL,NORMAL,2024-10-16T15:30:00,0.644,0.644,-7.322
STX,CTRL,NORMAL,2024-10-17T14:30:00,-0.515,-0.084,-7.636
STX,CTRL,NORMAL,2024-10-18T13:30:00,0.071,-7.105,-7.742
STX,CTRL,NORMAL,2024-10-21T12:30:00,0.076,-6.766,-9.752
STX,TOP,NORMAL,2024-10-22T10:30:00,-6.154,-6.794,-10.253
STX,CTRL,NORMAL,2024-10-22T11:30:00,-7.269,-7.215,-10.111
STX,CTRL,NORMAL,2024-10-23T10:30:00,-0.186,-2.729,-4.115
STX,CTRL,NORMAL,2024-10-24T09:30:00,0.764,-2.851,-3.221
STX,CTRL,NORMAL,2024-10-24T15:30:00,-0.971,-2.51,-3.463
STX,CTRL,NORMAL,2024-10-25T14:30:00,-1.963,-4.075,-4.596
STX,CTRL,NORMAL,2024-10-28T13:30:00,-0.395,-0.859,-0.75
STX,CTRL,NORMAL,2024-10-29T12:30:00,-0.941,-1.352,0.238
STX,CTRL,NORMAL,2024-10-30T11:30:00,0.19,0.05,3.726
STX,CTRL,NORMAL,2024-10-31T10:30:00,0.075,0.587,4.01
STX,TOP,NORMAL,2024-10-31T14:30:00,-1.69,1.113,3.921
STX,CTRL,NORMAL,2024-11-01T09:30:00,-0.537,3.05,4.362
STX,CTRL,NORMAL,2024-11-01T15:30:00,0.777,3.885,5.752
STX,CTRL,NORMAL,2024-11-04T14:30:00,1.577,4.398,1.767
STX,CTRL,NORMAL,2024-11-05T13:30:00,1.898,3.831,-2.36
STX,CTRL,NORMAL,2024-11-06T12:30:00,1.886,-0.395,-3.493
STX,CTRL,NORMAL,2024-11-07T11:30:00,-0.152,-5.338,-6.81
STX,CTRL,PARABOLIC,2025-06-23T10:30:00,3.566,5.181,7.671
STX,CTRL,PARABOLIC,2025-06-24T09:30:00,1.037,4.084,5.64
STX,CTRL,PARABOLIC,2025-06-24T15:30:00,1.628,3.748,6.373
STX,CTRL,PARABOLIC,2025-06-25T14:30:00,1.439,3.855,9.344
STX,CTRL,PARABOLIC,2025-06-26T13:30:00,0.098,3.231,7.121
STX,CTRL,PARABOLIC,2025-06-27T12:30:00,1.167,7.039,2.398
STX,CTRL,PARABOLIC,2025-06-30T11:30:00,1.111,5.631,0.979
STX,BOTTOM,PARABOLIC,2025-06-30T12:30:00,1.524,5.779,-0.245
STX,CTRL,PARABOLIC,2025-07-01T10:30:00,3.714,3.195,-0.509
STX,CTRL,PARABOLIC,2025-07-02T09:30:00,2.247,-2.308,-1.636
STX,CTRL,PARABOLIC,2025-07-02T15:30:00,-1.934,-5.8,-3.504
STX,CTRL,PARABOLIC,2025-07-07T11:30:00,-2.329,-2.647,-0.589
STX,CTRL,PARABOLIC,2025-07-08T10:30:00,-1.376,0.268,2.394
STX,CTRL,PARABOLIC,2025-07-09T09:30:00,0.039,3.656,3.098
STX,CTRL,PARABOLIC,2025-07-09T15:30:00,1.775,5.008,3.62
STX,CTRL,PARABOLIC,2025-07-10T14:30:00,1.411,2.105,0.869
STX,CTRL,PARABOLIC,2025-07-11T13:30:00,1.487,-0.789,0.681
STX,CTRL,PARABOLIC,2025-07-14T12:30:00,-0.765,-1.711,0.174
STX,BOTTOM,PARABOLIC,2025-07-14T14:30:00,-0.641,-1.844,0.053
STX,CTRL,PARABOLIC,2025-07-15T11:30:00,-0.95,0.876,-1.586
STX,CTRL,NORMAL,2025-07-16T10:30:00,0.499,1.94,3.053
STX,CTRL,NORMAL,2025-07-17T09:30:00,-0.994,-1.26,2.353
STX,TOP,NORMAL,2025-07-17T14:30:00,1.549,-0.184,4.452
STX,CTRL,NORMAL,2025-07-17T15:30:00,1.643,-0.109,4.015
STX,CTRL,NORMAL,2025-07-18T14:30:00,0.379,1.883,1.217
STX,CTRL,NORMAL,2025-07-21T13:30:00,-3.111,2.202,0.157
STX,BOTTOM,NORMAL,2025-07-21T14:30:00,-2.077,2.471,0.277
STX,CTRL,NORMAL,2025-08-14T13:30:00,-0.334,1.119,-1.081
STX,BOTTOM,NORMAL,2025-08-14T15:30:00,-0.835,1.432,-0.719
STX,CTRL,NORMAL,2025-08-15T12:30:00,2.12,1.376,2.688
STX,CTRL,NORMAL,2025-08-18T11:30:00,-0.073,-1.944,4.597
STX,CTRL,NORMAL,2025-08-19T10:30:00,-1.008,0.196,3.93
STX,CTRL,NORMAL,2025-08-20T09:30:00,2.376,5.789,7.65
STX,CTRL,NORMAL,2025-08-20T15:30:00,-2.405,3.541,5.605
STX,CTRL,NORMAL,2025-08-21T14:30:00,3.15,6.877,11.994
STX,BOTTOM,NORMAL,2025-08-22T12:30:00,3.606,5.45,5.485
STX,CTRL,NORMAL,2025-08-22T13:30:00,2.574,4.452,4.221
STX,CTRL,NORMAL,2025-08-25T12:30:00,0.182,4.112,2.506
STX,CTRL,NORMAL,2025-08-26T11:30:00,1.067,1.356,4.947
STX,CTRL,NORMAL,2025-08-27T10:30:00,0.536,0.548,7.184
STX,CTRL,NORMAL,2025-08-28T09:30:00,-0.744,1.76,8.009
STX,CTRL,NORMAL,2025-08-28T15:30:00,-2.907,2.321,9.19
STX,CTRL,NORMAL,2025-08-29T14:30:00,1.716,9.627,13.243
STX,CTRL,NORMAL,2025-09-02T13:30:00,3.2,11.203,13.371
STX,CTRL,NORMAL,2025-09-03T12:30:00,3.804,8.701,10.051
STX,CTRL,PARABOLIC,2025-09-04T11:30:00,3.332,6.154,9.066
STX,CTRL,PARABOLIC,2025-09-05T10:30:00,1.995,2.65,4.444
STX,CTRL,PARABOLIC,2025-09-08T09:30:00,0.63,3.595,11.693
STX,CTRL,PARABOLIC,2025-09-08T15:30:00,1.247,4.04,11.61
STX,CTRL,PARABOLIC,2025-09-09T14:30:00,0.358,3.292,9.558
STX,CTRL,PARABOLIC,2025-09-10T13:30:00,3.186,10.809,10.667
STX,CTRL,PARABOLIC,2025-09-11T12:30:00,-1.864,5.145,9.913
STX,CTRL,PARABOLIC,2025-09-12T11:30:00,7.722,8.059,12.464
STX,CTRL,PARABOLIC,2025-09-15T10:30:00,-1.383,2.634,7.795
STX,CTRL,PARABOLIC,2025-09-16T09:30:00,-0.53,4.875,9.875
STX,CTRL,PARABOLIC,2025-09-16T15:30:00,1.049,4.767,8.058
STX,CTRL,PARABOLIC,2025-09-17T14:30:00,1.787,7.515,4.859
STX,CTRL,PARABOLIC,2025-09-18T13:30:00,0.762,4.173,0.099
STX,CTRL,PARABOLIC,2025-09-19T12:30:00,4.674,2.545,-0.962
STX,CTRL,PARABOLIC,2025-09-22T11:30:00,-0.393,-5.51,-1.665
STX,CTRL,PARABOLIC,2025-09-23T10:30:00,-0.867,-6.109,-0.362
STX,CTRL,PARABOLIC,2025-09-24T09:30:00,-5.099,-0.64,6.367
STX,TOP,PARABOLIC,2025-09-24T15:30:00,-1.728,2.436,14.82
STX,CTRL,PARABOLIC,2025-09-25T14:30:00,-0.605,7.74,15.792
STX,CTRL,PARABOLIC,2025-09-26T13:30:00,4.007,16.645,17.93
STX,CTRL,PARABOLIC,2025-09-29T12:30:00,3.05,13.116,10.423
STX,CTRL,PARABOLIC,2025-09-30T11:30:00,8.063,11.572,-2.391
STX,CTRL,PARABOLIC,2025-10-01T10:30:00,3.35,1.811,-8.25
STX,CTRL,PARABOLIC,2025-10-02T09:30:00,1.601,-9.339,-12.473
STX,CTRL,PARABOLIC,2025-10-02T15:30:00,-0.773,-11.699,-12.971
STX,CTRL,PARABOLIC,2025-10-03T14:30:00,-4.173,-11.74,-15.899
STX,CTRL,PARABOLIC,2025-10-06T13:30:00,-8.733,-10.484,-10.812
STX,TOP,PARABOLIC,2025-10-06T14:30:00,-6.956,-9.336,-10.358
STX,CTRL,NORMAL,2025-10-07T12:30:00,-0.281,-3.353,-3.522
STX,CTRL,NORMAL,2025-10-08T11:30:00,-1.107,-2.705,-3.844
STX,CTRL,NORMAL,2025-10-09T10:30:00,-2.585,-2.961,3.858
STX,CTRL,NORMAL,2025-10-10T09:30:00,-1.697,-3.504,3.301
STX,CTRL,NORMAL,2025-10-10T15:30:00,2.407,2.342,5.16
STX,CTRL,NORMAL,2025-10-13T14:30:00,-2.536,4.283,-1.615
STX,CTRL,NORMAL,2025-10-14T13:30:00,1.51,5.695,0.341
STX,CTRL,NORMAL,2025-10-15T12:30:00,6.965,-0.058,-2.504
STX,CTRL,NORMAL,2025-10-16T11:30:00,-1.685,-6.08,-2.184
STX,CTRL,NORMAL,2025-10-17T10:30:00,-2.412,-6.045,7.885
STX,CTRL,NORMAL,2025-10-20T09:30:00,-3.224,0.495,6.308
STX,CTRL,NORMAL,2025-10-20T15:30:00,0.02,5.607,7.426
STX,CTRL,NORMAL,2025-10-21T14:30:00,-0.233,10.029,3.917
STX,CTRL,NORMAL,2025-10-22T13:30:00,5.474,8.402,24.883
STX,CTRL,NORMAL,2025-10-23T12:30:00,4.961,0.248,21.267
STX,CTRL,NORMAL,2025-10-24T11:30:00,-4.527,9.062,2.655
STX,CTRL,NORMAL,2025-10-27T10:30:00,-6.167,17.48,12.214
STX,CTRL,NORMAL,2025-10-28T09:30:00,15.621,13.991,15.062
STX,CTRL,NORMAL,2025-10-28T15:30:00,19.108,14.708,12.281
STX,BOTTOM,NORMAL,2025-12-01T14:30:00,-1.189,-2.902,4.622
STX,CTRL,NORMAL,2025-12-02T13:30:00,-5.701,2.852,5.415
STX,CTRL,NORMAL,2025-12-03T12:30:00,3.619,11.845,14.618
STX,CTRL,NORMAL,2025-12-04T11:30:00,4.146,7.159,13.946
STX,CTRL,NORMAL,2025-12-05T10:30:00,2.942,5.965,3.966
STX,CTRL,NORMAL,2025-12-08T09:30:00,1.732,6.077,2.519
STX,CTRL,NORMAL,2025-12-08T15:30:00,-0.897,7.897,0.021
STX,CTRL,NORMAL,2025-12-09T14:30:00,4.887,-0.116,0.929
STX,CTRL,NORMAL,2025-12-10T13:30:00,5.381,-0.079,-5.013
STX,CTRL,NORMAL,2025-12-11T12:30:00,-4.225,-7.471,-3.678
STX,BOTTOM,NORMAL,2025-12-11T14:30:00,-7.724,-6.758,-4.411
STX,CTRL,NORMAL,2025-12-12T11:30:00,0.308,-3.048,4.355
STX,CTRL,NORMAL,2025-12-15T10:30:00,-3.484,0.34,-4.143
STX,CTRL,NORMAL,2025-12-16T09:30:00,1.032,2.961,-2.829
STX,CTRL,NORMAL,2025-12-16T15:30:00,-3.672,2.909,-1.843
STX,CTRL,NORMAL,2025-12-17T14:30:00,6.011,2.719,2.766
STX,CTRL,NORMAL,2025-12-18T13:30:00,1.837,-4.917,-3.813
STX,CTRL,NORMAL,2025-12-19T12:30:00,-5.466,-4.97,-6.146
STX,CTRL,NORMAL,2025-12-22T11:30:00,-0.787,1.01,-1.105
STX,CTRL,NORMAL,2025-12-23T10:30:00,2.327,1.382,-1.67
STX,CTRL,NORMAL,2025-12-24T09:30:00,-0.747,-2.15,-0.199
STX,CTRL,NORMAL,2025-12-26T12:30:00,-0.851,-3.294,0.48
STX,CTRL,NORMAL,2026-01-13T13:30:00,-4.932,-0.642,5.16
STX,CTRL,NORMAL,2026-01-14T12:30:00,4.259,4.112,11.471
STX,CTRL,NORMAL,2026-01-15T11:30:00,-0.354,2.942,4.88
STX,CTRL,NORMAL,2026-01-16T10:30:00,0.844,4.136,12.211
STX,CTRL,NORMAL,2026-01-20T09:30:00,-0.069,3.525,13.61
STX,CTRL,NORMAL,2026-01-20T15:30:00,5.657,6.216,14.131
STX,CTRL,NORMAL,2026-01-21T14:30:00,1.11,4.122,30.012
STX,CTRL,NORMAL,2026-01-22T13:30:00,-0.494,8.768,29.248
STX,BOTTOM,NORMAL,2026-01-22T14:30:00,-1.023,7.399,28.406
STX,CTRL,NORMAL,2026-01-23T12:30:00,6.78,30.565,25.122
STX,CTRL,NORMAL,2026-01-26T11:30:00,3.581,19.815,20.051
STX,CTRL,PARABOLIC,2026-01-27T10:30:00,18.071,12.646,7.486
STX,CTRL,PARABOLIC,2026-01-28T09:30:00,2.424,1.015,-5.705
STX,CTRL,PARABOLIC,2026-01-28T15:30:00,0.824,-5.313,-4.51
STX,CTRL,PARABOLIC,2026-01-29T14:30:00,-2.85,-10.898,-4.168
STX,CTRL,PARABOLIC,2026-02-02T15:30:00,2.589,-6.433,-1.836
STX,CTRL,PARABOLIC,2026-02-03T14:30:00,-4.587,-2.084,-9.56
STX,CTRL,PARABOLIC,2026-02-04T13:30:00,-0.891,6.102,0.239
STX,CTRL,PARABOLIC,2026-02-05T12:30:00,5.827,-1.373,8.788
STX,CTRL,PARABOLIC,2026-02-06T11:30:00,1.987,-5.089,-0.625
STX,CTRL,PARABOLIC,2026-02-09T10:30:00,-6.987,1.331,-3.557
STX,TOP,NORMAL,2026-02-10T09:30:00,-3.861,2.865,4.633
STX,CTRL,NORMAL,2026-02-10T15:30:00,2.684,7.484,7.008
STX,CTRL,NORMAL,2026-02-11T14:30:00,5.714,1.906,-1.077
STX,CTRL,PARABOLIC,2026-02-12T13:30:00,-3.281,-3.57,-6.437
STX,CTRL,PARABOLIC,2026-02-13T12:30:00,-1.735,-5.389,-3.681
STX,CTRL,NORMAL,2026-02-17T11:30:00,1.999,-3.822,-3.023
STX,BOTTOM,NORMAL,2026-02-17T14:30:00,0.531,-1.851,-4.945
STX,CTRL,NORMAL,2026-02-18T10:30:00,-4.97,-3.523,-1.53
STX,CTRL,NORMAL,2026-02-19T09:30:00,-0.369,-0.271,-2.574
STX,CTRL,NORMAL,2026-02-19T15:30:00,0.58,-3.149,0.22
STX,CTRL,NORMAL,2026-02-20T14:30:00,-0.448,2.613,-0.178
STX,CTRL,NORMAL,2026-02-23T13:30:00,-3.345,-1.414,-6.721
STX,TOP,NORMAL,2026-02-23T14:30:00,-2.717,-0.255,-8.324
STX,CTRL,NORMAL,2026-02-24T12:30:00,3.286,-0.78,-11.153
STX,CTRL,NORMAL,2026-02-25T11:30:00,-5.024,-8.464,-8.175
STX,CTRL,NORMAL,2026-02-26T10:30:00,1.402,-10.771,-8.917
STX,CTRL,NORMAL,2026-02-27T09:30:00,-7.588,-6.502,-11.18
STX,TOP,NORMAL,2026-02-27T15:30:00,-6.972,-8.087,-13.536
STX,CTRL,NORMAL,2026-03-02T14:30:00,-4.264,-2.615,-0.579
STX,CTRL,NORMAL,2026-03-03T13:30:00,5.672,0.535,8.279
STX,CTRL,NORMAL,2026-03-04T12:30:00,-8.177,-6.27,0.336
STX,CTRL,NORMAL,2026-03-05T11:30:00,1.282,9.005,4.473
STX,CTRL,NORMAL,2026-03-06T10:30:00,-1.761,6.153,5.113
STX,CTRL,NORMAL,2026-03-09T09:30:00,9.204,5.437,14.66
STX,CTRL,NORMAL,2026-03-09T15:30:00,2.587,-0.163,6.46
STX,CTRL,NORMAL,2026-03-10T14:30:00,-0.373,-0.908,7.217
STX,CTRL,NORMAL,2026-03-11T13:30:00,-2.176,4.349,8.589
STX,CTRL,NORMAL,2026-03-12T12:30:00,3.437,10.544,13.301
STX,CTRL,NORMAL,2026-03-13T11:30:00,3.459,9.398,10.715
STX,TOP,NORMAL,2026-03-13T15:30:00,3.9,5.977,7.053
STX,CTRL,PARABOLIC,2026-05-18T14:30:00,0.077,10.08,16.086
STX,CTRL,PARABOLIC,2026-05-19T13:30:00,2.486,12.048,19.703
STX,TOP,PARABOLIC,2026-05-19T14:30:00,2.638,11.316,19.543
STX,CTRL,PARABOLIC,2026-05-20T12:30:00,5.324,13.157,18.535
STX,CTRL,PARABOLIC,2026-05-21T11:30:00,2.727,9.718,12.063
STX,CTRL,PARABOLIC,2026-05-22T10:30:00,3.501,10.631,11.209
STX,CTRL,PARABOLIC,2026-05-26T09:30:00,1.768,6.964,11.363
STX,CTRL,PARABOLIC,2026-05-26T15:30:00,2.936,4.053,9.56
STX,CTRL,PARABOLIC,2026-05-27T14:30:00,0.812,5.599,7.59
STX,CTRL,PARABOLIC,2026-05-28T13:30:00,-1.285,4.698,5.677
STX,CTRL,PARABOLIC,2026-05-29T12:30:00,5.829,6.696,-1.62
STX,CTRL,PARABOLIC,2026-06-01T11:30:00,1.102,2.454,-4.001
STX,CTRL,PARABOLIC,2026-06-02T10:30:00,3.289,-4.407,-9.565
STX,CTRL,PARABOLIC,2026-06-03T09:30:00,-1.223,-7.677,-9.861
STX,BOTTOM,PARABOLIC,2026-06-03T14:30:00,-0.655,-7.02,-13.403
STX,CTRL,PARABOLIC,2026-06-03T15:30:00,-1.63,-6.873,-13.33
STX,CTRL,PARABOLIC,2026-06-04T14:30:00,-8.672,-9.02,-7.55
STX,CTRL,NORMAL,2026-06-05T13:30:00,2.879,-4.207,10.004
STX,CTRL,NORMAL,2026-06-08T12:30:00,-4.94,-3.039,13.929
STX,CTRL,NORMAL,2026-06-09T11:30:00,-1.036,13.01,28.826
STX,CTRL,NORMAL,2026-06-10T10:30:00,1.469,22.041,30.928
STX,CTRL,NORMAL,2026-06-11T09:30:00,10.63,25.961,31.12
STX,CTRL,NORMAL,2026-06-11T15:30:00,7.222,18.845,23.274
STX,CTRL,NORMAL,2026-06-12T14:30:00,6.534,15.663,15.636
STX,CTRL,PARABOLIC,2026-06-15T13:30:00,4.643,7.014,3.05
STX,CTRL,PARABOLIC,2026-06-16T12:30:00,3.586,4.483,-6.821
STX,CTRL,PARABOLIC,2026-06-17T11:30:00,-0.596,-4.656,-4.261
STX,CTRL,PARABOLIC,2026-06-18T10:30:00,-0.617,-7.041,-12.971
STX,CTRL,PARABOLIC,2026-06-22T09:30:00,-8.32,-9.843,-18.25
STX,BOTTOM,PARABOLIC,2026-06-22T12:30:00,-5.707,-5.566,-11.134
STX,CTRL,PARABOLIC,2026-06-22T15:30:00,-4.998,-6.306,-11.519
STX,CTRL,PARABOLIC,2026-06-23T14:30:00,-6.85,-12.828,-7.556
STX,TOP,NORMAL,2026-06-24T13:30:00,6.076,0.686,-5.57
STX,CTRL,NORMAL,2026-06-25T12:30:00,-8.261,-8.04,-20.501
STX,CTRL,NORMAL,2026-06-26T11:30:00,2.605,-1.725,-8.331
STX,CTRL,NORMAL,2026-06-29T10:30:00,4.095,-7.318,-11.629
STX,CTRL,NORMAL,2026-06-30T09:30:00,-7.651,-11.247,-14.611
STX,CTRL,NORMAL,2026-06-30T15:30:00,-5.107,-9.918,-10.887
STX,CTRL,NORMAL,2026-07-01T14:30:00,-12.757,-11.158,-2.633
STX,TOP,NORMAL,2026-07-02T13:30:00,6.968,3.725,14.237
STX,CTRL,NORMAL,2026-07-06T12:30:00,-3.856,7.277,-0.205
STX,CTRL,NORMAL,2026-07-07T11:30:00,0.819,12.406,7.197
STX,CTRL,NORMAL,2026-07-08T10:30:00,11.29,6.834,-0.656
STX,CTRL,NORMAL,2026-07-09T09:30:00,-1.602,-4.627,-14.522
STX,CTRL,NORMAL,2026-07-09T15:30:00,2.356,-1.314,-16.215
STX,CTRL,NORMAL,2026-07-10T14:30:00,-6.758,-10.123,-13.488
STX,CTRL,NORMAL,2026-07-13T13:30:00,2.983,-11.893,
HPE,CTRL,NORMAL,2024-10-31T14:30:00,2.266,1.502,10.056
HPE,CTRL,NORMAL,2024-11-01T13:30:00,0.366,6.372,10.42
HPE,CTRL,NORMAL,2024-11-04T12:30:00,-1.092,6.404,9.514
HPE,CTRL,NORMAL,2024-11-05T11:30:00,5.363,10.702,10.156
HPE,CTRL,NORMAL,2024-11-06T10:30:00,1.455,5.239,4.67
HPE,CTRL,NORMAL,2024-11-07T09:30:00,1.395,2.4,1.605
HPE,CTRL,NORMAL,2024-11-07T15:30:00,2.859,1.353,-0.42
HPE,CTRL,PARABOLIC,2024-11-08T14:30:00,-0.159,-0.975,-4.17
HPE,CTRL,PARABOLIC,2024-11-11T13:30:00,-0.637,-2.342,-2.631
HPE,CTRL,NORMAL,2024-11-12T12:30:00,-0.16,-4.036,-2.348
HPE,CTRL,NORMAL,2024-11-13T11:30:00,-1.625,-1.671,-3.045
HPE,BOTTOM,NORMAL,2024-11-13T14:30:00,-1.785,-1.694,-3.365
HPE,CTRL,NORMAL,2024-11-14T10:30:00,-2.265,-1.387,0.532
HPE,CTRL,NORMAL,2024-11-15T09:30:00,2.661,0.777,3.534
HPE,CTRL,NORMAL,2024-11-15T15:30:00,1.567,0.617,4.891
HPE,TOP,NORMAL,2024-11-18T14:30:00,0.233,1.886,3.446
HPE,CTRL,NORMAL,2024-11-19T13:30:00,-1.538,3.123,3.053
HPE,CTRL,NORMAL,2024-11-20T12:30:00,3.374,5.105,-1.654
HPE,CTRL,NORMAL,2024-11-21T11:30:00,1.446,1.193,-2.517
HPE,CTRL,NORMAL,2024-11-22T10:30:00,1.033,-5.147,-3.382
HPE,CTRL,NORMAL,2024-11-25T09:30:00,-1.119,-5.315,-5.427
HPE,CTRL,NORMAL,2024-11-25T15:30:00,-0.495,-3.488,-2.138
HPE,BOTTOM,NORMAL,2024-11-26T14:30:00,-5.438,-3.686,0.865
HPE,CTRL,NORMAL,2024-11-27T13:30:00,3.958,5.6,14.769
HPE,CTRL,NORMAL,2024-12-02T09:30:00,-0.565,4.211,9.951
HPE,CTRL,NORMAL,2024-12-02T15:30:00,0.188,1.734,8.651
HPE,CTRL,NORMAL,2024-12-03T14:30:00,2.446,12.903,3.061
HPE,CTRL,NORMAL,2024-12-04T13:30:00,1.38,7.131,1.081
HPE,CTRL,NORMAL,2025-01-21T11:30:00,4.057,4.356,-9.011
HPE,CTRL,NORMAL,2025-01-22T10:30:00,-0.512,-6.722,-10.164
HPE,CTRL,NORMAL,2025-01-23T09:30:00,0.679,-10.761,-10.144
HPE,BOTTOM,NORMAL,2025-01-23T14:30:00,0.227,-11.421,-12.433
HPE,CTRL,NORMAL,2025-01-23T15:30:00,0.0,-11.905,-13.075
HPE,CTRL,NORMAL,2025-01-24T14:30:00,-6.223,-9.911,-13.291
HPE,CTRL,NORMAL,2025-01-27T13:30:00,-6.084,-6.857,-9.134
HPE,CTRL,NORMAL,2025-01-28T12:30:00,4.152,0.283,-2.406
HPE,TOP,NORMAL,2025-01-28T14:30:00,1.935,-1.889,-3.497
HPE,CTRL,NORMAL,2025-01-29T11:30:00,-4.936,-6.76,-3.681
HPE,CTRL,NORMAL,2025-01-30T10:30:00,-1.719,-4.812,-1.948
HPE,CTRL,NORMAL,2025-01-31T09:30:00,-2.159,-0.657,0.634
HPE,CTRL,NORMAL,2025-01-31T15:30:00,-3.308,0.945,0.473
HPE,CTRL,NORMAL,2025-02-03T14:30:00,0.877,3.656,4.241
HPE,CTRL,NORMAL,2025-02-04T13:30:00,3.256,2.05,2.58
HPE,CTRL,NORMAL,2025-02-05T12:30:00,0.635,0.003,-0.447
HPE,CTRL,NORMAL,2025-08-27T14:30:00,2.039,-1.206,2.456
HPE,CTRL,PARABOLIC,2025-08-28T13:30:00,-2.611,-1.446,0.928
HPE,CTRL,NORMAL,2025-08-29T12:30:00,-0.444,4.675,3.862
HPE,CTRL,NORMAL,2025-09-02T11:30:00,2.304,3.8,6.799
HPE,CTRL,NORMAL,2025-09-03T10:30:00,5.232,2.474,6.721
HPE,CTRL,NORMAL,2025-09-04T09:30:00,-3.853,-0.295,3.306
HPE,CTRL,NORMAL,2025-09-04T15:30:00,1.641,3.175,7.387
HPE,BOTTOM,NORMAL,2025-09-05T14:30:00,-0.319,4.02,5.806
HPE,CTRL,NORMAL,2025-09-08T13:30:00,2.119,5.994,5.681
HPE,CTRL,NORMAL,2025-09-09T12:30:00,2.475,4.489,2.685
HPE,CTRL,PARABOLIC,2025-09-10T11:30:00,2.463,2.212,2.398
HPE,CTRL,PARABOLIC,2025-09-11T10:30:00,0.726,-1.27,1.088
HPE,CTRL,PARABOLIC,2025-09-12T09:30:00,-0.302,-0.201,0.623
HPE,CTRL,PARABOLIC,2025-09-12T15:30:00,0.445,0.142,1.051
HPE,CTRL,PARABOLIC,2025-09-15T14:30:00,-1.292,1.918,1.676
HPE,CTRL,PARABOLIC,2025-09-16T13:30:00,1.473,2.864,1.477
HPE,CTRL,PARABOLIC,2025-09-17T12:30:00,2.085,1.376,-0.991
HPE,CTRL,PARABOLIC,2025-09-18T11:30:00,-0.635,-0.043,-4.404
HPE,CTRL,PARABOLIC,2025-09-19T10:30:00,1.123,-1.015,-3.87
HPE,CTRL,PARABOLIC,2025-09-22T09:30:00,0.239,-3.977,-3.182
HPE,CTRL,PARABOLIC,2025-09-22T15:30:00,-1.847,-3.834,-4.052
HPE,CTRL,NORMAL,2025-09-23T14:30:00,-1.412,-3.399,-1.271
HPE,CTRL,NORMAL,2025-09-24T13:30:00,-1.182,-1.105,0.798
HPE,CTRL,NORMAL,2025-09-25T12:30:00,-0.584,-0.196,1.526
HPE,CTRL,NORMAL,2025-09-26T11:30:00,0.19,2.303,2.552
HPE,CTRL,NORMAL,2025-09-29T10:30:00,-0.847,0.845,2.947
HPE,TOP,NORMAL,2025-09-29T14:30:00,1.199,1.406,2.936
HPE,CTRL,NORMAL,2025-09-30T09:30:00,2.07,2.271,4.811
HPE,CTRL,NORMAL,2025-09-30T15:30:00,1.609,-0.489,1.487
HPE,CTRL,NORMAL,2025-10-01T14:30:00,-1.089,0.403,4.699
HPE,CTRL,NORMAL,2025-10-02T13:30:00,-0.203,0.624,6.056
HPE,BOTTOM,NORMAL,2025-10-03T09:30:00,0.666,4.644,3.897
HPE,CTRL,NORMAL,2025-10-03T12:30:00,1.993,5.632,1.525
HPE,CTRL,NORMAL,2025-10-06T11:30:00,-1.431,4.234,0.434
HPE,CTRL,NORMAL,2025-10-07T10:30:00,5.142,0.141,0.763
HPE,CTRL,PARABOLIC,2025-10-08T09:30:00,-0.27,-3.145,-0.424
HPE,CTRL,PARABOLIC,2025-10-08T15:30:00,0.633,-5.024,-4.046
HPE,CTRL,PARABOLIC,2025-10-09T14:30:00,-5.455,-3.296,-13.872
HPE,BOTTOM,PARABOLIC,2025-10-09T15:30:00,-6.974,-4.802,-14.158
HPE,CTRL,NORMAL,2025-10-10T13:30:00,0.5,1.839,-8.197
HPE,TOP,NORMAL,2025-10-10T14:30:00,1.379,4.675,-6.086
HPE,CTRL,NORMAL,2025-10-13T12:30:00,-0.751,-9.939,-10.354
HPE,CTRL,NORMAL,2025-10-14T11:30:00,0.733,-9.275,-7.828
HPE,CTRL,NORMAL,2025-10-15T10:30:00,-12.396,-11.463,-11.522
HPE,CTRL,NORMAL,2025-10-16T09:30:00,-2.394,-0.733,0.173
HPE,CTRL,NORMAL,2025-10-16T15:30:00,1.909,3.352,2.997
HPE,CTRL,NORMAL,2025-10-17T14:30:00,-1.554,-0.712,1.273
HPE,CTRL,NORMAL,2025-10-20T13:30:00,2.251,1.511,4.884
HPE,CTRL,NORMAL,2025-10-21T12:30:00,-2.512,0.643,4.335
HPE,CTRL,NORMAL,2025-10-22T11:30:00,1.74,3.632,6.024
HPE,CTRL,NORMAL,2025-12-17T12:30:00,0.001,2.734,2.087
HPE,CTRL,NORMAL,2025-12-18T11:30:00,3.186,4.198,3.376
HPE,CTRL,NORMAL,2025-12-19T10:30:00,0.572,0.368,-0.735
HPE,CTRL,NORMAL,2025-12-22T09:30:00,0.347,-0.143,-1.021
HPE,CTRL,NORMAL,2025-12-22T15:30:00,-0.486,-1.781,-2.814
HPE,BOTTOM,NORMAL,2025-12-23T14:30:00,-0.547,-1.4,-2.293
HPE,CTRL,NORMAL,2025-12-26T10:30:00,-0.613,-1.636,-1.799
HPE,CTRL,NORMAL,2025-12-29T09:30:00,0.082,-1.378,-0.411
HPE,CTRL,NORMAL,2025-12-29T15:30:00,-1.027,-0.739,-2.3
HPE,TOP,NORMAL,2025-12-30T14:30:00,-1.117,-0.621,-6.518
HPE,CTRL,NORMAL,2026-04-01T09:30:00,0.269,1.036,2.361
HPE,CTRL,NORMAL,2026-04-01T15:30:00,2.627,2.815,3.503
HPE,CTRL,NORMAL,2026-04-02T14:30:00,-0.102,0.591,1.976
HPE,CTRL,NORMAL,2026-04-06T13:30:00,-0.469,1.263,-0.105
HPE,CTRL,NORMAL,2026-04-07T12:30:00,1.717,1.798,-0.266
HPE,CTRL,NORMAL,2026-04-08T11:30:00,-0.843,0.682,-2.167
HPE,CTRL,NORMAL,2026-04-09T10:30:00,0.285,-1.261,3.905
HPE,CTRL,NORMAL,2026-04-10T09:30:00,-0.614,0.327,7.08
HPE,CTRL,NORMAL,2026-04-10T15:30:00,-0.382,-1.124,6.185
HPE,CTRL,NORMAL,2026-04-13T14:30:00,-0.488,4.598,12.798
HPE,CTRL,NORMAL,2026-04-14T13:30:00,1.75,8.441,18.53
HPE,CTRL,PARABOLIC,2026-04-28T09:30:00,0.686,3.555,7.272
HPE,CTRL,PARABOLIC,2026-04-28T15:30:00,1.324,2.254,7.478
HPE,CTRL,PARABOLIC,2026-04-29T14:30:00,0.862,1.425,6.176
HPE,CTRL,PARABOLIC,2026-04-30T13:30:00,1.071,4.04,3.408
HPE,CTRL,PARABOLIC,2026-05-01T12:30:00,0.052,3.903,6.574
HPE,CTRL,PARABOLIC,2026-05-04T11:30:00,3.619,2.923,8.109
HPE,CTRL,PARABOLIC,2026-05-05T10:30:00,1.389,2.101,0.356
HPE,CTRL,PARABOLIC,2026-05-06T09:30:00,0.71,5.645,5.019
HPE,CTRL,PARABOLIC,2026-05-06T15:30:00,-2.19,1.63,5.648
HPE,CTRL,PARABOLIC,2026-05-07T14:30:00,4.615,1.352,14.607
HPE,BOTTOM,PARABOLIC,2026-05-08T10:30:00,3.435,2.423,9.459
HPE,CTRL,PARABOLIC,2026-05-08T13:30:00,-0.129,4.777,6.907
HPE,CTRL,PARABOLIC,2026-05-11T12:30:00,-3.019,8.456,6.687
HPE,CTRL,PARABOLIC,2026-05-12T11:30:00,5.817,11.397,10.281
HPE,CTRL,PARABOLIC,2026-05-13T10:30:00,12.233,6.594,8.571
HPE,CTRL,PARABOLIC,2026-05-14T09:30:00,-2.236,-4.916,-1.392
HPE,CTRL,PARABOLIC,2026-05-14T15:30:00,-2.96,-4.382,-0.469
HPE,CTRL,PARABOLIC,2026-05-15T14:30:00,-1.362,1.952,13.073
HPE,CTRL,PARABOLIC,2026-05-18T13:30:00,0.4,2.921,17.171
HPE,CTRL,PARABOLIC,2026-05-19T12:30:00,2.81,14.021,12.973
HPE,CTRL,PARABOLIC,2026-05-20T11:30:00,-0.965,13.142,11.36
HPE,CTRL,PARABOLIC,2026-05-21T10:30:00,11.846,11.756,33.082
HPE,CTRL,PARABOLIC,2026-05-22T09:30:00,3.357,0.996,23.987
HPE,CTRL,PARABOLIC,2026-05-22T15:30:00,1.317,1.703,25.163
HPE,CTRL,PARABOLIC,2026-05-26T14:30:00,-2.172,13.165,46.564
HPE,CTRL,PARABOLIC,2026-05-27T13:30:00,0.737,23.28,48.74
HPE,CTRL,PARABOLIC,2026-05-28T12:30:00,15.116,43.982,44.009
HPE,BOTTOM,PARABOLIC,2026-05-28T14:30:00,13.734,47.301,43.517
HPE,CTRL,PARABOLIC,2026-05-29T11:30:00,3.938,27.726,14.139
HPE,CTRL,PARABOLIC,2026-06-01T10:30:00,28.439,17.068,11.345
HPE,CTRL,PARABOLIC,2026-06-02T09:30:00,-8.264,-15.143,-17.965
HPE,CTRL,PARABOLIC,2026-06-02T15:30:00,-1.754,-12.458,-14.061
HPE,CTRL,PARABOLIC,2026-06-03T14:30:00,-2.014,-9.955,-18.555
HPE,CTRL,PARABOLIC,2026-06-04T13:30:00,-9.427,-12.215,-15.012
HPE,CTRL,PARABOLIC,2026-06-05T12:30:00,0.736,-7.564,-0.837
HPE,CTRL,PARABOLIC,2026-06-08T11:30:00,-7.51,-9.965,-3.392
HPE,CTRL,PARABOLIC,2026-06-09T10:30:00,-2.367,4.798,2.653
HPE,CTRL,PARABOLIC,2026-06-10T09:30:00,-2.73,3.978,7.061
HPE,CTRL,PARABOLIC,2026-06-10T15:30:00,2.835,7.648,5.923
HPE,CTRL,PARABOLIC,2026-06-11T14:30:00,4.956,5.28,1.519
HPE,CTRL,PARABOLIC,2026-06-12T13:30:00,-0.231,0.511,-0.787
HPE,TOP,PARABOLIC,2026-06-15T09:30:00,1.149,-2.449,-3.067
HPE,CTRL,PARABOLIC,2026-06-15T12:30:00,0.914,-2.095,2.085
HPE,CTRL,PARABOLIC,2026-06-16T11:30:00,2.006,-1.054,1.29
HPE,CTRL,PARABOLIC,2026-06-17T10:30:00,-4.276,-4.695,-6.553
HPE,CTRL,PARABOLIC,2026-06-18T09:30:00,2.311,4.372,-7.826
HPE,CTRL,PARABOLIC,2026-06-18T15:30:00,2.12,2.858,-7.898
HPE,CTRL,PARABOLIC,2026-06-22T14:30:00,3.136,-3.168,-7.036
HPE,CTRL,PARABOLIC,2026-06-23T13:30:00,-1.807,-12.004,-9.621
HPE,CTRL,PARABOLIC,2026-06-24T12:30:00,-3.963,-10.33,-9.796
NBIS,CTRL,NORMAL,2025-10-20T12:30:00,-6.643,-5.933,11.623
NBIS,TOP,NORMAL,2025-10-20T14:30:00,-6.08,-2.418,16.339
NBIS,CTRL,NORMAL,2025-10-21T11:30:00,-8.777,9.446,20.882
NBIS,CTRL,NORMAL,2025-10-22T10:30:00,8.335,25.335,27.798
NBIS,CTRL,NORMAL,2025-10-23T09:30:00,9.089,19.661,18.796
NBIS,CTRL,NORMAL,2025-10-23T15:30:00,10.395,14.716,16.9
NBIS,CTRL,NORMAL,2025-10-24T14:30:00,8.649,6.581,13.461
NBIS,CTRL,NORMAL,2025-10-27T13:30:00,1.282,2.048,-1.766
NBIS,CTRL,NORMAL,2025-10-28T12:30:00,-2.618,2.579,-12.257
NBIS,CTRL,NORMAL,2025-10-29T11:30:00,2.842,2.158,-4.489
NBIS,CTRL,NORMAL,2025-10-30T10:30:00,4.799,-9.073,-9.671
NBIS,CTRL,NORMAL,2025-10-31T09:30:00,-4.407,-11.449,-18.154
NBIS,CTRL,NORMAL,2025-10-31T15:30:00,-7.859,-10.563,-14.877
NBIS,CTRL,NORMAL,2025-11-03T14:30:00,-8.425,-9.687,-7.781
NBIS,CTRL,NORMAL,2025-11-04T13:30:00,3.163,-3.203,-8.611
NBIS,CTRL,NORMAL,2025-11-05T12:30:00,-3.671,-1.871,-18.871
NBIS,CTRL,NORMAL,2025-11-06T11:30:00,-3.048,-0.298,-18.518
NBIS,CTRL,NORMAL,2025-11-07T10:30:00,5.626,-9.357,-15.665
NBIS,TOP,NORMAL,2026-01-26T14:30:00,7.228,-0.318,-9.657
NBIS,CTRL,NORMAL,2026-01-27T13:30:00,-0.01,-10.359,-16.206
NBIS,CTRL,NORMAL,2026-01-28T12:30:00,-4.116,-11.061,-25.327
NBIS,CTRL,NORMAL,2026-01-29T11:30:00,-6.501,-16.085,-9.242
NBIS,CTRL,NORMAL,2026-01-30T10:30:00,0.137,-12.251,5.19
NBIS,CTRL,NORMAL,2026-02-03T11:30:00,-9.479,-2.958,6.363
NBIS,CTRL,NORMAL,2026-02-04T10:30:00,-4.518,13.16,10.354
NBIS,CTRL,NORMAL,2026-02-05T09:30:00,7.504,23.398,17.215
NBIS,CTRL,NORMAL,2026-02-05T15:30:00,16.775,24.464,21.264
NBIS,CTRL,NORMAL,2026-02-06T14:30:00,8.329,2.802,10.75
NBIS,CTRL,NORMAL,2026-02-09T13:30:00,0.732,-5.182,5.57
NBIS,CTRL,NORMAL,2026-02-10T12:30:00,-5.251,2.247,8.517
NBIS,CTRL,NORMAL,2026-02-11T11:30:00,-3.926,6.531,19.176
NBIS,BOTTOM,NORMAL,2026-02-11T15:30:00,0.96,10.184,21.508
NBIS,CTRL,NORMAL,2026-03-23T14:30:00,0.842,-7.791,-21.361
NBIS,CTRL,NORMAL,2026-03-24T13:30:00,0.507,-11.28,-10.804
NBIS,CTRL,NORMAL,2026-03-25T12:30:00,-7.035,-21.069,-9.135
NBIS,TOP,NORMAL,2026-03-25T15:30:00,-7.871,-19.844,-11.46
NBIS,CTRL,NORMAL,2026-03-26T11:30:00,-4.143,-8.156,-0.912
NBIS,CTRL,NORMAL,2026-03-27T10:30:00,-9.893,-0.523,9.351
NBIS,CTRL,NORMAL,2026-03-30T09:30:00,4.727,10.937,19.405
NBIS,CTRL,NORMAL,2026-03-30T15:30:00,12.421,17.9,27.26
NBIS,CTRL,NORMAL,2026-03-31T14:30:00,-0.143,10.155,20.08
NBIS,CTRL,NORMAL,2026-04-01T13:30:00,3.863,13.741,29.339
NBIS,CTRL,NORMAL,2026-04-02T12:30:00,4.541,15.89,36.023
NBIS,CTRL,NORMAL,2026-04-06T11:30:00,3.143,16.995,39.617
NBIS,CTRL,NORMAL,2026-04-07T10:30:00,6.627,29.169,42.576
NBIS,BOTTOM,NORMAL,2026-04-07T14:30:00,6.757,25.876,41.275
NBIS,CTRL,NORMAL,2026-04-08T09:30:00,2.859,27.845,29.728
NBIS,CTRL,NORMAL,2026-04-08T15:30:00,9.015,23.646,33.405
NBIS,CTRL,NORMAL,2026-04-09T14:30:00,7.954,21.16,22.296
NBIS,CTRL,NORMAL,2026-04-10T13:30:00,5.075,10.213,6.129
NBIS,CTRL,PARABOLIC,2026-04-13T12:30:00,4.628,3.168,0.552
NBIS,CTRL,PARABOLIC,2026-04-14T11:30:00,-0.201,-3.358,-2.552
NBIS,CTRL,PARABOLIC,2026-04-15T10:30:00,2.04,-0.776,0.71
NBIS,CTRL,PARABOLIC,2026-04-16T09:30:00,-3.494,-1.07,-1.381
NBIS,CTRL,PARABOLIC,2026-04-16T15:30:00,-5.026,-5.341,-4.99
NBIS,CTRL,NORMAL,2026-04-17T14:30:00,0.695,-0.206,-4.378
NBIS,CTRL,NORMAL,2026-04-20T13:30:00,-0.016,-0.104,-8.226
NBIS,CTRL,NORMAL,2026-04-21T12:30:00,0.33,-6.086,-14.9
NBIS,TOP,NORMAL,2026-04-21T14:30:00,-1.257,-5.385,-15.192
NBIS,CTRL,NORMAL,2026-04-22T11:30:00,-0.46,-11.501,-14.915
NBIS,CTRL,NORMAL,2026-04-23T10:30:00,-6.883,-18.12,-16.184
NBIS,CTRL,NORMAL,2026-04-24T09:30:00,-6.23,-10.104,-1.512
NBIS,TOP,NORMAL,2026-04-24T14:30:00,-3.944,-5.296,1.62
NBIS,CTRL,NORMAL,2026-04-24T15:30:00,-1.516,-4.023,4.968
NBIS,CTRL,NORMAL,2026-04-27T14:30:00,-6.685,-5.012,22.814
NBIS,CTRL,NORMAL,2026-04-28T13:30:00,3.691,13.063,29.61
NBIS,CTRL,NORMAL,2026-04-29T12:30:00,1.68,29.334,41.539
NBIS,CTRL,NORMAL,2026-04-30T11:30:00,11.866,28.063,30.348
NBIS,CTRL,NORMAL,2026-05-01T10:30:00,11.568,23.925,16.769
NBIS,CTRL,NORMAL,2026-05-04T09:30:00,3.353,13.759,11.441
NBIS,CTRL,NORMAL,2026-05-04T15:30:00,-0.289,4.81,5.53
NBIS,CTRL,NORMAL,2026-05-05T14:30:00,11.166,0.941,1.169
NBIS,CTRL,PARABOLIC,2026-05-06T13:30:00,-5.966,-2.542,9.746
NBIS,CTRL,NORMAL,2026-05-07T12:30:00,-0.865,-2.751,24.123
NBIS,CTRL,NORMAL,2026-05-08T11:30:00,7.514,17.959,19.997
NBIS,CTRL,NORMAL,2026-05-11T10:30:00,-10.261,18.245,2.052
NBIS,CTRL,NORMAL,2026-05-12T09:30:00,14.748,25.042,3.847
NBIS,CTRL,NORMAL,2026-05-12T15:30:00,15.567,22.723,10.362
NBIS,CTRL,PARABOLIC,2026-05-13T14:30:00,5.615,-8.751,-9.618
NBIS,CTRL,PARABOLIC,2026-05-14T13:30:00,-1.766,-11.134,-2.105
NBIS,CTRL,PARABOLIC,2026-05-15T12:30:00,-10.068,-10.252,0.009
NBIS,CTRL,NORMAL,2026-05-18T11:30:00,0.941,16.635,8.863
NBIS,CTRL,NORMAL,2026-05-19T10:30:00,2.824,14.074,4.905
NBIS,CTRL,NORMAL,2026-05-20T09:30:00,15.168,8.959,13.282
NBIS,CTRL,NORMAL,2026-05-20T15:30:00,14.551,8.417,17.904
NBIS,BOTTOM,NORMAL,2026-05-21T12:30:00,-2.715,-7.639,-0.166
NBIS,CTRL,NORMAL,2026-05-21T14:30:00,-3.458,-5.31,1.717
NBIS,CTRL,NORMAL,2026-05-22T13:30:00,-3.32,6.111,26.714
NBIS,CTRL,NORMAL,2026-05-26T12:30:00,-1.627,6.332,25.239
NBIS,CTRL,NORMAL,2026-05-27T11:30:00,9.821,29.995,20.218
NBIS,CTRL,NORMAL,2026-05-28T10:30:00,-3.157,15.314,8.404
NBIS,CTRL,NORMAL,2026-05-29T09:30:00,24.824,21.842,10.254
NBIS,CTRL,NORMAL,2026-05-29T15:30:00,14.477,8.896,-1.312
NBIS,CTRL,PARABOLIC,2026-06-01T14:30:00,-1.184,-0.812,-17.374
NBIS,CTRL,PARABOLIC,2026-06-02T13:30:00,-3.86,-16.812,-17.412
NBIS,CTRL,PARABOLIC,2026-06-03T12:30:00,2.887,-10.292,-13.336
NBIS,CTRL,PARABOLIC,2026-06-04T11:30:00,-10.163,-19.342,-15.041
NBIS,CTRL,NORMAL,2026-06-05T10:30:00,-0.735,-7.314,1.314
NBIS,CTRL,NORMAL,2026-06-08T09:30:00,-0.453,-6.612,8.972
NBIS,TOP,NORMAL,2026-06-08T14:30:00,-0.833,3.217,17.604
NBIS,CTRL,NORMAL,2026-06-08T15:30:00,1.06,2.133,19.346
NBIS,CTRL,NORMAL,2026-06-09T14:30:00,-2.271,7.613,23.75
NBIS,CTRL,NORMAL,2026-06-10T13:30:00,0.032,19.433,32.327
NBIS,CTRL,NORMAL,2026-06-11T12:30:00,9.828,24.711,30.974
NBIS,CTRL,NORMAL,2026-06-12T11:30:00,11.426,21.259,19.913
NBIS,CTRL,NORMAL,2026-06-15T10:30:00,3.95,13.62,8.72
NBIS,CTRL,NORMAL,2026-06-16T09:30:00,6.143,8.327,-3.227
NBIS,BOTTOM,NORMAL,2026-06-16T14:30:00,6.775,4.336,-5.773
NBIS,CTRL,NORMAL,2026-06-16T15:30:00,6.104,7.161,-1.919
NBIS,CTRL,NORMAL,2026-06-17T14:30:00,-1.142,-3.524,-11.253
NBIS,CTRL,NORMAL,2026-06-18T13:30:00,0.307,-9.814,-16.376
NBIS,CTRL,NORMAL,2026-06-22T12:30:00,1.028,-7.837,-7.661
NBIS,CTRL,NORMAL,2026-06-23T11:30:00,-7.636,-14.799,-0.084
NBIS,CTRL,NORMAL,2026-06-24T10:30:00,-0.843,-3.385,-6.286
NBIS,CTRL,NORMAL,2026-06-25T09:30:00,-4.795,10.138,-15.204
NBIS,TOP,NORMAL,2026-06-25T14:30:00,-6.753,9.739,-17.193
NBIS,CTRL,NORMAL,2026-06-25T15:30:00,-6.295,7.652,-15.954
NBIS,CTRL,NORMAL,2026-06-26T14:30:00,10.615,-1.69,-9.517
NBIS,CTRL,NORMAL,2026-06-29T13:30:00,7.646,-18.117,-22.305
NBIS,CTRL,NORMAL,2026-06-30T12:30:00,-15.52,-23.56,-25.828
NBIS,CTRL,NORMAL,2026-07-01T11:30:00,-12.554,-14.803,-10.134
NBIS,CTRL,NORMAL,2026-07-02T10:30:00,2.994,-4.983,2.271
NBIS,CTRL,NORMAL,2026-07-06T09:30:00,-11.293,-2.1,-1.346
NBIS,CTRL,NORMAL,2026-07-06T15:30:00,-8.374,1.536,-1.122
NBIS,CTRL,NORMAL,2026-07-07T14:30:00,7.958,11.795,0.364
NBIS,CTRL,NORMAL,2026-07-08T13:30:00,5.275,-2.115,-5.314
NBIS,CTRL,NORMAL,2026-07-09T12:30:00,1.643,-10.754,-20.672
NBIS,CTRL,NORMAL,2026-07-10T11:30:00,-2.79,-12.953,-18.358
NBIS,CTRL,NORMAL,2026-07-13T10:30:00,-6.432,-17.357,
NBIS,CTRL,NORMAL,2026-07-14T09:30:00,-1.977,-11.383,
NBIS,TOP,NORMAL,2026-07-14T14:30:00,-0.035,-9.601,
NBIS,CTRL,NORMAL,2026-07-14T15:30:00,2.794,-8.165,
NBIS,CTRL,NORMAL,2026-07-15T14:30:00,-12.008,,
NBIS,CTRL,NORMAL,2026-07-16T13:30:00,4.515,,
NBIS,CTRL,NORMAL,2026-07-17T12:30:00,,,
BE,CTRL,NORMAL,2025-02-20T11:30:00,-3.254,-16.202,-9.224
BE,CTRL,NORMAL,2025-02-21T10:30:00,-10.783,-6.848,-9.238
BE,CTRL,NORMAL,2025-02-24T09:30:00,-7.391,8.37,11.064
BE,CTRL,NORMAL,2025-02-24T15:30:00,-3.26,1.322,3.304
BE,TOP,NORMAL,2025-02-25T13:30:00,8.692,9.434,5.372
BE,CTRL,NORMAL,2025-02-25T14:30:00,4.081,7.599,3.991
BE,CTRL,NORMAL,2025-02-26T13:30:00,0.769,2.136,1.773
BE,CTRL,NORMAL,2025-03-25T12:30:00,-5.092,-12.463,-11.525
BE,TOP,NORMAL,2025-03-26T11:30:00,-2.014,-11.885,-4.454
BE,CTRL,NORMAL,2025-03-27T10:30:00,-5.979,-5.774,-12.141
BE,CTRL,NORMAL,2025-03-28T09:30:00,-11.075,-2.178,-22.776
BE,CTRL,NORMAL,2025-03-28T15:30:00,-3.248,3.888,-18.307
BE,CTRL,NORMAL,2025-03-31T14:30:00,7.383,-2.317,-13.977
BE,CTRL,NORMAL,2025-04-01T13:30:00,-0.048,-20.039,-18.349
BE,CTRL,NORMAL,2025-04-02T12:30:00,-8.997,-16.627,-21.573
BE,CTRL,NORMAL,2025-04-03T11:30:00,-15.505,-10.491,-15.14
BE,CTRL,NORMAL,2025-04-04T10:30:00,0.357,-7.832,0.298
BE,CTRL,NORMAL,2025-04-07T09:30:00,5.485,2.401,6.493
BE,CTRL,NORMAL,2025-04-07T15:30:00,-1.276,-2.204,3.828
BE,CTRL,NORMAL,2025-04-08T14:30:00,9.211,5.599,9.482
BE,CTRL,NORMAL,2025-04-09T13:30:00,-8.174,-2.017,-3.896
BE,CTRL,NORMAL,2025-04-10T12:30:00,4.041,10.555,2.955
BE,CTRL,NORMAL,2025-04-11T11:30:00,1.502,3.46,-6.066
BE,CTRL,NORMAL,2025-04-14T10:30:00,3.499,-4.233,-3.809
BE,CTRL,NORMAL,2025-04-15T09:30:00,-3.577,-10.298,-0.325
BE,CTRL,NORMAL,2025-04-15T15:30:00,-2.554,-10.449,-5.86
BE,CTRL,NORMAL,2025-05-05T14:30:00,-1.039,6.247,13.262
BE,CTRL,NORMAL,2025-05-06T13:30:00,-0.306,7.075,17.856
BE,CTRL,NORMAL,2025-05-07T12:30:00,7.404,15.407,21.609
BE,CTRL,NORMAL,2025-05-08T11:30:00,-1.831,10.959,12.189
BE,CTRL,NORMAL,2025-05-09T10:30:00,9.038,14.89,14.513
BE,BOTTOM,NORMAL,2025-05-12T09:30:00,0.955,2.599,2.44
BE,CTRL,NORMAL,2025-05-12T15:30:00,1.109,4.699,1.584
BE,CTRL,NORMAL,2025-05-13T14:30:00,4.8,4.567,-0.986
BE,CTRL,NORMAL,2025-05-14T13:30:00,-1.32,-5.232,-8.819
BE,CTRL,NORMAL,2025-05-15T12:30:00,1.551,-2.67,-8.786
BE,CTRL,NORMAL,2025-05-16T11:30:00,-5.674,-7.731,-4.306
BE,CTRL,NORMAL,2025-05-19T10:30:00,1.706,-4.907,3.831
BE,CTRL,NORMAL,2025-05-20T09:30:00,-4.303,-1.296,0.881
BE,TOP,NORMAL,2025-05-20T15:30:00,-4.762,1.988,2.616
BE,CTRL,NORMAL,2025-05-21T14:30:00,0.861,8.142,2.843
BE,CTRL,NORMAL,2025-05-22T13:30:00,7.635,7.607,2.832
BE,CTRL,NORMAL,2025-05-23T12:30:00,0.512,-3.484,-5.738
BE,CTRL,NORMAL,2025-05-27T11:30:00,-2.303,-6.275,1.063
BE,CTRL,NORMAL,2025-05-28T10:30:00,0.431,-3.384,5.805
BE,CTRL,NORMAL,2025-05-29T09:30:00,-2.467,1.444,6.22
BE,CTRL,NORMAL,2025-05-29T15:30:00,-0.699,9.79,10.005
BE,BOTTOM,NORMAL,2025-05-30T14:30:00,-1.208,9.372,16.3
BE,CTRL,NORMAL,2025-06-02T13:30:00,11.492,12.255,17.838
BE,CTRL,NORMAL,2025-06-03T12:30:00,1.593,6.272,8.636
BE,CTRL,NORMAL,2025-06-04T11:30:00,3.508,6.572,10.796
BE,CTRL,NORMAL,2025-06-05T10:30:00,3.739,4.853,5.478
BE,CTRL,NORMAL,2025-06-06T09:30:00,0.442,2.654,0.838
BE,CTRL,NORMAL,2025-06-06T15:30:00,-1.563,3.608,0.919
BE,CTRL,NORMAL,2025-06-09T14:30:00,0.767,2.858,6.321
BE,BOTTOM,NORMAL,2025-06-10T13:30:00,4.397,1.954,-0.799
BE,CTRL,NORMAL,2025-06-11T12:30:00,-2.116,-0.353,-5.423
BE,CTRL,NORMAL,2025-06-12T11:30:00,-1.445,-1.4,-2.348
BE,CTRL,NORMAL,2025-06-13T10:30:00,4.147,0.14,3.433
BE,CTRL,NORMAL,2025-06-16T09:30:00,-5.201,-5.288,-1.726
BE,CTRL,NORMAL,2025-06-16T15:30:00,-6.918,-4.976,0.087
BE,CTRL,NORMAL,2025-06-17T14:30:00,-0.186,5.733,1.818
BE,CTRL,NORMAL,2025-06-18T13:30:00,1.162,5.16,2.743
BE,CTRL,NORMAL,2025-06-20T12:30:00,3.812,3.29,4.51
BE,CTRL,NORMAL,2025-06-23T11:30:00,2.125,1.72,11.763
BE,CTRL,NORMAL,2025-06-24T10:30:00,-0.402,1.207,-3.397
BE,CTRL,NORMAL,2025-06-25T09:30:00,-1.627,8.721,2.169
BE,CTRL,NORMAL,2025-06-25T15:30:00,3.287,10.648,4.444
BE,BOTTOM,NORMAL,2025-06-26T14:30:00,-0.18,-0.518,10.401
BE,CTRL,NORMAL,2025-06-27T13:30:00,8.733,3.756,9.989
BE,TOP,NORMAL,2025-06-27T14:30:00,8.57,3.53,10.059
BE,CTRL,NORMAL,2025-06-30T12:30:00,-6.522,2.341,16.639
BE,CTRL,NORMAL,2025-07-01T11:30:00,1.502,9.283,28.7
BE,CTRL,NORMAL,2025-07-02T10:30:00,7.518,8.296,16.926
BE,CTRL,NORMAL,2025-07-03T09:30:00,-0.921,16.367,3.867
BE,CTRL,NORMAL,2025-07-07T12:30:00,0.901,6.631,4.298
BE,CTRL,NORMAL,2025-07-08T11:30:00,17.623,4.119,5.287
BE,CTRL,PARABOLIC,2025-07-09T10:30:00,-9.042,-9.829,-14.358
BE,CTRL,NORMAL,2025-07-10T09:30:00,0.445,0.046,-3.638
BE,BOTTOM,NORMAL,2025-07-10T14:30:00,-3.804,-4.337,-6.943
BE,CTRL,NORMAL,2025-07-10T15:30:00,-1.893,-2.279,-6.064
BE,CTRL,NORMAL,2025-07-11T14:30:00,2.037,-3.263,-1.977
BE,CTRL,NORMAL,2025-07-14T13:30:00,-1.185,-4.371,0.758
BE,CTRL,NORMAL,2025-07-15T12:30:00,-3.518,-3.184,-0.708
BE,CTRL,NORMAL,2025-07-16T11:30:00,-0.061,4.755,7.306
BE,CTRL,NORMAL,2025-07-17T10:30:00,-0.242,1.352,33.697
BE,CTRL,NORMAL,2025-07-18T09:30:00,5.678,7.19,40.768
BE,CTRL,NORMAL,2025-07-18T15:30:00,1.44,7.6,37.32
BE,CTRL,NORMAL,2025-07-21T14:30:00,0.973,27.715,34.293
BE,CTRL,NORMAL,2025-07-22T13:30:00,4.338,32.063,35.756
BE,CTRL,NORMAL,2025-07-23T12:30:00,27.813,31.404,42.088
BE,CTRL,PARABOLIC,2025-07-24T11:30:00,2.599,3.004,14.352
BE,CTRL,PARABOLIC,2025-07-25T10:30:00,-1.636,7.304,3.103
BE,CTRL,PARABOLIC,2025-07-28T09:30:00,3.896,14.271,5.933
BE,BOTTOM,PARABOLIC,2025-07-28T15:30:00,-0.058,7.664,3.796
BE,CTRL,PARABOLIC,2025-07-29T14:30:00,7.37,6.545,8.862
BE,CTRL,PARABOLIC,2025-07-30T13:30:00,-0.647,-5.693,3.923
BE,CTRL,PARABOLIC,2025-07-31T12:30:00,-2.084,0.794,-3.968
BE,CTRL,PARABOLIC,2025-08-01T11:30:00,-5.699,5.286,-0.854
BE,CTRL,PARABOLIC,2025-08-04T10:30:00,4.705,2.64,4.129
BE,CTRL,PARABOLIC,2025-08-05T09:30:00,-0.353,-2.574,2.443
BE,CTRL,PARABOLIC,2025-08-05T15:30:00,3.328,-2.048,9.816
BE,CTRL,PARABOLIC,2025-08-06T14:30:00,-6.3,-2.612,12.676
BE,CTRL,PARABOLIC,2025-08-07T13:30:00,1.769,13.049,21.371
BE,CTRL,PARABOLIC,2025-08-08T12:30:00,3.282,19.528,27.475
BE,CTRL,PARABOLIC,2025-08-11T11:30:00,7.03,13.492,22.845
BE,BOTTOM,PARABOLIC,2025-08-11T13:30:00,8.361,16.338,24.473
BE,CTRL,PARABOLIC,2025-08-12T10:30:00,8.264,11.908,5.683
BE,CTRL,PARABOLIC,2025-08-13T09:30:00,-2.636,0.849,-7.17
BE,CTRL,PARABOLIC,2025-08-13T15:30:00,2.316,5.654,1.113
BE,CTRL,PARABOLIC,2025-08-14T14:30:00,4.223,-2.552,1.152
BE,CTRL,PARABOLIC,2025-08-15T13:30:00,-0.043,-7.055,3.565
BE,CTRL,PARABOLIC,2025-08-18T12:30:00,-9.349,-5.569,5.526
BE,CTRL,PARABOLIC,2025-08-19T11:30:00,1.205,13.974,18.734
BE,CTRL,PARABOLIC,2025-08-20T10:30:00,5.774,14.06,17.625
BE,CTRL,PARABOLIC,2025-08-21T09:30:00,6.405,10.912,19.747
BE,CTRL,PARABOLIC,2025-08-21T15:30:00,8.203,11.257,22.136
BE,CTRL,PARABOLIC,2025-08-22T14:30:00,1.266,4.146,8.734
BE,CTRL,PARABOLIC,2025-08-25T13:30:00,1.003,11.116,4.271
BE,CTRL,PARABOLIC,2025-08-26T12:30:00,0.238,5.624,5.087
BE,CTRL,PARABOLIC,2025-08-27T11:30:00,6.491,1.974,7.383
BE,BOTTOM,PARABOLIC,2025-08-27T14:30:00,7.853,1.235,8.109
BE,CTRL,PARABOLIC,2025-08-28T10:30:00,-0.74,-2.826,2.585
BE,CTRL,PARABOLIC,2025-08-29T09:30:00,-4.197,0.634,7.112
BE,CTRL,PARABOLIC,2025-08-29T15:30:00,-2.987,3.743,1.021
BE,CTRL,PARABOLIC,2025-09-02T14:30:00,1.717,11.26,8.15
BE,CTRL,PARABOLIC,2025-09-03T13:30:00,4.049,7.622,18.075
BE,CTRL,PARABOLIC,2025-09-04T12:30:00,4.116,1.002,23.667
BE,CTRL,PARABOLIC,2025-09-05T11:30:00,1.579,17.393,16.112
BE,CTRL,NORMAL,2025-09-08T10:30:00,-4.688,19.776,14.063
BE,CTRL,NORMAL,2025-09-09T09:30:00,17.642,17.577,31.851
BE,BOTTOM,NORMAL,2025-09-09T14:30:00,12.068,20.666,31.79
BE,CTRL,NORMAL,2025-09-09T15:30:00,14.41,22.152,33.2
BE,CTRL,PARABOLIC,2025-09-10T14:30:00,8.429,7.688,28.176
BE,CTRL,PARABOLIC,2025-09-11T13:30:00,-1.912,6.979,22.854
BE,CTRL,PARABOLIC,2025-09-12T12:30:00,-0.03,16.992,27.161
BE,CTRL,PARABOLIC,2025-09-15T11:30:00,9.887,25.19,27.846
BE,CTRL,PARABOLIC,2025-09-16T10:30:00,4.628,15.969,11.341
BE,CTRL,PARABOLIC,2025-09-17T09:30:00,6.841,8.063,-9.657
BE,CTRL,PARABOLIC,2025-09-17T15:30:00,1.632,8.272,-13.167
BE,CTRL,PARABOLIC,2025-09-18T14:30:00,4.774,-4.959,-14.483
BE,CTRL,PARABOLIC,2025-09-19T13:30:00,2.776,-18.482,-15.39
BE,CTRL,PARABOLIC,2025-09-22T12:30:00,-9.263,-21.828,-13.325
BE,CTRL,PARABOLIC,2025-09-23T11:30:00,-15.901,-13.293,-9.52
BE,CTRL,NORMAL,2025-09-24T10:30:00,-3.516,8.967,25.305
BE,CTRL,NORMAL,2025-09-25T09:30:00,3.476,9.945,32.318
BE,CTRL,NORMAL,2025-09-25T15:30:00,2.387,23.083,28.06
BE,CTRL,NORMAL,2025-09-26T14:30:00,5.251,25.873,27.071
BE,CTRL,NORMAL,2025-09-29T13:30:00,8.588,21.658,19.518
BE,CTRL,PARABOLIC,2025-09-30T12:30:00,13.307,17.484,11.975
BE,CTRL,PARABOLIC,2025-10-01T11:30:00,2.861,4.827,0.256
BE,CTRL,PARABOLIC,2025-10-02T10:30:00,4.932,-1.85,0.613
BE,BOTTOM,PARABOLIC,2025-10-02T15:30:00,2.603,-2.193,-1.489
BE,CTRL,PARABOLIC,2025-10-03T09:30:00,-2.762,-1.827,-0.583
BE,CTRL,PARABOLIC,2025-10-03T15:30:00,-3.62,-2.957,-3.788
BE,CTRL,NORMAL,2025-10-06T14:30:00,-3.605,-1.845,23.819
BE,CTRL,NORMAL,2025-10-07T13:30:00,0.286,3.169,31.034
BE,CTRL,NORMAL,2025-10-08T12:30:00,-0.712,30.776,36.977
BE,TOP,NORMAL,2025-10-08T15:30:00,-1.062,25.465,33.101
BE,CTRL,NORMAL,2025-10-09T11:30:00,0.953,21.521,28.008
BE,CTRL,NORMAL,2025-10-10T10:30:00,27.034,38.451,22.869
BE,BOTTOM,NORMAL,2025-10-10T14:30:00,25.793,35.31,28.198
BE,CTRL,PARABOLIC,2025-10-13T09:30:00,-2.672,10.131,4.909
BE,CTRL,PARABOLIC,2025-10-13T15:30:00,3.803,4.676,-0.791
BE,CTRL,PARABOLIC,2025-10-14T14:30:00,2.91,-2.499,-9.973
BE,CTRL,PARABOLIC,2025-10-15T13:30:00,-4.885,-7.251,-23.674
BE,CTRL,PARABOLIC,2025-10-16T12:30:00,-7.028,-12.023,-13.626
BE,CTRL,PARABOLIC,2025-10-17T11:30:00,4.693,-15.82,-1.34
BE,CTRL,PARABOLIC,2025-10-20T10:30:00,-12.506,-15.048,-10.597
BE,CTRL,NORMAL,2025-10-21T09:30:00,-3.338,6.876,6.527
BE,CTRL,NORMAL,2025-10-21T15:30:00,-9.58,5.767,8.522
BE,TOP,NORMAL,2025-10-22T13:30:00,11.915,17.243,49.267
BE,CTRL,NORMAL,2025-10-22T14:30:00,7.711,14.199,42.182
BE,CTRL,NORMAL,2025-10-23T13:30:00,7.684,9.219,31.748
BE,CTRL,NORMAL,2025-10-24T12:30:00,-3.747,22.979,13.834
BE,CTRL,NORMAL,2025-10-27T11:30:00,5.81,26.641,35.436
BE,CTRL,NORMAL,2025-10-28T10:30:00,28.65,19.136,28.568
BE,CTRL,PARABOLIC,2025-10-29T09:30:00,-5.817,2.041,4.154
BE,CTRL,PARABOLIC,2025-10-29T15:30:00,-4.397,6.437,5.721
BE,BOTTOM,PARABOLIC,2025-10-30T14:30:00,1.915,1.768,6.595
BE,CTRL,PARABOLIC,2025-10-31T13:30:00,12.966,12.645,1.235
BE,CTRL,PARABOLIC,2025-11-03T12:30:00,-4.547,-2.628,-2.333
BE,CTRL,NORMAL,2025-11-04T11:30:00,5.202,-6.82,-2.685
BE,CTRL,PARABOLIC,2025-11-05T10:30:00,-4.956,-3.756,-14.472
BE,CTRL,NORMAL,2025-11-06T09:30:00,-8.475,-6.391,-20.759
BE,BOTTOM,NORMAL,2025-11-06T15:30:00,-1.278,-7.203,-24.335
BE,CTRL,NORMAL,2025-11-07T14:30:00,5.923,-4.525,-14.832
BE,CTRL,NORMAL,2025-11-10T13:30:00,-6.216,-25.846,-22.596
BE,CTRL,NORMAL,2025-11-11T12:30:00,-5.074,-13.275,-16.959
BE,CTRL,NORMAL,2025-11-12T11:30:00,-15.066,-9.687,-11.189
BE,CTRL,NORMAL,2025-11-13T10:30:00,12.003,1.803,1.389
BE,CTRL,NORMAL,2025-11-14T09:30:00,-2.884,2.064,-29.688
BE,CTRL,NORMAL,2025-11-14T15:30:00,-4.248,-2.549,-19.511
BE,TOP,NORMAL,2025-11-17T09:30:00,1.443,8.072,-12.88
BE,CTRL,NORMAL,2025-11-17T14:30:00,0.854,-9.047,-9.689
BE,CTRL,NORMAL,2025-11-18T13:30:00,2.699,-16.759,-14.181
BE,CTRL,NORMAL,2025-11-19T12:30:00,-7.509,-13.123,-10.428
BE,BOTTOM,NORMAL,2025-11-19T14:30:00,-13.202,-13.815,-7.66
BE,CTRL,NORMAL,2025-11-20T11:30:00,-13.128,-10.086,5.116
BE,CTRL,NORMAL,2025-11-21T10:30:00,14.014,15.017,22.957
BE,CTRL,NORMAL,2025-11-24T09:30:00,-5.678,10.152,13.673
BE,CTRL,NORMAL,2025-11-24T15:30:00,-1.235,7.438,7.255
BE,CTRL,NORMAL,2025-11-25T14:30:00,7.438,11.764,21.04
BE,CTRL,NORMAL,2025-11-26T13:30:00,0.296,1.307,15.656
BE,CTRL,NORMAL,2026-02-10T11:30:00,-4.778,-6.943,2.135
BE,BOTTOM,NORMAL,2026-02-10T14:30:00,1.398,-8.092,1.955
BE,CTRL,NORMAL,2026-02-11T10:30:00,-5.583,-4.754,7.39
BE,CTRL,NORMAL,2026-03-16T12:30:00,5.719,4.743,-5.28
BE,CTRL,NORMAL,2026-03-17T11:30:00,-0.633,1.248,-9.598
BE,CTRL,NORMAL,2026-03-18T10:30:00,0.74,-3.052,-5.68
BE,CTRL,NORMAL,2026-03-19T09:30:00,2.37,-11.438,-7.587
BE,CTRL,NORMAL,2026-03-19T15:30:00,-10.044,-12.449,-19.915
BE,CTRL,NORMAL,2026-03-20T14:30:00,-5.406,-0.527,-12.184
BE,CTRL,NORMAL,2026-03-23T13:30:00,0.937,-7.602,-18.252
BE,CTRL,NORMAL,2026-03-24T12:30:00,5.45,-8.107,-5.872
BE,CTRL,NORMAL,2026-03-25T11:30:00,-9.875,-21.616,-8.52
BE,CTRL,NORMAL,2026-03-26T10:30:00,-2.463,-6.697,-0.142
BE,CTRL,NORMAL,2026-05-11T09:30:00,-1.769,1.41,-7.599
BE,CTRL,NORMAL,2026-05-11T15:30:00,-1.13,6.894,-8.957
BE,TOP,NORMAL,2026-05-12T09:30:00,0.391,1.317,-12.574
BE,CTRL,NORMAL,2026-05-12T14:30:00,6.792,2.595,-4.401
BE,CTRL,NORMAL,2026-05-13T13:30:00,3.325,-15.227,-2.94
BE,CTRL,PARABOLIC,2026-05-14T12:30:00,-6.065,-11.825,4.393
BE,BOTTOM,PARABOLIC,2026-05-14T14:30:00,-6.069,-12.475,2.825
BE,CTRL,NORMAL,2026-05-15T11:30:00,-8.35,1.906,9.606
BE,CTRL,NORMAL,2026-05-18T10:30:00,-2.843,22.557,17.215
BE,CTRL,NORMAL,2026-05-19T09:30:00,13.179,28.997,18.627
BE,CTRL,NORMAL,2026-05-19T15:30:00,7.945,15.65,12.394
BE,CTRL,NORMAL,2026-05-20T14:30:00,8.611,6.554,4.522
BE,CTRL,NORMAL,2026-05-21T13:30:00,-1.872,-4.489,-12.09
BE,CTRL,NORMAL,2026-05-22T12:30:00,0.173,-1.576,-7.275
BE,CTRL,NORMAL,2026-05-26T11:30:00,-2.64,-10.7,-3.715
BE,CTRL,NORMAL,2026-07-06T14:30:00,-9.008,-11.383,-20.499
BE,TOP,NORMAL,2026-07-06T15:30:00,-8.727,-13.0,-20.934
BE,CTRL,NORMAL,2026-07-07T13:30:00,-8.784,-9.295,-12.515
BE,CTRL,NORMAL,2026-07-08T12:30:00,9.441,-3.684,-5.514
BE,CTRL,NORMAL,2026-07-09T11:30:00,-8.627,-8.371,-19.58
BE,CTRL,NORMAL,2026-07-10T10:30:00,3.534,-0.877,-8.84
BE,CTRL,NORMAL,2026-07-13T09:30:00,1.05,-5.835,
BE,CTRL,NORMAL,2026-07-13T15:30:00,4.312,-11.485,
BE,CTRL,NORMAL,2026-07-14T14:30:00,0.093,-9.38,
BE,CTRL,NORMAL,2026-07-15T13:30:00,-11.036,,
BE,CTRL,NORMAL,2026-07-16T12:30:00,6.947,,
BE,CTRL,NORMAL,2026-07-17T11:30:00,,,
STRL,CTRL,NORMAL,2024-09-11T14:30:00,4.523,9.318,15.71
STRL,CTRL,NORMAL,2024-09-12T13:30:00,4.288,6.317,19.885
STRL,CTRL,NORMAL,2024-09-13T12:30:00,1.192,5.072,16.814
STRL,CTRL,NORMAL,2024-09-16T11:30:00,0.761,10.54,13.848
STRL,CTRL,NORMAL,2024-09-17T10:30:00,2.182,13.919,11.912
STRL,BOTTOM,NORMAL,2024-09-17T14:30:00,4.636,14.825,12.295
STRL,CTRL,NORMAL,2024-09-18T09:30:00,5.836,12.579,10.305
STRL,CTRL,NORMAL,2024-09-18T15:30:00,9.445,10.394,8.244
STRL,CTRL,PARABOLIC,2024-09-19T14:30:00,1.37,-0.864,0.49
STRL,CTRL,PARABOLIC,2024-09-20T13:30:00,0.338,-0.537,-3.402
STRL,CTRL,PARABOLIC,2024-09-23T12:30:00,-1.173,-0.529,-2.927
STRL,CTRL,PARABOLIC,2024-09-24T11:30:00,-0.014,-1.044,-2.361
STRL,CTRL,PARABOLIC,2024-09-25T10:30:00,1.048,-1.109,-0.675
STRL,TOP,PARABOLIC,2024-09-25T14:30:00,0.702,-1.73,-0.62
STRL,CTRL,PARABOLIC,2024-09-26T09:30:00,0.21,-3.095,-1.727
STRL,BOTTOM,PARABOLIC,2024-09-26T13:30:00,-3.871,-3.162,-2.592
STRL,CTRL,PARABOLIC,2024-09-26T15:30:00,-1.871,-2.173,-0.555
STRL,CTRL,NORMAL,2024-09-27T14:30:00,0.755,1.893,2.99
STRL,CTRL,NORMAL,2024-09-30T13:30:00,0.826,1.419,3.976
STRL,CTRL,NORMAL,2024-10-01T12:30:00,2.73,3.267,6.627
STRL,CTRL,NORMAL,2024-10-02T11:30:00,0.299,2.726,5.538
STRL,CTRL,NORMAL,2024-10-03T10:30:00,-0.002,3.332,5.404
STRL,CTRL,NORMAL,2024-10-04T09:30:00,2.358,3.841,7.812
STRL,CTRL,NORMAL,2024-10-04T15:30:00,-0.378,3.918,5.938
STRL,CTRL,NORMAL,2024-10-07T14:30:00,2.852,4.306,7.98
STRL,CTRL,PARABOLIC,2024-10-08T13:30:00,0.641,3.004,4.775
STRL,CTRL,PARABOLIC,2024-10-09T12:30:00,0.37,3.571,6.597
STRL,BOTTOM,PARABOLIC,2024-10-09T14:30:00,0.844,4.396,6.884
STRL,CTRL,PARABOLIC,2024-10-10T11:30:00,-0.234,1.846,7.884
STRL,CTRL,PARABOLIC,2024-10-11T10:30:00,2.213,4.559,3.034
STRL,CTRL,PARABOLIC,2024-10-14T09:30:00,-2.04,4.272,1.902
STRL,CTRL,PARABOLIC,2024-10-14T15:30:00,-2.166,3.569,2.749
STRL,CTRL,NORMAL,2024-10-15T14:30:00,4.043,1.857,3.639
STRL,CTRL,PARABOLIC,2024-10-16T13:30:00,2.546,0.965,-4.371
STRL,CTRL,PARABOLIC,2024-10-17T12:30:00,-4.995,-3.188,-7.885
STRL,CTRL,NORMAL,2024-10-18T11:30:00,1.682,-2.367,-5.428
STRL,CTRL,NORMAL,2024-10-21T10:30:00,-0.789,-4.925,-6.66
STRL,BOTTOM,NORMAL,2024-10-21T12:30:00,-1.054,-5.855,-6.973
STRL,CTRL,NORMAL,2024-10-22T09:30:00,0.081,-4.562,-4.213
STRL,CTRL,NORMAL,2024-10-22T15:30:00,-2.148,-6.106,-2.891
STRL,CTRL,NORMAL,2024-10-23T14:30:00,-1.683,-2.722,-2.217
STRL,CTRL,NORMAL,2024-10-24T13:30:00,-3.055,-0.406,-1.548
STRL,TOP,NORMAL,2024-10-24T14:30:00,-1.958,0.781,-0.191
STRL,CTRL,NORMAL,2024-10-25T12:30:00,1.919,2.228,2.778
STRL,CTRL,NORMAL,2024-10-28T11:30:00,1.531,1.77,0.782
STRL,CTRL,NORMAL,2024-10-29T10:30:00,1.176,0.119,1.718
STRL,CTRL,NORMAL,2024-10-30T09:30:00,-2.148,-1.215,10.207
STRL,CTRL,NORMAL,2024-10-30T15:30:00,0.923,-1.063,14.563
STRL,CTRL,NORMAL,2024-10-31T14:30:00,0.062,3.005,13.406
STRL,CTRL,NORMAL,2024-11-01T13:30:00,-0.842,12.746,25.073
STRL,CTRL,NORMAL,2024-11-04T12:30:00,2.514,11.133,25.977
STRL,CTRL,NORMAL,2024-11-05T11:30:00,9.671,19.342,19.646
STRL,BOTTOM,NORMAL,2024-11-05T13:30:00,10.11,22.148,20.049
STRL,CTRL,NORMAL,2024-11-06T10:30:00,-4.472,11.817,12.13
STRL,CTRL,NORMAL,2024-11-07T09:30:00,22.029,27.128,21.527
STRL,CTRL,NORMAL,2024-11-07T15:30:00,11.11,9.985,4.717
STRL,CTRL,PARABOLIC,2024-11-08T14:30:00,1.625,-1.674,-5.986
STRL,CTRL,PARABOLIC,2024-11-11T13:30:00,-2.484,-6.769,-5.62
STRL,CTRL,PARABOLIC,2024-11-12T12:30:00,0.63,-5.56,0.33
STRL,CTRL,PARABOLIC,2024-11-13T11:30:00,-5.271,-2.401,-1.38
STRL,TOP,PARABOLIC,2024-11-13T14:30:00,-3.474,-1.144,0.453
STRL,CTRL,NORMAL,2024-11-14T10:30:00,-2.8,2.083,5.874
STRL,CTRL,NORMAL,2024-11-15T09:30:00,2.624,4.71,8.896
STRL,CTRL,NORMAL,2024-11-15T15:30:00,3.159,5.286,8.972
STRL,CTRL,NORMAL,2024-11-18T14:30:00,2.861,6.273,5.507
STRL,CTRL,NORMAL,2024-11-19T13:30:00,-2.401,2.098,3.749
STRL,CTRL,NORMAL,2024-11-20T12:30:00,4.243,4.501,2.768
STRL,BOTTOM,NORMAL,2024-11-21T11:30:00,-0.415,2.329,-1.453
STRL,CTRL,NORMAL,2024-11-22T10:30:00,1.145,-0.872,0.513
STRL,CTRL,NORMAL,2024-11-25T09:30:00,-0.128,-0.684,-2.325
STRL,CTRL,NORMAL,2024-11-25T15:30:00,1.37,0.081,-0.301
STRL,CTRL,NORMAL,2024-11-26T14:30:00,-2.578,-2.718,-0.254
STRL,CTRL,NORMAL,2024-11-27T13:30:00,1.645,1.412,-0.512
STRL,CTRL,NORMAL,2024-12-02T09:30:00,-1.651,-2.081,-6.998
STRL,CTRL,NORMAL,2024-12-02T15:30:00,0.664,0.087,-5.532
STRL,CTRL,NORMAL,2024-12-03T14:30:00,1.493,-0.141,-5.878
STRL,BOTTOM,NORMAL,2024-12-03T15:30:00,1.636,0.015,-6.462
STRL,CTRL,NORMAL,2024-12-04T13:30:00,0.297,-6.483,-3.468
STRL,TOP,NORMAL,2024-12-04T14:30:00,-1.493,-7.415,-3.859
STRL,CTRL,NORMAL,2024-12-05T12:30:00,-0.828,-6.428,-4.189
STRL,CTRL,NORMAL,2024-12-06T11:30:00,-3.79,-3.148,-7.389
STRL,CTRL,NORMAL,2024-12-09T10:30:00,-0.509,1.37,-2.295
STRL,CTRL,NORMAL,2024-12-10T09:30:00,0.31,-0.584,-8.341
STRL,TOP,NORMAL,2024-12-10T14:30:00,3.671,-1.486,-4.088
STRL,CTRL,NORMAL,2024-12-10T15:30:00,2.984,-1.317,-3.563
STRL,CTRL,NORMAL,2024-12-11T14:30:00,-3.019,-5.242,-10.343
STRL,CTRL,NORMAL,2024-12-12T13:30:00,-2.753,-4.8,-6.203
STRL,CTRL,NORMAL,2024-12-13T12:30:00,1.236,-1.491,-2.532
STRL,CTRL,NORMAL,2024-12-16T11:30:00,-3.313,-4.586,-3.654
STRL,CTRL,NORMAL,2024-12-17T10:30:00,1.958,2.177,-0.075
STRL,CTRL,NORMAL,2024-12-18T09:30:00,-3.958,-2.118,-0.359
STRL,TOP,NORMAL,2024-12-18T14:30:00,2.647,1.736,-0.248
STRL,CTRL,NORMAL,2024-12-18T15:30:00,4.746,4.752,2.493
STRL,CTRL,NORMAL,2024-12-19T14:30:00,1.058,0.282,-2.25
STRL,CTRL,NORMAL,2024-12-20T13:30:00,-1.867,-3.029,-4.456
STRL,CTRL,NORMAL,2024-12-23T12:30:00,1.067,-3.641,-2.364
STRL,BOTTOM,NORMAL,2024-12-23T14:30:00,1.18,-1.376,-3.515
STRL,CTRL,NORMAL,2024-12-24T11:30:00,1.16,-2.686,-4.234
STRL,CTRL,NORMAL,2024-12-26T14:30:00,-2.802,-3.708,0.034
STRL,CTRL,NORMAL,2024-12-27T13:30:00,-0.459,-2.571,4.306
STRL,CTRL,NORMAL,2024-12-30T12:30:00,-1.026,1.825,-1.627
STRL,TOP,NORMAL,2024-12-30T13:30:00,-0.696,3.354,-1.869
STRL,CTRL,NORMAL,2024-12-31T11:30:00,-0.876,5.765,-1.925
STRL,CTRL,NORMAL,2025-01-02T10:30:00,2.306,0.699,-3.88
STRL,CTRL,NORMAL,2025-01-03T09:30:00,5.667,-5.301,-6.135
STRL,CTRL,NORMAL,2025-01-03T15:30:00,0.479,-5.771,-8.585
STRL,CTRL,NORMAL,2025-01-06T14:30:00,-6.502,-8.771,-4.658
STRL,CTRL,NORMAL,2025-01-07T13:30:00,0.244,-3.219,6.043
STRL,CTRL,NORMAL,2025-01-08T12:30:00,-2.842,0.549,7.047
STRL,CTRL,NORMAL,2025-01-10T11:30:00,-0.527,12.135,12.816
STRL,CTRL,NORMAL,2025-01-13T10:30:00,4.441,12.568,17.124
STRL,CTRL,NORMAL,2025-04-01T10:30:00,1.69,-12.633,-1.129
STRL,CTRL,NORMAL,2025-04-02T09:30:00,-4.244,-11.351,-0.059
STRL,CTRL,NORMAL,2025-04-02T15:30:00,-7.081,-7.866,13.671
STRL,CTRL,NORMAL,2025-04-03T14:30:00,-5.296,1.17,18.798
STRL,CTRL,NORMAL,2025-04-04T13:30:00,2.842,32.367,30.235
STRL,CTRL,NORMAL,2025-06-02T10:30:00,3.916,3.74,6.891
STRL,TOP,NORMAL,2025-06-02T12:30:00,3.622,4.362,8.406
STRL,CTRL,PARABOLIC,2025-06-03T09:30:00,1.045,3.741,1.54
STRL,CTRL,PARABOLIC,2025-06-03T15:30:00,-0.18,6.122,2.168
STRL,CTRL,NORMAL,2025-06-04T14:30:00,0.644,5.004,5.49
STRL,CTRL,NORMAL,2025-06-05T13:30:00,3.724,0.232,3.904
STRL,BOTTOM,NORMAL,2025-06-05T14:30:00,4.88,1.741,4.324
STRL,CTRL,PARABOLIC,2025-06-06T12:30:00,0.359,1.36,-0.515
STRL,CTRL,PARABOLIC,2025-06-09T11:30:00,-3.049,1.172,4.27
STRL,CTRL,NORMAL,2025-06-10T10:30:00,6.749,5.538,17.296
STRL,CTRL,NORMAL,2025-06-11T09:30:00,1.06,4.425,15.112
STRL,CTRL,NORMAL,2025-06-11T15:30:00,-0.137,2.542,9.536
STRL,CTRL,NORMAL,2025-06-12T14:30:00,-0.783,9.279,6.29
STRL,CTRL,NORMAL,2025-06-13T13:30:00,4.361,12.201,10.571
STRL,CTRL,NORMAL,2025-06-16T12:30:00,5.238,3.526,7.766
STRL,CTRL,PARABOLIC,2025-06-17T11:30:00,1.834,-3.338,0.398
STRL,CTRL,PARABOLIC,2025-06-18T10:30:00,-3.965,-0.544,0.254
STRL,CTRL,NORMAL,2025-06-20T09:30:00,0.517,4.579,5.069
STRL,BOTTOM,NORMAL,2025-06-20T14:30:00,2.602,3.625,6.442
STRL,CTRL,NORMAL,2025-06-20T15:30:00,2.041,3.055,6.198
STRL,CTRL,NORMAL,2025-06-23T14:30:00,2.772,2.73,4.737
STRL,CTRL,PARABOLIC,2025-06-24T13:30:00,-1.055,1.755,-2.087
STRL,CTRL,NORMAL,2025-06-25T12:30:00,0.727,3.799,1.683
STRL,CTRL,NORMAL,2025-06-26T11:30:00,1.534,-3.134,3.243
STRL,CTRL,NORMAL,2025-06-27T10:30:00,0.454,-2.777,2.308
STRL,CTRL,NORMAL,2025-06-30T09:30:00,-1.686,2.509,-0.218
STRL,CTRL,NORMAL,2025-06-30T15:30:00,-3.456,3.04,0.919
STRL,CTRL,NORMAL,2025-07-01T14:30:00,2.572,3.564,5.913
STRL,CTRL,NORMAL,2025-07-02T13:30:00,4.376,1.886,4.81
STRL,CTRL,NORMAL,2025-07-07T09:30:00,-4.396,-4.774,1.62
STRL,CTRL,NORMAL,2025-07-07T15:30:00,-4.211,-0.287,1.876
STRL,CTRL,NORMAL,2025-07-08T14:30:00,2.907,6.854,5.961
STRL,CTRL,NORMAL,2025-07-09T13:30:00,2.301,4.103,4.828
STRL,CTRL,NORMAL,2025-07-10T12:30:00,1.569,1.425,6.045
STRL,BOTTOM,NORMAL,2025-07-10T15:30:00,2.366,0.872,6.085
STRL,CTRL,NORMAL,2025-07-11T11:30:00,0.669,1.376,6.019
STRL,CTRL,NORMAL,2025-07-14T10:30:00,0.037,3.91,3.522
STRL,CTRL,NORMAL,2025-07-15T09:30:00,-0.226,4.908,-1.093
STRL,CTRL,NORMAL,2025-07-15T15:30:00,2.009,5.282,1.447
STRL,CTRL,NORMAL,2025-07-16T14:30:00,3.47,2.4,4.195
STRL,CTRL,NORMAL,2025-07-17T13:30:00,0.337,-4.293,0.118
STRL,CTRL,NORMAL,2025-07-18T12:30:00,-1.194,-1.15,6.146
STRL,CTRL,NORMAL,2025-07-21T11:30:00,-3.051,0.392,5.818
STRL,CTRL,NORMAL,2025-07-22T10:30:00,4.878,9.727,9.565
STRL,CTRL,NORMAL,2025-07-23T09:30:00,1.656,6.388,6.432
STRL,CTRL,NORMAL,2025-07-23T15:30:00,-0.363,4.054,3.896
STRL,CTRL,NORMAL,2025-07-24T14:30:00,5.891,4.714,4.234
STRL,CTRL,NORMAL,2025-07-25T13:30:00,-1.357,-1.854,-1.728
STRL,CTRL,NORMAL,2025-07-28T12:30:00,2.883,0.678,1.251
STRL,BOTTOM,NORMAL,2025-07-29T10:30:00,0.692,-2.262,12.91
STRL,CTRL,NORMAL,2025-07-29T11:30:00,-0.112,0.346,15.3
STRL,CTRL,NORMAL,2025-07-30T10:30:00,-0.529,0.872,13.397
STRL,CTRL,NORMAL,2025-07-31T09:30:00,-3.645,19.141,13.251
STRL,TOP,NORMAL,2025-07-31T14:30:00,-0.831,13.46,11.915
STRL,CTRL,NORMAL,2025-07-31T15:30:00,-1.711,10.791,11.979
STRL,CTRL,NORMAL,2025-08-01T14:30:00,1.876,13.218,14.667
STRL,CTRL,NORMAL,2025-08-04T13:30:00,13.09,11.664,10.081
STRL,CTRL,PARABOLIC,2025-08-05T12:30:00,-0.193,-0.588,1.405
STRL,CTRL,PARABOLIC,2025-08-06T11:30:00,-0.905,-2.264,-3.91
STRL,CTRL,PARABOLIC,2025-08-07T10:30:00,1.847,1.342,-3.288
STRL,CTRL,PARABOLIC,2025-08-08T09:30:00,-0.772,-0.397,-9.304
STRL,BOTTOM,PARABOLIC,2025-08-08T10:30:00,-1.546,-3.524,-9.274
STRL,TOP,PARABOLIC,2025-08-08T15:30:00,-4.19,-3.354,-9.044
STRL,CTRL,NORMAL,2025-08-11T14:30:00,7.283,-1.591,-1.978
STRL,CTRL,PARABOLIC,2025-08-12T13:30:00,-4.884,-9.949,-9.828
STRL,CTRL,NORMAL,2025-08-13T12:30:00,-2.613,-4.047,-6.527
STRL,CTRL,NORMAL,2025-08-14T11:30:00,-3.816,-2.944,-2.864
STRL,CTRL,NORMAL,2025-08-15T10:30:00,2.918,0.084,4.702
STRL,CTRL,NORMAL,2025-08-18T09:30:00,-2.029,-2.026,0.867
STRL,CTRL,NORMAL,2025-08-18T15:30:00,-2.606,-1.808,1.151
STRL,CTRL,NORMAL,2025-08-19T14:30:00,-0.236,1.412,5.995
STRL,CTRL,NORMAL,2025-10-01T14:30:00,4.302,4.282,7.239
STRL,CTRL,NORMAL,2025-10-02T13:30:00,-1.276,-1.938,0.261
STRL,BOTTOM,NORMAL,2025-10-02T14:30:00,-2.037,-2.206,0.298
STRL,CTRL,NORMAL,2025-10-03T12:30:00,3.398,3.634,-0.121
STRL,CTRL,NORMAL,2025-10-06T11:30:00,-5.122,-0.803,-0.771
STRL,CTRL,NORMAL,2025-10-07T10:30:00,4.785,2.785,4.796
STRL,CTRL,NORMAL,2025-10-08T09:30:00,1.005,-0.429,4.326
STRL,CTRL,NORMAL,2025-10-08T15:30:00,-3.149,-3.228,-0.455
STRL,CTRL,NORMAL,2025-10-09T14:30:00,-4.363,1.675,2.324
STRL,CTRL,NORMAL,2025-10-10T13:30:00,3.322,6.756,2.58
STRL,TOP,NORMAL,2025-10-10T14:30:00,3.923,8.828,4.085
STRL,CTRL,NORMAL,2025-10-13T12:30:00,2.846,5.684,4.771
STRL,CTRL,NORMAL,2025-10-14T11:30:00,1.779,-1.508,-0.539
STRL,BOTTOM,NORMAL,2025-10-14T14:30:00,2.365,-2.097,-0.634
STRL,CTRL,NORMAL,2025-10-15T10:30:00,-0.305,-1.947,-14.833
STRL,CTRL,NORMAL,2025-10-16T09:30:00,-3.016,-6.231,-7.717
STRL,CTRL,NORMAL,2025-10-16T15:30:00,-1.504,0.789,-1.961
STRL,CTRL,NORMAL,2025-10-17T14:30:00,4.472,-7.919,7.003
STRL,CTRL,NORMAL,2025-10-20T13:30:00,-2.718,-5.272,1.8
STRL,CTRL,NORMAL,2025-10-21T12:30:00,-10.966,5.485,6.311
STRL,CTRL,NORMAL,2025-10-22T11:30:00,7.152,17.155,23.665
STRL,TOP,NORMAL,2025-10-22T14:30:00,7.481,16.084,23.859
STRL,CTRL,NORMAL,2025-12-10T11:30:00,4.271,-0.905,-9.897
STRL,CTRL,NORMAL,2025-12-11T10:30:00,-6.298,-4.01,-7.235
STRL,CTRL,NORMAL,2025-12-12T09:30:00,1.883,-1.0,-0.267
STRL,CTRL,NORMAL,2025-12-12T15:30:00,1.139,-10.045,-2.151
STRL,CTRL,NORMAL,2025-12-15T14:30:00,-0.419,-5.281,-2.473
STRL,CTRL,NORMAL,2025-12-16T13:30:00,-9.056,-1.601,0.251
STRL,CTRL,NORMAL,2025-12-17T12:30:00,5.217,9.089,9.391
STRL,CTRL,NORMAL,2026-02-20T12:30:00,-0.919,6.676,-4.763
STRL,TOP,NORMAL,2026-02-20T14:30:00,-0.508,6.766,-1.759
STRL,CTRL,NORMAL,2026-02-23T11:30:00,5.393,-1.868,2.694
STRL,CTRL,PARABOLIC,2026-02-24T10:30:00,2.486,-5.819,-6.418
STRL,CTRL,PARABOLIC,2026-02-25T09:30:00,-7.529,-4.946,-6.385
STRL,CTRL,PARABOLIC,2026-02-25T15:30:00,-5.117,-5.075,-7.921
STRL,CTRL,NORMAL,2026-02-26T14:30:00,-1.782,-3.674,-8.53
STRL,CTRL,NORMAL,2026-02-27T13:30:00,5.849,0.761,-3.637
STRL,CTRL,NORMAL,2026-03-02T12:30:00,-4.341,-11.631,-10.148
STRL,CTRL,NORMAL,2026-03-03T11:30:00,0.912,-5.397,-1.478
STRL,CTRL,NORMAL,2026-03-04T10:30:00,-3.469,-5.447,1.54
STRL,CTRL,NORMAL,2026-03-05T09:30:00,-2.437,1.746,-1.839
STRL,CTRL,NORMAL,2026-03-05T15:30:00,-0.783,3.303,1.528
STRL,CTRL,NORMAL,2026-03-06T14:30:00,4.307,7.438,1.135
STRL,TOP,NORMAL,2026-03-09T11:30:00,2.983,1.288,3.067
STRL,CTRL,NORMAL,2026-03-09T13:30:00,5.087,2.801,4.505
STRL,CTRL,NORMAL,2026-03-10T12:30:00,1.686,-4.287,0.499
STRL,CTRL,NORMAL,2026-03-11T11:30:00,-3.66,-1.968,0.411
STRL,BOTTOM,NORMAL,2026-03-11T14:30:00,-2.98,-1.086,-0.733
STRL,CTRL,NORMAL,2026-03-12T10:30:00,-1.469,3.875,6.285
STRL,CTRL,PARABOLIC,2026-05-27T12:30:00,3.343,6.783,20.266
STRL,BOTTOM,PARABOLIC,2026-05-27T14:30:00,7.238,9.248,22.091
STRL,CTRL,PARABOLIC,2026-05-28T11:30:00,4.141,3.352,19.409
STRL,CTRL,PARABOLIC,2026-05-29T10:30:00,-1.407,10.919,10.151
STRL,CTRL,PARABOLIC,2026-06-01T09:30:00,2.391,14.928,5.222
STRL,CTRL,PARABOLIC,2026-06-01T15:30:00,3.555,17.434,5.434
STRL,CTRL,PARABOLIC,2026-06-02T14:30:00,10.955,1.426,-2.412
STRL,CTRL,PARABOLIC,2026-06-03T13:30:00,3.276,-7.869,-18.053
STRL,CTRL,PARABOLIC,2026-06-04T12:30:00,-10.107,-17.462,-17.956
STRL,CTRL,PARABOLIC,2026-06-05T11:30:00,-3.291,-13.824,-5.167
STRL,CTRL,PARABOLIC,2026-06-08T10:30:00,-9.395,-9.949,-3.073
STRL,CTRL,PARABOLIC,2026-06-09T09:30:00,-4.217,0.043,-0.718
STRL,CTRL,PARABOLIC,2026-06-09T15:30:00,-8.454,2.066,1.914
STRL,TOP,NORMAL,2026-06-10T14:30:00,7.906,12.859,9.082
STRL,CTRL,NORMAL,2026-06-11T13:30:00,4.506,5.155,5.19
STRL,CTRL,NORMAL,2026-06-12T12:30:00,1.507,-0.464,6.866
STRL,CTRL,NORMAL,2026-06-15T11:30:00,-0.74,-1.376,2.154
STRL,CTRL,NORMAL,2026-06-16T10:30:00,-1.311,4.262,5.54
STRL,CTRL,NORMAL,2026-06-17T09:30:00,-0.551,3.299,6.227
STRL,TOP,NORMAL,2026-06-17T14:30:00,1.946,4.995,2.25
STRL,CTRL,NORMAL,2026-06-17T15:30:00,2.729,6.244,5.175
STRL,CTRL,NORMAL,2026-06-18T14:30:00,7.754,-0.189,-4.318
STRL,CTRL,PARABOLIC,2026-06-22T13:30:00,-3.278,-4.099,-13.154
STRL,CTRL,NORMAL,2026-06-23T12:30:00,-4.429,-5.516,-8.136
STRL,CTRL,NORMAL,2026-06-24T11:30:00,1.086,-8.219,-10.652
STRL,CTRL,NORMAL,2026-06-25T10:30:00,-5.925,-5.187,-18.393
STRL,BOTTOM,NORMAL,2026-06-25T11:30:00,-6.954,-7.526,-21.932
STRL,CTRL,NORMAL,2026-06-26T09:30:00,-4.613,-7.188,-13.685
STRL,CTRL,NORMAL,2026-06-26T15:30:00,1.087,-3.466,-10.951
NVT,CTRL,NORMAL,2024-10-04T09:30:00,2.487,3.68,5.731
NVT,CTRL,NORMAL,2024-10-04T15:30:00,2.956,2.97,4.62
NVT,CTRL,NORMAL,2024-10-07T14:30:00,-1.336,0.657,5.064
NVT,CTRL,NORMAL,2024-10-08T13:30:00,1.357,2.642,4.352
NVT,CTRL,NORMAL,2024-10-09T12:30:00,0.272,5.037,3.616
NVT,CTRL,NORMAL,2024-10-10T11:30:00,1.113,2.156,5.105
NVT,CTRL,NORMAL,2024-10-11T10:30:00,1.779,1.526,3.037
NVT,CTRL,PARABOLIC,2024-10-14T09:30:00,-0.171,1.468,1.266
NVT,CTRL,PARABOLIC,2024-10-14T15:30:00,-2.369,1.278,-0.572
NVT,CTRL,NORMAL,2024-10-15T14:30:00,1.295,2.7,0.641
NVT,CTRL,NORMAL,2024-10-16T13:30:00,1.57,0.127,-3.167
NVT,CTRL,PARABOLIC,2024-10-17T12:30:00,-0.402,-2.805,-2.726
NVT,CTRL,NORMAL,2024-10-18T11:30:00,-1.13,-3.728,-1.798
NVT,CTRL,NORMAL,2024-10-21T10:30:00,-1.54,-1.875,0.087
NVT,CTRL,NORMAL,2024-10-22T09:30:00,0.745,2.712,0.608
NVT,CTRL,NORMAL,2024-10-22T15:30:00,-0.572,-0.136,1.566
NVT,CTRL,NORMAL,2024-10-23T14:30:00,1.581,3.326,2.749
NVT,TOP,NORMAL,2024-10-23T15:30:00,1.493,2.479,2.164
NVT,CTRL,NORMAL,2024-10-24T13:30:00,-0.393,0.433,0.108
NVT,CTRL,NORMAL,2024-10-25T12:30:00,1.891,0.983,-8.668
NVT,CTRL,NORMAL,2024-10-28T11:30:00,-1.56,-1.146,-7.638
NVT,CTRL,NORMAL,2024-10-29T10:30:00,0.983,-7.375,-5.247
NVT,CTRL,NORMAL,2024-10-30T09:30:00,-1.075,-7.464,-0.748
NVT,CTRL,NORMAL,2024-10-30T15:30:00,-0.255,-7.762,3.338
NVT,CTRL,NORMAL,2024-10-31T14:30:00,-8.692,-6.216,4.81
NVT,BOTTOM,NORMAL,2024-10-31T15:30:00,-8.253,-6.25,4.583
NVT,TOP,NORMAL,2024-11-01T13:30:00,2.414,13.268,15.213
NVT,CTRL,NORMAL,2024-11-04T12:30:00,0.904,12.132,11.51
NVT,CTRL,NORMAL,2024-11-05T11:30:00,8.069,10.44,8.346
NVT,CTRL,NORMAL,2024-11-06T10:30:00,1.466,1.374,0.914
NVT,CTRL,NORMAL,2024-11-07T09:30:00,-1.873,-2.078,-1.706
NVT,CTRL,NORMAL,2024-11-07T15:30:00,-1.105,-2.378,-4.999
NVT,CTRL,NORMAL,2024-11-22T10:30:00,0.612,-2.448,-0.433
NVT,CTRL,NORMAL,2024-11-25T09:30:00,-2.215,-1.462,-2.24
NVT,CTRL,NORMAL,2024-11-25T15:30:00,-0.459,-0.766,0.115
NVT,CTRL,NORMAL,2024-11-26T14:30:00,-1.33,-0.276,0.964
NVT,CTRL,NORMAL,2024-11-27T13:30:00,2.014,4.591,0.719
NVT,CTRL,NORMAL,2024-12-02T09:30:00,-0.835,-0.606,-3.762
NVT,CTRL,NORMAL,2024-12-02T15:30:00,0.903,0.271,-3.072
NVT,CTRL,NORMAL,2024-12-03T14:30:00,1.024,-1.562,-4.852
NVT,CTRL,NORMAL,2024-12-04T13:30:00,-0.884,-4.28,-3.555
NVT,CTRL,NORMAL,2024-12-05T12:30:00,-1.383,-4.682,-2.818
NVT,CTRL,NORMAL,2024-12-06T11:30:00,-2.36,-1.984,-3.98
NVT,CTRL,NORMAL,2024-12-09T10:30:00,0.18,0.606,0.473
NVT,CTRL,NORMAL,2024-12-10T09:30:00,0.456,0.436,-2.408
NVT,CTRL,NORMAL,2024-12-10T15:30:00,1.169,0.779,-2.445
NVT,CTRL,NORMAL,2024-12-11T14:30:00,0.009,-0.063,-7.454
NVT,CTRL,NORMAL,2024-12-12T13:30:00,-1.191,-4.407,-7.86
NVT,TOP,NORMAL,2024-12-12T14:30:00,-1.321,-4.596,-7.938
NVT,CTRL,NORMAL,2024-12-13T12:30:00,0.971,-2.707,-6.539
NVT,CTRL,NORMAL,2024-12-16T11:30:00,-3.744,-8.393,-8.096
NVT,CTRL,NORMAL,2024-12-17T10:30:00,-0.676,-3.297,-4.852
NVT,CTRL,NORMAL,2024-12-18T09:30:00,-4.932,-5.12,-4.589
NVT,CTRL,NORMAL,2024-12-18T15:30:00,0.578,0.231,-1.243
NVT,CTRL,NORMAL,2024-12-19T14:30:00,0.502,-0.022,-2.016
NVT,CTRL,NORMAL,2024-12-20T13:30:00,-1.41,-1.923,-2.642
NVT,TOP,NORMAL,2024-12-20T15:30:00,-0.287,-1.754,-2.199
NVT,CTRL,NORMAL,2024-12-23T12:30:00,0.767,-2.343,0.55
NVT,CTRL,NORMAL,2024-12-24T11:30:00,-0.322,-2.155,-1.983
NVT,CTRL,NORMAL,2024-12-26T14:30:00,-1.211,-1.764,1.207
NVT,CTRL,NORMAL,2024-12-27T13:30:00,-0.451,-0.073,3.681
NVT,CTRL,NORMAL,2024-12-30T12:30:00,-0.389,2.539,3.183
NVT,CTRL,NORMAL,2024-12-31T11:30:00,1.892,6.131,0.997
NVT,CTRL,NORMAL,2025-01-02T10:30:00,-0.866,0.887,-1.632
NVT,CTRL,NORMAL,2025-01-03T09:30:00,4.485,-1.624,-1.783
NVT,BOTTOM,NORMAL,2025-01-03T12:30:00,2.242,-0.214,-2.484
NVT,CTRL,NORMAL,2025-01-03T15:30:00,0.948,-1.153,-2.575
NVT,CTRL,NORMAL,2025-01-06T14:30:00,-1.591,-3.594,-1.766
NVT,CTRL,NORMAL,2025-01-29T11:30:00,2.583,-0.924,-0.172
NVT,CTRL,NORMAL,2025-01-30T10:30:00,-1.342,-4.254,0.25
NVT,CTRL,NORMAL,2025-01-31T09:30:00,-2.361,-2.068,3.395
NVT,CTRL,NORMAL,2025-01-31T15:30:00,-2.804,-2.297,4.278
NVT,CTRL,NORMAL,2025-02-03T14:30:00,-0.601,2.513,8.052
NVT,CTRL,NORMAL,2025-08-20T13:30:00,0.928,2.805,4.844
NVT,CTRL,NORMAL,2025-08-21T12:30:00,3.319,2.933,5.217
NVT,CTRL,NORMAL,2025-08-22T11:30:00,-1.482,0.241,-1.032
NVT,CTRL,NORMAL,2025-08-25T10:30:00,0.767,3.02,-1.029
NVT,CTRL,NORMAL,2025-08-26T09:30:00,0.83,-0.061,-1.527
NVT,BOTTOM,NORMAL,2025-08-26T13:30:00,0.937,-0.849,-2.122
NVT,CTRL,NORMAL,2025-08-26T15:30:00,0.33,-0.484,-1.508
NVT,CTRL,NORMAL,2025-08-27T14:30:00,1.122,-2.718,-0.866
NVT,CTRL,PARABOLIC,2025-08-28T13:30:00,-2.878,-4.125,-0.891
NVT,CTRL,NORMAL,2025-08-29T12:30:00,-1.146,0.996,3.131
NVT,CTRL,NORMAL,2025-09-02T11:30:00,0.497,2.494,2.167
NVT,CTRL,NORMAL,2025-09-03T10:30:00,1.978,4.293,6.749
NVT,CTRL,NORMAL,2025-09-04T09:30:00,0.711,0.883,6.787
NVT,CTRL,NORMAL,2025-09-04T15:30:00,0.979,-0.544,4.123
NVT,CTRL,NORMAL,2025-09-05T14:30:00,0.157,2.739,3.357
NVT,BOTTOM,NORMAL,2025-09-05T15:30:00,-0.312,2.327,2.09
NVT,CTRL,NORMAL,2025-09-08T13:30:00,-2.056,2.717,3.874
NVT,CTRL,NORMAL,2025-09-09T12:30:00,5.554,5.625,5.405
NVT,CTRL,NORMAL,2025-09-10T11:30:00,0.78,1.749,0.649
NVT,CTRL,NORMAL,2025-09-11T10:30:00,-0.816,-1.378,2.189
NVT,CTRL,NORMAL,2025-09-12T09:30:00,2.398,1.33,3.144
NVT,CTRL,NORMAL,2025-09-12T15:30:00,1.694,1.857,4.485
NVT,CTRL,NORMAL,2025-09-15T14:30:00,-0.683,2.599,3.925
NVT,CTRL,NORMAL,2025-09-16T13:30:00,1.274,3.219,2.118
NVT,CTRL,NORMAL,2025-09-17T12:30:00,2.94,4.954,1.436
NVT,CTRL,NORMAL,2025-09-18T11:30:00,-0.178,0.305,-1.873
NVT,CTRL,NORMAL,2025-09-19T10:30:00,0.702,-0.458,-1.292
NVT,BOTTOM,NORMAL,2025-09-19T14:30:00,1.651,-1.145,-1.838
NVT,CTRL,PARABOLIC,2025-09-22T09:30:00,1.85,-2.443,-1.229
NVT,CTRL,PARABOLIC,2025-09-22T15:30:00,-2.554,-3.641,-3.541
NVT,CTRL,NORMAL,2025-09-23T14:30:00,0.298,-0.406,0.832
NVT,CTRL,NORMAL,2025-09-24T13:30:00,-0.544,-0.723,1.899
NVT,CTRL,NORMAL,2025-09-25T12:30:00,0.433,0.186,1.671
NVT,CTRL,NORMAL,2025-09-26T11:30:00,-0.344,2.478,1.339
NVT,CTRL,NORMAL,2025-09-29T10:30:00,0.713,1.596,3.615
NVT,CTRL,NORMAL,2025-09-30T09:30:00,2.33,1.426,0.617
NVT,CTRL,NORMAL,2025-09-30T15:30:00,1.49,-0.862,-2.696
NVT,CTRL,NORMAL,2025-10-01T14:30:00,-0.505,-1.44,-1.5
NVT,CTRL,NORMAL,2025-10-02T13:30:00,-0.937,-3.114,-1.013
NVT,BOTTOM,NORMAL,2025-10-02T15:30:00,-1.62,-3.44,-1.69
NVT,CTRL,NORMAL,2025-10-03T12:30:00,1.287,0.603,-0.557
NVT,CTRL,NORMAL,2025-10-06T11:30:00,-3.835,-1.705,0.865
NVT,CTRL,NORMAL,2025-10-07T10:30:00,2.179,2.096,3.775
NVT,CTRL,NORMAL,2025-10-08T09:30:00,0.087,1.559,3.751
NVT,CTRL,NORMAL,2025-10-08T15:30:00,-1.033,0.734,2.4
NVT,CTRL,NORMAL,2025-10-09T14:30:00,-1.606,2.013,2.272
NVT,CTRL,NORMAL,2025-10-10T13:30:00,2.709,3.125,2.128
NVT,CTRL,NORMAL,2025-10-13T12:30:00,0.509,0.713,-0.469
NVT,CTRL,NORMAL,2025-10-14T11:30:00,-1.122,-1.459,-0.338
NVT,CTRL,NORMAL,2025-10-15T10:30:00,0.9,-0.955,-4.886
NVT,CTRL,NORMAL,2025-10-16T09:30:00,-2.259,-2.25,-2.662
NVT,BOTTOM,NORMAL,2025-10-16T10:30:00,-2.653,-1.09,-2.559
NVT,CTRL,NORMAL,2025-10-16T15:30:00,-1.194,-0.885,0.07
NVT,CTRL,NORMAL,2025-10-17T14:30:00,0.427,-2.479,2.997
NVT,CTRL,NORMAL,2025-10-20T13:30:00,0.17,0.741,3.764
NVT,CTRL,NORMAL,2025-10-21T12:30:00,-3.474,2.953,4.401
NVT,TOP,NORMAL,2025-10-21T15:30:00,-2.75,2.569,4.617
NVT,CTRL,NORMAL,2025-10-22T11:30:00,3.028,6.562,9.987
NVT,CTRL,NORMAL,2025-10-23T10:30:00,4.058,4.949,7.853
NVT,CTRL,NORMAL,2025-10-24T09:30:00,0.078,3.568,11.521
NVT,CTRL,NORMAL,2025-10-24T15:30:00,1.722,3.982,11.879
NVT,CTRL,NORMAL,2025-10-27T14:30:00,0.285,0.81,9.269
NVT,CTRL,NORMAL,2025-10-28T13:30:00,1.55,8.27,5.06
NVT,CTRL,NORMAL,2025-10-29T12:30:00,-0.461,5.769,6.472
NVT,CTRL,NORMAL,2025-10-30T11:30:00,6.309,5.233,3.688
NVT,CTRL,PARABOLIC,2025-10-31T10:30:00,0.766,-0.521,-4.33
NVT,CTRL,PARABOLIC,2025-11-03T09:30:00,-2.052,-2.237,-0.984
NVT,CTRL,PARABOLIC,2025-11-03T15:30:00,-2.456,-2.109,-0.018
NVT,CTRL,NORMAL,2025-11-04T14:30:00,3.413,0.696,0.751
NVT,CTRL,NORMAL,2025-11-05T13:30:00,-2.521,-0.168,-1.694
NVT,TOP,NORMAL,2025-11-06T12:30:00,-0.374,0.945,-3.213
NVT,CTRL,NORMAL,2025-11-07T11:30:00,3.123,2.436,0.286
NVT,CTRL,NORMAL,2025-11-10T10:30:00,-0.956,-3.33,-4.372
NVT,CTRL,NORMAL,2025-11-11T09:30:00,1.873,-3.201,-6.297
NVT,CTRL,NORMAL,2025-11-11T15:30:00,1.706,-2.818,-4.834
NVT,CTRL,NORMAL,2025-11-12T14:30:00,-5.136,-6.434,-4.445
NVT,CTRL,NORMAL,2025-11-13T13:30:00,1.318,-1.62,-3.258
NVT,CTRL,NORMAL,2025-11-14T12:30:00,-2.568,-2.216,-8.89
NVT,TOP,NORMAL,2025-11-17T09:30:00,-4.063,2.253,-3.612
NVT,CTRL,NORMAL,2025-11-17T11:30:00,-1.903,-1.775,-1.968
NVT,CTRL,NORMAL,2025-11-18T10:30:00,1.061,-5.686,-1.013
NVT,CTRL,NORMAL,2025-11-19T09:30:00,2.606,-3.279,-0.584
NVT,CTRL,NORMAL,2025-11-19T15:30:00,-4.092,-1.606,0.68
NVT,CTRL,NORMAL,2025-11-20T14:30:00,-2.119,2.652,3.66
NVT,CTRL,NORMAL,2025-11-21T13:30:00,3.445,7.039,4.709
NVT,CTRL,NORMAL,2025-11-24T12:30:00,0.058,1.083,-0.777
NVT,CTRL,NORMAL,2025-11-25T11:30:00,2.653,1.226,0.536
NVT,CTRL,NORMAL,2025-11-26T10:30:00,0.392,-1.566,1.046
NVT,CTRL,NORMAL,2025-11-28T09:30:00,-1.363,-2.204,0.079
NVT,CTRL,NORMAL,2025-12-01T12:30:00,-0.297,2.442,1.581
NVT,BOTTOM,NORMAL,2025-12-01T14:30:00,-0.347,2.297,1.819
NVT,CTRL,NORMAL,2025-12-02T11:30:00,-0.918,1.145,0.828
NVT,TOP,NORMAL,2025-12-02T14:30:00,-0.737,1.961,1.635
NVT,CTRL,NORMAL,2025-12-03T10:30:00,3.614,3.926,3.358
NVT,CTRL,NORMAL,2025-12-04T09:30:00,-0.269,-1.279,-0.695
NVT,CTRL,NORMAL,2025-12-04T15:30:00,-0.609,-0.794,0.803
NVT,CTRL,NORMAL,2025-12-05T14:30:00,0.209,1.535,-5.083
NVT,CTRL,NORMAL,2025-12-08T13:30:00,-0.683,1.273,-4.288
NVT,CTRL,NORMAL,2025-12-09T12:30:00,0.759,-2.643,-5.174
NVT,CTRL,NORMAL,2025-12-10T11:30:00,0.98,-3.867,-10.87
NVT,CTRL,NORMAL,2025-12-11T10:30:00,-4.97,-4.951,-6.723
NVT,CTRL,NORMAL,2025-12-12T09:30:00,-1.086,-3.259,-2.486
NVT,CTRL,NORMAL,2025-12-12T15:30:00,0.885,-6.607,-0.187
NVT,CTRL,NORMAL,2025-12-15T14:30:00,-0.42,-3.467,0.361
NVT,CTRL,NORMAL,2025-12-16T13:30:00,-6.743,0.827,3.279
NVT,CTRL,NORMAL,2026-01-13T11:30:00,-2.055,5.087,4.062
NVT,CTRL,NORMAL,2026-01-14T10:30:00,4.195,5.005,7.157
NVT,CTRL,NORMAL,2026-01-15T09:30:00,2.189,1.713,1.645
NVT,CTRL,NORMAL,2026-01-15T15:30:00,4.186,4.353,2.139
NVT,CTRL,NORMAL,2026-01-16T14:30:00,-2.825,-1.075,-1.714
NVT,CTRL,NORMAL,2026-01-20T13:30:00,2.899,0.464,2.94
NVT,CTRL,NORMAL,2026-01-21T12:30:00,0.467,-0.76,2.211
NVT,CTRL,NORMAL,2026-01-22T11:30:00,-1.524,0.321,2.214
NVT,CTRL,NORMAL,2026-01-23T10:30:00,-0.731,1.986,4.738
NVT,BOTTOM,NORMAL,2026-01-23T14:30:00,0.756,4.089,9.157
NVT,CTRL,NORMAL,2026-01-26T09:30:00,2.237,4.355,6.547
NVT,CTRL,NORMAL,2026-01-26T15:30:00,2.361,4.55,1.795
NVT,CTRL,NORMAL,2026-01-27T14:30:00,1.285,6.216,1.449
NVT,CTRL,NORMAL,2026-01-28T13:30:00,0.753,1.655,-4.922
NVT,CTRL,NORMAL,2026-01-29T12:30:00,0.818,1.576,-1.759
NVT,CTRL,NORMAL,2026-02-02T14:30:00,2.906,-1.571,-0.078
NVT,CTRL,NORMAL,2026-02-03T13:30:00,-2.612,-5.085,-4.354
NVT,CTRL,NORMAL,2026-02-04T12:30:00,0.674,2.847,0.181
NVT,CTRL,NORMAL,2026-02-05T11:30:00,-4.83,-0.99,-2.164
NVT,CTRL,NORMAL,2026-02-06T10:30:00,6.672,4.082,2.695
NVT,CTRL,NORMAL,2026-02-09T09:30:00,-1.734,0.12,-1.596
NVT,CTRL,NORMAL,2026-02-09T15:30:00,-2.181,-2.356,0.541
NVT,CTRL,NORMAL,2026-02-10T14:30:00,-0.027,-0.408,2.269
NVT,CTRL,NORMAL,2026-02-11T13:30:00,-0.671,2.195,2.95
NVT,CTRL,NORMAL,2026-02-12T12:30:00,0.493,4.371,3.309
NVT,CTRL,NORMAL,2026-02-13T11:30:00,2.588,2.8,0.86
NVT,TOP,NORMAL,2026-02-13T15:30:00,1.739,3.201,1.483
NVT,CTRL,NORMAL,2026-02-17T10:30:00,1.92,0.836,2.106
NVT,CTRL,NORMAL,2026-02-18T09:30:00,-3.495,-3.923,0.223
NVT,CTRL,NORMAL,2026-02-18T15:30:00,1.059,-0.623,5.3
NVT,CTRL,NORMAL,2026-02-19T14:30:00,0.516,1.212,4.32
NVT,CTRL,NORMAL,2026-02-20T13:30:00,-2.099,4.356,-0.312
NVT,CTRL,NORMAL,2026-02-23T12:30:00,2.662,4.748,4.665
NVT,CTRL,NORMAL,2026-02-24T11:30:00,3.228,-1.703,-3.67
NVT,CTRL,NORMAL,2026-02-25T10:30:00,1.002,-1.534,-7.252
NVT,CTRL,NORMAL,2026-02-26T09:30:00,1.919,-5.443,-4.24
NVT,CTRL,NORMAL,2026-02-26T15:30:00,-2.804,-8.319,-9.231
NVT,CTRL,NORMAL,2026-02-27T14:30:00,1.944,-3.626,-10.219
NVT,CTRL,NORMAL,2026-03-02T13:30:00,-7.008,-8.995,-11.24
NVT,TOP,NORMAL,2026-03-03T12:30:00,-1.973,-4.945,-1.499
NVT,CTRL,NORMAL,2026-03-04T11:30:00,-2.116,-4.814,-1.029
NVT,CTRL,NORMAL,2026-03-05T10:30:00,-2.907,0.28,-2.266
NVT,CTRL,NORMAL,2026-03-06T09:30:00,-3.729,1.759,0.414
NVT,CTRL,NORMAL,2026-03-06T15:30:00,1.982,4.822,3.718
NVT,CTRL,NORMAL,2026-03-09T14:30:00,0.827,-0.184,5.264
NVT,CTRL,NORMAL,2026-03-10T13:30:00,0.742,0.125,3.937
NVT,CTRL,NORMAL,2026-03-11T12:30:00,-1.16,2.749,10.929
NVT,CTRL,NORMAL,2026-03-12T11:30:00,-0.636,3.195,8.8
NVT,TOP,NORMAL,2026-03-12T13:30:00,0.752,4.588,11.279
NVT,CTRL,NORMAL,2026-03-13T10:30:00,5.949,10.587,10.855
NVT,CTRL,NORMAL,2026-04-07T12:30:00,7.851,11.472,14.896
NVT,CTRL,NORMAL,2026-04-08T11:30:00,2.675,3.872,2.426
NVT,CTRL,NORMAL,2026-04-09T10:30:00,1.816,5.435,0.513
NVT,CTRL,NORMAL,2026-04-10T09:30:00,-0.52,1.395,2.174
NVT,CTRL,NORMAL,2026-04-10T15:30:00,1.945,0.582,3.169
NVT,BOTTOM,NORMAL,2026-04-13T14:30:00,2.317,-1.609,3.101
NVT,CTRL,PARABOLIC,2026-04-14T13:30:00,-2.822,-0.44,1.221
NVT,CTRL,NORMAL,2026-04-15T12:30:00,-0.327,4.233,7.339
NVT,CTRL,NORMAL,2026-04-16T11:30:00,3.756,6.213,10.275
NVT,CTRL,NORMAL,2026-04-17T10:30:00,0.792,4.557,6.922
NVT,CTRL,PARABOLIC,2026-04-20T09:30:00,4.278,6.476,4.195
NVT,CTRL,PARABOLIC,2026-04-20T15:30:00,0.884,5.132,4.344
NVT,CTRL,PARABOLIC,2026-04-21T14:30:00,1.264,3.735,-0.228
NVT,BOTTOM,PARABOLIC,2026-04-22T13:30:00,2.489,0.887,-1.495
NVT,CTRL,PARABOLIC,2026-04-23T12:30:00,0.823,-3.362,0.001
NVT,CTRL,PARABOLIC,2026-04-24T11:30:00,-1.834,-3.57,10.664
NVT,CTRL,PARABOLIC,2026-04-27T10:30:00,-2.407,1.347,17.963
NVT,CTRL,NORMAL,2026-04-28T09:30:00,1.718,17.512,23.858
NVT,CTRL,NORMAL,2026-04-28T15:30:00,-0.636,14.986,22.552
NVT,TOP,NORMAL,2026-04-29T14:30:00,4.228,18.513,25.115
NVT,CTRL,PARABOLIC,2026-04-30T13:30:00,14.244,20.238,16.594
NVT,CTRL,PARABOLIC,2026-05-01T12:30:00,3.407,6.796,5.793
NVT,CTRL,PARABOLIC,2026-05-04T11:30:00,3.14,0.779,6.25
NVT,BOTTOM,PARABOLIC,2026-05-04T13:30:00,4.116,0.961,6.398
NVT,CTRL,PARABOLIC,2026-05-05T10:30:00,2.245,0.653,-1.639
NVT,CTRL,PARABOLIC,2026-05-06T09:30:00,1.813,2.379,3.629
NVT,CTRL,PARABOLIC,2026-05-06T15:30:00,-3.328,0.603,0.307
NVT,CTRL,PARABOLIC,2026-05-07T14:30:00,1.367,2.035,4.256
NVT,CTRL,PARABOLIC,2026-05-08T13:30:00,2.589,1.587,-0.286
NVT,CTRL,PARABOLIC,2026-05-11T12:30:00,-2.892,-1.337,-7.03
NVT,CTRL,PARABOLIC,2026-05-12T11:30:00,3.583,0.763,-5.188
NVT,CTRL,PARABOLIC,2026-05-13T10:30:00,0.11,-5.904,-5.95
NVT,CTRL,PARABOLIC,2026-05-14T09:30:00,-1.14,-10.281,-4.806
NVT,CTRL,PARABOLIC,2026-05-14T15:30:00,-2.791,-9.121,-5.93
NVT,CTRL,PARABOLIC,2026-05-15T14:30:00,-5.425,-4.671,-2.754
NVT,CTRL,PARABOLIC,2026-05-18T13:30:00,-0.855,2.89,5.387
NVT,CTRL,PARABOLIC,2026-05-19T12:30:00,1.727,3.616,5.043
NVT,CTRL,PARABOLIC,2026-05-20T11:30:00,0.605,4.614,3.623
NVT,CTRL,PARABOLIC,2026-05-21T10:30:00,0.922,2.171,0.33
NVT,TOP,PARABOLIC,2026-05-21T14:30:00,0.308,2.807,0.507
NVT,CTRL,PARABOLIC,2026-05-22T09:30:00,2.458,0.258,3.428
NVT,BOTTOM,PARABOLIC,2026-05-22T14:30:00,3.112,0.593,5.101
NVT,CTRL,PARABOLIC,2026-05-22T15:30:00,2.892,0.164,4.21
NVT,CTRL,PARABOLIC,2026-05-26T14:30:00,-0.602,-2.826,2.962
NVT,CTRL,PARABOLIC,2026-05-27T13:30:00,-1.449,2.539,3.52
NVT,CTRL,PARABOLIC,2026-05-28T12:30:00,-2.23,4.61,5.138
NVT,CTRL,PARABOLIC,2026-05-29T11:30:00,4.434,5.535,0.884
NVT,CTRL,PARABOLIC,2026-06-01T10:30:00,3.533,2.853,-3.818
NVT,CTRL,PARABOLIC,2026-06-02T09:30:00,0.606,-3.608,-4.38
NVT,CTRL,PARABOLIC,2026-06-02T15:30:00,1.695,-6.047,-5.632
NVT,CTRL,PARABOLIC,2026-06-03T14:30:00,-0.014,-6.591,-11.35
NVT,CTRL,PARABOLIC,2026-06-04T13:30:00,-7.088,-7.755,-7.544
NVT,CTRL,NORMAL,2026-06-05T12:30:00,-1.218,-5.128,1.675
NVT,CTRL,NORMAL,2026-06-08T11:30:00,-3.229,-1.609,4.306
NVT,CTRL,NORMAL,2026-06-09T10:30:00,-3.553,5.398,7.156
NVT,TOP,NORMAL,2026-06-09T14:30:00,-4.57,2.488,4.355
NVT,CTRL,NORMAL,2026-06-10T09:30:00,1.429,5.921,5.869
NVT,CTRL,NORMAL,2026-06-10T15:30:00,4.974,7.755,9.323
NVT,CTRL,NORMAL,2026-06-11T14:30:00,1.75,3.604,7.833
NVT,CTRL,NORMAL,2026-06-12T13:30:00,2.443,2.71,9.377
NVT,CTRL,NORMAL,2026-06-15T12:30:00,0.284,3.944,0.717
NVT,CTRL,NORMAL,2026-06-16T11:30:00,-0.198,5.355,-0.843
NVT,BOTTOM,NORMAL,2026-06-16T13:30:00,-0.3,6.172,-2.34
NVT,CTRL,NORMAL,2026-06-17T10:30:00,2.649,-0.953,0.71
NVT,CTRL,NORMAL,2026-06-18T09:30:00,1.583,-3.949,-5.221
NVT,CTRL,NORMAL,2026-06-18T15:30:00,4.177,-5.285,-8.014
NVT,CTRL,PARABOLIC,2026-06-22T14:30:00,-7.388,-6.06,-11.18
NVT,CTRL,NORMAL,2026-06-23T13:30:00,-1.131,-3.482,-0.713
NVT,CTRL,NORMAL,2026-06-24T12:30:00,3.908,-2.048,-3.376
NVT,CTRL,NORMAL,2026-06-25T11:30:00,-5.722,-3.693,-12.19
NVT,CTRL,NORMAL,2026-06-26T10:30:00,-1.975,-2.135,-4.469
NVT,CTRL,NORMAL,2026-06-29T09:30:00,3.694,-2.639,-8.195
NVT,CTRL,NORMAL,2026-06-29T15:30:00,3.857,-6.869,-6.263
NVT,CTRL,NORMAL,2026-06-30T14:30:00,-5.702,-7.734,-8.803
NVT,TOP,NORMAL,2026-07-01T13:30:00,-4.81,-5.523,-0.185
NVT,CTRL,NORMAL,2026-07-02T12:30:00,3.344,1.766,7.082
NVT,CTRL,NORMAL,2026-07-06T11:30:00,-3.843,2.415,0.147
NVT,CTRL,NORMAL,2026-07-07T10:30:00,0.469,6.688,8.242
NVT,CTRL,NORMAL,2026-07-08T09:30:00,4.529,3.997,3.577
NVT,CTRL,NORMAL,2026-07-08T15:30:00,2.113,2.08,2.965
NVT,CTRL,NORMAL,2026-07-09T14:30:00,1.32,0.965,-3.937
NVT,CTRL,NORMAL,2026-07-10T13:30:00,-2.79,-0.924,-3.441
NVT,BOTTOM,NORMAL,2026-07-10T14:30:00,-2.682,-1.355,-4.441
NVT,CTRL,NORMAL,2026-07-13T12:30:00,2.802,-2.089,
MYRG,CTRL,NORMAL,2025-01-29T12:30:00,2.468,-1.611,1.573
MYRG,TOP,NORMAL,2025-01-29T14:30:00,2.887,-0.822,1.248
MYRG,CTRL,NORMAL,2025-01-30T11:30:00,0.241,-3.738,-0.62
MYRG,CTRL,NORMAL,2025-01-31T10:30:00,-3.479,-0.455,3.055
MYRG,CTRL,NORMAL,2025-02-03T09:30:00,2.577,3.105,6.55
MYRG,CTRL,NORMAL,2025-02-03T15:30:00,-0.381,5.848,3.828
MYRG,CTRL,NORMAL,2025-02-04T14:30:00,2.149,5.712,1.994
MYRG,CTRL,NORMAL,2025-02-05T13:30:00,0.346,2.586,-5.443
MYRG,CTRL,NORMAL,2025-02-06T12:30:00,3.074,-1.025,-7.775
MYRG,BOTTOM,NORMAL,2025-02-06T14:30:00,0.911,-2.638,-9.076
MYRG,CTRL,NORMAL,2025-02-07T11:30:00,0.43,-7.56,-9.956
MYRG,CTRL,NORMAL,2025-06-02T11:30:00,3.914,4.33,4.993
MYRG,CTRL,NORMAL,2025-06-03T10:30:00,-1.138,2.124,-0.232
MYRG,CTRL,NORMAL,2025-06-04T09:30:00,-0.118,4.161,2.72
MYRG,CTRL,NORMAL,2025-06-04T15:30:00,2.715,3.651,3.232
MYRG,CTRL,NORMAL,2025-06-05T14:30:00,1.528,0.067,0.811
MYRG,CTRL,NORMAL,2025-06-06T13:30:00,0.841,0.097,-1.361
MYRG,CTRL,NORMAL,2025-06-09T12:30:00,-1.479,-0.755,0.447
MYRG,CTRL,NORMAL,2025-06-10T11:30:00,2.327,1.145,3.164
MYRG,CTRL,NORMAL,2025-06-11T10:30:00,-0.943,0.357,2.09
MYRG,CTRL,NORMAL,2025-06-12T09:30:00,-1.813,-0.361,0.887
MYRG,CTRL,NORMAL,2025-06-12T15:30:00,-0.981,1.262,2.664
MYRG,CTRL,NORMAL,2025-06-13T14:30:00,1.028,4.095,6.293
MYRG,CTRL,NORMAL,2025-06-16T13:30:00,0.742,1.073,6.448
MYRG,CTRL,NORMAL,2025-06-17T12:30:00,1.228,1.729,7.166
MYRG,BOTTOM,NORMAL,2025-06-17T14:30:00,1.314,3.453,7.17
MYRG,CTRL,NORMAL,2025-06-18T11:30:00,-1.249,3.36,6.752
MYRG,CTRL,NORMAL,2025-06-20T10:30:00,2.927,6.612,8.579
MYRG,CTRL,NORMAL,2025-06-23T09:30:00,2.189,5.075,5.39
MYRG,CTRL,NORMAL,2025-06-23T15:30:00,2.671,3.83,4.684
MYRG,CTRL,NORMAL,2025-06-24T14:30:00,0.86,2.304,1.594
MYRG,CTRL,NORMAL,2025-06-25T13:30:00,-0.122,1.386,1.481
MYRG,CTRL,NORMAL,2025-06-26T12:30:00,2.36,1.015,5.193
MYRG,CTRL,NORMAL,2025-06-27T11:30:00,-0.808,-0.887,1.378
MYRG,CTRL,NORMAL,2025-06-30T10:30:00,-1.996,2.459,0.251
MYRG,CTRL,NORMAL,2025-07-01T09:30:00,0.786,3.743,0.601
MYRG,CTRL,NORMAL,2025-07-01T15:30:00,1.378,1.937,2.001
MYRG,CTRL,NORMAL,2025-07-02T14:30:00,2.531,0.37,0.575
MYRG,CTRL,NORMAL,2025-07-07T10:30:00,-4.102,-3.337,-0.622
MYRG,CTRL,NORMAL,2025-07-08T09:30:00,-0.18,1.006,0.973
MYRG,CTRL,NORMAL,2025-07-08T15:30:00,1.209,0.945,1.758
MYRG,TOP,NORMAL,2025-07-09T14:30:00,0.458,1.985,3.392
MYRG,CTRL,NORMAL,2025-07-10T13:30:00,-0.714,1.652,4.115
MYRG,BOTTOM,NORMAL,2025-07-10T15:30:00,0.674,1.485,5.233
MYRG,CTRL,NORMAL,2025-07-11T12:30:00,2.117,2.656,4.393
MYRG,CTRL,NORMAL,2025-07-14T11:30:00,-1.123,3.057,2.375
MYRG,CTRL,NORMAL,2025-07-15T10:30:00,0.741,3.484,-0.056
MYRG,CTRL,NORMAL,2025-07-16T09:30:00,2.571,1.854,0.266
MYRG,CTRL,NORMAL,2025-07-16T15:30:00,1.313,0.57,0.427
MYRG,CTRL,NORMAL,2025-07-17T14:30:00,-0.539,-3.916,0.725
MYRG,CTRL,NORMAL,2025-07-18T13:30:00,-0.575,-1.376,4.341
MYRG,CTRL,NORMAL,2025-07-21T12:30:00,-2.796,-0.094,1.717
MYRG,CTRL,NORMAL,2025-07-22T11:30:00,1.968,7.627,6.385
MYRG,CTRL,NORMAL,2025-07-23T10:30:00,0.326,2.928,4.964
MYRG,CTRL,NORMAL,2025-07-24T09:30:00,4.62,5.8,8.963
MYRG,CTRL,NORMAL,2025-07-24T15:30:00,2.54,1.46,-0.994
MYRG,CTRL,NORMAL,2025-07-25T14:30:00,-1.337,-0.823,-6.138
MYRG,CTRL,NORMAL,2025-07-28T13:30:00,0.696,-0.967,-5.372
MYRG,BOTTOM,NORMAL,2025-07-29T10:30:00,0.708,-7.101,-6.572
MYRG,CTRL,NORMAL,2025-07-29T12:30:00,0.373,-7.626,-6.405
MYRG,CTRL,NORMAL,2025-07-30T11:30:00,-0.795,-6.406,-7.786
MYRG,TOP,NORMAL,2025-07-30T14:30:00,-1.695,-5.447,-7.124
MYRG,CTRL,NORMAL,2025-07-31T10:30:00,-7.125,-6.595,-7.13
MYRG,CTRL,NORMAL,2025-08-01T09:30:00,3.047,-0.156,1.051
MYRG,CTRL,NORMAL,2025-08-01T15:30:00,0.753,-0.87,-1.223
MYRG,CTRL,NORMAL,2025-08-04T14:30:00,-0.245,-2.04,-2.133
MYRG,CTRL,NORMAL,2025-08-05T13:30:00,-1.445,-1.858,0.861
MYRG,CTRL,NORMAL,2025-08-06T12:30:00,0.468,-0.658,2.326
MYRG,CTRL,NORMAL,2025-08-07T11:30:00,-0.226,1.138,-2.173
MYRG,TOP,NORMAL,2025-10-14T09:30:00,0.898,1.684,1.108
MYRG,CTRL,NORMAL,2025-10-14T12:30:00,-1.301,-0.873,-0.468
MYRG,CTRL,NORMAL,2025-10-15T11:30:00,1.029,1.672,-6.128
MYRG,BOTTOM,NORMAL,2025-10-15T15:30:00,2.232,1.993,-3.957
MYRG,CTRL,NORMAL,2025-10-16T10:30:00,-1.554,-1.855,-0.948
MYRG,CTRL,NORMAL,2025-10-17T09:30:00,2.333,-1.099,5.132
MYRG,CTRL,NORMAL,2025-10-17T15:30:00,0.707,-5.167,5.73
MYRG,CTRL,NORMAL,2025-10-20T14:30:00,-1.798,-0.119,4.871
MYRG,CTRL,NORMAL,2025-10-21T13:30:00,-6.189,5.878,5.387
MYRG,CTRL,NORMAL,2025-10-22T12:30:00,7.874,13.412,17.458
MYRG,CTRL,NORMAL,2025-10-23T11:30:00,4.543,5.612,4.031
MYRG,CTRL,NORMAL,2025-10-24T10:30:00,-0.252,3.541,-0.316
MYRG,CTRL,NORMAL,2025-10-27T09:30:00,-0.404,2.695,-0.315
MYRG,CTRL,NORMAL,2025-10-27T15:30:00,-0.374,-2.804,3.811
MYRG,CTRL,NORMAL,2025-10-28T14:30:00,3.022,-0.912,5.155
MYRG,CTRL,NORMAL,2025-12-01T13:30:00,0.515,5.949,8.184
MYRG,CTRL,NORMAL,2025-12-02T12:30:00,0.254,3.707,5.451
MYRG,BOTTOM,NORMAL,2025-12-02T15:30:00,1.091,5.107,3.98
MYRG,CTRL,NORMAL,2025-12-03T11:30:00,3.523,6.636,2.285
MYRG,CTRL,NORMAL,2025-12-04T10:30:00,-0.715,3.427,-0.264
MYRG,CTRL,NORMAL,2025-12-05T09:30:00,3.726,-2.122,-6.391
MYRG,CTRL,NORMAL,2025-12-05T15:30:00,2.211,-0.661,-4.325
MYRG,BOTTOM,NORMAL,2025-12-08T09:30:00,-1.555,-4.408,-7.038
MYRG,CTRL,NORMAL,2025-12-08T14:30:00,-2.791,-2.277,-4.244
MYRG,CTRL,NORMAL,2025-12-09T13:30:00,-0.869,-3.264,-4.352
MYRG,TOP,NORMAL,2025-12-09T15:30:00,0.416,-3.288,-3.5
MYRG,CTRL,NORMAL,2025-12-10T12:30:00,1.929,-1.585,-5.295
MYRG,CTRL,NORMAL,2025-12-11T11:30:00,-4.858,-4.43,-5.337
MYRG,CTRL,NORMAL,2025-12-12T10:30:00,3.754,2.201,3.063
MYRG,CTRL,NORMAL,2026-01-12T13:30:00,3.922,8.439,10.3
MYRG,CTRL,NORMAL,2026-01-13T12:30:00,-3.086,6.551,6.543
MYRG,CTRL,NORMAL,2026-01-14T11:30:00,8.376,11.555,11.566
MYRG,BOTTOM,NORMAL,2026-01-14T15:30:00,6.366,7.69,8.783
MYRG,CTRL,NORMAL,2026-01-15T10:30:00,2.346,2.789,0.984
MYRG,CTRL,NORMAL,2026-01-16T09:30:00,2.743,0.698,2.285
MYRG,CTRL,NORMAL,2026-01-16T15:30:00,-1.084,-0.08,0.236
MYRG,CTRL,NORMAL,2026-01-20T14:30:00,2.4,-1.821,1.7
MYRG,CTRL,NORMAL,2026-01-21T13:30:00,-0.253,-2.094,1.125
MYRG,CTRL,NORMAL,2026-01-22T12:30:00,-3.693,-0.017,0.727
MYRG,CTRL,NORMAL,2026-01-23T11:30:00,1.75,2.362,4.266
MYRG,CTRL,NORMAL,2026-01-26T10:30:00,2.114,-0.112,4.02
MYRG,CTRL,NORMAL,2026-01-27T09:30:00,-3.923,-4.581,-5.29
MYRG,CTRL,NORMAL,2026-01-27T15:30:00,-0.546,4.583,2.432
MYRG,CTRL,NORMAL,2026-01-28T14:30:00,0.487,1.779,3.742
MYRG,CTRL,NORMAL,2026-01-29T13:30:00,1.653,-1.831,6.214
MYRG,BOTTOM,NORMAL,2026-01-29T15:30:00,3.905,1.768,7.582
MYRG,CTRL,NORMAL,2026-02-02T14:30:00,2.235,-1.306,6.754
MYRG,CTRL,NORMAL,2026-02-03T13:30:00,-5.064,2.984,3.948
MYRG,CTRL,NORMAL,2026-02-04T12:30:00,4.04,10.612,11.841
MYRG,CTRL,NORMAL,2026-02-05T11:30:00,4.065,5.374,5.522
MYRG,CTRL,NORMAL,2026-02-06T10:30:00,3.566,4.585,5.434
MYRG,CTRL,NORMAL,2026-02-09T09:30:00,-1.459,1.939,-0.891
MYRG,CTRL,NORMAL,2026-02-09T15:30:00,-0.355,-1.157,-0.14
MYRG,BOTTOM,NORMAL,2026-02-10T14:30:00,0.776,0.152,-3.701
MYRG,CTRL,NORMAL,2026-02-11T13:30:00,-0.586,-0.741,-2.087
MYRG,CTRL,NORMAL,2026-02-12T12:30:00,-0.094,-3.911,2.567
MYRG,CTRL,NORMAL,2026-02-13T11:30:00,-2.116,-3.716,-1.003
MYRG,TOP,NORMAL,2026-02-13T15:30:00,-1.171,-0.883,0.388
MYRG,CTRL,NORMAL,2026-02-17T10:30:00,-2.148,2.404,1.303
MYRG,CTRL,NORMAL,2026-02-18T09:30:00,-2.05,1.853,1.412
MYRG,CTRL,NORMAL,2026-02-18T15:30:00,3.783,5.114,4.865
MYRG,CTRL,NORMAL,2026-02-19T14:30:00,4.634,3.939,1.794
MYRG,CTRL,NORMAL,2026-02-20T13:30:00,-3.856,-3.482,-5.383
MYRG,CTRL,NORMAL,2026-02-23T12:30:00,2.714,0.528,-1.878
MYRG,CTRL,NORMAL,2026-02-24T11:30:00,-2.562,-5.409,-2.642
MYRG,CTRL,NORMAL,2026-02-25T10:30:00,-1.556,-2.324,-1.625
MYRG,BOTTOM,NORMAL,2026-02-25T15:30:00,-0.767,-0.11,0.285
MYRG,CTRL,NORMAL,2026-02-26T09:30:00,0.987,-0.644,1.941
MYRG,CTRL,NORMAL,2026-02-26T15:30:00,-0.611,-0.716,-1.31
MYRG,CTRL,NORMAL,2026-02-27T14:30:00,-0.15,1.614,-4.357
MYRG,CTRL,NORMAL,2026-03-02T13:30:00,2.512,-0.961,-4.025
MYRG,CTRL,NORMAL,2026-03-03T12:30:00,-0.266,-5.336,-0.728
MYRG,CTRL,NORMAL,2026-03-04T11:30:00,-5.521,-6.306,-3.664
MYRG,CTRL,NORMAL,2026-03-05T10:30:00,-1.275,2.817,-1.458
MYRG,CTRL,NORMAL,2026-03-06T09:30:00,-2.981,2.771,-0.176
MYRG,TOP,NORMAL,2026-03-06T12:30:00,-1.287,3.193,-0.208
MYRG,CTRL,NORMAL,2026-03-06T15:30:00,2.572,3.135,-0.061
MYRG,CTRL,NORMAL,2026-03-09T14:30:00,1.03,-3.109,-0.389
MYRG,CTRL,NORMAL,2026-03-10T13:30:00,-0.24,-3.497,-0.905
MYRG,CTRL,NORMAL,2026-03-11T12:30:00,-3.258,-1.381,-0.123
MYRG,CTRL,NORMAL,2026-03-12T11:30:00,-1.885,-0.34,2.236
MYRG,CTRL,NORMAL,2026-03-13T10:30:00,2.761,2.177,2.985
MYRG,CTRL,NORMAL,2026-04-07T12:30:00,4.561,10.531,11.719
MYRG,CTRL,NORMAL,2026-04-08T11:30:00,4.77,4.501,5.479
MYRG,BOTTOM,NORMAL,2026-04-08T13:30:00,3.658,4.89,5.322
MYRG,CTRL,NORMAL,2026-04-09T10:30:00,2.125,2.327,1.365
MYRG,CTRL,NORMAL,2026-04-10T09:30:00,0.161,1.326,3.114
MYRG,CTRL,NORMAL,2026-04-10T15:30:00,0.515,0.663,3.413
MYRG,CTRL,NORMAL,2026-04-13T14:30:00,0.847,-1.305,3.738
MYRG,CTRL,NORMAL,2026-04-14T13:30:00,-0.564,1.811,2.984
MYRG,CTRL,NORMAL,2026-04-15T12:30:00,-1.08,3.176,4.242
MYRG,CTRL,NORMAL,2026-04-16T11:30:00,4.55,5.588,8.434
MYRG,CTRL,NORMAL,2026-04-17T10:30:00,0.988,2.413,3.789
MYRG,CTRL,NORMAL,2026-04-20T09:30:00,2.067,4.201,4.226
MYRG,CTRL,NORMAL,2026-04-20T15:30:00,0.831,1.834,4.465
MYRG,CTRL,PARABOLIC,2026-04-21T14:30:00,-0.096,1.552,-0.177
MYRG,CTRL,NORMAL,2026-04-22T13:30:00,2.636,5.055,1.175
MYRG,BOTTOM,PARABOLIC,2026-04-23T10:30:00,-0.892,-2.041,14.28
MYRG,CTRL,PARABOLIC,2026-04-23T12:30:00,0.099,-1.444,19.474
MYRG,CTRL,PARABOLIC,2026-04-24T11:30:00,1.023,-2.339,24.414
MYRG,CTRL,PARABOLIC,2026-04-27T10:30:00,-2.174,14.125,32.094
MYRG,CTRL,NORMAL,2026-04-28T09:30:00,-1.133,24.4,37.233
MYRG,CTRL,NORMAL,2026-04-28T15:30:00,2.568,31.085,41.714
MYRG,CTRL,NORMAL,2026-04-29T14:30:00,19.466,34.807,30.647
MYRG,CTRL,PARABOLIC,2026-04-30T13:30:00,6.02,17.361,4.932
MYRG,CTRL,PARABOLIC,2026-05-01T12:30:00,6.17,7.279,0.777
MYRG,CTRL,PARABOLIC,2026-05-04T11:30:00,4.868,-4.561,0.226
MYRG,CTRL,PARABOLIC,2026-05-05T10:30:00,0.76,-7.95,-4.378
MYRG,CTRL,PARABOLIC,2026-05-06T09:30:00,-4.659,-2.538,0.232
MYRG,CTRL,PARABOLIC,2026-05-06T15:30:00,-6.003,0.843,2.979
MYRG,CTRL,PARABOLIC,2026-05-07T14:30:00,2.165,6.149,10.981
MYRG,CTRL,PARABOLIC,2026-05-08T13:30:00,4.884,7.168,7.157
MYRG,CTRL,PARABOLIC,2026-05-11T12:30:00,-0.31,3.734,-0.512
MYRG,CTRL,PARABOLIC,2026-05-12T11:30:00,2.768,3.974,-2.991
MYRG,BOTTOM,PARABOLIC,2026-05-12T14:30:00,3.667,3.602,-2.363
MYRG,CTRL,PARABOLIC,2026-05-13T10:30:00,2.374,-2.556,-3.265
MYRG,CTRL,PARABOLIC,2026-05-14T09:30:00,-0.368,-8.144,-4.137
MYRG,CTRL,PARABOLIC,2026-05-14T15:30:00,-1.275,-6.742,-7.182
MYRG,CTRL,PARABOLIC,2026-05-15T14:30:00,-4.562,-5.258,-4.804
MYRG,CTRL,PARABOLIC,2026-05-18T13:30:00,-0.805,-0.318,3.939
MYRG,CTRL,PARABOLIC,2026-05-19T12:30:00,0.429,0.935,5.108
MYRG,CTRL,PARABOLIC,2026-05-20T11:30:00,0.449,4.532,8.787
MYRG,CTRL,PARABOLIC,2026-05-21T10:30:00,0.191,6.519,5.37
MYRG,CTRL,PARABOLIC,2026-05-22T09:30:00,4.012,6.424,1.418
MYRG,CTRL,PARABOLIC,2026-05-22T15:30:00,4.019,7.332,0.863
MYRG,CTRL,PARABOLIC,2026-05-26T14:30:00,1.97,0.548,-4.052
MYRG,CTRL,PARABOLIC,2026-05-27T13:30:00,2.471,-3.353,-4.788
MYRG,BOTTOM,PARABOLIC,2026-05-27T14:30:00,1.847,-4.483,-6.362
MYRG,CTRL,PARABOLIC,2026-05-28T12:30:00,-4.176,-9.105,-6.605
MYRG,CTRL,PARABOLIC,2026-05-29T11:30:00,-4.33,-3.143,-4.27
MYRG,CTRL,NORMAL,2026-06-01T10:30:00,2.23,-0.334,-1.161
MYRG,CTRL,NORMAL,2026-06-02T09:30:00,-3.08,-1.347,-5.088
MYRG,TOP,NORMAL,2026-06-02T14:30:00,-0.486,-0.488,-5.72
MYRG,CTRL,NORMAL,2026-06-02T15:30:00,-2.105,-1.039,-5.802
MYRG,CTRL,NORMAL,2026-06-03T14:30:00,2.5,-1.204,-8.594
MYRG,CTRL,NORMAL,2026-06-04T13:30:00,-3.482,-7.564,-7.344
MYRG,CTRL,NORMAL,2026-06-05T12:30:00,-0.908,-7.174,0.095
MYRG,CTRL,NORMAL,2026-06-08T11:30:00,-6.19,-5.931,2.44
MYRG,CTRL,NORMAL,2026-06-09T10:30:00,-1.827,7.102,9.384
MYRG,CTRL,NORMAL,2026-06-10T09:30:00,0.005,8.187,6.455
MYRG,TOP,NORMAL,2026-06-10T14:30:00,5.159,11.264,10.401
MYRG,CTRL,NORMAL,2026-06-10T15:30:00,4.317,10.505,9.12
MYRG,CTRL,NORMAL,2026-06-11T14:30:00,5.072,5.817,6.997
MYRG,CTRL,NORMAL,2026-06-12T13:30:00,1.355,0.275,7.067
MYRG,CTRL,NORMAL,2026-06-15T12:30:00,0.546,0.025,5.028
MYRG,CTRL,NORMAL,2026-06-16T11:30:00,-1.356,4.39,5.326
TLN,CTRL,NORMAL,2025-07-07T14:30:00,-1.539,-5.157,-0.09
TLN,CTRL,NORMAL,2025-07-08T13:30:00,-0.548,-0.151,-1.414
TLN,TOP,NORMAL,2025-07-08T14:30:00,-1.48,-0.311,-3.114
TLN,CTRL,NORMAL,2025-07-09T12:30:00,-2.126,0.185,-4.56
TLN,CTRL,NORMAL,2025-07-10T11:30:00,3.642,0.581,-1.194
TLN,CTRL,NORMAL,2025-07-11T10:30:00,-2.078,-7.076,17.474
TLN,CTRL,NORMAL,2025-07-14T09:30:00,0.17,-3.695,17.22
TLN,BOTTOM,NORMAL,2025-07-14T14:30:00,-4.519,-5.905,9.767
TLN,CTRL,NORMAL,2025-07-14T15:30:00,-4.903,-6.401,9.963
TLN,CTRL,NORMAL,2025-07-15T14:30:00,-1.524,22.051,15.207
TLN,CTRL,NORMAL,2025-07-16T13:30:00,0.655,18.727,27.679
TLN,CTRL,NORMAL,2025-07-17T12:30:00,22.025,17.0,27.523
TLN,CTRL,PARABOLIC,2025-07-18T11:30:00,-2.957,4.77,8.046
TLN,CTRL,NORMAL,2025-07-21T10:30:00,-1.889,7.801,11.718
TLN,CTRL,NORMAL,2025-07-22T09:30:00,13.135,15.269,18.175
TLN,CTRL,NORMAL,2025-07-22T15:30:00,8.121,10.473,14.957
TLN,CTRL,PARABOLIC,2025-07-23T14:30:00,1.5,6.187,10.648
TLN,CTRL,PARABOLIC,2025-07-24T13:30:00,1.556,5.211,10.439
TLN,CTRL,PARABOLIC,2025-07-25T12:30:00,1.346,7.132,8.294
TLN,CTRL,PARABOLIC,2025-07-28T11:30:00,0.809,6.223,10.371
TLN,BOTTOM,PARABOLIC,2025-07-28T13:30:00,1.44,6.481,9.924
TLN,CTRL,PARABOLIC,2025-07-29T10:30:00,3.859,5.517,6.823
TLN,CTRL,PARABOLIC,2025-07-30T09:30:00,2.91,4.55,3.443
TLN,CTRL,PARABOLIC,2025-07-30T15:30:00,1.2,4.672,1.401
TLN,CTRL,PARABOLIC,2025-07-31T14:30:00,0.298,1.674,-1.057
TLN,CTRL,PARABOLIC,2025-08-01T13:30:00,3.277,0.68,-1.14
TLN,CTRL,PARABOLIC,2025-08-04T12:30:00,-1.938,-4.523,-5.734
TLN,CTRL,PARABOLIC,2025-08-05T11:30:00,0.532,-1.355,-1.62
TLN,CTRL,PARABOLIC,2025-08-06T10:30:00,-2.439,-3.114,-3.057
TLN,CTRL,PARABOLIC,2025-08-07T09:30:00,-0.997,-0.898,1.796
TLN,CTRL,PARABOLIC,2025-08-07T15:30:00,-0.324,1.205,1.319
TLN,CTRL,PARABOLIC,2025-08-08T14:30:00,-1.67,1.681,0.59
TLN,CTRL,NORMAL,2025-08-11T13:30:00,3.363,3.505,2.031
TLN,TOP,NORMAL,2025-08-11T14:30:00,3.856,3.794,2.762
TLN,CTRL,NORMAL,2025-08-12T12:30:00,-1.248,-0.211,-3.986
TLN,CTRL,NORMAL,2025-08-13T11:30:00,2.276,0.598,-3.608
TLN,CTRL,NORMAL,2025-08-14T10:30:00,-1.1,-3.952,-4.558
TLN,CTRL,NORMAL,2025-08-15T09:30:00,0.854,-5.039,-4.502
TLN,BOTTOM,NORMAL,2025-08-15T14:30:00,0.453,-3.578,-5.573
TLN,CTRL,NORMAL,2025-08-15T15:30:00,-0.262,-4.767,-5.812
TLN,TOP,NORMAL,2025-08-18T14:30:00,-3.16,-4.695,-5.209
TLN,CTRL,NORMAL,2025-08-19T13:30:00,-2.326,-4.114,2.856
TLN,CTRL,NORMAL,2025-10-02T12:30:00,3.797,0.419,2.112
TLN,CTRL,NORMAL,2025-10-03T11:30:00,-4.478,-3.221,-5.085
TLN,CTRL,NORMAL,2025-10-06T10:30:00,-0.016,3.076,0.843
TLN,CTRL,NORMAL,2025-10-07T09:30:00,0.981,1.293,-1.418
TLN,CTRL,NORMAL,2025-10-07T15:30:00,3.475,-4.15,-3.097
TLN,CTRL,NORMAL,2025-10-08T14:30:00,0.416,-1.149,-6.539
TLN,CTRL,NORMAL,2025-10-09T13:30:00,-4.547,-3.204,-5.959
TLN,CTRL,NORMAL,2025-10-10T12:30:00,3.327,-2.774,-3.666
TLN,CTRL,NORMAL,2025-10-13T11:30:00,-1.77,-5.947,-6.959
TLN,TOP,NORMAL,2025-10-14T09:30:00,-0.153,-2.756,-7.479
TLN,CTRL,NORMAL,2025-10-14T10:30:00,-1.47,-6.444,-10.336
TLN,CTRL,NORMAL,2025-10-15T09:30:00,-2.041,-4.915,-14.099
TLN,CTRL,NORMAL,2025-10-15T15:30:00,0.575,-2.106,-8.358
TLN,CTRL,NORMAL,2025-10-16T14:30:00,-1.536,-7.691,-6.475
TLN,CTRL,NORMAL,2025-10-17T13:30:00,-1.399,-9.514,-2.362
TLN,CTRL,NORMAL,2025-10-20T12:30:00,-6.603,-5.857,-0.525
TLN,CTRL,NORMAL,2025-10-21T11:30:00,-7.733,3.511,0.098
TLN,CTRL,NORMAL,2025-10-22T10:30:00,9.017,13.626,15.757
TLN,CTRL,NORMAL,2025-10-23T09:30:00,4.168,-1.13,2.747
TLN,CTRL,NORMAL,2025-10-23T15:30:00,6.426,2.586,2.226
TLN,CTRL,NORMAL,2025-10-24T14:30:00,0.252,-1.672,-0.953
TLN,CTRL,NORMAL,2025-10-27T13:30:00,-3.258,-4.373,1.524
TLN,BOTTOM,NORMAL,2025-10-27T15:30:00,-3.262,-3.601,1.7
TLN,CTRL,NORMAL,2025-10-28T12:30:00,1.463,0.205,0.221
TLN,CTRL,NORMAL,2026-01-23T09:30:00,-4.307,-4.543,-4.084
TLN,CTRL,NORMAL,2026-01-23T15:30:00,-4.388,-0.35,-7.65
TLN,CTRL,NORMAL,2026-01-26T14:30:00,1.902,1.711,-8.599
TLN,CTRL,NORMAL,2026-01-27T13:30:00,1.624,-5.184,-11.772
TLN,CTRL,NORMAL,2026-01-28T12:30:00,-1.252,-6.757,-10.764
TLN,CTRL,NORMAL,2026-01-29T11:30:00,-5.41,-11.893,-3.777
TLN,CTRL,NORMAL,2026-01-30T10:30:00,-7.184,-10.336,-0.543
TLN,TOP,NORMAL,2026-02-03T09:30:00,-4.808,0.471,3.33
TLN,CTRL,NORMAL,2026-02-03T11:30:00,-5.212,2.974,2.858
TLN,CTRL,NORMAL,2026-02-04T10:30:00,1.328,13.972,11.842
TLN,CTRL,NORMAL,2026-02-05T09:30:00,7.962,11.035,14.101
TLN,CTRL,NORMAL,2026-02-05T15:30:00,6.333,10.207,13.223
TLN,CTRL,NORMAL,2026-02-06T14:30:00,3.226,2.585,7.967
TLN,CTRL,NORMAL,2026-02-09T13:30:00,0.459,3.159,7.467
TLN,CTRL,NORMAL,2026-02-10T12:30:00,0.12,6.26,7.635
TLN,CTRL,NORMAL,2026-04-24T09:30:00,2.693,1.602,8.936
TLN,CTRL,NORMAL,2026-04-24T15:30:00,1.516,-3.295,2.07
TLN,CTRL,NORMAL,2026-06-29T13:30:00,-3.955,-9.869,-8.956
TLN,CTRL,NORMAL,2026-06-30T12:30:00,-8.985,-5.694,-8.453
TLN,TOP,NORMAL,2026-06-30T15:30:00,-6.086,-1.707,-4.184
TLN,CTRL,NORMAL,2026-07-01T11:30:00,0.909,1.132,7.048
TLN,CTRL,NORMAL,2026-07-02T10:30:00,1.861,-2.64,4.401
TLN,CTRL,NORMAL,2026-07-06T09:30:00,-1.849,3.28,3.174
TLN,CTRL,NORMAL,2026-07-06T15:30:00,-2.901,1.779,4.918
TLN,CTRL,NORMAL,2026-07-07T14:30:00,-0.562,5.708,7.933
TLN,CTRL,NORMAL,2026-07-08T13:30:00,5.427,6.37,8.317
TLN,CTRL,NORMAL,2026-07-09T12:30:00,1.158,3.02,-4.034
TLN,CTRL,NORMAL,2026-07-10T11:30:00,-0.433,1.271,-4.141
TLN,BOTTOM,NORMAL,2026-07-10T14:30:00,0.748,2.34,-4.473
TLN,CTRL,NORMAL,2026-07-13T10:30:00,4.561,-2.935,
TLN,CTRL,NORMAL,2026-07-14T09:30:00,0.013,-9.751,
TLN,CTRL,NORMAL,2026-07-14T15:30:00,0.776,-6.162,
TLN,CTRL,NORMAL,2026-07-15T14:30:00,-8.369,,
TLN,CTRL,NORMAL,2026-07-16T13:30:00,2.037,,
TLN,CTRL,NORMAL,2026-07-17T12:30:00,,,
CGNX,CTRL,NORMAL,2024-10-04T09:30:00,-0.089,-0.519,-0.608
CGNX,CTRL,NORMAL,2024-10-04T15:30:00,-0.253,-1.467,-0.025
CGNX,CTRL,NORMAL,2024-10-07T14:30:00,0.86,-2.474,1.494
CGNX,CTRL,NORMAL,2024-10-08T13:30:00,-0.958,-0.479,0.227
CGNX,CTRL,NORMAL,2024-10-09T12:30:00,-1.731,1.757,2.928
CGNX,CTRL,NORMAL,2024-10-10T11:30:00,2.1,3.94,4.082
CGNX,CTRL,NORMAL,2024-10-11T10:30:00,0.355,2.56,2.611
CGNX,CTRL,PARABOLIC,2025-09-02T11:30:00,0.207,2.139,1.679
CGNX,CTRL,PARABOLIC,2025-09-03T10:30:00,1.358,3.383,2.555
CGNX,CTRL,PARABOLIC,2025-09-04T09:30:00,1.46,0.639,2.406
CGNX,CTRL,PARABOLIC,2025-09-04T15:30:00,1.49,0.192,1.456
CGNX,CTRL,PARABOLIC,2025-09-05T14:30:00,-0.045,-0.894,-0.559
CGNX,CTRL,PARABOLIC,2025-09-08T13:30:00,-0.502,-0.1,-0.48
CGNX,CTRL,PARABOLIC,2025-09-09T12:30:00,0.556,0.68,-0.272
CGNX,BOTTOM,PARABOLIC,2025-09-09T15:30:00,0.065,0.034,-0.248
CGNX,CTRL,PARABOLIC,2025-09-10T11:30:00,1.003,0.552,-0.372
CGNX,TOP,PARABOLIC,2025-09-10T14:30:00,1.083,0.361,-0.845
CGNX,CTRL,PARABOLIC,2025-09-11T10:30:00,-0.984,-1.968,1.286
CGNX,CTRL,NORMAL,2025-09-12T09:30:00,0.542,-0.339,3.953
CGNX,CTRL,NORMAL,2025-09-12T15:30:00,-0.507,-0.665,4.743
CGNX,CTRL,NORMAL,2025-09-15T14:30:00,-1.415,3.55,4.875
CGNX,CTRL,NORMAL,2025-09-16T13:30:00,0.783,4.791,5.37
CGNX,CTRL,NORMAL,2025-09-17T12:30:00,3.909,6.705,3.409
CGNX,CTRL,PARABOLIC,2025-09-18T11:30:00,1.869,2.836,-1.671
CGNX,CTRL,PARABOLIC,2025-09-19T10:30:00,1.909,-1.03,-1.844
CGNX,CTRL,PARABOLIC,2025-09-22T09:30:00,1.243,-3.591,-2.733
CGNX,CTRL,PARABOLIC,2025-09-22T15:30:00,-0.226,-3.611,-2.149
CGNX,CTRL,NORMAL,2025-09-23T14:30:00,-1.749,-1.177,-2.592
CGNX,CTRL,NORMAL,2025-09-24T13:30:00,-0.936,0.529,0.573
CGNX,CTRL,NORMAL,2025-09-25T12:30:00,1.202,-0.823,1.023
CGNX,CTRL,NORMAL,2025-09-26T11:30:00,-0.351,-0.351,3.051
CGNX,CTRL,NORMAL,2025-09-29T10:30:00,-0.883,0.849,3.003
CGNX,CTRL,NORMAL,2025-09-30T09:30:00,0.397,3.478,1.479
CGNX,TOP,NORMAL,2025-09-30T14:30:00,1.02,2.749,1.175
CGNX,CTRL,NORMAL,2025-09-30T15:30:00,1.125,2.207,1.368
CGNX,BOTTOM,NORMAL,2025-10-01T11:30:00,0.171,2.225,3.172
CGNX,CTRL,NORMAL,2025-10-01T14:30:00,0.263,2.36,2.744
CGNX,CTRL,NORMAL,2025-10-02T13:30:00,1.874,-0.499,1.459
CGNX,CTRL,NORMAL,2025-10-03T12:30:00,-0.747,-0.107,-8.751
CGNX,CTRL,NORMAL,2025-10-06T11:30:00,-2.262,0.06,-5.796
CGNX,CTRL,NORMAL,2025-10-07T10:30:00,3.431,-3.53,-2.971
CGNX,CTRL,NORMAL,2025-10-08T09:30:00,-1.834,-9.024,-2.694
CGNX,CTRL,NORMAL,2025-10-08T15:30:00,-0.374,-6.418,-2.011
CGNX,CTRL,NORMAL,2025-10-09T14:30:00,-12.605,-2.861,-1.291
CGNX,CTRL,NORMAL,2025-10-10T13:30:00,7.741,9.298,10.458
CGNX,CTRL,NORMAL,2025-10-13T12:30:00,1.32,4.893,8.785
CGNX,CTRL,NORMAL,2025-10-14T11:30:00,1.685,3.011,8.964
CGNX,TOP,NORMAL,2025-10-14T12:30:00,1.584,2.269,8.446
CGNX,CTRL,NORMAL,2026-01-29T12:30:00,2.058,4.862,9.107
CGNX,TOP,NORMAL,2026-01-29T14:30:00,4.684,0.86,10.883
CGNX,CTRL,NORMAL,2026-02-02T13:30:00,0.175,-0.677,10.516
CGNX,CTRL,NORMAL,2026-02-03T12:30:00,-0.149,5.224,8.864
CGNX,CTRL,NORMAL,2026-02-04T11:30:00,-0.434,8.543,7.849
CGNX,CTRL,NORMAL,2026-02-05T10:30:00,6.541,10.616,42.516
CGNX,BOTTOM,NORMAL,2026-02-05T14:30:00,7.722,11.176,48.946
CGNX,CTRL,NORMAL,2026-02-06T09:30:00,4.613,5.606,40.065
CGNX,CTRL,NORMAL,2026-02-06T15:30:00,3.138,1.475,38.886
CGNX,CTRL,PARABOLIC,2026-02-09T14:30:00,-0.023,33.942,30.585
CGNX,CTRL,PARABOLIC,2026-02-10T13:30:00,-3.611,34.113,29.207
CGNX,CTRL,NORMAL,2026-02-11T12:30:00,34.114,33.566,30.255
CGNX,CTRL,PARABOLIC,2026-02-12T11:30:00,-0.432,-3.018,-6.358
CGNX,CTRL,PARABOLIC,2026-02-13T10:30:00,-3.126,-4.943,-5.384
CGNX,CTRL,PARABOLIC,2026-02-17T09:30:00,0.044,-1.422,-0.105
CGNX,BOTTOM,PARABOLIC,2026-02-17T15:30:00,-0.701,-1.874,1.349
CGNX,TOP,PARABOLIC,2026-02-18T14:30:00,-0.51,0.373,2.281
CGNX,CTRL,PARABOLIC,2026-02-19T13:30:00,0.241,3.368,-0.965
CGNX,CTRL,PARABOLIC,2026-02-20T12:30:00,0.992,3.425,-4.056
CGNX,CTRL,PARABOLIC,2026-02-23T11:30:00,3.748,0.27,-2.937
CGNX,CTRL,PARABOLIC,2026-02-24T10:30:00,0.95,-5.108,-6.33
CGNX,CTRL,PARABOLIC,2026-02-25T09:30:00,-2.865,-5.398,-6.08
CGNX,CTRL,PARABOLIC,2026-02-25T15:30:00,-3.57,-6.235,-7.454
CGNX,CTRL,PARABOLIC,2026-02-26T14:30:00,-1.485,-1.777,-7.026
CGNX,CTRL,PARABOLIC,2026-02-27T13:30:00,0.887,-0.441,-7.034
CGNX,CTRL,PARABOLIC,2026-03-02T12:30:00,-0.232,-4.81,-8.487
CGNX,CTRL,PARABOLIC,2026-03-03T11:30:00,-0.019,-8.417,-4.682
CGNX,CTRL,PARABOLIC,2026-05-06T14:30:00,7.266,9.734,3.674
CGNX,CTRL,PARABOLIC,2026-05-07T13:30:00,-0.993,-0.045,-0.587
CGNX,CTRL,PARABOLIC,2026-05-08T12:30:00,2.994,-2.014,-1.148
CGNX,BOTTOM,PARABOLIC,2026-05-11T11:30:00,-3.994,-3.129,-7.469
CGNX,CTRL,PARABOLIC,2026-05-12T10:30:00,1.091,0.116,-5.774
CGNX,CTRL,PARABOLIC,2026-05-13T09:30:00,-0.931,-2.984,-4.418
CGNX,TOP,PARABOLIC,2026-05-13T14:30:00,3.206,-2.491,-1.163
CGNX,CTRL,PARABOLIC,2026-05-13T15:30:00,3.802,-2.765,-0.471
CGNX,CTRL,PARABOLIC,2026-05-14T14:30:00,-1.949,-7.917,-2.725
CGNX,CTRL,PARABOLIC,2026-05-15T13:30:00,-3.93,-2.181,3.184
CGNX,CTRL,PARABOLIC,2026-05-18T12:30:00,-2.214,1.004,7.932
CGNX,CTRL,NORMAL,2026-05-19T11:30:00,2.543,8.448,8.891
CGNX,CTRL,PARABOLIC,2026-05-20T10:30:00,0.167,6.415,4.795
CGNX,CTRL,PARABOLIC,2026-05-21T09:30:00,3.231,4.949,2.29
CGNX,CTRL,PARABOLIC,2026-05-21T15:30:00,2.801,3.773,2.458
CGNX,CTRL,PARABOLIC,2026-05-22T14:30:00,1.89,-0.813,-2.726
CGNX,CTRL,PARABOLIC,2026-05-26T13:30:00,-2.08,-3.208,-1.652
CGNX,CTRL,PARABOLIC,2026-05-27T12:30:00,-0.593,-2.468,-0.893
CGNX,CTRL,PARABOLIC,2026-05-28T11:30:00,-1.376,-0.541,-1.624
CGNX,CTRL,PARABOLIC,2026-05-29T10:30:00,-2.617,1.112,-5.9
CGNX,CTRL,NORMAL,2026-06-01T09:30:00,3.87,1.811,-3.124
CGNX,CTRL,NORMAL,2026-06-01T15:30:00,2.227,0.031,-3.534
CGNX,CTRL,PARABOLIC,2026-06-02T14:30:00,-1.913,-8.849,-8.827
CGNX,CTRL,NORMAL,2026-07-08T14:30:00,2.331,-0.709,-1.551
CGNX,CTRL,NORMAL,2026-07-09T13:30:00,1.447,-1.604,-4.177
CGNX,TOP,NORMAL,2026-07-09T15:30:00,1.551,-1.133,-2.843
CGNX,CTRL,NORMAL,2026-07-10T12:30:00,-3.273,-6.094,-2.693
CGNX,BOTTOM,NORMAL,2026-07-10T15:30:00,-4.304,-5.344,-4.057
CGNX,CTRL,NORMAL,2026-07-13T11:30:00,0.525,-2.424,
OUST,CTRL,NORMAL,2024-12-30T12:30:00,-4.474,13.03,15.149
OUST,BOTTOM,NORMAL,2024-12-30T14:30:00,-2.918,17.345,15.348
OUST,CTRL,NORMAL,2024-12-31T11:30:00,3.491,26.6,-0.333
OUST,CTRL,NORMAL,2025-01-02T10:30:00,10.008,17.747,-11.348
OUST,CTRL,PARABOLIC,2025-01-03T09:30:00,8.778,-8.925,-25.683
OUST,CTRL,PARABOLIC,2025-01-03T15:30:00,3.862,-13.876,-25.837
OUST,CTRL,PARABOLIC,2025-01-06T14:30:00,-7.262,-26.992,-30.977
OUST,CTRL,PARABOLIC,2025-01-07T13:30:00,-13.142,-27.173,-20.329
OUST,CTRL,NORMAL,2025-01-08T12:30:00,-7.834,-14.468,-11.351
OUST,CTRL,NORMAL,2025-01-10T11:30:00,-9.663,1.181,-4.766
OUST,CTRL,NORMAL,2025-01-13T10:30:00,4.193,8.727,4.193
OUST,CTRL,NORMAL,2025-01-14T09:30:00,9.07,-1.283,-4.342
OUST,TOP,NORMAL,2025-01-14T14:30:00,7.076,-1.254,0.093
OUST,CTRL,NORMAL,2025-01-14T15:30:00,6.629,-1.12,0.577
OUST,CTRL,NORMAL,2025-01-15T14:30:00,-1.609,-8.348,-7.565
OUST,CTRL,NORMAL,2025-01-16T13:30:00,-4.363,-3.737,-3.47
OUST,CTRL,NORMAL,2025-01-17T12:30:00,-1.39,-1.761,-11.863
OUST,CTRL,NORMAL,2025-01-21T11:30:00,2.789,6.713,-8.033
OUST,CTRL,NORMAL,2025-01-22T10:30:00,0.0,-8.774,-10.189
OUST,CTRL,NORMAL,2025-01-23T09:30:00,4.299,-9.168,-10.747
OUST,TOP,NORMAL,2025-01-23T10:30:00,8.066,-10.896,-9.67
OUST,CTRL,NORMAL,2025-01-23T15:30:00,-2.612,-9.188,-7.836
OUST,CTRL,NORMAL,2025-01-24T14:30:00,-10.01,-8.675,-5.052
OUST,CTRL,NORMAL,2025-01-27T13:30:00,1.145,3.122,-0.416
OUST,CTRL,NORMAL,2025-01-28T12:30:00,-1.643,5.714,2.259
OUST,CTRL,NORMAL,2025-01-29T11:30:00,1.765,1.688,12.869
OUST,CTRL,NORMAL,2025-01-30T10:30:00,8.146,7.154,15.614
OUST,CTRL,NORMAL,2025-01-31T09:30:00,-9.611,-2.666,4.843
OUST,CTRL,NORMAL,2025-01-31T15:30:00,-4.016,3.213,4.418
OUST,CTRL,NORMAL,2025-02-03T14:30:00,4.63,12.14,5.607
OUST,CTRL,NORMAL,2025-02-04T13:30:00,4.076,2.584,-2.684
OUST,CTRL,NORMAL,2025-02-05T12:30:00,4.539,0.095,-5.721
OUST,CTRL,NORMAL,2025-02-06T11:30:00,-4.758,-11.878,-10.472
OUST,CTRL,NORMAL,2025-02-07T10:30:00,-2.3,-8.075,-4.507
OUST,BOTTOM,NORMAL,2025-02-07T12:30:00,0.475,-5.363,-6.028
OUST,CTRL,PARABOLIC,2025-06-18T10:30:00,6.037,21.512,19.43
OUST,CTRL,PARABOLIC,2025-06-20T09:30:00,13.539,10.984,16.953
OUST,CTRL,PARABOLIC,2025-06-20T15:30:00,10.218,9.196,11.983
OUST,BOTTOM,PARABOLIC,2025-06-23T14:30:00,-0.167,6.844,1.905
OUST,CTRL,PARABOLIC,2025-06-24T13:30:00,-2.327,-2.779,-9.656
OUST,CTRL,PARABOLIC,2025-06-25T12:30:00,5.754,4.604,-10.742
OUST,CTRL,PARABOLIC,2025-06-26T11:30:00,1.025,-9.368,-7.796
OUST,CTRL,PARABOLIC,2025-06-27T10:30:00,0.137,-13.883,-10.78
OUST,CTRL,PARABOLIC,2025-06-30T09:30:00,-7.183,-12.828,-7.608
OUST,CTRL,PARABOLIC,2025-06-30T15:30:00,-10.767,-9.716,-0.495
OUST,CTRL,PARABOLIC,2025-07-01T14:30:00,-2.549,3.778,13.12
OUST,CTRL,PARABOLIC,2025-07-02T13:30:00,4.466,15.412,12.704
OUST,CTRL,PARABOLIC,2025-07-07T09:30:00,8.296,9.913,10.81
OUST,TOP,PARABOLIC,2025-07-07T13:30:00,5.94,14.339,14.385
OUST,CTRL,PARABOLIC,2025-07-07T15:30:00,3.301,9.099,10.214
OUST,CTRL,PARABOLIC,2025-07-08T14:30:00,6.765,1.561,20.902
OUST,CTRL,PARABOLIC,2025-07-09T13:30:00,1.399,1.44,17.16
OUST,CTRL,PARABOLIC,2025-07-10T12:30:00,-5.448,10.533,20.218
OUST,CTRL,NORMAL,2025-07-11T11:30:00,4.57,23.684,31.277
OUST,CTRL,PARABOLIC,2025-07-14T10:30:00,8.11,26.513,29.148
OUST,CTRL,PARABOLIC,2025-07-15T09:30:00,8.286,12.693,-1.811
OUST,CTRL,PARABOLIC,2025-07-15T15:30:00,2.44,8.298,-3.319
OUST,CTRL,PARABOLIC,2025-07-16T14:30:00,1.345,3.721,-6.48
OUST,CTRL,PARABOLIC,2025-07-17T13:30:00,4.706,-6.905,-2.25
OUST,CTRL,PARABOLIC,2025-07-18T12:30:00,0.429,-14.504,-13.355
OUST,BOTTOM,PARABOLIC,2025-07-18T14:30:00,-4.38,-13.784,-14.67
OUST,CTRL,PARABOLIC,2025-07-21T11:30:00,-14.524,-10.059,-16.487
OUST,CTRL,NORMAL,2025-07-22T10:30:00,1.753,2.668,-8.575
OUST,CTRL,NORMAL,2025-07-23T09:30:00,-0.128,-5.188,-16.606
OUST,CTRL,NORMAL,2025-07-23T15:30:00,6.304,-2.814,-15.685
OUST,CTRL,NORMAL,2025-07-24T14:30:00,-7.1,-17.987,-17.604
OUST,CTRL,NORMAL,2025-07-25T13:30:00,-2.186,-12.559,-16.193
OUST,CTRL,NORMAL,2025-07-28T12:30:00,-7.554,-8.21,-7.549
OUST,CTRL,NORMAL,2025-07-29T11:30:00,-2.023,-3.003,2.961
OUST,CTRL,NORMAL,2025-07-30T10:30:00,1.346,1.433,-0.441
OUST,CTRL,NORMAL,2025-07-31T09:30:00,-3.844,5.765,0.216
OUST,CTRL,NORMAL,2025-07-31T15:30:00,-6.031,2.78,-1.198
OUST,TOP,NORMAL,2025-08-01T09:30:00,5.484,4.582,27.358
OUST,CTRL,NORMAL,2025-08-01T14:30:00,8.034,4.745,18.818
OUST,CTRL,NORMAL,2025-08-04T13:30:00,-0.251,-5.18,17.251
OUST,CTRL,NORMAL,2025-08-05T12:30:00,-5.317,10.862,18.578
OUST,CTRL,NORMAL,2025-08-06T11:30:00,2.445,30.029,38.07
OUST,CTRL,NORMAL,2025-08-07T10:30:00,21.499,23.907,53.62
OUST,CTRL,NORMAL,2025-08-08T09:30:00,6.173,9.661,22.571
OUST,CTRL,NORMAL,2025-08-08T15:30:00,8.056,28.311,34.469
OUST,CTRL,NORMAL,2025-08-11T14:30:00,-0.584,24.792,12.83
OUST,CTRL,NORMAL,2025-08-12T13:30:00,14.116,23.825,4.846
OUST,BOTTOM,NORMAL,2025-08-12T14:30:00,18.451,25.881,5.02
OUST,CTRL,NORMAL,2025-08-13T12:30:00,7.462,-1.941,-9.214
OUST,CTRL,NORMAL,2025-08-14T11:30:00,4.486,-9.667,-12.524
OUST,CTRL,NORMAL,2025-08-15T10:30:00,-8.101,-16.845,-12.845
OUST,CTRL,NORMAL,2025-08-18T09:30:00,-5.243,-6.557,-6.698
OUST,CTRL,NORMAL,2025-08-18T15:30:00,-5.471,-6.04,-5.25
OUST,CTRL,NORMAL,2025-08-19T14:30:00,-0.305,3.22,4.593
OUST,CTRL,NORMAL,2025-08-20T13:30:00,2.358,4.578,4.613
OUST,CTRL,NORMAL,2025-08-21T12:30:00,3.608,3.794,7.69
OUST,CTRL,NORMAL,2025-08-22T11:30:00,-2.224,-1.504,-7.848
OUST,CTRL,NORMAL,2025-08-25T10:30:00,3.135,5.67,-7.705
OUST,BOTTOM,NORMAL,2025-08-25T14:30:00,2.237,3.078,-7.422
OUST,CTRL,NORMAL,2025-08-26T09:30:00,-2.448,-11.232,-10.497
OUST,CTRL,NORMAL,2025-08-26T15:30:00,-1.911,-7.642,-11.172
OUST,CTRL,NORMAL,2025-08-27T14:30:00,3.489,-7.053,-6.52
OUST,CTRL,NORMAL,2025-08-28T13:30:00,-12.009,-14.847,-14.614
OUST,CTRL,NORMAL,2025-08-29T12:30:00,-4.938,-1.812,0.249
OUST,CTRL,NORMAL,2025-09-02T11:30:00,2.527,2.031,6.079
OUST,CTRL,NORMAL,2025-09-03T10:30:00,-1.723,3.392,3.084
OUST,CTRL,NORMAL,2025-09-04T09:30:00,0.115,3.247,10.66
OUST,CTRL,NORMAL,2025-09-04T15:30:00,-3.035,0.565,8.363
OUST,CTRL,NORMAL,2025-10-17T14:30:00,1.638,-1.216,20.162
OUST,BOTTOM,NORMAL,2025-10-20T09:30:00,0.892,6.18,24.328
OUST,CTRL,NORMAL,2025-10-20T13:30:00,5.415,10.977,24.9
OUST,TOP,NORMAL,2025-10-20T14:30:00,3.456,10.498,23.908
OUST,CTRL,NORMAL,2025-10-21T12:30:00,-11.083,12.083,7.41
OUST,CTRL,NORMAL,2025-10-22T11:30:00,13.134,29.84,23.311
OUST,CTRL,NORMAL,2025-10-23T10:30:00,6.429,5.576,2.102
OUST,CTRL,NORMAL,2025-10-24T09:30:00,7.654,0.535,-4.334
OUST,CTRL,NORMAL,2025-10-24T15:30:00,3.463,-3.323,-6.87
OUST,CTRL,NORMAL,2025-10-27T14:30:00,-11.303,-12.711,-15.286
OUST,CTRL,NORMAL,2025-10-28T13:30:00,2.252,-3.208,-15.467
OUST,CTRL,NORMAL,2025-10-29T12:30:00,-4.737,-10.074,-24.8
OUST,CTRL,NORMAL,2025-10-30T11:30:00,-3.882,-12.923,-28.978
OUST,CTRL,NORMAL,2025-10-31T10:30:00,-8.535,-21.731,-30.296
OUST,TOP,NORMAL,2025-10-31T15:30:00,-4.918,-22.429,-22.879
OUST,CTRL,NORMAL,2026-01-16T14:30:00,-5.606,3.996,-9.697
OUST,CTRL,NORMAL,2026-01-20T13:30:00,0.587,2.622,-0.254
OUST,CTRL,NORMAL,2026-01-21T12:30:00,16.047,1.797,0.481
OUST,CTRL,NORMAL,2026-01-22T11:30:00,-5.755,-10.484,-13.856
OUST,CTRL,NORMAL,2026-01-23T10:30:00,-4.861,-5.018,-13.269
OUST,CTRL,NORMAL,2026-01-26T09:30:00,-1.099,-5.515,-17.745
OUST,CTRL,NORMAL,2026-01-26T15:30:00,1.076,-2.813,-20.811
OUST,CTRL,NORMAL,2026-01-27T14:30:00,-2.245,-16.082,-27.98
OUST,CTRL,NORMAL,2026-01-28T13:30:00,-0.211,-14.653,-27.158
OUST,CTRL,NORMAL,2026-01-29T12:30:00,-14.313,-20.471,-18.979
OUST,CTRL,NORMAL,2026-02-02T13:30:00,-5.695,-13.996,2.944
OUST,CTRL,NORMAL,2026-02-03T12:30:00,-6.64,-2.348,3.408
OUST,CTRL,NORMAL,2026-02-04T11:30:00,-3.287,13.813,3.043
OUST,CTRL,NORMAL,2026-02-05T10:30:00,7.484,17.062,-0.698
OUST,CTRL,NORMAL,2026-02-06T09:30:00,8.752,1.08,0.891
OUST,CTRL,NORMAL,2026-02-06T15:30:00,8.496,-2.626,-3.296
OUST,CTRL,NORMAL,2026-02-09T14:30:00,-5.087,-14.932,-12.129
OUST,CTRL,NORMAL,2026-02-10T13:30:00,-6.204,-8.419,-8.124
OUST,TOP,NORMAL,2026-02-10T14:30:00,-6.039,-7.757,-9.28
OUST,CTRL,NORMAL,2026-02-11T12:30:00,-6.933,-1.72,-1.561
OUST,CTRL,NORMAL,2026-03-18T12:30:00,-1.5,-1.333,-2.095
OUST,CTRL,NORMAL,2026-03-19T11:30:00,-0.942,-0.241,-5.794
OUST,CTRL,NORMAL,2026-03-20T10:30:00,3.027,1.318,-12.5
OUST,TOP,NORMAL,2026-03-20T12:30:00,0.876,0.097,-14.021
OUST,CTRL,NORMAL,2026-03-23T09:30:00,-2.693,-6.126,-17.139
OUST,CTRL,NORMAL,2026-03-23T15:30:00,-2.786,-8.782,-21.53
OUST,CTRL,NORMAL,2026-03-24T14:30:00,-1.357,-13.666,-11.728
OUST,BOTTOM,NORMAL,2026-03-25T10:30:00,-5.831,-17.59,-7.084
OUST,CTRL,NORMAL,2026-03-25T13:30:00,-4.653,-17.258,-7.647
OUST,CTRL,NORMAL,2026-03-26T12:30:00,-9.016,-6.131,-0.052
OUST,CTRL,NORMAL,2026-03-27T11:30:00,-5.418,8.126,9.989
OUST,CTRL,NORMAL,2026-06-16T10:30:00,-2.519,11.612,-6.27
OUST,CTRL,NORMAL,2026-06-17T09:30:00,-7.586,11.023,-6.218
OUST,BOTTOM,NORMAL,2026-06-17T14:30:00,3.69,5.656,-2.603
OUST,CTRL,NORMAL,2026-06-17T15:30:00,14.314,10.852,2.639
OUST,CTRL,NORMAL,2026-06-18T14:30:00,8.244,-11.156,-9.17
OUST,CTRL,NORMAL,2026-06-22T13:30:00,-9.481,-13.976,4.796
OUST,CTRL,NORMAL,2026-06-23T12:30:00,-14.338,-10.319,33.209
OUST,CTRL,NORMAL,2026-06-24T11:30:00,3.095,25.42,50.248
OUST,CTRL,NORMAL,2026-06-25T10:30:00,-1.931,49.557,24.582
OUST,TOP,NORMAL,2026-06-25T14:30:00,-3.302,48.219,18.254
OUST,CTRL,NORMAL,2026-06-26T09:30:00,20.269,51.893,30.317
OUST,CTRL,NORMAL,2026-06-26T15:30:00,28.755,42.823,18.591
OUST,CTRL,PARABOLIC,2026-06-29T14:30:00,15.513,-7.84,-20.492
OUST,CTRL,PARABOLIC,2026-06-30T13:30:00,-1.472,-18.145,-29.745
OUST,CTRL,PARABOLIC,2026-07-01T12:30:00,-18.662,-27.578,-22.267
OUST,BOTTOM,PARABOLIC,2026-07-01T14:30:00,-16.566,-28.021,-20.496
OUST,CTRL,NORMAL,2026-07-02T11:30:00,6.242,-18.251,-11.584
OUST,CTRL,NORMAL,2026-07-06T10:30:00,-17.539,-11.822,-21.891
OUST,TOP,NORMAL,2026-07-07T09:30:00,-4.429,0.359,-8.063
OUST,CTRL,NORMAL,2026-07-07T15:30:00,-1.541,-1.702,-4.766
OUST,CTRL,NORMAL,2026-07-08T14:30:00,9.473,-8.111,-11.573
OUST,CTRL,NORMAL,2026-07-09T13:30:00,-7.272,-12.242,-25.96
OUST,CTRL,NORMAL,2026-07-10T12:30:00,-10.557,-13.333,-15.072
OUST,CTRL,NORMAL,2026-07-13T11:30:00,4.697,-10.902,
OUST,CTRL,NORMAL,2026-07-14T10:30:00,-6.502,-17.736,
OUST,CTRL,NORMAL,2026-07-15T09:30:00,-12.924,,
OUST,CTRL,NORMAL,2026-07-15T15:30:00,-7.457,,
OUST,CTRL,NORMAL,2026-07-16T14:30:00,5.263,,
OUST,CTRL,NORMAL,2026-07-17T13:30:00,,,
TER,CTRL,NORMAL,2024-09-13T12:30:00,-5.221,-2.168,-2.902
TER,BOTTOM,NORMAL,2024-09-13T13:30:00,-3.809,-0.289,-2.598
TER,CTRL,NORMAL,2024-09-16T11:30:00,3.861,8.107,3.391
TER,CTRL,NORMAL,2024-09-17T10:30:00,-0.689,-1.194,-0.214
TER,CTRL,NORMAL,2024-09-18T09:30:00,2.699,-0.545,0.63
TER,CTRL,NORMAL,2024-09-18T15:30:00,4.717,1.431,2.159
TER,CTRL,NORMAL,2024-09-19T14:30:00,-2.74,-1.958,2.972
TER,CTRL,NORMAL,2024-09-20T13:30:00,1.128,1.4,4.745
TER,BOTTOM,NORMAL,2024-09-23T11:30:00,0.269,3.942,2.606
TER,CTRL,NORMAL,2024-09-23T12:30:00,0.646,4.033,2.155
TER,CTRL,NORMAL,2024-09-24T11:30:00,0.365,4.069,-0.726
TER,CTRL,NORMAL,2024-09-25T10:30:00,3.158,2.268,1.903
TER,CTRL,NORMAL,2024-09-26T09:30:00,0.493,-5.505,-4.066
TER,CTRL,NORMAL,2024-09-26T15:30:00,-2.023,-6.132,-6.121
TER,CTRL,NORMAL,2024-09-27T14:30:00,-2.104,-1.514,-3.435
TER,CTRL,NORMAL,2024-09-30T13:30:00,-1.365,-2.085,-1.494
TER,CTRL,NORMAL,2024-10-01T12:30:00,2.929,1.383,0.202
TER,CTRL,NORMAL,2024-10-02T11:30:00,-2.577,-2.734,-2.008
TER,CTRL,NORMAL,2024-10-03T10:30:00,-0.085,-0.196,-0.871
TER,TOP,NORMAL,2024-10-03T11:30:00,0.062,-0.138,-1.522
TER,CTRL,NORMAL,2024-10-04T09:30:00,0.392,0.446,0.761
TER,CTRL,NORMAL,2024-10-04T15:30:00,-0.82,-0.061,1.034
TER,CTRL,NORMAL,2024-10-07T14:30:00,1.066,-0.078,4.143
TER,CTRL,NORMAL,2024-10-08T13:30:00,0.542,1.946,-0.348
TER,CTRL,NORMAL,2024-10-09T12:30:00,-1.176,2.772,-1.706
TER,CTRL,NORMAL,2024-10-10T11:30:00,2.764,0.711,1.378
TER,CTRL,NORMAL,2024-10-11T10:30:00,1.106,-1.839,-4.054
TER,CTRL,NORMAL,2024-10-14T09:30:00,0.704,-2.13,-5.347
TER,CTRL,NORMAL,2024-10-14T15:30:00,-4.618,-4.797,-5.755
TER,CTRL,NORMAL,2024-10-15T14:30:00,-0.083,-0.531,-1.243
TER,CTRL,NORMAL,2024-10-16T13:30:00,0.659,-1.525,-3.677
TER,CTRL,NORMAL,2024-10-17T12:30:00,-3.145,-3.265,-13.448
TER,TOP,NORMAL,2024-10-17T14:30:00,-1.381,-2.087,-13.971
TER,CTRL,NORMAL,2024-10-18T11:30:00,-0.759,-1.064,-10.455
TER,CTRL,NORMAL,2024-10-21T10:30:00,0.363,-9.161,-11.397
TER,CTRL,PARABOLIC,2025-09-22T09:30:00,4.983,1.711,4.11
TER,CTRL,PARABOLIC,2025-09-22T15:30:00,-0.326,-1.658,-0.599
TER,CTRL,PARABOLIC,2025-09-23T14:30:00,-0.294,0.85,1.867
TER,CTRL,PARABOLIC,2025-09-24T13:30:00,-0.453,1.195,4.867
TER,CTRL,PARABOLIC,2025-09-25T12:30:00,2.159,1.448,8.68
TER,BOTTOM,PARABOLIC,2025-09-25T14:30:00,2.515,3.549,9.333
TER,CTRL,PARABOLIC,2025-09-26T11:30:00,0.996,3.501,10.177
TER,CTRL,PARABOLIC,2025-09-29T10:30:00,0.25,6.811,12.135
TER,CTRL,PARABOLIC,2025-09-30T09:30:00,2.241,9.854,8.123
TER,CTRL,PARABOLIC,2025-09-30T15:30:00,2.558,5.856,1.831
TER,CTRL,PARABOLIC,2025-10-01T14:30:00,3.344,6.294,3.365
TER,CTRL,PARABOLIC,2025-10-02T13:30:00,1.555,-2.534,-0.146
TER,CTRL,PARABOLIC,2025-10-03T12:30:00,2.576,-2.394,-7.203
TER,CTRL,PARABOLIC,2025-10-06T11:30:00,-6.705,-4.615,-8.236
TER,CTRL,PARABOLIC,2025-10-07T10:30:00,0.482,-3.359,-3.401
TER,CTRL,PARABOLIC,2025-10-08T09:30:00,0.491,-3.922,-1.526
TER,CTRL,PARABOLIC,2025-10-08T15:30:00,0.401,-3.789,-2.462
TER,CTRL,PARABOLIC,2025-10-09T14:30:00,-7.683,-4.036,-3.745
TER,CTRL,NORMAL,2025-10-10T13:30:00,3.798,3.854,2.75
TER,CTRL,NORMAL,2025-10-13T12:30:00,0.239,1.631,1.167
TER,CTRL,NORMAL,2025-10-14T11:30:00,1.218,0.29,2.932
TER,CTRL,NORMAL,2025-10-15T10:30:00,0.053,-0.788,-1.957
TER,BOTTOM,NORMAL,2025-10-15T13:30:00,-0.791,-0.14,-1.886
TER,CTRL,NORMAL,2025-10-16T09:30:00,-1.745,0.213,1.54
TER,CTRL,NORMAL,2025-10-16T15:30:00,-0.826,2.93,4.107
TER,CTRL,NORMAL,2025-10-17T14:30:00,1.509,0.35,4.894
TER,CTRL,NORMAL,2025-10-20T13:30:00,2.329,4.533,5.838
TER,CTRL,NORMAL,2025-10-21T12:30:00,-3.58,1.642,2.82
TER,CTRL,NORMAL,2025-10-22T11:30:00,5.03,7.129,25.486
TER,CTRL,NORMAL,2025-10-23T10:30:00,1.432,2.689,22.67
TER,CTRL,NORMAL,2025-10-24T09:30:00,1.202,12.719,25.386
TER,CTRL,NORMAL,2025-10-24T15:30:00,2.239,20.581,25.96
TER,CTRL,NORMAL,2025-10-27T14:30:00,-2.024,19.495,24.301
TER,CTRL,NORMAL,2025-10-28T13:30:00,19.788,26.304,22.473
TER,CTRL,PARABOLIC,2025-10-29T12:30:00,3.515,5.894,8.488
TER,CTRL,PARABOLIC,2025-10-30T11:30:00,5.151,3.035,5.461
TER,CTRL,PARABOLIC,2025-10-31T10:30:00,-2.206,-1.436,-4.523
TER,CTRL,PARABOLIC,2025-11-03T09:30:00,-0.469,4.596,0.254
TER,CTRL,PARABOLIC,2025-11-03T15:30:00,-4.151,1.092,0.503
TER,CTRL,PARABOLIC,2025-11-04T14:30:00,6.252,2.058,-0.481
TER,CTRL,PARABOLIC,2025-11-05T13:30:00,-0.359,-1.951,-4.689
TER,CTRL,PARABOLIC,2025-11-06T12:30:00,-4.097,-4.957,-9.394
TER,CTRL,PARABOLIC,2025-11-07T11:30:00,4.058,1.304,-2.867
TER,CTRL,PARABOLIC,2025-11-10T10:30:00,-2.949,-6.229,-6.54
TER,CTRL,PARABOLIC,2025-11-11T09:30:00,0.684,-4.419,-7.762
TER,CTRL,PARABOLIC,2025-11-11T15:30:00,1.015,-4.165,-7.717
TER,TOP,PARABOLIC,2025-11-12T14:30:00,-5.516,-7.614,-5.124
TER,CTRL,NORMAL,2025-11-13T13:30:00,0.751,-2.761,-6.642
TER,CTRL,NORMAL,2025-11-14T12:30:00,-0.85,-1.161,-7.903
TER,CTRL,NORMAL,2025-11-17T11:30:00,-2.875,-5.896,-2.14
TER,CTRL,NORMAL,2025-11-18T10:30:00,1.532,-6.069,-0.923
TER,CTRL,NORMAL,2025-11-19T09:30:00,1.743,-2.829,2.569
TER,CTRL,NORMAL,2025-11-19T15:30:00,-7.272,-1.35,6.647
TER,CTRL,NORMAL,2025-11-20T14:30:00,1.687,6.274,15.472
TER,CTRL,NORMAL,2025-11-21T13:30:00,3.844,12.301,16.863
TER,CTRL,NORMAL,2025-11-24T12:30:00,-0.024,7.27,15.128
TER,TOP,NORMAL,2025-11-25T11:30:00,6.983,8.205,17.433
TER,CTRL,NORMAL,2025-11-26T10:30:00,2.301,7.692,11.558
TER,CTRL,NORMAL,2025-11-28T09:30:00,0.233,8.007,11.268
TER,CTRL,NORMAL,2025-12-01T12:30:00,4.56,9.785,11.416
TER,BOTTOM,NORMAL,2025-12-01T14:30:00,6.254,10.068,13.243
TER,CTRL,PARABOLIC,2025-12-02T11:30:00,2.3,6.548,5.893
TER,CTRL,PARABOLIC,2025-12-03T10:30:00,3.657,5.456,3.978
TER,CTRL,PARABOLIC,2025-12-04T09:30:00,1.381,0.877,1.8
TER,CTRL,PARABOLIC,2025-12-04T15:30:00,1.027,0.604,2.643
TER,CTRL,PARABOLIC,2025-12-05T14:30:00,1.213,1.397,-4.177
TER,CTRL,PARABOLIC,2025-12-08T13:30:00,-1.139,-0.012,-4.055
TER,CTRL,PARABOLIC,2025-12-09T12:30:00,-0.156,-2.894,-5.636
TER,CTRL,PARABOLIC,2025-12-10T11:30:00,0.401,-2.146,-7.446
TER,CTRL,PARABOLIC,2025-12-11T10:30:00,-3.249,-4.984,-4.337
TER,CTRL,NORMAL,2025-12-12T09:30:00,-0.107,-1.612,-0.857
TER,TOP,NORMAL,2025-12-12T13:30:00,1.052,-5.122,1.166
TER,CTRL,NORMAL,2025-12-12T15:30:00,0.714,-4.174,0.879
TER,CTRL,NORMAL,2025-12-15T14:30:00,-2.387,-1.913,1.601
TER,CTRL,NORMAL,2025-12-16T13:30:00,-3.822,2.552,4.385
TER,CTRL,NORMAL,2025-12-17T12:30:00,3.798,7.694,7.255
TER,CTRL,NORMAL,2025-12-18T11:30:00,2.342,4.778,4.841
TER,CTRL,NORMAL,2025-12-19T10:30:00,2.185,1.784,1.306
TER,CTRL,NORMAL,2025-12-22T09:30:00,0.071,0.271,-0.152
TER,CTRL,NORMAL,2025-12-22T15:30:00,0.7,-0.167,-0.806
TER,CTRL,NORMAL,2025-12-23T14:30:00,-0.324,-0.872,2.605
TER,CTRL,NORMAL,2025-12-26T10:30:00,-0.806,-1.241,11.004
TER,BOTTOM,NORMAL,2025-12-26T14:30:00,-1.002,-2.397,9.97
TER,CTRL,NORMAL,2025-12-29T09:30:00,0.564,3.595,15.233
TER,CTRL,NORMAL,2025-12-29T15:30:00,-0.37,5.137,15.963
TER,CTRL,NORMAL,2026-01-23T10:30:00,1.869,8.017,8.061
TER,CTRL,NORMAL,2026-01-26T09:30:00,2.132,5.057,20.057
TER,CTRL,NORMAL,2026-01-26T15:30:00,3.107,8.691,17.692
TER,BOTTOM,PARABOLIC,2026-01-27T13:30:00,4.53,4.595,12.719
TER,CTRL,PARABOLIC,2026-01-27T14:30:00,4.883,14.046,12.189
TER,CTRL,PARABOLIC,2026-01-28T13:30:00,0.421,13.475,8.72
TER,CTRL,PARABOLIC,2026-01-29T12:30:00,-0.851,8.46,20.316
TER,CTRL,PARABOLIC,2026-02-02T13:30:00,11.299,9.863,24.066
TER,CTRL,PARABOLIC,2026-02-03T12:30:00,-2.908,7.338,10.479
TER,CTRL,PARABOLIC,2026-02-04T11:30:00,1.903,15.389,20.358
TER,CTRL,PARABOLIC,2026-02-05T10:30:00,6.887,10.647,14.286
TER,CTRL,PARABOLIC,2026-02-06T09:30:00,7.725,8.093,9.501
TER,CTRL,PARABOLIC,2026-02-06T15:30:00,3.36,7.096,4.833
TER,CTRL,PARABOLIC,2026-02-09T14:30:00,-2.268,-0.165,-1.037
TER,CTRL,PARABOLIC,2026-02-10T13:30:00,6.045,3.195,3.685
TER,CTRL,PARABOLIC,2026-02-11T12:30:00,-3.639,-3.577,-2.527
TER,CTRL,PARABOLIC,2026-02-12T11:30:00,-0.198,1.897,2.353
TER,CTRL,PARABOLIC,2026-02-13T10:30:00,-1.78,0.764,-0.661
TER,CTRL,PARABOLIC,2026-02-17T09:30:00,3.703,4.331,7.044
TER,CTRL,PARABOLIC,2026-02-17T15:30:00,3.064,6.357,7.667
TER,CTRL,PARABOLIC,2026-02-18T14:30:00,0.582,0.806,9.212
TER,CTRL,PARABOLIC,2026-02-19T13:30:00,2.978,4.597,6.757
TER,BOTTOM,PARABOLIC,2026-02-19T14:30:00,2.814,4.759,4.753
TER,CTRL,PARABOLIC,2026-02-20T12:30:00,-1.201,6.937,-2.547
TER,CTRL,PARABOLIC,2026-02-23T11:30:00,5.487,6.145,2.967
TER,CTRL,PARABOLIC,2026-02-24T10:30:00,3.368,-3.369,-6.738
TER,CTRL,PARABOLIC,2026-02-25T09:30:00,-2.622,-6.94,-9.1
TER,CTRL,PARABOLIC,2026-02-25T15:30:00,-2.905,-4.959,-10.977
TER,CTRL,PARABOLIC,2026-02-26T14:30:00,-3.609,-7.466,-9.038
TER,CTRL,PARABOLIC,2026-02-27T13:30:00,2.294,-2.928,-11.034
TER,CTRL,PARABOLIC,2026-03-02T12:30:00,-3.847,-8.647,-10.886
TER,CTRL,NORMAL,2026-03-03T11:30:00,-1.281,-7.508,-1.928
TER,CTRL,NORMAL,2026-03-04T10:30:00,0.461,-5.738,2.597
TER,TOP,NORMAL,2026-03-04T14:30:00,-1.988,-4.011,-0.32
TER,CTRL,NORMAL,2026-03-05T09:30:00,-4.963,-1.069,-5.28
TER,CTRL,NORMAL,2026-03-05T15:30:00,-10.685,-1.561,-6.236
TER,CTRL,NORMAL,2026-03-06T14:30:00,7.745,11.887,4.931
TER,CTRL,NORMAL,2026-03-09T13:30:00,6.221,0.642,4.046
TER,CTRL,NORMAL,2026-03-10T12:30:00,0.365,-6.825,-5.742
TER,CTRL,NORMAL,2026-03-11T11:30:00,-5.852,-4.289,-2.028
TER,CTRL,NORMAL,2026-03-12T10:30:00,0.07,2.117,3.916
TER,CTRL,NORMAL,2026-03-13T09:30:00,3.199,3.36,0.453
TER,CTRL,NORMAL,2026-03-13T15:30:00,4.087,4.736,1.525
TER,CTRL,NORMAL,2026-03-16T14:30:00,0.185,1.316,2.762
TER,CTRL,NORMAL,2026-03-17T13:30:00,2.818,-3.059,7.761
TER,BOTTOM,NORMAL,2026-03-18T10:30:00,-1.204,3.173,7.102
TER,CTRL,NORMAL,2026-03-18T12:30:00,-2.105,0.223,6.002
TER,CTRL,NORMAL,2026-03-19T11:30:00,-2.033,6.943,1.597
TER,CTRL,NORMAL,2026-03-20T10:30:00,5.793,9.822,1.51
TER,CTRL,NORMAL,2026-03-23T09:30:00,-1.023,-1.391,-8.982
TER,CTRL,NORMAL,2026-03-23T15:30:00,5.325,-2.195,-9.028
TER,BOTTOM,NORMAL,2026-03-24T14:30:00,0.974,-7.816,-7.175
TER,CTRL,NORMAL,2026-03-25T13:30:00,-7.781,-14.807,-4.479
TER,CTRL,NORMAL,2026-03-26T12:30:00,-2.161,-3.509,1.151
TER,CTRL,NORMAL,2026-03-27T11:30:00,-8.077,4.82,3.75
TER,CTRL,NORMAL,2026-03-30T10:30:00,2.832,11.665,14.052
TER,CTRL,NORMAL,2026-05-06T14:30:00,-9.244,-4.544,-4.494
TER,CTRL,NORMAL,2026-05-07T13:30:00,4.56,1.682,2.838
TER,CTRL,NORMAL,2026-05-08T12:30:00,0.84,0.027,-5.961
TER,CTRL,NORMAL,2026-05-11T11:30:00,-6.043,-0.913,-12.065
TER,CTRL,NORMAL,2026-05-12T10:30:00,5.161,0.71,-7.654
TER,TOP,NORMAL,2026-05-12T11:30:00,5.747,-0.224,-6.706
TER,CTRL,NORMAL,2026-06-10T14:30:00,8.06,24.028,19.458
TER,CTRL,NORMAL,2026-06-11T13:30:00,9.29,14.672,15.435
TER,CTRL,NORMAL,2026-06-12T12:30:00,6.52,4.049,10.444
TER,CTRL,NORMAL,2026-06-15T11:30:00,0.091,0.326,-1.861
TER,CTRL,NORMAL,2026-06-16T10:30:00,0.987,6.439,1.461
TER,CTRL,NORMAL,2026-06-17T09:30:00,0.129,-2.99,3.355
TER,CTRL,NORMAL,2026-06-17T15:30:00,7.22,2.858,15.506
TER,BOTTOM,NORMAL,2026-06-18T13:30:00,5.533,-0.344,0.958
TER,CTRL,NORMAL,2026-06-18T14:30:00,3.99,-1.734,0.564
TER,CTRL,PARABOLIC,2026-06-22T13:30:00,-6.229,3.63,3.305
TER,CTRL,NORMAL,2026-06-23T12:30:00,-1.337,3.128,12.62
TER,CTRL,NORMAL,2026-06-24T11:30:00,7.874,8.96,2.302
TER,TOP,NORMAL,2026-06-24T15:30:00,10.482,8.46,0.08
TER,CTRL,PARABOLIC,2026-06-25T10:30:00,-4.018,5.347,-15.214
TER,CTRL,NORMAL,2026-06-26T09:30:00,-1.504,2.723,-9.054
TER,CTRL,NORMAL,2026-06-26T15:30:00,6.349,-1.868,-12.856
TER,CTRL,PARABOLIC,2026-06-29T14:30:00,3.169,-21.36,-27.858
TER,CTRL,PARABOLIC,2026-06-30T13:30:00,-10.14,-20.393,-26.88
TER,CTRL,NORMAL,2026-07-01T12:30:00,-15.095,-20.916,-14.509
TER,CTRL,NORMAL,2026-07-02T11:30:00,3.84,-8.553,-4.484
TER,CTRL,NORMAL,2026-07-06T10:30:00,-15.355,-4.917,-11.834
TER,CTRL,NORMAL,2026-07-07T09:30:00,2.697,5.628,5.016
TER,CTRL,NORMAL,2026-07-07T15:30:00,2.444,4.789,2.97
TER,TOP,NORMAL,2026-07-08T14:30:00,3.736,-2.745,-3.209
TER,CTRL,NORMAL,2026-07-09T13:30:00,-2.708,-3.593,-12.368
TER,CTRL,NORMAL,2026-07-10T12:30:00,-6.006,-7.175,-8.684
TER,CTRL,NORMAL,2026-07-13T11:30:00,4.166,-5.679,
ROK,CTRL,NORMAL,2024-12-16T11:30:00,-1.372,-4.687,-2.707
ROK,CTRL,NORMAL,2024-12-17T10:30:00,0.211,-0.917,-1.111
ROK,CTRL,NORMAL,2024-12-18T09:30:00,-2.911,-2.207,0.035
ROK,CTRL,NORMAL,2024-12-18T15:30:00,-0.518,0.563,0.753
ROK,CTRL,NORMAL,2024-12-19T14:30:00,1.244,2.781,0.334
ROK,CTRL,NORMAL,2024-12-20T13:30:00,-0.57,0.59,-1.181
ROK,TOP,NORMAL,2024-12-23T09:30:00,1.289,1.101,-0.704
ROK,CTRL,NORMAL,2024-12-23T12:30:00,1.389,-1.542,-0.794
ROK,CTRL,NORMAL,2024-12-24T11:30:00,1.14,-1.67,-3.257
ROK,CTRL,NORMAL,2024-12-26T14:30:00,-1.379,-2.729,-3.601
ROK,CTRL,PARABOLIC,2025-06-23T14:30:00,1.039,0.974,2.694
ROK,CTRL,PARABOLIC,2025-06-24T13:30:00,-1.136,0.936,3.636
ROK,CTRL,NORMAL,2025-06-25T12:30:00,0.741,2.775,5.751
ROK,CTRL,PARABOLIC,2025-06-26T11:30:00,1.884,4.552,6.887
ROK,CTRL,PARABOLIC,2025-06-27T10:30:00,0.412,3.283,2.523
ROK,CTRL,PARABOLIC,2025-06-30T09:30:00,1.236,4.843,2.492
ROK,CTRL,PARABOLIC,2025-06-30T15:30:00,1.957,2.496,1.957
ROK,BOTTOM,PARABOLIC,2025-07-01T14:30:00,1.04,0.613,2.123
ROK,CTRL,PARABOLIC,2025-07-02T13:30:00,0.339,-1.061,0.319
ROK,CTRL,NORMAL,2025-07-07T09:30:00,-2.069,-1.018,-1.311
ROK,CTRL,NORMAL,2025-07-07T15:30:00,-0.251,1.779,1.23
ROK,CTRL,NORMAL,2025-07-08T14:30:00,0.311,1.212,2.561
ROK,CTRL,NORMAL,2025-07-09T13:30:00,1.651,1.15,3.307
ROK,CTRL,NORMAL,2025-07-10T12:30:00,-0.584,1.051,2.911
ROK,CTRL,NORMAL,2025-07-11T11:30:00,-0.112,2.484,3.717
ROK,CTRL,NORMAL,2025-07-14T10:30:00,2.39,4.2,3.992
ROK,BOTTOM,NORMAL,2025-07-14T15:30:00,0.964,3.878,2.197
ROK,CTRL,NORMAL,2025-07-15T09:30:00,0.365,1.717,0.256
ROK,CTRL,NORMAL,2025-07-15T15:30:00,1.509,2.785,1.974
ROK,CTRL,NORMAL,2025-07-16T14:30:00,1.111,0.018,1.39
ROK,CTRL,NORMAL,2025-07-17T13:30:00,-0.885,-0.967,0.616
ROK,CTRL,NORMAL,2025-07-18T12:30:00,0.462,0.748,1.017
ROK,CTRL,NORMAL,2025-07-21T11:30:00,-0.549,0.902,0.429
ROK,CTRL,NORMAL,2025-07-22T10:30:00,1.233,1.239,0.499
ROK,CTRL,NORMAL,2025-07-23T09:30:00,0.396,-0.223,-1.077
ROK,CTRL,NORMAL,2025-07-23T15:30:00,-0.223,-0.561,-1.846
ROK,CTRL,NORMAL,2025-07-24T14:30:00,0.098,-1.197,-2.138
ROK,CTRL,NORMAL,2025-07-25T13:30:00,-0.291,-1.338,-4.152
ROK,CTRL,NORMAL,2025-07-28T12:30:00,-0.453,-1.23,-2.309
ROK,CTRL,NORMAL,2025-07-29T11:30:00,0.266,-2.615,-2.565
ROK,TOP,NORMAL,2025-07-29T14:30:00,-1.184,-2.769,-2.387
ROK,CTRL,NORMAL,2025-07-30T10:30:00,-0.501,-1.867,-11.232
ROK,CTRL,NORMAL,2025-07-31T09:30:00,-3.936,-2.39,-5.932
ROK,CTRL,NORMAL,2025-07-31T15:30:00,-2.142,-1.716,-5.502
ROK,CTRL,NORMAL,2025-08-01T14:30:00,1.631,-4.742,-3.144
ROK,CTRL,NORMAL,2025-08-04T13:30:00,-0.651,-5.07,-5.245
ROK,CTRL,NORMAL,2025-08-05T12:30:00,-7.449,-3.491,-3.068
ROK,CTRL,NORMAL,2025-08-06T11:30:00,3.703,2.952,8.093
ROK,CTRL,NORMAL,2025-08-07T10:30:00,1.525,1.133,5.028
ROK,CTRL,NORMAL,2025-08-08T09:30:00,-1.797,2.073,2.33
ROK,CTRL,NORMAL,2025-08-08T15:30:00,-1.032,4.72,2.767
ROK,CTRL,NORMAL,2025-08-11T14:30:00,2.986,4.781,3.529
ROK,CTRL,NORMAL,2025-08-12T13:30:00,2.901,2.157,1.338
ROK,CTRL,NORMAL,2025-09-03T10:30:00,1.283,3.274,1.606
ROK,TOP,NORMAL,2025-09-03T14:30:00,1.353,2.852,0.47
ROK,CTRL,NORMAL,2025-09-04T09:30:00,0.715,0.861,3.383
ROK,CTRL,NORMAL,2025-09-04T15:30:00,-0.623,0.322,2.545
ROK,CTRL,NORMAL,2025-09-05T14:30:00,1.739,-0.617,1.825
ROK,BOTTOM,NORMAL,2025-09-05T15:30:00,1.513,-0.177,1.598
ROK,CTRL,NORMAL,2025-09-08T13:30:00,-1.125,1.325,-0.045
ROK,TOP,NORMAL,2025-10-09T14:30:00,-2.575,1.295,1.183
ROK,CTRL,NORMAL,2025-10-10T13:30:00,0.805,3.477,2.435
ROK,CTRL,NORMAL,2025-10-13T12:30:00,2.431,2.222,3.824
ROK,CTRL,NORMAL,2025-10-14T11:30:00,0.492,-0.513,3.048
ROK,CTRL,NORMAL,2025-10-15T10:30:00,-0.53,0.514,0.419
ROK,CTRL,NORMAL,2025-10-16T09:30:00,-1.424,1.218,0.915
ROK,CTRL,NORMAL,2025-10-16T15:30:00,-0.101,1.704,2.626
ROK,CTRL,PARABOLIC,2025-11-12T14:30:00,-3.879,-6.386,-5.569
ROK,CTRL,NORMAL,2025-11-13T13:30:00,-0.682,-3.505,-1.841
ROK,CTRL,NORMAL,2025-11-14T12:30:00,-1.162,-2.167,0.2
ROK,BOTTOM,NORMAL,2025-11-14T14:30:00,-2.287,-1.434,0.521
ROK,CTRL,NORMAL,2025-11-17T11:30:00,-2.088,-0.662,2.659
ROK,CTRL,NORMAL,2025-11-18T10:30:00,-0.123,2.765,5.494
ROK,CTRL,NORMAL,2025-11-19T09:30:00,2.238,2.575,6.608
ROK,CTRL,NORMAL,2025-11-19T15:30:00,-0.98,3.184,5.739
ROK,CTRL,NORMAL,2025-11-20T14:30:00,2.182,5.486,6.553
ROK,BOTTOM,NORMAL,2025-11-21T13:30:00,0.911,4.006,1.772
ROK,CTRL,NORMAL,2025-11-24T12:30:00,1.574,1.784,2.328
ROK,CTRL,NORMAL,2025-11-25T11:30:00,1.386,-0.14,2.505
ROK,CTRL,NORMAL,2025-11-26T10:30:00,0.43,-1.033,1.278
ROK,CTRL,NORMAL,2025-11-28T09:30:00,-0.949,0.506,1.568
ROK,CTRL,NORMAL,2025-12-01T12:30:00,-0.989,2.104,1.385
ROK,CTRL,NORMAL,2025-12-02T11:30:00,1.093,2.586,2.872
ROK,CTRL,NORMAL,2025-12-03T10:30:00,2.309,1.881,1.597
ROK,CTRL,NORMAL,2025-12-04T09:30:00,-0.277,-0.808,0.869
ROK,CTRL,NORMAL,2025-12-04T15:30:00,0.099,-0.8,2.324
ROK,CTRL,NORMAL,2025-12-05T14:30:00,-0.403,2.062,0.191
ROK,CTRL,NORMAL,2025-12-08T13:30:00,-0.034,3.182,-0.211
ROK,CTRL,NORMAL,2025-12-09T12:30:00,0.303,0.945,-0.646
ROK,CTRL,NORMAL,2025-12-10T11:30:00,2.199,0.024,-2.257
ROK,CTRL,PARABOLIC,2025-12-11T10:30:00,-1.1,-1.756,-3.955
ROK,CTRL,NORMAL,2025-12-12T09:30:00,-1.124,-1.222,-3.093
ROK,BOTTOM,NORMAL,2025-12-12T15:30:00,-0.861,-3.849,-2.396
ROK,CTRL,NORMAL,2025-12-15T14:30:00,-0.255,-2.49,-1.008
ROK,CTRL,NORMAL,2025-12-16T13:30:00,-2.314,-1.201,-0.125
ROK,CTRL,NORMAL,2025-12-17T12:30:00,0.611,1.556,1.684
ROK,CTRL,NORMAL,2025-12-18T11:30:00,0.874,1.367,1.86
ROK,CTRL,NORMAL,2025-12-19T10:30:00,0.936,1.024,0.533
ROK,CTRL,NORMAL,2025-12-22T09:30:00,-0.05,0.421,-0.508
ROK,BOTTOM,NORMAL,2025-12-22T14:30:00,0.123,-0.466,-1.806
ROK,CTRL,NORMAL,2025-12-22T15:30:00,0.06,-0.381,-1.854
ROK,CTRL,NORMAL,2025-12-23T14:30:00,-0.065,-0.971,-0.424
ROK,CTRL,NORMAL,2025-12-26T10:30:00,-0.39,-1.774,2.97
ROK,CTRL,NORMAL,2025-12-29T09:30:00,-0.179,-0.575,1.892
ROK,CTRL,NORMAL,2025-12-29T15:30:00,-0.749,0.525,4.257
ROK,CTRL,NORMAL,2025-12-30T14:30:00,-1.146,2.691,3.48
ROK,CTRL,NORMAL,2025-12-31T13:30:00,1.503,5.293,3.693
ROK,CTRL,NORMAL,2026-01-02T12:30:00,3.103,3.486,3.978
ROK,CTRL,NORMAL,2026-01-05T11:30:00,-0.455,-1.285,1.082
ROK,CTRL,NORMAL,2026-01-06T10:30:00,1.257,0.674,3.083
ROK,CTRL,NORMAL,2026-01-07T09:30:00,-1.262,0.479,1.655
ROK,CTRL,NORMAL,2026-01-07T15:30:00,-1.448,1.15,1.937
ROK,CTRL,NORMAL,2026-01-08T14:30:00,1.431,2.795,3.955
ROK,BOTTOM,NORMAL,2026-01-08T15:30:00,1.77,3.324,4.374
ROK,CTRL,NORMAL,2026-01-09T13:30:00,0.85,1.055,1.311
ROK,CTRL,NORMAL,2026-01-12T12:30:00,0.227,1.751,-2.638
ROK,CTRL,NORMAL,2026-01-13T11:30:00,-0.512,-0.112,-0.932
ROK,CTRL,NORMAL,2026-01-14T10:30:00,1.984,-1.899,2.377
ROK,CTRL,NORMAL,2026-01-15T09:30:00,-1.728,-2.986,-0.823
ROK,CTRL,NORMAL,2026-01-15T15:30:00,-1.375,-0.175,-0.765
ROK,CTRL,NORMAL,2026-01-16T14:30:00,-2.903,1.712,0.99
ROK,CTRL,NORMAL,2026-01-20T13:30:00,4.04,3.788,4.321
ROK,CTRL,NORMAL,2026-01-21T12:30:00,2.979,1.461,0.56
ROK,CTRL,NORMAL,2026-01-22T11:30:00,-1.932,-1.617,-0.008
ROK,CTRL,NORMAL,2026-01-23T10:30:00,-0.126,-0.747,1.796
ROK,CTRL,NORMAL,2026-01-26T09:30:00,0.33,1.626,2.228
ROK,CTRL,NORMAL,2026-01-26T15:30:00,-0.164,1.492,1.413
ROK,CTRL,NORMAL,2026-01-27T14:30:00,-0.885,2.75,-4.094
ROK,BOTTOM,NORMAL,2026-01-27T15:30:00,-1.2,2.572,-2.909
ROK,CTRL,NORMAL,2026-01-28T13:30:00,1.98,4.745,-3.087
ROK,CTRL,NORMAL,2026-01-29T12:30:00,0.91,1.124,-2.45
ROK,CTRL,NORMAL,2026-02-02T14:30:00,0.394,-4.881,-3.803
ROK,BOTTOM,NORMAL,2026-02-03T10:30:00,0.307,-3.05,-4.547
ROK,CTRL,NORMAL,2026-02-03T13:30:00,-0.403,-3.366,-2.921
ROK,CTRL,NORMAL,2026-02-04T12:30:00,-5.136,-3.464,-3.36
ROK,CTRL,NORMAL,2026-02-05T11:30:00,1.96,2.523,-5.846
ROK,CTRL,NORMAL,2026-02-06T10:30:00,-0.827,0.684,-5.736
ROK,CTRL,NORMAL,2026-02-09T09:30:00,-0.42,1.773,-7.417
ROK,CTRL,NORMAL,2026-02-09T15:30:00,0.546,-6.974,-5.347
ROK,BOTTOM,NORMAL,2026-02-10T14:30:00,-0.609,-4.691,-4.787
ROK,CTRL,NORMAL,2026-02-11T13:30:00,-7.373,-5.354,-4.311
ROK,CTRL,NORMAL,2026-02-12T12:30:00,2.889,3.465,2.242
ROK,CTRL,NORMAL,2026-02-13T11:30:00,-1.754,-0.33,-1.45
ROK,TOP,NORMAL,2026-02-17T10:30:00,3.933,3.571,5.023
ROK,CTRL,NORMAL,2026-02-18T09:30:00,-0.644,-0.731,0.635
ROK,CTRL,NORMAL,2026-02-18T15:30:00,-0.3,-2.26,1.45
ROK,CTRL,NORMAL,2026-02-19T14:30:00,0.956,2.67,3.773
ROK,CTRL,NORMAL,2026-02-20T13:30:00,-1.699,0.817,0.762
ROK,BOTTOM,NORMAL,2026-02-20T14:30:00,-2.536,1.329,2.061
ROK,CTRL,NORMAL,2026-02-23T12:30:00,2.546,3.227,3.791
ROK,CTRL,PARABOLIC,2026-05-06T09:30:00,0.773,2.336,1.52
ROK,CTRL,PARABOLIC,2026-05-06T15:30:00,-2.345,-0.549,-0.933
ROK,CTRL,PARABOLIC,2026-05-07T14:30:00,1.233,1.835,2.283
ROK,CTRL,PARABOLIC,2026-05-08T13:30:00,0.599,1.043,-1.149
ROK,CTRL,PARABOLIC,2026-05-11T12:30:00,-1.513,-0.964,-4.975
ROK,TOP,PARABOLIC,2026-05-12T10:30:00,1.63,0.17,-5.374
ROK,CTRL,PARABOLIC,2026-05-12T11:30:00,1.266,-1.282,-5.92
ROK,BOTTOM,PARABOLIC,2026-05-12T15:30:00,-0.041,-1.386,-7.232
ROK,CTRL,PARABOLIC,2026-05-13T10:30:00,0.326,-4.302,-4.26
ROK,CTRL,PARABOLIC,2026-05-14T09:30:00,-1.25,-6.876,-3.793
ROK,CTRL,PARABOLIC,2026-05-14T15:30:00,-1.676,-7.504,-3.533
ROK,CTRL,PARABOLIC,2026-05-15T14:30:00,-3.137,-2.778,1.036
ROK,CTRL,NORMAL,2026-05-18T13:30:00,-2.325,1.249,4.546
ROK,CTRL,NORMAL,2026-05-19T12:30:00,2.324,6.391,7.335
ROK,CTRL,NORMAL,2026-05-20T11:30:00,-0.169,4.375,4.8
ROK,CTRL,NORMAL,2026-05-21T10:30:00,3.875,5.144,5.073
ROK,BOTTOM,NORMAL,2026-05-21T14:30:00,2.991,3.618,3.001
ROK,CTRL,PARABOLIC,2026-05-22T09:30:00,1.239,0.305,-0.098
ROK,CTRL,PARABOLIC,2026-05-22T15:30:00,0.893,0.577,1.004
ROK,CTRL,PARABOLIC,2026-05-26T14:30:00,-0.02,-0.616,1.336
ROK,CTRL,PARABOLIC,2026-05-27T13:30:00,-0.047,-0.094,1.063
ROK,CTRL,PARABOLIC,2026-05-28T12:30:00,-0.46,0.553,1.318
ROK,CTRL,NORMAL,2026-05-29T11:30:00,-0.607,1.174,-1.063
ROK,CTRL,PARABOLIC,2026-06-01T10:30:00,3.63,3.796,0.968
ROK,TOP,PARABOLIC,2026-06-01T14:30:00,1.412,1.779,-0.995
ROK,CTRL,PARABOLIC,2026-06-02T09:30:00,1.532,-1.547,0.447
ROK,CTRL,PARABOLIC,2026-06-02T15:30:00,-0.293,-3.58,-0.634
ROK,CTRL,PARABOLIC,2026-06-03T14:30:00,0.841,-1.907,-4.198
ROK,CTRL,NORMAL,2026-06-04T13:30:00,-3.363,-1.321,-1.989
ROK,CTRL,NORMAL,2026-06-05T12:30:00,0.078,-1.352,2.173
ROK,CTRL,NORMAL,2026-06-08T11:30:00,-0.24,-0.852,4.432
ROK,TOP,NORMAL,2026-06-08T15:30:00,1.946,1.353,2.706
ROK,CTRL,NORMAL,2026-06-09T10:30:00,-0.867,2.222,3.848
ROK,CTRL,NORMAL,2026-06-10T09:30:00,-1.993,2.593,1.68
ROK,CTRL,NORMAL,2026-06-10T15:30:00,4.024,5.413,4.234
ROK,CTRL,NORMAL,2026-06-11T14:30:00,0.373,2.528,3.287
ROK,CTRL,NORMAL,2026-06-12T13:30:00,2.104,1.008,4.379
ROK,CTRL,NORMAL,2026-06-15T12:30:00,-0.178,0.878,-1.649
ROK,CTRL,NORMAL,2026-06-16T11:30:00,-0.247,1.737,-1.733
ROK,CTRL,NORMAL,2026-06-17T10:30:00,1.304,-1.323,2.364
ROK,CTRL,NORMAL,2026-06-18T09:30:00,0.697,-2.103,0.963
ROK,CTRL,NORMAL,2026-06-18T15:30:00,0.908,-2.828,0.509
ROK,CTRL,NORMAL,2026-06-22T14:30:00,-3.897,0.013,0.959
ROK,CTRL,NORMAL,2026-06-23T13:30:00,0.599,3.558,7.843
ROK,CTRL,NORMAL,2026-06-24T12:30:00,4.399,5.22,6.177
ROK,CTRL,NORMAL,2026-06-25T11:30:00,-1.663,2.645,-2.772
ROK,CTRL,NORMAL,2026-06-26T10:30:00,1.068,3.626,1.849
ROK,BOTTOM,NORMAL,2026-06-26T14:30:00,0.658,1.475,1.251
ROK,CTRL,NORMAL,2026-06-29T09:30:00,2.61,0.212,-3.093
ROK,CTRL,NORMAL,2026-06-29T15:30:00,2.643,-2.204,-2.749
ROK,CTRL,NORMAL,2026-06-30T14:30:00,-2.42,-2.636,-6.717
ROK,CTRL,NORMAL,2026-07-01T13:30:00,-3.836,-3.961,-2.644
ROK,CTRL,NORMAL,2026-07-02T12:30:00,3.499,-0.306,1.494
ROK,CTRL,NORMAL,2026-07-06T11:30:00,-3.477,-1.716,-3.95
ROK,CTRL,NORMAL,2026-07-07T10:30:00,-0.737,2.267,2.078
ROK,CTRL,NORMAL,2026-07-08T09:30:00,2.778,1.851,0.962
ROK,TOP,NORMAL,2026-07-08T13:30:00,1.891,-0.631,-0.362
ROK,CTRL,NORMAL,2026-07-08T15:30:00,0.911,-0.533,-0.384
ROK,CTRL,NORMAL,2026-07-09T14:30:00,0.702,-0.267,-0.749
ROK,CTRL,NORMAL,2026-07-10T13:30:00,-2.628,-2.365,-2.855
ROK,CTRL,NORMAL,2026-07-13T12:30:00,1.67,0.206,
ROK,CTRL,NORMAL,2026-07-14T11:30:00,-2.898,-1.867,
ROK,TOP,NORMAL,2026-07-14T15:30:00,-1.761,-1.699,
ROK,CTRL,NORMAL,2026-07-15T10:30:00,0.238,,
ROK,CTRL,NORMAL,2026-07-16T09:30:00,-0.551,,
ROK,CTRL,NORMAL,2026-07-16T15:30:00,-1.523,,
ROK,CTRL,NORMAL,2026-07-17T14:30:00,,,
NOVT,CTRL,NORMAL,2024-11-26T14:30:00,-1.533,0.188,0.182
NOVT,CTRL,NORMAL,2024-11-27T13:30:00,1.638,3.239,1.255
NOVT,CTRL,NORMAL,2024-12-02T09:30:00,1.507,1.1,1.305
NOVT,CTRL,NORMAL,2024-12-02T15:30:00,-0.585,-1.785,-1.974
NOVT,TOP,NORMAL,2024-12-23T12:30:00,1.536,-0.82,0.501
NOVT,CTRL,NORMAL,2024-12-24T11:30:00,0.192,-2.303,-3.227
NOVT,CTRL,NORMAL,2024-12-26T14:30:00,-1.031,-2.222,-2.449
NOVT,CTRL,NORMAL,2024-12-27T13:30:00,-0.76,-1.851,-1.033
NOVT,CTRL,NORMAL,2024-12-30T12:30:00,-0.17,-0.491,-0.636
NOVT,CTRL,NORMAL,2024-12-31T11:30:00,-0.696,0.505,-0.984
NOVT,CTRL,NORMAL,2025-01-02T10:30:00,-0.622,-0.37,-3.853
NOVT,CTRL,NORMAL,2025-01-03T09:30:00,1.678,-2.118,-4.99
NOVT,CTRL,NORMAL,2025-01-03T15:30:00,-0.836,-0.237,-3.882
NOVT,CTRL,NORMAL,2025-01-06T14:30:00,-0.724,-1.734,-1.189
NOVT,CTRL,NORMAL,2025-01-07T13:30:00,1.317,-2.926,-0.708
NOVT,CTRL,NORMAL,2025-01-08T12:30:00,-2.969,-3.598,-2.687
NOVT,CTRL,NORMAL,2025-01-10T11:30:00,-1.256,0.037,1.344
NOVT,CTRL,PARABOLIC,2026-02-09T09:30:00,4.327,4.845,3.738
NOVT,CTRL,PARABOLIC,2026-02-09T15:30:00,0.666,-3.311,0.972
NOVT,CTRL,PARABOLIC,2026-02-10T14:30:00,-3.146,0.226,-0.973
NOVT,CTRL,PARABOLIC,2026-02-11T13:30:00,-2.245,3.017,0.653
NOVT,CTRL,PARABOLIC,2026-02-12T12:30:00,5.491,6.235,5.087
NOVT,CTRL,PARABOLIC,2026-02-13T11:30:00,1.208,-1.01,-0.858
NOVT,CTRL,PARABOLIC,2026-02-17T10:30:00,1.378,-1.633,-1.481
NOVT,CTRL,PARABOLIC,2026-02-18T09:30:00,-2.653,-2.218,-10.285
NOVT,BOTTOM,PARABOLIC,2026-02-18T14:30:00,-0.699,-0.921,-7.088
NOVT,CTRL,PARABOLIC,2026-02-18T15:30:00,-0.529,-2.272,-8.615
NOVT,CTRL,PARABOLIC,2026-02-19T14:30:00,1.666,-4.587,-5.312
NOVT,CTRL,PARABOLIC,2026-02-20T13:30:00,-2.138,-7.162,-9.328
NOVT,CTRL,NORMAL,2026-02-23T12:30:00,-1.599,-6.639,-3.213
NOVT,TOP,NORMAL,2026-02-23T14:30:00,-4.374,-5.1,-2.023
NOVT,CTRL,NORMAL,2026-02-24T11:30:00,-6.033,-6.107,-3.944
NOVT,CTRL,NORMAL,2026-02-25T10:30:00,0.771,3.322,4.919
NOVT,CTRL,NORMAL,2026-02-26T09:30:00,0.011,3.005,5.806
NOVT,CTRL,NORMAL,2026-02-26T15:30:00,-1.524,1.311,0.066
NOVT,CTRL,NORMAL,2026-02-27T14:30:00,5.297,5.767,-0.728
NOVT,CTRL,NORMAL,2026-03-02T13:30:00,-1.908,-1.858,-9.558
NOVT,CTRL,NORMAL,2026-03-03T12:30:00,1.225,-4.52,-8.304
NOVT,CTRL,NORMAL,2026-04-28T09:30:00,-0.406,-1.473,1.141
NOVT,CTRL,NORMAL,2026-04-28T15:30:00,-6.429,-0.984,2.502
NOVT,CTRL,NORMAL,2026-04-29T14:30:00,6.282,4.36,14.324
NOVT,CTRL,NORMAL,2026-04-30T13:30:00,2.125,4.273,7.77
NOVT,CTRL,NORMAL,2026-05-01T12:30:00,-2.087,6.728,6.199
NOVT,TOP,NORMAL,2026-05-01T14:30:00,-3.022,6.237,6.686
NOVT,CTRL,NORMAL,2026-05-04T11:30:00,5.154,10.381,11.315
NOVT,CTRL,NORMAL,2026-05-05T10:30:00,5.788,5.497,14.278
NOVT,CTRL,PARABOLIC,2026-05-06T09:30:00,0.627,1.236,15.799
NOVT,CTRL,PARABOLIC,2026-05-06T15:30:00,-1.921,0.795,11.835
NOVT,CTRL,NORMAL,2026-05-07T14:30:00,2.415,16.014,14.068
NOVT,CTRL,PARABOLIC,2026-05-08T13:30:00,0.653,12.308,11.158
NOVT,BOTTOM,PARABOLIC,2026-05-08T14:30:00,0.724,12.105,9.989
NOVT,CTRL,PARABOLIC,2026-05-11T12:30:00,11.775,11.003,10.764
NOVT,CTRL,PARABOLIC,2026-05-12T11:30:00,3.997,2.663,-1.999
NOVT,CTRL,PARABOLIC,2026-05-13T10:30:00,-4.5,-4.248,-4.784
NOVT,CTRL,PARABOLIC,2026-05-14T09:30:00,-0.197,-6.53,-1.687
NOVT,CTRL,PARABOLIC,2026-05-14T15:30:00,-1.702,-5.127,-0.533
NOVT,CTRL,PARABOLIC,2026-05-15T14:30:00,-0.877,0.023,3.819
NOVT,CTRL,PARABOLIC,2026-05-18T13:30:00,-2.472,2.27,8.035
NOVT,TOP,PARABOLIC,2026-05-18T14:30:00,-2.843,1.601,8.403
NOVT,CTRL,PARABOLIC,2026-05-19T12:30:00,2.719,7.199,7.233
NOVT,CTRL,PARABOLIC,2026-05-20T11:30:00,-0.152,7.619,4.218
NOVT,CTRL,PARABOLIC,2026-05-21T10:30:00,4.5,6.958,4.853
NOVT,BOTTOM,PARABOLIC,2026-05-21T14:30:00,3.087,4.649,3.779
NOVT,CTRL,PARABOLIC,2026-05-22T09:30:00,2.375,0.703,-1.18
NOVT,CTRL,PARABOLIC,2026-05-22T15:30:00,2.248,-0.238,2.392
NOVT,CTRL,PARABOLIC,2026-05-26T14:30:00,-1.917,-2.732,3.292
NOVT,CTRL,PARABOLIC,2026-05-27T13:30:00,-3.643,1.33,5.157
NOVT,CTRL,PARABOLIC,2026-05-28T12:30:00,2.776,8.406,5.771
NOVT,CTRL,PARABOLIC,2026-05-29T11:30:00,0.836,7.85,0.177
NOVT,CTRL,PARABOLIC,2026-06-01T10:30:00,7.787,6.782,3.467
NOVT,CTRL,PARABOLIC,2026-06-02T09:30:00,2.156,-4.351,-3.69
NOVT,CTRL,PARABOLIC,2026-06-02T15:30:00,-0.946,-7.276,-4.714
NOVT,CTRL,PARABOLIC,2026-06-03T14:30:00,-0.595,-1.767,-7.581
NOVT,CTRL,PARABOLIC,2026-06-04T13:30:00,-4.148,-1.093,-1.397
NOVT,CTRL,PARABOLIC,2026-06-05T12:30:00,3.949,-0.774,0.973
NOVT,CTRL,PARABOLIC,2026-06-08T11:30:00,-2.727,-2.826,-0.065
NOVT,CTRL,PARABOLIC,2026-06-09T10:30:00,0.539,2.269,0.902
NOVT,TOP,PARABOLIC,2026-06-09T14:30:00,-5.046,-0.716,-2.644
NOVT,CTRL,NORMAL,2026-06-10T09:30:00,-0.715,1.889,-2.714
NOVT,CTRL,NORMAL,2026-06-10T15:30:00,5.059,1.32,-2.005
NOVT,CTRL,PARABOLIC,2026-06-11T14:30:00,-1.374,-3.289,-4.455
NOVT,CTRL,PARABOLIC,2026-06-12T13:30:00,0.013,-4.111,-1.335
NOVT,BOTTOM,NORMAL,2026-06-15T09:30:00,-0.959,-4.083,-6.082
NOVT,CTRL,NORMAL,2026-06-15T12:30:00,-2.685,-3.185,-5.662
NOVT,CTRL,NORMAL,2026-06-16T11:30:00,-3.703,-1.387,-1.558
NOVT,CTRL,NORMAL,2026-06-17T10:30:00,2.99,-1.012,3.797
NOVT,CTRL,NORMAL,2026-06-18T09:30:00,1.259,-0.388,2.803
NOVT,CTRL,NORMAL,2026-06-18T15:30:00,0.283,-2.149,1.414
NOVT,CTRL,NORMAL,2026-06-22T14:30:00,-2.993,2.191,-0.102
HWM,CTRL,NORMAL,2024-08-12T11:30:00,0.086,2.37,3.418
HWM,CTRL,NORMAL,2024-08-13T10:30:00,0.661,2.53,2.025
HWM,CTRL,NORMAL,2024-08-14T09:30:00,-0.647,0.742,1.216
HWM,CTRL,NORMAL,2024-08-14T15:30:00,1.854,2.707,2.558
HWM,BOTTOM,NORMAL,2024-08-15T09:30:00,1.24,1.6,2.182
HWM,CTRL,NORMAL,2024-08-15T14:30:00,0.225,0.043,0.91
HWM,CTRL,NORMAL,2024-08-16T13:30:00,0.172,0.25,0.855
HWM,CTRL,NORMAL,2024-08-19T12:30:00,-0.792,0.584,1.677
HWM,CTRL,NORMAL,2024-08-20T11:30:00,0.63,1.697,1.418
HWM,CTRL,NORMAL,2024-08-21T10:30:00,0.498,0.763,0.675
HWM,CTRL,NORMAL,2024-08-22T09:30:00,0.798,0.026,0.422
HWM,CTRL,NORMAL,2024-08-22T15:30:00,0.538,0.414,0.404
HWM,CTRL,NORMAL,2024-08-23T14:30:00,0.021,-0.412,-0.752
HWM,CTRL,NORMAL,2024-08-26T13:30:00,-0.764,-0.426,-4.377
HWM,CTRL,NORMAL,2024-08-27T12:30:00,0.253,-0.879,-2.528
HWM,CTRL,NORMAL,2024-08-28T11:30:00,0.92,-2.886,-3.341
HWM,CTRL,NORMAL,2024-08-29T10:30:00,-0.792,-3.858,-5.91
HWM,CTRL,NORMAL,2024-08-30T09:30:00,-2.566,-2.912,-3.975
HWM,CTRL,NORMAL,2024-08-30T15:30:00,-3.771,-2.53,-3.078
HWM,CTRL,NORMAL,2024-09-03T14:30:00,1.713,-1.616,0.539
HWM,CTRL,NORMAL,2024-09-04T13:30:00,-0.756,-1.005,-1.1
HWM,CTRL,NORMAL,2024-09-05T12:30:00,-2.697,-0.904,0.813
HWM,CTRL,NORMAL,2024-09-06T11:30:00,3.086,1.864,4.872
HWM,CTRL,NORMAL,2024-09-09T10:30:00,-0.247,1.493,1.192
HWM,TOP,NORMAL,2024-09-09T14:30:00,-0.363,0.32,1.367
HWM,CTRL,NORMAL,2024-09-10T09:30:00,-1.75,1.234,1.658
HWM,CTRL,NORMAL,2024-09-10T15:30:00,0.988,2.265,1.514
HWM,CTRL,NORMAL,2024-09-11T14:30:00,0.059,1.102,1.214
HWM,CTRL,NORMAL,2024-09-12T13:30:00,1.572,0.154,2.926
HWM,CTRL,NORMAL,2024-09-13T12:30:00,-0.967,-1.043,2.304
HWM,BOTTOM,NORMAL,2024-09-13T14:30:00,-0.215,-0.105,2.134
HWM,CTRL,NORMAL,2024-09-16T11:30:00,-0.733,1.993,3.684
HWM,CTRL,NORMAL,2024-09-17T10:30:00,0.353,3.151,4.812
HWM,CTRL,NORMAL,2024-09-18T09:30:00,1.096,3.409,5.112
HWM,CTRL,NORMAL,2024-09-18T15:30:00,2.872,4.15,5.301
HWM,CTRL,NORMAL,2024-09-19T14:30:00,0.273,2.755,2.611
HWM,CTRL,NORMAL,2024-09-20T13:30:00,1.093,2.355,1.503
HWM,CTRL,NORMAL,2024-09-23T12:30:00,1.029,1.231,0.958
HWM,CTRL,NORMAL,2024-09-24T11:30:00,0.679,-0.055,2.116
HWM,BOTTOM,NORMAL,2024-09-24T14:30:00,0.141,-0.683,1.833
HWM,CTRL,NORMAL,2024-09-25T10:30:00,-0.17,-0.789,1.598
HWM,CTRL,NORMAL,2024-09-26T09:30:00,-0.759,0.19,1.243
HWM,CTRL,NORMAL,2024-09-26T15:30:00,-0.101,1.611,1.46
HWM,CTRL,NORMAL,2024-09-27T14:30:00,0.536,2.722,3.316
HWM,CTRL,NORMAL,2024-09-30T13:30:00,2.202,1.465,3.718
HWM,CTRL,NORMAL,2024-10-01T12:30:00,0.75,0.804,2.621
HWM,CTRL,NORMAL,2024-10-02T11:30:00,-1.253,0.872,1.679
HWM,CTRL,NORMAL,2024-10-03T10:30:00,0.546,2.272,1.31
HWM,CTRL,NORMAL,2024-10-04T09:30:00,0.582,1.023,1.914
HWM,BOTTOM,NORMAL,2024-10-04T11:30:00,1.618,2.432,2.437
HWM,CTRL,NORMAL,2024-10-04T15:30:00,0.804,1.657,1.774
HWM,CTRL,NORMAL,2024-10-07T14:30:00,0.649,-0.483,0.305
HWM,CTRL,NORMAL,2024-10-08T13:30:00,0.364,0.388,0.775
HWM,CTRL,NORMAL,2024-10-09T12:30:00,-1.631,-1.332,1.476
HWM,CTRL,NORMAL,2024-10-10T11:30:00,1.545,0.997,3.53
HWM,CTRL,NORMAL,2024-10-11T10:30:00,-1.029,0.74,1.308
HWM,CTRL,NORMAL,2024-10-14T09:30:00,-0.165,3.173,3.924
HWM,CTRL,NORMAL,2024-10-14T15:30:00,1.217,3.438,3.575
HWM,CTRL,NORMAL,2024-10-15T14:30:00,1.339,1.58,-1.435
HWM,CTRL,NORMAL,2024-10-16T13:30:00,1.04,0.827,-2.3
HWM,CTRL,NORMAL,2024-10-17T12:30:00,-1.405,-4.25,-4.628
HWM,CTRL,NORMAL,2024-10-18T11:30:00,0.427,-2.098,-3.939
HWM,CTRL,NORMAL,2024-10-21T10:30:00,-2.992,-4.021,-3.804
HWM,BOTTOM,NORMAL,2024-10-21T11:30:00,-2.949,-4.428,-3.431
HWM,CTRL,NORMAL,2024-10-22T09:30:00,-0.125,-1.795,-3.793
HWM,CTRL,NORMAL,2024-10-22T15:30:00,0.156,-1.247,-2.503
HWM,CTRL,NORMAL,2024-10-23T14:30:00,-2.015,-0.693,-1.991
HWM,CTRL,NORMAL,2024-10-24T13:30:00,-0.296,-0.992,-1.431
HWM,CTRL,NORMAL,2024-10-25T12:30:00,1.268,0.119,-0.772
HWM,TOP,NORMAL,2024-10-25T14:30:00,1.375,0.049,-1.068
HWM,CTRL,NORMAL,2024-10-28T11:30:00,-1.879,-2.148,-1.512
HWM,CTRL,NORMAL,2024-10-29T10:30:00,0.384,0.249,0.698
HWM,CTRL,NORMAL,2024-10-30T09:30:00,-0.303,-0.432,10.288
HWM,CTRL,NORMAL,2024-10-30T15:30:00,-1.492,-1.363,13.534
HWM,CTRL,NORMAL,2024-10-31T14:30:00,0.261,1.624,11.963
HWM,CTRL,NORMAL,2024-11-01T13:30:00,0.676,13.586,14.077
HWM,TOP,NORMAL,2024-11-01T14:30:00,0.125,13.416,13.401
HWM,CTRL,NORMAL,2024-11-04T12:30:00,0.601,11.838,14.121
HWM,CTRL,NORMAL,2024-11-05T11:30:00,11.87,12.364,11.459
HWM,BOTTOM,NORMAL,2024-11-05T13:30:00,11.8,12.283,11.628
HWM,CTRL,NORMAL,2024-11-06T10:30:00,1.395,3.128,4.288
HWM,CTRL,NORMAL,2024-11-07T09:30:00,-0.341,0.704,3.155
HWM,CTRL,NORMAL,2024-11-07T15:30:00,2.23,2.122,1.789
HWM,CTRL,NORMAL,2024-11-08T14:30:00,1.582,2.195,-1.027
HWM,CTRL,NORMAL,2024-11-11T13:30:00,-1.612,-1.238,-2.059
HWM,CTRL,NORMAL,2024-11-12T12:30:00,2.761,-0.46,1.77
HWM,CTRL,NORMAL,2024-11-13T11:30:00,-1.568,-2.46,0.672
HWM,CTRL,NORMAL,2024-11-14T10:30:00,-2.839,-1.056,2.986
HWM,CTRL,NORMAL,2024-11-15T09:30:00,0.758,3.227,5.374
HWM,CTRL,NORMAL,2024-11-15T15:30:00,1.026,5.427,5.721
HWM,CTRL,NORMAL,2024-11-18T14:30:00,2.461,4.485,2.391
HWM,CTRL,NORMAL,2024-11-19T13:30:00,1.599,1.839,1.108
HWM,CTRL,NORMAL,2024-11-20T12:30:00,0.965,-1.421,-0.636
HWM,CTRL,NORMAL,2024-11-21T11:30:00,-1.687,-1.096,-0.16
HWM,CTRL,NORMAL,2024-11-22T10:30:00,-2.052,-1.177,0.408
HWM,CTRL,NORMAL,2024-11-25T09:30:00,-0.181,0.643,1.339
HWM,CTRL,NORMAL,2024-11-25T15:30:00,1.135,2.071,2.952
HWM,CTRL,NORMAL,2024-11-26T14:30:00,-0.624,0.889,2.814
HWM,TOP,NORMAL,2024-11-26T15:30:00,-0.414,1.203,2.812
HWM,CTRL,NORMAL,2024-11-27T13:30:00,1.15,2.141,1.575
HWM,BOTTOM,NORMAL,2024-11-27T15:30:00,1.345,2.22,0.977
HWM,CTRL,NORMAL,2024-12-02T09:30:00,0.916,1.387,-2.483
HWM,CTRL,NORMAL,2024-12-02T15:30:00,1.207,2.048,-3.348
HWM,CTRL,NORMAL,2024-12-03T14:30:00,0.814,-0.982,-3.853
HWM,CTRL,NORMAL,2024-12-04T13:30:00,0.48,-4.998,-3.229
HWM,CTRL,NORMAL,2024-12-05T12:30:00,-2.191,-5.014,-4.603
HWM,CTRL,NORMAL,2024-12-06T11:30:00,-3.239,-2.07,-3.997
HWM,CTRL,NORMAL,2024-12-09T10:30:00,0.306,0.042,-1.512
HWM,CTRL,NORMAL,2024-12-10T09:30:00,0.554,-0.24,-3.489
HWM,CTRL,NORMAL,2024-12-10T15:30:00,1.762,-0.535,-1.876
HWM,CTRL,NORMAL,2024-12-11T14:30:00,-1.908,-2.52,-5.871
HWM,CTRL,NORMAL,2024-12-12T13:30:00,-0.753,-2.19,-3.39
HWM,CTRL,NORMAL,2024-12-13T12:30:00,0.221,-1.487,-2.613
HWM,CTRL,NORMAL,2024-12-16T11:30:00,-1.55,-3.67,-2.579
HWM,CTRL,NORMAL,2024-12-17T10:30:00,0.033,-0.467,0.076
HWM,CTRL,NORMAL,2024-12-18T09:30:00,-1.969,-2.023,0.605
HWM,CTRL,NORMAL,2024-12-18T15:30:00,1.57,2.694,2.55
HWM,CTRL,NORMAL,2024-12-19T14:30:00,0.263,1.968,0.1
HWM,CTRL,NORMAL,2024-12-20T13:30:00,-0.415,-0.018,-0.975
HWM,TOP,NORMAL,2024-12-23T09:30:00,2.6,1.533,-0.137
HWM,CTRL,NORMAL,2024-12-23T12:30:00,1.643,-1.57,1.23
HWM,BOTTOM,NORMAL,2024-12-23T14:30:00,1.811,-0.054,1.051
HWM,CTRL,NORMAL,2024-12-24T11:30:00,0.784,-1.214,-0.766
HWM,CTRL,NORMAL,2024-12-26T14:30:00,-1.348,-2.616,0.623
HWM,CTRL,NORMAL,2024-12-27T13:30:00,-0.464,-0.122,1.551
HWM,CTRL,NORMAL,2024-12-30T12:30:00,-1.087,2.927,1.341
HWM,CTRL,NORMAL,2024-12-31T11:30:00,1.9,3.238,3.242
HWM,TOP,NORMAL,2024-12-31T14:30:00,1.453,2.925,4.724
HWM,CTRL,NORMAL,2025-01-02T10:30:00,0.966,0.206,0.992
HWM,CTRL,NORMAL,2025-01-03T09:30:00,0.857,-0.83,0.919
HWM,CTRL,NORMAL,2025-01-03T15:30:00,-0.284,1.959,1.729
HWM,BOTTOM,NORMAL,2025-01-06T14:30:00,-1.306,0.416,5.449
HWM,CTRL,NORMAL,2025-01-07T13:30:00,2.803,2.136,8.982
HWM,CTRL,NORMAL,2025-01-08T12:30:00,-0.228,3.232,7.884
HWM,CTRL,NORMAL,2025-01-10T11:30:00,0.496,7.086,10.757
HWM,CTRL,NORMAL,2025-01-13T10:30:00,3.187,7.635,10.77
HWM,CTRL,NORMAL,2025-01-14T09:30:00,3.351,4.982,7.15
HWM,CTRL,NORMAL,2025-01-14T15:30:00,2.189,5.073,6.256
HWM,CTRL,NORMAL,2025-01-15T14:30:00,0.614,3.832,4.224
HWM,CTRL,NORMAL,2025-01-16T13:30:00,1.951,3.079,2.847
HWM,CTRL,NORMAL,2025-01-17T12:30:00,1.283,1.387,-4.315
HWM,CTRL,NORMAL,2025-01-21T11:30:00,-0.343,0.395,-0.971
HWM,CTRL,NORMAL,2025-01-22T10:30:00,1.144,-4.96,-0.115
HWM,CTRL,NORMAL,2025-01-23T09:30:00,-0.047,-0.941,0.043
HWM,CTRL,NORMAL,2025-01-23T15:30:00,-0.524,-1.018,-0.329
HWM,CTRL,NORMAL,2025-01-24T14:30:00,-4.264,0.02,-0.567
HWM,BOTTOM,NORMAL,2025-01-24T15:30:00,-3.974,-0.598,-0.417
HWM,CTRL,NORMAL,2025-01-27T13:30:00,3.668,4.377,4.298
HWM,CTRL,NORMAL,2025-01-28T12:30:00,0.73,0.706,-0.46
HWM,CTRL,NORMAL,2025-01-29T11:30:00,-0.46,-0.513,0.509
HWM,CTRL,NORMAL,2025-02-26T10:30:00,0.204,0.579,-3.299
HWM,CTRL,NORMAL,2025-02-27T09:30:00,0.078,-7.639,-4.512
HWM,CTRL,NORMAL,2025-02-27T15:30:00,2.413,-4.823,-6.701
HWM,BOTTOM,NORMAL,2025-02-28T14:30:00,-2.584,-2.717,-7.981
HWM,CTRL,NORMAL,2025-03-03T13:30:00,-3.952,-7.169,-9.681
HWM,CTRL,NORMAL,2025-03-04T12:30:00,3.206,-3.744,-1.71
HWM,CTRL,NORMAL,2025-03-05T11:30:00,-4.004,-6.469,-2.304
HWM,CTRL,NORMAL,2025-03-06T10:30:00,-5.968,-1.989,-3.158
HWM,CTRL,NORMAL,2025-03-07T09:30:00,0.205,4.448,1.707
HWM,CTRL,NORMAL,2025-03-07T15:30:00,-1.688,2.757,1.66
HWM,CTRL,NORMAL,2025-06-13T13:30:00,0.982,0.645,2.268
HWM,CTRL,NORMAL,2025-06-16T12:30:00,-0.981,-0.854,1.691
HWM,CTRL,NORMAL,2025-06-17T11:30:00,0.064,0.738,2.44
HWM,BOTTOM,NORMAL,2025-06-17T14:30:00,-1.426,1.374,2.049
HWM,CTRL,NORMAL,2025-06-18T10:30:00,0.445,2.009,3.328
HWM,CTRL,NORMAL,2025-06-20T09:30:00,1.555,3.052,5.467
HWM,TOP,NORMAL,2025-06-20T15:30:00,1.335,1.606,6.69
HWM,CTRL,NORMAL,2025-06-23T14:30:00,1.332,0.955,6.662
HWM,CTRL,NORMAL,2025-06-24T13:30:00,-0.02,3.046,0.459
HWM,CTRL,NORMAL,2025-06-25T12:30:00,-0.365,5.652,-0.786
HWM,CTRL,NORMAL,2025-06-26T11:30:00,4.34,0.688,2.094
HWM,CTRL,NORMAL,2025-06-27T10:30:00,1.644,-4.979,-2.005
HWM,CTRL,NORMAL,2025-06-30T09:30:00,-0.762,-2.768,-3.141
HWM,CTRL,NORMAL,2025-06-30T15:30:00,-5.311,-3.159,-2.058
HWM,CTRL,NORMAL,2025-07-01T14:30:00,-1.159,0.965,0.344
HWM,CTRL,NORMAL,2025-07-02T13:30:00,3.939,4.045,2.785
HWM,CTRL,NORMAL,2025-07-07T09:30:00,-2.458,-2.018,1.284
HWM,CTRL,NORMAL,2025-07-07T15:30:00,-0.455,-0.982,2.241
HWM,CTRL,NORMAL,2025-07-08T14:30:00,1.274,0.257,3.067
HWM,CTRL,NORMAL,2025-07-09T13:30:00,-2.193,1.461,1.408
HWM,CTRL,NORMAL,2025-07-10T12:30:00,0.833,3.39,6.011
HWM,BOTTOM,NORMAL,2025-07-10T15:30:00,0.667,3.456,5.787
HWM,CTRL,NORMAL,2025-07-11T11:30:00,2.183,1.966,6.298
HWM,CTRL,NORMAL,2025-07-14T10:30:00,-0.033,2.127,3.459
HWM,CTRL,NORMAL,2025-07-15T09:30:00,-0.581,3.908,-0.112
HWM,CTRL,NORMAL,2025-07-15T15:30:00,-0.206,3.141,-0.763
HWM,CTRL,NORMAL,2025-07-16T14:30:00,2.217,2.233,1.097
HWM,CTRL,NORMAL,2025-07-17T13:30:00,1.008,-2.785,-0.796
HWM,CTRL,NORMAL,2025-07-18T12:30:00,-0.404,-2.939,-0.538
HWM,CTRL,NORMAL,2025-07-21T11:30:00,-2.965,-1.541,-0.963
HWM,CTRL,NORMAL,2025-07-22T10:30:00,0.812,3.206,3.004
HWM,CTRL,NORMAL,2025-07-23T09:30:00,1.12,2.067,3.755
HWM,CTRL,NORMAL,2025-07-23T15:30:00,0.241,0.944,3.127
HWM,CTRL,NORMAL,2025-07-24T14:30:00,1.077,0.888,-4.083
HWM,CTRL,NORMAL,2025-07-25T13:30:00,-1.161,1.588,-2.163
HWM,CTRL,NORMAL,2025-07-28T12:30:00,1.737,-7.92,-2.869
HWM,TOP,NORMAL,2025-07-28T14:30:00,1.041,-3.938,-3.201
HWM,CTRL,NORMAL,2025-07-29T11:30:00,0.931,-2.249,-5.758
HWM,BOTTOM,NORMAL,2025-07-29T12:30:00,0.736,-3.427,-5.93
HWM,CTRL,NORMAL,2025-07-30T10:30:00,-6.902,-4.365,-4.976
HWM,CTRL,NORMAL,2025-07-31T09:30:00,2.856,1.508,0.889
HWM,CTRL,NORMAL,2025-07-31T15:30:00,2.446,-0.311,0.934
HWM,CTRL,NORMAL,2025-08-01T14:30:00,-1.619,-1.586,-2.016
HWM,CTRL,NORMAL,2025-08-04T13:30:00,-1.38,-0.852,-0.784
HWM,CTRL,NORMAL,2025-08-05T12:30:00,1.474,0.081,0.482
HWM,CTRL,NORMAL,2025-08-06T11:30:00,-1.51,-1.121,-5.1
HWM,CTRL,NORMAL,2025-09-09T12:30:00,2.841,4.166,4.887
HWM,BOTTOM,NORMAL,2025-09-09T15:30:00,2.67,3.759,4.715
HWM,CTRL,NORMAL,2025-09-10T11:30:00,0.518,3.072,2.112
HWM,CTRL,NORMAL,2025-09-11T10:30:00,1.124,1.744,2.562
HWM,CTRL,NORMAL,2025-09-12T09:30:00,1.557,0.925,1.522
HWM,CTRL,NORMAL,2025-09-12T15:30:00,1.89,-0.172,2.412
HWM,CTRL,NORMAL,2025-09-15T14:30:00,-0.599,1.305,1.653
HWM,CTRL,NORMAL,2025-09-16T13:30:00,-1.394,1.399,2.719
HWM,CTRL,NORMAL,2025-09-17T12:30:00,2.481,2.534,2.709
HWM,CTRL,NORMAL,2025-09-18T11:30:00,0.126,0.406,-0.242
HWM,CTRL,NORMAL,2025-09-19T10:30:00,0.641,1.817,1.776
HWM,CTRL,NORMAL,2025-09-22T09:30:00,1.182,-0.079,2.796
HWM,CTRL,NORMAL,2025-09-22T15:30:00,0.723,-1.213,-0.109
HWM,CTRL,NORMAL,2025-09-23T14:30:00,-0.828,0.316,1.387
HWM,BOTTOM,NORMAL,2025-09-24T09:30:00,-1.422,1.413,2.19
HWM,CTRL,NORMAL,2025-09-24T13:30:00,-0.832,0.131,2.572
HWM,CTRL,NORMAL,2025-09-25T12:30:00,2.458,2.718,0.941
HWM,CTRL,NORMAL,2025-09-26T11:30:00,0.228,1.873,-1.506
HWM,CTRL,NORMAL,2025-09-29T10:30:00,-0.249,-1.782,-3.32
HWM,CTRL,NORMAL,2025-09-30T09:30:00,1.436,-3.23,-1.888
HWM,CTRL,NORMAL,2025-09-30T15:30:00,-0.683,-3.532,-2.406
HWM,BOTTOM,NORMAL,2025-10-01T14:30:00,-2.237,-2.301,-1.946
HWM,CTRL,NORMAL,2025-10-02T13:30:00,-0.985,-0.68,-1.061
HWM,CTRL,NORMAL,2025-10-03T12:30:00,0.227,1.33,-1.578
HWM,CTRL,NORMAL,2025-10-06T11:30:00,0.003,0.193,-0.393
HWM,CTRL,NORMAL,2025-10-07T10:30:00,1.003,-1.925,1.619
HWM,CTRL,NORMAL,2025-10-08T09:30:00,-0.445,-2.194,2.178
HWM,CTRL,NORMAL,2025-10-08T15:30:00,-1.472,-0.866,0.329
HWM,TOP,NORMAL,2025-10-09T14:30:00,-1.779,2.374,0.933
HWM,CTRL,NORMAL,2025-10-10T13:30:00,1.937,2.765,1.605
HWM,CTRL,NORMAL,2025-10-13T12:30:00,2.073,0.912,1.124
HWM,CTRL,NORMAL,2025-10-14T11:30:00,-1.76,-1.464,1.441
HWM,CTRL,NORMAL,2025-10-15T10:30:00,0.536,-0.481,-0.821
HWM,CTRL,NORMAL,2025-10-16T09:30:00,-1.557,0.618,0.625
HWM,BOTTOM,NORMAL,2025-10-16T10:30:00,-2.713,1.019,1.381
HWM,CTRL,NORMAL,2025-10-16T15:30:00,-1.075,2.869,4.382
HWM,CTRL,NORMAL,2025-10-17T14:30:00,1.274,0.226,4.658
HWM,CTRL,NORMAL,2025-10-20T13:30:00,2.227,3.586,4.846
HWM,TOP,NORMAL,2025-10-20T14:30:00,2.447,3.299,5.138
HWM,CTRL,NORMAL,2025-10-21T12:30:00,-3.152,2.256,3.832
HWM,CTRL,NORMAL,2025-10-22T11:30:00,3.415,5.673,6.492
HWM,CTRL,NORMAL,2025-10-23T10:30:00,1.628,4.226,7.714
HWM,CTRL,NORMAL,2025-10-24T09:30:00,0.107,0.875,4.338
HWM,CTRL,NORMAL,2025-10-24T15:30:00,1.764,2.59,3.779
HWM,BOTTOM,NORMAL,2025-10-27T13:30:00,0.649,0.109,3.1
HWM,CTRL,NORMAL,2025-10-27T14:30:00,0.136,0.336,2.88
HWM,CTRL,NORMAL,2025-10-28T13:30:00,0.207,1.903,0.571
HWM,CTRL,NORMAL,2025-10-29T12:30:00,0.729,2.159,1.588
HWM,CTRL,NORMAL,2025-10-30T11:30:00,0.825,-0.06,0.336
HWM,CTRL,NORMAL,2025-10-31T10:30:00,0.113,-1.041,-2.846
HWM,CTRL,NORMAL,2025-11-03T09:30:00,-1.779,-0.695,0.062
HWM,CTRL,NORMAL,2025-11-03T15:30:00,-0.851,-0.498,1.446
HWM,CTRL,NORMAL,2025-11-04T14:30:00,0.723,0.859,2.012
HWM,CTRL,NORMAL,2025-11-05T13:30:00,0.486,1.854,0.748
HWM,TOP,NORMAL,2025-11-05T15:30:00,-0.271,1.677,-0.616
HWM,CTRL,NORMAL,2025-11-06T12:30:00,-0.769,1.153,-2.014
HWM,CTRL,NORMAL,2025-11-07T11:30:00,2.073,1.679,0.117
HWM,CTRL,NORMAL,2025-11-10T10:30:00,-0.092,-2.0,-2.068
HWM,CTRL,NORMAL,2025-11-11T09:30:00,1.251,-1.908,-4.268
HWM,BOTTOM,NORMAL,2025-11-11T14:30:00,-1.12,-2.609,-3.573
HWM,CTRL,NORMAL,2025-11-11T15:30:00,-1.866,-2.666,-3.695
HWM,CTRL,NORMAL,2025-11-12T14:30:00,-2.624,-3.345,-2.135
HWM,CTRL,NORMAL,2025-11-13T13:30:00,0.667,-0.516,-0.6
HWM,CTRL,NORMAL,2025-11-14T12:30:00,-0.724,-0.764,-3.616
HWM,TOP,NORMAL,2025-11-14T14:30:00,-1.868,-0.639,-3.047
HWM,CTRL,NORMAL,2026-01-23T10:30:00,-0.285,-3.11,-4.145
HWM,CTRL,NORMAL,2026-01-26T09:30:00,1.72,-1.844,-0.784
HWM,CTRL,NORMAL,2026-01-26T15:30:00,0.065,-3.019,-4.306
HWM,CTRL,NORMAL,2026-01-27T14:30:00,-1.946,-1.533,-2.928
HWM,CTRL,NORMAL,2026-01-28T13:30:00,0.395,-0.841,4.661
HWM,CTRL,NORMAL,2026-01-29T12:30:00,-1.295,-0.624,6.277
HWM,CTRL,NORMAL,2026-02-02T14:30:00,2.262,1.51,8.564
HWM,CTRL,NORMAL,2026-02-03T13:30:00,-2.496,4.879,6.125
HWM,CTRL,NORMAL,2026-02-04T12:30:00,1.365,7.052,11.553
HWM,CTRL,NORMAL,2026-02-05T11:30:00,5.007,7.327,18.389
HWM,TOP,NORMAL,2026-02-05T14:30:00,6.407,7.474,17.838
HWM,CTRL,NORMAL,2026-02-06T10:30:00,1.927,5.012,12.814
HWM,CTRL,NORMAL,2026-02-09T09:30:00,1.223,13.582,12.673
HWM,CTRL,NORMAL,2026-02-09T15:30:00,-0.271,8.719,12.205
HWM,CTRL,NORMAL,2026-02-10T14:30:00,3.231,11.007,10.06
HWM,CTRL,NORMAL,2026-02-11T13:30:00,6.213,8.771,7.351
HWM,CTRL,PARABOLIC,2026-02-12T12:30:00,1.337,0.872,4.012
HWM,CTRL,PARABOLIC,2026-02-13T11:30:00,0.849,-0.418,2.298
HWM,BOTTOM,PARABOLIC,2026-02-13T13:30:00,1.219,-0.102,2.507
HWM,CTRL,PARABOLIC,2026-02-17T10:30:00,-1.296,1.428,1.852
HWM,TOP,PARABOLIC,2026-02-17T15:30:00,-1.322,2.189,3.301
HWM,CTRL,PARABOLIC,2026-02-18T09:30:00,-1.45,2.19,2.247
HWM,CTRL,PARABOLIC,2026-02-18T15:30:00,0.822,3.061,4.152
HWM,CTRL,PARABOLIC,2026-02-19T14:30:00,3.523,4.401,4.47
HWM,CTRL,PARABOLIC,2026-02-20T13:30:00,-0.621,0.695,1.033
HWM,CTRL,PARABOLIC,2026-02-23T12:30:00,1.067,0.776,3.257
HWM,CTRL,PARABOLIC,2026-02-24T11:30:00,0.123,0.143,0.401
HWM,CTRL,PARABOLIC,2026-02-25T10:30:00,0.023,1.92,-0.798
HWM,BOTTOM,PARABOLIC,2026-02-25T14:30:00,0.631,2.143,0.451
HWM,CTRL,PARABOLIC,2026-02-26T09:30:00,1.906,-0.822,0.779
HWM,CTRL,PARABOLIC,2026-02-26T15:30:00,0.814,-0.545,-3.058
HWM,CTRL,PARABOLIC,2026-02-27T14:30:00,1.481,-0.2,-4.427
HWM,CTRL,PARABOLIC,2026-03-02T13:30:00,-3.341,-5.111,-6.129
HWM,CTRL,NORMAL,2026-03-03T12:30:00,-0.717,-3.062,-0.9
HWM,CTRL,NORMAL,2026-03-04T11:30:00,-2.666,-3.629,-3.154
HWM,CTRL,NORMAL,2026-03-05T10:30:00,-1.178,0.385,-4.6
HWM,TOP,NORMAL,2026-03-05T13:30:00,-1.326,0.681,-3.815
HWM,CTRL,NORMAL,2026-03-06T09:30:00,-2.619,-0.311,-6.074
HWM,CTRL,NORMAL,2026-03-06T15:30:00,1.659,0.632,-5.326
HWM,CTRL,NORMAL,2026-03-09T14:30:00,0.693,-3.453,-4.389
HWM,CTRL,NORMAL,2026-03-10T13:30:00,-1.258,-6.606,-5.755
HWM,CTRL,NORMAL,2026-03-11T12:30:00,-3.404,-4.527,-3.204
HWM,CTRL,NORMAL,2026-03-12T11:30:00,-2.135,-1.781,-3.721
HWM,CTRL,NORMAL,2026-03-13T10:30:00,1.092,1.838,-3.37
HWM,CTRL,NORMAL,2026-03-16T09:30:00,-1.469,-2.772,-0.832
HWM,CTRL,NORMAL,2026-03-16T15:30:00,-0.187,-3.228,-1.915
HWM,CTRL,NORMAL,2026-03-17T14:30:00,0.394,-5.139,-1.091
HWM,CTRL,NORMAL,2026-03-18T13:30:00,-4.769,-2.026,-0.621
HWM,CTRL,NORMAL,2026-03-19T12:30:00,-0.323,2.223,-0.439
HWM,CTRL,NORMAL,2026-03-20T11:30:00,2.71,4.384,-0.967
HWM,CTRL,NORMAL,2026-03-23T10:30:00,-1.349,-3.304,-6.602
HWM,CTRL,NORMAL,2026-03-24T09:30:00,2.843,-2.909,-2.52
HWM,CTRL,NORMAL,2026-03-24T15:30:00,0.86,-4.914,-3.837
HWM,CTRL,NORMAL,2026-03-25T14:30:00,-4.813,-8.876,-1.398
HWM,CTRL,NORMAL,2026-03-26T13:30:00,-0.817,-0.373,1.707
HWM,CTRL,NORMAL,2026-03-27T12:30:00,-2.517,4.792,2.657
HWM,CTRL,NORMAL,2026-03-30T11:30:00,2.781,5.405,5.985
HWM,CTRL,NORMAL,2026-03-31T10:30:00,3.2,2.35,9.06
HWM,CTRL,NORMAL,2026-04-01T09:30:00,-1.571,-1.395,5.714
HWM,CTRL,NORMAL,2026-04-01T15:30:00,-2.652,-1.263,6.283
HWM,CTRL,NORMAL,2026-04-02T14:30:00,0.676,6.79,8.034
HWM,CTRL,NORMAL,2026-04-06T13:30:00,-0.03,8.007,6.9
HWM,BOTTOM,NORMAL,2026-04-06T14:30:00,0.157,8.148,7.81
HWM,CTRL,NORMAL,2026-04-07T12:30:00,6.507,7.424,9.882
HWM,CTRL,NORMAL,2026-04-08T11:30:00,1.642,0.016,1.286
HWM,CTRL,NORMAL,2026-04-09T10:30:00,0.901,3.004,-0.556
HWM,CTRL,NORMAL,2026-04-10T09:30:00,0.142,0.736,1.714
HWM,CTRL,NORMAL,2026-04-10T15:30:00,1.334,0.554,1.211
HWM,CTRL,NORMAL,2026-04-13T14:30:00,1.658,-2.096,0.575
HWM,CTRL,NORMAL,2026-04-14T13:30:00,-1.006,-0.049,-4.362
HWM,CTRL,NORMAL,2026-04-15T12:30:00,-2.39,0.339,-6.76
HWM,CTRL,NORMAL,2026-04-16T11:30:00,3.277,-0.85,-0.374
HWM,CTRL,NORMAL,2026-04-17T10:30:00,-0.232,-7.266,-6.273
HWM,CTRL,NORMAL,2026-04-20T09:30:00,-1.442,-2.287,-5.747
HWM,CTRL,NORMAL,2026-04-20T15:30:00,-3.063,-3.705,-5.446
HWM,CTRL,NORMAL,2026-05-14T09:30:00,-1.147,-6.324,-3.845
HWM,CTRL,NORMAL,2026-05-14T15:30:00,-4.421,-7.021,-4.612
HWM,CTRL,NORMAL,2026-05-15T14:30:00,-1.363,-0.111,-1.686
HWM,CTRL,NORMAL,2026-05-18T13:30:00,-1.399,1.614,1.094
HWM,CTRL,NORMAL,2026-05-19T12:30:00,2.396,1.675,0.988
HWM,CTRL,NORMAL,2026-05-20T11:30:00,-1.124,-0.647,-0.176
HWM,TOP,NORMAL,2026-05-21T09:30:00,-0.253,-0.524,-1.641
HWM,CTRL,NORMAL,2026-05-21T10:30:00,-0.923,-0.989,-0.302
HWM,CTRL,NORMAL,2026-05-22T09:30:00,1.251,0.408,-2.528
HWM,CTRL,NORMAL,2026-05-22T15:30:00,2.145,1.357,-0.351
HWM,CTRL,NORMAL,2026-05-26T14:30:00,-1.005,-1.652,-3.657
HWM,CTRL,NORMAL,2026-05-27T13:30:00,0.578,-0.434,-3.151
HWM,CTRL,NORMAL,2026-05-28T12:30:00,-1.515,-3.826,-4.613
HWM,CTRL,NORMAL,2026-05-29T11:30:00,-0.615,-3.135,-1.349
HWM,CTRL,NORMAL,2026-06-01T10:30:00,-0.62,-2.256,-2.092
HWM,CTRL,NORMAL,2026-06-02T09:30:00,-1.169,0.609,-0.33
HWM,CTRL,NORMAL,2026-06-02T15:30:00,-0.826,0.459,2.513
HWM,CTRL,NORMAL,2026-07-06T11:30:00,-1.419,-0.878,-2.499
HWM,CTRL,NORMAL,2026-07-07T10:30:00,-0.484,-0.801,1.649
HWM,CTRL,NORMAL,2026-07-08T09:30:00,1.929,0.798,1.078
HWM,CTRL,NORMAL,2026-07-08T15:30:00,0.825,-0.14,2.843
HWM,CTRL,NORMAL,2026-07-09T14:30:00,-1.021,1.064,-1.551
HWM,CTRL,NORMAL,2026-07-10T13:30:00,0.076,1.587,0.585
HEI,CTRL,NORMAL,2024-09-04T13:30:00,-0.204,1.375,0.559
HEI,CTRL,NORMAL,2024-09-05T12:30:00,-0.1,0.884,1.612
HEI,TOP,NORMAL,2024-09-05T14:30:00,-1.07,1.086,1.422
HEI,CTRL,NORMAL,2024-09-06T11:30:00,2.653,0.901,3.913
HEI,BOTTOM,NORMAL,2024-09-06T15:30:00,2.514,1.968,3.977
HEI,CTRL,NORMAL,2024-09-09T10:30:00,0.149,-0.114,1.716
HEI,CTRL,NORMAL,2024-09-10T09:30:00,-1.731,0.758,3.418
HEI,CTRL,NORMAL,2024-09-10T15:30:00,-0.016,1.954,2.925
HEI,CTRL,NORMAL,2024-09-11T14:30:00,0.399,2.598,2.331
HEI,CTRL,NORMAL,2024-09-12T13:30:00,1.703,2.649,3.736
HEI,CTRL,PARABOLIC,2024-09-13T12:30:00,0.536,0.599,1.713
HEI,CTRL,PARABOLIC,2024-09-16T11:30:00,0.029,1.419,2.954
HEI,CTRL,PARABOLIC,2024-09-17T10:30:00,-0.025,0.895,0.877
HEI,CTRL,NORMAL,2024-09-18T09:30:00,0.616,2.633,1.163
HEI,CTRL,NORMAL,2024-09-18T15:30:00,2.262,3.596,1.577
HEI,CTRL,PARABOLIC,2024-09-19T14:30:00,0.42,0.515,-0.882
HEI,CTRL,PARABOLIC,2024-09-20T13:30:00,1.533,-0.93,-1.947
HEI,CTRL,PARABOLIC,2024-09-23T12:30:00,-1.263,-2.08,-4.011
HEI,CTRL,PARABOLIC,2024-09-24T11:30:00,-0.299,-1.814,0.053
HEI,CTRL,NORMAL,2024-09-25T10:30:00,-0.064,-1.942,0.577
HEI,CTRL,NORMAL,2024-09-26T09:30:00,-1.117,-1.51,-0.074
HEI,TOP,NORMAL,2024-09-26T14:30:00,-0.848,0.699,-0.428
HEI,CTRL,NORMAL,2024-09-26T15:30:00,-0.67,0.437,-0.368
HEI,CTRL,NORMAL,2024-09-27T14:30:00,-0.162,2.138,0.792
HEI,CTRL,NORMAL,2024-09-30T13:30:00,2.551,1.471,0.321
HEI,CTRL,NORMAL,2024-10-01T12:30:00,0.836,-1.058,-1.631
HEI,CTRL,NORMAL,2024-10-02T11:30:00,-1.172,-2.565,-2.095
HEI,CTRL,NORMAL,2024-10-03T10:30:00,-1.453,-1.279,-1.73
HEI,CTRL,NORMAL,2024-10-04T09:30:00,-0.578,-0.672,0.697
HEI,CTRL,NORMAL,2024-10-04T15:30:00,-1.285,-0.038,1.239
HEI,CTRL,NORMAL,2024-10-07T14:30:00,0.76,-0.202,3.205
HEI,CTRL,NORMAL,2024-10-08T13:30:00,0.467,1.282,1.795
HEI,TOP,NORMAL,2024-10-08T14:30:00,0.389,1.73,1.413
HEI,CTRL,NORMAL,2024-10-09T12:30:00,-0.888,1.447,1.022
HEI,CTRL,NORMAL,2024-10-10T11:30:00,1.543,2.299,2.396
HEI,CTRL,NORMAL,2024-10-11T10:30:00,0.401,-1.172,-0.471
HEI,CTRL,NORMAL,2024-10-14T09:30:00,-0.652,-0.282,-1.416
HEI,CTRL,NORMAL,2024-10-14T15:30:00,-1.17,-0.545,-1.894
HEI,CTRL,NORMAL,2024-10-15T14:30:00,0.233,-1.218,-3.389
HEI,CTRL,NORMAL,2024-10-16T13:30:00,0.193,-1.391,-3.871
HEI,CTRL,NORMAL,2024-10-17T12:30:00,-1.411,-4.377,-3.722
HEI,CTRL,NORMAL,2024-10-18T11:30:00,-1.238,-2.907,-4.413
HEI,CTRL,NORMAL,2024-10-21T10:30:00,-1.105,-1.648,-4.922
HEI,TOP,NORMAL,2024-10-21T14:30:00,-2.55,-2.45,-4.893
HEI,BOTTOM,NORMAL,2024-10-21T15:30:00,-2.191,-2.972,-4.757
HEI,CTRL,NORMAL,2024-12-16T11:30:00,-1.101,-10.366,-9.478
HEI,CTRL,NORMAL,2024-12-17T10:30:00,-9.379,-7.673,-7.146
HEI,BOTTOM,NORMAL,2024-12-17T15:30:00,-8.671,-8.056,-7.963
HEI,CTRL,NORMAL,2024-12-18T09:30:00,-0.916,-0.649,0.773
HEI,CTRL,NORMAL,2024-12-18T15:30:00,0.122,0.476,0.659
HEI,CTRL,NORMAL,2024-12-19T14:30:00,0.461,1.062,0.861
HEI,CTRL,NORMAL,2024-12-20T13:30:00,-0.943,-0.188,-0.417
HEI,BOTTOM,NORMAL,2024-12-20T14:30:00,-0.444,-0.13,-0.12
HEI,CTRL,NORMAL,2025-02-05T12:30:00,-1.882,-1.176,-3.472
HEI,CTRL,NORMAL,2025-02-06T11:30:00,1.486,0.73,-2.35
HEI,CTRL,NORMAL,2025-02-07T10:30:00,-0.978,-2.709,-5.229
HEI,CTRL,NORMAL,2025-02-10T09:30:00,-1.041,-2.943,-6.092
HEI,CTRL,NORMAL,2025-02-10T15:30:00,-0.922,-4.086,-6.289
HEI,CTRL,NORMAL,2025-03-20T12:30:00,-0.912,2.877,2.064
HEI,CTRL,NORMAL,2025-03-21T11:30:00,1.863,3.417,2.2
HEI,CTRL,PARABOLIC,2025-03-24T10:30:00,2.034,1.731,-0.216
HEI,CTRL,PARABOLIC,2025-03-25T09:30:00,-0.424,-1.646,-1.719
HEI,CTRL,PARABOLIC,2025-03-25T15:30:00,-0.805,-1.831,-0.295
HEI,CTRL,PARABOLIC,2025-03-26T14:30:00,0.169,-0.624,-0.286
HEI,CTRL,PARABOLIC,2025-03-27T13:30:00,-1.113,-0.308,-3.455
HEI,BOTTOM,PARABOLIC,2025-03-27T14:30:00,-1.015,-0.011,-3.218
HEI,CTRL,NORMAL,2025-03-28T12:30:00,0.0,2.336,-7.706
HEI,CTRL,NORMAL,2025-03-31T11:30:00,1.171,-1.512,-12.134
HEI,CTRL,PARABOLIC,2025-04-01T10:30:00,0.328,-7.129,-9.47
HEI,CTRL,PARABOLIC,2025-04-02T09:30:00,-0.917,-11.551,-10.761
HEI,CTRL,PARABOLIC,2025-04-02T15:30:00,-4.055,-12.426,-6.113
HEI,CTRL,NORMAL,2025-04-03T14:30:00,-7.181,-8.28,-4.12
HEI,CTRL,NORMAL,2025-04-04T13:30:00,-2.934,3.878,2.237
HEI,CTRL,NORMAL,2025-04-07T12:30:00,1.331,3.912,6.206
HEI,CTRL,NORMAL,2025-04-08T11:30:00,-2.468,1.318,3.469
HEI,CTRL,NORMAL,2025-04-09T10:30:00,4.567,7.283,5.45
HEI,CTRL,NORMAL,2025-04-10T09:30:00,-1.527,1.381,-2.779
HEI,CTRL,NORMAL,2025-04-10T15:30:00,0.229,0.589,-1.864
HEI,BOTTOM,NORMAL,2025-04-11T09:30:00,2.555,1.233,-2.635
HEI,CTRL,NORMAL,2025-04-11T14:30:00,2.22,-1.09,-4.654
HEI,CTRL,NORMAL,2025-05-27T14:30:00,7.978,9.454,8.782
HEI,CTRL,PARABOLIC,2025-05-28T13:30:00,0.746,1.197,1.704
HEI,CTRL,PARABOLIC,2025-05-29T12:30:00,0.099,0.462,1.252
HEI,CTRL,PARABOLIC,2025-05-30T11:30:00,1.041,1.226,2.132
HEI,CTRL,PARABOLIC,2025-06-02T10:30:00,-0.478,0.569,0.427
HEI,CTRL,PARABOLIC,2025-06-03T09:30:00,-0.302,1.435,1.056
HEI,TOP,PARABOLIC,2025-06-03T14:30:00,0.875,1.813,0.789
HEI,BOTTOM,PARABOLIC,2025-06-03T15:30:00,0.523,1.759,0.449
HEI,CTRL,PARABOLIC,2025-06-04T14:30:00,0.14,1.37,0.168
HEI,CTRL,PARABOLIC,2025-06-05T13:30:00,0.601,-0.138,1.26
HEI,CTRL,PARABOLIC,2025-06-06T12:30:00,0.145,0.43,1.176
HEI,CTRL,PARABOLIC,2025-06-09T11:30:00,-0.354,1.289,1.317
HEI,CTRL,PARABOLIC,2025-06-10T10:30:00,1.29,2.068,1.921
HEI,CTRL,PARABOLIC,2025-06-11T09:30:00,0.365,1.83,3.058
HEI,CTRL,PARABOLIC,2025-06-11T15:30:00,0.688,0.721,3.015
HEI,CTRL,PARABOLIC,2025-06-12T14:30:00,0.326,1.21,3.24
HEI,CTRL,PARABOLIC,2025-06-13T13:30:00,-0.088,1.797,4.276
HEI,BOTTOM,PARABOLIC,2025-06-13T14:30:00,-0.295,1.616,4.69
HEI,CTRL,PARABOLIC,2025-06-16T12:30:00,0.013,2.459,3.768
HEI,CTRL,PARABOLIC,2025-06-17T11:30:00,0.996,3.562,2.723
HEI,CTRL,PARABOLIC,2025-06-18T10:30:00,1.841,2.398,4.02
HEI,CTRL,PARABOLIC,2025-06-20T09:30:00,0.733,0.552,3.059
HEI,CTRL,PARABOLIC,2025-06-20T15:30:00,1.169,0.377,3.236
HEI,CTRL,PARABOLIC,2025-06-23T14:30:00,-0.186,0.853,2.485
HEI,CTRL,PARABOLIC,2025-06-24T13:30:00,-0.774,1.649,1.026
HEI,CTRL,PARABOLIC,2025-06-25T12:30:00,1.714,3.573,1.186
HEI,CTRL,PARABOLIC,2025-06-26T11:30:00,1.122,-0.622,0.606
HEI,CTRL,PARABOLIC,2025-06-27T10:30:00,0.519,-2.353,0.059
HEI,CTRL,PARABOLIC,2025-06-30T09:30:00,-0.324,-1.349,-2.228
HEI,CTRL,PARABOLIC,2025-06-30T15:30:00,-2.106,-0.773,-3.401
HEI,CTRL,PARABOLIC,2025-07-01T14:30:00,-1.217,-0.801,-3.119
HEI,CTRL,PARABOLIC,2025-07-02T13:30:00,2.655,-0.108,-2.163
HEI,CTRL,PARABOLIC,2025-07-07T09:30:00,-2.631,-4.194,-2.318
HEI,CTRL,PARABOLIC,2025-07-07T15:30:00,-2.258,-4.362,-1.207
HEI,CTRL,NORMAL,2025-07-08T14:30:00,-0.475,-1.027,0.483
HEI,CTRL,NORMAL,2025-07-09T13:30:00,-1.308,1.624,0.465
HEI,CTRL,NORMAL,2025-07-10T12:30:00,0.348,2.718,2.986
HEI,CTRL,NORMAL,2025-07-11T11:30:00,2.925,2.019,3.329
HEI,CTRL,NORMAL,2025-07-14T10:30:00,-0.335,0.097,1.312
HEI,CTRL,NORMAL,2025-07-15T09:30:00,-1.382,1.204,-1.179
HEI,TOP,NORMAL,2025-07-15T13:30:00,-1.037,0.072,-1.371
HEI,CTRL,NORMAL,2025-07-15T15:30:00,0.406,1.339,-0.516
HEI,CTRL,NORMAL,2025-07-16T14:30:00,0.41,0.297,0.494
HEI,CTRL,NORMAL,2025-07-17T13:30:00,0.305,-1.14,0.704
HEI,CTRL,NORMAL,2025-07-18T12:30:00,0.836,-0.176,0.347
HEI,CTRL,NORMAL,2025-07-21T11:30:00,-2.075,-0.506,0.117
HEI,CTRL,NORMAL,2025-07-22T10:30:00,0.771,1.332,2.187
HEI,CTRL,NORMAL,2025-07-23T09:30:00,1.688,2.332,2.154
HEI,CTRL,NORMAL,2025-07-23T15:30:00,-0.317,0.741,1.192
HEI,CTRL,NORMAL,2025-07-24T14:30:00,0.203,-0.054,1.288
HEI,CTRL,NORMAL,2025-07-25T13:30:00,0.434,1.383,0.881
HEI,BOTTOM,NORMAL,2025-07-25T14:30:00,0.403,0.88,0.722
HEI,CTRL,NORMAL,2025-07-28T12:30:00,0.32,0.043,3.951
HEI,CTRL,NORMAL,2025-07-29T11:30:00,0.35,0.412,-2.179
HEI,CTRL,NORMAL,2025-07-30T10:30:00,-0.103,2.635,-2.967
HEI,CTRL,NORMAL,2025-07-31T09:30:00,-1.1,0.991,-3.787
HEI,CTRL,NORMAL,2025-07-31T15:30:00,-0.52,-4.22,-3.023
HEI,CTRL,NORMAL,2025-08-01T14:30:00,3.561,-2.937,-3.1
HEI,CTRL,NORMAL,2025-08-04T13:30:00,-6.567,-6.678,-7.435
HEI,CTRL,NORMAL,2025-08-05T12:30:00,-0.38,-0.516,-0.931
HEI,CTRL,NORMAL,2025-08-06T11:30:00,-0.867,-1.15,-2.396
HEI,CTRL,NORMAL,2025-08-07T10:30:00,1.472,0.064,-0.551
HEI,CTRL,NORMAL,2025-08-08T09:30:00,-2.562,-2.466,-3.859
HEI,CTRL,NORMAL,2025-08-08T15:30:00,-0.259,-0.134,-1.711
HEI,CTRL,NORMAL,2025-08-11T14:30:00,1.085,-0.298,-1.987
HEI,CTRL,NORMAL,2025-08-12T13:30:00,-1.113,-2.114,-3.547
HEI,CTRL,NORMAL,2025-08-13T12:30:00,0.447,-1.78,-1.176
HEI,CTRL,NORMAL,2025-08-14T11:30:00,-1.189,-2.424,-1.546
HEI,TOP,NORMAL,2025-08-14T13:30:00,-1.102,-2.549,-1.393
HEI,CTRL,NORMAL,2025-08-15T10:30:00,-1.165,-0.359,0.541
HEI,CTRL,NORMAL,2025-08-18T09:30:00,-0.13,0.816,1.08
HEI,CTRL,NORMAL,2025-08-18T15:30:00,-1.179,-0.084,-0.867
HEI,CTRL,NORMAL,2025-08-19T14:30:00,1.54,1.89,9.216
HEI,CTRL,NORMAL,2025-08-20T13:30:00,0.457,0.007,4.072
HEI,CTRL,NORMAL,2025-08-21T12:30:00,1.8,6.507,3.128
HEI,CTRL,NORMAL,2025-08-22T11:30:00,-1.601,4.092,1.325
HEI,CTRL,NORMAL,2025-08-25T10:30:00,6.238,3.194,1.872
HEI,CTRL,NORMAL,2025-10-02T13:30:00,0.47,-0.426,-0.827
HEI,TOP,NORMAL,2025-10-02T14:30:00,0.417,-0.171,-1.067
HEI,CTRL,NORMAL,2025-10-03T12:30:00,0.402,-1.014,-3.644
HEI,CTRL,NORMAL,2025-11-17T11:30:00,-0.702,-2.258,-1.546
HEI,CTRL,NORMAL,2025-11-18T10:30:00,-0.447,-3.476,-1.081
HEI,CTRL,NORMAL,2025-11-19T09:30:00,0.53,-1.2,1.662
HEI,TOP,NORMAL,2025-11-19T11:30:00,-0.7,0.023,2.633
HEI,CTRL,NORMAL,2025-11-19T15:30:00,-1.385,-0.527,2.507
HEI,CTRL,NORMAL,2025-11-20T14:30:00,-0.761,2.848,2.376
HEI,CTRL,NORMAL,2025-11-21T13:30:00,1.603,4.924,2.483
HEI,CTRL,NORMAL,2025-11-24T12:30:00,1.228,2.916,0.168
HEI,CTRL,NORMAL,2025-11-25T11:30:00,1.966,-0.047,-0.121
HEI,CTRL,NORMAL,2025-11-26T10:30:00,0.811,-2.063,0.35
HEI,CTRL,NORMAL,2025-11-28T09:30:00,-1.571,-2.514,-2.08
HEI,CTRL,NORMAL,2026-01-02T12:30:00,4.082,7.625,8.677
HEI,CTRL,NORMAL,2026-01-05T11:30:00,1.686,3.017,4.081
HEI,CTRL,PARABOLIC,2026-01-06T10:30:00,2.081,2.351,1.931
HEI,CTRL,PARABOLIC,2026-01-07T09:30:00,0.31,-0.151,-1.345
HEI,CTRL,PARABOLIC,2026-01-07T15:30:00,-0.023,1.652,0.365
HEI,CTRL,PARABOLIC,2026-01-08T14:30:00,0.653,0.145,2.071
HEI,CTRL,PARABOLIC,2026-01-09T13:30:00,-0.165,-1.782,-0.701
HEI,CTRL,PARABOLIC,2026-01-12T12:30:00,-1.483,0.354,-3.163
HEI,CTRL,NORMAL,2026-01-13T11:30:00,-1.366,0.274,-0.932
HEI,CTRL,NORMAL,2026-01-14T10:30:00,2.788,-0.746,-1.882
HEI,CTRL,PARABOLIC,2026-01-15T09:30:00,-1.372,-3.185,-6.476
HEI,CTRL,PARABOLIC,2026-01-15T15:30:00,-1.535,-2.869,-6.638
HEI,CTRL,NORMAL,2026-01-16T14:30:00,-2.649,-4.369,-5.108
HEI,CTRL,NORMAL,2026-01-20T13:30:00,1.53,-2.769,-1.371
HEI,CTRL,NORMAL,2026-01-21T12:30:00,-0.934,-3.342,-4.319
HEI,CTRL,NORMAL,2026-01-22T11:30:00,-2.236,-0.999,-3.988
HEI,TOP,NORMAL,2026-01-22T12:30:00,-2.701,-1.202,-3.768
HEI,CTRL,NORMAL,2026-01-23T10:30:00,-0.755,-1.181,-1.805
HEI,CTRL,NORMAL,2026-01-26T09:30:00,2.179,0.238,-0.747
HEI,CTRL,NORMAL,2026-01-26T15:30:00,0.657,-1.315,-4.724
HEI,CTRL,NORMAL,2026-01-27T14:30:00,-2.282,-2.568,-5.168
HEI,CTRL,NORMAL,2026-01-28T13:30:00,0.266,-0.727,-1.321
HEI,CTRL,NORMAL,2026-01-29T12:30:00,0.485,-1.91,-1.217
HEI,CTRL,NORMAL,2026-02-02T14:30:00,0.284,-2.809,-2.163
HEI,CTRL,NORMAL,2026-02-03T13:30:00,-2.975,-1.229,-2.792
HEI,CTRL,NORMAL,2026-02-04T12:30:00,-0.128,0.2,-0.361
HEI,CTRL,NORMAL,2026-02-05T11:30:00,1.451,-0.029,0.384
HEI,TOP,NORMAL,2026-02-05T14:30:00,1.599,0.387,1.916
HEI,CTRL,NORMAL,2026-02-06T10:30:00,-1.197,-1.988,0.738
HEI,CTRL,NORMAL,2026-02-09T09:30:00,-1.541,1.268,1.685
HEI,CTRL,NORMAL,2026-02-09T15:30:00,0.307,2.026,4.703
HEI,CTRL,NORMAL,2026-02-10T14:30:00,0.119,2.902,5.533
HEI,CTRL,NORMAL,2026-02-11T13:30:00,0.863,5.783,6.886
HEI,CTRL,NORMAL,2026-02-12T12:30:00,2.297,4.957,6.568
HEI,CTRL,NORMAL,2026-02-13T11:30:00,3.061,4.508,4.926
HEI,CTRL,NORMAL,2026-02-17T10:30:00,0.549,2.997,3.309
HEI,CTRL,NORMAL,2026-02-18T09:30:00,1.614,2.484,1.322
HEI,CTRL,NORMAL,2026-02-18T15:30:00,1.11,1.209,0.637
HEI,CTRL,NORMAL,2026-07-13T12:30:00,1.219,-0.645,
HEI,CTRL,NORMAL,2026-07-14T11:30:00,0.285,-0.055,
HEI,TOP,NORMAL,2026-07-14T15:30:00,1.707,-0.851,
HEI,CTRL,NORMAL,2026-07-15T10:30:00,-1.017,,
HEI,CTRL,NORMAL,2026-07-16T09:30:00,0.765,,
HEI,CTRL,NORMAL,2026-07-16T15:30:00,-0.372,,
HEI,CTRL,NORMAL,2026-07-17T14:30:00,,,
GE,CTRL,NORMAL,2024-10-02T11:30:00,-1.464,-0.447,0.548
GE,TOP,NORMAL,2024-10-03T09:30:00,0.286,1.27,1.412
GE,CTRL,NORMAL,2024-10-03T10:30:00,0.287,1.587,2.399
GE,CTRL,NORMAL,2024-10-04T09:30:00,0.102,1.096,2.875
GE,CTRL,NORMAL,2024-10-04T15:30:00,-0.54,1.187,2.251
GE,CTRL,NORMAL,2024-10-07T14:30:00,0.674,1.416,4.095
GE,CTRL,NORMAL,2024-10-08T13:30:00,0.904,2.045,2.181
GE,CTRL,NORMAL,2024-10-09T12:30:00,-0.256,2.163,1.122
GE,BOTTOM,NORMAL,2024-10-09T14:30:00,-0.458,2.171,1.451
GE,CTRL,NORMAL,2024-10-10T11:30:00,0.683,0.836,1.635
GE,CTRL,NORMAL,2024-10-11T10:30:00,0.854,-0.148,0.841
GE,CTRL,NORMAL,2024-10-14T09:30:00,-0.88,0.613,0.512
GE,CTRL,NORMAL,2024-10-14T15:30:00,-1.074,-0.021,0.836
GE,CTRL,NORMAL,2024-10-15T14:30:00,0.411,1.066,-6.648
GE,CTRL,NORMAL,2024-10-16T13:30:00,0.628,0.811,-5.588
GE,CTRL,NORMAL,2024-10-17T12:30:00,-0.131,-7.736,-6.162
GE,CTRL,NORMAL,2024-10-18T11:30:00,-0.083,-5.955,-6.906
GE,CTRL,NORMAL,2024-10-21T10:30:00,-7.141,-5.889,-8.398
GE,CTRL,NORMAL,2024-10-22T09:30:00,3.263,2.132,-1.648
GE,CTRL,NORMAL,2024-10-22T15:30:00,2.893,1.404,-1.415
GE,CTRL,NORMAL,2024-10-23T14:30:00,-0.846,-2.953,-3.658
GE,CTRL,NORMAL,2024-10-24T13:30:00,-0.802,-3.279,-4.775
GE,CTRL,NORMAL,2024-10-25T12:30:00,-1.216,-2.194,-3.149
GE,TOP,NORMAL,2024-10-25T14:30:00,-1.578,-2.293,-3.739
GE,CTRL,NORMAL,2024-10-28T11:30:00,-1.439,-2.794,-2.272
GE,CTRL,NORMAL,2024-10-29T10:30:00,1.329,0.196,-0.196
GE,CTRL,NORMAL,2024-10-30T09:30:00,-2.11,-0.33,3.988
GE,CTRL,NORMAL,2024-10-30T15:30:00,-1.716,-1.688,3.359
GE,CTRL,NORMAL,2024-10-31T14:30:00,0.152,1.296,3.676
GE,CTRL,NORMAL,2024-11-01T13:30:00,-0.229,4.829,7.952
GE,CTRL,NORMAL,2024-11-04T12:30:00,0.706,2.828,6.62
GE,CTRL,NORMAL,2024-11-05T11:30:00,4.542,6.044,4.334
GE,CTRL,NORMAL,2024-11-06T10:30:00,-1.162,1.77,2.613
GE,CTRL,NORMAL,2025-01-30T10:30:00,1.167,-0.946,1.35
GE,CTRL,NORMAL,2025-01-31T09:30:00,-0.96,-0.902,1.244
GE,CTRL,NORMAL,2025-01-31T15:30:00,0.221,0.466,0.79
GE,CTRL,NORMAL,2025-02-03T14:30:00,-1.036,0.803,0.501
GE,CTRL,NORMAL,2025-02-04T13:30:00,1.117,1.379,3.206
GE,BOTTOM,NORMAL,2025-02-05T09:30:00,1.483,1.196,3.614
GE,CTRL,NORMAL,2025-02-05T12:30:00,0.418,0.179,2.91
GE,CTRL,NORMAL,2025-02-06T11:30:00,-0.044,0.914,0.871
GE,CTRL,NORMAL,2025-02-07T10:30:00,-0.865,1.865,0.542
GE,CTRL,NORMAL,2025-02-10T09:30:00,0.291,1.642,3.513
GE,CTRL,NORMAL,2025-02-10T15:30:00,1.759,1.525,2.334
GE,CTRL,NORMAL,2025-02-11T14:30:00,0.493,-0.28,0.752
GE,CTRL,NORMAL,2025-02-12T13:30:00,-1.515,-0.062,-0.888
GE,CTRL,NORMAL,2025-02-13T12:30:00,0.425,1.83,-2.681
GE,CTRL,NORMAL,2025-02-14T11:30:00,1.361,0.608,-3.559
GE,CTRL,NORMAL,2025-02-18T10:30:00,-0.68,-2.989,-6.748
GE,CTRL,NORMAL,2025-02-19T09:30:00,-0.324,-5.348,-3.388
GE,CTRL,NORMAL,2025-02-19T15:30:00,-0.836,-5.572,-4.199
GE,CTRL,NORMAL,2025-02-20T14:30:00,-3.9,-4.171,-3.552
GE,CTRL,NORMAL,2025-02-21T13:30:00,0.326,1.419,2.718
GE,TOP,NORMAL,2025-02-21T14:30:00,-0.758,0.671,2.736
GE,CTRL,NORMAL,2025-02-24T12:30:00,-0.84,2.077,1.602
GE,CTRL,NORMAL,2025-02-25T11:30:00,3.186,3.557,0.667
GE,CTRL,NORMAL,2025-02-26T10:30:00,0.135,0.941,-0.687
GE,CTRL,NORMAL,2025-02-27T09:30:00,-0.139,-4.943,-2.706
GE,CTRL,NORMAL,2025-02-27T15:30:00,2.709,-1.369,-2.729
GE,CTRL,NORMAL,2025-02-28T14:30:00,-2.19,-1.35,-6.049
GE,CTRL,NORMAL,2025-03-03T13:30:00,-0.994,-3.857,-6.982
GE,CTRL,NORMAL,2025-03-04T12:30:00,1.779,-4.002,-4.828
GE,CTRL,NORMAL,2025-03-05T11:30:00,-3.526,-6.394,-3.244
GE,CTRL,NORMAL,2025-03-06T10:30:00,-4.648,-4.278,-2.829
GE,CTRL,NORMAL,2025-03-07T09:30:00,-0.686,1.285,1.551
GE,CTRL,NORMAL,2025-03-07T15:30:00,-0.872,0.609,1.672
GE,CTRL,NORMAL,2025-04-02T09:30:00,-5.537,-17.86,-15.173
GE,CTRL,NORMAL,2025-04-02T15:30:00,-6.072,-16.137,-6.272
GE,CTRL,NORMAL,2025-04-03T14:30:00,-11.356,-10.158,-3.865
GE,CTRL,NORMAL,2025-04-04T13:30:00,-1.284,9.694,7.506
GE,CTRL,NORMAL,2025-04-07T12:30:00,1.677,7.622,11.276
GE,TOP,NORMAL,2025-04-07T14:30:00,2.097,9.248,12.586
GE,CTRL,NORMAL,2025-04-08T11:30:00,-1.526,3.443,8.47
GE,CTRL,NORMAL,2025-04-09T10:30:00,6.522,8.755,8.578
GE,CTRL,NORMAL,2025-04-10T09:30:00,-2.652,2.135,-0.43
GE,CTRL,NORMAL,2025-04-10T15:30:00,0.055,2.275,0.16
GE,BOTTOM,NORMAL,2025-04-11T14:30:00,2.375,-0.461,-3.224
GE,CTRL,NORMAL,2025-06-26T11:30:00,2.758,-0.943,-1.988
GE,CTRL,NORMAL,2025-06-27T10:30:00,-0.291,-4.414,-3.803
GE,CTRL,NORMAL,2025-06-30T09:30:00,-1.807,-3.269,-3.441
GE,BOTTOM,NORMAL,2025-06-30T15:30:00,-3.24,-3.895,-2.346
GE,CTRL,NORMAL,2025-07-01T14:30:00,-1.922,-1.094,0.004
GE,CTRL,NORMAL,2025-07-02T13:30:00,1.491,2.264,4.568
GE,CTRL,NORMAL,2025-07-07T09:30:00,-1.261,-0.315,4.586
GE,CTRL,NORMAL,2025-07-07T15:30:00,-0.632,1.597,5.499
GE,CTRL,NORMAL,2025-07-08T14:30:00,1.21,3.652,6.77
GE,CTRL,NORMAL,2025-07-09T13:30:00,0.564,4.413,6.162
GE,CTRL,NORMAL,2025-07-10T12:30:00,2.677,5.306,5.13
GE,CTRL,NORMAL,2025-07-11T11:30:00,1.531,3.472,4.247
GE,CTRL,NORMAL,2025-07-14T10:30:00,0.957,1.951,0.943
GE,BOTTOM,NORMAL,2025-07-14T13:30:00,1.51,0.368,1.422
GE,CTRL,NORMAL,2025-07-15T09:30:00,0.367,1.188,-2.585
GE,CTRL,NORMAL,2025-07-15T15:30:00,0.656,-0.388,-2.059
GE,CTRL,NORMAL,2025-07-16T14:30:00,-2.156,-0.905,-0.984
GE,CTRL,NORMAL,2025-07-17T13:30:00,0.563,-0.729,2.757
GE,CTRL,NORMAL,2025-07-18T12:30:00,0.496,-0.307,3.243
GE,CTRL,NORMAL,2025-07-21T11:30:00,-1.9,1.753,1.965
GE,TOP,NORMAL,2025-07-22T10:30:00,1.171,5.011,4.382
GE,CTRL,NORMAL,2025-07-23T09:30:00,2.553,3.872,3.862
GE,CTRL,NORMAL,2025-07-23T15:30:00,1.835,2.82,3.975
GE,CTRL,NORMAL,2025-07-24T14:30:00,1.176,0.633,0.923
GE,CTRL,NORMAL,2025-07-25T13:30:00,-1.115,0.276,-0.967
GE,CTRL,NORMAL,2025-07-28T12:30:00,1.22,0.887,2.964
GE,BOTTOM,NORMAL,2025-07-29T11:30:00,0.392,-0.063,-0.435
GE,CTRL,NORMAL,2025-07-30T10:30:00,0.802,1.031,1.425
GE,CTRL,NORMAL,2025-07-31T09:30:00,-2.308,-0.124,-1.045
GE,CTRL,NORMAL,2025-07-31T15:30:00,-0.642,0.384,0.373
GE,CTRL,NORMAL,2025-08-01T14:30:00,2.673,1.541,2.316
GE,CTRL,NORMAL,2025-08-04T13:30:00,-1.749,-1.925,-0.308
GE,CTRL,NORMAL,2025-08-05T12:30:00,1.236,1.366,3.479
GE,CTRL,NORMAL,2025-08-06T11:30:00,-1.733,0.434,-3.107
GE,CTRL,NORMAL,2025-08-07T10:30:00,1.623,3.365,0.067
GE,CTRL,NORMAL,2025-08-08T09:30:00,-0.56,-1.93,-3.599
GE,BOTTOM,NORMAL,2025-08-08T10:30:00,0.377,-2.582,-2.769
GE,CTRL,NORMAL,2025-08-08T15:30:00,0.089,-2.229,-2.6
GE,CTRL,NORMAL,2025-08-11T14:30:00,1.764,-1.318,-2.014
GE,CTRL,NORMAL,2025-08-12T13:30:00,-4.138,-3.986,-4.931
GE,CTRL,NORMAL,2025-08-13T12:30:00,1.46,0.474,0.238
GE,CTRL,NORMAL,2025-08-14T11:30:00,-0.946,-0.929,-0.303
GE,CTRL,NORMAL,2025-08-15T10:30:00,0.241,0.352,0.569
GE,CTRL,NORMAL,2025-08-18T09:30:00,-0.508,1.505,0.878
GE,BOTTOM,NORMAL,2025-08-18T14:30:00,-1.29,0.201,-0.613
GE,CTRL,NORMAL,2025-08-18T15:30:00,-0.972,0.097,-0.671
GE,CTRL,NORMAL,2025-08-19T14:30:00,0.814,0.67,2.746
GE,CTRL,NORMAL,2025-08-20T13:30:00,1.068,0.491,2.535
GE,CTRL,NORMAL,2025-08-21T12:30:00,-0.536,0.645,2.068
GE,BOTTOM,NORMAL,2025-08-21T14:30:00,-0.827,1.217,2.39
GE,CTRL,NORMAL,2025-08-22T11:30:00,-0.335,1.492,2.167
GE,CTRL,NORMAL,2025-08-25T10:30:00,1.033,2.263,1.379
GE,CTRL,NORMAL,2025-08-26T09:30:00,0.907,0.878,1.362
GE,CTRL,NORMAL,2025-08-26T15:30:00,-0.212,0.467,0.759
GE,CTRL,NORMAL,2025-08-27T14:30:00,0.613,0.374,2.596
GE,CTRL,NORMAL,2025-08-28T13:30:00,-0.228,0.154,0.87
GE,CTRL,NORMAL,2025-08-29T12:30:00,-0.818,2.155,2.039
GE,CTRL,NORMAL,2025-09-02T11:30:00,1.641,1.98,1.131
GE,CTRL,NORMAL,2025-09-03T10:30:00,1.328,2.435,1.275
GE,CTRL,NORMAL,2025-09-04T09:30:00,-1.846,-2.053,1.085
GE,CTRL,NORMAL,2025-09-04T15:30:00,-1.003,-2.143,-0.287
GE,CTRL,NORMAL,2025-09-05T14:30:00,-0.573,0.568,0.818
GE,CTRL,NORMAL,2025-09-08T13:30:00,-0.801,0.877,2.47
GE,CTRL,NORMAL,2025-09-09T12:30:00,2.125,1.726,6.41
GE,BOTTOM,NORMAL,2025-09-09T15:30:00,2.607,1.984,6.081
GE,CTRL,NORMAL,2025-09-10T11:30:00,0.355,1.734,2.661
GE,CTRL,NORMAL,2025-09-11T10:30:00,-0.295,3.461,4.327
GE,CTRL,NORMAL,2025-09-12T09:30:00,1.33,2.773,5.066
GE,CTRL,NORMAL,2025-09-12T15:30:00,1.825,2.78,6.922
GE,CTRL,NORMAL,2025-09-15T14:30:00,2.036,3.541,4.987
GE,CTRL,NORMAL,2025-09-16T13:30:00,-1.742,2.544,3.804
GE,CTRL,NORMAL,2025-09-17T12:30:00,2.53,3.589,3.695
GE,CTRL,NORMAL,2025-09-18T11:30:00,1.029,2.966,1.474
GE,CTRL,NORMAL,2025-09-19T10:30:00,0.313,2.005,-0.527
GE,CTRL,NORMAL,2025-09-22T09:30:00,2.479,0.476,-0.652
GE,CTRL,NORMAL,2025-09-22T15:30:00,1.545,-1.286,-2.445
GE,CTRL,NORMAL,2025-09-23T14:30:00,-1.085,-3.359,-1.459
GE,CTRL,NORMAL,2025-09-24T13:30:00,-1.271,-2.551,0.236
GE,CTRL,NORMAL,2025-09-25T12:30:00,-1.636,-0.027,-0.059
GE,CTRL,NORMAL,2025-09-26T11:30:00,0.361,2.558,2.802
GE,CTRL,NORMAL,2025-09-29T10:30:00,0.822,1.225,0.89
GE,TOP,NORMAL,2025-09-29T14:30:00,2.359,1.901,1.22
GE,CTRL,NORMAL,2025-09-30T09:30:00,0.494,0.091,1.542
GE,CTRL,NORMAL,2025-09-30T15:30:00,0.017,-1.253,0.322
GE,CTRL,NORMAL,2025-10-01T14:30:00,-0.995,-1.656,0.007
GE,CTRL,NORMAL,2025-10-02T13:30:00,-0.301,0.65,-0.371
GE,BOTTOM,NORMAL,2025-10-02T14:30:00,-0.14,1.109,-0.109
GE,CTRL,NORMAL,2025-10-03T12:30:00,-1.018,1.24,-1.577
GE,CTRL,NORMAL,2025-10-06T11:30:00,1.454,-0.103,-0.283
GE,CTRL,NORMAL,2025-10-07T10:30:00,0.692,-1.442,-0.503
GE,TOP,NORMAL,2025-10-07T14:30:00,-0.096,-2.816,-0.633
GE,CTRL,NORMAL,2025-10-08T09:30:00,-1.678,-2.372,-0.106
GE,CTRL,NORMAL,2025-10-08T15:30:00,-1.09,-1.689,-0.773
GE,CTRL,NORMAL,2025-10-09T14:30:00,-1.631,0.579,-0.094
GE,CTRL,NORMAL,2025-10-10T13:30:00,0.593,1.272,2.102
GE,CTRL,NORMAL,2025-10-13T12:30:00,1.51,1.282,2.295
GE,TOP,NORMAL,2025-10-13T14:30:00,1.411,0.733,2.631
GE,CTRL,NORMAL,2025-10-14T11:30:00,-1.36,-0.258,1.8
GE,CTRL,NORMAL,2025-10-15T10:30:00,0.036,0.648,-2.047
GE,CTRL,NORMAL,2025-10-16T09:30:00,-0.521,0.754,0.385
GE,BOTTOM,NORMAL,2025-10-16T10:30:00,-1.129,2.019,0.913
GE,CTRL,NORMAL,2025-10-16T15:30:00,0.13,2.278,2.188
GE,TOP,NORMAL,2025-10-17T14:30:00,0.689,-1.309,0.911
GE,CTRL,NORMAL,2025-10-20T13:30:00,0.402,0.599,2.344
GE,CTRL,NORMAL,2025-10-21T12:30:00,-2.759,-0.209,2.194
GE,CTRL,NORMAL,2025-10-22T11:30:00,2.771,4.225,5.802
GE,CTRL,NORMAL,2025-10-23T10:30:00,0.725,3.341,2.952
GE,CTRL,NORMAL,2025-10-24T09:30:00,-0.441,0.814,0.75
GE,CTRL,NORMAL,2025-10-24T15:30:00,2.913,3.394,1.653
GE,CTRL,NORMAL,2025-10-27T14:30:00,0.136,-0.026,-0.673
GE,CTRL,NORMAL,2025-10-28T13:30:00,0.31,-0.916,-2.15
GE,CTRL,NORMAL,2025-10-29T12:30:00,-0.762,-1.33,-1.927
GE,BOTTOM,NORMAL,2025-10-29T14:30:00,-0.335,-0.98,-1.657
GE,CTRL,NORMAL,2025-10-30T11:30:00,-0.36,-1.395,-1.403
GE,TOP,NORMAL,2025-10-30T15:30:00,-0.57,-2.089,-1.747
GE,CTRL,NORMAL,2025-10-31T10:30:00,-0.935,-1.107,-3.371
GE,CTRL,NORMAL,2025-11-03T09:30:00,0.124,-0.183,1.186
GE,CTRL,NORMAL,2025-11-03T15:30:00,-1.442,-1.098,1.065
GE,CTRL,NORMAL,2025-11-04T14:30:00,0.702,1.169,2.002
GE,CTRL,NORMAL,2025-11-05T13:30:00,-0.143,2.119,0.556
GE,TOP,NORMAL,2025-11-06T11:30:00,-0.87,1.186,-0.129
GE,CTRL,NORMAL,2025-11-06T12:30:00,-0.416,1.521,-0.582
GE,CTRL,NORMAL,2025-11-07T11:30:00,2.848,1.152,1.102
GE,CTRL,NORMAL,2025-11-10T10:30:00,-0.476,-1.675,-2.409
GE,CTRL,NORMAL,2025-11-11T09:30:00,0.456,-1.319,-3.607
GE,CTRL,NORMAL,2025-11-11T15:30:00,-0.55,-1.886,-4.759
GE,CTRL,NORMAL,2025-11-12T14:30:00,-1.464,-2.974,-2.459
GE,CTRL,NORMAL,2025-11-13T13:30:00,0.075,-2.564,-4.274
GE,CTRL,NORMAL,2025-11-14T12:30:00,-1.145,-1.759,-6.284
GE,CTRL,NORMAL,2026-01-13T11:30:00,-2.77,-0.714,-3.449
GE,TOP,NORMAL,2026-01-14T09:30:00,0.723,0.536,-6.646
GE,CTRL,NORMAL,2026-01-14T10:30:00,0.636,-0.283,-7.184
GE,CTRL,NORMAL,2026-01-15T09:30:00,-0.766,-1.708,-8.449
GE,CTRL,NORMAL,2026-01-15T15:30:00,1.613,-0.444,-8.185
GE,CTRL,NORMAL,2026-01-16T14:30:00,-3.653,-8.506,-9.445
GE,CTRL,NORMAL,2026-01-20T13:30:00,1.721,-7.01,-5.511
GE,CTRL,NORMAL,2026-01-21T12:30:00,-4.736,-6.383,-7.049
GE,CTRL,NORMAL,2026-01-22T11:30:00,-2.164,-0.711,-1.018
GE,CTRL,NORMAL,2026-01-23T10:30:00,-0.342,-0.593,3.916
GE,CTRL,NORMAL,2026-01-26T09:30:00,1.825,-0.341,4.599
GE,TOP,NORMAL,2026-01-26T14:30:00,1.29,1.251,3.942
GE,CTRL,NORMAL,2026-01-26T15:30:00,0.813,1.244,3.07
GE,CTRL,NORMAL,2026-01-27T14:30:00,-1.472,3.686,3.207
GE,CTRL,NORMAL,2026-01-28T13:30:00,2.191,4.492,8.663
GE,CTRL,NORMAL,2026-01-29T12:30:00,4.237,4.097,8.317
GE,CTRL,NORMAL,2026-07-10T13:30:00,-2.09,-0.275,-2.925
GE,CTRL,NORMAL,2026-07-13T12:30:00,0.044,-4.139,
GE,CTRL,NORMAL,2026-07-14T11:30:00,0.341,0.465,
GE,CTRL,NORMAL,2026-07-15T10:30:00,-3.096,,
GE,CTRL,NORMAL,2026-07-16T09:30:00,2.283,,
GE,CTRL,NORMAL,2026-07-16T15:30:00,0.894,,
GE,CTRL,NORMAL,2026-07-17T14:30:00,,,
ASTS,CTRL,NORMAL,2024-08-12T11:30:00,-1.95,41.776,72.278
ASTS,CTRL,NORMAL,2024-08-13T10:30:00,3.503,39.54,61.229
ASTS,CTRL,NORMAL,2024-08-14T09:30:00,23.026,63.472,68.75
ASTS,TOP,NORMAL,2024-08-14T15:30:00,50.805,85.525,75.138
ASTS,CTRL,PARABOLIC,2024-08-15T14:30:00,-5.057,6.696,6.201
ASTS,CTRL,PARABOLIC,2024-08-16T13:30:00,16.002,22.483,3.466
ASTS,BOTTOM,PARABOLIC,2024-08-16T15:30:00,24.351,17.389,5.915
ASTS,CTRL,PARABOLIC,2024-08-19T12:30:00,-6.243,-4.18,-8.892
ASTS,CTRL,PARABOLIC,2024-08-20T11:30:00,11.834,1.655,-1.482
ASTS,CTRL,PARABOLIC,2024-08-21T10:30:00,-4.238,-6.566,-15.947
ASTS,CTRL,NORMAL,2024-08-22T09:30:00,-0.568,-5.455,-14.726
ASTS,CTRL,NORMAL,2024-08-22T15:30:00,-3.82,-8.908,-14.415
ASTS,CTRL,NORMAL,2024-08-23T14:30:00,-1.093,-15.818,-13.595
ASTS,CTRL,NORMAL,2024-08-26T13:30:00,-3.285,-11.667,-11.625
ASTS,CTRL,NORMAL,2024-08-27T12:30:00,-12.824,-12.7,10.496
ASTS,TOP,NORMAL,2024-08-27T14:30:00,-10.343,-7.976,6.498
ASTS,CTRL,NORMAL,2024-08-28T11:30:00,2.43,-0.62,-1.344
ASTS,CTRL,NORMAL,2024-08-29T10:30:00,-2.885,13.694,-11.505
ASTS,CTRL,NORMAL,2024-08-30T09:30:00,-6.506,-9.72,-6.791
ASTS,CTRL,NORMAL,2024-08-30T15:30:00,1.343,-2.065,-10.637
ASTS,CTRL,NORMAL,2024-09-03T14:30:00,13.726,-10.35,-11.435
ASTS,CTRL,NORMAL,2024-09-04T13:30:00,-20.073,-26.239,-21.621
ASTS,CTRL,NORMAL,2024-09-05T12:30:00,-1.029,-7.405,-3.822
ASTS,CTRL,NORMAL,2024-09-06T11:30:00,2.989,5.249,14.751
ASTS,CTRL,NORMAL,2024-09-09T10:30:00,-4.029,-7.548,5.515
ASTS,TOP,NORMAL,2024-09-09T14:30:00,0.346,2.999,13.725
ASTS,CTRL,NORMAL,2024-09-10T09:30:00,5.671,12.776,14.735
ASTS,CTRL,NORMAL,2024-09-10T15:30:00,6.935,14.295,7.315
ASTS,CTRL,NORMAL,2024-10-31T14:30:00,-2.249,-0.011,-9.899
ASTS,CTRL,NORMAL,2024-11-01T13:30:00,1.983,-3.903,-7.348
ASTS,CTRL,NORMAL,2024-11-04T12:30:00,-2.922,-14.357,-2.462
ASTS,CTRL,NORMAL,2024-11-05T11:30:00,-2.531,-10.268,1.635
ASTS,TOP,NORMAL,2024-11-05T14:30:00,-4.858,-8.85,1.338
ASTS,CTRL,NORMAL,2024-11-06T10:30:00,1.067,1.708,28.656
ASTS,CTRL,NORMAL,2024-11-07T09:30:00,-6.253,8.701,20.682
ASTS,CTRL,NORMAL,2024-11-07T15:30:00,2.471,13.1,24.848
ASTS,CTRL,NORMAL,2024-11-08T14:30:00,12.307,31.934,8.668
ASTS,CTRL,NORMAL,2024-11-11T13:30:00,2.407,13.543,8.122
ASTS,CTRL,NORMAL,2024-11-12T12:30:00,22.989,-2.691,5.052
ASTS,CTRL,NORMAL,2024-11-13T11:30:00,-8.004,-10.616,-17.448
ASTS,CTRL,NORMAL,2024-12-12T13:30:00,-0.086,8.244,0.258
ASTS,CTRL,NORMAL,2024-12-13T12:30:00,2.137,8.356,-1.756
ASTS,CTRL,NORMAL,2025-03-11T13:30:00,-2.66,-5.793,-7.683
ASTS,CTRL,NORMAL,2025-03-12T12:30:00,-7.194,0.08,-10.594
ASTS,TOP,NORMAL,2025-03-12T14:30:00,-4.734,2.783,-7.761
ASTS,CTRL,NORMAL,2025-03-13T11:30:00,0.797,2.77,-5.427
ASTS,CTRL,NORMAL,2025-03-14T10:30:00,4.473,-4.283,-6.108
ASTS,CTRL,NORMAL,2025-03-17T09:30:00,-0.439,-7.785,0.603
ASTS,CTRL,NORMAL,2025-03-17T15:30:00,-6.321,-11.821,4.643
ASTS,CTRL,NORMAL,2025-03-18T14:30:00,-3.798,-2.884,7.859
ASTS,CTRL,NORMAL,2025-03-19T13:30:00,-5.684,11.56,8.733
ASTS,CTRL,NORMAL,2025-03-20T12:30:00,3.458,15.578,5.387
ASTS,CTRL,NORMAL,2025-03-21T11:30:00,8.256,8.085,-8.317
ASTS,CTRL,NORMAL,2025-03-24T10:30:00,3.824,-3.338,-16.978
ASTS,CTRL,NORMAL,2025-03-25T09:30:00,-1.424,-16.811,-24.088
ASTS,CTRL,NORMAL,2025-03-25T15:30:00,-4.513,-15.686,-23.529
ASTS,CTRL,NORMAL,2025-03-26T14:30:00,-4.26,-17.191,-18.142
ASTS,CTRL,NORMAL,2025-03-27T13:30:00,-9.748,-15.94,-17.653
ASTS,CTRL,NORMAL,2025-03-28T12:30:00,-3.323,-3.218,-16.469
ASTS,CTRL,NORMAL,2025-03-31T11:30:00,-3.663,-5.187,-9.298
ASTS,CTRL,NORMAL,2025-05-09T13:30:00,5.091,5.091,7.34
ASTS,BOTTOM,NORMAL,2025-05-09T15:30:00,5.396,2.019,3.494
ASTS,CTRL,NORMAL,2025-05-12T12:30:00,-1.687,-2.096,-9.222
ASTS,CTRL,NORMAL,2025-05-13T11:30:00,1.824,0.532,-3.419
ASTS,CTRL,NORMAL,2025-05-14T10:30:00,-2.364,-10.218,-7.054
ASTS,CTRL,NORMAL,2025-05-15T09:30:00,5.015,-4.346,-6.538
ASTS,TOP,NORMAL,2025-05-15T14:30:00,2.671,-3.217,-5.894
ASTS,CTRL,NORMAL,2025-05-15T15:30:00,1.62,-4.517,-6.88
ASTS,CTRL,NORMAL,2025-05-16T14:30:00,-9.013,-11.68,-9.907
ASTS,CTRL,NORMAL,2025-05-19T13:30:00,5.042,1.379,2.285
ASTS,CTRL,NORMAL,2025-05-20T12:30:00,-5.292,-3.654,-2.004
ASTS,CTRL,NORMAL,2025-05-21T11:30:00,-2.226,1.073,-4.69
ASTS,CTRL,NORMAL,2025-05-22T10:30:00,-2.445,0.53,-5.359
ASTS,CTRL,NORMAL,2025-05-23T09:30:00,6.162,1.457,-3.539
ASTS,TOP,NORMAL,2025-05-23T11:30:00,6.424,0.356,-0.239
ASTS,CTRL,NORMAL,2025-05-23T15:30:00,3.238,-2.159,0.332
ASTS,CTRL,NORMAL,2025-05-27T14:30:00,0.201,-6.801,1.952
ASTS,CTRL,NORMAL,2025-05-28T13:30:00,-4.7,-4.018,14.709
ASTS,BOTTOM,NORMAL,2025-05-28T14:30:00,-5.141,-3.458,15.622
ASTS,CTRL,NORMAL,2025-05-29T12:30:00,-4.434,4.288,20.059
ASTS,CTRL,NORMAL,2025-05-30T11:30:00,4.69,18.692,35.156
ASTS,CTRL,NORMAL,2025-06-02T10:30:00,3.992,23.694,52.357
ASTS,CTRL,NORMAL,2025-06-03T09:30:00,6.825,22.272,42.051
ASTS,CTRL,NORMAL,2025-06-03T15:30:00,13.838,23.711,41.634
ASTS,CTRL,NORMAL,2025-06-04T14:30:00,0.886,24.904,26.016
ASTS,CTRL,NORMAL,2025-06-05T13:30:00,10.382,25.336,30.541
ASTS,CTRL,NORMAL,2025-06-06T12:30:00,16.12,18.427,28.112
ASTS,CTRL,NORMAL,2025-06-09T11:30:00,-2.448,1.889,13.962
ASTS,CTRL,NORMAL,2025-06-10T10:30:00,4.812,13.788,17.475
ASTS,CTRL,NORMAL,2025-06-11T09:30:00,2.59,17.034,20.665
ASTS,CTRL,NORMAL,2025-06-11T15:30:00,1.093,14.68,21.296
ASTS,CTRL,NORMAL,2025-06-12T14:30:00,3.248,7.517,23.758
ASTS,CTRL,NORMAL,2025-06-13T13:30:00,7.792,13.714,25.403
ASTS,BOTTOM,NORMAL,2025-06-13T14:30:00,8.086,14.613,28.77
ASTS,CTRL,NORMAL,2025-06-16T12:30:00,-5.017,11.735,28.621
ASTS,CTRL,NORMAL,2025-06-17T11:30:00,9.235,15.649,28.867
ASTS,CTRL,NORMAL,2025-06-18T10:30:00,9.287,20.363,17.808
ASTS,CTRL,NORMAL,2025-06-20T09:30:00,-1.594,7.405,7.737
ASTS,CTRL,NORMAL,2025-06-20T15:30:00,9.326,8.76,7.474
ASTS,CTRL,PARABOLIC,2025-06-23T14:30:00,7.522,2.132,-5.159
ASTS,CTRL,PARABOLIC,2025-06-24T13:30:00,-5.536,-6.264,-15.609
ASTS,CTRL,NORMAL,2025-06-25T12:30:00,-0.069,-6.958,-10.978
ASTS,CTRL,NORMAL,2025-06-26T11:30:00,-0.573,-12.476,-12.01
ASTS,CTRL,NORMAL,2025-06-27T10:30:00,-8.507,-15.066,-12.172
ASTS,TOP,NORMAL,2025-06-27T15:30:00,-5.385,-7.39,-7.052
ASTS,CTRL,NORMAL,2025-06-30T09:30:00,-4.142,-2.578,-4.289
ASTS,CTRL,NORMAL,2025-06-30T15:30:00,-3.446,-2.845,-6.057
ASTS,CTRL,NORMAL,2025-07-01T14:30:00,1.671,0.376,-0.697
ASTS,CTRL,NORMAL,2025-07-02T13:30:00,-0.751,-3.114,1.391
ASTS,CTRL,NORMAL,2025-07-07T09:30:00,1.985,-3.078,6.969
ASTS,CTRL,NORMAL,2025-07-07T15:30:00,-0.35,-3.678,4.75
ASTS,CTRL,NORMAL,2025-07-08T14:30:00,-4.443,2.498,12.29
ASTS,BOTTOM,NORMAL,2025-07-08T15:30:00,-6.536,0.176,12.105
ASTS,CTRL,NORMAL,2025-07-09T13:30:00,0.799,9.496,18.968
ASTS,CTRL,NORMAL,2025-07-10T12:30:00,5.954,11.014,27.177
ASTS,CTRL,NORMAL,2025-07-11T11:30:00,2.491,9.877,21.458
ASTS,CTRL,NORMAL,2025-07-14T10:30:00,3.89,19.762,23.29
ASTS,BOTTOM,NORMAL,2025-07-14T14:30:00,5.613,19.044,20.146
ASTS,CTRL,NORMAL,2025-07-15T09:30:00,3.501,15.029,8.323
ASTS,CTRL,NORMAL,2025-07-15T15:30:00,3.175,13.639,11.954
ASTS,CTRL,NORMAL,2025-07-16T14:30:00,9.358,10.371,11.287
ASTS,CTRL,NORMAL,2025-07-17T13:30:00,-1.657,-2.412,4.459
ASTS,CTRL,NORMAL,2025-07-18T12:30:00,4.467,1.412,-1.733
ASTS,CTRL,NORMAL,2025-07-21T11:30:00,-5.377,4.795,-4.604
ASTS,CTRL,NORMAL,2025-07-22T10:30:00,5.938,2.084,-4.799
ASTS,CTRL,NORMAL,2025-07-23T09:30:00,1.273,-6.853,-5.966
ASTS,CTRL,NORMAL,2025-07-23T15:30:00,2.006,-7.888,-7.71
ASTS,CTRL,NORMAL,2025-07-24T14:30:00,-9.563,-11.542,-10.923
ASTS,CTRL,NORMAL,2025-07-25T13:30:00,0.951,2.69,-2.455
ASTS,CTRL,NORMAL,2025-07-28T12:30:00,-2.924,-0.177,-5.848
ASTS,CTRL,NORMAL,2025-07-29T11:30:00,6.498,4.698,-0.25
ASTS,CTRL,NORMAL,2025-07-30T10:30:00,-0.938,-8.481,-5.025
ASTS,CTRL,NORMAL,2025-07-31T09:30:00,-3.858,-7.637,-8.101
ASTS,CTRL,NORMAL,2025-07-31T15:30:00,-1.391,-1.109,-10.321
ASTS,CTRL,NORMAL,2025-08-01T14:30:00,-3.246,-0.531,-11.186
ASTS,CTRL,NORMAL,2025-08-04T13:30:00,1.564,-6.707,-9.952
ASTS,CTRL,NORMAL,2025-08-05T12:30:00,0.491,-8.891,-3.343
ASTS,BOTTOM,NORMAL,2025-08-05T15:30:00,-1.616,-11.445,-5.456
ASTS,CTRL,NORMAL,2025-08-06T11:30:00,-7.291,-11.056,-5.495
ASTS,CTRL,NORMAL,2025-08-07T10:30:00,-2.595,6.037,-0.134
ASTS,CTRL,NORMAL,2025-08-08T09:30:00,-0.36,2.613,1.799
ASTS,CTRL,NORMAL,2025-08-08T15:30:00,-1.353,7.492,3.242
ASTS,CTRL,NORMAL,2025-08-11T14:30:00,9.123,5.541,5.163
ASTS,CTRL,NORMAL,2025-08-12T13:30:00,-1.942,-3.308,-8.744
ASTS,CTRL,NORMAL,2025-08-13T12:30:00,-2.726,1.179,-9.171
ASTS,BOTTOM,NORMAL,2025-08-13T14:30:00,-3.572,-3.918,-10.357
ASTS,CTRL,NORMAL,2025-08-14T11:30:00,1.157,-4.215,-7.229
ASTS,CTRL,NORMAL,2025-08-15T10:30:00,3.368,-8.638,-3.513
ASTS,CTRL,NORMAL,2025-08-18T09:30:00,-5.488,-8.557,1.545
ASTS,CTRL,NORMAL,2025-08-18T15:30:00,-6.74,-6.532,3.874
ASTS,CTRL,NORMAL,2025-10-23T10:30:00,1.101,9.71,10.393
ASTS,TOP,NORMAL,2025-10-23T14:30:00,1.295,7.39,8.56
ASTS,CTRL,NORMAL,2025-10-24T09:30:00,2.556,8.856,6.727
ASTS,CTRL,NORMAL,2025-10-24T15:30:00,7.743,8.476,8.842
ASTS,CTRL,NORMAL,2025-10-27T14:30:00,-1.749,-0.678,-9.333
ASTS,CTRL,NORMAL,2025-10-28T13:30:00,0.0,-0.506,-9.906
ASTS,CTRL,NORMAL,2025-10-29T12:30:00,-0.351,-8.848,-11.977
ASTS,BOTTOM,NORMAL,2025-10-29T13:30:00,-1.24,-8.566,-11.691
ASTS,CTRL,NORMAL,2025-10-30T11:30:00,-1.434,-10.093,-16.805
ASTS,CTRL,NORMAL,2025-10-31T10:30:00,-8.276,-11.653,-18.187
ASTS,CTRL,NORMAL,2025-11-03T09:30:00,-4.707,-6.022,-5.57
ASTS,CTRL,NORMAL,2025-11-03T15:30:00,-1.553,-8.258,-3.409
ASTS,CTRL,NORMAL,2025-11-04T14:30:00,-1.598,-2.836,-4.496
ASTS,CTRL,NORMAL,2025-12-26T10:30:00,-1.291,0.419,21.288
ASTS,CTRL,NORMAL,2025-12-29T09:30:00,0.214,-3.848,29.505
ASTS,CTRL,NORMAL,2025-12-29T15:30:00,4.411,16.817,36.264
ASTS,CTRL,NORMAL,2025-12-30T14:30:00,-4.433,21.991,12.015
ASTS,CTRL,NORMAL,2025-12-31T13:30:00,12.32,32.459,25.913
ASTS,CTRL,NORMAL,2026-01-02T12:30:00,13.929,9.711,25.246
ASTS,CTRL,NORMAL,2026-01-05T11:30:00,7.946,3.164,8.025
ASTS,CTRL,NORMAL,2026-01-06T10:30:00,-4.569,3.27,-2.639
ASTS,CTRL,NORMAL,2026-01-07T09:30:00,-2.384,3.603,-1.915
ASTS,CTRL,NORMAL,2026-01-07T15:30:00,5.689,14.851,11.023
ASTS,CTRL,NORMAL,2026-01-08T14:30:00,8.945,1.232,11.778
ASTS,CTRL,NORMAL,2026-01-09T13:30:00,-3.853,-5.714,18.586
ASTS,CTRL,NORMAL,2026-01-12T12:30:00,0.537,6.7,22.964
ASTS,CTRL,NORMAL,2026-01-13T11:30:00,-2.207,22.606,4.502
ASTS,CTRL,NORMAL,2026-01-14T10:30:00,5.526,26.353,17.899
ASTS,BOTTOM,NORMAL,2026-01-14T14:30:00,7.37,18.556,25.886
ASTS,CTRL,NORMAL,2026-01-15T09:30:00,20.28,11.634,19.449
ASTS,CTRL,NORMAL,2026-01-15T15:30:00,14.356,2.263,12.291
ASTS,CTRL,NORMAL,2026-01-16T14:30:00,-3.589,2.371,-9.683
ASTS,CTRL,NORMAL,2026-01-20T13:30:00,-12.777,0.385,-5.517
ASTS,CTRL,NORMAL,2026-01-21T12:30:00,15.849,5.683,20.663
ASTS,CTRL,NORMAL,2026-01-22T11:30:00,4.332,-5.686,5.498
ASTS,CTRL,NORMAL,2026-01-23T10:30:00,-9.508,-0.026,0.294
ASTS,CTRL,NORMAL,2026-01-26T09:30:00,1.344,9.702,7.453
ASTS,CTRL,NORMAL,2026-01-26T15:30:00,5.915,16.108,-2.515
ASTS,CTRL,NORMAL,2026-01-27T14:30:00,9.969,1.803,-15.755
ASTS,CTRL,NORMAL,2026-01-28T13:30:00,1.058,-3.183,-21.767
ASTS,CTRL,NORMAL,2026-01-29T12:30:00,-12.526,-14.067,-13.937
ASTS,CTRL,NORMAL,2026-02-02T13:30:00,4.112,-8.779,-3.25
ASTS,CTRL,NORMAL,2026-02-03T12:30:00,-10.926,-9.812,-14.519
ASTS,CTRL,NORMAL,2026-02-04T11:30:00,-3.64,3.846,-3.328
ASTS,CTRL,NORMAL,2026-02-05T10:30:00,4.115,2.375,-16.306
ASTS,CTRL,NORMAL,2026-02-06T09:30:00,7.358,-4.042,-15.573
ASTS,CTRL,NORMAL,2026-02-06T15:30:00,0.354,-4.815,-18.876
ASTS,TOP,NORMAL,2026-02-09T14:30:00,-5.972,-21.852,-18.905
ASTS,CTRL,NORMAL,2026-02-10T13:30:00,0.927,-14.222,-12.426
ASTS,CTRL,NORMAL,2026-02-11T12:30:00,-14.017,-12.69,-12.533
ASTS,CTRL,NORMAL,2026-02-12T11:30:00,1.996,4.077,-1.317
ASTS,CTRL,NORMAL,2026-02-13T10:30:00,-1.451,1.392,1.139
ASTS,CTRL,NORMAL,2026-02-17T09:30:00,7.472,5.064,4.718
ASTS,CTRL,NORMAL,2026-02-17T15:30:00,1.698,-3.444,3.341
ASTS,CTRL,NORMAL,2026-02-18T14:30:00,2.314,0.252,-0.3
ASTS,CTRL,NORMAL,2026-02-19T13:30:00,-3.66,0.071,0.208
ASTS,CTRL,NORMAL,2026-02-20T12:30:00,7.884,5.509,-3.284
ASTS,CTRL,NORMAL,2026-02-23T11:30:00,-0.524,0.369,-0.643
ASTS,CTRL,NORMAL,2026-02-24T10:30:00,1.895,-4.901,10.078
ASTS,CTRL,NORMAL,2026-02-25T09:30:00,-2.132,-2.126,20.897
ASTS,CTRL,NORMAL,2026-02-25T15:30:00,4.068,5.488,27.453
ASTS,BOTTOM,NORMAL,2026-02-26T14:30:00,-7.289,11.972,10.533
ASTS,CTRL,NORMAL,2026-02-27T13:30:00,7.458,34.29,19.426
ASTS,CTRL,NORMAL,2026-03-02T12:30:00,13.398,9.454,5.105
ASTS,CTRL,NORMAL,2026-03-03T11:30:00,8.175,-2.053,-6.576
ASTS,CTRL,NORMAL,2026-03-04T10:30:00,-7.437,-15.691,-13.03
ASTS,CTRL,NORMAL,2026-03-05T09:30:00,1.331,-7.246,-13.161
ASTS,CTRL,NORMAL,2026-03-05T15:30:00,-4.718,-6.72,-7.306
ASTS,CTRL,NORMAL,2026-03-06T14:30:00,0.198,-3.932,-5.685
ASTS,CTRL,NORMAL,2026-03-09T13:30:00,-0.587,-0.791,0.791
ASTS,CTRL,NORMAL,2026-03-10T12:30:00,-0.55,-3.452,6.193
ASTS,TOP,NORMAL,2026-03-10T15:30:00,0.822,-1.324,9.271
ASTS,CTRL,NORMAL,2026-04-01T14:30:00,5.757,8.954,7.054
ASTS,CTRL,NORMAL,2026-04-02T13:30:00,8.977,8.24,6.517
ASTS,CTRL,NORMAL,2026-04-06T12:30:00,-1.795,-0.046,4.77
ASTS,CTRL,NORMAL,2026-04-27T09:30:00,-0.834,-2.209,-6.908
ASTS,CTRL,NORMAL,2026-04-27T15:30:00,-6.777,-4.289,-11.365
ASTS,CTRL,NORMAL,2026-04-28T14:30:00,-2.224,0.126,-9.484
ASTS,CTRL,NORMAL,2026-04-29T13:30:00,6.865,-0.108,2.207
ASTS,CTRL,NORMAL,2026-04-30T12:30:00,-1.557,-12.723,-10.862
ASTS,CTRL,NORMAL,2026-05-01T11:30:00,-4.177,-3.135,-2.69
ASTS,TOP,NORMAL,2026-05-01T14:30:00,-4.119,-1.569,3.657
ASTS,CTRL,NORMAL,2026-05-04T10:30:00,-5.065,-1.25,19.471
ASTS,CTRL,NORMAL,2026-05-05T09:30:00,5.731,3.145,9.391
ASTS,CTRL,NORMAL,2026-05-05T15:30:00,10.697,17.525,14.33
ASTS,CTRL,NORMAL,2026-05-06T14:30:00,-7.203,18.071,7.302
ASTS,CTRL,NORMAL,2026-05-07T13:30:00,11.73,8.32,27.183
ASTS,CTRL,NORMAL,2026-05-08T12:30:00,17.284,6.611,12.288
ASTS,CTRL,NORMAL,2026-05-11T11:30:00,-15.079,-2.957,-1.669
ASTS,CTRL,NORMAL,2026-07-02T11:30:00,-2.954,-12.193,-13.575
ASTS,CTRL,NORMAL,2026-07-06T10:30:00,-6.654,-9.521,-14.431
ASTS,CTRL,NORMAL,2026-07-07T09:30:00,1.965,-3.589,-7.253
ASTS,CTRL,NORMAL,2026-07-07T15:30:00,1.024,-1.199,-7.236
ASTS,TOP,NORMAL,2026-07-08T14:30:00,-0.486,-10.799,-11.611
SAIC,CTRL,PARABOLIC,2024-09-23T12:30:00,-0.044,-0.386,1.195
SAIC,CTRL,NORMAL,2024-09-24T11:30:00,-0.601,0.358,2.498
SAIC,CTRL,NORMAL,2024-09-25T10:30:00,-0.548,1.505,4.302
SAIC,CTRL,NORMAL,2024-09-26T09:30:00,1.717,2.869,6.7
SAIC,CTRL,NORMAL,2024-09-26T15:30:00,0.871,3.012,5.452
SAIC,CTRL,NORMAL,2024-09-27T14:30:00,1.196,3.524,5.83
SAIC,CTRL,NORMAL,2024-09-30T13:30:00,1.32,3.541,3.765
SAIC,CTRL,PARABOLIC,2024-10-01T12:30:00,1.91,3.359,2.837
SAIC,CTRL,PARABOLIC,2024-10-02T11:30:00,1.22,1.598,1.346
SAIC,CTRL,PARABOLIC,2024-10-03T10:30:00,0.061,0.042,-0.125
SAIC,BOTTOM,PARABOLIC,2024-10-03T12:30:00,0.441,-0.066,-0.88
SAIC,CTRL,PARABOLIC,2024-10-04T09:30:00,-0.041,-1.113,-0.263
SAIC,CTRL,PARABOLIC,2024-10-04T15:30:00,-1.126,-1.572,-0.81
SAIC,CTRL,PARABOLIC,2024-10-07T14:30:00,-0.035,-1.506,1.523
SAIC,CTRL,PARABOLIC,2024-10-08T13:30:00,-0.19,0.716,2.423
SAIC,CTRL,NORMAL,2024-10-09T12:30:00,-0.773,1.267,2.54
SAIC,TOP,NORMAL,2024-10-10T09:30:00,0.86,3.216,3.72
SAIC,CTRL,NORMAL,2024-10-10T11:30:00,1.146,3.327,2.852
SAIC,CTRL,PARABOLIC,2024-10-11T10:30:00,0.526,1.819,1.69
SAIC,CTRL,PARABOLIC,2024-10-14T09:30:00,1.66,2.155,1.391
SAIC,CTRL,PARABOLIC,2024-10-14T15:30:00,0.178,1.057,0.671
SAIC,CTRL,PARABOLIC,2024-10-15T14:30:00,0.526,0.621,-0.795
SAIC,CTRL,PARABOLIC,2024-10-16T13:30:00,-0.586,-0.772,-2.69
SAIC,BOTTOM,PARABOLIC,2024-10-16T14:30:00,-0.306,-0.224,-2.129
SAIC,CTRL,PARABOLIC,2024-10-17T12:30:00,0.133,-1.077,-1.975
SAIC,CTRL,PARABOLIC,2024-10-18T11:30:00,-0.214,-2.108,-1.741
SAIC,CTRL,NORMAL,2024-10-21T10:30:00,-0.772,-1.536,-1.079
SAIC,CTRL,NORMAL,2024-10-22T09:30:00,-0.065,0.024,0.107
SAIC,CTRL,NORMAL,2024-10-22T15:30:00,-1.052,-1.231,0.811
SAIC,CTRL,NORMAL,2024-10-23T14:30:00,0.167,0.472,2.106
SAIC,CTRL,NORMAL,2024-10-24T13:30:00,-0.048,1.406,0.542
SAIC,CTRL,NORMAL,2024-10-25T12:30:00,0.447,1.984,0.687
SAIC,TOP,NORMAL,2024-10-25T14:30:00,0.517,2.152,0.507
SAIC,CTRL,NORMAL,2024-10-28T11:30:00,0.753,0.204,0.781
SAIC,CTRL,NORMAL,2024-10-29T10:30:00,1.194,0.412,1.492
SAIC,CTRL,NORMAL,2024-10-30T09:30:00,-1.102,-0.859,2.455
SAIC,CTRL,NORMAL,2024-10-30T15:30:00,-1.398,-0.085,1.83
SAIC,CTRL,NORMAL,2024-10-31T14:30:00,-0.359,2.105,2.766
SAIC,CTRL,NORMAL,2024-11-01T13:30:00,1.084,3.743,5.144
SAIC,CTRL,NORMAL,2024-11-04T12:30:00,1.177,2.918,5.699
SAIC,CTRL,NORMAL,2024-11-05T11:30:00,2.224,2.234,3.544
SAIC,CTRL,NORMAL,2024-11-06T10:30:00,-1.141,1.79,1.276
SAIC,CTRL,NORMAL,2024-11-07T09:30:00,0.553,2.658,-10.845
SAIC,BOTTOM,NORMAL,2024-11-07T14:30:00,1.992,3.132,-15.189
SAIC,CTRL,NORMAL,2024-11-07T15:30:00,2.025,2.962,-15.421
SAIC,CTRL,NORMAL,2024-11-08T14:30:00,1.179,-1.77,-20.211
SAIC,CTRL,NORMAL,2024-11-11T13:30:00,0.111,-17.773,-21.908
SAIC,CTRL,NORMAL,2024-11-12T12:30:00,-1.109,-21.189,-22.605
SAIC,CTRL,NORMAL,2024-11-13T11:30:00,-15.033,-22.104,-21.229
SAIC,CTRL,NORMAL,2024-11-14T10:30:00,-10.78,-10.825,-6.23
SAIC,CTRL,NORMAL,2024-11-15T09:30:00,0.034,0.959,4.046
SAIC,CTRL,NORMAL,2024-11-15T15:30:00,-1.96,0.555,1.429
SAIC,CTRL,NORMAL,2024-11-18T14:30:00,-0.602,4.893,2.356
SAIC,CTRL,NORMAL,2024-11-19T13:30:00,0.631,3.789,3.739
SAIC,TOP,NORMAL,2024-11-19T14:30:00,2.346,4.044,4.297
SAIC,CTRL,NORMAL,2024-11-20T12:30:00,3.705,1.73,2.352
SAIC,CTRL,NORMAL,2024-11-21T11:30:00,-0.1,-0.425,-0.305
SAIC,CTRL,NORMAL,2024-11-22T10:30:00,-1.749,-1.157,0.0
SAIC,CTRL,NORMAL,2024-11-25T09:30:00,0.635,1.025,-0.415
SAIC,CTRL,NORMAL,2024-11-25T15:30:00,1.58,1.425,1.433
SAIC,CTRL,NORMAL,2024-11-26T14:30:00,-0.686,-1.452,-1.371
SAIC,CTRL,PARABOLIC,2026-07-06T10:30:00,1.784,-0.553,1.354
SAIC,CTRL,PARABOLIC,2026-07-07T09:30:00,-1.577,-1.577,-1.499
SAIC,CTRL,PARABOLIC,2026-07-07T15:30:00,-0.325,-1.055,0.158
SAIC,CTRL,NORMAL,2026-07-08T14:30:00,0.239,0.328,1.912
SAIC,CTRL,PARABOLIC,2026-07-09T13:30:00,0.058,1.0,2.045
SAIC,CTRL,NORMAL,2026-07-10T12:30:00,0.718,2.239,2.607
SAIC,CTRL,NORMAL,2026-07-13T11:30:00,0.645,0.268,
SAIC,BOTTOM,NORMAL,2026-07-13T13:30:00,0.675,1.716,
GH,CTRL,NORMAL,2024-08-12T12:30:00,-0.2,-5.068,-7.202
GH,CTRL,NORMAL,2024-08-13T11:30:00,-3.677,-7.535,-9.744
GH,CTRL,NORMAL,2024-08-14T10:30:00,-1.415,-4.484,-3.973
GH,CTRL,NORMAL,2024-08-15T09:30:00,-3.397,-4.639,-3.121
GH,TOP,NORMAL,2024-08-15T14:30:00,-2.706,-2.567,-2.078
GH,CTRL,NORMAL,2024-08-15T15:30:00,-2.136,-3.151,-2.381
GH,CTRL,NORMAL,2024-08-16T14:30:00,1.4,1.687,4.989
GH,CTRL,NORMAL,2024-08-19T13:30:00,-1.347,-0.744,-7.019
GH,CTRL,NORMAL,2024-08-20T12:30:00,2.181,4.979,-5.597
GH,CTRL,NORMAL,2024-08-21T11:30:00,1.87,-4.224,-5.775
GH,CTRL,NORMAL,2024-08-22T10:30:00,2.911,-7.859,-7.61
GH,CTRL,NORMAL,2024-08-23T09:30:00,-10.159,-8.354,-9.778
GH,CTRL,NORMAL,2024-08-23T15:30:00,-7.825,-9.721,-11.858
GH,CTRL,NORMAL,2024-08-26T14:30:00,-1.324,-1.911,-7.077
GH,CTRL,NORMAL,2024-08-27T13:30:00,-1.21,-2.381,-6.106
GH,TOP,NORMAL,2024-08-27T14:30:00,1.055,-2.397,-6.543
GH,CTRL,NORMAL,2024-08-28T12:30:00,2.843,-4.119,-6.401
GH,CTRL,NORMAL,2024-08-29T11:30:00,-3.823,-5.129,-11.052
GH,CTRL,PARABOLIC,2024-11-26T09:30:00,2.662,4.153,10.442
GH,BOTTOM,PARABOLIC,2024-11-26T14:30:00,2.061,1.916,8.07
GH,CTRL,PARABOLIC,2024-11-26T15:30:00,2.065,2.704,6.746
GH,CTRL,PARABOLIC,2024-11-27T14:30:00,1.451,8.874,5.631
GH,CTRL,PARABOLIC,2024-12-02T10:30:00,-1.084,4.942,2.407
GH,CTRL,PARABOLIC,2024-12-03T09:30:00,5.783,5.955,1.503
GH,CTRL,PARABOLIC,2024-12-03T15:30:00,6.451,2.988,-0.81
GH,CTRL,PARABOLIC,2024-12-04T14:30:00,-2.338,-4.572,-6.332
GH,CTRL,PARABOLIC,2024-12-05T13:30:00,-0.338,-3.984,-4.497
GH,CTRL,PARABOLIC,2024-12-06T12:30:00,-1.553,-2.08,-6.138
GH,CTRL,PARABOLIC,2024-12-09T11:30:00,-2.539,-1.201,-3.877
GH,TOP,PARABOLIC,2024-12-09T14:30:00,-3.221,-4.02,-2.258
GH,CTRL,NORMAL,2024-12-10T10:30:00,-0.39,-2.967,-2.856
GH,CTRL,NORMAL,2024-12-11T09:30:00,2.46,0.211,-2.825
GH,CTRL,NORMAL,2024-12-11T15:30:00,-2.02,-0.112,-9.257
GH,CTRL,NORMAL,2024-12-12T14:30:00,-0.229,-0.373,-9.352
GH,CTRL,NORMAL,2024-12-13T13:30:00,0.633,-2.762,-8.487
GH,CTRL,NORMAL,2024-12-16T12:30:00,0.086,-10.9,-11.857
GH,CTRL,NORMAL,2024-12-17T11:30:00,-1.282,-9.433,-9.319
GH,BOTTOM,NORMAL,2024-12-17T14:30:00,-5.989,-8.523,-11.071
GH,CTRL,NORMAL,2024-12-18T10:30:00,-8.423,-9.841,-9.436
GH,CTRL,NORMAL,2024-12-19T09:30:00,0.852,-0.505,-3.977
GH,CTRL,NORMAL,2024-12-19T15:30:00,1.768,0.836,-0.949
GH,CTRL,NORMAL,2024-12-20T14:30:00,-2.424,-4.721,-3.887
GH,CTRL,NORMAL,2024-12-23T13:30:00,0.161,-1.639,3.407
GH,CTRL,NORMAL,2024-12-26T09:30:00,-2.182,-1.38,2.663
GH,CTRL,NORMAL,2024-12-26T15:30:00,-3.028,-2.614,7.552
GH,CTRL,NORMAL,2024-12-27T14:30:00,1.404,5.136,18.15
GH,CTRL,NORMAL,2024-12-30T13:30:00,-1.997,7.585,15.105
GH,CTRL,NORMAL,2024-12-31T12:30:00,3.434,18.712,21.373
GH,CTRL,NORMAL,2025-01-02T11:30:00,2.346,10.979,13.888
GH,CTRL,NORMAL,2025-01-03T10:30:00,13.673,13.657,15.103
GH,CTRL,NORMAL,2025-01-06T09:30:00,-2.998,-1.609,3.603
GH,CTRL,NORMAL,2025-01-06T15:30:00,0.724,2.144,4.343
GH,CTRL,NORMAL,2025-01-07T14:30:00,3.211,5.826,5.63
GH,BOTTOM,NORMAL,2025-01-07T15:30:00,1.106,5.362,3.704
GH,CTRL,NORMAL,2025-01-08T13:30:00,-1.114,1.535,1.739
GH,CTRL,NORMAL,2025-01-10T12:30:00,2.623,2.899,2.871
GH,CTRL,NORMAL,2025-01-13T11:30:00,-2.32,0.133,16.831
GH,CTRL,NORMAL,2025-01-14T10:30:00,1.195,1.33,29.671
GH,CTRL,NORMAL,2025-01-15T09:30:00,-3.013,9.169,21.169
GH,CTRL,NORMAL,2025-01-15T15:30:00,-0.533,20.229,29.584
GH,CTRL,NORMAL,2025-01-16T14:30:00,-2.464,24.821,23.391
GH,CTRL,NORMAL,2025-01-17T13:30:00,22.465,28.492,26.591
GH,TOP,NORMAL,2025-01-17T15:30:00,23.15,32.733,28.283
GH,CTRL,PARABOLIC,2025-01-21T12:30:00,8.375,6.746,7.726
GH,CTRL,PARABOLIC,2025-01-22T11:30:00,-4.976,-4.483,-1.702
GH,CTRL,PARABOLIC,2025-01-23T10:30:00,0.263,-0.463,4.459
GH,CTRL,PARABOLIC,2025-01-24T09:30:00,-2.918,-0.031,2.392
GH,CTRL,PARABOLIC,2025-01-24T15:30:00,-0.424,0.954,-0.509
GH,BOTTOM,NORMAL,2025-01-27T14:30:00,1.689,5.547,0.77
GH,CTRL,PARABOLIC,2025-01-28T13:30:00,0.792,-0.011,-0.517
GH,CTRL,NORMAL,2025-01-29T12:30:00,2.345,-3.476,-1.285
GH,CTRL,PARABOLIC,2025-01-30T11:30:00,-5.068,-7.434,-6.36
GH,CTRL,NORMAL,2025-01-31T10:30:00,-3.222,-1.359,-8.441
GH,CTRL,NORMAL,2025-02-03T09:30:00,-0.443,0.792,-11.434
GH,CTRL,NORMAL,2025-02-03T15:30:00,-0.862,-3.111,-6.601
GH,CTRL,NORMAL,2025-02-04T14:30:00,0.807,-4.462,-6.885
GH,CTRL,NORMAL,2025-02-05T13:30:00,-2.986,-7.413,-5.429
GH,CTRL,NORMAL,2025-02-06T12:30:00,-3.925,-7.999,-2.196
GH,CTRL,NORMAL,2025-02-07T11:30:00,-4.634,-0.907,6.68
GH,CTRL,NORMAL,2025-02-10T10:30:00,1.001,8.114,11.56
GH,CTRL,NORMAL,2025-02-11T09:30:00,2.084,12.989,10.894
GH,CTRL,NORMAL,2025-02-11T15:30:00,4.082,10.342,12.268
GH,CTRL,NORMAL,2025-02-12T14:30:00,3.387,4.959,3.849
GH,CTRL,NORMAL,2025-02-13T13:30:00,3.56,5.093,-6.336
GH,CTRL,NORMAL,2025-02-14T12:30:00,-1.621,-1.167,-9.367
GH,CTRL,NORMAL,2025-02-18T11:30:00,3.06,-9.454,-14.397
GH,CTRL,NORMAL,2025-02-19T10:30:00,-1.857,-11.484,-11.991
GH,BOTTOM,NORMAL,2025-02-19T11:30:00,-2.184,-10.469,-11.776
GH,CTRL,NORMAL,2025-02-20T09:30:00,-7.235,-14.994,-11.454
GH,CTRL,NORMAL,2025-02-20T15:30:00,-9.549,-14.987,-11.172
GH,TOP,NORMAL,2025-02-21T14:30:00,-2.238,-1.768,-3.042
GH,CTRL,NORMAL,2025-02-24T13:30:00,-6.848,-2.836,-2.075
GH,CTRL,NORMAL,2025-05-08T09:30:00,3.722,0.816,-1.826
GH,CTRL,NORMAL,2025-05-08T15:30:00,0.192,-0.792,-2.927
GH,TOP,NORMAL,2025-05-09T14:30:00,-0.408,-2.329,-1.861
GH,CTRL,NORMAL,2025-05-12T13:30:00,0.824,-2.303,-3.006
GH,CTRL,NORMAL,2025-05-13T12:30:00,-3.232,-2.779,-4.639
GH,CTRL,NORMAL,2025-05-14T11:30:00,-2.399,-2.289,-6.526
GH,TOP,NORMAL,2025-05-14T14:30:00,-1.229,-1.402,-8.606
GH,CTRL,NORMAL,2025-05-15T10:30:00,2.828,-0.025,-6.073
GH,CTRL,NORMAL,2025-05-16T09:30:00,-0.64,-6.508,-7.972
GH,CTRL,NORMAL,2025-05-16T15:30:00,-1.033,-8.78,-6.542
GH,CTRL,NORMAL,2025-05-19T14:30:00,-0.723,-6.606,-3.155
GH,CTRL,NORMAL,2025-05-20T13:30:00,-6.042,-4.838,-4.412
GH,CTRL,NORMAL,2025-05-21T12:30:00,-0.053,3.199,2.079
GH,CTRL,NORMAL,2025-05-22T11:30:00,1.178,1.592,7.614
GH,CTRL,NORMAL,2025-05-23T10:30:00,2.309,1.728,9.974
GH,CTRL,NORMAL,2025-05-27T09:30:00,-3.077,1.684,14.613
GH,CTRL,NORMAL,2025-05-27T15:30:00,-2.677,3.595,16.752
GH,CTRL,NORMAL,2025-05-28T14:30:00,0.487,10.927,25.011
GH,CTRL,NORMAL,2025-05-29T13:30:00,6.527,20.91,26.777
GH,CTRL,NORMAL,2025-05-30T12:30:00,3.356,16.298,18.62
GH,CTRL,NORMAL,2025-06-26T12:30:00,3.981,3.647,2.046
GH,TOP,NORMAL,2025-06-26T15:30:00,1.518,1.318,-0.409
GH,CTRL,NORMAL,2025-06-27T11:30:00,0.212,-1.274,-4.4
GH,CTRL,NORMAL,2025-06-30T10:30:00,-2.003,-3.582,-1.483
GH,CTRL,NORMAL,2025-07-01T09:30:00,-0.516,-4.155,-1.975
GH,CTRL,NORMAL,2025-07-01T15:30:00,-1.084,-1.137,2.425
GH,BOTTOM,NORMAL,2025-07-02T14:30:00,-1.72,1.512,-0.208
GH,TOP,NORMAL,2025-07-02T15:30:00,-0.628,0.837,1.066
GH,CTRL,NORMAL,2025-07-07T10:30:00,-0.382,3.276,2.191
GH,CTRL,NORMAL,2025-07-08T09:30:00,1.217,3.45,-1.7
GH,CTRL,NORMAL,2025-07-08T15:30:00,0.581,-1.122,-5.353
GH,CTRL,NORMAL,2025-07-09T14:30:00,0.62,-1.672,-6.129
GH,CTRL,NORMAL,2025-07-10T13:30:00,-1.982,-5.067,-7.401
GH,CTRL,NORMAL,2025-07-11T12:30:00,-1.587,-5.62,-8.498
GH,CTRL,NORMAL,2025-07-14T11:30:00,-1.66,-5.515,-8.119
GH,CTRL,NORMAL,2025-07-15T10:30:00,-3.55,-5.421,-7.403
GH,CTRL,NORMAL,2025-07-16T09:30:00,1.855,-3.295,-6.6
GH,CTRL,NORMAL,2025-07-16T15:30:00,-1.007,-4.502,-4.837
GH,CTRL,NORMAL,2025-09-23T09:30:00,-5.766,-1.511,1.98
GH,CTRL,NORMAL,2025-09-23T15:30:00,-3.498,0.418,4.586
GH,CTRL,NORMAL,2025-09-24T14:30:00,4.121,7.394,8.225
GH,CTRL,NORMAL,2025-09-25T13:30:00,-1.701,2.287,1.098
GH,CTRL,NORMAL,2025-09-26T12:30:00,3.719,5.132,5.561
GH,CTRL,NORMAL,2025-09-29T11:30:00,1.354,0.261,6.191
GH,CTRL,NORMAL,2025-09-30T10:30:00,0.097,0.347,1.08
GH,CTRL,NORMAL,2025-10-01T09:30:00,-3.085,2.149,2.72
GH,CTRL,NORMAL,2025-10-01T15:30:00,-1.883,1.133,4.229
GH,CTRL,NORMAL,2025-10-02T14:30:00,2.362,2.427,6.124
GH,BOTTOM,NORMAL,2025-10-02T15:30:00,2.179,3.204,6.131
GH,CTRL,NORMAL,2025-10-03T13:30:00,1.884,3.066,2.759
GH,CTRL,NORMAL,2025-10-06T12:30:00,-3.429,1.526,-3.907
GH,CTRL,NORMAL,2025-10-07T11:30:00,5.324,3.579,-0.376
GH,CTRL,NORMAL,2025-10-08T10:30:00,1.031,-4.618,-0.485
GH,CTRL,NORMAL,2025-10-09T09:30:00,0.62,-4.881,3.504
GH,CTRL,NORMAL,2025-10-09T15:30:00,-1.624,-4.107,3.379
GH,CTRL,NORMAL,2025-10-10T14:30:00,-3.492,0.156,1.777
GH,CTRL,NORMAL,2025-10-13T13:30:00,1.778,7.981,11.617
GH,CTRL,NORMAL,2025-10-14T12:30:00,1.748,2.407,9.003
GH,CTRL,NORMAL,2025-10-15T11:30:00,3.094,4.987,4.741
GH,CTRL,NORMAL,2025-10-16T10:30:00,-3.756,3.703,1.162
GH,CTRL,NORMAL,2025-10-17T09:30:00,2.242,2.718,7.331
GH,CTRL,NORMAL,2025-10-17T15:30:00,7.241,3.926,10.235
GH,CTRL,NORMAL,2025-10-20T14:30:00,-2.242,-0.685,1.074
GH,CTRL,NORMAL,2025-10-21T13:30:00,-0.362,5.676,3.742
GH,CTRL,NORMAL,2025-10-22T12:30:00,2.07,4.974,5.92
GH,CTRL,NORMAL,2025-10-23T11:30:00,5.895,3.614,38.839
GH,BOTTOM,NORMAL,2025-10-23T14:30:00,3.906,2.156,31.69
GH,CTRL,NORMAL,2025-10-24T10:30:00,-2.048,-1.425,25.017
GH,CTRL,NORMAL,2025-10-27T09:30:00,-2.812,30.61,31.135
GH,CTRL,NORMAL,2025-10-27T15:30:00,-1.792,30.92,39.613
GH,CTRL,NORMAL,2025-10-28T14:30:00,1.784,30.488,41.326
GH,CTRL,NORMAL,2025-10-29T13:30:00,28.184,35.066,28.622
GH,CTRL,PARABOLIC,2025-10-30T12:30:00,0.389,5.979,1.408
GH,CTRL,PARABOLIC,2025-10-31T11:30:00,4.12,1.635,2.343
GH,CTRL,PARABOLIC,2025-11-03T10:30:00,2.476,-5.287,1.885
GH,CTRL,PARABOLIC,2025-11-04T09:30:00,-8.189,-2.769,0.54
GH,BOTTOM,PARABOLIC,2025-11-04T14:30:00,-4.838,-3.611,-1.307
GH,CTRL,PARABOLIC,2025-11-04T15:30:00,-3.2,-1.457,-0.459
GH,CTRL,PARABOLIC,2025-11-05T14:30:00,2.135,3.821,3.044
GH,CTRL,PARABOLIC,2025-11-06T13:30:00,-0.888,2.455,-1.41
GH,CTRL,PARABOLIC,2025-11-07T12:30:00,3.205,2.805,-0.344
GH,CTRL,PARABOLIC,2025-11-10T11:30:00,-0.89,-2.354,-1.917
GH,CTRL,PARABOLIC,2025-11-11T10:30:00,-1.004,-2.23,-0.737
GH,BOTTOM,PARABOLIC,2025-11-11T14:30:00,-0.642,-3.633,-2.222
GH,CTRL,PARABOLIC,2025-11-12T09:30:00,-2.615,-2.947,0.152
GH,CTRL,PARABOLIC,2025-11-12T15:30:00,-3.733,-1.344,1.82
GH,CTRL,PARABOLIC,2025-11-13T14:30:00,-0.419,1.039,7.315
GH,CTRL,PARABOLIC,2025-11-14T13:30:00,1.826,4.517,13.95
GH,CTRL,PARABOLIC,2025-11-17T12:30:00,0.373,8.142,14.126
GH,CTRL,PARABOLIC,2025-11-18T11:30:00,3.087,11.237,15.504
GH,BOTTOM,PARABOLIC,2025-11-18T14:30:00,4.393,11.079,13.825
GH,CTRL,PARABOLIC,2025-11-19T10:30:00,9.3,11.523,8.622
GH,CTRL,PARABOLIC,2025-11-20T09:30:00,-5.858,1.347,-0.948
GH,CTRL,PARABOLIC,2025-11-20T15:30:00,5.108,8.431,5.243
GH,CTRL,PARABOLIC,2025-11-21T14:30:00,4.536,1.412,-1.999
GH,CTRL,PARABOLIC,2025-11-24T13:30:00,-0.419,-3.819,-5.568
GH,CTRL,PARABOLIC,2025-11-25T12:30:00,-3.431,-4.36,-1.583
GH,CTRL,PARABOLIC,2025-11-26T11:30:00,1.441,-2.775,1.586
GH,CTRL,PARABOLIC,2025-11-28T10:30:00,-1.602,-1.997,-6.371
GH,CTRL,NORMAL,2025-12-01T13:30:00,-0.846,3.784,0.504
GH,CTRL,NORMAL,2025-12-02T12:30:00,2.026,-1.905,-2.282
GH,TOP,NORMAL,2025-12-02T14:30:00,0.851,-3.651,-2.279
GH,CTRL,NORMAL,2025-12-03T11:30:00,2.747,0.151,-0.685
GH,CTRL,NORMAL,2025-12-04T10:30:00,-4.051,-5.934,-6.673
GH,CTRL,NORMAL,2025-12-05T09:30:00,-2.33,-3.347,-5.166
GH,CTRL,NORMAL,2025-12-05T15:30:00,2.097,0.519,0.02
GH,CTRL,NORMAL,2025-12-08T14:30:00,-3.342,-3.843,-2.278
GH,CTRL,NORMAL,2025-12-09T13:30:00,1.662,-1.875,-3.711
GH,CTRL,NORMAL,2025-12-10T12:30:00,-3.526,-1.207,-5.95
GH,CTRL,NORMAL,2025-12-11T11:30:00,-0.471,-2.818,-4.12
GH,TOP,NORMAL,2025-12-11T12:30:00,0.688,-2.344,-3.789
GH,CTRL,NORMAL,2025-12-12T10:30:00,3.47,-2.556,-1.656
GH,CTRL,NORMAL,2025-12-15T09:30:00,-2.338,-2.896,-0.858
GH,CTRL,NORMAL,2025-12-15T15:30:00,-2.553,-5.38,-1.286
GH,CTRL,NORMAL,2025-12-16T14:30:00,-3.138,-1.219,1.596
GH,CTRL,NORMAL,2025-12-17T13:30:00,0.103,4.097,6.985
GH,CTRL,NORMAL,2025-12-18T12:30:00,2.344,5.609,4.935
GH,TOP,NORMAL,2025-12-18T15:30:00,2.74,5.582,4.81
GH,CTRL,NORMAL,2025-12-19T11:30:00,1.756,3.252,1.762
GH,CTRL,NORMAL,2025-12-22T10:30:00,0.425,2.283,-0.306
GH,CTRL,NORMAL,2025-12-23T09:30:00,1.09,-0.01,0.511
GH,BOTTOM,NORMAL,2025-12-23T14:30:00,1.337,-1.903,-0.493
GH,CTRL,NORMAL,2025-12-23T15:30:00,1.112,-1.936,-1.566
GH,CTRL,NORMAL,2025-12-26T11:30:00,-2.234,-1.358,-1.603
GH,CTRL,NORMAL,2025-12-29T10:30:00,-1.188,-0.579,6.615
GH,CTRL,NORMAL,2025-12-30T09:30:00,1.572,-1.368,11.4
GH,CTRL,NORMAL,2025-12-30T15:30:00,1.486,1.222,9.242
GH,CTRL,NORMAL,2025-12-31T14:30:00,-0.547,9.209,5.098
GH,CTRL,NORMAL,2026-01-02T13:30:00,0.423,7.616,7.98
GH,CTRL,NORMAL,2026-01-14T11:30:00,2.749,4.708,10.131
GH,BOTTOM,NORMAL,2026-01-14T14:30:00,3.534,4.453,7.659
GH,CTRL,NORMAL,2026-01-15T10:30:00,2.227,1.369,6.271
GH,CTRL,NORMAL,2026-01-16T09:30:00,0.223,6.213,3.65
GH,CTRL,NORMAL,2026-01-16T15:30:00,2.443,4.548,2.426
GH,CTRL,NORMAL,2026-01-20T14:30:00,1.458,1.979,0.795
GH,CTRL,NORMAL,2026-01-21T13:30:00,3.247,-0.098,-3.144
GH,CTRL,NORMAL,2026-01-22T12:30:00,-2.652,-3.435,-9.026
GH,CTRL,NORMAL,2026-01-23T11:30:00,0.841,-2.965,-0.442
GH,BOTTOM,NORMAL,2026-01-23T14:30:00,-0.671,-4.358,-0.104
GH,CTRL,NORMAL,2026-01-26T10:30:00,0.35,-6.462,-2.686
GH,CTRL,NORMAL,2026-01-27T09:30:00,-4.752,-5.543,-10.049
GH,CTRL,NORMAL,2026-01-27T15:30:00,-4.114,-0.227,-11.301
GH,CTRL,NORMAL,2026-01-28T14:30:00,-0.276,-2.437,-11.345
GH,CTRL,NORMAL,2026-01-29T13:30:00,4.911,-3.039,-7.01
GH,CTRL,NORMAL,2026-02-02T14:30:00,-2.109,-13.292,-7.949
GH,CTRL,NORMAL,2026-02-03T13:30:00,-8.394,-10.653,-6.614
GH,CTRL,NORMAL,2026-02-04T12:30:00,-3.461,0.622,-0.258
GH,CTRL,NORMAL,2026-02-05T11:30:00,0.948,5.815,0.599
GH,CTRL,NORMAL,2026-02-06T10:30:00,5.583,0.794,4.198
GH,CTRL,NORMAL,2026-02-09T09:30:00,2.363,1.246,1.438
GH,CTRL,NORMAL,2026-02-09T15:30:00,-0.294,-2.487,1.576
GH,CTRL,NORMAL,2026-04-15T12:30:00,-0.088,7.363,4.656
GH,CTRL,NORMAL,2026-04-16T11:30:00,5.171,6.784,-0.088
GH,CTRL,NORMAL,2026-05-19T12:30:00,13.817,23.272,30.196
GH,CTRL,NORMAL,2026-05-20T11:30:00,10.138,11.706,21.587
GH,CTRL,NORMAL,2026-05-21T10:30:00,-2.496,2.309,9.039
GH,CTRL,NORMAL,2026-05-22T09:30:00,1.385,10.427,6.697
GH,CTRL,NORMAL,2026-05-22T15:30:00,0.748,11.955,8.609
GH,BOTTOM,NORMAL,2026-05-26T14:30:00,5.888,7.82,9.305
GH,CTRL,PARABOLIC,2026-05-27T13:30:00,3.517,0.843,2.162
GH,CTRL,PARABOLIC,2026-05-28T12:30:00,-0.273,-0.923,0.1
GH,CTRL,PARABOLIC,2026-05-29T11:30:00,-1.114,-1.079,-1.659
GH,CTRL,PARABOLIC,2026-06-01T10:30:00,-0.615,1.544,-1.199
GH,CTRL,PARABOLIC,2026-06-02T09:30:00,-0.055,0.273,-0.976
GH,CTRL,PARABOLIC,2026-06-02T15:30:00,-2.397,-3.611,-0.096
GH,CTRL,NORMAL,2026-06-03T14:30:00,4.52,-1.646,1.784
GH,CTRL,PARABOLIC,2026-06-04T13:30:00,-4.532,-3.344,-0.488
GH,CTRL,NORMAL,2026-06-05T12:30:00,0.519,2.57,3.096
GH,CTRL,NORMAL,2026-06-08T11:30:00,-2.625,3.788,3.682
GH,CTRL,NORMAL,2026-06-09T10:30:00,7.191,6.968,6.724
GH,CTRL,NORMAL,2026-06-10T09:30:00,-2.39,-2.42,-3.962
GH,CTRL,NORMAL,2026-06-10T15:30:00,0.302,-0.682,-1.103
GH,CTRL,NORMAL,2026-06-11T14:30:00,-0.639,-2.997,-0.352
GH,CTRL,NORMAL,2026-06-12T13:30:00,-0.46,-0.682,-1.173
GH,BOTTOM,NORMAL,2026-06-12T14:30:00,-0.255,-1.9,-2.068
GH,CTRL,NORMAL,2026-06-15T12:30:00,1.275,0.632,2.796
GH,CTRL,NORMAL,2026-06-16T11:30:00,-1.03,-3.081,5.858
GH,CTRL,NORMAL,2026-06-17T10:30:00,0.984,2.745,11.004
GH,CTRL,NORMAL,2026-06-18T09:30:00,-4.311,5.034,13.53
GH,CTRL,NORMAL,2026-06-18T15:30:00,-2.351,3.898,13.233
GH,CTRL,NORMAL,2026-06-22T14:30:00,2.792,11.176,18.961
GH,CTRL,NORMAL,2026-06-23T13:30:00,5.775,13.562,13.164
GH,CTRL,NORMAL,2026-06-24T12:30:00,1.166,7.044,19.748
GH,CTRL,NORMAL,2026-06-25T11:30:00,5.894,6.424,19.388
GH,BOTTOM,NORMAL,2026-06-25T13:30:00,6.439,6.065,19.376
GH,CTRL,PARABOLIC,2026-06-26T10:30:00,0.989,7.968,14.425
GH,CTRL,PARABOLIC,2026-06-29T09:30:00,-0.377,10.822,10.785
GH,CTRL,PARABOLIC,2026-06-29T15:30:00,-2.407,9.289,5.978
GH,CTRL,NORMAL,2026-06-30T14:30:00,13.404,11.925,4.201
GH,CTRL,PARABOLIC,2026-07-01T13:30:00,-0.359,-1.9,-2.389
GH,CTRL,PARABOLIC,2026-07-02T12:30:00,1.682,-6.042,-6.07
GH,CTRL,PARABOLIC,2026-07-06T11:30:00,-1.605,-3.204,-7.166
GH,CTRL,PARABOLIC,2026-07-07T10:30:00,-6.083,-5.88,-3.926
GH,CTRL,NORMAL,2026-07-08T09:30:00,5.725,0.041,2.171
GH,CTRL,NORMAL,2026-07-08T15:30:00,5.079,1.518,4.368
GH,CTRL,PARABOLIC,2026-07-09T14:30:00,-4.083,-3.577,-5.848
GH,CTRL,NORMAL,2026-07-10T13:30:00,-0.897,2.389,-1.47
GH,CTRL,NORMAL,2026-07-13T12:30:00,2.067,0.823,
GH,CTRL,NORMAL,2026-07-14T11:30:00,0.155,-3.628,
GH,BOTTOM,NORMAL,2026-07-14T13:30:00,2.431,-1.43,
GH,TOP,NORMAL,2026-07-14T15:30:00,1.79,-2.633,
GH,CTRL,NORMAL,2026-07-15T10:30:00,-2.217,,
GH,CTRL,NORMAL,2026-07-16T09:30:00,-6.355,,
GH,CTRL,NORMAL,2026-07-16T15:30:00,0.561,,
GH,CTRL,NORMAL,2026-07-17T14:30:00,,,
LLY,CTRL,NORMAL,2024-09-13T12:30:00,-0.609,-2.444,-0.078
LLY,CTRL,NORMAL,2024-09-16T11:30:00,-1.852,-1.897,-0.966
LLY,CTRL,NORMAL,2024-09-17T10:30:00,-0.536,2.133,0.81
LLY,CTRL,NORMAL,2024-09-18T09:30:00,0.147,1.225,2.246
LLY,BOTTOM,NORMAL,2024-09-18T12:30:00,0.254,0.58,1.926
LLY,CTRL,NORMAL,2024-09-18T15:30:00,1.2,1.588,2.234
LLY,CTRL,NORMAL,2024-09-19T14:30:00,1.407,0.823,-0.564
LLY,CTRL,PARABOLIC,2025-11-17T11:30:00,0.486,1.397,3.412
LLY,CTRL,PARABOLIC,2025-11-18T10:30:00,1.262,1.578,5.521
LLY,CTRL,PARABOLIC,2025-11-19T09:30:00,0.745,2.634,5.997
LLY,BOTTOM,PARABOLIC,2025-11-19T14:30:00,-0.401,1.3,5.3
LLY,CTRL,PARABOLIC,2025-11-19T15:30:00,-0.655,1.682,5.232
LLY,CTRL,PARABOLIC,2025-11-20T14:30:00,1.348,5.829,1.541
LLY,CTRL,PARABOLIC,2025-11-21T13:30:00,0.158,3.968,-0.245
LLY,CTRL,PARABOLIC,2025-11-24T12:30:00,3.409,0.363,-2.505
LLY,CTRL,PARABOLIC,2025-11-25T11:30:00,0.429,-3.878,-6.107
LLY,CTRL,PARABOLIC,2025-11-26T10:30:00,-2.692,-5.292,-8.171
LLY,CTRL,PARABOLIC,2025-11-28T09:30:00,-2.147,-3.804,-6.465
LLY,CTRL,PARABOLIC,2025-12-01T12:30:00,-0.845,-4.465,-6.593
LLY,CTRL,PARABOLIC,2025-12-02T11:30:00,-1.935,-4.355,-6.021
LLY,CTRL,PARABOLIC,2025-12-03T10:30:00,-2.706,-4.341,-4.765
LLY,CTRL,NORMAL,2025-12-04T09:30:00,-0.465,-1.789,0.703
LLY,CTRL,NORMAL,2025-12-04T15:30:00,-0.444,-3.167,-0.506
LLY,TOP,NORMAL,2025-12-05T14:30:00,-0.9,-1.009,1.719
LLY,CTRL,NORMAL,2025-12-08T13:30:00,-0.202,1.946,6.595
LLY,CTRL,NORMAL,2025-12-09T12:30:00,-0.027,2.896,4.648
LLY,CTRL,NORMAL,2025-12-10T11:30:00,2.8,6.446,6.309
LLY,CTRL,NORMAL,2025-12-11T10:30:00,-1.014,2.02,3.228
LLY,CTRL,NORMAL,2025-12-12T09:30:00,2.804,3.547,4.251
LLY,CTRL,NORMAL,2025-12-12T15:30:00,3.34,1.348,4.163
LLY,CTRL,PARABOLIC,2025-12-15T14:30:00,-1.467,0.024,1.119
LLY,CTRL,NORMAL,2025-12-16T13:30:00,-0.294,2.318,2.655
LLY,BOTTOM,NORMAL,2025-12-17T10:30:00,0.994,1.358,2.432
LLY,CTRL,NORMAL,2025-12-17T12:30:00,1.798,1.627,2.032
LLY,CTRL,NORMAL,2025-12-18T11:30:00,0.823,0.94,1.518
LLY,CTRL,NORMAL,2025-12-19T10:30:00,0.057,1.118,1.746
LLY,CTRL,NORMAL,2025-12-22T09:30:00,0.788,0.55,1.035
LLY,CTRL,NORMAL,2025-12-22T15:30:00,-0.471,0.677,0.239
LLY,CTRL,NORMAL,2025-12-23T14:30:00,0.304,0.602,-0.101
LLY,CTRL,NORMAL,2025-12-26T10:30:00,0.593,0.399,-3.096
LLY,CTRL,NORMAL,2025-12-29T09:30:00,-0.172,-1.09,-1.389
LLY,CTRL,NORMAL,2025-12-29T15:30:00,0.053,0.081,-1.439
LLY,TOP,NORMAL,2025-12-30T11:30:00,0.275,-3.442,2.929
LLY,CTRL,NORMAL,2025-12-30T14:30:00,-0.528,-3.788,2.005
LLY,CTRL,NORMAL,2026-01-15T09:30:00,1.859,4.821,5.88
LLY,CTRL,NORMAL,2026-01-15T15:30:00,0.582,4.491,3.038
LLY,CTRL,NORMAL,2026-01-16T14:30:00,0.445,4.889,2.377
LLY,TOP,NORMAL,2026-01-20T10:30:00,2.485,3.395,2.078
LLY,CTRL,NORMAL,2026-01-20T13:30:00,3.207,3.153,0.588
LLY,CTRL,NORMAL,2026-01-21T12:30:00,1.228,-1.178,-6.503
LLY,CTRL,NORMAL,2026-01-22T11:30:00,-1.4,-2.512,-5.666
LLY,CTRL,NORMAL,2026-02-27T14:30:00,-2.303,-3.437,-5.365
LLY,CTRL,NORMAL,2026-03-02T13:30:00,-2.127,-5.519,-2.96
LLY,CTRL,NORMAL,2026-03-03T12:30:00,-0.108,-1.904,0.23
LLY,CTRL,NORMAL,2026-03-04T11:30:00,-3.019,0.024,-0.572
LLY,TOP,NORMAL,2026-03-04T14:30:00,-3.004,-0.39,-1.13
LLY,CTRL,NORMAL,2026-03-05T10:30:00,0.34,3.483,0.983
LLY,CTRL,NORMAL,2026-03-06T09:30:00,1.276,1.968,1.944
LLY,CTRL,NORMAL,2026-03-06T15:30:00,1.879,0.987,-0.437
LLY,CTRL,NORMAL,2026-03-09T14:30:00,-0.095,-2.562,-1.56
LLY,CTRL,NORMAL,2026-03-10T13:30:00,-0.655,-1.632,-7.056
LLY,CTRL,NORMAL,2026-03-11T12:30:00,-2.271,-1.148,-8.678
LLY,CTRL,PARABOLIC,2026-06-04T13:30:00,1.434,2.035,3.279
LLY,CTRL,PARABOLIC,2026-06-05T12:30:00,0.951,-0.699,-0.257
LLY,CTRL,PARABOLIC,2026-06-08T11:30:00,-1.304,0.118,-2.714
LLY,CTRL,PARABOLIC,2026-06-09T10:30:00,0.441,-0.567,-2.52
LLY,CTRL,PARABOLIC,2026-06-10T09:30:00,-0.327,-2.395,-3.724
LLY,TOP,PARABOLIC,2026-06-10T15:30:00,2.085,-0.522,-2.193
LLY,CTRL,PARABOLIC,2026-06-11T14:30:00,-2.688,-4.084,-5.843
LLY,CTRL,PARABOLIC,2026-06-12T13:30:00,-1.236,-2.253,-2.928
LLY,CTRL,NORMAL,2026-06-15T12:30:00,-0.108,-2.469,-2.2
LLY,CTRL,NORMAL,2026-06-16T11:30:00,-1.279,-1.748,-1.77
LLY,TOP,NORMAL,2026-06-16T14:30:00,-0.796,-1.497,-0.517
LLY,CTRL,NORMAL,2026-06-17T10:30:00,-2.314,-1.837,1.694
LLY,CTRL,NORMAL,2026-06-18T09:30:00,-0.138,1.122,8.307
LLY,CTRL,NORMAL,2026-06-18T15:30:00,0.516,1.815,9.876
LLY,CTRL,NORMAL,2026-06-22T14:30:00,0.718,2.766,11.483
LLY,CTRL,NORMAL,2026-06-23T13:30:00,0.209,8.922,9.13
LLY,CTRL,NORMAL,2026-06-24T12:30:00,1.835,9.918,7.057
LLY,CTRL,NORMAL,2026-06-25T11:30:00,6.105,7.027,6.959
LLY,CTRL,PARABOLIC,2026-06-26T10:30:00,1.472,-0.325,1.109
LLY,CTRL,PARABOLIC,2026-06-29T09:30:00,-2.597,0.091,1.31
LLY,CTRL,PARABOLIC,2026-06-29T15:30:00,-2.414,-1.511,0.536
LLY,BOTTOM,PARABOLIC,2026-06-30T14:30:00,-2.099,-0.448,0.501
LLY,CTRL,PARABOLIC,2026-07-01T13:30:00,2.525,4.52,2.731
LLY,CTRL,PARABOLIC,2026-07-02T12:30:00,0.122,1.493,-1.914
LLY,CTRL,PARABOLIC,2026-07-06T11:30:00,2.314,0.174,-1.197
LLY,CTRL,PARABOLIC,2026-07-07T10:30:00,-0.589,-3.8,-6.559
LLY,CTRL,NORMAL,2026-07-08T09:30:00,-0.748,-3.772,-7.157
LLY,BOTTOM,NORMAL,2026-07-08T14:30:00,-0.276,-2.389,-5.07
LLY,CTRL,NORMAL,2026-07-08T15:30:00,0.068,-2.552,-4.874
LLY,CTRL,NORMAL,2026-07-09T14:30:00,-1.778,-4.887,-3.815
LLY,CTRL,NORMAL,2026-07-10T13:30:00,0.089,-2.49,-1.058
LLY,CTRL,NORMAL,2026-07-13T12:30:00,-2.795,-1.534,
LLY,TOP,NORMAL,2026-07-13T14:30:00,-2.827,-1.733,
LLY,CTRL,NORMAL,2026-07-14T11:30:00,-1.078,2.321,
LLY,CTRL,NORMAL,2026-07-15T10:30:00,4.049,,
LLY,CTRL,NORMAL,2026-07-16T09:30:00,0.688,,
LLY,CTRL,NORMAL,2026-07-16T15:30:00,0.759,,
LLY,CTRL,NORMAL,2026-07-17T14:30:00,,,
NTRA,CTRL,NORMAL,2024-09-13T12:30:00,2.275,0.921,-1.138
NTRA,CTRL,NORMAL,2024-09-16T11:30:00,-3.579,-1.413,-5.335
NTRA,BOTTOM,NORMAL,2024-09-16T13:30:00,-1.942,-1.631,-4.208
NTRA,CTRL,NORMAL,2024-09-17T10:30:00,-1.75,-3.761,-5.672
NTRA,CTRL,NORMAL,2024-09-18T09:30:00,0.516,-1.362,-2.918
NTRA,CTRL,NORMAL,2024-09-18T15:30:00,-0.043,-2.895,-1.621
NTRA,CTRL,NORMAL,2024-09-19T14:30:00,-0.133,-4.056,-3.463
NTRA,CTRL,NORMAL,2024-09-20T13:30:00,-0.868,-1.182,-0.673
NTRA,CTRL,NORMAL,2024-09-23T12:30:00,-2.215,-2.647,1.974
NTRA,TOP,NORMAL,2024-09-23T13:30:00,-1.578,-1.747,2.313
NTRA,CTRL,NORMAL,2024-09-24T11:30:00,0.681,1.508,1.901
NTRA,CTRL,NORMAL,2024-09-25T10:30:00,-0.485,3.885,5.254
NTRA,CTRL,NORMAL,2024-09-26T09:30:00,-0.008,0.633,3.544
NTRA,CTRL,NORMAL,2024-09-26T15:30:00,1.47,2.648,1.962
NTRA,CTRL,NORMAL,2024-09-27T14:30:00,1.855,4.078,3.054
NTRA,CTRL,NORMAL,2024-09-30T13:30:00,-1.401,0.318,1.562
NTRA,CTRL,NORMAL,2024-10-01T12:30:00,3.918,2.565,5.31
NTRA,CTRL,NORMAL,2024-10-02T11:30:00,-0.597,-0.605,-1.264
NTRA,CTRL,NORMAL,2024-10-03T10:30:00,-0.613,1.854,-1.528
NTRA,CTRL,NORMAL,2024-10-04T09:30:00,0.84,1.593,-0.668
NTRA,CTRL,NORMAL,2024-10-04T15:30:00,-1.179,-1.764,0.185
NTRA,BOTTOM,NORMAL,2024-10-07T14:30:00,3.689,-1.78,3.764
NTRA,CTRL,NORMAL,2024-10-08T13:30:00,-2.951,-0.708,-2.561
NTRA,CTRL,NORMAL,2024-10-09T12:30:00,-1.682,2.733,-2.328
NTRA,CTRL,NORMAL,2024-10-10T11:30:00,4.001,2.179,-1.462
NTRA,CTRL,NORMAL,2024-10-11T10:30:00,0.292,-4.708,-5.794
NTRA,CTRL,NORMAL,2024-10-14T09:30:00,-0.392,-3.327,-7.808
NTRA,CTRL,NORMAL,2024-10-14T15:30:00,-2.169,-7.175,-8.631
NTRA,CTRL,NORMAL,2024-10-15T14:30:00,-2.121,-5.102,-6.926
NTRA,CTRL,NORMAL,2024-10-16T13:30:00,-1.162,-3.792,-5.478
NTRA,CTRL,NORMAL,2024-10-17T12:30:00,-1.258,-3.812,-4.443
NTRA,TOP,NORMAL,2024-10-17T14:30:00,-0.873,-2.778,-3.817
NTRA,CTRL,NORMAL,2024-10-18T11:30:00,-2.367,-2.531,-2.698
NTRA,CTRL,NORMAL,2024-10-21T10:30:00,0.303,0.261,-0.531
NTRA,CTRL,NORMAL,2024-10-22T09:30:00,-0.388,-0.242,1.717
NTRA,CTRL,NORMAL,2024-10-22T15:30:00,-1.051,-1.935,4.019
NTRA,CTRL,NORMAL,2024-10-23T14:30:00,-0.134,0.672,6.881
NTRA,CTRL,NORMAL,2024-10-24T13:30:00,-0.408,5.721,2.183
NTRA,CTRL,NORMAL,2024-10-25T12:30:00,-0.16,6.055,3.07
NTRA,CTRL,NORMAL,2024-10-28T11:30:00,4.416,3.868,4.644
NTRA,CTRL,NORMAL,2024-10-29T10:30:00,2.067,-0.405,0.19
NTRA,CTRL,NORMAL,2024-10-30T09:30:00,-0.355,-1.307,0.112
NTRA,CTRL,NORMAL,2024-10-30T15:30:00,-4.542,-2.612,0.221
NTRA,CTRL,NORMAL,2024-10-31T14:30:00,2.121,2.897,7.412
NTRA,CTRL,NORMAL,2024-11-01T13:30:00,0.285,2.406,8.71
NTRA,CTRL,NORMAL,2025-01-21T11:30:00,6.656,5.989,2.081
NTRA,CTRL,NORMAL,2025-01-22T10:30:00,0.216,-2.614,-2.626
NTRA,CTRL,NORMAL,2025-01-23T09:30:00,1.519,-1.687,1.237
NTRA,CTRL,NORMAL,2025-01-23T15:30:00,-2.461,-2.231,2.554
NTRA,CTRL,NORMAL,2025-01-24T14:30:00,-2.866,0.128,5.173
NTRA,CTRL,NORMAL,2025-01-27T13:30:00,0.648,7.57,7.616
NTRA,CTRL,NORMAL,2025-01-28T12:30:00,0.943,8.151,5.128
NTRA,CTRL,NORMAL,2025-01-29T11:30:00,5.092,6.601,6.364
NTRA,CTRL,NORMAL,2025-01-30T10:30:00,3.958,0.619,2.466
NTRA,CTRL,NORMAL,2025-01-31T09:30:00,-1.933,-2.153,-3.289
NTRA,CTRL,NORMAL,2025-01-31T15:30:00,-0.184,0.014,-2.393
NTRA,BOTTOM,NORMAL,2025-02-03T14:30:00,-1.693,-1.348,-2.701
NTRA,CTRL,NORMAL,2025-02-04T13:30:00,2.426,-0.395,-2.952
NTRA,CTRL,NORMAL,2025-02-05T12:30:00,0.089,-2.093,-3.28
NTRA,CTRL,NORMAL,2025-02-06T11:30:00,-2.386,-5.72,-4.721
NTRA,CTRL,NORMAL,2025-05-16T14:30:00,0.288,-1.12,0.252
NTRA,CTRL,NORMAL,2025-05-19T13:30:00,0.49,0.157,2.661
NTRA,BOTTOM,NORMAL,2025-05-19T14:30:00,0.842,0.317,2.644
NTRA,CTRL,NORMAL,2025-05-20T12:30:00,-1.22,0.714,3.632
NTRA,CTRL,NORMAL,2025-05-21T11:30:00,-0.186,2.429,3.846
NTRA,CTRL,NORMAL,2025-05-22T10:30:00,-0.47,2.583,2.459
NTRA,CTRL,NORMAL,2025-05-23T09:30:00,4.772,6.903,4.576
NTRA,CTRL,NORMAL,2025-05-23T15:30:00,2.683,3.166,4.915
NTRA,CTRL,NORMAL,2025-05-27T14:30:00,2.646,-0.496,2.793
NTRA,CTRL,NORMAL,2025-05-28T13:30:00,-0.568,0.76,6.029
NTRA,CTRL,NORMAL,2025-05-29T12:30:00,-2.089,2.316,5.705
NTRA,CTRL,NORMAL,2025-05-30T11:30:00,3.097,7.355,7.232
NTRA,CTRL,NORMAL,2025-06-02T10:30:00,0.877,5.132,2.994
NTRA,CTRL,NORMAL,2025-06-03T09:30:00,2.983,4.542,3.44
NTRA,CTRL,NORMAL,2025-06-03T15:30:00,4.438,2.28,3.142
NTRA,CTRL,NORMAL,2025-06-04T14:30:00,-1.827,-1.988,-1.196
NTRA,CTRL,NORMAL,2025-06-05T13:30:00,-0.464,-1.591,-1.744
NTRA,BOTTOM,NORMAL,2025-06-06T12:30:00,-0.781,0.514,-0.477
NTRA,CTRL,NORMAL,2025-06-09T11:30:00,-0.204,-0.778,1.227
NTRA,CTRL,NORMAL,2025-06-10T10:30:00,1.163,1.169,1.419
NTRA,CTRL,NORMAL,2025-06-11T09:30:00,-0.497,-0.22,2.253
NTRA,CTRL,NORMAL,2025-06-11T15:30:00,-1.475,0.827,2.44
NTRA,CTRL,NORMAL,2025-06-12T14:30:00,0.246,1.414,4.558
NTRA,CTRL,NORMAL,2025-06-13T13:30:00,2.226,4.072,4.221
NTRA,CTRL,NORMAL,2025-06-16T12:30:00,-0.882,2.2,1.83
NTRA,CTRL,NORMAL,2025-06-17T11:30:00,1.9,1.372,0.072
NTRA,BOTTOM,NORMAL,2025-06-17T15:30:00,1.975,1.576,-2.065
NTRA,CTRL,NORMAL,2025-06-18T10:30:00,1.658,0.78,-2.273
NTRA,CTRL,NORMAL,2025-06-20T09:30:00,0.422,-1.313,-2.204
NTRA,CTRL,NORMAL,2025-06-20T15:30:00,-0.966,-4.515,-2.24
NTRA,CTRL,NORMAL,2025-06-23T14:30:00,0.233,-2.385,-1.08
NTRA,CTRL,NORMAL,2025-06-24T13:30:00,-1.542,-1.869,-6.11
NTRA,CTRL,NORMAL,2025-06-25T12:30:00,-1.878,-0.056,-4.875
NTRA,CTRL,NORMAL,2025-06-26T11:30:00,2.836,-2.757,-2.63
NTRA,CTRL,NORMAL,2025-06-27T10:30:00,0.19,-4.335,-5.263
NTRA,TOP,NORMAL,2025-06-30T09:30:00,-2.521,-3.615,-5.678
NTRA,BOTTOM,NORMAL,2025-06-30T13:30:00,-4.796,-5.353,-3.415
NTRA,CTRL,NORMAL,2025-06-30T15:30:00,-4.855,-5.157,-3.529
NTRA,CTRL,NORMAL,2025-07-01T14:30:00,-0.552,-2.882,0.556
NTRA,CTRL,NORMAL,2025-07-02T13:30:00,-0.097,1.948,0.61
NTRA,CTRL,NORMAL,2025-07-07T09:30:00,-2.044,-0.929,-0.081
NTRA,CTRL,NORMAL,2025-07-07T15:30:00,-0.139,2.993,-0.315
NTRA,CTRL,NORMAL,2025-07-08T14:30:00,2.167,1.819,-5.447
NTRA,CTRL,NORMAL,2025-07-09T13:30:00,-0.349,-3.378,-9.453
NTRA,CTRL,NORMAL,2025-07-10T12:30:00,-0.16,-7.344,-10.958
NTRA,CTRL,NORMAL,2025-07-11T11:30:00,-0.143,-7.767,-12.062
NTRA,CTRL,NORMAL,2025-07-14T10:30:00,-5.213,-9.162,-11.247
NTRA,CTRL,NORMAL,2025-07-15T09:30:00,-2.669,-7.112,-8.262
NTRA,CTRL,NORMAL,2025-07-15T15:30:00,-0.782,-7.128,-6.452
NTRA,CTRL,NORMAL,2025-07-16T14:30:00,-3.341,-5.241,-6.993
NTRA,CTRL,NORMAL,2025-07-17T13:30:00,-2.729,-3.191,-4.195
NTRA,TOP,NORMAL,2025-07-17T14:30:00,-2.807,-2.151,-2.591
NTRA,CTRL,NORMAL,2025-07-18T12:30:00,0.59,-1.784,-0.668
NTRA,CTRL,NORMAL,2025-07-21T11:30:00,-1.291,-2.432,-0.858
NTRA,CTRL,NORMAL,2025-07-22T10:30:00,-1.212,-0.289,-2.036
NTRA,CTRL,NORMAL,2025-07-23T09:30:00,0.435,0.604,-0.711
NTRA,CTRL,NORMAL,2025-07-23T15:30:00,2.453,0.145,2.322
NTRA,CTRL,NORMAL,2025-07-24T14:30:00,0.276,-2.029,-3.402
NTRA,CTRL,NORMAL,2025-07-25T13:30:00,1.256,0.428,-3.114
NTRA,CTRL,NORMAL,2025-07-28T12:30:00,-1.986,-2.364,-2.962
NTRA,CTRL,NORMAL,2025-07-29T11:30:00,1.246,-0.849,1.92
NTRA,CTRL,NORMAL,2025-07-30T10:30:00,-1.053,-3.311,-0.548
NTRA,CTRL,NORMAL,2025-07-31T09:30:00,-1.614,-0.836,1.251
NTRA,TOP,NORMAL,2025-07-31T13:30:00,-1.479,2.833,0.24
NTRA,CTRL,NORMAL,2025-07-31T15:30:00,0.711,4.788,5.82
NTRA,CTRL,NORMAL,2025-08-01T14:30:00,1.616,2.493,14.439
NTRA,CTRL,NORMAL,2025-08-04T13:30:00,3.15,0.549,15.22
NTRA,CTRL,NORMAL,2025-08-05T12:30:00,-2.661,10.9,14.684
NTRA,CTRL,NORMAL,2025-08-06T11:30:00,1.724,13.209,14.798
NTRA,BOTTOM,NORMAL,2025-08-07T10:30:00,13.551,15.697,12.741
NTRA,BOTTOM,NORMAL,2025-10-09T14:30:00,-2.231,1.656,4.026
NTRA,CTRL,NORMAL,2025-10-10T13:30:00,1.997,6.481,7.185
NTRA,CTRL,NORMAL,2025-10-13T12:30:00,1.731,5.211,12.586
NTRA,CTRL,NORMAL,2025-10-14T11:30:00,2.948,3.79,8.557
NTRA,CTRL,NORMAL,2025-10-15T10:30:00,2.424,10.518,5.061
NTRA,CTRL,NORMAL,2025-10-16T09:30:00,-1.339,1.487,3.827
NTRA,CTRL,NORMAL,2025-10-16T15:30:00,0.565,3.437,7.926
NTRA,BOTTOM,NORMAL,2025-10-17T14:30:00,5.416,3.877,6.55
NTRA,CTRL,NORMAL,2025-10-20T13:30:00,-2.716,-0.218,0.14
NTRA,CTRL,NORMAL,2025-10-21T12:30:00,-2.2,3.263,1.569
NTRA,CTRL,NORMAL,2025-10-22T11:30:00,3.004,3.388,4.303
NTRA,CTRL,NORMAL,2025-10-23T10:30:00,2.194,1.3,3.49
NTRA,CTRL,NORMAL,2025-10-24T09:30:00,-1.718,-0.604,1.308
NTRA,CTRL,NORMAL,2025-10-24T15:30:00,-0.174,0.156,3.366
NTRA,CTRL,NORMAL,2025-10-27T14:30:00,-1.118,0.863,2.82
NTRA,CTRL,NORMAL,2025-10-28T13:30:00,0.959,3.86,5.137
NTRA,CTRL,NORMAL,2025-10-29T12:30:00,0.27,2.202,2.022
NTRA,CTRL,NORMAL,2025-10-30T11:30:00,0.321,2.539,-0.137
NTRA,CTRL,NORMAL,2025-10-31T10:30:00,-0.751,0.45,-2.392
NTRA,BOTTOM,NORMAL,2025-10-31T14:30:00,0.545,1.56,1.417
NTRA,CTRL,NORMAL,2025-11-03T09:30:00,3.658,2.758,5.757
NTRA,CTRL,NORMAL,2025-11-03T15:30:00,-0.938,0.106,4.172
NTRA,CTRL,NORMAL,2025-11-04T14:30:00,0.624,0.482,5.076
NTRA,CTRL,NORMAL,2025-11-05T13:30:00,-0.27,5.263,4.772
NTRA,CTRL,NORMAL,2025-11-06T12:30:00,1.987,6.467,2.386
NTRA,CTRL,NORMAL,2025-11-07T11:30:00,5.813,6.428,3.894
NTRA,CTRL,NORMAL,2025-11-10T10:30:00,0.637,-0.75,0.545
NTRA,CTRL,NORMAL,2025-11-11T09:30:00,1.364,-3.041,-0.736
NTRA,CTRL,NORMAL,2025-11-11T15:30:00,1.305,-1.283,3.238
NTRA,CTRL,NORMAL,2025-11-12T14:30:00,-3.873,-2.317,4.531
NTRA,CTRL,NORMAL,2025-11-13T13:30:00,1.117,5.842,11.485
NTRA,CTRL,NORMAL,2025-11-14T12:30:00,1.298,5.84,14.72
NTRA,CTRL,NORMAL,2025-11-17T11:30:00,0.613,7.948,13.637
NTRA,CTRL,NORMAL,2025-11-18T10:30:00,4.05,9.742,13.912
NTRA,CTRL,NORMAL,2025-11-19T09:30:00,4.586,7.377,9.766
NTRA,CTRL,NORMAL,2025-11-19T15:30:00,3.311,9.25,8.568
NTRA,CTRL,PARABOLIC,2025-11-20T14:30:00,3.024,5.044,4.253
NTRA,CTRL,PARABOLIC,2025-11-21T13:30:00,1.22,1.211,-0.053
NTRA,CTRL,PARABOLIC,2025-11-24T12:30:00,-1.707,-0.29,-0.8
NTRA,BOTTOM,PARABOLIC,2025-11-24T14:30:00,0.065,-0.688,-0.56
NTRA,CTRL,PARABOLIC,2025-11-25T11:30:00,0.147,-1.571,0.092
NTRA,CTRL,PARABOLIC,2025-11-26T10:30:00,-1.269,-0.871,1.056
NTRA,CTRL,PARABOLIC,2025-11-28T09:30:00,-0.981,0.236,2.634
NTRA,CTRL,PARABOLIC,2025-12-01T12:30:00,0.674,2.759,1.897
NTRA,CTRL,PARABOLIC,2025-12-02T11:30:00,-0.055,2.586,-0.835
NTRA,TOP,PARABOLIC,2025-12-02T15:30:00,0.71,3.285,-0.435
NTRA,CTRL,PARABOLIC,2025-12-03T10:30:00,1.69,2.801,0.04
NTRA,CTRL,PARABOLIC,2025-12-04T09:30:00,1.002,-1.312,-3.502
NTRA,CTRL,PARABOLIC,2025-12-04T15:30:00,1.025,-2.613,-4.49
NTRA,CTRL,PARABOLIC,2025-12-05T14:30:00,-1.485,-3.756,-5.016
NTRA,CTRL,NORMAL,2025-12-08T13:30:00,-1.986,-4.328,-5.007
NTRA,CTRL,NORMAL,2025-12-09T12:30:00,-0.815,-2.572,-4.456
NTRA,CTRL,NORMAL,2025-12-10T11:30:00,-2.383,-3.174,-4.385
NTRA,CTRL,NORMAL,2025-12-11T10:30:00,-1.385,-1.407,-1.914
NTRA,CTRL,NORMAL,2025-12-12T09:30:00,0.555,0.022,0.018
NTRA,CTRL,NORMAL,2025-12-12T15:30:00,-1.56,-2.815,0.009
NTRA,TOP,NORMAL,2025-12-15T14:30:00,-0.394,-1.16,3.477
NTRA,CTRL,NORMAL,2025-12-16T13:30:00,-2.159,1.688,3.242
NTRA,CTRL,NORMAL,2025-12-17T12:30:00,1.037,5.678,4.397
NTRA,CTRL,NORMAL,2025-12-18T11:30:00,2.245,3.858,3.288
NTRA,CTRL,NORMAL,2025-12-19T10:30:00,2.595,2.033,0.959
NTRA,CTRL,NORMAL,2025-12-22T09:30:00,-0.412,-0.345,-1.886
NTRA,CTRL,NORMAL,2025-12-22T15:30:00,0.038,-1.906,-2.182
NTRA,CTRL,NORMAL,2025-12-23T14:30:00,-0.612,-3.128,-3.828
NTRA,CTRL,NORMAL,2025-12-26T10:30:00,-1.88,-1.894,-1.062
NTRA,BOTTOM,NORMAL,2025-12-26T11:30:00,-1.684,-1.757,-0.673
NTRA,CTRL,NORMAL,2025-12-29T09:30:00,-0.764,-2.054,5.652
NTRA,CTRL,NORMAL,2025-12-29T15:30:00,-0.568,-1.096,7.442
NTRA,CTRL,NORMAL,2026-01-14T10:30:00,0.338,-2.98,4.328
NTRA,BOTTOM,NORMAL,2026-01-14T14:30:00,1.494,-1.561,2.512
NTRA,CTRL,NORMAL,2026-01-15T09:30:00,-1.645,-0.762,3.718
NTRA,CTRL,NORMAL,2026-01-15T15:30:00,-3.79,1.019,0.491
NTRA,CTRL,NORMAL,2026-01-16T14:30:00,1.141,5.325,4.591
NTRA,CTRL,NORMAL,2026-01-20T13:30:00,3.555,3.683,2.457
NTRA,CTRL,NORMAL,2026-01-21T12:30:00,2.28,1.247,-1.743
NTRA,CTRL,NORMAL,2026-01-22T11:30:00,-2.236,-2.88,-7.307
NTRA,CTRL,NORMAL,2026-01-23T10:30:00,-0.234,-3.519,-6.374
NTRA,CTRL,NORMAL,2026-01-26T09:30:00,-1.431,-5.577,-7.243
NTRA,TOP,NORMAL,2026-01-26T15:30:00,-0.476,-4.145,-11.906
NTRA,CTRL,NORMAL,2026-01-27T14:30:00,-1.694,-3.567,-14.289
NTRA,CTRL,NORMAL,2026-01-28T13:30:00,-2.788,-4.113,-17.082
NTRA,CTRL,NORMAL,2026-04-17T09:30:00,2.967,2.055,-0.268
NTRA,CTRL,NORMAL,2026-04-17T15:30:00,-0.278,-0.374,-2.208
NTRA,CTRL,NORMAL,2026-04-20T14:30:00,-0.115,-4.314,-1.883
NTRA,CTRL,NORMAL,2026-04-21T13:30:00,-0.307,-0.748,-1.977
NTRA,CTRL,NORMAL,2026-04-22T12:30:00,-5.32,0.507,-5.953
NTRA,BOTTOM,NORMAL,2026-04-22T15:30:00,-3.006,-1.493,-6.19
NTRA,CTRL,NORMAL,2026-04-23T11:30:00,1.516,1.508,3.087
NTRA,TOP,NORMAL,2026-04-23T13:30:00,3.465,2.184,4.683
NTRA,CTRL,NORMAL,2026-04-24T10:30:00,1.9,-4.137,1.663
NTRA,CTRL,NORMAL,2026-04-27T09:30:00,-2.882,-2.77,1.325
NTRA,CTRL,NORMAL,2026-04-27T15:30:00,-2.122,0.934,3.56
NTRA,CTRL,NORMAL,2026-04-28T14:30:00,-3.594,2.837,2.169
NTRA,CTRL,NORMAL,2026-04-29T13:30:00,8.317,9.729,13.413
NTRA,CTRL,NORMAL,2026-04-30T12:30:00,1.748,0.933,3.606
NTRA,CTRL,NORMAL,2026-05-01T11:30:00,0.693,4.021,-3.978
NTRA,CTRL,NORMAL,2026-05-04T10:30:00,-0.414,3.959,-3.461
NTRA,CTRL,NORMAL,2026-05-05T09:30:00,1.335,-4.22,-2.861
NTRA,BOTTOM,NORMAL,2026-05-05T14:30:00,5.379,-5.369,-1.168
NTRA,CTRL,NORMAL,2026-05-05T15:30:00,3.923,-6.095,-1.343
NTRA,CTRL,NORMAL,2026-05-06T14:30:00,-1.467,-8.797,-10.225
NTRA,CTRL,NORMAL,2026-05-07T13:30:00,-8.003,-3.576,-6.183
NTRA,CTRL,NORMAL,2026-05-08T12:30:00,0.251,-1.246,-5.587
NTRA,CTRL,NORMAL,2026-05-11T11:30:00,-0.502,-1.613,-3.94
NTRA,CTRL,NORMAL,2026-05-12T10:30:00,-1.532,-8.092,-4.444
NTRA,CTRL,NORMAL,2026-05-13T09:30:00,0.192,-1.02,2.999
NTRA,CTRL,NORMAL,2026-05-13T15:30:00,0.845,-1.423,4.859
NTRA,CTRL,NORMAL,2026-05-14T14:30:00,-5.213,-0.76,2.019
NTRA,TOP,NORMAL,2026-05-15T10:30:00,3.931,9.361,9.522
NTRA,CTRL,NORMAL,2026-05-15T13:30:00,4.406,8.368,9.168
NTRA,CTRL,NORMAL,2026-05-18T12:30:00,0.347,4.119,3.133
NTRA,CTRL,NORMAL,2026-05-19T11:30:00,4.675,7.034,3.275
NTRA,CTRL,NORMAL,2026-05-20T10:30:00,1.956,-0.897,1.25
NTRA,CTRL,NORMAL,2026-05-21T09:30:00,0.347,-2.145,9.322
NTRA,BOTTOM,NORMAL,2026-05-21T14:30:00,0.582,0.79,8.789
NTRA,CTRL,NORMAL,2026-05-21T15:30:00,-0.162,-0.054,9.818
NTRA,CTRL,NORMAL,2026-06-22T13:30:00,5.108,15.318,19.864
NTRA,BOTTOM,NORMAL,2026-06-22T15:30:00,2.493,13.865,18.936
NTRA,CTRL,NORMAL,2026-06-23T12:30:00,8.325,10.846,13.396
NTRA,CTRL,PARABOLIC,2026-06-24T11:30:00,1.73,2.865,6.811
NTRA,CTRL,PARABOLIC,2026-06-25T10:30:00,0.988,1.695,3.473
NTRA,CTRL,PARABOLIC,2026-06-26T09:30:00,2.739,4.838,6.767
NTRA,CTRL,PARABOLIC,2026-06-26T15:30:00,4.336,5.83,8.806
NTRA,CTRL,PARABOLIC,2026-06-29T14:30:00,0.462,1.021,2.635
NTRA,CTRL,PARABOLIC,2026-06-30T13:30:00,1.297,3.247,-0.153
NTRA,CTRL,PARABOLIC,2026-07-01T12:30:00,-0.815,2.589,1.59
NTRA,CTRL,PARABOLIC,2026-07-02T11:30:00,3.377,-0.589,-1.162
NTRA,CTRL,PARABOLIC,2026-07-06T10:30:00,-0.732,-2.302,-5.546
NTRA,CTRL,PARABOLIC,2026-07-07T09:30:00,-2.926,-3.658,-3.061
NTRA,CTRL,PARABOLIC,2026-07-07T15:30:00,-2.531,-4.153,-3.143
NTRA,CTRL,PARABOLIC,2026-07-08T14:30:00,2.915,-1.804,1.234
NTRA,CTRL,PARABOLIC,2026-07-09T13:30:00,-3.294,-2.867,-2.064
NTRA,CTRL,NORMAL,2026-07-10T12:30:00,-0.263,1.644,0.528
NTRA,CTRL,NORMAL,2026-07-13T11:30:00,2.136,2.687,
NTRA,CTRL,NORMAL,2026-07-14T10:30:00,-0.167,-3.372,
NTRA,CTRL,NORMAL,2026-07-15T09:30:00,1.315,,
NTRA,CTRL,NORMAL,2026-07-15T15:30:00,-2.725,,
NTRA,CTRL,NORMAL,2026-07-16T14:30:00,0.787,,
NTRA,CTRL,NORMAL,2026-07-17T13:30:00,,,
JNJ,CTRL,PARABOLIC,2024-09-09T10:30:00,0.63,-2.046,-0.248
JNJ,CTRL,PARABOLIC,2024-09-10T09:30:00,-1.879,-1.494,0.093
JNJ,CTRL,PARABOLIC,2024-09-10T15:30:00,-1.571,-1.129,-0.167
JNJ,CTRL,NORMAL,2024-09-11T14:30:00,-0.448,0.963,1.115
JNJ,CTRL,NORMAL,2024-09-12T13:30:00,0.575,1.502,0.49
JNJ,CTRL,NORMAL,2024-09-13T12:30:00,0.71,1.396,-0.556
JNJ,CTRL,NORMAL,2024-09-16T11:30:00,0.342,-1.205,-2.135
JNJ,TOP,NORMAL,2024-09-16T14:30:00,0.174,-0.942,-2.286
JNJ,CTRL,NORMAL,2024-09-17T10:30:00,-0.26,-1.795,-2.783
JNJ,CTRL,NORMAL,2024-09-18T09:30:00,-1.228,-2.12,-3.391
JNJ,CTRL,NORMAL,2024-09-18T15:30:00,-0.77,-1.763,-3.316
JNJ,CTRL,NORMAL,2024-09-19T14:30:00,-0.618,-1.46,-2.472
JNJ,CTRL,NORMAL,2024-09-20T13:30:00,-0.644,-1.706,-0.999
JNJ,CTRL,NORMAL,2024-09-23T12:30:00,-0.509,-1.183,-1.428
JNJ,CTRL,NORMAL,2024-09-24T11:30:00,-0.678,0.024,-0.222
JNJ,CTRL,NORMAL,2025-03-31T11:30:00,-5.308,-3.439,-10.263
JNJ,CTRL,NORMAL,2025-04-01T10:30:00,-1.389,-1.04,-4.128
JNJ,CTRL,NORMAL,2025-04-02T09:30:00,2.238,-3.859,-5.5
JNJ,CTRL,NORMAL,2025-04-02T15:30:00,2.9,-3.054,-2.868
JNJ,CTRL,NORMAL,2025-04-03T14:30:00,-4.074,-6.461,-7.39
JNJ,CTRL,NORMAL,2025-04-04T13:30:00,-1.968,-3.001,-1.728
JNJ,CTRL,PARABOLIC,2025-08-04T13:30:00,0.212,0.447,2.334
JNJ,CTRL,PARABOLIC,2025-08-05T12:30:00,0.841,1.899,1.14
JNJ,CTRL,PARABOLIC,2025-08-06T11:30:00,-0.349,1.21,1.219
JNJ,CTRL,PARABOLIC,2025-08-07T10:30:00,1.788,1.4,2.635
JNJ,BOTTOM,PARABOLIC,2025-08-08T09:30:00,0.707,0.705,2.044
JNJ,CTRL,PARABOLIC,2025-08-08T15:30:00,0.363,0.556,1.874
JNJ,CTRL,PARABOLIC,2025-08-11T14:30:00,-0.948,0.885,1.649
JNJ,CTRL,PARABOLIC,2025-08-12T13:30:00,0.811,2.561,2.949
JNJ,CTRL,PARABOLIC,2025-08-13T12:30:00,0.342,1.722,2.68
JNJ,CTRL,PARABOLIC,2025-08-14T11:30:00,0.986,1.949,2.993
JNJ,CTRL,PARABOLIC,2025-08-15T10:30:00,0.66,1.738,1.488
JNJ,CTRL,PARABOLIC,2025-08-18T09:30:00,0.503,1.43,1.006
JNJ,CTRL,PARABOLIC,2025-08-18T15:30:00,0.879,1.572,1.226
JNJ,BOTTOM,PARABOLIC,2025-08-19T14:30:00,0.655,0.7,-0.765
JNJ,CTRL,PARABOLIC,2025-08-20T13:30:00,0.458,-0.187,-1.059
JNJ,CTRL,PARABOLIC,2025-08-21T12:30:00,-0.351,-1.625,-2.337
JNJ,CTRL,PARABOLIC,2025-08-22T11:30:00,-0.138,-0.992,-1.69
JNJ,CTRL,PARABOLIC,2025-08-25T10:30:00,-1.33,-1.873,-0.651
JNJ,CTRL,PARABOLIC,2025-08-26T09:30:00,0.443,-0.054,0.443
JNJ,CTRL,PARABOLIC,2025-08-26T15:30:00,0.108,0.397,0.816
JNJ,TOP,PARABOLIC,2025-08-27T14:30:00,-0.517,0.63,0.933
JNJ,CTRL,NORMAL,2025-08-28T13:30:00,0.809,1.059,0.849
JNJ,CTRL,PARABOLIC,2025-08-29T12:30:00,0.694,0.671,0.994
JNJ,CTRL,PARABOLIC,2025-09-02T11:30:00,-0.532,0.644,-0.543
JNJ,CTRL,NORMAL,2025-09-03T10:30:00,0.403,0.611,-1.65
JNJ,CTRL,NORMAL,2025-09-04T09:30:00,0.168,-0.354,-0.488
JNJ,CTRL,NORMAL,2025-09-04T15:30:00,-0.179,-0.963,-0.112
JNJ,CTRL,NORMAL,2025-09-05T14:30:00,-0.039,-1.27,0.371
JNJ,BOTTOM,NORMAL,2025-09-08T11:30:00,-0.825,-0.275,-0.502
JNJ,CTRL,NORMAL,2025-09-08T13:30:00,-0.382,0.112,-0.186
JNJ,CTRL,NORMAL,2025-09-09T12:30:00,-0.888,0.837,-0.062
JNJ,CTRL,NORMAL,2025-09-10T11:30:00,1.638,1.406,1.221
JNJ,CTRL,NORMAL,2025-09-11T10:30:00,0.2,-0.386,-1.062
JNJ,CTRL,NORMAL,2025-11-05T13:30:00,0.532,1.006,4.545
JNJ,CTRL,NORMAL,2025-11-06T12:30:00,0.011,3.349,4.985
JNJ,CTRL,NORMAL,2025-11-07T11:30:00,-0.123,3.965,4.735
JNJ,CTRL,NORMAL,2025-11-10T10:30:00,2.273,4.313,6.509
JNJ,CTRL,NORMAL,2025-11-11T09:30:00,2.082,2.756,4.906
JNJ,CTRL,NORMAL,2025-11-11T15:30:00,0.297,1.099,3.193
JNJ,CTRL,NORMAL,2025-11-12T14:30:00,0.571,2.594,4.215
JNJ,CTRL,NORMAL,2025-11-13T13:30:00,0.532,2.108,3.994
JNJ,CTRL,NORMAL,2025-11-14T12:30:00,1.998,3.304,4.785
JNJ,BOTTOM,NORMAL,2025-11-14T14:30:00,1.328,2.929,4.347
JNJ,CTRL,PARABOLIC,2025-11-17T11:30:00,-0.274,1.832,2.568
JNJ,CTRL,PARABOLIC,2025-11-18T10:30:00,1.056,3.416,3.765
JNJ,CTRL,PARABOLIC,2025-11-19T09:30:00,0.35,1.902,2.832
JNJ,CTRL,PARABOLIC,2025-11-19T15:30:00,0.202,1.618,2.413
JNJ,CTRL,PARABOLIC,2025-11-20T14:30:00,0.504,1.209,0.916
JNJ,CTRL,PARABOLIC,2025-11-21T13:30:00,-0.28,0.84,-0.584
JNJ,CTRL,PARABOLIC,2025-11-24T12:30:00,1.093,0.74,0.669
JNJ,CTRL,PARABOLIC,2025-11-25T11:30:00,0.087,-0.73,-0.783
JNJ,CTRL,PARABOLIC,2025-11-26T10:30:00,-1.18,-1.1,-2.663
JNJ,CTRL,PARABOLIC,2025-11-28T09:30:00,0.392,0.131,-1.586
JNJ,CTRL,PARABOLIC,2025-12-01T12:30:00,-1.515,-1.635,-1.978
JNJ,CTRL,NORMAL,2025-12-02T11:30:00,0.882,-0.782,-0.939
JNJ,CTRL,NORMAL,2025-12-03T10:30:00,-1.396,-1.337,-0.919
JNJ,CTRL,NORMAL,2025-12-04T09:30:00,-1.25,0.137,3.133
JNJ,TOP,NORMAL,2025-12-04T13:30:00,-0.037,-0.437,3.523
JNJ,CTRL,NORMAL,2025-12-04T15:30:00,-0.282,-1.225,3.758
JNJ,CTRL,NORMAL,2025-12-05T14:30:00,-0.398,1.485,4.432
JNJ,CTRL,NORMAL,2025-12-08T13:30:00,-0.326,3.638,6.012
JNJ,CTRL,NORMAL,2025-12-09T12:30:00,1.482,4.711,3.83
JNJ,CTRL,NORMAL,2025-12-10T11:30:00,3.074,4.941,3.101
JNJ,CTRL,PARABOLIC,2025-12-11T10:30:00,0.145,0.04,-0.373
JNJ,CTRL,PARABOLIC,2025-12-12T09:30:00,1.173,-1.064,-1.201
JNJ,CTRL,PARABOLIC,2025-12-12T15:30:00,1.252,-0.577,-2.448
JNJ,BOTTOM,PARABOLIC,2025-12-15T14:30:00,-2.487,-2.799,-3.174
JNJ,CTRL,NORMAL,2025-12-16T13:30:00,0.803,-0.485,-1.739
JNJ,CTRL,NORMAL,2025-12-17T12:30:00,-0.755,-1.207,-1.071
JNJ,CTRL,NORMAL,2025-12-18T11:30:00,-0.041,-1.347,-0.322
JNJ,CTRL,NORMAL,2025-12-19T10:30:00,-1.064,-0.752,-0.483
JNJ,TOP,NORMAL,2025-12-19T15:30:00,0.407,0.174,0.378
JNJ,CTRL,NORMAL,2025-12-22T09:30:00,0.112,0.442,0.505
JNJ,CTRL,NORMAL,2025-12-22T15:30:00,-0.738,0.511,-0.019
JNJ,CTRL,NORMAL,2025-12-23T14:30:00,0.941,0.965,0.79
JNJ,CTRL,NORMAL,2025-12-26T10:30:00,0.567,-0.246,-2.413
JNJ,CTRL,NORMAL,2025-12-29T09:30:00,-1.135,-1.344,-1.368
JNJ,CTRL,NORMAL,2025-12-29T15:30:00,-0.318,-0.111,-1.356
JNJ,CTRL,NORMAL,2025-12-30T14:30:00,-0.169,-1.788,-0.304
JNJ,CTRL,NORMAL,2025-12-31T13:30:00,-0.101,-0.936,-0.866
JNJ,CTRL,NORMAL,2026-01-02T12:30:00,-1.463,0.129,-0.284
JNJ,TOP,NORMAL,2026-01-02T13:30:00,-1.901,-0.086,-1.08
JNJ,CTRL,NORMAL,2026-01-05T11:30:00,1.335,1.985,2.457
JNJ,CTRL,NORMAL,2026-03-13T10:30:00,-0.468,-2.501,-3.295
JNJ,CTRL,NORMAL,2026-03-16T09:30:00,-0.819,-2.377,-3.388
JNJ,CTRL,NORMAL,2026-03-16T15:30:00,-2.089,-2.282,-3.195
JNJ,TOP,NORMAL,2026-03-17T14:30:00,-0.491,-1.322,-1.255
JNJ,CTRL,NORMAL,2026-03-18T13:30:00,0.24,-0.807,1.296
JNJ,CTRL,NORMAL,2026-03-19T12:30:00,-0.83,-1.505,1.207
JNJ,CTRL,NORMAL,2026-06-18T09:30:00,0.477,5.583,10.524
JNJ,TOP,NORMAL,2026-06-18T13:30:00,0.646,4.558,10.591
JNJ,CTRL,NORMAL,2026-06-18T15:30:00,1.292,5.562,11.361
JNJ,CTRL,NORMAL,2026-06-22T14:30:00,3.586,6.507,11.726
JNJ,CTRL,NORMAL,2026-06-23T13:30:00,0.869,6.689,7.85
JNJ,CTRL,NORMAL,2026-06-24T12:30:00,2.132,7.053,5.633
JNJ,CTRL,NORMAL,2026-06-25T11:30:00,3.551,4.61,6.476
JNJ,CTRL,PARABOLIC,2026-06-26T10:30:00,0.717,-0.812,1.517
JNJ,CTRL,PARABOLIC,2026-06-29T09:30:00,-0.577,1.381,5.225
JNJ,CTRL,PARABOLIC,2026-06-29T15:30:00,-1.71,1.757,3.425
JNJ,CTRL,PARABOLIC,2026-06-30T14:30:00,-0.776,1.671,3.833
JNJ,BOTTOM,PARABOLIC,2026-06-30T15:30:00,-0.024,2.094,3.681
JNJ,CTRL,PARABOLIC,2026-07-01T13:30:00,3.273,5.172,2.389
JNJ,CTRL,PARABOLIC,2026-07-02T12:30:00,-0.988,1.623,-1.719
JNJ,CTRL,PARABOLIC,2026-07-06T11:30:00,3.957,1.078,-0.008
JNJ,CTRL,PARABOLIC,2026-07-07T10:30:00,-0.624,-3.715,-5.737
JNJ,CTRL,PARABOLIC,2026-07-08T09:30:00,-1.383,-3.65,-5.017
JNJ,CTRL,PARABOLIC,2026-07-08T15:30:00,-1.616,-2.081,-6.185
JNJ,CTRL,PARABOLIC,2026-07-09T14:30:00,-0.729,-2.277,-3.424
JNJ,CTRL,PARABOLIC,2026-07-10T13:30:00,0.614,-3.149,-1.394
JNJ,CTRL,PARABOLIC,2026-07-13T12:30:00,-1.83,-3.515,
JNJ,TOP,PARABOLIC,2026-07-13T14:30:00,-2.156,-3.304,
JNJ,CTRL,NORMAL,2026-07-14T11:30:00,-1.012,0.174,
JNJ,CTRL,NORMAL,2026-07-15T10:30:00,-1.143,,
JNJ,CTRL,NORMAL,2026-07-16T09:30:00,1.023,,
JNJ,CTRL,NORMAL,2026-07-16T15:30:00,1.408,,
JNJ,CTRL,NORMAL,2026-07-17T14:30:00,,,
ILMN,CTRL,NORMAL,2024-09-26T09:30:00,4.451,-1.224,6.399
ILMN,CTRL,NORMAL,2024-09-26T15:30:00,-1.603,-2.457,3.115
ILMN,CTRL,NORMAL,2024-09-27T14:30:00,-1.09,5.075,7.826
ILMN,CTRL,NORMAL,2024-09-30T13:30:00,0.378,5.659,9.193
ILMN,CTRL,NORMAL,2024-10-01T12:30:00,6.349,10.307,10.774
ILMN,CTRL,NORMAL,2024-10-02T11:30:00,-0.723,1.768,1.023
ILMN,CTRL,NORMAL,2024-10-03T10:30:00,2.36,4.292,4.986
ILMN,CTRL,NORMAL,2024-10-04T09:30:00,2.537,2.566,5.363
ILMN,CTRL,NORMAL,2024-10-04T15:30:00,-0.537,-0.976,2.949
ILMN,BOTTOM,NORMAL,2024-10-07T14:30:00,-0.136,2.465,6.427
ILMN,CTRL,NORMAL,2024-10-08T13:30:00,-1.573,3.431,5.182
ILMN,CTRL,NORMAL,2024-10-09T12:30:00,4.495,7.82,4.459
ILMN,CTRL,NORMAL,2024-10-10T11:30:00,-0.767,3.259,0.125
ILMN,CTRL,NORMAL,2024-10-11T10:30:00,3.267,0.236,0.517
ILMN,CTRL,NORMAL,2024-10-14T09:30:00,0.985,-3.023,-2.797
ILMN,CTRL,NORMAL,2024-10-14T15:30:00,-0.973,-3.696,-2.583
ILMN,CTRL,NORMAL,2024-10-15T14:30:00,-2.212,-1.877,-2.884
ILMN,CTRL,NORMAL,2024-10-16T13:30:00,-1.106,-0.09,-1.854
ILMN,CTRL,NORMAL,2024-10-17T12:30:00,0.972,-0.065,-1.438
ILMN,BOTTOM,NORMAL,2024-10-17T15:30:00,1.881,0.334,-1.547
ILMN,CTRL,NORMAL,2024-10-18T11:30:00,-0.475,-1.749,-2.093
ILMN,TOP,NORMAL,2024-10-18T14:30:00,-0.301,-1.69,-2.457
ILMN,CTRL,NORMAL,2024-10-21T10:30:00,-0.586,-0.788,0.055
ILMN,CTRL,NORMAL,2024-10-22T09:30:00,0.475,-0.37,1.796
ILMN,CTRL,NORMAL,2024-10-22T15:30:00,-0.729,-1.437,1.319
ILMN,TOP,NORMAL,2024-10-23T14:30:00,-1.036,0.756,3.108
ILMN,CTRL,NORMAL,2024-10-24T13:30:00,0.226,3.136,2.345
ILMN,CTRL,NORMAL,2024-10-25T12:30:00,1.397,3.074,3.572
ILMN,CTRL,NORMAL,2024-10-28T11:30:00,1.341,0.848,6.708
ILMN,CTRL,NORMAL,2024-10-29T10:30:00,1.22,1.015,3.972
ILMN,CTRL,NORMAL,2024-10-30T09:30:00,-2.246,4.363,1.121
ILMN,BOTTOM,NORMAL,2024-10-30T14:30:00,-1.426,4.868,2.716
ILMN,CTRL,NORMAL,2024-10-30T15:30:00,-2.376,3.974,2.837
ILMN,CTRL,NORMAL,2024-10-31T14:30:00,2.328,7.398,6.957
ILMN,CTRL,NORMAL,2024-11-01T13:30:00,4.341,1.774,2.334
ILMN,CTRL,NORMAL,2024-11-04T12:30:00,-0.932,0.543,-1.647
ILMN,CTRL,NORMAL,2024-11-05T11:30:00,-0.925,-0.489,-2.282
ILMN,CTRL,NORMAL,2024-11-06T10:30:00,2.375,-0.036,-2.764
ILMN,BOTTOM,NORMAL,2024-11-06T14:30:00,2.644,0.165,-3.596
ILMN,CTRL,NORMAL,2024-11-07T09:30:00,-1.54,-2.919,-6.734
ILMN,CTRL,NORMAL,2024-11-07T15:30:00,-2.642,-4.878,-8.338
ILMN,CTRL,NORMAL,2024-11-08T14:30:00,0.939,-2.851,-9.606
ILMN,CTRL,NORMAL,2024-11-11T13:30:00,-1.675,-5.057,-14.295
ILMN,CTRL,NORMAL,2024-11-12T12:30:00,-1.201,-9.115,-10.087
ILMN,CTRL,NORMAL,2024-11-13T11:30:00,-1.61,-10.677,-10.253
ILMN,CTRL,NORMAL,2024-11-14T10:30:00,-5.861,-8.333,-7.229
ILMN,CTRL,NORMAL,2024-11-15T09:30:00,-2.513,-2.442,1.905
ILMN,CTRL,NORMAL,2024-11-15T15:30:00,-3.198,-2.524,3.731
ILMN,CTRL,NORMAL,2024-11-18T14:30:00,2.741,4.884,10.182
ILMN,CTRL,NORMAL,2024-11-19T13:30:00,-1.995,5.55,6.773
ILMN,CTRL,NORMAL,2024-11-20T12:30:00,3.622,9.347,9.484
ILMN,TOP,NORMAL,2024-11-20T13:30:00,4.051,10.149,9.92
ILMN,CTRL,NORMAL,2024-11-21T11:30:00,4.915,6.232,7.19
ILMN,BOTTOM,NORMAL,2024-11-21T14:30:00,2.996,3.657,4.825
ILMN,CTRL,NORMAL,2024-11-22T10:30:00,3.703,2.987,3.288
ILMN,CTRL,NORMAL,2024-11-25T09:30:00,-0.563,0.591,-2.156
ILMN,CTRL,NORMAL,2024-11-25T15:30:00,-0.632,0.063,-1.497
ILMN,CTRL,NORMAL,2024-12-17T10:30:00,-0.28,-3.718,-4.094
ILMN,CTRL,NORMAL,2024-12-18T09:30:00,-6.913,-4.753,-4.207
ILMN,CTRL,NORMAL,2024-12-18T15:30:00,-0.097,0.731,0.783
ILMN,CTRL,NORMAL,2024-12-19T14:30:00,1.913,0.54,-0.298
ILMN,CTRL,NORMAL,2024-12-20T13:30:00,-1.196,-1.414,-2.366
ILMN,CTRL,NORMAL,2024-12-23T12:30:00,0.603,-1.15,-0.695
ILMN,CTRL,NORMAL,2024-12-24T11:30:00,0.059,-0.934,-2.958
ILMN,TOP,NORMAL,2024-12-26T12:30:00,-0.295,-1.565,0.746
ILMN,BOTTOM,NORMAL,2024-12-26T14:30:00,0.359,-1.077,1.625
ILMN,CTRL,PARABOLIC,2025-11-17T11:30:00,-2.128,-3.27,3.025
ILMN,CTRL,PARABOLIC,2025-11-18T10:30:00,0.279,2.578,7.518
ILMN,CTRL,PARABOLIC,2025-11-19T09:30:00,4.269,4.418,7.277
ILMN,CTRL,PARABOLIC,2025-11-19T15:30:00,-0.708,4.837,8.118
ILMN,CTRL,NORMAL,2025-11-20T14:30:00,3.111,8.59,8.368
ILMN,BOTTOM,PARABOLIC,2025-11-21T10:30:00,2.983,5.367,4.465
ILMN,CTRL,PARABOLIC,2025-11-21T13:30:00,2.358,5.416,3.553
ILMN,CTRL,PARABOLIC,2025-11-24T12:30:00,1.933,3.044,1.534
ILMN,CTRL,PARABOLIC,2025-11-25T11:30:00,0.606,-0.545,-1.155
ILMN,CTRL,PARABOLIC,2025-11-26T10:30:00,0.608,-0.516,-1.47
ILMN,CTRL,PARABOLIC,2025-11-28T09:30:00,-0.691,-0.653,-1.183
ILMN,CTRL,PARABOLIC,2025-12-01T12:30:00,-0.799,-1.112,-1.054
ILMN,CTRL,PARABOLIC,2025-12-02T11:30:00,0.521,-0.078,1.082
ILMN,CTRL,PARABOLIC,2025-12-03T10:30:00,-1.094,-0.349,3.767
ILMN,CTRL,PARABOLIC,2025-12-04T09:30:00,1.189,1.145,7.495
ILMN,TOP,PARABOLIC,2025-12-04T11:30:00,0.438,1.604,6.149
ILMN,CTRL,PARABOLIC,2025-12-04T15:30:00,0.695,3.209,6.567
ILMN,CTRL,PARABOLIC,2025-12-05T14:30:00,-1.162,5.157,4.695
ILMN,CTRL,NORMAL,2025-12-08T13:30:00,3.573,6.484,5.528
ILMN,CTRL,PARABOLIC,2025-12-09T12:30:00,2.097,2.97,-0.775
ILMN,BOTTOM,PARABOLIC,2025-12-09T14:30:00,2.906,2.453,0.226
ILMN,CTRL,PARABOLIC,2025-12-10T11:30:00,0.84,-0.379,-2.568
ILMN,CTRL,PARABOLIC,2025-12-11T10:30:00,0.596,-2.574,-2.396
ILMN,CTRL,PARABOLIC,2025-12-12T09:30:00,-1.909,-2.261,-2.573
ILMN,CTRL,PARABOLIC,2025-12-12T15:30:00,0.0,-3.935,-0.17
ILMN,CTRL,PARABOLIC,2025-12-15T14:30:00,-2.232,-2.968,2.167
ILMN,CTRL,NORMAL,2025-12-16T13:30:00,-1.184,2.175,3.29
ILMN,CTRL,NORMAL,2025-12-17T12:30:00,0.651,6.249,3.738
ILMN,TOP,NORMAL,2025-12-17T14:30:00,0.751,6.083,3.964
ILMN,CTRL,NORMAL,2025-12-18T11:30:00,2.757,3.501,3.232
ILMN,CTRL,NORMAL,2025-12-19T10:30:00,2.887,1.043,0.115
ILMN,CTRL,NORMAL,2025-12-22T09:30:00,-2.132,-2.229,-3.694
ILMN,CTRL,NORMAL,2025-12-22T15:30:00,-1.003,-2.729,-4.528
ILMN,BOTTOM,NORMAL,2025-12-23T14:30:00,-0.597,-2.21,-2.413
ILMN,CTRL,NORMAL,2025-12-26T10:30:00,-0.711,-2.511,2.459
ILMN,CTRL,NORMAL,2025-12-29T09:30:00,-0.968,-1.898,8.004
ILMN,TOP,NORMAL,2025-12-29T14:30:00,-0.923,-0.259,9.307
ILMN,CTRL,NORMAL,2025-12-29T15:30:00,-1.279,-0.067,9.322
ILMN,CTRL,NORMAL,2025-12-30T14:30:00,-1.867,5.142,13.038
ILMN,CTRL,NORMAL,2025-12-31T13:30:00,1.723,11.496,11.9
ILMN,CTRL,NORMAL,2026-01-02T12:30:00,5.894,12.78,6.598
ILMN,CTRL,NORMAL,2026-01-05T11:30:00,2.78,5.053,2.325
ILMN,CTRL,PARABOLIC,2026-01-06T10:30:00,2.694,-2.112,1.643
ILMN,CTRL,PARABOLIC,2026-01-07T09:30:00,-1.571,-4.927,-3.403
ILMN,CTRL,PARABOLIC,2026-01-07T15:30:00,-2.899,-3.089,-4.234
ILMN,CTRL,NORMAL,2026-01-08T14:30:00,-3.262,0.452,0.099
ILMN,CTRL,NORMAL,2026-01-09T13:30:00,3.206,2.433,1.767
ILMN,CTRL,NORMAL,2026-01-12T12:30:00,0.59,1.04,1.262
ILMN,CTRL,NORMAL,2026-01-13T11:30:00,-3.808,-1.717,2.096
ILMN,CTRL,NORMAL,2026-01-14T10:30:00,0.664,1.516,8.339
ILMN,TOP,NORMAL,2026-01-14T14:30:00,1.037,1.365,6.444
ILMN,CTRL,NORMAL,2026-01-15T09:30:00,-0.164,4.501,6.395
ILMN,BOTTOM,NORMAL,2026-01-15T10:30:00,-0.402,4.375,5.46
ILMN,CTRL,NORMAL,2026-01-15T15:30:00,-2.519,4.962,3.51
ILMN,CTRL,NORMAL,2026-01-16T14:30:00,3.376,8.555,7.333
ILMN,CTRL,NORMAL,2026-01-20T13:30:00,4.168,1.882,3.733
ILMN,CTRL,NORMAL,2026-01-21T12:30:00,2.946,0.97,0.488
ILMN,CTRL,NORMAL,2026-01-22T11:30:00,-3.108,-1.971,-3.831
ILMN,CTRL,NORMAL,2026-01-23T10:30:00,-1.25,0.036,-3.582
ILMN,CTRL,NORMAL,2026-01-26T09:30:00,1.653,-2.266,-8.297
ILMN,CTRL,NORMAL,2026-01-26T15:30:00,-0.595,-2.157,-11.007
ILMN,CTRL,NORMAL,2026-01-27T14:30:00,-0.497,-7.719,-12.186
ILMN,CTRL,NORMAL,2026-01-28T13:30:00,-0.06,-9.02,-10.431
ILMN,CTRL,NORMAL,2026-01-29T12:30:00,-5.426,-10.083,-19.209
ILMN,CTRL,NORMAL,2026-02-02T13:30:00,-3.667,-4.79,-16.716
ILMN,TOP,NORMAL,2026-02-02T15:30:00,-4.011,-5.499,-16.915
ILMN,CTRL,NORMAL,2026-02-03T12:30:00,-1.299,-13.855,-13.49
ILMN,CTRL,NORMAL,2026-02-04T11:30:00,1.071,-12.165,-12.859
ILMN,CTRL,NORMAL,2026-02-05T10:30:00,-10.602,-11.105,-15.349
ILMN,CTRL,NORMAL,2026-02-06T09:30:00,-2.226,-2.597,-3.834
ILMN,CTRL,NORMAL,2026-02-06T15:30:00,-2.047,-2.807,-2.373
ILMN,CTRL,NORMAL,2026-02-09T14:30:00,0.839,-2.184,-0.702
ILMN,CTRL,NORMAL,2026-02-10T13:30:00,-2.085,-3.144,0.645
ILMN,CTRL,NORMAL,2026-02-11T12:30:00,-2.254,-0.793,2.109
ILMN,CTRL,NORMAL,2026-02-12T11:30:00,1.439,5.345,2.238
ILMN,CTRL,NORMAL,2026-02-13T10:30:00,-0.013,2.964,1.896
ILMN,CTRL,NORMAL,2026-02-17T09:30:00,3.077,2.344,7.088
ILMN,CTRL,NORMAL,2026-02-17T15:30:00,3.064,1.039,5.506
ILMN,CTRL,NORMAL,2026-02-18T14:30:00,-0.937,-0.691,2.577
ILMN,CTRL,NORMAL,2026-02-19T13:30:00,-2.301,3.748,6.019
ILMN,CTRL,NORMAL,2026-04-28T14:30:00,-4.767,7.226,9.353
ILMN,CTRL,NORMAL,2026-04-29T13:30:00,5.44,17.087,18.717
ILMN,CTRL,NORMAL,2026-04-30T12:30:00,6.442,8.659,9.759
ILMN,CTRL,NORMAL,2026-05-01T11:30:00,1.965,4.793,5.136
ILMN,CTRL,NORMAL,2026-05-04T10:30:00,0.741,2.274,4.427
ILMN,CTRL,NORMAL,2026-05-05T09:30:00,2.691,-0.903,5.466
ILMN,CTRL,NORMAL,2026-05-05T15:30:00,2.56,2.021,4.775
ILMN,CTRL,NORMAL,2026-05-06T14:30:00,-2.592,0.692,2.38
ILMN,CTRL,NORMAL,2026-05-07T13:30:00,1.486,4.685,4.031
ILMN,CTRL,NORMAL,2026-05-08T12:30:00,1.916,1.881,-0.199
ILMN,CTRL,NORMAL,2026-05-11T11:30:00,-1.085,0.429,-2.371
ILMN,CTRL,NORMAL,2026-05-12T10:30:00,0.539,-2.814,-3.119
ILMN,CTRL,NORMAL,2026-05-13T09:30:00,0.137,-2.46,-4.286
ILMN,CTRL,NORMAL,2026-05-13T15:30:00,-1.207,-2.393,-2.124
ILMN,BOTTOM,NORMAL,2026-05-14T11:30:00,-3.365,-4.085,-1.865
ILMN,CTRL,NORMAL,2026-05-14T14:30:00,-1.157,-2.407,1.228
ILMN,CTRL,NORMAL,2026-05-15T13:30:00,0.284,-0.202,2.844
ILMN,CTRL,NORMAL,2026-05-18T12:30:00,-1.271,1.686,2.559
ILMN,CTRL,NORMAL,2026-05-19T11:30:00,0.556,4.015,6.164
ILMN,CTRL,NORMAL,2026-05-20T10:30:00,1.701,3.622,11.157
ILMN,TOP,NORMAL,2026-05-20T14:30:00,3.446,2.843,11.666
ILMN,CTRL,NORMAL,2026-05-21T09:30:00,1.936,2.95,13.038
ILMN,BOTTOM,NORMAL,2026-05-21T14:30:00,-0.891,2.947,12.569
ILMN,CTRL,NORMAL,2026-05-21T15:30:00,-0.276,3.674,12.554
ILMN,CTRL,NORMAL,2026-05-22T14:30:00,0.311,8.917,14.588
ILMN,CTRL,NORMAL,2026-05-26T13:30:00,3.575,13.683,12.274
ILMN,CTRL,NORMAL,2026-05-27T12:30:00,5.819,9.085,14.19
ILMN,CTRL,PARABOLIC,2026-05-28T11:30:00,4.812,3.345,8.521
ILMN,CTRL,PARABOLIC,2026-05-29T10:30:00,0.3,2.645,-0.238
ILMN,CTRL,PARABOLIC,2026-06-01T09:30:00,0.186,9.273,-1.948
ILMN,CTRL,PARABOLIC,2026-06-01T15:30:00,-1.125,2.171,-3.885
ILMN,CTRL,PARABOLIC,2026-06-02T14:30:00,4.126,-0.925,-1.359
ILMN,CTRL,PARABOLIC,2026-06-03T13:30:00,-1.424,-7.135,-3.013
ILMN,CTRL,PARABOLIC,2026-06-04T12:30:00,-3.611,-6.451,-3.595
ILMN,CTRL,PARABOLIC,2026-06-05T11:30:00,-3.076,1.363,-1.394
ILMN,CTRL,NORMAL,2026-06-08T10:30:00,-1.429,2.734,4.346
ILMN,CTRL,NORMAL,2026-06-09T09:30:00,2.527,0.689,1.718
ILMN,CTRL,NORMAL,2026-06-09T15:30:00,1.506,0.569,2.688
ILMN,CTRL,NORMAL,2026-06-10T14:30:00,1.279,1.503,-2.275
ILMN,CTRL,PARABOLIC,2026-06-11T13:30:00,-1.509,1.619,-0.944
ILMN,CTRL,NORMAL,2026-06-12T12:30:00,1.738,1.404,-0.13
ILMN,CTRL,PARABOLIC,2026-06-15T11:30:00,0.736,-2.466,-1.289
ILMN,CTRL,NORMAL,2026-06-16T10:30:00,-1.463,-3.645,5.496
ILMN,BOTTOM,NORMAL,2026-06-16T14:30:00,-3.795,-2.038,5.774
ILMN,CTRL,NORMAL,2026-06-17T09:30:00,-2.409,-0.17,10.16
ILMN,CTRL,NORMAL,2026-06-17T15:30:00,1.735,3.627,11.679
ILMN,CTRL,NORMAL,2026-06-18T14:30:00,0.026,8.003,7.824
ILMN,CTRL,NORMAL,2026-06-22T13:30:00,1.236,11.333,10.133
ILMN,TOP,NORMAL,2026-06-22T14:30:00,1.766,10.069,10.885
ILMN,CTRL,NORMAL,2026-06-23T12:30:00,6.527,6.673,7.946
ILMN,BOTTOM,NORMAL,2026-06-23T14:30:00,6.102,5.926,7.774
ILMN,CTRL,PARABOLIC,2026-06-24T11:30:00,2.879,0.834,3.448
ILMN,CTRL,PARABOLIC,2026-06-25T10:30:00,-2.513,-2.264,4.389
ILMN,CTRL,PARABOLIC,2026-06-26T09:30:00,-0.255,1.229,6.439
ILMN,CTRL,PARABOLIC,2026-06-26T15:30:00,2.63,4.211,10.167
ILMN,CTRL,PARABOLIC,2026-06-29T14:30:00,-1.089,4.898,6.319
ILMN,TOP,PARABOLIC,2026-06-30T13:30:00,2.714,8.248,5.709
ILMN,CTRL,PARABOLIC,2026-07-01T12:30:00,2.7,5.631,6.67
ILMN,CTRL,PARABOLIC,2026-07-02T11:30:00,2.825,0.211,1.966
ILMN,CTRL,PARABOLIC,2026-07-06T10:30:00,-0.469,0.837,-0.644
ILMN,CTRL,PARABOLIC,2026-07-07T09:30:00,-1.985,-1.194,-1.49
ILMN,CTRL,PARABOLIC,2026-07-07T15:30:00,-2.065,-0.793,-0.266
ILMN,CTRL,PARABOLIC,2026-07-08T14:30:00,3.12,1.204,0.252
ILMN,CTRL,PARABOLIC,2026-07-09T13:30:00,0.136,1.146,-0.58
ILMN,CTRL,PARABOLIC,2026-07-10T12:30:00,-0.837,-2.403,-3.206
ILMN,CTRL,PARABOLIC,2026-07-13T11:30:00,0.945,-0.797,
ILMN,CTRL,PARABOLIC,2026-07-14T10:30:00,0.443,-2.409,
ILMN,CTRL,NORMAL,2026-07-15T09:30:00,-0.537,,
ILMN,TOP,NORMAL,2026-07-15T11:30:00,0.417,,
ILMN,CTRL,NORMAL,2026-07-15T15:30:00,1.656,,
ILMN,CTRL,NORMAL,2026-07-16T14:30:00,-1.61,,
ILMN,CTRL,NORMAL,2026-07-17T13:30:00,,,
PLTR,CTRL,NORMAL,2024-09-11T14:30:00,0.578,5.693,5.924
PLTR,CTRL,NORMAL,2024-09-12T13:30:00,1.07,3.604,4.733
PLTR,CTRL,NORMAL,2024-09-13T12:30:00,3.575,3.264,2.939
PLTR,CTRL,NORMAL,2024-09-16T11:30:00,-0.941,0.948,3.111
PLTR,CTRL,NORMAL,2024-09-17T10:30:00,0.11,-0.63,0.247
PLTR,CTRL,NORMAL,2024-09-18T09:30:00,0.944,2.175,0.219
PLTR,BOTTOM,NORMAL,2024-09-18T14:30:00,0.109,3.577,1.05
PLTR,CTRL,NORMAL,2024-09-18T15:30:00,1.181,4.187,1.978
PLTR,CTRL,NORMAL,2024-09-19T14:30:00,0.6,0.924,1.254
PLTR,CTRL,NORMAL,2024-09-20T13:30:00,4.722,1.551,1.164
PLTR,CTRL,PARABOLIC,2024-09-23T12:30:00,-3.291,-2.975,-2.909
PLTR,CTRL,NORMAL,2024-09-24T11:30:00,0.3,0.919,-0.628
PLTR,CTRL,NORMAL,2024-09-25T10:30:00,2.342,1.578,1.989
PLTR,CTRL,NORMAL,2024-09-26T09:30:00,-1.074,-1.611,2.833
PLTR,CTRL,NORMAL,2024-09-26T15:30:00,-0.62,-1.605,5.845
PLTR,CTRL,NORMAL,2024-09-27T14:30:00,0.596,1.879,7.941
PLTR,CTRL,NORMAL,2024-09-30T13:30:00,-0.023,4.893,6.631
PLTR,CTRL,NORMAL,2024-10-01T12:30:00,3.382,10.332,13.248
PLTR,CTRL,NORMAL,2024-10-02T11:30:00,3.762,4.976,14.501
PLTR,CTRL,NORMAL,2024-10-03T10:30:00,3.489,5.9,13.018
PLTR,CTRL,PARABOLIC,2024-10-04T09:30:00,0.632,7.801,10.242
PLTR,CTRL,PARABOLIC,2024-10-04T15:30:00,-2.737,7.773,8.71
PLTR,CTRL,NORMAL,2024-10-07T14:30:00,5.859,11.096,11.684
PLTR,CTRL,PARABOLIC,2024-10-08T13:30:00,5.098,4.314,4.021
PLTR,CTRL,PARABOLIC,2024-10-09T12:30:00,0.757,1.792,-2.817
PLTR,CTRL,PARABOLIC,2024-10-10T11:30:00,-0.514,-2.227,-4.044
PLTR,BOTTOM,PARABOLIC,2024-10-10T14:30:00,-0.461,-2.213,-2.962
PLTR,CTRL,PARABOLIC,2024-10-11T10:30:00,-0.035,-3.264,-1.466
PLTR,CTRL,PARABOLIC,2024-10-14T09:30:00,-3.601,-4.566,-2.255
PLTR,CTRL,PARABOLIC,2024-10-14T15:30:00,-2.239,-3.23,-1.663
PLTR,CTRL,NORMAL,2024-10-15T14:30:00,-1.084,0.99,1.402
PLTR,CTRL,NORMAL,2024-10-16T13:30:00,-0.281,1.853,0.947
PLTR,CTRL,NORMAL,2024-10-17T12:30:00,1.849,2.278,2.674
PLTR,CTRL,NORMAL,2024-10-18T11:30:00,-0.035,0.73,5.464
PLTR,BOTTOM,NORMAL,2024-10-18T14:30:00,-0.478,-0.852,5.018
PLTR,CTRL,NORMAL,2024-10-21T10:30:00,0.742,1.189,5.522
PLTR,CTRL,NORMAL,2024-10-22T09:30:00,0.617,4.755,4.318
PLTR,CTRL,NORMAL,2024-10-22T15:30:00,-0.792,4.471,4.681
PLTR,CTRL,NORMAL,2024-10-23T14:30:00,1.954,5.925,3.178
PLTR,CTRL,NORMAL,2024-10-24T13:30:00,3.942,4.266,-4.081
PLTR,CTRL,NORMAL,2024-10-25T12:30:00,0.847,-1.087,-5.559
PLTR,CTRL,NORMAL,2024-10-28T11:30:00,-0.257,-8.08,-6.746
PLTR,CTRL,NORMAL,2024-10-29T10:30:00,-0.545,-5.753,12.775
PLTR,CTRL,NORMAL,2024-10-30T09:30:00,-6.282,-6.622,21.308
PLTR,CTRL,NORMAL,2024-10-30T15:30:00,-4.941,-5.204,26.956
PLTR,CTRL,NORMAL,2024-10-31T14:30:00,1.345,23.449,33.955
PLTR,CTRL,NORMAL,2024-11-01T13:30:00,-0.574,29.591,38.811
PLTR,TOP,NORMAL,2024-11-01T15:30:00,-1.168,32.36,39.359
PLTR,CTRL,NORMAL,2024-11-04T12:30:00,20.881,30.017,43.834
PLTR,CTRL,PARABOLIC,2024-11-05T11:30:00,6.694,13.186,16.166
PLTR,CTRL,PARABOLIC,2024-11-06T10:30:00,2.073,15.622,17.583
PLTR,CTRL,PARABOLIC,2024-11-07T09:30:00,5.28,9.664,9.774
PLTR,BOTTOM,PARABOLIC,2024-11-07T15:30:00,4.6,7.159,5.942
PLTR,CTRL,PARABOLIC,2024-11-08T14:30:00,3.082,4.052,10.792
PLTR,CTRL,PARABOLIC,2024-11-11T13:30:00,-1.232,-1.075,0.529
PLTR,CTRL,PARABOLIC,2024-11-12T12:30:00,3.948,8.879,4.871
PLTR,CTRL,PARABOLIC,2024-11-13T11:30:00,-4.841,-0.003,-1.23
PLTR,CTRL,PARABOLIC,2024-11-14T10:30:00,9.223,2.96,5.47
PLTR,CTRL,PARABOLIC,2024-11-15T09:30:00,-2.761,-3.726,-1.013
PLTR,CTRL,PARABOLIC,2024-11-15T15:30:00,-6.879,-5.579,-2.204
PLTR,CTRL,PARABOLIC,2024-11-18T14:30:00,0.719,-0.433,3.65
PLTR,CTRL,PARABOLIC,2024-11-19T13:30:00,-0.546,2.616,4.771
PLTR,BOTTOM,PARABOLIC,2024-11-19T14:30:00,-0.261,2.701,4.587
PLTR,CTRL,PARABOLIC,2024-11-20T12:30:00,-0.596,5.15,6.044
PLTR,CTRL,PARABOLIC,2024-11-21T11:30:00,3.32,6.058,7.851
PLTR,CTRL,PARABOLIC,2024-11-22T10:30:00,3.067,3.151,5.188
PLTR,CTRL,PARABOLIC,2024-11-25T09:30:00,-0.774,0.774,7.906
PLTR,CTRL,PARABOLIC,2024-11-25T15:30:00,1.748,2.243,7.58
PLTR,CTRL,PARABOLIC,2024-11-26T14:30:00,1.159,7.398,11.45
PLTR,CTRL,PARABOLIC,2024-11-27T13:30:00,1.47,5.511,15.263
PLTR,CTRL,PARABOLIC,2024-12-02T09:30:00,4.599,7.296,13.69
PLTR,CTRL,PARABOLIC,2024-12-02T15:30:00,6.947,8.305,9.222
PLTR,CTRL,PARABOLIC,2024-12-03T14:30:00,-2.174,7.367,0.669
PLTR,CTRL,PARABOLIC,2024-12-04T13:30:00,5.383,6.535,5.376
PLTR,CTRL,PARABOLIC,2024-12-05T12:30:00,6.132,0.307,2.327
PLTR,CTRL,PARABOLIC,2024-12-06T11:30:00,-5.071,-6.931,-3.376
PLTR,CTRL,PARABOLIC,2024-12-09T10:30:00,0.771,2.326,0.385
PLTR,CTRL,NORMAL,2024-12-10T09:30:00,-6.093,-1.248,-2.203
PLTR,CTRL,NORMAL,2024-12-10T15:30:00,2.249,7.291,4.908
PLTR,CTRL,PARABOLIC,2024-12-11T14:30:00,-0.303,3.94,0.496
PLTR,CTRL,NORMAL,2024-12-12T13:30:00,2.874,2.984,3.315
PLTR,TOP,NORMAL,2024-12-12T14:30:00,3.598,3.731,4.091
PLTR,CTRL,PARABOLIC,2024-12-13T12:30:00,-0.549,3.961,5.012
PLTR,CTRL,PARABOLIC,2024-12-16T11:30:00,1.867,1.305,10.463
PLTR,CTRL,NORMAL,2024-12-17T10:30:00,2.371,3.63,10.729
PLTR,BOTTOM,NORMAL,2024-12-17T14:30:00,-2.824,5.009,10.765
PLTR,CTRL,NORMAL,2024-12-18T09:30:00,-1.678,4.182,8.848
PLTR,CTRL,NORMAL,2024-12-18T15:30:00,3.906,12.902,10.083
PLTR,CTRL,NORMAL,2024-12-19T14:30:00,4.647,10.383,4.378
PLTR,CTRL,PARABOLIC,2024-12-20T13:30:00,1.622,-0.226,-3.42
PLTR,CTRL,PARABOLIC,2024-12-23T12:30:00,2.333,-4.417,-6.828
PLTR,CTRL,PARABOLIC,2024-12-24T11:30:00,-0.158,-6.248,-8.557
PLTR,CTRL,NORMAL,2024-12-26T14:30:00,-3.121,-6.89,-2.607
PLTR,CTRL,NORMAL,2024-12-27T13:30:00,-0.704,-5.665,-4.297
PLTR,BOTTOM,NORMAL,2024-12-27T14:30:00,-1.974,-5.594,-4.118
PLTR,CTRL,NORMAL,2024-12-30T12:30:00,-2.786,1.445,-9.227
PLTR,CTRL,NORMAL,2024-12-31T11:30:00,-2.864,-1.695,-12.837
PLTR,CTRL,NORMAL,2025-01-02T10:30:00,5.491,-3.528,-12.86
PLTR,CTRL,NORMAL,2025-01-03T09:30:00,1.567,-12.884,-17.691
PLTR,CTRL,NORMAL,2025-01-03T15:30:00,-4.909,-14.515,-18.635
PLTR,CTRL,NORMAL,2025-01-06T14:30:00,-7.952,-11.668,-13.76
PLTR,CTRL,NORMAL,2025-01-07T13:30:00,-2.839,-9.968,-3.615
PLTR,CTRL,NORMAL,2025-01-08T12:30:00,-1.555,-3.255,2.248
PLTR,CTRL,NORMAL,2025-01-10T11:30:00,-2.678,2.187,7.176
PLTR,CTRL,NORMAL,2025-01-13T10:30:00,2.51,10.435,13.186
PLTR,CTRL,NORMAL,2025-01-14T09:30:00,1.836,4.785,12.548
PLTR,TOP,NORMAL,2025-01-14T14:30:00,4.713,9.77,17.099
PLTR,CTRL,NORMAL,2025-01-14T15:30:00,3.368,8.891,16.583
PLTR,CTRL,NORMAL,2025-01-15T14:30:00,2.127,6.781,14.232
PLTR,CTRL,NORMAL,2025-01-16T13:30:00,2.219,8.286,12.007
PLTR,CTRL,NORMAL,2025-01-17T12:30:00,2.018,8.589,1.545
PLTR,BOTTOM,NORMAL,2025-01-17T13:30:00,1.81,8.245,3.141
PLTR,CTRL,NORMAL,2025-01-21T11:30:00,5.811,11.518,9.901
PLTR,CTRL,NORMAL,2025-01-22T10:30:00,1.315,-2.503,3.475
PLTR,CTRL,NORMAL,2025-01-23T09:30:00,5.148,1.04,3.235
PLTR,CTRL,NORMAL,2025-01-23T15:30:00,-0.006,1.57,2.81
PLTR,CTRL,NORMAL,2025-01-24T14:30:00,-5.67,2.578,4.488
PLTR,CTRL,NORMAL,2025-01-27T13:30:00,7.315,8.969,12.631
PLTR,CTRL,NORMAL,2025-01-28T12:30:00,-0.2,6.374,29.11
PLTR,CTRL,NORMAL,2025-01-29T11:30:00,1.042,4.562,26.712
PLTR,CTRL,NORMAL,2025-01-30T10:30:00,5.902,31.749,34.452
PLTR,CTRL,NORMAL,2025-01-31T09:30:00,-5.664,19.883,34.308
PLTR,CTRL,NORMAL,2025-01-31T15:30:00,1.74,22.878,34.36
PLTR,CTRL,NORMAL,2025-02-03T14:30:00,22.997,31.055,38.584
PLTR,CTRL,PARABOLIC,2025-02-04T13:30:00,-1.278,10.51,10.081
PLTR,CTRL,NORMAL,2025-02-05T12:30:00,6.547,12.522,15.253
PLTR,CTRL,PARABOLIC,2025-02-06T11:30:00,6.832,5.803,8.176
PLTR,CTRL,PARABOLIC,2025-02-07T10:30:00,-0.503,0.399,2.772
PLTR,CTRL,PARABOLIC,2025-02-10T09:30:00,1.776,3.552,5.999
PLTR,CTRL,PARABOLIC,2025-02-10T15:30:00,-3.472,1.037,6.792
PLTR,CTRL,PARABOLIC,2025-02-11T14:30:00,3.53,5.75,0.841
PLTR,CTRL,PARABOLIC,2025-02-12T13:30:00,-0.227,4.739,-11.22
PLTR,CTRL,PARABOLIC,2025-02-13T12:30:00,2.265,6.003,-11.469
PLTR,CTRL,PARABOLIC,2025-02-14T11:30:00,4.075,-14.176,-20.25
PLTR,CTRL,PARABOLIC,2025-02-18T10:30:00,3.129,-11.683,-29.155
PLTR,CTRL,NORMAL,2025-02-19T09:30:00,-17.784,-26.778,-28.338
PLTR,CTRL,NORMAL,2025-02-19T15:30:00,-5.18,-19.104,-20.309
PLTR,CTRL,NORMAL,2025-02-20T14:30:00,-5.174,-17.996,-21.33
PLTR,CTRL,NORMAL,2025-02-21T13:30:00,-9.596,-12.346,-18.034
PLTR,CTRL,NORMAL,2025-02-24T12:30:00,-6.349,-4.405,-8.139
PLTR,CTRL,NORMAL,2025-02-25T11:30:00,3.55,-4.937,-5.274
PLTR,CTRL,NORMAL,2025-02-26T10:30:00,-0.234,-2.625,-5.469
PLTR,CTRL,NORMAL,2025-02-27T09:30:00,-5.563,-9.955,-2.52
PLTR,TOP,NORMAL,2025-02-27T14:30:00,-0.406,3.977,-3.93
PLTR,CTRL,NORMAL,2025-02-27T15:30:00,0.177,-0.425,-5.155
PLTR,CTRL,NORMAL,2025-02-28T14:30:00,-0.886,6.161,0.932
PLTR,CTRL,NORMAL,2025-03-03T13:30:00,-1.189,-7.113,-13.202
PLTR,CTRL,NORMAL,2025-03-04T12:30:00,5.906,-0.859,-7.638
PLTR,CTRL,NORMAL,2025-03-05T11:30:00,-3.784,-9.442,-4.278
PLTR,CTRL,NORMAL,2025-03-06T10:30:00,-6.08,-7.222,-7.281
PLTR,CTRL,NORMAL,2025-03-07T09:30:00,-4.16,0.182,3.81
PLTR,CTRL,NORMAL,2025-03-07T15:30:00,-10.052,-1.449,1.578
PLTR,CTRL,NORMAL,2025-03-10T14:30:00,4.296,4.716,15.183
PLTR,CTRL,NORMAL,2025-03-11T13:30:00,5.968,8.856,6.074
PLTR,CTRL,NORMAL,2025-03-12T12:30:00,-5.733,2.21,2.711
PLTR,CTRL,NORMAL,2025-03-13T11:30:00,7.558,7.986,10.694
PLTR,CTRL,NORMAL,2025-03-14T10:30:00,-0.462,-0.641,1.309
PLTR,CTRL,NORMAL,2025-05-13T11:30:00,0.276,-0.28,-1.859
PLTR,CTRL,NORMAL,2025-05-14T10:30:00,-1.009,-3.834,-2.629
PLTR,CTRL,NORMAL,2025-05-15T09:30:00,1.175,-0.67,-1.963
PLTR,BOTTOM,NORMAL,2025-05-15T15:30:00,1.101,-1.913,-4.521
PLTR,CTRL,NORMAL,2025-05-16T14:30:00,-1.759,-6.868,-3.866
PLTR,TOP,NORMAL,2025-05-19T13:30:00,-0.139,-1.051,-2.907
PLTR,CTRL,NORMAL,2025-05-20T12:30:00,-4.01,-1.412,-1.682
PLTR,CTRL,NORMAL,2025-05-21T11:30:00,-1.076,-3.055,-2.652
PLTR,CTRL,NORMAL,2025-05-22T10:30:00,-2.559,-1.025,3.658
PLTR,CTRL,NORMAL,2025-05-23T09:30:00,2.705,-0.108,6.352
PLTR,CTRL,NORMAL,2025-05-23T15:30:00,0.024,-0.827,7.038
PLTR,CTRL,NORMAL,2025-05-27T14:30:00,1.414,4.632,9.419
PLTR,BOTTOM,NORMAL,2025-05-28T10:30:00,-0.642,4.512,3.528
PLTR,CTRL,NORMAL,2025-05-28T13:30:00,-1.868,5.893,4.77
PLTR,CTRL,NORMAL,2025-05-29T12:30:00,0.559,8.108,-0.032
PLTR,CTRL,NORMAL,2025-05-30T11:30:00,3.73,2.015,-1.645
PLTR,CTRL,NORMAL,2025-06-02T10:30:00,0.761,1.148,-1.306
PLTR,CTRL,NORMAL,2025-06-03T09:30:00,-3.305,-5.389,-0.018
PLTR,CTRL,NORMAL,2025-06-03T15:30:00,-2.359,-4.079,-0.225
PLTR,CTRL,NORMAL,2025-06-04T14:30:00,-7.961,0.859,4.594
PLTR,CTRL,NORMAL,2025-06-05T13:30:00,4.065,8.191,10.105
PLTR,CTRL,NORMAL,2025-06-06T12:30:00,3.866,9.234,10.145
PLTR,CTRL,NORMAL,2025-06-09T11:30:00,2.042,4.641,9.88
PLTR,CTRL,NORMAL,2025-06-10T10:30:00,4.967,5.739,6.87
PLTR,CTRL,NORMAL,2025-06-11T09:30:00,-0.893,4.448,1.223
PLTR,CTRL,NORMAL,2025-06-11T15:30:00,-0.862,3.644,2.604
PLTR,CTRL,NORMAL,2025-07-09T13:30:00,-0.263,3.908,5.713
PLTR,CTRL,NORMAL,2025-07-10T12:30:00,0.995,4.675,8.786
PLTR,BOTTOM,NORMAL,2025-07-10T15:30:00,-0.277,4.221,8.102
PLTR,CTRL,NORMAL,2025-07-11T11:30:00,2.497,4.493,6.904
PLTR,CTRL,NORMAL,2025-07-14T10:30:00,2.55,4.692,5.772
PLTR,CTRL,NORMAL,2025-07-15T09:30:00,-0.485,1.416,-1.934
PLTR,CTRL,NORMAL,2025-07-15T15:30:00,1.609,3.394,0.357
PLTR,CTRL,NORMAL,2025-07-16T14:30:00,2.019,0.483,1.9
PLTR,CTRL,NORMAL,2025-07-17T13:30:00,-1.163,-4.1,0.106
PLTR,CTRL,NORMAL,2025-07-18T12:30:00,-0.2,-0.799,3.944
PLTR,CTRL,NORMAL,2025-07-21T11:30:00,-3.25,0.988,3.048
PLTR,CTRL,NORMAL,2025-07-22T10:30:00,1.686,7.404,5.051
PLTR,CTRL,NORMAL,2025-07-23T09:30:00,3.695,6.359,6.221
PLTR,CTRL,NORMAL,2025-07-23T15:30:00,0.149,2.116,2.639
PLTR,CTRL,NORMAL,2025-07-24T14:30:00,2.647,0.788,2.143
PLTR,CTRL,NORMAL,2025-07-25T13:30:00,-1.701,-0.214,-1.941
PLTR,CTRL,NORMAL,2025-07-28T12:30:00,0.425,1.156,2.638
PLTR,CTRL,NORMAL,2025-07-29T11:30:00,1.163,1.089,10.183
PLTR,BOTTOM,NORMAL,2025-07-30T09:30:00,0.527,0.662,11.86
PLTR,CTRL,NORMAL,2025-07-30T10:30:00,0.044,0.39,12.843
PLTR,TOP,NORMAL,2025-07-30T15:30:00,-0.246,1.289,13.17
PLTR,CTRL,NORMAL,2025-07-31T09:30:00,-2.241,9.969,14.295
PLTR,CTRL,NORMAL,2025-07-31T15:30:00,-2.568,9.469,15.065
PLTR,CTRL,NORMAL,2025-08-01T14:30:00,3.96,15.197,21.452
PLTR,CTRL,NORMAL,2025-08-04T13:30:00,7.267,11.477,15.021
PLTR,CTRL,NORMAL,2025-08-05T12:30:00,2.965,8.15,8.464
PLTR,CTRL,NORMAL,2025-08-06T11:30:00,2.653,4.185,3.905
PLTR,CTRL,NORMAL,2025-08-07T10:30:00,2.112,0.769,-0.535
PLTR,CTRL,NORMAL,2025-08-08T09:30:00,-0.268,-0.573,-4.766
PLTR,BOTTOM,NORMAL,2025-08-08T12:30:00,-0.563,0.07,-5.055
PLTR,CTRL,NORMAL,2025-08-08T15:30:00,-2.305,-1.433,-5.273
PLTR,CTRL,NORMAL,2025-08-11T14:30:00,1.93,-1.26,-5.398
PLTR,CTRL,NORMAL,2025-08-12T13:30:00,-1.077,-5.106,-15.366
PLTR,CTRL,NORMAL,2025-08-13T12:30:00,-2.348,-7.544,-17.191
PLTR,CTRL,NORMAL,2025-08-14T11:30:00,-2.376,-10.268,-14.026
PLTR,CTRL,NORMAL,2025-08-15T10:30:00,-2.213,-15.768,-8.677
PLTR,CTRL,NORMAL,2025-08-18T09:30:00,-6.773,-9.49,-11.69
PLTR,CTRL,NORMAL,2025-08-18T15:30:00,-9.367,-10.269,-9.712
PLTR,CTRL,NORMAL,2025-08-19T14:30:00,-1.955,-0.233,1.45
PLTR,CTRL,NORMAL,2025-08-20T13:30:00,2.07,3.236,3.274
PLTR,CTRL,NORMAL,2025-08-21T12:30:00,3.197,3.365,0.489
PLTR,CTRL,NORMAL,2025-08-22T11:30:00,-1.86,-2.059,-2.554
PLTR,CTRL,NORMAL,2025-08-25T10:30:00,2.306,-0.448,0.939
PLTR,CTRL,NORMAL,2025-08-26T09:30:00,0.269,-1.996,0.451
PLTR,CTRL,NORMAL,2025-08-26T15:30:00,-2.538,-2.556,-3.7
PLTR,CTRL,NORMAL,2025-09-12T09:30:00,0.617,-1.305,8.449
PLTR,BOTTOM,NORMAL,2025-09-12T14:30:00,-0.333,-1.341,6.917
PLTR,CTRL,NORMAL,2025-09-12T15:30:00,-0.152,-1.849,6.381
PLTR,CTRL,NORMAL,2025-09-15T14:30:00,-0.309,3.622,4.891
PLTR,CTRL,NORMAL,2025-09-16T13:30:00,-3.161,7.321,4.994
PLTR,CTRL,NORMAL,2025-09-17T12:30:00,6.653,8.691,8.649
PLTR,CTRL,NORMAL,2025-09-18T11:30:00,4.539,3.486,3.603
PLTR,CTRL,NORMAL,2025-09-19T10:30:00,-1.274,-0.355,-2.642
PLTR,CTRL,NORMAL,2025-09-22T09:30:00,0.982,0.784,-0.022
PLTR,CTRL,NORMAL,2025-09-22T15:30:00,1.801,-0.127,-0.273
PLTR,CTRL,NORMAL,2025-09-23T14:30:00,-1.746,-2.426,-0.44
PLTR,CTRL,NORMAL,2025-09-24T13:30:00,0.83,0.482,3.131
PLTR,CTRL,NORMAL,2025-09-25T12:30:00,-1.293,-0.347,3.882
PLTR,TOP,NORMAL,2025-09-26T09:30:00,2.647,5.541,1.922
PLTR,CTRL,NORMAL,2025-09-26T11:30:00,0.437,4.512,0.846
PLTR,CTRL,NORMAL,2025-09-29T10:30:00,1.737,4.799,1.188
PLTR,CTRL,NORMAL,2025-10-09T14:30:00,-5.121,-2.96,-4.789
PLTR,CTRL,NORMAL,2025-10-10T13:30:00,-0.711,-0.213,0.218
PLTR,CTRL,NORMAL,2025-10-13T12:30:00,2.754,1.994,3.105
PLTR,CTRL,NORMAL,2025-10-14T11:30:00,0.081,-0.487,1.167
PLTR,CTRL,NORMAL,2025-10-15T10:30:00,-0.091,0.346,-6.464
PLTR,CTRL,NORMAL,2025-10-16T09:30:00,-1.24,-1.639,-2.362
PLTR,CTRL,NORMAL,2025-10-16T15:30:00,0.011,1.903,1.336
PLTR,CTRL,NORMAL,2025-10-17T14:30:00,1.745,-1.812,3.422
PLTR,CTRL,NORMAL,2025-10-20T13:30:00,-0.456,-0.73,4.678
PLTR,CTRL,NORMAL,2025-10-21T12:30:00,-5.281,2.069,3.463
PLTR,CTRL,NORMAL,2025-10-22T11:30:00,4.646,10.543,14.1
PLTR,TOP,NORMAL,2025-10-22T13:30:00,4.886,10.601,14.198
PLTR,CTRL,NORMAL,2025-10-23T10:30:00,2.742,4.892,10.23
PLTR,CTRL,NORMAL,2025-10-24T09:30:00,3.608,6.533,9.879
PLTR,CTRL,NORMAL,2025-10-24T15:30:00,2.473,7.694,8.591
PLTR,CTRL,NORMAL,2025-10-27T14:30:00,0.179,3.912,8.774
PLTR,CTRL,NORMAL,2025-10-28T13:30:00,3.507,5.289,-0.011
PLTR,CTRL,NORMAL,2025-12-30T14:30:00,-2.441,-3.772,0.341
PLTR,CTRL,NORMAL,2025-12-31T13:30:00,-5.918,0.765,-1.566
PLTR,CTRL,NORMAL,2026-01-02T12:30:00,3.412,10.388,5.402
PLTR,CTRL,NORMAL,2026-01-05T11:30:00,2.383,1.709,2.013
PLTR,TOP,NORMAL,2026-01-05T15:30:00,3.344,1.592,3.074
PLTR,CTRL,NORMAL,2026-01-06T10:30:00,3.458,0.274,1.021
PLTR,CTRL,NORMAL,2026-01-07T09:30:00,0.545,-0.623,-1.763
PLTR,CTRL,NORMAL,2026-01-07T15:30:00,-2.697,-1.277,-1.816
PLTR,CTRL,NORMAL,2026-01-08T14:30:00,0.085,0.99,-0.203
TSLA,CTRL,NORMAL,2024-09-12T13:30:00,-0.224,-0.77,6.269
TSLA,CTRL,NORMAL,2024-09-13T12:30:00,-1.078,0.427,3.949
TSLA,CTRL,NORMAL,2024-09-16T11:30:00,0.883,6.348,8.663
TSLA,CTRL,NORMAL,2024-09-17T10:30:00,-1.614,2.653,9.262
TSLA,CTRL,NORMAL,2024-09-18T09:30:00,4.417,8.067,11.033
TSLA,CTRL,NORMAL,2024-09-18T15:30:00,7.343,10.05,13.127
TSLA,CTRL,NORMAL,2024-09-19T14:30:00,-1.202,4.005,4.49
TSLA,CTRL,NORMAL,2024-09-20T13:30:00,4.839,7.68,8.805
TSLA,BOTTOM,NORMAL,2024-09-20T15:30:00,4.927,7.861,9.32
TSLA,CTRL,PARABOLIC,2024-09-23T12:30:00,1.912,2.257,4.37
TSLA,CTRL,PARABOLIC,2024-09-24T11:30:00,1.278,2.662,1.1
TSLA,CTRL,PARABOLIC,2024-09-25T10:30:00,0.102,2.149,-2.086
TSLA,CTRL,PARABOLIC,2024-09-26T09:30:00,-0.507,-2.365,-4.001
TSLA,CTRL,PARABOLIC,2024-09-26T15:30:00,2.477,1.511,-5.3
TSLA,CTRL,PARABOLIC,2024-09-27T14:30:00,-0.737,-4.098,-4.121
TSLA,CTRL,PARABOLIC,2024-09-30T13:30:00,0.701,-7.074,-5.119
TSLA,CTRL,PARABOLIC,2024-10-01T12:30:00,-1.778,-1.75,-3.464
TSLA,CTRL,NORMAL,2024-10-02T11:30:00,-2.543,-1.785,-1.88
TSLA,CTRL,NORMAL,2024-10-03T10:30:00,1.691,0.107,-1.936
TSLA,CTRL,NORMAL,2024-10-04T09:30:00,-0.271,-0.405,-10.798
TSLA,TOP,NORMAL,2024-10-04T15:30:00,-3.656,-3.58,-12.917
TSLA,CTRL,NORMAL,2024-10-07T14:30:00,1.121,-0.335,-9.421
TSLA,CTRL,NORMAL,2024-10-08T13:30:00,-0.38,-10.266,-9.91
TSLA,CTRL,NORMAL,2024-10-09T12:30:00,-1.028,-10.241,-9.541
TSLA,CTRL,NORMAL,2024-10-10T11:30:00,-8.515,-8.515,-8.863
TSLA,CTRL,NORMAL,2024-10-11T10:30:00,-0.469,0.143,1.054
TSLA,CTRL,NORMAL,2024-10-14T09:30:00,1.434,1.201,1.191
TSLA,CTRL,NORMAL,2024-10-14T15:30:00,0.237,0.794,-0.114
TSLA,CTRL,NORMAL,2024-10-15T14:30:00,0.943,0.953,-0.704
TSLA,CTRL,NORMAL,2024-10-16T13:30:00,-0.652,-1.883,-3.66
TSLA,CTRL,NORMAL,2024-10-17T12:30:00,-0.061,-1.981,16.202
TSLA,BOTTOM,NORMAL,2024-10-17T14:30:00,0.654,-0.998,18.119
TSLA,CTRL,NORMAL,2024-10-18T11:30:00,-1.289,-2.983,20.805
TSLA,TOP,NORMAL,2024-10-18T15:30:00,-0.822,-3.242,21.927
TSLA,CTRL,NORMAL,2024-10-21T10:30:00,-0.689,16.684,24.897
TSLA,CTRL,NORMAL,2024-10-22T09:30:00,-0.168,23.438,20.475
TSLA,CTRL,NORMAL,2024-10-22T15:30:00,-1.996,23.496,19.04
TSLA,CTRL,NORMAL,2024-10-23T14:30:00,21.646,23.752,21.486
TSLA,CTRL,PARABOLIC,2024-10-24T13:30:00,3.457,0.485,-2.936
TSLA,CTRL,PARABOLIC,2024-10-25T12:30:00,0.775,-1.808,-6.971
TSLA,CTRL,PARABOLIC,2024-10-28T11:30:00,-4.784,-6.438,-9.496
TSLA,CTRL,NORMAL,2024-10-29T10:30:00,1.147,-2.794,-3.051
TSLA,CTRL,PARABOLIC,2024-11-11T13:30:00,-3.976,-9.38,-4.282
TSLA,CTRL,PARABOLIC,2024-11-12T12:30:00,1.603,-1.606,6.506
TSLA,CTRL,PARABOLIC,2024-11-13T11:30:00,-3.875,3.708,1.899
TSLA,BOTTOM,PARABOLIC,2024-11-13T15:30:00,-5.757,2.629,3.559
TSLA,CTRL,PARABOLIC,2024-11-14T10:30:00,0.646,7.665,6.69
TSLA,CTRL,PARABOLIC,2024-11-15T09:30:00,10.314,7.274,9.261
TSLA,CTRL,PARABOLIC,2024-11-15T15:30:00,5.623,6.58,9.902
TSLA,CTRL,PARABOLIC,2024-11-18T14:30:00,2.479,1.324,3.14
TSLA,CTRL,PARABOLIC,2024-11-19T13:30:00,-1.224,3.277,-1.264
TSLA,CTRL,PARABOLIC,2024-11-20T12:30:00,0.713,2.646,-2.724
TSLA,BOTTOM,PARABOLIC,2024-11-20T15:30:00,-0.699,-1.024,-2.676
TSLA,CTRL,PARABOLIC,2024-11-21T11:30:00,2.991,0.241,-1.155
TSLA,CTRL,PARABOLIC,2024-11-22T10:30:00,-0.155,-6.45,1.38
TSLA,CTRL,PARABOLIC,2024-11-25T09:30:00,-0.964,-2.503,-0.068
TSLA,CTRL,PARABOLIC,2024-11-25T15:30:00,-0.056,5.2,4.063
TSLA,CTRL,PARABOLIC,2024-11-26T14:30:00,-1.432,3.363,9.741
TSLA,CTRL,PARABOLIC,2024-11-27T13:30:00,5.733,5.811,12.918
TSLA,CTRL,PARABOLIC,2024-12-02T09:30:00,-1.697,4.852,8.868
TSLA,CTRL,PARABOLIC,2024-12-02T15:30:00,-1.599,3.473,9.176
TSLA,CTRL,PARABOLIC,2024-12-03T14:30:00,1.59,9.679,15.651
TSLA,CTRL,PARABOLIC,2024-12-04T13:30:00,4.975,9.015,18.644
TSLA,CTRL,PARABOLIC,2024-12-05T12:30:00,1.852,10.488,14.649
TSLA,CTRL,PARABOLIC,2024-12-06T11:30:00,1.915,10.397,13.976
TSLA,CTRL,PARABOLIC,2024-12-09T10:30:00,5.291,10.693,19.662
TSLA,CTRL,PARABOLIC,2024-12-10T09:30:00,1.548,6.152,17.087
TSLA,CTRL,PARABOLIC,2024-12-10T15:30:00,5.966,8.808,19.699
TSLA,CTRL,PARABOLIC,2024-12-11T14:30:00,-1.042,9.721,4.266
TSLA,CTRL,PARABOLIC,2024-12-12T13:30:00,3.611,13.692,3.462
TSLA,BOTTOM,PARABOLIC,2024-12-13T12:30:00,7.144,10.892,3.462
TSLA,CTRL,PARABOLIC,2024-12-16T11:30:00,2.407,-7.615,-6.013
TSLA,CTRL,PARABOLIC,2024-12-17T10:30:00,1.834,-6.499,-4.011
TSLA,CTRL,PARABOLIC,2024-12-18T09:30:00,-7.715,-10.506,-4.682
TSLA,CTRL,PARABOLIC,2024-12-18T15:30:00,-0.904,-2.02,-1.696
TSLA,CTRL,PARABOLIC,2024-12-19T14:30:00,-0.92,3.56,-4.023
TSLA,CTRL,PARABOLIC,2024-12-20T13:30:00,-0.926,0.311,-5.699
TSLA,CTRL,PARABOLIC,2024-12-23T12:30:00,6.539,-3.428,-12.245
TSLA,CTRL,PARABOLIC,2024-12-24T11:30:00,-0.341,-8.393,-16.791
TSLA,CTRL,PARABOLIC,2024-12-26T14:30:00,-5.942,-10.464,-10.693
TSLA,CTRL,NORMAL,2024-12-27T13:30:00,-1.356,-12.211,-5.967
TSLA,CTRL,NORMAL,2024-12-30T12:30:00,-2.523,-5.472,-5.591
TSLA,CTRL,NORMAL,2024-12-31T11:30:00,-8.241,-0.841,-5.869
TSLA,CTRL,NORMAL,2025-01-02T10:30:00,3.523,4.255,1.468
TSLA,CTRL,NORMAL,2025-01-03T09:30:00,8.202,2.713,0.301
TSLA,CTRL,NORMAL,2025-01-03T15:30:00,0.068,-3.839,-1.801
TSLA,TOP,NORMAL,2025-01-06T14:30:00,-4.032,-3.323,-2.28
TSLA,CTRL,NORMAL,2025-01-07T13:30:00,1.505,0.01,7.631
TSLA,CTRL,NORMAL,2025-01-08T12:30:00,-0.339,2.572,3.295
TSLA,CTRL,NORMAL,2025-01-10T11:30:00,1.137,7.235,11.48
TSLA,CTRL,NORMAL,2025-01-13T10:30:00,5.037,7.07,6.946
TSLA,CTRL,NORMAL,2025-01-14T09:30:00,1.199,3.907,2.634
TSLA,CTRL,NORMAL,2025-01-14T15:30:00,8.072,7.643,4.77
TSLA,CTRL,NORMAL,2025-01-15T14:30:00,-3.117,-1.48,-3.825
TSLA,CTRL,NORMAL,2025-01-16T13:30:00,6.388,1.461,-1.009
TSLA,BOTTOM,NORMAL,2025-01-17T11:30:00,-4.678,-5.85,-8.995
TSLA,CTRL,NORMAL,2025-01-17T12:30:00,-4.179,-5.659,-9.874
TSLA,CTRL,NORMAL,2025-01-21T11:30:00,1.011,-1.105,-5.402
TSLA,CTRL,NORMAL,2025-01-22T10:30:00,-2.204,-5.517,-7.769
TSLA,CTRL,NORMAL,2025-01-23T09:30:00,0.039,-5.15,-5.372
TSLA,CTRL,NORMAL,2025-01-23T15:30:00,-1.415,-3.46,-2.883
TSLA,TOP,NORMAL,2025-01-24T14:30:00,-3.036,-3.861,-0.983
TSLA,CTRL,NORMAL,2025-05-05T11:30:00,-1.381,3.618,14.903
TSLA,CTRL,NORMAL,2025-05-06T10:30:00,-0.867,8.314,16.603
TSLA,CTRL,NORMAL,2025-05-07T09:30:00,1.968,14.006,23.085
TSLA,CTRL,NORMAL,2025-05-07T15:30:00,3.154,15.367,25.799
TSLA,CTRL,NORMAL,2025-05-08T14:30:00,3.041,15.906,17.584
TSLA,CTRL,NORMAL,2025-05-09T13:30:00,6.22,16.174,16.376
TSLA,BOTTOM,NORMAL,2025-08-27T09:30:00,-2.171,-5.669,-5.384
TSLA,CTRL,NORMAL,2025-08-27T14:30:00,-0.989,-5.895,-3.733
TSLA,CTRL,NORMAL,2025-08-28T13:30:00,-3.572,-2.372,1.79
TSLA,CTRL,NORMAL,2025-08-29T12:30:00,-1.182,0.4,4.1
TSLA,TOP,NORMAL,2025-08-29T14:30:00,-0.852,1.426,4.211
TSLA,CTRL,NORMAL,2025-09-02T11:30:00,3.786,5.632,5.602
TSLA,CTRL,NORMAL,2025-09-03T10:30:00,-1.575,2.685,4.269
TSLA,CTRL,NORMAL,2025-09-04T09:30:00,4.225,3.852,7.526
TSLA,CTRL,NORMAL,2025-09-04T15:30:00,3.614,2.503,8.929
TSLA,CTRL,NORMAL,2025-09-05T14:30:00,-0.78,-0.393,12.947
TSLA,CTRL,NORMAL,2025-09-08T13:30:00,0.013,5.402,17.355
TSLA,CTRL,NORMAL,2025-09-09T12:30:00,2.123,13.464,20.721
TSLA,BOTTOM,NORMAL,2025-09-09T15:30:00,0.216,14.108,21.47
TSLA,CTRL,NORMAL,2025-09-10T11:30:00,1.743,18.143,18.435
TSLA,CTRL,NORMAL,2025-09-11T10:30:00,7.354,15.748,17.461
TSLA,CTRL,NORMAL,2025-09-12T09:30:00,6.329,5.323,8.935
TSLA,CTRL,NORMAL,2025-09-12T15:30:00,3.597,7.472,7.543
TSLA,CTRL,NORMAL,2025-09-15T14:30:00,3.145,3.613,6.878
TSLA,CTRL,NORMAL,2025-09-16T13:30:00,0.017,1.629,1.615
TSLA,CTRL,PARABOLIC,2025-09-17T12:30:00,0.879,3.168,4.711
TSLA,CTRL,NORMAL,2025-09-18T11:30:00,0.126,2.823,1.527
TSLA,CTRL,NORMAL,2025-09-19T10:30:00,4.416,3.658,1.366
TSLA,CTRL,NORMAL,2025-09-22T09:30:00,-2.424,-3.399,-0.105
TSLA,CTRL,NORMAL,2025-09-22T15:30:00,-1.882,-2.482,2.122
TSLA,CTRL,NORMAL,2025-09-23T14:30:00,3.577,2.623,3.704
TSLA,CTRL,PARABOLIC,2025-09-24T13:30:00,-3.465,0.887,4.578
TSLA,CTRL,NORMAL,2025-09-25T12:30:00,1.441,2.465,4.439
TSLA,CTRL,NORMAL,2025-09-26T11:30:00,2.465,5.788,-0.768
TSLA,CTRL,NORMAL,2025-09-29T10:30:00,-0.97,1.818,0.86
TSLA,CTRL,NORMAL,2025-09-30T09:30:00,3.878,-2.4,1.986
TSLA,CTRL,NORMAL,2025-09-30T15:30:00,3.359,-3.307,-2.625
TSLA,CTRL,PARABOLIC,2025-10-01T14:30:00,-3.784,-1.761,-4.837
TSLA,CTRL,NORMAL,2025-10-02T13:30:00,-3.854,0.516,-2.214
TSLA,CTRL,NORMAL,2025-10-03T12:30:00,6.622,3.508,-0.327
TSLA,CTRL,NORMAL,2025-10-06T11:30:00,-1.1,-3.603,-4.757
TSLA,CTRL,NORMAL,2025-10-07T10:30:00,-2.164,-4.281,-4.434
TSLA,CTRL,NORMAL,2025-10-08T09:30:00,-0.452,-2.574,1.125
TSLA,CTRL,NORMAL,2025-10-08T15:30:00,-0.7,-0.616,-0.777
TSLA,TOP,NORMAL,2025-10-09T11:30:00,-2.422,-0.281,-0.505
TSLA,CTRL,NORMAL,2025-10-09T14:30:00,-4.845,-0.687,-2.309
TSLA,BOTTOM,NORMAL,2025-10-09T15:30:00,-5.104,-1.447,-1.595
TSLA,CTRL,NORMAL,2025-10-10T13:30:00,4.057,3.121,4.907
TSLA,CTRL,NORMAL,2025-10-13T12:30:00,0.753,0.476,3.32
TSLA,CTRL,NORMAL,2025-10-14T11:30:00,0.964,1.886,4.097
TSLA,CTRL,NORMAL,2025-10-15T10:30:00,-0.4,1.303,-0.933
TSLA,CTRL,NORMAL,2025-10-16T09:30:00,0.774,2.058,-2.598
TSLA,BOTTOM,NORMAL,2025-10-16T10:30:00,-0.536,2.459,-1.077
TSLA,CTRL,NORMAL,2025-10-16T15:30:00,2.493,3.249,4.762
TSLA,CTRL,NORMAL,2025-10-17T14:30:00,1.632,-0.37,-1.396
TSLA,CTRL,NORMAL,2025-10-20T13:30:00,0.258,0.852,2.792
TSLA,CTRL,NORMAL,2025-10-21T12:30:00,-2.866,-2.361,4.153
TSLA,CTRL,NORMAL,2025-10-22T11:30:00,0.555,5.096,5.858
TSLA,CTRL,NORMAL,2025-10-23T10:30:00,2.408,7.779,2.721
TSLA,CTRL,NORMAL,2025-10-24T09:30:00,1.855,4.74,3.184
TSLA,CTRL,NORMAL,2025-10-24T15:30:00,4.327,6.43,5.288
TSLA,CTRL,NORMAL,2025-10-27T14:30:00,3.039,-1.417,4.69
TSLA,CTRL,NORMAL,2025-10-28T13:30:00,-0.373,-2.168,-2.838
TSLA,CTRL,NORMAL,2025-10-29T12:30:00,-2.858,2.028,-0.227
TSLA,CTRL,NORMAL,2025-10-30T11:30:00,1.963,1.267,-1.155
TSLA,BOTTOM,NORMAL,2025-10-31T09:30:00,3.092,-2.739,-4.568
TSLA,CTRL,NORMAL,2025-10-31T10:30:00,2.767,-1.18,-6.155
TSLA,CTRL,NORMAL,2025-11-03T09:30:00,-2.342,-3.744,-5.176
TSLA,CTRL,NORMAL,2025-11-03T15:30:00,-5.166,-4.765,-4.946
TSLA,CTRL,NORMAL,2025-11-04T14:30:00,2.928,-3.885,-2.569
TSLA,CTRL,NORMAL,2025-11-05T13:30:00,-2.349,-3.369,-6.851
TSLA,CTRL,NORMAL,2025-11-06T12:30:00,-3.81,-2.462,-10.848
TSLA,CTRL,NORMAL,2025-11-07T11:30:00,4.074,0.379,-4.649
TSLA,CTRL,NORMAL,2025-11-10T10:30:00,-3.023,-8.906,-6.295
TSLA,TOP,NORMAL,2025-11-10T15:30:00,-1.316,-9.738,-8.148
TSLA,CTRL,NORMAL,2025-11-11T09:30:00,-0.419,-8.13,-8.856
TSLA,CTRL,NORMAL,2025-11-11T15:30:00,-1.998,-7.981,-8.68
TSLA,CTRL,NORMAL,2025-11-12T14:30:00,-6.732,-5.663,-6.176
TSLA,CTRL,NORMAL,2025-11-13T13:30:00,1.445,0.044,-0.078
TSLA,CTRL,NORMAL,2025-11-14T12:30:00,1.574,-1.403,-2.781
TSLA,CTRL,NORMAL,2025-11-17T11:30:00,-4.164,-3.662,-0.145
TSLA,CTRL,NORMAL,2025-11-18T10:30:00,1.199,-3.143,2.078
TSLA,CTRL,NORMAL,2025-11-19T09:30:00,4.098,0.906,2.086
TSLA,CTRL,NORMAL,2025-11-19T15:30:00,-2.227,3.346,5.545
TSLA,CTRL,NORMAL,2025-11-20T14:30:00,-0.988,4.455,7.356
TSLA,CTRL,NORMAL,2026-01-15T09:30:00,-1.459,-3.583,0.629
TSLA,CTRL,NORMAL,2026-01-15T15:30:00,-0.196,-1.567,2.45
TSLA,CTRL,NORMAL,2026-01-16T14:30:00,-4.995,1.478,-1.134
TSLA,CTRL,NORMAL,2026-01-20T13:30:00,2.439,5.901,2.146
TSLA,CTRL,NORMAL,2026-01-21T12:30:00,4.532,3.031,2.153
TSLA,CTRL,NORMAL,2026-01-22T11:30:00,2.241,-1.003,-3.385
TSLA,CTRL,NORMAL,2026-01-23T10:30:00,-2.302,-3.55,-4.08
TSLA,CTRL,NORMAL,2026-01-26T09:30:00,-0.584,-3.587,-3.905
TSLA,CTRL,NORMAL,2026-01-26T15:30:00,-0.986,-4.311,-6.06
HOOD,CTRL,NORMAL,2024-09-26T09:30:00,1.038,-0.327,-2.197
HOOD,CTRL,NORMAL,2024-09-26T15:30:00,6.604,-0.357,0.0
HOOD,CTRL,NORMAL,2024-09-27T14:30:00,-1.598,-4.982,-3.448
HOOD,CTRL,NORMAL,2024-09-30T13:30:00,-3.168,-3.555,0.642
HOOD,CTRL,NORMAL,2024-10-01T12:30:00,2.108,2.332,12.744
HOOD,CTRL,NORMAL,2024-10-02T11:30:00,-2.465,1.623,10.585
HOOD,CTRL,NORMAL,2024-10-03T10:30:00,1.889,12.438,14.8
HOOD,CTRL,NORMAL,2024-10-04T09:30:00,1.716,8.627,15.361
HOOD,CTRL,NORMAL,2024-10-04T15:30:00,1.839,12.014,14.81
HOOD,CTRL,NORMAL,2024-10-07T14:30:00,10.544,10.531,15.406
HOOD,CTRL,NORMAL,2024-10-08T13:30:00,0.65,3.906,5.524
HOOD,CTRL,NORMAL,2024-10-09T12:30:00,2.553,7.89,7.58
HOOD,CTRL,NORMAL,2024-10-10T11:30:00,1.247,4.24,3.073
HOOD,BOTTOM,NORMAL,2024-10-10T14:30:00,2.791,4.196,3.064
HOOD,CTRL,NORMAL,2024-10-11T10:30:00,3.825,3.96,3.844
HOOD,CTRL,NORMAL,2024-10-14T09:30:00,-1.02,-1.77,-0.833
HOOD,CTRL,NORMAL,2024-10-14T15:30:00,-0.759,-2.536,-0.185
HOOD,CTRL,NORMAL,2024-10-15T14:30:00,0.656,0.544,3.016
HOOD,CTRL,NORMAL,2024-10-16T13:30:00,-2.237,-0.428,-1.711
HOOD,CTRL,NORMAL,2024-10-17T12:30:00,0.546,3.54,1.149
HOOD,CTRL,NORMAL,2024-10-18T11:30:00,0.711,0.411,2.378
HOOD,TOP,NORMAL,2024-10-18T15:30:00,0.485,-0.522,0.857
HOOD,CTRL,NORMAL,2024-10-21T10:30:00,2.076,1.945,5.004
HOOD,CTRL,NORMAL,2024-10-22T09:30:00,0.927,1.909,3.577
HOOD,CTRL,NORMAL,2024-10-22T15:30:00,-2.556,-1.205,2.3
HOOD,CTRL,NORMAL,2024-10-23T14:30:00,2.2,5.115,6.769
HOOD,CTRL,NORMAL,2024-10-24T13:30:00,0.574,4.146,-12.326
HOOD,CTRL,NORMAL,2024-10-25T12:30:00,3.115,4.032,-12.369
HOOD,CTRL,NORMAL,2024-10-28T11:30:00,0.089,-14.159,-14.586
HOOD,CTRL,NORMAL,2024-10-29T10:30:00,0.714,-14.724,-10.869
HOOD,CTRL,NORMAL,2024-10-30T09:30:00,-15.421,-13.782,-0.405
HOOD,CTRL,NORMAL,2024-10-30T15:30:00,-16.814,-13.749,5.776
HOOD,CTRL,NORMAL,2024-10-31T14:30:00,2.175,5.611,26.119
HOOD,CTRL,NORMAL,2024-11-01T13:30:00,2.379,26.275,28.126
HOOD,CTRL,NORMAL,2024-11-04T12:30:00,3.221,23.523,38.837
HOOD,CTRL,NORMAL,2024-11-05T11:30:00,17.538,20.89,29.609
HOOD,CTRL,NORMAL,2024-11-06T10:30:00,3.242,16.785,15.576
HOOD,CTRL,NORMAL,2024-11-07T09:30:00,0.726,11.477,8.464
HOOD,CTRL,NORMAL,2024-11-07T15:30:00,4.02,12.436,9.813
HOOD,BOTTOM,NORMAL,2024-11-08T14:30:00,9.85,5.973,5.197
HOOD,CTRL,PARABOLIC,2024-11-11T13:30:00,-2.533,-3.814,1.49
HOOD,CTRL,PARABOLIC,2024-11-12T12:30:00,1.937,-2.691,9.486
HOOD,CTRL,NORMAL,2024-11-13T11:30:00,-3.76,5.738,9.573
HOOD,CTRL,NORMAL,2024-11-14T10:30:00,0.016,11.791,12.184
HOOD,CTRL,NORMAL,2024-11-15T09:30:00,8.381,15.735,11.106
HOOD,CTRL,NORMAL,2024-11-15T15:30:00,8.261,11.572,13.487
HOOD,CTRL,PARABOLIC,2024-11-18T14:30:00,0.496,0.907,6.847
HOOD,CTRL,PARABOLIC,2024-11-19T13:30:00,0.84,1.68,1.862
HOOD,CTRL,PARABOLIC,2024-11-20T12:30:00,-1.628,3.339,4.24
HOOD,CTRL,NORMAL,2024-11-21T11:30:00,2.403,4.454,6.129
HOOD,CTRL,PARABOLIC,2024-11-22T10:30:00,6.685,4.064,4.912
HOOD,CTRL,PARABOLIC,2024-11-25T09:30:00,-3.636,-1.281,-0.595
HOOD,CTRL,PARABOLIC,2024-11-25T15:30:00,-3.843,-0.317,5.639
HOOD,CTRL,PARABOLIC,2024-11-26T14:30:00,4.439,4.051,9.566
HOOD,CTRL,PARABOLIC,2024-11-27T13:30:00,1.756,4.086,4.494
HOOD,CTRL,NORMAL,2024-12-02T09:30:00,-1.052,3.411,5.364
HOOD,BOTTOM,NORMAL,2024-12-02T14:30:00,1.717,3.158,5.062
HOOD,CTRL,NORMAL,2024-12-02T15:30:00,2.764,3.456,5.051
HOOD,CTRL,PARABOLIC,2024-12-03T14:30:00,3.587,7.334,-2.482
HOOD,CTRL,PARABOLIC,2024-12-04T13:30:00,-0.013,2.404,-3.18
HOOD,CTRL,NORMAL,2024-12-05T12:30:00,4.261,-4.079,1.576
HOOD,BOTTOM,PARABOLIC,2024-12-06T11:30:00,-0.976,-5.595,-1.692
HOOD,CTRL,NORMAL,2024-12-09T10:30:00,-3.444,-1.791,6.316
HOOD,CTRL,NORMAL,2024-12-10T09:30:00,-3.272,-0.519,1.568
HOOD,TOP,NORMAL,2024-12-10T14:30:00,1.586,6.396,10.267
HOOD,CTRL,NORMAL,2024-12-10T15:30:00,1.298,7.56,11.349
HOOD,CTRL,NORMAL,2024-12-11T14:30:00,2.388,14.406,-0.853
HOOD,CTRL,NORMAL,2024-12-12T13:30:00,0.546,5.21,-6.689
HOOD,CTRL,NORMAL,2024-12-13T12:30:00,8.472,0.565,-4.381
HOOD,CTRL,PARABOLIC,2024-12-16T11:30:00,-3.412,-15.512,-12.747
HOOD,CTRL,NORMAL,2024-12-17T10:30:00,-4.252,-8.744,-6.173
HOOD,BOTTOM,NORMAL,2024-12-17T14:30:00,-8.658,-7.425,-3.122
HOOD,CTRL,NORMAL,2024-12-18T09:30:00,-7.49,-7.112,0.81
HOOD,CTRL,NORMAL,2024-12-18T15:30:00,-0.378,1.133,6.017
HOOD,CTRL,NORMAL,2024-12-19T14:30:00,4.403,9.256,5.425
HOOD,CTRL,NORMAL,2024-12-20T13:30:00,-2.555,2.243,-0.234
HOOD,CTRL,NORMAL,2024-12-23T12:30:00,5.173,1.831,4.01
HOOD,CTRL,NORMAL,2024-12-24T11:30:00,2.59,-2.694,0.254
HOOD,CTRL,NORMAL,2024-12-26T14:30:00,-2.839,-6.062,1.822
HOOD,CTRL,NORMAL,2024-12-27T13:30:00,-1.503,-0.025,9.106
HOOD,CTRL,NORMAL,2025-01-08T12:30:00,-0.942,6.939,14.486
HOOD,CTRL,NORMAL,2025-01-10T11:30:00,-1.507,15.373,22.859
HOOD,CTRL,NORMAL,2025-01-13T10:30:00,10.093,20.237,26.982
HOOD,CTRL,NORMAL,2025-01-14T09:30:00,6.753,10.529,18.246
HOOD,CTRL,NORMAL,2025-01-14T15:30:00,9.1,15.182,20.067
HOOD,CTRL,NORMAL,2025-01-15T14:30:00,1.058,10.056,10.308
HOOD,CTRL,NORMAL,2025-01-16T13:30:00,4.452,8.626,10.107
HOOD,CTRL,NORMAL,2025-01-17T12:30:00,2.719,3.178,-4.647
HOOD,CTRL,NORMAL,2025-01-21T11:30:00,2.019,4.139,-1.597
HOOD,CTRL,NORMAL,2025-01-22T10:30:00,-0.02,-5.365,-2.023
HOOD,CTRL,NORMAL,2025-01-23T09:30:00,1.626,-1.963,3.887
HOOD,BOTTOM,NORMAL,2025-01-23T14:30:00,0.682,-1.951,4.638
HOOD,CTRL,NORMAL,2025-01-23T15:30:00,1.489,-1.897,5.215
HOOD,CTRL,NORMAL,2025-01-24T14:30:00,-7.621,1.355,1.787
HOOD,CTRL,NORMAL,2025-01-27T13:30:00,4.048,11.348,10.039
HOOD,CTRL,NORMAL,2025-01-28T12:30:00,2.201,7.637,8.251
HOOD,CTRL,NORMAL,2025-01-29T11:30:00,6.951,4.451,8.181
HOOD,CTRL,NORMAL,2025-01-30T10:30:00,-0.405,0.292,0.895
HOOD,CTRL,NORMAL,2025-01-31T09:30:00,-3.669,0.781,3.811
HOOD,CTRL,NORMAL,2025-01-31T15:30:00,-0.08,4.37,7.643
HOOD,CTRL,NORMAL,2025-02-03T14:30:00,1.25,1.789,8.223
HOOD,CTRL,NORMAL,2025-02-04T13:30:00,2.334,4.958,2.07
HOOD,CTRL,NORMAL,2025-02-05T12:30:00,-2.011,4.121,4.166
HOOD,CTRL,NORMAL,2025-02-06T11:30:00,2.464,2.145,17.007
HOOD,CTRL,NORMAL,2025-02-07T10:30:00,2.638,0.733,18.45
HOOD,BOTTOM,NORMAL,2025-02-07T12:30:00,0.877,0.921,14.281
HOOD,CTRL,NORMAL,2025-02-10T09:30:00,-0.894,12.227,10.905
HOOD,CTRL,NORMAL,2025-02-10T15:30:00,-5.206,13.38,7.374
HOOD,CTRL,NORMAL,2025-02-11T14:30:00,5.173,21.285,9.591
HOOD,CTRL,NORMAL,2025-02-12T13:30:00,13.361,8.432,-0.27
HOOD,CTRL,PARABOLIC,2025-02-13T12:30:00,2.751,-3.942,-14.674
HOOD,CTRL,PARABOLIC,2025-02-14T11:30:00,-1.807,-13.545,-21.551
HOOD,CTRL,NORMAL,2025-02-18T10:30:00,-2.308,-10.199,-28.269
HOOD,CTRL,NORMAL,2025-02-19T09:30:00,-5.956,-18.087,-18.087
HOOD,CTRL,NORMAL,2025-02-19T15:30:00,-5.37,-15.738,-17.545
HOOD,CTRL,NORMAL,2025-02-20T14:30:00,-7.269,-17.29,-14.091
HOOD,CTRL,NORMAL,2025-02-21T13:30:00,-3.281,-7.164,-4.409
HOOD,TOP,NORMAL,2025-02-21T14:30:00,-3.649,-6.975,-4.929
HOOD,CTRL,NORMAL,2025-02-24T12:30:00,-9.737,1.24,-4.317
HOOD,CTRL,NORMAL,2025-02-25T11:30:00,10.573,12.572,-0.988
HOOD,CTRL,NORMAL,2025-02-26T10:30:00,4.628,0.167,-8.787
HOOD,CTRL,NORMAL,2025-02-27T09:30:00,-1.615,-15.531,-5.956
HOOD,CTRL,NORMAL,2025-02-27T15:30:00,2.725,-5.323,-8.06
HOOD,CTRL,NORMAL,2025-02-28T14:30:00,-5.629,-4.081,-10.394
HOOD,CTRL,NORMAL,2025-03-03T13:30:00,-4.167,-8.15,-25.539
HOOD,CTRL,NORMAL,2025-03-04T12:30:00,2.777,-4.569,-20.364
HOOD,CTRL,NORMAL,2025-03-05T11:30:00,0.022,-17.731,-16.489
HOOD,CTRL,NORMAL,2025-03-06T10:30:00,-12.69,-22.01,-23.913
HOOD,CTRL,NORMAL,2025-03-07T09:30:00,-12.08,-12.532,-13.827
HOOD,CTRL,NORMAL,2025-03-07T15:30:00,-19.802,-12.395,-11.651
HOOD,CTRL,NORMAL,2025-05-05T11:30:00,-0.717,14.005,20.479
HOOD,CTRL,NORMAL,2025-05-06T10:30:00,3.421,15.213,31.746
HOOD,TOP,NORMAL,2025-05-06T12:30:00,2.244,13.493,31.453
HOOD,CTRL,NORMAL,2025-05-07T09:30:00,7.277,12.375,25.35
HOOD,CTRL,NORMAL,2025-05-07T15:30:00,8.162,14.903,22.685
HOOD,BOTTOM,NORMAL,2025-05-08T11:30:00,-0.074,16.596,9.861
HOOD,CTRL,NORMAL,2025-05-08T14:30:00,-0.512,15.348,9.209
HOOD,CTRL,NORMAL,2025-05-09T13:30:00,6.054,12.946,13.241
HOOD,CTRL,NORMAL,2025-05-12T12:30:00,8.997,3.938,10.093
HOOD,CTRL,PARABOLIC,2025-05-13T11:30:00,-0.904,-2.348,2.095
HOOD,CTRL,PARABOLIC,2025-05-14T10:30:00,-5.946,-0.947,4.8
HOOD,CTRL,PARABOLIC,2025-05-15T09:30:00,5.398,10.924,11.064
HOOD,CTRL,PARABOLIC,2025-05-15T15:30:00,1.747,6.955,6.806
HOOD,CTRL,PARABOLIC,2025-05-16T14:30:00,3.571,3.319,2.815
HOOD,CTRL,PARABOLIC,2025-05-19T13:30:00,2.015,3.106,3.39
HOOD,CTRL,PARABOLIC,2025-05-20T12:30:00,-1.299,-1.3,0.804
HOOD,CTRL,PARABOLIC,2025-05-21T11:30:00,-3.005,-0.428,-2.809
HOOD,CTRL,PARABOLIC,2025-05-22T10:30:00,-1.654,0.993,0.869
HOOD,CTRL,NORMAL,2025-05-23T09:30:00,4.818,0.784,3.371
HOOD,CTRL,NORMAL,2025-05-23T15:30:00,4.561,1.267,7.68
HOOD,CTRL,PARABOLIC,2025-05-27T14:30:00,0.206,-0.48,10.393
HOOD,CTRL,PARABOLIC,2025-05-28T13:30:00,-2.479,3.629,10.065
HOOD,CTRL,NORMAL,2025-05-29T12:30:00,-1.013,12.486,14.727
HOOD,CTRL,NORMAL,2025-05-30T11:30:00,5.102,12.05,17.23
HOOD,CTRL,PARABOLIC,2025-06-02T10:30:00,6.532,14.646,7.061
HOOD,CTRL,PARABOLIC,2025-06-03T09:30:00,2.277,5.267,2.706
HOOD,CTRL,PARABOLIC,2025-06-03T15:30:00,0.781,4.434,1.074
HOOD,CTRL,PARABOLIC,2025-06-04T14:30:00,-0.27,-0.053,3.511
HOOD,CTRL,PARABOLIC,2025-06-05T13:30:00,4.656,-1.263,-0.204
HOOD,BOTTOM,PARABOLIC,2025-06-06T12:30:00,-6.711,-1.953,-3.766
HOOD,CTRL,PARABOLIC,2025-06-09T11:30:00,1.562,4.566,6.742
HOOD,CTRL,PARABOLIC,2025-06-10T10:30:00,4.246,3.11,4.504
HOOD,CTRL,PARABOLIC,2025-06-11T09:30:00,2.01,2.143,2.425
HOOD,CTRL,PARABOLIC,2025-06-11T15:30:00,-1.349,2.484,4.647
HOOD,CTRL,PARABOLIC,2025-06-12T14:30:00,-1.498,1.459,7.122
HOOD,CTRL,NORMAL,2025-06-13T13:30:00,5.172,7.217,5.372
HOOD,CTRL,PARABOLIC,2025-06-16T12:30:00,-3.202,1.985,6.62
HOOD,CTRL,NORMAL,2025-06-17T11:30:00,2.701,0.511,10.217
HOOD,CTRL,PARABOLIC,2025-06-18T10:30:00,1.53,8.115,9.739
HOOD,CTRL,NORMAL,2025-06-20T09:30:00,2.939,10.657,9.638
HOOD,BOTTOM,NORMAL,2025-06-20T14:30:00,-3.188,4.328,5.478
HOOD,CTRL,NORMAL,2025-06-20T15:30:00,-2.789,5.387,5.795
HOOD,CTRL,NORMAL,2025-06-23T14:30:00,7.018,10.187,21.321
HOOD,CTRL,PARABOLIC,2025-06-24T13:30:00,1.272,1.125,14.47
HOOD,CTRL,PARABOLIC,2025-06-25T12:30:00,1.32,11.252,19.495
HOOD,CTRL,PARABOLIC,2025-06-26T11:30:00,-0.632,7.862,12.431
HOOD,CTRL,NORMAL,2025-06-27T10:30:00,7.641,19.27,13.389
HOOD,CTRL,PARABOLIC,2025-06-30T09:30:00,9.263,7.238,5.065
HOOD,CTRL,PARABOLIC,2025-06-30T15:30:00,-1.388,-0.481,-0.032
HOOD,CTRL,PARABOLIC,2025-07-01T14:30:00,6.593,-0.805,4.507
HOOD,BOTTOM,PARABOLIC,2025-07-02T09:30:00,-5.409,-7.325,-1.6
HOOD,CTRL,PARABOLIC,2025-07-02T13:30:00,-3.559,-3.625,3.326
HOOD,CTRL,PARABOLIC,2025-07-07T09:30:00,-1.253,-0.25,7.077
HOOD,CTRL,PARABOLIC,2025-07-07T15:30:00,-2.385,5.61,6.899
HOOD,CTRL,NORMAL,2025-07-08T14:30:00,3.082,7.773,9.459
HOOD,CTRL,PARABOLIC,2025-07-09T13:30:00,4.125,5.584,10.972
HOOD,TOP,PARABOLIC,2025-07-09T14:30:00,4.664,6.037,10.668
HOOD,CTRL,PARABOLIC,2025-07-10T12:30:00,3.428,3.033,7.698
HOOD,CTRL,PARABOLIC,2025-07-11T11:30:00,-0.113,2.15,8.975
HOOD,CTRL,PARABOLIC,2025-07-14T10:30:00,-1.172,4.629,8.309
HOOD,CTRL,NORMAL,2025-07-15T09:30:00,2.651,9.831,-0.225
HOOD,CTRL,NORMAL,2025-07-15T15:30:00,3.727,10.267,2.371
HOOD,CTRL,PARABOLIC,2025-07-16T14:30:00,1.944,1.548,-2.279
HOOD,CTRL,PARABOLIC,2025-07-17T13:30:00,2.897,-2.648,-2.655
HOOD,CTRL,PARABOLIC,2025-07-18T12:30:00,-0.415,-6.904,-2.749
HOOD,CTRL,NORMAL,2025-07-21T11:30:00,-5.349,-5.107,-1.468
HOOD,CTRL,NORMAL,2025-07-22T10:30:00,-0.939,2.686,0.876
HOOD,BOTTOM,NORMAL,2025-07-22T14:30:00,-0.386,2.451,2.25
HOOD,CTRL,NORMAL,2025-07-23T09:30:00,-0.993,3.479,4.319
HOOD,CTRL,NORMAL,2025-07-23T15:30:00,-0.186,4.564,3.986
HOOD,CTRL,NORMAL,2025-07-24T14:30:00,2.431,2.23,0.564
HOOD,CTRL,NORMAL,2025-07-25T13:30:00,1.151,1.769,-4.228
HOOD,CTRL,NORMAL,2025-07-28T12:30:00,-1.361,-3.257,-0.59
HOOD,CTRL,NORMAL,2025-07-29T11:30:00,1.556,0.02,-0.153
HOOD,CTRL,NORMAL,2025-07-30T10:30:00,-0.407,-2.589,-3.129
HOOD,CTRL,NORMAL,2025-07-31T09:30:00,-8.252,-0.615,2.732
HOOD,CTRL,NORMAL,2025-07-31T15:30:00,-3.076,2.295,7.908
HOOD,CTRL,NORMAL,2025-08-01T14:30:00,5.676,5.011,15.442
HOOD,CTRL,NORMAL,2025-08-04T13:30:00,-1.86,2.964,8.413
HOOD,CTRL,NORMAL,2025-08-05T12:30:00,-0.321,9.608,10.011
HOOD,CTRL,NORMAL,2025-08-06T11:30:00,7.881,13.489,4.851
HOOD,BOTTOM,NORMAL,2025-08-06T15:30:00,5.273,7.592,2.859
HOOD,CTRL,NORMAL,2025-08-07T10:30:00,2.08,2.289,-3.231
HOOD,CTRL,NORMAL,2025-08-08T09:30:00,0.52,-5.945,-3.433
HOOD,CTRL,NORMAL,2025-08-08T15:30:00,-0.812,-5.175,-0.367
HOOD,CTRL,NORMAL,2025-08-11T14:30:00,-0.652,-3.91,-0.217
HOOD,CTRL,NORMAL,2025-08-12T13:30:00,-4.83,-1.437,-4.496
HOOD,CTRL,NORMAL,2025-08-13T12:30:00,0.197,3.992,-4.958
HOOD,CTRL,NORMAL,2025-08-14T11:30:00,3.559,0.618,-2.077
HOOD,CTRL,NORMAL,2025-08-15T10:30:00,0.888,-6.13,-1.373
HOOD,CTRL,NORMAL,2025-08-18T09:30:00,0.381,-3.582,-3.151
HOOD,CTRL,NORMAL,2025-08-18T15:30:00,-6.633,-7.563,-6.181
HOOD,CTRL,NORMAL,2025-08-19T14:30:00,-2.677,1.964,0.998
HOOD,CTRL,NORMAL,2025-08-20T13:30:00,3.44,5.57,2.176
HOOD,CTRL,NORMAL,2025-08-21T12:30:00,4.208,1.95,-1.403
HOOD,CTRL,NORMAL,2025-08-22T11:30:00,-0.78,-4.725,-5.747
HOOD,CTRL,NORMAL,2025-08-25T10:30:00,-2.402,-5.523,-8.565
HOOD,BOTTOM,NORMAL,2025-08-25T14:30:00,-0.167,-5.09,-6.551
HOOD,CTRL,NORMAL,2025-08-26T09:30:00,-0.297,-3.775,-4.865
HOOD,CTRL,NORMAL,2025-08-26T15:30:00,-5.377,-4.393,-7.353
HOOD,CTRL,NORMAL,2025-08-27T14:30:00,-0.577,-2.107,0.221
HOOD,CTRL,NORMAL,2025-08-28T13:30:00,-0.06,-3.335,-3.027
HOOD,CTRL,NORMAL,2025-08-29T12:30:00,-2.488,0.949,11.308
HOOD,CTRL,NORMAL,2025-09-02T11:30:00,1.911,-0.781,16.247
HOOD,CTRL,NORMAL,2025-09-03T10:30:00,0.504,14.121,19.389
HOOD,TOP,NORMAL,2025-09-03T15:30:00,2.093,16.319,16.519
HOOD,CTRL,NORMAL,2025-09-04T09:30:00,-3.739,13.227,17.001
HOOD,CTRL,NORMAL,2025-09-04T15:30:00,-1.613,15.14,14.4
HOOD,CTRL,NORMAL,2025-09-05T14:30:00,15.654,15.871,14.409
HOOD,CTRL,NORMAL,2025-09-08T13:30:00,0.095,2.597,-0.996
HOOD,CTRL,NORMAL,2025-09-09T12:30:00,3.17,-0.052,1.477
HOOD,CTRL,NORMAL,2025-09-10T11:30:00,1.189,-4.023,-2.198
HOOD,CTRL,NORMAL,2025-09-11T10:30:00,-4.014,-2.895,1.477
HOOD,BOTTOM,NORMAL,2025-09-11T12:30:00,-4.629,-3.17,2.142
HOOD,CTRL,NORMAL,2025-10-03T12:30:00,-0.464,0.559,-3.89
HOOD,CTRL,NORMAL,2025-10-06T11:30:00,-3.71,0.418,-7.091
HOOD,CTRL,NORMAL,2025-10-07T10:30:00,2.317,0.059,-4.249
HOOD,BOTTOM,NORMAL,2025-10-08T09:30:00,0.79,-5.523,-6.147
HOOD,CTRL,NORMAL,2025-10-08T15:30:00,1.021,-6.753,-11.081
HOOD,CTRL,NORMAL,2025-10-09T14:30:00,-7.089,-9.149,-13.155
HOOD,CTRL,NORMAL,2025-10-10T13:30:00,-1.832,-6.259,-8.788
HOOD,CTRL,NORMAL,2025-10-13T12:30:00,1.255,-4.038,0.328
HOOD,CTRL,NORMAL,2025-10-14T11:30:00,-2.267,-7.553,-3.912
HOOD,CTRL,NORMAL,2025-10-15T10:30:00,-2.044,0.054,-11.6
HOOD,TOP,NORMAL,2025-10-15T11:30:00,-3.315,1.112,-10.539
HOOD,CTRL,NORMAL,2025-10-16T09:30:00,-4.471,-2.215,-3.466
HOOD,CTRL,NORMAL,2025-10-16T15:30:00,-1.134,0.297,2.222
HOOD,CTRL,NORMAL,2025-10-17T14:30:00,4.981,-4.017,7.008
HOOD,CTRL,NORMAL,2025-10-20T13:30:00,-4.139,-1.621,7.227
HOOD,CTRL,NORMAL,2025-10-21T12:30:00,-8.441,4.333,9.839
HOOD,CTRL,NORMAL,2025-10-22T11:30:00,9.13,20.263,19.237
HOOD,CTRL,NORMAL,2025-10-23T10:30:00,4.358,10.971,7.646
HOOD,CTRL,NORMAL,2025-10-24T09:30:00,6.397,4.874,6.599
HOOD,CTRL,NORMAL,2025-10-24T15:30:00,4.328,3.57,4.977
HOOD,CTRL,NORMAL,2025-10-27T14:30:00,0.73,-5.694,0.403
HOOD,CTRL,NORMAL,2025-10-28T13:30:00,-1.23,-0.31,-5.234
HOOD,CTRL,NORMAL,2025-10-29T12:30:00,-3.467,-0.374,-3.59
HOOD,CTRL,NORMAL,2025-10-30T11:30:00,4.872,0.224,-8.379
HOOD,CTRL,NORMAL,2025-10-31T10:30:00,-2.939,-6.148,-17.892
HOOD,CTRL,NORMAL,2025-11-03T09:30:00,0.453,-8.365,-5.478
HOOD,CTRL,NORMAL,2025-11-03T15:30:00,-7.021,-13.641,-7.653
HOOD,CTRL,NORMAL,2025-11-04T14:30:00,4.105,-6.942,-4.691
HOOD,CTRL,NORMAL,2025-11-05T13:30:00,-7.564,-3.638,-6.898
HOOD,TOP,NORMAL,2025-11-06T12:30:00,-3.38,-0.37,-8.21
UBER,CTRL,NORMAL,2024-09-18T09:30:00,4.915,2.473,6.299
UBER,CTRL,NORMAL,2024-09-18T15:30:00,2.312,1.578,4.91
UBER,CTRL,NORMAL,2024-09-19T14:30:00,-1.813,2.331,1.636
UBER,CTRL,NORMAL,2024-09-20T13:30:00,1.822,5.369,3.31
UBER,CTRL,NORMAL,2024-09-23T12:30:00,3.476,2.062,0.775
UBER,CTRL,NORMAL,2024-09-24T11:30:00,1.736,-0.685,-2.793
UBER,CTRL,NORMAL,2024-09-25T10:30:00,-2.284,-3.007,-4.427
UBER,CTRL,NORMAL,2024-09-26T09:30:00,2.126,-1.269,-4.195
UBER,CTRL,NORMAL,2024-09-26T15:30:00,-1.193,-3.124,-4.871
UBER,CTRL,NORMAL,2024-09-27T14:30:00,-1.329,-3.875,-2.711
UBER,CTRL,NORMAL,2024-09-30T13:30:00,-0.174,-2.93,-0.839
UBER,CTRL,NORMAL,2024-10-01T12:30:00,-1.387,-0.795,2.37
UBER,TOP,NORMAL,2024-10-01T14:30:00,-2.223,-1.039,2.06
UBER,CTRL,NORMAL,2024-10-02T11:30:00,-1.208,1.805,4.967
UBER,CTRL,NORMAL,2024-10-03T10:30:00,1.478,4.821,7.549
UBER,CTRL,NORMAL,2024-10-04T09:30:00,2.613,4.706,15.152
UBER,CTRL,NORMAL,2024-10-04T15:30:00,0.471,4.862,16.229
UBER,CTRL,NORMAL,2024-10-07T14:30:00,2.874,4.533,14.604
UBER,CTRL,NORMAL,2024-10-08T13:30:00,2.456,12.928,9.776
UBER,CTRL,NORMAL,2024-10-09T12:30:00,0.515,9.548,6.212
UBER,CTRL,NORMAL,2024-10-10T11:30:00,9.683,7.166,2.928
UBER,BOTTOM,NORMAL,2024-10-10T14:30:00,11.002,7.627,3.601
UBER,CTRL,PARABOLIC,2024-10-11T10:30:00,0.336,-2.468,-6.92
UBER,CTRL,NORMAL,2024-10-14T09:30:00,-2.275,-5.728,-5.623
UBER,CTRL,NORMAL,2024-10-14T15:30:00,-2.013,-5.933,-5.25
UBER,CTRL,NORMAL,2024-10-15T14:30:00,-1.246,-5.138,-3.483
UBER,CTRL,NORMAL,2024-10-16T13:30:00,-2.113,-2.641,-3.254
UBER,CTRL,NORMAL,2024-10-17T12:30:00,-1.147,0.324,-2.512
UBER,CTRL,NORMAL,2024-10-18T11:30:00,1.452,1.306,-1.09
UBER,CTRL,NORMAL,2024-10-21T10:30:00,0.941,-2.057,-2.176
UBER,CTRL,NORMAL,2024-10-22T09:30:00,-0.856,-2.827,-2.201
UBER,CTRL,NORMAL,2024-10-22T15:30:00,-0.709,-3.47,-1.405
UBER,CTRL,NORMAL,2024-10-23T14:30:00,-2.484,-2.865,-0.15
UBER,CTRL,NORMAL,2024-10-24T13:30:00,-1.063,2.266,-9.429
UBER,CTRL,NORMAL,2024-10-25T12:30:00,0.181,2.592,-4.932
UBER,CTRL,NORMAL,2024-10-28T11:30:00,1.84,-9.326,-6.096
UBER,TOP,NORMAL,2024-10-28T14:30:00,2.293,-7.624,-5.602
UBER,CTRL,NORMAL,2024-10-29T10:30:00,0.295,-7.217,-6.802
UBER,CTRL,NORMAL,2024-10-30T09:30:00,-9.841,-7.672,-8.556
UBER,CTRL,NORMAL,2024-10-30T15:30:00,-9.314,-7.729,-6.42
UBER,CTRL,NORMAL,2024-10-31T14:30:00,2.788,3.29,1.882
UBER,CTRL,NORMAL,2024-11-01T13:30:00,0.041,1.31,-1.896
UBER,CTRL,NORMAL,2024-11-04T12:30:00,0.703,0.097,-1.803
UBER,CTRL,NORMAL,2024-11-05T11:30:00,-0.837,-2.066,-2.499
UBER,CTRL,NORMAL,2024-11-06T10:30:00,0.712,-1.199,-2.438
UBER,CTRL,NORMAL,2025-03-24T10:30:00,-0.178,-0.765,-5.514
UBER,CTRL,NORMAL,2025-03-25T09:30:00,-2.673,-3.732,-6.319
UBER,CTRL,NORMAL,2025-03-25T15:30:00,-1.899,-3.804,-3.407
UBER,CTRL,NORMAL,2025-03-26T14:30:00,1.721,-1.555,0.752
UBER,CTRL,NORMAL,2025-03-27T13:30:00,-2.9,-4.545,-6.369
UBER,CTRL,NORMAL,2025-03-28T12:30:00,-0.634,3.638,-10.486
UBER,CTRL,NORMAL,2025-06-10T10:30:00,1.138,-0.825,-1.034
UBER,BOTTOM,NORMAL,2025-06-10T15:30:00,0.197,-2.894,-1.921
UBER,CTRL,NORMAL,2025-06-11T09:30:00,-1.352,-1.844,-1.283
UBER,CTRL,NORMAL,2025-06-11T15:30:00,-1.028,-1.652,-3.616
UBER,CTRL,NORMAL,2025-06-12T14:30:00,-2.75,-1.2,-2.249
UBER,CTRL,NORMAL,2025-06-13T13:30:00,1.642,-0.439,0.208
UBER,CTRL,NORMAL,2025-06-16T12:30:00,-0.796,-1.054,8.044
UBER,TOP,NORMAL,2025-06-16T14:30:00,-0.674,-1.728,7.486
UBER,CTRL,NORMAL,2025-07-07T09:30:00,-0.84,-0.843,-2.611
UBER,CTRL,NORMAL,2025-07-07T15:30:00,0.843,-0.29,-2.876
UBER,CTRL,NORMAL,2025-07-08T14:30:00,-0.645,-1.506,-4.959
UBER,CTRL,NORMAL,2025-07-09T13:30:00,0.694,-2.467,-6.234
UBER,CTRL,NORMAL,2025-07-10T12:30:00,-0.869,-4.958,-6.717
UBER,BOTTOM,NORMAL,2025-07-10T14:30:00,-1.241,-4.704,-6.37
UBER,CTRL,NORMAL,2025-07-11T11:30:00,-2.964,-6.68,-6.599
UBER,CTRL,NORMAL,2025-07-14T10:30:00,-1.918,-3.984,-3.783
UBER,CTRL,NORMAL,2025-07-15T09:30:00,-2.902,-3.611,-2.144
UBER,TOP,NORMAL,2025-07-15T14:30:00,-1.837,-1.905,-0.299
UBER,CTRL,NORMAL,2025-07-15T15:30:00,-1.563,-1.736,-0.445
UBER,CTRL,NORMAL,2025-07-16T14:30:00,0.091,0.743,-0.271
UBER,CTRL,NORMAL,2025-07-17T13:30:00,-0.265,1.163,1.004
UBER,CTRL,NORMAL,2025-07-18T12:30:00,1.35,0.843,0.566
UBER,CTRL,NORMAL,2025-07-21T11:30:00,0.462,0.543,-0.407
UBER,CTRL,NORMAL,2025-07-22T10:30:00,-0.395,-0.724,-5.012
UBER,CTRL,NORMAL,2025-07-23T09:30:00,2.173,-0.307,-4.401
UBER,CTRL,NORMAL,2025-07-23T15:30:00,1.078,0.7,-2.568
UBER,CTRL,NORMAL,2025-07-24T14:30:00,-0.173,-4.409,-3.498
UBER,CTRL,NORMAL,2025-07-25T13:30:00,-0.187,-3.658,-4.614
UBER,CTRL,NORMAL,2025-07-28T12:30:00,-3.304,-2.69,-2.945
UBER,CTRL,NORMAL,2025-07-29T11:30:00,0.04,-0.475,3.134
UBER,CTRL,NORMAL,2025-07-30T10:30:00,1.605,1.295,0.639
UBER,CTRL,NORMAL,2025-09-12T09:30:00,2.426,-1.494,2.097
UBER,CTRL,NORMAL,2025-09-12T15:30:00,3.108,-3.035,2.733
UBER,CTRL,NORMAL,2025-09-15T14:30:00,-0.112,-3.666,2.362
UBER,CTRL,NORMAL,2025-09-16T13:30:00,-4.914,0.072,-0.071
UBER,CTRL,NORMAL,2025-09-17T12:30:00,1.692,8.965,4.827
UBER,CTRL,NORMAL,2025-09-18T11:30:00,3.828,4.803,3.241
UBER,CTRL,NORMAL,2025-09-19T10:30:00,3.861,0.185,0.072
UBER,CTRL,NORMAL,2025-09-22T09:30:00,-2.715,-3.708,-1.805
UBER,CTRL,NORMAL,2025-09-22T15:30:00,-1.6,-1.801,0.186
UBER,CTRL,NORMAL,2025-09-23T14:30:00,-0.286,0.489,-0.01
UBER,CTRL,NORMAL,2025-09-24T13:30:00,0.324,2.272,-0.108
UBER,CTRL,NORMAL,2025-09-25T12:30:00,0.521,-0.062,-2.199
UBER,CTRL,NORMAL,2025-09-26T11:30:00,2.428,-0.266,-0.184
UBER,CTRL,NORMAL,2025-09-29T10:30:00,-2.815,-4.84,-0.035
UBER,CTRL,NORMAL,2025-09-30T09:30:00,0.588,0.46,2.912
UBER,BOTTOM,NORMAL,2025-09-30T15:30:00,-1.327,-1.394,-0.138
UBER,CTRL,NORMAL,2025-10-01T14:30:00,-0.939,3.677,2.641
UBER,CTRL,NORMAL,2025-10-02T13:30:00,1.239,1.714,0.104
UBER,CTRL,NORMAL,2025-10-03T12:30:00,3.931,2.218,-2.837
UBER,TOP,NORMAL,2025-10-03T14:30:00,3.913,2.874,-3.06
UBER,CTRL,NORMAL,2025-10-06T11:30:00,-2.445,-2.084,-5.32
UBER,CTRL,NORMAL,2025-10-07T10:30:00,0.407,-4.185,-3.91
UBER,CTRL,NORMAL,2025-10-08T09:30:00,0.153,-3.565,-2.448
UBER,CTRL,NORMAL,2025-10-08T15:30:00,-3.328,-5.262,-4.813
UBER,CTRL,NORMAL,2025-10-09T14:30:00,-2.819,-2.042,-4.788
UBER,CTRL,NORMAL,2025-10-10T13:30:00,0.106,-0.36,-2.53
