ticker,theme,defn,date,price,fwd26w,fwd52w,fwd104w,excB26w,excB52w,excB104w,excS26w,excS52w,excS104w,mae52w
NVDA,ai,BRKOUT,2019-11-04,5.16,50.6,180.9,474.6,46.5,130.8,347.0,54.9,165.4,417.8,-1.7
NVDA,ai,BRKOUT,2025-06-23,157.54,20.8,22.2,,-11.0,-98.1,,7.9,2.3,,0.0
NVDA,ai,MACROSS,2019-09-30,4.52,34.2,187.7,357.4,39.7,141.6,239.4,49.0,172.1,304.9,0.0
NVDA,ai,MACROSS,2023-02-13,21.34,102.5,239.7,549.7,82.1,172.4,439.4,94.5,215.1,495.7,0.0
NVDA,ai,MACROSS,2025-06-30,159.13,18.5,22.4,,-13.5,-87.0,,8.7,2.0,,0.0
AMD,ai,BOTTOM,2018-12-03,19.46,66.5,103.6,383.2,48.1,51.1,229.7,56.3,81.8,337.4,-13.0
AMD,ai,BOTTOM,2023-03-06,82.67,28.3,150.9,21.3,1.8,60.4,-70.0,12.0,116.2,-32.1,0.0
AMD,ai,BOTTOM,2024-08-12,148.56,-23.9,19.5,,-26.7,-0.9,,-34.6,2.0,,-42.3
AMD,ai,BRKOUT,2018-05-28,14.4,47.9,90.3,273.6,59.6,98.9,240.4,46.3,87.8,257.9,0.0
AMD,ai,BRKOUT,2019-07-08,33.21,45.0,68.3,173.7,18.0,26.1,43.8,35.7,60.5,123.8,-13.5
AMD,ai,BRKOUT,2021-07-26,106.19,-0.9,-11.0,6.4,-0.9,-1.6,-17.7,-2.4,-6.3,-1.0,-30.6
AMD,ai,BRKOUT,2023-05-22,127.03,-3.7,31.0,-13.2,-13.5,-35.8,-76.0,-12.9,3.1,-54.8,-24.3
AMD,ai,BRKOUT,2023-12-04,128.92,30.2,7.5,69.1,-25.9,-46.4,-57.6,13.3,-26.4,16.2,0.0
AMD,ai,MACROSS,2018-06-18,15.8,7.2,84.2,243.2,27.6,81.7,196.9,18.6,75.1,226.4,-5.1
AMD,ai,MACROSS,2021-07-26,106.19,-0.9,-11.0,6.4,-0.9,-1.6,-17.7,-2.4,-6.3,-1.0,-30.6
AMD,ai,MACROSS,2023-03-27,98.01,4.9,84.2,5.3,-5.3,12.2,-57.6,-0.3,54.5,-34.1,-9.8
AMD,ai,MACROSS,2025-07-28,171.7,37.9,,,-4.7,,,25.9,,,-12.0
AVGO,ai,BRKOUT,2019-01-21,22.12,14.4,25.6,88.4,-10.3,-29.1,-65.7,-0.3,-0.5,38.9,-5.2
AVGO,ai,BRKOUT,2023-02-27,60.28,39.6,126.2,226.7,12.1,45.0,134.6,27.2,97.3,175.5,-2.8
AVGO,ai,MACROSS,2018-12-24,20.93,15.6,29.6,84.7,-11.2,-36.6,-68.1,-3.7,-3.2,30.1,-8.0
AVGO,ai,MACROSS,2020-06-29,27.78,41.3,53.4,61.1,-2.2,-17.2,31.8,20.5,12.4,35.4,-3.1
AVGO,ai,MACROSS,2023-01-16,54.37,59.1,117.0,331.2,23.8,51.4,201.6,44.0,93.3,276.0,0.0
ARM,ai,BOTTOM,2025-02-24,131.69,5.0,-3.2,,-19.7,-78.3,,-4.2,-20.0,,-33.4
ARM,ai,MACROSS,2025-07-14,156.74,-32.5,70.5,,-70.9,-21.8,,-43.4,50.7,,-32.8
ARM,ai,MACROSS,2026-04-20,234.81,,,,,,,,,,-10.9
MRVL,ai,BOTTOM,2023-04-17,38.62,27.1,59.9,33.5,12.6,-1.5,-23.2,24.1,38.0,2.3,0.0
MRVL,ai,BOTTOM,2026-01-05,83.16,183.6,,,126.6,,,174.2,,,-5.5
MRVL,ai,BRKOUT,2019-04-08,22.92,1.8,3.3,112.2,-5.7,-7.1,-17.6,-1.3,5.5,65.2,-20.8
MRVL,ai,BRKOUT,2023-05-22,64.84,-14.3,17.5,-6.7,-24.1,-49.2,-69.5,-23.5,-10.4,-48.3,-27.7
MRVL,ai,BRKOUT,2024-10-14,79.48,-35.1,10.5,,-12.0,-26.4,,-25.8,-4.5,,-38.1
MRVL,ai,MACROSS,2019-04-08,22.92,1.8,3.3,112.2,-5.7,-7.1,-17.6,-1.3,5.5,65.2,-20.8
MRVL,ai,MACROSS,2020-05-25,31.81,38.7,48.9,88.1,-7.7,-29.0,11.8,18.2,8.6,47.7,0.0
MRVL,ai,MACROSS,2023-06-05,59.4,-11.7,13.8,14.7,-22.3,-59.0,-59.2,-19.5,-12.3,-28.4,-21.1
MRVL,ai,MACROSS,2025-11-24,89.27,129.6,,,59.0,,,118.3,,,-12.0
MU,ai,BOTTOM,2019-04-08,40.97,7.4,9.8,126.9,-0.1,-0.6,-2.9,4.3,12.0,79.8,-22.4
MU,ai,BOTTOM,2023-02-27,55.93,24.5,68.7,66.8,-3.1,-12.4,-25.3,12.0,39.9,15.6,-3.3
MU,ai,BRKOUT,2020-11-16,59.87,31.5,35.4,-3.8,11.5,-21.8,-15.0,13.8,1.6,-18.6,0.0
MU,ai,BRKOUT,2022-01-10,95.17,-36.6,-41.1,-14.1,-6.6,-15.5,-28.8,-20.1,-28.2,-20.0,-48.4
MU,ai,BRKOUT,2023-05-22,72.98,4.3,76.2,27.6,-5.4,9.4,-35.2,-4.8,48.3,-14.0,-17.8
MU,ai,MACROSS,2019-08-19,41.89,32.7,-0.7,63.5,-1.9,-58.8,-75.4,14.5,-22.3,2.4,-15.9
MU,ai,MACROSS,2020-07-20,48.78,64.5,51.8,23.2,12.4,-10.7,-20.7,44.2,12.7,-3.5,-14.7
MU,ai,MACROSS,2020-11-09,56.49,37.6,33.6,8.8,17.8,-20.9,-5.2,20.4,1.3,-5.8,0.0
MU,ai,MACROSS,2022-01-10,95.17,-36.6,-41.1,-14.1,-6.6,-15.5,-28.8,-20.1,-28.2,-20.0,-48.4
MU,ai,MACROSS,2023-04-10,61.82,10.9,96.8,12.2,-6.8,20.6,-49.2,5.5,71.1,-20.8,-3.0
MU,ai,MACROSS,2025-07-07,124.33,177.4,687.7,,141.6,574.5,,165.5,665.3,,-15.8
TSM,ai,BRKOUT,2018-09-03,38.19,-14.9,0.6,87.3,-12.1,-14.6,19.7,-11.3,-5.1,63.4,-22.1
TSM,ai,BRKOUT,2019-04-15,38.63,12.9,25.0,182.5,9.2,11.1,63.3,9.2,24.2,133.3,-16.7
TSM,ai,BRKOUT,2022-01-10,130.73,-38.5,-37.0,-25.0,-8.5,-11.4,-39.7,-22.0,-24.1,-30.9,-55.2
TSM,ai,BRKOUT,2024-01-15,110.54,46.2,87.8,208.2,13.6,49.2,92.6,31.7,62.4,161.3,0.0
TSM,ai,MACROSS,2018-09-03,38.19,-14.9,0.6,87.3,-12.1,-14.6,19.7,-11.3,-5.1,63.4,-22.1
TSM,ai,MACROSS,2019-04-08,36.23,20.7,20.0,211.2,13.2,9.6,81.4,17.6,22.2,164.2,-11.1
TSM,ai,MACROSS,2021-11-15,115.01,-26.3,-32.5,-16.6,0.2,-3.2,-22.5,-9.9,-18.2,-15.7,-49.1
TSM,ai,MACROSS,2022-01-03,114.78,-33.3,-35.4,-16.0,-3.6,-7.5,-29.8,-17.3,-20.0,-19.6,-49.0
TSM,ai,MACROSS,2023-02-20,83.66,6.7,49.9,132.6,-18.5,-26.3,20.5,-5.2,19.8,77.0,-4.8
TSM,ai,MACROSS,2025-06-30,232.23,36.9,87.0,,4.9,-22.5,,27.0,66.5,,-1.9
ASML,ai,BRKOUT,2019-07-15,210.21,34.8,73.2,212.4,7.5,33.5,95.8,22.0,62.7,162.2,-5.9
ASML,ai,BRKOUT,2025-09-15,927.25,41.8,,,19.5,,,43.5,,,0.0
ASML,ai,MACROSS,2019-04-15,191.32,25.0,45.9,221.5,21.3,32.0,102.4,21.3,45.0,172.3,-7.6
ASML,ai,MACROSS,2023-01-09,639.63,14.9,9.2,14.0,-24.1,-44.9,-107.2,1.3,-12.2,-35.7,-11.4
ASML,ai,MACROSS,2023-12-25,741.19,35.6,-5.0,44.2,-13.4,-47.6,-66.6,20.4,-31.8,-4.6,-12.3
ASML,ai,MACROSS,2025-07-14,728.87,85.7,139.8,,47.4,47.5,,74.9,120.0,,-5.9
AMAT,ai,BOTTOM,2019-05-27,36.18,50.8,47.4,266.1,15.5,1.7,106.8,35.6,34.6,207.8,-0.7
AMAT,ai,MACROSS,2019-04-29,40.9,27.4,8.4,210.6,16.6,-1.7,99.2,22.3,10.3,163.4,-12.2
AMAT,ai,MACROSS,2020-06-29,57.91,42.4,128.8,43.9,-1.0,58.2,14.6,21.6,87.8,18.3,-9.5
AMAT,ai,MACROSS,2023-01-30,116.5,22.0,41.5,52.9,-1.9,-13.1,-44.9,12.8,19.8,2.8,-7.0
AMAT,ai,MACROSS,2025-07-28,178.68,79.9,,,37.4,,,68.0,,,-10.4
LRCX,ai,BRKOUT,2019-04-22,18.9,32.3,32.0,214.5,22.6,16.3,94.6,28.5,33.5,167.2,-15.4
LRCX,ai,MACROSS,2019-03-25,16.39,29.3,37.6,237.6,18.5,27.9,105.3,23.7,46.1,192.3,-2.5
LRCX,ai,MACROSS,2023-02-06,48.85,29.9,82.7,66.7,10.1,14.6,-36.2,19.9,58.0,15.3,-5.2
LRCX,ai,MACROSS,2025-06-30,98.27,88.0,257.6,,55.9,148.1,,78.1,237.2,,-2.5
KLAC,ai,BRKOUT,2019-03-11,10.91,27.2,24.3,155.5,12.5,10.4,33.3,19.7,27.1,110.8,-13.2
KLAC,ai,BRKOUT,2025-06-09,86.21,38.1,195.3,,0.3,53.3,,23.3,169.6,,-2.0
KLAC,ai,MACROSS,2019-03-11,10.91,27.2,24.3,155.5,12.5,10.4,33.3,19.7,27.1,110.8,-13.2
KLAC,ai,MACROSS,2022-12-26,36.52,29.5,56.0,74.6,-20.6,-17.3,-72.7,12.7,29.9,14.7,-2.2
KLAC,ai,MACROSS,2025-06-16,84.46,47.1,207.3,,10.2,53.0,,31.9,180.3,,0.0
QCOM,ai,BOTTOM,2023-03-06,107.18,-6.6,51.9,46.4,-33.1,-38.5,-44.9,-22.9,17.3,-7.0,-10.0
QCOM,ai,BOTTOM,2023-10-09,102.53,59.4,59.7,47.5,9.8,-14.3,-74.0,40.2,23.6,-7.7,-2.0
QCOM,ai,BRKOUT,2018-08-27,56.3,-19.5,17.9,84.8,-17.1,10.8,18.0,-17.1,15.1,59.2,-26.3
QCOM,ai,BRKOUT,2019-04-15,67.55,-1.1,-1.5,82.7,-4.8,-15.4,-36.4,-4.8,-2.3,33.6,-21.2
QCOM,ai,BRKOUT,2019-11-04,80.87,-13.0,58.7,81.8,-17.1,8.6,-45.8,-8.7,43.2,25.0,-34.2
QCOM,ai,BRKOUT,2020-07-27,92.97,49.4,44.6,42.6,12.1,-14.8,-1.9,35.1,8.3,12.7,0.0
QCOM,ai,BRKOUT,2021-11-01,147.03,-13.1,-33.3,-23.3,8.1,1.8,-25.8,-1.5,-14.9,-19.0,-33.3
QCOM,ai,BRKOUT,2023-12-04,126.26,56.8,22.3,37.1,0.7,-31.6,-89.6,39.9,-11.5,-15.8,0.0
QCOM,ai,BRKOUT,2025-10-27,178.17,-1.0,,,-41.9,,,-7.3,,,-29.1
QCOM,ai,BRKOUT,2026-05-04,218.28,,,,,,,,,,-21.3
QCOM,ai,MACROSS,2017-11-27,52.65,-8.8,-8.5,36.5,-20.6,-7.3,-1.8,-13.2,-14.6,13.0,-21.3
QCOM,ai,MACROSS,2018-07-23,51.37,-16.5,24.9,52.3,-9.0,9.7,-2.1,-12.0,15.5,33.7,-19.3
QCOM,ai,MACROSS,2019-04-29,75.5,-4.8,-12.5,64.2,-15.5,-22.6,-47.2,-9.9,-10.6,17.1,-29.5
QCOM,ai,MACROSS,2020-06-29,80.88,67.4,58.3,39.6,24.0,-12.3,10.2,46.7,17.3,13.9,-3.2
QCOM,ai,MACROSS,2021-11-15,166.84,-28.3,-31.8,-26.8,-1.8,-2.5,-32.7,-11.9,-17.5,-25.9,-41.2
QCOM,ai,MACROSS,2023-08-21,103.36,42.3,60.9,49.7,1.5,-6.8,-49.3,26.0,31.3,-0.9,-3.1
QCOM,ai,MACROSS,2023-12-04,126.26,56.8,22.3,37.1,0.7,-31.6,-89.6,39.9,-11.5,-15.8,0.0
QCOM,ai,MACROSS,2025-09-08,159.39,-18.9,,,-46.5,,,-20.2,,,-20.7
QCOM,ai,MACROSS,2026-05-25,250.1,,,,,,,,,,-31.3
SNPS,ai,BOTTOM,2025-10-13,447.64,0.4,,,-35.4,,,-7.1,,,-15.0
SNPS,ai,BOTTOM,2026-06-29,437.16,,,,,,,,,,-12.1
SNPS,ai,BRKOUT,2022-08-01,374.29,-3.4,17.9,35.1,-6.8,-10.1,-47.3,-4.0,8.1,2.3,-26.1
SNPS,ai,BRKOUT,2025-07-14,584.76,-11.7,-34.3,,-50.1,-126.6,,-22.5,-54.0,,-34.9
SNPS,ai,MACROSS,2019-02-18,102.3,32.0,46.0,162.0,26.7,4.3,13.0,29.0,24.2,117.0,0.0
SNPS,ai,MACROSS,2022-08-01,374.29,-3.4,17.9,35.1,-6.8,-10.1,-47.3,-4.0,8.1,2.3,-26.1
SNPS,ai,MACROSS,2023-01-09,332.97,36.4,48.5,47.9,-2.6,-5.6,-73.3,22.8,27.0,-1.9,0.0
SNPS,ai,MACROSS,2025-07-14,584.76,-11.7,-34.3,,-50.1,-126.6,,-22.5,-54.0,,-34.9
CDNS,ai,BRKOUT,2018-08-20,46.82,20.8,42.7,136.2,21.5,38.1,70.8,22.7,41.7,113.3,-14.6
CDNS,ai,BRKOUT,2020-02-10,78.76,37.1,85.0,80.9,23.9,14.9,2.7,36.3,66.5,46.3,-30.1
CDNS,ai,BRKOUT,2023-02-13,194.44,13.4,49.3,51.8,-7.0,-17.9,-58.4,5.4,24.8,-2.1,-0.4
CDNS,ai,MACROSS,2018-06-11,45.02,-4.0,50.4,98.7,13.8,55.6,61.9,1.6,44.5,85.0,-11.2
CDNS,ai,MACROSS,2022-08-08,188.83,-2.7,19.7,43.1,-3.2,-0.8,-43.4,1.0,13.7,14.4,-24.6
CDNS,ai,MACROSS,2024-12-23,305.03,0.1,4.5,,-12.0,-43.2,,-3.9,-12.8,,-23.7
CDNS,ai,MACROSS,2025-06-16,295.4,6.6,31.1,,-30.3,-123.2,,-8.6,4.1,,-10.1
CDNS,ai,MACROSS,2026-06-08,384.96,,,,,,,,,,-14.2
CRDO,ai,BOTTOM,2023-03-20,8.26,80.0,166.2,461.0,68.5,86.3,382.6,70.5,132.6,414.6,-7.6
CRDO,ai,BRKOUT,2023-11-20,18.84,6.0,143.3,608.5,-45.9,91.2,504.8,-11.1,110.7,560.1,-10.2
CRDO,ai,MACROSS,2023-07-10,16.9,11.8,82.7,483.0,0.9,6.7,397.8,4.9,56.3,440.5,-17.7
CRDO,ai,MACROSS,2026-04-20,195.04,,,,,,,,,,-11.7
ALAB,ai,BOTTOM,2025-10-20,164.97,29.0,,,-15.7,,,23.0,,,-31.8
ALAB,ai,BRKOUT,2025-08-04,179.28,-5.3,,,-42.5,,,-14.3,,,-37.3
ALAB,ai,BRKOUT,2026-05-18,306.88,,,,,,,,,,-1.1
ALAB,ai,MACROSS,2025-06-30,90.8,97.8,347.6,,65.7,238.1,,87.9,327.2,,0.0
ALAB,ai,MACROSS,2026-05-11,232.68,,,,,,,,,,0.0
MPWR,ai,BOTTOM,2022-04-11,396.29,-24.2,17.5,63.3,3.1,10.5,-25.2,-6.6,21.7,43.0,-24.2
MPWR,ai,BRKOUT,2019-04-08,143.93,-8.8,11.5,152.1,-16.2,1.1,22.3,-11.8,13.7,105.1,-23.5
MPWR,ai,BRKOUT,2023-06-26,528.22,17.2,53.2,38.1,1.7,-19.1,-46.7,9.2,28.7,-4.3,-24.7
MPWR,ai,MACROSS,2019-03-18,131.65,11.1,-2.1,150.5,-0.3,1.8,26.8,3.3,14.3,105.9,-16.4
MPWR,ai,MACROSS,2023-02-27,492.84,4.1,48.1,22.5,-23.4,-33.0,-69.5,-8.3,19.3,-28.6,-21.0
MPWR,ai,MACROSS,2025-07-28,780.16,43.6,,,1.1,,,31.6,,,0.0
ON,ai,BOTTOM,2019-06-03,19.06,16.2,5.8,100.5,-12.6,-43.1,-46.5,5.7,-7.5,48.2,-43.2
ON,ai,BOTTOM,2025-09-08,48.26,21.3,,,-6.4,,,20.0,,,-5.2
ON,ai,BRKOUT,2019-12-16,24.12,-19.6,30.8,157.0,-26.3,-22.8,46.7,-16.8,13.5,109.0,-55.1
ON,ai,BRKOUT,2020-10-05,26.35,63.0,68.8,146.0,24.9,31.4,143.7,43.5,40.8,138.4,-4.8
ON,ai,BRKOUT,2022-08-08,71.16,17.8,32.9,0.2,17.2,12.4,-86.3,21.4,26.9,-28.4,-18.8
ON,ai,MACROSS,2019-04-01,22.81,-18.5,-52.0,88.0,-25.4,-53.1,-41.7,-21.5,-39.8,44.1,-52.6
ON,ai,MACROSS,2019-12-02,22.14,-8.9,35.1,189.3,-24.6,-31.1,59.6,-11.5,15.4,140.4,-51.1
ON,ai,MACROSS,2020-08-10,22.04,87.3,97.1,222.9,37.1,42.3,177.3,69.7,62.8,192.4,-7.0
ON,ai,MACROSS,2025-12-08,54.96,112.5,,,36.9,,,103.1,,,-0.1
INTC,ai,BOTTOM,2025-02-17,24.87,-0.3,77.4,,-17.7,10.8,,-8.5,61.1,,-23.9
INTC,ai,BRKOUT,2019-11-04,51.4,3.5,-20.2,-8.1,-0.6,-70.3,-135.7,7.8,-35.7,-64.9,-22.7
INTC,ai,BRKOUT,2025-09-15,29.58,48.3,,,26.1,,,50.0,,,0.0
INTC,ai,MACROSS,2017-09-25,31.78,38.5,27.3,40.2,25.2,11.6,9.7,32.8,9.4,18.1,0.0
INTC,ai,MACROSS,2019-03-04,45.45,-1.7,8.8,21.5,-20.1,-23.8,-110.1,-11.3,-1.7,-23.5,-15.6
INTC,ai,MACROSS,2019-09-09,46.09,4.7,-4.0,7.6,5.5,-42.3,-120.7,14.4,-17.2,-45.6,-11.9
INTC,ai,MACROSS,2021-02-15,57.31,-16.4,-26.6,-53.0,-17.4,-31.6,-50.2,-30.8,-39.4,-60.5,-26.6
INTC,ai,MACROSS,2023-05-29,30.68,40.7,-0.1,-36.3,30.4,-65.6,-102.1,32.6,-25.1,-77.8,-3.3
INTC,ai,MACROSS,2025-08-25,24.35,87.3,,,46.9,,,80.4,,,-1.1
COHR,ai,BOTTOM,2022-05-02,61.86,-48.3,-48.5,-8.6,-30.5,-56.7,-99.1,-40.6,-50.6,-36.9,-50.2
COHR,ai,BOTTOM,2023-03-06,38.54,-13.9,65.7,72.7,-40.4,-24.7,-18.7,-30.2,31.1,19.2,-27.8
COHR,ai,BOTTOM,2023-10-23,29.15,88.9,228.8,343.7,30.6,144.8,187.2,64.2,185.9,274.5,0.0
COHR,ai,BRKOUT,2017-09-18,40.4,6.4,18.9,-3.4,-8.9,0.3,-37.7,2.0,-0.3,-27.5,-5.7
COHR,ai,BRKOUT,2020-05-18,44.78,44.7,48.1,31.9,-0.3,-25.7,-35.5,23.4,5.4,-3.8,-18.5
COHR,ai,BRKOUT,2024-02-05,62.35,1.6,53.8,265.2,-8.7,33.1,166.6,-5.4,32.4,224.0,-21.0
COHR,ai,BRKOUT,2025-08-04,115.44,97.2,,,60.0,,,88.2,,,-22.1
COHR,ai,MACROSS,2018-10-29,45.24,-10.7,-24.4,0.5,-34.9,-61.9,-87.2,-20.0,-39.2,-24.3,-31.9
COHR,ai,MACROSS,2019-09-09,41.01,-39.4,-11.0,49.8,-38.6,-49.3,-78.5,-29.7,-24.2,-3.4,-40.9
COHR,ai,MACROSS,2020-06-08,46.32,51.3,51.3,27.3,5.7,-22.2,-27.9,29.9,9.6,-4.6,-21.2
COHR,ai,MACROSS,2022-02-21,70.67,-26.6,-39.6,-16.7,-8.9,-28.7,-73.7,-19.9,-31.6,-36.4,-56.4
COHR,ai,MACROSS,2023-07-10,50.46,-17.3,55.4,84.9,-28.2,-20.6,-0.3,-24.2,29.0,42.4,-42.2
COHR,ai,MACROSS,2024-01-15,46.17,56.0,112.9,313.8,23.4,74.3,198.3,41.5,87.4,266.9,0.0
COHR,ai,MACROSS,2025-07-28,102.79,106.4,,,63.9,,,94.5,,,-12.5
LITE,ai,BOTTOM,2023-09-18,46.41,9.6,32.2,263.6,-51.7,-36.4,138.8,-12.3,-1.6,205.4,-22.3
LITE,ai,BOTTOM,2025-05-05,64.87,270.1,1293.2,,214.3,1138.9,,250.6,1261.0,,0.0
LITE,ai,BRKOUT,2018-03-05,68.97,-4.6,-32.1,19.5,0.8,-24.0,-2.4,-8.6,-32.4,8.8,-44.9
LITE,ai,MACROSS,2018-03-19,67.35,-8.7,-21.5,-7.7,-11.6,-26.1,-8.2,-22.9,-31.9,0.0,-43.6
LITE,ai,MACROSS,2019-05-06,59.13,12.5,37.3,40.3,-8.1,11.8,-85.2,4.3,33.8,-11.7,-31.6
LITE,ai,MACROSS,2019-08-19,55.82,48.9,53.6,51.5,14.4,-4.5,-87.3,30.8,32.0,-9.6,-7.6
LITE,ai,MACROSS,2021-12-06,100.6,-17.6,-45.9,-56.2,9.3,-17.8,-63.7,-0.9,-30.7,-57.0,-45.9
LITE,ai,MACROSS,2024-02-05,50.21,-13.9,71.1,999.5,-24.2,50.4,901.0,-20.9,49.7,958.3,-16.9
LITE,ai,MACROSS,2024-07-15,54.77,72.4,86.6,1238.0,67.8,69.1,1112.0,62.8,70.9,1199.4,-21.0
LITE,ai,MACROSS,2025-06-30,92.75,316.3,685.3,,284.3,575.8,,306.4,664.8,,0.0
CIEN,ai,BOTTOM,2020-11-30,46.98,27.7,30.0,-4.7,12.3,-8.2,-8.0,12.6,5.7,-18.0,0.0
CIEN,ai,BRKOUT,2020-04-20,46.58,-11.5,16.9,20.9,-51.0,-73.3,-59.2,-34.7,-32.7,-34.1,-15.6
CIEN,ai,BRKOUT,2024-09-23,61.81,-0.4,129.6,,13.6,99.1,,1.7,112.4,,-13.4
CIEN,ai,BRKOUT,2025-09-01,116.69,152.1,,,121.9,,,147.6,,,0.0
CIEN,ai,MACROSS,2018-03-19,25.5,21.7,45.3,41.5,18.8,40.8,41.0,7.6,35.0,49.2,-8.2
CIEN,ai,MACROSS,2020-01-27,40.67,46.3,31.3,59.2,25.5,-34.6,-33.4,43.8,14.1,17.4,-11.3
CIEN,ai,MACROSS,2021-01-18,55.03,2.1,18.0,-8.6,-4.7,4.6,-4.6,-13.5,2.0,-15.1,-10.0
CIEN,ai,MACROSS,2023-02-27,49.09,-1.3,23.9,62.1,-28.8,-57.2,-30.0,-13.7,-4.9,10.9,-16.4
CIEN,ai,MACROSS,2024-01-22,51.42,-2.5,87.9,345.6,-30.1,48.4,231.5,-14.9,61.6,300.7,-15.3
ANET,ai,BOTTOM,2020-09-07,12.74,37.2,72.2,144.2,-2.8,7.1,112.0,18.3,36.9,118.9,-1.6
ANET,ai,BOTTOM,2023-01-02,28.11,40.5,105.4,309.8,-0.3,47.5,169.3,26.6,82.9,252.9,0.0
ANET,ai,BRKOUT,2019-03-25,19.65,-22.8,-39.2,-1.0,-33.6,-48.9,-133.3,-28.4,-30.7,-46.4,-47.7
ANET,ai,BRKOUT,2020-07-27,16.24,18.4,46.4,79.6,-18.9,-13.0,35.1,4.1,10.1,49.7,-22.8
ANET,ai,BRKOUT,2025-08-04,139.18,-1.2,,,-38.5,,,-10.2,,,-15.6
ANET,ai,MACROSS,2019-03-25,19.65,-22.8,-39.2,-1.0,-33.6,-48.9,-133.3,-28.4,-30.7,-46.4,-47.7
ANET,ai,MACROSS,2020-07-06,13.51,41.7,74.9,90.6,-3.3,13.2,58.6,20.6,35.7,64.7,-7.2
ANET,ai,MACROSS,2022-11-21,33.94,25.5,60.9,199.4,-9.2,13.0,74.4,20.2,45.9,147.0,-17.2
ANET,ai,MACROSS,2025-07-21,114.28,19.3,,,-20.3,,,10.5,,,0.0
SMCI,ai,BOTTOM,2018-03-05,1.98,2.5,-1.5,27.9,7.9,6.6,6.0,-1.5,-1.8,17.1,-38.5
SMCI,ai,BOTTOM,2019-07-15,1.9,50.9,49.5,79.7,23.6,9.8,-37.0,38.1,39.1,29.4,-11.2
SMCI,ai,BOTTOM,2024-05-27,78.45,-58.4,-49.0,-41.2,-59.1,-49.1,-192.2,-73.4,-62.2,-88.2,-76.3
SMCI,ai,BOTTOM,2025-03-24,34.26,33.7,-35.9,,-17.9,-112.8,,14.0,-51.3,,-40.1
SMCI,ai,BOTTOM,2025-09-01,40.41,-22.5,,,-52.7,,,-27.0,,,-49.2
SMCI,ai,BRKOUT,2019-12-16,2.46,31.1,23.7,66.1,24.4,-29.9,-44.2,33.9,6.4,18.1,-31.5
SMCI,ai,BRKOUT,2021-11-01,4.66,9.9,64.5,447.4,31.1,99.6,444.9,21.6,83.0,451.8,-24.2
SMCI,ai,MACROSS,2018-07-02,2.41,-35.6,-22.9,13.8,-19.6,-30.5,-37.4,-28.2,-33.4,-4.1,-49.7
SMCI,ai,MACROSS,2019-04-15,2.2,-12.6,-0.9,78.3,-16.3,-14.8,-40.8,-16.3,-1.8,29.1,-23.2
SMCI,ai,MACROSS,2025-07-14,51.77,-37.0,-53.3,,-75.3,-145.6,,-47.8,-73.0,,-60.3
DELL,ai,BOTTOM,2019-12-23,23.51,2.5,43.2,116.3,-1.3,-8.9,-3.1,8.6,26.7,65.8,-36.3
DELL,ai,BRKOUT,2020-07-13,27.84,23.0,52.9,43.0,-24.5,-2.3,7.3,5.3,16.8,19.8,-0.9
DELL,ai,BRKOUT,2023-06-12,47.09,46.0,177.5,129.2,32.5,101.8,59.9,38.4,152.7,90.1,0.0
DELL,ai,BRKOUT,2025-10-06,148.92,19.0,,,-15.7,,,14.4,,,-23.4
DELL,ai,MACROSS,2018-05-14,20.13,32.6,59.1,-3.5,42.4,56.3,-33.4,30.8,51.7,-13.3,-0.7
DELL,ai,MACROSS,2020-07-20,28.04,24.9,58.8,42.7,-27.2,-3.7,-1.2,4.6,19.7,16.0,-1.6
DELL,ai,MACROSS,2023-05-15,45.27,56.1,219.7,148.5,34.1,146.0,61.7,47.6,191.4,102.6,-1.0
DELL,ai,MACROSS,2025-07-14,129.27,-7.5,206.6,,-45.8,114.3,,-18.3,186.8,,-11.7
HPE,ai,BOTTOM,2020-06-15,8.2,26.2,52.9,46.6,-17.8,-12.0,8.5,5.6,16.5,24.5,-10.9
HPE,ai,BRKOUT,2021-02-08,12.29,5.8,23.5,21.8,2.7,18.7,24.4,-8.5,9.8,14.8,-4.5
HPE,ai,BRKOUT,2022-01-03,15.11,-21.8,3.1,6.7,7.9,31.0,-7.1,-5.8,18.5,3.2,-28.3
HPE,ai,BRKOUT,2024-03-04,16.9,-1.3,-9.7,23.9,3.2,-10.2,-46.5,-7.5,-23.7,-10.8,-9.7
HPE,ai,BRKOUT,2025-09-08,24.23,-11.7,,,-39.4,,,-13.1,,,-16.6
HPE,ai,MACROSS,2017-09-18,10.97,24.8,22.1,6.8,9.5,3.5,-27.5,20.4,2.9,-17.4,-6.6
HPE,ai,MACROSS,2019-04-01,12.91,-9.4,-40.4,4.8,-16.3,-41.5,-124.9,-12.4,-28.2,-39.1,-44.7
HPE,ai,MACROSS,2019-11-04,14.15,-40.1,-45.0,-4.4,-44.2,-95.2,-131.9,-35.8,-60.6,-61.1,-49.6
HPE,ai,MACROSS,2020-12-28,10.13,26.1,37.4,43.5,7.2,-4.8,49.1,9.3,8.6,38.2,0.0
HPE,ai,MACROSS,2022-12-26,14.54,7.0,9.7,43.7,-43.1,-63.7,-103.7,-9.8,-16.5,-16.3,-12.6
HPE,ai,MACROSS,2025-08-11,20.73,8.4,,,-29.9,,,1.9,,,-2.5
VRT,ai,BOTTOM,2022-12-12,13.09,71.5,263.4,858.9,26.3,198.6,721.2,56.0,239.1,797.4,-7.3
VRT,ai,BRKOUT,2025-09-29,160.07,63.2,,,46.3,,,64.6,,,-0.2
VRT,ai,MACROSS,2020-06-08,14.18,33.2,83.9,-29.2,-12.5,10.4,-84.5,11.7,42.2,-61.1,-14.0
VRT,ai,MACROSS,2022-12-26,13.61,81.3,251.8,744.2,31.3,178.4,596.8,64.5,225.6,684.2,-10.8
VRT,ai,MACROSS,2025-06-30,127.7,37.5,135.3,,5.4,25.9,,27.6,114.9,,-3.6
STX,ai,BOTTOM,2020-07-13,39.94,28.4,82.2,72.8,-19.2,27.0,37.1,10.6,46.1,49.6,-7.1
STX,ai,BRKOUT,2018-01-08,37.22,17.6,-16.5,29.5,15.0,-7.7,-15.0,16.2,-11.4,7.9,-25.3
STX,ai,BRKOUT,2020-11-30,53.74,58.9,70.3,-11.3,43.5,32.1,-14.6,43.8,46.0,-24.6,-7.0
STX,ai,BRKOUT,2023-08-28,68.75,34.4,39.7,141.5,-7.7,-17.1,53.7,19.8,13.0,94.7,-13.5
STX,ai,BRKOUT,2025-05-19,111.23,112.4,630.2,,75.1,486.7,,98.0,599.9,,0.0
STX,ai,MACROSS,2018-01-08,37.22,17.6,-16.5,29.5,15.0,-7.7,-15.0,16.2,-11.4,7.9,-25.3
STX,ai,MACROSS,2019-04-29,38.42,19.3,1.4,106.6,8.5,-8.6,-4.8,14.2,3.3,59.5,-15.6
STX,ai,MACROSS,2020-11-23,49.05,68.2,74.6,0.3,46.6,28.6,-8.2,51.8,46.6,-13.6,0.0
STX,ai,MACROSS,2023-04-10,59.01,9.3,38.4,17.3,-8.4,-37.8,-44.1,4.0,12.7,-15.7,-12.5
STX,ai,MACROSS,2023-07-17,55.6,46.1,78.1,165.9,23.6,15.8,75.2,38.6,55.0,123.4,0.0
STX,ai,MACROSS,2025-06-16,129.2,128.2,727.8,,91.3,573.4,,113.0,700.7,,0.0
WDC,ai,BOTTOM,2019-04-29,36.68,8.1,-17.0,44.9,-2.6,-27.1,-66.5,3.0,-15.1,-2.3,-37.1
WDC,ai,BOTTOM,2020-06-15,33.4,19.8,56.5,4.4,-24.2,-8.4,-33.7,-0.8,20.1,-17.6,-24.1
WDC,ai,BOTTOM,2022-02-07,40.43,-5.7,-20.0,5.8,1.8,-13.0,-50.6,-3.4,-14.1,-11.6,-43.1
WDC,ai,BOTTOM,2023-07-17,28.82,43.0,82.3,135.3,20.6,20.0,44.6,35.5,59.2,92.8,0.0
WDC,ai,BRKOUT,2018-03-05,68.71,-41.4,-50.7,-40.8,-35.9,-42.6,-62.7,-45.4,-50.9,-51.6,-63.2
WDC,ai,BRKOUT,2019-09-02,45.46,-10.6,-36.8,1.6,-22.6,-82.4,-132.0,-11.3,-54.1,-55.7,-49.3
WDC,ai,BRKOUT,2021-02-15,51.83,-12.8,-19.4,-39.6,-13.8,-24.4,-36.9,-27.3,-32.2,-47.2,-27.6
WDC,ai,BRKOUT,2023-08-28,34.58,39.9,42.7,131.7,-2.1,-14.1,43.9,25.4,16.0,84.9,-15.2
WDC,ai,BRKOUT,2025-06-23,63.12,187.4,829.1,,155.6,708.8,,174.5,809.3,,0.0
WDC,ai,MACROSS,2018-03-12,73.47,-45.8,-53.2,-57.7,-41.6,-50.4,-68.4,-52.4,-57.8,-59.3,-65.6
WDC,ai,MACROSS,2019-08-19,39.9,24.7,-36.4,13.2,-9.9,-94.6,-125.6,6.5,-58.0,-47.9,-42.2
WDC,ai,MACROSS,2021-01-04,38.99,35.4,27.0,-28.3,23.8,-2.5,-21.7,20.4,3.2,-33.1,-2.1
WDC,ai,MACROSS,2023-07-24,31.62,38.5,62.4,117.0,20.5,11.8,36.0,31.1,41.6,73.9,-7.3
WDC,ai,MACROSS,2025-06-30,65.9,184.6,717.9,,152.6,608.4,,174.7,697.5,,0.0
P,ai,BOTTOM,2020-01-06,18.77,-7.8,26.4,58.9,-19.7,-35.8,-51.3,-6.3,7.2,11.2,-48.2
P,ai,BOTTOM,2021-08-23,24.06,8.4,26.3,48.7,8.4,44.0,37.2,10.5,35.0,47.9,-2.6
P,ai,BOTTOM,2022-01-31,26.38,12.3,13.4,60.2,22.9,21.0,17.4,19.5,20.0,46.5,-11.1
P,ai,BOTTOM,2022-12-19,26.65,34.5,34.6,141.7,-10.5,-36.7,1.7,20.5,9.1,82.9,-15.0
P,ai,BOTTOM,2026-06-15,74.61,,,,,,,,,,-7.3
P,ai,BRKOUT,2017-08-21,14.95,45.2,77.7,4.5,20.9,51.8,-27.0,31.8,57.9,-16.5,-3.5
P,ai,BRKOUT,2020-11-30,21.0,-11.0,50.5,41.0,-26.5,12.3,37.7,-26.2,26.2,27.7,-14.6
P,ai,BRKOUT,2021-11-22,29.87,-18.4,2.0,23.7,-0.8,27.7,13.9,-9.5,13.0,21.4,-21.5
P,ai,BRKOUT,2023-05-29,34.25,-3.2,76.0,56.5,-13.5,10.5,-9.3,-11.3,51.0,15.0,-3.8
P,ai,BRKOUT,2025-01-20,72.15,-20.2,-3.3,,-30.1,-56.8,,-25.6,-18.0,,-48.5
P,ai,BRKOUT,2025-08-25,77.61,-17.3,,,-57.7,,,-24.2,,,-24.0
P,ai,MACROSS,2020-07-20,17.23,33.4,14.2,55.7,-18.8,-48.3,11.7,13.1,-24.9,28.9,-16.0
P,ai,MACROSS,2020-11-09,17.96,0.4,57.0,71.4,-19.4,2.5,57.5,-16.8,24.7,56.8,-0.2
P,ai,MACROSS,2021-09-06,26.41,19.9,14.7,48.0,29.2,34.7,35.7,25.0,22.2,45.0,-11.2
P,ai,MACROSS,2022-10-03,28.26,-9.3,25.1,81.3,-44.7,-34.0,-86.1,-23.1,4.8,18.7,-19.9
P,ai,MACROSS,2023-06-26,36.82,-3.2,74.4,50.5,-18.7,2.1,-34.3,-11.2,49.9,8.1,-10.5
P,ai,MACROSS,2024-12-02,64.92,-14.8,8.5,,-16.9,-38.7,,-14.0,-5.7,,-42.7
P,ai,MACROSS,2025-08-04,58.58,21.2,,,-16.1,,,12.2,,,-0.4
P,ai,MACROSS,2026-06-22,69.16,,,,,,,,,,0.0
MOD,ai,BOTTOM,2019-05-20,14.14,-47.6,-68.7,18.2,-79.3,-109.6,-126.6,-58.6,-75.4,-33.9,-78.9
MOD,ai,BOTTOM,2020-09-07,6.15,155.9,83.7,148.9,115.9,18.6,116.7,137.0,48.4,123.7,-3.1
MOD,ai,BRKOUT,2020-11-02,9.62,76.8,16.7,118.5,52.3,-34.9,120.1,55.4,-19.0,107.9,0.0
MOD,ai,BRKOUT,2022-08-01,14.82,55.3,200.3,566.7,51.9,172.2,484.2,54.7,190.4,533.8,-12.7
MOD,ai,BRKOUT,2025-09-08,149.68,26.0,,,-1.7,,,24.6,,,-16.4
MOD,ai,MACROSS,2020-10-12,7.13,118.0,69.7,93.8,81.6,27.9,99.8,96.9,39.5,87.8,-10.2
MOD,ai,MACROSS,2022-07-25,13.12,71.9,174.4,693.8,69.8,137.5,587.6,72.5,161.7,657.6,-1.4
MOD,ai,MACROSS,2025-08-18,140.37,61.3,,,19.5,,,53.8,,,-10.8
NBIS,ai,BOTTOM,2026-01-19,94.5,,,,,,,,,,-9.9
IREN,ai,BOTTOM,2023-08-21,4.18,47.8,106.2,412.7,7.1,38.6,313.7,31.5,76.7,362.1,-32.3
IREN,ai,BOTTOM,2024-03-11,4.6,64.3,56.7,803.9,55.6,52.3,724.8,53.8,45.3,771.2,0.0
IREN,ai,BOTTOM,2024-08-12,7.97,63.2,147.1,,60.4,126.7,,52.5,129.5,,-29.9
IREN,ai,BRKOUT,2023-07-03,6.67,-7.2,125.3,152.2,-19.3,43.3,59.9,-14.7,97.1,105.8,-57.6
IREN,ai,BRKOUT,2025-06-30,16.82,153.9,130.8,,121.8,21.3,,144.0,110.4,,-8.4
IREN,ai,BRKOUT,2026-05-25,63.54,,,,,,,,,,-47.1
IREN,ai,MACROSS,2023-05-08,3.69,-19.8,29.8,90.8,-47.8,-53.0,7.1,-27.6,1.4,49.9,-23.3
IREN,ai,MACROSS,2025-07-07,16.23,183.6,153.5,,147.8,40.3,,171.7,131.1,,-5.1
APLD,ai,BOTTOM,2025-01-06,8.29,10.7,354.5,,-5.6,296.6,,2.7,333.6,,-52.4
APLD,ai,BOTTOM,2025-12-22,24.05,62.8,,,-4.3,,,56.7,,,-1.2
APLD,ai,BRKOUT,2023-05-15,8.57,-52.9,-51.7,-20.3,-74.8,-125.5,-107.1,-61.3,-80.0,-66.1,-71.2
APLD,ai,BRKOUT,2024-09-23,8.19,-30.2,165.1,,-16.2,134.6,,-28.0,147.9,,-51.8
APLD,ai,MACROSS,2024-08-05,3.9,99.7,264.1,,90.3,233.0,,86.3,243.1,,-6.4
APLD,ai,MACROSS,2025-06-23,10.38,131.7,277.3,,99.9,156.9,,118.8,257.4,,-11.6
WULF,ai,BOTTOM,2020-06-08,2.69,98.4,241.6,-9.5,52.8,168.0,-64.8,77.0,199.9,-41.4,0.0
WULF,ai,BOTTOM,2024-04-29,2.19,183.1,46.6,873.1,170.7,45.5,737.1,170.7,34.3,828.7,-11.0
WULF,ai,BOTTOM,2025-07-28,4.76,180.9,,,138.4,,,168.9,,,0.0
WULF,ai,BRKOUT,2020-12-28,8.5,135.4,77.1,-92.1,116.5,34.9,-86.6,118.6,48.3,-97.4,-10.2
WULF,ai,BRKOUT,2024-06-10,3.92,79.6,2.6,564.8,86.5,6.2,431.6,67.6,-8.8,524.8,-40.1
WULF,ai,BRKOUT,2025-08-11,8.97,81.3,,,42.9,,,74.7,,,0.0
WULF,ai,MACROSS,2018-03-26,7.5,42.0,-6.6,-63.2,40.0,-10.5,-77.3,30.6,-16.0,-63.4,-12.5
WULF,ai,MACROSS,2020-11-30,5.03,84.2,389.0,-82.3,68.8,350.8,-85.6,69.1,364.7,-95.6,0.0
WULF,ai,MACROSS,2023-05-29,1.49,-8.1,46.3,136.9,-18.3,-19.2,71.1,-16.1,21.3,95.4,-34.2
WULF,ai,MACROSS,2024-01-22,1.69,161.5,274.0,735.5,133.9,234.4,621.4,149.1,247.6,690.6,0.0
WULF,ai,MACROSS,2025-08-18,9.16,63.9,,,22.1,,,56.4,,,-0.3
CORZ,ai,BOTTOM,2026-07-06,23.49,,,,,,,,,,-10.9
CORZ,ai,BRKOUT,2025-10-06,18.52,-1.1,,,-35.8,,,-5.7,,,-20.5
CORZ,ai,BRKOUT,2026-05-04,22.92,,,,,,,,,,-8.6
CORZ,ai,MACROSS,2025-07-21,13.76,36.6,,,-3.0,,,27.8,,,-8.1
CIFR,ai,BOTTOM,2024-01-29,2.68,61.6,113.8,495.5,47.3,85.8,382.9,53.1,90.5,452.1,0.0
CIFR,ai,BOTTOM,2024-10-07,4.19,-42.2,305.0,,-21.0,277.7,,-35.0,291.0,,-49.9
CIFR,ai,BOTTOM,2025-12-22,15.19,70.8,,,3.6,,,64.6,,,-15.6
CIFR,ai,BRKOUT,2024-03-25,5.15,-20.2,-55.0,166.9,-30.3,-49.7,99.3,-30.1,-62.5,142.7,-55.0
CIFR,ai,BRKOUT,2025-08-25,7.64,104.2,,,63.8,,,97.2,,,-1.6
CIFR,ai,BRKOUT,2026-05-18,21.97,,,,,,,,,,-20.1
CIFR,ai,MACROSS,2023-04-03,2.33,14.6,73.8,-9.9,-3.0,-3.7,-54.6,8.9,45.3,-36.7,-9.9
CIFR,ai,MACROSS,2025-08-04,4.75,210.1,,,172.8,,,201.1,,,0.0
HUT,ai,BOTTOM,2019-08-26,8.58,-47.6,-52.8,351.0,-64.6,-108.6,208.0,-49.8,-75.1,291.7,-72.0
HUT,ai,BOTTOM,2021-07-26,23.65,16.7,-55.2,-26.4,16.7,-45.8,-50.5,15.2,-50.5,-33.8,-70.8
HUT,ai,BOTTOM,2023-04-10,10.65,-19.5,-27.5,14.2,-37.2,-103.7,-47.2,-24.9,-53.2,-18.8,-35.1
HUT,ai,BOTTOM,2023-08-14,12.0,-16.0,-3.8,94.3,-54.9,-73.7,-10.1,-31.3,-32.6,43.0,-42.4
HUT,ai,BOTTOM,2024-01-29,7.28,70.3,197.9,666.9,56.1,170.0,554.3,61.8,174.6,623.5,0.0
HUT,ai,BOTTOM,2024-10-07,11.72,3.8,271.8,,25.0,244.5,,11.0,257.7,,-4.5
HUT,ai,BRKOUT,2020-12-14,9.95,88.4,292.0,-53.5,73.9,255.0,-53.1,75.3,265.7,-60.4,0.0
HUT,ai,BRKOUT,2021-08-30,53.35,-50.1,-82.1,-77.8,-44.1,-58.6,-94.0,-46.2,-69.9,-80.4,-87.1
HUT,ai,BRKOUT,2023-07-03,19.0,-37.4,-13.2,15.3,-49.5,-95.3,-77.0,-44.9,-41.5,-31.1,-63.6
HUT,ai,BRKOUT,2024-07-15,19.52,37.9,10.8,368.5,33.4,-6.8,242.5,28.4,-5.0,329.9,-53.9
HUT,ai,BRKOUT,2025-09-08,32.44,49.0,,,21.3,,,47.6,,,0.0
HUT,ai,MACROSS,2019-07-15,8.98,-28.7,-54.9,119.4,-56.0,-94.5,2.7,-41.4,-65.3,69.1,-73.3
HUT,ai,MACROSS,2020-12-07,5.8,251.1,656.9,-13.8,232.0,611.2,-18.6,234.4,626.6,-24.3,0.0
HUT,ai,MACROSS,2023-05-29,10.8,5.1,-19.5,41.4,-5.2,-85.1,-24.4,-3.0,-44.6,-0.1,-36.0
HUT,ai,MACROSS,2024-07-08,16.96,38.0,28.7,502.7,47.5,23.5,378.4,33.6,16.0,464.7,-46.9
HUT,ai,MACROSS,2025-07-14,21.62,175.9,323.0,,137.6,230.7,,165.1,303.2,,-10.0
MSFT,ai,BRKOUT,2025-06-02,466.65,3.1,-10.7,,-41.1,-136.8,,-12.0,-35.2,,-23.7
MSFT,ai,MACROSS,2023-03-27,281.02,10.0,47.1,33.5,-0.2,-24.9,-29.4,4.8,17.5,-6.0,-0.9
MSFT,ai,MACROSS,2025-06-16,473.62,2.1,-19.9,,-34.7,-174.2,,-13.0,-46.9,,-24.8
GOOGL,ai,BOTTOM,2023-03-13,100.73,35.2,38.9,63.6,17.9,-36.2,-19.3,20.7,6.3,15.8,0.0
GOOGL,ai,BRKOUT,2019-04-22,63.31,-1.0,-0.1,80.0,-10.7,-15.7,-39.9,-4.8,1.5,32.8,-16.4
GOOGL,ai,BRKOUT,2019-11-04,64.87,5.8,34.4,127.4,1.6,-15.7,-0.1,10.1,18.9,70.7,-18.4
GOOGL,ai,MACROSS,2019-03-25,58.33,4.2,-5.7,72.0,-6.6,-15.4,-60.2,-1.4,2.8,26.7,-9.2
GOOGL,ai,MACROSS,2019-08-05,58.92,24.4,26.0,128.3,-6.3,-28.3,-17.9,9.4,9.0,71.3,-10.2
GOOGL,ai,MACROSS,2020-06-08,70.03,25.6,72.0,57.4,-20.0,-1.5,2.1,4.2,30.3,25.4,-3.6
GOOGL,ai,MACROSS,2023-05-15,121.68,10.2,43.4,36.0,-11.7,-30.4,-50.8,1.8,15.1,-9.8,-2.7
GOOGL,ai,MACROSS,2025-07-21,192.63,70.0,,,30.4,,,61.2,,,-2.1
AMZN,ai,BRKOUT,2020-02-03,103.96,52.3,61.2,51.6,34.2,-3.8,-40.6,50.6,42.3,12.2,-14.2
AMZN,ai,BRKOUT,2025-10-27,244.22,9.8,,,-31.0,,,3.6,,,-18.6
AMZN,ai,MACROSS,2019-04-22,97.53,-9.7,23.6,71.3,-19.4,7.9,-48.7,-13.5,25.1,24.0,-11.5
AMZN,ai,MACROSS,2020-01-13,93.24,58.8,66.5,73.9,49.2,4.6,-38.8,60.9,51.2,29.4,-4.3
AMZN,ai,MACROSS,2023-06-05,123.43,19.4,49.3,73.0,8.8,-23.5,-0.9,11.6,23.3,29.8,0.0
AMZN,ai,MACROSS,2025-06-30,223.41,1.4,8.6,,-30.6,-100.9,,-8.5,-11.8,,-11.0
AMZN,ai,MACROSS,2026-05-04,272.68,,,,,,,,,,-14.7
META,ai,MACROSS,2019-04-15,176.73,4.2,0.5,71.7,0.5,-13.4,-47.4,0.5,-0.3,22.6,-16.0
META,ai,MACROSS,2020-06-08,226.59,19.7,44.9,-23.2,-26.0,-28.6,-78.5,-1.8,3.2,-55.1,-5.5
META,ai,MACROSS,2023-03-20,204.22,45.2,147.6,190.8,33.7,67.7,112.4,35.6,114.0,144.4,0.0
AAPL,ai,BRKOUT,2019-09-30,54.51,6.9,101.1,155.5,12.4,55.0,37.5,21.7,85.5,103.0,0.0
AAPL,ai,BRKOUT,2023-05-01,170.93,2.1,6.2,19.5,-18.2,-69.9,-58.4,-4.1,-19.5,-21.6,-4.4
AAPL,ai,MACROSS,2019-05-13,45.21,41.6,64.8,174.8,14.2,38.4,48.6,31.5,62.6,123.7,-7.4
AAPL,ai,MACROSS,2023-04-03,162.16,8.1,3.5,15.6,-9.5,-73.9,-29.2,2.4,-25.0,-11.3,0.0
AAPL,ai,MACROSS,2024-06-17,205.71,22.9,-2.7,44.9,31.3,-1.4,-106.1,13.7,-13.2,4.5,-8.9
AAPL,ai,MACROSS,2025-09-22,254.74,-2.4,,,-19.1,,,1.2,,,-4.0
ORCL,ai,BRKOUT,2023-01-09,85.45,34.7,21.3,77.8,-4.2,-32.8,-43.5,21.1,-0.1,28.0,-5.8
ORCL,ai,BRKOUT,2025-06-09,212.34,-11.4,-13.6,,-49.2,-155.6,,-26.2,-39.3,,-35.2
ORCL,ai,MACROSS,2018-09-17,45.43,4.1,6.4,21.0,2.5,-6.8,-41.5,7.5,2.2,3.3,-13.5
ORCL,ai,MACROSS,2019-01-14,44.15,17.8,13.9,29.8,-7.6,-45.8,-128.6,5.2,-13.1,-16.6,0.0
ORCL,ai,MACROSS,2020-06-29,51.25,16.6,48.7,30.7,-26.8,-21.9,1.3,-4.1,7.7,5.0,-2.7
ORCL,ai,MACROSS,2022-12-26,78.01,46.9,30.9,112.4,-3.2,-42.4,-35.0,30.1,4.8,52.4,0.0
ORCL,ai,MACROSS,2025-06-23,207.43,-5.5,-28.6,,-37.3,-149.0,,-18.4,-48.5,,-33.7
APP,ai,BOTTOM,2023-10-23,36.22,103.8,346.2,1611.8,45.5,262.2,1455.2,79.2,303.3,1542.6,0.0
APP,ai,BOTTOM,2026-07-06,506.98,,,,,,,,,,-16.3
APP,ai,BRKOUT,2023-08-07,38.89,19.2,99.0,1072.5,-21.1,44.3,969.6,5.9,77.7,1025.7,-6.9
APP,ai,BRKOUT,2025-09-08,582.0,-21.2,,,-48.9,,,-22.5,,,-34.5
APP,ai,MACROSS,2023-06-19,23.39,76.2,236.0,1288.2,58.0,155.3,1209.9,66.0,208.5,1247.4,0.0
NOW,ai,BOTTOM,2025-08-04,174.5,-42.3,,,-79.5,,,-51.3,,,-52.4
NOW,ai,BRKOUT,2020-01-13,62.5,35.0,64.4,69.9,25.3,2.5,-42.8,37.1,49.1,25.4,-20.1
NOW,ai,BRKOUT,2021-08-16,120.1,-7.4,-20.7,-9.8,-11.4,-12.8,-25.7,-6.0,-17.3,-11.3,-27.9
NOW,ai,MACROSS,2023-04-03,94.63,18.5,65.6,52.5,1.0,-11.9,7.8,12.8,37.1,25.7,-8.1
NOW,ai,MACROSS,2025-06-23,204.48,-24.7,-51.9,,-56.6,-172.3,,-37.6,-71.8,,-59.4
CRM,ai,BOTTOM,2022-09-12,148.93,22.0,41.6,68.5,-2.2,-4.0,-67.9,20.0,24.8,18.9,-15.3
CRM,ai,BRKOUT,2024-11-04,317.88,-14.2,-25.0,,-0.7,-59.9,,-9.2,-38.6,,-25.1
CRM,ai,MACROSS,2019-11-04,158.37,9.2,61.5,90.7,5.1,11.4,-36.9,13.5,45.9,33.9,-16.6
CRM,ai,MACROSS,2020-06-08,172.13,27.0,37.2,1.9,-18.6,-36.3,-53.4,5.6,-4.5,-30.0,0.0
CRM,ai,MACROSS,2021-06-14,238.65,4.2,-32.8,-12.8,-15.4,-16.5,-39.1,-7.4,-22.2,-22.0,-34.2
CRM,ai,MACROSS,2023-03-27,196.38,1.5,51.0,35.9,-8.7,-21.0,-27.0,-3.7,21.3,-3.6,-3.6
CRM,ai,MACROSS,2024-10-14,289.24,-15.4,-16.5,,7.7,-53.4,,-6.0,-31.6,,-17.7
SNOW,ai,BOTTOM,2025-02-03,184.03,4.2,-8.5,,-15.6,-72.9,,-2.5,-24.8,,-29.1
SNOW,ai,BRKOUT,2021-11-15,392.15,-63.9,-62.7,-58.7,-37.4,-33.4,-64.6,-47.6,-48.5,-57.9,-69.6
SNOW,ai,MACROSS,2023-06-12,184.18,8.1,-31.0,13.0,-5.4,-106.7,-56.3,0.4,-55.8,-26.0,-31.0
SNOW,ai,MACROSS,2023-11-13,161.85,0.0,-22.2,58.8,-42.5,-70.7,-55.6,-18.3,-53.9,5.9,-32.9
SNOW,ai,MACROSS,2025-01-13,170.79,27.0,23.2,,14.6,-32.3,,21.3,6.1,,-23.6
SNOW,ai,MACROSS,2026-07-13,268.9,,,,,,,,,,0.0
DDOG,ai,BOTTOM,2022-02-28,142.19,-31.8,-45.9,-8.4,-13.2,-42.9,-84.2,-23.3,-40.9,-30.8,-54.9
DDOG,ai,BOTTOM,2023-07-03,98.02,18.3,37.3,58.3,6.2,-44.8,-34.0,10.8,9.0,11.9,-16.7
DDOG,ai,BOTTOM,2025-09-15,138.82,-9.9,,,-32.1,,,-8.2,,,-24.1
DDOG,ai,BRKOUT,2024-11-18,154.83,-26.1,1.8,,-23.6,-32.2,,-23.9,-10.3,,-43.2
DDOG,ai,BRKOUT,2025-11-03,191.24,4.7,,,-58.6,,,-5.9,,,-44.9
DDOG,ai,MACROSS,2021-07-12,104.64,32.1,-10.6,3.7,7.2,2.0,-25.5,23.7,-1.1,-3.6,-18.2
DDOG,ai,MACROSS,2023-06-26,98.38,23.4,31.8,34.3,7.8,-40.4,-50.5,15.3,7.3,-8.2,-17.0
DDOG,ai,MACROSS,2024-11-18,154.83,-26.1,1.8,,-23.6,-32.2,,-23.9,-10.3,,-43.2
DDOG,ai,MACROSS,2025-07-21,149.84,-13.2,,,-52.8,,,-22.0,,,-29.7
DDOG,ai,MACROSS,2026-05-18,222.32,,,,,,,,,,0.0
MDB,ai,BOTTOM,2023-04-17,232.86,48.7,40.6,-31.6,34.3,-20.8,-88.3,45.8,18.8,-62.8,0.0
MDB,ai,BOTTOM,2025-02-03,277.87,-24.7,23.9,,-44.5,-40.5,,-31.4,7.6,,-44.4
MDB,ai,BRKOUT,2021-08-30,507.41,-39.7,-51.7,-22.6,-33.6,-28.2,-38.8,-35.7,-39.5,-25.2,-51.7
MDB,ai,BRKOUT,2025-10-27,359.82,-26.8,,,-67.7,,,-33.0,,,-37.2
MDB,ai,MACROSS,2020-01-13,149.39,39.9,141.8,165.7,30.2,80.0,53.0,42.0,126.5,121.2,-22.9
MDB,ai,MACROSS,2023-05-22,283.36,43.9,23.4,-34.4,34.1,-43.3,-97.2,34.7,-4.5,-76.1,0.0
MDB,ai,MACROSS,2025-09-08,330.1,-21.1,,,-48.8,,,-22.4,,,-31.6
NET,ai,BOTTOM,2021-12-20,137.27,-62.2,-68.1,-38.6,-32.4,-34.9,-53.0,-45.7,-50.8,-42.4,-70.1
NET,ai,BOTTOM,2022-04-18,95.22,-42.9,-34.0,-11.7,-22.3,-41.0,-84.4,-31.5,-32.4,-31.6,-58.1
NET,ai,BOTTOM,2025-03-17,119.22,89.5,80.7,,49.1,9.0,,71.2,64.4,,-18.6
NET,ai,BOTTOM,2026-05-11,197.56,,,,,,,,,,0.0
NET,ai,BRKOUT,2024-12-02,112.96,59.1,77.9,,56.9,30.7,,59.9,63.7,,-14.1
NET,ai,BRKOUT,2026-07-06,268.4,,,,,,,,,,0.0
NET,ai,MACROSS,2023-04-10,64.68,-5.4,45.0,64.3,-23.2,-31.2,2.9,-10.8,19.3,31.3,-31.9
NET,ai,MACROSS,2024-08-26,82.14,76.9,154.1,,80.9,134.3,,70.8,138.2,,-7.4
NET,ai,MACROSS,2024-10-21,88.76,36.3,145.4,,52.2,106.0,,40.6,127.1,,-1.4
NET,ai,MACROSS,2026-05-04,196.13,,,,,,,,,,0.0
NET,ai,MACROSS,2026-05-18,216.17,,,,,,,,,,0.0
CRWD,ai,BRKOUT,2023-10-02,44.17,78.6,65.4,177.3,27.6,-2.7,47.9,57.0,30.2,117.4,-2.2
CRWD,ai,BRKOUT,2025-01-27,99.52,12.2,10.9,,-4.3,-55.2,,8.3,-5.4,,-19.2
CRWD,ai,BRKOUT,2026-05-11,148.52,,,,,,,,,,0.0
CRWD,ai,MACROSS,2023-07-10,37.35,89.7,148.5,220.2,78.8,72.6,135.1,82.8,122.2,177.7,-1.7
CRWD,ai,MACROSS,2024-11-25,86.49,36.2,47.2,,36.8,1.0,,37.8,32.4,,-7.0
CRWD,ai,MACROSS,2026-05-25,182.75,,,,,,,,,,-8.2
PANW,ai,BRKOUT,2018-01-15,26.2,36.2,29.3,54.0,36.3,40.6,12.5,35.6,32.5,31.1,-2.1
PANW,ai,BRKOUT,2024-11-04,195.7,-4.5,8.5,,9.0,-26.4,,0.6,-5.1,,-21.5
PANW,ai,BRKOUT,2026-05-11,242.83,,,,,,,,,,0.0
PANW,ai,MACROSS,2017-09-04,24.0,30.9,58.0,49.9,1.2,35.4,8.8,16.6,39.2,24.3,-2.6
PANW,ai,MACROSS,2019-02-25,40.91,-17.0,-24.8,46.0,-26.8,-53.2,-90.2,-22.3,-32.4,5.2,-24.8
PANW,ai,MACROSS,2019-09-09,34.72,-27.3,16.6,125.5,-26.4,-21.7,-2.7,-17.6,3.4,72.4,-31.1
PANW,ai,MACROSS,2019-11-11,41.17,-9.8,4.7,108.6,-9.0,-43.6,-20.6,-2.6,-12.3,53.7,-41.9
PANW,ai,MACROSS,2020-06-29,38.42,54.2,61.7,120.5,10.7,-8.9,91.1,33.4,20.7,94.8,-4.1
PANW,ai,MACROSS,2023-03-27,99.87,17.4,42.2,73.0,7.2,-29.8,10.1,12.2,12.6,33.5,-8.7
PANW,ai,MACROSS,2026-05-25,281.69,,,,,,,,,,-3.4
IOT,ai,BOTTOM,2026-01-05,33.67,9.1,,,-47.9,,,-0.3,,,-24.5
IOT,ai,BOTTOM,2026-07-06,36.72,,,,,,,,,,0.0
IOT,ai,BRKOUT,2023-02-27,19.48,58.8,79.6,144.8,31.2,-1.5,52.7,46.3,50.8,93.6,-7.4
IOT,ai,MACROSS,2023-02-20,16.04,57.5,107.7,229.3,32.3,31.5,117.2,45.6,77.6,173.7,0.0
PATH,ai,BOTTOM,2023-03-06,13.88,33.1,70.5,-11.3,6.6,-20.0,-102.7,16.8,35.8,-64.8,-7.3
PATH,ai,BOTTOM,2023-10-16,15.53,20.7,-15.9,-0.6,-20.3,-94.0,-144.4,2.3,-56.6,-62.4,-26.8
PATH,ai,BOTTOM,2025-02-03,13.96,-23.6,-7.7,,-43.4,-72.1,,-30.3,-24.0,,-28.1
PATH,ai,BRKOUT,2025-10-06,17.05,-45.0,,,-79.7,,,-49.6,,,-45.0
PATH,ai,MACROSS,2023-04-17,15.34,1.2,22.2,-31.9,-13.2,-39.2,-88.6,-1.7,0.4,-63.1,-16.1
PATH,ai,MACROSS,2023-05-22,15.62,17.5,21.5,-20.8,7.7,-45.2,-83.6,8.3,-6.4,-62.5,-5.1
PATH,ai,MACROSS,2025-07-21,12.18,21.5,,,-18.1,,,12.7,,,-23.0
PATH,ai,MACROSS,2025-10-27,15.86,-32.7,,,-73.6,,,-39.0,,,-40.9
DUOL,ai,BRKOUT,2023-02-27,119.27,24.9,98.3,161.7,-2.7,17.1,69.6,12.4,69.5,110.5,-1.2
DUOL,ai,MACROSS,2023-03-13,126.32,26.3,71.3,124.5,9.0,-3.8,41.5,11.8,38.6,76.6,-2.2
DUOL,ai,MACROSS,2024-09-16,268.34,15.3,8.4,,20.4,-24.9,,15.4,-9.8,,0.0
RDDT,ai,BOTTOM,2025-05-12,113.23,70.7,39.7,,30.7,-86.8,,57.0,13.9,,-11.0
RDDT,ai,BRKOUT,2025-08-11,246.5,-43.3,,,-81.7,,,-49.9,,,-50.6
RDDT,ai,MACROSS,2025-06-30,157.03,54.0,24.0,,22.0,-85.5,,44.2,3.6,,-22.4
SOUN,ai,BOTTOM,2024-04-15,3.55,54.9,120.3,127.6,28.7,123.2,-7.2,36.1,112.6,80.7,0.0
SOUN,ai,BOTTOM,2024-08-12,4.97,120.6,213.7,,117.8,193.3,,109.9,196.2,,-12.5
SOUN,ai,BOTTOM,2025-01-27,14.15,-28.6,-40.2,,-45.1,-106.3,,-32.5,-56.5,,-48.3
SOUN,ai,BOTTOM,2025-09-15,16.25,-59.7,,,-81.9,,,-58.0,,,-63.7
SOUN,ai,BRKOUT,2024-02-26,6.03,-19.0,79.3,42.5,-29.4,73.3,-43.2,-29.6,61.9,5.4,-41.2
SOUN,ai,BRKOUT,2024-11-25,9.31,8.6,29.4,,9.1,-16.7,,10.2,14.6,,-21.4
SOUN,ai,MACROSS,2023-06-12,3.34,-33.8,32.6,172.5,-47.3,-43.1,103.1,-41.4,7.8,133.4,-53.0
SOUN,ai,MACROSS,2024-02-26,6.03,-19.0,79.3,42.5,-29.4,73.3,-43.2,-29.6,61.9,5.4,-41.2
SOUN,ai,MACROSS,2025-06-30,11.09,-4.4,-40.9,,-36.4,-150.4,,-14.3,-61.4,,-46.8
AI,ai,BOTTOM,2024-04-01,25.16,-4.3,-24.5,-65.7,-15.6,-6.1,-143.2,-15.5,-23.2,-95.2,-24.5
AI,ai,BRKOUT,2023-01-30,25.88,46.1,-3.3,21.1,22.1,-57.9,-76.7,36.9,-25.0,-28.9,-31.1
AI,ai,BRKOUT,2024-11-18,37.42,-39.3,-63.6,,-36.8,-97.5,,-37.2,-75.6,,-63.6
AI,ai,MACROSS,2023-02-27,28.48,9.6,25.9,-17.7,-17.9,-55.2,-109.7,-2.8,-2.9,-68.8,-37.4
AI,ai,MACROSS,2024-07-29,24.43,28.3,-8.2,,16.3,-38.8,,14.7,-26.3,,-22.3
AI,ai,MACROSS,2024-12-02,40.52,-36.0,-62.8,,-38.1,-110.0,,-35.2,-77.0,,-66.4
BBAI,ai,BOTTOM,2023-04-24,2.9,-56.9,-37.9,21.7,-68.8,-115.0,-51.5,-56.4,-61.9,-14.3,-56.9
BBAI,ai,BOTTOM,2024-03-04,2.57,-49.8,30.0,65.4,-45.4,29.5,-5.1,-56.1,16.0,30.7,-52.9
BBAI,ai,BOTTOM,2025-05-26,4.16,52.4,21.2,,5.5,-129.4,,35.8,-8.7,,-24.5
BBAI,ai,BOTTOM,2025-11-17,5.4,-22.6,,,-99.9,,,-36.4,,,-47.4
BBAI,ai,BRKOUT,2024-02-26,3.46,-54.0,49.1,14.5,-64.4,43.1,-71.2,-64.7,31.8,-22.6,-65.0
BBAI,ai,BRKOUT,2024-12-23,4.21,38.7,36.1,,26.6,-11.6,,34.8,18.7,,-39.9
BBAI,ai,MACROSS,2022-05-16,10.0,-90.2,-77.9,-84.9,-86.4,-96.1,-190.2,-92.7,-87.2,-125.1,-93.3
BBAI,ai,MACROSS,2023-04-17,2.81,-53.7,-48.4,-10.0,-68.2,-109.8,-66.6,-56.7,-70.3,-41.2,-55.5
BBAI,ai,MACROSS,2024-02-26,3.46,-54.0,49.1,14.5,-64.4,43.1,-71.2,-64.7,31.8,-22.6,-65.0
BBAI,ai,MACROSS,2024-12-02,3.38,13.9,101.8,,11.8,54.5,,14.7,87.6,,-25.4
VST,grid,BRKOUT,2021-12-27,21.08,4.2,5.1,79.4,27.6,19.0,74.7,23.3,23.3,76.2,-5.8
VST,grid,MACROSS,2019-10-07,23.45,-33.4,-31.7,-29.8,-25.5,-69.5,-121.3,-28.3,-51.0,-82.6,-47.3
VST,grid,MACROSS,2021-01-04,18.82,-6.4,11.7,14.2,-14.6,-3.8,9.3,-21.4,-12.2,9.4,-22.9
VST,grid,MACROSS,2021-08-16,16.53,20.2,43.7,75.3,27.7,51.2,73.3,21.6,47.1,73.8,-6.3
VST,grid,MACROSS,2023-04-24,22.96,36.1,211.9,447.9,47.2,193.0,422.9,36.7,188.0,411.9,-1.8
CEG,grid,BRKOUT,2025-09-29,358.55,-24.0,,,-33.3,,,-22.6,,,-33.3
CEG,grid,MACROSS,2023-06-12,91.02,28.5,133.3,224.5,30.2,119.7,194.5,20.9,108.5,185.4,-2.7
CEG,grid,MACROSS,2025-06-02,297.24,20.7,-14.3,,4.0,-57.2,,5.6,-38.8,,-14.3
TLN,grid,MACROSS,2026-06-22,404.09,,,,,,,,,,-9.8
NRG,grid,BOTTOM,2022-12-19,29.33,11.2,63.3,202.4,-4.6,44.1,162.4,-2.8,37.8,143.6,-0.3
NRG,grid,BOTTOM,2023-06-05,32.04,43.0,136.0,381.3,45.5,118.6,348.4,35.2,110.0,338.1,0.0
NRG,grid,BRKOUT,2022-05-16,41.3,-6.0,-23.8,93.4,-18.3,-45.4,43.7,-8.5,-33.0,53.2,-30.9
NRG,grid,BRKOUT,2023-10-30,43.12,72.6,97.2,295.1,44.2,59.8,216.3,54.1,64.1,234.2,0.0
NRG,grid,MACROSS,2019-11-11,32.98,-16.7,-16.3,-4.0,-8.7,-55.3,-109.4,-9.5,-33.4,-58.9,-41.0
NRG,grid,MACROSS,2020-12-28,32.24,12.2,18.5,-9.3,-3.6,-9.1,-19.2,-4.6,-10.2,-14.6,-12.9
NRG,grid,MACROSS,2022-01-31,35.22,-0.4,-9.1,50.0,1.0,-16.1,33.5,6.7,-2.5,36.3,-19.0
NRG,grid,MACROSS,2022-05-23,41.96,-7.7,-24.0,98.9,-15.7,-39.6,55.2,-5.4,-26.8,67.4,-32.0
NRG,grid,MACROSS,2023-08-14,34.61,44.8,133.4,325.7,35.3,110.4,274.6,29.5,104.7,274.3,0.0
NEE,grid,BRKOUT,2024-05-13,71.34,1.6,1.3,29.9,-2.0,-7.8,-33.7,-9.7,-12.3,-13.1,-11.1
NEE,grid,BRKOUT,2025-10-06,81.63,14.4,,,-4.9,,,9.8,,,-3.9
NEE,grid,MACROSS,2022-08-15,80.26,-14.4,-22.7,-7.6,-22.9,-33.0,-43.4,-11.7,-27.7,-42.9,-22.7
NEE,grid,MACROSS,2024-05-13,71.34,1.6,1.3,29.9,-2.0,-7.8,-33.7,-9.7,-12.3,-13.1,-11.1
NEE,grid,MACROSS,2025-08-18,74.17,22.5,,,0.5,,,15.1,,,-6.4
SO,grid,MACROSS,2018-08-13,34.62,6.0,28.3,24.7,12.4,29.4,-8.7,7.7,25.0,1.8,-7.2
SO,grid,MACROSS,2018-11-19,34.13,21.7,43.8,45.3,14.9,18.5,-34.7,13.2,23.4,5.0,-3.9
SO,grid,MACROSS,2020-11-23,49.4,7.6,6.6,19.5,-11.2,-27.5,-4.4,-8.8,-21.4,5.6,-5.5
SO,grid,MACROSS,2023-05-08,66.01,-6.2,9.9,31.4,-0.1,-13.3,1.3,-14.0,-18.5,-9.4,-10.9
SO,grid,MACROSS,2023-12-04,65.67,11.2,23.0,29.3,-9.3,-6.9,-29.7,-5.7,-10.9,-23.6,-6.4
SO,grid,MACROSS,2026-03-09,97.21,,,,,,,,,,-6.3
DUK,grid,BRKOUT,2018-11-12,64.31,2.8,6.6,19.3,-4.5,-17.3,-52.9,-2.7,-9.5,-16.7,-2.4
DUK,grid,MACROSS,2018-08-27,59.63,12.6,19.1,6.9,21.6,22.4,-24.6,15.0,16.4,-18.7,-1.7
DUK,grid,MACROSS,2020-10-26,73.7,11.6,15.2,10.2,-26.1,-45.4,-23.3,-17.2,-27.5,-12.4,-5.2
DUK,grid,MACROSS,2024-01-08,89.75,9.3,11.9,27.9,-12.4,-6.3,-29.2,-8.9,-11.4,-21.3,-6.9
OKLO,grid,MACROSS,2022-10-24,9.84,4.5,4.6,94.2,-11.4,1.5,41.9,-3.3,-2.7,41.0,-0.1
OKLO,grid,MACROSS,2024-10-28,21.67,21.1,512.7,,20.6,482.5,,21.2,491.8,,-16.9
SMR,grid,BOTTOM,2024-04-22,6.06,203.8,174.9,97.4,193.2,169.8,29.0,189.2,165.2,53.5,0.0
SMR,grid,BOTTOM,2025-09-22,38.0,-72.9,,,-80.1,,,-69.3,,,-79.7
SMR,grid,BRKOUT,2024-05-27,8.73,239.6,266.4,45.1,233.7,256.8,-19.5,224.7,253.3,-1.8,-20.0
SMR,grid,MACROSS,2024-05-13,6.31,264.7,283.0,78.0,261.1,273.9,14.3,253.3,269.4,35.0,0.0
BWXT,grid,BRKOUT,2025-06-09,137.3,27.1,40.9,,11.7,-2.3,,12.3,15.2,,-0.7
BWXT,grid,MACROSS,2019-08-05,52.26,16.3,2.3,-2.5,-1.2,-26.8,-109.3,1.3,-14.7,-59.6,-24.0
BWXT,grid,MACROSS,2020-12-07,58.72,3.0,-22.5,-1.7,-16.6,-57.4,-23.6,-13.7,-52.8,-12.2,-23.0
BWXT,grid,MACROSS,2022-06-06,50.98,13.3,24.1,72.9,1.9,-0.3,26.9,11.5,11.9,31.6,-6.0
BWXT,grid,MACROSS,2025-06-09,137.3,27.1,40.9,,11.7,-2.3,,12.3,15.2,,-0.7
CCJ,grid,BOTTOM,2018-03-19,8.71,10.6,32.3,-29.0,8.4,42.6,-6.3,-3.6,22.0,-21.2,0.0
CCJ,grid,BOTTOM,2019-12-09,8.95,11.8,47.0,142.8,12.2,3.2,48.7,14.9,29.4,89.4,-30.9
CCJ,grid,BOTTOM,2022-05-16,23.23,1.6,15.2,127.4,-10.7,-6.4,77.8,-0.9,5.9,87.3,-11.9
CCJ,grid,BOTTOM,2022-10-10,21.08,23.5,71.7,142.6,-8.1,45.2,67.0,7.2,49.1,75.8,0.0
CCJ,grid,BRKOUT,2025-06-09,66.53,37.5,51.8,,22.1,8.6,,22.7,26.1,,0.0
CCJ,grid,MACROSS,2018-04-30,10.91,-0.9,-2.6,-7.4,12.0,4.8,-3.8,-4.0,-15.3,-18.0,-14.0
CCJ,grid,MACROSS,2020-06-08,10.01,31.5,111.1,152.5,-12.8,38.5,94.5,10.1,69.4,120.6,-9.2
CCJ,grid,MACROSS,2022-08-08,25.21,15.2,37.2,56.2,11.7,27.5,29.3,18.8,31.2,27.6,-16.4
CCJ,grid,MACROSS,2022-09-05,29.92,-15.4,23.1,23.1,-23.2,7.6,-13.2,-11.2,11.8,-13.9,-29.5
CCJ,grid,MACROSS,2023-02-20,27.13,33.3,47.6,59.9,26.8,31.3,26.4,21.5,17.5,4.3,-11.9
CCJ,grid,MACROSS,2024-11-04,52.34,-3.3,75.9,,-1.3,52.4,,1.8,62.4,,-27.9
CCJ,grid,MACROSS,2025-06-09,66.53,37.5,51.8,,22.1,8.6,,22.7,26.1,,0.0
LEU,grid,BOTTOM,2020-04-06,5.33,84.6,343.5,476.2,35.1,248.9,373.3,58.9,293.2,410.6,0.0
LEU,grid,BOTTOM,2020-10-26,9.71,135.7,483.6,384.7,98.1,423.1,351.1,107.0,441.0,362.0,-0.1
LEU,grid,BOTTOM,2021-12-13,48.29,-43.0,-31.1,8.6,-21.5,-21.9,2.9,-23.2,-15.8,3.3,-55.9
LEU,grid,BOTTOM,2023-03-27,32.2,76.3,29.0,105.7,79.3,10.1,86.1,71.1,-0.6,66.3,-10.9
LEU,grid,BOTTOM,2024-07-01,41.38,95.3,324.5,291.8,92.5,304.8,232.9,87.8,310.3,254.3,-14.5
LEU,grid,BRKOUT,2021-08-30,31.62,28.4,49.7,55.2,42.1,66.4,51.6,32.3,61.9,52.6,-32.7
LEU,grid,BRKOUT,2024-09-23,57.72,14.8,429.0,,25.1,410.9,,16.9,411.8,,-5.7
LEU,grid,MACROSS,2019-04-01,3.19,36.4,47.0,653.3,29.0,58.1,557.7,33.4,59.3,609.4,-6.0
LEU,grid,MACROSS,2022-10-17,42.74,-32.8,20.8,130.7,-58.6,8.0,63.9,-43.9,6.5,69.9,-32.8
LEU,grid,MACROSS,2023-08-28,49.09,-15.6,-19.3,310.9,-24.8,-41.5,266.1,-30.1,-46.0,264.2,-24.0
LEU,grid,MACROSS,2024-10-14,98.59,-31.8,285.6,,-20.9,262.5,,-22.4,270.6,,-44.8
UEC,grid,BOTTOM,2017-09-25,1.38,-5.1,24.6,-29.7,-6.6,26.7,-31.9,-10.8,6.8,-51.8,-23.9
UEC,grid,BOTTOM,2018-03-19,1.3,31.5,1.5,-56.2,29.4,11.8,-33.5,17.4,-8.8,-48.4,-9.2
UEC,grid,BOTTOM,2018-08-20,1.63,-18.4,-46.0,-35.6,-9.6,-40.9,-64.0,-16.5,-47.0,-58.4,-46.6
UEC,grid,BOTTOM,2019-05-13,1.4,-28.6,-25.7,110.0,-44.1,-32.0,10.4,-38.7,-27.9,58.9,-63.6
UEC,grid,BOTTOM,2020-08-03,1.03,76.7,113.6,313.6,38.2,53.4,267.2,59.9,79.4,286.4,-16.5
UEC,grid,BOTTOM,2021-02-22,2.12,12.3,63.7,67.0,-5.1,56.3,54.4,-6.9,47.1,59.7,-4.7
UEC,grid,BOTTOM,2022-01-10,3.32,1.5,18.7,134.0,22.4,22.7,128.6,18.0,31.5,128.2,-25.0
UEC,grid,BOTTOM,2022-06-13,3.33,-5.7,-1.2,81.4,-21.4,-38.2,25.7,-11.4,-23.3,29.0,-24.0
UEC,grid,BOTTOM,2025-02-03,6.95,46.5,131.9,,26.8,88.8,,39.8,115.6,,-39.3
UEC,grid,BRKOUT,2017-12-11,1.84,-11.4,-31.0,-48.9,-12.2,-11.5,-57.6,-16.3,-30.0,-71.9,-34.2
UEC,grid,BRKOUT,2023-09-04,4.66,36.7,-8.6,139.7,23.1,-26.6,91.8,21.0,-31.6,90.6,-8.6
UEC,grid,BRKOUT,2024-10-14,8.46,-40.3,75.8,,-29.4,52.6,,-30.9,60.7,,-50.1
UEC,grid,BRKOUT,2025-07-21,8.91,109.0,,,98.1,,,100.2,,,-2.7
UEC,grid,MACROSS,2018-01-01,1.98,-15.2,-34.3,-54.0,-9.7,-11.1,-62.1,-16.7,-28.4,-76.5,-40.4
UEC,grid,MACROSS,2018-05-21,1.63,-20.2,-17.8,-32.5,-1.7,-4.8,-32.8,-17.8,-23.7,-45.4,-27.6
UEC,grid,MACROSS,2020-06-15,0.94,92.6,207.4,254.3,48.3,143.8,210.7,71.9,171.0,232.2,-8.5
UEC,grid,MACROSS,2022-10-17,4.23,-38.3,25.8,100.0,-64.0,13.0,33.2,-49.4,11.5,39.2,-40.2
UEC,grid,MACROSS,2023-08-28,4.4,57.7,18.9,143.0,48.5,-3.3,98.1,43.2,-7.8,96.2,0.0
UEC,grid,MACROSS,2024-11-18,8.46,-23.8,28.8,,-26.9,10.6,,-21.6,16.8,,-50.1
UEC,grid,MACROSS,2025-07-21,8.91,109.0,,,98.1,,,100.2,,,-2.7
ETN,grid,BRKOUT,2018-09-10,75.14,-6.7,3.0,23.8,2.6,0.3,-2.5,-4.9,-2.5,4.3,-23.8
ETN,grid,BRKOUT,2019-09-09,77.41,-0.5,20.2,92.2,11.1,-2.8,-6.8,9.2,7.0,39.1,-24.5
ETN,grid,BRKOUT,2025-07-14,374.28,-8.7,6.9,,-20.7,-18.8,,-19.5,-12.9,,-15.6
ETN,grid,BRKOUT,2026-04-06,401.89,,,,,,,,,,-2.6
ETN,grid,MACROSS,2019-04-01,72.41,-3.1,-11.4,77.0,-10.4,-0.4,-18.7,-6.0,0.8,33.0,-19.3
ETN,grid,MACROSS,2020-07-20,84.33,34.8,71.6,52.7,-13.4,8.5,9.4,14.5,32.5,25.9,-0.5
ETN,grid,MACROSS,2022-11-28,155.51,15.3,43.7,136.9,6.6,37.7,99.0,9.3,29.1,84.5,-5.4
ETN,grid,MACROSS,2025-07-07,356.48,-9.5,14.2,,-22.8,-20.6,,-21.4,-8.2,,-11.4
HUBB,grid,BRKOUT,2017-10-23,105.7,-15.8,-18.8,16.3,-13.8,-1.8,10.4,-20.2,-23.6,-5.2,-18.8
HUBB,grid,BRKOUT,2020-10-19,139.5,26.0,27.9,47.6,-6.7,-17.2,31.3,4.6,-5.0,36.2,-5.1
HUBB,grid,BRKOUT,2022-07-25,206.95,6.5,44.1,73.0,-0.3,24.6,37.9,7.2,31.4,36.8,-5.3
HUBB,grid,BRKOUT,2024-01-29,343.11,4.1,21.0,41.4,-6.8,2.1,-22.7,-4.4,-2.3,-2.0,0.0
HUBB,grid,BRKOUT,2025-10-27,465.77,8.8,,,-13.2,,,2.6,,,-10.2
HUBB,grid,MACROSS,2018-09-17,117.69,-14.7,-1.3,7.4,-2.5,-2.8,-20.3,-11.3,-5.4,-10.3,-29.7
HUBB,grid,MACROSS,2019-03-25,103.07,13.6,-6.9,68.8,0.0,-8.8,-31.9,8.0,1.6,23.5,-15.9
HUBB,grid,MACROSS,2020-08-24,132.8,23.0,45.0,50.1,-9.6,-10.5,14.6,13.6,14.6,31.1,-8.4
HUBB,grid,MACROSS,2022-08-01,201.76,14.1,45.0,77.0,5.5,28.7,45.9,13.5,35.2,44.2,-2.9
HUBB,grid,MACROSS,2025-07-28,421.65,15.1,,,-2.2,,,3.1,,,-4.0
NVT,grid,BRKOUT,2022-10-31,36.77,9.9,32.3,83.0,-6.4,24.5,34.9,-0.6,15.0,26.8,-3.3
NVT,grid,BRKOUT,2025-07-21,78.11,41.0,,,30.1,,,32.2,,,0.0
NVT,grid,MACROSS,2020-01-06,22.73,-27.3,-1.7,54.6,-30.0,-61.2,-29.6,-25.8,-20.9,6.9,-44.0
NVT,grid,MACROSS,2020-12-07,21.8,35.8,62.9,71.8,16.2,27.9,49.8,19.1,32.6,61.2,-5.0
NVT,grid,MACROSS,2022-11-14,37.8,8.3,37.1,89.9,0.0,31.6,51.9,1.7,21.5,37.6,-5.9
NVT,grid,MACROSS,2025-07-14,75.51,48.5,105.2,,36.5,79.5,,37.7,85.4,,0.0
ATKR,grid,BOTTOM,2025-09-15,59.42,-6.0,,,-14.1,,,-4.3,,,-6.0
ATKR,grid,BOTTOM,2026-02-23,64.42,,,,,,,,,,-13.3
ATKR,grid,BRKOUT,2018-08-06,23.99,-9.7,17.4,22.7,1.8,18.9,-4.6,-6.2,12.4,-0.2,-27.4
ATKR,grid,BRKOUT,2019-08-05,28.17,40.0,4.5,193.3,22.5,-24.6,86.5,25.0,-12.6,136.2,-39.2
ATKR,grid,BRKOUT,2020-12-07,41.82,70.1,153.2,182.4,50.5,118.2,160.5,53.4,122.8,171.9,-5.7
ATKR,grid,BRKOUT,2026-05-18,84.75,,,,,,,,,,-18.3
ATKR,grid,MACROSS,2018-02-19,20.49,32.1,12.7,94.7,33.7,22.9,72.5,26.5,9.1,68.6,-15.9
ATKR,grid,MACROSS,2018-06-18,20.97,-12.1,17.3,22.5,11.0,19.9,9.5,-0.6,8.2,5.6,-16.9
ATKR,grid,MACROSS,2019-03-11,21.24,43.6,31.8,233.6,30.4,31.7,132.6,36.1,34.7,188.9,-6.3
ATKR,grid,MACROSS,2020-12-14,40.6,59.7,146.9,176.5,46.2,120.1,161.3,46.5,120.7,169.6,-2.9
ATKR,grid,MACROSS,2022-12-12,112.25,19.7,34.3,-26.6,1.2,17.9,-69.7,4.1,10.0,-88.2,-3.0
ATKR,grid,MACROSS,2023-12-18,155.24,-16.5,-47.8,-59.1,-30.3,-65.2,-109.6,-32.1,-74.2,-106.3,-48.1
ATKR,grid,MACROSS,2024-01-08,144.91,-4.7,-45.2,-53.9,-26.5,-63.4,-111.0,-23.0,-68.5,-103.1,-45.2
ATKR,grid,MACROSS,2026-01-12,71.34,2.9,,,-9.3,,,-5.1,,,-21.7
ATKR,grid,MACROSS,2026-05-04,73.96,,,,,,,,,,-6.4
AMSC,grid,BOTTOM,2018-02-26,4.87,25.3,202.7,40.7,24.6,211.1,29.2,16.4,196.5,26.3,0.0
AMSC,grid,BOTTOM,2024-04-08,12.48,92.3,44.2,202.2,78.7,43.7,139.9,78.1,38.4,165.9,-6.6
AMSC,grid,BOTTOM,2025-12-22,30.58,29.9,,,9.8,,,23.8,,,-9.4
AMSC,grid,BRKOUT,2020-07-20,9.44,210.9,49.7,-47.5,162.7,-13.4,-90.7,190.6,10.5,-74.2,-1.5
AMSC,grid,BRKOUT,2025-06-23,36.44,-16.1,9.0,,-28.3,-25.7,,-29.0,-10.8,,-24.0
AMSC,grid,MACROSS,2018-03-05,5.06,11.5,185.8,38.7,18.5,201.9,33.0,7.5,185.5,28.0,-0.6
AMSC,grid,MACROSS,2020-07-20,9.44,210.9,49.7,-47.5,162.7,-13.4,-90.7,190.6,10.5,-74.2,-1.5
AMSC,grid,MACROSS,2023-03-27,4.91,53.8,175.2,282.5,56.8,156.3,262.8,48.6,145.5,243.0,-20.6
AMSC,grid,MACROSS,2023-06-19,5.87,88.4,316.2,417.9,85.4,298.9,384.5,78.3,288.7,377.1,0.0
AMSC,grid,MACROSS,2025-06-30,39.9,-20.9,-7.0,,-32.7,-39.8,,-30.7,-27.4,,-30.6
AMSC,grid,MACROSS,2026-05-25,50.94,,,,,,,,,,-35.2
ITRI,grid,BRKOUT,2019-08-05,67.97,20.8,-1.3,13.4,3.3,-30.4,-93.4,5.8,-18.4,-43.6,-29.3
ITRI,grid,BRKOUT,2025-06-16,127.8,-24.7,-36.8,,-40.9,-85.0,,-39.9,-63.8,,-38.0
ITRI,grid,MACROSS,2019-07-01,62.63,34.6,5.3,57.0,19.0,-10.9,-41.1,25.6,-1.4,6.6,-23.2
ITRI,grid,MACROSS,2020-12-07,83.36,18.4,-24.7,-37.0,-1.2,-59.7,-58.9,1.7,-55.1,-47.5,-26.7
ITRI,grid,MACROSS,2023-01-09,58.37,22.3,24.3,77.5,7.2,14.4,47.6,8.7,2.9,27.7,-12.7
ITRI,grid,MACROSS,2025-05-19,112.63,-15.0,-26.3,,-29.7,-77.1,,-29.5,-56.5,,-29.6
TT,grid,BOTTOM,2020-06-15,82.74,59.3,97.1,39.7,15.0,33.4,-3.9,38.6,60.7,17.6,-5.2
TT,grid,BRKOUT,2026-04-13,475.03,,,,,,,,,,-5.3
TT,grid,MACROSS,2018-06-25,62.05,2.5,44.0,26.4,22.2,43.8,15.5,10.3,33.8,11.4,0.0
TT,grid,MACROSS,2020-08-10,110.16,28.0,63.2,41.8,-10.7,4.6,-6.6,10.5,28.9,11.3,-1.2
TT,grid,MACROSS,2022-11-14,169.09,-0.9,31.8,137.7,-9.2,26.3,99.6,-7.5,16.2,85.4,-4.6
TT,grid,MACROSS,2025-05-26,426.36,-1.6,5.6,,-20.0,-44.6,,-18.2,-24.2,,-10.9
PWR,grid,BRKOUT,2017-12-04,38.63,-5.8,-20.5,3.3,-6.6,-1.3,-4.0,-11.5,-21.6,-19.9,-21.4
PWR,grid,BRKOUT,2020-08-03,45.85,64.1,99.8,196.9,25.6,39.6,150.5,47.3,65.6,169.7,0.0
PWR,grid,MACROSS,2019-03-18,36.02,2.7,-31.2,135.0,-12.9,-17.4,34.4,-5.2,-14.8,90.4,-31.2
PWR,grid,MACROSS,2020-07-27,39.53,76.6,128.1,249.0,35.9,60.3,192.0,62.3,91.8,219.1,0.0
PWR,grid,MACROSS,2025-06-02,360.95,27.5,92.6,,10.9,49.6,,12.4,68.0,,-0.9
EME,grid,BOTTOM,2020-09-14,67.47,64.2,68.4,73.0,26.3,11.7,36.3,45.6,33.0,52.9,-3.5
EME,grid,BRKOUT,2017-10-23,76.84,-5.8,-11.3,12.8,-3.8,5.7,6.9,-10.2,-16.1,-8.7,-14.0
EME,grid,BRKOUT,2019-04-29,80.7,9.5,-27.7,45.9,-4.4,-31.9,-48.9,4.4,-25.9,-1.2,-39.9
EME,grid,BRKOUT,2022-10-24,138.6,22.4,47.2,208.1,6.5,44.2,155.8,14.6,40.0,154.9,0.0
EME,grid,MACROSS,2019-04-29,80.7,9.5,-27.7,45.9,-4.4,-31.9,-48.9,4.4,-25.9,-1.2,-39.9
EME,grid,MACROSS,2020-11-16,84.11,42.5,51.6,82.8,21.2,6.0,55.9,24.9,17.8,68.1,0.0
EME,grid,MACROSS,2022-10-03,118.9,27.3,72.6,264.3,1.5,48.0,194.0,13.6,52.3,201.7,0.0
EME,grid,MACROSS,2025-06-16,483.85,26.2,72.8,,9.9,24.6,,11.0,45.8,,0.0
FIX,grid,BOTTOM,2025-05-05,433.49,120.0,350.2,,94.0,289.0,,100.5,318.0,,0.0
FIX,grid,BRKOUT,2017-10-23,40.33,3.4,26.8,23.3,5.4,43.8,17.4,-1.0,22.0,1.7,-5.8
FIX,grid,BRKOUT,2020-08-03,50.95,11.3,46.5,98.2,-27.2,-13.7,51.8,-5.6,12.3,71.0,-12.5
FIX,grid,BRKOUT,2022-07-25,104.05,13.1,65.3,195.9,6.3,45.8,160.8,13.7,52.6,159.7,-7.8
FIX,grid,MACROSS,2019-03-25,50.28,-15.3,-36.6,45.9,-28.9,-38.5,-54.8,-20.9,-28.1,0.6,-36.9
FIX,grid,MACROSS,2019-12-09,47.94,-23.5,4.0,98.3,-23.2,-39.8,4.2,-20.4,-13.7,44.9,-38.0
FIX,grid,MACROSS,2020-08-17,50.96,16.0,43.1,103.3,-22.6,-13.7,58.3,0.1,10.5,75.3,-12.5
FIX,grid,MACROSS,2022-07-25,104.05,13.1,65.3,195.9,6.3,45.8,160.8,13.7,52.6,159.7,-7.8
FIX,grid,MACROSS,2025-06-02,509.38,96.4,262.0,,79.8,219.1,,81.3,237.5,,-3.5
STRL,grid,BOTTOM,2018-06-11,13.05,-13.3,1.5,-19.5,6.8,10.0,-27.0,-7.7,-4.5,-33.1,-22.5
STRL,grid,BRKOUT,2019-10-07,16.02,-41.9,-6.4,45.9,-34.1,-44.2,-45.6,-36.9,-25.8,-6.9,-51.9
STRL,grid,BRKOUT,2022-10-31,32.52,31.4,133.6,372.5,15.1,125.8,324.4,20.9,116.3,316.3,-4.6
STRL,grid,BRKOUT,2025-06-02,205.99,57.8,328.4,,41.2,285.5,,42.7,303.9,,-1.5
STRL,grid,MACROSS,2018-09-17,14.18,-11.6,-7.1,-3.5,0.6,-8.6,-31.2,-8.2,-11.2,-21.2,-28.7
STRL,grid,MACROSS,2019-03-18,12.54,5.1,-37.4,69.0,-10.5,-23.6,-31.6,-2.7,-21.0,24.4,-37.4
STRL,grid,MACROSS,2019-10-21,16.87,-47.7,-0.2,34.9,-34.8,-32.6,-57.1,-42.5,-17.1,-20.4,-54.3
STRL,grid,MACROSS,2020-09-21,13.78,57.8,58.6,58.3,16.7,-1.0,28.3,36.5,21.7,43.1,0.0
STRL,grid,MACROSS,2022-11-14,32.4,35.6,104.3,455.6,27.3,98.8,417.6,29.0,88.7,403.4,-4.3
STRL,grid,MACROSS,2025-05-26,188.01,83.1,357.9,,64.7,307.7,,66.5,328.0,,0.0
IESC,grid,BRKOUT,2019-09-09,20.4,-2.9,57.7,113.3,8.7,34.7,14.3,6.8,44.6,60.2,-23.1
IESC,grid,BRKOUT,2020-08-03,27.48,78.7,94.0,16.4,40.1,33.8,-30.0,61.8,59.8,-10.8,0.0
IESC,grid,BRKOUT,2025-07-14,327.15,40.6,87.4,,28.6,61.7,,29.8,67.6,,0.0
IESC,grid,MACROSS,2017-12-04,16.95,1.5,0.8,39.2,0.7,20.0,32.0,-4.3,-0.3,16.1,-10.9
IESC,grid,MACROSS,2018-06-25,16.75,-5.8,12.5,30.0,13.9,12.4,19.0,1.9,2.4,14.9,-9.4
IESC,grid,MACROSS,2019-03-25,17.77,15.5,-2.7,176.4,1.9,-4.7,75.7,9.9,5.8,131.1,-11.7
IESC,grid,MACROSS,2020-07-13,23.51,104.0,103.4,33.0,60.0,46.5,-1.8,86.3,67.3,9.7,-0.4
IESC,grid,MACROSS,2021-12-20,50.99,-38.9,-32.9,61.1,-18.7,-21.0,56.1,-22.5,-15.6,57.3,-49.1
IESC,grid,MACROSS,2023-01-16,39.76,42.8,113.0,545.6,25.7,103.0,509.1,27.7,89.2,490.4,-0.9
IESC,grid,MACROSS,2025-05-26,259.66,61.2,161.2,,42.8,111.1,,44.6,131.4,,0.0
MYRG,grid,BRKOUT,2020-07-27,36.67,51.6,160.8,159.7,11.0,93.0,102.8,37.4,124.5,129.8,-3.2
MYRG,grid,BRKOUT,2025-06-16,169.34,30.6,172.3,,14.4,124.1,,15.4,145.2,,0.0
MYRG,grid,MACROSS,2018-01-01,34.91,9.1,-16.4,-6.6,14.6,6.9,-14.7,7.5,-10.4,-29.0,-23.2
MYRG,grid,MACROSS,2019-04-15,36.88,-13.4,-31.2,91.7,-24.1,-31.6,-5.5,-17.2,-32.1,42.5,-46.9
MYRG,grid,MACROSS,2019-12-02,33.64,-2.9,66.0,229.6,-11.6,20.7,137.5,-5.4,46.2,180.7,-41.8
MYRG,grid,MACROSS,2019-12-30,32.61,-1.5,84.3,239.0,-2.0,36.3,150.1,0.7,66.2,186.9,-39.9
MYRG,grid,MACROSS,2020-07-27,36.67,51.6,160.8,159.7,11.0,93.0,102.8,37.4,124.5,129.8,-3.2
MYRG,grid,MACROSS,2023-01-02,96.3,41.3,44.6,59.3,25.2,30.6,21.1,27.4,22.2,2.5,0.0
MYRG,grid,MACROSS,2024-12-30,153.41,23.1,47.8,,6.7,17.6,,16.8,31.0,,-31.4
MYRG,grid,MACROSS,2025-05-26,156.85,43.0,196.5,,24.6,146.3,,26.4,166.7,,0.0
POWL,grid,BOTTOM,2022-01-03,9.06,-19.8,30.8,193.5,0.4,40.0,189.9,-3.8,46.2,189.9,-33.1
POWL,grid,BRKOUT,2018-05-07,9.95,-8.8,1.1,-21.6,8.6,14.1,-18.1,-11.6,-6.5,-33.1,-31.7
POWL,grid,BRKOUT,2022-12-05,11.57,77.3,145.1,703.4,65.7,136.3,662.2,67.0,126.2,644.3,-1.5
POWL,grid,BRKOUT,2025-10-20,121.46,108.0,,,88.2,,,102.0,,,-22.7
POWL,grid,MACROSS,2018-05-14,9.52,-4.6,6.7,-26.3,14.1,19.3,-19.1,-6.4,-0.7,-36.0,-28.7
POWL,grid,MACROSS,2019-06-10,10.49,35.4,-25.7,1.7,17.4,-43.3,-101.2,24.7,-33.0,-50.4,-44.2
POWL,grid,MACROSS,2021-01-11,9.88,-9.9,-9.9,27.9,-18.8,-28.1,14.5,-25.5,-35.3,18.7,-27.6
POWL,grid,MACROSS,2022-07-25,7.61,62.6,162.0,505.2,55.8,142.5,470.1,63.2,149.3,469.0,-11.3
POWL,grid,MACROSS,2022-12-05,11.57,77.3,145.1,703.4,65.7,136.3,662.2,67.0,126.2,644.3,-1.5
POWL,grid,MACROSS,2025-08-25,88.57,97.0,,,72.1,,,90.0,,,0.0
FSLR,grid,BOTTOM,2019-01-28,48.43,37.6,2.4,104.7,29.0,-21.7,16.4,28.2,-19.0,62.5,-0.7
FSLR,grid,BOTTOM,2024-07-15,216.43,-10.9,-18.7,-2.1,-15.9,-41.6,-56.4,-20.4,-34.5,-40.6,-41.8
FSLR,grid,BRKOUT,2020-08-03,72.93,33.6,27.7,39.7,-5.0,-32.5,-6.7,16.7,-6.5,12.5,-15.3
FSLR,grid,BRKOUT,2021-10-25,119.59,-38.9,10.9,19.8,-22.6,27.7,34.1,-29.2,24.9,27.6,-46.3
FSLR,grid,BRKOUT,2022-08-22,121.75,33.2,45.7,89.8,23.1,28.5,43.8,34.5,35.4,46.9,0.0
FSLR,grid,BRKOUT,2024-05-20,276.74,-32.8,-42.8,-6.8,-36.6,-49.9,-68.4,-46.0,-53.5,-51.1,-54.5
FSLR,grid,MACROSS,2019-04-15,59.85,-7.7,-29.5,33.9,-18.3,-29.9,-63.3,-11.5,-30.3,-15.3,-43.7
FSLR,grid,MACROSS,2020-08-03,72.93,33.6,27.7,39.7,-5.0,-32.5,-6.7,16.7,-6.5,12.5,-15.3
FSLR,grid,MACROSS,2021-08-16,94.54,-27.5,22.1,92.4,-20.0,29.6,90.4,-26.1,25.5,90.9,-32.0
FSLR,grid,MACROSS,2022-08-29,126.41,66.2,47.4,79.9,48.3,23.1,27.9,62.3,30.5,31.8,-3.0
FSLR,grid,MACROSS,2024-05-13,197.59,-3.6,-9.7,18.1,-7.2,-18.9,-45.5,-14.9,-23.3,-24.9,-36.3
FSLR,grid,MACROSS,2025-08-25,195.19,1.0,,,-23.9,,,-5.9,,,-3.1
FSLR,grid,MACROSS,2026-06-01,279.01,,,,,,,,,,-24.0
NXT,grid,BOTTOM,2025-03-03,41.56,68.7,144.1,,45.7,101.1,,55.7,125.9,,-6.1
NXT,grid,MACROSS,2025-03-17,44.27,61.2,158.4,,33.6,120.5,,42.8,142.1,,-11.9
FLNC,grid,BOTTOM,2025-10-13,18.33,-26.1,,,-45.4,,,-33.6,,,-33.5
FLNC,grid,MACROSS,2022-11-21,18.56,24.5,1.6,24.0,17.5,-2.9,-14.2,19.2,-13.3,-28.3,-17.8
FLNC,grid,MACROSS,2024-10-14,21.06,-82.5,-13.0,,-71.6,-36.1,,-73.1,-28.0,,-82.5
FLNC,grid,MACROSS,2025-10-20,19.52,-31.5,,,-51.3,,,-37.5,,,-37.6
EOSE,grid,BOTTOM,2023-07-31,2.46,-50.8,-25.6,124.0,-52.5,-38.3,81.7,-62.3,-46.5,81.1,-72.2
EOSE,grid,BRKOUT,2023-06-12,3.34,-66.2,-75.6,20.7,-64.5,-89.3,-9.3,-73.8,-100.5,-18.4,-79.5
EOSE,grid,MACROSS,2023-03-27,2.57,-16.3,-59.9,53.3,-13.3,-78.8,33.6,-21.5,-89.5,13.9,-69.3
EOSE,grid,MACROSS,2024-08-12,1.93,153.9,203.6,,149.4,180.8,,143.2,186.1,,0.0
BE,grid,BOTTOM,2020-04-20,8.28,98.4,209.5,130.2,46.6,108.0,33.4,75.2,159.9,75.2,-11.2
BE,grid,BOTTOM,2022-11-21,22.11,-36.7,-40.3,16.5,-43.7,-44.7,-21.7,-42.0,-55.2,-35.9,-55.8
BE,grid,BOTTOM,2025-03-03,23.08,147.3,485.7,,124.2,442.8,,134.2,467.6,,-28.8
BE,grid,BRKOUT,2020-07-06,13.72,153.6,68.4,37.8,98.3,0.5,-5.3,132.5,29.3,11.8,-11.4
BE,grid,MACROSS,2020-03-02,9.17,57.1,179.3,130.1,41.2,123.3,68.6,40.8,147.9,80.1,-55.5
BE,grid,MACROSS,2020-04-27,7.35,72.0,253.3,152.5,36.1,166.3,70.0,55.5,203.4,102.5,0.0
BE,grid,MACROSS,2020-06-15,9.43,179.0,161.4,80.2,134.8,97.7,36.6,158.4,125.0,58.2,-17.5
BE,grid,MACROSS,2022-01-17,15.58,6.0,54.3,-26.8,17.3,54.3,-36.8,15.2,62.4,-40.5,-12.8
BE,grid,MACROSS,2022-09-05,26.14,-23.0,-43.7,-61.9,-30.8,-59.2,-98.2,-18.8,-55.1,-98.9,-51.3
BE,grid,MACROSS,2023-01-09,23.17,-24.1,-45.1,1.8,-39.2,-55.0,-28.1,-37.7,-66.5,-48.0,-57.8
BE,grid,MACROSS,2024-07-08,13.97,68.8,81.8,1651.0,71.7,67.9,1597.4,64.5,69.1,1613.0,-32.0
BE,grid,MACROSS,2024-11-18,25.76,-24.4,249.3,,-27.5,231.1,,-22.2,237.3,,-36.2
ALB,grid,BOTTOM,2018-10-22,85.74,-20.0,-32.0,5.2,-32.1,-59.6,-63.6,-31.7,-47.9,-30.2,-36.2
ALB,grid,BOTTOM,2020-03-23,51.02,54.9,177.2,304.0,15.4,80.3,188.1,24.1,118.4,220.1,-4.2
ALB,grid,BRKOUT,2021-07-19,179.37,12.1,17.2,15.0,13.2,29.3,-0.9,11.9,26.1,9.1,-5.6
ALB,grid,BRKOUT,2025-11-10,114.22,57.5,,,31.6,,,46.9,,,0.0
ALB,grid,MACROSS,2020-02-03,76.12,3.3,93.6,168.3,-6.5,41.4,105.1,1.6,74.7,128.9,-35.8
ALB,grid,MACROSS,2020-06-29,73.18,89.0,119.7,166.0,41.8,49.2,122.1,68.3,78.7,140.3,0.0
ALB,grid,MACROSS,2022-05-30,237.56,13.7,-16.4,-50.3,5.1,-34.5,-91.8,13.7,-22.4,-82.8,-30.3
ALB,grid,MACROSS,2022-07-25,231.81,15.6,-14.3,-61.3,8.8,-33.8,-96.4,16.3,-27.0,-97.5,-28.5
ALB,grid,MACROSS,2025-09-29,87.51,103.0,,,93.7,,,104.4,,,0.0
DE,robotics,BOTTOM,2020-03-23,123.75,64.0,180.3,232.2,14.1,97.3,171.9,33.2,121.5,148.4,-6.2
DE,robotics,BRKOUT,2022-11-21,419.84,-18.6,-15.1,4.0,-46.8,-38.1,-52.9,-23.9,-30.0,-48.4,-18.6
DE,robotics,MACROSS,2019-01-21,145.24,6.5,7.3,95.8,-2.5,-14.6,2.2,-8.2,-18.8,46.2,-16.1
DE,robotics,MACROSS,2020-08-03,169.89,69.6,102.2,91.5,36.1,71.2,103.3,52.7,68.0,64.3,0.0
DE,robotics,MACROSS,2022-01-10,357.56,-21.1,17.3,4.5,15.0,47.2,14.6,-4.6,30.1,-1.3,-21.1
DE,robotics,MACROSS,2022-10-24,377.41,-4.2,-7.8,5.6,-30.1,-21.0,-54.8,-12.0,-15.1,-47.6,-9.5
DE,robotics,MACROSS,2023-07-24,409.86,-7.2,-8.1,24.7,-7.6,-12.8,6.1,-14.7,-29.0,-18.5,-15.1
DE,robotics,MACROSS,2024-05-06,395.7,-2.7,22.6,44.9,-10.7,28.6,11.3,-18.2,12.8,-0.2,-14.8
DE,robotics,MACROSS,2024-09-30,398.75,6.1,15.0,,27.0,0.2,,17.4,-3.2,,-3.4
DE,robotics,MACROSS,2026-01-26,525.1,,,,,,,,,,0.0
HON,robotics,BOTTOM,2020-06-15,127.1,46.0,49.0,28.4,7.0,3.2,40.4,25.4,12.5,6.4,-4.9
HON,robotics,BRKOUT,2020-11-02,162.02,25.3,24.8,17.1,10.5,-8.5,51.7,3.8,-10.9,6.4,0.0
HON,robotics,BRKOUT,2025-06-30,232.55,-12.6,-1.2,,-25.0,-15.7,,-22.5,-21.6,,-16.0
HON,robotics,BRKOUT,2026-01-26,236.14,,,,,,,,,,-6.1
HON,robotics,MACROSS,2019-03-11,132.13,9.0,-1.9,44.0,4.6,10.0,-27.6,1.5,1.0,-0.8,-1.9
HON,robotics,MACROSS,2020-09-28,145.61,32.1,32.5,4.6,10.4,3.2,39.8,11.2,0.6,-5.5,-0.4
HON,robotics,MACROSS,2022-11-28,200.91,-8.3,-7.7,11.0,-38.2,-32.4,-43.2,-14.3,-22.3,-41.5,-17.9
HON,robotics,MACROSS,2024-01-08,188.49,8.1,10.8,14.2,-3.9,0.2,-19.7,-10.1,-12.5,-35.0,-3.3
HON,robotics,MACROSS,2025-06-09,216.97,-7.4,6.5,,-25.3,-14.4,,-22.2,-19.2,,-10.0
HON,robotics,MACROSS,2026-01-26,236.14,,,,,,,,,,-6.1
EMR,robotics,BRKOUT,2023-08-21,92.93,9.7,9.4,42.2,-9.6,-14.4,10.5,-6.6,-20.2,-8.4,-11.4
EMR,robotics,BRKOUT,2025-06-23,131.04,2.8,9.5,,-9.8,-1.7,,-10.2,-10.4,,-5.0
EMR,robotics,MACROSS,2019-04-22,60.82,0.3,-22.7,36.7,2.5,-15.0,-29.9,-3.4,-21.1,-10.5,-36.7
EMR,robotics,MACROSS,2019-11-04,63.67,-23.0,-2.2,39.8,-21.2,-41.0,-45.3,-18.7,-17.7,-17.0,-39.5
EMR,robotics,MACROSS,2020-08-24,62.75,23.1,51.7,25.4,-0.7,16.0,47.0,13.7,21.4,6.4,-8.9
EMR,robotics,MACROSS,2022-12-19,89.33,-8.1,3.4,35.5,-44.3,-35.2,-22.4,-22.1,-22.2,-23.2,-15.7
EMR,robotics,MACROSS,2023-07-24,86.12,5.7,31.2,71.0,5.2,26.5,52.4,-1.8,10.3,27.8,-4.4
EMR,robotics,MACROSS,2025-06-30,137.52,-2.0,1.1,,-14.5,-13.5,,-11.9,-19.3,,-9.5
ROK,robotics,BOTTOM,2022-12-19,242.16,23.0,22.0,17.0,-13.1,-16.7,-40.9,9.1,-3.6,-41.8,0.0
ROK,robotics,BRKOUT,2019-11-11,179.11,-0.2,22.1,72.9,1.1,-20.6,-7.3,7.0,5.0,18.0,-36.4
ROK,robotics,MACROSS,2019-04-01,162.85,-13.0,-19.0,48.2,-6.7,0.6,-14.2,-15.9,-6.7,4.2,-30.0
ROK,robotics,MACROSS,2019-11-04,159.03,8.8,42.4,96.7,10.6,3.6,11.6,13.1,26.8,39.9,-28.3
ROK,robotics,MACROSS,2020-06-01,205.5,10.0,23.3,-0.7,-26.5,-22.6,-0.0,-6.8,-11.1,-33.1,-9.7
ROK,robotics,MACROSS,2022-12-19,242.16,23.0,22.0,17.0,-13.1,-16.7,-40.9,9.1,-3.6,-41.8,0.0
ROK,robotics,MACROSS,2024-02-05,272.04,-8.1,-3.6,51.6,-5.3,-15.9,25.2,-15.1,-25.0,10.4,-9.8
ROK,robotics,MACROSS,2024-12-09,290.51,7.9,38.6,,14.3,28.1,,8.4,24.4,,-23.2
ROK,robotics,MACROSS,2025-06-09,313.42,28.4,46.6,,10.4,25.7,,13.6,20.9,,0.0
TER,robotics,BOTTOM,2022-04-18,107.35,-29.1,-9.9,-11.3,-4.8,-11.7,-27.4,-17.7,-8.3,-31.2,-34.5
TER,robotics,BOTTOM,2023-03-06,100.02,-1.4,5.2,8.1,-12.6,-34.1,-26.5,-17.7,-29.4,-45.4,-17.0
TER,robotics,BRKOUT,2021-11-01,141.55,-26.4,-41.0,-38.7,15.1,10.0,-0.4,-14.8,-22.6,-34.4,-50.3
TER,robotics,BRKOUT,2024-04-29,119.47,-11.4,-36.7,189.0,-15.1,-31.6,163.1,-23.8,-49.0,144.6,-42.7
TER,robotics,BRKOUT,2025-09-29,145.41,112.8,,,121.6,,,114.3,,,-9.3
TER,robotics,MACROSS,2019-03-25,38.61,44.6,38.6,202.1,45.5,47.3,135.1,39.1,47.1,156.8,0.0
TER,robotics,MACROSS,2020-06-01,75.01,51.5,72.2,40.9,14.9,26.3,41.6,34.7,37.7,8.6,-6.5
TER,robotics,MACROSS,2021-11-15,148.47,-32.2,-38.3,-38.6,8.9,7.0,-6.4,-15.9,-24.1,-37.7,-52.6
TER,robotics,MACROSS,2023-02-20,99.38,3.2,-0.0,16.2,-7.9,-32.5,-29.0,-8.6,-30.1,-39.5,-16.5
TER,robotics,MACROSS,2024-02-12,101.42,30.3,11.2,210.1,28.4,-1.8,181.2,18.6,-12.4,170.3,-6.1
TER,robotics,MACROSS,2025-09-15,119.66,142.9,,,146.5,,,144.7,,,0.0
CGNX,robotics,BOTTOM,2018-10-29,43.44,5.5,13.0,42.7,-2.6,6.4,3.5,-3.8,-1.8,17.9,-23.1
CGNX,robotics,BOTTOM,2023-03-06,46.34,-8.0,-13.2,-27.4,-19.2,-52.5,-62.0,-24.3,-47.8,-80.8,-26.8
CGNX,robotics,BOTTOM,2024-06-24,46.03,-22.6,-32.1,44.6,-28.0,-37.8,27.1,-32.7,-46.5,7.5,-48.8
CGNX,robotics,BRKOUT,2020-01-13,55.0,8.6,47.7,24.6,-3.7,-5.8,-18.8,10.7,32.4,-19.9,-30.8
CGNX,robotics,MACROSS,2019-03-25,47.55,-5.0,-14.5,66.6,-4.1,-5.8,-0.4,-10.5,-6.0,21.3,-20.1
CGNX,robotics,MACROSS,2019-10-14,47.82,-7.6,35.5,71.1,-2.8,-7.4,-15.0,-4.9,16.7,16.4,-20.4
CGNX,robotics,MACROSS,2020-05-25,53.34,31.5,44.1,-10.1,-6.9,-4.0,-13.2,11.0,3.9,-50.6,-2.8
CGNX,robotics,MACROSS,2023-03-20,46.86,-11.4,-12.2,-34.6,-12.4,-44.4,-59.6,-20.9,-45.8,-81.0,-27.6
CGNX,robotics,MACROSS,2024-06-03,42.68,-12.6,-29.5,42.5,-22.8,-30.8,19.2,-27.1,-43.2,1.0,-44.8
CGNX,robotics,MACROSS,2025-08-25,43.72,24.3,,,7.5,,,17.3,,,-18.7
ZBRA,robotics,BOTTOM,2025-09-08,312.65,-35.2,,,-37.9,,,-36.5,,,-35.2
ZBRA,robotics,BRKOUT,2019-10-28,238.0,-5.2,19.2,124.3,1.5,-11.4,46.5,1.4,10.5,69.3,-25.2
ZBRA,robotics,MACROSS,2020-06-15,264.41,41.1,86.6,9.1,2.1,40.8,21.1,20.5,50.2,-12.9,-6.8
ZBRA,robotics,MACROSS,2023-04-03,300.26,-25.4,-3.3,-25.6,-26.6,-28.8,-29.5,-31.2,-31.8,-52.4,-31.9
ZBRA,robotics,MACROSS,2024-03-04,282.59,13.5,3.6,-22.3,23.8,7.0,-34.6,7.2,-10.4,-56.9,-5.1
AMBA,robotics,BOTTOM,2018-06-18,43.24,-20.6,2.8,13.1,7.2,11.1,6.4,-9.1,-6.3,-3.8,-24.1
AMBA,robotics,BOTTOM,2023-05-29,76.54,-23.6,-23.9,-31.2,-19.5,-33.2,-41.1,-31.6,-48.9,-72.7,-46.4
AMBA,robotics,BOTTOM,2025-07-28,63.74,0.5,,,-12.7,,,-11.5,,,-20.8
AMBA,robotics,BRKOUT,2020-11-23,77.87,28.9,121.2,-7.1,21.9,107.5,25.9,12.5,93.2,-21.0,0.0
AMBA,robotics,BRKOUT,2021-08-30,137.2,-36.2,-54.2,-53.5,-9.2,-6.1,-23.3,-32.2,-42.0,-56.2,-54.2
AMBA,robotics,BRKOUT,2024-11-25,71.55,-26.4,3.7,,-19.0,-2.0,,-24.9,-11.1,,-41.4
AMBA,robotics,BRKOUT,2025-08-25,82.48,-26.8,,,-43.6,,,-33.8,,,-38.8
AMBA,robotics,MACROSS,2017-12-04,59.0,-27.7,-35.4,-8.9,-27.3,-12.7,-3.4,-33.4,-36.5,-32.1,-44.4
AMBA,robotics,MACROSS,2019-04-01,44.88,29.4,1.2,134.5,35.7,20.8,72.1,26.5,13.5,90.5,-15.5
AMBA,robotics,MACROSS,2020-11-09,58.71,53.3,232.9,8.9,45.6,206.6,37.3,36.1,200.6,-5.7,0.0
AMBA,robotics,MACROSS,2023-01-30,93.85,-18.8,-44.6,-18.3,-31.2,-64.6,-53.9,-28.0,-66.3,-68.3,-50.1
AMBA,robotics,MACROSS,2023-07-17,79.05,-29.5,-28.2,-12.2,-28.7,-35.0,-27.3,-37.0,-51.3,-54.7,-48.1
AMBA,robotics,MACROSS,2024-08-19,49.87,56.8,44.3,,51.3,37.9,,49.4,28.0,,-15.9
AMBA,robotics,MACROSS,2024-09-23,56.44,-10.3,47.6,,-0.8,38.4,,-8.2,30.3,,-25.7
AMBA,robotics,MACROSS,2024-10-28,57.87,-12.9,47.3,,-4.4,28.8,,-12.7,26.4,,-27.5
AMBA,robotics,MACROSS,2025-08-04,64.55,-1.4,,,-13.4,,,-10.4,,,-21.8
AMBA,robotics,MACROSS,2026-07-06,77.3,,,,,,,,,,-20.0
OUST,robotics,BOTTOM,2023-03-06,9.26,-45.6,-40.3,-12.7,-56.9,-79.6,-47.3,-61.9,-74.9,-66.2,-61.8
OUST,robotics,BOTTOM,2023-09-18,4.81,2.7,26.0,620.6,-28.1,-0.3,577.6,-19.3,-7.8,562.4,-21.2
OUST,robotics,BOTTOM,2024-04-15,7.16,12.7,-2.4,238.8,0.7,4.6,207.2,-6.1,-10.0,191.9,-17.6
OUST,robotics,BOTTOM,2025-09-22,27.83,-36.5,,,-30.1,,,-32.9,,,-36.5
OUST,robotics,BRKOUT,2026-05-18,37.03,,,,,,,,,,0.0
OUST,robotics,MACROSS,2024-02-05,5.4,95.7,92.4,259.6,98.5,80.0,233.3,88.7,71.0,218.4,-10.7
OUST,robotics,MACROSS,2024-12-23,12.49,93.0,75.9,,92.7,63.1,,89.0,58.5,,-44.0
OUST,robotics,MACROSS,2025-06-02,14.59,69.8,172.0,,52.5,150.2,,54.7,147.5,,0.0
OUST,robotics,MACROSS,2026-05-25,46.05,,,,,,,,,,-19.6
NOVT,robotics,BOTTOM,2025-11-03,105.45,31.2,,,15.5,,,20.6,,,-1.6
NOVT,robotics,BRKOUT,2020-01-13,97.64,6.4,31.6,59.0,-5.8,-22.0,15.6,8.5,16.3,14.5,-31.1
NOVT,robotics,BRKOUT,2026-02-09,146.39,,,,,,,,,,-22.7
NOVT,robotics,MACROSS,2020-06-08,100.59,20.0,34.2,19.1,-18.8,-17.1,22.2,-1.4,-7.5,-12.8,-4.3
NOVT,robotics,MACROSS,2022-12-12,141.52,19.9,18.8,17.4,-21.3,-15.9,-40.6,4.3,-5.5,-44.1,-12.9
NOVT,robotics,MACROSS,2024-02-12,161.03,12.0,-11.1,-9.1,10.1,-24.1,-38.1,0.3,-34.7,-48.9,-11.1
NOVT,robotics,MACROSS,2026-02-02,141.47,,,,,,,,,,-20.0
SYM,robotics,BOTTOM,2022-10-24,12.68,109.5,178.8,116.2,83.5,165.6,55.8,101.6,171.6,63.0,-25.9
SYM,robotics,BOTTOM,2023-08-28,41.92,-2.4,-54.2,13.1,-21.1,-72.4,-12.9,-16.9,-80.9,-33.6,-54.2
SYM,robotics,BRKOUT,2022-06-06,10.58,7.3,307.3,247.7,12.3,280.0,207.9,5.5,295.1,206.4,-11.2
SYM,robotics,BRKOUT,2023-03-20,21.68,43.3,117.2,3.3,42.2,85.0,-21.7,33.7,83.5,-43.1,0.0
SYM,robotics,BRKOUT,2025-06-30,47.91,35.4,-10.8,,23.0,-25.4,,25.5,-31.2,,-13.9
SYM,robotics,MACROSS,2022-05-02,9.87,4.2,174.0,316.7,20.3,164.8,283.0,11.9,171.9,288.5,-4.9
SYM,robotics,MACROSS,2022-06-06,10.58,7.3,307.3,247.7,12.3,280.0,207.9,5.5,295.1,206.4,-11.2
SYM,robotics,MACROSS,2023-01-30,15.2,252.7,231.9,93.1,240.3,212.0,57.5,243.5,210.2,43.0,0.0
SYM,robotics,MACROSS,2025-06-30,47.91,35.4,-10.8,,23.0,-25.4,,25.5,-31.2,,-13.9
SERV,robotics,BOTTOM,2025-11-17,8.66,0.5,,,-20.4,,,-13.3,,,-41.2
SERV,robotics,MACROSS,2025-07-28,10.01,4.2,,,-9.0,,,-7.7,,,-49.2
SERV,robotics,MACROSS,2025-09-15,13.98,-36.6,,,-33.0,,,-34.9,,,-63.6
RR,robotics,BOTTOM,2024-12-16,1.27,40.9,178.7,,46.6,167.1,,39.8,162.3,,0.0
RR,robotics,BOTTOM,2025-11-10,3.35,-20.0,,,-34.9,,,-30.6,,,-52.2
RR,robotics,BRKOUT,2025-09-15,4.45,-51.5,,,-47.9,,,-49.7,,,-64.0
RR,robotics,MACROSS,2025-01-13,3.1,-35.8,25.2,,-36.4,8.3,,-41.5,8.1,,-49.7
LMT,defense,BOTTOM,2020-07-13,313.32,-4.5,5.2,14.3,-20.3,-24.2,-6.1,-22.3,-30.9,-8.9,-11.5
LMT,defense,BOTTOM,2025-07-14,451.77,27.4,12.6,,2.6,-5.6,,16.6,-7.1,,-9.3
LMT,defense,BRKOUT,2019-06-03,294.83,10.2,18.5,16.8,1.7,28.6,8.1,-0.3,5.2,-35.5,-16.5
LMT,defense,BRKOUT,2022-01-24,348.92,6.6,20.0,15.3,2.1,4.7,-9.7,12.7,26.7,1.5,-1.7
LMT,defense,BRKOUT,2022-10-24,438.88,-3.0,-6.2,22.2,-9.4,-6.7,-19.4,-10.8,-13.4,-31.0,-15.2
LMT,defense,MACROSS,2018-09-24,281.19,-12.0,15.1,17.6,-4.6,10.1,42.4,-10.1,11.5,0.1,-25.3
LMT,defense,MACROSS,2019-04-22,270.75,14.3,19.2,21.0,9.2,46.7,17.0,10.5,20.8,-26.3,-9.1
LMT,defense,MACROSS,2020-09-21,330.8,-4.3,-7.0,13.0,-34.5,-41.1,-8.0,-25.7,-43.9,-2.2,-16.2
LMT,defense,MACROSS,2021-05-10,339.21,-12.0,14.6,21.8,-13.2,20.9,15.3,-24.9,16.9,20.0,-13.8
LMT,defense,MACROSS,2022-02-07,351.62,11.0,24.6,13.5,8.3,13.5,-7.5,13.4,30.4,-3.9,-2.5
LMT,defense,MACROSS,2024-01-15,428.23,5.2,9.9,34.4,-5.3,-15.7,-68.9,-9.3,-15.5,-12.5,-7.4
LMT,defense,MACROSS,2024-04-22,434.7,23.4,6.3,17.3,7.5,-14.2,-51.5,8.8,-3.5,-26.5,-6.5
LMT,defense,MACROSS,2025-10-27,482.46,5.6,,,5.3,,,-0.7,,,-7.4
RTX,defense,BOTTOM,2020-06-15,56.59,9.7,36.0,44.0,-2.5,6.4,30.6,-10.9,-0.4,22.0,-15.7
RTX,defense,BRKOUT,2018-09-10,72.55,-7.6,2.5,-26.5,-0.1,-4.5,-4.6,-5.7,-3.0,-46.0,-23.1
RTX,defense,BRKOUT,2024-04-01,97.45,24.2,18.0,100.5,8.2,14.2,29.2,13.0,19.3,70.9,-1.6
RTX,defense,MACROSS,2019-04-15,72.97,1.0,-21.7,-4.6,-4.6,0.2,-10.6,-2.7,-22.6,-53.7,-40.9
RTX,defense,MACROSS,2021-01-04,61.82,25.2,32.6,53.7,6.4,17.6,29.7,10.2,8.7,48.9,-4.5
RTX,defense,MACROSS,2022-12-19,92.12,-1.3,-14.0,23.2,-4.3,-28.7,-11.3,-15.3,-39.6,-35.5,-28.4
RTX,defense,MACROSS,2024-03-04,87.09,31.8,44.4,139.9,23.0,27.5,49.5,25.5,30.4,105.2,0.0
NOC,defense,BRKOUT,2024-07-29,478.51,-0.7,20.7,,-15.3,-23.1,,-14.3,2.5,,-10.5
NOC,defense,MACROSS,2019-05-27,270.58,16.9,12.2,24.7,1.6,29.2,12.3,1.6,-0.6,-33.5,-5.3
NOC,defense,MACROSS,2021-04-26,325.51,1.6,26.1,34.2,3.1,28.8,25.3,-9.1,26.1,31.5,-0.3
NOC,defense,MACROSS,2023-12-04,456.9,-6.8,1.1,19.2,-19.0,-24.4,-49.4,-23.7,-32.7,-33.6,-10.2
NOC,defense,MACROSS,2024-08-12,490.23,-12.7,17.3,,-19.9,-19.3,,-23.4,-0.2,,-12.7
NOC,defense,MACROSS,2025-04-07,523.24,17.8,28.2,,-21.0,-26.6,,-5.2,-0.5,,-11.7
GD,defense,BOTTOM,2019-05-27,136.33,14.3,-6.4,24.6,-1.0,10.6,12.2,-1.0,-19.2,-33.6,-27.9
GD,defense,BOTTOM,2020-03-16,98.29,27.4,60.6,113.4,-10.8,-13.8,28.6,-18.3,-12.3,13.4,0.0
GD,defense,BOTTOM,2020-06-08,129.71,3.0,32.1,58.6,-10.1,0.0,39.1,-18.5,-9.6,26.7,-10.6
GD,defense,BRKOUT,2025-07-21,308.58,16.7,,,-2.3,,,7.9,,,-1.0
GD,defense,MACROSS,2019-07-29,155.12,-2.5,-17.2,13.8,-11.3,7.3,8.7,-13.5,-31.0,-41.3,-36.6
GD,defense,MACROSS,2021-01-11,136.16,25.2,42.6,63.4,13.3,27.0,42.1,9.6,17.2,54.2,-4.2
GD,defense,MACROSS,2023-10-23,225.85,20.6,29.5,53.3,-0.8,-11.3,-52.7,-4.0,-13.4,-15.9,0.0
GD,defense,MACROSS,2025-06-30,289.65,17.0,29.0,,-2.2,-4.5,,7.1,8.5,,0.0
LHX,defense,BOTTOM,2020-07-13,150.99,12.0,34.2,36.7,-3.8,4.7,16.2,-5.8,-1.9,13.5,-4.8
LHX,defense,MACROSS,2019-03-25,139.11,31.8,17.6,28.9,18.4,41.6,23.0,26.2,26.1,-16.4,-2.0
LHX,defense,MACROSS,2021-01-11,169.05,19.9,23.2,8.6,8.0,7.6,-12.7,4.3,-2.2,-0.6,-9.1
LHX,defense,MACROSS,2022-02-28,243.84,-13.7,-18.2,-17.9,-5.6,-27.0,-37.3,-5.1,-13.3,-40.3,-26.5
LHX,defense,MACROSS,2022-10-17,229.04,-17.4,-27.1,5.3,-31.3,-32.8,-49.4,-28.5,-41.4,-55.5,-32.1
LHX,defense,MACROSS,2024-01-01,195.84,10.3,4.3,54.3,3.0,-14.8,-27.7,-8.9,-23.8,4.7,-0.7
LHX,defense,MACROSS,2025-06-16,245.69,16.1,20.0,,-2.9,-13.1,,0.9,-7.0,,-1.1
BA,defense,BRKOUT,2025-05-05,194.85,-0.1,21.8,,-28.7,-15.7,,-19.7,-10.4,,-7.8
BA,defense,MACROSS,2019-02-11,408.18,-20.0,-16.6,-48.3,-22.9,-32.8,-45.1,-25.1,-40.6,-95.2,-22.5
BA,defense,MACROSS,2019-09-30,371.31,-66.5,-54.7,-39.1,-29.0,-29.1,-38.2,-51.7,-70.3,-91.6,-74.4
BA,defense,MACROSS,2019-11-04,348.92,-61.8,-54.8,-35.7,-29.5,-27.2,-34.3,-57.4,-70.3,-92.4,-72.8
BA,defense,MACROSS,2021-01-04,209.9,14.1,2.7,1.5,-4.7,-12.3,-22.6,-0.8,-21.2,-3.3,-8.2
BA,defense,MACROSS,2022-12-26,190.49,10.9,36.8,-5.1,6.1,22.5,-39.6,-5.9,10.7,-65.1,-5.7
BA,defense,MACROSS,2023-12-18,260.44,-32.2,-31.9,-17.8,-39.4,-49.1,-90.3,-47.9,-58.3,-65.0,-46.2
BA,defense,MACROSS,2025-02-17,177.15,29.9,31.0,,-1.5,-33.2,,21.7,14.7,,-22.9
BA,defense,MACROSS,2026-06-15,222.72,,,,,,,,,,-3.9
GE,defense,BOTTOM,2019-09-02,42.02,8.2,-26.0,51.6,20.4,-1.6,55.3,7.5,-43.2,-5.7,-36.8
GE,defense,BOTTOM,2022-12-26,51.27,68.1,95.7,228.9,63.3,81.4,194.5,51.3,69.5,169.0,0.0
GE,defense,MACROSS,2019-07-08,50.03,12.8,-35.2,28.0,6.8,-9.1,23.8,3.4,-42.9,-22.0,-46.9
GE,defense,MACROSS,2019-11-11,55.64,-52.3,-19.3,17.7,-13.3,2.8,23.8,-45.1,-36.4,-37.2,-52.3
GE,defense,MACROSS,2020-12-07,54.18,22.9,8.9,-8.1,6.1,2.2,-24.8,6.2,-21.4,-18.6,-4.5
GE,defense,MACROSS,2023-01-02,56.39,50.6,76.1,202.4,48.1,66.0,171.3,36.8,53.7,145.6,0.0
HWM,defense,BOTTOM,2020-06-15,13.74,95.6,138.1,126.7,83.4,108.5,113.3,75.0,101.7,104.7,0.0
HWM,defense,BRKOUT,2018-01-08,22.9,-43.3,-35.5,-4.9,-44.4,-27.8,-22.8,-44.8,-30.4,-26.5,-45.0
HWM,defense,BRKOUT,2019-06-03,17.75,32.0,-4.7,95.4,23.5,5.4,86.7,21.5,-18.0,43.1,-43.6
HWM,defense,BRKOUT,2020-12-07,26.05,33.8,16.9,44.4,17.1,10.1,27.7,17.1,-13.4,33.8,-7.0
HWM,defense,MACROSS,2018-01-08,22.9,-43.3,-35.5,-4.9,-44.4,-27.8,-22.8,-44.8,-30.4,-26.5,-45.0
HWM,defense,MACROSS,2019-05-06,16.95,29.1,-26.6,95.1,19.3,-1.0,88.6,20.8,-30.2,43.2,-40.9
HWM,defense,MACROSS,2020-11-09,22.04,48.7,43.2,68.1,29.5,22.6,44.2,31.5,10.8,53.5,0.0
HWM,defense,MACROSS,2022-02-21,35.3,2.7,17.7,85.5,4.8,9.3,65.6,9.4,25.7,65.8,-13.4
TDG,defense,BRKOUT,2025-04-28,1356.97,-3.6,-14.9,,-37.9,-49.7,,-24.6,-43.5,,-16.0
TDG,defense,MACROSS,2020-10-12,408.91,25.5,30.0,7.5,-3.2,-1.6,-7.0,4.5,-0.2,1.5,-3.0
TDG,defense,MACROSS,2022-02-28,526.16,-2.3,24.6,99.3,5.7,15.8,79.9,6.2,29.6,76.9,-18.5
TDG,defense,MACROSS,2022-12-26,538.22,42.0,66.6,124.4,37.2,52.2,89.9,25.2,40.4,64.4,0.0
HEI,defense,BRKOUT,2022-01-03,148.95,-10.8,5.6,15.2,-4.5,-2.3,-3.5,5.2,21.0,11.7,-13.4
HEI,defense,MACROSS,2020-10-19,113.35,22.1,23.3,33.3,-6.6,-9.3,7.3,0.7,-9.5,21.9,-7.9
HEI,defense,MACROSS,2021-11-08,144.9,-5.7,9.5,13.8,1.6,6.8,5.2,7.7,22.9,16.6,-11.0
HEI,defense,MACROSS,2022-08-08,161.18,7.1,5.6,46.4,-0.9,-4.5,13.4,10.7,-0.4,17.8,-13.6
HEI,defense,MACROSS,2023-12-18,179.31,26.5,33.0,82.0,19.3,15.8,9.6,10.8,6.6,34.8,-4.3
HEI,defense,MACROSS,2026-07-06,350.92,,,,,,,,,,-2.4
CW,defense,BOTTOM,2020-06-15,86.73,27.4,36.3,42.9,15.1,6.7,29.5,6.8,-0.2,20.9,-5.0
CW,defense,BOTTOM,2020-12-28,114.0,4.3,19.9,45.1,-12.4,10.5,24.8,-12.4,-8.9,39.7,-10.8
CW,defense,BRKOUT,2017-10-02,105.47,22.7,20.9,15.8,14.3,1.6,-7.6,19.7,5.7,-4.3,0.0
CW,defense,BRKOUT,2022-10-17,162.86,6.4,22.9,123.0,-7.5,17.2,68.3,-4.7,8.6,62.2,-3.2
CW,defense,BRKOUT,2023-06-26,182.29,21.5,48.1,167.1,12.4,33.8,103.6,13.5,23.6,124.7,0.0
CW,defense,BRKOUT,2025-05-12,409.26,34.6,74.1,,14.3,47.1,,20.9,48.3,,0.0
CW,defense,MACROSS,2017-08-14,89.87,36.4,41.9,29.5,13.2,16.5,-1.9,22.7,22.2,5.9,0.0
CW,defense,MACROSS,2019-07-08,123.35,13.4,-32.2,-3.0,7.4,-6.1,-7.1,4.0,-39.9,-52.9,-38.5
CW,defense,MACROSS,2020-12-28,114.0,4.3,19.9,45.1,-12.4,10.5,24.8,-12.4,-8.9,39.7,-10.8
DRS,defense,BOTTOM,2022-06-13,11.48,3.7,45.5,111.9,-14.0,20.9,68.2,-2.0,23.5,59.5,-22.3
DRS,defense,BRKOUT,2019-04-08,3.21,57.5,29.8,334.8,48.5,52.6,328.5,54.5,32.0,287.7,-3.7
DRS,defense,BRKOUT,2022-03-21,16.2,-37.2,-21.8,33.2,-21.2,-21.4,15.6,-19.2,-10.7,14.4,-44.9
DRS,defense,BRKOUT,2026-05-25,48.76,,,,,,,,,,-12.9
DRS,defense,MACROSS,2018-07-23,2.87,-5.8,17.5,119.6,1.0,9.5,137.0,-1.3,8.1,101.0,-13.4
DRS,defense,MACROSS,2019-04-01,3.01,61.0,22.0,311.1,52.6,54.2,305.9,58.0,34.2,267.2,0.0
DRS,defense,MACROSS,2020-06-29,6.45,49.1,77.2,38.4,32.7,41.5,13.7,28.3,36.2,12.7,-9.2
DRS,defense,MACROSS,2022-03-28,13.92,-31.8,-8.1,56.4,-14.0,-12.4,35.8,-11.3,-0.1,37.3,-35.9
DRS,defense,MACROSS,2023-01-23,13.29,24.9,45.3,173.1,21.5,36.8,132.6,11.4,23.3,119.0,-7.3
DRS,defense,MACROSS,2026-03-16,43.73,,,,,,,,,,-8.8
MRCY,defense,BOTTOM,2022-02-14,52.44,-1.5,2.9,-44.5,-4.3,-10.3,-67.4,0.6,7.6,-63.1,-22.6
MRCY,defense,BOTTOM,2022-04-11,61.23,-31.8,-18.5,-53.0,-15.5,-22.4,-69.6,-14.1,-14.3,-73.4,-33.7
MRCY,defense,BOTTOM,2023-03-06,49.85,-27.2,-37.7,-12.1,-26.8,-53.1,-47.1,-43.5,-72.3,-65.5,-43.2
MRCY,defense,BRKOUT,2018-08-27,54.51,18.7,57.1,37.6,17.3,49.0,53.5,21.1,54.4,12.0,-20.1
MRCY,defense,BRKOUT,2024-08-12,40.1,10.8,66.3,,3.7,29.8,,0.1,48.8,,-17.3
MRCY,defense,MACROSS,2018-09-17,52.96,18.4,57.1,42.1,27.7,50.8,63.2,21.8,52.9,24.4,-17.8
MRCY,defense,MACROSS,2021-02-08,74.95,-29.1,-29.5,-27.8,-39.6,-37.8,-48.0,-43.4,-43.2,-34.8,-38.9
MRCY,defense,MACROSS,2022-03-21,66.44,-34.7,-26.2,-58.6,-18.6,-25.9,-76.2,-16.6,-15.2,-77.3,-38.9
MRCY,defense,MACROSS,2024-08-26,37.9,17.2,78.2,,11.9,43.0,,11.1,62.4,,-12.5
TXT,defense,BOTTOM,2019-05-20,47.12,-2.6,-43.3,40.6,-15.7,-19.2,34.3,-13.6,-49.9,-11.5,-53.0
TXT,defense,BRKOUT,2017-09-11,51.03,14.1,36.9,-0.1,-2.5,9.9,-36.0,3.0,18.6,-25.0,0.0
TXT,defense,MACROSS,2020-10-26,35.58,79.6,106.6,91.8,37.9,67.0,46.7,50.8,63.9,69.2,0.0
TXT,defense,MACROSS,2022-12-19,70.17,-7.8,14.4,9.4,-10.8,-0.4,-25.1,-21.7,-11.2,-49.4,-10.8
TXT,defense,MACROSS,2023-08-07,78.03,11.5,8.9,-1.4,4.6,-11.9,-71.8,-1.8,-12.4,-48.2,-3.9
TXT,defense,MACROSS,2025-08-18,81.46,23.7,,,-1.2,,,16.2,,,-1.7
AXON,defense,BOTTOM,2022-07-25,110.19,73.9,65.8,181.9,63.7,51.9,143.3,74.6,53.0,145.7,0.0
AXON,defense,BRKOUT,2023-11-20,228.42,25.0,178.9,128.5,10.0,147.2,58.1,7.9,146.3,80.0,0.0
AXON,defense,MACROSS,2017-12-25,26.5,138.4,62.4,175.1,135.7,70.7,153.1,135.9,67.8,149.5,-4.6
AXON,defense,MACROSS,2019-05-20,67.13,7.4,10.4,89.3,-5.7,34.5,83.0,-3.6,3.8,37.2,-24.7
AXON,defense,MACROSS,2022-11-07,182.94,10.1,19.1,229.7,7.7,13.4,183.8,6.0,6.8,175.2,-9.3
KTOS,defense,BRKOUT,2018-09-03,14.26,14.2,31.7,35.1,17.7,23.4,53.1,17.7,26.0,11.2,-11.8
KTOS,defense,BRKOUT,2020-09-14,20.98,22.9,7.8,-42.2,-3.3,-17.1,-63.3,4.2,-27.6,-62.2,-10.0
KTOS,defense,BRKOUT,2023-07-31,16.6,2.7,26.4,241.6,-4.8,6.6,169.5,-8.8,5.4,198.8,-13.6
KTOS,defense,MACROSS,2018-07-16,13.24,10.5,81.8,20.5,17.7,73.7,37.5,14.2,73.4,0.9,-6.3
KTOS,defense,MACROSS,2020-09-07,19.64,35.0,15.6,-35.8,4.9,-11.7,-64.5,16.1,-19.7,-61.1,-3.8
KTOS,defense,MACROSS,2023-04-10,12.86,31.8,41.6,158.5,36.9,29.4,126.4,26.4,16.0,125.5,-0.8
AVAV,defense,BOTTOM,2022-06-13,83.52,-2.0,12.4,157.7,-19.7,-12.2,114.0,-7.7,-9.7,105.3,-9.5
AVAV,defense,BOTTOM,2022-11-14,92.73,14.9,34.8,115.7,11.9,28.5,76.6,8.3,19.2,63.5,-11.7
AVAV,defense,BRKOUT,2025-06-23,278.07,-8.3,-50.4,,-25.0,-77.3,,-21.2,-70.3,,-50.4
AVAV,defense,MACROSS,2020-01-20,67.93,10.8,96.2,-15.6,39.8,114.0,-5.7,12.2,77.5,-53.1,-25.8
AVAV,defense,MACROSS,2020-06-01,76.41,18.4,45.7,26.0,14.5,24.7,12.8,1.6,11.3,-6.3,-19.2
AVAV,defense,MACROSS,2022-05-16,84.54,9.7,26.0,129.3,-5.2,7.7,85.5,7.2,16.7,89.1,-10.6
AVAV,defense,MACROSS,2023-03-27,91.66,21.7,67.2,31.9,29.2,51.5,-3.6,16.5,37.6,-7.5,-0.8
AVAV,defense,MACROSS,2025-06-30,246.23,4.0,-22.5,,-15.2,-56.0,,-5.8,-42.9,,-44.0
ACHR,defense,BOTTOM,2023-09-25,5.06,-8.7,-39.3,83.4,-33.9,-80.8,-14.3,-31.9,-74.8,24.6,-39.5
ACHR,defense,BOTTOM,2025-06-16,10.04,-18.7,-44.5,,-37.7,-77.6,,-33.9,-71.6,,-49.4
ACHR,defense,BOTTOM,2025-11-17,7.18,-11.4,,,-25.2,,,-25.2,,,-38.2
ACHR,defense,BRKOUT,2023-07-10,4.9,5.5,3.1,114.5,-0.4,-12.6,48.4,-1.4,-23.3,72.0,-34.3
ACHR,defense,BRKOUT,2024-11-25,9.57,5.4,-18.6,,-9.0,-51.7,,7.0,-33.4,,-35.2
ACHR,defense,MACROSS,2023-07-03,4.68,18.2,-6.0,117.3,10.8,-21.2,53.5,10.7,-34.2,70.9,-31.2
ACHR,defense,MACROSS,2024-12-09,8.39,19.1,-1.1,,-3.0,-43.5,,19.6,-15.3,,-26.1
JOBY,defense,BOTTOM,2022-09-12,5.48,-29.0,19.3,-0.9,-41.8,6.7,-51.5,-31.0,2.5,-50.5,-38.9
JOBY,defense,BOTTOM,2023-07-31,8.16,-29.9,-38.1,110.3,-37.4,-57.9,38.1,-41.4,-59.0,67.4,-44.4
JOBY,defense,BOTTOM,2024-09-09,5.43,14.9,157.8,,10.4,119.7,,14.1,139.4,,-10.3
JOBY,defense,BRKOUT,2023-06-05,6.96,-5.6,-28.3,16.7,-12.1,-47.8,-44.0,-13.4,-54.3,-26.5,-34.8
JOBY,defense,BRKOUT,2024-11-18,7.09,-6.5,84.3,,-17.7,54.9,,-4.4,72.3,,-24.4
JOBY,defense,MACROSS,2023-06-05,6.96,-5.6,-28.3,16.7,-12.1,-47.8,-44.0,-13.4,-54.3,-26.5,-34.8
JOBY,defense,MACROSS,2024-11-25,8.95,-12.6,61.2,,-27.1,28.2,,-11.1,46.4,,-40.1
RKLB,defense,BOTTOM,2023-08-21,5.79,-24.4,20.2,666.5,-35.8,-8.0,591.9,-40.7,-9.3,615.9,-38.7
RKLB,defense,BOTTOM,2025-02-24,20.49,137.2,237.2,,108.7,178.8,,128.0,220.4,,-20.1
RKLB,defense,BOTTOM,2026-03-16,67.23,,,,,,,,,,-9.4
RKLB,defense,BRKOUT,2023-07-17,7.5,-35.2,-30.7,585.2,-40.4,-46.9,513.8,-42.7,-53.8,542.7,-52.7
RKLB,defense,BRKOUT,2024-08-12,6.56,327.1,574.8,,319.9,538.3,,316.4,557.3,,-11.4
RKLB,defense,MACROSS,2023-07-03,5.73,-5.8,-14.8,522.3,-13.1,-30.1,458.6,-13.3,-43.1,476.0,-38.0
RKLB,defense,MACROSS,2024-07-29,4.81,504.0,831.6,,489.3,787.9,,490.3,813.5,,0.0
LUNR,defense,BOTTOM,2024-05-20,5.13,194.7,121.1,645.8,180.3,93.8,577.3,181.5,110.3,601.5,-35.7
LUNR,defense,BOTTOM,2025-05-12,12.36,-22.9,174.2,,-43.2,147.2,,-36.6,148.4,,-31.3
LUNR,defense,BOTTOM,2025-09-01,8.49,107.7,,,85.0,,,103.2,,,0.0
LUNR,defense,BOTTOM,2026-03-09,17.6,,,,,,,,,,-23.2
LUNR,defense,BRKOUT,2024-11-04,9.73,-5.0,-1.4,,-10.3,-36.8,,0.0,-15.0,,-29.4
LUNR,defense,MACROSS,2024-04-15,5.2,58.5,43.3,430.4,37.0,25.5,346.7,39.7,35.6,383.5,-36.5
LUNR,defense,MACROSS,2024-09-16,9.15,-22.5,6.1,,-27.8,-32.9,,-22.4,-12.1,,-24.9
LUNR,defense,MACROSS,2025-12-29,17.88,9.5,,,-2.4,,,-0.1,,,-24.4
ASTS,defense,BOTTOM,2022-09-19,7.11,-16.5,-44.9,272.7,-35.2,-58.4,213.0,-24.9,-63.7,213.7,-47.3
ASTS,defense,BOTTOM,2024-10-28,23.85,10.8,236.5,,-1.4,185.8,,10.9,215.6,,-15.8
ASTS,defense,BOTTOM,2025-05-12,26.66,130.3,213.8,,110.0,186.8,,116.6,188.0,,-13.5
ASTS,defense,BRKOUT,2024-05-27,8.27,187.7,178.8,1270.5,172.9,147.4,1195.0,172.8,165.6,1223.6,0.0
ASTS,defense,BRKOUT,2025-03-03,33.4,27.0,167.9,,-5.7,105.1,,13.9,149.8,,-39.9
ASTS,defense,MACROSS,2021-09-20,11.68,-11.4,-39.1,-66.4,-19.0,-29.4,-68.9,-14.0,-23.3,-66.4,-54.9
ASTS,defense,MACROSS,2022-09-12,8.52,-28.1,-54.9,250.1,-40.8,-67.6,199.5,-30.1,-71.7,200.5,-56.0
ASTS,defense,MACROSS,2024-06-10,10.22,129.7,275.4,706.4,117.4,238.4,627.6,117.7,264.1,666.4,-1.4
RDW,defense,BOTTOM,2023-05-01,2.92,-0.3,43.5,317.1,-2.3,23.7,270.1,-6.5,17.8,276.0,-17.5
RDW,defense,BOTTOM,2026-03-23,8.16,,,,,,,,,,0.0
RDW,defense,BRKOUT,2024-03-18,4.48,48.0,156.0,105.4,34.1,136.1,31.9,38.3,146.4,77.9,-21.0
RDW,defense,BRKOUT,2026-05-25,24.57,,,,,,,,,,-65.6
RDW,defense,MACROSS,2023-04-17,3.0,-12.7,18.0,237.0,-5.5,6.2,205.2,-15.6,-3.9,205.8,-19.7
RDW,defense,MACROSS,2023-07-17,3.5,-21.7,99.4,454.6,-26.9,83.2,383.2,-29.2,76.3,412.1,-30.3
RDW,defense,MACROSS,2024-02-26,3.09,118.4,352.1,193.5,102.5,330.0,100.1,107.8,334.8,156.5,-2.9
RDW,defense,MACROSS,2026-05-25,24.57,,,,,,,,,,-65.6
PL,defense,BOTTOM,2022-11-28,5.79,-19.2,-56.3,-32.1,-18.4,-63.5,-70.9,-25.2,-70.9,-84.6,-64.2
PL,defense,BOTTOM,2024-08-05,2.13,181.7,200.5,,169.6,159.4,,168.2,179.4,,-16.4
PL,defense,BOTTOM,2024-10-07,2.26,40.3,550.4,,42.3,514.4,,47.6,536.4,,0.0
PL,defense,MACROSS,2024-09-23,2.24,54.5,444.6,,50.8,404.8,,56.6,427.4,,0.0
IRDM,defense,BOTTOM,2020-03-16,18.26,40.1,99.1,109.7,1.8,24.7,25.0,-5.7,26.2,9.7,0.0
IRDM,defense,BOTTOM,2020-06-15,24.07,41.5,53.0,44.3,29.2,23.5,30.9,20.9,16.6,22.3,-8.8
IRDM,defense,BOTTOM,2021-03-15,36.37,15.8,5.3,52.9,16.9,-0.6,44.7,1.8,-10.3,49.8,-17.5
IRDM,defense,BOTTOM,2021-10-11,36.74,3.3,18.9,9.0,-0.7,31.8,6.5,4.4,37.5,9.3,-18.3
IRDM,defense,BOTTOM,2024-11-18,28.24,-13.4,-44.1,,-24.6,-73.6,,-11.2,-56.1,,-44.1
IRDM,defense,BRKOUT,2020-02-03,26.33,5.4,91.9,14.0,34.9,109.9,25.8,3.7,73.0,-25.4,-30.6
IRDM,defense,BRKOUT,2020-11-16,29.9,15.8,25.2,63.7,-1.3,9.8,40.8,-1.8,-8.6,48.9,0.0
IRDM,defense,BRKOUT,2026-03-30,32.76,,,,,,,,,,0.0
IRDM,defense,MACROSS,2020-07-27,25.65,79.9,54.2,63.2,65.7,15.1,28.5,65.6,17.9,33.4,-9.8
IRDM,defense,MACROSS,2022-08-08,43.13,23.8,11.0,-40.9,15.8,1.0,-73.9,27.4,5.0,-69.5,-5.7
IRDM,defense,MACROSS,2024-12-09,29.02,-3.8,-36.6,,-25.8,-79.0,,-3.2,-50.8,,-45.6
IRDM,defense,MACROSS,2026-03-30,32.76,,,,,,,,,,0.0
LDOS,defense,BRKOUT,2019-04-29,67.54,15.5,33.6,40.2,9.1,61.0,36.4,10.4,35.4,-7.0,-1.1
LDOS,defense,BRKOUT,2022-02-28,101.77,-12.4,-8.4,21.9,-4.3,-17.2,2.5,-3.8,-3.4,-0.5,-17.9
LDOS,defense,MACROSS,2018-08-06,63.04,-11.1,20.0,36.7,-10.6,12.2,52.5,-7.6,15.0,13.8,-26.4
LDOS,defense,MACROSS,2019-04-15,59.19,26.1,54.6,59.8,20.5,76.5,53.7,22.4,53.7,10.6,0.0
LDOS,defense,MACROSS,2020-12-21,97.07,-0.3,-15.0,3.9,-19.8,-24.5,-16.0,-16.7,-44.2,-3.0,-15.6
LDOS,defense,MACROSS,2022-04-04,102.39,-14.7,-14.1,22.7,-2.1,-19.6,0.4,3.6,-7.1,3.2,-18.4
LDOS,defense,MACROSS,2022-12-05,102.08,-21.8,3.1,56.9,-27.0,-8.8,16.3,-32.1,-15.7,-2.2,-26.1
LDOS,defense,MACROSS,2023-10-02,88.26,42.3,85.0,119.8,15.4,37.8,14.7,20.8,49.8,59.9,-0.5
LDOS,defense,MACROSS,2025-07-07,160.37,22.9,-33.3,,-0.3,-59.9,,11.0,-55.7,,-36.5
BAH,defense,BRKOUT,2023-06-12,102.49,16.0,40.5,-1.9,8.0,25.2,-59.9,8.4,15.7,-40.9,-1.1
BAH,defense,MACROSS,2017-10-02,32.25,4.1,33.8,94.1,-4.4,14.4,70.7,1.0,18.6,74.0,-3.1
BAH,defense,MACROSS,2021-06-07,79.75,-4.1,-1.8,21.9,4.5,7.7,16.9,-15.8,5.1,17.5,-15.6
BAH,defense,MACROSS,2021-12-06,76.48,2.4,28.1,55.8,3.4,18.9,33.5,19.0,43.3,55.0,-12.0
BAH,defense,MACROSS,2022-05-02,77.76,27.9,12.5,80.7,23.4,2.9,49.5,35.6,10.4,52.5,-6.5
BAH,defense,MACROSS,2023-06-19,101.38,19.1,46.2,-4.0,7.7,26.8,-65.4,8.9,18.8,-44.8,0.0
CACI,defense,BOTTOM,2025-07-07,481.18,24.5,1.1,,1.3,-25.5,,12.5,-21.3,,-5.7
CACI,defense,BRKOUT,2017-09-18,136.55,7.5,36.5,66.8,-2.9,13.8,36.5,3.1,17.3,42.6,-8.6
CACI,defense,BRKOUT,2019-04-29,204.81,9.7,22.8,24.4,3.2,50.2,20.7,4.6,24.6,-22.7,-9.9
CACI,defense,BRKOUT,2021-04-12,260.45,8.2,13.0,18.5,6.0,6.7,8.1,0.7,6.7,16.6,-5.9
CACI,defense,BRKOUT,2024-02-05,360.84,28.1,4.3,71.4,15.2,-22.3,-19.1,21.1,-17.2,30.2,0.0
CACI,defense,BRKOUT,2025-10-20,585.55,-11.8,,,-11.4,,,-17.8,,,-22.5
CACI,defense,MACROSS,2019-04-01,184.39,23.9,9.0,34.8,15.5,41.2,29.6,20.9,21.2,-9.1,0.0
CACI,defense,MACROSS,2020-06-08,241.33,0.6,10.5,13.7,-12.4,-21.6,-5.8,-20.8,-31.3,-18.2,-18.2
CACI,defense,MACROSS,2021-01-04,238.46,9.5,14.6,31.9,-9.3,-0.4,7.8,-5.5,-9.3,27.1,-8.5
CACI,defense,MACROSS,2022-11-14,303.76,-0.7,5.5,55.0,-3.7,-0.8,15.8,-7.3,-10.1,2.7,-8.0
CACI,defense,MACROSS,2025-06-23,463.37,17.0,-2.0,,0.3,-28.9,,4.1,-21.9,,-2.0
SAIC,defense,BOTTOM,2019-04-29,67.23,12.0,7.4,23.5,5.5,34.8,19.8,6.9,9.3,-23.6,-29.4
SAIC,defense,BOTTOM,2025-07-07,111.61,1.1,0.9,,-22.1,-25.7,,-10.8,-21.5,,-24.5
SAIC,defense,BRKOUT,2024-09-30,141.83,-22.9,-29.3,,-12.4,-68.7,,-11.6,-47.5,,-32.4
SAIC,defense,MACROSS,2018-01-08,68.63,9.9,-15.5,22.5,8.8,-7.8,4.6,8.4,-10.5,0.9,-21.9
SAIC,defense,MACROSS,2019-06-03,77.12,-0.5,3.5,13.0,-9.0,13.6,4.3,-11.1,-9.8,-39.3,-38.4
SAIC,defense,MACROSS,2020-11-23,86.64,-3.7,-5.9,21.6,-20.8,-12.3,1.5,-20.1,-33.8,7.7,-14.6
SAIC,defense,MACROSS,2022-03-28,87.25,-3.9,17.7,44.6,13.9,13.4,23.9,16.6,25.8,25.5,-12.1
SAIC,defense,MACROSS,2024-09-16,131.93,-21.4,-22.4,,-26.6,-61.4,,-21.3,-40.6,,-27.4
SAIC,defense,MACROSS,2026-06-29,110.6,,,,,,,,,,0.0
LLY,health,BRKOUT,2019-12-16,122.79,22.0,32.0,109.1,22.8,19.8,70.1,24.7,14.8,61.1,-7.1
LLY,health,MACROSS,2018-06-18,77.09,28.7,37.3,94.3,30.5,25.2,71.3,40.2,28.2,77.4,-0.7
LLY,health,MACROSS,2019-12-23,121.94,25.0,29.3,115.0,28.8,18.4,74.4,31.1,12.8,64.6,-6.5
LLY,health,MACROSS,2025-11-10,1021.81,-1.7,,,2.0,,,-12.3,,,-14.2
NVO,health,BRKOUT,2017-08-21,19.06,16.9,9.2,18.8,8.0,-8.9,2.8,3.4,-10.5,-2.2,-1.5
NVO,health,BRKOUT,2022-11-28,58.17,24.8,60.3,72.4,30.8,64.4,63.5,18.8,45.7,19.9,0.0
NVO,health,MACROSS,2019-02-18,21.06,7.6,31.4,55.8,10.9,17.1,27.1,4.6,9.7,10.8,-4.6
NVO,health,MACROSS,2022-11-28,58.17,24.8,60.3,72.4,30.8,64.4,63.5,18.8,45.7,19.9,0.0
VKTX,health,BOTTOM,2021-03-08,6.75,-2.2,-52.9,53.3,-19.3,-67.1,41.7,-16.0,-60.9,52.5,-52.9
VKTX,health,BOTTOM,2021-08-30,6.8,-53.2,-53.4,113.4,-50.8,-46.1,112.7,-49.3,-41.2,110.7,-67.2
VKTX,health,BOTTOM,2024-07-29,53.05,-38.3,-38.4,,-36.4,-26.8,,-51.9,-56.5,,-58.1
VKTX,health,BOTTOM,2024-12-02,50.8,-45.2,-24.1,,-39.1,-32.2,,-44.4,-38.3,,-56.3
VKTX,health,BOTTOM,2025-09-22,25.57,27.2,,,20.6,,,30.8,,,0.0
VKTX,health,BRKOUT,2017-09-25,1.91,128.8,812.0,263.4,128.5,793.9,250.5,123.1,794.2,241.2,0.0
VKTX,health,BRKOUT,2021-02-01,9.67,-36.7,-63.3,-5.9,-52.5,-79.4,-24.1,-51.6,-80.6,-15.4,-63.3
VKTX,health,BRKOUT,2022-12-19,8.45,141.4,124.9,400.0,143.7,124.0,395.7,127.4,99.3,341.3,-0.1
VKTX,health,BRKOUT,2024-02-05,30.58,86.9,6.5,-7.0,82.0,3.2,-20.2,79.9,-14.9,-48.2,0.0
VKTX,health,MACROSS,2017-10-02,2.08,112.0,648.6,234.1,114.9,633.1,221.9,109.0,633.3,214.0,0.0
VKTX,health,MACROSS,2020-07-06,6.81,-2.5,-9.4,-49.9,-20.0,-39.2,-83.7,-23.5,-48.6,-75.9,-23.1
VKTX,health,MACROSS,2021-01-25,7.31,-15.9,-51.0,17.2,-31.6,-66.1,-1.8,-35.1,-72.0,4.4,-51.0
VKTX,health,MACROSS,2022-11-14,4.0,474.2,181.8,1139.5,475.9,184.9,1130.7,467.7,166.1,1087.2,-8.0
VKTX,health,MACROSS,2024-01-15,21.77,133.8,50.0,55.8,127.0,47.9,40.4,119.3,24.5,8.9,-1.8
VKTX,health,MACROSS,2025-11-24,36.81,-11.1,,,-6.7,,,-22.4,,,-22.7
HIMS,health,BOTTOM,2021-04-05,12.97,-43.1,-63.1,-23.3,-51.5,-86.0,-40.0,-50.2,-73.3,-25.7,-66.7
HIMS,health,BOTTOM,2025-09-01,48.41,-67.5,,,-79.2,,,-72.0,,,-70.0
HIMS,health,BRKOUT,2024-02-26,13.12,12.3,243.7,10.7,4.0,240.3,-2.5,1.7,226.3,-26.4,-14.2
HIMS,health,MACROSS,2022-09-05,6.68,34.3,-2.2,104.3,38.4,-5.1,82.5,38.5,-13.6,67.4,-36.4
HIMS,health,MACROSS,2024-02-05,9.87,61.7,331.1,133.2,56.8,327.8,120.0,54.7,309.7,92.0,-3.5
TEM,health,BOTTOM,2025-11-10,68.48,-35.8,,,-32.2,,,-46.5,,,-37.8
TEM,health,BRKOUT,2025-09-29,91.66,-48.3,,,-50.5,,,-46.9,,,-53.5
RXRX,health,BOTTOM,2022-10-17,11.12,-48.6,-46.3,-37.6,-55.5,-49.2,-62.5,-59.6,-60.6,-98.4,-57.1
RXRX,health,BOTTOM,2023-08-21,8.53,56.7,-8.4,-42.1,45.0,-26.8,-49.1,40.4,-38.0,-92.7,-38.1
RXRX,health,BOTTOM,2024-04-01,8.87,-31.1,-52.2,-64.9,-37.8,-48.2,-71.0,-42.3,-50.9,-94.5,-52.2
RXRX,health,BOTTOM,2025-06-23,5.03,-15.5,-30.0,,-33.1,-51.8,,-28.4,-49.9,,-41.7
RXRX,health,BOTTOM,2025-11-24,4.63,-22.5,,,-18.1,,,-33.8,,,-36.7
RXRX,health,BRKOUT,2023-07-17,15.47,-37.8,-50.8,-62.2,-41.0,-61.1,-62.3,-45.3,-73.9,-104.7,-65.9
RXRX,health,MACROSS,2022-10-24,11.09,-57.0,-52.4,-41.6,-58.3,-46.6,-57.0,-64.8,-59.6,-94.8,-57.0
RXRX,health,MACROSS,2023-07-31,12.4,-25.1,-43.4,-54.2,-33.2,-59.2,-56.6,-36.6,-64.3,-97.0,-57.4
RXRX,health,MACROSS,2024-01-15,9.63,-21.0,-32.2,-51.5,-27.8,-34.3,-66.9,-35.5,-57.6,-98.4,-40.8
SDGR,health,BOTTOM,2021-04-05,73.9,-32.1,-57.5,-63.1,-40.5,-80.3,-79.8,-39.2,-67.7,-65.5,-65.2
SDGR,health,BOTTOM,2023-08-14,33.81,-3.9,-41.6,-42.7,-13.9,-58.0,-48.1,-19.2,-70.4,-94.0,-44.5
SDGR,health,BOTTOM,2025-03-24,19.96,-3.3,-44.5,,2.1,-45.4,,-23.1,-59.9,,-44.5
SDGR,health,BRKOUT,2023-05-22,36.0,-13.8,-38.9,-40.6,-17.4,-54.0,-46.1,-22.9,-66.8,-82.2,-39.9
SDGR,health,MACROSS,2023-04-17,29.6,-25.7,-17.9,-13.0,-21.9,-23.1,-17.2,-28.7,-39.8,-44.2,-26.9
SDGR,health,MACROSS,2025-02-10,24.85,-22.0,-54.1,,-16.9,-64.9,,-28.2,-67.3,,-54.1
WGS,health,MACROSS,2024-03-18,8.61,369.2,1112.4,711.1,362.0,1110.4,708.2,359.5,1102.8,683.7,0.0
ISRG,health,BRKOUT,2019-11-25,197.63,-2.2,23.1,66.6,-7.3,10.5,28.7,-0.0,5.2,15.6,-33.5
ISRG,health,MACROSS,2019-10-14,188.75,-7.0,32.9,75.6,-18.6,12.5,30.7,-4.3,14.1,21.0,-30.4
ISRG,health,MACROSS,2020-06-29,193.49,40.9,61.6,6.5,28.4,33.4,-25.0,20.2,20.6,-19.2,-0.8
ISRG,health,MACROSS,2022-12-26,265.35,28.9,27.1,101.6,30.4,25.1,95.9,12.1,1.0,41.6,-15.3
ISRG,health,MACROSS,2025-12-15,572.47,-28.9,,,-26.2,,,-39.2,,,-39.7
SYK,health,BRKOUT,2023-01-30,273.55,0.7,22.1,41.0,0.1,13.3,26.6,-8.5,0.4,-9.1,-8.2
SYK,health,BRKOUT,2024-01-08,305.55,9.0,17.9,19.6,2.7,17.0,3.9,-9.3,-5.4,-29.6,-0.5
SYK,health,MACROSS,2019-02-18,174.22,14.1,20.1,31.3,17.4,5.8,2.6,11.1,-1.6,-13.8,-4.2
SYK,health,MACROSS,2020-09-28,196.25,17.2,30.1,-0.6,4.7,6.0,-20.4,-3.7,-1.8,-10.7,-3.0
SYK,health,MACROSS,2023-01-02,247.57,15.4,16.5,43.9,19.6,12.2,38.1,1.6,-5.9,-12.9,-0.8
BSX,health,BRKOUT,2021-04-19,42.73,4.9,2.7,19.6,-2.3,-6.9,7.7,-4.5,-0.8,17.7,-9.7
BSX,health,BRKOUT,2022-11-28,46.6,11.2,20.5,94.5,17.2,24.6,85.7,5.2,5.9,42.1,-2.1
BSX,health,MACROSS,2018-04-02,27.35,38.4,39.5,14.0,19.5,22.5,0.9,26.6,26.3,14.6,0.0
BSX,health,MACROSS,2020-10-05,41.14,-4.4,4.9,-3.4,-14.1,-14.0,-20.0,-24.0,-23.1,-11.0,-18.3
BSX,health,MACROSS,2021-03-01,39.54,13.6,11.2,20.9,-8.4,-7.8,3.2,-5.3,-3.0,12.4,-3.5
BSX,health,MACROSS,2022-02-28,43.96,-7.9,8.8,52.7,-2.9,9.8,38.7,0.7,13.7,30.3,-18.1
BSX,health,MACROSS,2022-11-28,46.6,11.2,20.5,94.5,17.2,24.6,85.7,5.2,5.9,42.1,-2.1
EW,health,BOTTOM,2023-07-31,79.55,8.2,-23.5,-0.3,0.1,-39.3,-2.6,-3.3,-44.5,-43.1,-23.5
EW,health,BOTTOM,2025-03-17,70.46,5.6,17.1,,11.1,16.2,,-12.8,0.8,,-1.6
EW,health,BRKOUT,2020-08-24,84.33,-1.5,38.0,8.2,-6.6,11.4,-13.3,-10.9,7.7,-10.8,-15.0
EW,health,BRKOUT,2024-03-25,95.56,-30.3,-25.8,-17.0,-34.7,-25.2,-17.3,-40.3,-33.4,-41.1,-36.3
EW,health,MACROSS,2020-08-24,84.33,-1.5,38.0,8.2,-6.6,11.4,-13.3,-10.9,7.7,-10.8,-15.0
EW,health,MACROSS,2023-06-05,84.1,-17.7,4.8,-7.8,-19.8,-9.3,-14.2,-25.6,-21.2,-51.0,-26.6
EW,health,MACROSS,2024-03-04,92.14,-27.5,-23.7,-11.4,-33.4,-27.2,-19.2,-33.8,-37.7,-46.0,-34.0
EW,health,MACROSS,2025-06-02,77.52,11.2,10.9,,-3.9,-5.0,,-3.9,-13.6,,-4.8
MDT,health,MACROSS,2018-01-08,68.02,4.6,1.0,44.2,3.2,-1.7,21.2,3.2,6.1,22.5,-9.9
MDT,health,MACROSS,2018-05-28,70.32,11.7,7.2,16.6,-4.2,0.8,-11.9,10.0,4.6,0.9,-2.5
MDT,health,MACROSS,2019-06-17,80.93,15.7,-3.4,29.5,5.2,-13.1,-7.2,5.5,-10.5,-16.6,-20.9
MDT,health,MACROSS,2020-10-05,91.54,13.4,17.6,-20.4,3.7,-1.3,-37.1,-6.1,-10.4,-28.1,-7.5
MDT,health,MACROSS,2023-06-05,75.28,-3.7,3.8,11.6,-5.8,-10.3,5.2,-11.5,-22.2,-31.6,-15.7
MDT,health,MACROSS,2024-01-29,80.75,-5.4,7.2,25.3,-12.4,2.1,12.7,-13.9,-16.1,-18.1,-9.9
MDT,health,MACROSS,2025-07-14,86.79,9.6,-4.1,,-9.6,-28.5,,-1.2,-23.9,,-15.7
ABT,health,BRKOUT,2021-08-30,116.99,-5.1,-19.2,-17.4,-2.7,-11.9,-18.1,-1.2,-7.0,-20.1,-19.7
ABT,health,BRKOUT,2023-07-17,107.37,1.4,-8.9,12.6,-1.9,-19.2,12.6,-6.1,-32.0,-29.9,-20.1
ABT,health,MACROSS,2023-02-06,100.62,-1.7,5.5,24.2,-4.9,-5.0,10.1,-11.7,-19.2,-27.2,-14.7
ABT,health,MACROSS,2023-06-05,95.08,3.8,7.9,36.7,1.7,-6.2,30.3,-4.0,-18.1,-6.5,-9.7
ABT,health,MACROSS,2024-01-15,108.86,-10.1,1.0,10.4,-17.0,-1.2,-5.1,-24.6,-24.5,-36.6,-10.5
ABT,health,MACROSS,2024-08-12,106.45,18.8,21.0,,23.3,30.4,,8.1,3.4,,0.0
DXCM,health,BOTTOM,2022-03-28,132.89,-39.4,-12.6,4.4,-27.8,-7.9,-6.2,-18.9,-4.5,-14.8,-48.2
DXCM,health,BOTTOM,2023-01-09,108.47,26.6,15.2,-28.3,28.6,9.8,-34.8,13.0,-6.2,-78.1,-29.8
DXCM,health,BOTTOM,2024-11-04,69.96,21.0,-21.4,,31.9,-20.4,,26.1,-34.9,,-21.4
DXCM,health,BRKOUT,2018-04-30,20.86,59.0,47.3,309.2,47.9,34.2,283.5,55.8,34.6,298.6,0.0
DXCM,health,BRKOUT,2024-03-25,138.7,-51.5,-51.2,-55.1,-55.9,-50.6,-55.4,-61.4,-58.7,-79.3,-53.9
DXCM,health,MACROSS,2018-04-23,18.56,68.8,67.2,347.7,63.4,59.0,322.8,68.4,55.0,337.3,0.0
DXCM,health,MACROSS,2019-07-08,37.29,59.1,194.7,195.5,46.2,183.1,150.6,49.7,187.0,145.5,-3.3
DXCM,health,MACROSS,2021-02-15,104.74,23.9,-9.0,9.6,4.0,-22.1,-9.3,9.5,-21.8,2.0,-20.5
DXCM,health,MACROSS,2021-06-28,107.9,24.4,-28.1,19.1,13.8,-30.6,12.4,14.2,-17.2,13.8,-36.2
DXCM,health,MACROSS,2022-11-28,118.11,3.8,-1.3,-34.0,9.8,2.9,-42.8,-2.3,-15.9,-86.4,-35.5
DXCM,health,MACROSS,2024-01-15,127.29,-12.3,-33.7,-45.4,-19.1,-35.8,-60.8,-26.8,-59.2,-92.3,-49.7
DXCM,health,MACROSS,2025-06-23,86.33,-21.7,-18.8,,-39.3,-40.6,,-34.6,-38.6,,-36.3
DXCM,health,MACROSS,2026-07-13,76.65,,,,,,,,,,0.0
PODD,health,BRKOUT,2019-05-20,108.57,62.8,76.9,133.5,52.2,63.0,89.0,51.8,70.3,81.4,0.0
PODD,health,BRKOUT,2024-09-09,233.87,9.2,46.1,,15.6,56.2,,8.4,27.7,,-1.7
PODD,health,MACROSS,2019-04-08,93.35,64.3,96.0,207.6,63.3,87.8,170.9,61.2,98.1,160.6,-12.0
PODD,health,MACROSS,2022-10-17,227.0,40.7,-36.2,4.2,33.7,-39.1,-20.7,29.6,-50.5,-56.6,-41.7
PODD,health,MACROSS,2024-07-15,195.03,41.4,45.7,-15.9,45.8,55.1,-28.6,31.9,30.0,-54.5,-6.6
GEHC,health,BOTTOM,2025-09-01,75.63,-1.8,,,-13.6,,,-6.3,,,-19.7
GEHC,health,BRKOUT,2024-02-19,88.73,-4.7,2.4,-5.1,-10.7,1.8,-14.8,-16.1,-17.2,-44.2,-14.3
GEHC,health,MACROSS,2024-02-12,85.7,-1.3,7.4,-6.3,-7.1,6.3,-18.2,-13.0,-16.3,-46.2,-11.2
GEHC,health,MACROSS,2025-02-17,90.88,-17.3,-7.4,,-12.5,-16.3,,-25.5,-23.6,,-33.6
GEHC,health,MACROSS,2025-12-15,82.82,-25.6,,,-22.9,,,-35.9,,,-26.6
TMO,health,BRKOUT,2021-07-19,524.87,9.1,5.7,6.1,9.9,5.5,-0.8,8.9,14.6,0.1,-5.7
TMO,health,BRKOUT,2024-03-04,592.71,2.4,-10.8,-15.5,-3.5,-14.4,-23.3,-3.8,-24.8,-50.1,-14.0
TMO,health,BRKOUT,2026-01-05,617.63,-14.7,,,-17.8,,,-24.0,,,-29.1
TMO,health,MACROSS,2023-01-30,581.38,-6.5,-5.9,2.2,-7.1,-14.7,-12.1,-15.7,-27.6,-47.8,-26.5
TMO,health,MACROSS,2024-02-12,543.35,10.4,-2.7,-7.3,4.6,-3.7,-19.2,-1.3,-26.3,-47.1,-6.2
TMO,health,MACROSS,2025-10-13,537.44,-2.1,,,-6.8,,,-9.6,,,-18.5
DHR,health,BRKOUT,2024-01-29,242.72,12.6,-9.2,-10.2,5.5,-14.3,-22.9,4.1,-32.5,-53.6,-9.2
DHR,health,MACROSS,2023-10-02,213.56,12.8,25.0,0.1,1.8,6.5,-15.1,-8.7,-10.2,-59.7,-13.4
DHR,health,MACROSS,2024-01-22,229.58,17.8,5.9,1.9,9.3,0.7,-15.0,5.4,-20.4,-43.0,-1.6
DHR,health,MACROSS,2025-11-24,225.52,-19.2,,,-14.8,,,-30.5,,,-28.4
A,health,BOTTOM,2022-10-31,132.34,-1.7,-19.3,2.0,-4.7,-18.3,-14.6,-12.3,-36.6,-54.2,-23.9
A,health,BRKOUT,2019-12-02,78.32,10.5,41.3,84.3,6.1,26.5,49.3,7.9,21.5,35.4,-19.0
A,health,MACROSS,2018-10-08,62.55,22.8,14.7,62.5,23.4,14.3,38.6,16.6,5.2,31.8,-5.3
A,health,MACROSS,2018-10-29,62.25,20.8,17.8,57.6,19.0,9.7,39.0,11.6,2.9,32.7,-4.0
A,health,MACROSS,2019-01-07,66.62,2.2,25.5,83.6,-3.9,5.8,44.4,-14.9,-2.6,30.7,-4.5
A,health,MACROSS,2019-09-16,74.12,-14.4,28.6,126.5,-1.3,11.6,76.8,8.1,15.6,73.5,-14.4
A,health,MACROSS,2020-06-01,86.5,27.9,53.7,44.0,18.0,33.5,14.3,11.1,19.2,11.6,-5.0
A,health,MACROSS,2022-11-21,152.65,-23.0,-18.8,-13.5,-16.8,-15.9,-22.1,-28.3,-33.7,-65.9,-34.1
A,health,MACROSS,2024-01-22,128.51,5.2,16.4,4.7,-3.3,11.1,-12.2,-7.2,-9.9,-40.3,-3.2
A,health,MACROSS,2025-01-27,149.68,-24.8,-11.0,,-14.8,-18.2,,-28.7,-27.3,,-32.2
A,health,MACROSS,2025-10-13,141.07,-13.8,,,-18.5,,,-21.3,,,-22.2
MEDP,health,BOTTOM,2017-09-11,31.01,16.4,100.0,176.2,12.2,85.4,162.3,5.4,81.6,151.3,0.0
MEDP,health,BRKOUT,2025-07-21,447.49,31.4,,,15.0,,,22.6,,,-8.3
MEDP,health,MACROSS,2017-10-16,33.64,8.9,55.9,129.7,10.3,45.2,116.7,4.3,46.5,109.3,-3.5
MEDP,health,MACROSS,2022-11-07,221.11,-5.5,24.5,64.1,-5.6,28.1,47.6,-9.7,12.2,9.5,-20.7
MEDP,health,MACROSS,2025-08-04,434.35,24.8,,,2.6,,,15.8,,,-5.5
VRTX,health,BRKOUT,2018-01-22,169.21,1.7,12.0,35.4,4.9,13.3,19.1,2.7,17.5,16.3,-11.7
VRTX,health,BRKOUT,2019-10-28,200.94,26.9,3.7,-8.0,22.1,-6.0,-54.6,33.5,-5.0,-63.0,0.0
VRTX,health,MACROSS,2019-09-02,181.33,28.8,47.0,9.2,20.7,28.4,-46.7,28.0,29.7,-48.1,-8.0
VRTX,health,MACROSS,2019-10-21,194.49,38.8,8.8,-5.6,28.1,-11.1,-54.3,43.9,-8.1,-60.9,0.0
VRTX,health,MACROSS,2022-01-17,228.08,22.9,35.8,90.7,21.9,30.8,79.5,32.0,44.0,77.1,0.0
VRTX,health,MACROSS,2025-03-24,492.69,-21.7,-12.1,,-16.3,-13.0,,-41.5,-27.5,,-25.6
VRTX,health,MACROSS,2026-01-26,469.9,,,,,,,,,,-9.8
VRTX,health,MACROSS,2026-06-22,491.34,,,,,,,,,,-1.2
REGN,health,BRKOUT,2020-02-24,440.93,35.5,1.3,39.2,17.9,-22.3,-6.8,16.0,-29.4,-13.4,-1.4
REGN,health,BRKOUT,2021-08-09,619.67,2.2,0.6,29.2,4.0,-0.8,24.5,2.7,3.5,26.1,-12.0
REGN,health,BRKOUT,2022-10-24,744.61,6.8,3.3,24.3,5.5,9.1,8.8,-1.0,-4.0,-29.0,-7.8
REGN,health,MACROSS,2018-09-03,392.18,1.8,-26.2,46.8,4.4,-26.4,27.9,5.4,-31.8,22.9,-27.5
REGN,health,MACROSS,2019-12-30,366.14,68.6,30.9,71.1,67.3,16.9,27.4,70.8,12.7,19.0,-8.5
REGN,health,MACROSS,2021-07-19,581.55,6.0,-0.0,25.3,6.8,-0.2,18.4,5.8,8.9,19.3,-6.2
REGN,health,MACROSS,2022-09-26,683.23,19.3,19.5,51.4,11.5,11.4,20.9,3.7,-2.1,-13.3,0.0
REGN,health,MACROSS,2025-11-24,778.09,-21.0,,,-16.6,,,-32.3,,,-21.6
CRSP,health,BOTTOM,2019-07-08,49.11,22.0,82.2,193.9,9.1,70.6,149.1,12.6,74.4,143.9,-24.7
CRSP,health,BOTTOM,2021-08-30,121.96,-56.4,-47.7,-58.6,-53.9,-40.4,-59.2,-52.4,-35.5,-61.2,-60.6
CRSP,health,BOTTOM,2022-11-28,54.5,19.3,26.0,-6.1,25.3,30.1,-15.0,13.2,11.4,-58.6,-29.1
CRSP,health,BOTTOM,2023-06-26,56.14,11.5,-3.8,-15.4,7.9,-15.4,-19.7,3.5,-28.3,-57.8,-31.2
CRSP,health,BOTTOM,2024-06-10,63.56,-31.1,-34.9,-21.6,-28.5,-29.8,-30.7,-43.1,-46.3,-61.6,-48.6
CRSP,health,BRKOUT,2017-12-25,23.48,150.3,13.9,181.1,148.6,9.2,152.6,147.7,19.3,155.5,-3.2
CRSP,health,BRKOUT,2020-06-22,74.04,127.6,92.5,-9.6,112.3,61.6,-46.1,103.6,48.2,-43.4,0.0
CRSP,health,BRKOUT,2025-07-14,65.13,-17.8,-26.6,,-37.0,-51.0,,-28.7,-46.4,,-29.8
CRSP,health,MACROSS,2019-06-24,47.1,40.1,57.2,202.6,28.1,49.4,161.5,28.9,52.7,151.9,-21.5
CRSP,health,MACROSS,2020-06-08,59.89,147.8,112.1,6.5,132.4,82.4,-26.0,126.4,70.3,-25.4,0.0
CRSP,health,MACROSS,2022-09-12,70.53,-35.1,-28.3,-30.6,-34.7,-33.7,-57.1,-37.1,-45.1,-80.2,-42.4
CRSP,health,MACROSS,2023-07-03,54.37,11.6,-2.3,-4.0,2.8,-16.1,-12.6,4.1,-30.6,-50.4,-29.0
CRSP,health,MACROSS,2023-12-04,64.54,-10.3,-18.9,-11.9,-22.1,-29.9,-31.9,-27.2,-52.8,-64.7,-30.9
CRSP,health,MACROSS,2025-07-21,64.76,-14.3,,,-30.7,,,-23.1,,,-29.4
NTLA,health,BOTTOM,2017-12-04,21.22,28.3,-25.0,-19.4,25.1,-35.7,-44.3,22.6,-26.1,-42.6,-25.0
NTLA,health,BOTTOM,2018-10-22,19.85,-14.2,-44.1,25.3,-16.8,-51.2,-3.1,-25.9,-60.0,-10.1,-44.9
NTLA,health,BOTTOM,2019-03-11,16.69,-14.6,-31.3,292.6,-14.5,-31.8,263.4,-22.2,-28.5,247.8,-34.5
NTLA,health,BOTTOM,2023-07-17,43.37,-41.1,-42.2,-72.2,-44.3,-52.5,-72.2,-48.6,-65.3,-114.7,-52.1
NTLA,health,BOTTOM,2024-04-01,24.78,-27.4,-73.2,-47.0,-34.1,-69.2,-53.0,-38.6,-71.9,-76.6,-73.2
NTLA,health,BOTTOM,2025-08-25,11.35,21.4,,,3.8,,,14.4,,,-27.7
NTLA,health,BRKOUT,2017-08-28,21.51,27.8,43.8,-34.0,24.0,27.9,-49.1,18.1,24.5,-56.6,-14.6
NTLA,health,BRKOUT,2020-05-18,20.99,54.1,202.4,127.4,44.0,175.6,93.2,32.8,159.7,91.7,-16.6
NTLA,health,BRKOUT,2025-10-06,24.52,-45.0,,,-49.5,,,-49.6,,,-66.5
NTLA,health,MACROSS,2017-08-14,15.16,65.1,83.8,14.8,54.8,65.3,-4.9,51.4,64.2,-8.8,0.0
NTLA,health,MACROSS,2020-06-01,20.35,113.5,255.0,122.7,103.5,234.8,93.0,96.7,220.5,90.3,-12.5
NTLA,health,MACROSS,2025-09-15,15.59,-17.6,,,-24.4,,,-15.9,,,-47.3
NTLA,health,MACROSS,2026-03-02,13.44,,,,,,,,,,-15.4
BEAM,health,BOTTOM,2021-03-15,92.89,10.8,-32.1,-64.2,-5.6,-52.9,-77.0,-3.3,-47.7,-67.4,-34.4
BEAM,health,BOTTOM,2024-04-01,28.2,-17.0,-45.9,-12.6,-23.7,-41.8,-18.6,-28.2,-44.6,-42.1,-45.9
BEAM,health,BOTTOM,2024-11-25,27.37,-42.2,-7.5,,-32.9,-16.3,,-40.6,-22.2,,-44.2
BEAM,health,BOTTOM,2025-03-24,22.21,3.4,-0.1,,8.8,-1.0,,-16.4,-15.5,,-31.2
BEAM,health,BOTTOM,2025-06-30,20.01,35.6,73.9,,19.8,50.9,,25.8,53.4,,-18.2
BEAM,health,BOTTOM,2025-11-24,25.33,30.0,,,34.4,,,18.7,,,-12.4
BEAM,health,BRKOUT,2024-02-26,39.84,-33.0,-33.9,-28.6,-41.3,-37.3,-41.7,-43.6,-51.2,-65.6,-46.6
BEAM,health,MACROSS,2024-02-26,39.84,-33.0,-33.9,-28.6,-41.3,-37.3,-41.7,-43.6,-51.2,-65.6,-46.6
BEAM,health,MACROSS,2025-02-10,32.4,-45.0,-13.8,,-39.9,-24.6,,-51.2,-27.0,,-52.9
BEAM,health,MACROSS,2025-11-03,22.21,45.5,,,46.5,,,35.0,,,-2.2
ILMN,health,BOTTOM,2022-12-12,194.11,3.2,-36.3,-25.9,4.8,-36.9,-33.3,-12.4,-60.6,-87.4,-52.7
ILMN,health,BOTTOM,2023-04-17,221.48,-47.5,-48.4,-67.9,-43.6,-53.6,-72.0,-50.4,-70.3,-99.1,-58.6
ILMN,health,BRKOUT,2021-01-18,395.18,22.0,-9.9,-49.7,9.3,-21.7,-67.1,6.3,-25.8,-56.2,-14.5
ILMN,health,BRKOUT,2026-01-05,141.07,34.8,,,31.7,,,25.5,,,-17.2
ILMN,health,MACROSS,2019-04-29,316.65,-7.7,-6.0,20.7,-13.8,-17.2,-19.3,-12.8,-4.2,-26.5,-28.3
ILMN,health,MACROSS,2019-12-23,323.24,8.4,10.5,15.0,12.2,-0.3,-25.6,14.5,-5.9,-35.4,-29.8
ILMN,health,MACROSS,2020-06-08,332.31,0.1,32.7,-40.2,-15.3,3.0,-72.7,-21.3,-9.1,-72.1,-14.3
ILMN,health,MACROSS,2020-12-21,357.29,29.2,4.1,-47.9,15.6,-22.7,-73.8,12.9,-25.1,-54.8,-5.4
ILMN,health,MACROSS,2023-04-17,221.48,-47.5,-48.4,-67.9,-43.6,-53.6,-72.0,-50.4,-70.3,-99.1,-58.6
ILMN,health,MACROSS,2024-09-16,131.2,-33.2,-21.7,,-28.4,-11.6,,-33.1,-39.9,,-45.7
ILMN,health,MACROSS,2025-11-10,120.67,18.1,,,21.8,,,7.5,,,-3.2
GH,health,BOTTOM,2023-12-11,28.19,7.2,23.3,262.1,-2.5,16.6,243.3,-8.8,-6.6,213.7,-43.0
GH,health,BOTTOM,2024-08-12,27.95,72.2,110.7,,76.7,120.0,,61.5,93.1,,-26.6
GH,health,MACROSS,2020-01-06,78.45,8.6,82.1,12.0,9.8,65.9,-23.0,10.1,62.9,-35.8,-22.9
GH,health,MACROSS,2020-06-22,80.65,65.9,52.8,-42.7,50.6,21.9,-79.2,41.9,8.5,-76.5,0.0
GH,health,MACROSS,2023-08-28,35.01,-45.8,-26.9,92.6,-56.3,-46.5,86.2,-60.3,-53.6,45.8,-54.1
GH,health,MACROSS,2024-07-15,30.75,19.2,51.1,406.9,23.6,60.4,394.2,9.7,35.4,368.3,-33.3
NTRA,health,BOTTOM,2018-12-10,15.3,61.8,139.1,531.1,58.4,123.8,500.4,49.6,114.8,484.9,-17.9
NTRA,health,BRKOUT,2017-08-28,12.42,-25.6,122.5,165.3,-29.4,106.6,150.2,-35.3,103.2,142.7,-29.1
NTRA,health,BRKOUT,2018-06-18,16.07,-21.8,57.6,189.2,-20.0,45.4,166.2,-10.4,48.4,172.3,-21.8
NTRA,health,BRKOUT,2019-08-05,32.38,9.8,63.3,262.3,-4.6,44.0,211.0,-5.2,46.3,205.2,-22.5
NTRA,health,BRKOUT,2021-09-13,126.36,-68.6,-61.6,-59.2,-72.4,-58.8,-61.7,-70.0,-50.2,-62.8,-73.5
NTRA,health,BRKOUT,2023-02-27,58.12,7.6,53.8,167.7,3.3,38.7,148.6,-4.9,25.0,116.6,-34.2
NTRA,health,BRKOUT,2025-09-15,181.11,7.8,,,1.0,,,9.5,,,-10.0
NTRA,health,BRKOUT,2026-06-22,261.91,,,,,,,,,,0.0
NTRA,health,MACROSS,2018-06-04,12.29,38.1,97.9,229.9,30.8,89.2,203.6,42.5,92.5,210.5,0.0
NTRA,health,MACROSS,2019-05-06,21.7,70.0,100.8,369.3,62.1,86.3,324.1,61.7,97.2,317.4,0.0
NTRA,health,MACROSS,2023-02-20,47.73,20.2,47.6,240.1,15.6,30.6,222.4,8.4,17.6,184.4,-19.8
NTRA,health,MACROSS,2023-12-25,62.64,72.9,155.8,273.1,65.2,152.3,254.9,57.7,129.1,224.3,-2.8
ABBV,health,BRKOUT,2024-01-01,147.65,5.1,15.9,51.7,0.5,14.4,36.2,-14.2,-12.3,2.1,-1.3
ABBV,health,BRKOUT,2026-06-22,251.56,,,,,,,,,,-2.1
ABBV,health,MACROSS,2019-11-18,65.54,10.1,23.7,49.4,7.1,10.3,8.7,14.1,7.2,-6.5,-18.9
ABBV,health,MACROSS,2023-10-02,133.65,16.9,36.1,69.7,5.9,17.6,54.6,-4.6,0.9,9.9,-5.8
ABBV,health,MACROSS,2024-01-01,147.65,5.1,15.9,51.7,0.5,14.4,36.2,-14.2,-12.3,2.1,-1.3
ABBV,health,MACROSS,2025-07-07,185.06,16.2,33.1,,-1.2,12.1,,4.2,10.7,,-0.8
ABBV,health,MACROSS,2026-06-22,251.56,,,,,,,,,,-2.1
JNJ,health,MACROSS,2018-09-17,115.35,-2.9,-5.3,10.2,0.1,-4.5,-5.9,0.5,-9.5,-7.5,-10.4
JNJ,health,MACROSS,2019-12-02,117.27,6.3,10.0,19.6,1.9,-4.8,-15.4,3.8,-9.8,-29.3,-14.1
JNJ,health,MACROSS,2022-01-03,153.02,3.8,6.3,-2.1,5.8,3.8,-9.0,19.8,21.7,-5.6,-6.1
JNJ,health,MACROSS,2022-12-12,158.6,-5.1,-9.0,-11.3,-3.5,-9.6,-18.7,-20.7,-33.3,-72.8,-15.3
JNJ,health,MACROSS,2023-08-07,159.27,-8.4,-4.7,6.2,-15.5,-17.1,7.0,-21.8,-26.0,-40.6,-15.6
JNJ,health,MACROSS,2024-02-12,146.73,2.6,2.1,64.1,-3.1,1.1,52.2,-9.0,-21.5,24.2,-7.1
JNJ,health,MACROSS,2024-08-19,155.08,1.2,12.8,,6.3,22.4,,-6.2,-3.4,,-12.1
JNJ,health,MACROSS,2025-03-10,157.49,11.1,52.5,,15.0,47.3,,-6.4,33.4,,-7.2
JNJ,health,MACROSS,2025-07-14,159.71,35.4,58.4,,16.2,34.1,,24.6,38.7,,0.0
PLTR,outlier,BOTTOM,2023-04-17,8.18,96.9,150.2,1046.5,84.6,118.4,1004.4,94.0,128.4,1015.2,-9.4
PLTR,outlier,BRKOUT,2023-05-15,11.71,75.0,85.8,1006.1,59.9,50.7,949.1,66.5,57.5,960.2,0.0
PLTR,outlier,MACROSS,2023-05-08,9.5,107.1,116.8,1134.7,90.3,79.9,1082.7,99.2,88.5,1093.9,0.0
TSLA,outlier,BOTTOM,2018-07-23,19.81,-0.0,-23.3,376.8,6.5,-34.2,330.5,4.5,-32.7,358.2,-37.7
TSLA,outlier,BOTTOM,2020-03-09,36.44,240.9,534.6,627.5,199.8,469.6,557.1,215.6,485.5,566.5,-21.8
TSLA,outlier,BOTTOM,2023-08-21,238.59,-19.5,-7.7,42.5,-40.0,-40.4,-16.6,-35.8,-37.2,-8.1,-38.4
TSLA,outlier,BOTTOM,2024-08-12,216.12,64.6,53.0,,51.0,30.7,,53.9,35.4,,-2.5
TSLA,outlier,BRKOUT,2021-10-18,303.23,10.5,-29.3,-30.1,23.3,-3.4,-26.1,15.8,-13.1,-25.9,-32.4
TSLA,outlier,MACROSS,2018-08-20,21.52,-8.7,-34.5,535.0,-3.9,-35.2,478.0,-6.8,-35.5,512.2,-42.6
TSLA,outlier,MACROSS,2018-12-10,24.38,-41.2,-2.0,734.0,-55.1,-31.8,643.8,-53.4,-26.2,687.8,-49.4
TSLA,outlier,MACROSS,2019-11-18,22.2,145.3,635.1,1607.1,131.0,590.3,1504.6,149.2,618.6,1551.2,-0.9
TSLA,outlier,MACROSS,2023-07-10,281.38,-22.2,-11.8,11.4,-30.7,-43.2,-36.6,-29.1,-38.2,-31.1,-47.7
TSLA,outlier,MACROSS,2024-08-26,214.11,36.8,55.9,,29.8,35.5,,30.7,40.1,,-1.6
TSLA,outlier,MACROSS,2025-06-16,322.16,49.4,24.3,,32.0,-16.9,,34.2,-2.7,,-6.1
TSLA,outlier,MACROSS,2026-07-06,407.76,,,,,,,,,,-6.6
UBER,outlier,BOTTOM,2025-01-20,68.56,33.2,20.1,,25.9,1.9,,27.7,5.4,,-5.7
UBER,outlier,BRKOUT,2020-11-02,44.87,4.8,5.2,-36.7,-9.0,-30.9,-27.6,-16.6,-30.5,-47.4,-11.4
UBER,outlier,BRKOUT,2024-10-07,86.34,-16.3,8.2,,-8.7,-12.0,,-9.0,-5.9,,-30.6
UBER,outlier,BRKOUT,2025-05-12,91.79,-0.2,-18.2,,-17.2,-54.8,,-13.9,-44.0,,-24.6
UBER,outlier,MACROSS,2020-07-13,32.55,70.6,41.9,-33.4,50.1,3.5,-47.0,52.8,5.8,-56.6,-7.9
UBER,outlier,MACROSS,2023-02-06,34.3,27.4,106.7,117.5,4.9,59.9,40.8,17.4,82.0,66.1,-10.3
UBER,outlier,MACROSS,2025-03-17,75.84,29.9,-2.6,,4.9,-24.2,,11.5,-18.9,,-14.8
COIN,outlier,BOTTOM,2023-04-17,59.04,26.5,257.4,196.5,14.1,225.6,154.4,23.5,235.5,165.3,-9.8
COIN,outlier,BOTTOM,2023-10-30,85.8,160.2,113.1,300.7,141.3,79.7,227.5,141.7,80.0,239.7,0.0
COIN,outlier,BOTTOM,2024-08-26,183.36,17.6,66.1,,10.6,45.6,,11.5,50.2,,-19.6
COIN,outlier,BOTTOM,2025-09-22,312.59,-48.5,,,-43.1,,,-44.8,,,-52.3
COIN,outlier,BRKOUT,2023-07-10,105.31,24.2,107.0,267.5,15.7,75.6,219.5,17.3,80.6,225.0,-32.8
COIN,outlier,BRKOUT,2024-11-04,270.74,-26.4,14.2,,-21.6,-5.1,,-21.3,0.7,,-40.7
COIN,outlier,BRKOUT,2025-06-23,353.43,-33.0,-57.8,,-47.1,-87.4,,-45.9,-77.7,,-57.8
COIN,outlier,MACROSS,2023-04-17,59.04,26.5,257.4,196.5,14.1,225.6,154.4,23.5,235.5,165.3,-9.8
COIN,outlier,MACROSS,2023-07-03,78.72,95.6,184.1,352.0,86.8,147.7,298.2,88.1,155.9,305.6,-10.1
COIN,outlier,MACROSS,2024-11-11,305.85,-12.9,-7.1,,-18.2,-30.4,,-15.0,-23.3,,-47.5
COIN,outlier,MACROSS,2025-06-23,353.43,-33.0,-57.8,,-47.1,-87.4,,-45.9,-77.7,,-57.8
HOOD,outlier,BOTTOM,2022-12-12,8.61,16.5,35.8,366.9,-18.2,-13.0,270.8,1.0,11.5,305.3,-7.7
HOOD,outlier,MACROSS,2023-04-03,10.01,-0.8,83.8,244.8,-15.8,44.4,210.2,-6.5,55.3,217.9,-19.1
HOOD,outlier,MACROSS,2023-07-17,12.76,-16.1,83.5,760.0,-28.6,56.1,708.7,-23.6,60.4,717.5,-36.5
HOOD,outlier,MACROSS,2024-01-01,11.89,90.7,247.8,869.0,65.3,216.3,812.7,71.5,219.6,819.4,-9.9
