ticker,kind,date,fwd13w,fwd26w,fwd52w
NVDA,L2,2021-03-22,48.3,72.1,115.8
NVDA,L2,2021-06-14,17.5,49.2,-14.7
NVDA,L2,2024-05-20,21.5,33.3,23.4
NVDA,L2,2024-12-23,-19.9,15.2,39.1
NVDA,C2,2017-08-14,31.0,51.2,52.0
NVDA,C2,2017-09-11,6.4,39.3,53.9
NVDA,C2,2017-10-09,14.7,19.1,27.0
NVDA,C2,2017-11-06,7.4,17.9,-4.6
NVDA,C2,2017-12-04,28.2,37.1,-22.7
NVDA,C2,2018-01-01,-0.5,15.0,-36.6
NVDA,C2,2018-01-29,2.4,8.1,-37.8
NVDA,C2,2018-02-26,9.0,18.8,-33.6
NVDA,C2,2018-03-26,2.4,21.5,-22.2
NVDA,C2,2018-04-23,11.4,-12.3,-21.1
NVDA,C2,2018-05-21,9.2,-41.8,-41.6
NVDA,C2,2018-06-18,5.0,-48.3,-39.3
NVDA,C2,2018-07-16,-8.6,-37.4,-32.6
NVDA,C2,2018-08-13,-32.8,-35.6,-34.6
NVDA,C2,2018-09-10,-47.0,-38.4,-33.9
NVDA,C2,2018-10-08,-39.6,-22.8,-24.2
NVDA,C2,2018-11-05,-27.9,-17.8,1.4
NVDA,C2,2020-04-13,39.7,89.1,118.0
NVDA,C2,2020-05-11,36.3,56.7,68.0
NVDA,C2,2020-06-08,36.2,45.8,99.8
NVDA,C2,2020-07-06,31.4,26.8,91.6
NVDA,C2,2020-08-03,30.1,21.4,82.1
NVDA,C2,2020-08-31,7.4,-1.2,81.2
NVDA,C2,2020-09-28,-0.0,5.8,59.0
NVDA,C2,2020-10-26,3.7,19.8,104.2
NVDA,C2,2020-11-23,3.4,22.6,137.8
NVDA,C2,2021-04-05,39.3,44.7,60.7
NVDA,C2,2021-07-12,20.4,48.4,-13.2
NVDA,C2,2021-08-09,50.6,18.7,-7.3
NVDA,C2,2021-09-06,34.4,-1.7,-35.9
NVDA,C2,2021-10-04,30.8,11.0,-42.0
NVDA,C2,2021-11-01,-18.3,-37.2,-52.4
NVDA,C2,2021-11-29,-25.3,-39.0,-45.0
NVDA,C2,2021-12-27,-9.2,-50.6,-50.3
NVDA,C2,2022-01-24,-18.8,-20.4,-10.8
NVDA,C2,2022-02-21,-22.1,-32.7,-3.5
NVDA,C2,2022-03-21,-38.1,-54.8,-3.2
NVDA,C2,2023-08-28,-3.6,69.6,146.2
NVDA,C2,2023-09-25,13.9,107.7,179.2
NVDA,C2,2023-10-23,50.7,116.7,249.6
NVDA,C2,2023-11-20,65.0,122.9,197.2
NVDA,C2,2024-06-10,-9.7,1.8,7.7
NVDA,C2,2024-07-08,4.3,5.2,27.6
NVDA,C2,2024-08-05,40.9,24.0,74.5
NVDA,C2,2024-09-02,38.5,9.6,62.5
NVDA,C2,2024-12-30,-34.7,10.3,30.8
NVDA,C2,2025-01-27,-4.6,44.7,59.2
NVDA,C2,2025-02-24,8.2,39.5,41.9
NVDA,C2,2025-03-24,43.9,62.5,52.8
NVDA,C2,2025-10-20,0.8,11.8,
NVDA,C2,2025-11-17,6.1,20.4,
NVDA,C2,2025-12-15,-4.6,16.6,
NVDA,C2,2026-01-12,8.3,9.0,
NVDA,C2,2026-02-09,23.3,,
NVDA,C2,2026-03-09,14.0,,
NVDA,L3,2017-08-28,19.1,47.0,66.9
NVDA,L3,2017-09-25,15.4,32.0,58.2
NVDA,L3,2018-02-07,11.3,14.4,-31.7
NVDA,L3,2018-05-30,9.9,-32.7,-42.0
NVDA,L3,2018-08-22,-44.8,-40.3,-31.3
NVDA,L3,2018-09-19,-52.3,-34.7,-36.1
NVDA,L3,2020-04-23,46.8,88.8,103.9
NVDA,L3,2020-09-10,5.7,3.4,78.4
NVDA,L3,2020-10-20,0.1,12.0,89.5
NVDA,L3,2021-07-26,28.1,18.4,-1.5
NVDA,L3,2021-08-12,52.7,33.2,-13.4
NVDA,L3,2021-12-13,-12.0,-41.2,-46.0
NVDA,L3,2023-09-28,11.8,104.3,213.0
NVDA,L3,2024-07-01,-4.4,20.2,37.9
NVDA,L3,2024-09-13,10.8,2.0,52.7
NVDA,L3,2025-01-15,-28.9,27.5,41.3
NVDA,L3,2026-01-12,7.3,,
NVDA,L3,2026-02-06,19.1,,
NVDA,L3,2026-03-04,12.2,,
NVDA,C3,2017-08-15,25.9,44.9,65.7
NVDA,C3,2017-08-30,19.4,45.8,62.3
NVDA,C3,2017-09-06,15.9,50.2,63.9
NVDA,C3,2017-09-27,10.2,26.1,51.5
NVDA,C3,2017-10-03,20.2,26.3,31.6
NVDA,C3,2017-10-09,21.0,28.3,23.9
NVDA,C3,2017-10-13,15.4,15.2,7.1
NVDA,C3,2017-10-19,19.3,14.6,6.9
NVDA,C3,2017-10-25,25.4,20.5,9.3
NVDA,C3,2017-10-31,3.4,23.8,-8.1
NVDA,C3,2017-11-06,10.8,17.3,-21.4
NVDA,C3,2017-11-10,14.1,13.1,-32.7
NVDA,C3,2017-11-16,14.6,18.0,-25.4
NVDA,C3,2017-11-22,12.7,20.0,-26.1
NVDA,C3,2017-11-29,23.4,34.0,-24.0
NVDA,C3,2018-02-09,5.9,11.1,-31.4
NVDA,C3,2018-02-15,-0.9,6.8,-36.3
NVDA,C3,2018-02-22,3.0,13.4,-38.2
NVDA,C3,2018-02-28,6.5,17.4,-30.1
NVDA,C3,2018-03-06,8.6,13.6,-27.2
NVDA,C3,2018-03-12,5.1,10.8,-30.2
NVDA,C3,2018-03-16,3.9,6.4,-28.1
NVDA,C3,2018-03-22,-1.1,10.5,-21.9
NVDA,C3,2018-03-28,7.1,29.6,-12.9
NVDA,C3,2018-04-04,9.4,17.6,-16.5
NVDA,C3,2018-04-10,10.3,8.3,-16.1
NVDA,C3,2018-06-01,10.2,-38.5,-43.6
NVDA,C3,2018-06-07,4.6,-43.3,-41.2
NVDA,C3,2018-06-13,5.4,-43.9,-39.1
NVDA,C3,2018-06-19,2.4,-51.1,-37.4
NVDA,C3,2018-06-25,11.7,-44.1,-34.0
NVDA,C3,2018-06-29,21.0,-39.4,-29.1
NVDA,C3,2018-07-06,7.5,-39.7,-31.6
NVDA,C3,2018-09-20,-52.2,-32.4,-31.6
NVDA,C3,2020-04-29,42.3,68.7,92.0
NVDA,C3,2020-05-05,54.4,98.4,93.2
NVDA,C3,2020-05-11,41.9,67.0,86.1
NVDA,C3,2020-05-15,44.5,58.3,82.7
NVDA,C3,2020-05-21,45.0,47.8,93.7
NVDA,C3,2020-05-28,55.0,57.9,104.9
NVDA,C3,2020-06-03,48.5,55.3,103.2
NVDA,C3,2020-06-09,36.1,43.9,103.9
NVDA,C3,2020-06-15,36.5,45.5,107.7
NVDA,C3,2020-06-19,36.5,40.6,118.5
NVDA,C3,2020-06-25,37.4,38.6,110.0
NVDA,C3,2020-07-01,37.1,32.4,108.4
NVDA,C3,2020-07-08,35.5,32.1,82.4
NVDA,C3,2020-07-14,35.9,25.6,86.1
NVDA,C3,2020-07-20,29.9,30.0,85.7
NVDA,C3,2020-07-24,28.9,27.5,102.7
NVDA,C3,2020-09-14,3.8,2.5,71.7
NVDA,C3,2020-09-18,9.4,5.4,70.1
NVDA,C3,2020-10-26,-1.1,9.3,126.6
NVDA,C3,2020-10-30,9.0,13.9,142.7
NVDA,C3,2020-11-05,4.3,0.7,106.9
NVDA,C3,2020-11-11,11.1,9.0,136.8
NVDA,C3,2020-11-17,5.4,17.0,143.7
NVDA,C3,2020-11-23,5.4,27.8,128.9
NVDA,C3,2020-11-30,-7.0,30.3,125.6
NVDA,C3,2020-12-04,-4.1,33.0,109.6
NVDA,C3,2020-12-10,2.9,43.8,126.8
NVDA,C3,2021-08-13,48.8,21.4,-11.2
NVDA,C3,2021-08-19,66.6,20.0,-23.7
NVDA,C3,2021-08-25,41.8,9.1,-38.2
NVDA,C3,2021-08-31,43.5,-3.9,-41.3
NVDA,C3,2021-09-07,40.5,-5.9,-40.9
NVDA,C3,2021-09-13,27.9,19.5,-43.5
NVDA,C3,2021-09-17,26.6,28.6,-44.2
NVDA,C3,2021-09-23,37.7,23.2,-41.2
NVDA,C3,2021-09-29,43.4,26.4,-43.5
NVDA,C3,2021-12-17,-7.8,-39.3,-47.4
NVDA,C3,2021-12-23,-3.3,-51.0,-49.8
NVDA,C3,2023-10-03,12.8,100.0,202.5
NVDA,C3,2023-10-09,21.1,93.1,217.5
NVDA,C3,2023-10-13,25.6,74.9,211.4
NVDA,C3,2024-07-02,0.2,14.3,41.1
NVDA,C3,2024-07-09,1.0,0.3,30.0
NVDA,C3,2024-07-15,2.5,9.7,36.7
NVDA,C3,2024-09-17,11.5,-1.6,62.0
NVDA,C3,2025-10-07,-0.1,7.5,
NVDA,C3,2025-10-13,-0.7,6.2,
NVDA,C3,2025-10-17,0.9,18.2,
NVDA,C3,2025-10-23,5.1,9.0,
NVDA,C3,2025-10-29,-12.9,2.2,
NVDA,C3,2025-11-04,-4.3,13.7,
NVDA,C3,2025-11-10,-8.2,10.8,
NVDA,C3,2025-11-14,-0.2,13.0,
NVDA,C3,2025-11-20,2.4,24.2,
NVDA,C3,2025-11-26,1.5,13.9,
NVDA,C3,2026-01-16,8.7,,
NVDA,C3,2026-01-23,13.6,,
NVDA,C3,2026-03-05,13.9,,
AMD,L2,2020-04-20,23.5,45.9,47.3
AMD,L2,2020-07-13,51.1,60.3,56.1
AMD,L2,2021-04-12,4.6,36.5,13.3
AMD,L2,2024-08-12,-9.2,-23.9,19.5
AMD,C2,2017-09-04,-18.9,-4.5,123.5
AMD,C2,2017-10-02,-10.2,-27.4,106.7
AMD,C2,2017-10-30,12.0,1.4,81.9
AMD,C2,2018-12-24,43.2,70.4,159.1
AMD,C2,2019-07-15,-4.7,56.7,69.3
AMD,C2,2019-08-12,23.7,77.4,160.7
AMD,C2,2019-09-09,34.1,43.0,148.7
AMD,C2,2019-10-07,61.9,62.6,179.3
AMD,C2,2020-04-27,55.2,50.9,63.6
AMD,C2,2020-07-20,18.1,33.7,32.8
AMD,C2,2020-08-17,1.0,6.9,24.9
AMD,C2,2020-09-14,28.0,5.5,38.6
AMD,C2,2020-10-12,6.1,-1.2,34.8
AMD,C2,2020-11-09,15.2,-8.4,81.6
AMD,C2,2021-04-19,11.3,44.8,6.5
AMD,C2,2021-05-17,35.6,101.4,21.2
AMD,C2,2021-11-15,-26.8,-39.8,-52.7
AMD,C2,2021-12-13,-17.6,-40.8,-52.5
AMD,C2,2022-01-10,-32.0,-40.7,-48.1
AMD,C2,2022-02-07,-16.0,-10.9,-28.0
AMD,C2,2023-04-03,22.4,16.0,84.3
AMD,C2,2023-05-01,28.9,24.9,67.6
AMD,C2,2023-05-29,-7.1,3.0,41.6
AMD,C2,2023-06-26,-9.7,29.4,42.4
AMD,C2,2023-07-24,-14.6,56.9,23.9
AMD,C2,2023-08-21,19.6,72.6,51.6
AMD,C2,2023-09-18,45.1,86.7,62.1
AMD,C2,2023-10-16,71.1,44.0,53.2
AMD,C2,2023-11-13,44.1,36.4,11.8
AMD,C2,2023-12-11,37.3,14.7,-8.8
AMD,C2,2024-01-08,11.4,23.9,-20.8
AMD,C2,2024-02-05,-11.9,-22.2,-37.6
AMD,C2,2024-03-04,-19.1,-35.2,-51.6
AMD,C2,2024-04-01,0.9,0.3,-49.7
AMD,C2,2024-04-29,-12.0,-5.8,-34.4
AMD,C2,2024-05-27,-11.0,-17.8,-33.7
AMD,C2,2024-06-24,1.3,-22.8,-11.3
AMD,C2,2025-10-20,2.7,37.5,
AMD,C2,2025-11-17,-1.8,129.4,
AMD,C2,2025-12-15,-5.7,151.8,
AMD,C2,2026-01-12,20.1,113.8,
AMD,C2,2026-02-09,104.6,,
AMD,L3,2017-09-11,-21.1,-8.9,147.2
AMD,L3,2018-12-14,40.2,47.0,132.1
AMD,L3,2019-07-01,-9.3,55.1,71.8
AMD,L3,2019-08-22,22.7,42.6,182.8
AMD,L3,2020-08-18,1.1,6.5,36.3
AMD,L3,2021-05-05,41.5,92.9,21.1
AMD,L3,2021-11-16,-25.3,-40.2,-51.9
AMD,L3,2023-06-12,-17.5,7.7,24.0
AMD,L3,2023-07-21,-9.9,59.8,19.4
AMD,L3,2023-12-11,42.1,15.0,-7.3
AMD,L3,2024-02-07,-11.1,-17.7,-35.2
AMD,L3,2024-04-02,-3.8,-4.3,-46.7
AMD,L3,2024-06-04,-16.0,-18.2,-20.8
AMD,L3,2025-11-05,-16.7,75.4,
AMD,L3,2026-01-12,34.0,,
AMD,C3,2017-09-12,-17.8,-9.7,165.1
AMD,C3,2017-09-18,-16.3,-20.2,136.2
AMD,C3,2017-09-22,-21.4,-28.3,108.9
AMD,C3,2017-09-28,-13.8,-24.6,96.2
AMD,C3,2017-10-04,-7.7,-24.3,111.7
AMD,C3,2017-10-10,-12.3,-24.4,82.7
AMD,C3,2017-10-16,-11.7,-29.2,23.6
AMD,C3,2017-10-20,-10.1,-21.2,46.4
AMD,C3,2017-10-26,14.4,-6.1,81.8
AMD,C3,2018-12-18,33.2,53.4,135.2
AMD,C3,2018-12-24,53.3,87.6,189.8
AMD,C3,2018-12-31,57.6,79.6,164.1
AMD,C3,2019-07-05,-8.2,55.5,74.3
AMD,C3,2019-07-11,-10.0,46.9,86.9
AMD,C3,2019-07-17,-7.3,53.1,101.2
AMD,C3,2019-07-23,-6.4,50.9,131.9
AMD,C3,2019-07-29,-1.3,43.4,153.4
AMD,C3,2019-08-23,34.7,60.7,179.4
AMD,C3,2019-08-29,23.1,54.5,151.1
AMD,C3,2019-09-05,25.8,23.8,143.4
AMD,C3,2019-09-11,43.1,31.5,161.1
AMD,C3,2020-04-24,20.3,36.0,38.6
AMD,C3,2020-08-24,2.4,1.3,32.3
AMD,C3,2020-08-28,8.3,-13.5,23.0
AMD,C3,2020-09-03,14.0,-1.8,28.7
AMD,C3,2020-09-10,16.0,-1.1,32.2
AMD,C3,2020-09-16,26.3,-0.2,32.4
AMD,C3,2020-09-22,17.8,-2.2,29.1
AMD,C3,2021-05-07,35.1,77.5,22.2
AMD,C3,2021-05-13,47.1,108.6,24.7
AMD,C3,2021-05-19,37.3,100.1,33.6
AMD,C3,2021-11-22,-20.6,-33.2,-51.7
AMD,C3,2021-11-29,-30.8,-34.7,-57.6
AMD,C3,2021-12-03,-22.9,-34.2,-53.8
AMD,C3,2021-12-09,-20.8,-40.6,-51.0
AMD,C3,2021-12-15,-20.9,-43.7,-57.3
AMD,C3,2023-03-28,20.5,5.8,76.8
AMD,C3,2023-04-03,17.2,10.8,69.3
AMD,C3,2023-04-10,21.4,10.1,55.7
AMD,C3,2023-04-14,26.9,11.6,71.6
AMD,C3,2023-04-20,25.4,6.6,62.2
AMD,C3,2023-04-26,33.1,14.6,78.8
AMD,C3,2023-06-13,-18.5,11.5,26.5
AMD,C3,2023-06-20,-19.2,17.4,38.2
AMD,C3,2023-06-26,-8.8,37.1,64.7
AMD,C3,2023-06-30,-12.1,21.7,57.9
AMD,C3,2023-07-26,-14.9,52.3,16.9
AMD,C3,2023-12-13,31.3,16.7,-9.5
AMD,C3,2023-12-19,27.5,13.8,-13.9
AMD,C3,2023-12-26,27.8,14.3,-15.0
AMD,C3,2024-01-02,23.0,32.7,-13.4
AMD,C3,2024-01-08,16.6,21.5,-15.3
AMD,C3,2024-04-03,-1.2,-4.4,-51.2
AMD,C3,2024-06-06,-14.4,-22.0,-22.3
AMD,C3,2024-06-12,-5.1,-22.0,-10.3
AMD,C3,2024-06-18,0.9,-19.4,-10.8
AMD,C3,2024-06-25,4.5,-23.6,-10.0
AMD,C3,2025-11-11,-14.5,88.4,
AMD,C3,2025-11-17,-18.3,106.0,
AMD,C3,2026-01-15,24.8,,
AMD,C3,2026-01-22,31.9,,
AMD,C3,2026-01-28,42.7,,
AMD,C3,2026-02-03,68.7,,
AMD,C3,2026-02-09,106.2,,
AVGO,L2,2020-02-24,8.7,30.0,80.2
AVGO,L2,2022-01-31,-1.0,-5.1,4.5
AVGO,L2,2026-03-09,18.8,,
AVGO,C2,2017-08-14,9.5,0.9,-12.8
AVGO,C2,2017-09-11,6.5,2.8,-2.0
AVGO,C2,2017-10-09,7.3,1.7,-2.0
AVGO,C2,2017-11-06,-10.5,-6.2,-5.9
AVGO,C2,2017-12-04,-1.7,1.4,-8.3
AVGO,C2,2018-01-01,-14.5,-6.2,-10.1
AVGO,C2,2018-01-29,-0.7,-4.9,18.6
AVGO,C2,2018-02-26,3.7,-10.2,13.8
AVGO,C2,2019-06-24,-3.9,12.1,11.9
AVGO,C2,2019-07-22,-2.8,9.8,6.4
AVGO,C2,2020-03-16,59.1,89.1,155.8
AVGO,C2,2022-02-07,3.3,-1.2,6.8
AVGO,C2,2022-03-07,-5.7,-8.2,9.8
AVGO,C2,2022-04-04,-14.3,-20.2,9.5
AVGO,C2,2023-06-12,-1.4,31.5,103.8
AVGO,C2,2023-07-10,-0.1,25.9,94.8
AVGO,C2,2023-08-07,16.0,56.2,81.8
AVGO,C2,2023-09-04,10.7,54.1,62.6
AVGO,C2,2023-10-02,24.7,59.9,112.2
AVGO,C2,2023-10-30,39.3,46.1,94.3
AVGO,C2,2023-11-27,51.1,44.1,77.0
AVGO,C2,2023-12-25,19.2,44.9,119.5
AVGO,C2,2024-01-22,12.0,26.8,105.8
AVGO,C2,2024-02-19,9.1,29.3,70.9
AVGO,C2,2024-03-18,22.5,27.2,43.3
AVGO,C2,2024-04-15,31.0,50.3,43.7
AVGO,C2,2024-05-13,19.1,18.9,65.8
AVGO,C2,2024-06-10,-3.0,30.4,45.1
AVGO,C2,2024-07-08,7.1,32.7,63.2
AVGO,C2,2024-08-05,24.3,52.6,108.0
AVGO,C2,2024-09-02,31.5,43.2,147.2
AVGO,C2,2024-09-30,32.0,-16.7,93.4
AVGO,C2,2024-10-28,31.3,21.2,121.0
AVGO,C2,2024-11-25,23.4,50.2,151.1
AVGO,C2,2024-12-23,-29.8,12.0,47.0
AVGO,C2,2025-01-20,-21.2,19.2,32.0
AVGO,C2,2025-02-17,4.9,35.2,53.5
AVGO,C2,2025-03-17,30.7,80.4,63.0
AVGO,C2,2025-04-14,66.1,105.1,139.7
AVGO,C2,2026-03-16,32.8,,
AVGO,C2,2026-04-13,-8.6,,
AVGO,L3,2017-09-06,6.3,5.6,0.7
AVGO,L3,2017-11-13,-5.5,-8.1,-7.4
AVGO,L3,2018-01-12,-4.2,-18.2,6.0
AVGO,L3,2019-07-09,0.0,11.4,20.6
AVGO,L3,2022-04-05,-20.7,-28.7,6.7
AVGO,L3,2023-06-13,0.6,36.2,91.4
AVGO,L3,2023-07-24,-1.7,36.4,60.4
AVGO,L3,2023-09-14,30.3,56.9,108.6
AVGO,L3,2023-11-02,44.9,54.3,98.6
AVGO,L3,2024-04-11,22.9,28.7,40.8
AVGO,L3,2024-05-23,16.2,15.3,77.5
AVGO,L3,2024-10-03,33.4,6.5,105.2
AVGO,L3,2025-01-31,-9.3,38.6,48.3
AVGO,C3,2017-08-15,5.1,-0.9,-12.8
AVGO,C3,2017-09-08,6.9,5.5,5.1
AVGO,C3,2017-11-17,-6.1,-6.2,-8.9
AVGO,C3,2017-11-24,-13.3,-6.5,-15.6
AVGO,C3,2017-11-30,-10.5,-5.2,-3.1
AVGO,C3,2017-12-06,-0.4,3.9,-2.6
AVGO,C3,2017-12-12,-4.7,4.5,1.1
AVGO,C3,2018-01-19,-13.0,-13.9,4.9
AVGO,C3,2019-07-10,0.9,14.5,19.9
AVGO,C3,2019-07-16,2.5,10.5,15.3
AVGO,C3,2019-07-22,-2.0,6.4,12.0
AVGO,C3,2019-07-26,-2.2,3.4,14.6
AVGO,C3,2021-04-14,-1.2,7.1,26.7
AVGO,C3,2021-04-20,5.0,14.4,24.7
AVGO,C3,2022-04-11,-14.1,-23.8,10.6
AVGO,C3,2022-04-18,-11.0,-22.0,12.3
AVGO,C3,2022-04-22,-9.3,-21.1,10.9
AVGO,C3,2023-06-14,-3.6,30.6,83.2
AVGO,C3,2023-06-21,-1.7,34.9,107.6
AVGO,C3,2023-07-26,-6.9,33.5,55.3
AVGO,C3,2023-08-01,-6.8,34.2,72.7
AVGO,C3,2023-08-07,0.6,42.4,90.2
AVGO,C3,2023-08-11,14.7,51.6,104.0
AVGO,C3,2023-08-17,18.9,58.3,93.1
AVGO,C3,2023-08-23,12.3,49.9,77.4
AVGO,C3,2023-09-19,32.1,59.0,101.3
AVGO,C3,2023-11-07,41.5,61.4,87.0
AVGO,C3,2023-11-13,32.1,49.1,76.7
AVGO,C3,2023-11-17,33.2,45.7,72.9
AVGO,C3,2023-11-24,33.5,36.2,86.2
AVGO,C3,2023-11-30,46.5,53.3,98.2
AVGO,C3,2023-12-06,43.6,87.5,151.3
AVGO,C3,2023-12-12,15.9,63.2,127.6
AVGO,C3,2023-12-18,19.0,40.5,105.8
AVGO,C3,2023-12-22,18.6,48.8,106.5
AVGO,C3,2023-12-29,18.5,56.4,104.0
AVGO,C3,2024-01-05,26.6,64.6,132.1
AVGO,C3,2024-01-11,21.3,44.1,86.2
AVGO,C3,2024-01-18,7.5,31.5,96.0
AVGO,C3,2024-01-24,7.7,29.1,87.0
AVGO,C3,2024-01-30,3.0,20.0,98.3
AVGO,C3,2024-02-05,7.1,20.4,86.5
AVGO,C3,2024-02-09,8.0,30.1,59.9
AVGO,C3,2024-02-15,12.3,29.3,50.1
AVGO,C3,2024-02-22,8.3,22.1,51.4
AVGO,C3,2024-02-28,3.5,20.4,50.4
AVGO,C3,2024-03-05,4.8,11.2,47.6
AVGO,C3,2024-03-11,16.1,27.8,48.0
AVGO,C3,2024-03-15,46.5,40.0,37.8
AVGO,C3,2024-03-21,17.6,33.0,9.9
AVGO,C3,2024-03-27,24.8,30.3,32.3
AVGO,C3,2024-04-17,26.0,40.8,55.7
AVGO,C3,2024-04-23,21.8,38.6,66.0
AVGO,C3,2024-05-28,11.5,18.7,81.2
AVGO,C3,2024-06-03,16.0,36.7,91.0
AVGO,C3,2024-06-07,12.9,29.3,90.3
AVGO,C3,2024-06-13,-2.9,34.0,66.6
AVGO,C3,2024-06-20,0.3,39.4,60.4
AVGO,C3,2024-06-26,8.8,46.5,74.3
AVGO,C3,2024-07-02,4.0,38.8,74.8
AVGO,C3,2024-07-09,7.6,30.4,65.5
AVGO,C3,2024-07-15,3.0,41.0,75.5
AVGO,C3,2024-10-09,21.2,-7.5,87.0
AVGO,C3,2024-10-15,36.9,7.5,121.5
AVGO,C3,2024-10-21,12.6,7.5,97.5
AVGO,C3,2024-10-25,28.2,16.3,109.2
AVGO,C3,2024-10-31,36.6,31.3,103.7
AVGO,C3,2024-11-06,32.0,28.1,95.1
AVGO,C3,2026-03-13,17.2,,
AVGO,C3,2026-03-19,19.3,,
AVGO,C3,2026-03-25,17.0,,
AVGO,C3,2026-03-31,21.0,,
ARM,L2,2025-02-24,-5.4,5.0,-3.2
ARM,C2,2024-10-07,-7.2,-31.3,2.2
ARM,C2,2024-11-04,10.2,-21.5,3.3
ARM,C2,2025-03-17,21.8,20.0,11.2
ARM,C2,2025-12-22,30.7,203.1,
ARM,C3,2024-10-08,-4.5,-29.7,15.4
ARM,C3,2024-10-14,-7.8,-35.0,7.0
ARM,C3,2024-10-18,6.2,-27.0,10.2
ARM,C3,2024-10-24,8.6,-13.5,8.0
ARM,C3,2024-10-30,12.2,-25.0,-9.1
MRVL,L2,2018-07-30,-17.4,-13.2,18.6
MRVL,L2,2021-09-27,46.4,19.0,-28.0
MRVL,L2,2024-04-08,5.0,5.7,-23.7
MRVL,C2,2017-08-14,30.1,45.8,27.9
MRVL,C2,2017-09-11,18.3,27.2,4.6
MRVL,C2,2017-10-09,30.8,21.1,-0.3
MRVL,C2,2017-11-06,6.1,5.0,-17.6
MRVL,C2,2017-12-04,10.7,-0.8,-29.1
MRVL,C2,2018-01-01,-10.6,-5.4,-28.5
MRVL,C2,2018-01-29,-5.0,-4.2,-16.9
MRVL,C2,2018-02-26,-5.1,-11.2,-13.4
MRVL,C2,2018-03-26,2.1,-7.8,-4.3
MRVL,C2,2018-04-23,6.8,-22.5,24.7
MRVL,C2,2018-05-21,-8.6,-30.0,-1.3
MRVL,C2,2019-07-15,-8.4,10.5,42.2
MRVL,C2,2019-08-12,8.0,1.2,35.9
MRVL,C2,2019-09-09,-0.3,-19.3,51.3
MRVL,C2,2019-10-07,10.5,1.5,87.4
MRVL,C2,2020-02-03,12.1,50.9,109.8
MRVL,C2,2020-03-02,49.4,55.8,73.5
MRVL,C2,2020-10-05,9.9,11.2,45.2
MRVL,C2,2020-11-02,11.0,2.1,59.9
MRVL,C2,2020-11-30,-4.2,12.5,93.6
MRVL,C2,2020-12-28,4.5,20.9,84.6
MRVL,C2,2021-01-25,-12.0,17.9,29.4
MRVL,C2,2021-02-22,0.2,27.3,43.0
MRVL,C2,2021-03-22,20.0,35.7,59.0
MRVL,C2,2021-04-19,27.9,44.1,27.2
MRVL,C2,2021-10-11,26.5,-7.0,-43.4
MRVL,C2,2021-11-08,-7.4,-21.5,-40.8
MRVL,C2,2021-12-06,-29.1,-40.3,-53.2
MRVL,C2,2022-01-03,-23.9,-43.3,-56.3
MRVL,C2,2022-01-31,-18.7,-19.7,-34.1
MRVL,C2,2022-02-28,-6.9,-27.7,-30.2
MRVL,C2,2022-03-28,-40.1,-39.5,-38.8
MRVL,C2,2022-04-25,-4.0,-29.2,-31.6
MRVL,C2,2023-06-26,-9.4,1.1,17.4
MRVL,C2,2023-07-24,-27.1,5.1,1.6
MRVL,C2,2024-04-15,7.1,28.7,-16.5
MRVL,C2,2024-05-13,-3.5,22.3,-11.1
MRVL,C2,2024-06-10,1.7,65.1,-8.0
MRVL,C2,2026-01-19,104.9,,
MRVL,C2,2026-02-16,147.1,,
MRVL,L3,2017-09-15,21.2,17.8,3.2
MRVL,L3,2017-10-30,23.4,16.3,-9.1
MRVL,L3,2017-11-22,-1.2,-6.4,-31.7
MRVL,L3,2018-01-22,-13.5,-7.7,-20.4
MRVL,L3,2018-03-16,-7.8,-18.2,-13.1
MRVL,L3,2019-07-29,-9.2,-10.8,33.5
MRVL,L3,2019-08-20,6.2,-9.8,57.1
MRVL,L3,2020-01-13,-6.0,34.6,99.2
MRVL,L3,2020-12-18,-5.7,23.6,85.0
MRVL,L3,2021-04-15,12.5,39.4,19.2
MRVL,L3,2021-12-09,-26.9,-49.9,-56.6
MRVL,L3,2022-01-11,-29.2,-37.6,-50.2
MRVL,L3,2022-04-20,-19.3,-35.3,-36.8
MRVL,L3,2023-06-06,-5.7,-7.7,24.2
MRVL,L3,2023-07-26,-26.7,6.5,-11.5
MRVL,L3,2024-06-04,-0.2,61.5,13.3
MRVL,C3,2017-09-18,21.8,21.2,5.9
MRVL,C3,2017-09-22,23.0,14.0,9.5
MRVL,C3,2017-09-28,24.3,15.1,-1.8
MRVL,C3,2017-10-04,25.9,22.2,3.5
MRVL,C3,2017-10-10,29.1,19.6,-1.6
MRVL,C3,2017-10-16,30.0,13.7,-13.2
MRVL,C3,2017-11-03,12.4,19.1,-12.0
MRVL,C3,2017-11-24,-1.8,-6.7,-34.4
MRVL,C3,2017-11-30,6.3,-2.1,-29.1
MRVL,C3,2017-12-06,5.4,0.3,-31.6
MRVL,C3,2017-12-12,3.1,-1.4,-29.2
MRVL,C3,2017-12-18,-2.8,-9.7,-24.4
MRVL,C3,2018-01-23,-11.0,-9.2,-19.7
MRVL,C3,2018-01-29,-12.1,-8.4,-17.7
MRVL,C3,2018-02-02,-5.8,-2.8,-15.0
MRVL,C3,2018-02-08,6.0,-2.6,-4.0
MRVL,C3,2018-02-14,-3.5,-8.3,-9.2
MRVL,C3,2018-08-01,-16.8,-12.9,18.0
MRVL,C3,2019-08-01,-1.7,0.9,38.8
MRVL,C3,2019-08-07,9.1,3.7,36.4
MRVL,C3,2019-08-22,5.1,-13.7,67.6
MRVL,C3,2020-01-16,-10.3,25.6,86.0
MRVL,C3,2020-01-23,-1.8,25.8,83.7
MRVL,C3,2020-01-29,1.6,50.1,105.7
MRVL,C3,2020-02-04,7.1,43.4,115.3
MRVL,C3,2020-02-10,7.0,39.6,107.2
MRVL,C3,2020-02-14,9.3,31.1,93.6
MRVL,C3,2020-09-25,21.8,34.6,72.2
MRVL,C3,2020-10-01,18.4,23.5,58.3
MRVL,C3,2020-10-07,18.2,14.9,60.1
MRVL,C3,2020-10-13,16.1,8.7,55.3
MRVL,C3,2020-10-19,25.9,10.0,64.4
MRVL,C3,2020-10-23,26.1,7.2,73.4
MRVL,C3,2020-10-29,33.9,20.6,86.6
MRVL,C3,2020-11-04,31.0,6.5,89.4
MRVL,C3,2020-12-24,4.1,22.2,82.5
MRVL,C3,2020-12-31,5.9,20.2,79.4
MRVL,C3,2021-01-07,-0.4,13.9,57.5
MRVL,C3,2021-01-13,-7.0,16.4,33.9
MRVL,C3,2021-01-20,-14.7,7.5,32.5
MRVL,C3,2021-01-26,-12.4,12.4,32.2
MRVL,C3,2021-02-01,-15.2,14.8,40.2
MRVL,C3,2021-02-05,-11.5,19.9,44.6
MRVL,C3,2021-02-11,-17.7,11.2,24.9
MRVL,C3,2021-02-18,-8.3,24.2,29.2
MRVL,C3,2021-04-19,25.2,44.1,31.4
MRVL,C3,2021-04-23,25.9,47.1,37.0
MRVL,C3,2021-04-29,28.3,48.2,17.1
MRVL,C3,2021-05-05,35.3,63.3,23.8
MRVL,C3,2021-12-10,-22.5,-48.2,-58.2
MRVL,C3,2021-12-16,-14.5,-42.2,-55.8
MRVL,C3,2021-12-22,-15.8,-50.6,-60.5
MRVL,C3,2021-12-29,-19.7,-47.2,-56.4
MRVL,C3,2022-01-13,-18.8,-33.7,-43.4
MRVL,C3,2022-04-25,-11.3,-32.3,-32.0
MRVL,C3,2023-06-08,-6.7,-4.0,20.9
MRVL,C3,2023-07-27,-25.9,4.9,-3.9
MRVL,C3,2023-08-02,-21.2,11.9,3.1
MRVL,C3,2024-06-05,-1.2,53.1,5.7
MRVL,C3,2026-01-06,45.8,134.1,
MRVL,C3,2026-01-12,61.0,,
MU,L2,2018-06-04,-26.9,-42.5,-44.6
MU,L2,2024-05-06,-23.2,-7.5,-28.9
MU,C2,2017-09-18,22.3,50.3,24.0
MU,C2,2017-10-16,3.0,22.0,-2.5
MU,C2,2017-11-13,-4.2,15.7,-14.6
MU,C2,2017-12-11,42.9,37.3,-19.3
MU,C2,2018-01-08,22.0,31.6,-15.9
MU,C2,2018-02-05,28.2,27.1,-4.5
MU,C2,2018-03-05,12.5,-17.8,-29.2
MU,C2,2018-07-02,-18.1,-38.6,-25.9
MU,C2,2018-07-30,-23.7,-25.0,-16.5
MU,C2,2018-08-27,-26.6,-20.8,-13.8
MU,C2,2018-09-24,-30.2,-8.6,-4.5
MU,C2,2019-11-25,10.6,0.8,35.2
MU,C2,2019-12-23,-19.5,-10.3,30.6
MU,C2,2020-01-20,-23.5,-13.4,42.5
MU,C2,2020-02-17,-21.1,-25.1,59.6
MU,C2,2020-03-16,40.8,40.5,150.7
MU,C2,2020-04-13,8.2,12.9,98.4
MU,C2,2021-06-14,-3.4,8.0,-27.3
MU,C2,2021-07-12,-9.6,30.1,-17.5
MU,C2,2021-08-09,9.1,26.9,-7.8
MU,C2,2021-09-06,16.5,-0.7,-21.4
MU,C2,2022-03-28,-29.5,-34.0,-20.2
MU,C2,2023-04-17,7.6,10.4,75.7
MU,C2,2023-05-15,-6.5,14.2,84.9
MU,C2,2023-06-12,3.5,20.7,110.2
MU,C2,2023-07-10,8.2,29.0,109.4
MU,C2,2023-08-07,17.3,33.3,45.3
MU,C2,2024-05-20,-20.5,-20.6,-27.6
MU,C2,2024-06-17,-34.8,-35.3,-11.0
MU,C2,2024-07-15,-2.6,-7.2,0.6
MU,C2,2024-08-12,-10.7,-7.6,12.5
MU,C2,2024-09-09,12.5,10.8,73.2
MU,C2,2025-09-08,53.5,171.3,
MU,C2,2025-10-06,90.1,131.8,
MU,C2,2025-11-03,66.0,214.1,
MU,C2,2025-12-01,56.2,264.5,
MU,C2,2025-12-29,16.2,209.4,
MU,C2,2026-01-26,30.7,,
MU,C2,2026-02-23,135.6,,
MU,C2,2026-03-23,217.1,,
MU,C2,2026-04-20,,,
MU,C2,2026-05-18,,,
MU,C2,2026-06-15,,,
MU,C2,2026-07-13,,,
MU,L3,2017-10-18,5.5,20.4,-13.5
MU,L3,2018-01-08,15.5,23.3,-25.6
MU,L3,2018-06-11,-32.0,-44.3,-45.9
MU,L3,2019-11-11,26.5,-2.5,32.7
MU,L3,2020-01-07,-20.8,-14.7,46.7
MU,L3,2020-04-17,12.7,16.7,92.7
MU,L3,2021-07-15,-11.9,17.3,-19.1
MU,L3,2022-04-06,-19.5,-28.1,-15.9
MU,L3,2023-04-13,3.3,10.1,78.2
MU,L3,2023-08-25,19.7,50.8,36.0
MU,L3,2025-12-11,78.7,369.1,
MU,L3,2026-02-11,76.7,,
MU,L3,2026-05-27,,,
MU,C3,2017-10-19,4.3,15.0,-8.7
MU,C3,2017-10-25,1.5,13.5,-3.1
MU,C3,2017-10-31,-11.1,15.1,-15.5
MU,C3,2017-11-06,-6.6,24.9,-8.8
MU,C3,2017-11-10,-2.9,23.9,-18.7
MU,C3,2017-11-16,-4.2,32.8,-17.9
MU,C3,2017-11-22,-0.7,19.5,-23.3
MU,C3,2017-11-29,22.9,36.3,-17.6
MU,C3,2017-12-05,44.1,45.7,-17.2
MU,C3,2018-01-09,21.5,32.6,-20.3
MU,C3,2018-01-16,19.8,26.5,-12.9
MU,C3,2018-01-22,11.0,25.8,-8.0
MU,C3,2018-01-26,7.1,22.3,-11.7
MU,C3,2018-06-12,-28.0,-44.0,-46.0
MU,C3,2019-11-12,23.1,-0.6,36.8
MU,C3,2019-11-18,15.0,3.4,34.0
MU,C3,2020-01-08,-19.7,-12.2,45.2
MU,C3,2020-01-14,-20.5,-10.4,38.2
MU,C3,2020-01-21,-25.8,-12.5,36.4
MU,C3,2020-01-27,-10.1,-9.7,46.4
MU,C3,2020-01-31,-14.5,-8.3,62.9
MU,C3,2020-02-06,-17.9,-17.4,50.9
MU,C3,2021-07-20,-9.3,10.3,-16.6
MU,C3,2022-04-07,-19.4,-24.7,-15.8
MU,C3,2022-04-13,-13.6,-26.4,-13.8
MU,C3,2023-04-17,3.6,7.9,83.9
MU,C3,2023-04-21,10.4,5.9,88.7
MU,C3,2023-04-27,14.5,12.5,91.4
MU,C3,2023-05-03,14.1,19.9,111.1
MU,C3,2023-05-09,5.8,23.2,110.5
MU,C3,2023-05-15,-1.5,20.4,106.4
MU,C3,2023-05-19,-4.2,13.2,89.1
MU,C3,2023-05-25,-4.0,9.7,89.2
MU,C3,2023-06-01,1.9,6.2,108.4
MU,C3,2023-06-07,4.6,17.0,116.3
MU,C3,2023-06-13,3.2,20.6,111.0
MU,C3,2023-06-20,1.7,29.7,99.4
MU,C3,2023-08-28,17.6,45.1,33.6
MU,C3,2024-05-10,-17.1,-18.0,-20.1
MU,C3,2024-05-16,-15.5,-22.9,-22.9
MU,C3,2024-05-22,-21.6,-19.2,-13.6
MU,C3,2024-05-29,-26.8,-24.0,-11.3
MU,C3,2024-06-04,-31.7,-18.6,-3.4
MU,C3,2024-06-10,-35.3,-23.8,-5.2
MU,C3,2024-06-14,-38.2,-38.3,-14.1
MU,C3,2024-06-21,-32.6,-35.5,-10.3
MU,C3,2024-06-27,-21.5,-33.7,-9.8
MU,C3,2024-07-03,-25.2,-27.1,-15.9
MU,C3,2024-07-10,-22.4,-24.2,-17.7
MU,C3,2024-07-16,-14.2,-14.1,-9.6
MU,C3,2024-07-22,-6.4,-23.3,-5.0
MU,C3,2024-07-26,-2.7,-17.6,13.6
MU,C3,2024-08-01,-1.6,-8.9,19.6
MU,C3,2024-08-07,30.8,10.5,34.0
MU,C3,2025-09-03,91.0,253.0,
MU,C3,2025-09-09,95.1,241.7,
MU,C3,2025-09-15,47.5,156.6,
MU,C3,2025-09-19,70.1,119.7,
MU,C3,2025-09-25,87.9,133.9,
MU,C3,2025-10-01,71.5,131.7,
MU,C3,2025-10-07,85.9,145.9,
MU,C3,2025-10-13,74.7,133.3,
MU,C3,2025-10-17,96.5,159.4,
MU,C3,2025-10-23,110.7,162.5,
MU,C3,2025-10-29,85.2,185.6,
MU,C3,2025-11-04,76.0,268.9,
MU,C3,2025-11-10,62.6,176.1,
MU,C3,2025-11-14,73.5,263.3,
MU,C3,2025-11-20,106.4,414.7,
MU,C3,2025-11-26,74.1,275.5,
MU,C3,2025-12-16,74.0,422.4,
MU,C3,2025-12-22,29.2,273.5,
MU,C3,2026-02-17,83.2,,
MU,C3,2026-05-29,,,
MU,C3,2026-06-04,,,
MU,C3,2026-06-10,,,
MU,C3,2026-06-16,,,
MU,C3,2026-06-23,,,
MU,C3,2026-06-29,,,
MU,C3,2026-07-06,,,
MU,C3,2026-07-10,,,
TSM,C2,2017-08-14,17.3,21.2,16.0
TSM,C2,2017-09-11,4.9,19.4,22.3
TSM,C2,2017-10-09,0.9,4.5,0.7
TSM,C2,2017-11-06,-0.6,-4.3,-5.4
TSM,C2,2017-12-04,14.3,-0.2,-2.9
TSM,C2,2018-01-01,-0.1,-9.0,-14.6
TSM,C2,2018-01-29,-13.3,-2.9,-12.5
TSM,C2,2018-02-26,-8.9,5.1,-5.1
TSM,C2,2018-03-26,-13.4,4.6,-3.0
TSM,C2,2019-07-15,13.2,35.6,56.3
TSM,C2,2019-08-12,29.2,42.1,94.7
TSM,C2,2019-09-09,31.1,18.4,81.7
TSM,C2,2019-10-07,19.9,-0.6,84.9
TSM,C2,2019-11-04,7.1,1.8,78.1
TSM,C2,2019-12-02,0.9,2.1,94.4
TSM,C2,2019-12-30,-18.2,2.7,92.8
TSM,C2,2020-01-27,-4.4,48.7,131.3
TSM,C2,2020-02-24,-5.6,52.0,140.1
TSM,C2,2020-03-23,21.0,70.3,153.6
TSM,C2,2020-04-20,41.2,69.6,129.7
TSM,C2,2020-05-18,58.5,93.9,129.3
TSM,C2,2020-06-15,45.8,90.3,112.9
TSM,C2,2020-07-13,31.2,90.4,77.3
TSM,C2,2020-08-10,19.5,77.7,49.8
TSM,C2,2020-09-07,32.7,51.5,58.7
TSM,C2,2020-10-05,34.3,39.4,25.9
TSM,C2,2020-11-02,40.4,28.8,30.9
TSM,C2,2020-11-30,16.9,16.1,16.9
TSM,C2,2020-12-28,14.9,9.9,12.1
TSM,C2,2021-01-25,-3.6,-3.3,-1.7
TSM,C2,2021-02-22,-6.5,-5.2,-10.3
TSM,C2,2021-03-22,0.4,0.0,-6.9
TSM,C2,2021-04-19,-1.2,-3.0,-18.0
TSM,C2,2021-05-17,-3.0,12.0,-17.5
TSM,C2,2021-06-14,2.1,1.3,-25.2
TSM,C2,2022-01-24,-20.6,-24.0,-19.0
TSM,C2,2022-02-21,-15.3,-23.0,-19.1
TSM,C2,2022-03-21,-19.1,-30.0,-11.2
TSM,C2,2023-04-17,14.4,8.0,52.3
TSM,C2,2023-05-15,-1.2,8.6,66.8
TSM,C2,2023-06-12,-14.2,-1.0,67.8
TSM,C2,2023-07-10,-13.5,-2.8,81.3
TSM,C2,2023-08-07,6.5,46.1,84.8
TSM,C2,2023-09-04,12.5,64.9,78.0
TSM,C2,2023-10-02,12.1,59.7,106.1
TSM,C2,2023-10-30,26.7,55.6,113.5
TSM,C2,2023-11-27,36.5,54.6,90.3
TSM,C2,2023-12-25,31.3,68.3,96.6
TSM,C2,2024-01-22,18.4,39.1,91.9
TSM,C2,2024-02-19,24.0,33.2,55.2
TSM,C2,2024-03-18,24.2,24.7,27.5
TSM,C2,2024-04-15,30.2,58.3,20.5
TSM,C2,2024-05-13,15.4,23.5,29.8
TSM,C2,2024-06-10,0.4,17.3,24.1
TSM,C2,2024-07-08,2.2,12.0,24.8
TSM,C2,2024-08-05,20.8,24.2,46.8
TSM,C2,2024-09-02,29.9,13.7,57.5
TSM,C2,2024-09-30,15.5,-18.4,63.5
TSM,C2,2024-10-28,8.8,-6.4,57.9
TSM,C2,2024-11-25,-1.9,5.4,60.1
TSM,C2,2024-12-23,-17.7,14.2,52.2
TSM,C2,2025-01-20,-25.3,11.5,53.0
TSM,C2,2025-02-17,-2.8,18.4,89.4
TSM,C2,2025-03-17,19.0,50.9,88.6
TSM,C2,2025-04-14,59.0,95.8,147.2
TSM,C2,2025-10-20,13.8,37.2,
TSM,C2,2025-11-17,35.1,47.9,
TSM,C2,2025-12-15,14.3,60.8,
TSM,C2,2026-01-12,8.5,16.9,
TSM,C2,2026-02-09,10.7,,
TSM,C2,2026-03-09,26.0,,
TSM,C2,2026-04-06,17.4,,
TSM,C2,2026-05-04,,,
TSM,C2,2026-06-01,,,
TSM,C2,2026-06-29,,,
TSM,L3,2018-01-03,3.3,-8.1,-11.4
TSM,L3,2018-01-30,-15.1,-5.1,-10.8
TSM,L3,2018-03-20,-16.1,3.8,-4.6
TSM,L3,2019-07-09,23.6,53.6,73.9
TSM,L3,2019-09-12,33.1,2.0,83.3
TSM,L3,2019-12-30,-16.0,6.7,117.6
TSM,L3,2020-04-15,34.7,78.6,149.3
TSM,L3,2020-06-22,39.9,91.0,116.0
TSM,L3,2020-09-15,23.2,35.6,38.2
TSM,L3,2020-10-23,43.1,32.3,35.5
TSM,L3,2020-12-30,12.9,9.1,20.5
TSM,L3,2021-04-28,-2.1,-3.9,-25.8
TSM,L3,2021-06-15,1.9,-1.4,-26.5
TSM,L3,2022-01-18,-26.7,-36.3,-29.2
TSM,L3,2023-04-04,8.7,-0.8,53.6
TSM,L3,2023-06-06,-9.8,2.1,83.9
TSM,L3,2023-10-26,29.8,63.3,133.7
TSM,L3,2023-12-11,36.3,80.1,109.3
TSM,L3,2024-02-08,9.9,31.0,45.3
TSM,L3,2024-04-17,22.2,43.7,26.0
TSM,L3,2024-06-07,3.9,17.6,36.3
TSM,L3,2024-10-03,18.2,-11.9,66.7
TSM,L3,2025-01-14,-24.4,20.2,72.2
TSM,L3,2025-09-30,14.7,31.7,
TSM,L3,2025-12-24,13.4,52.0,
TSM,L3,2026-04-23,,,
TSM,C3,2017-08-15,14.1,17.8,18.2
TSM,C3,2017-08-21,18.3,21.2,25.6
TSM,C3,2017-08-25,11.1,18.0,26.2
TSM,C3,2017-08-31,6.5,20.6,21.8
TSM,C3,2017-09-07,3.9,20.7,21.6
TSM,C3,2017-09-13,5.0,19.1,22.0
TSM,C3,2017-09-19,3.0,13.0,20.9
TSM,C3,2017-09-25,5.4,17.3,16.4
TSM,C3,2017-09-29,11.1,14.7,7.5
TSM,C3,2017-10-05,9.7,10.9,6.6
TSM,C3,2017-10-11,4.7,-2.0,-2.4
TSM,C3,2017-10-17,12.4,-7.5,-8.7
TSM,C3,2017-10-23,10.9,-5.5,-2.5
TSM,C3,2017-10-27,7.8,-8.8,-4.8
TSM,C3,2017-11-02,-0.6,-5.3,-6.9
TSM,C3,2017-11-08,-0.1,-8.2,-12.9
TSM,C3,2017-11-14,4.5,-5.3,-8.9
TSM,C3,2017-11-20,5.2,-9.2,-4.9
TSM,C3,2017-11-27,4.7,-3.8,-8.1
TSM,C3,2017-12-01,10.3,-2.4,-4.6
TSM,C3,2017-12-07,15.7,-0.8,-4.7
TSM,C3,2018-01-04,5.0,-6.8,-9.3
TSM,C3,2018-01-10,3.8,-3.6,-5.5
TSM,C3,2018-02-02,-12.0,-2.6,-11.3
TSM,C3,2018-03-21,-14.7,2.4,-3.1
TSM,C3,2018-03-27,-13.9,6.9,1.1
TSM,C3,2018-04-03,-12.8,-0.8,1.6
TSM,C3,2018-04-09,-11.0,-6.3,8.7
TSM,C3,2018-04-13,-7.5,-3.8,6.8
TSM,C3,2019-07-12,21.9,44.5,68.5
TSM,C3,2019-07-18,14.9,35.0,97.4
TSM,C3,2019-07-24,15.2,30.2,85.7
TSM,C3,2019-07-30,21.3,35.3,91.1
TSM,C3,2019-08-05,35.3,45.1,102.9
TSM,C3,2019-08-09,27.9,42.5,91.3
TSM,C3,2019-08-15,31.4,38.0,106.4
TSM,C3,2019-08-21,25.3,26.9,97.6
TSM,C3,2019-08-27,31.3,40.0,92.9
TSM,C3,2019-09-18,30.5,11.4,85.3
TSM,C3,2019-09-24,32.9,10.1,97.3
TSM,C3,2019-09-30,30.1,9.3,96.6
TSM,C3,2019-10-04,24.8,4.5,91.4
TSM,C3,2019-10-10,24.1,11.5,84.4
TSM,C3,2019-10-16,17.0,6.7,78.1
TSM,C3,2019-10-22,9.9,9.4,74.2
TSM,C3,2019-10-28,5.9,2.4,83.4
TSM,C3,2019-11-01,12.1,2.2,77.5
TSM,C3,2019-11-07,11.9,-5.7,85.9
TSM,C3,2019-11-13,9.8,-2.4,88.1
TSM,C3,2019-11-19,0.9,-4.9,93.1
TSM,C3,2019-11-25,4.9,0.3,103.7
TSM,C3,2020-01-06,-11.6,15.3,124.0
TSM,C3,2020-01-10,-14.8,14.7,125.2
TSM,C3,2020-04-20,31.3,69.9,126.6
TSM,C3,2020-04-24,47.0,61.0,126.5
TSM,C3,2020-04-30,49.7,67.1,107.9
TSM,C3,2020-05-06,54.7,72.9,117.0
TSM,C3,2020-05-12,54.4,84.7,127.0
TSM,C3,2020-06-24,40.1,88.3,112.6
TSM,C3,2020-06-30,46.3,100.5,122.0
TSM,C3,2020-07-07,43.9,103.8,93.2
TSM,C3,2020-07-13,38.5,94.3,82.6
TSM,C3,2020-07-17,32.5,96.3,77.9
TSM,C3,2020-07-23,31.8,88.5,79.3
TSM,C3,2020-07-29,3.2,55.7,43.2
TSM,C3,2020-08-04,12.1,67.0,45.4
TSM,C3,2020-08-10,10.3,77.0,37.7
TSM,C3,2020-08-14,27.3,72.0,53.2
TSM,C3,2020-08-20,24.8,65.5,59.5
TSM,C3,2020-09-18,31.2,46.4,41.4
TSM,C3,2020-09-24,36.0,60.5,41.7
TSM,C3,2020-09-30,38.4,53.5,36.9
TSM,C3,2020-10-29,50.8,38.7,41.5
TSM,C3,2020-11-04,49.0,22.5,34.1
TSM,C3,2021-01-05,9.3,10.7,26.7
TSM,C3,2021-01-11,-3.1,-5.2,3.2
TSM,C3,2021-01-15,-5.9,-6.0,-5.6
TSM,C3,2021-01-22,-5.7,-9.4,-2.3
TSM,C3,2021-01-28,-7.5,-4.9,-0.1
TSM,C3,2021-02-03,-8.0,-8.0,-4.6
TSM,C3,2021-02-09,-17.7,-12.9,-8.6
TSM,C3,2021-02-16,-19.4,-22.2,-19.3
TSM,C3,2021-02-22,-14.1,-10.9,-17.3
TSM,C3,2021-02-26,-5.5,-3.6,-15.3
TSM,C3,2021-03-04,2.7,6.3,-10.3
TSM,C3,2021-03-10,4.3,9.0,-4.1
TSM,C3,2021-03-16,0.6,-2.8,-8.7
TSM,C3,2021-06-16,0.6,-1.4,-26.9
TSM,C3,2022-01-19,-26.6,-32.4,-26.1
TSM,C3,2022-01-25,-21.9,-29.0,-21.1
TSM,C3,2022-01-31,-21.3,-27.6,-19.9
TSM,C3,2023-04-05,12.7,3.0,49.3
TSM,C3,2023-06-08,-9.1,3.1,77.8
TSM,C3,2023-06-14,-16.5,-1.9,63.2
TSM,C3,2023-06-21,-15.3,3.8,82.6
TSM,C3,2023-06-27,-14.9,0.4,90.4
TSM,C3,2023-07-03,-15.5,0.1,83.5
TSM,C3,2023-07-10,-8.7,2.5,72.7
TSM,C3,2023-11-01,36.6,64.1,115.9
TSM,C3,2023-12-12,35.7,74.7,106.9
TSM,C3,2023-12-18,37.1,68.4,94.6
TSM,C3,2023-12-22,32.4,71.6,107.9
TSM,C3,2023-12-29,34.8,78.7,96.4
TSM,C3,2024-01-05,47.4,87.3,122.7
TSM,C3,2024-01-11,38.7,65.0,92.7
TSM,C3,2024-02-14,17.8,33.6,41.6
TSM,C3,2024-02-21,25.8,37.1,42.3
TSM,C3,2024-02-27,19.4,25.7,39.7
TSM,C3,2024-03-04,18.3,18.6,27.5
TSM,C3,2024-03-08,13.7,19.1,26.0
TSM,C3,2024-03-14,27.9,27.6,20.5
TSM,C3,2024-03-20,23.1,34.3,16.7
TSM,C3,2024-03-26,25.6,24.8,15.9
TSM,C3,2024-04-22,23.9,57.9,34.6
TSM,C3,2024-04-26,20.3,38.7,37.1
TSM,C3,2024-06-13,-2.9,13.9,32.9
TSM,C3,2024-06-20,0.0,18.5,32.6
TSM,C3,2024-06-26,3.8,15.6,35.8
TSM,C3,2024-07-02,2.5,21.2,41.8
TSM,C3,2024-07-09,1.8,9.9,32.1
TSM,C3,2024-07-15,1.4,18.9,32.2
TSM,C3,2024-07-19,22.3,16.8,46.3
TSM,C3,2024-07-25,27.4,31.5,53.1
TSM,C3,2024-07-31,15.3,27.8,47.5
TSM,C3,2024-10-09,8.0,-18.3,57.5
TSM,C3,2024-10-15,17.2,-11.6,65.3
TSM,C3,2024-10-21,-4.5,-16.9,47.6
TSM,C3,2024-10-25,3.2,-14.7,47.2
TSM,C3,2024-10-31,10.8,-1.2,51.6
TSM,C3,2024-11-06,7.2,1.2,45.6
TSM,C3,2024-11-12,5.1,3.0,53.3
TSM,C3,2025-01-16,-29.2,15.2,56.0
TSM,C3,2025-01-23,-27.0,8.4,49.2
TSM,C3,2025-01-29,-11.0,15.2,87.4
TSM,C3,2025-10-02,14.0,29.3,
TSM,C3,2025-10-08,9.2,20.0,
TSM,C3,2025-10-14,16.0,31.6,
TSM,C3,2025-10-20,12.8,32.5,
TSM,C3,2025-10-24,15.4,36.9,
TSM,C3,2025-10-30,7.7,36.5,
TSM,C3,2025-11-05,23.6,43.0,
TSM,C3,2025-12-29,13.0,46.0,
TSM,C3,2026-01-05,13.7,31.1,
TSM,C3,2026-01-09,16.2,,
TSM,C3,2026-01-15,8.0,,
TSM,C3,2026-01-22,24.1,,
TSM,C3,2026-01-28,16.5,,
TSM,C3,2026-02-03,23.7,,
TSM,C3,2026-02-09,12.8,,
TSM,C3,2026-02-13,7.5,,
TSM,C3,2026-02-20,11.6,,
TSM,C3,2026-02-26,15.9,,
TSM,C3,2026-03-04,16.5,,
TSM,C3,2026-03-10,21.9,,
TSM,C3,2026-03-16,27.7,,
TSM,C3,2026-03-20,34.2,,
TSM,C3,2026-04-24,,,
TSM,C3,2026-04-30,,,
TSM,C3,2026-05-06,,,
TSM,C3,2026-05-12,,,
TSM,C3,2026-05-18,,,
TSM,C3,2026-05-22,,,
TSM,C3,2026-05-29,,,
TSM,C3,2026-06-04,,,
TSM,C3,2026-06-10,,,
TSM,C3,2026-06-16,,,
TSM,C3,2026-06-23,,,
TSM,C3,2026-06-29,,,
TSM,C3,2026-07-06,,,
TSM,C3,2026-07-10,,,
TSM,C3,2026-07-16,,,
ASML,L2,2023-07-03,-14.1,1.4,55.5
ASML,C2,2017-08-14,18.4,26.3,30.8
ASML,C2,2017-09-11,7.0,31.8,14.5
ASML,C2,2017-10-09,2.6,16.6,-0.3
ASML,C2,2017-11-06,2.3,11.7,-1.4
ASML,C2,2017-12-04,21.8,21.7,-6.4
ASML,C2,2018-01-01,6.4,8.9,-15.0
ASML,C2,2018-01-29,1.4,11.4,-7.5
ASML,C2,2018-02-26,5.4,6.9,-3.5
ASML,C2,2018-03-26,0.6,-4.5,-4.5
ASML,C2,2018-04-23,11.2,-13.3,9.3
ASML,C2,2018-05-21,0.9,-18.6,-4.5
ASML,C2,2018-06-18,-8.7,-28.1,-0.8
ASML,C2,2018-07-16,-20.0,-26.0,2.9
ASML,C2,2018-08-13,-14.4,-6.6,9.1
ASML,C2,2018-09-10,-12.6,4.6,36.6
ASML,C2,2018-10-08,-7.0,16.4,50.9
ASML,C2,2019-09-16,20.0,-11.7,50.5
ASML,C2,2019-10-14,18.4,16.7,53.5
ASML,C2,2019-11-11,15.0,6.9,54.0
ASML,C2,2019-12-09,-11.4,18.9,57.5
ASML,C2,2020-01-06,-6.5,34.3,73.3
ASML,C2,2020-02-03,0.3,20.6,82.9
ASML,C2,2020-03-02,24.6,28.2,84.6
ASML,C2,2020-03-30,53.4,52.0,162.8
ASML,C2,2020-04-27,26.8,29.4,133.1
ASML,C2,2020-05-25,15.2,33.4,106.4
ASML,C2,2020-06-22,-0.4,34.1,91.0
ASML,C2,2020-07-20,3.0,55.5,104.9
ASML,C2,2020-08-17,14.3,60.4,113.2
ASML,C2,2020-09-14,30.8,50.0,136.3
ASML,C2,2021-11-01,-22.9,-34.5,-44.0
ASML,C2,2021-11-29,-23.0,-26.4,-20.5
ASML,C2,2023-03-20,8.1,-8.9,52.8
ASML,C2,2023-04-17,9.6,-8.1,36.8
ASML,C2,2023-07-24,-17.7,21.4,24.7
ASML,C2,2023-08-21,6.4,44.0,40.5
ASML,C2,2023-09-18,28.5,67.6,36.6
ASML,C2,2024-02-26,-2.9,-8.4,-27.8
ASML,C2,2024-03-25,5.6,-12.9,-29.9
ASML,C2,2024-04-22,-3.3,-22.4,-25.8
ASML,C2,2024-05-20,-4.9,-29.3,-22.7
ASML,C2,2024-06-17,-23.1,-31.6,-26.3
ASML,C2,2024-07-15,-19.1,-15.2,-17.2
ASML,C2,2024-08-12,-28.1,-17.8,-18.4
ASML,C2,2024-09-09,-11.8,-12.2,0.7
ASML,C2,2025-09-08,33.0,65.9,
ASML,C2,2025-10-06,36.3,58.4,
ASML,C2,2025-11-03,38.9,57.1,
ASML,C2,2025-12-01,17.7,49.8,
ASML,C2,2025-12-29,13.3,52.6,
ASML,C2,2026-01-26,0.6,,
ASML,C2,2026-02-23,11.4,,
ASML,C2,2026-03-23,38.1,,
ASML,C2,2026-04-20,,,
ASML,C2,2026-05-18,,,
ASML,C2,2026-06-15,,,
ASML,C2,2026-07-13,,,
ASML,L3,2017-10-03,7.3,20.6,2.6
ASML,L3,2017-12-22,13.3,12.4,-9.9
ASML,L3,2018-02-01,-2.4,6.7,-7.7
ASML,L3,2018-03-28,2.7,-1.4,3.6
ASML,L3,2018-08-24,-17.5,-9.1,20.3
ASML,L3,2019-10-22,11.8,20.1,45.0
ASML,L3,2020-01-22,-1.0,27.7,88.5
ASML,L3,2020-04-24,29.0,24.3,122.3
ASML,L3,2020-09-10,27.3,51.6,143.9
ASML,L3,2023-04-04,6.5,-9.5,37.0
ASML,L3,2024-02-21,3.1,-1.6,-20.6
ASML,L3,2024-04-08,8.3,-14.1,-34.5
ASML,L3,2024-07-01,-19.3,-25.3,-26.3
ASML,L3,2025-10-17,35.8,39.9,
ASML,L3,2026-03-31,38.5,,
ASML,L3,2026-05-05,,,
ASML,C3,2017-10-04,7.4,20.5,7.1
ASML,C3,2017-10-10,5.7,20.5,3.9
ASML,C3,2017-10-16,16.4,9.9,-5.0
ASML,C3,2017-10-20,14.6,8.5,1.2
ASML,C3,2017-10-26,14.1,10.9,0.7
ASML,C3,2017-11-01,7.0,11.8,-5.0
ASML,C3,2017-11-07,1.5,11.5,-10.1
ASML,C3,2017-11-13,7.5,14.2,-5.6
ASML,C3,2017-11-17,9.1,9.4,-4.1
ASML,C3,2017-11-24,3.0,10.4,-13.6
ASML,C3,2017-11-30,17.4,19.2,-5.7
ASML,C3,2017-12-06,21.9,27.6,-9.0
ASML,C3,2017-12-12,23.6,20.4,-10.4
ASML,C3,2018-02-05,7.0,10.2,-1.4
ASML,C3,2018-02-09,9.8,8.7,2.7
ASML,C3,2018-02-15,4.8,3.9,-4.2
ASML,C3,2018-04-04,0.4,-7.6,3.6
ASML,C3,2018-04-10,-2.2,-14.5,0.8
ASML,C3,2018-04-16,6.4,-13.9,1.9
ASML,C3,2018-04-20,11.7,-17.3,10.3
ASML,C3,2018-08-29,-17.2,-13.5,20.7
ASML,C3,2019-10-24,12.2,6.3,46.5
ASML,C3,2019-10-30,13.1,13.8,52.3
ASML,C3,2019-11-05,13.9,8.8,58.3
ASML,C3,2019-11-11,18.6,15.4,60.2
ASML,C3,2019-11-15,11.3,16.9,60.6
ASML,C3,2019-11-21,3.8,23.0,71.1
ASML,C3,2019-11-27,11.1,32.2,68.3
ASML,C3,2020-01-23,-0.7,24.5,86.1
ASML,C3,2020-01-29,-5.3,25.7,92.7
ASML,C3,2020-02-04,0.6,22.7,103.4
ASML,C3,2020-04-28,24.5,23.9,116.7
ASML,C3,2020-05-04,30.1,41.2,130.3
ASML,C3,2020-05-08,18.7,37.9,114.6
ASML,C3,2020-05-14,25.1,41.5,121.5
ASML,C3,2020-05-20,14.3,31.7,108.4
ASML,C3,2020-05-27,18.1,38.0,115.2
ASML,C3,2020-06-02,19.0,39.3,113.3
ASML,C3,2020-06-08,2.9,31.6,93.4
ASML,C3,2020-06-12,7.9,38.0,104.0
ASML,C3,2020-06-18,1.0,33.2,93.8
ASML,C3,2020-06-24,-0.3,34.4,92.2
ASML,C3,2020-06-30,3.8,37.8,93.2
ASML,C3,2020-07-07,-1.6,33.5,80.3
ASML,C3,2020-07-13,4.3,36.3,93.8
ASML,C3,2020-07-17,0.4,49.0,101.0
ASML,C3,2020-07-23,-1.5,43.0,108.4
ASML,C3,2020-09-11,26.6,53.0,146.6
ASML,C3,2023-04-05,6.5,-8.2,35.2
ASML,C3,2024-02-26,1.3,-4.2,-26.6
ASML,C3,2024-03-01,-3.9,-23.7,-25.7
ASML,C3,2024-03-07,-0.3,-23.3,-31.0
ASML,C3,2024-03-13,6.3,-18.4,-28.1
ASML,C3,2024-03-19,9.1,-14.2,-29.1
ASML,C3,2024-03-25,5.2,-14.5,-38.7
ASML,C3,2024-04-10,9.4,-24.8,-30.2
ASML,C3,2024-07-02,-20.4,-27.4,-28.2
ASML,C3,2024-07-09,-20.0,-30.2,-31.7
ASML,C3,2024-07-15,-31.2,-28.0,-31.6
ASML,C3,2024-07-19,-20.1,-22.6,-21.0
ASML,C3,2024-07-25,-17.3,-13.9,-15.3
ASML,C3,2024-07-31,-28.0,-20.9,-18.6
ASML,C3,2025-09-05,43.5,72.7,
ASML,C3,2025-10-22,44.1,43.0,
ASML,C3,2025-10-28,37.2,47.5,
ASML,C3,2025-11-03,32.5,43.1,
ASML,C3,2025-11-07,38.5,45.3,
ASML,C3,2025-11-13,43.2,60.7,
ASML,C3,2025-11-19,47.1,55.7,
ASML,C3,2025-11-25,35.8,75.8,
ASML,C3,2025-12-02,22.6,57.0,
ASML,C3,2025-12-08,20.3,61.7,
ASML,C3,2025-12-12,26.6,65.1,
ASML,C3,2025-12-18,34.7,82.4,
ASML,C3,2025-12-24,24.1,71.9,
ASML,C3,2025-12-31,22.3,68.6,
ASML,C3,2026-01-07,22.3,45.8,
ASML,C3,2026-01-13,15.1,,
ASML,C3,2026-01-20,7.1,,
ASML,C3,2026-01-26,-1.0,,
ASML,C3,2026-01-30,1.8,,
ASML,C3,2026-02-05,16.4,,
ASML,C3,2026-02-11,4.8,,
ASML,C3,2026-02-18,8.6,,
ASML,C3,2026-02-24,7.4,,
ASML,C3,2026-03-02,21.5,,
ASML,C3,2026-03-06,37.8,,
ASML,C3,2026-03-12,40.3,,
ASML,C3,2026-04-06,38.7,,
ASML,C3,2026-05-11,,,
ASML,C3,2026-05-15,,,
ASML,C3,2026-05-21,,,
ASML,C3,2026-05-28,,,
ASML,C3,2026-06-03,,,
ASML,C3,2026-06-09,,,
ASML,C3,2026-06-15,,,
ASML,C3,2026-06-22,,,
ASML,C3,2026-06-26,,,
ASML,C3,2026-07-02,,,
ASML,C3,2026-07-09,,,
AMAT,L2,2017-12-18,6.6,-7.3,-40.8
AMAT,L2,2018-05-28,-17.3,-27.9,-24.4
AMAT,L2,2024-05-27,-8.1,-18.4,-26.4
AMAT,C2,2017-08-14,27.8,24.7,-0.2
AMAT,C2,2018-01-08,5.1,-13.2,-33.9
AMAT,C2,2018-02-05,14.3,0.7,-15.9
AMAT,C2,2018-03-05,-16.6,-34.8,-37.6
AMAT,C2,2019-06-03,21.2,37.4,47.2
AMAT,C2,2019-07-01,16.2,40.3,40.8
AMAT,C2,2019-07-29,17.2,22.9,37.3
AMAT,C2,2019-08-26,21.0,21.8,33.2
AMAT,C2,2019-09-23,24.2,-8.3,19.5
AMAT,C2,2019-10-21,11.7,-6.5,10.9
AMAT,C2,2019-11-18,15.3,-2.1,39.0
AMAT,C2,2019-12-16,-38.3,-0.7,41.2
AMAT,C2,2020-01-13,-15.1,-0.2,66.3
AMAT,C2,2020-02-10,-21.9,1.9,76.9
AMAT,C2,2020-03-09,11.6,8.9,127.3
AMAT,C2,2020-04-06,26.7,28.6,183.5
AMAT,C2,2020-11-16,55.7,68.0,96.6
AMAT,C2,2020-12-14,33.7,53.0,71.0
AMAT,C2,2021-01-11,29.9,24.7,63.1
AMAT,C2,2021-02-08,7.2,11.7,14.3
AMAT,C2,2021-03-08,19.9,20.2,8.9
AMAT,C2,2021-04-05,-2.7,-8.8,-13.0
AMAT,C2,2021-05-03,7.5,15.7,-14.8
AMAT,C2,2021-05-31,-2.7,4.6,-17.2
AMAT,C2,2021-06-28,-6.4,14.3,-37.1
AMAT,C2,2021-07-26,-2.2,-5.0,-23.7
AMAT,C2,2021-08-23,5.1,-0.3,-27.0
AMAT,C2,2023-02-20,22.6,30.3,78.7
AMAT,C2,2023-03-20,14.1,14.5,77.4
AMAT,C2,2023-04-17,20.5,18.8,68.7
AMAT,C2,2023-05-15,12.7,17.6,68.5
AMAT,C2,2023-06-12,-0.3,17.1,72.0
AMAT,C2,2023-07-10,-0.9,6.4,71.9
AMAT,C2,2023-08-07,8.8,34.4,38.8
AMAT,C2,2023-09-04,0.3,39.9,19.4
AMAT,C2,2023-10-02,6.4,48.7,45.1
AMAT,C2,2023-10-30,20.6,46.6,32.2
AMAT,C2,2023-11-27,38.9,42.4,16.2
AMAT,C2,2024-06-24,-13.0,-29.0,-21.6
AMAT,C2,2024-07-22,-9.5,-9.2,-9.2
AMAT,C2,2024-08-19,-13.5,-14.7,-19.0
AMAT,C2,2025-10-20,41.2,82.9,
AMAT,C2,2025-11-17,67.8,93.4,
AMAT,C2,2025-12-15,39.4,141.3,
AMAT,C2,2026-01-12,21.5,62.4,
AMAT,C2,2026-02-09,23.2,,
AMAT,C2,2026-03-09,66.3,,
AMAT,C2,2026-04-06,51.0,,
AMAT,C2,2026-05-04,,,
AMAT,C2,2026-06-01,,,
AMAT,C2,2026-06-29,,,
AMAT,L3,2017-08-17,31.3,33.0,1.4
AMAT,L3,2018-01-03,-1.6,-15.8,-36.7
AMAT,L3,2018-03-09,-17.1,-36.3,-34.0
AMAT,L3,2019-06-24,23.2,45.7,52.2
AMAT,L3,2019-10-10,22.7,5.0,23.5
AMAT,L3,2020-01-31,-15.5,10.5,97.5
AMAT,L3,2020-11-04,63.0,85.8,145.4
AMAT,L3,2021-03-26,10.5,0.4,-6.6
AMAT,L3,2021-06-16,3.0,6.2,-30.1
AMAT,L3,2021-08-27,8.0,-7.6,-28.7
AMAT,L3,2023-03-20,12.3,10.6,67.6
AMAT,L3,2023-05-25,15.2,15.3,71.3
AMAT,L3,2023-08-25,2.8,45.7,23.9
AMAT,L3,2023-09-13,12.1,42.4,37.5
AMAT,L3,2023-10-19,29.8,51.9,36.1
AMAT,L3,2023-11-27,39.7,41.2,14.8
AMAT,L3,2024-05-31,-15.0,-19.7,-17.1
AMAT,L3,2025-10-29,35.4,74.7,
AMAT,L3,2025-12-24,31.2,127.9,
AMAT,L3,2026-03-16,71.5,,
AMAT,L3,2026-04-17,,,
AMAT,C3,2017-08-18,30.4,33.5,-1.2
AMAT,C3,2017-08-24,30.5,33.2,-6.8
AMAT,C3,2018-01-09,2.4,-13.3,-36.5
AMAT,C3,2018-01-16,-5.9,-14.3,-28.8
AMAT,C3,2018-01-22,-14.3,-15.5,-31.2
AMAT,C3,2018-01-26,-10.7,-15.3,-29.2
AMAT,C3,2018-02-01,-1.1,-5.3,-22.4
AMAT,C3,2018-02-07,12.8,-0.1,-18.6
AMAT,C3,2018-02-13,9.1,-11.6,-20.1
AMAT,C3,2019-06-25,24.8,46.3,50.4
AMAT,C3,2019-07-01,8.8,32.2,36.7
AMAT,C3,2019-07-08,14.0,42.6,45.6
AMAT,C3,2019-07-12,12.2,37.0,38.9
AMAT,C3,2019-07-18,7.8,33.7,33.3
AMAT,C3,2019-07-24,6.1,15.6,26.3
AMAT,C3,2019-07-30,9.3,25.2,30.6
AMAT,C3,2019-08-05,23.5,39.5,51.0
AMAT,C3,2019-08-09,20.6,42.9,37.8
AMAT,C3,2019-08-15,32.2,37.8,37.7
AMAT,C3,2019-10-14,22.1,-6.3,19.0
AMAT,C3,2019-10-18,24.1,-0.6,16.7
AMAT,C3,2019-10-24,9.0,-14.3,19.4
AMAT,C3,2019-10-30,14.5,-6.6,27.4
AMAT,C3,2019-11-05,13.0,-7.2,35.1
AMAT,C3,2019-11-11,18.5,-1.3,37.9
AMAT,C3,2019-11-15,4.2,-10.2,35.5
AMAT,C3,2019-11-21,1.3,-0.6,54.6
AMAT,C3,2019-11-27,4.2,4.0,52.7
AMAT,C3,2019-12-04,0.5,-0.5,59.9
AMAT,C3,2020-02-03,-15.2,7.2,98.0
AMAT,C3,2020-11-05,51.8,79.3,124.9
AMAT,C3,2020-11-11,63.1,84.0,111.0
AMAT,C3,2020-11-17,56.6,85.3,99.9
AMAT,C3,2020-11-23,52.2,73.3,84.4
AMAT,C3,2020-11-30,37.8,65.3,86.5
AMAT,C3,2020-12-04,32.2,57.1,66.3
AMAT,C3,2020-12-10,36.7,49.9,74.5
AMAT,C3,2020-12-16,31.7,56.7,83.1
AMAT,C3,2020-12-22,47.1,66.9,86.2
AMAT,C3,2020-12-29,70.1,60.6,78.8
AMAT,C3,2021-01-05,55.3,52.7,87.7
AMAT,C3,2021-01-11,37.5,31.8,38.9
AMAT,C3,2021-01-15,31.2,34.7,27.1
AMAT,C3,2021-01-22,28.9,29.8,33.3
AMAT,C3,2021-01-28,31.6,41.7,38.1
AMAT,C3,2021-02-03,33.4,38.7,33.0
AMAT,C3,2021-02-09,14.0,25.4,27.4
AMAT,C3,2021-02-16,5.7,7.9,15.7
AMAT,C3,2021-02-22,19.6,15.6,14.4
AMAT,C3,2021-02-26,17.1,13.3,9.6
AMAT,C3,2021-03-04,28.6,23.8,15.7
AMAT,C3,2021-03-10,21.6,24.8,19.9
AMAT,C3,2021-03-30,9.0,-0.9,-4.7
AMAT,C3,2021-04-06,-4.9,-9.2,-18.2
AMAT,C3,2021-04-12,0.7,-1.8,-13.7
AMAT,C3,2021-04-16,-1.1,0.5,-18.1
AMAT,C3,2021-04-22,5.3,0.5,-13.0
AMAT,C3,2021-04-28,3.3,3.2,-21.5
AMAT,C3,2021-06-18,3.2,16.5,-30.1
AMAT,C3,2021-06-24,3.4,16.8,-33.9
AMAT,C3,2021-09-01,9.4,-3.3,-31.5
AMAT,C3,2023-02-01,-2.3,22.6,57.9
AMAT,C3,2023-02-07,-4.0,16.8,59.7
AMAT,C3,2023-02-13,8.1,28.3,76.0
AMAT,C3,2023-02-17,8.1,25.9,83.5
AMAT,C3,2023-03-22,17.9,14.2,72.6
AMAT,C3,2023-03-28,24.5,18.0,81.3
AMAT,C3,2023-04-03,14.4,15.1,72.7
AMAT,C3,2023-05-26,11.2,11.9,69.0
AMAT,C3,2023-06-02,14.0,10.7,77.4
AMAT,C3,2023-06-08,5.9,15.8,74.2
AMAT,C3,2023-06-14,-0.4,15.5,66.0
AMAT,C3,2023-06-21,-0.1,20.7,79.4
AMAT,C3,2023-06-27,-5.5,5.8,75.3
AMAT,C3,2023-07-03,-4.0,4.6,70.3
AMAT,C3,2023-07-10,0.8,8.1,60.2
AMAT,C3,2023-07-14,-1.0,18.2,45.8
AMAT,C3,2023-09-15,16.2,52.7,49.4
AMAT,C3,2023-09-21,20.1,53.1,48.8
AMAT,C3,2023-09-27,20.3,51.2,53.0
AMAT,C3,2023-10-03,9.2,53.6,40.8
AMAT,C3,2023-10-25,28.0,52.7,45.2
AMAT,C3,2023-10-31,29.5,57.3,42.1
AMAT,C3,2023-11-06,32.7,50.1,22.6
AMAT,C3,2023-12-01,40.5,51.0,12.6
AMAT,C3,2024-06-05,-20.4,-24.4,-23.4
AMAT,C3,2024-06-11,-17.9,-26.0,-19.4
AMAT,C3,2024-06-17,-18.8,-32.4,-21.0
AMAT,C3,2024-06-24,-14.0,-27.1,-14.2
AMAT,C3,2024-06-28,-16.3,-27.6,-14.8
AMAT,C3,2024-07-05,-17.3,-28.9,-19.9
AMAT,C3,2024-07-11,-14.8,-22.4,-22.3
AMAT,C3,2024-07-17,-16.6,-13.0,-17.4
AMAT,C3,2024-07-23,-16.7,-19.9,-18.1
AMAT,C3,2024-07-29,-7.3,-12.8,-7.5
AMAT,C3,2024-08-02,0.2,1.4,-9.2
AMAT,C3,2024-08-08,1.0,-10.8,-13.7
AMAT,C3,2025-11-03,35.9,82.0,
AMAT,C3,2025-11-07,43.0,80.3,
AMAT,C3,2025-11-13,66.2,94.5,
AMAT,C3,2025-11-19,68.5,92.3,
AMAT,C3,2025-12-30,35.8,127.0,
AMAT,C3,2026-01-06,35.1,96.2,
AMAT,C3,2026-01-12,27.1,,
AMAT,C3,2026-01-16,23.5,,
AMAT,C3,2026-01-23,18.4,,
AMAT,C3,2026-01-29,14.8,,
AMAT,C3,2026-02-04,46.5,,
AMAT,C3,2026-02-10,34.0,,
AMAT,C3,2026-03-20,65.2,,
AMAT,C3,2026-03-26,113.8,,
AMAT,C3,2026-04-21,,,
AMAT,C3,2026-04-27,,,
AMAT,C3,2026-05-01,,,
AMAT,C3,2026-05-07,,,
AMAT,C3,2026-05-13,,,
AMAT,C3,2026-05-19,,,
AMAT,C3,2026-05-26,,,
AMAT,C3,2026-06-01,,,
AMAT,C3,2026-06-05,,,
AMAT,C3,2026-06-11,,,
AMAT,C3,2026-06-17,,,
AMAT,C3,2026-06-24,,,
AMAT,C3,2026-06-30,,,
AMAT,C3,2026-07-07,,,
AMAT,C3,2026-07-13,,,
AMAT,C3,2026-07-17,,,
LRCX,L2,2020-10-12,50.4,77.3,56.1
LRCX,C2,2018-01-15,-7.3,-13.6,-27.3
LRCX,C2,2018-02-12,4.3,-8.9,-1.5
LRCX,C2,2018-06-18,-10.3,-26.2,7.5
LRCX,C2,2019-07-15,18.3,56.6,77.9
LRCX,C2,2019-08-12,39.0,67.0,85.7
LRCX,C2,2019-09-09,20.8,12.2,27.2
LRCX,C2,2019-10-07,24.7,10.1,55.8
LRCX,C2,2019-11-04,16.2,-1.7,52.9
LRCX,C2,2019-12-02,9.6,14.2,88.7
LRCX,C2,2019-12-30,-25.5,10.9,62.9
LRCX,C2,2020-01-27,-20.7,27.7,65.0
LRCX,C2,2020-02-24,-6.2,20.7,96.5
LRCX,C2,2020-03-23,25.9,37.5,145.3
LRCX,C2,2020-10-19,59.7,78.2,58.8
LRCX,C2,2020-11-16,38.4,42.3,50.0
LRCX,C2,2020-12-14,13.0,27.9,40.4
LRCX,C2,2021-01-11,17.9,8.0,34.5
LRCX,C2,2021-02-08,3.1,-0.5,-3.6
LRCX,C2,2021-03-08,22.6,14.5,-7.1
LRCX,C2,2021-04-05,-7.2,-16.5,-25.0
LRCX,C2,2021-05-03,3.0,-2.7,-23.4
LRCX,C2,2021-05-31,-6.6,1.4,-20.8
LRCX,C2,2021-06-28,-9.6,14.4,-36.8
LRCX,C2,2021-07-26,-11.4,-11.6,-20.6
LRCX,C2,2021-08-23,5.6,-5.5,-24.8
LRCX,C2,2023-03-27,21.6,18.9,85.2
LRCX,C2,2023-04-24,38.0,12.1,78.5
LRCX,C2,2023-05-22,5.4,14.9,56.1
LRCX,C2,2023-06-19,2.0,28.9,74.2
LRCX,C2,2023-07-17,-3.4,33.3,48.5
LRCX,C2,2023-08-14,7.6,42.6,34.7
LRCX,C2,2023-09-11,24.5,46.8,24.4
LRCX,C2,2023-10-09,18.1,49.1,29.8
LRCX,C2,2023-11-06,33.4,34.2,15.2
LRCX,C2,2023-12-04,36.4,37.6,10.0
LRCX,C2,2024-01-01,32.5,49.1,3.6
LRCX,C2,2024-01-29,8.6,-8.7,-2.4
LRCX,C2,2024-02-26,-4.8,-16.0,-21.0
LRCX,C2,2024-03-25,9.8,-14.4,-24.4
LRCX,C2,2024-04-22,-3.1,-15.6,-22.0
LRCX,C2,2024-05-20,-12.5,-24.8,-15.6
LRCX,C2,2024-06-17,-26.2,-31.2,-12.8
LRCX,C2,2024-07-15,-20.3,-11.9,11.0
LRCX,C2,2024-08-12,-19.3,-4.4,15.6
LRCX,C2,2024-09-09,-0.3,3.2,53.7
LRCX,C2,2026-04-27,,,
LRCX,C2,2026-05-25,,,
LRCX,C2,2026-06-22,,,
LRCX,L3,2018-02-01,2.6,1.3,-2.0
LRCX,L3,2019-07-09,28.0,63.9,97.0
LRCX,L3,2019-10-03,29.9,13.9,66.4
LRCX,L3,2019-11-05,15.6,-9.8,60.9
LRCX,L3,2020-01-13,-8.4,20.2,94.1
LRCX,L3,2020-11-04,39.2,54.5,68.3
LRCX,L3,2021-02-05,16.5,15.0,17.1
LRCX,L3,2021-04-15,-8.7,-11.7,-28.9
LRCX,L3,2021-06-10,-4.8,6.7,-32.7
LRCX,L3,2021-08-09,-2.7,-12.2,-24.7
LRCX,L3,2023-04-04,24.8,26.5,82.8
LRCX,L3,2023-04-27,38.3,17.6,76.8
LRCX,L3,2023-07-11,3.9,23.6,56.5
LRCX,L3,2023-10-19,41.3,54.5,24.7
LRCX,L3,2023-12-12,26.8,45.7,2.0
LRCX,L3,2024-05-31,-17.9,-18.9,1.3
LRCX,L3,2026-04-21,,,
LRCX,C3,2018-02-02,9.1,3.9,3.4
LRCX,C3,2018-02-08,26.1,7.4,12.9
LRCX,C3,2018-02-14,7.1,-4.0,-1.7
LRCX,C3,2019-07-12,24.2,61.5,89.1
LRCX,C3,2019-07-18,18.5,59.1,85.6
LRCX,C3,2019-07-24,23.0,38.7,80.9
LRCX,C3,2019-07-30,32.0,55.4,81.3
LRCX,C3,2019-08-05,44.3,66.8,96.8
LRCX,C3,2019-10-07,28.9,18.6,60.1
LRCX,C3,2019-10-11,26.4,13.7,53.8
LRCX,C3,2019-10-17,32.4,14.1,46.2
LRCX,C3,2019-11-07,22.6,-7.2,59.9
LRCX,C3,2019-11-13,23.1,-3.3,66.8
LRCX,C3,2019-11-19,6.0,-2.6,72.1
LRCX,C3,2019-11-25,12.1,7.7,92.5
LRCX,C3,2020-01-14,-6.7,19.9,86.8
LRCX,C3,2020-01-21,-14.0,17.2,65.1
LRCX,C3,2020-01-27,-4.1,29.7,76.4
LRCX,C3,2020-01-31,-18.1,28.0,95.0
LRCX,C3,2020-02-06,-18.5,19.1,81.5
LRCX,C3,2020-02-12,-24.3,13.1,81.3
LRCX,C3,2020-02-19,-21.4,6.2,74.6
LRCX,C3,2020-02-25,-8.1,21.2,74.8
LRCX,C3,2020-03-02,-3.9,14.9,77.6
LRCX,C3,2020-11-05,33.6,51.6,59.3
LRCX,C3,2020-11-11,38.5,48.5,57.5
LRCX,C3,2020-11-17,30.6,48.5,58.9
LRCX,C3,2020-11-23,33.8,45.3,50.2
LRCX,C3,2020-11-30,21.3,41.5,57.4
LRCX,C3,2020-12-04,7.4,30.7,35.8
LRCX,C3,2020-12-10,13.1,25.5,42.3
LRCX,C3,2020-12-16,10.6,29.3,48.7
LRCX,C3,2020-12-22,19.9,37.0,50.6
LRCX,C3,2020-12-29,40.0,30.2,41.7
LRCX,C3,2021-01-05,34.2,26.9,48.9
LRCX,C3,2021-02-09,11.0,12.0,8.9
LRCX,C3,2021-02-16,2.0,-3.9,-2.3
LRCX,C3,2021-02-22,13.1,3.5,-3.4
LRCX,C3,2021-02-26,14.7,6.2,-8.0
LRCX,C3,2021-03-04,23.1,10.8,-7.2
LRCX,C3,2021-04-20,3.9,-8.8,-23.3
LRCX,C3,2021-04-26,-1.1,-11.6,-24.4
LRCX,C3,2021-04-30,4.2,-5.9,-27.2
LRCX,C3,2021-05-06,3.9,1.2,-16.2
LRCX,C3,2021-05-12,4.3,13.5,-12.5
LRCX,C3,2021-05-18,-1.1,10.7,-8.3
LRCX,C3,2021-06-16,-4.7,4.0,-30.6
LRCX,C3,2021-06-22,-1.5,16.9,-36.8
LRCX,C3,2021-08-10,-1.6,-9.1,-25.0
LRCX,C3,2021-08-16,8.0,-2.8,-22.2
LRCX,C3,2021-08-20,14.5,1.7,-22.8
LRCX,C3,2021-08-26,16.5,-6.7,-24.1
LRCX,C3,2023-03-10,31.5,31.4,107.2
LRCX,C3,2023-03-16,19.6,19.2,90.6
LRCX,C3,2023-04-28,31.2,19.6,76.5
LRCX,C3,2023-05-04,36.2,27.2,86.0
LRCX,C3,2023-05-10,26.9,32.6,85.1
LRCX,C3,2023-05-16,17.1,29.4,72.4
LRCX,C3,2023-05-22,12.4,24.2,59.4
LRCX,C3,2023-05-26,9.6,15.6,61.4
LRCX,C3,2023-06-02,13.8,16.0,70.6
LRCX,C3,2023-06-08,6.8,20.6,73.1
LRCX,C3,2023-06-14,1.2,24.7,69.2
LRCX,C3,2023-06-21,2.5,32.1,80.5
LRCX,C3,2023-07-17,-1.2,27.0,36.5
LRCX,C3,2023-07-21,-3.6,35.3,23.5
LRCX,C3,2023-07-27,-16.5,19.2,15.0
LRCX,C3,2023-08-02,-8.9,24.4,24.5
LRCX,C3,2023-08-08,-6.7,29.0,25.2
LRCX,C3,2023-08-14,4.5,35.7,23.9
LRCX,C3,2023-08-18,10.5,44.6,27.0
LRCX,C3,2023-08-24,10.5,50.5,13.0
LRCX,C3,2023-08-30,5.5,45.7,10.0
LRCX,C3,2023-09-06,2.0,34.2,10.0
LRCX,C3,2023-10-23,40.3,49.9,24.9
LRCX,C3,2023-10-27,42.9,59.1,35.2
LRCX,C3,2023-11-02,36.5,47.6,21.2
LRCX,C3,2023-12-14,24.0,34.1,-3.4
LRCX,C3,2023-12-20,28.4,41.6,0.5
LRCX,C3,2023-12-27,21.9,37.4,-5.1
LRCX,C3,2024-01-03,31.5,44.4,8.6
LRCX,C3,2024-01-09,27.5,29.2,9.1
LRCX,C3,2024-01-16,17.0,26.6,-0.3
LRCX,C3,2024-01-22,6.4,7.5,-3.2
LRCX,C3,2024-01-26,6.8,-8.7,0.8
LRCX,C3,2024-02-01,11.3,-3.6,0.4
LRCX,C3,2024-02-07,8.1,0.0,2.4
LRCX,C3,2024-02-13,5.9,-2.9,-13.8
LRCX,C3,2024-02-20,7.5,-8.7,-11.0
LRCX,C3,2024-02-26,1.8,-12.2,-20.8
LRCX,C3,2024-03-01,-5.8,-24.9,-19.2
LRCX,C3,2024-03-07,1.1,-24.5,-22.7
LRCX,C3,2024-03-13,11.8,-18.0,-18.4
LRCX,C3,2024-03-19,13.0,-14.6,-19.9
LRCX,C3,2024-03-25,8.9,-15.6,-37.3
LRCX,C3,2024-06-04,-20.3,-15.7,1.3
LRCX,C3,2024-06-10,-25.3,-23.4,-3.0
LRCX,C3,2024-06-14,-26.7,-30.7,-5.3
LRCX,C3,2024-06-21,-24.5,-29.1,-3.8
LRCX,C3,2024-06-27,-22.5,-31.0,-4.5
LRCX,C3,2024-07-03,-24.5,-28.4,-5.9
LRCX,C3,2024-07-10,-27.0,-32.0,-12.2
LRCX,C3,2024-07-16,-30.9,-22.2,-6.8
LRCX,C3,2024-07-22,-25.1,-23.3,0.1
LRCX,C3,2024-07-26,-15.4,-9.8,15.3
LRCX,C3,2024-08-01,-9.6,-0.2,21.2
LRCX,C3,2024-08-07,6.2,12.0,33.1
LRCX,C3,2026-04-23,,,
LRCX,C3,2026-04-29,,,
LRCX,C3,2026-05-05,,,
LRCX,C3,2026-05-11,,,
LRCX,C3,2026-05-15,,,
LRCX,C3,2026-05-21,,,
LRCX,C3,2026-05-28,,,
LRCX,C3,2026-06-03,,,
LRCX,C3,2026-06-09,,,
LRCX,C3,2026-06-15,,,
LRCX,C3,2026-06-22,,,
LRCX,C3,2026-06-26,,,
LRCX,C3,2026-07-02,,,
LRCX,C3,2026-07-09,,,
KLAC,L2,2018-05-28,1.0,-13.7,-8.4
KLAC,L2,2018-09-03,-10.8,11.0,49.0
KLAC,L2,2020-10-12,46.5,60.8,60.0
KLAC,L2,2021-10-18,9.0,-5.0,-14.2
KLAC,L2,2024-05-20,5.2,-17.5,-1.9
KLAC,C2,2018-01-08,0.9,-1.0,-10.0
KLAC,C2,2018-02-05,10.7,14.6,7.5
KLAC,C2,2018-03-05,-5.1,-12.9,-3.2
KLAC,C2,2018-06-25,-0.2,-12.3,18.6
KLAC,C2,2018-09-24,-12.1,19.2,60.2
KLAC,C2,2019-07-22,22.5,30.0,37.7
KLAC,C2,2019-08-19,14.4,16.9,49.4
KLAC,C2,2019-09-16,14.7,-26.0,17.3
KLAC,C2,2019-10-14,12.5,1.9,33.0
KLAC,C2,2019-11-11,-0.9,-4.9,35.1
KLAC,C2,2019-12-09,-14.7,8.9,53.2
KLAC,C2,2020-01-06,-12.8,18.1,66.6
KLAC,C2,2020-02-03,4.4,24.1,77.6
KLAC,C2,2020-03-02,24.2,25.3,93.1
KLAC,C2,2020-03-30,54.3,51.4,175.7
KLAC,C2,2020-10-19,50.7,64.5,71.0
KLAC,C2,2020-11-16,36.7,28.6,76.1
KLAC,C2,2020-12-14,12.0,16.8,51.1
KLAC,C2,2021-01-11,9.8,-3.0,48.0
KLAC,C2,2021-02-08,-7.3,-0.3,12.9
KLAC,C2,2021-03-08,9.1,19.9,11.1
KLAC,C2,2021-04-05,-12.2,-7.0,-2.2
KLAC,C2,2021-05-03,10.9,31.2,4.8
KLAC,C2,2021-05-31,8.2,27.1,15.7
KLAC,C2,2021-06-28,7.8,38.7,-3.9
KLAC,C2,2021-11-01,-9.2,-20.1,-20.3
KLAC,C2,2021-11-29,-16.9,-9.0,-1.5
KLAC,C2,2021-12-27,-16.0,-30.7,-11.2
KLAC,C2,2022-01-24,-12.7,5.2,10.3
KLAC,C2,2022-02-21,4.2,1.1,7.6
KLAC,C2,2022-03-21,-7.0,-15.5,3.7
KLAC,C2,2023-02-13,9.6,24.0,72.4
KLAC,C2,2023-03-13,20.3,17.9,78.3
KLAC,C2,2023-04-10,27.0,30.6,83.5
KLAC,C2,2024-06-03,-8.4,-15.3,6.1
KLAC,C2,2024-07-01,-7.8,-22.8,9.1
KLAC,C2,2024-07-29,-3.7,6.5,28.5
KLAC,C2,2024-08-26,-20.8,-13.1,7.4
KLAC,C2,2024-09-23,-17.4,-13.5,37.3
KLAC,C2,2024-10-21,11.7,3.7,77.4
KLAC,C2,2025-12-08,19.0,113.7,
KLAC,C2,2026-01-05,24.3,65.8,
KLAC,C2,2026-02-02,29.7,,
KLAC,C2,2026-03-02,43.7,,
KLAC,C2,2026-03-30,55.5,,
KLAC,C2,2026-04-27,,,
KLAC,C2,2026-05-25,,,
KLAC,C2,2026-06-22,,,
KLAC,L3,2018-01-09,-0.9,-1.8,-13.6
KLAC,L3,2018-06-13,-6.9,-19.1,6.4
KLAC,L3,2019-07-09,34.5,50.2,75.9
KLAC,L3,2020-01-17,-10.8,6.3,59.5
KLAC,L3,2020-04-21,37.9,38.0,112.8
KLAC,L3,2020-11-05,31.0,35.3,86.9
KLAC,L3,2021-02-05,4.5,14.7,35.8
KLAC,L3,2021-03-26,2.0,5.2,8.8
KLAC,L3,2021-06-10,11.7,25.8,2.8
KLAC,L3,2022-01-18,-18.4,-15.7,-3.7
KLAC,L3,2023-04-04,19.4,21.4,69.6
KLAC,L3,2024-06-10,-7.5,-17.3,13.5
KLAC,L3,2024-09-17,-14.5,-4.1,54.1
KLAC,L3,2024-10-21,4.6,4.8,78.9
KLAC,L3,2026-01-26,17.9,,
KLAC,L3,2026-03-31,58.7,,
KLAC,L3,2026-07-08,,,
KLAC,C3,2018-01-10,3.0,5.0,-5.0
KLAC,C3,2018-06-15,-7.6,-22.8,7.8
KLAC,C3,2018-06-21,-4.8,-18.8,10.0
KLAC,C3,2018-06-27,1.7,-13.5,22.7
KLAC,C3,2018-07-03,0.4,-6.6,27.1
KLAC,C3,2018-09-06,-13.3,13.2,50.7
KLAC,C3,2019-07-10,32.3,49.9,73.6
KLAC,C3,2019-07-16,31.0,47.5,64.1
KLAC,C3,2019-07-22,19.4,25.5,48.7
KLAC,C3,2019-07-26,26.0,20.1,49.0
KLAC,C3,2019-08-01,26.8,26.9,55.2
KLAC,C3,2019-08-07,28.9,32.6,61.8
KLAC,C3,2019-08-13,31.1,29.3,57.9
KLAC,C3,2019-08-19,26.0,6.1,51.5
KLAC,C3,2019-08-23,18.0,15.2,47.5
KLAC,C3,2019-08-29,10.6,7.4,20.5
KLAC,C3,2019-09-05,8.4,-16.2,22.0
KLAC,C3,2019-09-11,14.4,-11.5,24.0
KLAC,C3,2019-09-17,15.4,-9.8,29.1
KLAC,C3,2019-09-23,13.6,-4.2,24.1
KLAC,C3,2019-09-27,13.0,-18.5,32.9
KLAC,C3,2019-10-03,13.0,-3.4,40.2
KLAC,C3,2019-10-09,11.7,0.4,33.1
KLAC,C3,2019-10-15,10.5,-1.4,24.7
KLAC,C3,2019-10-21,9.9,2.4,22.5
KLAC,C3,2019-10-25,2.2,-9.7,36.8
KLAC,C3,2019-10-31,1.8,2.4,40.8
KLAC,C3,2019-11-06,0.8,3.5,43.4
KLAC,C3,2019-11-12,-2.5,3.5,46.8
KLAC,C3,2019-11-18,-12.7,0.8,44.9
KLAC,C3,2019-11-22,-2.5,13.0,69.4
KLAC,C3,2019-11-29,-3.9,18.2,59.0
KLAC,C3,2020-01-24,-6.9,11.4,67.0
KLAC,C3,2020-01-30,-11.7,19.1,75.2
KLAC,C3,2020-02-05,0.6,18.2,96.3
KLAC,C3,2020-04-22,19.2,26.5,97.1
KLAC,C3,2020-11-06,40.6,29.7,85.5
KLAC,C3,2020-11-12,40.3,34.2,79.9
KLAC,C3,2020-11-18,37.0,32.5,73.5
KLAC,C3,2020-11-24,24.2,24.1,69.5
KLAC,C3,2020-12-01,7.1,23.1,57.6
KLAC,C3,2020-12-07,10.6,20.9,48.5
KLAC,C3,2020-12-11,12.4,20.6,65.2
KLAC,C3,2020-12-17,15.0,22.5,66.4
KLAC,C3,2020-12-23,25.8,24.0,68.4
KLAC,C3,2020-12-30,33.6,17.2,65.5
KLAC,C3,2021-02-08,-4.9,9.5,22.8
KLAC,C3,2021-02-12,-10.9,-2.0,9.4
KLAC,C3,2021-02-19,-3.7,1.6,5.9
KLAC,C3,2021-02-25,4.3,12.2,6.8
KLAC,C3,2021-03-03,4.7,13.2,6.5
KLAC,C3,2021-03-09,8.9,21.7,25.6
KLAC,C3,2021-03-29,3.5,7.3,13.6
KLAC,C3,2021-04-05,-13.3,-6.5,-4.1
KLAC,C3,2021-04-09,-11.4,-8.6,-0.9
KLAC,C3,2021-04-15,-12.8,-1.3,-6.0
KLAC,C3,2021-04-21,-3.0,4.1,-0.4
KLAC,C3,2021-04-27,-3.1,13.5,1.4
KLAC,C3,2021-05-03,14.0,32.3,2.6
KLAC,C3,2021-06-16,17.4,22.7,5.7
KLAC,C3,2021-06-22,20.6,43.4,-3.1
KLAC,C3,2021-10-19,12.6,-4.7,-3.6
KLAC,C3,2021-10-25,5.7,-4.3,-3.3
KLAC,C3,2021-10-29,6.4,-10.6,-0.0
KLAC,C3,2021-11-04,-5.6,-22.4,-8.0
KLAC,C3,2021-11-10,-9.2,-16.7,-4.0
KLAC,C3,2021-11-16,-15.1,-21.5,-10.4
KLAC,C3,2021-11-22,-12.1,-10.0,-3.5
KLAC,C3,2021-11-29,-17.0,-11.9,-3.7
KLAC,C3,2021-12-03,-15.0,-16.2,-2.7
KLAC,C3,2021-12-09,-18.4,-23.7,-1.8
KLAC,C3,2021-12-15,-12.8,-21.3,-9.1
KLAC,C3,2021-12-21,-10.3,-21.2,-5.9
KLAC,C3,2022-01-19,-17.3,-7.6,5.6
KLAC,C3,2022-01-25,-9.8,4.0,14.1
KLAC,C3,2022-01-31,-10.0,0.2,5.1
KLAC,C3,2023-01-31,-4.6,27.9,65.3
KLAC,C3,2023-04-05,20.8,27.2,70.7
KLAC,C3,2023-04-12,32.9,32.2,79.3
KLAC,C3,2024-06-11,-5.7,-17.4,14.2
KLAC,C3,2024-06-17,-8.8,-25.5,9.5
KLAC,C3,2024-06-24,-2.6,-18.4,17.4
KLAC,C3,2024-06-28,-8.4,-19.9,14.6
KLAC,C3,2024-07-05,-8.4,-19.8,10.7
KLAC,C3,2024-07-11,-5.6,-12.0,6.7
KLAC,C3,2024-07-17,-14.1,-2.2,13.5
KLAC,C3,2024-07-23,-17.6,-11.3,11.0
KLAC,C3,2024-07-29,-10.4,-3.3,21.3
KLAC,C3,2024-08-02,-4.5,8.4,28.4
KLAC,C3,2024-09-19,-18.3,-12.4,44.0
KLAC,C3,2024-09-25,-16.3,-19.2,37.8
KLAC,C3,2024-10-01,-12.6,-6.2,45.6
KLAC,C3,2024-10-24,11.8,4.6,80.9
KLAC,C3,2026-01-27,8.4,,
KLAC,C3,2026-02-02,28.9,,
KLAC,C3,2026-02-06,25.7,,
KLAC,C3,2026-02-12,21.4,,
KLAC,C3,2026-02-19,28.6,,
KLAC,C3,2026-02-25,24.4,,
KLAC,C3,2026-03-03,48.0,,
KLAC,C3,2026-04-07,49.7,,
KLAC,C3,2026-04-13,24.2,,
KLAC,C3,2026-04-17,,,
KLAC,C3,2026-04-23,,,
KLAC,C3,2026-04-29,,,
KLAC,C3,2026-05-05,,,
KLAC,C3,2026-05-11,,,
KLAC,C3,2026-05-15,,,
KLAC,C3,2026-07-09,,,
QCOM,L2,2019-12-09,-13.0,-1.4,68.5
QCOM,L2,2021-09-06,29.4,7.6,-5.7
QCOM,C2,2017-12-11,-5.6,-5.8,-7.5
QCOM,C2,2018-01-08,-14.0,-9.0,-8.6
QCOM,C2,2018-02-05,-12.9,3.2,-18.3
QCOM,C2,2018-11-12,-6.0,49.1,69.0
QCOM,C2,2018-12-10,-0.6,21.8,58.1
QCOM,C2,2019-07-29,18.4,21.8,53.1
QCOM,C2,2020-01-06,-20.1,4.1,78.0
QCOM,C2,2020-02-03,-7.1,25.8,71.1
QCOM,C2,2020-03-02,15.2,51.7,71.2
QCOM,C2,2020-03-30,41.9,79.3,116.0
QCOM,C2,2020-11-16,-0.3,-9.2,29.1
QCOM,C2,2020-12-14,-10.7,-8.9,22.1
QCOM,C2,2021-01-11,-11.6,-10.2,22.3
QCOM,C2,2021-02-08,-11.6,1.4,13.3
QCOM,C2,2021-03-08,4.1,10.8,19.3
QCOM,C2,2021-04-05,1.1,-9.1,-1.0
QCOM,C2,2021-05-03,6.7,19.4,3.8
QCOM,C2,2021-09-13,32.8,16.2,-4.7
QCOM,C2,2021-10-11,45.5,6.0,-14.0
QCOM,C2,2024-06-17,-20.1,-27.3,-27.2
QCOM,C2,2024-07-15,-7.7,-10.7,-15.0
QCOM,C2,2024-08-12,-6.3,1.1,-6.3
QCOM,C2,2025-12-08,-26.7,20.0,
QCOM,C2,2026-01-05,-27.5,7.5,
QCOM,C2,2026-02-02,60.5,,
QCOM,L3,2017-12-11,-6.2,-8.2,-14.4
QCOM,L3,2018-01-12,-14.8,-8.6,-19.5
QCOM,L3,2020-01-27,-8.6,23.2,71.8
QCOM,L3,2020-11-04,13.8,-0.5,43.6
QCOM,L3,2021-04-16,1.5,-3.4,-0.5
QCOM,L3,2024-07-05,-18.4,-22.9,-21.0
QCOM,L3,2024-07-23,-13.4,-10.3,-22.9
QCOM,L3,2025-12-24,-25.8,7.8,
QCOM,C3,2017-12-12,-9.2,-7.6,-10.3
QCOM,C3,2017-12-18,-17.2,-12.0,-8.7
QCOM,C3,2017-12-22,-13.7,-11.5,-10.1
QCOM,C3,2018-01-18,-25.1,-11.0,-24.4
QCOM,C3,2018-01-24,-24.2,-3.9,-21.9
QCOM,C3,2018-01-30,-24.3,-0.0,-19.8
QCOM,C3,2018-02-05,-13.1,7.0,-12.4
QCOM,C3,2018-02-09,-12.3,4.7,-13.9
QCOM,C3,2019-12-13,-25.4,3.1,73.7
QCOM,C3,2019-12-19,-28.1,1.0,76.6
QCOM,C3,2020-01-30,-13.1,28.9,70.0
QCOM,C3,2020-02-05,-10.7,21.6,63.3
QCOM,C3,2020-11-09,4.2,-8.8,32.2
QCOM,C3,2020-11-13,0.9,-7.0,24.1
QCOM,C3,2020-11-19,-7.7,-8.0,22.7
QCOM,C3,2020-11-25,-7.8,-5.4,29.6
QCOM,C3,2020-12-02,-13.5,-9.6,23.6
QCOM,C3,2020-12-08,-16.7,-14.2,13.3
QCOM,C3,2020-12-14,-10.0,-6.7,29.7
QCOM,C3,2020-12-18,-13.3,-4.3,26.3
QCOM,C3,2020-12-24,-10.5,-3.2,27.3
QCOM,C3,2020-12-31,-8.0,-6.2,24.6
QCOM,C3,2021-01-07,-11.4,-8.2,12.8
QCOM,C3,2021-01-13,-13.7,-8.8,7.0
QCOM,C3,2021-01-20,-17.3,-13.5,8.7
QCOM,C3,2021-01-26,-11.8,-7.5,12.4
QCOM,C3,2021-02-01,-16.3,-8.6,9.7
QCOM,C3,2021-02-05,-11.6,1.9,20.5
QCOM,C3,2021-04-20,7.3,-0.4,6.6
QCOM,C3,2021-04-26,3.0,-2.9,3.7
QCOM,C3,2021-04-30,7.1,0.7,-3.0
QCOM,C3,2021-05-06,8.6,23.8,4.5
QCOM,C3,2021-05-12,19.9,36.5,7.9
QCOM,C3,2021-05-18,9.6,44.9,10.3
QCOM,C3,2024-07-11,-14.5,-18.4,-19.0
QCOM,C3,2024-07-26,-3.9,-4.5,-16.0
QCOM,C3,2024-08-01,1.3,3.5,-1.6
QCOM,C3,2024-08-07,11.3,11.4,0.9
QCOM,C3,2025-12-29,-26.4,8.7,
QCOM,C3,2026-01-05,-27.1,2.0,
SNPS,L2,2020-10-26,19.4,15.5,55.8
SNPS,L2,2021-10-04,13.3,9.7,5.3
SNPS,L2,2024-01-15,-1.3,8.9,1.8
SNPS,C2,2017-08-14,14.4,15.3,20.9
SNPS,C2,2017-09-11,10.1,10.4,28.7
SNPS,C2,2017-10-09,6.8,-0.9,4.1
SNPS,C2,2017-11-06,-3.4,4.3,7.0
SNPS,C2,2017-12-04,-0.9,0.0,-3.0
SNPS,C2,2018-01-01,-8.5,-0.8,-5.7
SNPS,C2,2018-01-29,-2.7,1.1,5.1
SNPS,C2,2018-10-22,6.9,37.3,56.7
SNPS,C2,2018-11-19,19.5,36.4,58.2
SNPS,C2,2019-07-15,-0.0,12.5,45.4
SNPS,C2,2019-08-12,8.3,26.6,52.1
SNPS,C2,2019-09-09,1.5,-3.5,48.7
SNPS,C2,2019-10-07,7.1,-1.5,60.8
SNPS,C2,2019-11-04,13.3,17.6,77.5
SNPS,C2,2019-12-02,2.6,36.3,76.5
SNPS,C2,2019-12-30,-12.1,39.4,82.9
SNPS,C2,2020-11-16,22.7,10.8,63.8
SNPS,C2,2020-12-14,-10.6,4.3,36.5
SNPS,C2,2021-01-11,0.7,6.8,26.0
SNPS,C2,2021-02-08,-17.9,0.4,1.1
SNPS,C2,2021-03-08,14.7,44.9,28.0
SNPS,C2,2021-04-05,7.2,11.4,22.1
SNPS,C2,2021-05-03,20.9,40.9,13.6
SNPS,C2,2021-10-25,-11.1,-13.9,-11.2
SNPS,C2,2021-11-22,-9.1,-5.6,-2.8
SNPS,C2,2021-12-20,-12.9,-13.3,-12.5
SNPS,C2,2022-01-17,-6.0,11.5,12.9
SNPS,C2,2022-02-14,6.6,26.2,23.2
SNPS,C2,2022-03-14,-6.9,-1.3,17.1
SNPS,C2,2023-05-29,2.5,21.5,24.8
SNPS,C2,2023-06-26,5.4,18.3,36.7
SNPS,C2,2023-07-24,1.4,17.1,21.2
SNPS,C2,2024-01-22,2.9,3.5,3.4
SNPS,C2,2024-02-19,2.0,-6.3,-17.5
SNPS,C2,2024-03-18,1.9,-14.7,-24.5
SNPS,C2,2024-04-15,10.3,-0.7,-19.1
SNPS,C2,2024-05-13,-3.1,-8.1,-9.2
SNPS,C2,2024-06-10,-17.0,-13.9,-18.9
SNPS,C2,2024-07-08,-12.1,-19.8,-8.9
SNPS,C2,2024-08-05,7.0,0.2,18.0
SNPS,L3,2017-12-07,-2.8,0.3,-7.3
SNPS,L3,2019-09-13,1.5,-18.3,49.7
SNPS,L3,2019-10-29,9.9,14.7,71.0
SNPS,L3,2019-11-26,0.0,30.3,70.5
SNPS,L3,2020-11-06,18.6,-2.4,45.6
SNPS,L3,2021-01-13,-2.5,8.2,13.4
SNPS,L3,2021-04-21,12.9,28.3,15.1
SNPS,L3,2021-11-30,-9.4,-3.4,-2.0
SNPS,L3,2023-06-06,3.4,25.3,39.8
SNPS,L3,2024-01-25,1.5,0.7,-2.0
SNPS,L3,2024-02-16,3.4,-2.4,-19.4
SNPS,L3,2024-03-28,6.7,-13.3,-26.3
SNPS,L3,2024-05-22,-8.2,-3.3,-15.2
SNPS,C3,2017-08-15,12.0,13.1,30.6
SNPS,C3,2017-08-21,14.7,9.0,31.0
SNPS,C3,2017-08-25,14.4,9.6,30.0
SNPS,C3,2017-08-31,9.1,11.6,27.8
SNPS,C3,2017-09-07,13.4,10.1,24.0
SNPS,C3,2017-09-13,11.2,9.5,25.0
SNPS,C3,2017-09-19,7.3,2.1,20.6
SNPS,C3,2017-09-25,7.9,2.8,17.4
SNPS,C3,2017-09-29,8.1,1.5,6.5
SNPS,C3,2017-10-05,9.3,2.1,9.1
SNPS,C3,2017-10-11,7.7,1.5,11.5
SNPS,C3,2017-10-17,11.0,0.0,3.8
SNPS,C3,2017-12-08,-3.0,-0.0,-10.7
SNPS,C3,2017-12-14,-1.6,0.2,-4.9
SNPS,C3,2017-12-20,-4.8,-2.4,-3.7
SNPS,C3,2017-12-27,-4.7,1.7,2.5
SNPS,C3,2018-01-03,-6.1,2.4,2.2
SNPS,C3,2019-07-10,0.5,7.7,45.2
SNPS,C3,2019-07-16,2.1,13.0,45.0
SNPS,C3,2019-07-22,-2.4,11.0,47.1
SNPS,C3,2019-07-26,0.1,7.6,47.5
SNPS,C3,2019-08-01,2.7,16.8,46.6
SNPS,C3,2019-08-07,6.4,25.6,57.5
SNPS,C3,2019-08-13,5.4,24.9,61.8
SNPS,C3,2019-08-19,9.1,9.4,68.9
SNPS,C3,2019-09-19,2.0,-6.7,56.0
SNPS,C3,2019-09-25,0.9,-9.6,53.8
SNPS,C3,2019-10-01,4.2,-0.4,68.3
SNPS,C3,2019-11-01,13.7,18.7,64.4
SNPS,C3,2019-12-03,-5.6,40.1,76.7
SNPS,C3,2019-12-09,-1.8,40.8,92.8
SNPS,C3,2019-12-13,-15.9,41.4,87.5
SNPS,C3,2020-11-10,32.5,8.2,58.7
SNPS,C3,2020-11-16,14.5,15.1,60.1
SNPS,C3,2020-11-20,12.2,16.2,57.7
SNPS,C3,2020-11-27,1.9,12.1,57.3
SNPS,C3,2021-01-15,-2.5,10.1,10.2
SNPS,C3,2021-01-22,-6.8,5.7,16.8
SNPS,C3,2021-01-28,-5.5,12.5,19.3
SNPS,C3,2021-02-03,-8.8,8.7,11.2
SNPS,C3,2021-02-09,-17.0,5.8,3.4
SNPS,C3,2021-02-16,-18.3,9.0,7.0
SNPS,C3,2021-02-22,0.4,28.2,21.3
SNPS,C3,2021-02-26,3.5,36.1,25.5
SNPS,C3,2021-03-04,9.9,46.5,24.2
SNPS,C3,2021-03-10,15.0,45.3,37.3
SNPS,C3,2021-04-23,11.8,26.9,19.0
SNPS,C3,2021-04-29,13.9,32.0,7.1
SNPS,C3,2021-05-05,23.1,44.4,15.3
SNPS,C3,2021-05-11,24.4,47.8,30.6
SNPS,C3,2021-05-17,23.1,49.2,29.7
SNPS,C3,2021-12-06,-12.9,-16.0,-4.7
SNPS,C3,2021-12-10,-17.2,-18.3,-11.2
SNPS,C3,2021-12-16,-7.8,-10.0,-8.8
SNPS,C3,2021-12-22,-8.9,-16.8,-13.6
SNPS,C3,2021-12-29,-10.3,-14.5,-10.5
SNPS,C3,2022-01-04,-7.5,-14.1,-4.9
SNPS,C3,2022-01-10,-7.0,-1.9,6.0
SNPS,C3,2022-01-14,-6.1,3.5,7.3
SNPS,C3,2022-01-21,-6.7,21.2,19.2
SNPS,C3,2022-01-27,1.9,30.5,27.5
SNPS,C3,2022-02-02,-13.0,19.0,20.2
SNPS,C3,2023-06-09,6.4,25.7,35.7
SNPS,C3,2023-06-15,3.1,23.6,33.3
SNPS,C3,2024-01-29,-3.3,-9.6,-2.0
SNPS,C3,2024-02-22,1.1,-12.2,-22.4
SNPS,C3,2024-02-28,-1.7,-16.3,-24.8
SNPS,C3,2024-03-05,1.5,-17.6,-20.3
SNPS,C3,2024-04-01,5.2,-13.5,-26.9
SNPS,C3,2024-04-05,7.7,-7.4,-30.1
SNPS,C3,2024-05-23,-11.0,-6.6,-15.4
SNPS,C3,2024-05-30,-14.8,4.1,-15.2
SNPS,C3,2024-06-05,-21.1,-14.1,-20.0
SNPS,C3,2024-06-11,-15.5,-10.0,-14.5
SNPS,C3,2024-06-17,-16.1,-19.7,-14.6
SNPS,C3,2024-06-24,-14.3,-17.6,-7.5
SNPS,C3,2024-06-28,-16.7,-17.0,-4.4
SNPS,C3,2024-07-05,-20.3,-20.7,-4.8
SNPS,C3,2024-07-11,-11.3,-15.3,-1.2
SNPS,C3,2024-07-17,-11.5,-3.3,11.1
SNPS,C3,2024-07-23,-16.1,-12.9,6.4
SNPS,C3,2024-07-29,-3.3,-4.3,14.3
SNPS,C3,2024-08-02,3.7,5.1,23.6
CDNS,L2,2019-06-03,6.8,2.5,39.4
CDNS,L2,2020-10-26,19.2,20.5,58.3
CDNS,L2,2023-08-21,16.4,30.5,17.8
CDNS,C2,2017-08-14,20.6,6.0,22.3
CDNS,C2,2017-09-11,14.1,0.8,20.9
CDNS,C2,2017-10-09,7.3,-11.2,-4.8
CDNS,C2,2017-11-06,-14.4,-4.1,5.0
CDNS,C2,2017-12-04,-8.9,1.2,-2.0
CDNS,C2,2018-01-01,-18.4,2.0,-1.7
CDNS,C2,2018-01-29,-0.7,8.9,18.4
CDNS,C2,2018-02-26,10.0,19.7,48.0
CDNS,C2,2018-03-26,17.8,23.3,72.7
CDNS,C2,2019-06-10,-3.2,0.3,32.1
CDNS,C2,2019-07-08,-12.2,-2.7,34.6
CDNS,C2,2019-08-05,-4.5,4.7,54.5
CDNS,C2,2019-09-02,-4.0,-7.5,51.3
CDNS,C2,2019-09-30,6.8,-3.0,59.8
CDNS,C2,2019-10-28,10.1,15.8,67.0
CDNS,C2,2019-11-25,-5.9,30.0,66.0
CDNS,C2,2019-12-23,-11.4,33.5,90.6
CDNS,C2,2020-01-20,8.0,37.6,84.3
CDNS,C2,2020-02-17,15.1,48.0,86.9
CDNS,C2,2020-03-16,66.8,81.1,127.8
CDNS,C2,2020-04-13,27.4,47.1,87.2
CDNS,C2,2020-11-23,21.0,8.9,53.0
CDNS,C2,2020-12-21,-1.1,0.6,39.9
CDNS,C2,2021-01-18,3.4,6.0,7.9
CDNS,C2,2021-02-15,-11.6,12.2,-3.4
CDNS,C2,2021-03-15,4.0,30.4,26.6
CDNS,C2,2021-04-12,-6.5,5.8,1.7
CDNS,C2,2021-05-10,22.8,46.0,14.6
CDNS,C2,2021-12-06,-21.3,-19.0,-11.1
CDNS,C2,2022-01-03,-4.7,-3.4,-3.8
CDNS,C2,2022-01-31,-0.8,26.5,26.0
CDNS,C2,2022-02-28,2.5,8.7,27.0
CDNS,C2,2022-12-12,26.8,44.5,66.4
CDNS,C2,2023-09-04,9.2,29.7,4.0
CDNS,C2,2023-10-02,3.6,26.3,10.1
CDNS,C2,2023-10-30,18.8,12.9,13.0
CDNS,C2,2023-11-27,16.6,5.9,13.5
CDNS,C2,2023-12-25,14.3,13.0,12.0
CDNS,C2,2024-01-22,-2.9,-11.0,10.2
CDNS,C2,2024-02-19,-3.0,-9.8,-14.9
CDNS,C2,2024-03-18,-1.3,-15.2,-18.7
CDNS,C2,2024-04-15,-0.1,-7.8,-7.1
CDNS,C2,2024-05-13,-2.7,0.3,11.3
CDNS,C2,2024-06-10,-13.9,-1.7,-3.9
CDNS,C2,2024-07-08,-10.5,-5.3,1.6
CDNS,C2,2024-08-05,11.5,10.9,30.3
CDNS,C2,2024-09-02,24.2,-1.7,41.8
CDNS,L3,2017-10-23,8.7,-4.3,7.1
CDNS,L3,2019-07-30,-11.4,-1.5,41.9
CDNS,L3,2019-08-21,-3.6,-5.5,63.6
CDNS,L3,2019-12-02,-4.1,37.2,75.6
CDNS,L3,2020-01-31,10.5,53.3,99.7
CDNS,L3,2020-11-04,15.3,0.9,54.5
CDNS,L3,2021-03-02,-12.8,16.6,1.9
CDNS,L3,2021-04-12,-4.1,8.7,4.9
CDNS,L3,2021-12-13,-16.7,-19.5,-12.3
CDNS,L3,2022-03-21,-3.9,3.3,34.5
CDNS,L3,2023-11-02,23.0,17.6,24.0
CDNS,L3,2024-01-03,20.9,22.1,16.2
CDNS,L3,2024-02-08,-7.5,-8.9,-17.7
CDNS,L3,2024-03-22,-4.2,-15.1,-27.6
CDNS,L3,2024-06-07,-10.1,4.7,0.8
CDNS,C3,2017-08-15,19.1,5.5,25.8
CDNS,C3,2017-08-21,22.5,6.5,27.2
CDNS,C3,2017-08-25,20.8,5.6,24.2
CDNS,C3,2017-08-31,8.0,1.0,17.9
CDNS,C3,2017-09-07,13.3,1.7,17.2
CDNS,C3,2017-09-13,15.3,2.4,21.3
CDNS,C3,2017-09-19,11.3,-6.2,16.1
CDNS,C3,2017-09-25,10.0,-5.5,11.7
CDNS,C3,2017-10-27,-2.0,-4.7,7.8
CDNS,C3,2017-11-02,-11.9,-3.5,1.4
CDNS,C3,2017-11-08,-14.0,-5.8,-3.2
CDNS,C3,2017-11-14,-10.3,-5.5,-3.8
CDNS,C3,2017-11-20,-11.1,-6.0,3.1
CDNS,C3,2017-11-27,-13.0,-3.2,-3.9
CDNS,C3,2017-12-01,-10.1,1.2,-1.1
CDNS,C3,2017-12-07,-10.8,3.4,-4.6
CDNS,C3,2017-12-13,-11.8,4.3,0.8
CDNS,C3,2017-12-19,-14.4,-2.1,-5.1
CDNS,C3,2019-07-31,-11.6,0.6,42.3
CDNS,C3,2019-08-06,-2.9,9.5,58.4
CDNS,C3,2019-08-22,-3.8,-5.3,67.7
CDNS,C3,2019-08-28,5.1,1.5,56.2
CDNS,C3,2020-02-03,11.2,49.0,100.0
CDNS,C3,2020-02-07,10.2,47.7,89.9
CDNS,C3,2020-02-13,5.2,36.9,74.2
CDNS,C3,2020-02-20,11.8,44.5,73.8
CDNS,C3,2020-02-26,32.5,61.0,84.8
CDNS,C3,2020-03-03,37.8,59.9,95.4
CDNS,C3,2020-03-09,56.0,69.9,110.0
CDNS,C3,2020-11-09,22.9,2.2,58.7
CDNS,C3,2020-11-13,20.6,9.1,54.0
CDNS,C3,2020-11-19,22.6,12.8,64.0
CDNS,C3,2020-11-25,18.3,12.1,63.0
CDNS,C3,2020-12-02,9.3,10.4,51.2
CDNS,C3,2020-12-08,9.3,8.3,49.8
CDNS,C3,2020-12-14,3.4,10.5,58.0
CDNS,C3,2020-12-18,-4.8,3.8,41.2
CDNS,C3,2020-12-24,2.2,2.9,29.2
CDNS,C3,2020-12-31,4.5,1.5,24.7
CDNS,C3,2021-01-07,6.6,0.4,11.8
CDNS,C3,2021-01-13,5.8,5.0,6.2
CDNS,C3,2021-01-20,1.4,2.3,8.6
CDNS,C3,2021-01-26,-0.3,10.1,10.2
CDNS,C3,2021-02-01,-5.6,12.4,10.8
CDNS,C3,2021-03-05,-1.2,31.0,18.8
CDNS,C3,2021-04-15,-6.7,7.6,2.7
CDNS,C3,2021-04-21,2.9,18.3,6.4
CDNS,C3,2021-04-27,9.8,30.4,10.3
CDNS,C3,2021-05-03,16.6,38.5,4.8
CDNS,C3,2021-05-07,15.5,37.5,5.6
CDNS,C3,2021-05-13,24.4,53.1,18.0
CDNS,C3,2021-12-15,-14.7,-18.0,-14.1
CDNS,C3,2022-03-25,-5.0,2.9,34.5
CDNS,C3,2022-12-08,23.7,43.8,68.0
CDNS,C3,2023-11-03,23.2,14.0,16.1
CDNS,C3,2023-11-09,17.3,12.6,19.5
CDNS,C3,2023-11-15,9.4,10.9,14.6
CDNS,C3,2023-11-21,11.0,6.6,20.0
CDNS,C3,2023-11-28,17.2,9.5,11.9
CDNS,C3,2023-12-04,17.1,14.2,19.0
CDNS,C3,2023-12-08,17.8,23.9,16.0
CDNS,C3,2023-12-14,17.3,14.5,12.9
CDNS,C3,2024-01-04,21.7,23.3,19.4
CDNS,C3,2024-01-10,14.5,5.5,21.7
CDNS,C3,2024-02-13,-1.8,-4.4,-15.6
CDNS,C3,2024-02-20,0.3,-8.2,-16.2
CDNS,C3,2024-02-26,-3.9,-11.4,-22.9
CDNS,C3,2024-03-28,1.8,-14.6,-16.6
CDNS,C3,2024-04-04,2.9,-8.8,-15.1
CDNS,C3,2024-04-10,3.6,-11.5,-7.5
CDNS,C3,2024-04-16,-6.9,-15.8,-1.0
CDNS,C3,2024-04-22,-9.3,-9.7,7.3
CDNS,C3,2024-04-26,-5.2,-2.2,10.4
CDNS,C3,2024-05-02,-6.0,7.3,16.3
CDNS,C3,2024-06-13,-10.6,-2.0,0.2
CDNS,C3,2024-06-20,-14.0,-3.1,0.6
CDNS,C3,2024-06-26,-11.4,-2.9,3.6
CDNS,C3,2024-07-02,-16.1,-4.8,1.3
CDNS,C3,2024-07-09,-11.3,-6.7,3.6
CRDO,C2,2024-05-27,33.9,87.8,133.8
CRDO,C2,2024-06-24,-1.5,116.9,192.7
CRDO,C2,2024-07-22,37.1,181.6,254.2
CRDO,C2,2024-08-19,25.8,83.2,212.9
CRDO,C2,2024-09-16,134.8,58.8,481.1
CRDO,C2,2024-10-14,114.5,-1.8,284.9
CRDO,C2,2024-11-11,77.8,51.2,266.0
CRDO,C2,2024-12-09,-35.3,-3.2,89.5
CRDO,C2,2025-01-06,-47.5,33.5,103.8
CRDO,C2,2025-02-03,-34.3,55.8,44.2
CRDO,C2,2025-03-03,67.0,222.2,151.3
CRDO,C2,2025-03-31,181.1,332.0,204.7
CRDO,C2,2025-04-28,122.9,288.8,282.1
CRDO,C2,2025-05-26,101.9,191.3,287.2
CRDO,C2,2025-06-23,52.9,54.9,154.6
CRDO,C2,2025-07-21,53.7,31.6,
CRDO,C2,2025-08-18,17.1,8.8,
CRDO,C2,2025-09-15,-11.5,-39.0,
CRDO,C2,2025-10-13,5.1,11.9,
CRDO,C2,2025-11-10,-16.5,18.3,
CRDO,C2,2025-12-08,-18.2,74.3,
CRDO,C2,2026-01-05,-20.5,71.4,
CRDO,C2,2026-02-02,69.2,,
CRDO,C2,2026-03-02,88.4,,
CRDO,C2,2026-03-30,138.5,,
CRDO,L3,2024-06-17,1.4,139.7,212.7
CRDO,L3,2024-09-13,171.0,77.2,412.1
CRDO,L3,2025-01-14,-47.2,41.8,86.9
CRDO,L3,2025-04-28,159.2,335.9,388.4
CRDO,L3,2025-12-24,-37.5,76.8,
CRDO,C3,2024-06-18,-0.1,135.9,220.5
CRDO,C3,2024-06-25,5.6,135.4,229.0
CRDO,C3,2024-07-01,-2.5,145.5,224.1
CRDO,C3,2024-07-08,6.0,117.1,192.2
CRDO,C3,2024-07-12,23.6,159.2,249.7
CRDO,C3,2024-07-18,26.2,172.1,263.7
CRDO,C3,2024-07-24,32.9,120.1,308.1
CRDO,C3,2024-07-30,54.6,206.6,366.6
CRDO,C3,2024-08-05,70.1,199.0,332.1
CRDO,C3,2024-08-09,69.2,173.9,320.1
CRDO,C3,2024-09-19,136.4,39.8,396.4
CRDO,C3,2024-09-25,132.4,24.5,406.9
CRDO,C3,2024-10-01,141.6,44.4,338.6
CRDO,C3,2024-10-07,126.8,20.4,343.1
CRDO,C3,2024-10-11,97.6,-3.2,305.0
CRDO,C3,2024-10-17,123.8,14.4,398.9
CRDO,C3,2024-10-23,52.0,24.8,320.9
CRDO,C3,2024-10-29,82.9,23.2,284.5
CRDO,C3,2024-11-04,92.4,49.2,248.3
CRDO,C3,2024-11-08,47.3,29.4,214.3
CRDO,C3,2024-11-14,59.4,51.9,308.4
CRDO,C3,2024-11-20,22.4,45.8,309.7
CRDO,C3,2024-11-26,0.1,56.3,231.0
CRDO,C3,2024-12-03,-38.7,5.2,89.7
CRDO,C3,2024-12-09,-29.9,27.7,120.5
CRDO,C3,2024-12-13,-39.0,21.4,90.8
CRDO,C3,2024-12-19,-36.7,30.7,98.3
CRDO,C3,2024-12-26,-40.2,29.6,116.7
CRDO,C3,2025-01-02,-50.2,39.2,112.8
CRDO,C3,2025-01-21,-48.0,34.2,36.5
CRDO,C3,2025-01-27,-22.6,106.3,122.0
CRDO,C3,2025-01-31,-31.9,72.0,73.4
CRDO,C3,2025-05-02,143.1,237.2,256.8
CRDO,C3,2025-05-08,144.0,212.0,276.3
CRDO,C3,2025-05-14,98.6,133.4,271.9
CRDO,C3,2025-05-20,83.6,142.9,245.5
CRDO,C3,2025-05-27,107.1,168.9,268.1
CRDO,C3,2025-06-02,113.9,181.0,314.1
CRDO,C3,2025-06-06,124.7,111.7,314.6
CRDO,C3,2025-06-12,121.2,80.4,220.2
CRDO,C3,2025-06-18,91.7,72.7,182.6
CRDO,C3,2025-06-25,55.0,57.2,188.1
CRDO,C3,2025-07-01,70.8,51.8,158.9
CRDO,C3,2025-07-08,59.5,67.2,
CRDO,C3,2025-07-14,31.5,53.0,
CRDO,C3,2025-07-18,62.3,42.5,
CRDO,C3,2025-07-24,53.8,28.0,
CRDO,C3,2025-07-30,43.6,-16.4,
CRDO,C3,2025-08-05,57.0,22.2,
CRDO,C3,2025-08-11,33.7,5.3,
CRDO,C3,2025-08-15,24.7,6.3,
CRDO,C3,2025-08-21,20.4,1.3,
CRDO,C3,2025-08-27,44.7,-6.5,
CRDO,C3,2025-09-03,45.0,-7.1,
CRDO,C3,2025-09-09,6.0,-30.2,
CRDO,C3,2025-09-15,-14.4,-35.9,
CRDO,C3,2025-09-19,-11.6,-43.8,
CRDO,C3,2025-09-25,-0.2,-30.0,
CRDO,C3,2025-10-01,-3.2,-25.5,
CRDO,C3,2025-10-07,9.6,22.7,
CRDO,C3,2025-12-29,-29.9,78.8,
ALAB,C2,2025-10-27,-19.3,8.6,
ALAB,C2,2025-11-24,-24.6,117.6,
ALAB,C2,2025-12-22,-32.8,134.2,
ALAB,C2,2026-01-19,25.5,,
ALAB,C2,2026-02-16,136.6,,
ALAB,L3,2025-12-24,-35.5,154.6,
ALAB,C3,2025-12-26,-36.4,128.9,
ALAB,C3,2026-01-02,-30.1,101.6,
ALAB,C3,2026-01-08,8.8,93.7,
ALAB,C3,2026-01-14,2.1,,
ALAB,C3,2026-01-21,20.9,,
ALAB,C3,2026-01-27,13.9,,
ALAB,C3,2026-02-02,40.3,,
ALAB,C3,2026-02-06,20.4,,
ALAB,C3,2026-02-12,70.3,,
ALAB,C3,2026-02-19,131.4,,
MPWR,L2,2019-11-11,17.9,19.4,90.7
MPWR,L2,2020-10-12,20.5,20.5,53.5
MPWR,L2,2021-12-27,-5.9,-25.8,-27.8
MPWR,C2,2017-10-02,10.7,2.6,11.0
MPWR,C2,2017-10-30,-5.7,1.9,2.7
MPWR,C2,2017-11-27,1.2,14.5,13.9
MPWR,C2,2017-12-25,3.3,19.5,3.4
MPWR,C2,2018-01-22,-1.5,8.8,7.8
MPWR,C2,2018-05-14,9.4,-0.4,-2.3
MPWR,C2,2018-06-11,-2.2,-15.9,-9.8
MPWR,C2,2018-07-09,-18.4,-10.8,3.6
MPWR,C2,2018-08-06,-10.3,-5.4,8.2
MPWR,C2,2018-09-03,-17.5,-8.8,6.6
MPWR,C2,2018-10-01,-5.1,21.7,29.5
MPWR,C2,2018-10-29,4.5,17.3,26.6
MPWR,C2,2019-05-27,29.7,38.8,82.1
MPWR,C2,2019-06-24,15.6,31.7,67.9
MPWR,C2,2019-12-09,-2.1,23.2,77.2
MPWR,C2,2020-01-06,-4.8,40.9,120.9
MPWR,C2,2020-02-03,17.6,55.5,101.2
MPWR,C2,2020-03-02,42.0,54.9,102.2
MPWR,C2,2020-03-30,54.9,78.2,141.3
MPWR,C2,2020-10-19,23.7,18.8,59.9
MPWR,C2,2020-11-16,24.9,3.1,81.8
MPWR,C2,2020-12-14,-1.3,2.0,39.5
MPWR,C2,2021-01-11,0.0,0.4,16.2
MPWR,C2,2021-02-08,-17.8,20.9,10.6
MPWR,C2,2021-03-08,5.1,49.8,20.3
MPWR,C2,2021-04-05,1.7,24.7,9.8
MPWR,C2,2021-05-03,34.9,59.8,30.5
MPWR,C2,2022-01-03,-7.3,-10.8,-16.7
MPWR,C2,2022-01-31,11.4,33.5,14.9
MPWR,C2,2023-03-27,8.1,-7.3,36.4
MPWR,C2,2023-04-24,18.3,-11.8,47.7
MPWR,C2,2023-05-22,-5.9,5.9,45.7
MPWR,C2,2023-06-19,-11.0,22.6,64.5
MPWR,C2,2023-07-17,-21.1,18.8,52.7
MPWR,C2,2023-08-14,12.2,52.0,91.0
MPWR,C2,2023-09-11,36.7,48.6,98.3
MPWR,C2,2023-10-09,21.8,38.8,98.5
MPWR,C2,2023-11-06,49.3,39.7,51.8
MPWR,C2,2023-12-04,27.4,31.0,3.1
MPWR,C2,2024-01-01,14.2,47.1,8.7
MPWR,C2,2024-01-29,11.4,25.6,0.9
MPWR,C2,2024-02-26,-0.9,26.1,-17.3
MPWR,C2,2024-03-25,21.5,36.8,-14.0
MPWR,C2,2024-04-22,21.5,33.5,-13.1
MPWR,C2,2024-05-20,24.5,-22.7,-11.4
MPWR,C2,2024-06-17,8.1,-28.0,-16.3
MPWR,C2,2024-07-15,13.4,-22.4,-9.6
MPWR,C2,2024-08-12,-37.2,-24.9,-8.9
MPWR,C2,2024-09-09,-33.3,-33.5,-8.0
MPWR,C2,2024-10-07,-36.9,-42.9,-2.8
MPWR,C2,2024-11-04,-5.2,-15.8,27.0
MPWR,C2,2026-01-12,42.4,27.4,
MPWR,C2,2026-02-09,32.6,,
MPWR,C2,2026-03-09,50.2,,
MPWR,C2,2026-04-06,0.1,,
MPWR,C2,2026-05-04,,,
MPWR,C2,2026-06-01,,,
MPWR,C2,2026-06-29,,,
MPWR,L3,2017-11-14,0.1,9.6,4.1
MPWR,L3,2017-12-22,2.7,19.8,5.5
MPWR,L3,2018-01-23,0.4,8.7,10.4
MPWR,L3,2018-06-29,-6.4,-12.7,8.8
MPWR,L3,2018-09-20,-21.0,1.0,13.7
MPWR,L3,2018-11-19,13.6,-1.3,32.0
MPWR,L3,2019-11-29,7.5,43.7,93.0
MPWR,L3,2020-01-31,15.4,65.9,126.7
MPWR,L3,2020-04-13,43.8,87.5,123.1
MPWR,L3,2020-11-06,7.8,-12.3,58.0
MPWR,L3,2021-02-01,-8.0,25.9,11.3
MPWR,L3,2021-03-02,-9.2,36.0,7.4
MPWR,L3,2021-05-04,38.9,64.0,29.9
MPWR,L3,2023-06-12,-8.8,20.9,57.0
MPWR,L3,2023-07-10,-8.1,8.7,61.6
MPWR,L3,2024-01-11,11.6,37.9,2.8
MPWR,L3,2024-03-15,24.3,30.2,-14.8
MPWR,L3,2024-04-11,30.2,32.6,-14.0
MPWR,L3,2024-06-07,19.3,-19.2,-3.9
MPWR,L3,2024-09-13,-31.1,-31.1,-2.2
MPWR,L3,2024-10-21,-31.8,-32.5,9.4
MPWR,L3,2026-02-12,28.8,,
MPWR,L3,2026-04-07,13.7,,
MPWR,C3,2017-11-15,-1.3,10.3,9.4
MPWR,C3,2017-11-21,-6.2,4.5,1.1
MPWR,C3,2017-11-28,-5.1,10.3,-2.5
MPWR,C3,2017-12-04,12.5,26.2,3.2
MPWR,C3,2017-12-08,9.6,25.7,-1.2
MPWR,C3,2018-01-24,0.5,11.1,13.6
MPWR,C3,2018-01-30,0.8,15.4,11.5
MPWR,C3,2018-07-02,-4.8,-11.9,7.4
MPWR,C3,2018-07-09,-15.4,-12.4,6.3
MPWR,C3,2018-07-13,-18.3,-10.4,9.1
MPWR,C3,2018-07-19,-19.2,-7.4,6.8
MPWR,C3,2018-07-25,-19.8,-6.1,9.2
MPWR,C3,2018-07-31,-10.8,2.2,15.2
MPWR,C3,2018-09-21,-14.0,6.4,16.6
MPWR,C3,2018-09-27,-8.4,15.1,9.7
MPWR,C3,2018-10-03,-7.5,17.0,12.1
MPWR,C3,2018-10-09,3.5,33.6,25.0
MPWR,C3,2018-10-15,9.7,39.0,36.5
MPWR,C3,2018-11-21,8.8,-3.0,32.8
MPWR,C3,2019-05-23,25.5,37.8,95.0
MPWR,C3,2019-05-30,27.5,33.7,96.2
MPWR,C3,2019-12-02,5.3,44.1,95.9
MPWR,C3,2020-02-05,13.3,45.3,105.1
MPWR,C3,2020-04-16,37.7,72.6,106.9
MPWR,C3,2020-04-22,33.0,72.2,82.1
MPWR,C3,2020-11-09,22.0,-2.0,81.2
MPWR,C3,2020-11-13,28.5,7.8,75.4
MPWR,C3,2020-11-19,16.3,10.2,78.6
MPWR,C3,2021-03-04,4.7,50.5,29.4
MPWR,C3,2021-05-07,33.9,57.3,20.7
MPWR,C3,2021-05-13,49.9,88.6,27.5
MPWR,C3,2021-05-19,49.1,74.9,41.6
MPWR,C3,2021-05-25,47.3,70.8,41.4
MPWR,C3,2023-06-16,-12.3,20.6,59.8
MPWR,C3,2023-07-13,-17.3,6.4,38.0
MPWR,C3,2023-07-19,-24.3,10.4,51.3
MPWR,C3,2023-07-25,-27.4,11.6,44.3
MPWR,C3,2023-07-31,-20.9,15.9,48.3
MPWR,C3,2023-08-04,-7.9,40.6,71.6
MPWR,C3,2024-01-18,-1.5,29.7,5.0
MPWR,C3,2024-01-24,7.4,37.0,5.3
MPWR,C3,2024-01-30,16.4,29.3,14.8
MPWR,C3,2024-02-05,10.6,27.9,7.9
MPWR,C3,2024-02-09,-5.0,22.0,-12.8
MPWR,C3,2024-02-15,3.1,24.1,-20.6
MPWR,C3,2024-02-22,1.8,25.8,-18.9
MPWR,C3,2024-02-28,3.7,20.1,-19.1
MPWR,C3,2024-03-21,21.6,40.3,-28.6
MPWR,C3,2024-04-15,30.6,42.1,-8.6
MPWR,C3,2024-06-13,6.3,-26.6,-9.6
MPWR,C3,2024-06-20,8.4,-24.7,-9.3
MPWR,C3,2024-06-26,13.5,-27.2,-9.0
MPWR,C3,2024-07-02,11.5,-24.3,-13.2
MPWR,C3,2024-07-09,10.8,-30.1,-14.2
MPWR,C3,2024-07-15,2.9,-26.4,-16.1
MPWR,C3,2024-07-19,9.3,-25.5,3.5
MPWR,C3,2024-07-25,14.3,-19.0,2.7
MPWR,C3,2024-07-31,-11.9,-23.2,-0.8
MPWR,C3,2024-09-19,-34.8,-36.1,1.9
MPWR,C3,2024-09-25,-32.9,-45.1,8.1
MPWR,C3,2024-10-01,-30.3,-36.7,14.0
MPWR,C3,2024-10-24,-29.1,-30.0,7.4
MPWR,C3,2026-02-18,31.6,,
MPWR,C3,2026-02-24,34.8,,
MPWR,C3,2026-03-02,48.2,,
MPWR,C3,2026-03-06,50.0,,
MPWR,C3,2026-03-12,60.1,,
MPWR,C3,2026-04-10,0.1,,
MPWR,C3,2026-04-16,,,
MPWR,C3,2026-04-22,,,
MPWR,C3,2026-04-28,,,
MPWR,C3,2026-05-04,,,
MPWR,C3,2026-05-08,,,
MPWR,C3,2026-05-14,,,
MPWR,C3,2026-05-20,,,
ON,L2,2019-06-03,-2.6,16.2,5.8
ON,L2,2021-11-15,-5.0,-10.9,14.4
ON,C2,2018-01-15,-5.6,-4.0,-26.5
ON,C2,2018-02-12,5.1,-9.8,1.9
ON,C2,2018-03-12,-1.0,-23.2,-14.3
ON,C2,2018-04-09,-6.1,-33.4,-8.7
ON,C2,2018-05-07,-8.8,-23.6,-10.3
ON,C2,2018-06-04,-22.7,-31.1,-24.4
ON,C2,2018-07-02,-24.1,-28.6,-13.1
ON,C2,2020-02-24,-11.6,18.1,115.8
ON,C2,2020-11-02,44.4,45.3,122.5
ON,C2,2020-11-30,29.7,27.7,114.1
ON,C2,2020-12-28,31.0,17.3,107.5
ON,C2,2021-01-25,13.1,13.3,55.9
ON,C2,2021-02-22,-0.6,13.0,57.7
ON,C2,2021-03-22,-7.7,21.3,57.0
ON,C2,2021-04-19,-14.6,8.0,21.7
ON,C2,2021-05-17,8.6,65.7,47.7
ON,C2,2021-06-14,36.6,73.3,46.6
ON,C2,2021-07-12,23.3,88.3,59.5
ON,C2,2021-08-09,34.9,35.7,63.8
ON,C2,2021-12-06,-14.4,-7.8,8.1
ON,C2,2022-01-03,-18.3,-17.2,-3.2
ON,C2,2022-01-31,-4.0,17.8,40.9
ON,C2,2022-02-28,7.9,15.7,35.3
ON,C2,2022-03-28,-21.4,4.5,38.1
ON,C2,2022-04-25,28.2,29.5,38.1
ON,C2,2022-12-12,19.7,37.9,31.0
ON,C2,2023-01-09,19.6,53.0,12.8
ON,C2,2023-02-06,-2.9,12.9,-3.6
ON,C2,2023-03-06,13.6,24.9,0.7
ON,C2,2023-04-03,23.8,20.7,-8.0
ON,C2,2023-05-01,26.0,-16.0,-13.4
ON,C2,2023-05-29,14.5,-14.6,-15.9
ON,C2,2023-06-26,-1.7,-11.7,-27.5
ON,C2,2023-07-24,-20.5,-31.8,-33.2
ON,C2,2023-08-21,-25.0,-17.5,-17.3
ON,C2,2023-09-18,-10.4,-20.4,-25.8
ON,C2,2023-10-16,-12.9,-28.4,-19.3
ON,C2,2023-11-13,12.3,4.5,-7.5
ON,C2,2026-04-27,,,
ON,C2,2026-05-25,,,
ON,C2,2026-06-22,,,
ON,L3,2018-02-01,-6.0,-7.8,-5.8
ON,L3,2018-03-26,-14.0,-29.4,-12.3
ON,L3,2018-07-06,-26.0,-20.0,-12.5
ON,L3,2020-11-16,41.5,36.2,120.5
ON,L3,2021-04-13,-13.7,3.1,23.2
ON,L3,2021-07-15,19.4,62.6,72.2
ON,L3,2022-11-21,9.2,17.5,1.6
ON,L3,2023-03-09,11.9,18.5,-6.9
ON,L3,2023-06-02,14.6,-12.7,-17.1
ON,L3,2026-05-21,,,
ON,C3,2018-02-02,-3.3,-7.5,-3.0
ON,C3,2018-02-08,13.8,-1.7,9.8
ON,C3,2018-02-14,6.1,-6.0,-3.8
ON,C3,2020-11-17,43.0,38.5,118.1
ON,C3,2020-11-23,48.8,38.6,118.0
ON,C3,2020-11-30,35.0,30.7,127.0
ON,C3,2020-12-04,29.7,28.1,103.3
ON,C3,2020-12-10,37.0,17.2,114.6
ON,C3,2020-12-16,24.0,21.4,121.6
ON,C3,2020-12-22,22.8,20.2,122.8
ON,C3,2020-12-29,39.1,17.1,105.7
ON,C3,2021-01-05,29.3,14.1,99.3
ON,C3,2021-01-11,18.3,-3.5,51.8
ON,C3,2021-01-15,12.7,-1.0,46.2
ON,C3,2021-01-22,16.1,3.5,63.8
ON,C3,2021-01-28,6.6,29.6,87.1
ON,C3,2021-02-03,4.7,20.3,59.0
ON,C3,2021-02-09,-10.1,6.9,48.2
ON,C3,2021-02-16,-10.5,-0.8,51.7
ON,C3,2021-02-22,-3.7,8.9,52.1
ON,C3,2021-02-26,-0.9,11.0,45.1
ON,C3,2021-03-04,2.5,21.1,53.0
ON,C3,2021-03-10,0.6,27.4,64.9
ON,C3,2021-04-16,-15.8,8.0,21.4
ON,C3,2021-04-22,-10.4,10.3,38.1
ON,C3,2021-04-28,-5.8,32.7,22.6
ON,C3,2021-07-16,25.6,58.0,83.7
ON,C3,2021-07-22,28.2,55.5,91.9
ON,C3,2021-11-18,-9.0,-6.5,16.6
ON,C3,2021-11-24,-4.4,2.0,12.5
ON,C3,2021-12-01,-13.3,3.4,16.0
ON,C3,2021-12-07,-14.6,-13.4,-2.0
ON,C3,2021-12-13,-2.9,-17.0,-0.3
ON,C3,2021-12-17,-2.6,-12.6,0.6
ON,C3,2021-12-23,0.9,-29.8,-6.4
ON,C3,2021-12-30,-11.9,-20.9,-4.0
ON,C3,2022-01-05,-21.8,-19.8,-5.8
ON,C3,2022-01-11,-19.2,-8.9,8.9
ON,C3,2022-01-18,-15.5,-7.6,16.5
ON,C3,2022-01-24,-7.5,15.0,45.3
ON,C3,2022-01-28,5.1,25.8,55.9
ON,C3,2022-11-28,12.8,26.5,13.5
ON,C3,2023-03-13,19.3,21.7,-5.4
ON,C3,2023-06-06,10.7,-10.3,-20.1
ON,C3,2023-06-12,5.9,-5.9,-25.5
ON,C3,2023-06-16,3.0,-7.2,-23.3
ON,C3,2023-06-23,3.0,-2.9,-14.3
ON,C3,2023-06-29,1.4,-17.2,-16.5
ON,C3,2023-07-06,-1.8,-18.4,-18.6
ON,C3,2023-07-12,-5.7,-26.7,-28.9
ON,C3,2023-07-18,-14.5,-26.8,-29.4
ON,C3,2023-07-24,-12.9,-25.3,-29.4
ON,C3,2023-07-28,-37.8,-32.6,-32.2
ON,C3,2023-08-03,-33.5,-21.4,-26.1
ON,C3,2023-08-09,-35.1,-17.6,-22.6
ON,C3,2023-08-15,-24.4,-17.5,-19.2
ON,C3,2023-08-21,-26.5,-17.3,-23.9
ON,C3,2026-05-22,,,
ON,C3,2026-05-29,,,
ON,C3,2026-06-04,,,
ON,C3,2026-06-10,,,
ON,C3,2026-06-16,,,
ON,C3,2026-06-23,,,
INTC,C2,2018-03-19,7.0,-4.3,10.6
INTC,C2,2018-04-16,1.3,-13.6,16.3
INTC,C2,2018-05-14,-11.4,-7.6,-14.0
INTC,C2,2018-06-11,-16.9,-12.1,-14.1
INTC,C2,2018-07-09,-13.5,-5.1,-2.0
INTC,C2,2018-08-06,-0.9,1.2,-3.5
INTC,C2,2018-09-03,0.2,14.4,12.4
INTC,C2,2018-10-01,1.0,19.7,11.1
INTC,C2,2019-03-25,-10.3,-4.2,-0.2
INTC,C2,2019-04-22,-1.0,9.1,15.7
INTC,C2,2019-05-20,1.6,30.8,42.9
INTC,C2,2019-06-17,7.6,25.7,28.5
INTC,C2,2019-11-11,16.6,1.6,-19.6
INTC,C2,2019-12-09,-5.4,3.8,-11.8
INTC,C2,2020-01-06,-2.6,2.1,-10.2
INTC,C2,2020-02-03,-9.1,-26.3,-9.6
INTC,C2,2020-03-02,16.0,-9.1,11.7
INTC,C2,2020-03-30,9.9,-4.6,22.4
INTC,C2,2021-06-28,-4.5,-8.0,-34.1
INTC,C2,2023-07-10,8.9,43.1,5.5
INTC,C2,2023-08-07,11.7,24.9,-42.6
INTC,C2,2023-09-04,12.7,16.5,-49.5
INTC,C2,2023-10-02,30.0,7.6,-36.5
INTC,C2,2023-10-30,12.1,-18.5,-38.2
INTC,C2,2023-11-27,0.5,-29.0,-44.3
INTC,C2,2023-12-25,-11.8,-37.9,-59.1
INTC,C2,2024-01-22,-26.8,-27.7,-51.6
INTC,C2,2024-02-19,-28.3,-51.7,-41.5
INTC,C2,2024-03-18,-26.7,-48.2,-42.4
INTC,C2,2026-03-09,172.2,,
INTC,C2,2026-04-06,76.1,,
INTC,C2,2026-05-04,,,
INTC,C2,2026-06-01,,,
INTC,C2,2026-06-29,,,
INTC,L3,2018-04-25,-6.7,-10.6,-1.2
INTC,L3,2018-06-11,-17.1,-11.1,-10.4
INTC,L3,2018-07-31,-1.9,5.7,0.5
INTC,L3,2019-06-10,13.6,24.5,30.3
INTC,L3,2019-10-22,27.0,20.1,-12.5
INTC,L3,2021-06-22,-2.7,-5.8,-32.4
INTC,L3,2023-06-30,7.1,41.2,4.5
INTC,L3,2023-08-15,17.2,25.8,-41.3
INTC,L3,2023-10-03,31.8,4.9,-35.4
INTC,L3,2023-12-13,-5.4,-29.8,-53.5
INTC,L3,2024-03-15,-27.9,-48.2,-46.2
INTC,L3,2026-05-27,,,
INTC,C3,2018-04-26,-9.6,-8.9,-9.4
INTC,C3,2018-05-02,-4.6,-7.2,-10.1
INTC,C3,2018-05-08,-5.9,-9.2,-15.0
INTC,C3,2018-05-14,-13.0,-11.3,-18.6
INTC,C3,2018-05-18,-10.4,-11.0,-16.7
INTC,C3,2018-06-12,-16.4,-13.1,-12.4
INTC,C3,2018-06-18,-12.8,-14.7,-7.5
INTC,C3,2018-06-22,-12.0,-9.8,-6.6
INTC,C3,2018-06-28,-5.1,-2.9,3.9
INTC,C3,2018-07-05,-6.8,-3.1,0.9
INTC,C3,2019-03-05,-15.5,-2.7,-14.9
INTC,C3,2019-03-11,-12.6,-0.2,-12.1
INTC,C3,2019-03-15,-12.3,-3.9,4.6
INTC,C3,2019-03-21,-12.3,-5.4,-2.8
INTC,C3,2019-03-27,-9.4,-3.3,12.4
INTC,C3,2019-04-02,-11.0,-5.7,14.2
INTC,C3,2019-04-08,-12.2,-5.2,8.8
INTC,C3,2019-04-12,-11.9,-6.9,7.5
INTC,C3,2019-04-18,-11.0,-10.4,5.0
INTC,C3,2019-04-25,-8.3,-0.9,5.7
INTC,C3,2019-05-01,-3.5,15.0,18.4
INTC,C3,2019-05-07,-5.9,16.9,21.4
INTC,C3,2019-05-13,3.2,30.7,42.3
INTC,C3,2019-05-17,4.5,30.6,43.4
INTC,C3,2019-05-23,3.0,33.9,44.7
INTC,C3,2019-05-30,6.7,26.9,46.1
INTC,C3,2019-06-14,13.2,25.3,29.6
INTC,C3,2019-06-20,8.6,27.4,27.5
INTC,C3,2019-10-24,27.7,11.2,-10.5
INTC,C3,2019-10-30,16.3,6.2,-17.3
INTC,C3,2019-11-05,16.6,2.0,-17.3
INTC,C3,2019-11-11,15.9,4.4,-20.3
INTC,C3,2019-11-15,11.6,8.7,-16.1
INTC,C3,2019-11-21,-3.6,7.4,-10.2
INTC,C3,2019-11-27,0.8,11.1,-12.3
INTC,C3,2019-12-04,-3.2,7.7,-7.3
INTC,C3,2019-12-10,-20.8,8.0,-16.0
INTC,C3,2019-12-16,-20.2,4.9,-16.4
INTC,C3,2019-12-20,-5.3,-0.1,-13.6
INTC,C3,2019-12-27,-13.2,0.2,-11.9
INTC,C3,2020-01-03,-2.4,0.1,1.0
INTC,C3,2020-01-09,2.8,0.8,7.9
INTC,C3,2020-01-15,0.9,4.7,-6.8
INTC,C3,2020-01-22,-5.1,-20.7,-5.2
INTC,C3,2020-01-28,-10.5,-27.5,-9.4
INTC,C3,2020-02-03,-7.2,-24.1,-1.1
INTC,C3,2020-02-07,-11.1,-25.5,-2.1
INTC,C3,2020-02-13,-10.6,-27.4,-8.1
INTC,C3,2021-06-23,-1.2,-5.1,-31.1
INTC,C3,2023-07-06,13.6,49.5,10.6
INTC,C3,2023-07-12,8.8,36.5,-5.4
INTC,C3,2023-10-04,35.3,5.4,-36.9
INTC,C3,2023-10-10,29.8,-1.4,-37.5
INTC,C3,2023-10-16,32.1,-5.7,-36.3
INTC,C3,2023-12-15,-7.8,-32.9,-56.5
INTC,C3,2023-12-21,-6.8,-34.0,-57.2
INTC,C3,2023-12-28,-19.7,-32.1,-61.4
INTC,C3,2024-01-04,-18.0,-25.9,-53.5
INTC,C3,2024-01-10,-23.3,-26.0,-55.5
INTC,C3,2024-01-17,-25.5,-30.7,-56.0
INTC,C3,2024-01-23,-28.0,-37.9,-59.3
INTC,C3,2024-01-29,-30.5,-53.8,-51.5
INTC,C3,2024-03-19,-25.8,-45.2,-47.2
INTC,C3,2024-03-25,-26.6,-43.3,-56.2
INTC,C3,2024-04-01,-29.6,-48.7,-53.9
INTC,C3,2026-06-02,,,
COHR,L2,2018-07-16,-11.1,-21.6,-14.8
COHR,C2,2017-10-02,21.5,-1.3,-3.4
COHR,C2,2017-10-30,0.8,4.0,9.0
COHR,C2,2017-11-27,-16.5,0.7,-18.0
COHR,C2,2017-12-25,-12.9,-7.5,-32.2
COHR,C2,2018-01-22,-13.3,-0.3,-24.5
COHR,C2,2018-02-19,18.0,24.8,8.4
COHR,C2,2018-03-19,10.2,11.7,-15.2
COHR,C2,2018-04-16,5.5,-6.2,-1.1
COHR,C2,2018-08-13,-18.7,-14.7,-16.2
COHR,C2,2018-09-10,-32.7,-16.8,-13.9
COHR,C2,2018-10-08,-9.2,7.8,-15.5
COHR,C2,2020-10-26,84.9,47.7,33.1
COHR,C2,2020-11-23,26.9,1.4,-5.6
COHR,C2,2020-12-21,-9.4,-8.7,-12.6
COHR,C2,2021-01-18,-17.0,-23.9,-32.8
COHR,C2,2021-02-15,-26.5,-33.1,-20.5
COHR,C2,2021-03-15,-2.3,-12.5,2.5
COHR,C2,2021-04-12,-14.6,-29.3,-23.9
COHR,C2,2021-05-10,-0.5,2.4,0.3
COHR,C2,2024-01-22,16.4,49.0,112.1
COHR,C2,2024-02-19,1.4,34.9,40.4
COHR,C2,2024-03-18,13.6,37.5,7.8
COHR,C2,2024-04-15,46.2,99.4,12.2
COHR,C2,2024-05-13,31.8,63.6,35.2
COHR,C2,2024-06-10,8.7,48.6,7.8
COHR,C2,2024-07-08,33.4,14.6,19.0
COHR,C2,2024-08-05,73.7,51.4,82.3
COHR,C2,2024-09-02,62.3,-2.9,42.7
COHR,C2,2024-09-30,11.4,-46.9,19.1
COHR,C2,2024-10-28,-1.9,-22.4,43.0
COHR,C2,2024-11-25,-24.9,-24.5,64.0
COHR,C2,2024-12-23,-32.2,-10.1,97.7
COHR,C2,2025-01-20,-35.7,-0.2,96.3
COHR,C2,2025-02-17,-5.1,8.8,200.3
COHR,C2,2025-10-20,52.3,159.9,
COHR,C2,2025-11-17,77.9,170.6,
COHR,C2,2025-12-15,36.5,109.6,
COHR,C2,2026-01-12,80.6,45.3,
COHR,C2,2026-02-09,76.1,,
COHR,C2,2026-03-09,58.6,,
COHR,C2,2026-04-06,5.5,,
COHR,C2,2026-05-04,,,
COHR,C2,2026-06-01,,,
COHR,C2,2026-06-29,,,
COHR,L3,2017-10-10,24.6,5.6,-6.9
COHR,L3,2018-03-02,23.6,24.0,4.0
COHR,L3,2018-09-19,-35.6,-22.6,-31.5
COHR,L3,2020-11-06,74.1,11.1,13.6
COHR,L3,2024-05-31,29.5,90.4,41.5
COHR,L3,2024-10-03,3.4,-41.4,23.4
COHR,L3,2024-11-22,-35.2,-22.5,83.0
COHR,L3,2024-12-11,-32.8,-22.3,84.6
COHR,L3,2025-10-16,73.7,189.8,
COHR,L3,2025-11-11,39.2,126.9,
COHR,L3,2026-01-12,77.1,,
COHR,L3,2026-02-12,67.9,,
COHR,L3,2026-05-05,,,
COHR,C3,2017-10-11,22.2,2.4,-7.7
COHR,C3,2017-10-17,19.7,-5.1,-10.6
COHR,C3,2017-10-23,4.2,-4.3,4.7
COHR,C3,2017-10-27,-2.0,0.3,5.2
COHR,C3,2017-11-02,-4.4,7.9,-13.0
COHR,C3,2017-11-08,-15.3,2.5,-21.4
COHR,C3,2017-11-14,-18.1,-3.9,-24.7
COHR,C3,2017-11-20,-21.5,-10.2,-23.6
COHR,C3,2017-11-27,-25.1,-7.4,-31.5
COHR,C3,2017-12-01,-15.7,5.4,-29.8
COHR,C3,2017-12-07,2.8,6.8,-27.1
COHR,C3,2017-12-13,4.7,6.8,-28.2
COHR,C3,2017-12-19,-8.1,-6.2,-37.1
COHR,C3,2017-12-26,-14.1,-13.5,-30.2
COHR,C3,2018-01-02,-15.7,-10.7,-30.4
COHR,C3,2018-01-08,-14.6,-15.8,-36.6
COHR,C3,2018-01-12,-15.3,-14.8,-35.0
COHR,C3,2018-01-19,-24.6,-13.3,-28.8
COHR,C3,2018-01-25,-14.9,-11.5,-18.4
COHR,C3,2018-01-31,1.2,6.4,-11.4
COHR,C3,2018-02-06,13.1,10.9,0.0
COHR,C3,2018-02-12,21.5,21.7,12.7
COHR,C3,2018-02-16,18.4,24.5,10.1
COHR,C3,2018-03-07,23.0,21.1,-2.7
COHR,C3,2018-03-13,15.3,14.1,-11.0
COHR,C3,2018-03-19,4.8,6.3,-13.9
COHR,C3,2018-03-23,6.0,8.8,-7.8
COHR,C3,2018-09-24,-33.5,-19.7,-32.8
COHR,C3,2020-11-10,61.7,14.4,13.3
COHR,C3,2020-11-16,45.1,9.3,3.2
COHR,C3,2020-11-20,30.1,4.4,-5.9
COHR,C3,2020-11-27,13.9,4.1,0.6
COHR,C3,2020-12-03,5.9,1.6,2.2
COHR,C3,2020-12-09,1.4,-2.1,-3.2
COHR,C3,2020-12-15,-8.4,-4.9,-7.4
COHR,C3,2020-12-21,-5.4,-1.9,-4.1
COHR,C3,2020-12-28,-8.7,-5.3,-8.2
COHR,C3,2021-01-04,0.3,-5.4,-7.6
COHR,C3,2021-01-08,-1.3,-15.6,-22.1
COHR,C3,2021-01-14,-14.6,-19.7,-31.4
COHR,C3,2021-01-21,-16.5,-26.8,-31.7
COHR,C3,2021-01-27,-23.0,-23.2,-27.7
COHR,C3,2021-02-02,-31.8,-22.7,-24.0
COHR,C3,2021-02-08,-31.9,-28.6,-17.3
COHR,C3,2021-02-12,-30.3,-33.3,-22.0
COHR,C3,2021-02-19,-26.5,-30.6,-21.6
COHR,C3,2021-02-25,-18.3,-23.7,-23.2
COHR,C3,2024-01-17,11.7,59.1,103.4
COHR,C3,2024-01-23,10.9,36.7,89.0
COHR,C3,2024-01-29,11.1,15.0,78.8
COHR,C3,2024-02-02,12.6,28.9,80.5
COHR,C3,2024-02-08,-12.0,15.3,29.8
COHR,C3,2024-02-14,-6.3,29.4,21.3
COHR,C3,2024-02-21,2.8,38.3,13.2
COHR,C3,2024-02-27,2.0,23.9,16.0
COHR,C3,2024-03-04,-0.2,5.8,-2.3
COHR,C3,2024-03-08,4.7,22.1,20.1
COHR,C3,2024-03-14,23.9,44.1,10.0
COHR,C3,2024-03-20,19.6,51.1,-10.2
COHR,C3,2024-03-26,21.4,48.8,5.6
COHR,C3,2024-06-05,6.1,50.1,21.6
COHR,C3,2024-06-11,16.6,61.2,34.4
COHR,C3,2024-06-17,16.3,32.0,19.4
COHR,C3,2024-06-24,26.4,35.2,27.2
COHR,C3,2024-06-28,22.6,46.6,32.6
COHR,C3,2024-07-05,27.7,20.5,34.0
COHR,C3,2024-07-11,36.3,24.6,30.5
COHR,C3,2024-07-17,34.6,42.1,41.9
COHR,C3,2024-07-23,33.7,17.0,46.5
COHR,C3,2024-07-29,42.4,26.8,68.4
COHR,C3,2024-08-02,54.3,58.9,53.6
COHR,C3,2024-08-08,77.5,40.0,45.0
COHR,C3,2024-10-08,-5.9,-43.3,17.9
COHR,C3,2024-10-14,-4.2,-42.2,30.9
COHR,C3,2024-10-18,2.1,-34.0,34.4
COHR,C3,2024-10-24,-7.3,-26.6,59.8
COHR,C3,2024-10-30,-7.3,-27.4,44.0
COHR,C3,2024-11-05,-6.5,-15.8,52.8
COHR,C3,2024-11-27,-33.7,-17.2,81.8
COHR,C3,2024-12-17,-26.8,-15.5,88.1
COHR,C3,2024-12-23,-34.4,-8.2,74.9
COHR,C3,2024-12-30,-46.7,-1.2,94.1
COHR,C3,2025-01-06,-45.1,-3.1,99.5
COHR,C3,2025-09-26,74.6,136.7,
COHR,C3,2025-11-12,42.9,141.3,
COHR,C3,2025-11-18,84.5,172.9,
COHR,C3,2025-11-24,96.9,175.0,
COHR,C3,2025-12-01,44.2,117.7,
COHR,C3,2025-12-05,32.7,127.6,
COHR,C3,2025-12-11,29.6,114.3,
COHR,C3,2025-12-17,59.8,123.3,
COHR,C3,2025-12-23,14.5,73.7,
COHR,C3,2026-01-13,81.6,,
COHR,C3,2026-02-17,63.0,,
COHR,C3,2026-02-23,52.8,,
COHR,C3,2026-02-27,64.9,,
COHR,C3,2026-03-05,58.3,,
COHR,C3,2026-03-11,53.1,,
COHR,C3,2026-03-17,58.5,,
COHR,C3,2026-03-23,59.7,,
COHR,C3,2026-05-06,,,
COHR,C3,2026-05-12,,,
COHR,C3,2026-05-18,,,
COHR,C3,2026-05-22,,,
COHR,C3,2026-05-29,,,
COHR,C3,2026-06-04,,,
COHR,C3,2026-06-10,,,
LITE,L2,2018-10-01,-23.9,6.9,-6.1
LITE,L2,2020-09-07,22.9,25.9,21.7
LITE,C2,2017-08-14,10.6,13.6,15.3
LITE,C2,2017-09-11,-8.9,22.2,6.6
LITE,C2,2017-10-09,-7.8,11.4,1.0
LITE,C2,2017-11-06,0.1,10.4,-2.1
LITE,C2,2018-06-04,11.5,-29.0,-23.7
LITE,C2,2018-10-22,-11.7,8.4,1.5
LITE,C2,2020-03-23,8.8,6.0,31.3
LITE,C2,2020-04-20,7.4,6.8,19.6
LITE,C2,2020-05-18,16.6,13.3,7.9
LITE,C2,2020-09-28,22.5,19.6,10.3
LITE,C2,2020-10-26,13.4,2.9,-0.1
LITE,C2,2020-11-23,6.5,-3.7,2.7
LITE,C2,2020-12-21,-6.5,-15.9,6.3
LITE,C2,2021-01-18,-5.0,-16.2,-1.5
LITE,C2,2021-02-15,-13.5,-7.8,8.0
LITE,C2,2021-03-15,-4.2,2.2,13.7
LITE,C2,2021-04-12,-13.9,-8.6,-8.1
LITE,C2,2022-02-28,-10.0,-14.7,-42.2
LITE,C2,2022-03-28,-18.5,-28.2,-43.4
LITE,C2,2024-08-05,93.9,98.6,168.8
LITE,C2,2025-07-21,71.5,224.5,
LITE,C2,2025-08-18,114.2,459.6,
LITE,C2,2025-09-15,120.1,318.6,
LITE,C2,2025-10-13,96.8,442.6,
LITE,C2,2025-11-10,142.4,318.1,
LITE,C2,2025-12-08,91.9,184.1,
LITE,C2,2026-01-05,155.3,128.2,
LITE,C2,2026-02-02,63.7,,
LITE,C2,2026-03-02,54.7,,
LITE,C2,2026-03-30,-11.9,,
LITE,C2,2026-04-27,,,
LITE,C2,2026-05-25,,,
LITE,C2,2026-06-22,,,
LITE,L3,2017-09-19,-9.0,12.1,1.5
LITE,L3,2017-10-30,-30.7,-1.9,-13.6
LITE,L3,2020-04-21,16.9,12.3,12.1
LITE,L3,2020-10-22,16.7,-0.3,1.8
LITE,L3,2020-12-17,-14.8,-10.9,14.7
LITE,L3,2021-02-18,-13.2,-5.1,6.3
LITE,L3,2021-04-16,-12.9,-8.4,-13.2
LITE,L3,2022-03-03,-13.1,-18.5,-48.8
LITE,L3,2026-05-19,,,
LITE,C3,2017-08-15,6.5,10.9,25.3
LITE,C3,2017-08-21,16.1,17.6,32.9
LITE,C3,2017-08-25,1.1,12.7,16.0
LITE,C3,2017-09-25,-3.6,16.4,5.8
LITE,C3,2017-09-29,-6.3,9.1,4.8
LITE,C3,2017-11-02,-8.9,7.2,-34.0
LITE,C3,2017-11-08,0.3,9.4,-30.4
LITE,C3,2017-11-14,5.3,13.4,-23.3
LITE,C3,2017-11-20,4.5,3.4,-17.6
LITE,C3,2020-04-24,9.9,3.4,3.4
LITE,C3,2020-04-30,16.9,1.1,-15.7
LITE,C3,2020-05-06,13.5,10.1,-7.2
LITE,C3,2020-05-12,22.1,8.4,4.0
LITE,C3,2020-05-18,21.7,15.1,14.2
LITE,C3,2020-10-23,13.7,-0.2,5.1
LITE,C3,2020-10-29,3.9,-2.6,7.2
LITE,C3,2020-11-04,2.6,-20.6,5.9
LITE,C3,2020-12-21,2.6,-7.3,19.5
LITE,C3,2020-12-28,-6.4,-15.4,6.4
LITE,C3,2021-01-04,-5.6,-14.7,8.9
LITE,C3,2021-01-08,-13.2,-24.7,-7.1
LITE,C3,2021-01-14,-13.4,-22.4,-7.9
LITE,C3,2021-01-21,-3.0,-14.5,3.0
LITE,C3,2021-04-19,-10.5,-8.3,-10.0
LITE,C3,2021-04-23,-13.8,-14.2,-4.9
LITE,C3,2022-03-08,-6.7,-12.3,-42.6
LITE,C3,2022-03-14,-5.5,-12.7,-39.9
LITE,C3,2022-03-18,-17.8,-25.9,-43.1
LITE,C3,2024-07-19,19.7,35.4,102.9
LITE,C3,2024-07-25,26.6,67.3,128.7
LITE,C3,2024-07-31,23.3,79.0,121.4
LITE,C3,2024-08-06,73.0,90.5,178.6
LITE,C3,2025-07-01,85.5,334.4,721.9
LITE,C3,2025-07-08,78.6,272.2,
LITE,C3,2025-07-14,70.0,251.5,
LITE,C3,2025-07-18,57.5,231.8,
LITE,C3,2025-07-24,74.3,270.9,
LITE,C3,2025-07-30,82.2,323.8,
LITE,C3,2025-08-05,115.2,418.8,
LITE,C3,2025-08-11,119.5,422.0,
LITE,C3,2025-08-15,108.9,482.4,
LITE,C3,2025-08-21,117.7,496.9,
LITE,C3,2025-08-27,158.4,417.2,
LITE,C3,2025-09-03,144.4,401.0,
LITE,C3,2025-09-09,141.2,328.1,
LITE,C3,2025-09-15,87.3,331.9,
LITE,C3,2025-09-19,131.1,316.5,
LITE,C3,2025-09-25,134.2,419.7,
LITE,C3,2025-10-01,108.3,421.7,
LITE,C3,2025-10-07,123.6,424.3,
LITE,C3,2025-10-13,113.8,421.3,
LITE,C3,2025-10-17,115.1,421.7,
LITE,C3,2025-10-23,128.5,463.8,
LITE,C3,2025-10-29,103.1,316.5,
LITE,C3,2025-11-04,206.4,447.0,
LITE,C3,2025-11-10,116.5,242.5,
LITE,C3,2025-11-14,187.6,292.3,
LITE,C3,2025-11-20,190.3,288.0,
LITE,C3,2025-11-26,120.8,180.2,
LITE,C3,2025-12-03,121.8,193.6,
LITE,C3,2025-12-09,73.4,141.4,
LITE,C3,2025-12-15,111.0,151.7,
LITE,C3,2025-12-19,85.4,131.0,
LITE,C3,2025-12-26,95.7,78.9,
LITE,C3,2026-01-02,132.1,98.9,
LITE,C3,2026-01-08,144.9,110.4,
LITE,C3,2026-01-14,169.9,,
LITE,C3,2026-01-21,143.3,,
LITE,C3,2026-01-27,143.4,,
LITE,C3,2026-02-02,123.0,,
LITE,C3,2026-02-06,79.8,,
LITE,C3,2026-02-12,51.7,,
LITE,C3,2026-02-19,49.0,,
LITE,C3,2026-02-25,18.2,,
LITE,C3,2026-03-03,36.1,,
LITE,C3,2026-03-09,33.2,,
LITE,C3,2026-03-13,40.6,,
LITE,C3,2026-03-19,7.2,,
LITE,C3,2026-03-25,9.6,,
LITE,C3,2026-03-31,4.1,,
LITE,C3,2026-04-07,-1.7,,
LITE,C3,2026-04-13,-18.9,,
LITE,C3,2026-04-17,,,
LITE,C3,2026-04-23,,,
LITE,C3,2026-05-21,,,
CIEN,L2,2018-08-13,26.7,51.3,54.5
CIEN,L2,2021-05-17,4.0,14.9,-5.8
CIEN,L2,2025-02-24,0.6,18.1,338.2
CIEN,L2,2026-07-06,,,
CIEN,C2,2017-08-14,-13.5,-0.6,13.7
CIEN,C2,2018-05-07,1.7,34.2,36.7
CIEN,C2,2018-08-27,3.3,35.4,29.6
CIEN,C2,2018-09-24,6.0,19.5,25.9
CIEN,C2,2018-10-22,34.8,28.9,25.7
CIEN,C2,2018-11-19,40.2,13.2,18.9
CIEN,C2,2018-12-17,16.9,37.2,33.7
CIEN,C2,2019-01-14,-0.8,11.8,9.7
CIEN,C2,2019-02-11,-13.9,2.1,7.4
CIEN,C2,2019-03-11,8.4,1.1,-6.1
CIEN,C2,2019-04-08,16.0,-0.5,20.2
CIEN,C2,2019-05-06,24.5,6.8,36.8
CIEN,C2,2020-04-06,20.4,-5.7,23.7
CIEN,C2,2021-02-01,-2.6,2.8,18.1
CIEN,C2,2021-05-24,8.2,14.9,-1.0
CIEN,C2,2021-06-21,-10.5,30.7,-19.3
CIEN,C2,2021-07-19,-6.3,15.5,-13.8
CIEN,C2,2021-08-16,10.5,24.9,1.5
CIEN,C2,2022-03-14,-27.5,-30.4,-17.7
CIEN,C2,2023-04-24,-9.7,-10.9,1.2
CIEN,C2,2023-05-22,-13.5,-4.0,2.8
CIEN,C2,2024-02-12,-12.6,-3.8,60.6
CIEN,C2,2024-03-11,-6.6,12.3,27.6
CIEN,C2,2024-04-08,6.9,50.2,28.9
CIEN,C2,2024-05-06,-0.6,46.5,52.2
CIEN,C2,2024-06-03,11.8,60.8,59.0
CIEN,C2,2024-07-01,42.6,78.8,74.0
CIEN,C2,2025-03-24,33.4,130.6,552.4
CIEN,C2,2025-04-21,34.4,171.5,689.8
CIEN,C2,2025-05-19,12.0,122.2,627.7
CIEN,C2,2025-06-16,85.7,209.1,474.6
CIEN,L3,2018-09-27,9.4,20.3,20.1
CIEN,L3,2018-11-15,28.7,3.6,12.1
CIEN,L3,2018-12-20,12.9,25.0,27.2
CIEN,L3,2021-06-15,-6.7,28.6,-19.1
CIEN,L3,2021-08-26,8.8,21.8,-22.7
CIEN,L3,2023-04-11,-19.5,-15.6,-13.2
CIEN,L3,2024-06-13,16.8,73.6,68.2
CIEN,L3,2025-06-03,40.2,155.7,416.8
CIEN,C3,2017-08-15,-18.4,-4.8,15.1
CIEN,C3,2017-08-21,-11.3,2.2,36.5
CIEN,C3,2017-08-25,-9.5,-2.1,29.5
CIEN,C3,2018-04-20,-2.9,11.6,46.1
CIEN,C3,2018-04-26,-2.9,16.2,34.8
CIEN,C3,2018-10-01,16.5,26.0,26.5
CIEN,C3,2018-10-05,24.7,29.8,29.9
CIEN,C3,2018-11-21,38.0,12.3,17.4
CIEN,C3,2018-11-28,22.1,38.2,8.2
CIEN,C3,2018-12-04,26.5,35.0,30.0
CIEN,C3,2018-12-21,16.9,32.4,32.1
CIEN,C3,2018-12-28,15.2,27.2,25.8
CIEN,C3,2019-01-04,8.1,27.5,24.0
CIEN,C3,2019-01-10,4.1,18.9,15.2
CIEN,C3,2019-01-16,2.6,19.0,11.7
CIEN,C3,2019-01-23,-0.1,19.3,12.0
CIEN,C3,2019-01-29,-1.0,4.7,7.8
CIEN,C3,2019-02-04,-4.8,14.9,13.7
CIEN,C3,2019-02-08,-12.3,5.8,15.9
CIEN,C3,2019-02-14,-12.7,4.6,-1.9
CIEN,C3,2019-02-21,-16.9,-6.7,-1.7
CIEN,C3,2019-02-27,-18.6,-5.1,-5.5
CIEN,C3,2019-03-05,11.7,-4.4,-13.9
CIEN,C3,2019-03-11,6.9,-0.9,-10.3
CIEN,C3,2019-03-15,12.4,1.4,3.6
CIEN,C3,2019-03-21,10.9,4.2,3.7
CIEN,C3,2019-03-27,10.7,-1.8,22.6
CIEN,C3,2019-04-02,13.4,-1.0,19.5
CIEN,C3,2021-01-22,-3.9,5.0,20.7
CIEN,C3,2021-01-28,-5.0,5.3,20.9
CIEN,C3,2021-02-03,-0.3,4.5,18.1
CIEN,C3,2021-02-09,-9.2,0.3,23.1
CIEN,C3,2021-02-16,-6.7,-1.1,23.5
CIEN,C3,2021-06-16,-7.6,29.4,-20.2
CIEN,C3,2021-06-22,-10.4,33.8,-21.1
CIEN,C3,2021-06-28,-10.8,33.8,-18.3
CIEN,C3,2021-08-27,5.3,15.3,-22.5
CIEN,C3,2021-09-02,4.6,-1.9,-27.9
CIEN,C3,2022-03-03,-28.5,-36.5,-26.3
CIEN,C3,2022-03-09,-23.8,-28.1,-17.8
CIEN,C3,2022-03-15,-25.7,-28.3,-10.1
CIEN,C3,2023-04-12,-19.3,-14.5,-12.3
CIEN,C3,2024-01-25,-9.5,-0.8,73.6
CIEN,C3,2024-01-31,-9.9,-12.2,67.6
CIEN,C3,2024-02-06,-10.9,-9.5,57.4
CIEN,C3,2024-02-12,-13.3,-5.2,42.0
CIEN,C3,2024-02-16,-11.6,1.1,32.9
CIEN,C3,2024-02-23,-10.5,2.5,18.4
CIEN,C3,2024-02-29,-15.9,-8.0,12.0
CIEN,C3,2024-03-06,-26.2,-14.0,5.9
CIEN,C3,2024-03-12,-6.2,9.6,27.7
CIEN,C3,2024-03-18,-5.1,24.6,24.3
CIEN,C3,2024-03-22,-6.4,21.4,8.4
CIEN,C3,2025-06-05,67.3,203.7,486.2
CIEN,C3,2025-06-11,88.2,190.6,571.1
ANET,L2,2021-04-05,19.8,17.9,66.1
ANET,L2,2022-03-28,-33.0,-19.1,20.3
ANET,C2,2017-09-11,30.6,66.0,53.3
ANET,C2,2017-10-09,35.5,27.8,16.3
ANET,C2,2017-11-06,23.3,17.6,10.6
ANET,C2,2017-12-04,32.5,22.9,1.0
ANET,C2,2018-01-01,9.3,10.8,-14.5
ANET,C2,2018-01-29,-10.4,-5.8,-19.4
ANET,C2,2018-02-26,-3.8,10.1,5.5
ANET,C2,2018-03-26,0.9,4.1,23.2
ANET,C2,2018-04-23,3.2,-16.4,21.9
ANET,C2,2018-05-21,20.7,-14.3,0.1
ANET,C2,2020-09-21,44.0,55.1,79.5
ANET,C2,2020-10-19,45.4,48.8,82.4
ANET,C2,2021-05-03,14.9,61.5,35.1
ANET,C2,2021-05-31,3.7,38.4,17.8
ANET,C2,2021-06-28,-4.1,57.3,2.2
ANET,C2,2021-07-26,7.7,26.4,22.6
ANET,C2,2021-08-23,34.1,32.5,32.0
ANET,C2,2021-09-20,57.5,53.7,22.1
ANET,C2,2021-10-18,21.5,20.6,13.2
ANET,C2,2022-04-18,-13.0,-6.1,32.4
ANET,C2,2023-01-16,35.4,49.1,128.9
ANET,C2,2023-02-13,4.1,30.6,89.4
ANET,C2,2023-03-13,-3.4,13.1,70.1
ANET,C2,2023-04-10,1.2,16.0,65.8
ANET,C2,2023-05-08,26.2,49.2,126.5
ANET,C2,2023-06-05,20.9,37.8,82.6
ANET,C2,2023-07-03,22.8,46.2,131.7
ANET,C2,2023-07-31,18.3,52.1,77.8
ANET,C2,2023-08-28,9.8,45.8,79.1
ANET,C2,2023-09-25,28.0,57.7,106.7
ANET,C2,2023-10-23,50.1,50.2,123.7
ANET,C2,2023-11-20,22.6,40.4,86.1
ANET,C2,2023-12-18,28.6,41.6,89.4
ANET,C2,2024-01-15,-6.6,25.4,82.1
ANET,C2,2024-02-12,22.2,35.2,63.3
ANET,C2,2024-03-11,18.3,29.5,20.3
ANET,C2,2024-04-08,33.4,53.7,7.2
ANET,C2,2024-05-06,6.9,27.5,10.2
ANET,C2,2024-06-03,5.9,45.9,31.1
ANET,C2,2024-07-01,8.1,25.9,12.0
ANET,C2,2024-07-29,23.4,44.3,47.3
ANET,C2,2024-08-26,14.8,5.3,54.6
ANET,C2,2024-09-23,18.9,-18.0,49.9
ANET,C2,2024-10-21,31.1,-20.9,56.1
ANET,C2,2024-11-18,-3.3,-10.3,15.6
ANET,C2,2024-12-16,-26.3,-23.5,16.2
ANET,C2,2025-01-13,-40.6,-6.8,8.2
ANET,C2,2025-02-10,-9.8,28.5,32.5
ANET,C2,2025-03-10,10.6,66.9,59.9
ANET,C2,2025-04-07,49.4,112.1,102.8
ANET,C2,2026-01-19,29.8,,
ANET,C2,2026-02-16,16.0,,
ANET,L3,2017-09-13,29.6,61.6,57.0
ANET,L3,2017-12-12,27.1,30.0,-8.1
ANET,L3,2018-02-05,-2.2,1.3,1.6
ANET,L3,2018-05-09,3.6,-8.8,-2.4
ANET,L3,2018-05-24,20.7,-6.8,-2.4
ANET,L3,2020-09-10,34.5,37.7,69.9
ANET,L3,2021-04-27,19.4,28.4,39.2
ANET,L3,2021-05-20,10.2,50.6,21.1
ANET,L3,2021-08-10,40.5,32.2,36.8
ANET,L3,2022-04-12,-21.1,-16.6,22.4
ANET,L3,2023-02-23,24.5,36.7,109.4
ANET,L3,2023-06-06,23.0,41.9,113.1
ANET,L3,2023-07-27,9.4,63.4,107.8
ANET,L3,2023-08-21,16.6,47.2,76.9
ANET,L3,2023-11-17,24.7,43.3,91.1
ANET,L3,2024-04-01,21.9,32.1,-1.8
ANET,L3,2024-05-31,9.5,43.6,27.8
ANET,L3,2024-10-03,18.2,-25.5,46.7
ANET,L3,2024-12-30,-42.2,-4.6,12.2
ANET,L3,2026-01-12,30.5,,
ANET,L3,2026-02-12,4.9,,
ANET,C3,2017-09-14,32.1,56.5,50.8
ANET,C3,2017-09-20,25.2,30.1,35.9
ANET,C3,2017-09-26,31.7,41.8,33.1
ANET,C3,2017-10-02,22.2,40.3,16.8
ANET,C3,2017-10-06,30.8,24.1,20.8
ANET,C3,2017-10-12,37.4,36.3,17.1
ANET,C3,2017-10-18,43.8,36.6,20.3
ANET,C3,2017-10-24,44.0,37.5,28.9
ANET,C3,2017-10-30,39.4,32.2,24.6
ANET,C3,2017-11-03,31.3,25.8,21.2
ANET,C3,2017-12-13,26.8,24.1,-9.0
ANET,C3,2017-12-19,14.8,7.7,-15.4
ANET,C3,2017-12-26,7.6,8.6,-7.9
ANET,C3,2018-01-02,12.0,16.2,-3.5
ANET,C3,2018-02-07,-7.7,-3.6,-3.9
ANET,C3,2018-02-13,-15.4,-6.4,-2.9
ANET,C3,2018-02-20,2.5,23.6,11.3
ANET,C3,2018-02-26,-3.2,14.6,8.4
ANET,C3,2018-05-29,18.1,-6.8,-5.0
ANET,C3,2018-06-04,1.5,-16.1,-11.1
ANET,C3,2020-09-16,38.7,38.2,68.4
ANET,C3,2020-09-22,43.3,49.5,71.9
ANET,C3,2020-09-28,40.9,50.1,81.4
ANET,C3,2021-05-03,21.4,66.5,29.2
ANET,C3,2021-05-07,13.1,58.9,24.9
ANET,C3,2021-05-25,9.1,49.7,22.4
ANET,C3,2021-06-01,7.4,44.8,13.4
ANET,C3,2021-06-07,2.0,46.0,2.6
ANET,C3,2021-06-11,-1.7,52.4,4.8
ANET,C3,2021-06-17,-4.3,49.1,2.6
ANET,C3,2021-06-23,-1.2,59.0,8.2
ANET,C3,2021-06-29,-5.5,56.4,8.0
ANET,C3,2021-07-06,-5.7,38.1,7.3
ANET,C3,2021-07-12,1.1,41.5,10.4
ANET,C3,2021-07-16,5.6,34.2,26.9
ANET,C3,2021-07-22,4.6,26.4,30.4
ANET,C3,2021-08-13,45.1,42.0,39.0
ANET,C3,2021-08-19,40.6,31.8,30.7
ANET,C3,2021-08-25,33.6,31.6,28.6
ANET,C3,2022-04-19,-20.5,-14.0,4.8
ANET,C3,2022-04-25,-3.0,2.1,16.1
ANET,C3,2022-04-29,5.3,5.8,20.0
ANET,C3,2022-05-05,9.0,10.8,27.5
ANET,C3,2023-02-27,20.5,43.0,96.4
ANET,C3,2023-03-03,13.5,39.7,97.4
ANET,C3,2023-03-09,14.4,26.2,104.9
ANET,C3,2023-03-15,2.6,18.8,87.5
ANET,C3,2023-03-21,-11.5,5.9,77.8
ANET,C3,2023-03-27,-5.2,11.8,75.5
ANET,C3,2023-03-31,-5.3,15.6,56.8
ANET,C3,2023-04-06,2.6,20.7,54.0
ANET,C3,2023-06-08,16.5,41.4,107.8
ANET,C3,2023-06-14,10.0,40.0,105.8
ANET,C3,2023-07-28,16.3,80.8,122.3
ANET,C3,2023-08-03,19.5,55.2,100.6
ANET,C3,2023-08-25,20.1,59.2,79.5
ANET,C3,2023-08-31,10.2,39.9,84.3
ANET,C3,2023-09-07,14.6,45.2,94.0
ANET,C3,2023-09-13,22.8,57.7,106.4
ANET,C3,2023-09-19,26.1,61.1,106.6
ANET,C3,2023-09-25,31.2,60.5,116.7
ANET,C3,2023-11-21,26.3,41.0,95.9
ANET,C3,2023-11-28,32.5,37.0,92.9
ANET,C3,2023-12-04,27.0,41.7,116.7
ANET,C3,2023-12-08,26.8,51.8,101.4
ANET,C3,2023-12-14,28.4,42.5,95.7
ANET,C3,2023-12-20,27.7,50.3,97.6
ANET,C3,2023-12-27,22.3,54.0,92.4
ANET,C3,2024-01-03,29.6,56.8,106.0
ANET,C3,2024-01-09,10.6,37.3,110.6
ANET,C3,2024-01-16,1.6,36.9,70.3
ANET,C3,2024-01-22,-4.4,20.2,68.5
ANET,C3,2024-01-26,-3.0,20.8,81.9
ANET,C3,2024-02-01,6.0,27.2,62.6
ANET,C3,2024-02-07,17.6,30.6,47.2
ANET,C3,2024-02-13,20.6,33.2,38.0
ANET,C3,2024-02-20,21.9,32.8,35.3
ANET,C3,2024-02-26,12.6,29.1,15.6
ANET,C3,2024-04-04,26.7,40.9,-1.4
ANET,C3,2024-04-10,25.1,36.1,4.5
ANET,C3,2024-06-06,10.2,44.6,24.0
ANET,C3,2024-06-12,15.4,45.1,27.7
ANET,C3,2024-06-18,13.0,32.9,20.5
ANET,C3,2024-06-25,15.5,33.3,27.1
ANET,C3,2024-07-01,9.2,33.4,21.4
ANET,C3,2024-07-08,7.9,21.4,18.3
ANET,C3,2024-07-12,14.2,32.6,29.9
ANET,C3,2024-07-18,20.9,55.3,41.4
ANET,C3,2024-07-24,21.4,39.8,71.0
ANET,C3,2024-07-30,27.2,48.3,77.3
ANET,C3,2024-08-05,28.6,48.4,68.6
ANET,C3,2024-10-07,16.5,-25.4,48.7
ANET,C3,2024-10-11,13.3,-34.1,50.4
ANET,C3,2024-10-17,26.8,-23.1,54.8
ANET,C3,2024-10-23,9.5,-7.6,36.0
ANET,C3,2024-10-29,11.9,-13.1,34.5
ANET,C3,2024-11-04,21.8,-0.5,25.1
ANET,C3,2025-01-02,-37.8,-3.1,16.1
ANET,C3,2025-01-08,-36.3,-3.2,18.0
ANET,C3,2025-01-15,-41.7,-1.8,27.6
ANET,C3,2025-01-22,-40.0,-6.0,0.4
ANET,C3,2025-01-28,-17.6,10.9,34.6
ANET,C3,2026-01-13,26.4,,
ANET,C3,2026-02-13,-0.0,,
ANET,C3,2026-02-20,19.0,,
SMCI,L2,2022-08-08,27.8,37.8,289.6
SMCI,C2,2019-07-22,11.8,55.1,45.6
SMCI,C2,2019-08-19,8.5,43.4,37.2
SMCI,C2,2020-03-09,27.5,12.0,59.1
SMCI,C2,2020-04-06,28.7,29.0,84.7
SMCI,C2,2021-03-22,-5.7,-2.3,10.0
SMCI,C2,2021-04-19,-8.2,-7.7,10.7
SMCI,C2,2021-05-17,-0.1,18.3,39.5
SMCI,C2,2021-06-14,8.7,19.5,25.9
SMCI,C2,2021-07-12,3.8,33.5,23.5
SMCI,C2,2021-08-09,20.4,4.8,79.9
SMCI,C2,2022-01-03,-19.9,-8.2,91.4
SMCI,C2,2022-01-31,34.1,54.7,120.8
SMCI,C2,2022-02-28,31.8,55.3,135.3
SMCI,C2,2022-03-28,3.2,45.2,181.0
SMCI,C2,2022-04-25,28.3,63.2,150.4
SMCI,C2,2022-08-29,34.3,51.6,337.2
SMCI,C2,2022-09-26,49.1,93.5,397.9
SMCI,C2,2022-10-24,8.1,53.4,251.3
SMCI,C2,2022-11-21,4.6,133.5,204.3
SMCI,C2,2022-12-19,34.8,162.9,252.5
SMCI,C2,2023-01-16,49.1,321.2,488.2
SMCI,C2,2023-02-13,78.5,164.8,773.4
SMCI,C2,2023-03-13,141.6,161.0,1019.2
SMCI,C2,2023-04-10,170.6,161.3,723.2
SMCI,C2,2023-05-08,89.2,97.8,493.7
SMCI,C2,2023-06-05,7.3,4.2,193.9
SMCI,C2,2023-07-03,11.4,12.4,225.6
SMCI,C2,2023-07-31,-24.6,71.4,84.8
SMCI,C2,2023-08-28,-4.4,220.9,55.1
SMCI,C2,2023-09-25,3.7,268.3,53.1
SMCI,C2,2023-10-23,96.4,255.2,95.8
SMCI,C2,2024-06-10,-45.9,-56.8,-50.8
SMCI,C2,2024-07-08,-47.5,-64.2,-45.9
SMCI,C2,2025-09-22,-33.1,-52.1,
SMCI,C2,2025-10-20,-34.4,-39.8,
SMCI,L3,2019-08-29,9.8,29.0,29.9
SMCI,L3,2021-03-29,-6.1,-0.3,-5.5
SMCI,L3,2021-06-07,-1.8,14.7,16.0
SMCI,L3,2022-01-12,-18.4,15.1,70.1
SMCI,L3,2022-05-03,36.7,78.5,237.4
SMCI,L3,2022-09-14,25.2,74.8,300.0
SMCI,L3,2022-12-13,9.5,151.6,227.7
SMCI,L3,2023-03-06,143.9,182.1,918.0
SMCI,L3,2023-04-25,258.6,153.7,778.3
SMCI,L3,2023-07-03,12.5,28.5,251.9
SMCI,L3,2024-05-31,-46.0,-47.6,-44.3
SMCI,L3,2024-07-09,-47.2,-65.9,-42.3
SMCI,L3,2025-10-02,-41.8,-51.9,
SMCI,C3,2019-08-30,14.3,21.9,35.8
SMCI,C3,2021-04-05,-14.3,-6.7,-11.0
SMCI,C3,2021-04-09,-17.0,-9.8,13.5
SMCI,C3,2021-04-15,-11.2,-10.4,4.9
SMCI,C3,2021-04-21,-8.8,-8.2,10.1
SMCI,C3,2021-04-27,-3.0,-8.1,33.0
SMCI,C3,2021-05-03,1.4,26.1,37.3
SMCI,C3,2021-05-07,6.0,20.4,43.9
SMCI,C3,2021-05-13,7.2,27.3,37.3
SMCI,C3,2021-05-19,-0.4,17.8,39.8
SMCI,C3,2021-06-11,-1.6,15.6,13.6
SMCI,C3,2021-12-09,-1.5,1.1,97.6
SMCI,C3,2022-01-13,-1.4,12.0,64.1
SMCI,C3,2022-01-20,1.1,25.6,93.6
SMCI,C3,2022-05-05,9.7,44.2,210.3
SMCI,C3,2022-12-14,20.2,140.0,223.7
SMCI,C3,2023-03-07,158.2,171.7,824.7
SMCI,C3,2023-03-13,177.5,173.6,1068.0
SMCI,C3,2023-03-17,130.3,146.9,986.0
SMCI,C3,2023-03-23,98.4,136.3,731.6
SMCI,C3,2023-03-29,135.9,165.4,787.2
SMCI,C3,2023-04-04,146.6,183.5,777.1
SMCI,C3,2023-04-11,182.2,178.6,627.8
SMCI,C3,2023-05-01,205.6,142.6,644.7
SMCI,C3,2023-07-10,15.0,25.8,191.3
SMCI,C3,2023-07-14,-1.2,43.3,141.1
SMCI,C3,2023-07-20,-17.9,57.0,121.9
SMCI,C3,2023-07-26,-24.5,66.9,55.2
SMCI,C3,2023-08-01,-25.3,101.9,68.1
SMCI,C3,2023-08-07,-28.0,118.8,76.5
SMCI,C3,2023-08-11,0.5,215.7,141.0
SMCI,C3,2023-08-17,18.2,252.4,83.9
SMCI,C3,2023-08-23,2.9,212.0,49.3
SMCI,C3,2023-08-29,4.5,329.9,70.2
SMCI,C3,2024-06-05,-48.9,-49.5,-43.5
SMCI,C3,2024-07-11,-46.2,-65.0,-38.7
SMCI,C3,2024-07-17,-41.7,-59.1,-27.8
SMCI,C3,2025-10-06,-45.3,-50.2,
SMCI,C3,2025-10-10,-46.5,-45.5,
SMCI,C3,2025-10-16,-40.1,-46.0,
SMCI,C3,2025-10-22,-40.6,-47.8,
DELL,L2,2019-07-29,1.6,-6.9,14.2
DELL,C2,2018-01-15,-17.9,6.6,-11.5
DELL,C2,2018-02-12,12.9,36.1,42.3
DELL,C2,2018-06-11,11.6,19.7,4.9
DELL,C2,2018-07-09,-0.4,-15.4,2.3
DELL,C2,2018-08-06,3.7,-1.6,-3.7
DELL,C2,2018-09-03,8.0,-1.8,0.1
DELL,C2,2018-10-01,-14.3,15.9,-6.4
DELL,C2,2018-10-29,-1.7,36.1,5.5
DELL,C2,2018-11-26,-3.0,2.0,-17.0
DELL,C2,2018-12-24,29.2,11.8,12.2
DELL,C2,2019-01-21,42.4,20.4,8.9
DELL,C2,2020-12-21,21.9,36.3,51.0
DELL,C2,2021-01-18,33.5,27.1,44.4
DELL,C2,2021-02-15,21.9,22.0,43.9
DELL,C2,2021-03-15,12.5,14.7,16.7
DELL,C2,2021-04-12,-9.0,6.2,-8.7
DELL,C2,2021-05-10,1.6,12.3,-9.0
DELL,C2,2021-06-07,-8.4,9.3,-6.1
DELL,C2,2021-07-05,4.8,14.1,-14.9
DELL,C2,2021-08-02,12.8,17.6,-7.7
DELL,C2,2021-08-30,18.8,5.5,-22.1
DELL,C2,2021-09-27,4.8,-9.0,-35.3
DELL,C2,2021-10-25,0.9,-15.1,-28.0
DELL,C2,2021-11-22,-8.4,-11.1,-18.6
DELL,C2,2021-12-20,-2.0,-9.4,-28.3
DELL,C2,2022-01-17,-15.1,-20.9,-25.8
DELL,C2,2022-02-14,-31.5,-17.9,-25.5
DELL,C2,2022-03-14,-7.5,-25.7,-25.8
DELL,C2,2022-04-11,-6.8,-25.9,-4.8
DELL,C2,2023-12-25,49.8,81.8,55.7
DELL,C2,2024-01-22,49.1,35.8,37.1
DELL,C2,2024-02-19,78.0,24.9,32.1
DELL,C2,2024-03-18,29.7,5.5,-11.8
DELL,C2,2024-04-15,9.9,10.9,-25.1
DELL,C2,2024-05-13,-25.3,-11.3,-22.3
DELL,C2,2024-06-10,-15.0,-11.6,-17.4
DELL,C2,2024-07-08,-8.2,-17.2,-7.5
DELL,C2,2024-08-05,45.6,15.8,51.4
DELL,C2,2024-09-02,21.4,-9.7,24.6
DELL,C2,2024-09-30,-0.1,-40.1,19.0
DELL,C2,2024-10-28,-20.5,-27.0,26.0
DELL,C2,2024-11-25,-19.1,-11.9,6.4
DELL,C2,2024-12-23,-21.0,6.8,12.2
DELL,C2,2025-11-03,-17.1,78.9,
DELL,C2,2025-12-01,5.9,186.0,
DELL,L3,2018-03-09,10.5,24.0,37.0
DELL,L3,2018-07-06,2.4,-14.0,9.9
DELL,L3,2020-12-29,25.0,39.1,65.2
DELL,L3,2021-02-05,22.9,26.3,49.4
DELL,L3,2021-03-30,11.4,18.8,5.5
DELL,L3,2021-06-17,1.2,9.8,-5.5
DELL,L3,2021-09-02,19.4,5.6,-22.3
DELL,L3,2021-10-20,-2.0,-17.1,-29.1
DELL,L3,2021-11-22,-6.7,-8.8,-20.0
DELL,L3,2022-01-31,-13.5,-18.8,-21.1
DELL,L3,2022-04-05,-12.1,-29.4,-7.0
DELL,L3,2023-12-13,54.6,109.4,73.4
DELL,L3,2024-03-25,23.9,5.7,-34.8
DELL,L3,2024-10-03,5.2,-28.6,31.7
DELL,C3,2018-01-09,-13.5,12.6,-4.4
DELL,C3,2018-01-16,-14.2,8.7,-1.7
DELL,C3,2018-01-22,-19.3,5.3,3.2
DELL,C3,2018-01-26,-13.7,12.4,12.4
DELL,C3,2018-02-01,3.2,34.0,39.8
DELL,C3,2018-02-07,11.3,42.1,50.2
DELL,C3,2018-02-13,8.8,39.1,48.7
DELL,C3,2018-07-09,1.0,-17.4,8.8
DELL,C3,2018-07-13,0.1,-17.5,5.2
DELL,C3,2018-07-19,-1.0,-12.5,10.0
DELL,C3,2018-07-25,-3.1,-6.4,-3.0
DELL,C3,2018-07-31,-2.3,-0.6,-3.3
DELL,C3,2018-08-06,-1.4,3.6,-5.2
DELL,C3,2018-08-10,4.2,5.2,-12.5
DELL,C3,2018-08-16,9.3,7.0,-11.6
DELL,C3,2018-08-22,8.6,6.9,-0.2
DELL,C3,2018-08-28,11.3,0.7,4.8
DELL,C3,2018-09-04,9.8,3.2,1.1
DELL,C3,2018-09-10,8.4,12.7,-1.3
DELL,C3,2018-09-14,7.3,4.9,-6.7
DELL,C3,2018-09-20,-16.1,10.5,-3.9
DELL,C3,2018-09-26,-8.6,12.8,-7.5
DELL,C3,2019-07-31,-8.4,-12.0,6.6
DELL,C3,2019-08-06,7.0,2.9,17.6
DELL,C3,2021-01-04,27.7,34.0,63.8
DELL,C3,2021-01-08,20.0,19.5,46.7
DELL,C3,2021-01-14,38.5,31.0,49.1
DELL,C3,2021-02-08,17.7,25.1,46.3
DELL,C3,2021-02-12,22.6,20.2,37.6
DELL,C3,2021-02-19,24.0,26.4,30.9
DELL,C3,2021-02-25,23.8,22.3,24.4
DELL,C3,2021-04-01,10.4,18.4,4.3
DELL,C3,2021-04-08,4.9,12.1,3.0
DELL,C3,2021-04-14,-0.4,17.2,1.3
DELL,C3,2021-04-20,-5.5,12.9,-8.0
DELL,C3,2021-04-26,-4.5,9.7,-6.5
DELL,C3,2021-04-30,0.1,10.8,-10.3
DELL,C3,2021-05-06,-1.3,10.9,-7.2
DELL,C3,2021-05-12,6.3,18.9,-13.0
DELL,C3,2021-06-22,2.9,11.9,-14.1
DELL,C3,2021-06-28,5.6,11.1,-15.4
DELL,C3,2021-07-02,6.6,15.2,-13.1
DELL,C3,2021-10-25,-2.6,-16.0,-29.8
DELL,C3,2021-10-29,6.6,-17.7,-23.3
DELL,C3,2021-11-04,9.9,-19.3,-22.7
DELL,C3,2021-11-24,-12.9,-9.9,-25.0
DELL,C3,2021-12-01,-11.4,-9.0,-21.2
DELL,C3,2021-12-07,-11.7,-19.1,-32.2
DELL,C3,2021-12-13,-9.4,-11.0,-28.1
DELL,C3,2021-12-17,-3.8,-7.4,-24.6
DELL,C3,2021-12-23,-1.5,-23.0,-22.2
DELL,C3,2022-02-03,-23.1,-18.4,-25.5
DELL,C3,2022-02-09,-25.3,-20.1,-28.6
DELL,C3,2022-02-15,-30.8,-20.4,-30.2
DELL,C3,2022-02-22,-23.7,-27.9,-31.3
DELL,C3,2022-02-28,0.1,-24.7,-25.9
DELL,C3,2022-04-06,-8.0,-27.3,-5.9
DELL,C3,2022-04-12,-8.3,-24.8,-7.8
DELL,C3,2023-12-19,54.4,91.2,60.9
DELL,C3,2023-12-26,56.1,86.8,57.3
DELL,C3,2024-01-02,78.2,96.5,48.3
DELL,C3,2024-01-08,57.0,70.6,47.9
DELL,C3,2024-01-12,51.5,63.7,30.2
DELL,C3,2024-01-19,46.2,38.1,22.7
DELL,C3,2024-01-25,54.4,31.5,30.0
DELL,C3,2024-01-31,51.5,6.8,35.0
DELL,C3,2024-02-06,59.9,21.8,47.2
DELL,C3,2024-02-12,72.9,30.1,35.5
DELL,C3,2024-02-16,75.5,34.0,13.4
DELL,C3,2024-04-01,19.7,1.4,-27.7
DELL,C3,2024-04-05,10.3,-5.3,-37.0
DELL,C3,2024-04-11,8.7,2.9,-21.9
DELL,C3,2024-04-17,8.0,1.8,-21.5
DELL,C3,2024-04-23,-5.5,0.7,-19.2
DELL,C3,2024-04-29,-14.8,3.2,-14.1
DELL,C3,2024-05-03,-29.5,11.0,-7.0
DELL,C3,2024-05-09,-23.8,2.9,-13.4
DELL,C3,2024-05-15,-24.7,-8.2,-24.1
DELL,C3,2024-05-21,-23.7,-1.4,-22.7
DELL,C3,2024-05-28,-33.1,-23.7,-31.8
DELL,C3,2024-06-03,-18.6,-5.9,-10.7
DELL,C3,2024-06-07,-16.0,-7.7,-5.6
DELL,C3,2024-06-13,-13.2,-16.0,-7.6
DELL,C3,2024-06-20,-20.6,-19.4,-14.5
DELL,C3,2024-06-26,-12.7,-16.1,-6.6
DELL,C3,2024-10-09,-10.5,-30.2,28.8
DELL,C3,2024-10-15,-11.0,-23.9,32.9
DELL,C3,2024-10-21,-16.7,-26.0,25.7
DELL,C3,2024-10-25,-15.1,-22.5,18.6
DELL,C3,2024-10-31,-14.0,-15.5,10.2
DELL,C3,2024-11-06,-18.1,-16.6,-13.6
DELL,C3,2024-11-12,-11.0,-17.1,-0.6
DELL,C3,2024-11-18,-18.3,-15.6,0.0
DELL,C3,2024-11-22,-33.5,-21.0,-2.4
DELL,C3,2024-11-29,-28.0,-10.3,4.1
DELL,C3,2025-10-07,-19.8,18.4,
DELL,C3,2025-10-13,-21.7,40.0,
DELL,C3,2025-10-17,-21.0,46.0,
DELL,C3,2025-10-23,-23.6,37.3,
DELL,C3,2025-10-29,-28.1,41.8,
DELL,C3,2025-11-04,-21.5,58.9,
DELL,C3,2025-11-10,-17.3,66.1,
DELL,C3,2025-11-14,-8.2,129.8,
DELL,C3,2025-11-20,3.9,299.9,
DELL,C3,2025-11-26,10.9,198.2,
HPE,L2,2018-05-07,-9.7,-9.8,-13.8
HPE,L2,2026-07-06,,,
HPE,C2,2017-09-18,3.7,24.8,22.1
HPE,C2,2017-10-16,15.1,24.3,12.5
HPE,C2,2017-11-13,20.4,29.5,13.7
HPE,C2,2017-12-11,30.9,11.9,1.3
HPE,C2,2018-05-28,7.2,-2.1,-9.1
HPE,C2,2018-06-25,12.4,-9.5,5.4
HPE,C2,2018-07-23,-5.5,-0.1,-3.3
HPE,C2,2020-01-27,-31.2,-27.6,-7.4
HPE,C2,2020-02-24,-23.3,-21.5,18.9
HPE,C2,2021-09-20,18.4,32.8,-6.3
HPE,C2,2022-01-24,-3.8,-10.3,3.3
HPE,C2,2022-02-21,-0.7,-12.8,0.5
HPE,C2,2022-03-21,-19.2,-29.5,-16.1
HPE,C2,2022-04-18,-11.9,-13.0,-5.1
HPE,C2,2022-05-16,5.8,13.3,4.6
HPE,C2,2022-06-13,-1.8,18.5,35.2
HPE,C2,2023-10-16,1.7,11.9,39.7
HPE,C2,2023-11-13,-5.5,13.8,36.1
HPE,C2,2024-07-01,1.1,7.6,6.9
HPE,C2,2024-07-29,12.1,19.1,13.1
HPE,C2,2024-08-26,10.3,3.6,19.9
HPE,C2,2024-09-23,8.2,-20.5,22.4
HPE,C2,2025-09-22,2.7,1.0,
HPE,C2,2025-10-20,-9.9,21.3,
HPE,C2,2025-11-17,4.8,85.4,
HPE,C2,2025-12-15,-11.2,95.9,
HPE,C2,2026-07-13,,,
HPE,L3,2018-08-01,3.0,4.1,-14.2
HPE,L3,2021-08-26,-2.6,12.6,-8.8
HPE,L3,2022-01-12,-7.7,-16.7,-2.4
HPE,L3,2022-04-21,-14.9,-12.8,-12.6
HPE,L3,2024-06-07,-17.6,10.4,-6.2
HPE,L3,2025-12-17,0.7,84.8,
HPE,C3,2017-09-19,9.6,31.4,22.7
HPE,C3,2021-08-27,-6.2,8.2,-9.3
HPE,C3,2021-09-02,-0.9,8.8,-11.6
HPE,C3,2021-09-09,5.4,17.0,-10.5
HPE,C3,2021-09-15,9.7,26.6,-9.5
HPE,C3,2021-09-21,20.5,35.6,-1.8
HPE,C3,2021-09-27,15.7,18.1,-8.1
HPE,C3,2022-01-19,-5.2,-15.1,-0.6
HPE,C3,2022-01-25,-0.5,-9.4,5.5
HPE,C3,2022-01-31,-0.7,-10.4,5.3
HPE,C3,2022-02-04,-3.0,-10.7,0.3
HPE,C3,2022-02-10,-7.3,-11.2,-7.2
HPE,C3,2022-02-16,-19.1,-17.3,-9.3
HPE,C3,2022-02-23,-8.5,-16.6,-6.2
HPE,C3,2022-03-01,-2.2,-13.3,-5.3
HPE,C3,2022-03-07,-4.4,-10.6,-4.6
HPE,C3,2022-04-27,-5.5,-5.0,-5.3
HPE,C3,2024-06-10,-17.6,7.4,-7.0
HPE,C3,2024-06-14,-14.8,-2.0,-1.8
HPE,C3,2024-06-21,-9.1,6.7,2.4
HPE,C3,2024-06-27,-2.1,3.4,1.1
HPE,C3,2024-07-03,0.5,8.0,5.1
HPE,C3,2024-07-10,-3.1,10.6,-1.1
HPE,C3,2025-09-11,-3.5,-10.0,
HPE,C3,2025-09-17,-2.8,6.1,
HPE,C3,2025-09-23,-0.5,-2.4,
HPE,C3,2025-09-29,0.1,3.3,
HPE,C3,2025-10-03,-7.6,2.8,
HPE,C3,2025-10-09,-14.6,2.0,
HPE,C3,2025-10-15,-18.1,12.9,
HPE,C3,2025-10-21,-7.6,23.1,
HPE,C3,2025-12-22,-2.5,79.6,
HPE,C3,2025-12-29,1.8,85.3,
VRT,L2,2023-11-27,56.4,117.5,183.1
VRT,C2,2020-12-21,3.0,43.4,31.4
VRT,C2,2021-01-18,8.8,38.6,6.7
VRT,C2,2021-02-15,9.3,25.2,-5.3
VRT,C2,2021-03-15,27.7,16.0,-34.4
VRT,C2,2021-04-12,18.2,2.0,-44.9
VRT,C2,2021-05-10,16.5,14.6,-51.5
VRT,C2,2021-06-07,-6.4,-1.6,-61.5
VRT,C2,2021-07-05,-18.1,-17.6,-67.0
VRT,C2,2021-08-02,1.4,-21.7,-52.9
VRT,C2,2021-08-30,-9.5,-62.5,-60.2
VRT,C2,2021-09-27,1.8,-40.6,-60.4
VRT,C2,2021-10-25,-21.9,-51.2,-41.7
VRT,C2,2021-11-22,-48.8,-55.6,-46.7
VRT,C2,2023-01-02,-12.3,74.6,228.2
VRT,C2,2023-01-30,2.7,144.8,321.5
VRT,C2,2023-02-27,21.0,143.7,331.6
VRT,C2,2023-03-27,73.1,160.0,471.2
VRT,C2,2023-04-24,73.9,144.1,527.2
VRT,C2,2023-12-04,47.2,86.1,184.3
VRT,C2,2024-01-01,84.3,98.3,171.7
VRT,C2,2024-01-29,51.4,13.1,90.6
VRT,C2,2024-02-26,39.0,17.7,35.0
VRT,C2,2024-03-25,6.0,20.6,-9.0
VRT,C2,2024-04-22,-17.5,20.0,-6.9
VRT,C2,2024-05-20,-26.0,32.1,-1.8
VRT,C2,2024-06-17,4.4,32.5,31.0
VRT,C2,2024-07-15,31.6,59.4,51.5
VRT,C2,2024-08-12,52.2,36.1,67.8
VRT,C2,2025-12-08,60.5,87.8,
VRT,C2,2026-01-05,80.5,95.0,
VRT,C2,2026-02-02,73.9,,
VRT,C2,2026-03-02,24.3,,
VRT,C2,2026-03-30,15.0,,
VRT,C2,2026-04-27,,,
VRT,C2,2026-05-25,,,
VRT,C2,2026-06-22,,,
VRT,L3,2020-12-16,4.2,45.1,33.4
VRT,L3,2021-02-04,10.4,31.4,5.5
VRT,L3,2021-04-27,21.9,11.3,-47.1
VRT,L3,2021-08-04,-2.4,-18.4,-51.5
VRT,L3,2021-08-27,-9.3,-62.6,-52.7
VRT,L3,2023-02-02,0.3,125.2,318.1
VRT,L3,2023-12-06,63.9,116.0,158.9
VRT,L3,2024-01-29,61.3,23.4,124.8
VRT,L3,2024-05-21,-20.7,33.3,13.4
VRT,L3,2024-09-06,75.9,24.2,112.1
VRT,L3,2026-02-06,87.8,,
VRT,L3,2026-05-05,,,
VRT,L3,2026-07-14,,,
VRT,C3,2020-12-17,-0.4,40.8,30.7
VRT,C3,2020-12-23,4.1,44.5,20.3
VRT,C3,2021-02-09,6.3,28.8,-2.0
VRT,C3,2021-02-16,10.1,27.1,-38.0
VRT,C3,2021-02-22,13.8,30.8,-46.1
VRT,C3,2021-02-26,19.1,35.5,-47.8
VRT,C3,2021-03-04,28.0,29.7,-40.6
VRT,C3,2021-03-10,27.0,14.6,-36.8
VRT,C3,2021-04-30,23.3,13.7,-55.2
VRT,C3,2021-05-06,20.4,18.0,-50.1
VRT,C3,2021-05-12,24.8,23.7,-50.4
VRT,C3,2021-05-18,14.7,16.3,-50.6
VRT,C3,2021-05-24,13.7,6.0,-55.3
VRT,C3,2021-05-28,13.5,3.3,-57.7
VRT,C3,2021-06-04,10.6,5.6,-61.8
VRT,C3,2021-06-10,-7.5,-6.0,-64.5
VRT,C3,2021-06-16,-10.6,-10.4,-63.9
VRT,C3,2021-06-22,-10.3,-7.0,-68.0
VRT,C3,2021-06-28,-10.3,-7.8,-67.9
VRT,C3,2021-07-02,-14.2,-13.1,-66.8
VRT,C3,2021-07-09,-18.7,-12.7,-62.1
VRT,C3,2021-07-15,-13.5,-15.4,-60.3
VRT,C3,2021-07-21,-14.0,-23.3,-57.4
VRT,C3,2021-08-06,1.0,-17.8,-52.1
VRT,C3,2021-08-12,-2.7,-20.0,-55.5
VRT,C3,2021-08-30,-13.5,-64.8,-52.9
VRT,C3,2021-09-03,-5.7,-58.0,-56.2
VRT,C3,2021-09-10,3.8,-46.1,-55.0
VRT,C3,2021-09-16,-0.2,-45.4,-56.9
VRT,C3,2021-09-22,3.6,-43.1,-50.1
VRT,C3,2023-02-06,7.7,143.5,337.0
VRT,C3,2023-02-10,4.6,134.9,358.8
VRT,C3,2023-02-16,2.2,116.8,337.2
VRT,C3,2023-02-23,19.9,136.3,338.2
VRT,C3,2023-03-01,22.8,138.3,355.1
VRT,C3,2023-03-07,29.9,137.5,386.9
VRT,C3,2023-12-07,62.6,102.8,156.2
VRT,C3,2023-12-13,60.8,89.1,148.3
VRT,C3,2023-12-19,66.6,76.6,140.6
VRT,C3,2023-12-26,64.2,90.8,164.2
VRT,C3,2024-01-02,87.0,106.3,189.6
VRT,C3,2024-01-31,65.2,19.4,94.2
VRT,C3,2024-02-06,65.7,29.0,77.5
VRT,C3,2024-02-12,70.6,28.7,61.0
VRT,C3,2024-02-16,57.5,24.8,37.4
VRT,C3,2024-02-23,67.8,27.5,24.6
VRT,C3,2024-02-29,42.2,11.2,29.5
VRT,C3,2024-03-06,21.8,14.5,23.9
VRT,C3,2024-03-12,31.8,20.8,13.0
VRT,C3,2024-03-18,17.3,24.6,-2.3
VRT,C3,2024-03-22,5.5,19.4,-22.5
VRT,C3,2024-03-28,7.8,25.8,-14.7
VRT,C3,2024-04-04,15.0,34.1,-9.2
VRT,C3,2024-04-10,3.7,26.8,-0.9
VRT,C3,2024-04-16,3.6,36.2,3.8
VRT,C3,2024-04-22,0.6,47.5,23.0
VRT,C3,2024-04-26,-15.8,17.0,8.2
VRT,C3,2024-05-28,-24.0,20.9,5.3
VRT,C3,2024-06-03,-21.8,39.4,21.5
VRT,C3,2024-06-07,-6.0,42.7,39.7
VRT,C3,2024-06-13,-8.4,19.8,34.9
VRT,C3,2026-02-11,49.3,,
VRT,C3,2026-02-18,33.0,,
VRT,C3,2026-02-24,24.1,,
VRT,C3,2026-03-02,28.6,,
VRT,C3,2026-03-06,19.8,,
VRT,C3,2026-03-12,17.6,,
VRT,C3,2026-03-18,35.3,,
VRT,C3,2026-03-24,12.2,,
VRT,C3,2026-03-30,28.3,,
VRT,C3,2026-04-06,25.2,,
VRT,C3,2026-05-11,,,
VRT,C3,2026-05-15,,,
VRT,C3,2026-05-21,,,
VRT,C3,2026-05-28,,,
VRT,C3,2026-06-03,,,
VRT,C3,2026-07-15,,,
STX,C2,2018-06-11,-16.5,-32.4,-20.0
STX,C2,2018-07-09,-26.2,-29.0,-14.5
STX,C2,2020-03-16,29.9,23.4,93.2
STX,C2,2020-04-13,-5.0,2.6,66.9
STX,C2,2021-03-15,16.2,14.1,30.4
STX,C2,2021-04-12,3.7,1.5,2.2
STX,C2,2021-05-10,-7.8,11.3,-15.8
STX,C2,2021-06-07,-13.3,8.3,-14.8
STX,C2,2021-07-05,-8.4,28.0,-12.1
STX,C2,2021-08-02,5.8,19.7,-9.3
STX,C2,2021-08-30,17.7,15.9,-25.2
STX,C2,2022-03-21,-17.6,-35.1,-29.0
STX,C2,2022-04-18,-5.9,-31.0,-28.3
STX,C2,2023-10-23,33.7,28.3,55.6
STX,C2,2023-11-20,16.6,25.9,34.9
STX,C2,2023-12-18,5.4,22.8,5.5
STX,C2,2024-01-15,-2.7,21.9,17.7
STX,C2,2024-02-12,9.7,18.0,19.3
STX,C2,2024-03-11,21.7,20.5,5.2
STX,C2,2024-04-08,26.6,30.6,-15.2
STX,C2,2024-05-06,3.1,13.0,4.8
STX,C2,2024-06-03,2.6,3.9,36.0
STX,C2,2024-07-01,5.8,-11.4,50.5
STX,C2,2024-07-29,5.5,3.3,68.3
STX,C2,2024-08-26,2.5,3.8,72.9
STX,C2,2024-09-23,-19.0,-20.7,104.2
STX,C2,2024-10-21,5.8,-18.5,132.8
STX,C2,2024-11-18,2.0,14.9,144.2
STX,C2,2024-12-16,1.9,51.2,245.1
STX,C2,2025-01-13,-21.8,54.7,240.5
STX,C2,2026-04-27,,,
STX,C2,2026-05-25,,,
STX,C2,2026-06-22,,,
STX,L3,2018-07-06,-20.7,-28.5,-14.5
STX,L3,2020-04-17,-2.7,3.1,96.9
STX,L3,2021-03-24,22.2,19.9,31.4
STX,L3,2021-07-22,5.8,17.6,-0.4
STX,L3,2021-09-02,16.7,0.6,-27.8
STX,L3,2023-10-03,23.7,36.7,76.1
STX,L3,2023-11-10,22.8,35.9,41.7
STX,L3,2024-02-02,3.1,11.6,21.2
STX,L3,2024-03-26,9.8,15.4,-19.3
STX,L3,2024-06-11,1.2,-4.0,43.2
STX,L3,2024-07-23,-1.0,-4.3,43.8
STX,L3,2024-10-03,-17.0,-34.5,112.2
STX,L3,2026-05-18,,,
STX,C3,2018-07-09,-24.1,-29.6,-14.6
STX,C3,2018-07-13,-26.6,-29.7,-14.2
STX,C3,2018-07-19,-22.4,-21.3,-14.3
STX,C3,2020-02-28,11.7,4.3,69.8
STX,C3,2020-03-05,12.5,-5.3,63.5
STX,C3,2021-02-18,31.7,20.7,43.2
STX,C3,2021-02-24,31.9,18.7,38.9
STX,C3,2021-03-02,36.8,26.6,24.2
STX,C3,2021-03-08,35.4,14.4,27.4
STX,C3,2021-03-29,17.8,14.0,18.5
STX,C3,2021-04-05,11.7,4.9,9.4
STX,C3,2021-04-09,10.7,0.4,9.7
STX,C3,2021-04-15,4.4,1.3,0.4
STX,C3,2021-04-21,2.7,8.0,1.3
STX,C3,2021-04-27,-6.8,-4.0,-9.7
STX,C3,2021-05-03,-1.8,5.7,-12.2
STX,C3,2021-05-07,2.1,9.8,-5.4
STX,C3,2021-05-13,4.1,19.9,-6.6
STX,C3,2021-05-19,-10.2,2.9,-13.0
STX,C3,2021-05-25,-9.4,12.2,-9.7
STX,C3,2021-06-01,-11.3,8.2,-16.1
STX,C3,2021-06-07,-14.5,5.2,-26.6
STX,C3,2021-06-11,-14.5,8.9,-24.5
STX,C3,2021-07-26,2.9,25.9,-3.1
STX,C3,2021-09-08,23.1,6.6,-25.8
STX,C3,2023-10-04,23.8,36.8,74.5
STX,C3,2023-10-10,25.4,28.6,74.3
STX,C3,2023-10-16,24.9,27.6,51.4
STX,C3,2023-11-13,21.8,31.3,44.1
STX,C3,2023-11-17,16.9,29.7,40.1
STX,C3,2023-11-24,23.3,22.0,33.4
STX,C3,2023-11-30,20.0,23.5,27.2
STX,C3,2023-12-06,18.1,36.9,22.2
STX,C3,2023-12-12,4.2,27.1,11.2
STX,C3,2023-12-18,7.8,25.2,6.7
STX,C3,2023-12-22,10.2,22.9,8.3
STX,C3,2023-12-29,7.2,24.0,10.0
STX,C3,2024-01-05,10.5,37.7,29.8
STX,C3,2024-02-08,7.1,15.3,17.5
STX,C3,2024-02-14,10.6,22.1,20.8
STX,C3,2024-03-28,11.6,18.5,-22.4
STX,C3,2024-06-13,-1.9,-10.7,42.6
STX,C3,2024-06-20,3.9,-12.5,48.6
STX,C3,2024-06-26,6.5,-14.8,47.2
STX,C3,2024-07-02,6.2,-11.9,46.2
STX,C3,2024-07-25,-0.2,-6.0,48.8
STX,C3,2024-07-31,-1.1,-4.2,56.7
STX,C3,2024-08-06,10.7,7.4,73.8
STX,C3,2024-10-04,-16.7,-31.2,104.8
STX,C3,2024-10-10,-12.1,-30.6,121.8
STX,C3,2024-10-16,-2.5,-24.8,146.0
STX,C3,2024-10-22,-10.3,-18.8,150.8
STX,C3,2024-10-28,-7.1,-4.3,191.2
STX,C3,2024-11-01,-2.3,8.1,170.1
STX,C3,2024-11-07,-2.7,5.4,131.4
STX,C3,2026-05-22,,,
STX,C3,2026-05-29,,,
STX,C3,2026-06-04,,,
STX,C3,2026-06-10,,,
STX,C3,2026-06-16,,,
STX,C3,2026-06-23,,,
STX,C3,2026-06-29,,,
STX,C3,2026-07-06,,,
STX,C3,2026-07-10,,,
WDC,L2,2017-11-06,-8.8,-10.3,-47.2
WDC,L2,2024-09-09,0.2,-9.4,99.3
WDC,C2,2017-08-28,-11.7,-1.2,-28.4
WDC,C2,2017-11-27,11.9,9.5,-41.3
WDC,C2,2018-04-23,-11.5,-44.5,-34.5
WDC,C2,2018-05-21,-25.6,-44.3,-50.6
WDC,C2,2020-03-16,44.8,21.4,130.3
WDC,C2,2020-04-13,2.6,-10.3,62.8
WDC,C2,2021-08-02,-18.3,-24.7,-31.5
WDC,C2,2021-08-30,-6.3,-18.1,-32.2
WDC,C2,2023-07-24,-7.3,38.5,62.4
WDC,C2,2023-08-21,18.0,42.0,63.0
WDC,C2,2023-09-18,16.7,41.6,47.9
WDC,C2,2023-10-16,27.8,54.1,56.4
WDC,C2,2023-11-13,15.8,54.7,34.7
WDC,C2,2024-09-30,-3.4,-39.1,162.6
WDC,C2,2024-10-28,-1.1,-10.3,202.6
WDC,C2,2024-11-25,-11.3,-6.6,196.9
WDC,C2,2024-12-23,-11.5,38.2,297.2
WDC,L3,2020-04-17,4.4,-0.6,68.1
WDC,L3,2023-09-01,1.8,35.0,39.4
WDC,L3,2024-10-17,2.0,-19.6,196.0
WDC,L3,2024-11-01,-2.2,-1.6,227.2
WDC,C3,2017-11-07,-3.8,2.3,-46.2
WDC,C3,2017-11-13,-3.4,0.5,-44.4
WDC,C3,2017-11-17,-1.8,-4.2,-48.9
WDC,C3,2017-11-24,-5.4,-7.5,-53.5
WDC,C3,2017-11-30,21.6,6.0,-48.0
WDC,C3,2017-12-06,33.0,7.3,-51.7
WDC,C3,2018-04-18,-15.9,-38.7,-42.4
WDC,C3,2018-04-24,-10.2,-48.1,-43.2
WDC,C3,2023-09-05,2.2,37.5,43.9
WDC,C3,2023-09-11,15.7,38.3,54.5
WDC,C3,2023-09-15,15.9,46.7,59.2
WDC,C3,2023-09-21,18.5,53.6,49.8
WDC,C3,2023-09-27,17.5,58.3,44.7
WDC,C3,2023-10-03,11.7,61.2,49.4
WDC,C3,2023-10-09,11.5,56.5,48.1
WDC,C3,2023-10-13,17.2,46.7,52.0
WDC,C3,2023-10-19,34.8,65.7,51.7
WDC,C3,2024-10-18,0.6,-19.8,212.8
WDC,C3,2024-11-04,5.9,-0.2,211.0
P,L2,2022-01-31,3.8,12.3,13.4
P,C2,2017-08-21,23.9,45.2,77.7
P,C2,2017-09-18,3.3,22.0,71.9
P,C2,2017-10-16,9.8,26.8,35.6
P,C2,2017-11-13,24.3,36.1,9.9
P,C2,2017-12-11,23.3,49.8,2.5
P,C2,2018-01-08,14.0,46.8,5.8
P,C2,2018-02-05,21.8,17.0,-5.1
P,C2,2018-03-05,16.7,34.1,-7.2
P,C2,2018-04-02,32.1,34.0,23.7
P,C2,2018-04-30,5.1,-1.4,8.1
P,C2,2018-05-28,19.0,-16.1,-29.7
P,C2,2018-06-25,8.7,-33.8,-36.1
P,C2,2018-07-23,-15.4,-19.1,-30.0
P,C2,2018-08-20,-34.7,-24.9,-41.2
P,C2,2018-09-17,-44.1,-24.2,-35.3
P,C2,2018-10-15,-19.5,3.2,-17.4
P,C2,2018-11-12,0.5,7.8,4.6
P,C2,2020-11-09,60.9,0.4,57.0
P,C2,2020-12-07,3.6,-11.8,50.1
P,C2,2021-01-04,-8.8,-19.0,25.7
P,C2,2021-02-01,-31.2,-25.7,-2.5
P,C2,2021-03-01,-9.6,28.1,42.3
P,C2,2021-03-29,-11.5,17.0,59.9
P,C2,2021-04-26,-3.5,32.8,44.9
P,C2,2021-05-24,26.3,56.8,28.0
P,C2,2021-09-13,22.2,31.5,9.4
P,C2,2021-10-11,5.2,17.2,0.3
P,C2,2022-02-21,-6.5,16.5,7.7
P,C2,2022-03-21,-24.8,-26.7,-33.7
P,C2,2022-04-18,-9.7,-3.0,-21.6
P,C2,2022-05-16,30.9,31.2,3.4
P,C2,2022-06-13,13.4,13.0,49.0
P,C2,2023-01-09,-1.5,43.3,38.4
P,C2,2024-04-22,10.0,2.1,-13.7
P,C2,2024-05-20,0.8,-15.4,-9.2
P,C2,2024-06-17,-21.3,-0.1,-20.0
P,C2,2024-07-15,-3.4,12.2,-1.7
P,C2,2024-08-12,-22.8,8.6,-6.1
P,C2,2024-09-09,30.3,4.1,68.3
P,C2,2025-01-13,-37.0,-12.3,10.0
P,C2,2025-02-10,-16.6,-13.5,8.9
P,C2,2025-03-10,1.4,61.6,20.8
P,C2,2025-12-15,-9.4,7.9,
P,C2,2026-01-12,-8.1,-4.8,
P,C2,2026-02-09,9.9,,
P,C2,2026-07-13,,,
P,L3,2017-09-07,16.1,37.8,87.3
P,L3,2018-02-07,19.4,15.9,-0.4
P,L3,2018-05-08,2.1,-6.8,-7.7
P,L3,2018-10-18,-21.0,1.2,-13.2
P,L3,2020-12-02,12.1,0.4,66.1
P,L3,2021-09-17,20.6,36.0,4.5
P,L3,2022-04-04,-25.4,-22.6,-26.1
P,L3,2024-06-06,-27.1,-3.2,-16.8
P,L3,2025-02-04,-28.3,-13.1,6.2
P,L3,2026-01-30,7.3,,
P,L3,2026-07-08,,,
P,C3,2017-09-08,17.5,43.0,91.1
P,C3,2017-09-14,14.7,35.2,78.7
P,C3,2017-09-20,13.1,30.7,74.4
P,C3,2017-09-26,3.0,26.0,50.0
P,C3,2017-10-02,5.3,15.3,43.5
P,C3,2017-10-06,6.7,25.3,44.1
P,C3,2017-10-12,11.8,29.0,28.9
P,C3,2017-10-18,13.2,26.5,17.6
P,C3,2017-10-24,25.7,24.7,26.1
P,C3,2017-10-30,22.2,37.9,28.5
P,C3,2017-11-03,15.4,38.6,18.2
P,C3,2017-11-09,30.9,42.8,2.0
P,C3,2017-11-15,25.8,25.5,10.9
P,C3,2017-11-21,21.5,19.9,0.8
P,C3,2017-11-28,10.0,24.2,-8.4
P,C3,2017-12-04,26.8,51.3,1.6
P,C3,2017-12-08,18.7,44.3,-12.9
P,C3,2017-12-14,19.7,42.5,-5.4
P,C3,2017-12-20,13.5,40.0,-6.9
P,C3,2017-12-27,21.7,49.7,8.2
P,C3,2018-02-13,17.1,6.8,0.2
P,C3,2018-02-20,1.3,23.9,-6.1
P,C3,2018-02-26,-4.2,19.8,-10.8
P,C3,2018-03-02,8.7,31.5,-2.2
P,C3,2018-03-08,19.6,37.6,4.3
P,C3,2018-03-14,18.6,32.1,-0.9
P,C3,2018-05-09,-2.6,-16.6,-33.0
P,C3,2018-05-15,-3.3,-16.9,-31.5
P,C3,2018-05-21,6.7,-26.4,-31.6
P,C3,2018-05-25,28.0,-11.3,-24.7
P,C3,2018-06-01,22.4,-18.0,-31.4
P,C3,2018-06-07,18.3,-25.4,-31.1
P,C3,2018-06-13,13.0,-32.0,-38.3
P,C3,2018-06-19,12.6,-39.5,-36.8
P,C3,2018-06-25,13.3,-30.1,-33.4
P,C3,2018-06-29,8.3,-31.5,-32.5
P,C3,2018-07-06,-3.3,-28.6,-35.3
P,C3,2018-07-12,-5.8,-28.0,-34.8
P,C3,2018-10-23,-21.8,1.3,-15.0
P,C3,2020-11-13,51.9,5.5,66.3
P,C3,2020-12-08,12.7,-10.3,47.6
P,C3,2020-12-14,3.2,-10.6,58.1
P,C3,2020-12-18,-5.9,-11.4,44.9
P,C3,2020-12-24,-10.2,-18.9,27.9
P,C3,2020-12-31,-4.3,-15.0,29.5
P,C3,2021-01-07,-8.1,-23.8,10.4
P,C3,2021-01-13,-10.7,-13.3,7.0
P,C3,2021-09-22,26.3,36.4,8.8
P,C3,2021-09-28,24.9,34.9,4.5
P,C3,2021-10-04,23.8,25.2,5.7
P,C3,2021-10-08,17.9,21.0,8.9
P,C3,2022-04-08,-17.6,-15.5,-26.3
P,C3,2022-04-14,-11.7,-10.1,-25.7
P,C3,2022-04-21,-11.5,-3.0,-26.4
P,C3,2022-04-27,-5.0,6.2,-22.8
P,C3,2024-04-12,13.5,5.7,-15.1
P,C3,2024-06-07,-26.5,-3.7,-15.8
P,C3,2024-06-13,-27.1,-8.4,-15.7
P,C3,2024-06-20,-23.9,-1.8,-14.9
P,C3,2024-06-26,-21.2,-2.0,-10.1
P,C3,2024-07-02,-20.7,0.3,-8.8
P,C3,2025-02-06,-23.5,-17.0,6.1
P,C3,2025-02-12,-15.9,-17.4,-1.9
P,C3,2026-02-03,11.2,,
P,C3,2026-07-14,,,
MOD,L2,2023-11-27,77.1,94.9,162.2
MOD,C2,2017-09-18,14.6,20.1,-12.4
MOD,C2,2017-10-16,9.2,-4.3,-41.2
MOD,C2,2017-11-13,8.1,-16.9,-38.9
MOD,C2,2017-12-11,11.6,-9.0,-45.1
MOD,C2,2018-01-08,-7.8,-18.6,-43.3
MOD,C2,2018-02-05,-23.5,-24.6,-35.0
MOD,C2,2018-03-05,-18.5,-29.8,-39.2
MOD,C2,2018-04-02,-13.9,-29.4,-27.5
MOD,C2,2018-04-30,3.5,-20.7,-12.2
MOD,C2,2020-10-12,91.3,118.0,69.7
MOD,C2,2020-11-09,29.0,56.8,7.4
MOD,C2,2020-12-07,31.2,43.5,-9.3
MOD,C2,2021-01-04,13.2,29.8,-21.4
MOD,C2,2021-02-01,22.8,3.5,-25.7
MOD,C2,2021-03-01,18.4,-18.0,-37.6
MOD,C2,2021-03-29,8.4,-21.0,-40.9
MOD,C2,2021-04-26,2.8,-32.4,-51.5
MOD,C2,2021-05-24,-27.4,-36.6,-36.0
MOD,C2,2021-06-21,-30.6,-39.2,-32.2
MOD,C2,2021-07-19,-26.8,-39.4,-23.3
MOD,C2,2021-08-16,-7.2,-18.2,31.8
MOD,C2,2021-09-13,-11.1,-16.7,31.7
MOD,C2,2022-08-22,31.6,50.0,179.8
MOD,C2,2022-09-19,42.3,58.0,219.1
MOD,C2,2022-10-17,42.5,39.1,166.4
MOD,C2,2022-11-14,14.1,-1.5,134.1
MOD,C2,2022-12-12,4.3,53.7,181.3
MOD,C2,2023-01-09,-6.4,62.4,176.7
MOD,C2,2023-02-06,-9.3,104.8,224.1
MOD,C2,2023-03-06,34.1,95.8,249.9
MOD,C2,2023-04-03,59.2,134.8,374.2
MOD,C2,2023-05-01,122.4,110.6,370.3
MOD,C2,2023-05-29,60.8,70.1,231.5
MOD,C2,2023-12-25,59.4,67.8,98.7
MOD,C2,2024-01-22,54.0,65.8,110.5
MOD,C2,2024-02-19,26.8,46.0,5.4
MOD,C2,2024-03-18,-7.0,26.9,-12.4
MOD,C2,2024-04-15,28.1,58.7,-9.4
MOD,C2,2024-05-13,7.0,20.6,2.3
MOD,C2,2024-06-10,19.9,42.6,1.2
MOD,C2,2024-07-08,24.5,10.2,-14.7
MOD,C2,2024-08-05,27.7,-1.6,35.8
MOD,C2,2024-09-02,44.0,-17.0,38.8
MOD,C2,2024-09-30,-8.9,-47.8,9.8
MOD,C2,2024-10-28,-9.1,-19.2,37.2
MOD,C2,2024-11-25,-37.7,-33.1,19.4
MOD,C2,2024-12-23,-33.2,-14.6,16.0
MOD,C2,2025-01-20,-38.6,-21.6,10.4
MOD,C2,2025-02-17,4.2,62.8,162.6
MOD,C2,2025-12-29,55.8,64.0,
MOD,C2,2026-05-04,,,
MOD,C2,2026-06-01,,,
MOD,C2,2026-06-29,,,
MOD,L3,2018-01-26,-25.1,-23.1,-34.3
MOD,L3,2020-10-22,77.1,127.7,56.2
MOD,L3,2020-12-29,24.3,44.1,-14.4
MOD,L3,2021-03-01,22.5,-14.9,-37.2
MOD,L3,2022-09-13,34.8,49.3,187.0
MOD,L3,2022-11-22,13.7,26.4,141.2
MOD,L3,2023-01-24,-7.2,69.9,203.0
MOD,L3,2023-02-21,-21.2,86.9,255.7
MOD,L3,2023-12-07,58.5,77.1,125.6
MOD,L3,2024-05-30,7.0,38.9,-7.4
MOD,L3,2024-07-30,22.2,6.3,43.3
MOD,L3,2024-10-02,-6.9,-41.3,21.7
MOD,L3,2024-11-21,-39.8,-34.0,9.5
MOD,L3,2025-01-29,-8.1,39.1,123.5
MOD,L3,2025-12-24,57.5,70.9,
MOD,L3,2026-04-21,,,
MOD,L3,2026-05-27,,,
MOD,C3,2017-09-12,19.2,36.6,-6.2
MOD,C3,2017-09-18,20.1,28.6,-15.6
MOD,C3,2017-09-22,12.9,11.0,-17.5
MOD,C3,2017-09-28,5.4,7.8,-30.8
MOD,C3,2017-10-04,7.8,2.0,-34.5
MOD,C3,2017-10-10,4.8,0.2,-40.6
MOD,C3,2017-10-16,11.9,-10.9,-41.9
MOD,C3,2017-10-20,5.9,-18.7,-33.9
MOD,C3,2017-10-26,8.6,-19.3,-36.6
MOD,C3,2017-11-01,3.3,-23.5,-39.5
MOD,C3,2017-11-07,2.0,-20.0,-40.5
MOD,C3,2017-11-13,8.1,-18.0,-37.6
MOD,C3,2017-11-17,11.3,-20.3,-41.2
MOD,C3,2017-11-24,-3.0,-20.2,-49.5
MOD,C3,2017-11-30,-0.4,-17.0,-49.3
MOD,C3,2017-12-06,10.7,-10.7,-48.7
MOD,C3,2017-12-12,10.5,-9.8,-51.7
MOD,C3,2017-12-18,2.6,-12.7,-49.2
MOD,C3,2018-01-30,-25.4,-22.5,-33.5
MOD,C3,2018-02-05,-27.4,-26.3,-31.5
MOD,C3,2018-02-09,-22.4,-24.8,-30.7
MOD,C3,2018-02-15,-21.8,-25.8,-35.1
MOD,C3,2018-02-22,-27.8,-27.4,-41.8
MOD,C3,2018-02-28,-21.1,-30.4,-37.6
MOD,C3,2018-03-06,-15.1,-27.5,-37.4
MOD,C3,2018-03-12,-18.3,-33.2,-41.7
MOD,C3,2018-03-16,-17.4,-32.8,-39.8
MOD,C3,2020-12-31,17.4,39.1,-16.6
MOD,C3,2021-01-07,13.4,21.8,-24.5
MOD,C3,2021-01-13,14.0,20.0,-30.2
MOD,C3,2021-01-20,19.7,14.4,-34.5
MOD,C3,2021-01-26,22.6,25.4,-21.8
MOD,C3,2021-02-01,25.0,11.1,-18.7
MOD,C3,2021-02-05,17.5,3.3,-22.2
MOD,C3,2021-02-11,24.0,-4.0,-27.0
MOD,C3,2021-03-03,16.7,-21.7,-42.8
MOD,C3,2021-03-09,16.4,-22.0,-36.4
MOD,C3,2021-03-15,5.8,-28.8,-41.7
MOD,C3,2021-03-19,1.6,-28.2,-42.4
MOD,C3,2021-03-25,5.7,-23.2,-42.9
MOD,C3,2021-03-31,11.0,-17.4,-46.5
MOD,C3,2021-04-07,18.5,-18.7,-44.4
MOD,C3,2021-04-13,7.4,-20.3,-45.6
MOD,C3,2021-04-19,5.3,-24.4,-48.7
MOD,C3,2021-04-23,-4.4,-36.2,-49.4
MOD,C3,2021-04-29,2.2,-31.2,-50.1
MOD,C3,2021-05-05,-11.2,-29.9,-48.9
MOD,C3,2021-05-11,-12.0,-30.1,-49.0
MOD,C3,2021-05-17,-22.6,-30.0,-36.0
MOD,C3,2022-11-25,20.1,39.5,150.9
MOD,C3,2022-12-01,21.1,52.2,167.4
MOD,C3,2023-01-25,-7.0,69.8,205.0
MOD,C3,2023-01-31,-18.4,91.8,207.0
MOD,C3,2023-02-06,-12.6,95.4,228.8
MOD,C3,2023-02-23,11.0,92.1,257.7
MOD,C3,2023-03-01,19.9,79.6,226.6
MOD,C3,2023-03-07,28.6,76.4,268.8
MOD,C3,2023-03-13,39.9,94.8,325.9
MOD,C3,2023-03-17,50.7,109.4,346.6
MOD,C3,2023-03-23,43.5,107.6,338.1
MOD,C3,2023-12-13,74.0,73.8,122.8
MOD,C3,2023-12-19,67.3,68.6,99.8
MOD,C3,2023-12-26,55.4,78.6,100.3
MOD,C3,2024-01-02,62.3,74.2,116.2
MOD,C3,2024-01-08,54.3,91.7,135.7
MOD,C3,2024-01-12,33.4,78.1,48.1
MOD,C3,2024-01-19,34.2,57.0,45.4
MOD,C3,2024-01-25,46.7,71.8,51.5
MOD,C3,2024-01-31,36.2,37.4,34.7
MOD,C3,2024-02-06,57.4,53.4,38.6
MOD,C3,2024-02-12,47.5,48.6,17.3
MOD,C3,2024-02-16,26.5,48.9,-2.6
MOD,C3,2024-02-23,22.7,41.7,-5.5
MOD,C3,2024-02-29,11.3,15.9,-4.8
MOD,C3,2024-03-06,3.2,21.2,-1.6
MOD,C3,2024-03-12,12.4,35.8,2.0
MOD,C3,2024-03-18,4.9,42.1,-10.3
MOD,C3,2024-03-22,-4.7,30.3,-28.1
MOD,C3,2024-03-28,10.7,37.5,-19.5
MOD,C3,2024-04-04,11.9,41.4,-20.0
MOD,C3,2024-04-10,23.1,40.4,-14.1
MOD,C3,2024-06-03,4.1,40.4,-5.8
MOD,C3,2024-10-07,-10.9,-42.3,17.5
MOD,C3,2024-10-11,-1.2,-46.2,21.5
MOD,C3,2024-10-17,3.3,-40.6,13.0
MOD,C3,2024-10-23,-23.4,-29.7,16.2
MOD,C3,2024-10-29,-24.4,-28.5,13.1
MOD,C3,2024-11-04,-10.0,-4.3,18.9
MOD,C3,2024-11-08,-27.7,-17.6,18.4
MOD,C3,2024-11-27,-43.0,-32.0,4.9
MOD,C3,2024-12-04,-40.0,-33.3,-4.8
MOD,C3,2024-12-10,-36.3,-25.8,5.6
MOD,C3,2025-12-26,62.0,67.4,
MOD,C3,2026-01-02,66.8,66.4,
MOD,C3,2026-01-08,111.4,91.1,
MOD,C3,2026-04-24,,,
MOD,C3,2026-05-28,,,
MOD,C3,2026-06-03,,,
MOD,C3,2026-06-09,,,
IREN,L2,2024-03-11,187.4,64.3,56.7
IREN,L2,2024-08-12,33.9,63.2,147.1
IREN,C2,2023-08-28,22.4,31.6,73.8
IREN,C2,2023-09-25,92.7,45.6,138.5
IREN,C2,2023-10-23,33.4,58.7,189.1
IREN,C2,2023-11-20,74.6,121.2,204.5
IREN,C2,2024-08-19,25.1,26.2,148.6
IREN,C2,2024-09-16,57.3,-4.8,414.5
IREN,C2,2024-10-14,26.3,-41.1,539.8
IREN,C2,2024-11-11,21.9,-21.2,334.6
IREN,C2,2024-12-09,-45.0,-25.0,206.1
IREN,C2,2025-01-06,-48.8,47.5,318.5
IREN,C2,2025-02-03,-43.5,48.0,235.4
IREN,C2,2025-03-03,26.6,239.6,376.6
IREN,C2,2025-03-31,183.2,749.5,485.4
IREN,C2,2026-02-16,42.1,,
IREN,L3,2023-12-18,-15.8,104.5,63.7
IREN,L3,2024-09-13,84.0,1.7,507.5
IREN,L3,2024-11-05,38.9,-13.3,412.6
IREN,L3,2024-11-29,-43.0,-22.4,162.6
IREN,L3,2025-01-31,-36.4,80.5,313.1
IREN,L3,2026-01-26,-18.1,,
IREN,C3,2023-08-22,-24.4,44.7,60.8
IREN,C3,2023-08-28,12.3,18.1,74.7
IREN,C3,2024-09-16,77.6,-4.3,507.1
IREN,C3,2024-09-20,49.8,-18.9,669.0
IREN,C3,2024-09-26,8.9,-34.9,554.7
IREN,C3,2024-10-02,50.9,-29.6,692.7
IREN,C3,2024-10-08,29.9,-32.0,543.9
IREN,C3,2024-11-06,17.8,-23.8,293.8
IREN,C3,2024-12-03,-45.5,-21.3,161.3
IREN,C3,2024-12-09,-49.3,-32.5,189.9
IREN,C3,2024-12-13,-45.5,-9.5,192.1
IREN,C3,2024-12-19,-43.4,33.4,302.2
IREN,C3,2024-12-26,-40.4,48.9,343.8
IREN,C3,2025-01-02,-49.3,65.2,452.8
IREN,C3,2025-01-08,-45.3,70.7,439.3
IREN,C3,2025-02-03,-38.5,68.3,283.6
IREN,C3,2025-02-07,-34.9,57.9,239.7
IREN,C3,2026-01-30,1.9,,
IREN,C3,2026-02-05,38.6,,
IREN,C3,2026-02-11,24.1,,
APLD,C2,2023-05-08,144.8,62.8,14.9
APLD,C2,2023-06-05,-35.2,-17.7,-43.7
APLD,C2,2023-07-03,-38.2,-11.9,-17.1
APLD,C2,2023-07-31,-29.9,-39.8,-45.6
APLD,C2,2023-08-28,-10.2,-27.2,-36.9
APLD,C2,2023-09-25,8.0,-31.4,31.2
APLD,C2,2023-10-23,4.6,-38.9,67.2
APLD,C2,2023-11-20,-13.9,-1.9,109.6
APLD,C2,2025-01-13,-55.6,34.0,320.2
APLD,C2,2025-02-10,-25.0,54.7,287.3
APLD,C2,2025-03-10,59.7,166.9,286.4
APLD,C2,2025-04-07,73.5,542.5,396.4
APLD,C2,2025-12-29,-12.6,17.6,
APLD,C2,2026-01-26,-1.0,,
APLD,C2,2026-02-23,73.4,,
APLD,C2,2026-03-23,64.8,,
APLD,C2,2026-04-20,,,
APLD,C2,2026-05-18,,,
APLD,C2,2026-06-15,,,
APLD,C2,2026-07-13,,,
APLD,L3,2023-06-30,-42.5,-21.2,-27.7
APLD,L3,2023-08-02,-37.1,-43.5,-54.2
APLD,L3,2025-02-28,28.1,73.6,238.1
APLD,L3,2026-01-20,2.5,,
APLD,L3,2026-05-05,,,
APLD,C3,2023-05-09,106.7,15.5,29.6
APLD,C3,2023-05-15,79.8,18.3,35.3
APLD,C3,2023-05-19,-20.9,-45.2,-53.8
APLD,C3,2023-05-25,-30.4,-47.4,-49.3
APLD,C3,2023-06-01,-39.5,-39.0,-52.6
APLD,C3,2023-06-07,-41.1,-33.5,-31.7
APLD,C3,2023-07-03,-44.8,-23.4,-31.3
APLD,C3,2023-08-07,-34.4,-38.6,-48.0
APLD,C3,2023-08-11,-44.1,-31.3,-35.5
APLD,C3,2023-08-17,-34.2,-34.1,-37.8
APLD,C3,2023-08-23,-30.7,-38.8,-20.8
APLD,C3,2023-08-29,-24.3,-33.7,-4.9
APLD,C3,2025-01-10,-58.5,33.8,336.4
APLD,C3,2025-03-05,80.2,120.8,246.6
APLD,C3,2025-03-11,96.2,205.3,320.2
APLD,C3,2026-01-21,-0.2,,
APLD,C3,2026-01-27,-17.2,,
APLD,C3,2026-02-02,27.1,,
APLD,C3,2026-02-06,25.7,,
APLD,C3,2026-05-06,,,
APLD,C3,2026-05-12,,,
APLD,C3,2026-05-18,,,
APLD,C3,2026-05-22,,,
APLD,C3,2026-05-29,,,
APLD,C3,2026-06-04,,,
APLD,C3,2026-06-10,,,
APLD,C3,2026-06-16,,,
APLD,C3,2026-06-23,,,
WULF,L2,2021-08-02,29.5,-34.6,-92.5
WULF,L2,2026-03-30,42.3,,
WULF,C2,2018-07-16,-2.0,-9.8,-28.9
WULF,C2,2018-08-13,-12.5,-26.3,-38.4
WULF,C2,2018-09-10,-14.0,-23.8,-41.3
WULF,C2,2018-10-08,-27.7,-24.0,-41.4
WULF,C2,2018-11-05,-5.8,-19.4,-35.9
WULF,C2,2018-12-03,-8.8,-13.3,-41.6
WULF,C2,2021-02-22,-2.9,228.3,39.5
WULF,C2,2021-03-22,81.4,180.1,3.8
WULF,C2,2021-04-19,116.2,189.5,-45.5
WULF,C2,2021-08-16,80.0,-41.1,-93.0
WULF,C2,2021-09-13,-44.0,-67.7,-94.9
WULF,C2,2021-10-11,-41.4,-77.8,-95.7
WULF,C2,2021-11-08,-54.2,-88.1,-96.0
WULF,C2,2021-12-06,-67.2,-91.6,-95.8
WULF,C2,2022-01-03,-39.0,-87.2,-94.7
WULF,C2,2022-01-31,-73.9,-88.6,-94.6
WULF,C2,2023-07-31,-56.3,-32.3,39.5
WULF,C2,2023-08-28,-30.8,3.5,120.2
WULF,C2,2023-09-25,90.5,108.7,292.1
WULF,C2,2023-10-23,50.9,120.5,469.6
WULF,C2,2024-05-13,106.7,268.2,99.5
WULF,C2,2024-06-10,8.2,79.6,2.6
WULF,C2,2024-07-08,-20.7,1.7,-7.9
WULF,C2,2024-08-05,117.7,32.7,32.7
WULF,C2,2024-09-02,117.7,-3.5,144.8
WULF,C2,2024-09-30,41.4,-40.9,170.9
WULF,C2,2024-10-28,-23.1,-48.2,150.0
WULF,C2,2024-11-25,-46.9,-55.3,96.6
WULF,C2,2024-12-23,-50.8,-23.7,112.5
WULF,C2,2025-01-20,-52.5,-18.2,123.4
WULF,C2,2025-02-17,-3.7,124.5,267.9
WULF,C2,2025-03-17,16.9,243.1,371.9
WULF,C2,2025-09-01,58.8,50.6,
WULF,C2,2025-09-29,6.9,24.8,
WULF,C2,2025-10-27,-13.7,37.5,
WULF,C2,2025-11-24,4.6,64.8,
WULF,C2,2025-12-22,26.7,119.8,
WULF,C2,2026-04-13,-12.0,,
WULF,C2,2026-05-11,,,
WULF,C2,2026-06-08,,,
WULF,C2,2026-07-06,,,
WULF,L3,2018-08-31,-7.7,-26.3,-38.0
WULF,L3,2018-10-10,-28.2,-35.5,-51.2
WULF,L3,2021-04-15,110.9,228.4,-55.5
WULF,L3,2021-08-10,44.3,-36.4,-92.9
WULF,L3,2021-10-25,-53.8,-82.8,-95.4
WULF,L3,2021-12-13,-73.3,-93.6,-97.3
WULF,L3,2023-08-25,-34.2,0.5,110.0
WULF,L3,2024-07-24,22.0,-1.6,-2.9
WULF,L3,2024-08-20,51.9,-23.8,87.1
WULF,L3,2024-10-02,49.1,-48.6,217.9
WULF,L3,2024-11-11,-46.6,-55.7,58.0
WULF,L3,2025-08-25,56.1,65.1,
WULF,L3,2025-12-26,23.2,72.3,
WULF,L3,2026-05-13,,,
WULF,C3,2018-09-04,-15.5,-27.5,-38.4
WULF,C3,2018-09-10,-9.2,-18.8,-37.4
WULF,C3,2018-09-14,-14.0,-23.8,-39.6
WULF,C3,2021-02-16,-34.1,71.1,-1.8
WULF,C3,2021-02-22,-13.0,128.5,-18.6
WULF,C3,2021-04-21,107.2,176.5,-52.4
WULF,C3,2021-08-16,76.0,-40.5,-93.0
WULF,C3,2021-08-20,77.8,-42.6,-93.3
WULF,C3,2021-08-26,50.2,-64.4,-94.3
WULF,C3,2021-09-01,7.9,-74.4,-94.9
WULF,C3,2021-09-08,20.9,-68.0,-95.6
WULF,C3,2021-09-14,-14.4,-62.8,-95.4
WULF,C3,2021-09-20,-45.2,-60.0,-94.4
WULF,C3,2021-09-24,-45.1,-65.6,-92.7
WULF,C3,2021-10-28,-46.2,-85.6,-96.6
WULF,C3,2021-11-03,-47.9,-89.4,-95.0
WULF,C3,2021-12-16,-48.6,-90.7,-96.1
WULF,C3,2024-07-25,40.8,5.3,11.0
WULF,C3,2024-07-31,56.7,23.8,109.4
WULF,C3,2024-08-06,111.9,34.0,156.4
WULF,C3,2024-08-21,45.6,-12.7,90.2
WULF,C3,2024-08-27,61.6,-25.5,135.9
WULF,C3,2024-10-07,34.0,-43.2,226.1
WULF,C3,2024-10-11,39.0,-37.1,224.0
WULF,C3,2024-11-13,-38.8,-46.5,111.0
WULF,C3,2024-11-19,-49.6,-52.2,104.6
WULF,C3,2024-11-25,-50.2,-45.2,125.5
WULF,C3,2024-12-02,-58.1,-39.8,77.5
WULF,C3,2024-12-06,-59.9,-51.4,53.6
WULF,C3,2024-12-12,-57.4,-49.0,51.7
WULF,C3,2025-08-29,50.5,46.6,
WULF,C3,2025-09-05,63.9,60.7,
WULF,C3,2025-09-11,34.7,47.9,
WULF,C3,2025-09-17,3.9,48.5,
WULF,C3,2025-09-23,9.5,28.4,
WULF,C3,2025-09-29,-0.9,42.8,
WULF,C3,2025-10-03,4.8,63.2,
WULF,C3,2025-10-09,4.0,51.9,
WULF,C3,2025-10-15,-13.8,31.7,
WULF,C3,2025-10-21,4.9,52.4,
WULF,C3,2025-10-27,-2.0,72.2,
WULF,C3,2025-10-31,-23.1,50.8,
WULF,C3,2025-11-06,12.3,56.3,
WULF,C3,2025-11-12,21.7,81.3,
WULF,C3,2025-11-18,46.3,120.0,
WULF,C3,2025-11-24,26.8,107.1,
WULF,C3,2025-12-29,30.3,99.9,
WULF,C3,2026-01-05,39.7,42.5,
WULF,C3,2026-05-15,,,
WULF,C3,2026-05-21,,,
WULF,C3,2026-05-28,,,
WULF,C3,2026-06-03,,,
WULF,C3,2026-06-09,,,
WULF,C3,2026-06-15,,,
WULF,C3,2026-06-22,,,
WULF,C3,2026-06-26,,,
WULF,C3,2026-07-02,,,
WULF,C3,2026-07-09,,,
WULF,C3,2026-07-15,,,
CORZ,L2,2026-07-06,,,
CORZ,C2,2025-02-17,-1.1,25.5,60.2
CORZ,C2,2025-03-17,39.4,95.3,85.8
CORZ,C2,2026-02-02,36.3,,
CORZ,C2,2026-07-13,,,
CORZ,L3,2026-02-04,41.9,,
CORZ,C3,2026-02-05,54.9,,
CORZ,C3,2026-02-11,33.8,,
CIFR,L2,2024-10-07,18.9,-42.2,305.0
CIFR,C2,2023-06-19,-15.9,39.0,57.2
CIFR,C2,2023-07-17,-40.1,-38.2,42.6
CIFR,C2,2023-08-14,-21.1,20.6,22.5
CIFR,C2,2023-09-11,-9.4,23.0,7.7
CIFR,C2,2023-10-09,35.8,59.4,74.6
CIFR,C2,2024-02-05,11.0,21.5,78.2
CIFR,C2,2024-10-21,8.1,-43.6,278.4
CIFR,C2,2024-11-18,-19.0,-48.8,108.7
CIFR,C2,2025-12-29,-20.9,23.7,
CIFR,C2,2026-01-26,6.8,,
CIFR,C2,2026-02-23,51.6,,
CIFR,L3,2023-07-10,-40.0,-24.5,49.5
CIFR,L3,2024-02-23,32.0,18.5,1.7
CIFR,L3,2026-01-12,-1.9,,
CIFR,C3,2023-07-11,-38.9,-28.2,51.7
CIFR,C3,2023-07-17,-41.4,-40.8,17.0
CIFR,C3,2023-07-21,-38.5,-36.6,-0.2
CIFR,C3,2023-07-27,-5.7,-18.8,23.0
CIFR,C3,2023-08-02,5.9,-32.7,-2.1
CIFR,C3,2023-08-08,-4.3,-6.2,5.9
CIFR,C3,2023-08-14,-23.4,-5.9,7.8
CIFR,C3,2024-02-26,11.8,3.2,-6.5
CIFR,C3,2024-10-11,24.1,-34.6,390.2
CIFR,C3,2024-10-17,14.7,-36.5,286.9
CIFR,C3,2024-10-23,-12.6,-38.6,321.6
CIFR,C3,2024-10-29,7.8,-42.1,222.4
CIFR,C3,2024-11-04,18.3,-34.3,189.3
CIFR,C3,2024-11-08,-15.4,-47.2,133.4
CIFR,C3,2024-11-14,-14.5,-44.4,206.7
CIFR,C3,2024-11-20,-39.0,-50.1,196.2
CIFR,C3,2024-11-26,-26.1,-30.7,235.3
CIFR,C3,2024-12-03,-48.6,-38.0,132.5
CIFR,C3,2024-12-09,-51.1,-40.3,149.4
CIFR,C3,2026-01-14,6.4,,
CIFR,C3,2026-01-21,2.7,,
CIFR,C3,2026-01-27,-5.4,,
CIFR,C3,2026-02-02,38.6,,
CIFR,C3,2026-02-06,36.2,,
HUT,C2,2019-09-02,-51.3,-51.0,-57.6
HUT,C2,2021-08-23,57.5,-25.8,-73.3
HUT,C2,2021-09-20,4.2,-29.8,-79.9
HUT,C2,2021-10-18,-51.8,-65.0,-82.6
HUT,C2,2021-11-15,-55.1,-81.2,-90.6
HUT,C2,2021-12-13,-26.0,-79.6,-88.1
HUT,C2,2022-01-10,-33.2,-76.1,-76.1
HUT,C2,2022-02-07,-61.6,-50.6,-76.4
HUT,C2,2023-09-04,-8.1,-28.9,-19.3
HUT,C2,2023-10-02,17.2,-11.5,18.4
HUT,C2,2023-10-30,-38.3,-29.9,35.8
HUT,C2,2024-10-21,74.8,-10.1,219.9
HUT,C2,2024-11-18,-30.8,-35.8,32.5
HUT,C2,2024-12-16,-45.5,-29.5,86.3
HUT,C2,2025-01-13,-58.4,-19.7,121.6
HUT,C2,2025-02-10,-16.3,13.9,163.2
HUT,C2,2025-03-10,38.5,157.1,282.9
HUT,C2,2025-04-07,79.5,258.3,443.5
HUT,C2,2025-07-28,156.1,182.3,
HUT,C2,2025-08-25,68.4,99.1,
HUT,C2,2025-09-22,49.7,43.0,
HUT,C2,2025-10-20,22.2,61.3,
HUT,C2,2025-11-17,56.7,208.4,
HUT,C2,2025-12-15,7.6,182.0,
HUT,C2,2026-01-12,25.6,53.3,
HUT,C2,2026-02-09,90.2,,
HUT,C2,2026-03-09,146.0,,
HUT,C2,2026-04-06,54.7,,
HUT,L3,2021-07-27,166.7,31.7,-44.6
HUT,L3,2021-08-18,107.3,-10.8,-66.2
HUT,L3,2023-09-01,-3.8,-40.3,-6.9
HUT,L3,2023-11-07,-22.9,-24.9,115.5
HUT,L3,2024-10-17,100.7,3.5,299.8
HUT,L3,2025-01-27,-37.8,7.1,187.6
HUT,L3,2025-08-25,70.4,103.0,
HUT,L3,2025-12-23,-18.6,85.1,
HUT,L3,2026-01-21,30.4,,
HUT,C3,2021-07-28,169.3,43.0,-46.4
HUT,C3,2021-08-20,87.7,-13.2,-70.3
HUT,C3,2021-08-26,89.2,-15.6,-68.8
HUT,C3,2021-09-01,15.5,-30.5,-74.4
HUT,C3,2021-09-08,-11.9,-53.1,-82.1
HUT,C3,2021-09-14,-16.8,-45.1,-83.5
HUT,C3,2021-09-20,4.5,-24.6,-77.3
HUT,C3,2021-09-24,-8.3,-34.3,-75.6
HUT,C3,2021-09-30,-7.5,-41.2,-78.3
HUT,C3,2021-10-06,-34.6,-56.0,-81.6
HUT,C3,2021-10-12,-36.0,-55.0,-80.4
HUT,C3,2021-10-18,-48.0,-67.3,-80.3
HUT,C3,2021-10-22,-48.3,-68.1,-82.0
HUT,C3,2021-10-28,-46.9,-70.2,-85.8
HUT,C3,2021-11-03,-53.2,-84.1,-90.7
HUT,C3,2021-11-09,-53.7,-82.8,-92.7
HUT,C3,2021-11-15,-56.3,-83.3,-92.4
HUT,C3,2021-11-19,-56.8,-80.9,-90.5
HUT,C3,2021-11-26,-49.1,-81.1,-91.1
HUT,C3,2021-12-02,-51.6,-81.1,-90.0
HUT,C3,2021-12-08,-53.5,-83.1,-91.2
HUT,C3,2023-11-08,-24.2,-20.7,117.4
HUT,C3,2023-11-14,3.1,7.7,166.9
HUT,C3,2023-11-20,-6.9,-9.9,153.1
HUT,C3,2024-10-23,33.1,-8.7,187.0
HUT,C3,2024-10-29,25.6,-17.5,142.9
HUT,C3,2024-11-04,33.7,3.7,148.5
HUT,C3,2024-11-08,4.5,-14.1,100.5
HUT,C3,2024-11-14,-22.5,-27.0,88.3
HUT,C3,2024-11-20,-41.1,-37.8,73.5
HUT,C3,2024-11-26,-38.9,-24.0,91.4
HUT,C3,2024-12-03,-52.6,-26.7,60.3
HUT,C3,2024-12-09,-52.4,-37.4,92.9
HUT,C3,2024-12-13,-52.8,-36.2,69.3
HUT,C3,2024-12-19,-47.6,-22.4,145.2
HUT,C3,2025-01-30,-40.7,-6.9,137.1
HUT,C3,2025-07-17,119.1,149.2,
HUT,C3,2025-07-23,87.7,198.4,
HUT,C3,2025-07-29,163.6,199.6,
HUT,C3,2025-08-04,127.0,168.5,
HUT,C3,2025-08-27,70.8,94.9,
HUT,C3,2025-09-03,54.7,84.7,
HUT,C3,2025-09-09,57.1,76.8,
HUT,C3,2025-09-15,7.8,54.8,
HUT,C3,2025-09-19,39.0,30.8,
HUT,C3,2025-09-25,40.0,37.9,
HUT,C3,2025-10-01,59.5,73.6,
HUT,C3,2025-10-07,43.9,70.4,
HUT,C3,2025-10-13,16.6,55.9,
HUT,C3,2025-10-17,13.7,56.2,
HUT,C3,2025-10-23,59.0,89.4,
HUT,C3,2025-10-29,13.7,94.9,
HUT,C3,2025-11-04,18.2,125.2,
HUT,C3,2025-12-24,-11.2,96.6,
HUT,C3,2025-12-31,14.6,122.5,
HUT,C3,2026-01-27,22.5,,
HUT,C3,2026-02-02,93.9,,
HUT,C3,2026-02-06,102.2,,
MSFT,L2,2019-05-27,11.8,23.2,50.0
MSFT,L2,2021-03-22,12.3,27.1,29.5
MSFT,C2,2017-08-14,14.2,28.2,51.1
MSFT,C2,2017-09-11,15.9,26.8,53.3
MSFT,C2,2017-10-09,16.2,21.3,43.9
MSFT,C2,2017-11-06,5.7,17.6,33.0
MSFT,C2,2017-12-04,15.2,21.9,26.7
MSFT,C2,2018-01-01,2.8,15.7,17.6
MSFT,C2,2018-01-29,4.2,18.8,13.9
MSFT,C2,2018-02-26,8.8,21.7,23.0
MSFT,C2,2018-03-26,8.5,26.3,31.4
MSFT,C2,2018-04-23,12.9,12.5,37.8
MSFT,C2,2018-05-21,10.6,5.6,30.4
MSFT,C2,2018-06-18,14.2,-1.4,38.6
MSFT,C2,2018-07-16,2.6,2.2,30.6
MSFT,C2,2018-08-13,1.1,1.0,28.5
MSFT,C2,2018-09-10,-6.1,3.1,23.0
MSFT,C2,2018-10-08,-5.8,11.3,29.5
MSFT,C2,2018-11-05,-3.1,17.0,35.3
MSFT,C2,2018-12-03,5.9,26.4,46.9
MSFT,C2,2018-12-31,18.1,35.5,57.9
MSFT,C2,2019-06-24,3.2,19.5,48.4
MSFT,C2,2019-07-22,-0.1,17.6,44.2
MSFT,C2,2019-08-19,12.5,34.7,61.5
MSFT,C2,2019-09-16,13.3,-0.9,45.3
MSFT,C2,2019-10-14,22.0,30.8,61.7
MSFT,C2,2019-11-11,24.0,22.9,46.0
MSFT,C2,2019-12-09,3.1,22.2,39.5
MSFT,C2,2020-01-06,2.6,33.2,37.6
MSFT,C2,2020-02-03,0.7,16.2,33.1
MSFT,C2,2020-03-02,16.2,33.3,44.8
MSFT,C2,2020-03-30,34.5,34.7,59.1
MSFT,C2,2020-04-27,17.8,16.6,45.9
MSFT,C2,2020-05-25,25.2,18.0,37.6
MSFT,C2,2020-06-22,6.1,14.0,36.3
MSFT,C2,2020-07-20,7.7,12.8,45.3
MSFT,C2,2020-08-17,-1.0,13.7,44.2
MSFT,C2,2020-09-14,9.4,15.5,51.0
MSFT,C2,2020-10-12,-2.9,19.3,39.8
MSFT,C2,2020-11-09,13.5,15.2,56.9
MSFT,C2,2020-12-07,10.8,21.5,62.0
MSFT,C2,2021-04-19,11.2,18.9,5.8
MSFT,C2,2021-05-17,24.4,40.5,3.9
MSFT,C2,2021-06-14,15.8,25.3,-3.8
MSFT,C2,2021-07-12,8.6,10.9,-7.8
MSFT,C2,2021-08-09,15.2,1.1,0.5
MSFT,C2,2021-09-06,16.0,-4.9,-9.8
MSFT,C2,2021-10-04,6.7,1.1,-19.9
MSFT,C2,2021-11-01,-8.8,-17.9,-33.6
MSFT,C2,2021-11-29,-10.1,-16.0,-20.3
MSFT,C2,2021-12-27,-7.8,-22.5,-28.0
MSFT,C2,2022-01-24,-9.8,-8.5,-18.7
MSFT,C2,2022-02-21,-7.9,-9.4,-15.4
MSFT,C2,2022-03-21,-11.6,-21.3,-6.7
MSFT,C2,2023-09-04,12.2,22.0,21.1
MSFT,C2,2023-10-02,12.6,30.5,28.1
MSFT,C2,2024-06-17,-3.1,-2.6,7.0
MSFT,C2,2024-07-15,-4.2,-1.5,17.6
MSFT,C2,2024-08-12,-0.8,-2.2,25.0
MSFT,C2,2025-01-20,-11.6,16.1,5.7
MSFT,C2,2025-02-17,10.5,24.7,-1.9
MSFT,C2,2025-10-27,-16.7,-19.6,
MSFT,C2,2025-11-24,-20.0,-8.1,
MSFT,L3,2017-08-28,15.0,29.4,52.9
MSFT,L3,2018-02-16,6.4,17.9,24.1
MSFT,L3,2018-05-02,16.0,15.9,37.5
MSFT,L3,2018-08-01,0.0,-0.1,28.5
MSFT,L3,2018-09-10,0.2,8.5,29.2
MSFT,L3,2019-07-02,0.1,16.2,54.4
MSFT,L3,2019-08-28,12.1,23.4,57.6
MSFT,L3,2019-11-04,27.6,27.0,51.5
MSFT,L3,2020-04-28,20.4,19.9,47.0
MSFT,L3,2020-06-17,3.4,15.2,41.1
MSFT,L3,2020-08-10,1.6,17.6,47.8
MSFT,L3,2020-10-20,7.2,19.2,54.9
MSFT,L3,2020-12-01,5.4,17.8,58.3
MSFT,L3,2021-05-04,17.1,36.2,6.2
MSFT,L3,2021-08-04,17.7,6.7,3.0
MSFT,L3,2021-09-22,12.3,6.0,-15.9
MSFT,L3,2021-12-10,-13.9,-27.4,-29.8
MSFT,L3,2024-06-07,-0.0,6.5,16.5
MSFT,L3,2025-10-13,-11.0,-17.1,
MSFT,C3,2017-08-15,13.9,26.2,52.4
MSFT,C3,2017-08-30,14.4,28.8,53.7
MSFT,C3,2017-09-06,12.9,29.1,57.0
MSFT,C3,2017-09-12,14.9,25.9,56.3
MSFT,C3,2017-09-18,14.8,26.0,54.9
MSFT,C3,2017-09-22,15.3,20.1,54.3
MSFT,C3,2017-09-28,16.9,23.3,46.3
MSFT,C3,2017-10-04,18.8,26.5,51.3
MSFT,C3,2017-10-10,18.0,27.6,46.3
MSFT,C3,2017-10-16,16.5,21.1,40.2
MSFT,C3,2017-10-20,17.7,19.8,36.8
MSFT,C3,2017-10-26,21.2,22.0,44.7
MSFT,C3,2017-11-01,10.3,18.9,30.9
MSFT,C3,2017-11-07,6.3,16.9,26.9
MSFT,C3,2017-11-13,10.7,17.8,29.7
MSFT,C3,2018-02-23,4.7,20.1,19.5
MSFT,C3,2018-03-01,10.0,17.8,25.5
MSFT,C3,2018-03-07,8.7,19.5,27.3
MSFT,C3,2018-03-13,7.9,19.8,27.0
MSFT,C3,2018-03-19,10.1,24.0,30.3
MSFT,C3,2018-03-23,14.1,32.3,39.8
MSFT,C3,2018-03-29,10.1,27.2,34.1
MSFT,C3,2018-05-08,15.0,15.3,35.2
MSFT,C3,2018-05-14,10.7,10.8,31.4
MSFT,C3,2018-05-18,10.4,7.9,26.4
MSFT,C3,2018-05-24,11.9,14.0,35.8
MSFT,C3,2018-05-31,14.1,10.7,36.0
MSFT,C3,2018-06-06,6.0,6.8,34.5
MSFT,C3,2018-06-12,11.9,2.4,33.8
MSFT,C3,2018-06-18,11.2,-1.8,36.7
MSFT,C3,2018-06-22,14.4,0.8,38.6
MSFT,C3,2018-08-03,-0.1,-1.8,28.5
MSFT,C3,2018-08-09,0.3,-0.5,28.1
MSFT,C3,2018-08-15,0.1,4.0,27.9
MSFT,C3,2018-09-14,-7.9,4.7,23.4
MSFT,C3,2018-09-20,-16.8,4.7,21.9
MSFT,C3,2018-09-26,-10.5,5.6,23.2
MSFT,C3,2018-10-02,-11.0,5.3,24.9
MSFT,C3,2018-10-08,-6.9,9.9,26.8
MSFT,C3,2018-10-12,-2.7,15.5,30.5
MSFT,C3,2019-07-03,0.8,17.2,53.2
MSFT,C3,2019-07-10,1.2,18.4,53.3
MSFT,C3,2019-07-16,2.8,22.3,50.5
MSFT,C3,2019-07-22,-1.2,18.0,49.9
MSFT,C3,2019-07-26,2.4,21.3,55.0
MSFT,C3,2019-08-01,4.4,33.9,53.4
MSFT,C3,2019-08-07,7.0,37.5,58.3
MSFT,C3,2019-08-30,8.7,9.9,49.7
MSFT,C3,2019-09-06,9.2,14.9,47.5
MSFT,C3,2019-09-12,12.8,4.4,47.5
MSFT,C3,2019-09-18,12.8,6.7,51.3
MSFT,C3,2019-09-24,15.9,15.5,54.9
MSFT,C3,2019-09-30,15.9,19.6,57.0
MSFT,C3,2019-10-04,16.3,20.6,60.8
MSFT,C3,2019-11-05,31.1,25.2,52.1
MSFT,C3,2019-11-11,27.3,26.5,46.0
MSFT,C3,2019-11-15,19.8,22.2,45.5
MSFT,C3,2019-11-21,6.1,23.0,44.8
MSFT,C3,2019-11-27,12.3,23.6,40.5
MSFT,C3,2019-12-04,7.7,25.0,44.4
MSFT,C3,2019-12-10,-10.2,29.2,48.8
MSFT,C3,2019-12-16,-11.4,30.5,46.2
MSFT,C3,2019-12-20,-0.6,26.8,39.8
MSFT,C3,2019-12-27,-4.0,33.3,39.6
MSFT,C3,2020-01-03,3.4,35.4,35.7
MSFT,C3,2020-01-09,7.5,26.5,40.3
MSFT,C3,2020-01-15,7.6,30.5,44.2
MSFT,C3,2020-01-22,5.6,22.6,46.1
MSFT,C3,2020-01-28,8.6,31.6,48.1
MSFT,C3,2020-02-03,5.0,22.5,42.0
MSFT,C3,2020-02-07,-0.5,14.1,32.7
MSFT,C3,2020-02-13,0.9,15.1,26.3
MSFT,C3,2020-02-20,-0.2,18.0,24.6
MSFT,C3,2020-02-26,8.0,33.2,38.8
MSFT,C3,2020-03-03,11.5,30.9,44.2
MSFT,C3,2020-04-30,21.2,15.8,34.7
MSFT,C3,2020-05-06,16.7,20.3,34.5
MSFT,C3,2020-05-12,14.7,19.2,39.1
MSFT,C3,2020-05-18,14.0,15.8,36.7
MSFT,C3,2020-05-22,18.2,17.1,38.0
MSFT,C3,2020-06-18,3.4,14.6,39.3
MSFT,C3,2020-06-24,5.3,13.9,42.9
MSFT,C3,2020-06-30,4.7,7.6,39.4
MSFT,C3,2020-07-07,1.0,5.0,34.3
MSFT,C3,2020-07-13,7.9,3.2,41.2
MSFT,C3,2020-07-17,5.8,11.9,42.6
MSFT,C3,2020-07-23,7.0,18.6,42.8
MSFT,C3,2020-08-12,3.2,17.4,46.3
MSFT,C3,2020-08-18,0.3,11.7,45.2
MSFT,C3,2020-08-24,0.3,10.0,42.2
MSFT,C3,2020-08-28,-5.3,-0.2,30.4
MSFT,C3,2020-09-03,-1.1,9.0,41.7
MSFT,C3,2020-09-10,4.1,12.9,46.7
MSFT,C3,2020-09-16,7.3,15.4,39.5
MSFT,C3,2020-09-22,6.8,12.3,37.7
MSFT,C3,2020-10-22,8.7,17.9,56.9
MSFT,C3,2020-10-28,18.5,23.8,67.3
MSFT,C3,2020-11-03,17.8,16.3,64.3
MSFT,C3,2020-12-03,8.7,20.9,57.5
MSFT,C3,2021-03-24,12.8,20.9,34.9
MSFT,C3,2021-05-05,17.7,37.3,7.0
MSFT,C3,2021-05-11,18.0,37.3,3.6
MSFT,C3,2021-05-17,19.1,40.0,9.6
MSFT,C3,2021-05-21,23.7,38.3,12.9
MSFT,C3,2021-05-27,22.0,32.9,9.3
MSFT,C3,2021-08-05,16.3,7.9,1.7
MSFT,C3,2021-08-11,16.1,5.1,-2.7
MSFT,C3,2021-08-17,16.1,-1.3,-8.6
MSFT,C3,2021-08-23,11.0,-1.5,-15.2
MSFT,C3,2021-08-27,10.5,-2.9,-11.0
MSFT,C3,2021-09-02,8.5,-4.8,-17.8
MSFT,C3,2021-09-23,14.5,5.2,-16.1
MSFT,C3,2021-12-15,-10.4,-22.3,-29.3
MSFT,C3,2024-06-11,-0.3,4.8,15.9
MSFT,C3,2024-06-17,-2.0,-2.3,10.4
MSFT,C3,2024-06-24,-3.3,-3.5,13.3
MSFT,C3,2024-06-28,-5.7,-4.9,14.0
MSFT,C3,2024-07-05,-12.3,-10.1,9.9
MSFT,C3,2024-07-11,-8.3,-6.3,13.8
MSFT,C3,2024-07-17,-5.9,1.1,21.2
MSFT,C3,2024-07-23,-4.4,-0.2,18.9
MSFT,C3,2024-07-29,1.4,-3.0,25.0
MSFT,C3,2024-08-02,0.2,1.3,27.6
MSFT,C3,2024-08-08,5.1,1.8,27.1
MSFT,C3,2025-01-16,-13.4,21.5,2.1
MSFT,C3,2025-10-15,-11.3,-18.7,
MSFT,C3,2025-10-21,-9.0,-17.7,
MSFT,C3,2025-10-27,-18.9,-22.3,
MSFT,C3,2025-10-31,-23.8,-20.0,
MSFT,C3,2025-11-06,-18.5,-14.8,
MSFT,C3,2025-11-12,-21.7,-17.5,
GOOGL,L2,2018-03-05,-2.4,1.4,-0.9
GOOGL,L2,2020-03-23,22.7,29.6,82.4
GOOGL,C2,2017-08-14,11.8,18.3,31.3
GOOGL,C2,2019-08-19,12.1,28.6,36.6
GOOGL,C2,2020-04-20,18.1,27.9,80.2
GOOGL,C2,2020-08-31,15.3,32.6,81.8
GOOGL,C2,2020-09-28,20.4,46.3,87.6
GOOGL,C2,2020-10-26,13.1,45.6,83.2
GOOGL,C2,2020-11-23,13.1,31.9,59.1
GOOGL,C2,2020-12-21,16.8,41.3,69.4
GOOGL,C2,2021-01-18,21.5,40.6,37.8
GOOGL,C2,2021-02-15,9.8,31.6,24.9
GOOGL,C2,2021-03-15,18.5,38.9,34.3
GOOGL,C2,2021-04-12,11.2,23.9,11.0
GOOGL,C2,2021-05-10,20.9,30.5,1.9
GOOGL,C2,2021-06-07,15.9,21.8,-8.5
GOOGL,C2,2021-07-05,11.4,9.2,-4.9
GOOGL,C2,2021-08-02,9.7,5.6,-13.5
GOOGL,C2,2021-08-30,-1.2,-8.2,-25.0
GOOGL,C2,2021-09-27,6.1,2.6,-29.9
GOOGL,C2,2021-10-25,-9.9,-22.9,-35.0
GOOGL,C2,2021-11-22,-5.4,-21.0,-31.5
GOOGL,C2,2021-12-20,-3.6,-19.7,-39.3
GOOGL,C2,2022-01-17,-8.2,-17.2,-24.8
GOOGL,C2,2022-02-14,-16.5,-10.1,-27.6
GOOGL,C2,2023-05-29,8.8,5.8,38.4
GOOGL,C2,2023-06-26,9.3,16.7,52.3
GOOGL,C2,2023-07-24,-7.9,14.8,26.1
GOOGL,C2,2023-08-21,5.2,10.8,27.7
GOOGL,C2,2023-09-18,8.6,15.8,25.9
GOOGL,C2,2023-10-16,7.9,13.6,20.8
GOOGL,C2,2023-11-13,3.9,30.1,27.8
GOOGL,C2,2023-12-11,6.5,33.5,43.7
GOOGL,C2,2024-01-08,10.6,29.9,35.1
GOOGL,C2,2024-02-05,13.2,10.0,24.8
GOOGL,C2,2024-03-04,28.8,11.6,28.9
GOOGL,C2,2024-04-01,25.1,9.8,-4.1
GOOGL,C2,2024-04-29,-0.2,2.7,-1.5
GOOGL,C2,2024-05-27,-5.2,-1.8,0.0
GOOGL,C2,2024-06-24,-9.9,6.1,-1.5
GOOGL,C2,2024-07-22,-0.9,20.2,16.2
GOOGL,C2,2024-08-19,-0.4,8.7,25.0
GOOGL,C2,2024-09-16,17.1,0.5,56.4
GOOGL,C2,2024-10-14,20.1,-7.3,55.7
GOOGL,C2,2024-11-11,7.5,-3.4,61.0
GOOGL,C2,2024-12-09,-12.7,-7.8,63.6
GOOGL,C2,2025-01-06,-18.1,-5.9,71.8
GOOGL,C2,2025-02-03,-17.5,8.9,74.9
GOOGL,C2,2025-03-03,0.0,35.5,72.4
GOOGL,C2,2025-03-31,23.5,68.9,103.8
GOOGL,C2,2025-08-18,45.5,53.1,
GOOGL,C2,2025-09-15,20.7,18.3,
GOOGL,C2,2025-10-13,30.4,35.1,
GOOGL,C2,2025-11-10,10.7,43.7,
GOOGL,C2,2025-12-08,-2.2,16.4,
GOOGL,C2,2026-01-05,-3.4,8.8,
GOOGL,C2,2026-02-02,24.2,,
GOOGL,C2,2026-03-02,23.5,,
GOOGL,C2,2026-03-30,21.8,,
GOOGL,C2,2026-04-27,,,
GOOGL,C2,2026-05-25,,,
GOOGL,C2,2026-06-22,,,
GOOGL,L3,2020-04-13,25.3,28.5,90.0
GOOGL,L3,2020-10-19,23.7,49.7,93.5
GOOGL,L3,2020-12-01,11.8,34.1,62.4
GOOGL,L3,2021-01-15,31.9,54.0,49.3
GOOGL,L3,2021-05-05,17.3,28.8,-1.1
GOOGL,L3,2021-06-10,16.9,18.2,-8.4
GOOGL,L3,2021-11-03,-5.0,-22.5,-32.9
GOOGL,L3,2023-05-30,10.1,4.5,43.0
GOOGL,L3,2023-07-27,-5.6,9.1,25.4
GOOGL,L3,2023-09-14,-4.0,6.9,18.1
GOOGL,L3,2024-01-03,11.5,33.7,39.4
GOOGL,L3,2024-04-12,14.9,3.6,2.3
GOOGL,L3,2024-05-28,-8.2,-2.5,1.1
GOOGL,L3,2024-08-21,1.2,2.9,42.4
GOOGL,L3,2024-10-16,20.2,-1.7,71.2
GOOGL,L3,2024-11-06,4.1,-5.6,64.7
GOOGL,L3,2025-02-04,-25.2,-1.2,47.6
GOOGL,L3,2025-11-21,4.1,20.9,
GOOGL,L3,2026-05-26,,,
GOOGL,C3,2017-08-15,10.5,18.7,33.9
GOOGL,C3,2019-08-07,11.1,29.1,32.3
GOOGL,C3,2019-08-13,8.3,27.4,32.5
GOOGL,C3,2019-08-19,9.3,15.5,36.6
GOOGL,C3,2019-08-23,13.2,20.2,41.3
GOOGL,C3,2020-03-27,27.7,34.0,104.5
GOOGL,C3,2020-04-17,21.7,24.0,87.1
GOOGL,C3,2020-04-23,20.3,25.8,82.1
GOOGL,C3,2020-10-20,22.1,52.1,85.0
GOOGL,C3,2020-10-26,15.3,45.6,87.9
GOOGL,C3,2020-10-30,27.1,41.8,80.4
GOOGL,C3,2020-12-03,11.8,33.4,60.8
GOOGL,C3,2020-12-09,17.2,37.0,61.4
GOOGL,C3,2020-12-15,15.3,38.7,66.6
GOOGL,C3,2020-12-21,16.7,41.0,67.2
GOOGL,C3,2020-12-28,20.1,42.3,54.5
GOOGL,C3,2021-01-22,21.1,43.5,56.4
GOOGL,C3,2021-01-28,26.4,45.8,50.4
GOOGL,C3,2021-02-03,14.2,32.9,31.7
GOOGL,C3,2021-02-09,7.4,33.3,25.7
GOOGL,C3,2021-02-16,7.6,30.2,27.4
GOOGL,C3,2021-02-22,15.0,37.7,30.4
GOOGL,C3,2021-02-26,17.8,43.6,32.0
GOOGL,C3,2021-03-04,18.1,41.3,27.0
GOOGL,C3,2021-03-10,19.4,40.0,33.7
GOOGL,C3,2021-05-07,16.3,24.1,-4.8
GOOGL,C3,2021-05-13,24.1,32.7,-4.9
GOOGL,C3,2021-06-11,17.3,20.5,-7.6
GOOGL,C3,2021-06-17,13.9,17.8,-8.2
GOOGL,C3,2021-06-23,16.4,20.1,-6.2
GOOGL,C3,2021-06-29,9.3,18.6,-6.7
GOOGL,C3,2021-07-06,9.0,8.6,-13.6
GOOGL,C3,2021-07-12,7.5,9.1,-15.0
GOOGL,C3,2021-07-16,12.5,5.0,-10.0
GOOGL,C3,2021-07-22,7.1,0.6,-8.1
GOOGL,C3,2021-07-28,7.2,1.1,-14.3
GOOGL,C3,2021-08-03,8.1,2.6,-10.0
GOOGL,C3,2021-08-09,8.8,-1.9,-14.4
GOOGL,C3,2021-08-13,7.8,-3.8,-15.3
GOOGL,C3,2021-08-19,9.8,-2.2,-20.2
GOOGL,C3,2021-08-25,0.1,-5.3,-23.0
GOOGL,C3,2021-08-31,-1.2,-12.2,-27.9
GOOGL,C3,2021-09-07,2.7,-12.7,-28.6
GOOGL,C3,2021-09-13,1.1,-4.4,-30.6
GOOGL,C3,2021-09-17,0.6,0.5,-30.8
GOOGL,C3,2021-09-23,4.7,0.5,-28.2
GOOGL,C3,2021-09-29,7.8,4.6,-27.7
GOOGL,C3,2021-10-05,1.3,-5.3,-26.5
GOOGL,C3,2021-11-04,-6.0,-23.9,-33.3
GOOGL,C3,2021-11-10,-7.1,-23.3,-33.5
GOOGL,C3,2021-11-16,-11.8,-28.3,-35.6
GOOGL,C3,2021-11-22,-8.1,-22.2,-32.0
GOOGL,C3,2021-11-29,-8.0,-19.7,-36.2
GOOGL,C3,2021-12-03,-6.0,-21.7,-36.0
GOOGL,C3,2021-12-09,-12.5,-28.2,-39.3
GOOGL,C3,2023-06-02,7.9,9.8,42.0
GOOGL,C3,2023-06-08,10.8,8.5,47.2
GOOGL,C3,2023-06-14,11.8,10.5,50.1
GOOGL,C3,2023-06-21,8.0,17.4,54.3
GOOGL,C3,2023-07-31,-6.5,8.3,22.4
GOOGL,C3,2023-08-04,1.7,16.3,27.3
GOOGL,C3,2023-08-10,2.2,10.1,26.4
GOOGL,C3,2023-08-16,6.4,12.0,26.7
GOOGL,C3,2023-09-20,5.0,12.8,24.3
GOOGL,C3,2023-09-26,9.1,20.5,28.2
GOOGL,C3,2023-10-02,1.7,16.7,23.3
GOOGL,C3,2024-01-09,11.9,28.6,41.0
GOOGL,C3,2024-01-16,9.5,27.7,37.6
GOOGL,C3,2024-01-22,9.0,16.3,41.9
GOOGL,C3,2024-01-26,7.0,9.6,23.0
GOOGL,C3,2024-02-01,19.1,14.9,31.7
GOOGL,C3,2024-02-07,15.9,10.3,23.9
GOOGL,C3,2024-02-13,20.0,15.3,16.5
GOOGL,C3,2024-04-16,15.2,6.5,3.3
GOOGL,C3,2024-04-22,7.2,6.0,4.9
GOOGL,C3,2024-04-26,-0.1,-0.2,-7.4
GOOGL,C3,2024-05-02,-4.9,6.2,0.2
GOOGL,C3,2024-05-08,-4.1,7.5,1.4
GOOGL,C3,2024-05-29,-7.0,-2.4,0.5
GOOGL,C3,2024-06-04,-13.1,1.3,0.3
GOOGL,C3,2024-06-10,-11.5,8.7,-2.0
GOOGL,C3,2024-06-14,-9.5,6.9,-0.1
GOOGL,C3,2024-06-21,-9.5,9.2,-2.5
GOOGL,C3,2024-06-27,-10.4,2.4,-1.6
GOOGL,C3,2024-07-03,-10.0,4.6,0.1
GOOGL,C3,2024-07-10,-15.1,2.5,1.0
GOOGL,C3,2024-07-16,-10.1,8.1,7.4
GOOGL,C3,2024-07-22,-9.0,7.8,7.7
GOOGL,C3,2024-07-26,-0.0,20.8,20.9
GOOGL,C3,2024-08-01,0.4,8.8,20.0
GOOGL,C3,2024-10-17,21.7,-1.2,73.3
GOOGL,C3,2024-11-08,4.0,-7.8,79.4
GOOGL,C3,2024-11-14,2.4,-1.3,80.1
GOOGL,C3,2024-11-20,-4.1,-3.7,83.4
GOOGL,C3,2024-11-26,2.4,2.9,85.7
GOOGL,C3,2024-12-03,-4.0,2.9,74.1
GOOGL,C3,2024-12-09,-6.2,-0.9,80.0
GOOGL,C3,2024-12-13,-13.5,-9.9,66.0
GOOGL,C3,2024-12-19,-13.8,-6.5,67.4
GOOGL,C3,2024-12-26,-19.6,-10.6,70.3
GOOGL,C3,2025-01-02,-23.5,-3.9,74.9
GOOGL,C3,2025-01-08,-17.9,-4.4,69.7
GOOGL,C3,2025-02-05,-20.1,5.8,58.9
GOOGL,C3,2025-02-11,-11.4,9.0,69.5
GOOGL,C3,2025-02-18,-8.2,13.7,65.8
GOOGL,C3,2025-02-24,-3.7,19.1,71.7
GOOGL,C3,2025-02-28,-2.3,38.3,78.3
GOOGL,C3,2025-03-06,2.4,39.9,79.0
GOOGL,C3,2025-03-12,4.7,49.6,74.7
GOOGL,C3,2025-07-31,46.7,72.9,
GOOGL,C3,2025-08-06,45.3,58.8,
GOOGL,C3,2025-08-12,41.1,49.4,
GOOGL,C3,2025-08-18,39.8,53.0,
GOOGL,C3,2025-08-22,54.7,49.0,
GOOGL,C3,2025-08-28,48.9,41.3,
GOOGL,C3,2025-09-04,38.4,31.0,
GOOGL,C3,2025-09-10,30.7,28.8,
GOOGL,C3,2025-09-16,18.2,15.8,
GOOGL,C3,2025-09-22,24.6,8.5,
GOOGL,C3,2025-09-26,27.4,21.8,
GOOGL,C3,2025-10-02,28.0,29.3,
GOOGL,C3,2025-10-08,35.8,37.6,
GOOGL,C3,2025-11-25,-6.1,15.2,
GOOGL,C3,2025-12-02,-2.9,13.1,
GOOGL,C3,2025-12-08,-3.6,19.1,
GOOGL,C3,2025-12-12,-0.6,12.1,
GOOGL,C3,2025-12-18,-3.7,17.1,
GOOGL,C3,2025-12-24,-8.4,16.8,
GOOGL,C3,2025-12-31,-2.3,14.3,
GOOGL,C3,2026-01-07,-0.1,10.2,
GOOGL,C3,2026-01-13,1.8,,
GOOGL,C3,2026-01-20,5.3,,
GOOGL,C3,2026-01-26,5.1,,
GOOGL,C3,2026-01-30,15.0,,
GOOGL,C3,2026-02-05,17.4,,
GOOGL,C3,2026-02-11,27.7,,
GOOGL,C3,2026-06-01,,,
GOOGL,C3,2026-06-05,,,
GOOGL,C3,2026-06-11,,,
GOOGL,C3,2026-06-17,,,
AMZN,L2,2020-10-26,5.6,14.2,11.1
AMZN,L2,2021-12-20,-3.7,-31.9,-50.2
AMZN,L2,2025-10-13,12.2,17.6,
AMZN,C2,2017-09-04,20.3,63.5,102.1
AMZN,C2,2017-10-02,24.2,42.0,91.0
AMZN,C2,2017-10-30,28.6,42.2,49.8
AMZN,C2,2017-11-27,29.1,41.2,45.4
AMZN,C2,2017-12-25,23.8,45.3,26.4
AMZN,C2,2018-01-22,12.2,29.6,19.2
AMZN,C2,2018-02-19,7.3,27.0,8.8
AMZN,C2,2018-03-19,14.7,28.0,18.0
AMZN,C2,2018-04-16,18.7,15.5,21.9
AMZN,C2,2018-05-14,19.6,1.2,18.7
AMZN,C2,2018-06-11,14.8,-7.2,9.0
AMZN,C2,2018-07-09,-1.3,-9.5,10.9
AMZN,C2,2018-08-06,-9.2,-15.8,-4.2
AMZN,C2,2018-09-03,-16.5,-17.0,-6.1
AMZN,C2,2018-10-01,-16.6,-2.8,-7.9
AMZN,C2,2018-10-29,-2.4,17.8,7.6
AMZN,C2,2018-11-26,-1.1,5.0,6.5
AMZN,C2,2018-12-24,20.5,28.1,26.5
AMZN,C2,2019-08-05,-1.2,15.0,75.2
AMZN,C2,2019-09-02,-4.5,3.7,79.7
AMZN,C2,2019-09-30,7.8,9.6,79.6
AMZN,C2,2020-04-06,56.7,60.9,65.1
AMZN,C2,2021-06-21,0.7,0.6,-31.5
AMZN,C2,2021-07-19,-8.8,-22.0,-33.0
AMZN,C2,2021-08-16,14.9,-4.6,-13.6
AMZN,C2,2021-09-13,-1.8,-6.9,-28.6
AMZN,C2,2021-12-27,-1.9,-34.3,-49.6
AMZN,C2,2022-01-24,-13.7,-6.3,-29.0
AMZN,C2,2023-10-02,13.5,44.6,45.8
AMZN,C2,2023-10-30,24.0,34.4,42.8
AMZN,C2,2023-11-27,21.2,20.0,41.4
AMZN,C2,2023-12-25,18.7,27.2,47.3
AMZN,C2,2024-01-22,12.9,14.7,47.6
AMZN,C2,2024-02-19,3.3,1.2,23.8
AMZN,C2,2024-03-18,5.7,7.1,9.7
AMZN,C2,2024-04-15,4.9,8.2,-1.2
AMZN,C2,2024-05-13,-4.1,9.7,11.3
AMZN,C2,2024-06-10,1.5,23.8,15.5
AMZN,C2,2024-07-08,-2.9,12.6,15.7
AMZN,C2,2024-08-05,24.7,37.3,33.4
AMZN,C2,2024-09-02,32.5,16.3,35.6
AMZN,C2,2025-07-21,-3.1,3.3,
AMZN,C2,2025-08-18,-3.6,-8.2,
AMZN,C2,2025-11-03,-13.9,11.6,
AMZN,L3,2017-10-30,28.7,43.3,54.2
AMZN,L3,2018-02-09,17.7,40.8,21.9
AMZN,L3,2018-05-02,16.2,3.7,19.2
AMZN,L3,2018-06-13,15.6,-9.0,11.3
AMZN,L3,2018-10-08,-12.0,-0.1,-4.2
AMZN,L3,2021-07-01,-7.1,-4.2,-35.5
AMZN,L3,2023-09-21,18.6,39.5,40.7
AMZN,L3,2023-10-13,18.3,36.6,44.7
AMZN,L3,2023-12-04,21.1,29.3,60.8
AMZN,L3,2023-12-28,18.9,29.9,42.4
AMZN,L3,2024-06-07,0.1,24.2,15.4
AMZN,L3,2024-07-15,-2.6,19.7,19.9
AMZN,C3,2017-08-29,23.3,61.9,108.3
AMZN,C3,2017-09-05,19.4,64.5,97.7
AMZN,C3,2017-11-03,21.5,44.1,45.7
AMZN,C3,2017-11-09,28.5,39.4,34.3
AMZN,C3,2017-11-15,31.6,42.3,48.9
AMZN,C3,2017-11-21,32.7,43.0,46.4
AMZN,C3,2017-11-28,27.6,42.1,37.7
AMZN,C3,2017-12-04,39.2,49.8,34.1
AMZN,C3,2017-12-08,36.2,48.3,18.5
AMZN,C3,2017-12-14,34.7,46.1,25.9
AMZN,C3,2017-12-20,27.1,44.5,33.8
AMZN,C3,2018-02-13,11.8,32.7,16.0
AMZN,C3,2018-02-20,9.1,29.8,15.3
AMZN,C3,2018-02-26,6.8,31.6,9.8
AMZN,C3,2018-03-02,13.1,30.5,14.1
AMZN,C3,2018-03-08,8.8,28.2,17.2
AMZN,C3,2018-03-14,7.9,22.0,11.0
AMZN,C3,2018-03-20,9.1,21.9,14.3
AMZN,C3,2018-03-26,6.7,28.7,18.9
AMZN,C3,2018-04-02,23.5,39.2,34.3
AMZN,C3,2018-04-06,24.0,24.9,32.5
AMZN,C3,2018-05-04,17.8,11.0,18.2
AMZN,C3,2018-05-10,17.8,1.4,12.8
AMZN,C3,2018-05-16,18.6,-4.7,14.4
AMZN,C3,2018-06-19,12.1,-22.5,11.5
AMZN,C3,2018-06-25,18.7,-9.7,19.6
AMZN,C3,2018-06-29,16.0,-4.1,18.9
AMZN,C3,2018-07-06,9.0,-4.1,14.8
AMZN,C3,2018-07-12,-0.4,-5.8,9.9
AMZN,C3,2018-07-18,-3.9,-10.2,1.3
AMZN,C3,2018-07-24,-9.0,-8.7,-2.3
AMZN,C3,2018-07-30,-14.0,-6.8,0.3
AMZN,C3,2018-08-03,-10.7,-12.7,-1.7
AMZN,C3,2018-08-09,-9.8,-15.3,-4.9
AMZN,C3,2018-08-15,-14.0,-13.3,-6.3
AMZN,C3,2018-08-21,-19.5,-12.9,-4.4
AMZN,C3,2018-08-27,-13.0,-13.4,-5.6
AMZN,C3,2018-08-31,-17.1,-16.9,-10.2
AMZN,C3,2018-09-07,-15.8,-10.8,-8.1
AMZN,C3,2018-09-13,-23.6,-11.3,-12.6
AMZN,C3,2018-09-19,-28.5,-7.9,-11.1
AMZN,C3,2018-10-12,-5.3,7.6,-1.5
AMZN,C3,2019-07-09,-13.4,-4.9,60.8
AMZN,C3,2019-07-15,-12.5,-7.7,48.9
AMZN,C3,2019-07-19,-9.1,-5.2,55.3
AMZN,C3,2019-07-25,-10.8,-5.2,62.4
AMZN,C3,2019-07-31,-4.8,9.3,65.0
AMZN,C3,2019-08-06,0.4,20.3,78.0
AMZN,C3,2021-07-02,-8.3,-7.0,-35.3
AMZN,C3,2021-07-09,-12.7,-11.2,-33.0
AMZN,C3,2021-07-15,-6.1,-13.9,-33.4
AMZN,C3,2021-07-21,-4.2,-21.9,-25.2
AMZN,C3,2021-07-27,-6.4,-17.5,-23.1
AMZN,C3,2023-09-22,18.8,40.2,44.4
AMZN,C3,2023-09-28,19.0,46.9,48.2
AMZN,C3,2023-10-04,17.4,48.9,47.2
AMZN,C3,2023-12-05,17.1,27.2,57.4
AMZN,C3,2023-12-11,19.6,25.3,54.3
AMZN,C3,2024-01-04,28.4,34.5,56.3
AMZN,C3,2024-01-10,19.4,19.5,52.8
AMZN,C3,2024-01-17,15.1,19.2,54.7
AMZN,C3,2024-01-23,11.3,16.5,51.4
AMZN,C3,2024-01-29,11.0,-0.1,44.3
AMZN,C3,2024-02-02,9.9,-2.8,31.9
AMZN,C3,2024-02-08,9.9,4.6,25.2
AMZN,C3,2024-02-14,8.0,5.3,24.2
AMZN,C3,2024-02-21,7.4,2.7,19.0
AMZN,C3,2024-02-27,3.3,1.6,14.6
AMZN,C3,2024-03-04,2.1,-1.2,8.6
AMZN,C3,2024-03-08,6.8,6.4,15.9
AMZN,C3,2024-03-14,3.0,6.2,7.8
AMZN,C3,2024-03-20,4.2,8.1,0.1
AMZN,C3,2024-03-26,8.4,3.8,7.2
AMZN,C3,2024-04-02,10.7,0.1,-0.6
AMZN,C3,2024-04-08,5.3,2.0,-6.5
AMZN,C3,2024-04-12,1.0,0.8,0.8
AMZN,C3,2024-04-18,4.0,3.1,6.0
AMZN,C3,2024-04-24,3.7,8.1,8.8
AMZN,C3,2024-04-30,-4.1,11.9,20.1
AMZN,C3,2024-06-12,-1.1,23.7,19.5
AMZN,C3,2024-06-18,4.8,23.1,22.2
AMZN,C3,2024-07-19,3.2,28.6,15.6
AMZN,C3,2024-07-25,4.4,32.2,23.8
AMZN,C3,2024-07-31,-0.3,27.7,23.5
AMZN,C3,2025-07-07,-0.8,10.7,
AMZN,C3,2025-07-11,-2.2,5.8,
AMZN,C3,2025-07-17,-4.8,4.7,
AMZN,C3,2025-07-23,-3.2,6.4,
AMZN,C3,2025-07-29,-0.3,3.3,
AMZN,C3,2025-08-04,17.8,-1.4,
AMZN,C3,2025-08-08,11.5,-10.7,
AMZN,C3,2025-08-14,1.6,-9.0,
AMZN,C3,2025-08-20,-3.0,-7.1,
META,L2,2019-08-26,8.6,3.7,58.2
META,L2,2020-03-02,27.4,56.1,45.9
META,L2,2021-10-04,0.5,-32.6,-59.6
META,C2,2017-11-06,-1.3,4.8,-18.8
META,C2,2017-12-04,3.5,5.6,-23.2
META,C2,2018-01-01,-15.9,8.8,-26.2
META,C2,2018-01-29,-7.2,-6.6,-12.9
META,C2,2018-02-26,9.8,-0.5,-8.1
META,C2,2019-05-13,-0.9,5.3,13.8
META,C2,2019-09-16,8.6,-21.2,33.0
META,C2,2019-10-14,19.5,-3.6,43.1
META,C2,2020-03-30,51.4,68.6,93.7
META,C2,2020-08-31,-1.1,-6.5,33.1
META,C2,2020-09-28,5.1,14.9,32.0
META,C2,2020-10-26,-1.8,23.6,23.0
META,C2,2020-11-23,-7.3,18.3,19.9
META,C2,2021-10-25,-6.8,-38.0,-69.3
META,C2,2021-11-22,-36.8,-41.4,-66.6
META,C2,2021-12-20,-33.8,-49.2,-64.8
META,C2,2023-10-16,24.2,56.0,87.3
META,C2,2023-11-13,41.3,41.0,65.9
META,C2,2023-12-11,44.7,50.8,85.8
META,C2,2024-01-08,36.8,33.5,65.1
META,C2,2024-02-05,1.8,10.8,53.2
META,C2,2024-03-04,-2.6,-1.0,24.0
META,C2,2024-04-01,2.5,13.2,-3.9
META,C2,2024-04-29,8.1,25.7,32.6
META,C2,2024-05-27,11.8,23.3,39.2
META,C2,2024-06-24,12.6,19.2,46.0
META,C2,2024-07-22,23.2,39.3,53.6
META,C2,2024-08-19,6.0,29.7,43.4
META,C2,2024-09-16,4.3,6.4,39.0
META,C2,2024-10-14,6.4,-12.9,24.8
META,C2,2024-11-11,33.1,15.8,10.3
META,C2,2024-12-09,-1.9,10.3,4.2
META,C2,2025-01-06,-11.7,16.7,6.4
META,C2,2025-02-03,-17.0,7.8,-7.1
META,C2,2025-03-03,11.6,20.5,3.4
META,C2,2025-03-31,42.6,41.0,14.2
META,C2,2025-04-28,25.7,8.8,2.3
META,L3,2017-11-01,1.5,1.6,-22.2
META,L3,2018-01-16,-5.8,18.2,-19.2
META,L3,2019-05-21,-1.5,7.6,25.9
META,L3,2020-09-28,5.9,19.3,28.5
META,L3,2020-10-19,5.0,16.1,23.8
META,L3,2020-12-01,-10.9,15.3,16.7
META,L3,2023-12-11,49.0,53.9,85.1
META,L3,2024-04-15,-4.8,15.5,11.2
META,L3,2024-05-21,13.8,21.9,47.9
META,L3,2024-06-28,14.4,20.1,41.4
META,L3,2024-08-29,14.5,15.6,48.1
META,L3,2024-12-30,-14.6,23.2,4.4
META,L3,2025-02-24,-3.6,10.7,-2.8
META,C3,2017-11-02,0.7,4.5,-19.4
META,C3,2017-11-08,-3.6,2.3,-26.2
META,C3,2017-11-14,-1.2,5.0,-24.2
META,C3,2017-11-20,3.5,5.0,-21.1
META,C3,2017-11-27,-3.5,5.4,-22.5
META,C3,2017-12-01,4.1,9.4,-17.7
META,C3,2017-12-07,2.2,8.7,-25.9
META,C3,2018-01-18,-7.8,21.0,-7.3
META,C3,2018-01-24,-6.9,-7.5,-8.6
META,C3,2018-01-30,-7.0,-0.8,-11.8
META,C3,2018-02-05,0.8,-0.6,-10.5
META,C3,2018-02-09,4.7,-0.8,-6.5
META,C3,2018-02-15,2.5,-3.5,-9.8
META,C3,2020-09-29,4.3,19.6,24.3
META,C3,2020-10-05,1.5,17.0,22.7
META,C3,2020-10-21,1.2,18.2,17.7
META,C3,2020-10-27,-7.5,11.2,19.5
META,C3,2020-11-02,2.6,17.3,30.4
META,C3,2020-11-06,-7.8,7.5,15.4
META,C3,2020-12-07,-6.0,17.9,16.9
META,C3,2023-12-13,48.4,48.1,80.9
META,C3,2023-12-19,43.7,48.6,71.7
META,C3,2023-12-26,38.6,44.0,72.8
META,C3,2024-01-02,52.4,54.7,78.9
META,C3,2024-01-08,46.0,36.8,74.5
META,C3,2024-01-12,32.1,30.4,80.8
META,C3,2024-01-19,29.5,21.7,82.6
META,C3,2024-01-25,10.1,26.9,82.4
META,C3,2024-01-31,16.0,25.6,87.5
META,C3,2024-02-06,4.7,16.5,53.4
META,C3,2024-02-12,2.8,13.1,44.2
META,C3,2024-02-16,-1.7,11.8,35.7
META,C3,2024-02-23,-0.8,7.2,23.9
META,C3,2024-02-29,-2.6,5.6,24.4
META,C3,2024-03-06,-0.6,3.3,18.6
META,C3,2024-03-12,0.9,7.5,22.7
META,C3,2024-03-18,1.0,13.8,18.3
META,C3,2024-03-22,0.8,11.6,1.7
META,C3,2024-04-16,-4.5,15.3,10.3
META,C3,2024-04-22,-5.8,19.2,22.4
META,C3,2024-04-26,7.2,28.3,44.8
META,C3,2024-07-01,13.6,25.1,39.8
META,C3,2024-07-08,12.1,15.1,33.6
META,C3,2024-07-12,18.5,23.0,44.3
META,C3,2024-07-18,21.3,36.3,58.2
META,C3,2024-08-30,17.8,16.4,49.9
META,C3,2024-09-06,22.8,21.2,53.6
META,C3,2024-09-12,18.1,13.7,42.1
META,C3,2024-09-18,10.8,12.2,35.6
META,C3,2024-09-24,7.2,3.8,27.8
META,C3,2024-09-30,4.8,-10.7,24.2
META,C3,2024-10-04,2.6,-10.7,23.2
META,C3,2024-10-10,5.8,-16.8,26.9
META,C3,2024-10-16,8.2,-5.0,15.9
META,C3,2024-10-22,16.0,-1.5,9.6
META,C3,2024-10-28,20.7,3.4,8.8
META,C3,2024-11-01,26.1,15.9,6.5
META,C3,2025-01-02,-14.7,20.5,3.8
META,C3,2025-01-08,-12.9,15.5,8.2
META,C3,2025-02-25,-1.8,12.0,-0.2
META,C3,2025-03-03,5.1,15.0,-3.8
META,C3,2025-03-07,12.4,21.0,-4.7
META,C3,2025-03-13,19.1,32.3,-6.9
META,C3,2025-03-19,19.7,30.4,-0.5
AAPL,L2,2021-03-01,3.9,27.5,35.2
AAPL,L2,2021-10-11,19.7,14.4,-3.9
AAPL,C2,2017-08-14,8.4,10.3,40.2
AAPL,C2,2017-09-11,9.2,12.2,42.1
AAPL,C2,2017-10-09,13.2,12.2,43.6
AAPL,C2,2017-11-06,-10.1,8.8,18.8
AAPL,C2,2017-12-04,6.7,14.1,1.0
AAPL,C2,2018-01-01,-3.4,8.3,-14.0
AAPL,C2,2018-01-29,15.0,30.6,5.3
AAPL,C2,2018-02-26,8.4,30.1,0.8
AAPL,C2,2018-03-26,10.8,35.5,14.9
AAPL,C2,2018-04-23,18.1,34.2,27.8
AAPL,C2,2018-05-21,15.0,-8.0,-3.7
AAPL,C2,2018-06-18,18.1,-17.9,9.1
AAPL,C2,2018-07-16,15.0,-17.5,7.4
AAPL,C2,2018-08-13,-10.7,-21.1,-3.6
AAPL,C2,2018-09-10,-25.8,-16.2,-0.8
AAPL,C2,2018-10-08,-31.2,-9.8,8.0
AAPL,C2,2018-11-05,-16.3,-2.8,29.1
AAPL,C2,2018-12-03,3.1,13.8,63.1
AAPL,C2,2019-09-09,26.2,27.8,106.8
AAPL,C2,2019-10-07,31.8,14.1,100.0
AAPL,C2,2019-11-04,23.3,19.8,84.1
AAPL,C2,2019-12-02,7.0,23.1,82.2
AAPL,C2,2019-12-30,-18.6,23.0,80.0
AAPL,C2,2020-01-27,-6.4,38.0,72.0
AAPL,C2,2020-02-24,16.6,83.5,78.8
AAPL,C2,2020-03-23,43.1,82.1,97.2
AAPL,C2,2020-04-20,31.3,63.4,91.3
AAPL,C2,2020-05-18,56.3,47.7,58.4
AAPL,C2,2020-06-15,22.4,45.4,50.2
AAPL,C2,2020-07-13,23.8,32.5,53.0
AAPL,C2,2020-08-10,4.0,18.2,30.6
AAPL,C2,2020-09-07,9.5,8.4,33.9
AAPL,C2,2020-10-05,13.1,14.1,23.0
AAPL,C2,2020-11-02,15.4,10.1,28.2
AAPL,C2,2021-03-22,10.0,21.6,45.0
AAPL,C2,2021-04-19,10.8,11.1,21.2
AAPL,C2,2021-05-17,18.3,28.4,10.3
AAPL,C2,2021-11-01,14.1,4.3,-8.0
AAPL,C2,2021-11-29,1.0,-9.9,-8.1
AAPL,C2,2021-12-27,-1.7,-21.5,-26.4
AAPL,C2,2022-01-24,-7.3,-4.3,-13.8
AAPL,C2,2022-02-21,-9.1,-0.5,-10.5
AAPL,C2,2022-03-21,-18.8,-13.7,-7.7
AAPL,C2,2022-04-18,-4.6,-8.7,2.6
AAPL,C2,2023-10-09,4.1,-1.0,27.9
AAPL,C2,2023-11-06,1.4,-1.5,22.4
AAPL,C2,2024-09-23,12.3,-4.1,12.7
AAPL,C2,2024-10-21,-3.6,-9.4,14.1
AAPL,C2,2024-11-18,6.9,-14.8,18.6
AAPL,C2,2024-12-16,-14.1,-20.8,8.0
AAPL,C2,2025-01-13,-14.3,-8.0,11.6
AAPL,C2,2025-02-10,-13.5,-5.1,5.0
AAPL,L3,2017-08-23,9.8,10.2,44.0
AAPL,L3,2017-11-15,1.6,12.2,8.6
AAPL,L3,2018-01-08,0.3,10.4,-10.8
AAPL,L3,2018-03-09,7.2,26.7,7.8
AAPL,L3,2018-05-31,22.2,-4.8,5.5
AAPL,L3,2018-08-27,-16.7,-19.3,1.0
AAPL,L3,2019-09-19,26.8,17.6,111.7
AAPL,L3,2019-11-07,26.4,19.2,83.6
AAPL,L3,2020-02-10,-4.1,43.6,58.0
AAPL,L3,2020-05-19,51.4,50.4,59.8
AAPL,L3,2020-09-10,8.0,6.5,29.3
AAPL,L3,2020-10-20,21.8,14.0,27.6
AAPL,L3,2021-04-27,8.6,11.8,17.9
AAPL,L3,2021-11-30,-1.2,-9.8,-12.1
AAPL,L3,2024-09-23,14.1,-1.2,13.8
AAPL,L3,2024-10-22,1.1,-9.4,15.1
AAPL,L3,2024-12-30,-25.2,-15.6,3.5
AAPL,C3,2017-08-24,9.7,11.5,42.2
AAPL,C3,2017-08-30,5.1,9.2,37.4
AAPL,C3,2017-09-06,5.0,11.1,36.8
AAPL,C3,2017-09-12,7.5,9.8,39.3
AAPL,C3,2017-09-18,10.4,9.7,44.4
AAPL,C3,2017-09-22,12.7,10.6,52.4
AAPL,C3,2017-09-28,12.8,10.7,43.3
AAPL,C3,2017-11-20,5.7,11.2,10.4
AAPL,C3,2017-11-27,1.6,11.9,-1.1
AAPL,C3,2018-01-09,0.6,10.7,-10.4
AAPL,C3,2018-01-16,-1.5,9.6,-10.9
AAPL,C3,2018-01-22,-7.2,8.8,-1.8
AAPL,C3,2018-01-26,-1.0,21.9,1.3
AAPL,C3,2018-02-01,10.8,24.5,3.8
AAPL,C3,2018-02-07,19.1,33.0,9.3
AAPL,C3,2018-02-13,14.2,32.1,8.0
AAPL,C3,2018-03-13,6.4,22.0,5.4
AAPL,C3,2018-03-19,6.8,25.1,10.8
AAPL,C3,2018-03-23,12.2,37.4,21.3
AAPL,C3,2018-03-29,12.0,39.3,20.4
AAPL,C3,2018-04-05,10.7,32.3,19.3
AAPL,C3,2018-06-05,15.8,-11.7,4.2
AAPL,C3,2018-06-11,16.0,-12.9,5.4
AAPL,C3,2018-06-15,16.0,-16.4,6.4
AAPL,C3,2018-06-21,19.5,-15.2,11.8
AAPL,C3,2018-06-27,23.0,-22.2,11.2
AAPL,C3,2018-08-29,-19.6,-21.9,1.6
AAPL,C3,2018-09-05,-25.5,-18.4,-0.3
AAPL,C3,2018-09-11,-23.4,-15.3,-1.2
AAPL,C3,2018-09-17,-25.9,-13.6,4.4
AAPL,C3,2019-09-23,30.4,17.1,108.7
AAPL,C3,2019-09-27,34.6,10.9,112.2
AAPL,C3,2019-10-03,35.5,22.0,121.7
AAPL,C3,2019-10-09,40.0,27.0,109.1
AAPL,C3,2019-11-13,22.7,20.4,75.7
AAPL,C3,2019-11-19,8.4,20.1,85.9
AAPL,C3,2019-11-25,12.4,22.7,87.4
AAPL,C3,2019-12-02,9.7,30.9,87.0
AAPL,C3,2019-12-06,-8.1,27.3,91.8
AAPL,C3,2020-02-13,-2.8,43.1,50.1
AAPL,C3,2020-02-20,-0.2,56.6,53.6
AAPL,C3,2020-02-26,8.9,77.2,66.8
AAPL,C3,2020-03-03,11.7,68.0,72.8
AAPL,C3,2020-05-21,59.2,45.9,57.0
AAPL,C3,2020-05-28,57.2,54.8,60.9
AAPL,C3,2020-06-03,49.0,52.8,60.6
AAPL,C3,2020-06-09,32.2,42.8,54.9
AAPL,C3,2020-06-15,31.0,50.6,56.3
AAPL,C3,2020-06-19,28.1,50.3,58.1
AAPL,C3,2020-06-25,26.3,47.1,58.1
AAPL,C3,2020-07-01,24.4,39.6,65.0
AAPL,C3,2020-07-08,20.8,35.6,54.3
AAPL,C3,2020-07-14,25.1,32.2,54.5
AAPL,C3,2020-07-20,19.7,45.8,49.3
AAPL,C3,2020-07-24,24.4,43.0,59.9
AAPL,C3,2020-09-15,10.8,6.4,26.6
AAPL,C3,2020-09-21,20.0,10.6,30.4
AAPL,C3,2020-09-25,20.3,12.5,28.4
AAPL,C3,2020-10-01,12.4,14.2,21.4
AAPL,C3,2020-10-07,12.3,17.3,30.1
AAPL,C3,2020-10-26,14.9,11.5,32.5
AAPL,C3,2020-10-30,26.4,17.1,36.9
AAPL,C3,2020-11-05,14.1,7.6,30.0
AAPL,C3,2020-11-11,9.7,6.9,35.9
AAPL,C3,2021-04-29,9.2,12.8,16.6
AAPL,C3,2021-05-05,14.4,18.0,14.5
AAPL,C3,2021-05-11,18.4,19.5,9.9
AAPL,C3,2021-05-17,16.1,25.4,14.5
AAPL,C3,2021-12-03,0.8,-15.0,-15.2
AAPL,C3,2021-12-09,-11.0,-25.3,-22.0
AAPL,C3,2021-12-15,-7.6,-22.7,-29.3
AAPL,C3,2021-12-21,1.1,-19.3,-26.5
AAPL,C3,2021-12-28,-2.5,-20.1,-26.7
AAPL,C3,2022-01-03,-5.5,-19.6,-24.9
AAPL,C3,2022-01-07,-2.5,-14.3,-17.6
AAPL,C3,2022-01-13,-2.7,-10.3,-14.8
AAPL,C3,2022-01-20,-0.9,-4.1,-7.8
AAPL,C3,2022-01-26,-1.2,4.3,-4.3
AAPL,C3,2024-09-25,13.0,-10.0,12.7
AAPL,C3,2024-10-01,7.7,-11.9,10.7
AAPL,C3,2024-10-23,3.8,-10.8,17.4
AAPL,C3,2024-10-29,-0.3,-15.3,17.7
AAPL,C3,2024-11-04,2.8,-4.0,21.1
AAPL,C3,2024-11-08,7.9,-8.6,22.1
AAPL,C3,2025-01-06,-22.2,-14.0,1.5
AAPL,C3,2025-01-13,-17.0,-8.3,10.7
AAPL,C3,2025-01-17,-10.9,-6.7,17.9
AAPL,C3,2025-01-24,-5.1,-8.9,25.4
AAPL,C3,2026-02-26,12.3,,
AAPL,C3,2026-03-04,17.2,,
ORCL,C2,2017-08-14,1.1,5.1,1.1
ORCL,C2,2017-09-11,-0.5,8.1,2.7
ORCL,C2,2017-10-09,2.2,-4.8,-1.4
ORCL,C2,2019-07-22,-7.0,-6.7,-3.2
ORCL,C2,2019-08-19,9.8,7.0,8.9
ORCL,C2,2019-09-16,0.7,-13.9,13.8
ORCL,C2,2019-10-14,1.5,1.1,12.5
ORCL,C2,2020-09-28,10.4,23.0,55.0
ORCL,C2,2020-10-26,8.1,36.2,73.6
ORCL,C2,2020-11-23,12.1,37.4,62.3
ORCL,C2,2020-12-21,8.6,21.8,40.2
ORCL,C2,2021-01-18,24.7,46.4,38.3
ORCL,C2,2021-02-15,29.8,46.7,23.9
ORCL,C2,2021-03-15,15.5,31.4,25.2
ORCL,C2,2021-04-12,11.2,21.6,2.1
ORCL,C2,2021-05-10,15.0,19.4,-8.4
ORCL,C2,2021-06-07,8.6,24.7,-17.8
ORCL,C2,2021-07-05,8.3,0.8,-16.9
ORCL,C2,2021-08-02,6.4,-7.6,-12.2
ORCL,C2,2021-08-30,-1.6,-14.4,-15.7
ORCL,C2,2021-09-27,-2.5,-8.0,-30.9
ORCL,C2,2021-10-25,-15.8,-22.9,-18.0
ORCL,C2,2021-11-22,-17.0,-20.6,-8.9
ORCL,C2,2021-12-20,-8.6,-20.6,-8.3
ORCL,C2,2022-01-17,-6.9,-8.1,8.0
ORCL,C2,2022-02-14,-7.6,6.4,19.1
ORCL,C2,2023-05-01,18.4,12.2,21.1
ORCL,C2,2023-05-29,14.6,11.4,12.3
ORCL,C2,2023-06-26,-10.7,-10.8,20.3
ORCL,C2,2023-07-24,-12.6,-0.4,21.5
ORCL,C2,2023-08-21,0.5,-2.8,21.6
ORCL,C2,2023-09-18,-2.2,18.1,56.2
ORCL,C2,2023-10-16,8.1,13.6,73.6
ORCL,C2,2023-11-13,-3.1,7.8,61.2
ORCL,C2,2023-12-11,22.0,34.6,69.9
ORCL,C2,2024-06-17,19.1,20.5,46.6
ORCL,C2,2024-07-15,26.4,16.8,79.0
ORCL,C2,2024-08-12,34.0,27.3,82.5
ORCL,C2,2024-09-09,7.3,-7.4,82.2
ORCL,C2,2024-10-07,-11.9,-24.2,68.3
ORCL,C2,2024-11-04,-7.6,-20.1,27.7
ORCL,C2,2024-12-02,-18.9,-8.7,14.6
ORCL,C2,2024-12-30,-22.7,43.6,18.8
ORCL,C2,2025-01-27,-11.0,44.5,-2.2
ORCL,C2,2025-10-13,-34.2,-39.5,
ORCL,C2,2025-11-10,-28.0,-12.9,
ORCL,C2,2025-12-08,-18.1,-2.5,
ORCL,C2,2026-01-05,-30.2,-28.7,
ORCL,L3,2017-09-21,-0.9,-3.9,5.4
ORCL,L3,2019-09-18,1.7,-11.8,15.2
ORCL,L3,2019-10-18,1.2,-1.3,4.5
ORCL,L3,2020-12-31,15.4,36.8,39.1
ORCL,L3,2021-03-17,15.6,32.3,28.2
ORCL,L3,2021-09-01,-1.6,-14.8,-18.6
ORCL,L3,2021-10-07,-2.6,-12.6,-26.7
ORCL,L3,2023-05-04,21.8,19.1,30.5
ORCL,L3,2023-07-26,-12.8,-2.6,10.5
ORCL,L3,2023-09-18,-5.0,13.2,53.9
ORCL,L3,2024-05-31,20.4,59.7,82.1
ORCL,L3,2024-09-05,34.7,5.2,118.7
ORCL,L3,2024-11-22,-15.5,-12.1,16.4
ORCL,L3,2025-02-03,-11.1,50.7,-7.8
ORCL,C3,2017-09-22,-1.1,-5.8,4.4
ORCL,C3,2017-09-28,-2.6,-6.0,0.2
ORCL,C3,2019-07-11,-4.4,-7.5,-4.6
ORCL,C3,2019-07-17,-4.6,-4.8,-2.8
ORCL,C3,2019-07-23,-5.4,-6.1,-0.8
ORCL,C3,2019-07-29,-5.2,-7.7,-3.2
ORCL,C3,2019-08-02,-0.3,-1.1,-1.5
ORCL,C3,2019-09-24,0.9,-8.6,13.7
ORCL,C3,2019-09-30,-1.5,-5.6,13.6
ORCL,C3,2019-10-04,-1.0,-2.6,12.2
ORCL,C3,2019-10-23,-0.8,-1.2,6.8
ORCL,C3,2019-10-29,-2.7,-4.5,5.5
ORCL,C3,2019-11-04,-0.9,-4.9,4.4
ORCL,C3,2019-11-08,-1.7,-5.0,1.7
ORCL,C3,2020-09-24,9.8,22.1,56.5
ORCL,C3,2020-09-30,7.2,27.6,63.2
ORCL,C3,2020-10-06,7.3,30.7,65.3
ORCL,C3,2020-10-12,0.6,30.0,62.3
ORCL,C3,2020-10-16,1.9,24.6,62.1
ORCL,C3,2021-01-07,22.1,37.8,34.2
ORCL,C3,2021-01-13,27.4,45.7,32.6
ORCL,C3,2021-01-20,22.3,43.8,33.9
ORCL,C3,2021-01-26,23.3,42.9,34.9
ORCL,C3,2021-03-19,19.3,36.0,27.7
ORCL,C3,2021-03-25,14.9,34.0,22.7
ORCL,C3,2021-03-31,17.1,31.4,15.9
ORCL,C3,2021-04-07,18.5,29.6,7.2
ORCL,C3,2021-04-13,12.9,25.2,0.9
ORCL,C3,2021-04-19,14.3,23.2,-1.9
ORCL,C3,2021-04-23,17.5,29.0,1.8
ORCL,C3,2021-04-29,15.9,27.3,-3.0
ORCL,C3,2021-05-05,13.5,21.0,-10.7
ORCL,C3,2021-05-11,16.0,21.3,-10.3
ORCL,C3,2021-05-17,12.9,20.6,-8.0
ORCL,C3,2021-05-21,12.5,19.3,-6.1
ORCL,C3,2021-05-27,13.7,14.5,-8.3
ORCL,C3,2021-06-03,11.4,11.8,-11.5
ORCL,C3,2021-06-09,6.5,20.2,-18.7
ORCL,C3,2021-06-15,7.3,19.2,-12.5
ORCL,C3,2021-06-21,13.8,15.9,-7.8
ORCL,C3,2021-09-07,0.6,-12.5,-20.9
ORCL,C3,2021-09-13,12.8,-7.4,-26.2
ORCL,C3,2021-10-11,-7.0,-17.3,-22.4
ORCL,C3,2021-10-15,-12.2,-19.4,-19.8
ORCL,C3,2021-10-21,-15.5,-20.3,-20.6
ORCL,C3,2021-10-27,-15.2,-21.1,-19.9
ORCL,C3,2021-11-02,-14.0,-23.8,-16.7
ORCL,C3,2021-11-08,-13.6,-26.2,-14.7
ORCL,C3,2021-11-12,-15.0,-26.1,-10.0
ORCL,C3,2021-11-18,-23.2,-23.7,-9.6
ORCL,C3,2023-05-09,18.0,19.6,31.5
ORCL,C3,2023-05-15,18.5,19.5,29.8
ORCL,C3,2023-05-19,15.0,13.9,17.7
ORCL,C3,2023-05-25,16.1,12.2,22.5
ORCL,C3,2023-06-01,17.4,6.5,33.8
ORCL,C3,2023-06-07,20.8,-3.5,37.7
ORCL,C3,2023-06-13,-2.0,-9.4,20.2
ORCL,C3,2023-06-20,-10.0,-12.4,19.1
ORCL,C3,2023-06-26,-10.1,-9.1,22.2
ORCL,C3,2023-06-30,-11.9,-13.1,22.2
ORCL,C3,2023-07-07,-3.4,-7.6,23.0
ORCL,C3,2023-08-01,-10.0,-1.5,15.4
ORCL,C3,2023-08-07,-5.8,0.5,20.4
ORCL,C3,2023-08-11,1.3,-0.8,24.8
ORCL,C3,2023-08-17,0.8,-1.8,23.0
ORCL,C3,2024-06-06,26.6,45.3,69.5
ORCL,C3,2024-06-12,21.7,21.5,51.4
ORCL,C3,2024-06-18,16.5,17.5,65.9
ORCL,C3,2024-06-25,21.1,20.5,71.1
ORCL,C3,2024-07-01,17.5,16.4,70.9
ORCL,C3,2024-07-08,20.6,6.9,66.4
ORCL,C3,2024-07-12,21.9,11.8,72.9
ORCL,C3,2024-07-18,26.8,33.6,78.9
ORCL,C3,2024-07-24,25.9,23.4,81.6
ORCL,C3,2024-09-11,11.8,-2.4,87.3
ORCL,C3,2024-09-17,-1.0,-11.3,74.4
ORCL,C3,2024-09-23,3.5,-14.1,73.1
ORCL,C3,2024-09-27,-1.0,-24.3,84.8
ORCL,C3,2024-10-03,-2.7,-20.0,76.7
ORCL,C3,2024-10-09,-11.9,-27.3,59.0
ORCL,C3,2024-10-15,-0.6,-20.5,59.7
ORCL,C3,2024-10-21,-8.7,-18.5,44.2
ORCL,C3,2024-10-25,-1.8,-14.4,40.2
ORCL,C3,2024-10-31,2.9,-5.8,34.1
ORCL,C3,2024-11-06,-4.7,-10.9,17.4
ORCL,C3,2024-11-29,-15.9,-3.4,1.0
ORCL,C3,2024-12-05,-20.5,14.0,4.1
ORCL,C3,2024-12-11,-14.4,16.6,12.0
ORCL,C3,2024-12-17,-9.1,24.6,16.5
ORCL,C3,2024-12-23,-17.1,41.2,13.2
ORCL,C3,2025-02-06,-8.5,42.9,-13.2
ORCL,C3,2025-02-12,-6.5,37.3,-11.8
ORCL,C3,2025-02-19,-13.0,29.8,-15.2
APP,L2,2025-02-17,-14.7,6.3,0.8
APP,C2,2023-10-30,16.8,91.2,316.4
APP,C2,2023-11-27,62.8,113.0,780.4
APP,C2,2023-12-25,73.7,108.8,741.1
APP,C2,2024-01-22,66.6,75.0,719.6
APP,C2,2024-02-19,43.1,57.2,623.7
APP,C2,2024-03-18,10.3,77.0,340.9
APP,C2,2024-04-15,22.5,117.4,256.6
APP,C2,2024-05-13,4.7,252.9,339.3
APP,C2,2024-06-10,45.2,318.6,370.2
APP,C2,2024-07-08,73.2,275.3,294.9
APP,C2,2024-08-05,274.8,385.6,489.3
APP,C2,2024-09-02,374.8,219.8,479.7
APP,C2,2025-03-17,3.4,106.9,40.9
APP,C2,2025-04-14,53.0,151.6,100.3
APP,C2,2025-11-10,-30.0,-10.2,
APP,C2,2025-12-08,-31.6,-25.9,
APP,C2,2026-01-05,-39.6,-21.7,
APP,L3,2023-11-16,48.5,111.0,765.0
APP,L3,2024-01-11,74.6,97.5,728.2
APP,L3,2024-05-31,7.9,365.2,354.9
APP,L3,2025-12-23,-48.9,-27.6,
APP,C3,2023-11-17,46.8,112.9,771.1
APP,C3,2023-11-24,51.2,109.4,916.7
APP,C3,2023-11-30,67.1,118.5,770.4
APP,C3,2024-01-17,62.2,91.1,787.6
APP,C3,2024-01-23,54.7,67.3,723.3
APP,C3,2024-01-29,49.8,44.2,705.8
APP,C3,2024-02-02,68.1,68.7,981.6
APP,C3,2024-02-08,85.5,83.8,781.7
APP,C3,2024-02-14,76.0,93.9,595.0
APP,C3,2024-02-21,43.0,62.9,368.5
APP,C3,2024-02-27,36.1,45.4,349.6
APP,C3,2024-03-04,35.2,39.5,350.7
APP,C3,2024-03-08,22.0,77.5,435.7
APP,C3,2024-03-14,24.2,96.2,331.0
APP,C3,2024-03-20,10.7,85.4,271.5
APP,C3,2024-03-26,17.1,83.8,286.8
APP,C3,2024-04-02,24.5,100.7,252.1
APP,C3,2024-04-08,5.1,88.3,204.6
APP,C3,2024-04-12,6.1,89.2,277.1
APP,C3,2024-04-18,21.7,131.5,346.7
APP,C3,2024-04-24,10.3,147.1,387.1
APP,C3,2024-04-30,-2.6,125.5,433.6
APP,C3,2024-06-05,3.2,283.7,288.1
APP,C3,2024-06-11,45.5,344.7,349.2
APP,C3,2025-02-20,-21.3,2.9,13.0
APP,C3,2025-02-26,18.7,47.2,39.4
APP,C3,2025-03-04,26.6,70.6,40.3
APP,C3,2025-11-07,-40.8,-20.6,
APP,C3,2025-11-13,-25.9,-13.4,
APP,C3,2025-12-29,-44.7,-25.3,
APP,C3,2026-01-05,-40.1,-29.1,
APP,C3,2026-01-09,-28.3,,
NOW,L2,2019-07-08,-10.2,-0.7,40.4
NOW,L2,2020-04-20,40.4,69.7,82.4
NOW,L2,2021-02-08,-22.1,-0.6,-1.3
NOW,C2,2017-08-14,18.9,43.6,68.6
NOW,C2,2017-09-11,11.5,46.4,74.8
NOW,C2,2017-10-09,13.0,36.5,50.8
NOW,C2,2017-11-06,15.2,42.0,41.0
NOW,C2,2017-12-04,41.8,46.3,49.7
NOW,C2,2018-01-01,20.7,34.9,32.8
NOW,C2,2018-01-29,14.3,20.8,47.9
NOW,C2,2018-02-26,8.9,17.8,46.1
NOW,C2,2018-03-26,4.2,18.2,49.0
NOW,C2,2018-04-23,12.7,2.2,63.7
NOW,C2,2018-05-21,9.5,-9.1,52.2
NOW,C2,2018-06-18,7.4,-8.3,61.7
NOW,C2,2018-07-16,-7.3,-0.5,51.6
NOW,C2,2018-08-13,-5.4,29.9,42.1
NOW,C2,2018-09-10,-10.3,19.2,24.1
NOW,C2,2018-10-08,3.9,32.4,46.6
NOW,C2,2018-11-05,28.7,54.8,39.9
NOW,C2,2018-12-03,28.3,50.5,49.2
NOW,C2,2019-07-22,-16.6,6.9,47.0
NOW,C2,2019-08-19,6.4,30.9,70.8
NOW,C2,2019-09-16,4.2,-6.1,67.1
NOW,C2,2019-10-14,28.6,23.3,116.0
NOW,C2,2019-11-11,37.0,42.5,95.4
NOW,C2,2020-05-11,17.6,37.1,24.3
NOW,C2,2020-06-08,15.8,39.5,29.3
NOW,C2,2020-07-06,20.3,25.2,33.9
NOW,C2,2020-08-03,24.1,36.8,37.0
NOW,C2,2020-08-31,16.7,8.1,50.7
NOW,C2,2020-09-28,11.6,2.8,28.3
NOW,C2,2020-10-26,9.2,1.8,40.2
NOW,C2,2020-11-23,1.1,-10.2,23.1
NOW,C2,2021-02-22,-11.2,18.5,8.8
NOW,C2,2021-03-22,10.1,34.6,13.5
NOW,C2,2023-09-04,16.5,26.3,37.5
NOW,C2,2023-10-02,20.6,39.7,63.7
NOW,C2,2024-04-29,10.3,31.6,36.4
NOW,C2,2024-05-27,30.2,59.7,53.9
NOW,C2,2024-06-24,12.1,37.5,30.0
NOW,L3,2017-10-03,14.6,41.3,53.5
NOW,L3,2017-11-29,41.9,47.2,55.6
NOW,L3,2018-02-16,10.5,20.0,53.8
NOW,L3,2018-05-17,5.6,-8.4,52.5
NOW,L3,2018-09-06,-4.3,25.2,39.1
NOW,L3,2020-05-18,16.6,37.2,26.4
NOW,L3,2020-10-26,8.3,-3.7,38.0
NOW,L3,2024-04-16,0.9,23.3,28.2
NOW,C3,2017-10-04,14.6,42.8,63.2
NOW,C3,2017-10-10,14.2,44.1,47.9
NOW,C3,2017-10-16,17.2,32.3,37.4
NOW,C3,2017-10-20,16.6,33.1,47.2
NOW,C3,2017-10-26,18.0,35.7,51.3
NOW,C3,2017-11-01,19.7,43.7,35.5
NOW,C3,2017-11-07,17.3,36.3,24.9
NOW,C3,2017-11-13,23.2,36.2,33.8
NOW,C3,2017-12-04,52.1,60.0,50.9
NOW,C3,2017-12-08,42.7,53.0,33.0
NOW,C3,2018-02-22,13.2,24.5,49.5
NOW,C3,2018-02-28,12.7,24.4,49.3
NOW,C3,2018-03-06,3.7,16.3,41.4
NOW,C3,2018-03-12,3.9,16.4,38.6
NOW,C3,2018-03-16,8.0,10.2,45.0
NOW,C3,2018-03-22,1.6,16.0,40.5
NOW,C3,2018-03-28,8.0,20.8,52.6
NOW,C3,2018-04-04,10.6,9.5,45.6
NOW,C3,2018-04-10,16.9,10.7,46.2
NOW,C3,2018-04-16,13.3,9.3,60.3
NOW,C3,2018-04-20,9.5,0.8,59.0
NOW,C3,2018-05-21,6.4,-6.3,50.2
NOW,C3,2018-05-25,9.9,1.3,56.1
NOW,C3,2018-06-01,10.3,3.4,50.0
NOW,C3,2018-06-07,12.1,5.7,62.8
NOW,C3,2018-06-13,12.0,-4.2,51.9
NOW,C3,2018-06-19,2.0,-13.4,57.0
NOW,C3,2018-06-25,14.2,3.9,73.9
NOW,C3,2018-06-29,11.8,8.2,74.6
NOW,C3,2018-09-10,-5.7,21.6,34.2
NOW,C3,2018-09-14,-14.5,19.1,23.3
NOW,C3,2018-09-20,-15.2,31.6,37.4
NOW,C3,2019-07-09,-12.1,2.0,50.8
NOW,C3,2019-07-15,-8.9,3.8,41.2
NOW,C3,2019-07-19,-16.9,6.8,48.9
NOW,C3,2019-07-25,-15.6,19.6,52.5
NOW,C3,2019-07-31,-10.9,22.0,51.9
NOW,C3,2019-08-06,-7.8,31.3,69.0
NOW,C3,2020-05-19,18.4,35.3,22.5
NOW,C3,2020-05-26,28.1,38.6,20.7
NOW,C3,2020-06-01,29.7,37.0,29.9
NOW,C3,2020-06-05,13.5,35.2,35.8
NOW,C3,2020-06-11,22.1,40.6,46.7
NOW,C3,2020-06-17,13.1,37.5,39.4
NOW,C3,2020-06-23,14.8,35.6,39.3
NOW,C3,2020-06-29,22.9,33.5,42.4
NOW,C3,2020-07-06,18.0,27.2,33.6
NOW,C3,2020-07-10,20.4,21.6,36.4
NOW,C3,2020-07-16,26.8,31.5,40.9
NOW,C3,2020-07-22,14.6,17.0,32.4
NOW,C3,2020-07-28,11.3,34.1,35.2
NOW,C3,2020-08-03,9.1,33.6,33.6
NOW,C3,2020-08-07,16.4,37.1,36.1
NOW,C3,2020-08-13,15.9,30.2,41.7
NOW,C3,2020-08-19,17.7,21.0,47.2
NOW,C3,2020-08-25,13.4,12.7,44.4
NOW,C3,2020-08-31,9.2,1.4,32.6
NOW,C3,2020-09-04,20.4,10.3,44.6
NOW,C3,2020-09-11,19.4,5.6,49.0
NOW,C3,2020-09-17,24.6,4.1,36.2
NOW,C3,2020-10-27,11.8,-4.0,38.5
NOW,C3,2020-11-02,23.9,1.2,45.3
NOW,C3,2020-11-06,11.1,-15.1,26.3
NOW,C3,2020-11-12,13.0,-7.9,27.4
NOW,C3,2021-02-10,-21.9,-1.2,-6.7
NOW,C3,2021-02-17,-18.9,6.6,-0.2
NOW,C3,2021-02-23,-12.0,14.6,-0.8
NOW,C3,2021-03-01,-16.1,18.7,-4.1
NOW,C3,2021-03-05,-5.4,33.5,12.4
NOW,C3,2024-04-19,2.4,34.0,37.0
NOW,C3,2024-04-25,11.5,32.6,36.8
CRM,L2,2024-07-01,9.7,27.0,4.2
CRM,C2,2017-08-14,18.5,24.3,59.8
CRM,C2,2017-09-11,11.5,33.1,66.4
CRM,C2,2017-10-09,13.7,22.8,51.4
CRM,C2,2017-11-06,1.7,24.1,30.1
CRM,C2,2017-12-04,23.2,29.1,31.4
CRM,C2,2018-01-01,7.4,30.8,27.6
CRM,C2,2018-01-29,12.9,27.3,40.7
CRM,C2,2018-02-26,7.1,25.2,34.9
CRM,C2,2018-03-26,17.3,36.7,36.2
CRM,C2,2018-04-23,19.7,12.7,38.0
CRM,C2,2018-05-21,19.0,-4.6,20.7
CRM,C2,2018-06-18,15.2,-9.0,16.2
CRM,C2,2018-07-16,-4.3,3.8,6.7
CRM,C2,2018-08-13,-8.6,9.7,-0.8
CRM,C2,2018-09-10,-13.0,2.6,-2.9
CRM,C2,2018-10-08,0.6,9.5,1.8
CRM,C2,2018-11-05,14.4,16.8,17.7
CRM,C2,2018-12-03,14.1,18.6,16.2
CRM,C2,2018-12-31,14.9,12.0,20.4
CRM,C2,2019-01-28,4.8,-6.5,17.0
CRM,C2,2019-02-25,-8.0,-5.1,3.6
CRM,C2,2019-03-25,-4.2,-6.4,-7.8
CRM,C2,2019-04-22,-3.6,-9.3,-7.2
CRM,C2,2019-05-20,-1.9,5.4,15.1
CRM,C2,2019-06-17,-1.0,4.9,19.2
CRM,C2,2019-07-15,-8.1,16.3,19.8
CRM,C2,2019-08-12,13.4,32.0,34.4
CRM,C2,2020-01-20,-15.4,3.5,24.0
CRM,C2,2020-02-17,-6.1,9.5,30.1
CRM,C2,2020-03-16,34.2,74.2,52.3
CRM,C2,2020-04-13,15.5,59.0,42.6
CRM,C2,2022-01-10,-18.1,-27.6,-35.3
CRM,C2,2023-09-25,29.8,48.7,37.0
CRM,C2,2023-10-23,42.4,39.7,48.4
CRM,C2,2023-11-20,30.5,21.5,53.1
CRM,C2,2024-07-29,21.0,40.4,3.4
CRM,C2,2024-11-04,1.3,-14.2,-25.0
CRM,C2,2024-12-02,-21.8,-24.0,-27.6
CRM,C2,2024-12-30,-27.7,-18.0,-23.3
CRM,C2,2025-01-27,-19.4,-26.4,-37.5
CRM,C2,2025-02-24,-10.8,-13.7,-34.2
CRM,L3,2017-10-02,13.6,27.2,56.2
CRM,L3,2018-02-07,18.7,33.2,45.1
CRM,L3,2018-05-17,15.6,-4.3,20.1
CRM,L3,2019-01-02,17.0,15.3,34.4
CRM,L3,2019-05-06,-12.8,-1.8,5.4
CRM,L3,2019-07-23,-7.1,17.0,30.0
CRM,L3,2024-07-12,15.0,28.1,7.0
CRM,L3,2024-12-11,-21.2,-25.4,-24.4
CRM,C3,2017-08-15,16.2,26.2,67.2
CRM,C3,2017-10-04,14.0,27.1,54.4
CRM,C3,2017-10-10,15.6,30.5,49.9
CRM,C3,2017-10-16,15.2,21.3,39.5
CRM,C3,2017-10-20,13.2,22.3,41.1
CRM,C3,2017-10-26,13.9,25.1,41.7
CRM,C3,2017-11-01,7.5,28.1,29.6
CRM,C3,2017-11-07,5.7,25.4,17.8
CRM,C3,2017-11-13,6.7,18.6,19.5
CRM,C3,2017-11-17,6.9,17.9,32.7
CRM,C3,2017-11-24,11.5,23.8,26.9
CRM,C3,2017-11-30,20.1,28.0,35.3
CRM,C3,2017-12-06,23.1,34.5,27.4
CRM,C3,2017-12-12,20.6,34.0,26.2
CRM,C3,2017-12-18,8.9,28.9,29.0
CRM,C3,2017-12-22,13.3,36.8,42.0
CRM,C3,2018-02-13,17.0,35.3,51.5
CRM,C3,2018-02-20,12.0,33.2,37.3
CRM,C3,2018-02-26,10.8,30.4,35.1
CRM,C3,2018-03-02,10.0,22.1,32.5
CRM,C3,2018-03-08,6.0,23.0,32.1
CRM,C3,2018-03-14,8.1,21.9,21.2
CRM,C3,2018-03-20,10.2,26.9,28.3
CRM,C3,2018-03-26,12.0,33.7,33.2
CRM,C3,2018-04-02,19.5,34.3,39.4
CRM,C3,2018-04-06,22.7,18.7,34.4
CRM,C3,2018-04-12,21.1,21.4,34.3
CRM,C3,2018-04-18,18.0,14.9,30.3
CRM,C3,2018-04-24,25.2,15.0,33.1
CRM,C3,2018-05-23,18.9,-0.4,24.4
CRM,C3,2018-05-30,17.7,11.5,17.0
CRM,C3,2018-06-05,11.0,2.3,12.3
CRM,C3,2018-06-11,16.0,2.3,13.9
CRM,C3,2018-06-15,12.7,-7.7,9.6
CRM,C3,2018-06-21,15.2,-1.9,12.1
CRM,C3,2018-06-27,19.4,-2.1,19.3
CRM,C3,2018-07-03,12.4,5.9,14.8
CRM,C3,2018-07-10,-3.3,4.7,9.7
CRM,C3,2018-07-16,0.3,1.4,6.3
CRM,C3,2018-07-20,-2.7,0.3,-0.8
CRM,C3,2018-07-26,-8.2,5.6,-2.5
CRM,C3,2018-08-01,1.4,12.5,1.5
CRM,C3,2018-08-07,-1.8,11.0,0.8
CRM,C3,2018-08-13,-8.5,9.8,7.4
CRM,C3,2018-08-17,-16.6,12.4,7.6
CRM,C3,2018-08-23,-14.5,7.2,2.2
CRM,C3,2018-08-29,-7.8,0.2,-0.0
CRM,C3,2018-09-05,-8.5,8.1,2.8
CRM,C3,2018-09-11,-7.7,7.0,-0.5
CRM,C3,2018-09-17,-15.3,2.9,-4.2
CRM,C3,2018-09-21,-15.9,3.6,-4.8
CRM,C3,2018-09-27,-15.5,-1.2,-8.7
CRM,C3,2018-10-03,-8.4,1.0,-7.6
CRM,C3,2018-10-09,-1.6,4.6,-4.2
CRM,C3,2018-10-15,7.4,12.4,9.0
CRM,C3,2019-01-04,13.8,14.6,32.4
CRM,C3,2019-01-10,8.9,7.4,25.1
CRM,C3,2019-01-16,6.9,7.5,22.4
CRM,C3,2019-01-23,10.8,4.8,25.8
CRM,C3,2019-01-29,11.5,-1.6,30.3
CRM,C3,2019-02-04,-0.5,-9.1,20.4
CRM,C3,2019-02-08,0.9,-9.3,21.0
CRM,C3,2019-02-14,-2.2,-7.6,8.0
CRM,C3,2019-02-21,-3.2,-3.8,10.1
CRM,C3,2019-02-27,-7.2,-6.4,-1.1
CRM,C3,2019-03-05,1.5,-4.7,-20.8
CRM,C3,2019-03-11,-4.0,-3.0,-11.6
CRM,C3,2019-03-15,-6.8,-4.9,-4.2
CRM,C3,2019-03-21,-8.6,-8.4,-19.7
CRM,C3,2019-03-27,-2.2,-4.8,-6.5
CRM,C3,2019-04-02,-3.7,-7.3,-1.7
CRM,C3,2019-04-08,0.3,-5.7,2.7
CRM,C3,2019-05-09,-10.0,4.2,13.2
CRM,C3,2019-05-15,-7.2,5.0,13.9
CRM,C3,2019-05-21,-4.8,4.5,11.8
CRM,C3,2019-07-29,-0.7,18.7,28.7
CRM,C3,2019-08-02,8.2,27.5,33.9
CRM,C3,2019-12-30,-17.3,20.9,34.4
CRM,C3,2020-01-06,-12.9,8.6,22.9
CRM,C3,2020-01-10,-13.6,4.2,25.3
CRM,C3,2020-01-16,-17.6,3.2,24.0
CRM,C3,2020-01-23,-14.3,5.2,27.6
CRM,C3,2020-01-29,-14.0,10.8,30.2
CRM,C3,2020-02-04,-9.8,4.7,32.0
CRM,C3,2020-02-10,-10.3,2.3,27.4
CRM,C3,2020-02-14,-7.3,10.3,14.0
CRM,C3,2020-02-21,-6.8,43.7,8.4
CRM,C3,2020-02-27,2.4,63.4,23.1
CRM,C3,2020-03-04,-1.0,37.3,22.1
CRM,C3,2020-03-10,6.6,52.9,33.4
CRM,C3,2020-03-16,45.9,95.3,68.2
CRM,C3,2020-03-20,35.7,70.5,57.0
CRM,C3,2024-07-16,13.8,30.3,4.0
CRM,C3,2024-07-22,13.7,42.1,-2.0
CRM,C3,2024-10-15,13.5,-8.0,-12.3
CRM,C3,2024-10-21,19.3,-7.5,-12.1
CRM,C3,2024-10-25,17.8,-5.6,-16.3
CRM,C3,2024-10-31,13.7,-0.6,-15.9
CRM,C3,2024-11-06,6.4,-4.9,-26.1
CRM,C3,2024-11-12,-4.8,-16.7,-32.7
CRM,C3,2024-11-18,-5.0,-16.9,-25.5
CRM,C3,2024-11-22,-14.2,-22.8,-23.2
CRM,C3,2024-11-29,-14.2,-18.5,-22.4
CRM,C3,2024-12-16,-19.9,-23.9,-25.3
CRM,C3,2024-12-20,-21.4,-21.4,-22.1
CRM,C3,2024-12-27,-24.6,-19.7,-28.3
CRM,C3,2025-01-03,-20.3,-22.4,-33.5
CRM,C3,2025-01-10,-19.7,-17.2,-27.4
CRM,C3,2025-01-16,-23.8,-15.6,-33.2
SNOW,L2,2025-09-15,-3.5,-27.1,
SNOW,C2,2023-07-24,-18.0,15.8,-26.2
SNOW,C2,2023-08-21,12.2,50.3,-24.1
SNOW,C2,2023-09-18,30.7,6.2,-26.3
SNOW,C2,2025-02-10,-2.4,6.1,-2.8
SNOW,C2,2025-03-10,33.4,41.7,14.4
SNOW,C2,2025-04-07,45.4,67.1,-16.5
SNOW,C2,2025-05-05,10.1,50.9,-12.5
SNOW,C2,2025-10-13,-12.6,-40.2,
SNOW,C2,2025-11-10,-29.1,-38.7,
SNOW,C2,2025-12-08,-18.0,6.8,
SNOW,C2,2026-01-05,-44.7,19.3,
SNOW,C2,2026-02-02,-9.5,,
SNOW,L3,2025-10-17,-12.3,-40.1,
SNOW,L3,2026-01-15,-27.4,,
SNOW,C3,2025-02-04,-8.0,2.1,-6.9
SNOW,C3,2025-02-10,-2.5,6.5,-13.5
SNOW,C3,2025-02-14,-2.5,4.9,-9.2
SNOW,C3,2025-02-21,16.0,35.5,1.5
SNOW,C3,2025-02-27,21.0,27.8,2.0
SNOW,C3,2025-09-17,1.5,-26.3,
SNOW,C3,2025-09-23,-0.7,-32.5,
SNOW,C3,2025-10-21,-14.6,-42.9,
SNOW,C3,2025-10-27,-27.5,-46.7,
SNOW,C3,2025-10-31,-43.0,-44.9,
SNOW,C3,2025-11-06,-32.4,-40.5,
SNOW,C3,2025-11-12,-34.7,-38.6,
SNOW,C3,2025-11-18,-36.7,-6.0,
DDOG,L2,2024-02-05,-11.8,-16.8,5.7
DDOG,C2,2020-10-12,-11.1,-19.6,37.5
DDOG,C2,2020-11-09,31.5,-3.9,124.9
DDOG,C2,2020-12-07,-16.1,-3.5,76.4
DDOG,C2,2021-01-04,-11.1,8.2,43.9
DDOG,C2,2021-02-01,-32.7,14.8,30.8
DDOG,C2,2021-03-01,7.6,68.0,73.0
DDOG,C2,2021-03-29,22.1,65.9,76.0
DDOG,C2,2021-04-26,29.1,94.8,40.8
DDOG,C2,2023-07-24,-27.2,10.5,5.5
DDOG,C2,2023-08-21,21.9,39.9,26.6
DDOG,C2,2023-09-18,38.0,38.6,29.3
DDOG,C2,2023-10-16,51.4,39.5,48.8
DDOG,C2,2023-11-13,18.4,9.6,15.1
DDOG,C2,2024-02-19,-4.6,-9.5,-7.6
DDOG,C2,2024-03-18,-4.4,-6.7,-14.6
DDOG,C2,2024-04-15,-0.9,6.7,-24.1
DDOG,C2,2024-05-13,-4.2,5.0,-2.0
DDOG,C2,2025-10-06,-20.9,-33.6,
DDOG,C2,2025-11-03,-41.6,4.7,
DDOG,C2,2025-12-01,-16.9,54.6,
DDOG,C2,2025-12-29,-10.0,94.6,
DDOG,C2,2026-01-26,8.7,,
DDOG,C2,2026-05-18,,,
DDOG,C2,2026-06-15,,,
DDOG,C2,2026-07-13,,,
DDOG,L3,2020-10-20,0.3,-15.7,52.1
DDOG,L3,2020-12-31,-12.0,9.8,48.6
DDOG,L3,2021-02-01,-24.6,29.6,71.5
DDOG,L3,2021-04-28,20.9,80.4,6.5
DDOG,L3,2023-08-01,-30.3,12.4,-0.5
DDOG,L3,2025-09-24,1.3,-13.1,
DDOG,L3,2026-06-16,,,
DDOG,C3,2020-10-21,1.3,-13.0,61.4
DDOG,C3,2020-10-27,0.5,-24.3,88.8
DDOG,C3,2020-11-02,30.1,-11.0,118.5
DDOG,C3,2020-11-06,17.2,-19.3,89.9
DDOG,C3,2021-01-04,-3.2,18.1,48.1
DDOG,C3,2021-01-08,-6.7,4.7,30.1
DDOG,C3,2021-04-29,25.7,85.6,10.7
DDOG,C3,2023-08-02,-25.8,22.3,6.9
DDOG,C3,2023-08-08,13.6,49.6,31.9
DDOG,C3,2023-08-14,21.4,42.2,30.0
DDOG,C3,2024-02-09,-13.5,-14.8,-14.8
DDOG,C3,2024-02-15,-8.0,-12.3,-14.2
DDOG,C3,2024-02-22,-5.7,-13.5,-16.4
DDOG,C3,2024-02-28,-15.6,-16.7,-24.4
DDOG,C3,2024-03-05,-11.3,-12.5,-15.5
DDOG,C3,2025-09-29,-6.4,-19.8,
DDOG,C3,2025-10-03,-6.8,-27.5,
DDOG,C3,2025-10-09,-23.5,-22.8,
DDOG,C3,2025-10-15,-26.9,-20.1,
DDOG,C3,2025-10-21,-12.6,-14.3,
DDOG,C3,2025-10-27,-18.0,-7.5,
DDOG,C3,2025-10-31,-34.4,24.3,
DDOG,C3,2025-11-06,-33.3,9.0,
DDOG,C3,2025-11-12,-36.2,14.2,
DDOG,C3,2025-11-18,-40.8,27.6,
DDOG,C3,2025-11-24,-29.9,58.0,
DDOG,C3,2026-06-17,,,
DDOG,C3,2026-06-24,,,
DDOG,C3,2026-06-30,,,
MDB,C2,2018-11-12,21.0,75.8,62.6
MDB,C2,2018-12-10,48.2,82.9,41.8
MDB,C2,2019-01-07,91.7,105.6,100.4
MDB,C2,2019-02-04,38.0,51.4,66.9
MDB,C2,2019-03-04,70.3,40.9,50.4
MDB,C2,2019-04-01,14.9,-3.3,-11.2
MDB,C2,2019-04-29,4.7,-4.7,16.0
MDB,C2,2019-05-27,8.5,6.0,65.4
MDB,C2,2019-06-24,-22.9,-11.8,47.6
MDB,C2,2019-07-22,-20.4,-3.8,29.5
MDB,C2,2019-08-19,6.1,18.3,55.5
MDB,C2,2019-09-16,-0.9,-8.6,62.6
MDB,C2,2020-09-28,53.2,23.9,102.5
MDB,C2,2020-10-26,61.8,30.2,128.2
MDB,C2,2020-11-23,42.9,8.1,92.1
MDB,C2,2020-12-21,-29.8,0.2,45.6
MDB,C2,2021-01-18,-20.3,-5.9,-2.2
MDB,C2,2021-02-15,-32.6,-12.1,-6.7
MDB,C2,2021-03-15,26.9,67.5,31.5
MDB,C2,2021-04-12,5.3,55.7,31.9
MDB,C2,2021-05-10,44.6,117.0,9.5
MDB,C2,2021-06-07,46.3,52.0,-19.6
MDB,C2,2022-01-17,-1.2,-19.7,-47.3
MDB,C2,2023-06-05,0.7,1.9,-39.4
MDB,C2,2023-07-03,-9.0,-6.0,-31.4
MDB,C2,2023-07-31,-14.6,8.6,-42.1
MDB,C2,2023-08-28,10.8,11.2,-26.0
MDB,C2,2023-09-25,18.2,3.7,-22.1
MDB,C2,2023-10-23,17.9,14.5,-19.9
MDB,C2,2023-11-20,10.7,-14.2,-18.4
MDB,C2,2023-12-18,-12.8,-44.2,-39.7
MDB,C2,2024-01-15,-18.3,-37.3,-36.9
MDB,C2,2024-02-12,-20.3,-46.0,-37.7
MDB,C2,2024-03-11,-36.1,-18.4,-47.8
MDB,C2,2024-04-08,-28.1,-16.8,-53.9
MDB,C2,2024-05-06,-33.5,-17.9,-49.5
MDB,C2,2025-11-10,4.5,-11.5,
MDB,C2,2025-12-08,-37.8,-18.2,
MDB,C2,2026-01-05,-44.6,-16.2,
MDB,C2,2026-02-02,-13.0,,
MDB,C2,2026-03-02,29.7,,
MDB,C2,2026-03-30,40.2,,
MDB,L3,2018-12-14,70.7,82.5,48.1
MDB,L3,2019-03-04,53.8,45.3,19.0
MDB,L3,2019-05-23,5.6,7.8,58.5
MDB,L3,2019-06-17,-18.6,-20.6,36.1
MDB,L3,2019-09-11,-4.5,-19.0,70.7
MDB,L3,2020-11-09,76.3,12.6,137.5
MDB,L3,2021-01-13,-19.9,-6.6,-2.7
MDB,L3,2021-02-01,-27.4,-0.4,20.2
MDB,L3,2022-01-03,-13.5,-40.3,-58.4
MDB,L3,2023-10-19,14.6,7.2,-24.5
MDB,L3,2023-11-13,23.0,-3.4,-9.7
MDB,L3,2024-02-02,-18.5,-46.1,-31.5
MDB,L3,2025-10-21,26.2,-20.7,
MDB,L3,2026-03-30,50.9,,
MDB,C3,2018-11-13,44.9,100.2,115.8
MDB,C3,2018-11-19,34.2,91.1,94.8
MDB,C3,2018-12-17,84.3,91.3,55.6
MDB,C3,2018-12-21,100.4,102.4,92.6
MDB,C3,2018-12-28,82.1,95.1,85.4
MDB,C3,2019-03-08,63.4,28.8,22.4
MDB,C3,2019-03-14,26.0,2.6,2.6
MDB,C3,2019-03-20,18.2,-13.7,-5.0
MDB,C3,2019-03-26,0.8,-19.8,-11.9
MDB,C3,2019-04-01,4.8,-11.3,-4.1
MDB,C3,2019-04-05,15.9,-2.4,13.7
MDB,C3,2019-04-11,5.6,-15.5,10.0
MDB,C3,2019-04-17,21.7,-13.2,20.3
MDB,C3,2019-06-19,-24.2,-23.9,30.1
MDB,C3,2019-06-25,-20.1,-18.7,42.2
MDB,C3,2019-09-16,-2.0,-4.9,76.7
MDB,C3,2019-09-20,0.4,0.2,78.9
MDB,C3,2020-09-18,78.8,24.0,120.0
MDB,C3,2020-11-10,77.4,18.7,124.2
MDB,C3,2021-01-14,-18.3,-2.8,-3.5
MDB,C3,2021-02-02,-35.0,-3.6,8.2
MDB,C3,2021-02-08,-38.7,-8.0,-0.3
MDB,C3,2021-02-12,-36.1,-13.7,-11.2
MDB,C3,2021-02-19,-31.4,-5.9,-8.8
MDB,C3,2021-02-25,-23.2,3.1,-25.9
MDB,C3,2021-03-03,-10.4,39.1,-17.6
MDB,C3,2021-03-09,5.6,55.5,27.6
MDB,C3,2022-01-04,-7.9,-36.6,-56.8
MDB,C3,2022-01-10,0.1,-34.6,-54.1
MDB,C3,2022-01-14,2.5,-27.1,-47.0
MDB,C3,2022-01-21,-6.1,-16.8,-40.9
MDB,C3,2022-01-27,2.3,-3.0,-37.2
MDB,C3,2023-05-24,27.6,51.5,-17.2
MDB,C3,2023-05-31,33.7,47.6,-22.0
MDB,C3,2023-06-06,-2.7,2.0,-43.5
MDB,C3,2023-06-12,-4.2,10.1,-40.6
MDB,C3,2023-06-16,-7.4,7.9,-30.6
MDB,C3,2023-06-23,-16.6,6.9,-33.3
MDB,C3,2023-06-29,-13.4,-10.1,-37.2
MDB,C3,2023-07-06,-11.4,-1.5,-38.1
MDB,C3,2023-07-12,-6.8,2.4,-37.5
MDB,C3,2023-07-18,-15.8,-3.5,-42.4
MDB,C3,2023-07-24,-14.3,2.3,-46.1
MDB,C3,2023-07-28,-18.3,5.9,-42.9
MDB,C3,2023-08-03,-14.8,18.0,-38.2
MDB,C3,2023-10-24,19.4,6.0,-22.0
MDB,C3,2023-10-30,29.6,5.7,-13.3
MDB,C3,2023-11-15,8.9,-9.5,-17.3
MDB,C3,2023-11-21,11.0,-23.6,-15.8
MDB,C3,2023-11-28,8.1,-42.6,-28.4
MDB,C3,2023-12-04,-9.4,-47.1,-37.2
MDB,C3,2023-12-08,-3.4,-41.4,-35.7
MDB,C3,2023-12-14,-14.4,-44.2,-43.1
MDB,C3,2023-12-20,-11.8,-37.8,-38.7
MDB,C3,2024-02-08,-24.4,-47.6,-43.8
MDB,C3,2024-02-14,-23.8,-46.2,-45.0
MDB,C3,2024-02-21,-16.9,-44.1,-54.9
MDB,C3,2024-02-27,-31.1,-37.1,-56.4
MDB,C3,2024-03-04,-46.9,-34.7,-57.0
MDB,C3,2024-03-08,-41.6,-24.3,-48.5
MDB,C3,2024-03-14,-39.4,-23.1,-51.7
MDB,C3,2024-03-20,-34.9,-22.5,-54.5
MDB,C3,2025-10-22,26.7,-22.8,
MDB,C3,2025-10-28,10.8,-21.2,
MDB,C3,2025-11-03,-6.7,-16.3,
MDB,C3,2025-11-07,-1.2,-8.6,
MDB,C3,2025-11-13,1.4,-7.1,
MDB,C3,2025-11-19,-6.6,-0.5,
MDB,C3,2025-11-25,-23.8,14.6,
MDB,C3,2025-12-02,-32.4,-13.4,
MDB,C3,2025-12-08,-37.8,-16.7,
MDB,C3,2025-12-12,-35.5,-23.4,
MDB,C3,2025-12-18,-42.0,-20.5,
MDB,C3,2025-12-24,-43.8,-17.8,
MDB,C3,2025-12-31,-39.5,-18.5,
MDB,C3,2026-01-07,-46.4,-25.4,
MDB,C3,2026-04-02,42.0,,
NET,L2,2021-12-20,-12.9,-62.2,-68.1
NET,C2,2020-10-19,49.5,48.2,224.9
NET,C2,2020-11-16,23.5,12.4,217.1
NET,C2,2020-12-14,-14.5,21.3,60.6
NET,C2,2021-01-11,-4.6,31.9,28.8
NET,C2,2021-02-08,-15.9,41.7,22.1
NET,C2,2021-03-08,23.2,67.1,16.3
NET,C2,2021-04-05,53.7,97.0,54.9
NET,C2,2021-05-03,65.9,175.4,-8.4
NET,C2,2021-12-27,-6.1,-65.1,-65.6
NET,C2,2022-01-24,2.3,-40.2,-36.9
NET,C2,2023-12-11,7.7,-11.1,33.6
NET,C2,2024-01-08,18.1,3.6,41.9
NET,C2,2024-02-05,-33.4,-28.0,54.4
NET,C2,2024-03-04,-27.8,-22.4,29.3
NET,C2,2024-04-01,-9.6,-13.2,1.0
NET,C2,2024-04-29,6.8,17.7,67.0
NET,C2,2024-05-27,21.3,47.5,145.1
NET,C2,2024-06-24,-1.5,33.5,134.3
NET,C2,2025-04-07,70.7,101.2,57.2
NET,C2,2025-05-05,54.6,75.9,48.2
NET,C2,2025-06-02,19.3,11.8,39.2
NET,C2,2025-06-30,13.3,2.5,26.7
NET,C2,2025-07-28,26.6,-11.4,
NET,C2,2025-08-25,-4.1,-17.5,
NET,C2,2025-09-22,-6.4,-6.2,
NET,C2,2025-10-20,-20.4,-4.9,
NET,C2,2025-11-17,-5.0,16.0,
NET,C2,2025-12-15,10.1,14.5,
NET,C2,2026-01-12,9.1,50.8,
NET,C2,2026-02-09,0.9,,
NET,C2,2026-05-25,,,
NET,C2,2026-06-22,,,
NET,L3,2020-11-06,41.6,10.1,237.0
NET,L3,2021-02-18,-9.7,49.8,42.1
NET,L3,2021-04-20,57.2,150.5,19.0
NET,L3,2023-12-14,15.7,-7.2,30.7
NET,L3,2024-02-09,-32.0,-23.7,32.6
NET,L3,2024-03-15,-13.7,-10.0,23.0
NET,L3,2025-06-13,24.4,12.7,41.7
NET,L3,2025-07-30,10.8,-16.9,
NET,L3,2025-09-24,-7.0,-5.6,
NET,L3,2026-01-12,5.9,,
NET,L3,2026-05-20,,,
NET,C3,2020-11-09,33.1,12.2,226.8
NET,C3,2020-11-13,28.9,23.7,213.8
NET,C3,2020-11-19,8.8,24.5,152.5
NET,C3,2020-11-25,1.2,18.7,129.2
NET,C3,2020-12-02,-3.4,30.0,83.6
NET,C3,2020-12-08,-10.1,13.4,57.9
NET,C3,2020-12-14,-12.0,26.0,70.6
NET,C3,2020-12-18,-20.5,26.5,56.9
NET,C3,2020-12-24,-17.3,24.8,22.4
NET,C3,2020-12-31,-7.8,43.4,50.0
NET,C3,2021-01-07,-1.8,29.9,19.4
NET,C3,2021-01-13,-11.1,32.8,2.8
NET,C3,2021-01-20,-0.9,38.3,15.4
NET,C3,2021-01-26,10.2,54.0,34.0
NET,C3,2021-02-19,-4.0,50.0,45.8
NET,C3,2021-02-25,14.4,68.3,28.5
NET,C3,2021-03-03,17.3,85.3,18.8
NET,C3,2021-04-21,58.9,156.7,21.9
NET,C3,2021-04-27,38.4,123.8,-24.6
NET,C3,2021-05-03,42.8,139.2,-32.5
NET,C3,2021-05-07,75.2,172.8,-25.5
NET,C3,2021-05-13,80.6,218.3,-24.2
NET,C3,2021-12-22,-7.7,-68.0,-71.6
NET,C3,2023-12-18,14.0,-6.4,27.1
NET,C3,2023-12-22,14.8,0.9,34.8
NET,C3,2023-12-29,12.0,-0.8,34.5
NET,C3,2024-01-05,24.3,9.4,57.1
NET,C3,2024-02-12,-29.7,-20.4,37.2
NET,C3,2024-02-16,-24.5,-16.4,43.0
NET,C3,2024-02-23,-25.0,-17.4,18.4
NET,C3,2024-02-29,-31.6,-20.4,17.9
NET,C3,2024-03-19,-18.1,-10.2,25.6
NET,C3,2025-03-19,56.4,85.0,74.7
NET,C3,2025-03-25,52.2,68.3,65.7
NET,C3,2025-03-31,69.7,96.1,58.5
NET,C3,2025-06-20,24.5,13.0,38.1
NET,C3,2025-06-26,14.5,3.2,40.6
NET,C3,2025-07-02,16.7,9.2,46.8
NET,C3,2025-07-09,14.2,-2.5,
NET,C3,2025-07-15,16.3,-5.1,
NET,C3,2025-07-31,22.0,-21.5,
NET,C3,2025-08-06,4.8,-12.1,
NET,C3,2025-08-12,11.5,-5.4,
NET,C3,2025-08-18,-2.9,-19.1,
NET,C3,2025-08-22,-1.1,-7.7,
NET,C3,2025-09-26,-7.7,-2.1,
NET,C3,2026-01-16,12.7,,
NET,C3,2026-01-23,20.2,,
NET,C3,2026-05-21,,,
NET,C3,2026-05-28,,,
NET,C3,2026-06-03,,,
NET,C3,2026-06-09,,,
NET,C3,2026-06-15,,,
NET,C3,2026-06-22,,,
NET,C3,2026-06-26,,,
NET,C3,2026-07-02,,,
NET,C3,2026-07-09,,,
NET,C3,2026-07-15,,,
CRWD,L2,2021-10-04,-22.9,-10.9,-29.8
CRWD,L2,2025-10-06,-4.7,-23.2,
CRWD,C2,2020-09-21,62.1,30.3,91.9
CRWD,C2,2020-10-19,65.1,61.9,109.3
CRWD,C2,2020-11-16,64.2,44.5,76.8
CRWD,C2,2020-12-14,-4.5,20.2,0.7
CRWD,C2,2021-01-11,-2.0,13.9,-19.5
CRWD,C2,2021-02-08,-21.3,0.7,-24.9
CRWD,C2,2021-03-08,16.2,31.7,-4.3
CRWD,C2,2021-04-05,30.5,20.9,7.7
CRWD,C2,2021-05-03,37.8,44.5,-12.9
CRWD,C2,2021-10-11,-35.3,-13.9,-46.5
CRWD,C2,2021-11-08,-36.0,-45.0,-49.7
CRWD,C2,2021-12-06,-4.1,-14.7,-42.1
CRWD,C2,2022-01-03,15.5,0.7,-49.9
CRWD,C2,2024-05-06,-24.9,2.9,28.0
CRWD,C2,2024-06-03,-29.4,4.7,34.2
CRWD,C2,2024-07-01,-25.0,-7.9,31.9
CRWD,C2,2024-07-29,39.1,82.7,105.0
CRWD,C2,2024-08-26,24.8,40.5,52.8
CRWD,C2,2025-04-14,26.7,29.0,12.9
CRWD,C2,2025-10-13,-6.3,-12.5,
CRWD,C2,2025-11-10,-20.1,10.5,
CRWD,C2,2025-12-08,-12.5,35.3,
CRWD,C2,2026-01-05,-19.5,59.1,
CRWD,C2,2026-02-02,33.4,,
CRWD,L3,2020-10-21,53.0,56.5,98.4
CRWD,L3,2021-01-04,1.5,30.6,-12.8
CRWD,L3,2021-03-02,-2.7,25.3,-14.2
CRWD,L3,2021-05-04,34.3,38.2,-21.0
CRWD,L3,2021-11-08,-33.6,-48.3,-50.9
CRWD,L3,2022-01-03,6.5,-12.1,-47.3
CRWD,L3,2024-06-11,-32.6,0.9,31.4
CRWD,L3,2025-04-28,7.4,28.3,28.2
CRWD,L3,2025-10-14,-7.2,-4.6,
CRWD,L3,2025-11-13,-20.3,25.2,
CRWD,L3,2025-12-10,-16.6,31.8,
CRWD,C3,2020-09-15,36.8,45.0,92.7
CRWD,C3,2020-09-21,62.8,25.9,80.5
CRWD,C3,2020-09-25,51.0,36.8,83.2
CRWD,C3,2020-10-23,56.9,51.5,106.5
CRWD,C3,2020-10-29,71.3,48.5,121.1
CRWD,C3,2020-11-04,64.1,34.8,92.6
CRWD,C3,2020-11-10,96.3,60.9,94.0
CRWD,C3,2021-01-06,-2.3,21.7,-17.2
CRWD,C3,2021-01-12,-7.9,8.0,-28.4
CRWD,C3,2021-01-19,-2.3,19.3,-23.9
CRWD,C3,2021-01-25,1.3,16.6,-21.5
CRWD,C3,2021-01-29,-8.3,23.1,-13.4
CRWD,C3,2021-03-08,19.0,45.8,13.6
CRWD,C3,2021-05-10,27.9,49.8,-24.0
CRWD,C3,2021-05-14,22.1,41.5,-23.1
CRWD,C3,2021-10-07,-23.0,-4.0,-39.0
CRWD,C3,2021-11-11,-32.6,-49.2,-49.8
CRWD,C3,2021-11-17,-38.2,-45.6,-56.4
CRWD,C3,2021-11-23,-15.3,-30.0,-50.6
CRWD,C3,2021-11-30,-17.6,-18.6,-45.4
CRWD,C3,2021-12-06,-1.9,-20.6,-42.7
CRWD,C3,2021-12-10,-4.5,-17.5,-47.6
CRWD,C3,2022-01-07,18.3,-6.2,-43.8
CRWD,C3,2024-06-14,-30.7,-8.9,27.7
CRWD,C3,2024-06-21,-24.2,-4.1,33.4
CRWD,C3,2024-06-27,-27.6,-10.3,23.0
CRWD,C3,2024-07-03,-24.5,-7.4,22.9
CRWD,C3,2024-07-10,-15.9,-3.3,23.4
CRWD,C3,2024-07-16,-17.0,2.4,25.5
CRWD,C3,2024-07-22,16.9,54.9,67.4
CRWD,C3,2024-07-26,17.6,55.2,66.5
CRWD,C3,2024-08-01,35.2,88.0,90.8
CRWD,C3,2024-08-07,43.4,96.7,79.5
CRWD,C3,2025-04-30,6.1,24.5,31.2
CRWD,C3,2025-05-06,-4.2,25.8,39.2
CRWD,C3,2025-05-12,-1.1,25.2,56.4
CRWD,C3,2025-10-20,-10.2,-9.7,
CRWD,C3,2025-11-17,-33.9,21.8,
CRWD,C3,2025-11-21,-24.2,56.7,
CRWD,C3,2025-11-28,-16.3,29.4,
PANW,L2,2021-04-19,12.1,40.7,59.5
PANW,L2,2022-01-31,-2.1,-2.7,-7.0
PANW,L2,2024-09-23,10.9,2.9,20.5
PANW,L2,2025-09-08,-2.3,-14.9,
PANW,C2,2017-10-09,2.4,25.0,41.4
PANW,C2,2017-11-06,9.6,44.1,30.5
PANW,C2,2017-12-04,31.0,38.5,21.7
PANW,C2,2018-01-01,26.7,38.0,20.5
PANW,C2,2018-01-29,25.9,33.4,41.9
PANW,C2,2018-02-26,18.3,30.8,38.9
PANW,C2,2018-03-26,13.2,24.1,33.8
PANW,C2,2018-04-23,8.1,-3.7,27.7
PANW,C2,2018-05-21,7.7,-20.5,3.3
PANW,C2,2018-06-18,10.6,-16.5,-1.5
PANW,C2,2018-07-16,-9.6,-5.0,3.8
PANW,C2,2018-08-13,-20.4,6.4,-6.5
PANW,C2,2018-09-10,-21.6,2.2,-11.2
PANW,C2,2018-10-08,-7.5,15.4,-0.7
PANW,C2,2018-11-05,22.7,28.3,29.4
PANW,C2,2018-12-03,34.0,11.7,29.3
PANW,C2,2020-10-26,58.6,59.8,130.2
PANW,C2,2020-11-23,21.3,23.0,80.6
PANW,C2,2022-02-07,-3.8,3.3,-2.8
PANW,C2,2022-03-07,-9.3,3.4,2.0
PANW,C2,2022-04-04,-13.8,-16.2,-5.3
PANW,C2,2022-05-02,-0.7,-15.5,9.3
PANW,C2,2022-05-30,5.2,1.1,27.1
PANW,C2,2023-08-21,15.3,22.2,52.0
PANW,C2,2023-09-18,30.5,25.5,48.8
PANW,C2,2023-10-16,38.9,14.2,54.2
PANW,C2,2023-11-13,48.0,28.4,56.3
PANW,C2,2023-12-11,-8.2,3.3,27.9
PANW,C2,2024-01-08,-14.2,3.5,6.6
PANW,C2,2024-02-05,-21.1,-12.1,2.9
PANW,C2,2024-03-04,7.7,19.9,29.1
PANW,C2,2024-04-01,27.2,27.3,14.2
PANW,C2,2024-04-29,3.2,22.4,26.7
PANW,C2,2024-05-27,23.0,31.5,30.5
PANW,C2,2024-06-24,-1.0,9.8,18.3
PANW,C2,2024-07-22,12.1,14.9,24.4
PANW,C2,2024-10-21,2.4,-2.3,18.5
PANW,C2,2024-11-18,-0.3,-2.6,-4.6
PANW,C2,2024-12-16,-2.4,6.7,0.1
PANW,C2,2025-01-13,-5.3,10.5,6.0
PANW,C2,2025-02-10,-3.5,-11.5,-16.5
PANW,C2,2025-03-10,7.6,7.7,-8.4
PANW,C2,2025-04-07,11.3,23.9,-7.5
PANW,C2,2025-05-05,-10.6,13.6,11.2
PANW,C2,2025-10-06,-9.4,-25.3,
PANW,C2,2025-11-03,-25.0,-2.1,
PANW,C2,2025-12-01,-17.0,36.8,
PANW,C2,2025-12-29,-9.0,94.0,
PANW,L3,2017-12-13,29.7,46.8,25.8
PANW,L3,2018-02-05,34.6,38.5,49.7
PANW,L3,2018-04-05,6.4,8.1,21.9
PANW,L3,2018-05-17,6.3,-17.1,0.1
PANW,L3,2018-07-06,0.6,-7.2,5.3
PANW,L3,2018-09-20,-26.1,5.6,-9.4
PANW,L3,2020-10-21,50.2,50.6,115.6
PANW,L3,2022-03-08,-1.7,4.5,11.1
PANW,L3,2023-10-02,19.7,17.9,57.9
PANW,L3,2023-12-21,-5.7,13.9,19.9
PANW,L3,2024-03-13,9.4,13.7,20.3
PANW,L3,2024-06-07,13.2,32.6,33.6
PANW,L3,2024-07-08,5.2,-0.6,16.5
PANW,L3,2024-10-30,3.9,4.0,13.9
PANW,L3,2024-12-16,-8.7,-0.1,-9.0
PANW,L3,2025-02-26,1.5,1.0,-13.0
PANW,L3,2025-05-09,-5.4,9.5,39.4
PANW,L3,2025-10-02,-11.2,-25.6,
PANW,C3,2017-10-03,6.0,29.5,44.9
PANW,C3,2017-10-09,5.3,31.1,32.2
PANW,C3,2017-10-13,5.3,28.3,27.2
PANW,C3,2017-10-19,6.0,28.9,22.6
PANW,C3,2017-10-25,4.0,30.2,23.7
PANW,C3,2017-10-31,4.3,40.4,20.5
PANW,C3,2017-11-06,4.0,36.7,14.6
PANW,C3,2017-11-10,14.4,47.3,18.6
PANW,C3,2017-12-15,25.5,37.4,27.9
PANW,C3,2017-12-21,20.7,40.1,27.8
PANW,C3,2018-02-07,29.7,35.1,45.0
PANW,C3,2018-02-13,27.5,35.5,62.5
PANW,C3,2018-04-09,13.2,8.1,27.3
PANW,C3,2018-04-13,15.6,10.0,31.2
PANW,C3,2018-04-19,10.2,2.6,28.5
PANW,C3,2018-04-25,9.1,-6.1,25.2
PANW,C3,2018-05-18,5.2,-17.3,-2.5
PANW,C3,2018-05-24,8.4,-15.6,-6.5
PANW,C3,2018-05-31,11.1,-14.8,-1.3
PANW,C3,2018-06-06,12.1,-9.1,3.0
PANW,C3,2018-06-12,13.8,-14.9,-4.3
PANW,C3,2018-07-11,-4.5,-5.4,5.7
PANW,C3,2018-07-17,-4.9,-5.0,5.2
PANW,C3,2018-07-23,-6.9,-2.3,1.4
PANW,C3,2018-07-27,-13.9,5.9,3.5
PANW,C3,2018-08-02,-11.8,7.5,2.8
PANW,C3,2018-09-25,-19.8,5.5,-9.9
PANW,C3,2018-10-01,-18.0,7.1,-5.0
PANW,C3,2018-10-05,-9.1,15.1,-1.4
PANW,C3,2018-10-11,-0.9,17.8,9.1
PANW,C3,2018-10-17,-0.2,19.3,10.2
PANW,C3,2018-10-23,4.9,25.2,18.5
PANW,C3,2018-10-29,23.0,33.2,31.9
PANW,C3,2018-11-02,21.9,23.1,34.1
PANW,C3,2020-10-26,51.4,49.2,113.2
PANW,C3,2020-10-30,72.9,54.3,129.6
PANW,C3,2020-11-05,60.6,37.9,110.4
PANW,C3,2022-03-14,-7.3,0.1,10.0
PANW,C3,2022-03-18,-14.3,-16.0,3.8
PANW,C3,2022-03-24,-20.9,-20.2,-7.5
PANW,C3,2022-03-30,-15.4,-14.4,-3.6
PANW,C3,2022-04-05,-16.9,-24.0,-5.7
PANW,C3,2022-04-11,-16.7,-22.1,-10.3
PANW,C3,2022-04-18,-16.7,-21.3,-11.0
PANW,C3,2022-04-22,-16.4,-11.7,-3.5
PANW,C3,2022-04-28,-13.3,-17.6,0.5
PANW,C3,2022-05-04,-9.4,-16.4,3.8
PANW,C3,2022-05-10,8.9,0.2,17.6
PANW,C3,2022-05-16,10.6,7.3,36.2
PANW,C3,2022-05-20,18.0,8.3,42.1
PANW,C3,2023-10-03,22.1,21.3,61.6
PANW,C3,2023-10-09,28.0,8.8,49.7
PANW,C3,2023-10-13,29.4,8.6,41.3
PANW,C3,2023-10-19,34.4,15.1,42.3
PANW,C3,2023-10-25,41.3,20.6,57.4
PANW,C3,2023-10-31,41.7,24.7,63.8
PANW,C3,2023-11-06,59.0,27.2,63.2
PANW,C3,2023-12-26,-7.1,13.4,14.9
PANW,C3,2024-01-02,-6.9,16.7,20.6
PANW,C3,2024-01-08,-1.9,16.9,29.7
PANW,C3,2024-01-12,-14.7,2.6,18.6
PANW,C3,2024-01-19,-13.1,-3.2,8.2
PANW,C3,2024-01-25,-13.8,-7.2,14.0
PANW,C3,2024-01-31,-12.5,-10.1,19.3
PANW,C3,2024-02-06,-13.4,-2.4,16.4
PANW,C3,2024-02-12,-16.0,-7.7,1.9
PANW,C3,2024-02-16,-14.9,-4.3,0.6
PANW,C3,2024-02-23,9.2,27.0,23.2
PANW,C3,2024-03-15,12.4,20.5,21.0
PANW,C3,2024-03-21,12.2,17.8,6.8
PANW,C3,2024-06-11,10.8,29.4,29.3
PANW,C3,2024-06-17,4.4,16.9,23.3
PANW,C3,2024-07-10,9.6,3.4,19.4
PANW,C3,2024-07-16,10.3,10.9,8.1
PANW,C3,2024-10-31,4.0,7.4,13.9
PANW,C3,2024-11-06,2.1,0.2,-3.9
PANW,C3,2024-12-18,-2.0,8.4,-3.5
PANW,C3,2024-12-24,-9.6,6.3,-0.3
PANW,C3,2024-12-31,-16.2,3.0,3.2
PANW,C3,2025-01-07,-4.1,11.8,3.9
PANW,C3,2025-01-14,-1.7,16.8,7.7
PANW,C3,2025-02-27,3.9,2.6,-10.3
PANW,C3,2025-03-05,8.3,7.1,-8.3
PANW,C3,2025-10-03,-6.4,-21.6,
PANW,C3,2025-10-09,-11.3,-22.0,
PANW,C3,2025-10-15,-11.0,-16.2,
PANW,C3,2025-10-21,-14.1,-15.3,
PANW,C3,2025-10-27,-19.7,-16.5,
PANW,C3,2025-10-31,-29.7,-3.0,
PANW,C3,2025-11-06,-21.8,14.9,
PANW,C3,2025-11-12,-27.5,20.4,
PANW,C3,2025-11-18,-29.5,28.2,
IOT,L2,2024-05-27,21.0,57.6,37.2
IOT,L2,2024-09-09,-2.9,-19.8,-19.4
IOT,C2,2023-06-12,-2.6,17.6,-2.9
IOT,C2,2023-07-10,-12.9,23.1,39.2
IOT,C2,2023-08-07,1.1,49.3,61.0
IOT,C2,2023-09-04,10.1,28.1,44.0
IOT,C2,2023-10-02,18.7,31.9,85.2
IOT,C2,2023-10-30,29.9,51.9,84.7
IOT,C2,2023-11-27,1.2,-1.9,54.6
IOT,C2,2024-06-24,41.0,31.8,17.5
IOT,C2,2024-09-16,-10.3,-18.7,-18.8
IOT,C2,2024-10-14,-6.3,-25.0,-26.9
IOT,C2,2024-11-11,19.1,-4.2,-23.6
IOT,C2,2024-12-09,-17.4,-14.9,-10.2
IOT,C2,2025-01-06,-13.7,-14.6,-23.1
IOT,C2,2025-02-03,-20.7,-38.2,-53.4
IOT,C2,2025-03-03,27.5,19.0,0.0
IOT,C2,2025-03-31,16.9,16.9,-3.6
IOT,L3,2023-06-16,-12.7,16.9,20.6
IOT,L3,2023-10-02,18.6,31.5,98.5
IOT,L3,2024-09-11,0.9,-14.2,-16.3
IOT,L3,2024-11-26,-21.3,-18.6,-20.8
IOT,L3,2025-02-26,-7.0,-29.0,-35.9
IOT,C3,2023-06-20,-16.5,20.6,25.8
IOT,C3,2023-06-26,-1.0,32.7,39.6
IOT,C3,2023-06-30,-12.4,10.1,35.9
IOT,C3,2023-07-07,-2.6,26.6,36.1
IOT,C3,2023-07-13,-15.3,15.0,34.0
IOT,C3,2023-07-19,-18.8,9.3,33.8
IOT,C3,2023-07-25,-16.7,20.7,38.5
IOT,C3,2023-10-06,27.9,18.4,94.6
IOT,C3,2023-10-12,31.3,22.3,95.8
IOT,C3,2024-09-13,-0.6,-11.3,-21.5
IOT,C3,2024-09-19,-6.9,-18.2,-17.9
IOT,C3,2024-09-25,-10.0,-30.9,-18.9
IOT,C3,2024-10-01,-1.8,-15.6,-19.3
IOT,C3,2024-10-07,-8.4,-19.0,-18.1
IOT,C3,2024-10-11,-9.3,-29.8,-21.0
IOT,C3,2024-10-17,-2.4,-19.1,-18.3
IOT,C3,2024-10-23,7.8,-12.4,-19.4
IOT,C3,2024-10-29,8.3,-10.6,-18.8
IOT,C3,2024-11-04,17.9,2.3,-22.2
IOT,C3,2024-11-08,11.8,-10.3,-31.2
IOT,C3,2024-12-03,-34.3,-25.5,-30.0
IOT,C3,2024-12-09,-22.3,-22.8,-25.9
IOT,C3,2025-03-03,2.0,-9.4,-28.9
IOT,C3,2025-03-07,18.6,8.2,-6.3
IOT,C3,2025-03-13,5.3,7.6,-14.1
PATH,C2,2023-04-17,13.9,1.2,22.2
PATH,C2,2023-11-06,52.3,11.1,-23.9
PATH,C2,2023-12-04,-3.9,-51.3,-39.9
PATH,C2,2024-01-01,-6.2,-41.4,-41.3
PATH,C2,2024-01-29,-16.9,-51.3,-39.3
PATH,C2,2024-02-26,-48.1,-45.5,-47.9
PATH,C2,2024-03-25,-44.1,-43.5,-52.8
PATH,C2,2024-04-22,-36.5,-36.5,-40.4
PATH,C2,2024-05-20,-34.6,-25.0,-34.8
PATH,C2,2025-12-01,-36.5,-39.8,
PATH,C2,2025-12-29,-29.2,-26.3,
PATH,C2,2026-01-26,-15.3,,
PATH,C2,2026-02-23,9.2,,
PATH,L3,2023-10-17,40.7,18.0,-24.0
PATH,L3,2024-01-24,-14.0,-46.2,-36.9
PATH,L3,2024-02-20,-17.8,-46.9,-49.3
PATH,L3,2024-05-22,-35.5,-27.6,-32.6
PATH,L3,2025-12-31,-33.2,-28.7,
PATH,C3,2023-04-18,9.5,-2.4,18.9
PATH,C3,2023-04-24,11.2,-0.7,32.0
PATH,C3,2023-04-28,16.5,17.8,36.5
PATH,C3,2023-10-20,47.0,27.2,-19.1
PATH,C3,2023-10-26,50.4,27.5,-12.4
PATH,C3,2023-11-01,49.2,24.9,-12.8
PATH,C3,2024-01-29,-20.5,-54.0,-42.2
PATH,C3,2024-02-02,-14.6,-51.5,-36.4
PATH,C3,2024-02-23,-19.6,-45.0,-48.1
PATH,C3,2024-02-29,-49.8,-46.4,-54.2
PATH,C3,2024-03-06,-48.3,-48.2,-53.3
PATH,C3,2024-05-23,-32.5,-26.0,-31.1
PATH,C3,2024-05-30,4.3,27.0,1.4
PATH,C3,2026-01-05,-38.0,-25.5,
DUOL,L2,2024-01-22,15.4,-10.2,70.4
DUOL,L2,2024-06-10,14.9,69.8,140.3
DUOL,C2,2023-05-08,-1.9,49.5,33.0
DUOL,C2,2023-06-05,0.4,37.8,21.3
DUOL,C2,2023-07-03,21.4,50.9,42.8
DUOL,C2,2023-07-31,16.0,30.2,17.9
DUOL,C2,2024-02-05,-1.9,-2.3,105.4
DUOL,C2,2024-03-04,-11.5,-2.5,38.4
DUOL,C2,2024-04-01,-10.2,31.8,36.2
DUOL,C2,2024-06-24,33.2,59.7,97.1
DUOL,C2,2024-07-22,68.3,89.6,110.1
DUOL,C2,2025-03-17,52.5,-5.9,-68.3
DUOL,L3,2023-06-05,-3.3,32.9,31.1
DUOL,L3,2023-07-27,-1.3,24.7,23.0
DUOL,L3,2024-03-28,-12.1,28.6,49.3
DUOL,L3,2024-06-26,36.4,59.0,81.9
DUOL,C3,2023-06-06,-6.3,29.4,26.8
DUOL,C3,2023-06-12,0.1,46.7,29.9
DUOL,C3,2023-06-16,2.7,56.1,27.8
DUOL,C3,2023-06-23,6.7,66.5,40.5
DUOL,C3,2023-06-29,19.8,48.4,37.3
DUOL,C3,2023-08-01,-2.4,17.5,25.8
DUOL,C3,2024-04-01,-11.2,29.9,49.7
DUOL,C3,2024-04-05,-12.5,35.0,47.0
DUOL,C3,2024-07-01,46.2,72.5,85.1
DUOL,C3,2024-07-08,44.9,60.8,81.1
DUOL,C3,2024-07-12,51.5,84.5,78.9
DUOL,C3,2025-02-20,23.3,-24.6,-75.9
DUOL,C3,2025-02-26,34.4,-26.9,-74.4
DUOL,C3,2025-03-04,77.8,-7.0,-64.5
DUOL,C3,2025-03-10,70.9,2.9,-64.0
DUOL,C3,2025-03-14,68.0,2.6,-66.4
RDDT,C2,2025-05-19,115.7,82.1,40.6
RDDT,C2,2025-07-21,43.1,46.3,
RDDT,C2,2025-08-18,-15.6,-30.9,
RDDT,C2,2025-09-15,-11.8,-47.1,
RDDT,C2,2025-10-13,18.5,-16.0,
RDDT,C2,2025-11-10,-27.8,-18.2,
RDDT,C2,2025-12-08,-41.1,-27.9,
RDDT,C2,2026-01-05,-42.9,-20.1,
RDDT,C2,2026-02-02,11.4,,
RDDT,L3,2025-12-17,-40.1,-26.6,
RDDT,C3,2025-05-13,118.5,66.2,36.6
RDDT,C3,2025-05-19,102.5,69.9,56.6
RDDT,C3,2025-05-23,109.5,114.8,69.8
RDDT,C3,2025-07-07,34.3,59.5,
RDDT,C3,2025-07-11,39.9,57.1,
RDDT,C3,2025-07-17,36.8,50.5,
RDDT,C3,2025-07-23,37.5,32.2,
RDDT,C3,2025-07-29,45.5,14.2,
RDDT,C3,2025-08-04,-6.9,-29.7,
RDDT,C3,2025-08-08,-5.2,-35.2,
RDDT,C3,2025-08-14,-20.6,-38.3,
RDDT,C3,2025-08-20,-16.7,-30.7,
RDDT,C3,2025-08-26,-5.4,-32.9,
RDDT,C3,2025-09-02,0.4,-39.0,
RDDT,C3,2025-09-08,2.7,-39.1,
RDDT,C3,2025-09-12,-14.1,-45.0,
RDDT,C3,2025-09-18,-13.9,-53.0,
RDDT,C3,2025-09-24,-4.2,-42.2,
RDDT,C3,2025-09-30,5.2,-37.0,
RDDT,C3,2025-10-06,24.7,-24.1,
RDDT,C3,2025-10-10,27.1,-16.3,
RDDT,C3,2025-10-16,5.6,-22.2,
RDDT,C3,2025-12-23,-45.0,-13.8,
RDDT,C3,2025-12-30,-40.7,-14.2,
RDDT,C3,2026-01-06,-44.9,-22.0,
RDDT,C3,2026-01-12,-33.4,,
RDDT,C3,2026-01-16,-28.9,,
RDDT,C3,2026-01-23,-32.4,,
RDDT,C3,2026-01-29,-11.0,,
RDDT,C3,2026-02-04,2.0,,
SOUN,L2,2024-08-12,28.0,120.6,213.7
SOUN,L2,2025-01-27,-33.6,-28.6,-40.2
SOUN,C2,2023-06-12,-36.2,-33.8,32.6
SOUN,C2,2023-07-10,-48.7,-47.6,78.7
SOUN,C2,2023-08-07,-7.7,16.5,151.0
SOUN,C2,2023-09-04,-8.7,154.8,89.1
SOUN,C2,2024-04-29,2.7,14.2,108.7
SOUN,C2,2024-05-27,-3.2,84.4,100.2
SOUN,C2,2025-02-17,-7.1,21.8,-24.2
SOUN,C2,2025-03-17,-2.9,64.8,-33.6
SOUN,C2,2025-04-14,63.8,143.2,3.3
SOUN,C2,2025-05-12,39.3,8.8,-24.8
SOUN,C2,2025-06-09,55.2,28.0,-24.2
SOUN,C2,2025-10-13,-41.6,-57.5,
SOUN,C2,2025-11-10,-38.7,-30.9,
SOUN,C2,2025-12-08,-37.3,-40.8,
SOUN,C2,2026-01-05,-45.3,-43.5,
SOUN,L3,2025-05-02,15.0,51.5,-10.4
SOUN,L3,2025-05-21,27.9,26.1,-15.4
SOUN,L3,2025-09-30,-34.1,-57.8,
SOUN,C3,2023-06-13,-32.4,-31.1,26.3
SOUN,C3,2023-06-20,-52.1,-48.1,-1.3
SOUN,C3,2023-06-26,-55.6,-47.7,2.2
SOUN,C3,2023-06-30,-58.2,-56.3,23.7
SOUN,C3,2023-07-07,-46.6,-51.2,35.8
SOUN,C3,2023-07-13,-52.4,-51.6,29.1
SOUN,C3,2023-07-19,-50.8,-47.2,41.4
SOUN,C3,2023-07-25,-31.3,-23.2,91.4
SOUN,C3,2023-07-31,-31.8,-30.0,121.5
SOUN,C3,2023-08-04,-15.2,7.6,136.7
SOUN,C3,2023-08-10,-5.3,98.9,160.8
SOUN,C3,2023-08-16,-11.7,66.1,102.9
SOUN,C3,2024-04-18,29.0,30.0,145.2
SOUN,C3,2024-04-24,19.2,49.9,142.9
SOUN,C3,2025-01-29,-32.9,-22.8,-43.1
SOUN,C3,2025-05-07,73.4,46.6,-7.9
SOUN,C3,2025-05-27,12.7,3.6,-36.9
SOUN,C3,2025-06-02,33.3,28.0,-26.5
SOUN,C3,2025-10-02,-37.1,-64.0,
SOUN,C3,2025-10-08,-38.7,-59.2,
SOUN,C3,2025-10-14,-46.8,-60.6,
SOUN,C3,2025-10-20,-45.8,-57.7,
SOUN,C3,2025-10-24,-49.5,-47.3,
SOUN,C3,2025-10-30,-52.2,-47.4,
SOUN,C3,2025-11-05,-47.5,-45.8,
SOUN,C3,2025-11-11,-45.5,-37.1,
SOUN,C3,2025-11-17,-31.5,-29.3,
SOUN,C3,2025-11-21,-23.4,-21.4,
AI,C2,2023-06-12,-38.5,-29.8,-34.7
AI,C2,2023-07-10,-33.5,-29.6,-20.3
AI,C2,2023-08-07,-18.9,-13.6,-24.3
AI,L3,2023-07-05,-39.6,-29.5,-25.6
AI,L3,2023-07-26,-38.6,-39.9,-43.2
AI,C3,2023-07-06,-36.7,-27.0,-27.7
AI,C3,2023-07-12,-37.1,-39.5,-34.2
AI,C3,2023-07-27,-35.0,-34.7,-35.0
AI,C3,2023-08-02,-31.6,-35.2,-37.0
AI,C3,2023-08-08,-25.0,-20.1,-31.7
AI,C3,2023-08-14,-12.6,-20.2,-28.2
AI,C3,2023-08-18,-8.2,-5.4,-23.6
AI,C3,2023-08-24,0.6,24.4,-26.1
AI,C3,2023-08-30,-1.7,1.1,-27.2
BBAI,L2,2025-11-17,-28.5,-22.6,
BBAI,C2,2023-05-01,-26.6,-47.4,-45.6
BBAI,C2,2025-06-09,36.0,71.5,8.1
BBAI,C2,2025-07-07,12.1,-3.7,-49.2
BBAI,C2,2025-08-04,-20.4,-33.9,
BBAI,C2,2025-12-15,-42.8,-37.4,
BBAI,C2,2026-01-12,-37.1,-53.6,
BBAI,C2,2026-02-09,0.0,,
BBAI,L3,2023-04-25,-22.7,-49.6,-38.8
BBAI,L3,2023-05-16,-41.1,-24.1,-36.5
BBAI,L3,2025-07-21,-4.3,-22.7,
BBAI,L3,2026-01-28,-31.1,,
BBAI,C3,2023-04-26,-30.0,-55.7,-48.1
BBAI,C3,2023-05-02,-22.4,-43.2,-37.8
BBAI,C3,2023-05-17,-42.5,-27.5,-36.3
BBAI,C3,2025-05-27,14.9,34.7,-11.1
BBAI,C3,2025-06-02,24.8,72.7,2.5
BBAI,C3,2025-06-06,22.9,75.1,-0.5
BBAI,C3,2025-06-12,55.1,42.0,-9.1
BBAI,C3,2025-06-18,78.8,54.5,-10.9
BBAI,C3,2025-07-24,-9.6,-29.2,
BBAI,C3,2026-02-02,-8.6,,
VST,L2,2018-07-09,3.3,1.5,-2.7
VST,L2,2023-10-16,26.5,107.5,316.6
VST,L2,2025-10-06,-15.4,-21.2,
VST,C2,2018-01-22,14.9,12.9,24.6
VST,C2,2018-02-19,25.9,19.1,41.4
VST,C2,2018-08-06,5.7,13.8,-1.9
VST,C2,2018-09-03,6.4,11.7,14.6
VST,C2,2018-10-01,-10.0,1.7,6.7
VST,C2,2018-10-29,2.8,9.8,13.1
VST,C2,2018-11-26,13.1,0.8,14.7
VST,C2,2019-10-28,-16.7,-27.8,-34.3
VST,C2,2019-11-25,-27.1,-21.9,-24.1
VST,C2,2019-12-23,-27.5,-19.3,-15.5
VST,C2,2021-02-01,-23.1,-10.4,7.1
VST,C2,2021-03-01,-1.6,9.0,30.4
VST,C2,2021-03-29,8.3,-3.3,36.5
VST,C2,2022-03-14,0.8,14.7,14.3
VST,C2,2022-04-11,-5.3,-9.5,5.1
VST,C2,2022-05-09,6.1,-0.5,2.9
VST,C2,2022-06-06,0.0,-4.8,0.6
VST,C2,2022-07-04,0.2,3.5,24.8
VST,C2,2022-08-01,-6.4,-5.6,19.7
VST,C2,2022-08-29,-3.2,-12.9,31.4
VST,C2,2023-10-30,28.0,135.0,246.4
VST,C2,2023-11-27,51.1,175.6,346.8
VST,C2,2023-12-25,81.4,124.6,266.3
VST,C2,2024-01-22,78.9,75.5,373.4
VST,C2,2024-02-19,110.7,77.5,212.5
VST,C2,2024-03-18,26.0,56.9,90.6
VST,C2,2024-04-15,16.8,100.8,77.3
VST,C2,2024-05-13,-15.4,51.8,67.9
VST,C2,2024-06-10,-2.1,66.2,100.0
VST,C2,2024-07-08,37.5,83.3,116.8
VST,C2,2024-08-05,80.9,113.1,158.8
VST,C2,2024-09-02,117.6,55.7,156.9
VST,C2,2024-09-30,17.5,-28.9,46.8
VST,C2,2024-10-28,40.8,16.9,58.5
VST,C2,2024-11-25,-16.2,0.8,12.5
VST,C2,2024-12-23,-14.6,40.1,16.4
VST,C2,2025-01-20,-33.6,0.9,-15.8
VST,C2,2025-02-17,5.3,27.0,14.6
VST,C2,2025-03-17,41.9,62.2,12.4
VST,C2,2025-04-14,67.4,74.9,42.3
VST,C2,2025-10-13,-17.1,-18.6,
VST,C2,2025-11-10,-1.7,-19.8,
VST,C2,2025-12-08,-6.4,-12.7,
VST,C2,2026-01-05,-6.9,-4.2,
VST,L3,2018-01-23,17.5,15.3,31.0
VST,L3,2018-09-14,0.0,12.3,16.2
VST,L3,2021-02-04,-23.5,-11.6,6.7
VST,L3,2021-03-03,6.8,16.6,40.9
VST,L3,2022-03-21,7.0,3.5,10.9
VST,L3,2022-06-14,11.1,6.4,16.6
VST,L3,2022-08-12,-10.7,-9.9,20.1
VST,L3,2023-11-14,31.8,170.1,368.4
VST,L3,2023-12-21,81.4,132.5,338.2
VST,L3,2024-07-16,58.4,118.5,142.8
VST,L3,2024-09-16,56.7,48.3,120.9
VST,L3,2025-01-30,-20.5,17.0,-7.0
VST,L3,2025-10-07,-16.5,-18.1,
VST,C3,2018-01-24,16.7,16.0,29.7
VST,C3,2018-01-30,20.8,21.1,37.2
VST,C3,2018-02-05,24.1,22.9,43.5
VST,C3,2018-02-09,29.4,25.6,48.5
VST,C3,2018-02-15,23.1,20.4,42.1
VST,C3,2018-09-20,-9.5,11.7,13.7
VST,C3,2018-09-26,-3.6,10.3,15.7
VST,C3,2018-10-02,-7.8,2.3,7.3
VST,C3,2018-10-08,-6.4,2.7,8.0
VST,C3,2018-10-12,1.6,9.6,13.6
VST,C3,2018-10-18,7.8,18.9,20.0
VST,C3,2018-10-24,12.6,21.0,18.0
VST,C3,2018-10-30,15.1,14.1,21.9
VST,C3,2018-11-05,4.6,-1.4,8.4
VST,C3,2019-10-11,-15.7,-36.8,-27.7
VST,C3,2019-10-17,-14.8,-31.8,-33.5
VST,C3,2019-10-23,-19.9,-26.7,-30.1
VST,C3,2019-10-29,-16.1,-31.6,-28.1
VST,C3,2019-11-04,-18.1,-32.9,-25.9
VST,C3,2019-11-08,-10.8,-22.3,-26.7
VST,C3,2021-02-08,-23.3,-11.1,5.5
VST,C3,2021-03-08,-2.4,-0.7,22.0
VST,C3,2022-03-23,9.8,3.9,13.2
VST,C3,2022-03-29,1.7,0.6,9.4
VST,C3,2022-04-04,-4.6,-5.7,7.5
VST,C3,2022-04-08,-5.7,-11.3,-0.5
VST,C3,2022-04-14,-0.8,-9.1,2.4
VST,C3,2022-04-21,-7.0,-13.6,-7.1
VST,C3,2022-04-27,2.7,-6.7,4.6
VST,C3,2022-05-03,-1.8,-4.2,-0.5
VST,C3,2022-05-09,5.9,1.4,4.8
VST,C3,2022-05-13,4.7,-7.2,2.6
VST,C3,2022-05-19,-5.4,-6.6,-2.2
VST,C3,2022-05-25,-4.5,-5.4,-1.9
VST,C3,2022-06-17,10.7,7.5,21.0
VST,C3,2022-06-24,-5.2,4.5,16.7
VST,C3,2022-08-18,-10.7,-12.1,25.5
VST,C3,2022-08-24,-3.7,-14.2,36.7
VST,C3,2022-08-30,2.2,10.0,41.6
VST,C3,2022-09-06,-2.2,6.4,41.4
VST,C3,2023-11-17,40.3,207.4,348.3
VST,C3,2023-12-22,83.8,132.1,334.0
VST,C3,2023-12-29,83.8,138.7,347.1
VST,C3,2024-01-05,84.0,124.7,385.2
VST,C3,2024-01-11,74.5,97.9,256.2
VST,C3,2024-01-18,69.9,79.7,330.7
VST,C3,2024-01-24,86.0,103.2,337.4
VST,C3,2024-01-30,94.4,81.5,308.2
VST,C3,2024-02-05,106.5,80.9,294.6
VST,C3,2024-02-09,112.3,84.7,222.3
VST,C3,2024-02-15,102.3,84.6,175.8
VST,C3,2024-02-22,115.1,74.3,142.5
VST,C3,2024-02-28,87.5,45.5,124.8
VST,C3,2024-03-05,47.0,30.0,122.7
VST,C3,2024-03-11,56.5,54.9,129.8
VST,C3,2024-03-15,43.1,76.7,93.0
VST,C3,2024-03-21,31.1,67.8,44.6
VST,C3,2024-03-27,28.2,84.5,61.3
VST,C3,2024-04-03,26.2,74.3,58.4
VST,C3,2024-04-09,31.7,91.2,74.0
VST,C3,2024-04-15,12.5,93.2,91.2
VST,C3,2024-04-19,10.8,92.2,115.0
VST,C3,2024-04-25,-4.6,72.1,88.9
VST,C3,2024-05-01,-8.4,59.4,99.5
VST,C3,2024-05-07,-3.5,79.3,87.6
VST,C3,2024-05-13,-9.4,58.4,81.6
VST,C3,2024-05-17,-12.3,78.0,88.6
VST,C3,2024-05-23,-11.8,61.5,77.7
VST,C3,2024-05-30,-27.9,53.9,66.3
VST,C3,2024-06-05,-18.3,54.6,103.1
VST,C3,2024-06-11,-6.0,60.1,110.7
VST,C3,2024-06-17,10.6,67.6,124.7
VST,C3,2024-07-19,70.9,80.0,181.9
VST,C3,2024-07-25,76.6,139.7,189.2
VST,C3,2024-07-31,58.1,115.3,157.2
VST,C3,2024-08-06,69.9,124.9,161.1
VST,C3,2024-09-20,30.7,9.2,86.8
VST,C3,2024-09-26,22.9,-13.8,73.4
VST,C3,2024-10-02,31.0,-12.6,68.8
VST,C3,2024-10-08,26.9,-9.1,46.1
VST,C3,2024-10-14,29.4,-9.0,44.9
VST,C3,2024-10-18,45.9,-1.1,48.0
VST,C3,2025-01-31,-13.7,20.6,2.6
VST,C3,2025-02-06,-13.9,19.5,1.4
VST,C3,2025-02-12,-5.8,16.1,6.7
VST,C3,2025-02-19,-8.5,15.6,-3.0
VST,C3,2025-02-25,16.0,35.1,19.9
VST,C3,2025-10-13,-13.9,-25.9,
VST,C3,2025-10-17,-20.2,-17.0,
CEG,L2,2024-09-09,22.2,10.8,66.1
CEG,C2,2023-02-13,-2.0,25.1,57.0
CEG,C2,2023-03-13,21.4,44.1,117.9
CEG,C2,2024-01-15,58.4,66.0,178.3
CEG,C2,2024-02-12,62.8,45.6,143.6
CEG,C2,2024-10-07,14.8,-21.5,39.2
CEG,C2,2024-11-04,29.6,13.8,50.6
CEG,C2,2024-12-02,-16.0,18.2,42.7
CEG,C2,2024-12-30,-32.1,24.0,45.9
CEG,C2,2025-01-27,-17.4,14.0,-5.9
CEG,C2,2025-02-24,22.6,23.5,32.4
CEG,C2,2025-03-24,56.1,61.7,47.5
CEG,C2,2025-04-21,47.0,75.0,41.3
CEG,C2,2025-10-27,-25.5,-18.1,
CEG,C2,2025-11-24,-9.5,-20.8,
CEG,C2,2025-12-22,-16.2,-26.5,
CEG,C2,2026-01-19,8.6,,
CEG,C2,2026-02-16,0.0,,
CEG,L3,2024-09-16,17.7,14.3,66.1
CEG,L3,2025-02-04,-11.5,10.9,-3.5
CEG,L3,2025-12-24,-23.2,-32.2,
CEG,C3,2023-02-14,-4.7,24.7,100.9
CEG,C3,2023-02-21,4.4,32.4,122.6
CEG,C3,2023-02-27,7.6,37.8,116.5
CEG,C3,2023-03-03,13.8,38.4,111.8
CEG,C3,2024-09-18,12.6,4.8,79.5
CEG,C3,2024-09-24,-9.7,-15.1,47.2
CEG,C3,2024-09-30,-6.6,-28.6,50.7
CEG,C3,2024-10-04,-14.5,-27.4,30.4
CEG,C3,2024-10-10,14.8,-26.3,49.3
CEG,C3,2024-10-16,19.0,-20.0,37.5
CEG,C3,2024-10-22,5.0,-9.2,37.4
CEG,C3,2025-02-07,-5.7,4.4,-4.6
CEG,C3,2025-02-13,-5.3,0.8,6.5
CEG,C3,2025-02-20,-3.5,2.6,7.9
CEG,C3,2025-10-07,-4.3,-17.5,
CEG,C3,2025-10-13,-10.3,-26.9,
CEG,C3,2025-10-17,-25.6,-18.3,
CEG,C3,2025-10-23,-21.2,-15.6,
CEG,C3,2025-10-29,-33.0,-22.3,
CEG,C3,2025-11-04,-24.9,-24.0,
CEG,C3,2025-12-31,-22.7,-28.6,
CEG,C3,2026-01-07,-13.7,-25.4,
TLN,L2,2026-01-12,-1.7,0.2,
TLN,C2,2024-09-09,24.4,22.9,141.4
TLN,C2,2024-10-07,39.3,24.4,159.3
TLN,C2,2024-11-04,15.6,9.0,87.2
TLN,C2,2024-12-02,-20.4,16.8,60.0
TLN,C2,2024-12-30,-19.1,32.8,84.0
TLN,C2,2025-01-27,1.9,70.5,57.1
TLN,C2,2025-02-24,17.3,82.2,78.4
TLN,C2,2025-03-24,50.8,108.2,64.3
TLN,C2,2026-01-26,6.8,,
TLN,C2,2026-07-06,,,
TLN,L3,2024-09-10,42.7,42.4,182.3
TLN,L3,2024-12-02,-21.0,31.0,79.6
TLN,L3,2025-02-20,2.8,61.4,41.6
TLN,L3,2026-01-23,-1.4,,
TLN,L3,2026-06-26,,,
TLN,C3,2024-09-11,37.7,40.0,170.0
TLN,C3,2024-09-17,17.9,22.4,157.4
TLN,C3,2024-09-23,14.1,14.4,137.7
TLN,C3,2024-09-27,10.6,0.5,139.2
TLN,C3,2024-10-03,16.7,8.7,123.1
TLN,C3,2024-10-09,29.1,19.2,124.9
TLN,C3,2024-12-04,-10.2,25.0,67.7
TLN,C3,2024-12-10,-0.4,41.7,88.3
TLN,C3,2024-12-16,4.7,39.3,79.2
TLN,C3,2024-12-20,0.2,40.2,90.1
TLN,C3,2024-12-27,-7.9,36.0,88.3
TLN,C3,2026-01-27,3.6,,
TLN,C3,2026-02-02,20.3,,
TLN,C3,2026-02-06,8.6,,
TLN,C3,2026-06-30,,,
TLN,C3,2026-07-07,,,
TLN,C3,2026-07-13,,,
TLN,C3,2026-07-17,,,
NRG,L2,2018-06-11,8.7,27.0,4.5
NRG,L2,2021-12-13,-5.5,-8.6,-20.5
NRG,L2,2025-08-18,10.0,24.2,
NRG,L2,2026-03-09,-17.7,,
NRG,C2,2017-10-23,8.3,24.6,40.9
NRG,C2,2017-11-20,-8.9,17.3,32.9
NRG,C2,2017-12-18,5.9,10.4,32.7
NRG,C2,2018-01-15,16.0,19.7,50.6
NRG,C2,2018-06-25,21.9,26.0,14.8
NRG,C2,2018-07-23,12.7,29.8,9.5
NRG,C2,2018-08-20,12.9,24.0,3.1
NRG,C2,2018-09-17,3.0,17.7,8.4
NRG,C2,2018-10-15,9.7,11.5,9.4
NRG,C2,2018-11-12,8.2,-9.3,1.7
NRG,C2,2018-12-10,-0.8,-17.7,-6.7
NRG,C2,2019-01-07,5.0,-10.6,-7.1
NRG,C2,2019-02-04,-10.7,-18.2,-8.5
NRG,C2,2019-03-04,-16.2,-8.8,-16.4
NRG,C2,2019-04-01,-14.2,-6.8,-37.0
NRG,C2,2019-04-29,-11.8,3.3,-14.9
NRG,C2,2019-05-27,7.0,16.9,7.9
NRG,C2,2021-03-15,0.2,15.5,5.8
NRG,C2,2021-04-12,5.8,8.4,4.8
NRG,C2,2021-05-10,28.1,5.6,27.5
NRG,C2,2021-06-07,17.5,5.8,22.1
NRG,C2,2021-12-27,-10.1,-8.2,-23.5
NRG,C2,2022-07-04,9.7,-13.4,4.9
NRG,C2,2022-08-01,16.2,-8.7,1.6
NRG,C2,2023-08-14,33.1,44.8,133.4
NRG,C2,2023-09-11,25.8,66.2,113.1
NRG,C2,2023-10-09,24.8,83.3,125.0
NRG,C2,2023-11-06,15.8,86.1,116.0
NRG,C2,2023-12-04,28.0,65.1,112.5
NRG,C2,2024-01-01,41.7,51.1,94.9
NRG,C2,2024-01-29,40.8,29.3,90.1
NRG,C2,2024-02-26,43.6,51.6,90.1
NRG,C2,2024-03-25,15.7,36.2,43.5
NRG,C2,2024-04-22,1.8,21.5,51.8
NRG,C2,2024-05-20,-2.4,12.1,86.9
NRG,C2,2024-06-17,9.4,14.2,93.4
NRG,C2,2024-07-15,15.9,40.9,106.3
NRG,C2,2024-08-12,11.9,31.1,82.3
NRG,C2,2024-09-09,17.7,18.8,106.6
NRG,C2,2024-10-07,11.2,6.2,81.5
NRG,C2,2024-11-04,7.6,25.2,81.9
NRG,C2,2024-12-02,-10.9,58.4,66.5
NRG,C2,2024-12-30,-14.8,62.1,71.0
NRG,C2,2025-01-27,14.8,65.4,51.0
NRG,C2,2025-02-24,48.1,38.6,71.4
NRG,C2,2025-03-24,71.6,78.3,57.1
NRG,C2,2025-04-21,45.1,58.3,49.4
NRG,C2,2025-09-01,10.7,5.1,
NRG,C2,2025-09-29,0.2,-7.6,
NRG,C2,2026-04-06,-14.2,,
NRG,C2,2026-05-04,,,
NRG,L3,2017-10-23,10.2,23.5,51.1
NRG,L3,2018-08-17,15.2,22.0,7.6
NRG,L3,2018-11-19,5.9,-13.5,3.7
NRG,L3,2019-02-25,-18.0,-14.6,-17.1
NRG,L3,2019-03-20,-17.2,-7.3,-35.2
NRG,L3,2022-01-10,-3.1,-9.9,-15.6
NRG,L3,2023-09-15,27.2,74.7,139.8
NRG,L3,2023-10-30,31.7,77.6,130.4
NRG,L3,2024-09-16,13.7,27.7,103.6
NRG,L3,2024-11-15,12.7,70.7,80.4
NRG,L3,2025-01-29,16.9,49.3,62.4
NRG,L3,2025-03-06,70.8,74.4,79.3
NRG,L3,2025-10-02,-4.3,-1.4,
NRG,L3,2026-03-19,-14.4,,
NRG,L3,2026-05-06,,,
NRG,C3,2017-10-24,7.1,21.8,53.3
NRG,C3,2017-10-30,5.0,36.0,53.8
NRG,C3,2017-11-03,-13.0,26.2,42.5
NRG,C3,2017-11-09,-10.8,21.4,37.7
NRG,C3,2017-11-15,-14.8,17.5,34.6
NRG,C3,2017-11-21,-11.7,16.4,35.7
NRG,C3,2017-11-28,0.4,17.8,45.0
NRG,C3,2017-12-04,8.7,22.5,50.2
NRG,C3,2017-12-08,9.0,17.0,32.2
NRG,C3,2017-12-14,9.2,12.3,40.1
NRG,C3,2018-08-22,14.1,25.4,11.9
NRG,C3,2018-08-28,13.6,20.9,13.4
NRG,C3,2018-09-04,14.0,21.1,9.9
NRG,C3,2018-09-10,19.8,19.1,11.8
NRG,C3,2018-09-14,12.9,19.2,9.2
NRG,C3,2018-09-20,1.2,18.7,8.2
NRG,C3,2018-09-26,11.5,19.0,9.3
NRG,C3,2018-10-02,4.7,12.3,4.8
NRG,C3,2018-10-08,8.2,12.9,8.6
NRG,C3,2018-10-12,13.0,13.8,12.6
NRG,C3,2018-10-18,13.3,11.1,9.3
NRG,C3,2018-11-21,9.3,-10.0,1.4
NRG,C3,2018-11-28,5.2,-11.7,-0.8
NRG,C3,2018-12-04,7.9,-13.5,-0.3
NRG,C3,2018-12-11,0.6,-16.4,-3.5
NRG,C3,2018-12-17,3.7,-14.2,-4.1
NRG,C3,2018-12-21,15.0,-4.6,0.8
NRG,C3,2018-12-28,9.7,-7.4,-3.1
NRG,C3,2019-02-27,-17.0,-10.1,-20.3
NRG,C3,2019-03-05,-15.4,-9.2,-39.7
NRG,C3,2019-03-21,-18.8,-8.2,-37.5
NRG,C3,2019-03-27,-17.9,-8.4,-35.4
NRG,C3,2019-04-02,-14.7,-8.0,-27.5
NRG,C3,2019-04-08,-14.1,-6.5,-25.3
NRG,C3,2019-04-12,-17.6,-5.8,-22.1
NRG,C3,2019-04-18,-15.8,-0.8,-16.6
NRG,C3,2019-04-25,-15.6,-0.8,-18.3
NRG,C3,2022-01-13,-2.1,-11.3,-14.5
NRG,C3,2023-09-20,30.0,74.2,144.5
NRG,C3,2023-09-26,36.6,91.2,151.1
NRG,C3,2023-10-02,37.8,96.9,146.5
NRG,C3,2023-10-06,31.9,90.3,127.7
NRG,C3,2023-11-01,23.0,88.9,115.8
NRG,C3,2023-11-07,14.8,88.5,113.7
NRG,C3,2023-11-13,13.5,82.5,104.0
NRG,C3,2023-11-17,8.0,76.7,111.6
NRG,C3,2023-11-24,21.5,73.0,121.3
NRG,C3,2023-11-30,29.4,65.0,103.5
NRG,C3,2023-12-06,32.1,69.2,91.2
NRG,C3,2023-12-12,34.5,67.9,95.5
NRG,C3,2023-12-18,37.3,63.5,87.3
NRG,C3,2023-12-22,36.4,57.8,98.0
NRG,C3,2023-12-29,37.8,55.3,97.5
NRG,C3,2024-01-05,42.5,47.7,120.7
NRG,C3,2024-01-11,48.7,50.3,97.5
NRG,C3,2024-01-18,39.2,45.3,105.7
NRG,C3,2024-01-24,41.0,46.4,104.1
NRG,C3,2024-01-30,40.9,34.2,95.3
NRG,C3,2024-02-05,42.0,50.4,113.6
NRG,C3,2024-02-09,57.6,59.8,99.5
NRG,C3,2024-02-15,57.5,59.1,96.6
NRG,C3,2024-02-22,66.7,56.4,73.2
NRG,C3,2024-02-28,48.9,46.3,69.5
NRG,C3,2024-03-05,30.4,31.3,67.0
NRG,C3,2024-03-11,33.6,35.1,72.6
NRG,C3,2024-03-15,25.7,37.7,52.3
NRG,C3,2024-03-21,23.4,36.6,27.2
NRG,C3,2024-03-27,17.5,40.4,42.2
NRG,C3,2024-04-03,9.7,31.4,38.9
NRG,C3,2024-04-09,10.4,25.2,43.0
NRG,C3,2024-04-15,1.5,19.6,53.1
NRG,C3,2024-04-19,6.6,29.0,70.1
NRG,C3,2024-04-25,1.2,22.7,67.7
NRG,C3,2024-05-01,-6.0,25.1,114.3
NRG,C3,2024-05-07,10.0,29.7,115.7
NRG,C3,2024-05-13,0.9,12.9,92.7
NRG,C3,2024-05-17,1.1,18.9,99.3
NRG,C3,2024-05-23,3.7,23.2,94.7
NRG,C3,2024-05-30,-5.3,20.4,82.9
NRG,C3,2024-06-05,-3.9,16.1,89.7
NRG,C3,2024-06-11,0.5,17.4,103.0
NRG,C3,2024-06-17,4.7,16.3,101.7
NRG,C3,2024-06-24,10.0,13.9,87.6
NRG,C3,2024-06-28,19.6,27.8,92.1
NRG,C3,2024-09-19,11.0,17.4,106.4
NRG,C3,2024-09-25,3.5,4.9,91.5
NRG,C3,2024-10-01,6.8,6.0,87.8
NRG,C3,2024-10-07,5.9,3.9,76.2
NRG,C3,2024-10-11,18.6,11.1,95.3
NRG,C3,2024-10-17,29.1,28.3,103.0
NRG,C3,2024-10-23,15.2,34.7,97.4
NRG,C3,2024-11-21,9.6,67.6,71.7
NRG,C3,2024-11-27,-7.4,58.1,65.5
NRG,C3,2024-12-04,-8.0,51.9,55.3
NRG,C3,2024-12-10,1.4,63.4,73.6
NRG,C3,2024-12-16,9.7,73.0,71.4
NRG,C3,2024-12-20,5.7,73.4,66.9
NRG,C3,2024-12-27,1.3,64.8,66.0
NRG,C3,2025-01-03,-0.7,50.4,53.2
NRG,C3,2025-01-10,-1.9,54.5,52.9
NRG,C3,2025-02-04,18.9,55.2,70.4
NRG,C3,2025-02-10,46.8,44.0,77.1
NRG,C3,2025-02-14,49.0,35.7,65.2
NRG,C3,2025-02-21,48.7,41.2,47.4
NRG,C3,2025-03-11,71.1,86.5,72.7
NRG,C3,2025-08-19,14.1,24.4,
NRG,C3,2025-08-25,13.4,12.6,
NRG,C3,2026-03-20,-2.2,,
NRG,C3,2026-05-07,,,
NEE,C2,2018-01-22,4.7,7.4,13.5
NEE,C2,2018-02-19,4.7,12.1,23.7
NEE,C2,2018-03-19,3.7,8.5,24.8
NEE,C2,2018-04-16,6.4,9.3,20.9
NEE,C2,2018-05-14,12.7,16.9,30.6
NEE,C2,2018-06-11,9.6,15.1,33.1
NEE,C2,2018-07-09,0.6,5.0,26.3
NEE,C2,2018-08-06,4.0,8.4,30.0
NEE,C2,2018-09-03,6.9,11.1,31.1
NEE,C2,2018-10-01,0.7,11.7,38.9
NEE,C2,2018-10-29,6.4,15.9,43.7
NEE,C2,2018-11-26,3.9,10.5,31.8
NEE,C2,2018-12-24,12.7,20.2,43.8
NEE,C2,2019-01-21,10.8,21.6,55.1
NEE,C2,2019-02-18,8.8,19.5,51.1
NEE,C2,2019-03-18,7.7,17.8,1.1
NEE,C2,2019-04-15,11.5,24.2,33.0
NEE,C2,2019-05-13,10.0,17.7,17.1
NEE,C2,2019-06-10,6.2,15.7,21.9
NEE,C2,2019-07-08,10.6,18.0,27.1
NEE,C2,2019-08-05,3.2,25.9,35.8
NEE,C2,2019-09-02,7.0,24.8,28.7
NEE,C2,2019-09-30,3.4,-4.1,22.9
NEE,C2,2019-10-28,14.4,-2.7,26.9
NEE,C2,2019-11-25,8.7,9.9,31.2
NEE,C2,2019-12-23,-3.9,-1.5,26.2
NEE,C2,2020-01-20,-8.6,7.4,30.4
NEE,C2,2020-02-17,-15.3,2.8,14.9
NEE,C2,2020-03-16,27.0,45.9,50.8
NEE,C2,2020-04-13,12.4,25.4,34.2
NEE,C2,2021-01-04,-3.4,-6.6,8.6
NEE,C2,2021-02-01,-10.4,-2.6,-7.3
NEE,C2,2021-03-01,2.9,22.4,15.7
NEE,C2,2021-03-29,-1.4,5.6,15.4
NEE,C2,2021-11-08,-12.8,-18.3,-1.5
NEE,C2,2021-12-06,-11.7,-15.0,-4.4
NEE,C2,2022-01-03,0.2,-6.1,-1.1
NEE,C2,2022-01-31,-4.1,17.1,0.3
NEE,C2,2022-11-28,-12.8,-12.2,-28.6
NEE,C2,2022-12-26,-7.2,-10.1,-25.3
NEE,C2,2024-07-15,18.0,-0.4,8.6
NEE,C2,2024-08-12,-2.2,-12.2,-1.2
NEE,C2,2024-09-09,-12.4,-11.8,-12.7
NEE,C2,2024-10-07,-17.1,-18.4,5.0
NEE,C2,2024-11-04,-10.7,-7.3,12.4
NEE,C2,2024-12-02,-2.4,-2.5,13.9
NEE,C2,2024-12-30,-6.3,4.3,15.9
NEE,C2,2025-01-27,-5.5,-0.0,26.7
NEE,C2,2025-11-03,7.3,12.4,
NEE,C2,2025-12-01,10.2,4.7,
NEE,C2,2025-12-29,15.9,10.7,
NEE,C2,2026-01-26,11.0,,
NEE,C2,2026-02-23,-7.2,,
NEE,C2,2026-03-23,-2.4,,
NEE,C2,2026-04-20,,,
NEE,C2,2026-05-18,,,
NEE,C2,2026-06-15,,,
NEE,C2,2026-07-13,,,
NEE,L3,2018-04-19,4.6,6.4,21.1
NEE,L3,2018-06-18,6.2,9.9,30.5
NEE,L3,2018-10-19,1.1,13.6,39.3
NEE,L3,2019-01-22,8.1,20.7,54.1
NEE,L3,2019-03-29,8.1,20.5,29.8
NEE,L3,2019-05-08,16.0,19.7,25.5
NEE,L3,2019-06-11,9.9,18.6,25.0
NEE,L3,2019-09-17,8.7,-6.1,30.6
NEE,L3,2019-12-19,-12.2,-0.8,30.9
NEE,L3,2021-02-01,-9.2,-0.3,-5.8
NEE,L3,2021-11-04,-10.6,-18.4,1.5
NEE,L3,2022-12-21,-10.5,-11.2,-24.6
NEE,L3,2024-07-19,17.5,3.9,0.9
NEE,L3,2025-01-31,-6.2,2.8,35.2
NEE,L3,2025-10-23,5.9,18.0,
NEE,L3,2025-12-05,11.1,5.1,
NEE,L3,2026-03-16,-7.0,,
NEE,L3,2026-04-29,,,
NEE,L3,2026-06-16,,,
NEE,C3,2018-04-20,6.6,10.7,22.9
NEE,C3,2018-04-26,2.5,7.8,18.6
NEE,C3,2018-05-02,5.4,5.8,22.4
NEE,C3,2018-05-08,7.6,11.9,27.7
NEE,C3,2018-06-20,5.6,6.0,31.6
NEE,C3,2018-06-26,-0.1,3.1,28.9
NEE,C3,2018-07-02,0.2,4.0,26.2
NEE,C3,2018-07-09,5.8,4.9,29.9
NEE,C3,2018-07-13,0.7,5.2,26.6
NEE,C3,2018-07-19,2.6,3.6,26.7
NEE,C3,2018-07-25,3.9,8.1,30.2
NEE,C3,2018-07-31,3.6,7.7,32.1
NEE,C3,2018-08-06,0.9,8.5,31.4
NEE,C3,2018-08-10,5.1,9.8,33.2
NEE,C3,2018-08-16,3.9,8.9,30.5
NEE,C3,2018-08-22,3.9,11.4,32.1
NEE,C3,2018-08-28,5.2,12.3,33.1
NEE,C3,2018-09-04,8.1,13.8,34.0
NEE,C3,2018-09-10,6.1,11.0,34.2
NEE,C3,2018-09-14,2.0,12.9,36.5
NEE,C3,2018-09-20,-0.1,15.7,39.4
NEE,C3,2018-09-26,6.4,16.1,45.5
NEE,C3,2018-10-02,2.4,12.8,37.7
NEE,C3,2018-10-24,-0.5,11.0,32.8
NEE,C3,2018-10-30,3.3,10.1,31.9
NEE,C3,2018-11-05,7.9,15.6,39.4
NEE,C3,2019-01-23,7.6,18.3,51.0
NEE,C3,2019-01-29,11.7,21.9,61.0
NEE,C3,2019-04-03,11.2,22.9,28.2
NEE,C3,2019-04-09,10.7,22.1,26.9
NEE,C3,2019-05-13,11.0,19.3,22.7
NEE,C3,2019-06-14,8.0,17.4,18.1
NEE,C3,2019-06-20,9.8,17.8,21.9
NEE,C3,2019-06-26,14.5,20.6,27.4
NEE,C3,2019-07-02,11.5,17.5,29.2
NEE,C3,2019-07-09,12.7,19.7,34.7
NEE,C3,2019-07-15,9.6,22.7,37.1
NEE,C3,2019-07-19,11.6,27.1,37.6
NEE,C3,2019-07-25,14.7,31.4,39.7
NEE,C3,2019-07-31,15.7,30.2,37.0
NEE,C3,2019-08-06,8.2,30.2,36.8
NEE,C3,2019-09-23,7.3,10.4,27.5
NEE,C3,2019-09-27,5.3,-3.1,32.9
NEE,C3,2019-10-03,5.4,7.7,33.4
NEE,C3,2019-10-09,6.2,2.8,31.7
NEE,C3,2019-10-15,12.0,9.8,35.8
NEE,C3,2019-10-21,13.9,3.9,28.5
NEE,C3,2019-10-25,14.6,-1.8,28.9
NEE,C3,2019-10-31,12.5,-2.6,32.9
NEE,C3,2019-11-06,20.3,3.2,37.6
NEE,C3,2019-12-24,2.8,3.5,33.1
NEE,C3,2019-12-31,-8.0,5.7,34.4
NEE,C3,2020-01-07,2.2,10.0,40.1
NEE,C3,2020-01-13,-3.1,12.5,43.9
NEE,C3,2020-01-17,-1.9,11.8,30.3
NEE,C3,2020-01-24,-8.8,8.2,28.5
NEE,C3,2020-01-30,-14.3,6.3,26.9
NEE,C3,2020-02-05,-13.4,5.3,23.5
NEE,C3,2020-02-11,-14.2,5.1,12.1
NEE,C3,2020-02-18,-17.0,1.2,10.5
NEE,C3,2020-02-24,-11.5,3.4,5.9
NEE,C3,2020-02-28,2.1,15.3,20.9
NEE,C3,2020-03-05,-5.2,3.3,7.9
NEE,C3,2021-02-05,-10.9,0.3,-8.2
NEE,C3,2021-02-11,-13.9,1.6,-12.2
NEE,C3,2021-11-05,-10.0,-17.6,-1.7
NEE,C3,2021-11-11,-11.7,-16.6,2.0
NEE,C3,2021-11-17,-15.6,-13.9,-1.0
NEE,C3,2021-11-23,-9.5,-11.4,0.1
NEE,C3,2021-11-30,-7.1,-7.0,1.9
NEE,C3,2021-12-06,-9.6,-17.9,-3.6
NEE,C3,2021-12-10,-8.1,-20.7,-5.7
NEE,C3,2021-12-16,-9.7,-14.5,-6.9
NEE,C3,2021-12-22,-6.5,-13.7,-7.1
NEE,C3,2021-12-29,-6.3,-11.6,-5.6
NEE,C3,2022-01-04,-3.4,-10.5,-5.6
NEE,C3,2022-01-10,-0.3,-5.3,1.7
NEE,C3,2022-01-14,-1.5,-1.6,-7.9
NEE,C3,2022-01-21,-10.4,3.4,-7.7
NEE,C3,2022-01-27,-3.1,22.7,3.2
NEE,C3,2022-02-02,-6.3,16.8,1.1
NEE,C3,2022-12-27,-7.6,-11.9,-23.8
NEE,C3,2023-01-03,-5.2,-11.2,-28.5
NEE,C3,2023-01-09,-5.6,-13.2,-29.8
NEE,C3,2024-07-24,10.5,-4.2,-0.9
NEE,C3,2024-07-30,7.2,-5.6,0.2
NEE,C3,2024-08-05,3.2,-7.1,2.8
NEE,C3,2024-08-09,-1.4,-10.4,0.1
NEE,C3,2024-08-15,-0.7,-7.3,-3.4
NEE,C3,2024-08-21,-2.2,-10.0,-7.6
NEE,C3,2024-08-27,-0.1,-10.2,-7.0
NEE,C3,2024-09-03,-4.6,-7.4,-9.3
NEE,C3,2024-09-09,-8.1,-11.6,-8.2
NEE,C3,2024-09-13,-13.4,-16.0,-7.2
NEE,C3,2024-09-19,-12.3,-13.1,0.3
NEE,C3,2024-09-25,-14.2,-13.5,2.0
NEE,C3,2024-10-01,-15.0,-19.6,3.7
NEE,C3,2024-10-07,-15.5,-14.5,7.9
NEE,C3,2024-10-11,-12.2,-17.4,8.4
NEE,C3,2025-02-04,-1.5,4.5,34.6
NEE,C3,2025-02-10,4.4,10.4,41.6
NEE,C3,2025-10-29,9.4,15.7,
NEE,C3,2025-11-04,10.3,17.7,
NEE,C3,2025-11-10,11.4,7.7,
NEE,C3,2025-11-14,10.6,5.9,
NEE,C3,2025-11-20,9.9,0.6,
NEE,C3,2025-12-09,17.3,9.2,
NEE,C3,2025-12-15,10.4,8.8,
NEE,C3,2026-03-20,-1.4,,
NEE,C3,2026-05-05,,,
NEE,C3,2026-05-11,,,
NEE,C3,2026-05-15,,,
NEE,C3,2026-05-21,,,
NEE,C3,2026-06-22,,,
NEE,C3,2026-06-26,,,
NEE,C3,2026-07-02,,,
NEE,C3,2026-07-09,,,
NEE,C3,2026-07-15,,,
SO,L2,2020-03-02,-11.6,-19.9,-8.8
SO,L2,2021-06-14,5.4,11.0,10.8
SO,C2,2017-08-14,6.7,-6.8,2.3
SO,C2,2018-10-01,3.6,21.2,48.9
SO,C2,2018-12-03,9.7,19.3,38.3
SO,C2,2018-12-31,16.9,29.1,46.3
SO,C2,2020-03-23,-8.0,-1.6,15.0
SO,C2,2020-04-20,-3.9,7.9,18.3
SO,C2,2021-01-18,9.8,8.4,17.5
SO,C2,2021-02-15,9.6,15.8,12.0
SO,C2,2021-06-21,3.7,10.4,18.1
SO,C2,2021-07-19,-0.4,8.4,17.3
SO,C2,2021-08-16,-5.9,-3.3,23.8
SO,C2,2021-09-13,5.3,8.3,25.2
SO,C2,2021-10-11,9.9,22.9,4.6
SO,C2,2021-11-08,7.9,21.3,8.2
SO,C2,2021-12-06,6.6,13.0,9.2
SO,C2,2022-01-03,12.6,5.8,8.5
SO,C2,2022-01-31,9.8,14.7,1.8
SO,C2,2022-02-28,12.4,17.3,-0.3
SO,C2,2022-03-28,-0.4,-6.6,-2.4
SO,C2,2022-04-25,5.7,-8.0,4.2
SO,C2,2022-05-23,3.7,-10.3,-5.0
SO,C2,2022-06-20,8.3,4.7,4.9
SO,C2,2022-07-18,-9.6,-4.9,5.6
SO,C2,2022-08-15,-17.3,-15.1,-11.9
SO,C2,2022-09-12,-9.2,-10.2,-4.2
SO,C2,2022-10-10,11.9,15.7,9.1
SO,C2,2022-11-07,3.8,16.2,9.0
SO,C2,2023-07-10,-5.8,2.1,16.6
SO,C2,2023-08-07,-1.0,-1.8,30.0
SO,C2,2024-03-25,9.1,27.8,31.4
SO,C2,2024-04-22,13.3,27.7,27.8
SO,C2,2024-05-20,11.7,14.5,19.2
SO,C2,2024-06-17,15.3,7.4,17.7
SO,C2,2024-07-15,15.5,4.8,19.5
SO,C2,2024-08-12,1.5,-0.4,11.3
SO,C2,2024-09-09,-6.2,2.7,6.6
SO,C2,2024-10-07,-7.8,2.7,14.2
SO,C2,2024-11-04,-3.8,3.6,6.6
SO,C2,2024-12-02,8.7,5.8,5.1
SO,C2,2024-12-30,9.0,13.0,9.4
SO,C2,2025-01-27,9.4,15.1,9.9
SO,C2,2025-02-24,1.1,4.5,12.0
SO,C2,2025-03-24,0.6,5.4,8.3
SO,C2,2025-04-21,6.3,7.8,6.8
SO,C2,2025-05-19,6.2,1.2,8.9
SO,C2,2025-06-16,3.6,-3.0,7.7
SO,C2,2025-07-14,4.8,-4.0,4.6
SO,C2,2025-08-11,-2.8,2.6,
SO,C2,2025-09-08,-7.7,7.9,
SO,C2,2025-10-06,-10.7,0.4,
SO,C2,2025-11-03,-0.7,2.0,
SO,C2,2025-12-01,13.9,9.1,
SO,C2,2025-12-29,12.7,14.2,
SO,C2,2026-06-15,,,
SO,L3,2021-08-27,-6.4,4.6,25.3
SO,L3,2021-11-11,4.2,19.8,10.6
SO,L3,2021-12-01,14.4,24.5,21.1
SO,L3,2022-01-20,11.6,13.9,5.1
SO,L3,2022-05-09,5.9,-10.7,0.3
SO,L3,2022-06-03,6.9,-7.0,-0.8
SO,L3,2022-08-26,-15.1,-14.8,-9.3
SO,L3,2022-11-14,5.4,13.6,14.9
SO,L3,2023-08-02,-0.2,-3.7,27.9
SO,L3,2024-04-09,14.4,29.5,33.6
SO,L3,2024-08-16,2.5,5.4,9.9
SO,L3,2024-09-18,-7.4,2.8,9.0
SO,L3,2024-10-17,-10.5,-0.5,4.8
SO,L3,2025-03-13,0.1,3.7,10.0
SO,L3,2025-06-23,5.0,-2.3,10.8
SO,L3,2026-01-12,10.3,,
SO,C3,2018-11-20,7.1,17.4,40.5
SO,C3,2018-11-27,10.0,23.1,36.9
SO,C3,2018-12-03,9.6,18.9,37.1
SO,C3,2018-12-10,11.2,19.8,41.4
SO,C3,2018-12-14,10.3,21.8,40.2
SO,C3,2018-12-20,17.3,25.6,45.1
SO,C3,2018-12-27,18.9,31.3,50.5
SO,C3,2021-08-30,-6.0,7.5,26.7
SO,C3,2021-09-03,-1.7,5.8,21.2
SO,C3,2021-09-10,1.0,5.5,19.2
SO,C3,2021-09-16,3.3,7.4,15.3
SO,C3,2021-09-22,5.7,15.7,15.5
SO,C3,2021-09-28,11.5,20.5,7.4
SO,C3,2021-10-04,10.5,25.1,5.7
SO,C3,2021-10-08,9.3,24.0,5.5
SO,C3,2021-11-15,4.2,21.6,10.0
SO,C3,2021-12-06,7.2,8.4,11.6
SO,C3,2022-01-26,10.6,17.5,3.1
SO,C3,2022-05-13,8.6,-11.1,-1.9
SO,C3,2022-06-08,8.3,-2.7,-0.7
SO,C3,2022-06-14,16.7,5.2,8.8
SO,C3,2022-06-21,14.1,8.9,11.0
SO,C3,2022-08-29,-13.1,-16.5,-9.2
SO,C3,2022-09-02,-11.1,-14.6,-5.1
SO,C3,2022-09-09,-9.7,-12.8,-9.1
SO,C3,2022-09-15,-9.2,-12.4,-12.3
SO,C3,2023-08-07,2.1,2.5,34.1
SO,C3,2024-04-10,15.8,32.3,35.0
SO,C3,2024-04-16,21.2,39.2,40.3
SO,C3,2024-04-22,12.9,28.1,29.3
SO,C3,2024-04-26,15.1,26.5,24.1
SO,C3,2024-05-02,15.8,18.1,21.8
SO,C3,2024-05-08,13.4,15.0,19.4
SO,C3,2024-05-14,12.0,14.8,17.6
SO,C3,2024-05-20,10.0,12.5,15.3
SO,C3,2024-05-24,11.2,16.5,18.7
SO,C3,2024-05-31,12.1,9.3,14.7
SO,C3,2024-06-06,14.9,7.6,19.2
SO,C3,2024-06-12,15.5,7.9,19.8
SO,C3,2024-06-18,16.0,8.3,21.4
SO,C3,2024-06-25,15.0,7.3,23.6
SO,C3,2024-08-19,2.4,3.8,9.0
SO,C3,2024-08-23,3.5,6.1,9.5
SO,C3,2024-09-20,-6.7,4.2,10.0
SO,C3,2024-10-18,-9.7,-0.3,3.2
SO,C3,2024-10-24,-8.5,-1.1,1.0
SO,C3,2024-10-30,-5.4,2.8,5.4
SO,C3,2024-11-05,-1.7,0.2,4.6
SO,C3,2024-11-11,-1.1,4.1,5.3
SO,C3,2025-03-17,-1.3,3.7,10.6
SO,C3,2025-03-21,2.0,7.5,12.0
SO,C3,2025-03-27,3.4,6.0,11.4
SO,C3,2025-04-02,0.8,7.1,7.4
SO,C3,2025-04-08,7.6,16.6,9.2
SO,C3,2025-04-14,4.1,8.9,7.0
SO,C3,2025-06-26,4.8,-1.9,9.3
SO,C3,2025-07-02,4.5,-3.8,8.8
SO,C3,2025-07-09,5.4,-3.3,
SO,C3,2025-07-15,8.7,-2.4,
SO,C3,2025-07-21,3.1,-5.5,
SO,C3,2025-07-25,0.8,-4.8,
SO,C3,2025-07-31,0.3,-2.0,
SO,C3,2025-08-06,-3.2,-2.5,
DUK,L2,2019-11-04,8.2,-7.2,8.5
DUK,L2,2025-05-12,6.2,7.4,7.7
DUK,L2,2026-07-06,,,
DUK,C2,2017-08-14,3.5,-9.3,-0.4
DUK,C2,2017-09-11,1.6,-9.2,-2.1
DUK,C2,2017-10-09,-8.2,-9.7,-3.6
DUK,C2,2017-11-06,-13.5,-10.4,0.7
DUK,C2,2017-12-04,-12.5,-15.0,7.0
DUK,C2,2018-01-01,-3.5,2.0,9.1
DUK,C2,2018-01-29,5.6,9.1,20.1
DUK,C2,2018-09-10,12.3,13.3,19.9
DUK,C2,2018-10-08,6.9,15.5,25.2
DUK,C2,2018-11-05,6.7,5.0,9.7
DUK,C2,2018-12-03,1.3,-1.2,4.1
DUK,C2,2018-12-31,7.2,7.3,10.5
DUK,C2,2019-01-28,3.8,2.5,16.1
DUK,C2,2019-02-25,-3.3,5.8,6.8
DUK,C2,2019-03-25,-0.9,9.3,-7.1
DUK,C2,2019-04-22,-2.7,7.9,-1.1
DUK,C2,2019-05-20,3.3,0.2,-2.2
DUK,C2,2019-06-17,7.6,3.4,-4.3
DUK,C2,2019-07-15,9.0,8.3,-2.8
DUK,C2,2019-11-25,5.0,-0.8,12.0
DUK,C2,2019-12-23,-11.0,-11.4,2.9
DUK,C2,2020-01-20,-10.1,-12.2,-2.1
DUK,C2,2020-02-17,-17.8,-19.1,-9.8
DUK,C2,2020-03-16,21.4,24.1,41.6
DUK,C2,2020-04-13,-7.5,4.9,16.7
DUK,C2,2021-01-04,9.4,14.0,20.6
DUK,C2,2021-02-01,7.6,15.2,14.4
DUK,C2,2021-03-01,15.7,21.6,23.6
DUK,C2,2021-08-23,-4.2,-2.4,7.9
DUK,C2,2021-09-20,5.6,13.0,9.4
DUK,C2,2021-10-18,0.2,12.3,-11.5
DUK,C2,2022-08-08,-13.7,-9.2,-12.3
DUK,C2,2022-09-05,-7.7,-13.8,-13.6
DUK,C2,2024-04-22,11.7,22.3,27.4
DUK,C2,2024-05-20,11.0,14.4,18.3
DUK,C2,2024-06-17,17.6,10.5,19.9
DUK,C2,2024-07-15,14.0,4.1,14.9
DUK,C2,2024-08-12,0.8,1.3,13.1
DUK,C2,2024-09-09,-6.4,4.3,7.8
DUK,C2,2024-10-07,-6.4,6.1,15.4
DUK,C2,2024-11-04,2.5,8.3,13.3
DUK,C2,2024-12-02,5.1,4.7,7.7
DUK,C2,2024-12-30,11.4,10.8,12.9
DUK,C2,2025-01-27,9.6,11.8,12.3
DUK,C2,2025-05-26,5.0,7.1,7.9
DUK,C2,2025-06-23,6.1,2.0,13.7
DUK,C2,2025-07-21,7.1,-0.4,
DUK,C2,2025-08-18,-0.4,3.7,
DUK,C2,2025-09-15,-3.7,6.5,
DUK,C2,2025-10-13,-6.4,1.3,
DUK,C2,2025-11-10,5.4,0.3,
DUK,C2,2025-12-08,16.5,10.3,
DUK,C2,2026-01-05,13.8,9.3,
DUK,L3,2017-11-30,-14.6,-16.0,6.7
DUK,L3,2018-10-31,8.2,8.8,11.8
DUK,L3,2019-03-01,-3.0,6.6,-6.3
DUK,L3,2019-05-03,-0.3,5.8,-3.7
DUK,L3,2019-07-09,8.6,4.3,-5.3
DUK,L3,2019-12-24,-6.6,-7.2,5.2
DUK,L3,2020-04-17,-7.6,5.1,15.4
DUK,L3,2021-02-12,15.2,21.3,12.3
DUK,L3,2021-10-29,3.9,11.3,-1.1
DUK,L3,2022-08-11,-12.3,-7.5,-13.5
DUK,L3,2024-06-06,14.7,8.6,18.0
DUK,L3,2024-09-26,-5.6,5.2,14.4
DUK,L3,2024-11-14,6.4,8.1,14.1
DUK,L3,2025-06-06,6.2,1.0,10.9
DUK,L3,2025-07-15,10.8,3.9,
DUK,L3,2025-10-09,-5.1,4.4,
DUK,L3,2025-11-25,8.7,1.6,
DUK,C3,2017-08-15,5.3,-10.5,-2.0
DUK,C3,2017-08-21,3.6,-9.9,-1.9
DUK,C3,2017-08-25,3.0,-9.2,-1.1
DUK,C3,2017-08-31,2.5,-10.9,-1.6
DUK,C3,2017-09-07,1.8,-10.2,-4.1
DUK,C3,2017-09-13,1.9,-10.3,-5.0
DUK,C3,2017-09-19,-0.8,-8.4,-3.2
DUK,C3,2017-09-25,-0.4,-7.3,-0.0
DUK,C3,2017-09-29,-0.2,-4.4,-0.3
DUK,C3,2017-12-01,-13.3,-16.8,7.1
DUK,C3,2017-12-07,-11.4,-13.5,5.0
DUK,C3,2018-08-31,12.0,13.8,19.6
DUK,C3,2018-09-07,11.3,11.5,20.6
DUK,C3,2018-09-13,8.4,12.8,22.2
DUK,C3,2018-09-19,10.7,14.0,23.4
DUK,C3,2018-09-25,10.5,15.2,27.2
DUK,C3,2018-10-01,8.5,15.9,24.8
DUK,C3,2018-11-02,10.5,7.6,13.1
DUK,C3,2018-11-08,6.4,6.5,8.4
DUK,C3,2018-11-14,5.9,6.1,8.1
DUK,C3,2018-11-20,1.9,-1.2,4.9
DUK,C3,2018-11-27,3.0,2.0,5.8
DUK,C3,2018-12-03,1.9,-1.2,5.4
DUK,C3,2018-12-10,1.2,-1.6,4.5
DUK,C3,2018-12-14,0.1,1.2,4.6
DUK,C3,2018-12-20,3.7,2.3,7.0
DUK,C3,2018-12-27,4.8,6.6,10.0
DUK,C3,2019-01-03,7.5,7.9,14.0
DUK,C3,2019-01-09,7.8,7.4,17.3
DUK,C3,2019-01-15,5.8,5.2,17.9
DUK,C3,2019-03-04,-1.9,6.6,-0.5
DUK,C3,2019-03-08,-4.0,7.6,-13.2
DUK,C3,2019-03-14,-1.6,6.6,-13.8
DUK,C3,2019-03-20,1.3,10.1,-5.6
DUK,C3,2019-03-26,-2.2,7.0,-7.4
DUK,C3,2019-04-01,2.0,11.2,2.0
DUK,C3,2019-04-05,0.1,8.7,3.8
DUK,C3,2019-05-06,0.4,5.7,-4.3
DUK,C3,2019-05-10,3.2,2.8,-1.3
DUK,C3,2019-05-16,6.3,3.1,3.9
DUK,C3,2019-12-30,-11.7,-9.1,2.6
DUK,C3,2020-01-06,-5.0,-8.4,5.8
DUK,C3,2020-01-10,-2.3,-6.9,4.2
DUK,C3,2020-01-16,-7.4,-7.9,2.5
DUK,C3,2020-01-23,-8.8,-9.7,1.4
DUK,C3,2020-01-29,-13.8,-10.6,0.7
DUK,C3,2020-02-04,-16.1,-10.4,-3.5
DUK,C3,2020-02-10,-14.1,-11.8,-3.2
DUK,C3,2020-02-14,-16.8,-18.1,-11.7
DUK,C3,2020-02-21,-18.2,-20.5,-11.8
DUK,C3,2020-02-27,-6.9,-14.7,-0.2
DUK,C3,2020-03-04,-10.9,-18.7,-4.4
DUK,C3,2020-04-22,-3.9,9.4,20.8
DUK,C3,2021-02-16,15.6,23.6,17.8
DUK,C3,2021-02-22,15.8,20.9,20.7
DUK,C3,2021-02-26,18.1,26.3,27.9
DUK,C3,2021-03-04,18.9,24.1,28.2
DUK,C3,2022-08-16,-12.6,-11.3,-16.0
DUK,C3,2022-08-22,-11.9,-14.1,-19.4
DUK,C3,2022-08-26,-9.0,-9.9,-12.0
DUK,C3,2022-09-01,-7.4,-12.4,-8.3
DUK,C3,2022-09-08,-7.2,-9.1,-10.8
DUK,C3,2022-09-14,-5.2,-13.2,-14.0
DUK,C3,2024-06-07,14.3,8.4,18.3
DUK,C3,2024-06-13,16.4,6.4,20.9
DUK,C3,2024-06-20,18.3,10.9,21.6
DUK,C3,2024-06-26,17.1,9.8,22.0
DUK,C3,2024-07-02,17.1,9.0,22.1
DUK,C3,2024-07-09,11.3,7.9,22.9
DUK,C3,2024-11-18,4.3,3.6,8.3
DUK,C3,2024-11-22,4.4,3.0,4.1
DUK,C3,2024-11-29,0.7,1.2,3.3
DUK,C3,2025-06-09,6.7,1.6,12.1
DUK,C3,2025-06-13,4.5,2.3,13.7
DUK,C3,2025-06-20,7.6,3.6,13.0
DUK,C3,2025-07-17,10.4,2.0,
DUK,C3,2025-07-23,7.4,2.4,
DUK,C3,2025-07-29,4.9,3.6,
DUK,C3,2025-08-04,0.6,-0.3,
DUK,C3,2025-08-08,-1.1,5.0,
DUK,C3,2025-08-14,0.5,4.7,
DUK,C3,2025-08-20,-0.7,5.6,
DUK,C3,2025-08-26,1.0,8.8,
DUK,C3,2025-10-15,-6.3,1.2,
DUK,C3,2025-10-21,-6.6,0.3,
DUK,C3,2025-10-27,-4.0,1.8,
DUK,C3,2025-10-31,0.1,2.2,
DUK,C3,2025-11-06,1.8,0.1,
DUK,C3,2025-11-12,2.8,3.2,
DUK,C3,2025-12-01,10.7,4.3,
DUK,C3,2026-07-07,,,
DUK,C3,2026-07-13,,,
DUK,C3,2026-07-17,,,
OKLO,L2,2023-07-03,-1.7,1.5,-27.1
OKLO,C2,2023-07-10,-0.7,2.6,-17.0
OKLO,C2,2023-08-07,-0.5,2.5,-27.6
OKLO,C2,2023-09-04,0.0,3.9,-46.0
OKLO,C2,2025-02-10,-28.3,35.0,24.8
OKLO,C2,2025-03-10,129.7,198.4,110.6
OKLO,C2,2025-04-07,149.2,554.0,123.3
OKLO,C2,2025-05-05,168.1,301.0,158.1
OKLO,C2,2025-06-02,38.8,108.1,15.5
OKLO,C2,2025-06-30,137.1,44.8,-2.5
OKLO,C2,2025-07-28,85.7,11.4,
OKLO,C2,2025-08-25,24.1,-14.5,
OKLO,C2,2025-09-22,-30.4,-54.6,
OKLO,C2,2025-10-20,-35.6,-47.8,
OKLO,C2,2025-11-17,-27.6,-25.3,
OKLO,C2,2025-12-15,-35.2,-26.5,
OKLO,C2,2026-01-12,-29.6,-56.7,
OKLO,L3,2023-09-11,1.1,5.1,-19.8
OKLO,L3,2025-01-21,-22.2,127.2,149.6
OKLO,L3,2025-06-10,57.4,56.7,2.9
OKLO,L3,2025-07-29,102.0,9.8,
OKLO,L3,2025-10-01,-22.9,-58.8,
OKLO,C3,2023-09-12,2.1,4.5,-19.9
OKLO,C3,2023-09-18,2.8,4.8,-21.8
OKLO,C3,2025-01-27,-23.7,145.6,141.2
OKLO,C3,2025-01-31,-31.1,81.0,57.9
OKLO,C3,2025-02-06,-39.6,54.2,33.6
OKLO,C3,2025-02-12,-30.6,22.4,27.0
OKLO,C3,2025-02-19,-12.0,64.7,45.5
OKLO,C3,2025-02-25,65.0,129.5,91.4
OKLO,C3,2025-03-03,67.1,140.7,103.2
OKLO,C3,2025-03-07,100.0,214.8,105.4
OKLO,C3,2025-03-13,173.3,338.3,116.3
OKLO,C3,2025-03-19,96.5,367.6,71.4
OKLO,C3,2025-03-25,91.0,285.9,73.6
OKLO,C3,2025-06-11,40.6,22.8,-25.0
OKLO,C3,2025-06-17,115.4,32.9,-16.4
OKLO,C3,2025-06-24,96.2,22.0,-22.1
OKLO,C3,2025-06-30,107.1,59.6,-17.4
OKLO,C3,2025-07-07,139.8,88.3,
OKLO,C3,2025-07-31,73.4,-18.9,
OKLO,C3,2025-08-06,28.5,-20.3,
OKLO,C3,2025-08-12,41.7,-14.1,
OKLO,C3,2025-08-18,40.1,-5.7,
OKLO,C3,2025-08-22,27.2,-8.1,
OKLO,C3,2025-10-03,-23.4,-57.6,
OKLO,C3,2025-10-09,-29.7,-51.6,
OKLO,C3,2025-10-15,-47.6,-55.4,
OKLO,C3,2025-10-21,-41.0,-53.4,
OKLO,C3,2025-10-27,-42.1,-50.2,
OKLO,C3,2025-10-31,-53.2,-41.2,
SMR,C2,2024-05-13,43.9,264.7,283.0
SMR,C2,2024-06-10,18.2,158.0,374.0
SMR,C2,2024-07-08,-14.3,31.2,144.3
SMR,C2,2024-08-05,164.2,178.7,324.5
SMR,C2,2024-09-02,268.2,123.9,394.7
SMR,C2,2024-09-30,58.6,-4.2,205.1
SMR,C2,2024-10-28,25.4,-8.2,136.0
SMR,C2,2024-11-25,-42.0,7.9,-32.5
SMR,C2,2024-12-23,-23.3,95.8,-23.9
SMR,C2,2025-01-20,-40.4,84.7,-29.3
SMR,C2,2025-02-17,58.8,84.0,-29.4
SMR,C2,2025-10-20,-47.6,-68.3,
SMR,C2,2025-11-17,-27.7,-38.7,
SMR,C2,2025-12-15,-28.8,-26.9,
SMR,L3,2024-06-07,8.2,168.1,435.1
SMR,L3,2024-11-11,-6.2,1.6,-20.3
SMR,L3,2025-02-04,-26.3,66.1,-38.2
SMR,L3,2025-09-29,-62.9,-76.0,
SMR,C3,2024-06-10,-0.6,143.4,345.4
SMR,C3,2024-06-14,12.0,132.1,341.0
SMR,C3,2024-06-21,19.3,117.8,250.1
SMR,C3,2024-06-27,-3.3,47.8,251.6
SMR,C3,2024-07-03,13.5,69.8,333.6
SMR,C3,2024-07-10,-11.3,53.9,277.2
SMR,C3,2024-07-16,22.6,64.3,224.6
SMR,C3,2024-07-22,61.0,89.4,308.0
SMR,C3,2024-07-26,102.8,119.8,252.5
SMR,C3,2024-08-01,108.7,183.6,289.4
SMR,C3,2024-08-07,149.7,184.7,285.8
SMR,C3,2024-08-13,150.3,108.2,252.3
SMR,C3,2024-08-19,186.8,90.6,329.1
SMR,C3,2024-11-15,-19.8,53.7,-17.8
SMR,C3,2024-11-21,-37.9,14.9,-22.1
SMR,C3,2024-11-27,-43.2,25.6,-34.6
SMR,C3,2024-12-04,-35.7,56.2,-36.5
SMR,C3,2024-12-10,-25.1,68.0,-27.4
SMR,C3,2024-12-16,-13.1,76.1,-34.8
SMR,C3,2024-12-20,-24.3,78.1,-1.5
SMR,C3,2024-12-27,-27.5,81.8,-1.4
SMR,C3,2025-01-03,-23.0,106.1,-8.9
SMR,C3,2025-02-05,-28.9,51.9,-40.4
SMR,C3,2025-02-11,-7.2,26.3,-49.0
SMR,C3,2025-09-30,-54.7,-72.6,
SMR,C3,2025-10-06,-53.1,-75.6,
SMR,C3,2025-10-10,-49.5,-67.4,
SMR,C3,2025-10-16,-58.5,-74.9,
SMR,C3,2025-10-22,-44.7,-64.1,
SMR,C3,2025-10-28,-60.9,-67.9,
BWXT,L2,2024-12-16,-12.0,26.2,57.0
BWXT,C2,2017-08-14,12.6,20.5,19.3
BWXT,C2,2017-09-11,14.2,19.3,18.2
BWXT,C2,2017-10-09,6.4,13.0,-1.9
BWXT,C2,2017-11-06,0.8,12.3,-21.1
BWXT,C2,2017-12-04,6.1,9.2,-31.7
BWXT,C2,2018-01-01,5.4,2.9,-34.8
BWXT,C2,2018-01-29,4.6,5.2,-25.8
BWXT,C2,2018-02-26,6.3,-3.1,-17.9
BWXT,C2,2018-03-26,-1.7,-1.1,-21.0
BWXT,C2,2018-04-23,-4.0,-15.4,-24.6
BWXT,C2,2018-05-21,-6.6,-36.4,-28.6
BWXT,C2,2018-06-18,0.9,-40.0,-17.2
BWXT,C2,2018-07-16,-8.6,-31.4,-17.2
BWXT,C2,2018-08-13,-28.8,-18.0,-9.8
BWXT,C2,2019-10-28,9.2,-10.9,-4.5
BWXT,C2,2019-11-25,-8.8,4.8,-2.9
BWXT,C2,2019-12-23,-24.6,-11.4,-2.8
BWXT,C2,2020-01-20,-21.2,-17.7,-10.5
BWXT,C2,2020-02-17,-18.1,-18.4,-15.3
BWXT,C2,2020-03-16,36.7,39.4,53.7
BWXT,C2,2020-04-13,1.0,11.5,31.8
BWXT,C2,2021-02-08,10.3,-5.9,-24.3
BWXT,C2,2021-03-08,1.9,-9.8,-15.3
BWXT,C2,2021-04-05,-13.0,-13.7,-17.1
BWXT,C2,2021-05-03,-18.0,-16.0,-22.6
BWXT,C2,2021-05-31,-9.8,-25.2,-18.6
BWXT,C2,2021-06-28,-5.6,-17.5,-2.0
BWXT,C2,2021-07-26,-0.8,-23.4,0.3
BWXT,C2,2022-10-03,11.7,20.2,44.0
BWXT,C2,2022-10-31,6.9,16.1,36.4
BWXT,C2,2022-11-28,1.5,1.9,28.4
BWXT,C2,2022-12-26,8.9,24.1,33.9
BWXT,C2,2023-01-23,6.0,13.1,35.7
BWXT,C2,2023-02-20,1.9,20.5,49.4
BWXT,C2,2023-03-20,10.7,21.7,69.4
BWXT,C2,2023-04-17,10.6,20.5,45.0
BWXT,C2,2023-05-15,8.4,17.3,35.1
BWXT,C2,2023-06-12,7.6,10.5,29.7
BWXT,C2,2023-07-10,12.3,16.4,44.0
BWXT,C2,2023-08-07,4.6,16.7,34.7
BWXT,C2,2023-09-04,10.2,43.9,34.2
BWXT,C2,2023-10-02,1.6,36.3,60.5
BWXT,C2,2023-10-30,9.6,28.5,62.7
BWXT,C2,2023-11-27,29.9,17.4,67.5
BWXT,C2,2023-12-25,34.0,24.4,48.0
BWXT,C2,2024-01-22,17.4,21.6,57.3
BWXT,C2,2024-02-19,-0.4,14.5,13.9
BWXT,C2,2024-03-18,-9.1,0.8,-2.1
BWXT,C2,2024-04-15,11.6,38.5,14.3
BWXT,C2,2024-05-13,11.4,43.2,24.9
BWXT,C2,2024-06-10,10.3,35.8,55.8
BWXT,C2,2024-07-08,19.6,17.0,40.5
BWXT,C2,2024-08-05,27.6,17.5,84.8
BWXT,C2,2024-12-30,-21.2,26.5,61.5
BWXT,C2,2025-01-27,-0.0,33.0,83.3
BWXT,C2,2025-12-29,18.4,5.4,
BWXT,C2,2026-01-26,5.4,,
BWXT,C2,2026-02-23,-4.6,,
BWXT,C2,2026-03-23,-2.2,,
BWXT,C2,2026-04-20,,,
BWXT,C2,2026-05-18,,,
BWXT,C2,2026-06-15,,,
BWXT,C2,2026-07-13,,,
BWXT,L3,2017-08-28,14.2,19.7,16.6
BWXT,L3,2017-12-11,4.4,3.8,-39.0
BWXT,L3,2018-02-05,9.9,3.4,-14.2
BWXT,L3,2018-03-07,5.8,-3.6,-21.4
BWXT,L3,2018-05-10,-6.8,-36.9,-28.3
BWXT,L3,2019-12-31,-18.2,-13.0,-1.5
BWXT,L3,2021-01-22,16.6,0.0,-22.6
BWXT,L3,2021-03-25,-8.9,-14.8,-15.6
BWXT,L3,2021-05-11,-14.3,-17.7,-22.8
BWXT,L3,2022-11-09,3.3,15.5,36.9
BWXT,L3,2023-02-16,10.3,21.8,71.8
BWXT,L3,2023-04-25,8.9,16.3,39.1
BWXT,L3,2023-07-03,2.6,8.3,47.3
BWXT,L3,2023-09-26,3.5,36.4,59.1
BWXT,L3,2023-10-24,9.9,27.8,56.9
BWXT,L3,2023-12-01,33.9,13.5,54.8
BWXT,L3,2024-03-21,-7.1,6.0,-11.4
BWXT,L3,2024-06-10,10.8,36.3,59.6
BWXT,L3,2025-01-30,-2.6,56.5,72.2
BWXT,L3,2026-01-26,1.1,,
BWXT,L3,2026-04-01,-12.4,,
BWXT,C3,2017-08-29,16.3,19.1,14.9
BWXT,C3,2017-09-05,12.9,18.8,17.1
BWXT,C3,2017-09-11,11.5,16.4,15.8
BWXT,C3,2017-09-15,14.4,22.7,16.8
BWXT,C3,2017-09-21,11.3,16.6,16.3
BWXT,C3,2017-09-27,7.6,16.3,8.0
BWXT,C3,2017-10-03,7.9,16.0,3.5
BWXT,C3,2017-10-09,5.1,17.4,0.5
BWXT,C3,2017-10-13,7.2,20.1,-2.9
BWXT,C3,2017-10-19,7.5,15.9,-0.3
BWXT,C3,2017-10-25,5.8,9.9,1.1
BWXT,C3,2017-10-31,1.5,11.6,-25.5
BWXT,C3,2017-11-06,-0.0,11.5,-25.8
BWXT,C3,2017-12-13,6.5,3.9,-37.8
BWXT,C3,2017-12-19,10.6,1.3,-36.9
BWXT,C3,2017-12-26,4.2,5.1,-31.7
BWXT,C3,2018-02-09,11.6,4.4,-12.2
BWXT,C3,2018-03-12,3.1,-2.7,-24.0
BWXT,C3,2018-03-16,-0.6,-0.5,-21.0
BWXT,C3,2018-03-22,-5.0,-5.2,-21.8
BWXT,C3,2018-03-28,-3.2,-1.6,-20.4
BWXT,C3,2018-04-04,-1.4,-2.7,-17.4
BWXT,C3,2020-01-02,-19.6,-18.6,-4.2
BWXT,C3,2020-01-08,-23.0,-20.7,-9.1
BWXT,C3,2020-01-14,-19.2,-17.8,-10.6
BWXT,C3,2020-01-21,-20.2,-17.5,-14.7
BWXT,C3,2020-01-27,-17.4,-15.9,-12.9
BWXT,C3,2020-01-31,-14.5,-10.6,-6.6
BWXT,C3,2020-02-06,-10.6,-10.1,-8.9
BWXT,C3,2021-01-27,22.3,1.2,-19.2
BWXT,C3,2021-02-02,17.1,-2.6,-20.0
BWXT,C3,2021-03-26,-10.7,-16.3,-15.4
BWXT,C3,2021-04-01,-12.8,-13.0,-16.9
BWXT,C3,2021-04-08,-14.0,-13.4,-15.7
BWXT,C3,2021-04-14,-14.7,-15.3,-19.4
BWXT,C3,2021-04-20,-14.4,-13.1,-21.7
BWXT,C3,2021-05-13,-12.6,-17.6,-19.4
BWXT,C3,2021-05-19,-9.7,-16.5,-16.1
BWXT,C3,2021-05-25,-6.9,-21.0,-15.4
BWXT,C3,2022-11-15,0.6,9.5,31.1
BWXT,C3,2022-11-21,4.5,2.9,37.3
BWXT,C3,2022-11-28,5.2,7.5,34.4
BWXT,C3,2022-12-02,2.0,7.9,24.7
BWXT,C3,2022-12-08,2.4,16.0,28.4
BWXT,C3,2023-02-23,4.6,25.8,80.2
BWXT,C3,2023-03-01,1.8,17.1,65.0
BWXT,C3,2023-03-07,5.4,20.1,66.3
BWXT,C3,2023-03-13,10.2,25.4,67.2
BWXT,C3,2023-03-17,13.0,22.1,68.9
BWXT,C3,2023-03-23,15.1,24.1,66.9
BWXT,C3,2023-03-29,14.1,17.0,54.6
BWXT,C3,2023-04-04,14.0,23.6,49.9
BWXT,C3,2023-04-26,9.3,18.0,40.6
BWXT,C3,2023-05-02,15.3,19.4,40.5
BWXT,C3,2023-05-08,12.7,18.5,38.0
BWXT,C3,2023-05-12,9.3,16.4,35.7
BWXT,C3,2023-05-18,9.5,18.5,40.0
BWXT,C3,2023-05-24,14.7,19.7,40.7
BWXT,C3,2023-05-31,23.0,33.4,50.0
BWXT,C3,2023-06-06,12.9,25.0,46.0
BWXT,C3,2023-07-10,8.4,12.9,47.9
BWXT,C3,2023-07-14,13.2,15.8,45.0
BWXT,C3,2023-07-20,9.1,16.5,41.7
BWXT,C3,2023-07-26,8.6,17.2,36.3
BWXT,C3,2023-08-01,7.9,20.4,41.9
BWXT,C3,2023-08-07,0.8,12.9,33.2
BWXT,C3,2023-08-11,5.0,20.1,40.9
BWXT,C3,2023-08-17,8.9,26.9,45.9
BWXT,C3,2023-08-23,8.2,38.4,34.9
BWXT,C3,2023-08-29,6.4,44.0,32.7
BWXT,C3,2023-09-05,11.6,40.6,36.4
BWXT,C3,2023-09-29,1.4,33.7,58.2
BWXT,C3,2023-10-05,5.4,30.6,73.7
BWXT,C3,2023-10-30,14.1,19.6,74.7
BWXT,C3,2023-11-03,10.5,17.1,67.6
BWXT,C3,2023-12-04,27.0,9.2,51.0
BWXT,C3,2023-12-08,25.7,15.7,44.3
BWXT,C3,2023-12-14,30.4,22.2,46.9
BWXT,C3,2023-12-20,31.9,25.4,50.4
BWXT,C3,2023-12-27,32.8,24.7,51.0
BWXT,C3,2024-03-27,-7.5,11.7,0.1
BWXT,C3,2024-04-03,-4.9,16.6,4.2
BWXT,C3,2024-06-13,10.1,28.3,63.3
BWXT,C3,2024-06-20,14.5,22.6,56.9
BWXT,C3,2024-06-26,14.0,17.2,44.9
BWXT,C3,2024-07-02,24.6,22.7,52.4
BWXT,C3,2024-07-09,25.8,24.7,53.4
BWXT,C3,2024-07-15,20.3,28.4,53.1
BWXT,C3,2024-07-19,24.6,9.8,52.9
BWXT,C3,2024-07-25,24.9,14.9,83.2
BWXT,C3,2024-07-31,22.7,13.9,77.2
BWXT,C3,2024-08-06,27.2,17.8,77.3
BWXT,C3,2024-08-12,30.9,11.2,73.1
BWXT,C3,2024-08-16,28.5,6.2,64.3
BWXT,C3,2024-08-22,32.2,1.0,64.0
BWXT,C3,2025-02-03,-3.8,59.2,80.4
BWXT,C3,2025-02-07,-6.1,52.4,74.7
BWXT,C3,2026-01-30,0.5,,
BWXT,C3,2026-04-02,-14.2,,
BWXT,C3,2026-04-09,-21.8,,
BWXT,C3,2026-04-15,,,
BWXT,C3,2026-04-21,,,
BWXT,C3,2026-04-27,,,
BWXT,C3,2026-05-01,,,
BWXT,C3,2026-05-07,,,
CCJ,L2,2018-12-10,3.8,-13.7,-23.3
CCJ,L2,2021-02-22,27.5,13.7,46.0
CCJ,L2,2024-03-04,29.5,-10.4,1.7
CCJ,C2,2018-04-30,-0.6,-0.9,-2.6
CCJ,C2,2018-05-28,-0.4,14.2,-3.0
CCJ,C2,2018-06-25,1.3,-0.4,-4.1
CCJ,C2,2018-07-23,-2.0,12.4,-14.4
CCJ,C2,2018-08-20,13.2,19.5,-17.8
CCJ,C2,2019-01-07,-2.9,-8.4,-25.7
CCJ,C2,2019-02-04,-16.2,-30.2,-30.1
CCJ,C2,2019-03-04,-11.9,-22.6,-26.8
CCJ,C2,2019-04-01,-7.1,-19.7,-26.0
CCJ,C2,2019-04-29,-18.5,-15.4,-4.9
CCJ,C2,2020-08-03,-10.1,35.8,67.4
CCJ,C2,2020-08-31,2.5,46.2,99.8
CCJ,C2,2020-09-28,38.3,78.0,128.1
CCJ,C2,2020-10-26,31.4,77.8,157.1
CCJ,C2,2020-11-23,54.6,97.1,137.7
CCJ,C2,2021-03-15,5.9,26.4,54.5
CCJ,C2,2021-04-12,2.6,52.3,91.8
CCJ,C2,2021-05-10,-14.8,40.2,12.2
CCJ,C2,2021-06-07,14.2,2.8,19.6
CCJ,C2,2021-07-05,16.3,29.5,21.8
CCJ,C2,2021-08-02,56.5,15.6,49.8
CCJ,C2,2021-08-30,1.9,9.0,33.8
CCJ,C2,2022-05-30,15.3,-4.6,20.8
CCJ,C2,2022-06-27,21.5,4.3,44.1
CCJ,C2,2022-10-31,22.2,21.3,84.7
CCJ,C2,2023-03-06,20.9,45.6,62.3
CCJ,C2,2024-03-25,13.6,10.8,-3.3
CCJ,C2,2025-12-15,12.8,18.3,
CCJ,C2,2026-01-12,3.6,-26.5,
CCJ,C2,2026-02-09,-4.8,,
CCJ,C2,2026-03-09,-6.4,,
CCJ,C2,2026-04-06,-17.3,,
CCJ,C2,2026-05-04,,,
CCJ,L3,2019-01-30,-9.6,-27.1,-22.8
CCJ,L3,2019-04-01,-8.9,-21.2,-21.6
CCJ,L3,2020-08-10,-6.7,65.0,56.9
CCJ,L3,2020-11-24,68.0,104.1,128.2
CCJ,L3,2021-03-02,21.5,25.0,57.4
CCJ,L3,2021-04-06,1.9,20.1,77.4
CCJ,L3,2021-06-28,6.9,13.6,13.4
CCJ,L3,2023-02-23,1.0,36.4,63.0
CCJ,L3,2026-02-05,9.9,,
CCJ,L3,2026-04-30,,,
CCJ,C3,2018-05-01,-0.4,-0.1,-8.8
CCJ,C3,2018-05-07,-1.8,7.4,-8.7
CCJ,C3,2018-05-11,-6.7,-1.4,-12.4
CCJ,C3,2018-05-17,-10.2,3.3,-11.4
CCJ,C3,2018-05-23,-3.6,8.1,-4.9
CCJ,C3,2018-05-30,-4.4,12.2,-5.5
CCJ,C3,2018-06-05,-13.9,3.6,-7.7
CCJ,C3,2018-06-11,-17.3,2.6,-9.1
CCJ,C3,2018-06-15,-18.1,-7.2,-8.8
CCJ,C3,2018-06-21,-11.3,0.5,-2.1
CCJ,C3,2018-06-27,3.1,2.6,-3.3
CCJ,C3,2018-07-03,9.9,10.2,-8.9
CCJ,C3,2018-07-10,5.2,12.2,-9.1
CCJ,C3,2019-02-04,-19.5,-32.6,-27.2
CCJ,C3,2019-02-08,-18.0,-34.1,-26.3
CCJ,C3,2019-02-14,-15.6,-26.2,-31.3
CCJ,C3,2019-02-21,-17.0,-30.4,-27.5
CCJ,C3,2019-02-27,-15.0,-26.5,-37.0
CCJ,C3,2019-04-03,-6.6,-19.8,-18.1
CCJ,C3,2019-04-09,-6.3,-21.6,-19.9
CCJ,C3,2020-08-13,-7.9,59.5,65.2
CCJ,C3,2020-08-19,-6.9,55.7,75.8
CCJ,C3,2020-08-25,-8.3,57.9,107.8
CCJ,C3,2020-08-31,-11.4,37.0,112.7
CCJ,C3,2020-11-25,72.2,112.3,131.1
CCJ,C3,2020-12-02,54.6,112.3,108.3
CCJ,C3,2021-03-03,23.3,31.6,48.7
CCJ,C3,2021-03-09,37.3,55.3,74.4
CCJ,C3,2021-04-08,2.2,38.8,71.8
CCJ,C3,2021-06-30,15.3,23.6,12.2
CCJ,C3,2023-02-28,10.8,35.8,53.8
CCJ,C3,2026-02-11,-9.8,,
CCJ,C3,2026-02-18,-9.6,,
CCJ,C3,2026-05-01,,,
CCJ,C3,2026-05-07,,,
LEU,L2,2020-10-26,109.2,135.7,483.6
LEU,L2,2021-12-13,-24.1,-43.0,-31.1
LEU,L2,2025-09-22,-16.7,-40.1,
LEU,C2,2019-05-06,-8.2,124.5,95.0
LEU,C2,2019-06-03,5.8,93.9,252.1
LEU,C2,2019-07-01,26.8,93.0,190.4
LEU,C2,2019-07-29,97.3,110.7,393.3
LEU,C2,2020-04-13,89.8,69.8,271.8
LEU,C2,2020-11-23,87.2,75.7,370.8
LEU,C2,2020-12-21,-13.8,-5.4,93.6
LEU,C2,2021-01-18,-5.5,7.9,81.6
LEU,C2,2021-02-15,-9.9,-5.6,62.7
LEU,C2,2021-03-15,-2.5,32.5,32.0
LEU,C2,2021-04-12,1.0,125.8,48.4
LEU,C2,2022-01-03,-40.7,-46.7,-33.3
LEU,C2,2022-01-31,-36.4,-7.9,-3.7
LEU,C2,2022-02-28,-35.1,16.7,5.2
LEU,C2,2022-03-28,-18.5,25.0,-1.8
LEU,C2,2023-04-17,18.9,79.9,44.1
LEU,C2,2023-12-25,-23.7,-21.4,30.0
LEU,C2,2025-02-10,-16.0,60.9,74.7
LEU,C2,2025-03-10,112.4,190.8,174.5
LEU,C2,2025-04-07,220.8,465.3,191.0
LEU,C2,2025-09-29,-20.7,-46.7,
LEU,C2,2025-10-27,-24.3,-43.8,
LEU,C2,2025-11-24,-21.9,-29.6,
LEU,C2,2025-12-22,-28.1,-34.9,
LEU,C2,2026-01-19,-30.6,,
LEU,C2,2026-02-16,-12.0,,
LEU,L3,2019-06-20,11.9,142.6,216.5
LEU,L3,2019-07-29,46.2,106.1,447.1
LEU,L3,2019-08-22,78.3,166.0,261.3
LEU,L3,2021-01-11,5.6,4.4,84.0
LEU,L3,2021-02-22,-16.1,-8.7,64.9
LEU,L3,2021-04-05,2.7,65.4,28.6
LEU,L3,2022-01-12,-34.3,-40.0,-19.8
LEU,L3,2025-10-29,-28.2,-47.2,
LEU,L3,2026-01-28,-38.8,,
LEU,C3,2019-06-21,10.6,140.0,221.3
LEU,C3,2019-06-27,16.6,107.7,216.3
LEU,C3,2019-08-01,88.5,95.9,460.2
LEU,C3,2019-08-07,118.6,109.3,340.2
LEU,C3,2021-01-13,-1.9,12.5,96.2
LEU,C3,2021-01-20,-7.0,3.7,93.7
LEU,C3,2021-02-25,-5.9,23.3,92.3
LEU,C3,2021-04-07,5.1,76.3,34.7
LEU,C3,2021-04-13,-1.1,106.9,25.2
LEU,C3,2021-04-19,14.7,148.6,39.9
LEU,C3,2022-01-14,-21.9,-37.5,-10.8
LEU,C3,2022-01-21,-28.6,-17.4,1.2
LEU,C3,2022-01-27,-23.4,-12.3,7.7
LEU,C3,2022-02-02,-37.7,-0.7,5.9
LEU,C3,2025-02-05,10.9,122.1,147.5
LEU,C3,2025-02-11,-15.5,46.1,84.8
LEU,C3,2025-02-18,-16.4,65.9,76.7
LEU,C3,2025-02-24,42.6,125.2,118.6
LEU,C3,2025-02-28,44.9,126.4,131.1
LEU,C3,2025-03-06,83.2,181.4,157.3
LEU,C3,2025-03-12,118.5,210.0,160.3
LEU,C3,2025-03-18,160.0,313.9,137.5
LEU,C3,2025-11-03,-23.2,-41.0,
LEU,C3,2026-02-02,-13.4,,
UEC,L2,2021-02-22,47.6,12.3,63.7
UEC,L2,2022-06-13,16.5,-5.7,-1.2
UEC,C2,2017-10-02,54.7,8.6,21.1
UEC,C2,2020-08-17,-6.7,138.1,95.2
UEC,C2,2020-09-14,40.3,114.7,151.2
UEC,C2,2020-10-12,71.7,177.8,244.4
UEC,C2,2020-11-09,128.3,197.0,452.5
UEC,C2,2021-03-08,19.0,19.3,84.4
UEC,C2,2021-04-05,-25.6,-6.1,78.0
UEC,C2,2021-05-03,-34.1,37.1,23.7
UEC,C2,2021-05-31,-10.0,0.9,19.0
UEC,C2,2021-06-28,17.1,30.4,28.8
UEC,C2,2022-01-31,53.0,57.8,48.1
UEC,C2,2022-06-20,-8.1,4.5,-4.5
UEC,C2,2022-07-18,31.0,16.1,-0.6
UEC,C2,2024-03-25,-11.0,-5.6,-26.4
UEC,C2,2024-04-22,-17.1,11.9,-23.7
UEC,C2,2025-12-29,3.5,-17.8,
UEC,C2,2026-01-26,-13.3,,
UEC,C2,2026-02-23,-10.2,,
UEC,C2,2026-03-23,-16.4,,
UEC,C2,2026-04-20,,,
UEC,C2,2026-05-18,,,
UEC,L3,2018-08-22,-23.1,-25.4,-42.6
UEC,L3,2020-08-05,-13.3,106.7,90.5
UEC,L3,2020-09-04,38.3,153.3,202.8
UEC,L3,2020-10-12,81.4,153.9,284.3
UEC,L3,2021-03-23,11.1,18.7,78.6
UEC,L3,2021-06-14,24.7,15.2,20.6
UEC,L3,2022-06-15,15.0,2.1,0.9
UEC,L3,2025-12-26,10.0,-18.9,
UEC,L3,2026-05-18,,,
UEC,C3,2017-09-26,23.7,-2.9,10.8
UEC,C3,2017-10-02,40.6,8.7,5.1
UEC,C3,2018-08-27,-18.6,-26.9,-41.9
UEC,C3,2020-08-11,10.3,150.5,127.8
UEC,C3,2020-09-11,56.9,171.6,204.9
UEC,C3,2020-09-17,44.8,120.8,131.2
UEC,C3,2020-09-23,83.3,197.9,217.7
UEC,C3,2020-09-29,69.2,194.2,180.8
UEC,C3,2021-03-26,-17.7,0.0,57.7
UEC,C3,2021-04-01,-25.5,-10.0,79.1
UEC,C3,2021-04-08,-33.2,1.2,72.2
UEC,C3,2021-06-17,1.0,17.2,7.4
UEC,C3,2021-06-23,4.3,29.9,7.8
UEC,C3,2021-06-29,21.5,47.4,29.1
UEC,C3,2021-07-06,20.9,62.3,43.1
UEC,C3,2021-07-12,51.6,48.4,46.2
UEC,C3,2022-01-14,84.0,7.2,23.2
UEC,C3,2022-01-21,61.5,53.8,46.5
UEC,C3,2022-01-27,74.4,71.5,64.5
UEC,C3,2022-02-02,53.5,58.4,50.2
UEC,C3,2022-06-21,1.1,6.3,-3.4
UEC,C3,2022-06-27,2.5,7.5,-12.2
UEC,C3,2022-07-01,21.1,18.1,-4.2
UEC,C3,2025-02-07,-19.0,54.4,129.8
UEC,C3,2026-01-02,6.5,-23.2,
UEC,C3,2026-01-08,-3.0,-36.3,
UEC,C3,2026-01-14,-12.0,,
UEC,C3,2026-01-21,-25.3,,
UEC,C3,2026-01-27,-22.4,,
UEC,C3,2026-02-02,-3.4,,
UEC,C3,2026-02-06,-3.8,,
UEC,C3,2026-02-12,-13.2,,
UEC,C3,2026-02-19,-19.2,,
UEC,C3,2026-02-25,-11.9,,
UEC,C3,2026-03-03,-2.9,,
UEC,C3,2026-05-22,,,
ETN,L2,2018-01-08,-7.5,-6.1,-15.2
ETN,L2,2019-10-14,16.8,-2.4,35.7
ETN,L2,2024-12-30,-27.8,6.5,-3.2
ETN,C2,2017-08-14,7.0,17.1,16.6
ETN,C2,2017-09-11,1.2,6.9,16.1
ETN,C2,2018-01-22,-11.2,-5.2,-16.4
ETN,C2,2018-02-19,-3.1,1.1,-0.0
ETN,C2,2018-03-19,-1.1,14.2,2.9
ETN,C2,2018-04-16,-0.9,-1.3,9.7
ETN,C2,2018-05-14,3.1,-5.5,2.0
ETN,C2,2018-11-05,3.3,12.9,30.0
ETN,C2,2019-07-08,1.1,18.9,9.3
ETN,C2,2019-10-21,14.0,-6.3,31.5
ETN,C2,2019-11-18,15.6,-12.5,32.5
ETN,C2,2019-12-16,-30.6,-4.4,25.9
ETN,C2,2020-01-13,-16.4,-0.2,31.8
ETN,C2,2020-02-10,-28.1,-0.9,22.6
ETN,C2,2020-03-09,0.6,20.8,67.0
ETN,C2,2020-04-06,6.2,33.1,76.0
ETN,C2,2021-01-11,15.2,25.3,41.5
ETN,C2,2021-02-08,20.8,37.3,23.9
ETN,C2,2021-03-08,5.3,15.7,7.0
ETN,C2,2021-04-05,9.9,10.4,5.4
ETN,C2,2021-05-03,11.0,17.3,1.8
ETN,C2,2021-05-31,12.5,13.1,-3.6
ETN,C2,2021-06-28,-0.0,15.2,-14.2
ETN,C2,2021-07-26,4.7,0.0,-4.2
ETN,C2,2021-08-23,-1.1,-9.0,-15.3
ETN,C2,2021-09-20,8.2,-0.2,-12.2
ETN,C2,2021-10-18,-0.7,-9.2,-12.4
ETN,C2,2021-11-15,-11.0,-21.3,-2.1
ETN,C2,2021-12-13,-5.2,-23.1,-4.3
ETN,C2,2022-01-10,-17.7,-23.7,-1.7
ETN,C2,2022-02-07,-5.1,2.9,15.9
ETN,C2,2022-03-07,-6.2,0.3,18.4
ETN,C2,2023-01-09,-1.1,25.0,49.9
ETN,C2,2023-02-06,-0.4,29.6,65.6
ETN,C2,2023-03-06,10.5,39.9,77.5
ETN,C2,2023-04-03,27.7,35.7,115.0
ETN,C2,2023-05-01,26.7,26.6,90.0
ETN,C2,2023-05-29,25.8,24.6,81.0
ETN,C2,2023-06-26,6.5,20.7,58.1
ETN,C2,2023-07-24,-3.5,21.9,48.6
ETN,C2,2023-08-21,2.4,27.6,35.6
ETN,C2,2023-09-18,12.7,49.9,57.6
ETN,C2,2023-10-16,26.6,57.3,81.9
ETN,C2,2023-11-13,21.8,45.9,59.5
ETN,C2,2023-12-11,25.9,35.2,51.8
ETN,C2,2024-01-08,32.0,37.3,42.8
ETN,C2,2024-02-05,19.7,5.9,14.0
ETN,C2,2024-03-04,6.1,-3.6,-3.3
ETN,C2,2024-04-01,-3.7,1.4,-24.5
ETN,C2,2024-04-29,-12.6,4.9,-5.6
ETN,C2,2024-05-27,-7.5,13.5,-2.5
ETN,C2,2024-06-24,5.1,7.4,14.2
ETN,C2,2024-07-22,16.1,24.7,33.5
ETN,C2,2025-01-06,-18.4,6.4,-3.7
ETN,C2,2025-02-03,-0.3,17.1,21.0
ETN,C2,2025-10-06,-11.8,9.8,
ETN,C2,2025-11-03,0.0,8.1,
ETN,C2,2025-12-01,3.0,18.0,
ETN,C2,2026-05-11,,,
ETN,C2,2026-06-08,,,
ETN,C2,2026-07-06,,,
ETN,L3,2018-02-16,-2.7,-0.6,-0.1
ETN,L3,2020-02-03,-15.6,3.4,32.9
ETN,L3,2020-04-17,18.2,37.7,86.7
ETN,L3,2021-03-18,5.0,15.3,17.3
ETN,L3,2021-09-01,0.3,-10.2,-12.4
ETN,L3,2021-11-03,-11.0,-16.1,-1.7
ETN,L3,2023-02-28,3.4,33.1,73.8
ETN,L3,2023-05-03,29.4,26.9,99.9
ETN,L3,2023-12-05,30.1,45.9,55.7
ETN,L3,2024-02-21,22.9,7.8,1.4
ETN,L3,2025-09-29,-13.0,1.1,
ETN,L3,2026-06-29,,,
ETN,C3,2018-02-20,-1.6,1.7,0.6
ETN,C3,2019-07-02,-3.2,18.0,13.9
ETN,C3,2019-07-09,-2.7,20.2,18.7
ETN,C3,2019-07-15,2.7,20.6,19.1
ETN,C3,2019-07-19,5.5,23.3,21.4
ETN,C3,2019-07-25,5.4,20.6,20.7
ETN,C3,2019-07-31,7.8,26.6,27.6
ETN,C3,2019-10-15,17.5,-3.8,34.1
ETN,C3,2019-10-21,16.9,1.2,27.4
ETN,C3,2019-10-25,14.5,-5.8,32.4
ETN,C3,2019-10-31,17.5,-4.8,34.1
ETN,C3,2019-11-06,13.5,-17.1,30.3
ETN,C3,2019-11-12,13.1,-14.8,33.3
ETN,C3,2019-11-18,12.0,-4.0,36.7
ETN,C3,2019-11-22,-0.0,-4.7,34.1
ETN,C3,2019-11-29,1.3,4.4,27.5
ETN,C3,2019-12-05,-8.2,-5.5,28.6
ETN,C3,2019-12-11,-20.4,-5.4,27.9
ETN,C3,2019-12-17,-38.2,-10.0,27.3
ETN,C3,2019-12-23,-21.0,-7.2,29.2
ETN,C3,2019-12-30,-21.8,-7.0,36.9
ETN,C3,2020-01-06,-15.2,-7.4,32.3
ETN,C3,2020-01-10,-19.6,0.5,34.1
ETN,C3,2020-01-16,-18.2,-0.1,27.7
ETN,C3,2020-02-04,-19.8,-0.2,26.8
ETN,C3,2020-02-10,-27.5,-0.3,30.2
ETN,C3,2020-02-14,-25.6,-2.3,28.7
ETN,C3,2020-02-21,-21.2,-0.8,31.2
ETN,C3,2020-02-27,-8.3,12.8,52.9
ETN,C3,2020-03-04,-1.8,4.1,43.6
ETN,C3,2020-04-22,20.7,39.5,90.2
ETN,C3,2020-12-29,22.2,31.3,44.9
ETN,C3,2021-01-05,17.7,29.7,45.2
ETN,C3,2021-01-11,11.5,18.8,29.0
ETN,C3,2021-01-15,15.5,28.6,28.7
ETN,C3,2021-01-22,16.8,28.1,32.3
ETN,C3,2021-01-28,22.7,38.3,30.6
ETN,C3,2021-03-19,7.8,19.7,19.0
ETN,C3,2021-03-25,8.4,14.1,10.1
ETN,C3,2021-03-31,10.1,10.5,4.9
ETN,C3,2021-04-07,10.0,9.8,2.2
ETN,C3,2021-04-13,10.6,16.6,6.5
ETN,C3,2021-04-19,11.1,16.3,7.1
ETN,C3,2021-04-23,9.8,13.1,7.0
ETN,C3,2021-04-29,8.5,19.5,-0.9
ETN,C3,2021-05-05,12.6,20.6,-2.0
ETN,C3,2021-05-11,15.8,19.6,-5.6
ETN,C3,2021-05-17,13.4,18.6,-5.7
ETN,C3,2021-05-21,18.6,20.3,0.2
ETN,C3,2021-05-27,18.3,12.7,2.0
ETN,C3,2021-06-03,14.2,17.6,-9.0
ETN,C3,2021-06-09,10.0,16.9,-12.1
ETN,C3,2021-06-15,8.2,12.6,-8.7
ETN,C3,2021-06-21,9.9,18.5,-9.1
ETN,C3,2021-09-07,4.3,-8.4,-12.5
ETN,C3,2021-09-13,4.6,-0.7,-13.4
ETN,C3,2021-09-17,4.6,-1.8,-13.0
ETN,C3,2021-09-23,8.5,-0.6,-6.6
ETN,C3,2021-11-08,-10.5,-18.7,-2.5
ETN,C3,2021-11-12,-8.6,-21.0,-1.2
ETN,C3,2021-11-18,-13.9,-20.5,-3.7
ETN,C3,2021-11-24,-14.3,-16.7,-6.0
ETN,C3,2021-12-01,-9.7,-9.5,3.6
ETN,C3,2021-12-07,-13.4,-22.6,-7.4
ETN,C3,2023-03-06,7.0,35.6,71.4
ETN,C3,2023-03-10,14.4,29.0,88.9
ETN,C3,2023-03-16,18.8,29.3,93.3
ETN,C3,2023-05-04,31.9,30.9,99.8
ETN,C3,2023-05-10,30.0,36.0,101.6
ETN,C3,2023-05-16,29.5,37.5,102.9
ETN,C3,2023-05-22,27.3,32.4,84.1
ETN,C3,2023-05-26,26.6,27.3,79.5
ETN,C3,2023-06-02,24.7,23.2,73.5
ETN,C3,2023-06-08,21.8,27.1,72.8
ETN,C3,2023-06-14,14.0,24.3,64.9
ETN,C3,2023-06-21,9.6,24.3,65.7
ETN,C3,2023-06-27,9.5,21.8,67.8
ETN,C3,2023-07-03,4.8,20.1,68.1
ETN,C3,2023-07-10,5.4,20.2,60.0
ETN,C3,2023-07-14,4.4,21.2,48.4
ETN,C3,2023-07-20,-7.7,17.5,43.2
ETN,C3,2023-07-26,-2.8,22.2,39.2
ETN,C3,2023-08-01,-1.5,24.8,37.3
ETN,C3,2023-08-07,-2.0,24.4,36.2
ETN,C3,2023-08-11,2.3,27.6,39.2
ETN,C3,2023-08-17,6.7,33.4,42.3
ETN,C3,2023-08-23,3.8,31.1,30.9
ETN,C3,2023-08-29,0.2,30.6,32.0
ETN,C3,2023-09-05,-0.8,30.6,37.6
ETN,C3,2023-09-11,-0.0,26.4,40.4
ETN,C3,2023-09-15,9.4,46.5,53.0
ETN,C3,2023-09-21,13.7,49.5,57.3
ETN,C3,2023-09-27,12.8,50.4,59.9
ETN,C3,2023-12-08,29.7,40.9,47.3
ETN,C3,2023-12-14,30.7,36.3,42.5
ETN,C3,2023-12-20,33.8,34.8,48.2
ETN,C3,2023-12-27,31.1,32.6,43.5
ETN,C3,2024-01-03,40.2,41.9,49.9
ETN,C3,2024-01-09,33.4,30.9,56.3
ETN,C3,2024-02-27,18.6,3.1,4.6
ETN,C3,2024-03-04,10.8,-1.5,-0.4
ETN,C3,2024-03-08,7.6,3.4,3.1
ETN,C3,2024-03-14,8.7,10.2,-7.5
ETN,C3,2024-03-20,4.3,6.7,-14.7
ETN,C3,2024-03-26,0.8,5.6,-8.0
ETN,C3,2024-04-02,1.1,7.0,-10.8
ETN,C3,2024-04-08,1.2,5.4,-17.0
ETN,C3,2024-04-12,-1.9,10.1,-8.5
ETN,C3,2024-04-18,4.5,12.4,-1.7
ETN,C3,2024-04-24,-6.7,9.1,-2.1
ETN,C3,2024-04-30,-11.7,5.0,5.1
ETN,C3,2024-05-06,-11.9,12.7,1.7
ETN,C3,2024-05-10,-9.5,10.1,0.6
ETN,C3,2024-05-16,-10.0,9.8,-2.1
ETN,C3,2024-05-22,-11.4,12.9,-0.1
ETN,C3,2024-05-29,-7.5,13.0,0.6
ETN,C3,2024-06-04,-9.6,15.9,7.3
ETN,C3,2024-06-10,-5.8,10.9,7.4
ETN,C3,2025-01-06,-22.0,4.9,-1.8
ETN,C3,2025-10-03,-13.4,8.6,
ETN,C3,2025-10-09,-11.6,8.3,
ETN,C3,2025-10-15,-11.3,11.9,
ETN,C3,2025-10-21,-10.8,10.6,
ETN,C3,2025-10-27,-7.2,8.8,
ETN,C3,2026-04-16,,,
ETN,C3,2026-04-22,,,
ETN,C3,2026-04-28,,,
ETN,C3,2026-05-04,,,
ETN,C3,2026-05-08,,,
ETN,C3,2026-05-14,,,
ETN,C3,2026-05-20,,,
ETN,C3,2026-06-30,,,
ETN,C3,2026-07-07,,,
HUBB,L2,2019-09-16,14.0,-25.4,8.8
HUBB,L2,2021-07-19,-1.3,0.6,1.2
HUBB,L2,2023-08-21,-6.8,13.9,21.0
HUBB,L2,2026-04-13,-8.5,,
HUBB,C2,2017-09-04,17.5,14.2,18.3
HUBB,C2,2018-09-24,-25.7,-10.3,1.8
HUBB,C2,2019-06-10,13.1,20.9,4.4
HUBB,C2,2019-10-07,9.9,-4.6,11.9
HUBB,C2,2019-11-04,0.6,-14.7,8.3
HUBB,C2,2019-12-02,-7.9,-5.0,12.8
HUBB,C2,2019-12-30,-26.9,-15.4,8.4
HUBB,C2,2020-01-27,-14.2,-4.4,11.5
HUBB,C2,2020-02-24,-7.4,11.1,36.6
HUBB,C2,2020-03-23,11.9,26.8,81.3
HUBB,C2,2020-10-26,7.6,33.5,40.0
HUBB,C2,2020-11-23,10.0,18.8,27.6
HUBB,C2,2020-12-21,18.2,16.7,29.7
HUBB,C2,2021-01-18,15.5,18.7,19.4
HUBB,C2,2021-02-15,11.1,20.0,7.4
HUBB,C2,2021-08-02,3.2,-5.8,8.9
HUBB,C2,2021-08-30,0.5,-9.6,4.3
HUBB,C2,2021-09-27,16.3,4.2,26.6
HUBB,C2,2021-10-25,-7.8,-0.9,21.5
HUBB,C2,2021-11-22,-10.4,-4.0,29.6
HUBB,C2,2021-12-20,-8.3,-9.3,17.8
HUBB,C2,2022-01-17,-0.9,0.7,17.9
HUBB,C2,2022-02-14,4.3,26.4,43.5
HUBB,C2,2022-08-08,13.2,10.2,40.5
HUBB,C2,2022-09-05,12.1,7.8,48.6
HUBB,C2,2022-10-03,0.4,-2.5,37.2
HUBB,C2,2022-10-31,1.9,15.4,20.4
HUBB,C2,2022-11-28,1.7,18.8,23.4
HUBB,C2,2022-12-26,4.1,42.5,42.4
HUBB,C2,2023-01-23,17.1,35.3,44.7
HUBB,C2,2023-02-20,15.3,28.7,46.6
HUBB,C2,2023-03-20,38.2,33.8,84.2
HUBB,C2,2023-09-04,-5.5,20.9,14.8
HUBB,C2,2023-10-02,3.3,35.9,40.9
HUBB,C2,2023-10-30,26.1,35.8,53.1
HUBB,C2,2023-11-27,27.2,29.0,53.5
HUBB,C2,2025-01-06,-15.6,0.5,13.5
HUBB,C2,2025-02-03,-10.7,5.1,27.3
HUBB,C2,2025-12-15,7.8,19.0,
HUBB,C2,2026-05-11,,,
HUBB,C2,2026-06-08,,,
HUBB,L3,2017-09-15,15.8,5.3,20.4
HUBB,L3,2019-09-20,14.1,-17.4,6.6
HUBB,L3,2020-01-09,-14.5,-8.3,16.8
HUBB,L3,2020-11-05,6.3,28.1,39.4
HUBB,L3,2021-01-20,15.4,19.0,14.8
HUBB,L3,2021-07-28,1.4,-2.8,11.3
HUBB,L3,2021-10-20,2.0,3.7,27.8
HUBB,L3,2022-01-11,-7.1,-2.8,16.2
HUBB,L3,2022-09-09,14.4,5.8,38.7
HUBB,L3,2022-11-10,-0.9,11.1,20.1
HUBB,L3,2023-03-22,35.7,34.8,77.2
HUBB,L3,2023-08-25,-8.5,21.2,18.9
HUBB,L3,2026-04-30,,,
HUBB,L3,2026-06-17,,,
HUBB,C3,2017-08-29,14.0,14.6,21.8
HUBB,C3,2017-09-18,16.7,6.4,20.2
HUBB,C3,2018-09-20,-31.2,-11.9,-3.1
HUBB,C3,2018-09-26,-25.0,-6.5,-0.0
HUBB,C3,2018-10-02,-23.1,-5.1,4.8
HUBB,C3,2018-10-08,-16.5,-0.1,9.8
HUBB,C3,2018-10-12,-11.6,4.8,17.5
HUBB,C3,2018-10-18,-14.1,2.1,19.0
HUBB,C3,2019-09-24,12.4,-12.3,8.6
HUBB,C3,2019-09-30,13.7,-10.7,12.6
HUBB,C3,2019-10-04,14.0,-7.7,13.3
HUBB,C3,2019-10-10,10.8,-7.2,15.0
HUBB,C3,2019-10-16,13.7,-8.5,16.0
HUBB,C3,2019-10-22,6.9,-6.3,12.4
HUBB,C3,2019-10-28,2.8,-12.2,12.4
HUBB,C3,2019-11-01,3.1,-14.4,9.0
HUBB,C3,2019-11-07,4.2,-20.1,10.7
HUBB,C3,2019-11-13,1.0,-18.5,15.2
HUBB,C3,2019-11-19,-7.3,-14.4,12.6
HUBB,C3,2019-11-25,-4.1,-9.6,10.9
HUBB,C3,2019-12-02,-7.7,-6.3,12.2
HUBB,C3,2019-12-06,-26.8,-13.5,11.0
HUBB,C3,2020-01-14,-16.2,-7.9,15.8
HUBB,C3,2020-11-09,4.8,20.6,35.3
HUBB,C3,2020-11-13,10.3,22.9,33.9
HUBB,C3,2020-11-19,13.8,22.9,31.8
HUBB,C3,2020-11-25,11.6,19.9,32.0
HUBB,C3,2021-01-21,15.7,19.6,16.3
HUBB,C3,2021-01-27,19.8,26.2,17.5
HUBB,C3,2021-02-02,26.8,26.2,18.1
HUBB,C3,2021-02-08,15.6,27.4,12.4
HUBB,C3,2021-08-03,0.8,-6.9,12.2
HUBB,C3,2021-08-09,5.9,-6.4,15.7
HUBB,C3,2021-08-13,1.1,-11.7,8.9
HUBB,C3,2021-08-19,6.4,-10.4,6.8
HUBB,C3,2021-08-25,-1.7,-11.5,5.8
HUBB,C3,2021-08-31,-1.3,-12.1,9.1
HUBB,C3,2021-09-07,6.1,-8.7,17.1
HUBB,C3,2021-09-13,8.2,0.0,17.3
HUBB,C3,2021-09-17,9.5,-0.8,21.4
HUBB,C3,2021-09-23,13.2,4.2,31.2
HUBB,C3,2021-10-22,-2.5,2.9,25.4
HUBB,C3,2021-10-28,-4.1,0.7,23.9
HUBB,C3,2021-11-03,-7.7,-5.2,26.3
HUBB,C3,2021-11-09,-11.7,-5.4,24.3
HUBB,C3,2021-11-15,-12.7,-9.0,22.4
HUBB,C3,2021-11-19,-15.7,-6.9,22.1
HUBB,C3,2021-11-26,-10.0,-3.5,26.4
HUBB,C3,2021-12-02,-10.9,-0.7,25.5
HUBB,C3,2021-12-08,-13.9,-12.1,15.3
HUBB,C3,2021-12-14,-7.6,-15.0,17.3
HUBB,C3,2021-12-20,-9.4,-9.4,18.5
HUBB,C3,2022-01-18,-1.9,3.7,17.5
HUBB,C3,2022-09-15,6.2,6.2,46.8
HUBB,C3,2022-09-21,3.8,6.6,37.4
HUBB,C3,2022-09-27,8.9,7.2,44.1
HUBB,C3,2022-10-03,-0.7,-0.2,36.1
HUBB,C3,2022-10-07,3.8,2.0,24.2
HUBB,C3,2022-10-13,1.1,2.7,26.5
HUBB,C3,2022-10-19,5.9,23.7,30.3
HUBB,C3,2022-10-25,-2.7,16.2,19.3
HUBB,C3,2022-11-14,1.5,11.6,20.2
HUBB,C3,2022-11-18,0.4,15.4,22.1
HUBB,C3,2022-11-25,-2.6,15.3,21.7
HUBB,C3,2022-12-01,-0.1,22.6,31.6
HUBB,C3,2022-12-07,0.1,31.2,32.2
HUBB,C3,2022-12-13,-5.2,26.7,30.3
HUBB,C3,2022-12-19,-2.3,37.0,36.0
HUBB,C3,2023-03-23,40.1,38.2,82.7
HUBB,C3,2023-03-29,37.6,28.9,71.8
HUBB,C3,2023-08-30,-6.7,21.2,23.8
HUBB,C3,2023-09-06,-3.0,27.0,31.1
HUBB,C3,2026-05-01,,,
HUBB,C3,2026-05-07,,,
HUBB,C3,2026-05-13,,,
HUBB,C3,2026-05-19,,,
HUBB,C3,2026-05-26,,,
HUBB,C3,2026-06-22,,,
NVT,L2,2024-12-02,-28.2,-11.0,41.7
NVT,C2,2021-10-11,16.1,9.0,2.9
NVT,C2,2021-11-08,-8.4,-5.9,7.5
NVT,C2,2021-12-06,-8.4,-6.9,5.4
NVT,C2,2022-01-03,-8.0,-15.3,5.8
NVT,C2,2022-01-31,0.3,1.6,19.1
NVT,C2,2022-02-28,7.0,-1.9,40.2
NVT,C2,2022-03-28,-9.9,-9.1,24.6
NVT,C2,2022-04-25,5.1,9.5,26.5
NVT,C2,2022-11-14,18.1,8.3,37.1
NVT,C2,2022-12-12,11.6,29.7,61.2
NVT,C2,2023-01-09,8.2,34.8,43.8
NVT,C2,2023-02-06,-7.1,21.4,45.8
NVT,C2,2023-03-06,9.2,32.9,59.4
NVT,C2,2023-04-03,21.8,28.6,90.0
NVT,C2,2023-05-01,30.7,20.4,84.2
NVT,C2,2023-05-29,24.7,18.2,78.7
NVT,C2,2023-06-26,2.9,15.1,50.2
NVT,C2,2023-07-24,-13.5,11.4,34.2
NVT,C2,2023-08-21,2.1,25.3,28.4
NVT,C2,2023-09-18,10.7,38.6,33.3
NVT,C2,2023-10-16,22.9,51.7,60.7
NVT,C2,2023-11-13,20.0,51.4,38.5
NVT,C2,2023-12-11,19.3,34.3,29.0
NVT,C2,2024-01-08,32.3,39.9,23.8
NVT,C2,2024-02-05,27.9,-0.0,7.1
NVT,C2,2024-03-04,12.5,-9.7,-18.9
NVT,C2,2024-04-01,-2.6,-10.4,-41.5
NVT,C2,2024-04-29,-14.9,-9.6,-20.5
NVT,C2,2024-05-27,-16.3,-3.3,-18.2
NVT,C2,2024-06-24,-7.2,-9.4,-3.1
NVT,C2,2024-07-22,4.2,6.6,12.6
NVT,C2,2024-08-19,16.4,-6.7,35.1
NVT,C2,2024-12-16,-17.6,1.7,47.6
NVT,C2,2026-02-02,51.1,,
NVT,C2,2026-03-02,53.8,,
NVT,C2,2026-03-30,29.2,,
NVT,C2,2026-04-27,,,
NVT,C2,2026-05-25,,,
NVT,C2,2026-06-22,,,
NVT,L3,2021-11-17,-11.4,-8.4,8.1
NVT,L3,2022-01-18,-1.4,-9.3,9.9
NVT,L3,2022-03-28,-9.9,-5.8,23.1
NVT,L3,2022-05-09,5.4,15.9,28.8
NVT,L3,2022-11-18,17.0,14.8,40.7
NVT,L3,2023-02-27,-4.5,26.7,51.9
NVT,L3,2023-06-21,12.1,24.0,63.6
NVT,L3,2023-12-22,28.2,28.9,20.6
NVT,L3,2024-06-04,-19.4,-1.5,-7.0
NVT,L3,2026-04-07,35.3,,
NVT,C3,2021-11-18,-13.2,-6.3,8.6
NVT,C3,2021-11-24,-9.5,-2.2,7.1
NVT,C3,2021-12-01,-6.2,5.6,14.3
NVT,C3,2022-01-19,-2.0,-4.4,13.1
NVT,C3,2022-01-25,1.1,2.6,29.4
NVT,C3,2022-01-31,2.5,1.8,33.8
NVT,C3,2022-03-29,-12.0,-5.1,21.6
NVT,C3,2022-04-04,-9.3,-6.9,25.6
NVT,C3,2022-04-08,-12.0,-4.7,30.6
NVT,C3,2022-05-11,10.3,19.1,25.7
NVT,C3,2022-05-17,2.7,11.6,25.2
NVT,C3,2022-11-23,15.7,16.1,37.9
NVT,C3,2022-11-30,15.7,20.1,43.7
NVT,C3,2022-12-06,9.3,24.1,52.9
NVT,C3,2022-12-12,4.2,21.7,51.0
NVT,C3,2022-12-16,11.3,38.2,59.3
NVT,C3,2023-03-02,-1.4,24.9,54.5
NVT,C3,2023-03-08,3.3,22.4,60.1
NVT,C3,2023-03-14,9.7,26.3,71.8
NVT,C3,2023-03-20,14.6,30.0,81.9
NVT,C3,2023-03-24,24.6,30.4,93.5
NVT,C3,2023-03-30,19.9,22.7,78.2
NVT,C3,2023-06-27,6.4,15.3,56.1
NVT,C3,2023-07-03,1.6,12.5,60.0
NVT,C3,2023-07-10,2.8,9.3,51.8
NVT,C3,2023-07-14,-2.6,10.4,34.9
NVT,C3,2023-07-20,-11.6,9.3,30.6
NVT,C3,2023-07-26,-10.0,15.8,17.7
NVT,C3,2023-08-01,-9.4,13.9,17.5
NVT,C3,2023-08-07,-9.4,16.1,20.6
NVT,C3,2023-08-11,-3.9,19.2,27.1
NVT,C3,2023-08-17,3.6,29.4,30.9
NVT,C3,2023-08-23,2.6,28.1,18.8
NVT,C3,2023-12-28,29.6,30.2,17.5
NVT,C3,2024-01-04,33.7,39.9,30.3
NVT,C3,2024-01-10,31.8,32.4,34.3
NVT,C3,2024-01-17,28.9,28.9,20.1
NVT,C3,2024-01-23,28.8,20.7,10.9
NVT,C3,2024-01-29,19.3,5.3,13.6
NVT,C3,2024-02-02,22.7,1.0,9.7
NVT,C3,2024-02-08,25.7,4.6,-4.9
NVT,C3,2024-02-14,26.6,4.6,-3.8
NVT,C3,2024-02-21,30.7,5.5,-11.2
NVT,C3,2024-02-27,25.2,-3.9,-15.2
NVT,C3,2024-03-04,14.6,-10.2,-19.2
NVT,C3,2024-03-08,14.6,-3.5,-13.7
NVT,C3,2024-03-14,11.9,0.8,-23.9
NVT,C3,2024-03-20,8.2,-3.8,-32.9
NVT,C3,2024-03-26,2.5,-7.7,-30.0
NVT,C3,2024-04-02,1.2,-4.1,-32.1
NVT,C3,2024-04-08,1.1,-6.2,-35.0
NVT,C3,2024-04-12,0.9,3.1,-25.4
NVT,C3,2024-04-18,9.0,2.9,-15.5
NVT,C3,2024-04-24,-4.0,2.0,-16.4
NVT,C3,2024-04-30,-10.4,-4.1,-4.1
NVT,C3,2024-06-10,-17.3,-3.6,-6.9
NVT,C3,2024-12-06,-26.1,-8.6,35.2
NVT,C3,2024-12-12,-24.6,-3.7,38.1
NVT,C3,2024-12-18,-19.2,6.4,55.6
NVT,C3,2024-12-24,-23.6,7.4,52.6
NVT,C3,2024-12-31,-32.0,10.6,60.2
NVT,C3,2026-01-20,30.1,,
NVT,C3,2026-01-26,24.4,,
NVT,C3,2026-01-30,51.1,,
NVT,C3,2026-02-05,52.5,,
NVT,C3,2026-02-11,50.1,,
NVT,C3,2026-02-18,41.6,,
NVT,C3,2026-02-24,39.7,,
NVT,C3,2026-03-02,46.9,,
NVT,C3,2026-03-06,54.7,,
NVT,C3,2026-03-12,56.9,,
NVT,C3,2026-04-10,22.3,,
NVT,C3,2026-04-16,,,
NVT,C3,2026-04-22,,,
NVT,C3,2026-04-28,,,
NVT,C3,2026-05-04,,,
NVT,C3,2026-05-08,,,
NVT,C3,2026-05-14,,,
NVT,C3,2026-05-20,,,
NVT,C3,2026-05-27,,,
NVT,C3,2026-06-02,,,
NVT,C3,2026-06-08,,,
NVT,C3,2026-06-12,,,
NVT,C3,2026-06-18,,,
NVT,C3,2026-06-25,,,
NVT,C3,2026-07-01,,,
NVT,C3,2026-07-08,,,
ATKR,C2,2018-06-18,21.4,-12.1,17.3
ATKR,C2,2018-07-16,0.1,-2.2,13.6
ATKR,C2,2018-08-13,-28.2,-11.1,4.9
ATKR,C2,2018-09-10,-23.2,-16.6,19.8
ATKR,C2,2018-10-08,-6.0,-2.6,31.6
ATKR,C2,2018-11-05,13.8,29.1,89.3
ATKR,C2,2018-12-03,13.6,29.3,122.3
ATKR,C2,2019-07-08,22.5,60.6,0.6
ATKR,C2,2019-08-05,28.0,40.0,4.5
ATKR,C2,2019-09-02,45.1,28.8,-8.5
ATKR,C2,2019-09-30,32.0,-41.3,-23.6
ATKR,C2,2019-10-28,9.9,-35.2,-42.8
ATKR,C2,2019-11-25,-11.5,-35.7,-4.4
ATKR,C2,2019-12-23,-48.8,-39.9,0.8
ATKR,C2,2020-01-20,-46.8,-33.8,18.2
ATKR,C2,2020-02-17,-40.0,-29.5,53.7
ATKR,C2,2020-03-16,41.7,30.4,282.4
ATKR,C2,2020-04-13,23.9,7.1,227.9
ATKR,C2,2021-01-04,56.7,52.1,130.1
ATKR,C2,2021-02-01,52.2,47.0,72.3
ATKR,C2,2021-03-01,12.6,31.0,46.2
ATKR,C2,2021-03-29,-5.3,20.9,33.2
ATKR,C2,2021-04-26,-4.0,20.8,22.8
ATKR,C2,2021-05-24,18.1,37.1,39.5
ATKR,C2,2021-06-21,35.0,47.7,15.5
ATKR,C2,2021-07-19,25.5,35.8,23.5
ATKR,C2,2021-08-16,29.1,21.6,4.8
ATKR,C2,2021-09-13,19.5,26.4,-9.0
ATKR,C2,2021-10-11,17.4,4.4,-5.3
ATKR,C2,2021-11-08,5.7,4.1,-2.5
ATKR,C2,2021-12-06,-10.0,-6.6,11.6
ATKR,C2,2022-01-03,-15.2,-14.7,12.9
ATKR,C2,2022-01-31,14.4,-11.9,43.3
ATKR,C2,2022-02-28,15.4,-17.1,51.1
ATKR,C2,2022-03-28,-12.7,-20.9,42.8
ATKR,C2,2023-07-10,-10.1,-1.2,-5.9
ATKR,C2,2023-08-07,-10.8,-0.0,-35.8
ATKR,C2,2023-09-04,-10.3,12.0,-44.0
ATKR,C2,2023-10-02,5.6,27.7,-41.8
ATKR,C2,2023-10-30,12.6,33.8,-34.1
ATKR,C2,2023-11-27,30.0,14.9,-28.6
ATKR,C2,2024-04-15,-17.3,-47.6,-65.5
ATKR,C2,2024-05-13,-36.9,-41.1,-53.8
ATKR,C2,2024-06-10,-36.7,-37.6,-50.6
ATKR,C2,2024-07-08,-38.9,-42.4,-46.8
ATKR,C2,2026-03-23,32.2,,
ATKR,L3,2018-07-10,13.3,-1.1,18.4
ATKR,L3,2018-10-08,-11.9,-6.0,32.6
ATKR,L3,2019-07-17,28.6,65.6,4.1
ATKR,L3,2019-11-14,15.0,-31.9,11.0
ATKR,L3,2020-02-07,-43.3,-24.1,55.5
ATKR,L3,2020-04-17,23.3,2.7,252.4
ATKR,L3,2021-01-06,53.6,45.7,113.3
ATKR,L3,2021-05-27,18.8,38.4,52.6
ATKR,L3,2021-08-27,16.8,11.0,-3.0
ATKR,L3,2021-10-13,19.4,16.0,9.3
ATKR,L3,2022-01-12,-13.7,-15.3,15.5
ATKR,L3,2022-03-03,17.3,-19.2,27.8
ATKR,C3,2018-07-11,8.3,-1.9,19.5
ATKR,C3,2018-07-17,5.8,-3.6,22.6
ATKR,C3,2018-07-23,-4.3,-3.6,14.0
ATKR,C3,2018-07-27,-19.2,-0.7,24.5
ATKR,C3,2018-08-02,-9.7,0.6,25.6
ATKR,C3,2018-08-08,-22.7,-12.5,9.5
ATKR,C3,2018-08-14,-24.6,-7.6,6.3
ATKR,C3,2018-08-20,-36.7,-15.7,2.5
ATKR,C3,2018-08-24,-36.5,-21.1,4.7
ATKR,C3,2018-08-30,-25.3,-21.1,15.9
ATKR,C3,2018-09-06,-29.6,-18.3,12.7
ATKR,C3,2018-09-12,-22.5,-16.5,17.1
ATKR,C3,2018-09-18,-25.6,-18.9,15.0
ATKR,C3,2018-10-10,-12.7,-3.8,35.4
ATKR,C3,2018-10-16,-10.0,-0.5,43.9
ATKR,C3,2018-10-22,-4.1,8.3,64.6
ATKR,C3,2018-10-26,18.7,31.8,93.6
ATKR,C3,2018-11-01,17.3,22.2,80.7
ATKR,C3,2019-07-22,29.7,56.7,3.8
ATKR,C3,2019-07-26,28.0,46.5,7.6
ATKR,C3,2019-08-01,35.9,55.7,20.6
ATKR,C3,2019-08-07,32.8,51.3,8.2
ATKR,C3,2019-08-13,22.1,43.1,-0.4
ATKR,C3,2019-08-19,29.7,34.6,-3.1
ATKR,C3,2019-08-23,49.0,38.8,-4.1
ATKR,C3,2019-08-29,43.2,29.4,-11.9
ATKR,C3,2019-11-18,9.1,-23.5,4.6
ATKR,C3,2019-11-22,-9.4,-32.3,0.1
ATKR,C3,2019-11-29,-11.0,-20.8,5.7
ATKR,C3,2019-12-05,-15.5,-35.7,6.0
ATKR,C3,2019-12-11,-51.6,-35.1,-3.3
ATKR,C3,2019-12-17,-54.2,-35.8,-1.1
ATKR,C3,2019-12-23,-48.7,-32.7,8.5
ATKR,C3,2020-02-13,-41.7,-30.3,55.7
ATKR,C3,2020-02-20,-40.8,-30.5,64.4
ATKR,C3,2021-01-11,57.9,45.5,111.7
ATKR,C3,2021-01-15,50.5,47.4,92.6
ATKR,C3,2021-01-22,61.7,53.9,117.4
ATKR,C3,2021-01-28,80.9,81.3,135.4
ATKR,C3,2021-02-03,65.1,68.9,91.2
ATKR,C3,2021-02-09,33.0,51.2,70.3
ATKR,C3,2021-02-16,20.0,36.6,67.4
ATKR,C3,2021-02-22,10.8,29.2,54.7
ATKR,C3,2021-02-26,17.8,34.3,48.3
ATKR,C3,2021-03-04,14.5,27.4,49.0
ATKR,C3,2021-03-10,0.1,17.6,45.6
ATKR,C3,2021-03-16,-2.5,18.7,43.4
ATKR,C3,2021-03-22,0.0,35.9,37.7
ATKR,C3,2021-03-26,-2.1,20.4,25.2
ATKR,C3,2021-04-01,-7.9,18.0,22.6
ATKR,C3,2021-04-08,-0.8,24.8,37.7
ATKR,C3,2021-06-02,19.3,40.2,23.9
ATKR,C3,2021-08-30,16.5,0.9,-4.6
ATKR,C3,2021-09-03,24.2,9.4,-12.4
ATKR,C3,2021-10-19,7.8,1.7,5.3
ATKR,C3,2021-10-25,0.4,3.1,-0.1
ATKR,C3,2021-10-29,11.2,22.0,6.7
ATKR,C3,2021-11-04,8.9,4.1,4.7
ATKR,C3,2021-11-10,2.0,2.8,20.3
ATKR,C3,2021-11-16,-0.7,-7.7,11.8
ATKR,C3,2021-11-22,-9.0,-6.4,4.7
ATKR,C3,2021-11-29,-3.6,13.1,13.2
ATKR,C3,2021-12-03,-7.8,-5.4,6.6
ATKR,C3,2021-12-09,-8.0,-20.3,5.4
ATKR,C3,2022-01-14,-2.8,-12.9,23.6
ATKR,C3,2022-01-21,-5.7,1.7,48.0
ATKR,C3,2022-01-27,2.7,-4.0,50.3
ATKR,C3,2022-02-02,9.7,-14.8,40.6
ATKR,C3,2022-03-08,16.2,-13.5,48.4
ATKR,C3,2023-07-10,-3.0,0.1,-3.7
ATKR,C3,2023-07-14,-9.4,0.2,-8.4
ATKR,C3,2023-07-20,-21.6,-3.7,-19.1
ATKR,C3,2023-07-26,-20.5,-2.3,-38.0
ATKR,C3,2023-08-01,-20.7,-12.4,-41.9
ATKR,C3,2023-08-07,-12.6,1.2,-34.3
ATKR,C3,2023-08-11,-12.0,-2.5,-30.2
ATKR,C3,2024-03-22,-29.5,-53.5,-70.4
ATKR,C3,2024-03-28,-31.0,-56.5,-69.1
ATKR,C3,2024-04-04,-27.5,-51.6,-67.0
ATKR,C3,2024-04-10,-16.0,-50.2,-62.2
ATKR,C3,2024-04-16,-17.4,-49.0,-62.4
ATKR,C3,2024-04-22,-21.9,-50.4,-61.9
ATKR,C3,2024-04-26,-26.1,-52.9,-61.1
ATKR,C3,2024-05-02,-42.2,-40.1,-60.0
AMSC,L2,2019-04-01,-24.3,-38.6,-56.2
AMSC,L2,2024-04-08,138.8,92.3,44.2
AMSC,C2,2018-03-05,25.7,11.5,185.8
AMSC,C2,2018-04-02,-1.7,20.7,117.8
AMSC,C2,2018-04-30,-5.9,29.5,79.9
AMSC,C2,2018-05-28,-9.2,48.8,44.8
AMSC,C2,2018-06-25,-0.7,56.6,32.6
AMSC,C2,2018-07-23,20.5,153.9,75.1
AMSC,C2,2018-08-20,30.2,150.2,16.8
AMSC,C2,2018-09-17,41.6,84.5,37.8
AMSC,C2,2018-10-15,76.3,71.7,21.8
AMSC,C2,2019-04-29,-26.1,-25.9,-47.9
AMSC,C2,2019-05-27,-21.2,-14.2,-25.5
AMSC,C2,2019-06-24,-15.5,-13.6,-21.6
AMSC,C2,2020-12-21,-25.2,-30.3,-53.8
AMSC,C2,2021-01-18,-41.6,-51.9,-72.8
AMSC,C2,2021-02-15,-42.3,-55.9,-70.4
AMSC,C2,2021-03-15,-39.8,-43.5,-62.7
AMSC,C2,2021-04-12,-16.6,1.3,-58.5
AMSC,C2,2021-05-10,-10.9,13.2,-63.7
AMSC,C2,2021-06-07,-10.1,-25.8,-61.0
AMSC,C2,2023-07-10,-3.4,54.4,355.0
AMSC,C2,2023-08-07,-11.9,29.0,127.8
AMSC,C2,2023-09-04,24.1,85.6,128.5
AMSC,C2,2023-10-02,65.9,86.2,247.8
AMSC,C2,2023-10-30,44.1,72.5,268.3
AMSC,C2,2023-11-27,40.2,96.1,248.3
AMSC,C2,2023-12-25,21.3,110.0,125.0
AMSC,C2,2024-01-22,-10.9,84.7,110.9
AMSC,C2,2024-02-19,25.1,65.7,100.2
AMSC,C2,2024-05-06,47.8,152.5,59.8
AMSC,C2,2024-06-03,-13.8,46.1,47.4
AMSC,C2,2024-07-01,-6.6,11.8,55.6
AMSC,C2,2024-07-29,33.2,22.6,150.9
AMSC,C2,2024-08-26,68.4,12.3,146.8
AMSC,C2,2024-09-23,9.1,-18.3,154.9
AMSC,C2,2024-10-21,26.6,-11.5,159.8
AMSC,C2,2024-11-18,-24.9,-26.1,-11.2
AMSC,C2,2024-12-16,-21.1,20.9,21.9
AMSC,C2,2025-01-13,-33.8,53.6,15.7
AMSC,C2,2025-02-10,-22.9,70.3,9.9
AMSC,C2,2025-12-29,1.6,17.5,
AMSC,L3,2018-03-27,31.0,24.3,128.7
AMSC,L3,2018-08-16,47.3,160.2,28.9
AMSC,L3,2023-08-17,7.4,49.0,129.6
AMSC,L3,2023-12-05,47.7,136.7,160.6
AMSC,L3,2024-02-14,-3.0,43.0,57.3
AMSC,L3,2024-07-09,-13.0,-3.3,57.5
AMSC,L3,2024-09-18,16.4,-6.4,185.8
AMSC,L3,2024-10-24,20.6,-9.1,71.6
AMSC,L3,2024-12-12,-23.9,27.2,10.9
AMSC,C3,2018-03-28,29.9,26.2,140.4
AMSC,C3,2018-04-04,-3.0,15.9,99.8
AMSC,C3,2018-04-10,-16.9,4.5,97.8
AMSC,C3,2018-04-16,-15.5,11.2,90.6
AMSC,C3,2018-04-20,-22.0,-4.9,72.5
AMSC,C3,2018-04-26,-16.1,0.5,82.5
AMSC,C3,2018-05-02,-7.3,22.8,82.1
AMSC,C3,2018-05-08,2.1,45.1,80.4
AMSC,C3,2018-05-14,-9.9,28.5,60.6
AMSC,C3,2018-05-18,-4.9,22.2,46.2
AMSC,C3,2018-05-24,-3.9,40.8,24.1
AMSC,C3,2018-05-31,-12.4,51.9,26.3
AMSC,C3,2018-06-06,-19.4,61.0,22.3
AMSC,C3,2018-08-22,30.0,129.2,19.1
AMSC,C3,2018-08-28,48.1,126.3,49.2
AMSC,C3,2018-09-04,80.8,159.3,48.7
AMSC,C3,2018-09-10,110.7,145.6,55.4
AMSC,C3,2018-09-14,81.0,100.3,20.1
AMSC,C3,2020-12-10,21.7,-26.4,-42.6
AMSC,C3,2020-12-16,1.6,-19.4,-51.0
AMSC,C3,2020-12-22,-30.4,-29.5,-55.5
AMSC,C3,2020-12-29,-15.5,-26.5,-54.8
AMSC,C3,2021-01-05,-24.6,-37.3,-61.1
AMSC,C3,2021-01-11,-42.8,-53.6,-72.6
AMSC,C3,2021-01-15,-30.9,-40.5,-68.9
AMSC,C3,2021-01-22,-39.8,-51.6,-72.1
AMSC,C3,2021-01-28,-38.4,-49.6,-69.0
AMSC,C3,2023-06-22,24.9,95.0,328.9
AMSC,C3,2023-06-28,24.2,79.4,378.1
AMSC,C3,2023-08-18,8.2,53.6,133.8
AMSC,C3,2023-08-24,3.2,58.1,112.5
AMSC,C3,2023-08-30,1.2,49.1,124.4
AMSC,C3,2023-09-06,18.5,74.6,147.1
AMSC,C3,2023-12-08,35.6,150.4,151.5
AMSC,C3,2023-12-14,22.0,111.2,128.0
AMSC,C3,2023-12-20,26.5,129.3,181.2
AMSC,C3,2023-12-27,11.7,120.0,132.2
AMSC,C3,2024-01-03,17.0,166.5,154.9
AMSC,C3,2024-01-09,22.1,183.8,190.8
AMSC,C3,2024-01-16,20.9,196.1,168.5
AMSC,C3,2024-01-22,18.3,144.3,152.4
AMSC,C3,2024-02-20,19.1,58.2,50.6
AMSC,C3,2024-07-10,-19.2,2.3,56.8
AMSC,C3,2024-07-16,-18.6,-11.0,35.5
AMSC,C3,2024-07-22,-18.1,-8.2,95.0
AMSC,C3,2024-07-26,-4.8,3.5,105.0
AMSC,C3,2024-08-01,25.9,44.9,134.1
AMSC,C3,2024-08-07,51.3,69.4,159.7
AMSC,C3,2024-08-13,77.4,39.5,152.2
AMSC,C3,2024-09-24,10.2,-21.2,152.6
AMSC,C3,2024-09-30,8.3,-32.2,177.7
AMSC,C3,2024-10-04,13.4,-24.1,154.7
AMSC,C3,2024-10-10,26.5,-21.0,168.7
AMSC,C3,2024-10-28,8.7,-14.5,45.8
AMSC,C3,2024-11-01,15.1,-17.4,12.6
AMSC,C3,2024-11-07,11.9,-12.5,7.3
AMSC,C3,2024-11-13,-21.3,-31.0,-15.2
AMSC,C3,2024-11-19,-24.8,-10.5,4.6
AMSC,C3,2024-11-25,-44.0,-7.9,-3.6
AMSC,C3,2024-12-02,-49.1,-14.0,-9.5
AMSC,C3,2024-12-18,-18.3,47.1,33.1
AMSC,C3,2024-12-24,-26.5,60.9,22.6
AMSC,C3,2024-12-31,-32.6,59.0,26.2
AMSC,C3,2025-01-07,-37.0,44.9,15.9
ITRI,L2,2018-04-16,-11.2,-23.3,-27.5
ITRI,L2,2024-11-25,-8.1,-2.5,-16.4
ITRI,C2,2017-08-14,-7.7,-3.2,-12.2
ITRI,C2,2017-09-11,-2.2,4.3,-8.4
ITRI,C2,2017-10-09,-9.0,-11.2,-31.7
ITRI,C2,2017-11-06,-1.1,-0.6,-19.0
ITRI,C2,2019-07-01,18.0,34.6,5.3
ITRI,C2,2019-07-29,29.7,36.5,16.2
ITRI,C2,2019-08-26,15.3,9.2,-12.8
ITRI,C2,2019-09-23,14.7,-21.7,-23.0
ITRI,C2,2019-10-21,13.0,-14.0,-4.6
ITRI,C2,2019-11-18,6.8,-23.4,-3.2
ITRI,C2,2019-12-16,-42.5,-18.1,5.5
ITRI,C2,2020-01-13,-30.0,-23.0,10.4
ITRI,C2,2020-02-10,-35.8,-23.7,19.5
ITRI,C2,2020-03-09,7.2,-5.2,54.4
ITRI,C2,2020-04-06,3.7,6.6,44.6
ITRI,C2,2021-03-01,-14.3,-26.2,-57.3
ITRI,C2,2021-03-29,8.6,-15.4,-41.1
ITRI,C2,2023-03-13,41.7,24.3,70.7
ITRI,C2,2023-04-10,33.0,7.2,70.3
ITRI,C2,2023-05-08,7.2,-4.3,62.1
ITRI,C2,2023-06-05,-10.6,-1.9,49.7
ITRI,C2,2023-07-03,-16.3,1.0,41.6
ITRI,C2,2023-07-31,-10.5,2.2,40.9
ITRI,C2,2023-08-28,0.8,36.0,49.2
ITRI,C2,2023-09-25,24.6,52.7,77.1
ITRI,C2,2023-10-23,29.3,67.5,79.9
ITRI,C2,2023-11-20,12.6,64.6,78.7
ITRI,C2,2023-12-18,18.9,31.8,45.0
ITRI,C2,2024-01-15,18.2,33.9,38.8
ITRI,C2,2024-02-12,42.5,26.9,26.8
ITRI,C2,2024-03-11,21.9,17.9,20.2
ITRI,C2,2024-04-08,14.4,18.4,10.5
ITRI,C2,2024-05-06,-8.3,15.3,1.2
ITRI,C2,2024-06-03,-9.7,8.2,12.5
ITRI,C2,2024-07-01,5.5,10.9,36.5
ITRI,C2,2024-07-29,10.5,6.1,21.8
ITRI,C2,2024-08-26,16.0,6.5,20.3
ITRI,C2,2024-12-09,-6.6,9.0,-14.1
ITRI,C2,2025-01-06,-2.5,29.9,-4.2
ITRI,C2,2025-02-03,3.2,19.2,-1.1
ITRI,C2,2025-03-03,13.9,13.8,-13.8
ITRI,C2,2025-11-03,-1.2,-22.2,
ITRI,L3,2017-09-25,-9.6,-7.1,-21.5
ITRI,L3,2019-07-09,17.3,37.8,9.9
ITRI,L3,2019-09-04,17.5,-3.7,-16.6
ITRI,L3,2020-01-10,-30.5,-19.7,16.4
ITRI,L3,2020-02-18,-27.8,-27.4,36.0
ITRI,L3,2020-04-17,11.8,16.9,48.3
ITRI,L3,2021-02-23,-2.4,-11.9,-51.4
ITRI,L3,2023-05-23,0.2,-2.4,60.7
ITRI,L3,2023-07-05,-17.4,0.9,47.2
ITRI,L3,2023-08-10,-9.8,10.2,42.7
ITRI,L3,2023-11-17,13.5,66.8,79.2
ITRI,L3,2024-02-12,43.2,29.6,41.7
ITRI,L3,2024-03-15,18.3,23.3,20.5
ITRI,L3,2024-05-15,-9.5,5.7,6.2
ITRI,L3,2024-08-08,25.3,-1.8,28.5
ITRI,L3,2024-11-26,-9.3,2.2,-16.7
ITRI,L3,2025-03-20,22.2,14.9,-16.9
ITRI,L3,2025-10-23,-26.0,-36.3,
ITRI,C3,2017-09-26,-8.9,-6.8,-21.7
ITRI,C3,2017-10-02,-10.9,-10.7,-30.9
ITRI,C3,2017-10-06,-10.3,-10.1,-31.0
ITRI,C3,2017-10-12,-5.1,-11.6,-36.2
ITRI,C3,2017-10-18,-6.6,-16.8,-34.2
ITRI,C3,2017-10-24,-5.8,-17.6,-30.7
ITRI,C3,2017-10-30,-8.5,-12.9,-30.2
ITRI,C3,2017-11-03,-5.4,-3.2,-23.3
ITRI,C3,2019-07-11,22.3,40.5,13.4
ITRI,C3,2019-09-06,14.7,-13.9,-17.0
ITRI,C3,2019-09-12,15.1,-29.1,-26.2
ITRI,C3,2019-09-18,9.7,-25.3,-22.7
ITRI,C3,2019-09-24,12.6,-24.6,-12.5
ITRI,C3,2019-09-30,13.9,-20.9,-8.7
ITRI,C3,2019-10-04,15.6,-19.0,-5.9
ITRI,C3,2019-10-10,17.5,-15.4,-1.1
ITRI,C3,2019-10-16,15.4,-14.5,-5.7
ITRI,C3,2019-10-22,9.3,-3.1,-13.6
ITRI,C3,2019-10-28,6.0,-26.7,-11.3
ITRI,C3,2019-11-01,6.8,-20.4,-9.3
ITRI,C3,2019-11-07,11.8,-29.4,-4.0
ITRI,C3,2019-11-13,14.1,-19.8,9.7
ITRI,C3,2019-11-19,0.4,-15.1,5.3
ITRI,C3,2020-01-13,-31.5,-20.3,14.2
ITRI,C3,2020-01-17,-27.7,-22.9,-2.1
ITRI,C3,2020-01-24,-19.4,-20.2,14.2
ITRI,C3,2020-01-30,-20.7,-20.3,19.4
ITRI,C3,2020-02-05,-25.1,-19.8,21.8
ITRI,C3,2020-02-21,-25.6,-29.3,35.1
ITRI,C3,2020-02-27,-12.3,-20.5,21.5
ITRI,C3,2020-03-04,-8.0,-25.8,23.2
ITRI,C3,2021-02-26,-17.0,-27.4,-58.7
ITRI,C3,2021-03-04,-16.8,-30.1,-58.7
ITRI,C3,2021-03-10,8.0,-13.1,-43.8
ITRI,C3,2021-03-16,2.5,-19.5,-45.6
ITRI,C3,2023-07-07,-17.2,3.3,44.8
ITRI,C3,2023-08-15,-3.2,8.8,48.8
ITRI,C3,2023-08-21,-2.9,35.9,45.9
ITRI,C3,2023-11-20,37.0,62.1,76.8
ITRI,C3,2023-11-27,39.8,57.7,72.8
ITRI,C3,2023-12-01,38.8,57.3,62.1
ITRI,C3,2023-12-07,27.7,51.8,54.7
ITRI,C3,2023-12-13,18.7,35.1,50.4
ITRI,C3,2023-12-19,20.1,33.8,46.1
ITRI,C3,2023-12-26,17.7,30.8,40.6
ITRI,C3,2024-01-02,21.8,33.1,39.4
ITRI,C3,2024-01-08,27.4,48.4,46.6
ITRI,C3,2024-01-12,24.7,43.6,45.5
ITRI,C3,2024-01-19,25.0,36.5,39.7
ITRI,C3,2024-02-14,44.0,31.4,43.8
ITRI,C3,2024-02-21,43.9,36.7,42.7
ITRI,C3,2024-03-20,11.0,16.0,13.5
ITRI,C3,2024-03-26,10.7,17.6,11.4
ITRI,C3,2024-04-02,10.4,16.9,13.3
ITRI,C3,2024-04-08,12.8,18.1,13.6
ITRI,C3,2024-05-17,-8.7,6.7,9.6
ITRI,C3,2024-05-23,-5.0,11.4,13.5
ITRI,C3,2024-05-30,-9.7,9.1,12.7
ITRI,C3,2024-06-05,-10.6,4.0,18.2
ITRI,C3,2024-08-09,26.4,-0.4,26.0
ITRI,C3,2024-08-15,18.8,-4.2,27.1
ITRI,C3,2024-12-02,-12.3,3.7,-19.4
ITRI,C3,2025-10-27,-27.2,-38.0,
ITRI,C3,2025-10-31,-0.8,-18.6,
ITRI,C3,2025-11-06,-5.8,-25.2,
TT,L2,2019-09-30,12.8,-12.2,37.3
TT,C2,2017-08-21,0.1,7.7,20.1
TT,C2,2017-09-18,1.5,-4.7,19.4
TT,C2,2017-10-16,-2.2,-9.7,2.4
TT,C2,2017-11-13,7.5,6.7,25.1
TT,C2,2017-12-11,3.7,7.3,12.9
TT,C2,2018-01-08,-7.2,1.0,6.4
TT,C2,2018-02-05,0.1,9.1,16.7
TT,C2,2018-03-05,1.7,13.0,18.8
TT,C2,2018-04-02,8.6,25.2,38.1
TT,C2,2018-12-10,11.1,31.1,41.9
TT,C2,2019-01-07,21.1,34.6,40.6
TT,C2,2019-10-14,14.6,-0.3,47.0
TT,C2,2021-01-11,15.4,29.5,22.0
TT,C2,2021-02-08,22.5,27.6,2.2
TT,C2,2021-03-08,13.5,16.8,-7.8
TT,C2,2021-04-05,12.6,2.1,-10.4
TT,C2,2021-05-03,7.6,1.2,-25.9
TT,C2,2021-05-31,10.4,7.1,-22.6
TT,C2,2021-06-28,-6.4,8.5,-28.8
TT,C2,2021-07-26,-10.9,-14.9,-26.7
TT,C2,2021-08-23,-2.0,-21.7,-20.5
TT,C2,2021-09-20,8.0,-14.5,-18.1
TT,C2,2021-10-18,-3.1,-17.2,-18.7
TT,C2,2022-11-21,1.9,-6.1,29.8
TT,C2,2022-12-19,7.6,10.5,44.9
TT,C2,2023-01-16,4.6,15.1,48.8
TT,C2,2023-02-13,-5.5,7.9,50.1
TT,C2,2023-03-13,5.9,15.0,66.6
TT,C2,2023-04-10,12.7,17.9,72.2
TT,C2,2023-05-08,14.8,27.9,89.5
TT,C2,2025-01-06,-8.0,16.6,1.9
TT,C2,2025-02-03,14.0,21.4,28.6
TT,C2,2025-11-03,4.7,7.5,
TT,C2,2026-05-11,,,
TT,C2,2026-06-08,,,
TT,C2,2026-07-06,,,
TT,L3,2017-09-14,-3.1,-3.4,16.1
TT,L3,2017-10-13,-0.6,-7.9,6.8
TT,L3,2017-12-15,-0.3,4.6,7.3
TT,L3,2018-12-11,10.7,28.5,41.2
TT,L3,2021-01-14,12.0,32.7,16.0
TT,L3,2021-03-30,11.9,5.4,-9.0
TT,L3,2021-08-10,-1.1,-20.7,-15.7
TT,L3,2021-09-13,6.2,-15.3,-20.5
TT,L3,2021-11-10,-19.8,-30.8,-4.0
TT,L3,2022-11-25,5.4,-2.5,33.3
TT,L3,2022-12-20,7.7,13.6,44.3
TT,L3,2023-01-27,6.9,16.3,58.0
TT,L3,2023-03-13,-1.5,11.0,64.3
TT,L3,2023-05-15,11.4,29.4,87.0
TT,L3,2025-10-21,-7.1,13.3,
TT,L3,2026-06-08,,,
TT,L3,2026-07-06,,,
TT,C3,2017-09-15,-2.6,-5.3,17.2
TT,C3,2017-09-21,1.1,-3.2,19.4
TT,C3,2017-10-17,-0.9,-5.5,4.6
TT,C3,2017-10-23,0.6,-7.4,6.9
TT,C3,2017-10-27,6.5,-3.1,16.0
TT,C3,2017-11-02,4.6,2.5,18.4
TT,C3,2017-11-08,5.9,6.1,19.4
TT,C3,2017-11-14,6.9,7.7,21.1
TT,C3,2017-11-20,7.5,6.9,27.3
TT,C3,2017-12-20,-2.0,3.1,9.0
TT,C3,2017-12-27,-4.7,2.6,9.1
TT,C3,2018-01-03,-7.5,0.3,6.4
TT,C3,2018-01-09,-7.0,1.0,5.0
TT,C3,2018-01-16,-5.9,0.9,9.4
TT,C3,2018-01-22,-4.7,9.9,14.4
TT,C3,2018-01-26,-7.9,4.0,10.9
TT,C3,2018-02-01,-9.1,2.1,9.4
TT,C3,2018-02-07,-2.1,7.5,18.1
TT,C3,2018-02-13,0.2,11.7,21.0
TT,C3,2018-12-13,8.4,29.9,40.1
TT,C3,2018-12-19,14.8,35.6,47.7
TT,C3,2018-12-26,23.6,41.4,49.1
TT,C3,2019-01-02,23.7,37.0,45.6
TT,C3,2021-01-15,14.5,35.7,14.7
TT,C3,2021-01-22,14.3,33.6,9.5
TT,C3,2021-01-28,22.8,41.2,12.9
TT,C3,2021-03-31,13.5,7.8,-9.5
TT,C3,2021-04-07,14.7,2.7,-11.1
TT,C3,2021-04-13,12.9,2.5,-11.6
TT,C3,2021-04-19,15.7,5.8,-14.3
TT,C3,2021-04-23,14.9,2.1,-18.4
TT,C3,2021-04-29,14.9,4.9,-23.0
TT,C3,2021-05-05,10.6,5.5,-23.2
TT,C3,2021-05-11,5.3,6.2,-27.5
TT,C3,2021-05-17,5.1,6.1,-24.4
TT,C3,2021-05-21,8.3,8.0,-22.0
TT,C3,2021-05-27,8.0,0.4,-24.4
TT,C3,2021-06-03,9.4,9.1,-29.8
TT,C3,2021-06-09,4.6,11.6,-30.8
TT,C3,2021-06-15,1.0,6.1,-27.5
TT,C3,2021-08-12,0.9,-19.9,-16.3
TT,C3,2021-08-18,1.0,-22.1,-18.2
TT,C3,2021-08-24,-0.3,-22.2,-18.8
TT,C3,2021-08-30,-7.0,-27.0,-15.7
TT,C3,2021-09-16,5.0,-17.0,-18.1
TT,C3,2021-09-22,8.5,-12.6,-13.8
TT,C3,2021-09-28,14.2,-12.1,-14.8
TT,C3,2021-11-15,-20.5,-30.7,-7.2
TT,C3,2022-12-21,7.3,12.8,42.9
TT,C3,2022-12-28,10.2,14.0,49.3
TT,C3,2023-02-01,-0.7,14.0,55.0
TT,C3,2023-02-07,-1.6,13.5,55.7
TT,C3,2023-02-13,-5.9,7.2,54.3
TT,C3,2023-02-17,-8.4,10.9,59.4
TT,C3,2023-03-16,3.0,10.2,68.1
TT,C3,2023-03-22,3.1,11.0,66.2
TT,C3,2023-05-19,16.8,33.0,88.3
TT,C3,2023-05-25,23.4,36.1,93.8
TT,C3,2023-06-01,21.3,39.9,103.6
TT,C3,2025-10-23,-5.2,17.3,
TT,C3,2026-06-09,,,
TT,C3,2026-06-15,,,
TT,C3,2026-07-09,,,
TT,C3,2026-07-15,,,
PWR,L2,2022-09-26,11.9,30.9,47.1
PWR,C2,2017-12-25,-12.2,-14.6,-23.2
PWR,C2,2018-01-22,-15.9,-13.9,-11.1
PWR,C2,2018-02-19,-0.2,-5.3,2.4
PWR,C2,2019-07-08,1.8,7.8,-3.1
PWR,C2,2020-02-03,-11.5,19.6,96.2
PWR,C2,2020-03-02,11.0,36.3,118.4
PWR,C2,2021-06-28,30.4,28.1,41.2
PWR,C2,2021-07-26,33.5,8.5,53.0
PWR,C2,2021-08-23,13.8,4.8,40.3
PWR,C2,2021-09-20,-4.6,14.6,10.0
PWR,C2,2021-10-18,-16.7,2.2,13.3
PWR,C2,2021-11-15,-15.6,-6.6,23.1
PWR,C2,2021-12-13,16.3,4.7,31.9
PWR,C2,2022-01-10,26.8,20.2,39.6
PWR,C2,2022-02-07,12.7,43.7,51.8
PWR,C2,2022-03-07,2.7,19.1,27.9
PWR,C2,2022-04-04,-1.5,-4.0,19.0
PWR,C2,2022-05-02,16.5,25.0,45.8
PWR,C2,2022-05-30,9.0,18.7,39.8
PWR,C2,2022-06-27,1.0,13.1,56.1
PWR,C2,2022-10-17,9.7,24.4,23.7
PWR,C2,2022-11-14,4.3,15.6,23.4
PWR,C2,2022-12-12,8.3,29.9,50.4
PWR,C2,2023-01-09,11.9,32.2,36.6
PWR,C2,2023-02-06,14.9,32.4,39.1
PWR,C2,2023-03-06,16.3,31.4,54.1
PWR,C2,2023-04-03,21.7,8.6,65.6
PWR,C2,2023-05-01,17.1,-1.0,50.1
PWR,C2,2023-05-29,18.0,5.9,53.5
PWR,C2,2023-06-26,-4.7,9.9,29.5
PWR,C2,2023-07-24,-17.7,-2.0,28.3
PWR,C2,2023-08-21,-11.0,14.3,33.3
PWR,C2,2023-09-18,13.6,35.9,54.6
PWR,C2,2023-10-16,23.0,47.8,91.1
PWR,C2,2023-11-13,15.5,44.5,76.8
PWR,C2,2023-12-11,12.9,27.2,57.2
PWR,C2,2024-01-08,25.8,32.9,55.0
PWR,C2,2024-02-05,29.3,23.6,48.8
PWR,C2,2024-03-04,11.3,2.5,1.8
PWR,C2,2024-04-01,-4.0,16.3,-8.9
PWR,C2,2024-04-29,-6.0,18.5,25.5
PWR,C2,2024-05-27,-0.3,24.9,24.3
PWR,C2,2024-06-24,16.8,27.3,50.3
PWR,C2,2024-07-22,20.1,39.5,64.5
PWR,C2,2024-08-19,25.2,-1.3,39.2
PWR,C2,2024-09-16,12.9,-7.7,33.8
PWR,C2,2024-10-14,7.4,-14.9,38.2
PWR,C2,2024-11-11,-11.7,6.7,32.9
PWR,C2,2024-12-09,-22.7,6.2,29.9
PWR,C2,2025-01-06,-14.0,22.5,35.0
PWR,C2,2025-02-03,4.4,23.8,62.9
PWR,C2,2025-03-03,46.9,51.5,119.8
PWR,C2,2025-06-02,3.1,27.5,92.6
PWR,C2,2025-06-30,9.0,13.8,73.1
PWR,C2,2025-07-28,13.7,20.2,
PWR,C2,2025-08-25,23.0,49.1,
PWR,C2,2025-09-22,6.7,35.7,
PWR,C2,2025-10-20,6.3,41.8,
PWR,C2,2025-11-17,28.5,68.3,
PWR,C2,2025-12-15,30.2,64.7,
PWR,C2,2026-01-12,29.0,34.7,
PWR,C2,2026-02-09,47.0,,
PWR,C2,2026-03-09,26.6,,
PWR,C2,2026-04-06,12.5,,
PWR,C2,2026-05-04,,,
PWR,C2,2026-06-01,,,
PWR,C2,2026-06-29,,,
PWR,L3,2017-12-21,-14.0,-15.2,-20.5
PWR,L3,2021-08-19,26.3,13.5,47.7
PWR,L3,2021-11-11,-10.0,-2.5,25.7
PWR,L3,2022-04-05,0.9,-0.3,27.9
PWR,L3,2022-06-27,1.8,11.6,56.7
PWR,L3,2022-11-09,7.9,20.3,28.7
PWR,L3,2023-04-10,22.8,7.5,52.3
PWR,L3,2023-05-31,19.6,6.8,56.1
PWR,L3,2023-09-11,0.2,19.0,44.6
PWR,L3,2023-12-05,26.3,46.2,77.9
PWR,L3,2024-04-11,0.6,21.1,11.5
PWR,L3,2024-05-09,-3.0,21.1,24.3
PWR,L3,2024-08-07,29.2,17.1,52.4
PWR,L3,2024-09-17,17.1,-4.8,53.8
PWR,L3,2024-12-17,-17.9,13.4,30.9
PWR,L3,2025-09-24,7.4,39.1,
PWR,L3,2026-03-09,14.6,,
PWR,C3,2017-12-22,-12.8,-14.8,-19.3
PWR,C3,2017-12-29,-11.5,-12.5,-17.8
PWR,C3,2018-01-05,-14.0,-14.8,-15.1
PWR,C3,2018-01-11,-11.2,-14.5,-10.9
PWR,C3,2018-01-18,-13.1,-12.5,-8.2
PWR,C3,2021-08-23,24.0,11.8,44.5
PWR,C3,2021-08-27,10.1,5.8,42.3
PWR,C3,2021-09-02,-0.9,6.3,22.1
PWR,C3,2021-09-09,-0.1,7.4,19.5
PWR,C3,2021-09-15,-5.7,9.9,6.5
PWR,C3,2021-09-21,-2.9,18.1,14.7
PWR,C3,2021-09-27,-2.3,12.6,10.1
PWR,C3,2021-11-12,-8.5,-3.3,27.3
PWR,C3,2021-11-18,-17.4,1.4,27.7
PWR,C3,2021-11-24,-11.1,2.2,21.9
PWR,C3,2021-12-01,-2.2,18.2,38.3
PWR,C3,2022-04-07,-3.3,-1.5,25.6
PWR,C3,2022-04-13,-2.6,-1.5,25.7
PWR,C3,2022-04-20,-3.0,3.4,22.3
PWR,C3,2022-04-26,18.6,21.5,46.4
PWR,C3,2022-05-02,14.8,26.4,50.7
PWR,C3,2022-05-06,19.3,25.2,46.3
PWR,C3,2022-06-28,3.1,13.5,60.3
PWR,C3,2022-07-05,5.8,9.1,57.2
PWR,C3,2022-11-15,3.3,15.7,29.1
PWR,C3,2022-11-21,9.4,19.4,27.4
PWR,C3,2022-11-28,13.7,26.6,40.8
PWR,C3,2022-12-02,4.9,21.2,40.7
PWR,C3,2022-12-08,3.4,23.8,41.6
PWR,C3,2022-12-14,6.3,22.8,42.6
PWR,C3,2022-12-20,13.9,36.7,40.6
PWR,C3,2022-12-27,15.8,33.9,41.8
PWR,C3,2023-04-12,20.8,8.8,53.7
PWR,C3,2023-04-18,20.1,-1.3,54.3
PWR,C3,2023-04-24,19.9,-1.9,60.4
PWR,C3,2023-04-28,19.3,3.3,60.3
PWR,C3,2023-05-04,22.6,2.8,59.8
PWR,C3,2023-05-10,18.8,6.8,58.4
PWR,C3,2023-06-06,13.7,11.2,55.1
PWR,C3,2023-06-12,9.4,16.1,47.5
PWR,C3,2023-06-16,5.0,14.3,33.4
PWR,C3,2023-06-23,-0.9,16.1,36.7
PWR,C3,2023-06-29,-9.3,2.8,38.2
PWR,C3,2023-07-06,-10.3,5.9,37.7
PWR,C3,2023-07-12,-10.3,1.0,27.2
PWR,C3,2023-07-18,-13.8,-1.9,26.2
PWR,C3,2023-07-24,-17.9,-3.2,17.7
PWR,C3,2023-07-28,-17.8,2.1,29.7
PWR,C3,2023-08-03,-16.8,2.3,32.0
PWR,C3,2023-08-09,-16.6,4.6,32.6
PWR,C3,2023-08-15,-9.5,4.0,33.3
PWR,C3,2023-09-14,6.1,26.5,46.4
PWR,C3,2023-09-20,8.9,33.1,53.5
PWR,C3,2023-09-26,17.2,42.0,67.3
PWR,C3,2023-10-02,13.3,45.3,76.3
PWR,C3,2023-10-06,18.0,44.2,82.2
PWR,C3,2023-12-07,24.5,40.7,66.2
PWR,C3,2023-12-13,17.2,30.4,57.5
PWR,C3,2023-12-19,17.4,22.8,45.2
PWR,C3,2023-12-26,20.8,18.7,45.7
PWR,C3,2024-01-02,25.8,23.3,57.6
PWR,C3,2024-01-08,25.5,26.3,74.1
PWR,C3,2024-01-12,21.5,32.3,45.4
PWR,C3,2024-01-19,24.5,26.9,49.3
PWR,C3,2024-01-25,32.5,28.8,57.9
PWR,C3,2024-04-16,4.0,27.8,17.9
PWR,C3,2024-04-22,1.4,25.6,29.5
PWR,C3,2024-05-10,-2.9,19.4,26.3
PWR,C3,2024-05-16,1.2,26.1,31.1
PWR,C3,2024-05-22,0.0,27.9,33.5
PWR,C3,2024-05-29,-1.0,22.3,29.2
PWR,C3,2024-06-04,-8.2,19.3,33.7
PWR,C3,2024-06-10,-1.1,24.4,37.9
PWR,C3,2024-06-14,-0.4,18.1,36.4
PWR,C3,2024-06-21,8.9,20.7,38.0
PWR,C3,2024-08-08,26.0,8.7,44.7
PWR,C3,2024-09-20,12.6,-12.6,47.3
PWR,C3,2024-09-26,7.7,-19.1,41.1
PWR,C3,2024-10-02,9.7,-12.1,46.5
PWR,C3,2024-10-08,1.8,-12.6,33.7
PWR,C3,2024-10-14,8.5,-11.7,41.5
PWR,C3,2024-10-18,14.0,-6.9,43.6
PWR,C3,2024-10-24,-0.2,4.2,43.8
PWR,C3,2024-10-30,-4.1,4.6,37.2
PWR,C3,2024-11-05,-3.7,8.3,41.8
PWR,C3,2024-12-20,-22.5,13.8,33.2
PWR,C3,2025-06-06,8.0,29.3,105.0
PWR,C3,2025-06-12,5.5,15.6,92.0
PWR,C3,2025-06-18,9.9,20.8,85.6
PWR,C3,2025-06-25,8.4,14.7,78.8
PWR,C3,2025-07-01,13.1,17.8,74.4
PWR,C3,2025-07-08,17.5,14.7,
PWR,C3,2025-07-14,11.6,20.7,
PWR,C3,2025-07-18,9.3,16.3,
PWR,C3,2025-07-24,8.3,18.8,
PWR,C3,2025-07-30,10.4,13.1,
PWR,C3,2025-08-05,16.6,31.3,
PWR,C3,2025-08-11,16.9,36.8,
PWR,C3,2025-08-15,12.1,44.3,
PWR,C3,2025-09-26,5.8,36.8,
PWR,C3,2025-10-02,4.2,39.2,
PWR,C3,2025-10-08,-2.4,32.5,
PWR,C3,2025-10-14,8.2,42.3,
PWR,C3,2025-10-20,6.4,43.2,
PWR,C3,2025-10-24,9.7,71.8,
PWR,C3,2025-10-30,2.4,64.2,
PWR,C3,2025-11-05,12.6,72.1,
PWR,C3,2025-11-11,17.0,58.2,
PWR,C3,2025-11-17,28.7,71.9,
PWR,C3,2025-11-21,30.9,64.2,
PWR,C3,2025-11-28,18.2,49.3,
PWR,C3,2025-12-04,22.2,52.3,
PWR,C3,2025-12-10,23.7,52.0,
PWR,C3,2025-12-16,29.4,64.0,
PWR,C3,2025-12-22,27.0,59.8,
PWR,C3,2026-03-12,27.8,,
PWR,C3,2026-03-18,29.4,,
PWR,C3,2026-03-24,18.9,,
PWR,C3,2026-03-30,25.2,,
PWR,C3,2026-04-06,20.5,,
EME,L2,2024-12-23,-19.2,15.6,36.8
EME,C2,2017-09-04,22.2,20.8,15.6
EME,C2,2017-10-02,17.6,9.3,3.9
EME,C2,2017-10-30,-1.8,-7.2,-9.9
EME,C2,2017-11-27,-4.7,-4.5,-9.2
EME,C2,2017-12-25,-4.6,-6.6,-27.5
EME,C2,2018-01-22,-9.5,-7.4,-21.6
EME,C2,2018-02-19,0.2,5.1,-5.4
EME,C2,2018-03-19,3.6,-0.3,-2.5
EME,C2,2018-04-16,-3.3,-15.3,-0.7
EME,C2,2018-05-14,1.9,-3.0,6.5
EME,C2,2019-09-30,2.9,-33.3,-17.6
EME,C2,2019-10-28,-9.2,-34.0,-24.3
EME,C2,2019-11-25,-13.4,-28.4,-0.5
EME,C2,2019-12-23,-33.5,-26.8,6.4
EME,C2,2020-01-20,-26.9,-26.1,13.4
EME,C2,2020-02-17,-30.7,-17.8,3.4
EME,C2,2020-11-23,10.7,43.6,39.9
EME,C2,2020-12-21,21.7,34.4,36.8
EME,C2,2021-01-18,24.5,25.1,20.8
EME,C2,2021-02-15,32.3,30.2,25.8
EME,C2,2021-03-15,5.0,2.5,6.4
EME,C2,2021-04-12,-0.2,-2.9,-2.1
EME,C2,2021-05-10,-3.9,4.5,-17.7
EME,C2,2021-06-07,-7.7,-0.3,-17.1
EME,C2,2021-07-05,-3.4,2.7,-15.9
EME,C2,2021-08-02,9.1,-3.9,-5.3
EME,C2,2021-08-30,1.6,-5.7,-4.2
EME,C2,2022-11-28,9.9,12.8,39.8
EME,C2,2022-12-26,9.9,25.0,46.0
EME,C2,2023-01-23,16.8,44.8,53.5
EME,C2,2023-02-20,3.3,33.3,63.6
EME,C2,2023-03-20,12.2,34.3,122.9
EME,C2,2023-04-17,20.8,22.2,109.0
EME,C2,2023-05-15,30.0,30.4,130.2
EME,C2,2023-06-12,21.2,23.5,115.4
EME,C2,2023-07-10,7.8,17.0,101.3
EME,C2,2023-08-07,-4.6,11.1,61.5
EME,C2,2023-09-04,-3.5,46.1,58.9
EME,C2,2023-10-02,2.9,76.9,111.1
EME,C2,2023-10-30,12.0,73.3,116.2
EME,C2,2023-11-27,49.4,81.6,138.7
EME,C2,2023-12-25,62.7,69.7,113.8
EME,C2,2024-01-22,58.0,62.6,137.7
EME,C2,2024-02-19,47.9,41.9,50.3
EME,C2,2024-03-18,9.6,25.4,13.8
EME,C2,2024-04-15,10.7,38.2,15.5
EME,C2,2024-05-13,-3.0,32.0,24.6
EME,C2,2024-06-10,5.2,27.2,27.0
EME,C2,2024-07-08,19.7,24.2,47.6
EME,C2,2024-08-05,44.6,29.9,74.1
EME,C2,2025-01-06,-17.8,18.8,38.6
EME,C2,2025-02-03,-4.8,34.0,65.9
EME,C2,2025-03-03,30.3,66.8,88.4
EME,C2,2025-03-31,60.1,91.5,121.6
EME,C2,2025-06-30,19.6,16.8,41.8
EME,C2,2025-07-28,8.2,15.5,
EME,C2,2025-08-25,-0.8,17.0,
EME,C2,2025-09-22,-2.1,14.5,
EME,C2,2025-10-20,-7.2,16.4,
EME,C2,2025-11-17,39.8,46.1,
EME,C2,2025-12-15,18.6,37.0,
EME,C2,2026-01-12,15.4,6.6,
EME,C2,2026-02-09,14.1,,
EME,C2,2026-03-09,16.0,,
EME,C2,2026-04-06,-2.5,,
EME,C2,2026-05-04,,,
EME,C2,2026-06-01,,,
EME,C2,2026-06-29,,,
EME,L3,2017-10-24,18.1,7.9,5.1
EME,L3,2017-11-22,-3.4,-2.7,-12.6
EME,L3,2018-03-23,3.5,-1.2,0.5
EME,L3,2019-09-19,2.6,-28.6,-21.5
EME,L3,2019-11-05,-6.8,-39.6,-8.1
EME,L3,2020-12-10,26.8,32.3,39.4
EME,L3,2021-03-19,8.5,5.2,2.1
EME,L3,2021-06-15,-7.2,-3.5,-16.0
EME,L3,2021-08-10,8.4,-4.2,-0.1
EME,L3,2023-01-27,13.9,48.3,67.9
EME,L3,2023-03-03,3.5,32.1,95.2
EME,L3,2023-05-23,35.1,30.0,132.6
EME,L3,2023-08-02,-4.0,10.7,69.5
EME,L3,2023-12-14,53.0,74.4,110.7
EME,L3,2024-03-18,16.7,31.7,13.8
EME,L3,2025-09-18,-2.7,15.6,
EME,L3,2025-10-21,2.5,20.9,
EME,L3,2026-02-05,29.9,,
EME,L3,2026-05-13,,,
EME,C3,2017-10-25,15.8,6.9,6.3
EME,C3,2017-10-31,-5.8,-4.6,-8.1
EME,C3,2017-11-29,-5.9,-2.4,-18.3
EME,C3,2017-12-05,-0.9,-3.3,-21.9
EME,C3,2017-12-11,-0.0,-3.1,-28.8
EME,C3,2017-12-15,-3.6,-4.6,-26.1
EME,C3,2017-12-21,-9.1,-8.7,-26.3
EME,C3,2017-12-28,-5.3,-5.6,-22.0
EME,C3,2018-01-04,-5.5,-7.5,-22.4
EME,C3,2018-01-10,-2.2,-5.4,-21.5
EME,C3,2018-01-17,-2.6,-7.6,-20.9
EME,C3,2018-01-23,-8.7,-7.4,-19.4
EME,C3,2018-01-29,-8.6,-7.4,-20.3
EME,C3,2018-02-02,-1.8,-2.7,-14.3
EME,C3,2018-02-08,0.5,2.0,-3.9
EME,C3,2018-03-27,1.2,-1.3,-1.8
EME,C3,2018-04-03,-0.7,-5.9,-0.7
EME,C3,2018-04-09,0.8,-8.3,4.8
EME,C3,2018-04-13,-3.1,-11.6,1.8
EME,C3,2018-04-19,-4.4,-16.2,2.7
EME,C3,2018-04-25,-5.6,-14.8,1.5
EME,C3,2018-05-01,3.3,-1.8,10.3
EME,C3,2018-05-07,2.6,-0.8,7.6
EME,C3,2019-09-25,0.0,-34.9,-18.3
EME,C3,2019-10-01,1.7,-29.6,-13.3
EME,C3,2019-11-11,-1.7,-30.7,-3.2
EME,C3,2019-11-15,-0.8,-27.8,-2.3
EME,C3,2019-11-21,-10.1,-25.6,-1.5
EME,C3,2020-12-16,16.5,39.3,42.5
EME,C3,2020-12-22,22.6,37.1,45.1
EME,C3,2020-12-29,25.7,33.7,36.7
EME,C3,2021-01-05,28.2,33.9,37.1
EME,C3,2021-01-11,21.5,19.5,20.0
EME,C3,2021-01-15,21.7,24.1,18.6
EME,C3,2021-01-22,24.2,26.7,20.9
EME,C3,2021-01-28,32.4,31.4,28.3
EME,C3,2021-02-03,36.1,31.1,25.7
EME,C3,2021-03-23,19.6,15.0,8.9
EME,C3,2021-03-29,11.9,7.4,4.3
EME,C3,2021-04-05,6.4,4.4,2.4
EME,C3,2021-04-09,4.4,-0.5,1.6
EME,C3,2021-04-15,-1.6,-0.7,-5.4
EME,C3,2021-04-21,1.9,2.0,-11.0
EME,C3,2021-04-27,2.0,0.9,-11.7
EME,C3,2021-05-03,-0.7,5.5,-15.5
EME,C3,2021-05-07,-3.7,4.4,-18.1
EME,C3,2021-05-13,-3.1,5.7,-16.1
EME,C3,2021-05-19,-1.2,7.8,-12.6
EME,C3,2021-06-16,-8.0,-5.7,-17.2
EME,C3,2021-06-22,-3.1,5.0,-15.4
EME,C3,2021-08-12,8.0,-2.4,1.4
EME,C3,2021-08-18,8.7,-3.0,0.5
EME,C3,2022-11-04,0.7,15.0,49.3
EME,C3,2022-11-10,-2.2,8.7,42.9
EME,C3,2022-11-16,-5.0,8.7,38.2
EME,C3,2022-11-22,8.1,7.1,37.4
EME,C3,2022-11-29,9.6,16.4,43.0
EME,C3,2022-12-05,6.4,19.1,46.0
EME,C3,2023-01-31,11.6,49.5,64.4
EME,C3,2023-02-06,13.0,51.9,71.0
EME,C3,2023-03-08,4.1,28.8,99.7
EME,C3,2023-03-14,11.8,36.9,122.6
EME,C3,2023-03-20,9.8,30.9,122.5
EME,C3,2023-03-24,14.6,34.5,131.3
EME,C3,2023-05-26,31.5,25.7,122.6
EME,C3,2023-08-04,-2.7,13.2,69.5
EME,C3,2023-08-10,-4.1,15.0,70.0
EME,C3,2023-08-16,-3.2,19.7,75.6
EME,C3,2023-08-22,-0.3,40.9,64.7
EME,C3,2023-08-28,-4.9,46.1,67.4
EME,C3,2023-09-01,-6.2,40.2,78.7
EME,C3,2023-09-08,-2.9,47.7,96.1
EME,C3,2023-09-14,-0.6,58.8,97.3
EME,C3,2023-09-20,-0.4,63.8,100.6
EME,C3,2023-09-26,3.9,74.3,111.8
EME,C3,2023-10-02,2.1,70.3,119.4
EME,C3,2023-12-15,59.8,75.0,111.6
EME,C3,2023-12-21,64.4,68.3,124.5
EME,C3,2023-12-28,67.7,68.5,116.9
EME,C3,2024-01-04,66.8,78.6,140.7
EME,C3,2024-03-19,14.0,29.7,15.3
EME,C3,2024-03-25,6.8,24.2,2.3
EME,C3,2024-04-01,4.6,22.7,9.0
EME,C3,2024-04-05,2.2,21.3,-0.3
EME,C3,2024-04-11,11.1,27.2,16.8
EME,C3,2024-04-17,10.8,32.2,21.9
EME,C3,2024-04-23,7.8,27.8,28.7
EME,C3,2024-04-29,0.7,24.8,30.2
EME,C3,2024-05-03,-4.3,38.8,29.5
EME,C3,2024-05-09,-5.4,31.0,21.5
EME,C3,2024-05-15,-4.4,33.5,22.7
EME,C3,2024-05-21,-1.5,31.8,25.0
EME,C3,2024-05-28,-2.1,28.5,20.2
EME,C3,2024-06-03,-5.2,36.6,29.3
EME,C3,2024-06-07,2.5,27.9,33.5
EME,C3,2025-06-20,33.0,29.2,62.6
EME,C3,2025-06-26,25.4,19.8,53.3
EME,C3,2025-07-02,20.8,20.2,38.8
EME,C3,2025-07-09,24.7,22.8,
EME,C3,2025-07-15,25.7,25.2,
EME,C3,2025-07-21,23.2,26.2,
EME,C3,2025-07-25,18.9,13.6,
EME,C3,2025-07-31,7.7,14.5,
EME,C3,2025-08-06,5.1,30.1,
EME,C3,2025-08-12,1.7,23.9,
EME,C3,2025-08-18,0.3,31.8,
EME,C3,2025-09-23,-2.9,14.6,
EME,C3,2025-09-29,-4.5,17.3,
EME,C3,2025-10-23,4.5,29.9,
EME,C3,2026-02-06,21.1,,
EME,C3,2026-02-12,12.1,,
EME,C3,2026-02-19,5.7,,
EME,C3,2026-02-25,3.2,,
EME,C3,2026-03-03,14.9,,
EME,C3,2026-03-09,8.1,,
EME,C3,2026-03-13,17.6,,
EME,C3,2026-05-19,,,
EME,C3,2026-05-26,,,
EME,C3,2026-06-01,,,
FIX,L2,2018-05-28,22.1,12.1,0.9
FIX,L2,2018-12-10,16.6,9.1,11.0
FIX,L2,2021-08-30,23.8,11.3,32.2
FIX,L2,2022-03-28,-6.5,8.3,62.8
FIX,L2,2024-05-20,-1.0,43.7,38.3
FIX,C2,2018-04-02,17.7,35.1,35.2
FIX,C2,2018-06-18,17.7,-10.3,10.2
FIX,C2,2018-07-16,7.3,-0.5,8.3
FIX,C2,2018-08-13,-1.1,-9.2,-30.6
FIX,C2,2018-09-10,-20.1,-6.8,-24.5
FIX,C2,2018-10-08,-8.9,7.0,-15.3
FIX,C2,2019-01-07,17.5,12.9,3.3
FIX,C2,2020-10-26,21.3,80.5,101.1
FIX,C2,2020-11-23,20.5,61.7,92.3
FIX,C2,2021-09-27,33.8,22.0,32.2
FIX,C2,2022-04-04,-1.0,16.2,49.5
FIX,C2,2022-11-14,2.0,21.2,56.6
FIX,C2,2022-12-12,16.0,39.6,76.2
FIX,C2,2023-01-09,5.6,32.2,64.5
FIX,C2,2023-02-06,25.4,48.8,101.5
FIX,C2,2023-03-06,12.3,32.9,120.9
FIX,C2,2023-04-03,23.8,30.8,151.3
FIX,C2,2023-05-01,17.0,24.0,108.4
FIX,C2,2023-05-29,20.2,27.3,112.3
FIX,C2,2023-06-26,3.9,25.6,86.0
FIX,C2,2023-07-24,1.4,19.6,79.0
FIX,C2,2023-08-21,9.5,53.7,87.0
FIX,C2,2023-09-18,22.1,89.1,126.9
FIX,C2,2023-10-16,33.5,89.7,173.0
FIX,C2,2023-11-13,27.4,62.5,129.0
FIX,C2,2024-06-10,10.9,47.6,57.6
FIX,C2,2024-07-08,29.3,37.0,68.3
FIX,C2,2024-08-05,47.5,47.0,121.5
FIX,C2,2024-09-02,64.4,7.2,134.3
FIX,C2,2025-06-23,50.5,80.4,247.4
FIX,C2,2025-07-21,42.6,63.0,
FIX,C2,2025-08-18,29.8,112.2,
FIX,C2,2025-09-15,18.0,70.3,
FIX,C2,2025-10-13,35.4,99.6,
FIX,C2,2025-11-10,47.1,119.3,
FIX,C2,2025-12-08,41.1,94.2,
FIX,C2,2026-01-05,57.7,74.0,
FIX,C2,2026-02-02,58.8,,
FIX,C2,2026-03-02,44.2,,
FIX,C2,2026-03-30,22.9,,
FIX,C2,2026-04-27,,,
FIX,C2,2026-05-25,,,
FIX,C2,2026-06-22,,,
FIX,L3,2018-04-02,15.7,36.4,37.5
FIX,L3,2018-06-25,19.3,-4.6,14.4
FIX,L3,2018-08-20,-6.7,-4.9,-32.9
FIX,L3,2018-09-20,-24.2,-3.7,-20.4
FIX,L3,2020-10-19,7.5,50.8,68.7
FIX,L3,2022-03-31,-4.4,16.4,48.0
FIX,L3,2023-01-27,26.3,49.4,102.9
FIX,L3,2023-03-10,12.5,33.5,129.2
FIX,L3,2023-05-12,19.5,29.4,129.0
FIX,L3,2023-08-25,4.3,76.4,70.8
FIX,L3,2023-11-16,27.9,77.0,155.4
FIX,L3,2024-05-28,2.6,44.7,47.2
FIX,L3,2024-08-01,20.2,41.1,109.4
FIX,L3,2025-06-13,54.9,86.7,296.4
FIX,L3,2025-08-27,37.7,90.1,
FIX,L3,2025-11-21,59.9,110.8,
FIX,L3,2026-05-21,,,
FIX,C3,2018-04-03,14.4,32.5,39.3
FIX,C3,2018-04-09,18.6,31.6,42.8
FIX,C3,2018-05-30,19.5,8.8,2.6
FIX,C3,2018-06-05,17.3,-4.4,4.6
FIX,C3,2018-06-11,23.4,-4.5,6.3
FIX,C3,2018-06-28,21.1,-2.0,16.5
FIX,C3,2018-07-05,15.9,-1.2,12.9
FIX,C3,2018-08-22,-9.2,-5.7,-32.1
FIX,C3,2018-09-21,-20.4,-2.3,-20.1
FIX,C3,2020-10-21,3.4,50.3,72.6
FIX,C3,2020-10-27,19.1,80.7,111.4
FIX,C3,2020-11-02,24.9,85.4,116.0
FIX,C3,2022-04-04,-4.1,12.8,48.6
FIX,C3,2022-04-08,-3.0,16.8,54.9
FIX,C3,2022-04-14,1.4,17.4,69.7
FIX,C3,2022-04-21,1.8,23.0,66.4
FIX,C3,2022-11-02,4.2,28.8,71.9
FIX,C3,2022-11-08,2.2,26.5,61.8
FIX,C3,2022-11-14,4.8,21.1,56.2
FIX,C3,2022-11-18,17.3,21.2,51.7
FIX,C3,2022-11-25,16.8,21.1,54.7
FIX,C3,2022-12-01,18.3,26.0,64.1
FIX,C3,2022-12-07,16.1,34.4,71.6
FIX,C3,2022-12-13,14.6,33.6,71.4
FIX,C3,2022-12-19,18.3,38.2,68.8
FIX,C3,2023-02-02,21.4,45.3,108.3
FIX,C3,2023-02-08,25.1,49.4,107.1
FIX,C3,2023-03-15,18.9,32.2,134.7
FIX,C3,2023-03-21,13.9,20.4,128.0
FIX,C3,2023-03-27,19.2,19.2,120.1
FIX,C3,2023-05-15,15.0,29.2,125.0
FIX,C3,2023-05-19,20.2,31.7,110.2
FIX,C3,2023-05-25,22.8,29.2,103.8
FIX,C3,2023-06-01,25.1,26.0,119.9
FIX,C3,2023-06-07,19.1,25.5,104.7
FIX,C3,2023-06-13,18.7,28.6,98.8
FIX,C3,2023-06-20,6.9,30.4,84.8
FIX,C3,2023-06-26,7.4,28.1,87.8
FIX,C3,2023-06-30,0.8,19.6,97.4
FIX,C3,2023-07-07,6.5,29.1,91.2
FIX,C3,2023-07-13,-4.3,23.4,76.6
FIX,C3,2023-07-19,-8.9,18.8,97.3
FIX,C3,2023-07-25,-9.1,33.0,85.6
FIX,C3,2023-07-31,4.7,29.1,80.8
FIX,C3,2023-08-29,5.2,70.4,82.1
FIX,C3,2023-09-05,0.7,63.2,93.3
FIX,C3,2023-09-11,5.4,64.9,106.8
FIX,C3,2023-09-15,8.3,71.7,108.6
FIX,C3,2023-09-21,22.0,86.7,132.3
FIX,C3,2023-09-27,19.2,81.2,138.6
FIX,C3,2023-10-03,18.6,84.1,151.1
FIX,C3,2023-11-20,46.6,74.3,156.2
FIX,C3,2023-11-27,58.3,51.8,133.8
FIX,C3,2024-06-03,-2.9,57.2,57.0
FIX,C3,2024-08-07,47.5,31.6,131.9
FIX,C3,2025-06-17,61.1,92.2,277.4
FIX,C3,2025-06-24,52.4,85.4,229.0
FIX,C3,2025-06-30,55.7,92.8,231.8
FIX,C3,2025-07-07,50.9,86.8,
FIX,C3,2025-07-11,56.9,102.5,
FIX,C3,2025-07-17,50.5,105.9,
FIX,C3,2025-07-23,50.7,113.6,
FIX,C3,2025-08-28,31.8,75.4,
FIX,C3,2025-09-04,38.4,90.0,
FIX,C3,2025-09-10,36.4,89.4,
FIX,C3,2025-09-16,13.8,88.3,
FIX,C3,2025-09-22,17.6,55.1,
FIX,C3,2025-09-26,17.8,78.5,
FIX,C3,2025-10-02,24.3,91.4,
FIX,C3,2025-10-08,23.0,90.4,
FIX,C3,2025-10-14,34.7,107.5,
FIX,C3,2025-10-20,34.1,105.7,
FIX,C3,2025-10-24,19.4,92.9,
FIX,C3,2025-11-25,45.4,100.2,
FIX,C3,2025-12-02,46.7,83.9,
FIX,C3,2025-12-08,38.1,93.6,
FIX,C3,2025-12-12,49.3,97.3,
FIX,C3,2025-12-18,60.2,112.3,
FIX,C3,2025-12-24,44.0,87.3,
FIX,C3,2025-12-31,52.8,88.3,
FIX,C3,2026-01-07,57.3,62.5,
FIX,C3,2026-01-13,53.9,,
FIX,C3,2026-01-20,56.4,,
FIX,C3,2026-01-26,53.0,,
FIX,C3,2026-01-30,72.3,,
FIX,C3,2026-02-05,77.2,,
FIX,C3,2026-02-11,49.0,,
FIX,C3,2026-02-18,39.2,,
FIX,C3,2026-02-24,26.4,,
FIX,C3,2026-03-02,28.7,,
FIX,C3,2026-03-06,43.3,,
FIX,C3,2026-03-12,42.1,,
FIX,C3,2026-03-18,45.3,,
FIX,C3,2026-03-24,26.9,,
FIX,C3,2026-03-30,36.8,,
FIX,C3,2026-05-27,,,
FIX,C3,2026-06-02,,,
STRL,L2,2021-12-13,13.3,-12.0,21.6
STRL,C2,2017-08-14,72.0,29.2,56.9
STRL,C2,2017-09-11,17.2,-15.6,-4.7
STRL,C2,2017-10-09,11.8,-23.3,-13.4
STRL,C2,2017-11-06,-27.4,-24.4,-24.9
STRL,C2,2017-12-04,-26.4,-22.9,-36.0
STRL,C2,2018-01-01,-26.3,-12.7,-23.1
STRL,C2,2018-01-29,-14.4,6.0,-0.6
STRL,C2,2018-02-26,6.2,19.7,20.9
STRL,C2,2018-03-26,13.7,25.0,9.2
STRL,C2,2018-10-08,-2.2,0.4,25.8
STRL,C2,2020-01-20,-38.1,-30.4,65.9
STRL,C2,2020-02-17,-42.3,-4.3,38.9
STRL,C2,2020-09-21,39.8,57.8,58.6
STRL,C2,2020-10-19,40.7,23.1,35.2
STRL,C2,2020-11-16,34.3,43.1,85.0
STRL,C2,2020-12-14,6.0,9.3,27.6
STRL,C2,2021-01-11,-9.9,-8.4,20.6
STRL,C2,2021-02-08,4.2,7.2,33.7
STRL,C2,2021-03-08,4.7,-5.7,25.4
STRL,C2,2021-04-05,6.3,9.5,20.1
STRL,C2,2021-05-03,-4.4,17.3,-0.6
STRL,C2,2021-05-31,-7.9,3.2,-1.4
STRL,C2,2021-06-28,-3.6,10.9,-7.4
STRL,C2,2021-07-26,9.5,14.5,17.1
STRL,C2,2021-08-23,17.5,25.2,12.3
STRL,C2,2021-12-27,3.3,-16.5,24.7
STRL,C2,2022-01-24,-8.9,2.3,37.2
STRL,C2,2022-02-21,-14.3,-10.3,31.1
STRL,C2,2022-03-21,-19.0,-22.1,35.8
STRL,C2,2022-04-18,-5.8,0.8,50.0
STRL,C2,2022-05-16,12.7,38.5,87.8
STRL,C2,2023-05-15,75.3,50.7,193.3
STRL,C2,2023-06-12,42.7,49.7,124.3
STRL,C2,2023-07-10,22.4,33.3,108.1
STRL,C2,2023-08-07,-17.6,3.3,29.4
STRL,C2,2023-09-04,-11.5,41.6,39.0
STRL,C2,2023-10-02,0.6,40.3,93.2
STRL,C2,2023-10-30,3.4,33.2,102.3
STRL,C2,2023-11-27,71.1,89.4,199.8
STRL,C2,2023-12-25,25.5,34.6,96.2
STRL,C2,2024-01-22,40.9,53.4,149.3
STRL,C2,2024-02-19,45.3,35.7,33.6
STRL,C2,2024-03-18,3.7,32.3,13.0
STRL,C2,2024-04-15,20.2,65.5,45.3
STRL,C2,2024-05-13,-13.1,39.7,46.3
STRL,C2,2024-06-10,9.3,55.0,74.5
STRL,C2,2024-07-08,28.4,33.6,97.5
STRL,C2,2024-08-05,85.2,43.2,189.5
STRL,C2,2025-06-09,54.5,55.3,323.2
STRL,C2,2025-07-07,39.2,27.5,182.2
STRL,C2,2025-08-04,24.8,32.6,
STRL,C2,2025-09-01,13.7,38.2,
STRL,C2,2025-09-29,-8.6,19.2,
STRL,C2,2025-10-27,-5.3,41.0,
STRL,C2,2025-11-24,24.3,150.0,
STRL,C2,2025-12-22,32.8,154.2,
STRL,C2,2026-01-19,41.5,,
STRL,C2,2026-02-16,68.3,,
STRL,C2,2026-03-16,114.6,,
STRL,C2,2026-04-13,37.7,,
STRL,C2,2026-05-11,,,
STRL,C2,2026-06-08,,,
STRL,C2,2026-07-06,,,
STRL,L3,2017-09-27,5.4,-24.7,-14.9
STRL,L3,2020-01-09,-36.6,-31.3,67.2
STRL,L3,2020-11-11,30.8,36.3,79.2
STRL,L3,2020-12-28,18.5,14.2,36.1
STRL,L3,2021-03-04,23.8,11.3,37.0
STRL,L3,2021-05-19,-1.0,29.4,11.0
STRL,L3,2021-06-14,-6.1,9.5,-6.3
STRL,L3,2021-08-19,32.6,31.0,16.8
STRL,L3,2022-01-18,-6.9,-13.1,31.8
STRL,L3,2022-03-03,-14.6,-16.5,29.7
STRL,L3,2023-05-17,80.0,49.6,188.6
STRL,L3,2024-01-08,34.1,64.5,154.8
STRL,L3,2024-03-18,10.3,39.5,8.3
STRL,L3,2024-06-11,11.5,58.0,100.5
STRL,L3,2024-07-08,33.7,43.5,114.1
STRL,L3,2024-07-24,35.6,29.7,165.0
STRL,L3,2025-05-30,45.6,76.7,356.9
STRL,L3,2025-10-01,-3.2,28.9,
STRL,L3,2025-12-10,28.3,159.9,
STRL,L3,2026-02-20,79.9,,
STRL,L3,2026-05-27,,,
STRL,C3,2017-09-28,4.9,-26.4,-15.7
STRL,C3,2017-10-04,-4.2,-26.3,-11.3
STRL,C3,2017-10-10,7.8,-21.0,-20.3
STRL,C3,2017-10-16,4.7,-22.0,-20.9
STRL,C3,2017-10-20,-1.4,-24.4,-20.5
STRL,C3,2017-10-26,-8.6,-25.7,-13.0
STRL,C3,2017-11-01,-29.9,-26.9,-23.7
STRL,C3,2017-11-07,-29.7,-26.0,-25.8
STRL,C3,2017-11-13,-26.7,-25.9,-24.9
STRL,C3,2017-11-17,-26.2,-24.8,-23.3
STRL,C3,2017-11-24,-30.6,-24.9,-34.9
STRL,C3,2020-01-10,-40.2,-29.2,69.7
STRL,C3,2020-01-16,-43.9,-31.5,43.0
STRL,C3,2020-11-16,36.5,37.2,67.8
STRL,C3,2020-11-20,46.9,50.0,67.0
STRL,C3,2020-11-27,23.8,53.4,63.6
STRL,C3,2020-12-30,22.5,17.9,45.7
STRL,C3,2021-01-06,2.1,2.4,30.1
STRL,C3,2021-01-12,-7.0,-5.3,20.5
STRL,C3,2021-01-19,-15.7,-12.1,4.2
STRL,C3,2021-01-25,-9.2,-4.8,18.4
STRL,C3,2021-01-29,13.4,8.1,41.3
STRL,C3,2021-02-04,4.1,9.1,43.2
STRL,C3,2021-02-10,2.7,0.8,29.7
STRL,C3,2021-03-08,17.2,3.6,37.2
STRL,C3,2021-05-24,3.6,24.1,12.8
STRL,C3,2021-06-18,-0.9,18.0,0.3
STRL,C3,2021-06-24,0.1,16.0,-5.7
STRL,C3,2021-06-30,-5.3,12.3,-10.9
STRL,C3,2021-07-07,7.5,20.8,5.5
STRL,C3,2021-08-24,25.0,24.6,7.4
STRL,C3,2021-08-30,9.9,20.6,9.5
STRL,C3,2021-09-03,16.9,25.7,3.4
STRL,C3,2021-09-10,21.8,32.5,3.3
STRL,C3,2022-01-21,-10.6,-2.4,39.9
STRL,C3,2022-01-27,-7.8,-1.7,42.1
STRL,C3,2022-02-02,-13.7,-6.4,42.8
STRL,C3,2023-05-18,77.6,48.6,181.0
STRL,C3,2023-05-24,72.8,36.5,152.8
STRL,C3,2023-05-31,80.4,40.2,158.7
STRL,C3,2023-06-06,51.9,36.5,137.4
STRL,C3,2023-06-12,41.7,47.1,123.2
STRL,C3,2023-06-16,43.6,62.0,121.3
STRL,C3,2023-06-23,33.7,69.6,114.9
STRL,C3,2023-06-29,29.6,40.3,119.4
STRL,C3,2023-07-06,35.7,38.7,106.1
STRL,C3,2023-07-12,33.4,34.3,94.7
STRL,C3,2023-07-18,20.9,20.2,83.7
STRL,C3,2023-07-24,25.6,34.5,79.1
STRL,C3,2023-07-28,23.0,33.7,78.0
STRL,C3,2023-08-03,23.9,34.3,87.1
STRL,C3,2023-08-09,-17.0,6.1,46.5
STRL,C3,2023-08-15,-18.6,0.8,42.7
STRL,C3,2023-08-21,-16.9,37.2,38.3
STRL,C3,2023-08-25,-19.9,41.7,40.0
STRL,C3,2023-08-31,-21.4,34.3,53.6
STRL,C3,2023-09-07,-12.1,37.2,86.6
STRL,C3,2023-09-13,4.3,48.9,98.0
STRL,C3,2023-09-19,9.5,51.9,92.4
STRL,C3,2024-01-12,27.7,55.4,78.2
STRL,C3,2024-01-19,33.3,51.3,79.8
STRL,C3,2024-03-22,5.5,27.9,-2.6
STRL,C3,2024-06-14,16.0,50.2,91.3
STRL,C3,2024-06-21,25.3,52.3,95.3
STRL,C3,2024-07-09,38.7,54.2,127.9
STRL,C3,2024-07-15,20.8,52.0,104.3
STRL,C3,2024-07-30,39.4,30.3,165.6
STRL,C3,2024-08-05,53.3,41.3,169.1
STRL,C3,2024-08-09,86.2,24.9,174.0
STRL,C3,2025-06-05,46.8,69.8,341.4
STRL,C3,2025-06-11,57.9,56.1,331.3
STRL,C3,2025-06-17,62.7,41.4,250.8
STRL,C3,2025-06-24,47.5,35.5,188.0
STRL,C3,2025-06-30,46.5,41.8,194.6
STRL,C3,2025-07-07,47.1,30.0,
STRL,C3,2025-07-11,47.0,39.1,
STRL,C3,2025-07-17,41.8,45.3,
STRL,C3,2025-07-23,39.8,47.6,
STRL,C3,2025-07-29,52.7,46.5,
STRL,C3,2025-08-04,40.8,54.0,
STRL,C3,2025-08-08,27.0,44.6,
STRL,C3,2025-08-14,20.0,54.4,
STRL,C3,2025-10-02,-9.7,26.9,
STRL,C3,2025-10-08,-16.2,20.2,
STRL,C3,2025-10-14,-2.9,35.0,
STRL,C3,2025-10-20,-4.8,27.9,
STRL,C3,2025-12-12,37.0,183.1,
STRL,C3,2026-02-23,79.9,,
STRL,C3,2026-02-27,104.5,,
STRL,C3,2026-03-05,123.6,,
STRL,C3,2026-03-11,104.2,,
STRL,C3,2026-06-01,,,
STRL,C3,2026-06-05,,,
STRL,C3,2026-06-11,,,
STRL,C3,2026-06-17,,,
STRL,C3,2026-06-24,,,
IESC,C2,2018-09-17,-22.0,-10.4,3.4
IESC,C2,2018-10-15,-2.9,4.6,16.4
IESC,C2,2019-07-29,4.0,34.4,28.0
IESC,C2,2019-08-26,14.9,23.5,54.5
IESC,C2,2019-09-23,26.6,-15.7,46.7
IESC,C2,2019-10-21,28.9,-13.9,75.2
IESC,C2,2019-11-18,21.8,11.8,78.8
IESC,C2,2019-12-16,-37.9,-14.4,89.0
IESC,C2,2020-01-13,-30.3,-10.7,82.3
IESC,C2,2020-02-10,-13.6,19.8,90.8
IESC,C2,2020-03-09,11.1,62.5,152.5
IESC,C2,2020-04-06,1.8,88.0,170.8
IESC,C2,2020-11-30,29.3,35.8,20.5
IESC,C2,2020-12-28,16.1,10.8,10.0
IESC,C2,2021-01-25,16.1,19.6,6.0
IESC,C2,2021-02-22,15.8,8.9,-6.8
IESC,C2,2021-03-22,3.7,-8.6,-16.7
IESC,C2,2021-04-19,0.8,-1.7,-26.7
IESC,C2,2021-05-17,-4.6,2.9,-43.0
IESC,C2,2021-06-14,-17.3,-5.9,-43.8
IESC,C2,2021-07-12,-2.1,7.1,-34.6
IESC,C2,2021-08-09,9.2,-14.3,-32.0
IESC,C2,2023-04-17,32.4,42.0,169.3
IESC,C2,2023-05-15,40.5,30.3,217.5
IESC,C2,2023-06-12,27.3,57.5,150.5
IESC,C2,2023-07-10,9.6,38.0,172.5
IESC,C2,2023-08-07,-12.2,30.4,133.5
IESC,C2,2023-09-04,12.7,56.8,101.0
IESC,C2,2023-10-02,7.7,87.4,190.5
IESC,C2,2023-10-30,39.1,160.9,276.1
IESC,C2,2023-11-27,58.0,112.8,332.6
IESC,C2,2023-12-25,53.5,75.9,165.7
IESC,C2,2024-01-22,60.4,76.4,248.8
IESC,C2,2024-02-19,50.9,81.0,81.8
IESC,C2,2024-03-18,16.2,61.6,61.9
IESC,C2,2024-04-15,28.5,98.1,58.4
IESC,C2,2024-05-13,6.8,61.3,69.1
IESC,C2,2024-06-10,20.7,83.7,96.2
IESC,C2,2024-07-08,40.3,43.2,97.3
IESC,C2,2024-08-05,74.1,40.5,110.9
IESC,C2,2024-09-02,84.3,15.6,140.3
IESC,C2,2024-09-30,8.9,-22.5,84.9
IESC,C2,2024-10-28,-4.9,2.4,68.5
IESC,C2,2024-11-25,-42.4,-16.2,35.1
IESC,C2,2024-12-23,-20.8,38.6,91.5
IESC,C2,2025-01-20,-29.3,25.5,61.9
IESC,C2,2025-02-17,26.5,76.4,168.8
IESC,C2,2025-09-22,2.6,20.6,
IESC,C2,2025-10-20,5.6,37.3,
IESC,C2,2025-11-17,40.0,77.7,
IESC,C2,2025-12-15,6.5,73.7,
IESC,C2,2026-01-12,16.8,33.2,
IESC,C2,2026-02-09,31.7,,
IESC,C2,2026-03-09,69.4,,
IESC,C2,2026-04-06,17.4,,
IESC,C2,2026-05-04,,,
IESC,C2,2026-06-01,,,
IESC,C2,2026-06-29,,,
IESC,L3,2019-08-30,14.0,17.2,70.5
IESC,L3,2019-10-25,24.3,-3.3,72.3
IESC,L3,2019-12-30,-36.3,-19.6,84.5
IESC,L3,2020-01-28,-26.8,-14.2,86.2
IESC,L3,2020-04-20,38.0,104.5,199.9
IESC,L3,2020-12-01,41.2,43.8,32.3
IESC,L3,2021-02-12,8.9,5.2,-9.6
IESC,L3,2021-03-23,17.0,-1.6,-13.5
IESC,L3,2021-06-25,-11.8,-1.2,-38.6
IESC,L3,2023-05-30,58.2,52.2,163.9
IESC,L3,2023-12-04,57.4,73.3,208.6
IESC,L3,2024-07-22,33.8,33.5,109.9
IESC,L3,2024-09-13,38.2,16.1,142.6
IESC,L3,2025-09-09,30.3,24.6,
IESC,L3,2025-12-24,17.3,65.1,
IESC,L3,2026-02-06,50.4,,
IESC,L3,2026-05-18,,,
IESC,C3,2018-09-11,-15.6,-8.4,5.6
IESC,C3,2018-09-17,-20.8,-9.4,4.3
IESC,C3,2018-09-21,-21.2,-8.2,2.0
IESC,C3,2018-09-27,-16.4,-5.5,2.8
IESC,C3,2018-10-03,-12.8,-7.0,5.0
IESC,C3,2019-09-04,15.7,16.4,80.6
IESC,C3,2019-09-10,28.0,-10.9,68.9
IESC,C3,2019-09-16,22.8,-23.7,47.0
IESC,C3,2019-09-20,27.8,-14.1,62.3
IESC,C3,2019-09-26,26.2,-19.6,83.5
IESC,C3,2019-10-02,25.9,-6.5,87.3
IESC,C3,2019-10-28,22.7,1.6,73.0
IESC,C3,2019-11-01,33.8,11.1,95.2
IESC,C3,2019-11-07,25.5,6.4,90.8
IESC,C3,2020-01-06,-25.7,-17.8,90.7
IESC,C3,2020-02-03,-17.6,8.6,85.1
IESC,C3,2020-02-07,-17.0,18.8,78.9
IESC,C3,2020-12-04,26.7,28.2,23.1
IESC,C3,2020-12-10,6.1,21.5,14.8
IESC,C3,2020-12-16,-0.8,16.1,8.5
IESC,C3,2020-12-22,-2.0,5.7,10.1
IESC,C3,2020-12-29,17.8,6.4,7.1
IESC,C3,2021-01-05,19.6,11.5,13.7
IESC,C3,2021-01-11,2.9,-3.5,0.4
IESC,C3,2021-01-15,3.3,4.6,-1.1
IESC,C3,2021-01-22,1.9,5.5,-9.3
IESC,C3,2021-02-17,10.6,9.7,-8.6
IESC,C3,2021-02-23,12.7,9.3,-10.4
IESC,C3,2021-03-26,4.7,-7.0,-22.7
IESC,C3,2021-06-28,-10.7,-0.3,-39.6
IESC,C3,2023-05-31,60.5,50.6,185.3
IESC,C3,2023-06-06,39.3,59.7,162.2
IESC,C3,2023-06-12,27.3,55.2,151.6
IESC,C3,2023-06-16,26.4,54.3,155.0
IESC,C3,2023-06-23,22.6,52.0,168.5
IESC,C3,2023-06-29,14.4,38.0,175.6
IESC,C3,2023-07-06,33.7,46.6,176.6
IESC,C3,2023-07-12,12.3,40.0,144.5
IESC,C3,2023-07-18,8.3,42.4,140.2
IESC,C3,2023-07-24,9.6,47.1,165.8
IESC,C3,2023-07-28,9.4,53.7,193.0
IESC,C3,2023-08-03,6.6,55.6,203.9
IESC,C3,2023-08-09,-12.1,39.5,152.4
IESC,C3,2023-08-15,-8.9,37.1,152.9
IESC,C3,2023-08-21,-3.8,49.9,136.7
IESC,C3,2023-08-25,-3.6,56.2,99.5
IESC,C3,2023-08-31,-3.8,51.4,114.9
IESC,C3,2023-09-07,13.8,41.9,156.1
IESC,C3,2023-09-13,24.4,60.0,175.0
IESC,C3,2023-09-19,22.7,72.6,190.7
IESC,C3,2023-09-25,24.8,89.7,220.3
IESC,C3,2023-09-29,17.4,103.4,233.7
IESC,C3,2023-10-05,11.3,77.5,230.6
IESC,C3,2023-10-11,18.9,73.6,215.8
IESC,C3,2023-12-07,35.9,78.6,185.2
IESC,C3,2023-12-13,26.3,56.2,157.5
IESC,C3,2023-12-19,34.6,63.7,149.7
IESC,C3,2023-12-26,48.9,75.3,168.9
IESC,C3,2024-01-02,72.6,86.9,230.0
IESC,C3,2024-01-08,62.0,105.2,308.6
IESC,C3,2024-01-12,47.1,101.2,168.5
IESC,C3,2024-01-19,50.8,70.3,159.7
IESC,C3,2024-01-25,63.9,75.7,180.0
IESC,C3,2024-01-31,96.9,89.9,172.0
IESC,C3,2024-02-06,102.5,92.4,126.1
IESC,C3,2024-02-12,84.4,82.9,96.3
IESC,C3,2024-02-16,57.2,90.0,65.3
IESC,C3,2024-02-23,46.9,69.5,52.6
IESC,C3,2024-02-29,33.6,35.4,65.5
IESC,C3,2024-03-06,13.4,38.8,65.5
IESC,C3,2024-03-12,30.3,55.8,69.8
IESC,C3,2024-03-18,29.9,81.9,63.8
IESC,C3,2024-03-22,19.4,75.4,44.2
IESC,C3,2024-03-28,11.5,67.1,47.9
IESC,C3,2024-04-04,11.5,63.6,45.3
IESC,C3,2024-04-10,26.0,77.8,58.2
IESC,C3,2024-04-16,23.0,89.5,63.0
IESC,C3,2024-04-22,14.1,76.7,102.5
IESC,C3,2024-04-26,17.4,66.8,98.1
IESC,C3,2024-05-02,15.0,92.6,97.6
IESC,C3,2024-05-08,-4.7,60.1,38.3
IESC,C3,2024-05-14,3.3,60.0,55.3
IESC,C3,2024-05-20,10.0,75.2,70.1
IESC,C3,2024-05-24,9.9,93.1,68.0
IESC,C3,2024-05-31,5.2,84.6,77.4
IESC,C3,2024-06-06,13.2,94.6,114.5
IESC,C3,2024-06-12,18.5,58.3,115.7
IESC,C3,2024-06-18,34.9,56.0,124.8
IESC,C3,2024-07-26,46.6,52.5,134.2
IESC,C3,2024-08-01,60.9,59.4,129.7
IESC,C3,2024-08-07,74.0,43.2,110.5
IESC,C3,2024-09-17,25.1,8.9,138.5
IESC,C3,2024-09-23,12.3,-9.9,111.0
IESC,C3,2024-09-27,0.6,-17.8,94.2
IESC,C3,2024-10-03,10.9,-11.5,90.0
IESC,C3,2024-10-09,17.5,-11.2,84.6
IESC,C3,2024-10-15,25.6,-11.0,90.0
IESC,C3,2024-10-21,-6.0,-14.0,69.3
IESC,C3,2024-10-25,6.4,14.6,93.7
IESC,C3,2024-10-31,10.7,18.8,66.8
IESC,C3,2024-11-06,-17.9,2.6,35.8
IESC,C3,2024-11-12,-26.2,-13.6,50.4
IESC,C3,2024-11-18,-32.2,-3.0,58.4
IESC,C3,2024-11-22,-39.9,-2.9,63.3
IESC,C3,2024-11-29,-45.7,-13.0,46.3
IESC,C3,2024-12-05,-36.3,-3.9,45.7
IESC,C3,2024-12-11,-25.8,10.2,58.0
IESC,C3,2024-12-17,-12.7,36.3,90.0
IESC,C3,2024-12-23,-22.4,44.1,75.7
IESC,C3,2025-09-12,20.1,15.7,
IESC,C3,2025-09-18,8.6,24.2,
IESC,C3,2025-09-24,5.8,26.9,
IESC,C3,2025-09-30,2.3,31.5,
IESC,C3,2025-10-06,-6.4,36.2,
IESC,C3,2025-10-10,16.1,53.0,
IESC,C3,2025-10-16,23.7,56.4,
IESC,C3,2025-10-22,32.5,78.9,
IESC,C3,2025-10-28,-2.3,64.1,
IESC,C3,2025-12-31,23.9,60.8,
IESC,C3,2026-01-07,37.9,55.8,
IESC,C3,2026-02-10,39.5,,
IESC,C3,2026-02-17,31.0,,
IESC,C3,2026-02-23,37.3,,
IESC,C3,2026-02-27,42.3,,
IESC,C3,2026-05-22,,,
IESC,C3,2026-05-29,,,
IESC,C3,2026-06-04,,,
IESC,C3,2026-06-10,,,
IESC,C3,2026-06-16,,,
IESC,C3,2026-06-23,,,
IESC,C3,2026-06-29,,,
IESC,C3,2026-07-06,,,
IESC,C3,2026-07-10,,,
MYRG,L2,2024-05-13,-34.4,-5.2,6.3
MYRG,C2,2018-06-11,-11.0,-23.6,-7.7
MYRG,C2,2018-07-09,-17.3,-19.9,-3.9
MYRG,C2,2018-08-06,-9.4,-15.7,-20.8
MYRG,C2,2019-09-09,1.9,-29.3,7.3
MYRG,C2,2020-11-23,13.1,67.1,123.3
MYRG,C2,2020-12-21,12.8,46.2,77.2
MYRG,C2,2021-01-18,7.8,46.5,35.7
MYRG,C2,2021-02-15,41.2,65.6,63.5
MYRG,C2,2021-03-15,21.2,43.9,40.6
MYRG,C2,2021-04-12,24.9,48.6,27.3
MYRG,C2,2021-05-10,21.2,38.9,2.8
MYRG,C2,2021-06-07,18.8,21.0,0.8
MYRG,C2,2021-07-05,15.9,13.1,-2.5
MYRG,C2,2021-08-02,14.1,-8.3,-3.3
MYRG,C2,2021-08-30,1.0,-16.5,-17.3
MYRG,C2,2021-09-27,8.3,-6.7,-17.0
MYRG,C2,2021-10-25,-10.7,-22.6,-14.9
MYRG,C2,2021-11-22,-21.0,-20.3,-16.2
MYRG,C2,2021-12-20,-6.7,-21.2,-15.6
MYRG,C2,2022-01-17,-0.6,2.5,9.0
MYRG,C2,2022-02-14,-8.7,2.1,5.0
MYRG,C2,2022-03-14,-18.5,-11.6,17.8
MYRG,C2,2023-09-18,7.0,27.3,-25.0
MYRG,C2,2023-10-16,11.1,25.0,-2.6
MYRG,C2,2023-11-13,26.0,26.6,20.1
MYRG,C2,2023-12-11,5.3,-6.8,10.9
MYRG,C2,2024-01-08,21.8,5.0,2.8
MYRG,C2,2024-06-03,-40.1,12.5,12.0
MYRG,C2,2024-07-01,-21.4,15.7,42.5
MYRG,C2,2025-09-08,24.4,48.7,
MYRG,C2,2025-10-06,13.1,61.9,
MYRG,C2,2025-11-03,15.1,87.5,
MYRG,C2,2025-12-01,14.2,95.0,
MYRG,C2,2025-12-29,26.0,91.0,
MYRG,C2,2026-01-26,73.4,,
MYRG,C2,2026-02-23,72.3,,
MYRG,C2,2026-03-23,74.8,,
MYRG,C2,2026-04-20,,,
MYRG,C2,2026-05-18,,,
MYRG,C2,2026-06-15,,,
MYRG,C2,2026-07-13,,,
MYRG,L3,2020-11-04,38.1,85.6,170.8
MYRG,L3,2021-01-27,30.9,61.8,53.0
MYRG,L3,2021-03-25,31.9,52.7,35.4
MYRG,L3,2021-07-09,13.7,10.3,2.0
MYRG,L3,2021-08-05,14.5,-3.6,1.4
MYRG,L3,2021-11-02,-15.0,-21.1,-11.6
MYRG,L3,2021-12-10,-8.9,-24.7,-18.3
MYRG,L3,2023-12-08,14.5,4.6,14.5
MYRG,L3,2025-10-14,21.6,61.7,
MYRG,L3,2025-12-01,20.1,95.0,
MYRG,L3,2026-01-12,39.5,,
MYRG,L3,2026-04-07,45.2,,
MYRG,C3,2018-06-05,-15.9,-29.3,-13.8
MYRG,C3,2018-06-11,-14.1,-27.6,-8.6
MYRG,C3,2018-06-15,-13.0,-26.4,2.4
MYRG,C3,2018-06-21,-11.3,-23.5,3.6
MYRG,C3,2018-06-27,-8.1,-21.1,3.4
MYRG,C3,2020-11-05,35.4,85.1,155.8
MYRG,C3,2020-11-11,24.1,75.0,158.0
MYRG,C3,2020-11-17,19.9,68.0,121.9
MYRG,C3,2020-11-23,25.2,72.2,119.9
MYRG,C3,2020-11-30,21.9,79.1,113.1
MYRG,C3,2020-12-04,25.0,62.0,85.0
MYRG,C3,2020-12-10,26.8,47.0,80.2
MYRG,C3,2020-12-16,11.4,47.4,80.8
MYRG,C3,2020-12-22,8.7,52.2,84.6
MYRG,C3,2020-12-29,26.1,51.2,73.7
MYRG,C3,2021-02-01,48.6,73.9,64.6
MYRG,C3,2021-02-05,33.6,67.9,63.6
MYRG,C3,2021-03-31,25.9,43.2,23.3
MYRG,C3,2021-04-07,22.6,39.4,23.7
MYRG,C3,2021-04-13,27.3,48.7,25.6
MYRG,C3,2021-04-19,34.0,51.6,17.1
MYRG,C3,2021-04-23,31.3,48.6,11.6
MYRG,C3,2021-04-29,19.0,34.7,6.3
MYRG,C3,2021-05-05,17.0,35.6,1.2
MYRG,C3,2021-05-11,25.7,42.3,8.6
MYRG,C3,2021-05-17,17.4,39.4,10.8
MYRG,C3,2021-05-21,22.8,47.0,13.3
MYRG,C3,2021-05-27,21.1,26.6,7.0
MYRG,C3,2021-06-03,26.2,29.1,-1.3
MYRG,C3,2021-06-09,17.5,17.6,-6.4
MYRG,C3,2021-06-15,15.3,13.1,-0.8
MYRG,C3,2021-07-15,16.8,2.7,4.1
MYRG,C3,2021-07-21,13.1,-4.3,1.2
MYRG,C3,2021-08-09,14.0,-6.6,-1.2
MYRG,C3,2021-08-13,14.5,-3.8,-1.1
MYRG,C3,2021-08-19,21.4,-6.0,-3.7
MYRG,C3,2021-08-25,14.4,-9.2,-10.8
MYRG,C3,2021-08-31,7.7,-12.3,-14.9
MYRG,C3,2021-09-07,4.1,-14.2,-17.4
MYRG,C3,2021-09-13,-1.0,-4.4,-18.6
MYRG,C3,2021-09-17,-0.9,-3.4,-17.2
MYRG,C3,2021-09-23,7.7,-4.4,-10.9
MYRG,C3,2021-09-29,8.9,-11.3,-15.1
MYRG,C3,2021-12-13,-6.0,-20.4,-15.7
MYRG,C3,2021-12-17,-2.8,-12.3,-9.8
MYRG,C3,2021-12-23,-9.2,-19.3,-9.9
MYRG,C3,2023-12-13,12.1,-2.2,7.1
MYRG,C3,2023-12-19,11.0,-8.5,-2.1
MYRG,C3,2023-12-26,20.3,-7.2,-0.2
MYRG,C3,2024-01-02,24.9,-4.4,2.3
MYRG,C3,2024-01-08,21.6,5.0,11.7
MYRG,C3,2024-01-12,15.7,4.9,0.2
MYRG,C3,2024-01-19,16.5,6.4,0.3
MYRG,C3,2025-10-17,20.2,66.5,
MYRG,C3,2025-10-23,20.3,107.3,
MYRG,C3,2025-12-02,22.9,87.2,
MYRG,C3,2025-12-08,12.0,91.7,
MYRG,C3,2025-12-12,25.3,114.3,
MYRG,C3,2026-01-16,33.0,,
MYRG,C3,2026-01-23,35.3,,
MYRG,C3,2026-01-29,79.2,,
MYRG,C3,2026-02-04,76.0,,
MYRG,C3,2026-02-10,75.7,,
MYRG,C3,2026-02-17,64.9,,
MYRG,C3,2026-02-23,72.0,,
MYRG,C3,2026-02-27,66.8,,
MYRG,C3,2026-03-05,62.7,,
MYRG,C3,2026-03-11,65.7,,
MYRG,C3,2026-04-09,33.0,,
MYRG,C3,2026-04-15,,,
MYRG,C3,2026-04-21,,,
MYRG,C3,2026-04-27,,,
MYRG,C3,2026-05-01,,,
MYRG,C3,2026-05-07,,,
MYRG,C3,2026-05-13,,,
MYRG,C3,2026-05-19,,,
MYRG,C3,2026-05-26,,,
MYRG,C3,2026-06-01,,,
MYRG,C3,2026-06-05,,,
MYRG,C3,2026-06-11,,,
POWL,C2,2018-05-14,16.0,-4.6,6.7
POWL,C2,2018-06-11,4.2,-29.5,6.2
POWL,C2,2018-07-09,-13.5,-19.4,3.9
POWL,C2,2018-08-06,-18.8,-22.9,-3.1
POWL,C2,2018-09-03,-26.6,-18.3,-1.9
POWL,C2,2018-10-01,-19.5,-13.2,14.3
POWL,C2,2018-10-29,-6.2,2.6,37.5
POWL,C2,2018-11-26,3.0,14.3,40.0
POWL,C2,2019-11-18,-8.3,-32.7,-30.0
POWL,C2,2019-12-16,-59.5,-45.2,-39.5
POWL,C2,2020-01-13,-49.6,-39.2,-26.9
POWL,C2,2020-02-10,-33.6,-21.4,-17.3
POWL,C2,2020-03-09,10.8,8.8,55.3
POWL,C2,2021-03-08,-2.4,-29.6,-38.9
POWL,C2,2021-04-05,-9.7,-22.8,-41.1
POWL,C2,2021-05-03,-24.1,-22.4,-34.3
POWL,C2,2021-05-31,-25.2,-28.2,-16.8
POWL,C2,2021-06-28,-18.7,-2.9,-21.4
POWL,C2,2021-07-26,-10.2,5.0,-14.2
POWL,C2,2021-08-23,2.0,-16.9,2.9
POWL,C2,2023-06-05,33.5,38.2,156.4
POWL,C2,2023-07-03,43.7,39.0,150.6
POWL,C2,2023-07-31,-2.0,50.9,89.1
POWL,C2,2023-08-28,0.4,113.8,99.6
POWL,C2,2023-09-25,7.0,72.5,166.5
POWL,C2,2023-10-23,4.0,101.8,245.9
POWL,C2,2023-11-20,88.8,135.4,239.9
POWL,C2,2023-12-18,64.1,74.5,179.3
POWL,C2,2024-01-15,62.8,67.6,227.7
POWL,C2,2024-02-12,3.1,10.1,39.5
POWL,C2,2024-03-11,3.0,5.0,8.4
POWL,C2,2024-04-08,13.0,109.5,38.3
POWL,C2,2024-05-06,-2.0,106.6,4.5
POWL,C2,2024-06-03,-5.4,76.7,20.7
POWL,C2,2024-07-01,67.9,70.1,50.9
POWL,C2,2024-07-29,82.3,56.6,49.1
POWL,C2,2024-08-26,59.8,1.6,59.7
POWL,C2,2024-09-23,5.6,-19.2,33.4
POWL,C2,2024-10-21,14.4,-26.5,44.2
POWL,C2,2024-11-18,-38.8,-39.6,-2.2
POWL,C2,2024-12-16,-25.0,-28.4,36.1
POWL,C2,2025-01-13,-35.9,-12.4,61.5
POWL,C2,2025-02-10,-14.0,19.7,175.5
POWL,C2,2025-12-22,57.9,146.4,
POWL,C2,2026-01-19,81.5,,
POWL,C2,2026-02-16,53.2,,
POWL,C2,2026-03-16,72.9,,
POWL,C2,2026-04-13,-3.4,,
POWL,C2,2026-05-11,,,
POWL,C2,2026-06-08,,,
POWL,C2,2026-07-06,,,
POWL,L3,2018-08-15,-18.6,-13.8,-5.4
POWL,L3,2019-11-12,-10.0,-32.4,-29.0
POWL,L3,2019-12-23,-49.2,-44.6,-37.9
POWL,L3,2021-03-04,9.7,-18.0,-31.3
POWL,L3,2021-05-17,-29.7,-22.6,-25.0
POWL,L3,2023-06-14,39.6,67.2,148.2
POWL,L3,2023-07-26,22.0,95.7,158.0
POWL,L3,2023-09-07,3.6,96.0,133.2
POWL,L3,2023-12-12,74.4,78.5,165.2
POWL,L3,2024-03-15,2.3,28.7,6.5
POWL,L3,2024-05-15,2.4,87.1,1.9
POWL,L3,2024-06-04,-4.2,64.5,14.5
POWL,L3,2024-08-21,65.7,-2.2,54.9
POWL,L3,2024-10-30,-3.7,-31.2,29.6
POWL,L3,2025-02-06,-23.2,4.6,124.5
POWL,L3,2026-01-26,79.7,,
POWL,L3,2026-04-01,26.8,,
POWL,C3,2018-05-15,15.0,-5.9,2.3
POWL,C3,2018-05-21,16.1,-13.7,4.8
POWL,C3,2018-05-25,20.4,-9.9,9.2
POWL,C3,2018-06-01,12.9,-17.5,10.3
POWL,C3,2018-06-07,5.0,-28.5,5.3
POWL,C3,2018-06-13,3.9,-27.4,6.8
POWL,C3,2018-06-19,2.5,-33.4,10.7
POWL,C3,2018-06-25,-2.9,-27.1,9.6
POWL,C3,2018-06-29,1.4,-18.7,7.4
POWL,C3,2018-07-06,-2.6,-16.7,8.5
POWL,C3,2018-07-12,-12.6,-18.0,8.4
POWL,C3,2018-08-17,-20.0,-15.7,-5.5
POWL,C3,2018-08-23,-25.0,-23.8,-7.3
POWL,C3,2018-08-29,-23.4,-23.0,-3.5
POWL,C3,2018-09-05,-27.8,-24.5,7.1
POWL,C3,2019-11-13,-7.2,-31.7,-26.9
POWL,C3,2019-11-19,-10.4,-29.5,-31.7
POWL,C3,2019-11-25,-18.2,-30.1,-31.1
POWL,C3,2019-12-02,-23.5,-24.2,-28.8
POWL,C3,2019-12-06,-49.6,-44.4,-37.4
POWL,C3,2019-12-27,-53.7,-41.4,-32.1
POWL,C3,2020-01-03,-53.7,-45.5,-28.9
POWL,C3,2020-01-09,-50.5,-41.2,-33.8
POWL,C3,2020-01-15,-51.2,-40.0,-35.8
POWL,C3,2020-01-22,-50.5,-41.4,-33.5
POWL,C3,2020-01-28,-41.7,-36.5,-30.2
POWL,C3,2020-02-03,-34.7,-28.7,-27.0
POWL,C3,2020-02-07,-35.5,-25.3,-19.4
POWL,C3,2021-03-08,-0.6,-27.4,-37.0
POWL,C3,2021-03-12,-3.8,-33.7,-42.1
POWL,C3,2021-03-18,-4.1,-26.5,-35.0
POWL,C3,2021-03-24,2.8,-17.3,-32.8
POWL,C3,2021-03-30,-6.1,-22.0,-39.1
POWL,C3,2021-04-06,-11.9,-21.8,-40.0
POWL,C3,2021-04-12,-14.6,-21.4,-37.7
POWL,C3,2021-04-16,-16.3,-26.0,-41.0
POWL,C3,2021-04-22,-14.3,-23.9,-40.6
POWL,C3,2021-05-21,-25.2,-21.0,-18.3
POWL,C3,2021-05-27,-25.3,-29.2,-11.5
POWL,C3,2023-06-15,39.4,58.6,151.9
POWL,C3,2023-06-22,32.0,47.8,143.2
POWL,C3,2023-07-31,26.5,111.2,171.6
POWL,C3,2023-08-04,-1.4,80.8,108.0
POWL,C3,2023-08-10,6.5,99.1,127.9
POWL,C3,2023-08-16,1.4,92.8,104.2
POWL,C3,2023-08-22,7.2,125.7,97.6
POWL,C3,2023-09-13,11.9,75.0,169.1
POWL,C3,2023-09-19,13.8,76.5,188.3
POWL,C3,2024-05-16,6.2,60.4,6.1
POWL,C3,2024-06-10,-2.1,47.9,11.9
POWL,C3,2024-08-27,43.5,-13.8,60.5
POWL,C3,2024-09-03,91.3,9.8,91.8
POWL,C3,2024-09-09,60.9,17.0,88.9
POWL,C3,2024-10-31,-3.9,-26.2,29.9
POWL,C3,2024-11-06,-39.7,-47.2,-14.9
POWL,C3,2024-11-12,-43.4,-49.4,-5.9
POWL,C3,2024-11-18,-40.9,-40.8,12.5
POWL,C3,2024-11-22,-46.1,-38.6,19.6
POWL,C3,2024-11-29,-39.0,-30.3,23.2
POWL,C3,2024-12-05,-41.5,-31.4,17.3
POWL,C3,2024-12-11,-32.7,-32.9,26.8
POWL,C3,2025-02-12,-12.4,18.2,154.8
POWL,C3,2026-01-30,99.4,,
POWL,C3,2026-02-05,79.4,,
POWL,C3,2026-02-11,48.3,,
POWL,C3,2026-02-18,49.6,,
POWL,C3,2026-02-24,55.1,,
POWL,C3,2026-03-02,68.9,,
POWL,C3,2026-03-06,75.9,,
POWL,C3,2026-03-12,77.4,,
POWL,C3,2026-04-06,26.7,,
POWL,C3,2026-04-10,7.0,,
POWL,C3,2026-04-16,,,
POWL,C3,2026-04-22,,,
POWL,C3,2026-04-28,,,
POWL,C3,2026-05-04,,,
POWL,C3,2026-05-08,,,
POWL,C3,2026-05-14,,,
POWL,C3,2026-05-20,,,
POWL,C3,2026-05-27,,,
POWL,C3,2026-06-02,,,
POWL,C3,2026-06-08,,,
POWL,C3,2026-06-12,,,
POWL,C3,2026-06-18,,,
POWL,C3,2026-06-25,,,
POWL,C3,2026-07-01,,,
FSLR,L2,2019-09-02,-15.0,-31.0,14.7
FSLR,C2,2017-11-06,-0.6,18.2,-31.4
FSLR,C2,2017-12-04,-3.0,-24.8,-39.2
FSLR,C2,2018-01-01,0.8,-21.2,-33.0
FSLR,C2,2018-01-29,-0.1,-20.5,-27.1
FSLR,C2,2018-02-26,2.5,-19.0,-17.0
FSLR,C2,2018-03-26,-25.8,-31.8,-25.6
FSLR,C2,2018-04-23,-33.7,-49.5,-21.1
FSLR,C2,2018-05-21,-23.7,-36.5,-16.0
FSLR,C2,2018-06-18,-5.1,-23.0,19.5
FSLR,C2,2019-04-15,11.2,-7.7,-29.5
FSLR,C2,2019-05-13,5.7,-8.6,-32.6
FSLR,C2,2019-09-16,-14.1,-49.5,-7.4
FSLR,C2,2019-10-14,-3.1,-23.6,52.4
FSLR,C2,2020-11-16,7.4,-10.3,28.0
FSLR,C2,2020-12-14,-14.6,-17.8,-0.5
FSLR,C2,2021-01-11,-17.0,-13.6,-14.0
FSLR,C2,2021-02-08,-28.0,-4.1,-31.2
FSLR,C2,2021-03-08,-2.9,21.3,-8.0
FSLR,C2,2021-04-05,16.2,23.9,-2.5
FSLR,C2,2021-05-03,24.8,55.9,-3.3
FSLR,C2,2021-12-13,-16.7,-28.4,66.5
FSLR,C2,2022-01-10,-5.9,-21.4,117.0
FSLR,C2,2023-01-09,15.7,6.2,-11.0
FSLR,C2,2023-02-06,41.8,25.4,-7.3
FSLR,C2,2023-03-06,-7.6,-11.8,-22.3
FSLR,C2,2023-04-03,-7.5,-27.4,-14.6
FSLR,C2,2023-05-01,8.8,-14.9,7.3
FSLR,C2,2023-05-29,-9.9,-22.5,31.5
FSLR,C2,2023-06-26,-15.0,-9.4,18.6
FSLR,C2,2023-07-24,-31.3,-29.1,8.8
FSLR,C2,2023-08-21,-13.0,-19.5,30.2
FSLR,C2,2024-08-12,-15.5,-29.1,-11.3
FSLR,C2,2024-09-09,-12.7,-42.1,-11.8
FSLR,C2,2024-10-07,-10.5,-40.5,6.8
FSLR,C2,2025-12-22,-29.4,-11.4,
FSLR,C2,2026-01-19,-20.0,,
FSLR,C2,2026-02-16,6.6,,
FSLR,C2,2026-03-16,33.6,,
FSLR,C2,2026-04-13,11.3,,
FSLR,C2,2026-06-22,,,
FSLR,L3,2017-11-13,7.0,13.7,-29.5
FSLR,L3,2017-12-22,3.1,-22.9,-32.9
FSLR,L3,2018-03-28,-24.0,-29.0,-12.3
FSLR,L3,2019-09-30,-1.3,-36.6,35.9
FSLR,L3,2020-11-11,13.8,-9.0,27.2
FSLR,L3,2020-12-07,-7.7,-14.2,5.0
FSLR,L3,2021-04-09,16.6,33.2,-3.4
FSLR,L3,2023-01-27,-1.6,8.4,-15.5
FSLR,L3,2023-03-24,-12.7,-23.5,-15.1
FSLR,L3,2023-06-02,-11.9,-30.3,32.3
FSLR,L3,2023-08-09,-34.9,-22.3,9.3
FSLR,L3,2024-08-27,-18.2,-44.3,-13.6
FSLR,L3,2025-12-30,-26.0,-13.5,
FSLR,C3,2017-11-14,8.6,11.7,-26.8
FSLR,C3,2017-11-20,6.6,13.1,-24.0
FSLR,C3,2017-11-27,4.3,-5.5,-29.9
FSLR,C3,2017-12-01,12.3,-14.1,-27.6
FSLR,C3,2017-12-07,1.6,-25.4,-38.1
FSLR,C3,2017-12-28,2.7,-20.2,-30.5
FSLR,C3,2018-01-04,2.4,-20.9,-30.0
FSLR,C3,2018-03-29,-25.3,-32.0,-14.6
FSLR,C3,2018-04-05,-23.5,-34.2,-15.3
FSLR,C3,2018-04-11,-24.1,-35.3,-13.2
FSLR,C3,2018-04-17,-25.9,-35.9,-15.3
FSLR,C3,2018-04-23,-27.3,-41.5,-18.9
FSLR,C3,2018-04-27,-32.8,-46.4,-23.0
FSLR,C3,2018-05-03,-18.8,-35.1,-8.0
FSLR,C3,2018-05-09,-24.0,-38.5,-14.9
FSLR,C3,2019-04-22,10.1,-6.8,-30.0
FSLR,C3,2019-04-26,7.3,-15.7,-27.4
FSLR,C3,2019-05-02,3.6,-10.0,-34.1
FSLR,C3,2019-05-08,5.3,-13.0,-28.3
FSLR,C3,2019-05-14,-0.1,-10.1,-21.5
FSLR,C3,2019-05-20,10.6,-6.8,-16.9
FSLR,C3,2019-10-02,-0.1,-30.4,48.3
FSLR,C3,2019-10-08,-0.8,-28.1,46.5
FSLR,C3,2020-12-08,-8.2,-13.9,-4.6
FSLR,C3,2020-12-14,-7.6,-9.5,1.5
FSLR,C3,2020-12-18,-13.7,-0.9,-6.9
FSLR,C3,2020-12-24,-14.7,-11.3,-18.0
FSLR,C3,2020-12-31,-18.1,-6.4,-15.0
FSLR,C3,2021-01-07,-25.1,-18.9,-22.9
FSLR,C3,2021-01-13,-23.0,-18.2,-27.1
FSLR,C3,2021-01-20,-13.0,-20.0,-23.0
FSLR,C3,2021-01-26,-16.6,-15.7,-32.2
FSLR,C3,2021-02-01,-24.3,-5.2,-27.6
FSLR,C3,2021-02-05,-26.2,-0.5,-26.4
FSLR,C3,2021-04-15,7.6,40.3,-7.4
FSLR,C3,2021-04-21,-0.8,30.4,-12.0
FSLR,C3,2021-04-27,-6.6,33.3,-19.6
FSLR,C3,2021-05-03,21.7,54.0,-19.0
FSLR,C3,2021-05-07,28.3,48.7,-12.4
FSLR,C3,2021-05-13,39.2,50.2,-7.2
FSLR,C3,2023-01-31,-3.4,10.4,-14.2
FSLR,C3,2023-02-06,7.9,26.2,-8.5
FSLR,C3,2023-03-29,-11.1,-29.5,-14.4
FSLR,C3,2023-04-04,-8.3,-27.2,-14.5
FSLR,C3,2023-04-11,-8.9,-28.0,-14.3
FSLR,C3,2023-04-17,-9.3,-31.1,-17.4
FSLR,C3,2023-04-21,-9.0,-30.3,-11.7
FSLR,C3,2023-04-27,0.9,-28.9,-3.6
FSLR,C3,2023-05-03,12.2,-17.2,10.1
FSLR,C3,2023-06-07,-6.5,-27.0,35.6
FSLR,C3,2023-08-14,-29.5,-27.5,10.3
FSLR,C3,2023-08-18,-12.4,-20.5,25.0
FSLR,C3,2024-08-29,-6.8,-40.3,-7.2
FSLR,C3,2024-09-05,-9.6,-38.3,-1.1
FSLR,C3,2024-09-11,-18.1,-46.4,-7.0
FSLR,C3,2025-12-31,-26.4,-12.8,
FSLR,C3,2026-01-07,-16.9,-12.1,
FSLR,C3,2026-06-03,,,
FSLR,C3,2026-06-09,,,
FSLR,C3,2026-06-15,,,
FSLR,C3,2026-06-22,,,
FSLR,C3,2026-06-26,,,
FSLR,C3,2026-07-02,,,
FSLR,C3,2026-07-09,,,
NXT,C2,2024-06-03,-37.8,-34.8,5.9
NXT,C2,2024-07-01,-20.8,-14.2,43.5
NXT,C2,2024-07-29,-5.6,20.1,34.8
NXT,C2,2024-08-26,-6.2,8.2,65.4
NXT,C2,2025-04-07,57.3,111.1,200.7
NXT,C2,2025-05-05,20.8,124.8,170.5
NXT,C2,2025-06-02,19.0,53.7,123.3
NXT,C2,2025-06-30,16.3,39.9,70.2
NXT,C2,2025-07-28,78.9,107.0,
NXT,C2,2025-08-25,36.2,56.3,
NXT,C2,2025-09-22,24.9,64.3,
NXT,C2,2025-10-20,6.8,23.5,
NXT,C2,2025-11-17,37.0,49.8,
NXT,C2,2025-12-15,29.0,41.9,
NXT,C2,2026-01-12,15.6,7.0,
NXT,C2,2026-02-09,23.9,,
NXT,C2,2026-03-09,1.9,,
NXT,C2,2026-04-06,-5.5,,
NXT,C2,2026-05-04,,,
NXT,C2,2026-06-01,,,
NXT,C2,2026-06-29,,,
NXT,L3,2025-05-22,22.4,61.8,134.7
NXT,L3,2025-07-21,45.8,74.4,
NXT,L3,2025-09-17,27.2,89.8,
NXT,L3,2025-12-10,36.3,40.8,
NXT,L3,2025-12-30,24.1,29.5,
NXT,L3,2026-04-01,-9.6,,
NXT,L3,2026-06-01,,,
NXT,C3,2024-05-28,-26.7,-27.9,8.7
NXT,C3,2024-06-03,-33.6,-33.1,10.1
NXT,C3,2024-06-07,-35.7,-36.7,2.9
NXT,C3,2024-06-13,-38.3,-42.2,-10.2
NXT,C3,2024-06-20,-35.0,-35.2,17.2
NXT,C3,2024-06-26,-16.5,-21.6,32.4
NXT,C3,2024-07-02,-19.8,-3.1,33.5
NXT,C3,2024-07-09,-27.1,-12.4,30.3
NXT,C3,2024-07-15,-28.4,-11.1,35.9
NXT,C3,2025-05-23,20.8,63.5,124.2
NXT,C3,2025-05-30,17.8,59.9,115.0
NXT,C3,2025-06-05,11.6,55.0,118.3
NXT,C3,2025-06-11,12.5,46.3,88.2
NXT,C3,2025-06-17,19.4,54.6,94.3
NXT,C3,2025-07-23,43.6,90.6,
NXT,C3,2025-07-29,58.2,84.7,
NXT,C3,2025-08-04,77.3,116.4,
NXT,C3,2025-09-23,29.2,70.8,
NXT,C3,2025-09-29,14.4,43.4,
NXT,C3,2025-10-03,15.1,44.6,
NXT,C3,2025-10-09,19.5,32.8,
NXT,C3,2025-10-15,3.4,33.5,
NXT,C3,2025-10-21,19.6,27.4,
NXT,C3,2025-10-27,18.8,25.2,
NXT,C3,2025-10-31,13.1,24.7,
NXT,C3,2025-11-06,12.5,35.4,
NXT,C3,2025-11-12,29.0,25.4,
NXT,C3,2025-11-18,33.2,51.5,
NXT,C3,2025-12-12,36.9,39.1,
NXT,C3,2025-12-31,25.3,28.0,
NXT,C3,2026-01-07,25.6,20.3,
NXT,C3,2026-01-13,11.1,,
NXT,C3,2026-01-20,29.2,,
NXT,C3,2026-01-26,6.5,,
NXT,C3,2026-01-30,5.3,,
NXT,C3,2026-02-05,10.3,,
NXT,C3,2026-02-11,20.3,,
NXT,C3,2026-02-18,-2.8,,
NXT,C3,2026-02-24,13.8,,
NXT,C3,2026-04-08,-14.4,,
NXT,C3,2026-06-02,,,
NXT,C3,2026-06-08,,,
NXT,C3,2026-06-12,,,
FLNC,C2,2022-11-21,1.0,24.5,1.6
FLNC,C2,2022-12-19,-5.4,39.9,47.9
FLNC,C2,2023-01-16,-10.7,28.1,-11.5
FLNC,C2,2023-02-13,6.7,12.1,-5.9
FLNC,C2,2023-03-13,70.6,65.4,-7.6
FLNC,C2,2023-04-10,29.7,-3.0,-24.4
FLNC,C2,2023-05-08,11.0,-23.8,-25.6
FLNC,C2,2023-06-05,2.9,-14.8,-13.1
FLNC,C2,2023-07-03,-14.8,-11.8,-32.0
FLNC,C2,2023-07-31,-33.1,-30.3,-48.4
FLNC,C2,2023-08-28,-6.4,-43.9,-33.3
FLNC,C2,2023-09-25,3.7,-24.6,-0.3
FLNC,C2,2023-10-23,16.6,-2.4,19.7
FLNC,C2,2025-10-20,38.0,-31.5,
FLNC,C2,2025-11-17,7.5,39.5,
FLNC,C2,2025-12-15,-24.2,24.2,
FLNC,C2,2026-01-12,-50.0,-48.0,
FLNC,C2,2026-02-09,12.5,,
FLNC,C2,2026-03-09,44.7,,
FLNC,C2,2026-04-06,17.3,,
FLNC,C2,2026-05-04,,,
FLNC,C2,2026-06-01,,,
FLNC,C2,2026-06-29,,,
FLNC,L3,2023-04-10,44.5,4.5,-20.8
FLNC,L3,2023-07-26,-33.7,-29.2,-50.7
FLNC,L3,2025-10-23,93.3,-24.0,
FLNC,L3,2026-05-27,,,
FLNC,C3,2022-11-22,24.4,61.2,49.2
FLNC,C3,2022-11-29,27.3,57.5,26.9
FLNC,C3,2022-12-05,12.4,79.2,63.5
FLNC,C3,2022-12-09,2.7,66.4,58.8
FLNC,C3,2022-12-15,-20.9,10.8,14.0
FLNC,C3,2022-12-21,-16.8,40.0,13.0
FLNC,C3,2022-12-28,24.2,57.6,35.2
FLNC,C3,2023-01-04,21.8,76.1,19.6
FLNC,C3,2023-01-10,7.7,52.1,5.8
FLNC,C3,2023-01-17,-4.4,30.9,-5.7
FLNC,C3,2023-01-23,-29.0,17.4,-25.8
FLNC,C3,2023-01-27,-25.6,24.8,-1.4
FLNC,C3,2023-02-02,-16.6,15.2,-10.1
FLNC,C3,2023-02-08,1.8,2.6,-33.4
FLNC,C3,2023-02-14,1.0,4.2,-30.5
FLNC,C3,2023-02-21,20.6,28.2,-20.8
FLNC,C3,2023-02-27,29.5,43.8,-20.5
FLNC,C3,2023-04-11,31.6,1.4,-22.9
FLNC,C3,2023-04-17,42.3,-13.5,-13.2
FLNC,C3,2023-04-21,39.4,-7.5,3.8
FLNC,C3,2023-04-27,59.4,-8.2,3.6
FLNC,C3,2023-05-03,62.7,9.2,11.0
FLNC,C3,2023-05-09,26.4,-15.7,-4.6
FLNC,C3,2023-05-15,-14.0,-22.6,-3.7
FLNC,C3,2023-05-19,10.0,-13.2,12.2
FLNC,C3,2023-05-25,17.3,12.9,0.6
FLNC,C3,2023-06-01,13.0,-7.4,-9.1
FLNC,C3,2023-06-07,-0.9,-19.4,-22.0
FLNC,C3,2023-06-13,-12.5,-8.8,-34.6
FLNC,C3,2023-06-20,-16.0,-4.6,-40.0
FLNC,C3,2023-06-26,-4.1,2.8,-26.6
FLNC,C3,2023-06-30,-23.3,-19.3,-37.5
FLNC,C3,2023-07-07,-15.9,-14.2,-34.5
FLNC,C3,2023-07-31,-40.8,-36.8,-46.1
FLNC,C3,2023-08-04,-33.9,-21.0,-39.3
FLNC,C3,2023-08-10,-34.1,-21.9,-31.7
FLNC,C3,2023-08-16,-19.4,-35.0,-20.6
FLNC,C3,2025-10-29,58.9,-6.5,
FLNC,C3,2025-11-04,1.1,15.2,
FLNC,C3,2025-11-10,-15.3,-17.8,
FLNC,C3,2025-11-14,-7.6,19.1,
FLNC,C3,2025-11-20,4.4,75.0,
FLNC,C3,2025-11-26,-16.8,20.6,
FLNC,C3,2025-12-03,-15.0,22.3,
FLNC,C3,2025-12-09,-29.9,-2.2,
FLNC,C3,2025-12-15,-29.7,-8.2,
FLNC,C3,2025-12-19,-25.1,-0.4,
FLNC,C3,2025-12-26,-35.6,-19.8,
FLNC,C3,2026-01-02,-43.0,-34.1,
FLNC,C3,2026-01-08,-30.1,-33.6,
FLNC,C3,2026-01-14,-44.2,,
FLNC,C3,2026-01-21,-49.2,,
FLNC,C3,2026-01-27,-57.2,,
FLNC,C3,2026-02-02,-56.1,,
FLNC,C3,2026-02-06,9.5,,
FLNC,C3,2026-02-12,12.0,,
FLNC,C3,2026-02-19,29.8,,
FLNC,C3,2026-02-25,15.6,,
FLNC,C3,2026-03-03,82.0,,
FLNC,C3,2026-03-09,37.7,,
FLNC,C3,2026-06-02,,,
FLNC,C3,2026-06-08,,,
FLNC,C3,2026-06-12,,,
FLNC,C3,2026-06-18,,,
FLNC,C3,2026-06-25,,,
EOSE,C2,2023-08-07,-46.4,-51.5,-36.4
EOSE,C2,2025-01-06,-14.7,-6.7,208.1
EOSE,C2,2025-02-03,16.5,19.5,131.0
EOSE,C2,2025-03-03,-16.5,56.7,33.3
EOSE,C2,2025-03-31,33.0,229.8,30.1
EOSE,C2,2025-04-28,3.4,200.8,21.0
EOSE,C2,2025-05-26,65.9,261.8,102.6
EOSE,C2,2025-06-23,129.5,168.7,34.5
EOSE,C2,2025-07-21,152.1,168.6,
EOSE,C2,2025-08-18,95.6,69.3,
EOSE,C2,2025-09-15,33.9,-46.8,
EOSE,C2,2025-10-13,16.0,-52.4,
EOSE,C2,2025-11-10,-19.6,-43.0,
EOSE,C2,2025-12-08,-61.5,-59.2,
EOSE,C2,2026-01-05,-63.2,-71.2,
EOSE,C2,2026-02-02,-34.9,,
EOSE,L3,2025-01-22,-10.6,1.4,112.3
EOSE,L3,2025-05-13,-13.8,91.2,26.6
EOSE,L3,2025-07-18,155.7,191.5,
EOSE,L3,2025-12-10,-61.9,-48.3,
EOSE,C3,2025-01-23,-11.5,-7.9,82.2
EOSE,C3,2025-01-29,-2.0,18.7,112.9
EOSE,C3,2025-02-04,1.0,2.9,94.6
EOSE,C3,2025-02-10,28.5,17.2,112.6
EOSE,C3,2025-02-14,26.5,29.0,20.4
EOSE,C3,2025-02-21,31.5,59.2,36.8
EOSE,C3,2025-02-27,2.0,80.3,50.4
EOSE,C3,2025-03-05,-22.7,38.2,6.2
EOSE,C3,2025-05-14,-8.8,94.2,29.5
EOSE,C3,2025-05-20,1.9,111.6,32.3
EOSE,C3,2025-05-27,21.1,131.0,6.3
EOSE,C3,2025-06-02,76.9,261.2,53.7
EOSE,C3,2025-06-06,78.9,328.1,91.1
EOSE,C3,2025-07-22,149.8,148.9,
EOSE,C3,2025-07-28,142.9,128.5,
EOSE,C3,2025-08-01,183.5,123.4,
EOSE,C3,2025-08-07,178.4,64.5,
EOSE,C3,2025-08-13,139.8,80.6,
EOSE,C3,2025-08-19,111.2,84.0,
EOSE,C3,2025-08-25,113.7,-3.3,
EOSE,C3,2025-08-29,85.2,-10.6,
EOSE,C3,2025-09-05,114.0,-20.8,
EOSE,C3,2025-09-11,105.5,-23.5,
EOSE,C3,2025-09-17,44.8,-40.0,
EOSE,C3,2025-09-23,18.3,-51.2,
EOSE,C3,2025-09-29,2.6,-59.9,
EOSE,C3,2025-10-03,11.0,-51.1,
EOSE,C3,2025-10-09,14.9,-51.1,
EOSE,C3,2025-10-15,-5.3,-62.1,
EOSE,C3,2025-10-21,-0.7,-61.1,
EOSE,C3,2025-10-27,-4.8,-59.5,
EOSE,C3,2025-10-31,-29.6,-46.5,
EOSE,C3,2025-11-06,-24.3,-48.6,
EOSE,C3,2025-11-12,-33.1,-52.7,
EOSE,C3,2025-11-18,-14.8,-33.3,
EOSE,C3,2025-11-24,-55.0,-37.5,
EOSE,C3,2025-12-11,-67.9,-55.4,
EOSE,C3,2025-12-17,-58.5,-51.7,
BE,L2,2026-01-19,59.5,,
BE,C2,2020-04-27,65.4,72.0,253.3
BE,C2,2020-07-06,67.1,153.6,68.4
BE,C2,2020-08-03,16.7,237.8,72.9
BE,C2,2020-08-31,93.8,77.7,51.9
BE,C2,2020-09-28,79.5,65.0,15.7
BE,C2,2020-10-26,176.2,105.5,147.3
BE,C2,2020-11-23,11.3,-5.7,6.4
BE,C2,2020-12-21,-13.7,-10.3,-27.9
BE,C2,2021-01-18,-36.2,-46.5,-61.2
BE,C2,2021-02-15,-30.4,-37.6,-42.7
BE,C2,2021-03-15,-8.9,-27.7,-11.6
BE,C2,2021-04-12,-18.2,-14.6,-9.2
BE,C2,2021-05-10,4.6,68.2,-31.6
BE,C2,2022-12-05,-1.7,-26.0,-32.0
BE,C2,2023-01-30,-31.1,-35.7,-53.0
BE,C2,2023-02-27,-36.4,-33.2,-60.0
BE,C2,2025-03-31,46.0,443.9,717.0
BE,C2,2025-04-28,123.4,703.9,1667.2
BE,C2,2026-02-09,97.5,,
BE,C2,2026-03-09,68.4,,
BE,C2,2026-04-06,46.7,,
BE,C2,2026-05-04,,,
BE,C2,2026-06-01,,,
BE,C2,2026-06-29,,,
BE,L3,2020-08-07,23.8,222.5,56.0
BE,L3,2020-10-16,99.4,45.5,55.1
BE,L3,2020-12-09,12.0,-0.5,-13.4
BE,L3,2025-03-25,-4.0,265.9,535.1
BE,L3,2025-05-05,125.5,728.5,1485.2
BE,L3,2026-02-10,104.0,,
BE,L3,2026-03-16,85.4,,
BE,L3,2026-05-11,,,
BE,L3,2026-07-06,,,
BE,C3,2020-04-28,63.0,63.7,160.2
BE,C3,2020-05-04,94.3,113.6,181.6
BE,C3,2020-06-19,79.1,224.4,182.3
BE,C3,2020-06-25,99.5,235.8,174.3
BE,C3,2020-08-13,25.3,122.3,47.7
BE,C3,2020-08-19,11.1,61.8,26.8
BE,C3,2020-08-25,68.5,63.3,31.9
BE,C3,2020-10-22,136.9,56.4,92.5
BE,C3,2020-10-28,162.6,52.3,134.9
BE,C3,2020-11-03,193.7,33.0,109.2
BE,C3,2020-12-11,3.9,3.1,-10.9
BE,C3,2020-12-17,-7.1,4.0,-16.9
BE,C3,2020-12-23,-17.4,-13.0,-33.9
BE,C3,2020-12-30,-9.5,-18.3,-30.8
BE,C3,2021-01-06,-20.7,-30.7,-44.0
BE,C3,2021-01-12,-30.7,-41.4,-56.2
BE,C3,2021-01-19,-39.6,-47.0,-66.0
BE,C3,2021-01-25,-27.9,-43.4,-63.4
BE,C3,2021-01-29,-33.7,-38.9,-54.1
BE,C3,2021-02-04,-51.9,-47.4,-52.3
BE,C3,2021-02-10,-51.0,-51.0,-57.7
BE,C3,2021-02-17,-33.6,-37.0,-32.7
BE,C3,2021-02-23,-18.6,-24.3,-25.4
BE,C3,2021-03-01,-18.8,-27.5,-22.9
BE,C3,2022-11-28,7.8,-28.1,-35.8
BE,C3,2025-03-27,0.6,300.2,658.1
BE,C3,2025-04-02,15.1,314.7,894.6
BE,C3,2025-04-08,52.5,570.2,1249.9
BE,C3,2025-04-14,39.6,509.3,1164.6
BE,C3,2025-05-08,139.3,635.0,1685.8
BE,C3,2026-03-17,105.5,,
BE,C3,2026-03-23,118.8,,
BE,C3,2026-05-12,,,
BE,C3,2026-05-18,,,
BE,C3,2026-05-22,,,
BE,C3,2026-07-09,,,
BE,C3,2026-07-15,,,
ALB,C2,2020-03-30,49.8,70.9,190.0
ALB,C2,2020-11-02,40.4,45.8,145.1
ALB,C2,2020-11-30,3.6,25.3,82.3
ALB,C2,2020-12-28,2.4,16.2,59.8
ALB,C2,2021-01-25,3.7,27.3,27.8
ALB,C2,2021-02-22,6.6,51.3,23.1
ALB,C2,2021-03-22,11.1,51.1,45.8
ALB,C2,2021-04-19,18.3,44.2,25.4
ALB,C2,2021-05-17,38.0,77.0,49.3
ALB,C2,2021-06-14,43.8,46.0,35.2
ALB,C2,2021-07-12,26.8,29.8,11.9
ALB,C2,2021-08-09,17.7,-1.5,20.5
ALB,C2,2021-09-06,9.2,-23.1,25.4
ALB,C2,2021-10-04,9.9,-1.5,27.6
ALB,C2,2021-11-01,-20.6,-10.7,5.3
ALB,C2,2021-11-29,-28.7,0.1,13.8
ALB,C2,2021-12-27,-3.6,-11.9,-6.6
ALB,C2,2022-01-24,-6.3,18.9,37.5
ALB,C2,2022-02-21,41.4,50.7,30.8
ALB,C2,2022-03-21,3.5,24.2,0.7
ALB,C2,2022-06-13,35.7,14.9,8.3
ALB,C2,2022-11-07,-17.4,-39.6,-63.8
ALB,C2,2022-12-05,-11.0,-12.6,-49.1
ALB,C2,2023-01-02,-12.0,7.6,-38.2
ALB,C2,2023-01-30,-37.3,-30.1,-59.9
ALB,C2,2026-04-27,,,
ALB,C2,2026-05-25,,,
ALB,C2,2026-06-22,,,
ALB,L3,2020-12-16,8.1,22.8,72.6
ALB,L3,2021-05-03,24.9,64.9,29.6
ALB,L3,2021-11-16,-29.9,-10.4,-0.2
ALB,L3,2022-01-20,-8.4,9.2,34.5
ALB,L3,2022-03-15,11.5,58.9,20.9
ALB,L3,2022-11-18,-9.8,-26.9,-56.4
ALB,L3,2026-04-13,-35.4,,
ALB,C3,2020-12-17,6.9,21.9,71.8
ALB,C3,2020-12-23,-2.8,15.3,58.5
ALB,C3,2020-12-30,2.7,13.0,62.2
ALB,C3,2021-01-06,-15.4,4.7,30.3
ALB,C3,2021-01-12,-16.5,3.1,17.1
ALB,C3,2021-01-19,-15.7,5.7,12.2
ALB,C3,2021-01-25,-4.0,17.0,22.5
ALB,C3,2021-01-29,-0.1,35.1,46.5
ALB,C3,2021-02-04,3.2,53.1,57.1
ALB,C3,2021-02-10,5.2,39.4,23.9
ALB,C3,2021-02-17,0.6,45.4,25.4
ALB,C3,2021-05-04,35.2,68.8,42.2
ALB,C3,2021-05-10,48.3,71.4,51.1
ALB,C3,2021-05-14,32.4,67.5,46.1
ALB,C3,2021-05-20,44.6,74.8,53.1
ALB,C3,2021-05-26,46.2,64.9,60.2
ALB,C3,2021-06-02,43.6,46.5,31.6
ALB,C3,2021-06-08,38.6,49.9,21.6
ALB,C3,2021-06-14,39.0,37.6,34.5
ALB,C3,2021-06-18,37.3,43.0,33.2
ALB,C3,2021-06-24,34.1,40.6,23.2
ALB,C3,2021-06-30,30.2,44.5,17.2
ALB,C3,2021-07-07,31.0,33.9,25.3
ALB,C3,2021-07-13,21.2,26.8,24.0
ALB,C3,2021-07-19,32.7,19.9,38.1
ALB,C3,2021-07-23,26.0,8.3,24.3
ALB,C3,2021-07-29,23.7,9.6,28.7
ALB,C3,2021-08-04,32.0,10.0,36.7
ALB,C3,2021-08-10,11.4,-4.4,16.1
ALB,C3,2021-08-16,20.8,-15.3,28.4
ALB,C3,2021-08-20,29.4,-12.3,17.8
ALB,C3,2021-08-26,19.8,-19.0,27.2
ALB,C3,2021-09-01,5.3,-21.5,29.3
ALB,C3,2021-09-08,7.8,-23.7,21.2
ALB,C3,2021-09-14,4.2,-13.3,15.9
ALB,C3,2021-09-20,4.2,1.3,23.5
ALB,C3,2021-09-24,3.0,-2.0,24.9
ALB,C3,2021-09-30,8.3,-3.1,15.6
ALB,C3,2021-10-06,6.3,-7.5,13.9
ALB,C3,2021-10-12,8.6,1.0,25.6
ALB,C3,2021-10-18,-8.2,-15.9,19.0
ALB,C3,2021-10-22,-11.0,-16.4,19.4
ALB,C3,2021-11-19,-34.4,-3.4,1.7
ALB,C3,2021-11-26,-28.3,-5.7,-3.4
ALB,C3,2021-12-02,-30.7,-7.0,-4.6
ALB,C3,2021-12-08,-33.3,-18.3,-11.0
ALB,C3,2021-12-14,-18.4,-10.8,-11.5
ALB,C3,2021-12-20,-1.6,2.7,-1.0
ALB,C3,2021-12-27,-4.1,-13.7,-3.3
ALB,C3,2022-01-26,-6.0,16.9,31.3
ALB,C3,2022-02-01,5.2,9.0,21.0
ALB,C3,2022-03-17,10.3,39.0,14.0
ALB,C3,2022-03-23,9.0,33.9,-4.9
ALB,C3,2022-03-29,-7.6,27.9,-8.8
ALB,C3,2022-04-04,-8.8,23.4,-8.6
ALB,C3,2022-06-03,11.5,2.4,-8.3
ALB,C3,2022-06-09,23.3,2.6,-8.3
ALB,C3,2022-11-21,-9.0,-31.3,-59.7
ALB,C3,2022-11-28,-2.4,-19.6,-52.1
ALB,C3,2022-12-02,-16.6,-22.9,-47.7
ALB,C3,2022-12-08,-16.1,-10.4,-42.6
ALB,C3,2026-04-17,,,
ALB,C3,2026-04-23,,,
ALB,C3,2026-04-29,,,
ALB,C3,2026-05-05,,,
ALB,C3,2026-05-11,,,
ALB,C3,2026-05-15,,,
ALB,C3,2026-05-21,,,
DE,L2,2019-09-16,6.9,-31.4,38.0
DE,C2,2018-03-19,-2.9,4.2,7.3
DE,C2,2018-04-16,-6.2,0.2,17.3
DE,C2,2018-05-14,-9.0,-3.8,-11.4
DE,C2,2019-04-08,2.9,6.9,-8.0
DE,C2,2019-05-06,-0.3,15.3,-10.5
DE,C2,2019-06-03,5.7,12.1,14.3
DE,C2,2019-09-30,5.1,-18.4,36.6
DE,C2,2019-10-28,-9.6,-20.7,30.7
DE,C2,2019-11-25,-6.5,-8.6,58.8
DE,C2,2019-12-23,-22.8,-14.4,56.0
DE,C2,2020-01-20,-18.0,4.2,82.5
DE,C2,2020-08-10,32.2,64.8,103.2
DE,C2,2020-09-07,18.8,72.2,70.0
DE,C2,2020-10-05,25.5,61.4,47.7
DE,C2,2020-11-02,25.2,60.0,45.0
DE,C2,2020-11-30,38.5,41.5,39.3
DE,C2,2020-12-28,38.6,31.7,28.9
DE,C2,2021-01-25,28.7,25.8,30.9
DE,C2,2021-02-22,3.7,9.2,0.5
DE,C2,2021-03-22,-5.8,-5.7,18.5
DE,C2,2021-04-19,-5.5,-8.9,8.5
DE,C2,2021-05-17,-2.1,-3.2,-11.9
DE,C2,2021-06-14,6.4,6.1,-0.8
DE,C2,2021-07-12,-2.6,11.5,-12.0
DE,C2,2021-08-09,-6.3,2.9,-2.9
DE,C2,2021-09-06,-1.0,7.9,3.8
DE,C2,2023-01-02,-13.1,-4.4,-5.9
DE,C2,2023-01-30,-5.9,5.1,-2.0
DE,C2,2023-09-11,-6.0,-6.3,-2.8
DE,C2,2023-10-09,1.9,5.1,9.6
DE,C2,2025-01-13,-0.4,10.5,14.5
DE,C2,2025-02-10,11.1,2.5,27.3
DE,C2,2025-03-10,7.1,-0.8,22.6
DE,C2,2025-04-07,12.0,-2.1,33.5
DE,C2,2025-05-05,3.9,-4.4,18.2
DE,C2,2025-06-02,-8.7,-8.0,13.7
DE,C2,2025-06-30,-10.8,-9.8,20.7
DE,C2,2025-07-28,-7.5,6.1,
DE,C2,2025-08-25,-2.6,32.5,
DE,C2,2025-09-22,1.4,23.0,
DE,C2,2025-10-20,9.2,19.8,
DE,C2,2026-04-13,1.4,,
DE,C2,2026-05-11,,,
DE,C2,2026-06-08,,,
DE,L3,2019-04-17,0.3,6.8,-9.4
DE,L3,2019-10-29,-8.7,-23.4,45.6
DE,L3,2020-01-17,-22.3,0.6,66.7
DE,L3,2020-08-18,34.4,81.0,100.6
DE,L3,2021-01-29,31.8,26.8,38.4
DE,L3,2021-05-17,-2.9,-6.4,-8.4
DE,L3,2021-08-27,-8.7,3.4,-0.7
DE,L3,2024-12-27,4.8,19.7,18.2
DE,L3,2025-02-10,6.2,5.2,39.0
DE,L3,2025-05-23,-3.0,-8.3,13.9
DE,L3,2025-06-26,-8.2,-7.5,17.2
DE,L3,2026-04-17,,,
DE,L3,2026-06-18,,,
DE,C3,2018-03-13,-6.5,-6.8,-0.5
DE,C3,2019-04-18,0.0,4.5,-12.5
DE,C3,2019-04-25,5.7,8.6,-16.8
DE,C3,2019-05-01,-3.1,9.9,-19.4
DE,C3,2019-05-07,-1.3,14.1,-10.9
DE,C3,2019-05-13,-1.7,20.3,-1.9
DE,C3,2019-05-17,13.3,28.8,15.0
DE,C3,2019-05-23,11.0,30.6,20.4
DE,C3,2019-11-01,-3.7,-22.6,43.5
DE,C3,2019-11-07,-3.0,-28.5,47.4
DE,C3,2019-11-13,-5.7,-17.9,51.6
DE,C3,2019-11-19,-3.6,-10.9,49.7
DE,C3,2019-11-25,-6.8,-9.4,45.4
DE,C3,2019-12-02,-0.3,0.7,57.6
DE,C3,2020-01-23,-18.3,5.9,78.0
DE,C3,2020-01-29,-13.2,12.4,100.3
DE,C3,2020-02-04,-16.8,16.7,96.2
DE,C3,2020-08-19,33.6,82.4,99.1
DE,C3,2020-08-25,25.2,67.9,82.9
DE,C3,2020-08-31,23.7,69.0,74.1
DE,C3,2020-09-04,19.9,78.3,67.1
DE,C3,2020-09-11,17.4,73.6,64.6
DE,C3,2020-09-17,23.5,67.8,61.8
DE,C3,2020-09-23,25.9,75.9,59.9
DE,C3,2020-09-29,22.5,71.1,52.7
DE,C3,2020-10-05,32.4,67.7,48.2
DE,C3,2020-10-09,28.7,63.0,47.6
DE,C3,2020-10-15,26.7,58.8,43.5
DE,C3,2020-10-21,25.6,60.1,51.9
DE,C3,2020-10-27,28.2,66.7,59.6
DE,C3,2020-11-02,33.8,66.3,56.6
DE,C3,2020-11-06,27.3,55.7,45.8
DE,C3,2020-11-12,21.4,45.8,49.9
DE,C3,2020-11-18,34.7,41.5,34.2
DE,C3,2020-11-24,34.8,38.0,39.7
DE,C3,2020-12-01,39.0,37.7,39.2
DE,C3,2021-02-03,31.2,25.7,30.0
DE,C3,2021-02-09,20.2,22.1,18.4
DE,C3,2021-02-16,13.3,11.4,10.6
DE,C3,2021-02-22,7.1,13.1,14.4
DE,C3,2021-02-26,4.7,8.4,6.8
DE,C3,2021-03-04,5.4,10.1,16.2
DE,C3,2021-03-10,-5.2,-1.0,18.2
DE,C3,2021-03-16,-11.9,-8.6,18.1
DE,C3,2021-03-22,-6.2,-5.5,13.3
DE,C3,2021-03-26,-5.8,-9.3,12.0
DE,C3,2021-04-01,-5.8,-8.6,14.1
DE,C3,2021-04-08,-5.0,-11.1,18.4
DE,C3,2021-04-14,-10.0,-12.5,2.2
DE,C3,2021-04-20,-4.9,-7.5,3.1
DE,C3,2021-05-19,-1.7,-2.0,0.9
DE,C3,2021-05-25,5.6,-3.0,1.7
DE,C3,2021-09-01,-7.0,-1.5,-3.0
DE,C3,2021-09-08,-2.0,5.6,-2.8
DE,C3,2021-09-14,-3.1,19.3,-5.5
DE,C3,2021-09-20,3.3,29.2,-0.2
DE,C3,2021-09-24,0.4,20.0,3.4
DE,C3,2025-01-02,-0.9,22.2,24.7
DE,C3,2025-01-08,14.5,22.7,27.2
DE,C3,2025-01-15,3.3,20.8,25.3
DE,C3,2025-02-13,14.0,5.1,36.9
DE,C3,2025-02-20,3.2,0.1,20.8
DE,C3,2025-05-30,-7.0,-4.0,15.6
DE,C3,2025-06-05,-6.6,-7.6,16.9
DE,C3,2025-06-11,-9.6,-6.2,22.7
DE,C3,2025-07-01,-8.8,-3.7,17.4
DE,C3,2025-07-08,-9.1,-2.9,
DE,C3,2026-03-27,11.4,,
DE,C3,2026-04-21,,,
DE,C3,2026-04-27,,,
DE,C3,2026-05-01,,,
HON,L2,2018-07-30,-1.6,-1.6,15.4
HON,L2,2023-08-14,3.1,6.3,8.8
HON,L2,2024-08-19,13.7,5.2,12.3
HON,C2,2018-03-12,-0.5,9.9,9.0
HON,C2,2018-04-09,1.5,9.2,18.5
HON,C2,2018-05-07,4.4,7.5,24.1
HON,C2,2018-08-06,2.9,2.3,16.0
HON,C2,2018-09-03,-10.6,-1.8,12.0
HON,C2,2018-10-01,-14.9,2.8,5.1
HON,C2,2018-10-29,0.0,20.6,23.6
HON,C2,2018-11-26,6.7,13.1,24.1
HON,C2,2019-07-08,-7.2,1.9,-17.7
HON,C2,2019-08-05,9.3,6.2,-4.8
HON,C2,2019-09-02,3.0,-3.2,-0.3
HON,C2,2019-12-23,-25.2,-20.7,21.5
HON,C2,2020-01-20,-23.1,-14.6,16.8
HON,C2,2020-02-17,-21.6,-10.8,15.8
HON,C2,2021-01-25,14.7,20.7,5.2
HON,C2,2021-02-22,14.6,15.2,-5.1
HON,C2,2021-03-22,0.5,1.1,-7.8
HON,C2,2021-04-19,2.6,-2.4,-13.5
HON,C2,2021-05-17,2.4,-1.3,-13.4
HON,C2,2021-06-14,3.2,-2.6,-13.8
HON,C2,2021-07-12,-3.8,-4.7,-23.5
HON,C2,2021-08-09,-3.6,-19.0,-11.6
HON,C2,2021-09-06,-5.2,-17.2,-12.1
HON,C2,2021-10-04,-0.5,-11.8,-19.7
HON,C2,2021-11-01,-14.9,-12.7,-6.2
HON,C2,2021-11-29,-7.4,-3.2,9.9
HON,C2,2023-01-23,-3.5,-5.2,-0.9
HON,C2,2023-02-20,1.4,-1.9,6.2
HON,C2,2023-03-20,6.9,1.9,9.1
HON,C2,2023-04-17,6.9,-6.5,1.3
HON,C2,2023-05-15,-4.9,-2.0,6.7
HON,C2,2023-08-28,5.6,6.7,12.8
HON,C2,2024-03-25,4.6,2.3,4.7
HON,C2,2024-04-22,5.4,8.7,5.1
HON,C2,2024-09-16,12.8,4.4,5.1
HON,C2,2024-10-14,0.7,-10.5,-6.7
HON,C2,2024-11-11,-11.5,-1.6,-5.8
HON,C2,2024-12-09,-7.5,-0.4,-7.8
HON,C2,2025-01-06,-8.5,9.3,3.0
HON,C2,2025-02-03,4.2,6.4,25.8
HON,C2,2025-03-03,7.2,0.9,18.9
HON,C2,2025-03-31,26.5,10.6,30.2
HON,C2,2026-04-27,,,
HON,C2,2026-05-25,,,
HON,C2,2026-06-22,,,
HON,L3,2018-08-22,-3.7,5.2,16.2
HON,L3,2018-12-11,15.3,29.5,31.6
HON,L3,2019-07-05,-7.1,2.4,-11.3
HON,L3,2020-01-09,-21.1,-13.4,17.3
HON,L3,2021-03-25,1.8,1.3,-7.8
HON,L3,2021-07-26,-4.4,-11.2,-14.5
HON,L3,2021-10-28,-5.6,-8.5,-2.1
HON,L3,2023-05-03,-3.7,-4.7,5.9
HON,L3,2024-03-21,7.1,3.9,-3.1
HON,L3,2024-09-18,13.1,7.3,6.8
HON,L3,2024-10-04,8.6,-0.7,3.2
HON,L3,2024-12-30,-15.3,5.6,1.9
HON,L3,2026-04-14,-7.5,,
HON,L3,2026-06-05,,,
HON,C3,2018-08-23,-4.8,3.2,15.5
HON,C3,2018-08-29,-4.0,-0.3,12.1
HON,C3,2018-09-05,-10.0,1.2,10.6
HON,C3,2018-09-11,-10.7,1.1,8.3
HON,C3,2018-09-17,-15.6,0.2,8.7
HON,C3,2018-09-21,-18.8,1.8,4.2
HON,C3,2018-09-27,-16.4,3.1,3.7
HON,C3,2018-10-03,-15.2,1.5,4.2
HON,C3,2018-10-09,-11.3,5.6,10.6
HON,C3,2018-10-15,-5.8,14.4,16.5
HON,C3,2018-12-13,13.2,26.8,30.0
HON,C3,2018-12-19,18.8,31.8,38.4
HON,C3,2019-07-08,-9.3,2.7,-9.7
HON,C3,2019-07-12,-7.5,3.9,-11.2
HON,C3,2019-07-18,-4.3,4.3,-9.1
HON,C3,2020-01-14,-22.9,-13.1,14.0
HON,C3,2020-01-21,-25.2,-15.6,10.6
HON,C3,2020-01-27,-15.3,-12.8,19.7
HON,C3,2020-01-31,-21.7,-10.8,19.4
HON,C3,2020-02-06,-23.4,-8.1,18.1
HON,C3,2021-03-30,1.6,-1.0,-11.2
HON,C3,2021-04-06,0.5,0.1,-9.3
HON,C3,2021-04-12,0.1,-3.6,-12.7
HON,C3,2021-04-16,-0.6,-2.9,-18.3
HON,C3,2021-04-22,0.4,-4.0,-12.5
HON,C3,2021-04-28,5.3,-0.6,-11.4
HON,C3,2021-05-04,2.4,1.1,-12.1
HON,C3,2021-05-10,1.8,-3.1,-14.6
HON,C3,2021-05-14,2.2,-2.2,-14.6
HON,C3,2021-05-20,3.6,-2.0,-12.0
HON,C3,2021-07-27,-6.0,-10.5,-14.2
HON,C3,2021-08-02,-4.5,-16.9,-11.5
HON,C3,2021-08-06,-1.3,-15.8,-9.2
HON,C3,2021-08-12,-3.7,-18.1,-13.0
HON,C3,2021-08-18,-3.0,-21.3,-14.8
HON,C3,2021-11-01,-12.4,-10.9,-0.8
HON,C3,2021-11-05,-12.6,-13.1,-2.7
HON,C3,2021-11-11,-14.2,-11.9,1.1
HON,C3,2021-11-17,-17.2,-12.7,1.6
HON,C3,2021-11-23,-11.7,-10.2,0.7
HON,C3,2021-11-30,-6.8,-1.2,8.3
HON,C3,2021-12-06,-10.1,-9.6,3.8
HON,C3,2023-05-09,-2.2,-3.8,6.1
HON,C3,2023-05-15,-3.8,-0.5,4.8
HON,C3,2023-05-19,-4.7,-0.9,4.9
HON,C3,2023-05-25,-0.9,3.1,11.0
HON,C3,2024-03-27,3.4,0.5,-3.7
HON,C3,2024-04-03,7.5,5.7,-0.3
HON,C3,2024-04-09,9.0,10.9,1.6
HON,C3,2024-04-15,12.8,15.7,11.3
HON,C3,2024-04-19,10.6,8.8,12.6
HON,C3,2024-09-20,12.2,5.2,4.9
HON,C3,2024-10-10,3.3,-8.1,3.3
HON,C3,2024-10-16,2.4,-8.1,-1.0
HON,C3,2024-10-22,-0.3,-4.2,-4.0
HON,C3,2024-10-28,8.4,5.2,5.3
HON,C3,2024-11-01,-1.3,5.4,2.1
HON,C3,2024-11-07,-5.2,5.0,-4.8
HON,C3,2024-11-13,-8.9,-3.3,-10.2
HON,C3,2024-11-19,-7.4,0.4,-8.7
HON,C3,2024-11-25,-9.3,-0.7,-9.7
HON,C3,2024-12-02,-6.5,-0.8,-6.5
HON,C3,2024-12-06,-7.0,-1.0,-6.2
HON,C3,2025-01-06,-12.3,7.9,7.2
HON,C3,2025-01-13,-11.3,9.1,9.3
HON,C3,2025-01-17,-10.9,2.2,10.8
HON,C3,2026-06-09,,,
HON,C3,2026-06-15,,,
EMR,L2,2018-07-30,-2.0,-5.5,-11.2
EMR,L2,2024-06-10,-3.7,23.4,20.0
EMR,L2,2025-02-17,-2.5,10.7,24.0
EMR,C2,2017-08-14,4.0,27.7,32.8
EMR,C2,2017-09-11,8.8,17.8,27.9
EMR,C2,2017-10-09,16.5,8.6,15.7
EMR,C2,2017-11-06,13.0,19.4,14.4
EMR,C2,2017-12-04,9.3,11.4,-2.8
EMR,C2,2018-01-01,-7.8,-3.0,-15.2
EMR,C2,2018-01-29,-2.4,2.7,-2.9
EMR,C2,2018-02-26,3.6,12.1,1.4
EMR,C2,2018-03-26,1.9,13.6,3.1
EMR,C2,2018-04-23,5.8,-1.0,8.7
EMR,C2,2018-08-20,-12.4,-8.1,-22.3
EMR,C2,2018-09-17,-26.6,-13.0,-14.2
EMR,C2,2018-10-15,-11.2,1.8,-2.1
EMR,C2,2018-11-12,-1.2,-5.5,8.8
EMR,C2,2020-11-02,23.6,37.3,42.9
EMR,C2,2020-11-30,14.3,24.0,15.2
EMR,C2,2020-12-28,13.2,22.6,18.2
EMR,C2,2021-01-25,14.7,28.6,16.8
EMR,C2,2021-02-22,12.0,23.2,10.3
EMR,C2,2021-03-22,5.4,6.3,9.8
EMR,C2,2021-04-19,7.1,5.6,3.4
EMR,C2,2021-05-17,9.1,0.7,-8.7
EMR,C2,2021-06-14,5.0,-0.7,-12.9
EMR,C2,2021-07-12,-1.1,1.2,-16.4
EMR,C2,2021-08-09,-5.6,-7.7,-12.0
EMR,C2,2021-09-06,-7.0,-6.1,-13.4
EMR,C2,2021-10-04,-0.5,-1.1,-17.6
EMR,C2,2021-11-01,-2.1,-9.2,-6.9
EMR,C2,2021-11-29,2.0,1.2,9.8
EMR,C2,2024-01-08,19.3,21.9,26.7
EMR,C2,2024-06-24,-0.4,15.2,23.1
EMR,C2,2024-07-22,-7.0,12.8,30.4
EMR,C2,2024-08-19,24.8,17.4,30.0
EMR,C2,2024-09-16,18.5,8.5,28.0
EMR,C2,2025-09-15,0.9,-2.4,
EMR,C2,2025-10-13,16.1,14.1,
EMR,C2,2025-11-10,16.6,5.1,
EMR,C2,2025-12-08,-2.8,5.5,
EMR,C2,2026-01-05,0.1,-2.9,
EMR,C2,2026-02-02,-9.9,,
EMR,C2,2026-03-02,0.2,,
EMR,C2,2026-03-30,6.0,,
EMR,C2,2026-04-27,,,
EMR,L3,2017-09-06,10.7,19.9,34.6
EMR,L3,2017-11-03,4.4,15.1,11.2
EMR,L3,2018-03-06,4.8,9.7,-0.2
EMR,L3,2018-08-15,-5.1,-4.8,-18.4
EMR,L3,2020-12-09,9.8,16.5,14.0
EMR,L3,2021-02-03,14.3,24.6,15.3
EMR,L3,2021-05-03,10.8,8.0,-6.5
EMR,L3,2021-05-26,12.8,-4.9,0.2
EMR,L3,2021-07-23,-1.5,-7.0,-7.0
EMR,L3,2021-11-10,-2.6,-12.9,1.3
EMR,L3,2024-07-23,-7.3,10.6,15.9
EMR,L3,2025-12-24,-3.5,4.7,
EMR,L3,2026-02-19,-9.5,,
EMR,C3,2017-08-15,0.3,22.7,32.7
EMR,C3,2017-08-21,4.9,27.9,36.1
EMR,C3,2017-09-07,11.4,19.6,32.3
EMR,C3,2017-09-13,9.4,17.8,29.6
EMR,C3,2017-09-19,10.0,9.1,26.4
EMR,C3,2017-09-25,10.6,8.3,26.2
EMR,C3,2017-09-29,14.5,6.9,16.6
EMR,C3,2017-10-05,14.0,8.6,19.0
EMR,C3,2017-10-11,15.8,13.1,11.9
EMR,C3,2017-11-09,16.9,21.6,13.4
EMR,C3,2017-11-15,22.3,25.6,18.4
EMR,C3,2017-11-21,21.9,19.0,11.8
EMR,C3,2018-03-09,2.0,9.0,-4.9
EMR,C3,2018-03-15,2.4,10.6,-2.1
EMR,C3,2018-08-20,-10.5,-7.9,-20.3
EMR,C3,2018-08-24,-11.1,-9.2,-13.1
EMR,C3,2018-08-30,-9.2,-10.4,-11.5
EMR,C3,2018-09-06,-17.3,-10.4,-11.8
EMR,C3,2018-09-12,-21.0,-8.9,-13.8
EMR,C3,2018-09-18,-27.2,-13.1,-14.2
EMR,C3,2018-09-24,-22.9,-8.4,-14.2
EMR,C3,2018-09-28,-23.1,-5.0,-9.7
EMR,C3,2018-10-04,-20.9,-6.4,-10.2
EMR,C3,2018-10-10,-15.5,0.3,-0.8
EMR,C3,2018-10-16,-13.7,-1.7,-0.7
EMR,C3,2020-12-14,10.7,19.2,17.1
EMR,C3,2020-12-18,10.9,18.8,17.4
EMR,C3,2020-12-24,13.5,23.2,22.9
EMR,C3,2020-12-31,14.0,22.8,23.2
EMR,C3,2021-01-07,11.1,21.4,18.2
EMR,C3,2021-02-08,8.5,21.9,10.6
EMR,C3,2021-02-12,11.0,19.9,7.7
EMR,C3,2021-02-19,10.6,23.2,11.4
EMR,C3,2021-02-25,10.2,22.1,9.6
EMR,C3,2021-03-03,11.5,18.3,6.5
EMR,C3,2021-03-09,9.0,11.3,10.0
EMR,C3,2021-03-15,8.6,7.2,9.8
EMR,C3,2021-03-19,7.7,10.7,14.2
EMR,C3,2021-03-25,7.1,8.3,10.5
EMR,C3,2021-03-31,8.6,6.9,5.5
EMR,C3,2021-04-07,7.7,4.5,5.3
EMR,C3,2021-04-13,9.3,6.7,5.4
EMR,C3,2021-04-19,7.6,6.4,2.7
EMR,C3,2021-05-04,11.5,8.6,-5.6
EMR,C3,2021-05-10,9.9,3.6,-10.3
EMR,C3,2021-06-01,7.7,-6.1,-8.4
EMR,C3,2021-06-07,5.9,-5.0,-15.4
EMR,C3,2021-06-11,1.1,-3.5,-18.1
EMR,C3,2021-06-17,1.2,-2.2,-12.5
EMR,C3,2021-07-26,-0.8,-6.8,-6.1
EMR,C3,2021-07-30,-2.5,-3.3,-10.9
EMR,C3,2021-08-05,-2.6,-1.6,-9.6
EMR,C3,2021-08-11,-5.8,-7.6,-14.5
EMR,C3,2021-08-17,-7.7,-8.7,-15.5
EMR,C3,2021-08-23,-7.4,-8.5,-18.5
EMR,C3,2021-08-27,-15.7,-11.7,-17.3
EMR,C3,2021-09-02,-13.5,-9.4,-22.1
EMR,C3,2021-09-09,-7.0,-5.3,-21.8
EMR,C3,2021-09-15,-5.0,-0.3,-24.8
EMR,C3,2021-09-21,-3.6,5.9,-17.5
EMR,C3,2021-11-11,-2.0,-13.4,0.9
EMR,C3,2021-11-17,-1.1,-9.7,3.9
EMR,C3,2021-11-23,-1.1,-5.2,2.2
EMR,C3,2021-11-30,4.8,5.4,12.0
EMR,C3,2021-12-06,4.7,-5.1,6.9
EMR,C3,2023-12-15,18.3,13.9,32.4
EMR,C3,2023-12-21,19.1,14.0,30.0
EMR,C3,2023-12-28,17.5,14.4,24.3
EMR,C3,2024-01-04,20.7,21.6,33.4
EMR,C3,2024-01-10,18.5,24.1,40.4
EMR,C3,2024-01-17,18.1,24.6,43.8
EMR,C3,2024-01-23,15.0,22.0,32.7
EMR,C3,2024-07-29,-7.1,9.4,14.9
EMR,C3,2024-08-02,1.1,17.1,23.4
EMR,C3,2025-12-30,-1.6,2.7,
EMR,C3,2026-02-24,-5.6,,
ROK,C2,2017-08-28,16.4,9.6,12.2
ROK,C2,2017-09-25,10.7,-1.4,7.3
ROK,C2,2017-10-23,8.0,-11.1,-12.9
ROK,C2,2017-11-20,-2.7,-6.1,-10.8
ROK,C2,2017-12-18,-11.7,-12.8,-24.1
ROK,C2,2018-01-15,-14.7,-15.0,-17.4
ROK,C2,2018-02-12,-1.2,-5.4,-2.3
ROK,C2,2020-11-02,-2.2,9.5,38.1
ROK,C2,2020-11-30,2.5,12.1,41.5
ROK,C2,2020-12-28,5.5,14.7,41.2
ROK,C2,2021-01-25,6.8,24.7,16.3
ROK,C2,2021-02-22,8.8,33.2,12.3
ROK,C2,2021-03-22,4.8,11.4,3.6
ROK,C2,2021-04-19,11.7,18.4,-1.7
ROK,C2,2021-05-17,21.5,34.7,-22.1
ROK,C2,2021-06-14,15.1,26.6,-28.5
ROK,C2,2021-07-12,7.3,11.3,-28.6
ROK,C2,2021-08-09,6.0,-14.6,-17.1
ROK,C2,2021-09-06,12.0,-17.6,-17.3
ROK,C2,2021-10-04,9.2,-9.9,-23.9
ROK,C2,2021-11-01,-16.9,-36.3,-25.7
ROK,C2,2021-11-29,-21.8,-36.2,-21.7
ROK,C2,2021-12-27,-18.1,-42.5,-24.8
ROK,C2,2022-01-24,-10.9,-9.4,2.5
ROK,C2,2022-02-21,-21.2,-11.2,9.9
ROK,C2,2023-01-02,2.1,22.7,16.0
ROK,C2,2023-01-30,-1.9,3.9,-6.0
ROK,C2,2023-02-27,-2.8,4.7,-2.8
ROK,C2,2023-03-27,12.8,-1.8,1.0
ROK,C2,2023-04-24,18.1,-6.8,0.6
ROK,C2,2023-05-22,6.4,-3.8,-6.0
ROK,C2,2023-06-19,-9.8,-0.9,-16.0
ROK,C2,2023-07-17,-20.8,-9.2,-18.5
ROK,C2,2023-08-14,-5.1,-3.2,-8.2
ROK,C2,2023-09-11,7.2,-0.6,-6.1
ROK,C2,2023-10-09,6.2,-0.3,-4.2
ROK,C2,2025-09-15,14.2,2.8,
ROK,C2,2025-10-13,20.0,20.4,
ROK,C2,2025-11-10,5.0,19.8,
ROK,C2,2025-12-08,-10.6,14.1,
ROK,C2,2026-01-05,-3.2,15.8,
ROK,C2,2026-02-02,9.7,,
ROK,C2,2026-03-02,21.2,,
ROK,C2,2026-03-30,29.6,,
ROK,C2,2026-04-27,,,
ROK,C2,2026-05-25,,,
ROK,C2,2026-06-22,,,
ROK,L3,2017-11-07,-6.8,-9.1,-14.2
ROK,L3,2018-01-23,-18.9,-9.9,-14.9
ROK,L3,2020-11-04,2.0,10.5,43.1
ROK,L3,2021-01-29,6.1,27.3,17.0
ROK,L3,2021-03-18,8.1,16.9,11.1
ROK,L3,2021-05-03,19.9,31.9,-20.8
ROK,L3,2021-06-25,4.2,22.3,-28.8
ROK,L3,2021-08-26,6.9,-14.8,-22.1
ROK,L3,2021-11-18,-25.1,-40.0,-21.2
ROK,L3,2023-01-26,0.7,8.1,0.6
ROK,L3,2023-02-23,-1.5,6.9,2.5
ROK,L3,2023-06-26,-10.1,-1.5,-16.4
ROK,L3,2025-10-09,22.1,22.1,
ROK,L3,2025-11-12,0.9,12.7,
ROK,L3,2026-05-06,,,
ROK,C3,2017-11-08,-4.4,-5.9,-11.0
ROK,C3,2017-11-14,-3.2,-4.7,-10.4
ROK,C3,2017-11-20,-2.6,-7.5,-6.4
ROK,C3,2018-01-25,-17.2,-6.8,-13.1
ROK,C3,2018-01-31,-11.7,-7.2,-8.5
ROK,C3,2018-02-06,-5.2,-7.5,-2.7
ROK,C3,2018-02-12,-2.4,-5.4,-1.2
ROK,C3,2019-05-24,-4.9,28.4,50.2
ROK,C3,2019-05-31,0.2,32.6,41.6
ROK,C3,2019-06-06,4.4,29.4,38.7
ROK,C3,2020-11-10,1.2,5.1,42.2
ROK,C3,2020-11-16,1.6,8.9,43.3
ROK,C3,2020-11-20,-1.3,9.1,41.6
ROK,C3,2020-11-27,-3.4,8.2,37.5
ROK,C3,2020-12-03,8.0,16.8,45.5
ROK,C3,2021-02-02,6.8,25.4,8.3
ROK,C3,2021-03-24,9.0,13.6,8.4
ROK,C3,2021-03-30,7.0,10.2,2.2
ROK,C3,2021-04-06,9.8,15.5,1.0
ROK,C3,2021-04-12,10.6,17.9,4.1
ROK,C3,2021-04-16,11.8,21.0,-2.0
ROK,C3,2021-04-22,12.8,19.9,-18.2
ROK,C3,2021-05-07,18.1,24.1,-26.3
ROK,C3,2021-05-13,21.1,29.6,-23.9
ROK,C3,2021-05-19,22.3,35.3,-16.1
ROK,C3,2021-05-25,23.2,31.6,-16.2
ROK,C3,2021-07-01,3.0,19.1,-28.9
ROK,C3,2021-07-08,5.2,17.3,-23.7
ROK,C3,2021-07-14,6.6,9.5,-23.6
ROK,C3,2021-07-20,8.3,6.1,-13.2
ROK,C3,2021-07-26,6.3,-3.8,-13.9
ROK,C3,2021-07-30,4.4,-6.8,-16.4
ROK,C3,2021-08-31,6.0,-15.3,-22.6
ROK,C3,2021-09-07,9.8,-18.9,-22.6
ROK,C3,2021-09-13,8.9,-12.0,-29.2
ROK,C3,2021-09-17,8.4,-11.1,-29.5
ROK,C3,2021-09-23,14.9,-7.0,-21.5
ROK,C3,2021-09-29,17.5,-5.6,-22.8
ROK,C3,2021-10-05,12.7,-10.1,-21.3
ROK,C3,2021-11-22,-22.1,-38.0,-22.9
ROK,C3,2021-11-29,-20.3,-36.3,-22.3
ROK,C3,2021-12-03,-21.2,-39.0,-24.2
ROK,C3,2021-12-09,-24.4,-42.3,-23.8
ROK,C3,2021-12-15,-22.0,-43.3,-26.0
ROK,C3,2021-12-21,-17.5,-41.4,-21.9
ROK,C3,2023-01-27,-2.2,5.2,0.7
ROK,C3,2023-02-02,-3.1,3.6,-1.7
ROK,C3,2023-02-08,-4.0,4.7,-0.2
ROK,C3,2023-02-28,-4.5,5.0,-2.0
ROK,C3,2023-03-06,-1.7,-3.0,-7.3
ROK,C3,2023-03-10,9.6,-0.5,0.8
ROK,C3,2023-03-16,12.3,-0.3,5.1
ROK,C3,2023-03-22,15.1,3.4,1.3
ROK,C3,2023-06-29,-12.1,-5.2,-11.0
ROK,C3,2023-07-06,-10.2,-6.1,-14.5
ROK,C3,2023-07-12,-11.3,-12.2,-21.1
ROK,C3,2023-07-18,-20.2,-11.5,-19.2
ROK,C3,2023-07-24,-21.1,-9.1,-25.2
ROK,C3,2023-07-28,-20.6,-18.9,-21.1
ROK,C3,2023-08-03,-12.4,-6.9,-10.6
ROK,C3,2023-08-09,-15.0,-7.0,-10.6
ROK,C3,2023-08-15,-8.8,-6.9,-9.9
ROK,C3,2023-08-21,-7.6,-3.2,-9.0
ROK,C3,2025-10-10,25.5,24.8,
ROK,C3,2025-10-16,21.2,16.1,
ROK,C3,2025-11-18,11.1,25.1,
ROK,C3,2025-11-24,7.6,20.9,
ROK,C3,2025-12-01,-4.8,18.9,
ROK,C3,2025-12-05,-11.1,15.4,
ROK,C3,2025-12-11,-13.7,16.5,
ROK,C3,2025-12-17,-6.9,23.2,
ROK,C3,2025-12-23,-12.3,19.0,
ROK,C3,2025-12-30,-6.4,19.5,
ROK,C3,2026-01-06,-3.9,12.5,
ROK,C3,2026-01-12,-2.4,,
ROK,C3,2026-01-16,-1.7,,
ROK,C3,2026-01-23,-3.6,,
ROK,C3,2026-01-29,-5.9,,
ROK,C3,2026-02-04,6.0,,
ROK,C3,2026-02-10,11.0,,
ROK,C3,2026-02-17,13.0,,
ROK,C3,2026-02-23,18.0,,
ROK,C3,2026-05-12,,,
ROK,C3,2026-05-18,,,
ROK,C3,2026-05-22,,,
ROK,C3,2026-05-29,,,
ROK,C3,2026-06-04,,,
ROK,C3,2026-06-10,,,
ROK,C3,2026-06-16,,,
ROK,C3,2026-06-23,,,
ROK,C3,2026-06-29,,,
ROK,C3,2026-07-06,,,
ROK,C3,2026-07-10,,,
ROK,C3,2026-07-16,,,
TER,L2,2023-08-28,-13.4,-2.1,26.5
TER,C2,2018-01-15,-13.6,-14.8,-30.0
TER,C2,2018-02-12,-13.5,-9.0,-7.3
TER,C2,2018-03-12,-19.9,-23.4,-17.1
TER,C2,2018-04-09,-8.7,-23.2,2.5
TER,C2,2018-05-07,15.1,-1.6,34.0
TER,C2,2019-07-08,32.5,47.3,90.1
TER,C2,2019-08-05,21.9,33.5,68.9
TER,C2,2019-09-02,14.2,5.4,41.0
TER,C2,2019-09-30,14.0,-11.6,31.9
TER,C2,2019-10-28,5.9,-7.0,41.6
TER,C2,2019-11-25,-6.0,7.4,75.7
TER,C2,2019-12-23,-20.6,18.7,72.8
TER,C2,2020-01-20,-13.9,16.2,92.3
TER,C2,2020-02-17,-4.9,33.5,117.0
TER,C2,2020-03-16,87.1,72.9,160.6
TER,C2,2020-04-13,35.6,36.0,103.7
TER,C2,2020-05-11,58.6,80.3,116.0
TER,C2,2020-06-22,-4.9,45.5,58.8
TER,C2,2020-07-20,10.3,65.5,54.8
TER,C2,2020-08-17,21.0,62.5,29.5
TER,C2,2020-09-14,58.0,50.7,59.4
TER,C2,2020-10-12,58.7,49.8,32.0
TER,C2,2020-11-09,39.4,19.8,43.4
TER,C2,2020-12-07,-2.1,11.1,38.9
TER,C2,2021-01-04,0.8,-4.7,20.1
TER,C2,2021-02-01,1.7,0.7,-9.3
TER,C2,2021-03-01,15.7,7.2,-1.6
TER,C2,2021-03-29,-0.1,-14.9,-9.4
TER,C2,2021-04-26,1.6,10.7,-15.4
TER,C2,2021-05-24,-7.4,10.7,-17.1
TER,C2,2023-04-03,6.0,0.5,7.3
TER,C2,2023-09-11,10.3,8.2,38.0
TER,C2,2023-10-09,9.8,11.0,38.6
TER,C2,2024-09-09,-6.0,-33.8,-14.1
TER,C2,2024-10-07,1.8,-44.0,0.6
TER,L3,2018-01-30,-24.6,-4.7,-15.3
TER,L3,2018-03-09,-20.7,-23.9,-19.1
TER,L3,2019-07-09,29.3,49.9,94.8
TER,L3,2019-10-03,16.9,5.0,49.6
TER,L3,2020-01-13,-7.7,29.9,103.3
TER,L3,2020-04-24,40.5,38.4,104.0
TER,L3,2020-06-22,-10.0,42.1,53.8
TER,L3,2020-08-14,19.1,47.4,30.6
TER,L3,2020-11-04,33.9,22.5,58.3
TER,L3,2021-04-13,-4.5,-11.5,-15.1
TER,L3,2023-03-20,1.3,-9.3,3.9
TER,L3,2024-09-13,-1.2,-30.5,2.8
TER,C3,2018-01-31,-22.0,-3.6,-13.8
TER,C3,2018-02-06,-14.8,-3.1,-3.4
TER,C3,2018-02-12,-10.5,-6.2,-0.2
TER,C3,2018-03-12,-21.8,-24.5,-20.1
TER,C3,2018-03-16,-20.6,-22.9,-18.3
TER,C3,2018-03-22,-20.9,-22.0,-7.7
TER,C3,2019-07-10,30.6,53.5,96.6
TER,C3,2019-07-16,33.7,58.9,96.8
TER,C3,2019-07-22,26.5,48.8,91.1
TER,C3,2019-07-26,13.9,17.5,62.2
TER,C3,2019-08-01,14.0,30.6,64.6
TER,C3,2019-08-07,24.2,45.3,82.0
TER,C3,2019-08-13,22.8,27.3,67.3
TER,C3,2019-08-19,21.0,16.6,62.4
TER,C3,2019-10-09,15.9,7.0,47.8
TER,C3,2019-10-15,14.1,2.1,46.0
TER,C3,2019-10-21,20.2,5.5,47.1
TER,C3,2019-10-25,8.4,-7.7,57.0
TER,C3,2019-10-31,16.6,6.6,66.2
TER,C3,2019-11-06,15.0,-2.3,69.0
TER,C3,2019-11-12,3.5,-2.2,67.1
TER,C3,2019-11-18,-1.6,4.3,70.6
TER,C3,2019-11-22,-4.9,12.6,88.5
TER,C3,2019-11-29,-3.0,20.0,85.8
TER,C3,2019-12-05,-12.3,14.9,92.1
TER,C3,2020-01-15,-9.5,29.8,89.1
TER,C3,2020-01-22,-15.6,18.6,66.1
TER,C3,2020-01-28,-12.0,27.2,82.4
TER,C3,2020-02-03,-10.6,29.6,111.1
TER,C3,2020-04-27,39.5,39.3,101.9
TER,C3,2020-05-01,55.0,66.1,103.6
TER,C3,2020-05-07,39.7,57.7,96.9
TER,C3,2020-06-26,-2.3,46.8,54.1
TER,C3,2020-07-02,-3.8,53.9,46.1
TER,C3,2020-07-09,-2.6,54.1,45.7
TER,C3,2020-07-15,1.0,60.5,43.2
TER,C3,2020-07-21,2.7,54.2,42.1
TER,C3,2020-07-27,-0.9,33.4,44.2
TER,C3,2020-08-18,15.0,47.5,35.5
TER,C3,2020-08-24,22.6,42.7,37.4
TER,C3,2020-08-28,34.6,21.9,41.7
TER,C3,2020-09-03,43.1,37.9,50.8
TER,C3,2020-09-10,53.1,49.2,57.3
TER,C3,2020-09-16,56.5,47.0,46.5
TER,C3,2020-11-09,40.4,17.2,49.5
TER,C3,2020-11-13,39.6,25.0,43.6
TER,C3,2020-11-19,18.2,24.6,42.3
TER,C3,2020-11-25,12.2,21.7,48.5
TER,C3,2020-12-02,-0.5,12.4,37.2
TER,C3,2020-12-08,-0.7,8.3,31.6
TER,C3,2020-12-14,-1.9,7.7,44.3
TER,C3,2020-12-18,-7.3,10.2,36.0
TER,C3,2020-12-24,2.4,8.3,37.9
TER,C3,2020-12-31,10.0,5.0,36.3
TER,C3,2021-01-07,-0.6,-5.1,14.5
TER,C3,2021-01-13,-7.1,-5.4,2.0
TER,C3,2021-01-20,-5.0,-10.8,-15.0
TER,C3,2021-01-26,-5.2,-7.9,-17.2
TER,C3,2021-02-01,6.0,8.1,0.1
TER,C3,2021-04-14,-6.3,-9.5,-11.8
TER,C3,2021-04-20,2.1,-6.4,-14.9
TER,C3,2021-04-26,-8.4,2.8,-18.4
TER,C3,2021-04-30,1.4,12.4,-19.5
TER,C3,2021-05-06,0.1,15.7,-13.6
TER,C3,2021-05-12,3.7,29.5,-9.9
TER,C3,2023-03-21,-1.0,-9.7,2.8
TER,C3,2023-03-27,4.0,-4.2,6.0
TER,C3,2024-09-17,-4.5,-32.0,9.3
TER,C3,2024-09-23,0.3,-36.2,8.6
TER,C3,2024-09-27,-6.4,-45.8,3.8
TER,C3,2024-10-03,7.7,-42.8,7.6
TER,C3,2024-10-09,3.0,-45.3,11.7
TER,C3,2024-10-15,4.0,-39.2,37.2
TER,C3,2024-10-21,-4.4,-40.9,40.1
CGNX,C2,2017-09-11,9.0,-1.1,-0.1
CGNX,C2,2017-10-09,14.9,-14.6,-24.1
CGNX,C2,2017-11-06,-19.2,-28.9,-33.7
CGNX,C2,2017-12-04,-12.8,-26.1,-35.4
CGNX,C2,2018-01-01,-25.7,-30.1,-43.0
CGNX,C2,2018-01-29,-22.8,-13.4,-24.5
CGNX,C2,2020-03-02,30.2,42.0,81.1
CGNX,C2,2020-03-30,49.2,59.2,114.3
CGNX,C2,2020-11-16,25.0,10.2,14.7
CGNX,C2,2020-12-14,0.3,-1.6,-3.7
CGNX,C2,2021-01-11,2.1,-1.6,-15.7
CGNX,C2,2021-02-08,-21.2,-12.5,-32.3
CGNX,C2,2021-03-08,-1.4,7.8,-18.5
CGNX,C2,2021-04-05,1.3,-6.0,-11.5
CGNX,C2,2021-05-03,11.2,1.9,-29.7
CGNX,C2,2023-03-20,11.3,-11.4,-12.2
CGNX,C2,2023-04-17,15.2,-24.7,-20.4
CGNX,C2,2023-05-15,-13.0,-30.1,-9.1
CGNX,C2,2023-06-12,-21.4,-24.7,-17.7
CGNX,C2,2023-07-10,-32.9,-33.1,-10.1
CGNX,C2,2023-08-07,-25.4,-24.5,-20.1
CGNX,C2,2023-09-04,-12.4,-5.7,-11.6
CGNX,C2,2024-07-08,-22.3,-27.2,-32.0
CGNX,C2,2024-08-05,11.0,-1.0,6.5
CGNX,C2,2024-09-02,-1.0,-10.8,18.6
CGNX,C2,2026-02-16,18.3,,
CGNX,C2,2026-03-16,34.4,,
CGNX,C2,2026-04-13,15.6,,
CGNX,C2,2026-05-11,,,
CGNX,C2,2026-06-08,,,
CGNX,C2,2026-07-06,,,
CGNX,L3,2017-09-26,13.6,-7.6,-7.8
CGNX,L3,2018-01-03,-21.9,-28.8,-34.8
CGNX,L3,2021-01-11,0.4,-5.0,-22.7
CGNX,L3,2021-03-02,-5.7,7.2,-20.0
CGNX,L3,2021-04-13,0.2,0.5,-17.5
CGNX,L3,2023-03-28,18.4,-12.7,-12.6
CGNX,L3,2023-04-25,14.4,-25.9,-2.3
CGNX,L3,2023-06-16,-22.4,-24.5,-16.2
CGNX,L3,2024-07-23,-23.5,-22.5,-18.8
CGNX,L3,2026-01-29,44.2,,
CGNX,L3,2026-05-06,,,
CGNX,L3,2026-07-08,,,
CGNX,C3,2017-09-27,10.7,-8.8,-11.5
CGNX,C3,2017-10-03,15.8,-12.2,-22.9
CGNX,C3,2017-10-09,15.3,-11.2,-25.4
CGNX,C3,2017-10-13,15.5,-15.9,-28.9
CGNX,C3,2017-10-19,12.7,-22.6,-28.1
CGNX,C3,2017-10-25,3.5,-24.7,-23.7
CGNX,C3,2017-10-31,-8.0,-21.6,-31.6
CGNX,C3,2017-11-06,-18.2,-29.4,-36.2
CGNX,C3,2017-11-10,-13.7,-32.8,-39.8
CGNX,C3,2017-11-16,-21.0,-32.2,-38.3
CGNX,C3,2017-11-22,-25.0,-35.1,-38.4
CGNX,C3,2017-11-29,-21.8,-31.0,-38.1
CGNX,C3,2017-12-05,-10.4,-26.3,-37.9
CGNX,C3,2017-12-11,-12.8,-28.6,-44.8
CGNX,C3,2017-12-15,-11.2,-28.1,-36.3
CGNX,C3,2017-12-21,-18.0,-27.9,-36.9
CGNX,C3,2018-01-09,-25.5,-32.7,-39.4
CGNX,C3,2018-01-16,-26.2,-33.4,-35.4
CGNX,C3,2018-01-22,-31.5,-33.7,-32.4
CGNX,C3,2018-01-26,-30.9,-22.3,-29.5
CGNX,C3,2020-10-29,30.2,17.9,22.6
CGNX,C3,2020-11-04,25.9,3.6,16.4
CGNX,C3,2021-01-14,-2.4,-2.3,-26.3
CGNX,C3,2021-01-21,3.1,1.5,-21.8
CGNX,C3,2021-01-27,6.4,10.5,-19.8
CGNX,C3,2021-02-02,-7.4,1.5,-25.4
CGNX,C3,2021-03-08,5.1,16.4,-6.0
CGNX,C3,2021-04-14,-0.7,3.5,-14.7
CGNX,C3,2021-04-20,0.1,0.8,-19.6
CGNX,C3,2021-04-26,-1.6,-0.9,-30.2
CGNX,C3,2021-04-30,3.8,5.3,-45.7
CGNX,C3,2021-05-06,9.6,5.6,-37.7
CGNX,C3,2021-05-12,12.0,13.6,-34.5
CGNX,C3,2021-05-18,13.9,9.1,-32.6
CGNX,C3,2023-03-31,9.9,-14.7,-18.8
CGNX,C3,2023-04-06,20.7,-16.3,-17.9
CGNX,C3,2023-05-01,5.7,-24.7,-2.3
CGNX,C3,2023-05-05,-1.5,-28.1,-2.7
CGNX,C3,2023-06-22,-20.2,-20.6,-11.1
CGNX,C3,2023-06-28,-22.4,-28.5,-6.9
CGNX,C3,2024-06-27,-12.8,-23.0,-26.7
CGNX,C3,2024-07-29,-17.8,-22.1,-14.0
CGNX,C3,2024-08-02,7.1,3.6,13.7
CGNX,C3,2024-08-08,11.0,-14.0,16.7
CGNX,C3,2026-02-03,61.6,,
CGNX,C3,2026-02-09,45.8,,
CGNX,C3,2026-02-13,3.3,,
CGNX,C3,2026-02-20,22.3,,
CGNX,C3,2026-02-26,16.9,,
CGNX,C3,2026-05-07,,,
CGNX,C3,2026-05-13,,,
CGNX,C3,2026-05-19,,,
CGNX,C3,2026-05-26,,,
CGNX,C3,2026-06-01,,,
CGNX,C3,2026-07-13,,,
ZBRA,L2,2019-07-08,-2.9,22.9,30.0
ZBRA,L2,2020-02-03,-1.8,14.5,64.6
ZBRA,C2,2017-08-14,5.7,16.8,58.9
ZBRA,C2,2017-09-11,-3.8,35.5,68.9
ZBRA,C2,2017-10-09,12.2,28.6,43.6
ZBRA,C2,2017-11-06,10.1,49.0,73.8
ZBRA,C2,2017-12-04,30.8,48.9,53.2
ZBRA,C2,2018-01-01,23.6,35.3,39.6
ZBRA,C2,2018-01-29,11.5,17.8,45.0
ZBRA,C2,2018-02-26,12.6,26.8,49.3
ZBRA,C2,2018-03-26,2.9,27.0,50.5
ZBRA,C2,2018-04-23,4.0,18.8,69.6
ZBRA,C2,2018-05-21,9.0,6.5,13.4
ZBRA,C2,2018-06-18,18.5,-1.1,35.3
ZBRA,C2,2018-07-16,13.0,21.8,24.8
ZBRA,C2,2018-08-13,10.5,22.1,24.4
ZBRA,C2,2018-09-10,-3.8,18.3,14.8
ZBRA,C2,2018-10-08,3.5,48.2,23.4
ZBRA,C2,2018-11-05,-2.8,7.9,33.3
ZBRA,C2,2018-12-03,22.1,13.9,55.4
ZBRA,C2,2018-12-31,42.7,41.9,67.4
ZBRA,C2,2019-07-15,11.5,38.8,49.9
ZBRA,C2,2019-08-12,16.8,17.3,40.6
ZBRA,C2,2020-02-17,2.2,15.5,105.9
ZBRA,C2,2020-03-16,47.4,42.8,156.4
ZBRA,C2,2020-08-10,20.9,67.0,99.7
ZBRA,C2,2020-09-07,51.0,89.2,132.3
ZBRA,C2,2020-10-05,42.8,78.7,75.6
ZBRA,C2,2020-11-02,17.5,41.0,75.4
ZBRA,C2,2020-11-30,26.3,36.5,55.4
ZBRA,C2,2020-12-28,28.0,40.5,54.9
ZBRA,C2,2021-01-25,25.8,42.5,27.0
ZBRA,C2,2021-02-22,-0.5,17.7,-16.3
ZBRA,C2,2021-03-22,7.1,17.3,-10.8
ZBRA,C2,2021-04-19,10.3,6.1,-24.0
ZBRA,C2,2021-05-17,15.6,20.7,-34.2
ZBRA,C2,2021-06-14,15.3,19.3,-41.5
ZBRA,C2,2021-07-12,-0.5,1.9,-42.6
ZBRA,C2,2021-08-09,3.6,-22.6,-39.3
ZBRA,C2,2021-09-06,5.8,-33.5,-47.0
ZBRA,C2,2021-10-04,6.4,-16.7,-46.5
ZBRA,C2,2021-11-01,-17.2,-43.6,-62.0
ZBRA,C2,2021-11-29,-33.0,-43.1,-53.3
ZBRA,C2,2021-12-27,-30.5,-49.7,-56.9
ZBRA,C2,2022-01-24,-25.0,-27.4,-35.6
ZBRA,C2,2024-07-01,18.1,26.2,4.3
ZBRA,C2,2024-07-29,19.3,21.6,4.0
ZBRA,C2,2024-08-26,17.8,-8.8,-8.2
ZBRA,C2,2024-09-23,5.6,-23.8,-18.7
ZBRA,C2,2024-10-21,15.1,-31.6,-14.2
ZBRA,C2,2024-11-18,-21.7,-28.4,-39.3
ZBRA,C2,2024-12-16,-26.2,-25.2,-36.0
ZBRA,C2,2025-01-13,-44.1,-18.2,-38.1
ZBRA,C2,2025-02-10,-5.6,-0.1,-16.9
ZBRA,C2,2025-03-10,1.7,12.1,-27.3
ZBRA,L3,2017-10-11,10.9,28.0,49.8
ZBRA,L3,2018-01-31,9.3,35.3,49.4
ZBRA,L3,2018-06-15,13.0,-3.2,34.3
ZBRA,L3,2018-09-13,-9.8,17.5,18.1
ZBRA,L3,2018-11-13,13.0,-2.9,40.0
ZBRA,L3,2018-12-11,25.4,18.0,51.0
ZBRA,L3,2019-07-25,16.6,31.1,53.7
ZBRA,L3,2020-11-06,35.7,39.1,75.2
ZBRA,L3,2021-04-28,11.3,9.3,-33.8
ZBRA,L3,2021-07-19,4.3,-2.5,-29.4
ZBRA,L3,2021-11-15,-28.3,-43.3,-54.5
ZBRA,L3,2021-12-17,-28.6,-47.4,-56.4
ZBRA,L3,2024-07-26,11.5,18.4,-4.2
ZBRA,L3,2024-10-03,8.9,-38.0,-19.4
ZBRA,L3,2024-11-12,-19.4,-28.4,-37.8
ZBRA,C3,2017-10-12,12.4,29.1,45.1
ZBRA,C3,2017-10-18,11.5,20.9,44.9
ZBRA,C3,2017-10-24,11.5,19.1,50.3
ZBRA,C3,2017-10-30,9.3,38.7,64.3
ZBRA,C3,2017-11-03,-0.7,34.4,56.5
ZBRA,C3,2017-11-09,13.8,46.2,57.4
ZBRA,C3,2017-11-15,15.3,47.4,70.7
ZBRA,C3,2018-02-05,27.8,37.8,70.3
ZBRA,C3,2018-02-09,34.4,40.9,78.1
ZBRA,C3,2018-02-15,27.9,40.4,67.8
ZBRA,C3,2018-02-22,14.6,25.7,49.4
ZBRA,C3,2018-02-28,10.4,23.0,53.1
ZBRA,C3,2018-03-06,10.4,18.7,49.2
ZBRA,C3,2018-03-12,9.2,23.5,41.6
ZBRA,C3,2018-03-16,6.4,21.9,46.2
ZBRA,C3,2018-03-22,2.8,26.8,54.8
ZBRA,C3,2018-03-28,5.4,24.3,66.0
ZBRA,C3,2018-04-04,6.3,13.6,67.9
ZBRA,C3,2018-04-10,5.5,11.4,64.9
ZBRA,C3,2018-04-16,5.1,18.8,60.0
ZBRA,C3,2018-04-20,1.3,12.4,45.2
ZBRA,C3,2018-06-19,14.6,-6.3,38.7
ZBRA,C3,2018-06-25,23.3,12.0,48.9
ZBRA,C3,2018-06-29,18.0,8.4,37.8
ZBRA,C3,2018-09-14,-8.8,14.7,13.1
ZBRA,C3,2018-09-20,-18.2,19.9,14.9
ZBRA,C3,2018-09-26,-9.2,22.0,9.3
ZBRA,C3,2018-10-02,-8.1,33.5,19.6
ZBRA,C3,2018-11-16,13.2,-6.7,38.6
ZBRA,C3,2018-11-23,22.6,7.3,55.7
ZBRA,C3,2018-12-17,30.4,24.3,59.8
ZBRA,C3,2018-12-21,42.5,42.9,76.4
ZBRA,C3,2018-12-28,37.9,34.9,57.9
ZBRA,C3,2019-07-30,9.5,13.6,28.5
ZBRA,C3,2019-08-05,20.9,24.5,43.3
ZBRA,C3,2019-08-09,18.1,16.1,34.5
ZBRA,C3,2019-08-15,20.2,20.6,44.0
ZBRA,C3,2019-08-21,17.9,4.0,39.5
ZBRA,C3,2019-08-27,28.5,8.8,25.5
ZBRA,C3,2020-08-04,15.6,49.4,101.2
ZBRA,C3,2020-08-10,23.0,73.3,103.8
ZBRA,C3,2020-08-14,21.0,70.7,102.4
ZBRA,C3,2020-08-20,28.4,80.6,110.7
ZBRA,C3,2020-08-26,32.4,68.4,103.6
ZBRA,C3,2020-11-11,34.6,38.6,68.1
ZBRA,C3,2020-11-17,46.1,47.1,72.8
ZBRA,C3,2020-11-23,41.0,39.2,61.1
ZBRA,C3,2020-11-30,26.4,33.6,62.4
ZBRA,C3,2020-12-04,27.0,34.7,56.4
ZBRA,C3,2020-12-10,26.2,31.5,54.7
ZBRA,C3,2020-12-16,22.6,35.2,59.3
ZBRA,C3,2020-12-22,22.9,39.4,54.6
ZBRA,C3,2020-12-29,30.4,44.6,41.6
ZBRA,C3,2021-01-05,33.4,40.2,38.7
ZBRA,C3,2021-01-11,22.7,22.5,19.4
ZBRA,C3,2021-01-15,20.1,34.1,15.6
ZBRA,C3,2021-01-22,22.7,34.1,26.5
ZBRA,C3,2021-01-28,21.9,42.5,25.1
ZBRA,C3,2021-02-03,21.0,40.5,5.6
ZBRA,C3,2021-02-09,11.0,34.7,-1.2
ZBRA,C3,2021-02-16,-0.3,17.6,-14.0
ZBRA,C3,2021-02-22,2.8,18.6,-16.6
ZBRA,C3,2021-02-26,0.7,16.7,-20.1
ZBRA,C3,2021-03-04,5.5,20.9,-19.3
ZBRA,C3,2021-03-10,8.1,22.6,-8.7
ZBRA,C3,2021-03-16,5.9,16.5,-10.2
ZBRA,C3,2021-03-22,8.4,20.6,-10.8
ZBRA,C3,2021-03-26,12.4,8.1,-11.3
ZBRA,C3,2021-04-29,10.9,17.9,-34.4
ZBRA,C3,2021-05-05,16.6,23.7,-31.7
ZBRA,C3,2021-07-20,1.4,-5.6,-31.0
ZBRA,C3,2021-07-26,-3.6,-9.7,-39.2
ZBRA,C3,2021-07-30,-1.8,-8.0,-39.2
ZBRA,C3,2021-08-05,6.7,-11.1,-40.2
ZBRA,C3,2021-08-11,2.7,-23.6,-44.3
ZBRA,C3,2021-08-17,7.7,-27.2,-45.3
ZBRA,C3,2021-08-23,3.4,-28.6,-48.6
ZBRA,C3,2021-08-27,0.1,-32.9,-47.6
ZBRA,C3,2021-09-02,-0.7,-33.9,-49.6
ZBRA,C3,2021-09-09,6.4,-30.4,-50.6
ZBRA,C3,2021-09-15,1.9,-25.4,-54.4
ZBRA,C3,2021-09-21,6.9,-22.2,-49.9
ZBRA,C3,2021-11-18,-34.2,-45.2,-55.7
ZBRA,C3,2021-11-24,-32.2,-42.0,-57.8
ZBRA,C3,2021-12-01,-34.3,-43.1,-54.7
ZBRA,C3,2021-12-20,-25.1,-47.1,-54.4
ZBRA,C3,2021-12-27,-29.1,-50.1,-53.9
ZBRA,C3,2024-08-01,12.3,6.1,-7.2
ZBRA,C3,2024-08-07,26.2,2.8,-2.0
ZBRA,C3,2024-08-13,20.5,-3.4,-3.2
ZBRA,C3,2024-10-08,3.4,-39.1,-18.0
ZBRA,C3,2024-10-14,7.4,-37.9,-27.4
ZBRA,C3,2024-10-18,10.4,-31.8,-27.9
ZBRA,C3,2024-10-24,9.0,-30.8,-28.3
ZBRA,C3,2024-10-30,1.1,-30.5,-37.1
ZBRA,C3,2024-11-15,-19.8,-24.6,-34.3
ZBRA,C3,2024-11-21,-19.7,-25.6,-32.6
ZBRA,C3,2024-11-27,-27.4,-26.4,-33.9
ZBRA,C3,2024-12-04,-32.2,-31.2,-38.7
ZBRA,C3,2024-12-10,-29.7,-26.8,-38.8
ZBRA,C3,2024-12-16,-26.9,-24.2,-40.3
ZBRA,C3,2024-12-20,-28.6,-18.5,-37.2
ZBRA,C3,2024-12-27,-38.7,-17.3,-32.8
ZBRA,C3,2025-01-03,-37.8,-18.5,-39.1
AMBA,C2,2019-07-08,15.8,34.9,4.2
AMBA,C2,2019-08-05,23.8,37.5,2.3
AMBA,C2,2019-09-02,-14.1,-19.0,-16.5
AMBA,C2,2019-09-30,8.1,-21.8,-10.6
AMBA,C2,2019-10-28,11.4,-7.7,3.0
AMBA,C2,2019-11-25,8.6,3.7,42.3
AMBA,C2,2019-12-23,-20.1,-25.1,54.5
AMBA,C2,2020-01-20,-14.0,-26.3,86.6
AMBA,C2,2020-02-17,-15.1,-31.8,88.5
AMBA,C2,2020-03-16,21.3,31.6,163.6
AMBA,C2,2020-04-13,-3.8,15.9,107.7
AMBA,C2,2021-05-03,10.9,109.3,-16.9
AMBA,C2,2021-05-31,39.5,96.7,-15.6
AMBA,C2,2022-01-24,-36.6,-33.2,-30.7
AMBA,C2,2022-02-21,-36.8,-39.5,-34.7
AMBA,C2,2025-08-04,38.9,-1.4,
AMBA,C2,2025-09-01,-10.6,-36.8,
AMBA,C2,2025-09-29,-10.7,-39.9,
AMBA,C2,2025-10-27,-24.9,-16.0,
AMBA,C2,2025-11-24,-18.7,-2.7,
AMBA,C2,2025-12-22,-29.3,-13.0,
AMBA,C2,2026-01-19,-0.5,,
AMBA,L3,2019-07-12,14.7,37.1,-2.2
AMBA,L3,2019-10-15,14.6,-7.9,2.4
AMBA,L3,2019-11-22,8.6,12.5,73.6
AMBA,L3,2020-02-05,-12.8,-27.7,96.6
AMBA,L3,2025-09-08,-6.8,-37.6,
AMBA,L3,2025-09-29,-14.5,-38.4,
AMBA,L3,2025-10-29,-30.0,-13.6,
AMBA,L3,2025-11-19,-19.6,-17.5,
AMBA,L3,2026-01-13,-11.3,,
AMBA,C3,2019-07-15,18.2,35.5,-3.7
AMBA,C3,2019-07-19,12.2,25.4,-6.0
AMBA,C3,2019-07-25,6.5,22.7,-7.5
AMBA,C3,2019-07-31,5.4,25.8,-9.0
AMBA,C3,2019-08-06,21.1,48.0,1.6
AMBA,C3,2019-08-12,31.1,56.0,3.1
AMBA,C3,2019-08-16,26.1,41.6,7.8
AMBA,C3,2019-10-18,13.2,-2.3,3.4
AMBA,C3,2019-11-27,-0.1,-2.8,55.7
AMBA,C3,2019-12-04,-10.5,-2.5,76.6
AMBA,C3,2019-12-10,-28.7,-2.1,69.8
AMBA,C3,2020-02-06,-13.2,-26.7,95.0
AMBA,C3,2020-02-12,-28.1,-36.8,67.1
AMBA,C3,2020-02-19,-18.7,-30.7,63.4
AMBA,C3,2020-02-25,-11.7,-17.2,68.9
AMBA,C3,2020-03-02,-11.5,-16.3,90.0
AMBA,C3,2020-03-06,8.4,-4.2,107.7
AMBA,C3,2020-03-12,31.4,34.7,149.2
AMBA,C3,2020-03-18,24.6,28.9,149.2
AMBA,C3,2022-01-04,-54.2,-68.7,-57.3
AMBA,C3,2022-01-10,-40.0,-53.6,-42.8
AMBA,C3,2025-08-08,46.3,2.6,
AMBA,C3,2025-09-10,-5.2,-35.4,
AMBA,C3,2025-09-16,-11.6,-31.1,
AMBA,C3,2025-10-03,-16.2,-35.5,
AMBA,C3,2025-10-09,-22.1,-30.9,
AMBA,C3,2025-11-25,-36.8,-20.8,
AMBA,C3,2025-12-02,-25.1,-11.9,
AMBA,C3,2025-12-08,-31.8,-12.5,
AMBA,C3,2026-01-16,-10.8,,
OUST,C2,2024-04-22,61.0,-12.9,-8.0
OUST,C2,2024-05-20,-33.5,-17.1,-10.5
OUST,C2,2024-06-17,-40.6,17.5,111.1
OUST,C2,2024-07-15,-42.5,-24.5,118.3
OUST,C2,2024-08-12,5.4,22.7,333.5
OUST,C2,2024-09-09,36.3,19.7,334.7
OUST,C2,2025-09-29,-21.7,-34.7,
OUST,C2,2025-10-27,-37.6,-20.7,
OUST,C2,2025-11-24,-17.5,100.6,
OUST,C2,2025-12-22,-19.6,91.3,
OUST,C2,2026-01-19,13.6,,
OUST,L3,2024-04-29,33.8,-24.7,22.7
OUST,L3,2025-10-17,-7.9,-9.0,
OUST,L3,2026-01-16,5.3,,
OUST,C3,2024-04-30,29.8,-22.3,25.4
OUST,C3,2024-05-06,7.7,-18.6,4.7
OUST,C3,2024-05-10,-36.5,-29.8,-12.7
OUST,C3,2024-05-16,-32.8,-23.8,9.7
OUST,C3,2024-05-22,-34.0,-18.6,26.9
OUST,C3,2024-05-29,-41.8,-25.3,59.8
OUST,C3,2024-06-04,-47.9,-11.8,79.7
OUST,C3,2025-10-22,-16.9,-8.2,
OUST,C3,2025-10-28,-38.6,-11.2,
OUST,C3,2026-01-20,7.8,,
OUST,C3,2026-01-26,5.7,,
OUST,C3,2026-01-30,37.3,,
OUST,C3,2026-02-05,54.9,,
NOVT,L2,2018-07-09,-2.3,3.0,33.7
NOVT,L2,2021-12-06,-24.6,-28.6,-12.0
NOVT,L2,2024-09-02,-1.6,-15.1,-31.1
NOVT,C2,2018-01-15,5.3,15.8,17.3
NOVT,C2,2018-02-12,18.5,32.9,40.1
NOVT,C2,2018-07-23,-14.0,4.4,32.8
NOVT,C2,2018-08-20,-14.6,1.8,-5.3
NOVT,C2,2018-09-17,-16.2,17.5,21.0
NOVT,C2,2018-10-15,5.2,28.1,30.5
NOVT,C2,2018-11-12,3.6,12.9,15.0
NOVT,C2,2019-06-03,-4.4,6.9,37.3
NOVT,C2,2019-07-01,-12.3,-1.8,16.0
NOVT,C2,2019-07-29,11.4,13.6,29.8
NOVT,C2,2019-08-26,24.2,18.9,43.6
NOVT,C2,2020-10-26,14.9,21.1,58.7
NOVT,C2,2020-11-23,11.5,17.0,35.0
NOVT,C2,2020-12-21,9.5,7.9,43.3
NOVT,C2,2021-01-18,2.7,2.2,7.3
NOVT,C2,2021-02-15,-4.8,3.7,-8.3
NOVT,C2,2021-03-15,-4.4,16.4,9.0
NOVT,C2,2021-04-12,-2.1,19.0,-5.2
NOVT,C2,2021-05-10,9.1,22.4,-4.5
NOVT,C2,2021-12-20,-17.1,-27.1,-20.3
NOVT,C2,2022-01-17,-11.8,4.0,6.0
NOVT,C2,2022-12-26,17.1,35.5,23.9
NOVT,C2,2023-01-23,-4.9,9.6,-2.2
NOVT,C2,2023-02-20,6.1,-0.9,1.2
NOVT,C2,2023-03-20,11.9,-7.0,14.8
NOVT,C2,2023-04-17,10.5,-14.8,-6.0
NOVT,C2,2023-05-15,-10.2,-15.0,-2.0
NOVT,C2,2023-06-12,-7.7,-0.9,-4.9
NOVT,C2,2023-07-10,-19.2,-14.8,-6.0
NOVT,C2,2023-08-07,-19.6,9.2,11.7
NOVT,C2,2023-09-04,-2.7,11.6,6.5
NOVT,C2,2023-10-02,6.8,16.9,21.5
NOVT,C2,2024-04-29,1.8,9.0,-23.7
NOVT,C2,2024-09-16,-12.0,-23.5,-34.3
NOVT,C2,2024-10-14,-16.2,-35.8,-40.9
NOVT,C2,2024-11-11,-14.9,-22.0,-38.3
NOVT,C2,2026-02-16,9.4,,
NOVT,C2,2026-03-16,36.4,,
NOVT,C2,2026-04-13,15.4,,
NOVT,C2,2026-05-11,,,
NOVT,C2,2026-06-08,,,
NOVT,C2,2026-07-06,,,
NOVT,L3,2018-01-30,-0.8,14.5,26.8
NOVT,L3,2018-07-23,-9.8,-3.4,12.2
NOVT,L3,2018-10-18,1.8,30.1,34.4
NOVT,L3,2018-12-03,29.0,30.7,38.3
NOVT,L3,2019-06-27,-12.4,-1.9,10.8
NOVT,L3,2020-10-19,18.7,24.0,52.4
NOVT,L3,2020-11-20,13.9,19.6,39.5
NOVT,L3,2021-02-01,0.1,9.5,10.1
NOVT,L3,2021-03-24,1.1,22.9,10.2
NOVT,L3,2021-04-20,-0.8,24.2,-5.0
NOVT,L3,2021-12-21,-14.1,-25.3,-18.0
NOVT,L3,2023-02-09,0.7,-7.5,-2.5
NOVT,L3,2023-04-21,10.9,-18.7,0.6
NOVT,L3,2023-05-10,-4.7,-17.8,0.3
NOVT,L3,2023-07-10,-17.9,-13.3,-0.6
NOVT,L3,2024-11-26,-14.4,-23.5,-27.8
NOVT,L3,2026-04-28,,,
NOVT,C3,2018-01-31,2.8,15.5,26.0
NOVT,C3,2018-07-25,-13.0,2.8,8.0
NOVT,C3,2018-07-31,-6.6,17.4,15.6
NOVT,C3,2018-08-06,10.4,10.8,11.6
NOVT,C3,2019-07-01,-13.5,-3.5,10.8
NOVT,C3,2019-07-08,-13.8,2.0,14.1
NOVT,C3,2019-07-12,-8.4,9.8,19.0
NOVT,C3,2019-07-18,1.4,14.7,21.4
NOVT,C3,2019-07-24,1.7,8.5,22.5
NOVT,C3,2019-07-30,5.0,8.4,29.1
NOVT,C3,2019-08-05,9.6,25.1,45.3
NOVT,C3,2020-10-23,11.0,15.0,58.8
NOVT,C3,2020-10-29,16.6,16.4,49.6
NOVT,C3,2020-11-04,22.4,14.1,46.7
NOVT,C3,2020-11-27,2.7,17.2,42.0
NOVT,C3,2020-12-03,8.6,15.7,46.1
NOVT,C3,2020-12-09,7.9,14.1,41.4
NOVT,C3,2020-12-15,4.3,1.2,38.8
NOVT,C3,2020-12-21,6.9,9.6,40.4
NOVT,C3,2021-02-04,-4.9,12.3,4.8
NOVT,C3,2021-02-10,-3.5,2.1,-4.8
NOVT,C3,2021-02-17,-3.4,2.5,-4.5
NOVT,C3,2021-02-23,1.9,12.5,-0.3
NOVT,C3,2021-03-01,1.4,13.9,-3.8
NOVT,C3,2021-03-05,9.1,20.9,8.0
NOVT,C3,2021-03-11,6.0,17.7,14.2
NOVT,C3,2021-04-21,0.7,21.9,-4.0
NOVT,C3,2021-04-27,-2.1,22.8,-11.6
NOVT,C3,2021-05-03,2.9,38.1,-5.8
NOVT,C3,2021-05-07,10.2,28.5,-6.0
NOVT,C3,2021-05-13,12.8,28.6,-6.8
NOVT,C3,2021-12-23,-16.8,-30.9,-20.1
NOVT,C3,2021-12-30,-18.5,-26.7,-15.7
NOVT,C3,2022-01-05,-20.8,-27.4,-10.5
NOVT,C3,2022-01-11,-21.6,-19.7,-5.4
NOVT,C3,2022-01-18,-12.6,-3.5,7.4
NOVT,C3,2022-01-24,-12.2,4.5,12.9
NOVT,C3,2022-01-28,-2.1,14.9,21.4
NOVT,C3,2023-02-14,2.5,-7.0,2.2
NOVT,C3,2023-02-21,1.5,-1.4,6.8
NOVT,C3,2023-04-26,15.6,-13.7,3.6
NOVT,C3,2023-05-12,-5.2,-13.8,1.9
NOVT,C3,2023-05-18,-9.2,-14.1,-3.4
NOVT,C3,2023-05-24,-2.8,-10.5,0.8
NOVT,C3,2023-07-13,-18.6,-13.7,0.6
NOVT,C3,2023-07-19,-22.1,-10.9,2.0
NOVT,C3,2024-11-29,-14.4,-22.3,-28.5
NOVT,C3,2026-02-12,8.6,,
NOVT,C3,2026-02-19,10.2,,
NOVT,C3,2026-02-25,19.6,,
NOVT,C3,2026-03-03,19.5,,
NOVT,C3,2026-05-04,,,
NOVT,C3,2026-05-08,,,
NOVT,C3,2026-05-14,,,
NOVT,C3,2026-05-20,,,
NOVT,C3,2026-05-27,,,
NOVT,C3,2026-06-02,,,
NOVT,C3,2026-06-08,,,
NOVT,C3,2026-06-12,,,
NOVT,C3,2026-06-18,,,
SYM,L2,2023-12-18,-13.1,-40.0,-55.7
SYM,C2,2022-10-31,47.9,163.0,259.0
SYM,C2,2023-09-11,67.9,42.4,-33.6
SYM,C2,2023-10-09,7.6,8.3,-23.7
SYM,C2,2025-09-29,2.8,-15.4,
SYM,C2,2025-10-27,-32.8,-27.3,
SYM,C2,2025-11-24,-34.6,-44.6,
SYM,C2,2025-12-22,-13.1,-28.9,
SYM,C2,2026-01-19,-4.3,,
SYM,L3,2022-10-28,21.8,121.6,147.5
SYM,L3,2025-09-29,10.7,-4.0,
SYM,L3,2025-12-12,-16.5,-37.2,
SYM,L3,2026-01-20,-1.0,,
SYM,C3,2022-10-31,23.2,125.9,168.8
SYM,C3,2022-11-04,62.7,139.3,261.9
SYM,C3,2022-11-10,65.0,168.3,375.3
SYM,C3,2022-11-16,93.1,294.9,490.8
SYM,C3,2023-08-29,34.5,6.1,-50.7
SYM,C3,2023-09-05,23.9,15.9,-37.7
SYM,C3,2025-09-30,20.4,1.2,
SYM,C3,2025-10-06,4.1,-16.6,
SYM,C3,2025-10-10,6.7,2.1,
SYM,C3,2025-10-16,-14.6,-17.7,
SYM,C3,2025-10-22,-8.5,-8.3,
SYM,C3,2025-10-28,-21.1,-10.8,
SYM,C3,2025-11-03,-27.0,-37.3,
SYM,C3,2025-11-07,-21.6,-32.6,
SYM,C3,2025-11-13,-7.5,-9.2,
SYM,C3,2025-11-19,4.0,-14.0,
SYM,C3,2025-11-25,-31.9,-38.7,
SYM,C3,2025-12-16,-16.1,-35.0,
SYM,C3,2026-01-22,-6.3,,
SYM,C3,2026-01-28,6.9,,
SYM,C3,2026-02-03,0.6,,
SYM,C3,2026-02-09,-20.5,,
SERV,C2,2025-03-31,106.3,151.3,61.9
SERV,C2,2025-11-24,-2.6,-8.9,
SERV,C3,2025-11-18,7.8,5.8,
SERV,C3,2025-11-24,4.4,-14.0,
RR,L2,2025-11-10,-11.0,-20.0,
RR,C2,2025-01-13,-38.1,-35.8,25.2
RR,C2,2025-02-10,-6.2,-19.6,8.4
RR,C2,2025-03-10,11.2,94.4,36.7
RR,C2,2025-04-07,-7.1,202.0,2.6
RR,C2,2025-05-05,-7.1,89.8,34.0
RR,C2,2025-06-02,7.2,89.0,1.9
RR,C2,2025-11-17,-13.0,-10.7,
RR,C2,2025-12-15,-39.0,-39.5,
RR,C2,2026-01-12,-37.9,-58.8,
RR,C2,2026-02-09,-10.1,,
RR,L3,2025-01-14,-26.2,-16.9,95.4
RR,L3,2025-05-12,8.1,60.3,51.7
RR,L3,2026-02-03,-27.6,,
RR,C3,2025-01-15,-36.6,-28.2,40.1
RR,C3,2025-01-22,-30.7,-41.8,7.1
RR,C3,2025-01-28,-27.5,-30.1,19.9
RR,C3,2025-05-16,-22.5,17.8,20.2
RR,C3,2025-05-22,36.4,49.8,4.1
RR,C3,2025-05-29,13.8,66.1,-9.4
RR,C3,2025-06-04,23.1,79.3,-14.0
RR,C3,2025-06-10,49.3,60.0,-13.2
RR,C3,2025-06-16,121.2,74.4,3.9
RR,C3,2025-06-23,147.8,88.8,2.5
RR,C3,2025-06-27,121.1,79.4,-16.5
RR,C3,2026-02-09,-19.0,,
RR,C3,2026-02-13,-20.3,,
RR,C3,2026-02-20,21.5,,
RR,C3,2026-02-26,13.1,,
LMT,L2,2023-01-02,4.2,-1.8,-0.9
LMT,C2,2017-11-20,14.3,2.8,-4.2
LMT,C2,2017-12-18,6.3,-4.7,-17.3
LMT,C2,2018-01-15,6.6,-1.7,-12.6
LMT,C2,2018-02-12,-10.6,-8.7,-12.6
LMT,C2,2018-03-12,-5.8,2.6,-8.2
LMT,C2,2018-04-09,-6.5,-3.2,-7.1
LMT,C2,2018-05-07,-2.8,-2.2,8.2
LMT,C2,2019-11-04,15.7,0.3,-3.0
LMT,C2,2019-12-02,-0.5,7.5,-2.8
LMT,C2,2019-12-30,-14.8,-11.4,-12.0
LMT,C2,2020-01-27,-9.9,-10.4,-22.9
LMT,C2,2020-02-24,5.7,7.6,-8.3
LMT,C2,2020-03-23,3.0,12.4,7.5
LMT,C2,2020-04-20,1.8,-0.8,1.5
LMT,C2,2022-05-09,0.4,8.0,6.2
LMT,C2,2023-01-23,1.7,-1.0,-3.9
LMT,C2,2023-02-20,-6.1,-4.9,-7.8
LMT,C2,2023-03-20,-2.5,-11.7,-3.4
LMT,C2,2023-04-17,-5.1,-6.7,-1.2
LMT,C2,2023-05-15,-0.3,-0.8,5.5
LMT,C2,2023-06-12,-7.0,-2.4,2.6
LMT,C2,2023-07-10,-4.4,1.1,2.7
LMT,C2,2023-08-07,-1.4,-4.8,24.9
LMT,C2,2024-05-06,18.4,21.9,3.6
LMT,C2,2024-06-03,21.2,10.4,5.2
LMT,C2,2024-07-01,31.7,5.5,2.7
LMT,C2,2024-07-29,-0.1,-14.6,-21.3
LMT,C2,2024-08-26,-6.3,-19.8,-17.7
LMT,C2,2024-09-23,-15.5,-23.2,-13.9
LMT,C2,2024-10-21,-11.1,-13.9,-11.2
LMT,C2,2024-11-18,-18.2,-12.3,-12.6
LMT,C2,2024-12-16,-9.4,-2.4,-0.2
LMT,C2,2025-01-13,-4.7,-4.0,22.3
LMT,C2,2026-01-19,-12.6,,
LMT,C2,2026-02-16,-18.6,,
LMT,C2,2026-03-16,-18.0,,
LMT,C2,2026-04-13,-13.5,,
LMT,C2,2026-05-11,,,
LMT,C2,2026-06-08,,,
LMT,C2,2026-07-06,,,
LMT,L3,2017-12-07,6.1,-0.2,-13.5
LMT,L3,2018-03-21,-10.2,3.7,-9.0
LMT,L3,2018-04-12,-6.4,-0.4,-1.5
LMT,L3,2019-12-10,-24.6,0.6,-6.8
LMT,L3,2020-01-08,-9.4,-10.2,-14.7
LMT,L3,2022-04-26,-6.7,10.5,3.9
LMT,L3,2023-03-15,-2.3,-8.6,-0.8
LMT,L3,2023-04-19,-7.1,-9.8,-4.1
LMT,L3,2023-05-23,0.3,0.4,6.4
LMT,L3,2023-06-21,-10.6,-2.1,2.8
LMT,L3,2024-06-24,23.3,4.9,0.8
LMT,L3,2026-02-10,-16.9,,
LMT,L3,2026-06-18,,,
LMT,C3,2017-12-08,6.1,-0.8,-16.7
LMT,C3,2017-12-14,6.4,-4.4,-15.5
LMT,C3,2017-12-20,7.2,-6.0,-14.4
LMT,C3,2017-12-27,5.4,-5.2,-10.9
LMT,C3,2018-01-03,5.2,-3.4,-13.0
LMT,C3,2018-01-09,4.2,-2.8,-12.0
LMT,C3,2018-01-16,7.7,-2.4,-9.3
LMT,C3,2018-01-22,0.7,-0.3,-6.9
LMT,C3,2018-01-26,-10.1,-5.5,-10.3
LMT,C3,2018-02-01,-10.6,-10.7,-13.6
LMT,C3,2018-02-07,-5.7,-6.7,-9.6
LMT,C3,2018-03-23,-10.5,4.2,-7.6
LMT,C3,2018-04-13,-6.7,-1.5,-1.5
LMT,C3,2018-04-19,-9.4,-7.9,-3.3
LMT,C3,2018-04-25,-1.0,-11.9,4.2
LMT,C3,2018-05-01,5.1,-1.8,12.0
LMT,C3,2018-05-07,-0.1,-1.7,10.6
LMT,C3,2019-12-12,-12.6,-1.9,-6.1
LMT,C3,2019-12-18,-23.6,-3.5,-4.5
LMT,C3,2019-12-24,-10.0,-6.5,-8.5
LMT,C3,2020-01-14,-2.9,-8.7,-18.5
LMT,C3,2020-01-21,-11.0,-9.2,-22.0
LMT,C3,2020-01-27,-9.7,-11.3,-20.0
LMT,C3,2020-01-31,-8.3,-10.2,-18.7
LMT,C3,2020-02-06,-13.7,-9.5,-21.0
LMT,C3,2020-02-12,-16.9,-9.5,-18.6
LMT,C3,2020-02-19,-14.6,-8.0,-19.5
LMT,C3,2020-02-25,0.1,0.0,-11.9
LMT,C3,2020-03-02,6.2,2.5,-8.4
LMT,C3,2022-04-27,-5.2,10.5,4.4
LMT,C3,2022-05-03,-1.3,13.8,5.6
LMT,C3,2023-03-16,-2.5,-10.6,-1.2
LMT,C3,2023-03-22,-2.8,-11.7,-0.4
LMT,C3,2023-04-24,-6.1,-6.6,-1.1
LMT,C3,2023-04-28,-2.8,-0.1,3.8
LMT,C3,2023-05-04,0.1,-0.3,5.8
LMT,C3,2023-05-10,-0.0,-0.7,6.6
LMT,C3,2023-06-27,-8.7,2.0,4.6
LMT,C3,2023-07-03,-12.7,0.5,4.2
LMT,C3,2023-07-10,-4.9,2.0,6.0
LMT,C3,2023-07-14,-4.5,-0.0,16.2
LMT,C3,2023-07-20,-1.9,-4.2,23.8
LMT,C3,2023-07-26,-0.9,-3.9,24.5
LMT,C3,2023-08-01,0.9,-4.1,27.5
LMT,C3,2024-04-23,14.8,22.2,5.1
LMT,C3,2024-04-29,18.2,18.1,0.9
LMT,C3,2024-05-03,19.5,20.9,5.1
LMT,C3,2024-05-09,20.2,20.5,2.7
LMT,C3,2024-05-15,21.1,16.3,6.7
LMT,C3,2024-06-26,25.4,5.3,2.8
LMT,C3,2024-07-02,30.8,0.8,3.4
LMT,C3,2024-07-09,32.2,6.5,-6.5
LMT,C3,2024-07-15,31.1,10.4,-7.0
LMT,C3,2024-07-19,30.1,7.3,-8.4
LMT,C3,2024-07-25,8.4,-10.2,-16.2
LMT,C3,2024-07-31,1.3,-16.3,-17.2
LMT,C3,2024-08-06,2.5,-17.4,-15.5
LMT,C3,2024-08-12,2.2,-21.3,-16.1
LMT,C3,2024-08-16,-4.7,-19.0,-16.5
LMT,C3,2024-08-22,-2.1,-17.3,-14.8
LMT,C3,2024-08-28,-5.6,-14.4,-13.6
LMT,C3,2024-09-04,-9.4,-17.5,-15.3
LMT,C3,2024-09-10,-11.3,-16.6,-12.6
LMT,C3,2024-09-16,-13.8,-21.8,-10.4
LMT,C3,2024-09-20,-14.4,-20.8,-7.6
LMT,C3,2024-09-26,-15.8,-24.1,-10.1
LMT,C3,2024-10-02,-22.3,-22.1,-15.9
LMT,C3,2024-10-08,-20.0,-20.5,-17.6
LMT,C3,2024-10-14,-19.2,-23.1,-18.2
LMT,C3,2024-10-18,-18.3,-21.2,-18.0
LMT,C3,2024-10-24,-18.0,-15.3,-16.5
LMT,C3,2024-10-30,-17.1,-12.1,-14.2
LMT,C3,2024-11-05,-17.3,-13.8,-11.6
LMT,C3,2024-11-11,-24.4,-16.4,-18.5
LMT,C3,2026-02-13,-18.9,,
LMT,C3,2026-02-20,-18.6,,
LMT,C3,2026-02-26,-18.5,,
LMT,C3,2026-03-04,-20.7,,
LMT,C3,2026-03-10,-15.2,,
LMT,C3,2026-03-16,-17.0,,
LMT,C3,2026-03-20,-21.1,,
LMT,C3,2026-03-26,-18.3,,
LMT,C3,2026-04-01,-12.8,,
LMT,C3,2026-06-23,,,
RTX,L2,2018-04-02,2.7,14.5,11.4
RTX,L2,2019-10-14,13.4,-22.5,-26.4
RTX,L2,2021-11-22,18.9,17.9,20.2
RTX,L2,2023-05-22,-8.6,-13.0,17.1
RTX,L2,2025-10-13,28.3,25.3,
RTX,C2,2017-08-14,1.5,13.2,19.1
RTX,C2,2017-09-11,12.2,14.8,24.6
RTX,C2,2017-10-09,15.7,4.6,11.7
RTX,C2,2017-11-06,6.5,6.6,13.2
RTX,C2,2018-04-16,6.4,5.7,13.9
RTX,C2,2018-05-14,8.0,5.1,9.3
RTX,C2,2018-11-05,-5.8,6.2,16.6
RTX,C2,2018-12-03,4.4,11.9,25.8
RTX,C2,2019-08-05,14.1,20.8,-24.0
RTX,C2,2019-10-28,2.9,-33.2,-39.6
RTX,C2,2019-11-25,-11.5,-29.9,-18.6
RTX,C2,2019-12-23,-35.0,-36.7,-23.6
RTX,C2,2020-01-20,-33.9,-34.7,-27.9
RTX,C2,2020-02-17,-36.5,-35.8,-20.3
RTX,C2,2020-03-16,26.0,22.0,55.4
RTX,C2,2021-03-22,11.6,12.8,34.1
RTX,C2,2021-04-19,7.2,15.4,27.7
RTX,C2,2021-05-17,-1.5,0.7,7.5
RTX,C2,2021-06-14,-2.4,-3.1,5.9
RTX,C2,2021-07-12,9.5,11.9,11.8
RTX,C2,2021-08-09,2.5,10.5,11.5
RTX,C2,2021-12-06,13.1,12.1,16.7
RTX,C2,2023-02-27,-2.4,-11.7,-6.8
RTX,C2,2023-05-29,-9.6,-13.1,15.3
RTX,C2,2023-06-26,-26.0,-12.9,5.3
RTX,C2,2024-09-02,0.2,9.5,35.7
RTX,C2,2024-09-30,-6.7,-5.0,36.0
RTX,C2,2024-10-28,9.2,10.8,53.3
RTX,C2,2024-11-25,9.7,13.2,46.2
RTX,C2,2024-12-23,13.4,25.2,61.6
RTX,C2,2025-01-20,0.4,26.5,59.3
RTX,C2,2025-02-17,7.9,27.9,69.0
RTX,C2,2025-03-17,11.3,20.7,52.2
RTX,C2,2025-04-14,18.1,23.7,55.0
RTX,C2,2025-10-20,10.1,-1.7,
RTX,C2,2025-11-17,21.2,5.1,
RTX,C2,2025-12-15,9.2,2.7,
RTX,C2,2026-01-12,-2.4,-3.4,
RTX,C2,2026-02-09,-14.2,,
RTX,C2,2026-03-09,-9.9,,
RTX,C2,2026-04-06,-2.4,,
RTX,C2,2026-05-04,,,
RTX,C2,2026-06-01,,,
RTX,C2,2026-06-29,,,
RTX,L3,2017-10-31,6.9,4.0,9.6
RTX,L3,2018-12-04,3.8,4.4,25.7
RTX,L3,2019-07-22,7.0,14.8,-30.6
RTX,L3,2019-11-27,-6.1,-22.0,-19.2
RTX,L3,2020-01-10,-34.5,-34.0,-27.3
RTX,L3,2021-04-01,11.6,16.9,35.9
RTX,L3,2021-05-20,0.3,3.7,13.9
RTX,L3,2023-02-28,-3.5,-12.2,-5.8
RTX,L3,2023-06-22,-25.1,-11.9,6.4
RTX,L3,2024-08-14,1.6,6.5,40.0
RTX,L3,2024-10-17,1.0,0.3,44.8
RTX,L3,2025-02-24,6.5,27.6,68.8
RTX,L3,2025-05-09,21.6,36.5,40.5
RTX,L3,2025-10-22,13.5,-0.4,
RTX,L3,2025-12-31,8.3,7.6,
RTX,L3,2026-03-04,-13.0,,
RTX,L3,2026-06-10,,,
RTX,C3,2017-11-01,8.7,4.5,9.9
RTX,C3,2017-11-07,6.1,4.5,8.9
RTX,C3,2018-12-07,6.9,5.2,27.3
RTX,C3,2018-12-13,5.7,9.2,29.2
RTX,C3,2019-07-24,7.5,15.1,-30.2
RTX,C3,2019-07-30,6.9,14.3,-22.7
RTX,C3,2019-08-05,18.3,25.9,-17.0
RTX,C3,2019-08-09,13.6,18.8,-23.8
RTX,C3,2019-12-04,-17.0,-30.0,-19.7
RTX,C3,2020-01-16,-34.9,-33.8,-27.4
RTX,C3,2020-01-23,-32.5,-37.8,-25.0
RTX,C3,2020-01-29,-36.2,-39.4,-21.9
RTX,C3,2021-04-05,10.8,17.1,35.8
RTX,C3,2021-05-26,-0.7,-5.3,18.9
RTX,C3,2021-06-02,-4.0,-4.4,6.2
RTX,C3,2021-06-08,-5.9,-2.5,1.7
RTX,C3,2021-06-14,-3.8,-5.7,8.7
RTX,C3,2021-06-18,-2.7,-1.0,14.5
RTX,C3,2021-06-24,1.2,0.1,10.7
RTX,C3,2021-06-30,3.2,6.8,10.2
RTX,C3,2021-07-07,5.7,5.8,11.9
RTX,C3,2021-07-13,5.7,9.5,13.4
RTX,C3,2021-07-19,13.2,8.9,17.7
RTX,C3,2021-07-23,7.0,5.3,10.7
RTX,C3,2023-03-06,-0.3,-21.7,-3.5
RTX,C3,2023-03-10,4.5,-20.0,2.2
RTX,C3,2023-06-28,-24.4,-9.4,9.0
RTX,C3,2024-08-16,1.8,9.1,36.6
RTX,C3,2024-08-22,2.9,14.6,33.3
RTX,C3,2024-08-28,1.4,7.4,31.6
RTX,C3,2024-09-04,-1.6,7.8,33.2
RTX,C3,2024-09-10,-2.3,13.7,36.8
RTX,C3,2024-09-16,-1.0,15.0,43.2
RTX,C3,2024-09-20,-0.8,13.3,45.7
RTX,C3,2024-10-18,0.0,0.9,43.4
RTX,C3,2024-10-24,3.6,3.8,44.2
RTX,C3,2024-10-30,6.6,6.7,45.6
RTX,C3,2024-11-05,9.1,15.1,49.0
RTX,C3,2024-11-11,-0.1,9.5,41.5
RTX,C3,2025-02-28,3.9,19.6,56.4
RTX,C3,2025-03-06,10.5,24.1,59.1
RTX,C3,2025-03-12,14.4,24.9,55.0
RTX,C3,2025-03-18,11.1,22.1,47.8
RTX,C3,2025-03-24,6.5,22.6,49.4
RTX,C3,2025-03-28,10.3,27.7,55.5
RTX,C3,2025-04-03,12.8,25.7,53.4
RTX,C3,2025-04-09,16.4,23.4,42.0
RTX,C3,2025-10-23,11.6,-2.3,
RTX,C3,2025-10-29,15.8,1.0,
RTX,C3,2025-11-04,12.2,2.2,
RTX,C3,2025-11-10,12.2,-1.8,
RTX,C3,2025-11-14,17.6,3.1,
RTX,C3,2026-01-06,6.2,3.7,
RTX,C3,2026-01-12,1.4,,
RTX,C3,2026-01-16,-10.1,,
RTX,C3,2026-01-23,-10.0,,
RTX,C3,2026-01-29,-13.2,,
RTX,C3,2026-02-04,-10.2,,
RTX,C3,2026-02-10,-9.7,,
RTX,C3,2026-02-17,-13.8,,
RTX,C3,2026-03-10,-10.6,,
RTX,C3,2026-03-16,-6.2,,
RTX,C3,2026-03-20,-6.2,,
RTX,C3,2026-03-26,-1.2,,
RTX,C3,2026-04-01,3.6,,
RTX,C3,2026-06-12,,,
RTX,C3,2026-06-18,,,
RTX,C3,2026-06-25,,,
RTX,C3,2026-07-01,,,
RTX,C3,2026-07-08,,,
RTX,C3,2026-07-14,,,
NOC,L2,2021-12-20,20.7,22.6,42.3
NOC,C2,2017-09-18,8.2,23.6,10.5
NOC,C2,2017-10-16,7.7,21.6,5.9
NOC,C2,2017-11-13,20.3,11.6,-6.8
NOC,C2,2017-12-11,9.4,4.3,-14.1
NOC,C2,2018-01-08,11.6,2.8,-17.5
NOC,C2,2018-02-05,-1.9,-11.8,-14.3
NOC,C2,2018-03-05,-2.8,-13.4,-19.8
NOC,C2,2018-04-02,-12.3,-8.2,-20.1
NOC,C2,2018-04-30,-4.9,-12.1,-5.4
NOC,C2,2018-05-28,-9.2,-20.6,-6.5
NOC,C2,2018-06-25,3.6,-20.6,6.8
NOC,C2,2019-11-18,5.3,-6.0,-10.8
NOC,C2,2019-12-16,-17.6,-8.9,-10.9
NOC,C2,2020-01-13,-5.9,-18.6,-19.5
NOC,C2,2020-02-10,-13.0,-7.1,-18.5
NOC,C2,2020-03-09,1.4,8.7,-2.3
NOC,C2,2020-04-06,-12.9,-5.6,2.8
NOC,C2,2021-09-13,8.2,23.2,40.7
NOC,C2,2021-10-11,2.5,19.2,19.2
NOC,C2,2022-01-10,16.3,15.2,16.0
NOC,C2,2022-02-07,13.9,21.0,17.9
NOC,C2,2022-03-07,6.7,13.4,6.9
NOC,C2,2022-04-04,4.0,7.8,2.9
NOC,C2,2022-05-02,2.3,12.3,-3.3
NOC,C2,2022-05-30,0.1,14.8,-5.8
NOC,C2,2022-06-27,-3.0,12.9,-4.9
NOC,C2,2022-07-25,14.9,-8.0,-4.7
NOC,C2,2022-08-22,9.2,-2.3,-10.1
NOC,C2,2022-09-19,12.1,-4.3,-9.9
NOC,C2,2022-10-17,-13.5,-9.1,-5.6
NOC,C2,2022-11-14,-9.3,-14.2,-9.4
NOC,C2,2022-12-12,-16.0,-12.8,-11.6
NOC,C2,2023-01-09,2.8,-1.6,6.0
NOC,C2,2023-02-06,-5.1,-6.3,-0.3
NOC,C2,2024-06-10,23.0,14.1,24.0
NOC,C2,2025-05-26,22.3,19.1,18.1
NOC,C2,2025-06-23,20.8,17.8,2.8
NOC,C2,2025-07-21,6.7,19.1,
NOC,C2,2025-08-18,-4.0,23.1,
NOC,C2,2025-09-15,-0.4,24.3,
NOC,C2,2025-10-13,12.6,12.7,
NOC,C2,2025-11-10,26.4,-2.4,
NOC,C2,2025-12-08,29.2,-2.7,
NOC,L3,2017-12-07,12.7,7.0,-18.2
NOC,L3,2018-04-04,-12.7,-9.0,-19.0
NOC,L3,2018-06-14,-3.2,-20.8,0.4
NOC,L3,2020-01-08,-8.2,-18.1,-18.0
NOC,L3,2021-08-24,0.0,27.3,34.9
NOC,L3,2022-03-23,4.8,9.0,6.9
NOC,L3,2022-04-18,-2.2,13.1,0.8
NOC,L3,2022-06-14,7.1,18.0,-1.1
NOC,L3,2022-08-15,3.2,-2.0,-9.7
NOC,L3,2022-11-04,-12.9,-15.4,-9.8
NOC,L3,2022-12-23,-13.5,-13.5,-10.2
NOC,L3,2025-06-11,18.1,17.4,3.8
NOC,L3,2025-10-28,15.6,-5.3,
NOC,C3,2017-09-12,15.1,30.1,15.4
NOC,C3,2017-09-18,11.7,29.6,16.6
NOC,C3,2017-09-22,8.3,23.5,14.6
NOC,C3,2017-09-28,7.6,24.4,10.1
NOC,C3,2017-10-04,5.8,21.3,8.3
NOC,C3,2017-10-10,7.8,22.7,6.1
NOC,C3,2017-10-16,7.3,16.2,-7.5
NOC,C3,2017-10-20,10.7,10.0,-6.0
NOC,C3,2017-10-26,14.6,6.0,-2.7
NOC,C3,2017-11-01,11.7,11.7,-5.6
NOC,C3,2017-11-07,11.6,6.6,-10.0
NOC,C3,2017-11-13,19.7,9.4,-9.6
NOC,C3,2017-12-13,13.0,2.3,-21.1
NOC,C3,2017-12-19,16.0,0.5,-20.7
NOC,C3,2017-12-26,14.1,2.4,-15.7
NOC,C3,2018-01-02,15.6,4.0,-13.8
NOC,C3,2018-01-08,14.6,4.6,-12.8
NOC,C3,2018-01-12,13.9,3.5,-11.6
NOC,C3,2018-01-19,8.3,-6.0,-12.4
NOC,C3,2018-01-25,-0.6,-6.8,-13.0
NOC,C3,2018-01-31,-7.5,-12.7,-15.5
NOC,C3,2018-02-06,-0.0,-10.2,-10.6
NOC,C3,2018-02-12,-4.5,-12.2,-13.4
NOC,C3,2018-02-16,-8.6,-15.8,-18.9
NOC,C3,2018-02-23,-6.8,-14.5,-19.9
NOC,C3,2018-03-01,-1.3,-11.6,-17.5
NOC,C3,2018-03-07,-2.0,-12.0,-20.7
NOC,C3,2018-03-13,-6.0,-9.0,-21.5
NOC,C3,2018-04-05,-12.5,-12.1,-21.3
NOC,C3,2018-04-11,-6.8,-11.2,-17.9
NOC,C3,2018-04-17,-8.4,-12.7,-17.0
NOC,C3,2018-04-23,-16.7,-23.6,-16.8
NOC,C3,2018-06-18,-2.8,-26.4,0.5
NOC,C3,2018-06-22,1.2,-21.7,5.6
NOC,C3,2018-06-28,3.9,-18.7,8.9
NOC,C3,2018-07-05,4.3,-15.7,6.0
NOC,C3,2020-01-14,-4.6,-17.1,-20.5
NOC,C3,2020-01-21,-10.9,-17.9,-21.4
NOC,C3,2020-01-27,-12.1,-13.6,-19.9
NOC,C3,2020-01-31,-11.9,-12.2,-18.7
NOC,C3,2020-02-06,-9.6,-6.0,-16.7
NOC,C3,2020-02-12,-12.2,-7.5,-16.6
NOC,C3,2020-02-19,-10.1,-5.2,-16.6
NOC,C3,2020-02-25,0.8,2.3,-8.5
NOC,C3,2021-08-30,-5.5,31.1,33.3
NOC,C3,2021-09-03,-0.5,20.2,34.7
NOC,C3,2021-12-27,18.5,21.8,30.8
NOC,C3,2021-12-31,17.8,23.8,21.0
NOC,C3,2022-01-06,16.8,17.0,15.1
NOC,C3,2022-01-12,18.2,15.6,13.8
NOC,C3,2022-01-19,11.8,11.9,11.8
NOC,C3,2022-01-25,10.9,20.2,13.8
NOC,C3,2022-01-31,25.6,28.1,27.3
NOC,C3,2022-02-04,22.2,30.7,29.1
NOC,C3,2022-03-28,7.5,9.5,6.3
NOC,C3,2022-04-19,-2.3,14.1,-2.0
NOC,C3,2022-04-25,2.7,24.3,1.0
NOC,C3,2022-06-21,7.4,16.1,0.5
NOC,C3,2022-08-16,4.4,-0.7,-9.7
NOC,C3,2022-08-22,8.7,-3.1,-9.3
NOC,C3,2022-08-26,9.3,-2.4,-11.0
NOC,C3,2022-09-01,13.1,-3.6,-8.3
NOC,C3,2022-09-08,8.4,-7.4,-9.3
NOC,C3,2022-09-14,9.4,-7.9,-8.4
NOC,C3,2022-11-09,-12.0,-16.2,-10.2
NOC,C3,2022-11-15,-5.0,-11.2,-4.8
NOC,C3,2022-12-30,-13.4,-14.9,-11.0
NOC,C3,2023-01-06,-9.0,-12.2,-9.0
NOC,C3,2025-06-16,15.8,15.2,4.0
NOC,C3,2025-06-23,17.8,16.5,11.6
NOC,C3,2025-06-27,23.8,19.5,11.4
NOC,C3,2025-07-03,23.2,18.1,5.1
NOC,C3,2025-07-10,21.8,28.1,
NOC,C3,2025-07-16,15.7,28.8,
NOC,C3,2025-07-22,6.2,21.4,
NOC,C3,2025-07-28,5.1,21.4,
NOC,C3,2025-08-01,-1.5,21.9,
NOC,C3,2025-08-07,-2.8,19.3,
NOC,C3,2025-08-13,-3.8,27.6,
NOC,C3,2025-08-19,-3.2,21.4,
NOC,C3,2025-08-25,-2.6,30.8,
NOC,C3,2025-08-29,-6.6,28.1,
NOC,C3,2025-09-05,-4.3,27.2,
NOC,C3,2025-10-31,19.9,-5.4,
NOC,C3,2025-11-06,19.2,-4.8,
NOC,C3,2025-11-12,30.3,-0.5,
NOC,C3,2025-11-18,29.3,-0.6,
GD,C2,2017-08-14,-0.1,13.7,-0.8
GD,C2,2017-09-11,0.7,13.2,2.9
GD,C2,2017-10-09,-1.3,3.2,-8.5
GD,C2,2017-11-06,6.6,2.9,-6.0
GD,C2,2017-12-04,14.8,1.6,-15.3
GD,C2,2018-01-01,5.8,-6.5,-21.5
GD,C2,2018-01-29,-11.6,-11.7,-22.3
GD,C2,2018-02-26,-8.5,-12.6,-22.7
GD,C2,2018-03-26,-15.2,-6.5,-21.9
GD,C2,2018-04-23,-2.0,-15.8,-10.7
GD,C2,2018-05-21,-7.0,-13.5,-19.5
GD,C2,2019-09-30,2.6,-28.0,-18.3
GD,C2,2019-10-28,-1.8,-27.9,-24.8
GD,C2,2021-07-12,10.6,13.9,15.0
GD,C2,2021-08-09,1.9,9.0,22.7
GD,C2,2021-09-06,2.3,16.7,17.5
GD,C2,2021-10-04,4.9,21.1,13.2
GD,C2,2021-11-01,6.2,20.5,26.8
GD,C2,2021-11-29,24.8,17.7,32.3
GD,C2,2021-12-27,17.0,9.2,21.7
GD,C2,2023-01-30,-7.9,-2.1,17.3
GD,C2,2023-02-27,-9.0,-0.8,20.5
GD,C2,2023-03-27,-5.2,-2.0,26.7
GD,C2,2024-08-26,-4.7,-14.8,10.7
GD,C2,2024-09-23,-10.9,-9.4,12.4
GD,C2,2024-10-21,-11.5,-9.1,18.3
GD,C2,2024-11-18,-13.3,-1.4,23.2
GD,C2,2024-12-16,0.4,6.9,31.4
GD,C2,2025-12-08,4.6,7.7,
GD,C2,2026-01-05,-4.5,7.4,
GD,C2,2026-02-02,-3.3,,
GD,C2,2026-03-02,-4.2,,
GD,C2,2026-03-30,8.0,,
GD,C2,2026-04-27,,,
GD,C2,2026-05-25,,,
GD,L3,2017-09-08,1.3,13.5,4.3
GD,L3,2017-11-08,5.0,0.4,-11.6
GD,L3,2018-01-22,3.5,-3.7,-14.5
GD,L3,2018-03-16,-14.0,-8.1,-22.5
GD,L3,2021-08-26,-1.7,21.0,17.0
GD,L3,2021-10-29,6.2,19.5,27.8
GD,L3,2021-12-28,16.8,7.5,21.9
GD,L3,2024-09-23,-13.3,-10.1,13.8
GD,L3,2025-12-31,3.9,12.9,
GD,C3,2017-09-11,-1.7,12.7,3.9
GD,C3,2017-11-10,13.3,3.9,-9.2
GD,C3,2017-11-16,10.9,5.3,-6.9
GD,C3,2017-11-22,11.7,2.6,-13.0
GD,C3,2018-01-24,-6.7,-8.1,-19.7
GD,C3,2018-01-30,-12.7,-12.9,-21.5
GD,C3,2018-02-05,-4.4,-8.3,-15.6
GD,C3,2018-02-09,-4.5,-8.4,-16.8
GD,C3,2018-02-15,-8.3,-13.8,-23.4
GD,C3,2018-02-22,-5.1,-10.3,-23.0
GD,C3,2018-02-28,-8.1,-12.6,-21.3
GD,C3,2018-03-19,-14.1,-7.7,-21.5
GD,C3,2018-03-23,-13.3,-6.8,-20.3
GD,C3,2019-09-12,-4.9,-37.0,-26.0
GD,C3,2019-09-18,-5.6,-35.2,-25.2
GD,C3,2021-08-27,-4.8,24.3,18.6
GD,C3,2021-09-02,-0.8,17.8,15.5
GD,C3,2021-09-09,1.2,13.0,14.5
GD,C3,2021-09-15,4.5,21.2,12.7
GD,C3,2021-09-21,7.2,27.5,18.0
GD,C3,2021-09-27,5.8,24.1,16.3
GD,C3,2021-11-04,8.8,14.0,26.3
GD,C3,2021-12-29,17.3,7.9,22.3
GD,C3,2024-09-24,-12.0,-8.5,16.1
GD,C3,2024-09-30,-13.2,-15.0,13.8
GD,C3,2024-10-04,-12.6,-5.8,15.0
GD,C3,2024-10-10,-9.7,-6.3,21.5
GD,C3,2024-10-16,-11.3,-9.8,15.4
GD,C3,2024-10-22,-13.7,-10.3,14.4
GD,C3,2024-10-28,-15.1,-10.4,18.3
GD,C3,2024-11-01,-12.6,-5.8,19.0
GD,C3,2026-01-02,2.3,10.0,
GD,C3,2026-01-08,-2.4,6.3,
GD,C3,2026-01-14,-8.5,,
GD,C3,2026-01-21,-13.7,,
GD,C3,2026-01-27,-5.7,,
GD,C3,2026-02-02,0.7,,
GD,C3,2026-02-06,-3.3,,
GD,C3,2026-02-12,1.2,,
LHX,L2,2022-09-05,-8.3,-13.0,-27.2
LHX,C2,2017-08-14,18.8,33.1,41.0
LHX,C2,2017-09-11,14.0,24.3,31.9
LHX,C2,2017-10-09,8.2,19.3,15.2
LHX,C2,2017-11-06,10.7,13.8,12.1
LHX,C2,2017-12-04,10.5,8.8,-1.1
LHX,C2,2018-01-01,12.5,1.1,-6.0
LHX,C2,2018-01-29,-3.5,4.9,0.3
LHX,C2,2018-02-26,-0.0,6.4,8.9
LHX,C2,2018-03-26,-10.0,5.8,0.7
LHX,C2,2018-04-23,-2.3,2.5,7.0
LHX,C2,2018-05-21,7.2,-3.8,24.9
LHX,C2,2018-06-18,14.8,-9.7,39.6
LHX,C2,2018-07-16,12.4,-4.5,30.4
LHX,C2,2019-09-02,-10.0,-6.5,-14.3
LHX,C2,2019-09-30,1.7,-13.4,-15.3
LHX,C2,2019-10-28,10.3,-5.2,-18.6
LHX,C2,2019-11-25,-1.7,-0.4,-1.6
LHX,C2,2019-12-23,-7.9,-15.2,-6.6
LHX,C2,2020-01-20,-14.5,-22.5,-16.1
LHX,C2,2020-02-17,-18.6,-19.1,-13.6
LHX,C2,2020-03-16,18.8,21.3,30.6
LHX,C2,2020-04-13,-16.1,-13.5,5.5
LHX,C2,2021-02-01,20.6,27.8,18.9
LHX,C2,2021-03-01,20.3,25.7,45.4
LHX,C2,2021-03-29,8.3,8.8,26.6
LHX,C2,2021-04-26,8.9,11.2,13.0
LHX,C2,2021-05-24,6.5,-0.5,12.0
LHX,C2,2021-06-21,1.6,-4.9,7.6
LHX,C2,2021-07-19,8.2,-2.0,0.9
LHX,C2,2021-08-16,-4.0,-5.0,5.0
LHX,C2,2021-09-13,-6.1,11.8,5.3
LHX,C2,2021-10-11,-4.2,8.6,-6.9
LHX,C2,2021-11-08,1.7,8.2,3.9
LHX,C2,2021-12-06,15.8,11.9,1.3
LHX,C2,2022-01-03,17.9,9.4,-4.4
LHX,C2,2022-03-21,-9.0,-13.7,-23.6
LHX,C2,2022-04-18,-8.8,0.7,-16.8
LHX,C2,2022-05-16,4.4,-0.9,-18.0
LHX,C2,2022-10-24,-14.3,-20.7,-29.6
LHX,C2,2024-06-17,3.9,-4.4,13.0
LHX,C2,2024-07-15,6.5,-6.2,15.1
LHX,C2,2024-08-12,8.6,-12.7,20.8
LHX,C2,2024-09-09,-2.4,-7.2,23.9
LHX,C2,2024-10-07,-14.9,-8.8,21.2
LHX,C2,2024-11-04,-20.5,-15.0,13.7
LHX,C2,2024-12-02,-6.2,5.2,21.0
LHX,C2,2024-12-30,-3.1,23.2,47.9
LHX,C2,2025-01-27,4.2,32.6,64.8
LHX,C2,2025-12-08,25.5,8.1,
LHX,C2,2026-01-05,5.7,-12.7,
LHX,C2,2026-02-02,-14.0,,
LHX,C2,2026-03-02,-15.7,,
LHX,C2,2026-03-30,-14.8,,
LHX,C2,2026-04-27,,,
LHX,C2,2026-05-25,,,
LHX,C2,2026-06-22,,,
LHX,L3,2017-08-28,19.1,28.6,35.6
LHX,L3,2018-01-23,12.6,6.4,12.6
LHX,L3,2019-08-12,-5.0,10.1,-13.3
LHX,L3,2019-10-09,2.1,-4.4,-16.6
LHX,L3,2020-02-18,-21.3,-21.2,-17.8
LHX,L3,2021-02-24,15.0,22.8,44.2
LHX,L3,2021-05-04,7.4,4.4,11.1
LHX,L3,2021-07-26,3.7,-2.4,5.7
LHX,L3,2021-11-09,-0.3,8.5,2.7
LHX,L3,2022-03-14,-8.9,-7.1,-20.6
LHX,L3,2024-06-05,2.8,3.9,13.6
LHX,L3,2024-10-29,-13.6,-10.0,24.9
LHX,L3,2026-01-21,-8.4,,
LHX,L3,2026-06-25,,,
LHX,C3,2017-08-29,20.0,29.8,35.5
LHX,C3,2017-09-05,17.0,30.3,38.2
LHX,C3,2017-09-11,15.2,27.9,35.4
LHX,C3,2017-09-15,12.9,24.9,33.9
LHX,C3,2017-09-21,9.4,24.0,31.1
LHX,C3,2017-09-27,8.3,26.1,28.6
LHX,C3,2017-10-03,8.3,22.4,32.0
LHX,C3,2017-10-09,7.4,23.8,26.3
LHX,C3,2017-10-13,7.2,24.7,19.8
LHX,C3,2017-10-19,6.0,17.5,11.4
LHX,C3,2017-10-25,14.9,8.7,12.0
LHX,C3,2017-10-31,6.8,12.4,8.4
LHX,C3,2017-11-06,10.5,12.3,10.3
LHX,C3,2017-11-10,13.1,12.2,6.8
LHX,C3,2017-11-16,12.6,9.3,3.7
LHX,C3,2017-11-22,9.6,7.9,-0.3
LHX,C3,2017-11-29,8.0,7.6,4.3
LHX,C3,2017-12-05,11.2,7.6,1.9
LHX,C3,2017-12-11,10.1,2.7,-9.3
LHX,C3,2017-12-15,7.7,0.8,-5.0
LHX,C3,2018-01-29,0.1,11.1,10.9
LHX,C3,2018-02-02,-0.9,6.3,7.4
LHX,C3,2018-02-08,3.9,9.5,12.5
LHX,C3,2018-02-14,-0.3,8.0,8.2
LHX,C3,2018-02-21,-2.3,4.8,3.2
LHX,C3,2018-02-27,-4.7,3.0,3.6
LHX,C3,2018-03-05,0.2,5.1,8.1
LHX,C3,2018-03-09,-3.0,4.5,2.7
LHX,C3,2018-03-15,-5.3,5.5,2.8
LHX,C3,2018-03-21,-9.7,4.0,1.8
LHX,C3,2018-03-27,-9.4,6.0,3.5
LHX,C3,2018-04-03,-9.5,5.8,5.5
LHX,C3,2018-04-09,-10.8,-4.5,3.0
LHX,C3,2018-04-13,-5.9,7.0,4.7
LHX,C3,2018-04-19,-10.7,0.9,7.1
LHX,C3,2018-04-25,-4.2,-8.3,13.2
LHX,C3,2018-05-01,8.1,-2.4,22.0
LHX,C3,2018-05-07,10.2,1.9,24.7
LHX,C3,2019-08-14,-3.5,8.5,-11.4
LHX,C3,2019-08-20,-3.3,-0.4,-13.6
LHX,C3,2019-08-26,-4.9,-5.4,-12.7
LHX,C3,2019-08-30,-7.1,-11.1,-12.6
LHX,C3,2019-09-06,-9.5,-16.6,-12.1
LHX,C3,2019-09-12,-4.1,-22.9,-13.5
LHX,C3,2019-10-11,2.4,-6.0,-17.4
LHX,C3,2019-10-17,9.8,-4.7,-18.3
LHX,C3,2020-02-24,-11.5,-16.6,-13.1
LHX,C3,2020-02-28,-0.7,-6.7,-2.6
LHX,C3,2020-03-05,5.5,-8.6,-2.0
LHX,C3,2021-03-02,19.4,26.4,37.6
LHX,C3,2021-05-10,7.8,1.8,9.2
LHX,C3,2021-05-14,8.3,2.8,11.0
LHX,C3,2021-05-20,8.1,3.9,13.8
LHX,C3,2021-05-26,8.6,-1.3,17.3
LHX,C3,2021-06-02,7.5,-0.7,8.6
LHX,C3,2021-06-08,6.4,-0.1,3.0
LHX,C3,2021-06-14,3.4,-4.3,7.0
LHX,C3,2021-06-18,1.0,-4.7,12.4
LHX,C3,2021-06-24,2.1,-2.4,10.6
LHX,C3,2021-06-30,2.0,-0.1,6.9
LHX,C3,2021-07-27,0.6,-7.4,3.5
LHX,C3,2021-08-02,-2.9,-4.8,6.7
LHX,C3,2021-08-06,-2.8,-6.1,4.9
LHX,C3,2021-08-12,-4.1,-3.1,2.8
LHX,C3,2021-08-18,-4.0,-5.6,1.8
LHX,C3,2021-08-24,-5.0,10.7,1.1
LHX,C3,2021-08-30,-10.1,17.4,3.3
LHX,C3,2021-09-03,-6.9,8.9,1.1
LHX,C3,2021-09-10,-5.5,8.4,-0.6
LHX,C3,2021-09-16,-5.5,16.5,-1.1
LHX,C3,2021-09-22,-6.1,11.7,2.5
LHX,C3,2021-09-28,-3.6,14.9,5.8
LHX,C3,2021-11-12,1.1,5.1,6.3
LHX,C3,2022-03-16,-8.6,-5.1,-18.4
LHX,C3,2022-03-22,-6.9,-14.8,-20.2
LHX,C3,2022-03-28,-2.7,-12.0,-18.6
LHX,C3,2024-06-07,2.8,2.1,13.4
LHX,C3,2024-06-13,5.3,-1.7,16.8
LHX,C3,2024-06-20,6.6,-3.9,16.8
LHX,C3,2024-06-26,5.7,-5.0,18.5
LHX,C3,2024-07-02,9.3,-8.3,21.2
LHX,C3,2024-07-09,7.7,-4.0,21.7
LHX,C3,2024-07-15,5.1,-4.1,18.5
LHX,C3,2024-07-19,6.2,-4.4,20.8
LHX,C3,2024-07-25,4.4,-12.0,13.1
LHX,C3,2024-07-31,9.6,-8.0,21.9
LHX,C3,2024-08-06,14.1,-10.4,24.7
LHX,C3,2024-08-12,14.9,-14.1,23.8
LHX,C3,2024-08-16,7.9,-9.9,22.9
LHX,C3,2024-08-22,8.4,-9.3,21.4
LHX,C3,2024-08-28,7.2,-4.2,23.4
LHX,C3,2024-09-04,1.7,-9.3,22.5
LHX,C3,2024-09-10,0.9,-5.6,27.1
LHX,C3,2024-11-04,-15.2,-10.2,18.3
LHX,C3,2024-11-08,-23.8,-10.5,8.2
LHX,C3,2024-11-14,-19.4,0.9,12.4
LHX,C3,2024-11-20,-16.1,0.1,16.2
LHX,C3,2024-11-26,-14.3,0.5,20.3
LHX,C3,2026-01-22,-9.6,,
LHX,C3,2026-01-28,-12.7,,
LHX,C3,2026-02-03,-14.0,,
LHX,C3,2026-02-09,-12.7,,
LHX,C3,2026-02-13,-10.5,,
LHX,C3,2026-02-20,-11.7,,
LHX,C3,2026-02-26,-12.5,,
LHX,C3,2026-06-26,,,
BA,L2,2018-11-05,10.2,-2.9,-2.8
BA,L2,2023-07-17,-15.0,1.5,-15.2
BA,C2,2018-05-07,-0.4,8.9,5.7
BA,C2,2018-06-04,-5.0,-11.7,-2.3
BA,C2,2018-07-02,16.1,-1.3,8.5
BA,C2,2018-07-30,3.2,12.3,-0.6
BA,C2,2018-11-12,25.0,6.8,13.2
BA,C2,2018-12-10,19.5,10.1,9.7
BA,C2,2019-05-06,-4.2,0.2,-61.7
BA,C2,2019-06-03,3.3,1.3,-40.9
BA,C2,2019-07-01,6.2,-5.4,-48.3
BA,C2,2021-03-22,1.4,-9.6,-22.8
BA,C2,2021-04-19,-7.1,-10.7,-25.8
BA,C2,2021-05-17,-9.4,-8.8,-48.6
BA,C2,2021-06-14,-10.1,-18.8,-42.4
BA,C2,2023-04-03,0.3,-11.3,-13.4
BA,C2,2023-05-01,16.6,-1.7,-9.4
BA,C2,2023-08-14,-8.2,-10.0,-20.6
BA,C2,2023-09-11,27.0,-12.3,-24.7
BA,C2,2023-10-09,17.7,-8.3,-18.3
BA,C2,2026-01-05,-7.2,-5.2,
BA,C2,2026-02-02,-2.3,,
BA,C2,2026-03-02,-6.8,,
BA,C2,2026-03-30,8.8,,
BA,C2,2026-04-27,,,
BA,L3,2018-05-01,6.7,9.6,6.8
BA,L3,2018-05-24,-1.0,-6.2,0.5
BA,L3,2018-08-03,4.4,17.6,-2.6
BA,L3,2019-05-06,-10.3,-2.1,-66.9
BA,L3,2019-05-31,4.4,3.4,-49.3
BA,L3,2021-03-22,-3.0,-11.9,-23.8
BA,L3,2021-06-25,-12.1,-18.4,-44.0
BA,L3,2023-04-11,0.4,-12.9,-20.3
BA,L3,2023-08-08,-19.4,-14.1,-27.7
BA,L3,2026-02-03,-0.9,,
BA,L3,2026-05-01,,,
BA,C3,2018-05-02,8.0,12.8,9.3
BA,C3,2018-05-08,2.6,10.7,8.7
BA,C3,2018-05-30,-2.7,1.5,-1.1
BA,C3,2018-06-05,-2.0,-8.5,6.0
BA,C3,2018-06-11,-4.3,-13.2,2.9
BA,C3,2018-06-15,2.1,-11.7,3.8
BA,C3,2018-06-21,9.5,-5.2,7.5
BA,C3,2018-06-27,13.3,-4.8,11.1
BA,C3,2018-07-03,17.7,4.3,13.3
BA,C3,2018-08-08,7.6,19.6,0.4
BA,C3,2018-08-14,2.1,24.3,6.9
BA,C3,2018-08-20,-9.0,25.3,3.3
BA,C3,2019-05-09,-5.4,3.7,-61.7
BA,C3,2019-05-15,-3.8,8.2,-56.0
BA,C3,2021-03-24,3.8,-8.7,-20.1
BA,C3,2021-03-30,-4.9,-11.2,-30.5
BA,C3,2021-04-06,-7.2,-11.3,-28.7
BA,C3,2021-06-28,-6.1,-16.1,-42.9
BA,C3,2023-04-12,-0.2,-12.6,-22.6
BA,C3,2023-04-18,1.6,-13.1,-19.5
BA,C3,2023-04-24,13.6,-12.7,-13.3
BA,C3,2023-04-28,11.9,-7.1,-13.7
BA,C3,2023-08-09,-18.7,-14.5,-27.1
BA,C3,2023-08-15,-10.1,-13.2,-25.5
BA,C3,2026-02-06,-2.5,,
BA,C3,2026-02-12,-7.8,,
BA,C3,2026-05-05,,,
BA,C3,2026-05-11,,,
BA,C3,2026-05-15,,,
GE,L2,2024-06-10,14.6,6.8,52.8
GE,L2,2024-12-02,10.6,46.1,62.7
GE,L2,2025-05-12,15.7,31.9,22.1
GE,C2,2019-09-09,21.4,-15.8,-36.1
GE,C2,2023-01-16,28.2,42.3,67.6
GE,C2,2023-02-13,25.7,34.8,80.2
GE,C2,2023-03-13,17.7,28.0,87.4
GE,C2,2023-04-10,15.6,14.8,103.8
GE,C2,2023-05-08,16.1,16.8,108.0
GE,C2,2023-06-05,5.2,13.6,91.6
GE,C2,2023-07-03,3.1,16.9,86.5
GE,C2,2023-07-31,-3.6,20.9,78.5
GE,C2,2023-08-28,7.3,39.1,92.5
GE,C2,2023-09-25,15.5,58.9,111.3
GE,C2,2024-06-17,14.3,2.8,46.7
GE,C2,2024-07-15,21.2,15.3,66.5
GE,C2,2024-08-12,4.6,23.3,59.1
GE,C2,2024-12-09,19.1,43.0,81.7
GE,C2,2025-01-06,6.0,49.3,88.4
GE,C2,2025-06-02,9.4,11.4,29.0
GE,C2,2025-06-30,20.6,30.4,53.7
GE,C2,2025-07-28,14.8,14.2,
GE,C2,2025-08-25,8.6,24.7,
GE,C2,2025-09-22,7.0,-3.8,
GE,C2,2025-10-20,-3.2,-6.1,
GE,C2,2025-11-17,19.5,5.6,
GE,C2,2025-12-15,-6.4,16.7,
GE,C2,2026-01-12,-6.3,7.6,
GE,C2,2026-02-09,-10.6,,
GE,C2,2026-03-09,11.9,,
GE,C2,2026-04-06,16.7,,
GE,C2,2026-05-04,,,
GE,L3,2021-06-25,0.5,-9.9,-39.7
GE,L3,2023-02-09,26.4,37.6,90.4
GE,L3,2023-09-27,15.2,66.6,115.1
GE,L3,2024-07-30,4.4,22.5,61.6
GE,L3,2025-06-26,17.3,23.2,44.1
GE,L3,2026-01-13,-6.9,,
GE,C3,2019-09-03,31.0,6.6,-25.8
GE,C3,2019-09-09,23.0,-25.4,-22.9
GE,C3,2019-09-13,19.6,-30.1,-34.9
GE,C3,2023-02-13,25.3,35.7,86.8
GE,C3,2023-02-17,22.6,35.1,94.5
GE,C3,2023-02-24,22.7,37.2,101.6
GE,C3,2023-03-02,21.6,30.6,95.1
GE,C3,2023-03-08,22.2,30.7,100.4
GE,C3,2023-03-14,15.6,27.6,90.8
GE,C3,2023-03-20,16.6,24.4,90.6
GE,C3,2023-03-24,17.2,21.2,115.1
GE,C3,2023-03-30,15.5,15.8,106.8
GE,C3,2023-04-05,18.1,20.3,104.1
GE,C3,2023-04-12,18.2,17.1,112.8
GE,C3,2023-04-18,12.1,8.5,106.7
GE,C3,2023-04-24,15.3,6.3,111.0
GE,C3,2023-04-28,13.2,9.1,107.6
GE,C3,2023-05-04,14.4,14.8,104.1
GE,C3,2023-05-10,16.2,18.0,103.2
GE,C3,2023-05-16,10.6,18.9,103.5
GE,C3,2023-05-22,6.3,14.9,94.2
GE,C3,2023-05-26,11.3,19.4,99.4
GE,C3,2023-06-02,6.6,13.1,85.3
GE,C3,2023-06-08,8.5,14.4,94.8
GE,C3,2023-06-14,11.4,20.5,92.8
GE,C3,2023-06-21,6.0,21.5,95.2
GE,C3,2023-06-27,7.2,20.3,98.7
GE,C3,2023-07-03,0.7,18.7,89.5
GE,C3,2023-07-10,0.9,17.6,85.4
GE,C3,2023-07-14,-1.0,17.9,93.9
GE,C3,2023-07-20,-4.6,17.0,92.1
GE,C3,2023-07-26,-5.1,15.6,77.9
GE,C3,2023-08-01,-5.2,21.7,86.8
GE,C3,2023-08-07,-2.5,22.3,87.6
GE,C3,2023-08-11,0.9,30.3,88.1
GE,C3,2023-08-17,8.2,38.4,97.0
GE,C3,2023-10-02,14.7,78.0,123.1
GE,C3,2023-10-06,16.4,73.2,117.7
GE,C3,2024-08-02,7.3,28.4,68.6
GE,C3,2024-08-08,11.8,26.2,62.0
GE,C3,2025-07-01,20.6,32.0,45.7
GE,C3,2025-07-08,22.6,31.5,
GE,C3,2025-07-14,14.5,24.2,
GE,C3,2025-07-18,15.1,11.9,
GE,C3,2025-07-24,13.5,11.8,
GE,C3,2025-07-30,13.7,13.0,
GE,C3,2025-08-05,12.3,16.5,
GE,C3,2025-08-11,13.0,19.1,
GE,C3,2025-08-15,12.2,26.9,
GE,C3,2025-08-21,7.1,27.7,
GE,C3,2025-08-27,9.3,19.9,
GE,C3,2025-09-03,5.9,18.3,
GE,C3,2025-09-09,2.8,9.8,
GE,C3,2025-09-15,4.3,2.0,
GE,C3,2025-09-19,4.6,-5.7,
GE,C3,2025-09-25,5.1,-5.0,
GE,C3,2025-10-01,7.9,4.3,
GE,C3,2025-10-07,6.7,4.3,
GE,C3,2025-10-13,7.7,-3.4,
GE,C3,2025-10-17,-1.6,-4.9,
GE,C3,2025-10-23,-4.4,-6.2,
GE,C3,2025-10-29,-1.3,-3.5,
GE,C3,2025-11-04,4.2,-2.9,
GE,C3,2025-11-10,1.2,-8.3,
GE,C3,2025-11-14,12.7,3.4,
GE,C3,2026-01-20,-9.5,,
GE,C3,2026-01-26,-3.8,,
HWM,L2,2025-09-22,9.4,18.1,
HWM,C2,2018-02-26,-25.5,-5.8,-20.8
HWM,C2,2018-03-26,-25.9,-3.9,-16.0
HWM,C2,2019-09-30,28.7,-33.1,-4.7
HWM,C2,2019-10-28,5.0,-42.6,-21.1
HWM,C2,2019-11-25,-5.1,-44.9,3.7
HWM,C2,2019-12-23,-46.4,-35.4,14.7
HWM,C2,2020-01-20,-51.5,-30.3,19.9
HWM,C2,2020-02-17,-51.8,-34.1,11.7
HWM,C2,2020-03-16,37.2,74.2,213.2
HWM,C2,2021-03-08,12.1,-1.0,7.1
HWM,C2,2021-04-05,5.3,-1.8,7.3
HWM,C2,2021-05-03,-5.4,-0.4,4.6
HWM,C2,2021-05-31,-10.8,-17.3,4.3
HWM,C2,2021-06-28,-5.8,-7.5,-7.4
HWM,C2,2021-07-26,-9.5,-6.2,13.4
HWM,C2,2021-08-23,-12.3,9.2,12.1
HWM,C2,2021-09-20,-1.2,17.5,1.2
HWM,C2,2021-10-18,7.2,14.9,16.4
HWM,C2,2021-11-15,14.6,10.0,23.3
HWM,C2,2022-10-10,26.3,32.0,37.9
HWM,C2,2022-11-07,8.4,17.7,32.9
HWM,C2,2022-12-05,7.6,21.1,40.7
HWM,C2,2023-01-02,2.8,22.3,33.5
HWM,C2,2023-01-30,10.6,23.4,45.3
HWM,C2,2023-02-27,3.2,13.8,53.7
HWM,C2,2023-03-27,17.1,9.3,62.1
HWM,C2,2023-04-24,14.0,-2.5,50.5
HWM,C2,2023-05-22,10.9,20.4,95.4
HWM,C2,2023-06-19,-1.1,15.8,73.5
HWM,C2,2023-07-17,-12.9,11.9,56.9
HWM,C2,2023-08-14,5.6,29.0,97.1
HWM,C2,2023-09-11,13.2,42.2,104.8
HWM,C2,2023-10-09,25.3,44.5,134.8
HWM,C2,2023-11-06,18.4,63.4,130.1
HWM,C2,2023-12-04,27.3,57.5,122.8
HWM,C2,2024-01-01,24.7,46.6,110.1
HWM,C2,2024-01-29,36.8,56.4,120.0
HWM,C2,2024-02-26,26.4,44.5,104.5
HWM,C2,2024-03-25,13.5,45.2,90.1
HWM,C2,2024-04-22,24.6,52.9,105.1
HWM,C2,2024-05-20,14.7,40.0,95.5
HWM,C2,2024-06-17,21.7,38.5,116.9
HWM,C2,2024-07-15,35.4,60.8,144.9
HWM,C2,2024-08-12,17.0,39.4,79.2
HWM,C2,2024-09-09,19.1,33.0,95.5
HWM,C2,2024-10-07,8.6,21.2,77.8
HWM,C2,2024-11-04,12.4,38.7,82.3
HWM,C2,2024-12-02,5.2,48.4,61.9
HWM,C2,2024-12-30,-0.3,60.8,88.3
HWM,C2,2025-01-27,21.8,45.8,64.8
HWM,C2,2025-02-24,24.4,27.6,92.7
HWM,C2,2025-03-24,42.7,49.1,76.2
HWM,C2,2025-04-21,39.7,46.4,79.0
HWM,C2,2025-10-06,18.6,37.4,
HWM,C2,2025-11-03,8.0,31.1,
HWM,C2,2025-12-01,31.0,32.0,
HWM,C2,2025-12-29,10.0,27.9,
HWM,C2,2026-01-26,15.2,,
HWM,C2,2026-02-23,-1.6,,
HWM,C2,2026-03-23,18.0,,
HWM,C2,2026-04-20,,,
HWM,C2,2026-05-18,,,
HWM,C2,2026-06-15,,,
HWM,C2,2026-07-13,,,
HWM,L3,2019-10-29,8.6,-45.8,5.8
HWM,L3,2021-03-25,8.1,1.9,10.1
HWM,L3,2021-04-21,1.4,-4.8,6.2
HWM,L3,2021-05-13,-1.1,-1.8,4.5
HWM,L3,2021-09-01,-8.8,6.7,11.0
HWM,L3,2022-11-18,13.2,17.4,43.1
HWM,L3,2023-03-03,3.6,9.1,52.0
HWM,L3,2023-04-20,16.4,0.2,79.1
HWM,L3,2023-06-23,-1.1,17.0,74.2
HWM,L3,2024-01-31,40.3,56.5,128.5
HWM,L3,2024-06-04,11.2,38.5,107.5
HWM,L3,2024-07-25,23.2,54.0,120.3
HWM,L3,2026-01-23,11.9,,
HWM,L3,2026-05-14,,,
HWM,L3,2026-07-06,,,
HWM,C3,2019-10-30,10.8,-43.7,9.1
HWM,C3,2019-11-05,7.4,-52.9,2.6
HWM,C3,2019-11-11,13.1,-46.7,5.9
HWM,C3,2019-11-15,8.5,-44.8,4.0
HWM,C3,2019-11-21,-0.7,-42.8,6.8
HWM,C3,2019-11-27,-6.7,-28.4,6.2
HWM,C3,2019-12-04,-19.8,-44.1,15.9
HWM,C3,2019-12-10,-43.7,-37.7,11.3
HWM,C3,2019-12-16,-58.3,-38.3,13.8
HWM,C3,2019-12-20,-43.5,-32.6,11.7
HWM,C3,2019-12-27,-44.7,-34.0,16.9
HWM,C3,2020-01-03,-49.8,-36.5,18.5
HWM,C3,2021-03-29,9.4,3.0,9.4
HWM,C3,2021-04-05,3.6,0.3,10.2
HWM,C3,2021-04-23,2.4,-8.0,14.6
HWM,C3,2021-05-17,-4.3,-7.0,2.9
HWM,C3,2021-05-21,-3.6,-8.9,9.8
HWM,C3,2021-05-27,-10.4,-22.6,3.0
HWM,C3,2021-06-03,-9.9,-11.4,-7.3
HWM,C3,2021-06-09,-10.8,-14.0,-9.4
HWM,C3,2021-06-15,-10.1,-14.3,-8.9
HWM,C3,2021-06-21,-8.6,-8.5,-6.4
HWM,C3,2021-06-25,-6.9,-9.1,-5.8
HWM,C3,2021-07-01,-7.9,-3.6,-4.3
HWM,C3,2021-09-08,-0.7,9.8,10.5
HWM,C3,2021-09-14,-5.0,13.7,-1.5
HWM,C3,2022-11-25,14.1,18.0,40.5
HWM,C3,2022-12-01,14.0,19.8,37.9
HWM,C3,2022-12-07,7.8,21.8,39.7
HWM,C3,2022-12-13,0.8,19.0,38.4
HWM,C3,2022-12-19,7.2,28.3,40.9
HWM,C3,2022-12-23,7.5,25.4,38.0
HWM,C3,2022-12-30,7.0,28.9,36.7
HWM,C3,2023-01-06,7.4,24.3,39.1
HWM,C3,2023-01-12,6.7,22.9,36.8
HWM,C3,2023-01-19,12.7,30.8,49.9
HWM,C3,2023-01-25,11.9,21.5,49.7
HWM,C3,2023-01-31,6.5,24.4,53.0
HWM,C3,2023-02-06,11.0,23.5,58.7
HWM,C3,2023-02-10,9.3,20.6,63.1
HWM,C3,2023-02-16,4.4,12.2,56.6
HWM,C3,2023-03-07,7.0,10.3,55.5
HWM,C3,2023-03-13,14.3,17.8,68.9
HWM,C3,2023-03-17,20.4,17.0,69.2
HWM,C3,2023-04-24,16.1,-0.2,86.0
HWM,C3,2023-04-28,8.6,9.1,83.4
HWM,C3,2023-05-04,16.8,11.8,91.4
HWM,C3,2023-05-10,11.3,16.6,89.2
HWM,C3,2023-05-16,10.4,16.6,90.7
HWM,C3,2023-05-22,7.5,17.6,84.2
HWM,C3,2023-06-26,-1.2,16.2,72.5
HWM,C3,2023-06-30,-8.1,8.8,59.7
HWM,C3,2023-07-07,-6.0,12.6,58.5
HWM,C3,2023-07-13,-10.7,11.2,66.2
HWM,C3,2023-07-19,-12.0,13.5,93.0
HWM,C3,2023-07-25,-13.8,11.7,78.0
HWM,C3,2023-07-31,-13.7,13.2,82.3
HWM,C3,2023-08-04,-0.7,19.7,96.0
HWM,C3,2024-02-06,40.6,61.1,137.8
HWM,C3,2024-02-12,40.7,64.1,125.0
HWM,C3,2024-02-16,35.1,54.8,102.8
HWM,C3,2024-02-23,29.5,47.4,86.2
HWM,C3,2024-02-29,27.2,41.8,90.7
HWM,C3,2024-03-06,21.9,37.0,92.0
HWM,C3,2024-03-12,25.4,43.4,103.6
HWM,C3,2024-03-18,19.2,48.0,98.0
HWM,C3,2024-03-22,16.1,45.9,70.5
HWM,C3,2024-03-28,14.2,47.4,84.2
HWM,C3,2024-04-04,22.5,58.5,88.6
HWM,C3,2024-06-10,12.7,35.8,111.1
HWM,C3,2024-07-31,4.3,35.0,84.6
HWM,C3,2024-08-06,29.1,44.1,93.7
HWM,C3,2024-08-12,22.4,50.4,90.0
HWM,C3,2024-08-16,18.2,36.1,81.3
HWM,C3,2024-08-22,22.8,35.9,86.4
HWM,C3,2024-08-28,22.7,29.1,93.0
HWM,C3,2024-09-04,27.4,30.3,103.9
HWM,C3,2024-09-10,24.7,41.9,104.8
HWM,C3,2024-09-16,17.7,45.0,106.8
HWM,C3,2024-09-20,13.5,33.3,96.0
HWM,C3,2024-09-26,11.1,13.3,85.9
HWM,C3,2024-10-02,11.1,22.8,89.8
HWM,C3,2024-10-08,11.5,20.5,86.2
HWM,C3,2024-10-14,22.2,26.5,96.4
HWM,C3,2024-10-18,20.4,30.5,96.4
HWM,C3,2024-10-24,26.7,53.6,106.1
HWM,C3,2024-10-30,26.5,56.0,99.7
HWM,C3,2024-11-05,26.8,58.2,98.5
HWM,C3,2024-11-11,19.3,42.1,78.1
HWM,C3,2024-11-15,15.8,52.3,75.7
HWM,C3,2024-11-21,16.9,47.8,66.0
HWM,C3,2024-11-27,6.8,48.3,70.4
HWM,C3,2024-12-04,6.6,42.8,65.3
HWM,C3,2024-12-10,12.5,52.2,86.5
HWM,C3,2024-12-16,20.2,56.3,81.5
HWM,C3,2024-12-20,17.1,59.0,90.8
HWM,C3,2024-12-27,12.5,63.3,98.0
HWM,C3,2025-01-03,13.7,64.0,95.9
HWM,C3,2025-01-10,10.6,67.0,91.7
HWM,C3,2025-01-16,1.2,54.3,69.6
HWM,C3,2025-01-23,6.8,40.9,64.5
HWM,C3,2025-01-29,22.0,44.3,83.3
HWM,C3,2025-02-04,25.6,44.5,99.4
HWM,C3,2025-02-10,24.5,35.2,104.0
HWM,C3,2025-02-14,23.8,28.3,99.2
HWM,C3,2025-02-21,30.8,35.9,93.1
HWM,C3,2025-02-27,29.5,34.7,83.2
HWM,C3,2025-03-05,34.7,41.2,86.1
HWM,C3,2025-09-24,11.1,25.8,
HWM,C3,2025-09-30,8.0,27.5,
HWM,C3,2025-10-06,10.3,35.6,
HWM,C3,2025-10-10,19.7,39.0,
HWM,C3,2025-10-16,17.5,26.6,
HWM,C3,2025-10-22,12.8,27.2,
HWM,C3,2025-10-28,3.1,27.7,
HWM,C3,2025-11-03,8.1,30.7,
HWM,C3,2025-11-07,18.5,24.5,
HWM,C3,2025-11-13,24.9,27.6,
HWM,C3,2026-01-28,13.7,,
HWM,C3,2026-02-03,27.7,,
HWM,C3,2026-02-09,21.4,,
HWM,C3,2026-02-13,1.2,,
HWM,C3,2026-02-20,1.5,,
HWM,C3,2026-02-26,-1.8,,
HWM,C3,2026-03-04,-3.1,,
HWM,C3,2026-03-10,4.3,,
HWM,C3,2026-03-16,17.7,,
HWM,C3,2026-03-20,19.5,,
HWM,C3,2026-03-26,16.7,,
HWM,C3,2026-04-01,15.3,,
HWM,C3,2026-04-08,8.6,,
HWM,C3,2026-04-14,5.6,,
HWM,C3,2026-04-20,,,
HWM,C3,2026-05-20,,,
HWM,C3,2026-05-27,,,
HWM,C3,2026-06-02,,,
HWM,C3,2026-07-10,,,
TDG,L2,2024-09-09,-2.8,3.9,4.9
TDG,C2,2017-10-09,10.2,16.5,21.8
TDG,C2,2017-11-06,5.8,25.0,33.9
TDG,C2,2017-12-04,6.3,26.0,25.0
TDG,C2,2018-01-01,11.4,26.6,24.0
TDG,C2,2018-01-29,5.1,20.4,28.0
TDG,C2,2018-02-26,18.7,22.7,53.4
TDG,C2,2018-03-26,12.4,21.3,47.9
TDG,C2,2018-04-23,15.5,-1.4,50.8
TDG,C2,2018-05-21,6.2,2.1,33.5
TDG,C2,2018-06-18,7.6,-5.7,45.4
TDG,C2,2018-07-16,-7.6,-2.5,32.5
TDG,C2,2018-08-13,-1.6,24.5,58.8
TDG,C2,2018-09-10,-6.3,18.9,48.8
TDG,C2,2018-10-08,8.1,43.3,71.8
TDG,C2,2019-06-17,12.2,25.9,4.2
TDG,C2,2019-07-15,15.3,47.4,0.2
TDG,C2,2019-08-12,5.6,29.0,-0.5
TDG,C2,2019-09-09,10.8,-15.6,2.9
TDG,C2,2019-10-07,20.0,-30.6,-2.3
TDG,C2,2019-11-04,24.0,-31.1,1.7
TDG,C2,2019-12-02,-6.7,-9.0,12.3
TDG,C2,2019-12-30,-53.2,-23.5,7.1
TDG,C2,2020-01-27,-45.7,-32.9,-14.0
TDG,C2,2020-02-24,-23.8,-9.2,3.4
TDG,C2,2020-03-23,16.0,36.3,61.5
TDG,C2,2021-02-15,0.1,-0.8,8.1
TDG,C2,2021-03-15,8.9,1.4,9.9
TDG,C2,2021-04-12,2.6,3.6,3.4
TDG,C2,2021-05-10,1.4,7.6,-5.6
TDG,C2,2021-06-07,-9.4,-8.6,-12.2
TDG,C2,2021-07-05,-2.4,-0.9,-18.7
TDG,C2,2021-08-02,5.7,-1.5,1.5
TDG,C2,2021-08-30,-3.1,5.1,2.7
TDG,C2,2021-09-27,-2.6,2.2,-17.3
TDG,C2,2021-10-25,-3.2,-4.7,-4.1
TDG,C2,2021-11-22,18.0,9.1,16.6
TDG,C2,2023-04-17,16.1,7.6,61.1
TDG,C2,2023-05-15,4.2,20.7,62.8
TDG,C2,2023-06-12,6.0,25.2,64.5
TDG,C2,2023-07-10,-3.6,20.5,44.9
TDG,C2,2023-08-07,13.7,33.0,47.9
TDG,C2,2023-09-04,17.0,38.5,53.9
TDG,C2,2023-10-02,19.4,50.7,74.5
TDG,C2,2023-10-30,32.1,52.1,61.9
TDG,C2,2024-10-07,-10.5,-6.9,-3.2
TDG,C2,2024-11-04,-1.7,1.7,1.6
TDG,C2,2024-12-02,4.9,14.6,12.5
TDG,C2,2024-12-30,-3.0,19.4,13.8
TDG,C2,2025-01-27,7.2,17.1,12.7
TDG,C2,2025-11-24,-4.2,-7.5,
TDG,C2,2025-12-22,-12.9,1.2,
TDG,C2,2026-01-19,-19.1,,
TDG,L3,2017-10-06,6.1,20.9,27.2
TDG,L3,2018-02-13,13.5,24.7,50.3
TDG,L3,2018-04-04,12.9,15.5,48.7
TDG,L3,2018-05-01,17.0,9.5,48.7
TDG,L3,2018-10-01,-7.9,22.7,48.4
TDG,L3,2019-07-05,9.6,34.1,-2.8
TDG,L3,2019-07-23,10.5,49.3,-1.1
TDG,L3,2019-09-04,5.3,-8.9,-0.0
TDG,L3,2019-11-27,7.6,-8.5,11.0
TDG,L3,2021-03-03,12.7,0.1,4.8
TDG,L3,2021-07-01,-2.3,-1.7,-18.9
TDG,L3,2021-10-07,-0.6,-1.8,-14.1
TDG,L3,2023-05-26,13.9,26.9,70.9
TDG,L3,2023-11-03,32.6,50.5,55.6
TDG,L3,2024-11-08,-2.7,5.8,5.7
TDG,L3,2025-01-30,7.9,4.7,1.5
TDG,L3,2025-12-11,-8.9,-1.6,
TDG,L3,2026-01-30,-16.5,,
TDG,C3,2017-10-09,7.9,21.5,26.6
TDG,C3,2017-10-13,10.8,23.6,23.5
TDG,C3,2017-10-19,14.9,21.1,24.9
TDG,C3,2017-10-25,16.4,17.5,30.3
TDG,C3,2017-10-31,7.0,20.5,23.7
TDG,C3,2017-11-06,-0.2,15.0,22.9
TDG,C3,2017-11-10,11.8,24.6,27.8
TDG,C3,2018-02-14,13.7,23.9,49.5
TDG,C3,2018-02-21,14.7,22.7,45.9
TDG,C3,2018-02-27,14.7,20.1,49.9
TDG,C3,2018-04-10,16.3,5.6,56.6
TDG,C3,2018-05-04,10.4,11.6,41.7
TDG,C3,2018-05-10,6.1,3.0,33.3
TDG,C3,2018-05-16,9.3,4.4,39.3
TDG,C3,2018-05-22,8.2,6.9,42.7
TDG,C3,2018-05-29,7.3,8.6,40.2
TDG,C3,2018-06-04,4.1,1.6,39.5
TDG,C3,2018-06-08,3.2,0.6,43.8
TDG,C3,2018-06-14,6.9,-3.1,38.3
TDG,C3,2018-06-20,8.0,-2.5,45.7
TDG,C3,2018-06-26,9.9,0.2,44.4
TDG,C3,2018-07-02,8.6,0.9,45.3
TDG,C3,2018-07-09,-0.5,-1.4,37.2
TDG,C3,2018-07-13,-9.3,-1.4,37.4
TDG,C3,2018-07-19,-7.1,-3.0,32.1
TDG,C3,2018-07-25,-11.9,5.1,44.4
TDG,C3,2018-07-31,-12.1,11.8,46.0
TDG,C3,2018-08-06,-3.8,16.9,54.3
TDG,C3,2018-08-10,-3.9,22.3,54.7
TDG,C3,2018-10-04,-5.6,26.2,51.8
TDG,C3,2018-10-10,2.6,38.0,60.3
TDG,C3,2018-10-16,-0.3,38.3,61.6
TDG,C3,2019-07-10,10.5,39.2,0.8
TDG,C3,2019-07-29,13.4,48.7,8.3
TDG,C3,2019-09-06,5.6,-17.9,2.8
TDG,C3,2019-09-12,11.9,-37.2,-1.5
TDG,C3,2019-12-02,-4.4,-9.0,14.3
TDG,C3,2019-12-06,-24.5,-14.7,11.0
TDG,C3,2019-12-12,-54.2,-13.7,14.0
TDG,C3,2019-12-18,-39.3,-18.7,14.8
TDG,C3,2019-12-24,-38.8,-21.6,6.9
TDG,C3,2019-12-31,-51.7,-23.8,10.3
TDG,C3,2020-01-07,-41.3,-28.0,-2.3
TDG,C3,2020-01-13,-50.2,-28.7,-7.4
TDG,C3,2020-01-17,-52.2,-33.2,-13.1
TDG,C3,2020-01-24,-48.7,-34.0,-7.1
TDG,C3,2020-01-30,-47.6,-27.9,-11.3
TDG,C3,2020-02-05,-43.7,-21.7,-8.9
TDG,C3,2020-02-11,-49.2,-24.6,-7.0
TDG,C3,2020-02-18,-43.0,-25.3,-7.0
TDG,C3,2021-03-05,12.1,0.2,9.9
TDG,C3,2021-03-11,12.0,2.6,12.5
TDG,C3,2021-03-17,7.3,0.5,9.5
TDG,C3,2021-03-23,16.6,11.3,14.4
TDG,C3,2021-03-29,11.8,12.7,12.5
TDG,C3,2021-04-05,8.4,7.3,5.4
TDG,C3,2021-04-09,5.4,2.7,4.6
TDG,C3,2021-04-15,-2.6,3.7,-1.6
TDG,C3,2021-04-21,8.6,6.7,1.1
TDG,C3,2021-04-27,8.7,3.5,-3.0
TDG,C3,2021-05-03,1.4,3.5,-9.5
TDG,C3,2021-05-07,2.1,11.4,-11.8
TDG,C3,2021-07-08,-0.5,1.0,-9.6
TDG,C3,2021-07-14,-1.6,-2.4,-9.2
TDG,C3,2021-07-20,1.0,-2.4,-1.0
TDG,C3,2021-10-08,1.5,-0.9,-15.2
TDG,C3,2021-10-14,-0.8,-0.2,-10.2
TDG,C3,2023-05-30,15.8,28.5,71.9
TDG,C3,2023-06-05,12.6,29.4,73.5
TDG,C3,2023-06-09,8.4,27.9,72.1
TDG,C3,2023-06-15,5.6,23.4,60.6
TDG,C3,2023-06-22,0.1,22.9,55.4
TDG,C3,2023-06-28,-3.7,15.2,48.7
TDG,C3,2023-07-05,-5.4,17.0,45.2
TDG,C3,2023-07-11,-2.7,19.3,49.5
TDG,C3,2023-07-17,-2.6,25.4,44.6
TDG,C3,2023-07-21,-6.9,26.4,41.5
TDG,C3,2023-07-27,-8.2,29.4,43.0
TDG,C3,2023-08-02,-2.0,34.0,45.9
TDG,C3,2023-08-08,0.7,30.9,52.8
TDG,C3,2023-08-14,15.2,38.9,56.1
TDG,C3,2023-08-18,16.6,43.6,66.1
TDG,C3,2023-08-24,17.9,42.8,56.2
TDG,C3,2024-09-12,-1.4,5.4,8.5
TDG,C3,2024-11-11,-5.5,2.4,5.1
TDG,C3,2025-02-04,5.9,7.9,7.5
TDG,C3,2025-11-19,-3.4,-6.2,
TDG,C3,2025-12-12,-7.9,0.2,
TDG,C3,2025-12-18,-8.4,4.8,
TDG,C3,2025-12-24,-11.8,2.5,
TDG,C3,2026-02-05,-5.1,,
TDG,C3,2026-02-11,-13.4,,
HEI,L2,2023-10-02,7.3,18.0,63.2
HEI,C2,2017-08-14,7.8,21.7,47.3
HEI,C2,2017-09-11,13.7,30.7,73.3
HEI,C2,2017-10-09,11.6,26.2,50.0
HEI,C2,2017-11-06,3.7,28.6,52.3
HEI,C2,2017-12-04,22.0,33.4,41.3
HEI,C2,2018-01-01,14.0,18.2,23.4
HEI,C2,2018-01-29,9.8,18.3,31.7
HEI,C2,2018-02-26,7.7,31.5,36.1
HEI,C2,2018-03-26,5.0,33.5,36.8
HEI,C2,2018-04-23,7.4,16.8,48.4
HEI,C2,2018-05-21,10.7,13.3,43.4
HEI,C2,2018-06-18,24.5,0.3,75.3
HEI,C2,2018-07-16,10.2,3.4,76.7
HEI,C2,2018-08-13,8.6,18.7,82.1
HEI,C2,2018-09-10,-13.6,-2.6,34.4
HEI,C2,2018-10-08,-5.6,20.6,46.8
HEI,C2,2018-11-05,0.5,18.9,38.5
HEI,C2,2018-12-03,12.4,57.9,57.8
HEI,C2,2018-12-31,30.8,80.3,59.8
HEI,C2,2019-01-28,23.5,61.2,44.8
HEI,C2,2019-02-25,29.7,54.4,15.2
HEI,C2,2019-03-25,41.1,31.6,-13.8
HEI,C2,2019-04-22,32.4,13.2,-27.7
HEI,C2,2019-05-20,36.3,23.9,-9.6
HEI,C2,2019-06-17,-0.5,-8.9,-13.2
HEI,C2,2019-07-15,-13.2,-11.4,-28.6
HEI,C2,2019-08-12,-8.7,-8.4,-24.7
HEI,C2,2019-09-09,0.4,-32.8,-13.1
HEI,C2,2019-10-07,-1.8,-33.0,-8.6
HEI,C2,2019-11-04,5.7,-25.6,-5.4
HEI,C2,2019-12-02,-17.7,-10.5,4.1
HEI,C2,2021-01-04,-5.2,2.7,8.2
HEI,C2,2021-02-01,9.8,2.7,5.6
HEI,C2,2021-03-01,19.0,1.0,20.6
HEI,C2,2021-03-29,10.8,5.9,22.3
HEI,C2,2021-04-26,-3.9,-0.9,0.4
HEI,C2,2021-05-24,-8.9,-1.8,2.8
HEI,C2,2021-06-21,-5.6,-0.3,-7.4
HEI,C2,2021-07-19,3.3,7.2,5.4
HEI,C2,2021-08-16,14.3,11.6,28.4
HEI,C2,2021-09-13,6.8,17.2,16.9
HEI,C2,2022-04-04,-11.1,-1.4,11.0
HEI,C2,2022-05-02,15.0,14.1,24.3
HEI,C2,2022-05-30,4.5,13.1,11.3
HEI,C2,2022-06-27,8.1,15.3,33.0
HEI,C2,2022-12-12,7.6,9.3,19.9
HEI,C2,2023-01-09,1.9,3.2,4.7
HEI,C2,2023-02-06,-4.2,-1.4,8.7
HEI,C2,2023-03-06,-2.5,-2.0,11.3
HEI,C2,2023-04-03,4.6,-3.6,13.8
HEI,C2,2023-05-01,3.6,-4.7,24.4
HEI,C2,2023-05-29,4.6,8.6,37.0
HEI,C2,2023-06-26,-8.5,1.1,26.4
HEI,C2,2024-03-04,19.3,33.8,41.0
HEI,C2,2024-04-01,20.2,38.3,27.9
HEI,C2,2024-04-29,9.8,16.4,24.2
HEI,C2,2024-05-27,15.7,23.3,35.2
HEI,C2,2024-06-24,16.0,7.8,45.8
HEI,C2,2024-07-22,8.4,0.6,38.3
HEI,C2,2024-08-19,13.1,-8.5,25.6
HEI,C2,2024-09-16,-10.1,-1.6,20.0
HEI,C2,2024-10-14,-9.1,-6.1,17.8
HEI,C2,2024-11-11,-18.3,3.1,16.1
HEI,C2,2024-12-09,-0.3,19.0,21.0
HEI,C2,2025-01-06,10.8,39.6,56.9
HEI,C2,2025-02-03,12.5,33.5,39.2
HEI,C2,2025-03-03,15.5,22.5,15.7
HEI,C2,2025-09-22,4.5,-14.6,
HEI,C2,2025-10-20,5.6,-16.6,
HEI,C2,2025-11-17,16.0,-0.7,
HEI,L3,2017-10-02,4.1,20.3,44.2
HEI,L3,2018-01-09,12.9,24.0,26.9
HEI,L3,2018-02-05,22.0,27.6,53.4
HEI,L3,2018-04-09,6.2,19.5,45.3
HEI,L3,2018-04-30,8.7,21.2,46.4
HEI,L3,2018-06-26,25.5,4.4,87.5
HEI,L3,2018-07-25,8.1,11.1,83.4
HEI,L3,2019-01-29,27.7,63.3,59.7
HEI,L3,2019-04-15,38.2,19.2,-21.2
HEI,L3,2019-09-05,-11.6,-43.9,-22.6
HEI,L3,2020-12-23,-5.9,7.0,11.1
HEI,L3,2021-03-03,16.0,-2.7,13.3
HEI,L3,2021-05-06,-6.4,8.6,-0.8
HEI,L3,2021-06-25,-6.1,1.2,-6.4
HEI,L3,2021-10-08,10.5,9.7,10.4
HEI,L3,2022-11-28,10.3,0.7,15.6
HEI,L3,2023-01-12,5.0,8.5,12.3
HEI,L3,2023-04-26,7.0,-3.7,27.4
HEI,L3,2024-03-04,17.3,31.7,34.5
HEI,L3,2024-05-17,13.5,28.7,38.6
HEI,L3,2024-08-08,11.0,-5.5,32.6
HEI,L3,2024-09-04,6.5,-0.6,27.5
HEI,L3,2024-12-16,2.0,22.3,23.2
HEI,L3,2025-02-05,11.7,32.4,46.4
HEI,L3,2025-03-20,21.5,21.6,4.0
HEI,L3,2025-10-02,9.4,-9.0,
HEI,L3,2025-11-17,11.4,-0.4,
HEI,C3,2017-08-15,3.6,16.4,46.3
HEI,C3,2017-08-21,13.3,24.8,74.3
HEI,C3,2017-08-25,9.6,28.0,72.3
HEI,C3,2017-08-31,3.5,27.8,69.7
HEI,C3,2017-09-07,5.4,30.6,66.9
HEI,C3,2017-10-04,9.9,22.9,53.1
HEI,C3,2017-10-10,8.8,27.1,49.2
HEI,C3,2017-10-16,9.7,25.6,43.9
HEI,C3,2017-10-20,9.5,19.1,44.3
HEI,C3,2017-10-26,9.3,20.3,50.0
HEI,C3,2017-11-01,7.6,28.3,52.2
HEI,C3,2017-11-07,4.5,23.4,40.6
HEI,C3,2017-11-13,11.9,25.7,43.6
HEI,C3,2018-02-06,19.2,24.6,50.3
HEI,C3,2018-02-12,18.1,27.9,53.6
HEI,C3,2018-04-10,7.6,19.8,48.7
HEI,C3,2018-05-03,10.4,24.6,50.0
HEI,C3,2018-05-09,4.6,17.4,41.0
HEI,C3,2018-05-15,6.3,16.9,61.8
HEI,C3,2018-05-21,8.8,12.2,70.8
HEI,C3,2018-05-25,23.5,16.5,76.3
HEI,C3,2018-06-01,23.8,10.5,70.0
HEI,C3,2018-06-28,26.5,3.4,86.6
HEI,C3,2018-07-30,10.2,19.0,91.8
HEI,C3,2018-08-03,11.7,17.0,86.7
HEI,C3,2018-08-09,14.3,20.3,88.2
HEI,C3,2018-08-15,10.5,23.0,88.1
HEI,C3,2018-08-21,1.3,16.9,79.9
HEI,C3,2018-08-27,4.9,12.6,58.1
HEI,C3,2018-08-31,-8.7,1.2,41.3
HEI,C3,2018-09-07,-12.2,0.1,37.6
HEI,C3,2018-09-13,-16.3,-1.1,37.2
HEI,C3,2018-09-19,-19.3,3.8,34.0
HEI,C3,2018-09-25,-15.8,7.4,34.0
HEI,C3,2018-10-01,-18.2,6.2,34.0
HEI,C3,2018-10-05,-12.4,11.5,32.8
HEI,C3,2019-02-04,20.9,65.1,50.5
HEI,C3,2019-02-08,16.4,60.0,43.7
HEI,C3,2019-02-14,12.8,58.5,15.8
HEI,C3,2019-02-21,11.8,56.0,28.0
HEI,C3,2019-02-27,30.9,52.9,7.0
HEI,C3,2019-03-05,38.3,46.0,-22.9
HEI,C3,2019-03-11,38.7,37.1,-23.4
HEI,C3,2019-03-15,39.6,43.6,-4.3
HEI,C3,2019-04-22,38.3,19.7,-17.2
HEI,C3,2019-04-26,31.9,15.1,-18.7
HEI,C3,2019-05-02,27.9,17.9,-17.1
HEI,C3,2019-05-08,36.5,17.5,-15.1
HEI,C3,2019-05-14,37.5,26.0,-3.0
HEI,C3,2019-05-20,40.5,26.5,0.8
HEI,C3,2019-05-24,39.4,24.5,10.0
HEI,C3,2019-05-31,16.9,5.3,-13.4
HEI,C3,2019-06-06,5.6,-1.7,-12.0
HEI,C3,2019-06-12,-1.2,-0.1,-17.3
HEI,C3,2019-06-18,2.9,-8.2,-20.8
HEI,C3,2019-06-24,-0.8,-11.0,-22.0
HEI,C3,2019-06-28,-10.4,-10.0,-29.0
HEI,C3,2019-07-05,-9.7,-10.1,-28.8
HEI,C3,2019-07-11,-10.1,-10.6,-27.4
HEI,C3,2019-07-17,-11.9,-10.9,-31.1
HEI,C3,2019-07-23,-14.3,-10.8,-30.1
HEI,C3,2019-07-29,-11.9,-10.3,-27.0
HEI,C3,2019-08-02,-10.2,-5.7,-22.2
HEI,C3,2019-08-08,-14.8,-10.2,-25.2
HEI,C3,2019-09-10,-2.7,-46.9,-16.1
HEI,C3,2019-09-16,-5.7,-48.0,-18.5
HEI,C3,2020-12-30,-1.8,5.4,12.5
HEI,C3,2021-01-06,-1.7,0.5,10.3
HEI,C3,2021-03-05,20.2,1.5,17.6
HEI,C3,2021-03-11,13.7,1.4,22.0
HEI,C3,2021-05-12,-0.1,11.8,2.6
HEI,C3,2021-06-29,-5.4,2.9,-3.7
HEI,C3,2022-03-29,-14.0,-2.6,9.2
HEI,C3,2022-04-04,-15.1,-5.2,9.4
HEI,C3,2022-04-08,-11.3,-6.9,13.7
HEI,C3,2022-04-14,-3.5,0.7,14.3
HEI,C3,2022-04-21,-4.3,4.6,11.3
HEI,C3,2022-04-27,10.0,13.3,19.8
HEI,C3,2022-11-30,6.3,1.5,14.7
HEI,C3,2022-12-06,4.3,3.5,15.5
HEI,C3,2022-12-12,4.0,9.6,14.7
HEI,C3,2022-12-16,8.8,15.1,17.3
HEI,C3,2022-12-22,10.6,15.0,12.8
HEI,C3,2023-01-18,5.6,10.1,10.6
HEI,C3,2023-01-24,0.3,4.6,11.7
HEI,C3,2023-01-30,0.8,5.2,10.9
HEI,C3,2023-02-03,0.9,0.4,14.2
HEI,C3,2023-02-09,3.1,-5.4,14.9
HEI,C3,2023-02-15,-0.2,-6.6,9.2
HEI,C3,2023-02-22,-8.1,-5.0,8.8
HEI,C3,2023-02-28,-6.4,0.9,11.6
HEI,C3,2023-04-27,4.3,-5.8,26.7
HEI,C3,2024-03-05,19.1,34.7,40.1
HEI,C3,2024-03-11,23.0,43.1,47.9
HEI,C3,2024-03-15,22.2,42.1,42.9
HEI,C3,2024-03-21,19.7,36.7,26.5
HEI,C3,2024-03-27,13.5,36.7,28.4
HEI,C3,2024-04-03,21.5,38.4,31.6
HEI,C3,2024-05-22,14.0,27.9,40.8
HEI,C3,2024-05-29,20.5,25.8,42.9
HEI,C3,2024-06-04,9.2,11.8,36.2
HEI,C3,2024-06-10,14.1,14.4,41.1
HEI,C3,2024-06-14,15.0,5.6,43.0
HEI,C3,2024-06-21,16.9,5.9,40.2
HEI,C3,2024-06-27,15.4,4.6,42.0
HEI,C3,2024-07-03,14.7,-0.2,41.5
HEI,C3,2024-07-10,14.4,1.2,42.0
HEI,C3,2024-09-05,4.7,1.7,26.7
HEI,C3,2024-09-11,0.4,2.8,25.1
HEI,C3,2024-09-17,-9.4,2.7,22.3
HEI,C3,2024-09-23,-10.4,0.9,18.4
HEI,C3,2024-09-27,-8.3,-8.8,20.2
HEI,C3,2024-10-03,-13.2,-3.9,18.0
HEI,C3,2024-10-09,-12.2,-6.3,21.6
HEI,C3,2024-10-15,-8.6,-5.9,18.2
HEI,C3,2024-10-21,-9.8,-3.9,21.2
HEI,C3,2024-12-20,11.4,33.6,47.0
HEI,C3,2025-03-21,21.1,22.5,5.9
HEI,C3,2025-11-19,12.2,13.3,
HEI,C3,2025-11-25,3.9,5.9,
CW,L2,2025-05-12,18.9,34.6,74.1
CW,C2,2018-03-19,-12.3,2.9,-15.2
CW,C2,2018-04-16,-11.3,-16.4,-20.5
CW,C2,2018-05-14,0.3,-17.3,-11.5
CW,C2,2018-06-11,8.5,-19.0,-7.8
CW,C2,2018-07-09,-4.1,-12.6,3.7
CW,C2,2019-09-09,8.5,-27.0,-28.2
CW,C2,2019-10-07,12.3,-20.9,-23.1
CW,C2,2019-11-04,5.8,-29.4,-30.8
CW,C2,2019-12-02,-12.8,-19.7,-12.4
CW,C2,2019-12-30,-41.6,-38.5,-18.3
CW,C2,2020-01-27,-31.7,-38.5,-28.1
CW,C2,2020-02-24,-16.2,-13.7,-7.2
CW,C2,2020-03-23,-9.8,-0.3,27.0
CW,C2,2021-01-25,23.4,14.3,28.2
CW,C2,2021-02-22,13.6,11.7,25.9
CW,C2,2021-03-22,3.4,5.9,32.7
CW,C2,2021-04-19,-6.8,5.9,23.5
CW,C2,2021-05-17,-6.9,4.9,11.6
CW,C2,2021-06-14,2.5,10.4,4.9
CW,C2,2021-07-12,13.6,20.5,11.7
CW,C2,2021-08-09,10.0,13.2,22.6
CW,C2,2021-09-06,18.3,29.2,34.4
CW,C2,2021-10-04,4.4,9.9,11.4
CW,C2,2021-11-01,-2.9,4.3,27.0
CW,C2,2021-11-29,20.2,10.3,39.8
CW,C2,2021-12-27,10.8,-3.5,21.0
CW,C2,2022-01-24,8.1,8.7,21.7
CW,C2,2022-02-21,4.6,7.4,29.0
CW,C2,2022-03-21,-15.8,-11.0,9.3
CW,C2,2022-04-18,-11.2,7.1,13.9
CW,C2,2022-05-16,6.6,25.3,17.1
CW,C2,2023-01-30,-3.5,19.6,33.7
CW,C2,2023-02-27,-5.8,17.8,34.6
CW,C2,2023-11-13,11.2,32.5,70.9
CW,C2,2023-12-11,10.6,21.3,67.5
CW,C2,2024-01-08,12.2,25.8,57.8
CW,C2,2024-02-05,21.3,27.5,55.6
CW,C2,2024-03-04,12.3,21.6,30.5
CW,C2,2024-04-01,4.8,30.4,9.6
CW,C2,2024-04-29,3.0,30.3,33.7
CW,C2,2024-05-27,11.8,32.4,56.0
CW,C2,2024-06-24,20.3,32.8,80.4
CW,C2,2024-07-22,23.4,37.1,73.4
CW,C2,2024-08-19,19.8,2.1,55.5
CW,C2,2025-05-26,8.7,28.4,70.2
CW,C2,2025-06-23,7.9,16.2,53.5
CW,C2,2025-07-21,17.8,34.0,
CW,C2,2025-08-18,11.5,47.2,
CW,C2,2025-09-15,7.9,30.5,
CW,C2,2025-10-13,21.8,35.0,
CW,C2,2025-11-10,24.1,29.3,
CW,C2,2025-12-08,20.2,39.0,
CW,C2,2026-01-05,20.0,24.8,
CW,C2,2026-02-02,12.3,,
CW,C2,2026-03-02,7.6,,
CW,C2,2026-03-30,9.4,,
CW,C2,2026-04-27,,,
CW,C2,2026-05-25,,,
CW,C2,2026-06-22,,,
CW,L3,2018-04-27,1.3,-16.6,-12.0
CW,L3,2019-09-03,12.4,-8.5,-21.4
CW,L3,2019-11-22,-12.1,-26.0,-10.4
CW,L3,2020-01-24,-31.0,-38.8,-22.4
CW,L3,2021-03-22,3.3,7.0,29.0
CW,L3,2021-06-21,-0.2,10.5,8.8
CW,L3,2021-10-20,6.1,11.7,28.4
CW,L3,2021-11-24,12.9,7.5,28.6
CW,L3,2022-01-12,9.7,-1.0,17.8
CW,L3,2022-03-21,-17.1,-11.0,15.6
CW,L3,2022-04-28,-4.9,11.1,10.5
CW,L3,2023-12-11,12.1,28.8,64.6
CW,L3,2024-02-12,21.2,32.5,40.0
CW,L3,2024-07-24,23.4,24.4,70.0
CW,L3,2025-06-17,9.2,20.6,61.0
CW,L3,2025-08-15,11.6,43.6,
CW,L3,2025-10-29,12.2,20.5,
CW,L3,2025-12-10,22.4,39.2,
CW,L3,2025-12-31,27.0,37.0,
CW,L3,2026-04-01,10.0,,
CW,L3,2026-05-06,,,
CW,L3,2026-06-26,,,
CW,C3,2018-03-13,-5.3,2.3,-17.7
CW,C3,2018-03-19,-12.1,0.3,-17.5
CW,C3,2018-03-23,-11.0,3.1,-15.1
CW,C3,2018-05-01,4.3,-12.5,-10.4
CW,C3,2018-05-07,4.6,-11.1,-8.4
CW,C3,2019-09-04,12.3,-15.6,-23.9
CW,C3,2019-09-10,8.5,-35.5,-26.2
CW,C3,2019-09-16,6.3,-42.5,-29.6
CW,C3,2019-09-20,11.9,-26.7,-26.3
CW,C3,2019-09-26,9.6,-32.9,-25.7
CW,C3,2019-10-02,15.9,-21.0,-22.7
CW,C3,2019-10-08,15.9,-23.8,-24.0
CW,C3,2019-10-14,18.0,-27.8,-25.0
CW,C3,2019-11-25,-8.3,-23.0,-13.3
CW,C3,2019-12-02,-9.9,-18.4,-13.6
CW,C3,2019-12-06,-38.8,-31.2,-18.4
CW,C3,2019-12-12,-43.6,-37.7,-20.4
CW,C3,2019-12-18,-39.5,-39.3,-16.1
CW,C3,2019-12-24,-36.1,-39.0,-16.2
CW,C3,2019-12-31,-40.5,-37.9,-15.3
CW,C3,2020-01-30,-34.8,-32.9,-23.0
CW,C3,2021-03-23,7.1,12.9,36.4
CW,C3,2021-03-29,-0.5,7.6,24.9
CW,C3,2021-04-05,1.9,10.0,25.2
CW,C3,2021-04-09,-5.3,3.4,27.2
CW,C3,2021-04-15,-10.0,5.3,18.0
CW,C3,2021-04-21,-7.2,6.1,13.6
CW,C3,2021-04-27,-5.8,1.0,12.2
CW,C3,2021-05-03,-7.0,2.7,8.3
CW,C3,2021-05-07,-8.9,1.3,7.8
CW,C3,2021-05-13,-4.4,3.1,14.6
CW,C3,2021-05-19,-6.2,5.7,13.7
CW,C3,2021-05-25,-3.7,4.3,16.2
CW,C3,2021-06-01,-4.5,2.9,9.4
CW,C3,2021-06-23,3.6,15.4,9.1
CW,C3,2021-06-29,7.2,17.5,11.6
CW,C3,2021-07-06,9.1,15.5,7.4
CW,C3,2021-10-25,-1.3,7.1,29.5
CW,C3,2021-10-29,4.3,11.1,36.5
CW,C3,2021-11-04,3.5,5.4,33.7
CW,C3,2021-12-01,24.6,16.8,37.9
CW,C3,2022-01-19,12.0,0.8,21.3
CW,C3,2022-01-25,10.9,5.5,29.4
CW,C3,2022-01-31,10.9,9.4,29.7
CW,C3,2022-03-22,-14.6,-10.9,13.5
CW,C3,2022-03-28,-13.6,-6.5,15.7
CW,C3,2022-04-29,-0.5,17.4,14.9
CW,C3,2022-05-05,4.3,27.7,20.2
CW,C3,2022-05-11,7.0,26.1,15.8
CW,C3,2023-11-07,9.8,33.1,74.2
CW,C3,2023-11-13,9.6,33.9,74.7
CW,C3,2023-11-17,13.7,32.2,75.8
CW,C3,2023-11-24,10.3,31.6,76.1
CW,C3,2023-12-12,10.7,25.1,63.8
CW,C3,2023-12-18,13.8,24.7,62.0
CW,C3,2023-12-22,15.9,23.1,58.3
CW,C3,2023-12-29,14.8,23.2,61.9
CW,C3,2024-01-05,16.3,26.9,76.0
CW,C3,2024-02-15,18.3,28.9,33.8
CW,C3,2024-02-22,17.8,31.1,32.3
CW,C3,2024-02-28,20.2,28.8,33.8
CW,C3,2024-03-05,14.8,24.1,39.0
CW,C3,2024-03-11,14.2,31.7,43.3
CW,C3,2024-03-15,14.9,35.5,31.1
CW,C3,2024-03-21,11.0,32.5,15.3
CW,C3,2024-03-27,6.9,33.7,23.8
CW,C3,2024-04-03,6.0,31.6,24.7
CW,C3,2024-04-09,9.9,36.8,28.9
CW,C3,2024-04-15,13.7,47.7,38.1
CW,C3,2024-04-19,11.7,37.8,44.2
CW,C3,2024-04-25,12.7,39.7,52.1
CW,C3,2024-05-01,3.3,40.4,58.8
CW,C3,2024-05-07,5.4,41.0,50.6
CW,C3,2024-05-13,10.8,31.4,65.1
CW,C3,2024-05-17,8.4,32.3,61.0
CW,C3,2024-05-23,12.2,32.1,63.8
CW,C3,2024-05-30,8.6,36.1,70.0
CW,C3,2024-06-05,7.3,32.5,68.5
CW,C3,2024-06-11,15.4,43.5,80.1
CW,C3,2024-06-17,17.4,30.9,77.5
CW,C3,2024-06-24,18.0,30.7,76.0
CW,C3,2024-07-30,24.0,23.1,74.4
CW,C3,2024-08-05,36.0,32.4,81.3
CW,C3,2024-08-09,33.8,11.9,64.8
CW,C3,2025-06-24,8.6,18.2,60.0
CW,C3,2025-06-30,11.1,20.2,54.2
CW,C3,2025-07-07,10.0,23.2,
CW,C3,2025-07-11,16.4,39.7,
CW,C3,2025-07-17,12.7,35.9,
CW,C3,2025-07-23,16.6,38.6,
CW,C3,2025-08-21,10.7,44.7,
CW,C3,2025-08-27,15.6,39.0,
CW,C3,2025-09-03,15.2,45.0,
CW,C3,2025-11-04,11.6,28.3,
CW,C3,2025-11-10,16.3,19.9,
CW,C3,2025-11-14,28.3,36.2,
CW,C3,2025-11-20,31.1,34.5,
CW,C3,2025-11-26,26.6,30.3,
CW,C3,2025-12-15,22.6,39.5,
CW,C3,2026-01-02,27.4,29.4,
CW,C3,2026-01-08,27.5,21.6,
CW,C3,2026-01-14,14.7,,
CW,C3,2026-01-21,8.4,,
CW,C3,2026-01-27,9.1,,
CW,C3,2026-02-02,11.9,,
CW,C3,2026-02-06,13.3,,
CW,C3,2026-02-12,5.9,,
CW,C3,2026-02-19,4.1,,
CW,C3,2026-02-25,7.0,,
CW,C3,2026-03-03,5.9,,
CW,C3,2026-03-09,1.8,,
CW,C3,2026-03-13,16.6,,
CW,C3,2026-05-07,,,
CW,C3,2026-05-13,,,
CW,C3,2026-05-19,,,
CW,C3,2026-05-26,,,
CW,C3,2026-07-02,,,
CW,C3,2026-07-09,,,
CW,C3,2026-07-15,,,
DRS,L2,2024-04-08,29.3,41.7,70.9
DRS,C2,2017-12-25,-23.4,0.0,-14.6
DRS,C2,2018-01-22,-10.9,13.2,6.6
DRS,C2,2018-02-19,22.5,30.4,37.3
DRS,C2,2018-10-08,-4.1,20.8,90.3
DRS,C2,2018-11-05,-1.8,28.7,84.2
DRS,C2,2018-12-03,-8.3,15.6,74.4
DRS,C2,2018-12-31,16.0,33.8,112.2
DRS,C2,2019-08-19,5.5,18.0,52.0
DRS,C2,2019-09-16,-2.3,-40.6,18.0
DRS,C2,2019-10-14,21.6,-21.6,24.0
DRS,C2,2019-11-11,15.2,-21.1,43.0
DRS,C2,2019-12-09,-32.2,11.5,65.9
DRS,C2,2020-01-06,-31.6,1.3,53.2
DRS,C2,2020-02-03,-28.4,11.8,96.5
DRS,C2,2020-03-02,13.8,36.7,141.1
DRS,C2,2020-03-30,75.8,69.9,237.1
DRS,C2,2020-09-07,42.6,107.2,72.6
DRS,C2,2020-10-05,42.1,112.5,62.1
DRS,C2,2020-11-02,67.1,85.6,55.3
DRS,C2,2020-11-30,24.7,20.5,-2.9
DRS,C2,2020-12-28,28.6,18.9,-3.4
DRS,C2,2021-01-25,29.8,28.2,-8.0
DRS,C2,2021-02-22,-7.8,-11.6,-9.5
DRS,C2,2021-03-22,7.7,-5.0,46.7
DRS,C2,2021-04-19,3.8,-15.7,22.0
DRS,C2,2022-06-27,6.4,41.2,91.6
DRS,C2,2023-05-08,13.1,31.0,50.4
DRS,C2,2023-06-05,3.9,14.0,49.4
DRS,C2,2023-07-03,1.3,13.5,54.5
DRS,C2,2023-07-31,17.3,12.2,55.2
DRS,C2,2023-08-28,8.8,31.1,63.8
DRS,C2,2023-09-25,20.0,32.3,66.9
DRS,C2,2023-10-23,3.1,14.1,48.8
DRS,C2,2023-11-20,13.0,27.2,92.7
DRS,C2,2023-12-18,13.6,34.9,71.1
DRS,C2,2024-01-15,9.8,45.6,86.6
DRS,C2,2024-04-29,24.9,44.8,98.5
DRS,C2,2024-05-27,21.2,47.6,80.5
DRS,C2,2024-06-24,9.3,27.6,77.5
DRS,C2,2024-07-22,-0.9,29.2,70.8
DRS,C2,2024-08-19,27.6,1.5,46.0
DRS,C2,2024-09-16,16.1,16.5,46.9
DRS,C2,2024-10-14,24.0,27.3,38.0
DRS,C2,2024-11-11,-13.8,23.9,4.1
DRS,C2,2024-12-09,-5.2,35.8,2.1
DRS,C2,2025-01-06,6.5,44.6,25.2
DRS,C2,2025-02-03,21.0,20.5,13.6
DRS,C2,2025-09-15,-18.6,6.2,
DRS,C2,2025-10-13,8.5,13.8,
DRS,C2,2026-06-15,,,
DRS,C2,2026-07-13,,,
DRS,L3,2018-02-21,26.3,36.4,41.4
DRS,L3,2018-09-26,-12.5,2.4,60.0
DRS,L3,2018-11-26,-3.8,18.8,79.2
DRS,L3,2019-08-30,5.5,-13.8,28.3
DRS,L3,2019-12-31,-28.3,23.1,94.2
DRS,L3,2020-08-25,7.2,75.6,60.8
DRS,L3,2020-11-04,83.6,61.0,53.1
DRS,L3,2021-02-01,22.8,17.3,1.3
DRS,L3,2021-04-28,5.6,-14.3,11.1
DRS,L3,2023-07-03,-6.7,10.9,62.8
DRS,L3,2023-09-21,15.4,32.3,75.3
DRS,L3,2023-11-06,0.8,16.3,71.8
DRS,L3,2023-12-28,1.2,28.4,67.6
DRS,L3,2024-06-05,8.4,39.2,79.6
DRS,L3,2024-09-18,15.7,21.6,62.8
DRS,L3,2024-10-14,24.8,26.3,41.8
DRS,L3,2024-12-13,-2.9,28.2,1.0
DRS,L3,2025-01-16,1.1,39.7,19.0
DRS,L3,2025-09-08,-17.1,10.9,
DRS,L3,2025-09-29,-21.9,6.0,
DRS,L3,2026-07-07,,,
DRS,C3,2017-12-19,-36.8,-22.6,-28.1
DRS,C3,2017-12-26,-30.6,-6.3,-18.3
DRS,C3,2018-01-02,-28.5,-0.3,-14.9
DRS,C3,2018-01-08,-13.5,2.0,-13.8
DRS,C3,2018-01-12,-15.3,8.0,-6.6
DRS,C3,2018-01-19,-15.0,11.4,3.7
DRS,C3,2018-09-28,-11.9,7.5,74.7
DRS,C3,2018-10-04,-8.5,14.8,98.2
DRS,C3,2018-10-10,-4.4,16.7,98.2
DRS,C3,2018-10-16,-9.0,13.5,78.8
DRS,C3,2018-11-30,-8.3,17.3,78.4
DRS,C3,2018-12-07,-7.0,8.6,72.1
DRS,C3,2018-12-13,-7.0,4.7,81.7
DRS,C3,2018-12-19,-2.7,13.2,76.4
DRS,C3,2018-12-26,13.9,28.1,125.1
DRS,C3,2019-01-02,16.4,37.0,141.2
DRS,C3,2019-09-03,5.4,-5.4,36.2
DRS,C3,2019-09-09,0.4,-44.1,16.7
DRS,C3,2019-09-13,16.7,-34.7,20.9
DRS,C3,2019-09-19,-0.4,-30.2,14.7
DRS,C3,2019-09-25,3.5,-32.5,27.3
DRS,C3,2019-10-01,19.7,-13.3,46.1
DRS,C3,2019-10-07,20.1,-11.3,36.2
DRS,C3,2020-01-07,-32.9,-0.3,60.9
DRS,C3,2020-01-13,-32.7,-10.5,70.2
DRS,C3,2020-01-17,-39.0,-3.8,53.0
DRS,C3,2020-08-26,10.1,76.3,61.5
DRS,C3,2020-09-01,25.6,79.9,46.6
DRS,C3,2020-09-08,37.9,95.6,57.0
DRS,C3,2020-11-10,91.3,55.3,37.2
DRS,C3,2020-11-16,88.0,50.5,25.8
DRS,C3,2020-11-20,68.0,53.1,17.5
DRS,C3,2020-11-27,60.2,50.4,26.5
DRS,C3,2020-12-03,43.2,31.6,-1.0
DRS,C3,2020-12-09,41.9,46.2,1.7
DRS,C3,2020-12-15,38.3,42.7,8.4
DRS,C3,2020-12-21,24.9,34.1,8.7
DRS,C3,2020-12-28,22.9,17.3,-8.4
DRS,C3,2021-01-04,50.0,30.6,0.0
DRS,C3,2021-01-08,38.9,31.6,1.9
DRS,C3,2021-02-03,19.3,11.2,-0.1
DRS,C3,2021-02-09,-12.3,-13.2,-20.3
DRS,C3,2021-02-16,-18.8,-22.4,-18.7
DRS,C3,2021-02-22,-19.9,-23.5,-9.6
DRS,C3,2021-02-26,-8.8,-9.9,0.4
DRS,C3,2021-03-04,-6.1,-8.4,10.3
DRS,C3,2021-03-10,-8.1,-18.5,14.9
DRS,C3,2021-03-16,3.0,-19.7,30.8
DRS,C3,2021-03-22,3.2,-12.6,14.5
DRS,C3,2021-05-04,-7.9,-18.1,-16.6
DRS,C3,2023-05-03,14.5,30.5,54.0
DRS,C3,2023-05-09,14.0,34.4,61.4
DRS,C3,2023-05-15,4.5,21.1,55.2
DRS,C3,2023-07-10,6.4,13.5,68.7
DRS,C3,2023-07-14,9.5,12.1,67.5
DRS,C3,2023-07-20,9.5,13.5,61.0
DRS,C3,2023-09-26,23.0,24.6,86.8
DRS,C3,2023-11-09,6.6,19.2,82.2
DRS,C3,2023-11-15,0.4,14.0,66.7
DRS,C3,2023-11-21,22.8,25.3,92.7
DRS,C3,2024-01-03,10.4,39.1,81.7
DRS,C3,2024-01-09,10.4,49.9,100.5
DRS,C3,2024-04-09,27.4,36.5,72.4
DRS,C3,2024-06-11,14.5,41.5,82.9
DRS,C3,2024-06-17,13.7,33.0,83.6
DRS,C3,2024-06-24,6.9,26.4,83.6
DRS,C3,2024-06-28,16.4,28.9,87.5
DRS,C3,2024-07-05,18.0,28.6,82.9
DRS,C3,2024-07-11,9.4,30.6,82.5
DRS,C3,2024-07-17,3.1,33.8,49.5
DRS,C3,2024-07-23,0.8,24.0,48.7
DRS,C3,2024-07-29,0.7,24.5,49.2
DRS,C3,2024-08-02,18.9,31.4,62.0
DRS,C3,2024-08-08,32.9,5.6,50.7
DRS,C3,2024-09-23,15.5,15.3,57.6
DRS,C3,2024-09-27,15.9,9.8,57.8
DRS,C3,2024-10-18,28.2,29.7,28.4
DRS,C3,2024-10-24,24.5,47.7,25.5
DRS,C3,2024-10-30,13.8,32.4,9.9
DRS,C3,2024-11-05,4.2,24.4,2.2
DRS,C3,2024-11-11,-20.4,10.5,-7.6
DRS,C3,2024-11-15,-13.0,26.2,-0.6
DRS,C3,2024-11-21,-14.7,24.2,-4.0
DRS,C3,2024-11-27,-13.9,29.2,0.4
DRS,C3,2024-12-17,-0.0,31.4,2.0
DRS,C3,2024-12-23,0.5,42.1,19.5
DRS,C3,2025-01-17,1.2,35.7,14.7
DRS,C3,2025-01-24,1.2,13.8,6.8
DRS,C3,2025-09-09,-15.4,13.6,
DRS,C3,2025-10-01,-16.8,6.1,
DRS,C3,2025-10-07,-8.1,4.0,
DRS,C3,2025-10-13,-3.0,-0.6,
DRS,C3,2025-10-17,5.2,4.0,
DRS,C3,2025-10-23,5.1,-0.8,
DRS,C3,2026-07-13,,,
MRCY,C2,2017-08-14,10.4,-0.1,9.0
MRCY,C2,2017-09-11,12.7,2.8,17.7
MRCY,C2,2017-10-09,-0.7,-10.7,-3.6
MRCY,C2,2017-11-06,-8.1,-29.1,4.1
MRCY,C2,2017-12-04,-2.8,-24.4,-5.8
MRCY,C2,2018-01-01,-6.9,-21.9,-11.2
MRCY,C2,2018-01-29,-31.0,2.4,24.6
MRCY,C2,2018-02-26,-21.4,15.2,36.7
MRCY,C2,2018-12-24,38.5,52.0,51.9
MRCY,C2,2019-07-29,-6.6,-3.9,-3.1
MRCY,C2,2019-08-26,-14.5,-14.2,-12.4
MRCY,C2,2019-09-23,-13.3,-16.4,-4.0
MRCY,C2,2019-10-21,2.9,13.0,6.1
MRCY,C2,2019-11-18,21.2,19.4,-1.4
MRCY,C2,2019-12-16,-17.7,4.6,13.3
MRCY,C2,2020-01-13,8.1,1.5,4.0
MRCY,C2,2020-02-10,-5.1,-7.2,-12.9
MRCY,C2,2020-03-09,10.7,-5.2,-5.8
MRCY,C2,2022-04-18,4.5,-20.3,-18.7
MRCY,C2,2022-05-16,-11.1,-14.8,-28.8
MRCY,C2,2022-06-13,-17.5,-22.1,-31.4
MRCY,C2,2022-07-11,-34.4,-25.7,-46.0
MRCY,C2,2024-12-16,14.1,27.9,75.4
MRCY,C2,2025-01-13,11.7,20.4,140.0
MRCY,C2,2025-02-10,3.8,50.1,85.3
MRCY,C2,2025-03-10,13.9,55.3,68.0
MRCY,C2,2025-04-07,10.4,59.3,72.4
MRCY,C2,2025-05-05,14.0,59.8,95.0
MRCY,C2,2025-06-02,29.7,32.8,109.4
MRCY,C2,2025-06-30,62.4,47.8,145.4
MRCY,C2,2025-07-28,48.4,80.0,
MRCY,C2,2025-08-25,3.5,31.8,
MRCY,C2,2025-09-22,-3.4,-7.1,
MRCY,C2,2025-10-20,24.7,-1.8,
MRCY,C2,2025-11-17,31.4,47.8,
MRCY,C2,2025-12-15,10.9,63.5,
MRCY,C2,2026-01-12,-18.4,-6.7,
MRCY,C2,2026-02-09,11.7,,
MRCY,C2,2026-03-09,53.9,,
MRCY,C2,2026-04-06,35.7,,
MRCY,C2,2026-05-04,,,
MRCY,C2,2026-06-01,,,
MRCY,C2,2026-06-29,,,
MRCY,L3,2017-08-22,11.3,-2.1,16.2
MRCY,L3,2017-12-08,-7.0,-28.6,-14.9
MRCY,L3,2018-01-09,-9.6,-19.8,-6.6
MRCY,L3,2018-12-11,28.1,39.9,44.7
MRCY,L3,2019-07-16,5.8,4.6,7.2
MRCY,L3,2020-02-26,9.4,-7.2,-22.4
MRCY,L3,2020-09-02,-4.4,-15.2,-40.4
MRCY,L3,2022-06-06,-26.8,-24.6,-39.7
MRCY,L3,2025-01-21,14.3,19.0,127.8
MRCY,L3,2025-03-03,18.3,57.5,85.1
MRCY,L3,2025-05-27,39.5,36.0,121.6
MRCY,L3,2025-08-20,2.4,38.8,
MRCY,L3,2025-09-26,-3.9,-1.4,
MRCY,L3,2025-12-26,0.7,56.1,
MRCY,L3,2026-06-23,,,
MRCY,C3,2017-08-23,11.7,-1.9,16.3
MRCY,C3,2017-08-29,7.9,-0.7,16.8
MRCY,C3,2017-09-05,7.4,3.6,16.2
MRCY,C3,2017-09-11,1.4,-0.8,11.6
MRCY,C3,2017-09-15,14.8,-4.9,17.1
MRCY,C3,2017-09-21,5.9,-1.6,10.9
MRCY,C3,2017-09-27,0.6,-3.8,6.2
MRCY,C3,2017-10-03,-3.1,-10.9,-4.6
MRCY,C3,2017-10-09,-2.5,-12.6,-11.9
MRCY,C3,2017-10-13,-1.1,-12.4,-12.3
MRCY,C3,2017-10-19,-8.8,-36.1,-9.2
MRCY,C3,2017-10-25,-4.0,-34.9,-2.9
MRCY,C3,2017-10-31,-14.0,-31.6,-3.6
MRCY,C3,2017-11-06,-9.8,-30.7,-0.3
MRCY,C3,2017-12-11,-1.4,-27.2,-15.2
MRCY,C3,2017-12-15,-14.5,-29.2,-10.8
MRCY,C3,2018-01-12,-13.2,-20.1,-4.7
MRCY,C3,2018-01-19,-15.1,-17.8,15.0
MRCY,C3,2018-12-14,33.5,42.0,45.3
MRCY,C3,2018-12-20,40.5,57.3,62.5
MRCY,C3,2018-12-27,39.2,51.5,59.9
MRCY,C3,2019-07-17,3.4,6.9,7.1
MRCY,C3,2019-07-23,2.8,10.7,11.9
MRCY,C3,2019-07-29,3.9,12.8,14.3
MRCY,C3,2019-08-02,-12.1,2.6,-0.3
MRCY,C3,2019-08-08,-14.0,4.5,-5.9
MRCY,C3,2019-08-14,-12.7,3.1,-8.9
MRCY,C3,2019-08-20,-15.6,-5.5,-12.4
MRCY,C3,2019-08-26,-14.1,-8.7,-16.7
MRCY,C3,2019-08-30,-17.4,-14.4,-22.2
MRCY,C3,2019-09-06,-20.0,-17.8,-13.6
MRCY,C3,2020-02-27,11.2,-3.6,-17.0
MRCY,C3,2020-03-04,9.7,-16.7,-16.3
MRCY,C3,2022-06-07,-25.2,-21.3,-39.9
MRCY,C3,2022-06-13,-21.6,-27.0,-45.0
MRCY,C3,2022-06-17,-20.6,-22.2,-38.0
MRCY,C3,2022-06-24,-32.3,-29.1,-44.8
MRCY,C3,2025-01-23,17.1,23.9,86.2
MRCY,C3,2025-01-29,29.7,35.9,102.5
MRCY,C3,2025-02-04,9.4,61.6,105.9
MRCY,C3,2025-03-07,19.8,64.8,76.2
MRCY,C3,2025-06-02,34.8,40.2,130.2
MRCY,C3,2025-06-06,34.9,44.2,110.3
MRCY,C3,2025-06-12,44.6,35.0,112.1
MRCY,C3,2025-06-18,48.9,46.0,145.4
MRCY,C3,2025-06-25,53.2,47.3,127.9
MRCY,C3,2025-07-01,63.1,66.4,103.4
MRCY,C3,2025-08-21,1.6,35.6,
MRCY,C3,2025-08-27,2.6,24.7,
MRCY,C3,2025-09-29,-3.0,3.0,
MRCY,C3,2025-10-03,1.6,-1.2,
MRCY,C3,2025-10-09,22.5,3.8,
MRCY,C3,2025-10-15,24.2,1.0,
MRCY,C3,2025-10-21,25.5,-5.2,
MRCY,C3,2025-10-27,19.5,5.6,
MRCY,C3,2025-10-31,2.1,18.8,
MRCY,C3,2026-01-02,6.3,29.2,
MRCY,C3,2026-01-08,-5.2,8.3,
MRCY,C3,2026-01-14,-14.7,,
MRCY,C3,2026-01-21,-21.7,,
MRCY,C3,2026-01-27,-21.9,,
MRCY,C3,2026-02-02,-2.4,,
MRCY,C3,2026-02-06,12.3,,
MRCY,C3,2026-02-12,16.4,,
MRCY,C3,2026-02-19,9.7,,
MRCY,C3,2026-02-25,25.1,,
MRCY,C3,2026-03-03,31.7,,
MRCY,C3,2026-06-24,,,
MRCY,C3,2026-06-30,,,
MRCY,C3,2026-07-07,,,
MRCY,C3,2026-07-13,,,
MRCY,C3,2026-07-17,,,
TXT,C2,2017-10-02,5.5,4.4,28.2
TXT,C2,2017-10-30,8.3,15.6,-0.7
TXT,C2,2017-11-27,5.1,22.5,2.4
TXT,C2,2017-12-25,4.2,16.5,-19.2
TXT,C2,2018-01-22,3.4,10.2,-13.5
TXT,C2,2018-02-19,12.3,15.8,-7.0
TXT,C2,2018-03-19,17.8,26.2,-12.2
TXT,C2,2018-04-16,2.0,-13.4,-15.8
TXT,C2,2018-05-14,0.5,-14.6,-25.9
TXT,C2,2018-06-11,4.7,-26.6,-26.5
TXT,C2,2018-07-09,-3.3,-28.6,-20.2
TXT,C2,2018-08-06,-13.5,-20.0,-28.8
TXT,C2,2018-09-03,-25.9,-26.1,-32.7
TXT,C2,2018-10-01,-34.0,-27.5,-33.0
TXT,C2,2018-10-29,-1.0,-1.4,-12.6
TXT,C2,2021-07-19,9.7,5.3,-6.1
TXT,C2,2021-08-16,6.2,-2.0,-6.8
TXT,C2,2021-09-13,8.2,9.8,-8.1
TXT,C2,2021-10-11,3.7,-7.1,-19.0
TXT,C2,2021-11-08,-9.5,-17.7,-7.9
TXT,C2,2021-12-06,-8.2,-16.5,-4.8
TXT,C2,2022-01-03,-12.7,-21.9,-8.1
TXT,C2,2022-01-31,2.0,-4.2,10.8
TXT,C2,2023-01-16,0.1,-0.3,16.3
TXT,C2,2023-02-13,-13.8,0.6,14.7
TXT,C2,2023-03-13,0.7,15.2,40.5
TXT,C2,2023-04-10,-1.7,14.2,37.1
TXT,C2,2024-01-29,-0.5,1.5,-11.0
TXT,C2,2024-02-26,-1.2,2.9,-15.7
TXT,C2,2024-03-25,-10.5,-8.5,-23.8
TXT,C2,2024-04-22,6.4,-4.8,-20.8
TXT,C2,2024-05-20,1.5,-3.6,-17.6
TXT,C2,2024-06-17,1.4,-11.4,-11.2
TXT,C2,2024-07-15,-0.3,-12.3,-5.8
TXT,C2,2024-08-12,-3.4,-17.8,-10.2
TXT,C2,2025-09-29,0.3,1.4,
TXT,C2,2025-10-27,9.0,17.3,
TXT,C2,2025-11-24,18.7,10.4,
TXT,C2,2025-12-22,-3.0,1.2,
TXT,C2,2026-01-19,-7.4,,
TXT,C2,2026-02-16,-8.9,,
TXT,C2,2026-03-16,0.8,,
TXT,C2,2026-04-13,-0.1,,
TXT,C2,2026-05-11,,,
TXT,L3,2017-10-26,9.2,17.3,6.5
TXT,L3,2017-11-16,12.6,25.9,5.9
TXT,L3,2018-01-09,0.2,14.3,-15.8
TXT,L3,2018-05-08,2.0,-12.3,-23.7
TXT,L3,2018-08-22,-19.5,-20.4,-32.3
TXT,L3,2021-08-20,8.1,0.8,-12.5
TXT,L3,2021-10-14,2.8,-5.5,-11.7
TXT,L3,2022-01-14,-7.1,-16.1,-7.8
TXT,L3,2023-02-17,-14.5,0.6,19.6
TXT,L3,2024-01-09,20.1,17.7,0.1
TXT,L3,2024-04-09,-7.8,-8.1,-31.2
TXT,L3,2024-07-25,-9.8,-16.2,-15.5
TXT,L3,2025-11-11,20.9,8.6,
TXT,L3,2025-12-30,0.2,2.4,
TXT,L3,2026-03-04,-8.3,,
TXT,L3,2026-05-01,,,
TXT,C3,2017-10-27,12.9,20.5,7.1
TXT,C3,2017-11-21,12.3,24.1,1.5
TXT,C3,2018-01-16,11.4,13.2,-10.1
TXT,C3,2018-01-22,7.4,13.5,-9.1
TXT,C3,2018-01-26,2.1,11.1,-13.5
TXT,C3,2018-02-01,6.8,12.0,-9.6
TXT,C3,2018-02-07,13.6,14.1,-5.4
TXT,C3,2018-02-13,15.1,17.6,-4.8
TXT,C3,2018-05-10,-0.4,-14.8,-27.6
TXT,C3,2018-05-16,1.6,-14.9,-29.6
TXT,C3,2018-05-22,2.8,-16.4,-26.9
TXT,C3,2018-05-29,5.8,-14.7,-26.0
TXT,C3,2018-06-04,3.8,-23.9,-26.7
TXT,C3,2018-06-08,1.0,-27.8,-25.0
TXT,C3,2018-06-14,5.1,-30.0,-23.0
TXT,C3,2018-06-20,7.6,-32.1,-20.6
TXT,C3,2018-06-26,8.4,-30.1,-20.4
TXT,C3,2018-07-02,8.5,-28.1,-18.2
TXT,C3,2018-08-24,-19.9,-21.8,-30.0
TXT,C3,2018-08-30,-18.2,-24.9,-25.8
TXT,C3,2018-09-06,-26.4,-25.5,-26.0
TXT,C3,2018-09-12,-29.0,-25.6,-26.7
TXT,C3,2018-09-18,-36.1,-30.4,-33.0
TXT,C3,2018-09-24,-35.7,-28.7,-33.2
TXT,C3,2018-09-28,-37.1,-27.9,-31.5
TXT,C3,2018-10-04,-33.9,-27.8,-33.2
TXT,C3,2021-08-23,6.5,2.4,-13.4
TXT,C3,2021-08-27,-2.8,-2.2,-9.5
TXT,C3,2021-10-18,0.1,-6.6,-6.3
TXT,C3,2021-10-22,-3.8,-7.1,-10.4
TXT,C3,2021-10-28,-5.3,-4.1,-6.0
TXT,C3,2021-11-03,-12.6,-19.3,-8.9
TXT,C3,2021-11-09,-8.8,-14.0,-7.6
TXT,C3,2021-11-15,-8.4,-16.1,-8.9
TXT,C3,2021-11-19,-7.7,-12.3,-5.3
TXT,C3,2021-11-26,1.0,-8.4,0.5
TXT,C3,2022-01-20,-6.7,-11.5,3.5
TXT,C3,2022-01-26,-3.5,-8.6,3.6
TXT,C3,2022-02-01,1.3,-6.4,8.4
TXT,C3,2024-01-10,19.0,18.5,-1.2
TXT,C3,2024-01-17,21.1,17.0,-0.4
TXT,C3,2024-01-23,7.0,16.1,-5.9
TXT,C3,2024-01-29,-1.1,-1.0,-13.6
TXT,C3,2024-02-02,1.8,-1.0,-15.7
TXT,C3,2024-02-08,0.4,0.3,-17.1
TXT,C3,2024-02-14,3.3,2.7,-13.3
TXT,C3,2024-02-21,3.0,5.1,-13.8
TXT,C3,2024-02-27,-1.6,1.5,-17.0
TXT,C3,2024-04-15,-0.4,-3.2,-24.7
TXT,C3,2024-04-19,-3.4,-12.6,-24.4
TXT,C3,2024-07-29,-10.6,-17.6,-14.1
TXT,C3,2024-08-02,-5.9,-15.2,-9.3
TXT,C3,2025-09-03,4.3,17.1,
TXT,C3,2025-09-09,5.7,13.7,
TXT,C3,2025-09-15,5.0,8.3,
TXT,C3,2025-09-19,8.7,4.7,
TXT,C3,2025-09-25,7.8,7.0,
TXT,C3,2025-10-01,4.5,7.3,
TXT,C3,2025-10-07,10.4,6.5,
TXT,C3,2025-10-13,14.5,11.1,
TXT,C3,2025-10-17,18.1,8.8,
TXT,C3,2025-11-14,24.9,14.9,
TXT,C3,2026-01-02,5.0,2.8,
TXT,C3,2026-01-08,1.0,-0.2,
TXT,C3,2026-01-14,-2.8,,
TXT,C3,2026-01-21,-8.7,,
TXT,C3,2026-01-27,1.9,,
TXT,C3,2026-02-02,6.3,,
TXT,C3,2026-05-04,,,
TXT,C3,2026-05-08,,,
TXT,C3,2026-05-14,,,
TXT,C3,2026-05-20,,,
TXT,C3,2026-05-27,,,
AXON,L2,2020-09-14,51.8,75.3,108.8
AXON,L2,2023-10-30,18.3,46.6,96.0
AXON,L2,2025-08-25,-27.7,-27.4,
AXON,C2,2018-09-03,-38.2,-33.5,-12.0
AXON,C2,2018-10-01,-26.6,-7.9,-12.5
AXON,C2,2019-08-12,13.8,47.1,34.4
AXON,C2,2019-09-09,11.3,-4.1,28.9
AXON,C2,2019-10-07,30.8,40.5,86.2
AXON,C2,2020-03-02,24.7,11.1,92.2
AXON,C2,2020-03-30,63.1,48.8,132.6
AXON,C2,2020-09-28,33.8,56.3,95.3
AXON,C2,2020-10-26,66.0,53.3,82.0
AXON,C2,2020-11-23,31.8,12.0,41.1
AXON,C2,2020-12-21,5.4,31.7,22.8
AXON,C2,2021-01-18,-9.6,7.5,-21.9
AXON,C2,2021-02-15,-28.2,5.6,-27.4
AXON,C2,2021-03-15,8.4,19.1,-6.8
AXON,C2,2021-04-12,13.8,16.5,-19.3
AXON,C2,2021-05-10,39.5,28.4,-26.0
AXON,C2,2021-11-22,-24.3,-42.1,6.0
AXON,C2,2021-12-20,-17.3,-40.1,5.3
AXON,C2,2023-01-02,28.6,10.1,42.9
AXON,C2,2023-01-30,11.0,-8.7,29.7
AXON,C2,2023-02-27,-12.5,-2.5,42.2
AXON,C2,2023-03-27,-13.2,-11.5,39.2
AXON,C2,2023-04-24,-13.3,-4.7,46.3
AXON,C2,2023-05-22,1.8,17.2,46.5
AXON,C2,2023-06-19,3.6,37.3,54.3
AXON,C2,2023-07-17,17.2,42.7,71.4
AXON,C2,2023-08-14,11.7,34.8,86.8
AXON,C2,2023-11-13,20.7,29.2,168.2
AXON,C2,2023-12-11,20.2,14.2,151.9
AXON,C2,2024-01-08,24.0,16.7,127.4
AXON,C2,2024-02-05,12.0,34.7,150.7
AXON,C2,2024-03-04,-10.3,13.4,68.3
AXON,C2,2024-04-01,-3.7,36.1,60.4
AXON,C2,2024-04-29,-8.2,33.7,97.2
AXON,C2,2024-05-27,29.6,129.7,166.4
AXON,C2,2024-06-24,34.4,107.6,178.2
AXON,C2,2024-07-22,43.1,96.5,136.6
AXON,C2,2024-08-19,71.8,38.4,106.7
AXON,C2,2024-09-16,60.6,42.4,96.9
AXON,C2,2024-10-14,35.6,27.7,53.1
AXON,C2,2024-11-11,14.0,22.3,-7.5
AXON,C2,2024-12-09,-13.7,21.0,-12.5
AXON,C2,2025-01-06,-0.4,28.0,10.8
AXON,C2,2025-02-03,0.8,24.0,-39.0
AXON,C2,2025-03-03,50.4,38.4,9.0
AXON,C2,2025-09-01,-24.4,-21.2,
AXON,C2,2025-09-29,-21.3,-42.3,
AXON,C2,2025-10-27,-34.0,-45.1,
AXON,C2,2025-11-24,0.4,-16.9,
AXON,L3,2019-09-23,16.9,11.1,46.5
AXON,L3,2020-10-26,61.1,39.8,79.2
AXON,L3,2020-12-31,20.2,45.5,23.3
AXON,L3,2021-02-05,-25.5,5.2,-20.2
AXON,L3,2021-05-04,35.8,28.2,-31.1
AXON,L3,2023-02-14,4.0,2.6,59.5
AXON,L3,2023-03-15,-4.2,-3.7,49.4
AXON,L3,2023-04-12,-11.7,0.1,36.1
AXON,L3,2023-06-02,10.5,21.8,51.3
AXON,L3,2023-06-26,2.6,36.2,57.4
AXON,L3,2023-08-25,14.4,61.2,83.6
AXON,L3,2024-01-02,23.2,16.6,130.5
AXON,L3,2024-04-18,7.4,48.8,111.1
AXON,L3,2024-07-08,41.2,88.0,138.3
AXON,L3,2024-09-13,71.0,50.8,88.6
AXON,L3,2025-02-03,-8.6,24.4,-34.4
AXON,L3,2025-02-25,47.0,49.7,6.7
AXON,L3,2025-03-13,46.0,43.4,-15.7
AXON,C3,2019-09-24,19.6,16.1,50.7
AXON,C3,2019-09-30,34.8,19.8,74.3
AXON,C3,2019-10-04,26.9,34.0,93.0
AXON,C3,2020-02-12,-16.0,-9.8,83.5
AXON,C3,2020-02-19,-13.9,-6.4,86.9
AXON,C3,2020-02-25,-7.9,5.4,74.3
AXON,C3,2020-03-02,10.7,2.7,84.9
AXON,C3,2020-10-27,64.4,39.8,74.8
AXON,C3,2020-11-02,80.9,34.7,74.0
AXON,C3,2020-11-06,66.0,9.0,42.3
AXON,C3,2020-11-12,47.1,7.5,52.2
AXON,C3,2020-11-18,34.7,16.4,37.5
AXON,C3,2020-11-24,30.3,8.4,20.6
AXON,C3,2020-12-01,10.6,18.2,10.9
AXON,C3,2020-12-07,24.0,25.8,18.0
AXON,C3,2020-12-11,13.7,28.9,30.4
AXON,C3,2020-12-17,10.5,42.6,29.3
AXON,C3,2021-01-06,22.6,45.7,8.6
AXON,C3,2021-02-09,-31.1,1.7,-29.9
AXON,C3,2021-02-16,-27.9,6.2,-23.8
AXON,C3,2021-02-22,-23.1,8.9,-17.6
AXON,C3,2021-02-26,-15.9,9.8,-20.5
AXON,C3,2021-05-07,36.4,26.4,-28.6
AXON,C3,2021-05-13,47.5,40.8,-26.7
AXON,C3,2021-05-19,47.3,42.7,-20.1
AXON,C3,2021-11-09,-20.9,-45.1,6.0
AXON,C3,2021-11-15,-20.8,-43.4,9.9
AXON,C3,2021-11-19,-28.5,-43.7,3.8
AXON,C3,2023-02-21,1.6,5.8,66.0
AXON,C3,2023-03-17,-7.3,-8.3,46.1
AXON,C3,2023-03-23,-9.4,-9.1,43.7
AXON,C3,2023-04-14,-15.4,-5.2,37.7
AXON,C3,2023-04-20,-19.8,-7.4,41.1
AXON,C3,2023-06-07,7.7,22.3,48.1
AXON,C3,2023-06-13,4.9,30.0,48.9
AXON,C3,2023-06-30,-1.6,25.2,58.2
AXON,C3,2023-08-31,11.0,46.9,78.3
AXON,C3,2023-11-02,26.3,44.3,187.5
AXON,C3,2023-11-08,15.2,26.5,165.6
AXON,C3,2023-11-14,20.8,28.6,185.3
AXON,C3,2023-11-20,20.1,25.6,196.1
AXON,C3,2023-11-27,37.7,21.1,181.6
AXON,C3,2024-01-04,27.1,19.5,142.5
AXON,C3,2024-01-10,21.8,22.7,145.1
AXON,C3,2024-01-17,17.2,25.0,160.8
AXON,C3,2024-01-23,20.1,19.5,166.9
AXON,C3,2024-01-29,22.3,12.3,162.7
AXON,C3,2024-02-02,21.7,42.0,176.3
AXON,C3,2024-02-08,11.6,38.9,85.8
AXON,C3,2024-02-14,6.6,38.5,95.1
AXON,C3,2024-02-21,6.2,37.8,89.3
AXON,C3,2024-02-27,3.6,30.7,105.2
AXON,C3,2024-03-04,-11.8,13.9,68.8
AXON,C3,2024-03-08,-8.2,21.4,83.0
AXON,C3,2024-03-14,-3.0,27.2,74.6
AXON,C3,2024-03-20,-6.9,25.8,71.7
AXON,C3,2024-03-26,-7.8,25.1,75.4
AXON,C3,2024-04-02,-3.5,36.0,87.0
AXON,C3,2024-04-23,3.0,47.5,99.6
AXON,C3,2024-07-10,46.2,97.8,141.8
AXON,C3,2024-07-16,35.8,90.2,134.4
AXON,C3,2024-07-22,41.9,101.3,173.7
AXON,C3,2024-07-26,43.2,111.9,163.6
AXON,C3,2024-08-01,42.1,126.7,151.7
AXON,C3,2024-08-07,34.2,90.3,118.6
AXON,C3,2024-09-17,59.4,46.1,85.9
AXON,C3,2024-09-23,60.2,37.4,81.4
AXON,C3,2024-09-27,50.3,27.1,79.6
AXON,C3,2024-10-03,35.4,36.8,61.6
AXON,C3,2024-10-09,34.2,29.5,65.8
AXON,C3,2024-10-15,39.5,36.1,74.9
AXON,C3,2024-10-21,36.2,38.1,59.0
AXON,C3,2024-10-25,46.7,35.4,31.5
AXON,C3,2024-10-31,60.0,63.7,30.9
AXON,C3,2024-11-06,44.7,59.6,13.1
AXON,C3,2024-11-12,-0.3,21.6,-10.4
AXON,C3,2024-11-18,-17.2,21.7,-9.4
AXON,C3,2024-11-22,-17.5,22.5,-14.2
AXON,C3,2024-11-29,-18.6,17.9,-14.7
AXON,C3,2024-12-05,-22.5,13.2,-13.9
AXON,C3,2024-12-11,-11.6,21.9,-9.1
AXON,C3,2024-12-17,-9.2,28.8,-11.4
AXON,C3,2024-12-23,-15.7,27.5,-1.8
AXON,C3,2024-12-30,-17.7,21.3,4.1
AXON,C3,2025-01-06,-3.4,30.1,6.9
AXON,C3,2025-01-13,0.6,26.7,7.3
AXON,C3,2025-02-07,6.7,11.0,-37.7
AXON,C3,2025-02-13,11.7,14.9,-18.4
AXON,C3,2025-03-03,48.4,40.9,-6.9
AXON,C3,2025-03-19,37.9,22.9,-25.4
AXON,C3,2025-03-25,41.8,24.3,-32.2
AXON,C3,2025-03-31,51.2,37.2,-27.6
AXON,C3,2025-08-29,-28.0,-25.2,
KTOS,L2,2024-12-02,-2.5,44.6,173.3
KTOS,C2,2017-08-14,-18.9,2.6,5.1
KTOS,C2,2017-09-11,-6.7,-21.2,19.7
KTOS,C2,2017-10-09,-13.5,-17.1,-0.9
KTOS,C2,2017-11-06,6.0,7.4,46.5
KTOS,C2,2017-12-04,12.5,15.8,34.8
KTOS,C2,2018-12-24,13.7,66.5,29.2
KTOS,C2,2019-01-21,6.2,63.3,25.6
KTOS,C2,2019-02-18,24.3,9.6,15.2
KTOS,C2,2019-03-18,42.3,31.7,-34.7
KTOS,C2,2019-04-15,63.9,30.4,1.8
KTOS,C2,2019-05-13,-4.9,-0.7,-22.2
KTOS,C2,2019-06-10,-5.8,-15.4,-21.8
KTOS,C2,2019-07-08,-21.8,-18.0,-37.6
KTOS,C2,2019-08-05,4.4,2.3,2.2
KTOS,C2,2019-09-02,-7.3,-16.2,2.6
KTOS,C2,2019-09-30,11.8,-25.6,7.4
KTOS,C2,2020-09-14,22.8,22.9,7.8
KTOS,C2,2020-10-12,42.1,31.6,8.1
KTOS,C2,2020-11-09,63.7,24.4,8.2
KTOS,C2,2020-12-07,11.2,9.9,-18.5
KTOS,C2,2021-01-04,5.8,6.1,-30.3
KTOS,C2,2021-02-01,-7.4,-15.4,-43.7
KTOS,C2,2021-03-01,8.1,1.2,-16.8
KTOS,C2,2021-03-29,-0.8,-20.2,-26.8
KTOS,C2,2021-04-26,1.7,-20.0,-43.3
KTOS,C2,2021-05-24,-1.2,-19.7,-40.9
KTOS,C2,2021-06-21,-17.6,-28.1,-48.5
KTOS,C2,2021-07-19,-16.2,-36.8,-46.7
KTOS,C2,2023-06-26,4.7,41.5,39.5
KTOS,C2,2023-07-24,15.4,17.0,54.1
KTOS,C2,2023-08-21,27.6,18.4,49.3
KTOS,C2,2023-09-18,41.4,22.0,59.7
KTOS,C2,2023-10-16,7.1,5.1,45.0
KTOS,C2,2023-11-13,11.2,12.6,30.7
KTOS,C2,2023-12-11,-16.0,-2.8,31.8
KTOS,C2,2024-01-08,-4.0,10.8,54.9
KTOS,C2,2024-02-05,8.7,8.1,77.8
KTOS,C2,2024-03-04,10.2,14.1,47.6
KTOS,C2,2024-04-01,15.8,39.0,56.3
KTOS,C2,2024-04-29,13.2,23.4,95.7
KTOS,C2,2024-05-27,5.5,24.6,69.7
KTOS,C2,2024-06-24,16.4,32.5,129.1
KTOS,C2,2024-07-22,5.7,50.6,163.8
KTOS,C2,2024-08-19,17.0,11.1,193.0
KTOS,C2,2024-12-16,19.1,66.6,191.4
KTOS,C2,2025-01-13,-1.6,75.8,288.8
KTOS,C2,2025-02-10,29.6,152.2,227.9
KTOS,C2,2025-03-10,37.2,127.4,187.6
KTOS,C2,2025-04-07,55.6,184.7,111.6
KTOS,C2,2025-05-05,90.1,131.7,72.2
KTOS,C2,2025-06-02,60.1,89.0,44.6
KTOS,C2,2025-06-30,115.4,77.5,23.9
KTOS,C2,2025-07-28,59.8,81.6,
KTOS,C2,2025-08-25,15.6,30.9,
KTOS,C2,2025-09-22,-9.9,-16.6,
KTOS,C2,2025-10-20,21.1,-32.8,
KTOS,C2,2025-11-17,39.0,-18.7,
KTOS,C2,2025-12-15,12.2,-28.1,
KTOS,C2,2026-01-12,-45.7,-64.8,
KTOS,C2,2026-02-09,-41.5,,
KTOS,C2,2026-03-09,-34.0,,
KTOS,C2,2026-04-06,-31.5,,
KTOS,C2,2026-05-04,,,
KTOS,L3,2017-08-28,-14.6,-9.2,18.8
KTOS,L3,2018-12-13,11.1,52.9,23.0
KTOS,L3,2019-01-25,5.9,41.5,31.0
KTOS,L3,2019-05-13,-5.6,2.2,-14.0
KTOS,L3,2019-08-07,3.5,6.7,1.8
KTOS,L3,2019-09-17,-12.9,-41.1,-7.3
KTOS,L3,2020-09-23,42.6,47.4,19.8
KTOS,L3,2020-11-06,67.0,26.7,6.5
KTOS,L3,2021-01-12,-2.6,-6.3,-39.5
KTOS,L3,2021-02-23,-13.3,-14.8,-31.0
KTOS,L3,2021-04-07,0.8,-19.9,-32.6
KTOS,L3,2021-07-07,-22.1,-36.1,-52.0
KTOS,L3,2023-06-07,2.2,44.4,39.7
KTOS,L3,2023-08-10,5.0,24.3,30.0
KTOS,L3,2023-10-25,0.4,5.1,41.0
KTOS,L3,2023-12-21,-10.4,-2.5,45.9
KTOS,L3,2024-03-01,17.0,17.0,76.9
KTOS,L3,2024-04-23,27.0,35.7,102.1
KTOS,L3,2024-06-25,15.0,31.5,129.5
KTOS,L3,2024-08-07,18.7,42.3,222.8
KTOS,L3,2025-02-05,-2.0,100.6,208.3
KTOS,L3,2025-05-09,104.6,113.3,67.2
KTOS,L3,2025-10-16,36.1,-30.9,
KTOS,L3,2026-01-09,-34.3,,
KTOS,C3,2017-08-29,-19.1,-12.2,12.9
KTOS,C3,2017-09-05,-26.2,-17.5,4.9
KTOS,C3,2017-09-11,-16.8,-24.4,14.4
KTOS,C3,2017-09-15,-6.7,-23.4,24.8
KTOS,C3,2017-09-21,-12.5,-17.6,14.8
KTOS,C3,2019-01-29,5.1,28.9,30.0
KTOS,C3,2019-02-04,0.8,19.3,28.6
KTOS,C3,2019-02-08,18.1,10.0,23.1
KTOS,C3,2019-02-14,21.8,12.6,-7.1
KTOS,C3,2019-02-21,24.1,10.1,-5.2
KTOS,C3,2019-02-27,28.3,13.4,-7.7
KTOS,C3,2019-03-05,31.9,12.2,-34.4
KTOS,C3,2019-03-11,35.2,27.8,-36.3
KTOS,C3,2019-03-15,40.9,33.6,-5.8
KTOS,C3,2019-03-21,38.7,14.6,-16.7
KTOS,C3,2019-05-14,-6.8,2.7,-11.3
KTOS,C3,2019-05-20,-7.6,-10.7,-8.8
KTOS,C3,2019-05-24,-11.3,-17.6,-12.9
KTOS,C3,2019-05-31,-11.6,-22.2,-24.9
KTOS,C3,2019-06-06,-14.9,-21.2,-21.6
KTOS,C3,2019-06-12,-5.5,-16.6,-24.5
KTOS,C3,2019-06-18,-5.1,-16.7,-28.9
KTOS,C3,2019-06-24,-17.3,-20.6,-30.7
KTOS,C3,2019-08-09,3.2,7.8,-0.1
KTOS,C3,2019-08-15,10.2,11.9,6.4
KTOS,C3,2019-09-18,-13.3,-38.1,-7.6
KTOS,C3,2019-09-24,-3.6,-25.4,7.9
KTOS,C3,2020-09-08,23.3,37.7,17.0
KTOS,C3,2020-09-25,44.4,49.6,16.7
KTOS,C3,2021-01-13,-2.7,-3.0,-39.3
KTOS,C3,2021-01-20,-7.9,-8.1,-42.9
KTOS,C3,2021-01-26,-8.0,-7.3,-43.5
KTOS,C3,2021-02-24,-16.5,-17.9,-31.0
KTOS,C3,2021-03-02,-5.2,-10.1,-30.8
KTOS,C3,2021-03-08,14.4,-2.0,-18.5
KTOS,C3,2021-04-08,-1.8,-21.1,-32.3
KTOS,C3,2021-04-14,-8.6,-21.1,-40.6
KTOS,C3,2021-04-20,2.9,-13.1,-41.4
KTOS,C3,2021-04-26,0.4,-20.3,-43.2
KTOS,C3,2021-04-30,1.4,-12.9,-51.9
KTOS,C3,2021-07-08,-19.9,-33.9,-48.6
KTOS,C3,2021-07-14,-14.4,-37.0,-47.6
KTOS,C3,2021-07-20,-13.6,-35.4,-42.8
KTOS,C3,2023-06-08,2.0,47.6,44.0
KTOS,C3,2023-06-14,6.9,47.9,43.6
KTOS,C3,2023-06-21,-7.4,32.7,32.2
KTOS,C3,2023-06-27,3.8,37.5,43.6
KTOS,C3,2023-07-03,4.7,30.8,56.0
KTOS,C3,2023-08-11,10.6,26.8,39.0
KTOS,C3,2023-08-17,22.1,18.0,47.6
KTOS,C3,2023-08-23,23.8,16.0,38.9
KTOS,C3,2023-08-29,21.8,16.2,37.7
KTOS,C3,2023-09-05,29.1,15.5,44.5
KTOS,C3,2023-10-26,-1.7,7.7,38.3
KTOS,C3,2023-11-01,3.0,14.6,61.0
KTOS,C3,2023-11-07,3.3,14.2,40.8
KTOS,C3,2023-12-26,-10.7,-0.3,40.8
KTOS,C3,2024-01-02,-9.9,4.5,72.3
KTOS,C3,2024-03-06,12.2,18.5,74.5
KTOS,C3,2024-04-24,27.0,36.1,92.6
KTOS,C3,2024-04-30,17.7,29.0,88.2
KTOS,C3,2024-06-28,24.0,37.3,155.5
KTOS,C3,2024-08-13,39.8,31.0,242.3
KTOS,C3,2024-12-05,8.1,51.0,176.2
KTOS,C3,2024-12-11,19.1,59.6,184.2
KTOS,C3,2024-12-17,21.0,68.2,191.0
KTOS,C3,2024-12-23,14.2,71.8,300.3
KTOS,C3,2025-02-06,4.3,112.4,195.3
KTOS,C3,2025-05-12,103.7,113.5,67.4
KTOS,C3,2025-05-16,82.5,91.2,80.3
KTOS,C3,2025-05-22,93.3,115.3,66.2
KTOS,C3,2025-05-29,81.4,99.8,61.4
KTOS,C3,2025-06-04,60.0,92.1,40.0
KTOS,C3,2025-06-10,76.1,89.0,22.0
KTOS,C3,2025-06-16,95.7,82.9,21.0
KTOS,C3,2025-06-23,86.1,78.1,15.4
KTOS,C3,2025-06-27,99.3,73.0,2.4
KTOS,C3,2025-07-03,124.5,133.0,3.1
KTOS,C3,2025-07-10,104.5,162.6,
KTOS,C3,2025-07-16,63.3,122.2,
KTOS,C3,2025-07-22,52.1,113.0,
KTOS,C3,2025-07-28,51.2,62.0,
KTOS,C3,2025-08-01,60.6,66.5,
KTOS,C3,2025-08-07,31.8,47.3,
KTOS,C3,2025-08-13,4.3,53.7,
KTOS,C3,2025-08-19,10.4,37.8,
KTOS,C3,2025-08-25,12.2,33.0,
KTOS,C3,2025-08-29,7.8,40.4,
KTOS,C3,2025-10-21,22.8,-34.3,
KTOS,C3,2025-10-27,13.6,-34.6,
KTOS,C3,2025-10-31,-5.9,-37.1,
KTOS,C3,2026-01-15,-45.0,,
KTOS,C3,2026-01-22,-44.5,,
KTOS,C3,2026-01-28,-44.9,,
KTOS,C3,2026-02-03,-44.9,,
KTOS,C3,2026-02-09,-46.9,,
KTOS,C3,2026-02-13,-40.0,,
KTOS,C3,2026-02-20,-40.9,,
KTOS,C3,2026-02-26,-31.1,,
AVAV,L2,2024-10-21,-18.4,-32.3,71.4
AVAV,C2,2017-08-14,14.0,38.1,125.4
AVAV,C2,2017-09-11,15.0,-3.2,140.3
AVAV,C2,2017-10-09,1.6,5.7,74.2
AVAV,C2,2017-11-06,9.6,36.8,134.0
AVAV,C2,2017-12-04,-15.1,9.6,25.4
AVAV,C2,2018-01-01,-15.6,35.0,28.0
AVAV,C2,2018-01-29,13.5,50.7,50.2
AVAV,C2,2018-02-26,17.0,76.0,58.9
AVAV,C2,2018-03-26,57.0,146.5,50.3
AVAV,C2,2018-04-23,32.1,64.8,27.4
AVAV,C2,2018-05-21,47.3,56.0,14.3
AVAV,C2,2018-06-18,80.3,9.1,7.7
AVAV,C2,2018-07-16,23.4,2.0,-27.9
AVAV,C2,2018-08-13,18.4,-2.9,-37.8
AVAV,C2,2018-09-10,-35.3,-39.0,-47.7
AVAV,C2,2018-10-08,-20.4,-26.8,-39.2
AVAV,C2,2018-11-05,-25.9,-35.7,-39.7
AVAV,C2,2018-12-03,12.7,-8.3,-10.5
AVAV,C2,2018-12-31,0.3,-17.6,-1.6
AVAV,C2,2019-01-28,-7.8,-29.7,-10.9
AVAV,C2,2020-11-02,59.9,42.7,24.0
AVAV,C2,2020-11-30,16.5,23.1,-14.1
AVAV,C2,2020-12-28,37.3,12.4,-28.6
AVAV,C2,2021-01-25,-3.8,-11.9,-53.1
AVAV,C2,2021-02-22,-0.4,-6.0,-43.4
AVAV,C2,2021-03-22,-6.1,-29.1,-16.4
AVAV,C2,2021-04-19,-13.5,-18.5,-22.1
AVAV,C2,2021-05-17,-7.9,-17.9,-21.8
AVAV,C2,2021-06-14,-21.5,-41.6,-23.9
AVAV,C2,2021-07-12,-4.3,-35.3,-16.4
AVAV,C2,2022-11-28,-3.7,6.6,50.7
AVAV,C2,2023-07-10,15.6,31.5,79.6
AVAV,C2,2023-08-07,27.1,30.9,84.0
AVAV,C2,2023-09-04,10.0,46.5,58.2
AVAV,C2,2023-10-02,12.6,41.4,98.0
AVAV,C2,2023-10-30,1.6,40.9,80.3
AVAV,C2,2023-11-27,-7.9,44.7,39.2
AVAV,C2,2023-12-25,21.6,44.5,25.1
AVAV,C2,2024-01-22,29.5,42.4,47.7
AVAV,C2,2024-02-19,62.1,50.6,25.6
AVAV,C2,2024-03-18,27.2,22.7,-16.0
AVAV,C2,2024-04-15,9.5,44.6,-1.6
AVAV,C2,2024-05-13,-1.7,3.2,-15.3
AVAV,C2,2024-06-10,-10.7,-27.3,-9.4
AVAV,C2,2024-07-08,24.3,-4.7,52.3
AVAV,C2,2024-08-05,29.5,0.5,40.6
AVAV,C2,2024-09-02,-9.0,-26.3,26.0
AVAV,C2,2024-11-18,-21.0,-13.7,39.1
AVAV,C2,2024-12-16,-23.8,15.6,48.1
AVAV,C2,2025-10-13,12.1,-45.4,
AVAV,C2,2025-11-10,-16.3,-45.7,
AVAV,C2,2025-12-08,-13.4,-28.6,
AVAV,C2,2026-01-05,-50.8,-60.4,
AVAV,C2,2026-02-02,-34.6,,
AVAV,L3,2017-08-15,11.6,32.7,127.0
AVAV,L3,2017-12-13,-13.7,7.9,25.7
AVAV,L3,2018-04-24,37.5,64.4,19.3
AVAV,L3,2018-08-28,7.0,-8.0,-29.8
AVAV,L3,2018-11-28,-8.6,-30.3,-32.5
AVAV,L3,2019-02-01,-12.7,-28.7,-6.4
AVAV,L3,2020-11-05,77.0,38.2,18.1
AVAV,L3,2021-02-01,-10.0,-11.4,-48.8
AVAV,L3,2021-06-25,-22.8,-44.3,-25.8
AVAV,L3,2022-06-24,1.2,3.2,18.3
AVAV,L3,2022-11-16,-6.1,1.4,51.6
AVAV,L3,2023-07-10,11.1,29.4,71.9
AVAV,L3,2023-08-30,44.8,84.1,92.2
AVAV,L3,2023-12-11,20.5,77.9,30.7
AVAV,L3,2024-03-26,20.8,40.0,-8.6
AVAV,L3,2024-06-27,12.7,-12.1,49.0
AVAV,L3,2024-08-08,29.2,-11.0,35.9
AVAV,L3,2024-09-04,-14.6,-36.1,46.1
AVAV,L3,2024-10-30,-14.1,-23.6,36.4
AVAV,L3,2025-10-29,-25.0,-55.8,
AVAV,L3,2026-01-26,-39.4,,
AVAV,C3,2017-08-16,12.6,31.6,125.5
AVAV,C3,2017-08-22,14.6,26.5,123.7
AVAV,C3,2017-08-28,15.2,29.4,171.7
AVAV,C3,2017-09-01,-12.0,-1.6,137.0
AVAV,C3,2017-09-08,10.3,-3.7,122.2
AVAV,C3,2017-09-14,14.6,-7.4,123.7
AVAV,C3,2017-09-20,10.4,-13.2,110.3
AVAV,C3,2017-09-26,7.5,-13.3,92.2
AVAV,C3,2017-10-02,-2.4,-15.6,68.7
AVAV,C3,2017-10-06,-0.8,6.4,75.0
AVAV,C3,2017-10-12,-1.0,5.1,68.7
AVAV,C3,2017-10-18,2.3,5.8,69.6
AVAV,C3,2017-10-24,-0.4,3.5,79.4
AVAV,C3,2017-10-30,-1.9,20.2,101.9
AVAV,C3,2017-12-19,-19.7,14.9,15.5
AVAV,C3,2017-12-26,-19.6,24.7,32.9
AVAV,C3,2018-01-02,-17.8,33.4,34.5
AVAV,C3,2018-01-08,4.2,34.5,36.7
AVAV,C3,2018-01-12,4.9,39.2,40.9
AVAV,C3,2018-01-19,2.1,40.3,39.5
AVAV,C3,2018-04-27,34.9,64.8,20.6
AVAV,C3,2018-05-03,37.7,78.9,26.9
AVAV,C3,2018-05-09,30.2,61.7,11.9
AVAV,C3,2018-05-15,54.3,84.7,23.5
AVAV,C3,2018-05-21,49.6,58.0,12.2
AVAV,C3,2018-08-30,-14.7,-8.8,-29.2
AVAV,C3,2018-09-06,-28.0,-28.9,-38.8
AVAV,C3,2018-09-12,-30.3,-34.9,-48.7
AVAV,C3,2018-09-18,-43.8,-44.2,-56.6
AVAV,C3,2018-09-24,-35.5,-35.4,-49.2
AVAV,C3,2018-09-28,-40.3,-39.4,-49.7
AVAV,C3,2018-10-04,-28.3,-35.0,-43.8
AVAV,C3,2018-12-03,6.9,-14.8,-14.5
AVAV,C3,2019-02-05,-15.2,-34.1,-19.3
AVAV,C3,2019-02-11,-11.9,-31.9,-17.4
AVAV,C3,2019-02-15,-14.9,-35.6,-37.3
AVAV,C3,2019-02-22,-18.5,-37.5,-27.0
AVAV,C3,2020-11-10,68.0,32.4,10.3
AVAV,C3,2020-11-16,50.4,28.4,-1.4
AVAV,C3,2020-11-20,32.1,32.6,-6.7
AVAV,C3,2020-11-27,23.1,30.2,-27.5
AVAV,C3,2020-12-03,23.1,27.5,-28.1
AVAV,C3,2020-12-09,34.0,26.9,-28.9
AVAV,C3,2020-12-15,42.7,33.3,-24.8
AVAV,C3,2020-12-21,34.7,24.6,-28.9
AVAV,C3,2020-12-28,33.6,9.9,-30.0
AVAV,C3,2021-02-02,-7.7,-12.1,-48.7
AVAV,C3,2021-02-08,-23.1,-23.6,-54.6
AVAV,C3,2021-02-12,-22.1,-29.1,-54.3
AVAV,C3,2021-06-29,-21.4,-42.9,-28.9
AVAV,C3,2022-06-29,6.9,6.1,28.2
AVAV,C3,2022-11-18,-8.2,-1.1,51.1
AVAV,C3,2022-11-25,-5.7,3.4,35.5
AVAV,C3,2023-07-13,11.6,23.8,70.1
AVAV,C3,2023-07-19,26.2,30.5,91.8
AVAV,C3,2023-09-06,7.7,40.1,51.6
AVAV,C3,2023-09-12,12.1,28.7,74.7
AVAV,C3,2023-09-18,16.5,35.8,79.0
AVAV,C3,2023-09-22,14.2,33.0,85.1
AVAV,C3,2023-09-28,12.2,34.9,87.7
AVAV,C3,2023-10-04,13.2,38.5,105.5
AVAV,C3,2023-10-10,16.5,34.7,98.9
AVAV,C3,2023-12-13,14.8,49.3,27.3
AVAV,C3,2023-12-19,16.6,36.3,19.9
AVAV,C3,2024-04-01,14.0,39.2,-4.4
AVAV,C3,2024-04-05,18.1,39.1,-2.9
AVAV,C3,2024-07-03,22.1,-4.1,60.9
AVAV,C3,2024-09-09,-15.0,-31.0,65.1
AVAV,C3,2024-11-05,-18.4,-24.7,27.7
AVAV,C3,2024-11-11,-34.0,-29.1,18.4
AVAV,C3,2025-11-03,-30.1,-54.1,
AVAV,C3,2026-01-29,-38.5,,
AVAV,C3,2026-02-04,-34.6,,
AVAV,C3,2026-02-10,-37.2,,
ACHR,L2,2025-11-17,-3.5,-11.4,
ACHR,C2,2023-10-02,8.9,-15.4,-41.3
ACHR,C2,2023-10-30,-9.7,-27.6,-40.0
ACHR,C2,2023-11-27,-27.8,-48.1,51.9
ACHR,C2,2023-12-25,-24.8,-42.7,82.1
ACHR,C2,2025-06-30,13.8,-20.1,-51.0
ACHR,C2,2025-07-28,16.4,-25.4,
ACHR,C2,2025-12-01,-27.2,-35.6,
ACHR,L3,2023-11-17,-23.9,-49.4,15.5
ACHR,L3,2025-06-18,-6.4,-20.2,-51.2
ACHR,L3,2025-07-25,1.2,-35.9,
ACHR,C3,2023-11-20,-21.2,-51.8,8.2
ACHR,C3,2023-11-27,-23.3,-45.2,31.9
ACHR,C3,2023-12-01,-31.9,-47.6,33.2
ACHR,C3,2023-12-07,-17.8,-48.5,34.7
ACHR,C3,2023-12-13,-26.9,-44.1,73.0
ACHR,C3,2023-12-19,-25.8,-47.7,43.5
ACHR,C3,2023-12-26,-30.3,-34.8,62.2
ACHR,C3,2024-01-02,-26.0,-24.4,51.3
ACHR,C3,2024-01-08,-24.5,-2.9,76.0
ACHR,C3,2024-01-12,-26.9,-11.0,77.2
ACHR,C3,2025-06-25,-6.5,-24.0,-51.2
ACHR,C3,2025-07-01,3.0,-10.7,-51.6
ACHR,C3,2025-07-28,3.2,-34.7,
ACHR,C3,2025-08-01,8.1,-24.3,
ACHR,C3,2025-08-07,-16.5,-31.0,
ACHR,C3,2025-08-13,-22.0,-29.1,
JOBY,C2,2023-08-07,-32.3,-22.7,-34.6
JOBY,C2,2023-09-04,-10.0,-25.9,-34.7
JOBY,C2,2023-10-02,-5.9,-24.0,-8.0
JOBY,C2,2023-10-30,-8.3,-13.8,-22.0
JOBY,C2,2023-11-27,-16.9,-26.0,36.0
JOBY,C2,2023-12-25,-19.4,-23.3,34.3
JOBY,C2,2024-12-02,-25.1,-8.1,72.6
JOBY,C2,2024-12-30,-45.1,8.0,47.0
JOBY,C2,2025-01-27,-18.8,107.7,28.0
JOBY,C2,2025-02-24,11.7,102.1,43.7
JOBY,C2,2025-03-24,54.5,163.7,32.6
JOBY,C2,2025-04-21,178.5,148.2,30.8
JOBY,C2,2025-05-19,125.5,97.1,64.7
JOBY,C2,2025-06-16,94.1,66.5,17.1
JOBY,C2,2025-07-14,-11.9,-13.2,-59.3
JOBY,C2,2025-08-11,-13.3,-40.5,
JOBY,C2,2025-09-08,6.1,-30.7,
JOBY,C2,2025-10-06,-5.5,-48.8,
JOBY,C2,2025-11-03,-29.4,-27.0,
JOBY,L3,2023-12-21,-21.8,-29.7,41.8
JOBY,L3,2024-12-30,-36.1,47.0,80.2
JOBY,L3,2025-06-02,74.7,103.5,28.9
JOBY,C3,2023-12-22,-22.3,-28.1,48.8
JOBY,C3,2023-12-29,-26.3,-23.2,18.2
JOBY,C3,2025-01-02,-34.1,56.1,90.7
JOBY,C3,2025-01-08,-36.6,87.4,46.8
JOBY,C3,2025-01-15,-28.3,116.2,37.5
JOBY,C3,2025-01-22,-25.9,91.8,18.4
JOBY,C3,2025-01-28,-24.6,132.9,22.2
JOBY,C3,2025-06-04,70.6,96.2,19.3
JOBY,C3,2025-06-10,48.3,50.3,-1.7
JOBY,C3,2025-06-16,62.6,58.0,-0.9
JOBY,C3,2025-06-23,87.7,63.1,-4.6
JOBY,C3,2025-06-27,71.0,52.1,-20.8
JOBY,C3,2025-07-03,85.5,44.5,-31.5
JOBY,C3,2025-07-10,32.0,22.6,
JOBY,C3,2025-07-16,-1.6,-12.4,
JOBY,C3,2025-07-22,-6.9,-18.9,
JOBY,C3,2025-07-28,-9.0,-38.5,
JOBY,C3,2025-08-01,-4.9,-38.7,
JOBY,C3,2025-08-07,-13.6,-42.7,
JOBY,C3,2025-08-13,-16.9,-42.4,
RKLB,L2,2026-03-16,59.5,,
RKLB,C2,2021-12-20,-33.7,-65.8,-68.6
RKLB,C2,2023-09-11,-10.0,-19.5,45.7
RKLB,C2,2023-10-09,20.5,-13.1,126.1
RKLB,C2,2023-11-06,-0.7,-5.9,209.2
RKLB,C2,2025-03-24,90.0,148.4,227.2
RKLB,C2,2025-04-21,111.9,188.5,256.0
RKLB,C2,2025-05-19,74.6,58.5,434.1
RKLB,C2,2025-06-16,59.1,134.8,257.0
RKLB,C2,2025-07-14,29.0,87.4,31.6
RKLB,C2,2025-08-11,2.9,52.3,
RKLB,C2,2025-09-08,15.3,28.3,
RKLB,C2,2025-10-06,32.0,5.9,
RKLB,C2,2025-11-03,40.0,104.2,
RKLB,C2,2025-12-01,42.9,124.4,
RKLB,C2,2026-03-30,48.3,,
RKLB,C2,2026-04-27,,,
RKLB,L3,2025-04-28,102.6,177.8,417.6
RKLB,L3,2025-08-08,16.1,50.9,
RKLB,L3,2025-09-12,3.9,26.0,
RKLB,L3,2025-10-22,43.6,36.2,
RKLB,L3,2026-03-24,28.0,,
RKLB,C3,2021-12-21,-34.7,-69.5,-66.9
RKLB,C3,2025-04-30,104.4,159.6,469.8
RKLB,C3,2025-05-06,99.8,132.0,469.1
RKLB,C3,2025-05-12,101.4,114.2,573.6
RKLB,C3,2025-05-16,59.1,54.4,378.6
RKLB,C3,2025-05-22,86.4,62.4,326.3
RKLB,C3,2025-05-29,80.3,63.5,319.7
RKLB,C3,2025-06-04,77.4,98.6,301.3
RKLB,C3,2025-06-10,96.3,103.9,214.4
RKLB,C3,2025-06-16,77.7,165.6,282.9
RKLB,C3,2025-08-11,13.8,55.2,
RKLB,C3,2025-09-15,2.7,25.8,
RKLB,C3,2025-09-19,62.3,27.5,
RKLB,C3,2025-09-25,50.4,45.2,
RKLB,C3,2025-10-24,32.7,24.4,
RKLB,C3,2025-10-30,20.0,73.1,
RKLB,C3,2026-03-25,34.5,,
RKLB,C3,2026-03-31,45.0,,
LUNR,C2,2023-02-06,-12.1,-8.4,-46.2
LUNR,C2,2023-03-06,-43.9,-72.6,-65.1
LUNR,C2,2024-06-10,58.0,201.2,169.3
LUNR,C2,2026-04-06,-31.5,,
LUNR,C2,2026-05-04,,,
LUNR,C2,2026-06-01,,,
LUNR,C2,2026-06-29,,,
LUNR,L3,2023-02-03,-17.0,-6.8,-19.6
LUNR,L3,2023-03-15,-28.4,-70.8,-49.9
LUNR,L3,2026-03-18,21.4,,
LUNR,L3,2026-05-06,,,
LUNR,C3,2023-02-06,-18.4,-10.5,18.0
LUNR,C3,2026-03-19,10.8,,
LUNR,C3,2026-03-25,2.0,,
LUNR,C3,2026-03-31,1.8,,
LUNR,C3,2026-05-07,,,
LUNR,C3,2026-05-13,,,
LUNR,C3,2026-05-19,,,
LUNR,C3,2026-05-26,,,
LUNR,C3,2026-06-01,,,
LUNR,C3,2026-06-05,,,
LUNR,C3,2026-06-11,,,
LUNR,C3,2026-06-17,,,
LUNR,C3,2026-06-24,,,
LUNR,C3,2026-06-30,,,
ASTS,C2,2022-09-26,-33.2,-29.6,-47.4
ASTS,C2,2022-10-24,-17.9,-18.6,-53.2
ASTS,C2,2024-11-04,20.6,17.1,214.6
ASTS,C2,2024-12-02,31.9,23.2,191.9
ASTS,C2,2025-06-09,0.9,99.9,114.8
ASTS,C2,2025-07-07,80.0,114.3,60.9
ASTS,C2,2025-08-04,48.4,118.3,
ASTS,C2,2025-09-01,74.3,111.0,
ASTS,C2,2025-09-29,23.2,36.7,
ASTS,C2,2025-10-27,38.6,-11.7,
ASTS,C2,2025-11-24,40.9,101.8,
ASTS,C2,2025-12-22,9.3,-0.7,
ASTS,C2,2026-01-19,-32.7,,
ASTS,C2,2026-02-16,32.0,,
ASTS,C2,2026-03-16,-10.3,,
ASTS,C2,2026-04-13,-32.4,,
ASTS,C2,2026-05-11,,,
ASTS,C2,2026-06-08,,,
ASTS,C2,2026-07-06,,,
ASTS,L3,2024-10-31,13.9,14.1,157.9
ASTS,L3,2025-10-23,69.0,-1.2,
ASTS,L3,2025-12-24,6.2,3.3,
ASTS,L3,2026-04-01,-11.6,,
ASTS,L3,2026-04-27,,,
ASTS,L3,2026-07-02,,,
ASTS,C3,2024-11-01,11.2,11.3,137.3
ASTS,C3,2024-11-07,40.1,14.7,139.4
ASTS,C3,2024-11-13,13.4,-13.6,101.5
ASTS,C3,2025-05-16,69.1,90.2,296.3
ASTS,C3,2025-05-22,106.6,127.4,283.4
ASTS,C3,2025-05-29,106.9,160.7,313.9
ASTS,C3,2025-06-04,42.1,153.9,197.8
ASTS,C3,2025-06-10,8.4,89.9,90.5
ASTS,C3,2025-06-16,-1.1,81.0,112.0
ASTS,C3,2025-06-23,8.6,43.3,47.8
ASTS,C3,2025-06-27,-0.6,69.1,36.9
ASTS,C3,2025-07-03,59.9,98.6,26.8
ASTS,C3,2025-07-10,86.6,116.6,
ASTS,C3,2025-07-16,70.1,96.7,
ASTS,C3,2025-07-22,25.0,95.0,
ASTS,C3,2025-07-28,43.4,92.8,
ASTS,C3,2025-08-01,35.6,94.0,
ASTS,C3,2025-08-07,45.0,72.3,
ASTS,C3,2025-08-13,22.8,72.6,
ASTS,C3,2025-10-24,65.7,-7.2,
ASTS,C3,2025-10-30,35.0,-2.1,
ASTS,C3,2025-12-26,16.7,3.1,
ASTS,C3,2026-01-02,15.6,-19.0,
ASTS,C3,2026-01-08,-2.2,-36.2,
ASTS,C3,2026-01-14,-14.9,,
ASTS,C3,2026-01-21,-26.2,,
ASTS,C3,2026-01-27,-33.6,,
ASTS,C3,2026-02-02,-32.4,,
ASTS,C3,2026-02-06,-28.3,,
ASTS,C3,2026-02-12,5.6,,
ASTS,C3,2026-02-19,22.5,,
ASTS,C3,2026-02-25,37.7,,
ASTS,C3,2026-03-03,15.8,,
ASTS,C3,2026-03-09,-2.7,,
ASTS,C3,2026-04-28,,,
ASTS,C3,2026-05-04,,,
ASTS,C3,2026-05-08,,,
ASTS,C3,2026-07-08,,,
RDW,C2,2023-05-08,30.4,-10.6,71.1
RDW,C2,2024-05-06,15.4,93.1,142.2
RDW,C2,2024-06-03,9.0,168.0,251.4
RDW,C2,2024-07-01,5.7,164.1,133.4
RDW,C2,2024-07-29,23.8,281.5,121.2
RDW,C2,2024-08-26,106.8,107.0,32.0
RDW,C2,2024-09-23,139.8,23.4,23.7
RDW,C2,2024-10-21,147.3,30.4,-6.9
RDW,C2,2024-11-18,36.0,-1.3,-59.8
RDW,C2,2024-12-16,-17.4,14.2,-42.4
RDW,C2,2025-01-13,-31.5,31.6,-20.6
RDW,C2,2025-02-10,-48.2,-62.2,-66.0
RDW,C2,2025-03-10,80.0,-18.0,-9.5
RDW,L3,2023-05-08,15.3,-20.5,61.6
RDW,L3,2024-06-04,11.1,137.5,222.5
RDW,L3,2024-10-04,123.9,25.4,14.0
RDW,C3,2023-05-09,16.7,-19.3,63.6
RDW,C3,2024-06-07,18.9,120.0,214.9
RDW,C3,2024-06-13,-4.9,89.5,147.7
RDW,C3,2024-06-20,12.8,161.6,168.7
RDW,C3,2024-06-26,9.0,151.3,154.0
RDW,C3,2024-07-02,-3.3,143.3,176.3
RDW,C3,2024-07-09,8.0,97.1,142.1
RDW,C3,2024-07-15,-4.1,176.0,78.7
RDW,C3,2024-07-19,30.4,212.5,111.6
RDW,C3,2024-07-25,24.1,245.7,29.9
RDW,C3,2024-07-31,8.6,207.1,28.4
RDW,C3,2024-08-06,39.7,307.0,41.7
RDW,C3,2024-08-12,87.3,304.5,73.0
RDW,C3,2024-10-08,84.4,30.0,1.1
RDW,C3,2024-10-14,87.2,29.1,-0.4
RDW,C3,2024-10-18,149.3,31.8,-13.5
RDW,C3,2024-10-24,157.9,29.7,-25.7
RDW,C3,2024-10-30,198.0,43.2,-29.6
RDW,C3,2024-11-05,174.1,61.6,-31.5
RDW,C3,2024-11-11,127.2,11.1,-47.9
RDW,C3,2024-11-15,58.0,49.1,-49.8
RDW,C3,2024-11-21,19.6,27.1,-41.6
RDW,C3,2024-11-27,-8.4,48.0,-46.0
RDW,C3,2024-12-04,-24.6,44.8,-46.7
RDW,C3,2024-12-10,-7.5,34.0,-34.0
RDW,C3,2024-12-16,-15.3,24.5,-44.2
RDW,C3,2024-12-20,-36.6,12.3,-29.2
RDW,C3,2024-12-27,-49.1,-7.8,-40.8
RDW,C3,2025-01-03,-44.9,-6.1,-41.1
RDW,C3,2025-01-10,-34.4,12.0,-29.3
RDW,C3,2025-01-16,-35.3,10.3,-19.4
RDW,C3,2025-01-23,-49.3,-35.2,-60.1
RDW,C3,2025-01-29,-45.2,-38.3,-59.5
RDW,C3,2025-02-04,-52.0,-60.6,-64.8
RDW,C3,2025-02-10,-51.0,-61.8,-64.4
RDW,C3,2025-02-14,-48.0,-61.5,-59.7
PL,C2,2024-10-14,64.7,39.2,465.1
PL,C2,2024-11-11,106.8,34.1,289.1
PL,C2,2024-12-09,3.7,33.9,354.9
PL,C2,2025-01-06,-14.6,65.5,512.1
PL,C2,2025-02-03,-40.7,6.7,271.0
PL,C2,2025-03-03,46.7,64.1,535.2
PL,C2,2025-03-31,116.1,383.0,1031.9
PL,C2,2025-04-28,76.1,283.2,951.3
PL,C2,2025-05-26,84.6,209.9,1231.8
PL,C2,2025-06-23,101.0,218.9,346.0
PL,C2,2025-07-21,104.7,305.1,
PL,C2,2025-08-18,64.1,251.5,
PL,C2,2025-09-15,72.6,204.5,
PL,C2,2025-10-13,119.5,193.5,
PL,C2,2025-11-10,96.7,265.1,
PL,C2,2025-12-08,35.9,70.8,
PL,C2,2026-01-05,52.7,14.7,
PL,C2,2026-02-02,75.4,,
PL,C2,2026-03-02,27.5,,
PL,C2,2026-03-30,-12.5,,
PL,C2,2026-04-27,,,
PL,C2,2026-05-25,,,
PL,C2,2026-06-22,,,
PL,L3,2024-12-17,-5.0,44.5,386.0
PL,L3,2025-05-23,92.4,223.4,789.7
PL,L3,2025-09-05,98.3,279.6,
PL,L3,2026-02-20,102.2,,
PL,L3,2026-04-01,-6.7,,
PL,C3,2024-10-08,66.8,49.1,484.1
PL,C3,2024-10-14,68.3,37.0,465.6
PL,C3,2024-10-18,134.5,47.8,468.5
PL,C3,2024-10-24,151.9,50.2,454.5
PL,C3,2024-10-30,171.1,51.5,385.5
PL,C3,2024-11-05,166.8,67.7,408.2
PL,C3,2024-12-18,-1.0,57.6,452.7
PL,C3,2024-12-24,-17.1,65.0,448.6
PL,C3,2024-12-31,-19.3,52.0,600.0
PL,C3,2025-05-29,68.8,204.8,767.3
PL,C3,2025-06-04,142.1,221.8,607.3
PL,C3,2025-06-10,75.0,222.9,370.5
PL,C3,2025-06-16,98.7,259.2,520.4
PL,C3,2025-06-23,125.1,265.3,440.8
PL,C3,2025-06-27,113.8,236.2,327.7
PL,C3,2025-07-03,122.5,227.6,228.0
PL,C3,2025-07-10,122.7,305.0,
PL,C3,2025-07-16,105.1,309.0,
PL,C3,2025-07-22,89.4,325.3,
PL,C3,2025-09-08,32.9,154.7,
PL,C3,2025-09-12,84.6,245.9,
PL,C3,2025-09-18,80.8,205.4,
PL,C3,2025-09-24,62.3,157.4,
PL,C3,2025-09-30,57.2,181.6,
PL,C3,2025-10-06,47.2,122.6,
PL,C3,2025-10-10,81.8,155.1,
PL,C3,2025-10-16,99.4,167.9,
PL,C3,2025-10-22,124.6,195.8,
PL,C3,2025-10-28,78.0,209.1,
PL,C3,2025-11-03,68.8,208.4,
PL,C3,2025-11-07,66.3,224.8,
PL,C3,2025-11-13,120.1,288.7,
PL,C3,2026-02-25,107.6,,
PL,C3,2026-03-03,72.1,,
PL,C3,2026-03-09,19.0,,
PL,C3,2026-04-02,-22.7,,
PL,C3,2026-04-09,-25.3,,
PL,C3,2026-04-15,,,
PL,C3,2026-04-21,,,
PL,C3,2026-04-27,,,
PL,C3,2026-05-01,,,
PL,C3,2026-05-07,,,
PL,C3,2026-05-13,,,
PL,C3,2026-05-19,,,
PL,C3,2026-05-26,,,
PL,C3,2026-06-01,,,
PL,C3,2026-06-05,,,
PL,C3,2026-06-11,,,
PL,C3,2026-06-17,,,
PL,C3,2026-06-24,,,
PL,C3,2026-06-30,,,
IRDM,L2,2017-11-27,-8.4,27.1,90.3
IRDM,L2,2019-07-08,-6.4,1.6,9.1
IRDM,L2,2019-10-14,11.1,-1.2,15.6
IRDM,L2,2021-03-15,1.3,15.8,5.3
IRDM,C2,2017-08-14,13.4,24.9,102.5
IRDM,C2,2017-09-11,11.2,14.4,100.0
IRDM,C2,2017-12-11,2.8,53.0,79.0
IRDM,C2,2018-01-08,-3.5,44.5,66.6
IRDM,C2,2018-02-05,2.6,69.7,66.0
IRDM,C2,2018-03-05,36.6,84.9,94.7
IRDM,C2,2018-04-02,46.2,77.5,136.8
IRDM,C2,2018-04-30,63.4,80.1,136.2
IRDM,C2,2018-05-28,27.0,49.7,34.4
IRDM,C2,2018-06-25,39.8,16.1,44.5
IRDM,C2,2018-07-23,3.1,4.2,44.8
IRDM,C2,2018-08-20,8.0,3.5,9.1
IRDM,C2,2018-09-17,-14.4,31.7,10.8
IRDM,C2,2018-10-15,0.6,34.8,23.8
IRDM,C2,2018-11-12,-2.9,10.1,11.7
IRDM,C2,2018-12-10,24.4,14.2,18.6
IRDM,C2,2019-01-07,30.8,15.6,17.4
IRDM,C2,2019-07-22,-5.8,-1.8,2.3
IRDM,C2,2019-08-19,8.9,32.7,22.8
IRDM,C2,2019-11-04,13.9,-9.9,15.9
IRDM,C2,2020-04-13,9.8,17.0,70.3
IRDM,C2,2020-08-17,14.3,69.6,43.3
IRDM,C2,2021-03-22,9.9,13.0,6.7
IRDM,C2,2021-04-19,8.5,7.6,-0.7
IRDM,C2,2021-10-25,-13.6,-11.9,24.8
IRDM,C2,2021-11-22,2.8,1.7,37.7
IRDM,C2,2023-01-02,1.9,0.9,-35.1
IRDM,C2,2023-01-30,7.7,-16.3,-40.2
IRDM,C2,2023-02-27,0.3,-20.5,-52.0
IRDM,C2,2023-03-27,0.5,-26.2,-57.2
IRDM,C2,2023-04-24,-14.6,-42.9,-49.9
IRDM,C2,2023-05-22,-20.7,-37.6,-49.7
IRDM,C2,2023-06-19,-21.5,-33.7,-58.7
IRDM,C2,2023-07-17,-36.7,-38.5,-57.0
IRDM,C2,2023-08-14,-22.5,-37.1,-43.0
IRDM,C2,2024-12-16,-4.9,-1.7,-40.1
IRDM,L3,2017-09-08,22.8,17.3,105.6
IRDM,L3,2018-02-05,-0.8,66.8,80.7
IRDM,L3,2018-05-03,69.5,76.1,110.6
IRDM,L3,2018-07-06,16.4,23.7,38.7
IRDM,L3,2018-09-28,-19.5,23.7,1.8
IRDM,L3,2018-12-12,21.6,8.8,16.8
IRDM,L3,2019-07-17,1.0,9.7,19.5
IRDM,L3,2021-04-01,-1.9,-6.6,-1.0
IRDM,L3,2021-11-12,-15.4,-14.7,24.7
IRDM,L3,2023-01-23,5.2,-11.8,-42.8
IRDM,L3,2023-03-20,-0.2,-21.5,-57.9
IRDM,L3,2023-05-05,-22.0,-41.8,-50.3
IRDM,L3,2025-01-03,-17.7,5.5,-34.8
IRDM,C3,2017-09-11,24.4,15.7,103.6
IRDM,C3,2018-02-06,-0.8,62.5,84.4
IRDM,C3,2018-02-12,0.9,76.2,84.1
IRDM,C3,2018-05-04,73.7,87.8,106.9
IRDM,C3,2018-05-10,63.9,67.7,89.4
IRDM,C3,2018-07-12,5.5,7.2,38.8
IRDM,C3,2018-07-18,11.6,3.8,42.1
IRDM,C3,2018-07-24,2.5,7.1,26.4
IRDM,C3,2018-07-30,6.4,6.7,26.2
IRDM,C3,2018-08-03,8.0,3.7,17.8
IRDM,C3,2018-08-09,2.0,4.0,15.5
IRDM,C3,2018-08-15,5.1,9.3,20.4
IRDM,C3,2018-08-21,5.4,2.1,15.1
IRDM,C3,2018-08-27,22.8,14.2,28.1
IRDM,C3,2018-08-31,11.7,14.6,24.5
IRDM,C3,2018-09-07,-1.2,21.7,3.5
IRDM,C3,2018-09-13,-5.1,30.4,9.1
IRDM,C3,2018-10-03,-13.5,24.0,5.9
IRDM,C3,2018-10-09,-1.4,28.0,17.4
IRDM,C3,2018-10-15,2.0,37.2,29.8
IRDM,C3,2018-12-14,33.4,15.9,25.0
IRDM,C3,2018-12-20,41.3,28.2,37.1
IRDM,C3,2018-12-27,44.0,30.5,34.1
IRDM,C3,2019-07-19,2.2,7.7,16.7
IRDM,C3,2019-07-25,-3.3,1.3,13.7
IRDM,C3,2019-07-31,-3.8,11.7,14.1
IRDM,C3,2019-08-06,10.2,36.5,26.7
IRDM,C3,2020-03-17,19.6,16.3,72.6
IRDM,C3,2020-03-23,26.2,23.9,105.3
IRDM,C3,2020-07-29,-6.5,81.8,51.3
IRDM,C3,2020-08-04,-4.5,66.0,40.7
IRDM,C3,2020-08-10,1.9,65.9,35.4
IRDM,C3,2020-08-14,9.9,54.1,36.7
IRDM,C3,2020-08-20,13.2,35.8,62.8
IRDM,C3,2020-08-26,15.3,30.5,64.8
IRDM,C3,2020-09-01,15.9,40.1,55.7
IRDM,C3,2020-09-08,22.0,42.4,54.1
IRDM,C3,2021-04-07,-1.3,-7.6,-0.9
IRDM,C3,2021-04-13,-10.5,-5.2,-9.6
IRDM,C3,2021-04-19,8.0,7.2,-3.9
IRDM,C3,2021-04-23,5.7,6.1,-1.7
IRDM,C3,2021-10-13,-2.9,7.2,25.3
IRDM,C3,2021-11-16,-10.1,-12.6,24.2
IRDM,C3,2021-11-22,1.3,-3.9,31.1
IRDM,C3,2021-11-29,0.8,-3.6,29.9
IRDM,C3,2021-12-03,3.3,-6.9,29.8
IRDM,C3,2023-01-25,7.3,-13.8,-42.7
IRDM,C3,2023-01-31,7.7,-16.9,-42.5
IRDM,C3,2023-02-06,7.1,-14.7,-50.4
IRDM,C3,2023-03-23,2.6,-23.6,-57.2
IRDM,C3,2023-05-09,-19.2,-43.5,-50.0
IRDM,C3,2025-01-10,-14.1,14.4,-24.8
LDOS,L2,2021-09-06,-9.1,5.7,-0.1
LDOS,L2,2025-01-20,0.4,12.8,32.7
LDOS,C2,2017-08-14,11.0,21.3,32.3
LDOS,C2,2017-09-11,15.1,21.2,28.7
LDOS,C2,2017-10-09,7.3,4.9,5.7
LDOS,C2,2017-11-06,1.7,3.3,7.5
LDOS,C2,2017-12-04,8.8,-3.5,-6.4
LDOS,C2,2018-01-01,0.7,-6.1,-15.9
LDOS,C2,2018-01-29,-8.8,6.1,-8.9
LDOS,C2,2018-02-26,-6.0,10.0,2.0
LDOS,C2,2018-03-26,-9.3,6.8,0.0
LDOS,C2,2018-04-23,4.6,-6.0,3.2
LDOS,C2,2018-05-21,17.1,5.4,29.2
LDOS,C2,2018-08-20,-10.0,-7.2,21.1
LDOS,C2,2018-09-17,-25.9,-8.7,26.1
LDOS,C2,2018-10-15,-15.4,-2.4,23.1
LDOS,C2,2018-11-12,-1.5,18.7,43.4
LDOS,C2,2019-09-16,14.0,-15.4,5.9
LDOS,C2,2019-10-14,27.1,22.6,9.2
LDOS,C2,2019-11-11,24.4,7.2,9.8
LDOS,C2,2019-12-09,-1.3,8.5,16.1
LDOS,C2,2020-01-06,-5.1,-12.3,5.1
LDOS,C2,2020-02-03,-6.4,-14.7,-1.6
LDOS,C2,2020-03-02,0.7,-15.6,-12.9
LDOS,C2,2020-03-30,6.8,3.5,11.2
LDOS,C2,2021-04-05,4.5,-1.1,8.8
LDOS,C2,2021-05-03,-9.0,-8.4,0.7
LDOS,C2,2021-05-31,-4.7,-14.4,2.9
LDOS,C2,2021-06-28,-4.7,-12.6,1.4
LDOS,C2,2021-09-20,-7.4,15.4,-5.0
LDOS,C2,2022-09-26,20.7,6.0,7.0
LDOS,C2,2023-12-04,19.1,34.4,52.1
LDOS,C2,2024-01-01,18.7,34.6,36.8
LDOS,C2,2024-01-29,28.1,31.8,29.4
LDOS,C2,2024-02-26,15.7,25.1,3.1
LDOS,C2,2024-03-25,11.6,22.5,3.4
LDOS,C2,2024-04-22,15.2,30.1,13.0
LDOS,C2,2024-05-20,2.8,10.1,2.0
LDOS,C2,2024-06-17,7.4,-0.7,2.4
LDOS,C2,2024-07-15,13.3,4.0,9.6
LDOS,C2,2024-08-12,8.8,-10.2,21.3
LDOS,C2,2025-01-27,5.1,12.7,33.9
LDOS,C2,2025-12-22,-16.1,-44.9,
LDOS,C2,2026-01-19,-23.4,,
LDOS,L3,2017-12-01,9.5,-0.2,-6.2
LDOS,L3,2018-03-20,-13.8,1.6,-3.9
LDOS,L3,2018-04-25,5.0,-4.7,15.5
LDOS,L3,2018-08-31,-16.3,-10.0,24.8
LDOS,L3,2019-09-17,10.8,-8.8,7.2
LDOS,L3,2019-11-26,21.0,17.7,16.3
LDOS,L3,2020-04-09,-9.4,-6.6,7.6
LDOS,L3,2021-04-23,6.4,-1.0,5.6
LDOS,L3,2023-11-10,18.4,45.2,61.7
LDOS,L3,2024-01-17,15.5,39.1,32.4
LDOS,L3,2024-06-25,7.1,-3.0,11.1
LDOS,L3,2024-07-30,27.6,-2.7,26.0
LDOS,C3,2017-08-15,8.5,15.0,26.3
LDOS,C3,2017-08-21,11.7,19.2,30.6
LDOS,C3,2017-08-25,13.0,19.3,27.6
LDOS,C3,2017-08-31,9.4,20.3,24.1
LDOS,C3,2017-09-07,11.8,19.7,21.6
LDOS,C3,2017-09-13,12.4,20.0,23.5
LDOS,C3,2017-09-19,12.6,12.2,19.2
LDOS,C3,2017-09-25,10.9,12.6,17.5
LDOS,C3,2017-09-29,8.5,10.4,11.5
LDOS,C3,2017-10-05,8.2,7.0,12.2
LDOS,C3,2017-10-11,7.5,8.5,9.0
LDOS,C3,2017-10-17,9.1,7.0,2.0
LDOS,C3,2017-10-23,7.8,3.7,3.0
LDOS,C3,2017-10-27,9.5,-1.5,7.6
LDOS,C3,2017-11-02,2.9,1.7,2.7
LDOS,C3,2017-11-08,4.4,-1.4,2.3
LDOS,C3,2017-11-14,8.4,-0.3,4.2
LDOS,C3,2017-11-20,8.3,-0.8,3.5
LDOS,C3,2017-12-06,11.2,-1.5,-10.8
LDOS,C3,2017-12-12,5.7,-7.7,-16.3
LDOS,C3,2017-12-18,0.2,-7.6,-18.6
LDOS,C3,2017-12-22,0.7,-8.1,-15.7
LDOS,C3,2017-12-29,3.4,-4.1,-12.6
LDOS,C3,2018-01-05,1.0,-2.6,-10.4
LDOS,C3,2018-01-11,-0.4,-4.1,-13.7
LDOS,C3,2018-01-18,0.3,-2.9,-10.8
LDOS,C3,2018-01-24,0.4,4.9,-4.8
LDOS,C3,2018-01-30,-9.2,5.5,-5.1
LDOS,C3,2018-02-05,-0.5,12.9,0.7
LDOS,C3,2018-02-09,-1.3,14.2,5.3
LDOS,C3,2018-02-15,-6.7,9.0,0.3
LDOS,C3,2018-03-26,-10.3,6.4,0.8
LDOS,C3,2018-04-02,-8.2,5.4,2.8
LDOS,C3,2018-04-06,-5.0,2.8,2.7
LDOS,C3,2018-04-26,3.5,-2.9,16.7
LDOS,C3,2018-05-02,12.8,1.8,23.4
LDOS,C3,2018-05-08,15.4,7.0,27.3
LDOS,C3,2018-09-06,-15.8,-10.1,26.0
LDOS,C3,2018-09-12,-17.9,-7.8,26.9
LDOS,C3,2018-09-18,-23.2,-9.0,23.0
LDOS,C3,2019-09-18,10.3,-0.9,5.0
LDOS,C3,2019-09-24,15.0,7.4,6.0
LDOS,C3,2019-12-02,18.1,18.5,19.1
LDOS,C3,2019-12-06,-5.0,10.0,17.7
LDOS,C3,2019-12-12,-14.1,7.2,16.8
LDOS,C3,2019-12-18,-17.7,-2.4,10.3
LDOS,C3,2019-12-24,-4.3,-4.1,7.6
LDOS,C3,2019-12-31,-9.8,-9.4,9.2
LDOS,C3,2020-01-07,-4.2,-13.2,10.7
LDOS,C3,2020-01-13,-7.8,-11.7,13.0
LDOS,C3,2020-01-17,-5.2,-11.3,4.1
LDOS,C3,2020-01-24,1.1,-8.4,7.1
LDOS,C3,2020-01-30,-3.2,-11.9,8.2
LDOS,C3,2020-02-05,-3.3,-9.4,0.4
LDOS,C3,2020-02-11,-14.2,-17.1,-15.4
LDOS,C3,2020-02-18,-19.4,-27.1,-23.9
LDOS,C3,2020-02-24,-9.4,-18.9,-19.1
LDOS,C3,2020-02-28,2.2,-10.1,-6.5
LDOS,C3,2020-03-05,-0.6,-18.4,-7.9
LDOS,C3,2020-03-11,1.7,-8.4,-2.1
LDOS,C3,2020-03-17,22.5,9.5,22.4
LDOS,C3,2020-03-23,32.1,30.8,43.1
LDOS,C3,2020-03-27,0.6,-2.5,9.3
LDOS,C3,2021-04-27,7.0,0.4,4.4
LDOS,C3,2021-05-03,-8.6,-8.0,-1.6
LDOS,C3,2021-05-07,-8.8,-9.0,-0.8
LDOS,C3,2021-05-13,-5.1,-8.6,0.0
LDOS,C3,2021-05-19,-5.4,-7.9,3.8
LDOS,C3,2021-05-25,-4.1,-10.9,5.0
LDOS,C3,2021-06-01,-5.0,-13.6,-1.0
LDOS,C3,2021-06-07,-5.0,-14.6,-7.0
LDOS,C3,2021-06-11,-10.9,-17.0,-7.1
LDOS,C3,2021-06-17,-12.6,-17.8,-4.8
LDOS,C3,2021-06-23,-8.2,-14.1,-0.7
LDOS,C3,2021-06-29,-4.4,-9.9,0.4
LDOS,C3,2021-07-06,-4.0,-9.0,-2.0
LDOS,C3,2021-07-12,-6.2,-11.3,-2.0
LDOS,C3,2023-11-16,19.6,45.3,59.9
LDOS,C3,2023-11-22,19.4,39.2,55.8
LDOS,C3,2023-11-29,22.1,36.7,46.2
LDOS,C3,2023-12-05,16.1,32.3,38.4
LDOS,C3,2023-12-11,18.9,34.0,36.0
LDOS,C3,2023-12-15,20.4,38.7,34.6
LDOS,C3,2024-01-18,15.2,39.3,30.8
LDOS,C3,2024-01-24,18.7,31.8,29.2
LDOS,C3,2024-01-30,28.2,29.1,23.9
LDOS,C3,2024-02-05,31.8,31.4,20.0
LDOS,C3,2024-02-09,29.5,31.1,16.4
LDOS,C3,2024-02-15,22.7,26.1,6.9
LDOS,C3,2024-02-22,21.5,26.0,12.8
LDOS,C3,2024-02-28,16.5,24.0,6.1
LDOS,C3,2024-03-05,11.9,19.8,8.7
LDOS,C3,2024-03-11,14.0,22.6,8.6
LDOS,C3,2024-03-15,12.8,23.4,6.6
LDOS,C3,2024-03-21,15.1,23.3,4.2
LDOS,C3,2024-03-27,11.8,27.2,8.1
LDOS,C3,2024-04-03,13.1,29.8,9.6
LDOS,C3,2024-04-09,18.3,33.4,12.9
LDOS,C3,2024-04-15,21.1,36.4,19.4
LDOS,C3,2024-04-19,20.5,35.8,19.7
LDOS,C3,2024-06-27,11.0,-2.1,12.4
LDOS,C3,2024-08-02,28.5,-1.3,23.8
LDOS,C3,2024-08-08,37.8,-7.9,27.2
BAH,L2,2018-02-19,8.5,31.8,42.8
BAH,L2,2018-04-30,20.6,21.3,53.2
BAH,L2,2019-11-25,-1.6,10.1,23.0
BAH,L2,2020-03-02,5.6,12.2,2.2
BAH,L2,2020-06-15,6.5,13.4,10.2
BAH,C2,2017-10-02,2.3,4.1,33.8
BAH,C2,2017-10-30,1.9,5.2,27.6
BAH,C2,2018-03-05,12.7,32.5,36.7
BAH,C2,2018-05-28,15.1,15.8,43.2
BAH,C2,2018-06-25,13.9,3.7,53.8
BAH,C2,2018-07-23,2.8,6.5,53.6
BAH,C2,2018-08-20,1.8,8.3,48.1
BAH,C2,2018-09-17,-9.3,16.2,43.7
BAH,C2,2018-10-15,-2.6,17.1,44.8
BAH,C2,2018-11-12,2.5,16.5,41.8
BAH,C2,2018-12-10,15.7,33.7,45.8
BAH,C2,2019-01-07,26.0,48.5,66.6
BAH,C2,2020-03-16,38.2,47.2,39.8
BAH,C2,2020-04-13,-6.1,7.3,11.3
BAH,C2,2020-07-06,8.2,22.5,19.8
BAH,C2,2020-08-03,2.7,-2.3,-1.9
BAH,C2,2020-08-31,4.4,-9.0,-0.5
BAH,C2,2020-09-28,5.6,-0.6,-0.8
BAH,C2,2020-10-26,8.9,6.5,12.5
BAH,C2,2020-11-23,-12.1,-3.2,-1.6
BAH,C2,2020-12-21,-8.3,1.0,-3.3
BAH,C2,2021-01-18,-12.7,-5.7,-9.4
BAH,C2,2021-02-15,6.2,5.4,-5.5
BAH,C2,2021-03-15,9.0,1.1,10.7
BAH,C2,2021-04-12,6.1,-3.5,5.6
BAH,C2,2021-06-28,-6.4,-1.4,9.1
BAH,C2,2021-07-26,1.7,-11.5,14.1
BAH,C2,2021-08-23,4.7,-5.5,21.0
BAH,C2,2022-07-18,7.7,0.3,25.1
BAH,C2,2022-08-15,8.8,-1.2,16.9
BAH,C2,2022-09-12,9.5,-6.3,19.0
BAH,C2,2022-10-10,1.1,3.7,37.9
BAH,C2,2022-11-07,-5.9,-9.6,23.6
BAH,C2,2022-12-05,-13.2,-0.8,21.6
BAH,C2,2023-01-02,-6.6,9.9,22.3
BAH,C2,2023-01-30,-3.4,27.9,49.6
BAH,C2,2023-02-27,7.5,20.0,56.1
BAH,C2,2023-03-27,20.9,18.9,62.7
BAH,C2,2023-10-02,4.0,23.8,36.5
BAH,C2,2023-10-30,16.2,20.6,49.5
BAH,C2,2023-11-27,16.0,19.2,17.2
BAH,C2,2023-12-25,16.5,21.2,2.8
BAH,C2,2024-01-22,-0.5,-3.8,-7.6
BAH,C2,2024-02-19,6.4,4.8,-23.5
BAH,C2,2024-03-18,5.3,7.7,-28.4
BAH,C2,2024-04-15,10.2,16.1,-18.8
BAH,C2,2024-05-13,-2.4,-0.9,-14.2
BAH,C2,2024-06-10,4.7,-10.0,-30.2
BAH,C2,2024-07-08,2.0,-15.7,-31.2
BAH,C2,2024-08-05,24.7,-12.7,-23.9
BAH,L3,2017-10-10,4.5,9.5,33.1
BAH,L3,2018-03-08,14.2,33.2,48.9
BAH,L3,2018-05-10,20.9,28.5,54.2
BAH,L3,2018-08-06,1.4,11.9,54.3
BAH,L3,2020-06-22,5.3,10.1,10.3
BAH,L3,2020-09-15,8.5,-3.8,-3.6
BAH,L3,2020-12-07,-11.0,-0.1,-5.9
BAH,L3,2020-12-24,-7.4,0.2,1.3
BAH,L3,2021-04-12,7.5,-2.0,10.3
BAH,L3,2021-07-08,-8.0,-1.3,7.5
BAH,L3,2022-06-27,5.8,18.9,30.5
BAH,L3,2022-10-20,-2.0,-3.0,25.5
BAH,L3,2022-12-09,-13.2,5.5,23.2
BAH,L3,2023-03-02,7.2,18.1,53.2
BAH,L3,2023-11-03,18.0,24.3,23.6
BAH,L3,2024-02-28,3.3,7.2,-23.3
BAH,L3,2024-05-21,1.2,-3.4,-32.7
BAH,L3,2024-07-10,2.6,-12.0,-24.8
BAH,C3,2017-10-11,6.8,9.8,34.0
BAH,C3,2017-10-17,5.8,6.9,31.8
BAH,C3,2017-10-23,5.8,5.5,28.9
BAH,C3,2017-10-27,6.0,7.7,37.9
BAH,C3,2018-03-12,15.7,34.7,46.4
BAH,C3,2018-05-16,21.5,27.3,54.5
BAH,C3,2018-05-22,21.7,26.5,60.1
BAH,C3,2018-05-29,17.1,17.9,49.9
BAH,C3,2018-06-04,15.0,8.3,46.6
BAH,C3,2018-06-08,16.6,14.1,50.9
BAH,C3,2018-06-14,14.7,4.6,47.9
BAH,C3,2018-06-20,9.2,-0.3,50.5
BAH,C3,2018-06-26,13.7,1.6,57.7
BAH,C3,2018-07-02,11.4,3.7,55.9
BAH,C3,2018-08-08,3.7,9.4,55.3
BAH,C3,2018-08-14,4.1,9.6,51.4
BAH,C3,2018-08-20,2.7,6.6,53.5
BAH,C3,2018-08-24,1.6,6.4,48.5
BAH,C3,2018-08-30,0.2,8.9,37.9
BAH,C3,2018-09-06,-5.7,9.2,40.8
BAH,C3,2018-09-12,-4.9,11.8,38.9
BAH,C3,2018-09-18,-9.4,12.2,37.9
BAH,C3,2018-09-24,-9.4,17.9,44.1
BAH,C3,2018-09-28,-11.1,18.5,46.2
BAH,C3,2018-10-04,-7.4,19.5,45.4
BAH,C3,2018-10-10,-2.6,19.4,42.7
BAH,C3,2018-10-16,-4.1,20.1,43.9
BAH,C3,2020-06-24,10.3,13.8,17.1
BAH,C3,2020-06-30,7.1,12.2,16.0
BAH,C3,2020-09-17,6.3,-4.5,-4.7
BAH,C3,2020-09-23,4.6,-3.2,-3.2
BAH,C3,2020-09-29,3.9,-1.6,-3.0
BAH,C3,2021-04-14,8.5,-1.5,7.5
BAH,C3,2021-07-09,-9.1,-2.6,7.1
BAH,C3,2021-07-15,-9.0,-1.7,7.5
BAH,C3,2021-07-21,-6.0,-3.0,10.3
BAH,C3,2021-07-27,-10.8,-13.8,7.2
BAH,C3,2021-08-02,2.8,-9.8,14.5
BAH,C3,2021-08-06,7.8,-7.2,24.1
BAH,C3,2021-08-12,11.2,-8.0,23.7
BAH,C3,2021-08-18,9.1,-11.0,21.8
BAH,C3,2021-08-24,7.8,2.8,20.1
BAH,C3,2022-06-30,6.7,14.3,27.7
BAH,C3,2022-07-07,5.7,5.8,28.1
BAH,C3,2022-07-13,7.3,5.6,31.9
BAH,C3,2022-07-19,6.9,4.7,35.5
BAH,C3,2022-07-25,7.2,-0.8,32.1
BAH,C3,2022-07-29,13.9,1.8,28.0
BAH,C3,2022-08-04,12.9,1.9,23.6
BAH,C3,2022-08-10,16.3,1.7,20.9
BAH,C3,2022-08-16,9.3,-0.6,18.7
BAH,C3,2022-08-22,10.1,-2.5,19.1
BAH,C3,2022-08-26,9.9,0.3,18.4
BAH,C3,2022-09-01,12.2,-5.1,17.8
BAH,C3,2022-09-08,9.5,-4.9,14.0
BAH,C3,2022-09-14,10.1,-4.3,17.4
BAH,C3,2022-10-24,-7.4,-7.0,25.1
BAH,C3,2022-10-28,-11.8,-15.1,18.0
BAH,C3,2022-11-03,-11.0,-13.8,20.1
BAH,C3,2022-11-09,-12.9,-14.3,18.4
BAH,C3,2022-11-15,-6.5,-11.7,21.4
BAH,C3,2022-11-21,-10.6,-5.8,21.4
BAH,C3,2022-11-28,-9.8,-3.4,19.9
BAH,C3,2022-12-15,-13.1,5.4,24.8
BAH,C3,2022-12-21,-12.3,7.3,20.0
BAH,C3,2022-12-28,-8.0,9.0,24.0
BAH,C3,2023-03-07,8.9,19.5,55.4
BAH,C3,2023-11-06,19.5,21.4,15.7
BAH,C3,2023-11-10,16.2,23.1,20.5
BAH,C3,2023-11-16,15.8,24.4,17.5
BAH,C3,2023-11-22,16.0,19.9,13.5
BAH,C3,2023-11-29,20.3,22.8,9.9
BAH,C3,2023-12-05,13.3,19.1,7.5
BAH,C3,2023-12-11,14.7,22.3,4.9
BAH,C3,2023-12-15,19.0,26.8,4.1
BAH,C3,2024-03-01,2.5,3.4,-21.0
BAH,C3,2024-03-07,2.3,5.0,-28.8
BAH,C3,2024-03-13,3.3,6.5,-26.5
BAH,C3,2024-03-19,6.3,10.0,-21.7
BAH,C3,2024-03-25,7.3,12.1,-25.9
BAH,C3,2024-04-01,4.0,8.6,-23.7
BAH,C3,2024-05-22,1.0,-2.2,-31.7
BAH,C3,2024-05-29,3.5,-4.5,-32.5
BAH,C3,2024-06-04,0.8,-6.3,-31.5
BAH,C3,2024-06-10,2.6,-10.5,-31.9
BAH,C3,2024-07-12,3.2,-13.4,-31.1
BAH,C3,2024-07-18,5.0,-14.3,-28.8
BAH,C3,2024-07-24,8.5,-15.8,-26.9
BAH,C3,2024-07-30,32.6,-6.2,-18.2
CACI,L2,2017-12-18,9.4,28.2,5.8
CACI,L2,2021-09-13,2.8,16.8,10.7
CACI,L2,2022-09-05,7.1,0.2,13.2
CACI,L2,2023-02-20,-0.2,9.4,24.2
CACI,L2,2023-06-26,-7.9,-5.0,26.2
CACI,L2,2024-06-10,12.4,-3.3,6.3
CACI,C2,2017-12-25,14.4,27.4,8.8
CACI,C2,2018-01-22,8.3,24.4,11.2
CACI,C2,2018-02-19,7.9,27.7,21.3
CACI,C2,2018-03-19,17.2,27.0,22.8
CACI,C2,2018-04-16,13.0,13.4,17.3
CACI,C2,2018-05-14,13.9,9.8,24.0
CACI,C2,2018-06-11,16.9,-5.0,21.0
CACI,C2,2018-07-09,-0.8,-16.1,19.7
CACI,C2,2018-08-06,0.8,-2.6,17.3
CACI,C2,2018-09-03,-19.9,-8.6,15.7
CACI,C2,2018-10-01,-21.8,-0.3,23.5
CACI,C2,2018-10-29,-2.4,18.6,30.1
CACI,C2,2018-11-26,11.8,23.4,45.1
CACI,C2,2018-12-24,26.5,42.1,74.2
CACI,C2,2019-10-14,20.0,8.1,-4.4
CACI,C2,2019-11-11,18.9,0.6,2.0
CACI,C2,2019-12-09,-8.7,0.5,1.1
CACI,C2,2020-01-06,-12.6,-24.1,-9.4
CACI,C2,2020-02-03,-9.1,-22.5,-12.7
CACI,C2,2020-03-02,5.2,-6.1,-9.6
CACI,C2,2020-03-30,9.2,7.3,23.7
CACI,C2,2021-03-15,5.4,2.1,19.3
CACI,C2,2021-09-27,1.5,14.8,-1.5
CACI,C2,2021-10-25,-14.8,-7.8,5.4
CACI,C2,2021-11-22,-0.7,6.3,16.1
CACI,C2,2021-12-20,15.8,3.9,12.2
CACI,C2,2022-01-17,5.5,5.6,5.5
CACI,C2,2022-02-14,3.2,12.5,19.4
CACI,C2,2022-09-12,7.9,-0.1,13.6
CACI,C2,2023-02-27,4.2,12.0,25.0
CACI,C2,2023-03-27,15.0,6.0,27.9
CACI,C2,2023-07-10,-2.6,-4.3,26.5
CACI,C2,2023-08-07,-5.2,4.9,34.5
CACI,C2,2023-09-04,1.6,17.8,47.0
CACI,C2,2023-10-02,2.6,18.8,62.4
CACI,C2,2023-10-30,6.5,26.9,69.2
CACI,C2,2024-06-24,16.2,-5.6,7.7
CACI,C2,2024-07-22,21.9,-9.5,6.9
CACI,C2,2024-08-19,-1.3,-31.2,1.4
CACI,C2,2024-09-16,-18.0,-25.5,1.6
CACI,C2,2024-10-14,-14.9,-20.9,-2.9
CACI,C2,2024-11-11,-28.1,1.8,25.5
CACI,C2,2024-12-09,-8.9,9.9,39.7
CACI,C2,2025-01-06,-4.3,11.6,38.9
CACI,C2,2025-08-04,19.1,25.0,
CACI,C2,2025-09-01,25.5,29.8,
CACI,C2,2025-09-29,1.4,8.6,
CACI,C2,2025-10-27,10.4,-8.7,
CACI,C2,2025-11-24,-1.1,-16.8,
CACI,C2,2025-12-22,4.0,-16.2,
CACI,C2,2026-01-19,-22.0,,
CACI,C2,2026-02-16,-14.4,,
CACI,C2,2026-03-16,-23.1,,
CACI,C2,2026-04-13,-12.4,,
CACI,C2,2026-05-11,,,
CACI,L3,2018-01-05,12.1,30.0,13.0
CACI,L3,2018-03-23,14.9,25.6,25.6
CACI,L3,2018-05-09,12.1,12.3,29.9
CACI,L3,2019-09-18,9.3,-10.0,-5.1
CACI,L3,2019-12-10,-20.1,4.3,3.6
CACI,L3,2021-04-05,0.9,5.4,16.3
CACI,L3,2021-11-11,-10.7,-6.5,8.2
CACI,L3,2022-09-28,12.3,11.3,26.7
CACI,L3,2023-07-27,-7.8,0.2,33.4
CACI,L3,2024-07-12,20.2,3.0,5.5
CACI,L3,2024-12-30,-4.0,19.3,52.0
CACI,L3,2025-08-20,22.3,22.7,
CACI,L3,2025-10-02,7.8,3.0,
CACI,C3,2018-01-08,12.0,28.8,11.5
CACI,C3,2018-01-12,15.9,30.7,13.7
CACI,C3,2018-01-19,12.4,26.8,20.7
CACI,C3,2018-01-25,8.7,26.2,26.4
CACI,C3,2018-01-31,10.9,28.1,25.9
CACI,C3,2018-02-06,12.9,25.5,27.3
CACI,C3,2018-02-12,9.8,25.5,20.4
CACI,C3,2018-02-16,8.7,27.9,21.8
CACI,C3,2018-02-23,8.2,28.5,18.4
CACI,C3,2018-03-01,11.9,32.7,24.0
CACI,C3,2018-05-11,10.7,7.9,25.4
CACI,C3,2018-05-17,15.1,6.3,23.9
CACI,C3,2018-05-23,18.4,4.3,26.4
CACI,C3,2018-05-30,16.1,-1.9,21.6
CACI,C3,2018-06-05,16.4,-5.5,21.0
CACI,C3,2018-06-11,15.0,-5.9,19.5
CACI,C3,2018-06-15,15.7,-12.0,22.1
CACI,C3,2018-06-21,9.1,-17.2,24.3
CACI,C3,2018-06-27,9.2,-16.5,23.9
CACI,C3,2018-07-03,5.4,-14.1,21.9
CACI,C3,2018-07-10,2.8,-14.8,21.1
CACI,C3,2018-07-16,3.1,-13.4,21.6
CACI,C3,2018-07-20,1.6,-13.0,17.7
CACI,C3,2018-07-26,-2.2,-4.8,21.6
CACI,C3,2018-08-01,-1.4,0.1,18.1
CACI,C3,2018-08-07,1.3,-1.7,18.1
CACI,C3,2018-08-13,0.3,1.4,18.5
CACI,C3,2018-08-17,-6.0,-4.1,18.7
CACI,C3,2018-08-23,-7.8,-4.8,18.2
CACI,C3,2018-08-29,-15.3,-7.9,10.8
CACI,C3,2018-09-05,-20.8,-6.6,14.0
CACI,C3,2018-09-11,-17.1,-6.6,16.4
CACI,C3,2019-09-19,11.7,-3.1,-4.9
CACI,C3,2019-09-25,8.4,-11.7,-8.1
CACI,C3,2019-10-01,13.2,-2.8,-4.2
CACI,C3,2019-10-07,14.5,3.9,-6.1
CACI,C3,2019-10-11,16.5,3.8,-7.7
CACI,C3,2019-10-17,18.8,7.3,-12.3
CACI,C3,2019-12-16,-23.8,-3.6,3.0
CACI,C3,2019-12-20,-13.3,-12.5,-3.7
CACI,C3,2019-12-27,-18.5,-15.9,-4.9
CACI,C3,2020-01-03,-14.1,-22.0,-5.2
CACI,C3,2020-01-09,-9.2,-25.6,-5.1
CACI,C3,2020-01-15,-10.9,-22.2,-3.2
CACI,C3,2020-01-22,-9.7,-26.2,-10.8
CACI,C3,2020-01-28,-7.1,-21.4,-10.9
CACI,C3,2020-02-03,-9.3,-22.6,-13.1
CACI,C3,2020-02-07,-12.6,-17.3,-13.6
CACI,C3,2020-02-13,-14.0,-17.8,-19.0
CACI,C3,2020-02-20,-12.8,-15.8,-22.1
CACI,C3,2020-02-26,-2.9,-9.3,-13.6
CACI,C3,2020-03-03,4.9,-9.1,-0.4
CACI,C3,2020-03-09,13.8,-0.2,11.2
CACI,C3,2020-03-13,11.7,0.9,12.0
CACI,C3,2020-03-19,30.2,20.1,36.4
CACI,C3,2021-11-12,-9.5,-7.0,10.1
CACI,C3,2021-11-18,-10.0,1.8,14.6
CACI,C3,2021-11-24,3.2,3.7,10.3
CACI,C3,2021-12-01,18.4,10.8,17.0
CACI,C3,2021-12-07,12.3,-0.2,10.7
CACI,C3,2022-10-04,15.5,12.0,25.4
CACI,C3,2022-10-10,12.2,18.8,23.7
CACI,C3,2023-08-02,-8.1,-1.0,30.2
CACI,C3,2023-08-08,-8.9,0.8,31.6
CACI,C3,2023-08-14,-3.5,6.7,38.0
CACI,C3,2023-08-18,-1.0,12.6,49.1
CACI,C3,2023-08-24,-0.6,12.8,42.4
CACI,C3,2024-07-16,18.8,5.0,5.8
CACI,C3,2024-07-22,15.7,-13.3,4.3
CACI,C3,2024-07-26,22.0,-14.3,6.6
CACI,C3,2024-08-01,19.3,-18.9,5.3
CACI,C3,2024-08-07,25.2,-23.3,8.7
CACI,C3,2024-08-13,17.6,-25.9,5.6
CACI,C3,2024-08-19,-4.7,-29.1,0.6
CACI,C3,2024-08-23,-2.2,-25.7,1.0
CACI,C3,2024-08-29,-4.4,-21.2,3.0
CACI,C3,2024-09-05,-5.1,-22.1,4.1
CACI,C3,2024-09-11,-11.8,-21.2,1.5
CACI,C3,2024-09-17,-16.8,-23.1,6.2
CACI,C3,2024-09-23,-17.6,-24.7,7.0
CACI,C3,2024-09-27,-19.2,-22.5,1.6
CACI,C3,2024-10-03,-19.2,-19.4,0.7
CACI,C3,2024-10-09,-14.6,-18.7,13.1
CACI,C3,2024-10-15,-11.8,-13.4,6.6
CACI,C3,2024-10-21,-20.9,-14.0,9.9
CACI,C3,2024-10-25,-29.4,-13.9,8.1
CACI,C3,2024-10-31,-32.1,-13.9,6.9
CACI,C3,2024-11-06,-37.0,-15.1,5.4
CACI,C3,2024-11-12,-39.3,-16.3,8.5
CACI,C3,2024-11-18,-25.8,-4.2,32.3
CACI,C3,2024-11-22,-29.7,-9.3,25.7
CACI,C3,2025-01-02,-5.9,18.6,54.6
CACI,C3,2025-01-08,2.0,16.1,59.2
CACI,C3,2025-08-22,26.8,29.8,
CACI,C3,2025-08-28,27.6,28.4,
CACI,C3,2025-10-08,14.8,0.6,
CACI,C3,2025-10-14,23.5,-0.4,
CACI,C3,2025-10-20,25.7,-3.4,
CACI,C3,2025-10-24,6.4,-12.3,
CACI,C3,2025-10-30,7.4,-14.6,
CACI,C3,2025-11-05,6.3,-14.3,
CACI,C3,2025-11-11,-4.0,-16.2,
CACI,C3,2025-11-17,-2.6,-12.9,
CACI,C3,2025-11-21,1.7,-12.5,
CACI,C3,2025-11-28,-0.7,-15.9,
CACI,C3,2025-12-04,-0.2,-14.2,
CACI,C3,2025-12-10,2.8,-21.8,
CACI,C3,2025-12-16,5.2,-20.9,
CACI,C3,2025-12-22,2.5,-15.1,
CACI,C3,2025-12-29,6.7,-8.5,
CACI,C3,2026-01-05,-1.0,-17.6,
SAIC,L2,2022-06-20,-5.1,16.9,15.5
SAIC,L2,2023-05-08,21.8,14.0,37.9
SAIC,L2,2023-10-30,16.6,19.3,31.9
SAIC,C2,2018-01-15,10.4,12.2,-13.4
SAIC,C2,2018-02-12,20.4,25.0,8.6
SAIC,C2,2018-03-12,3.9,3.3,-4.4
SAIC,C2,2018-04-09,4.0,-13.0,-7.9
SAIC,C2,2018-05-07,-3.7,-19.4,-13.0
SAIC,C2,2018-06-04,2.3,-20.7,-0.7
SAIC,C2,2018-07-02,-8.3,-22.8,7.3
SAIC,C2,2018-07-30,-18.3,-20.0,-1.3
SAIC,C2,2018-08-27,-22.6,-15.4,-0.7
SAIC,C2,2018-09-24,-21.9,-3.7,8.0
SAIC,C2,2018-10-22,-1.3,8.9,17.5
SAIC,C2,2019-06-17,-1.3,3.1,-4.7
SAIC,C2,2019-07-15,-4.2,9.4,-14.2
SAIC,C2,2019-08-12,-0.6,14.0,5.3
SAIC,C2,2019-09-09,0.6,-17.6,-6.9
SAIC,C2,2019-10-07,10.0,-6.6,-3.9
SAIC,C2,2019-11-04,13.2,3.5,2.5
SAIC,C2,2021-01-25,-6.5,-8.3,-13.9
SAIC,C2,2021-02-22,4.8,-0.8,0.0
SAIC,C2,2021-03-22,15.3,8.1,16.5
SAIC,C2,2021-04-19,1.3,6.0,2.5
SAIC,C2,2022-07-18,6.0,9.1,27.5
SAIC,C2,2022-08-15,11.7,13.7,22.4
SAIC,C2,2022-09-12,19.1,10.6,19.5
SAIC,C2,2022-10-10,16.5,19.1,26.7
SAIC,C2,2022-11-07,0.2,-6.8,6.3
SAIC,C2,2022-12-05,-5.8,-3.6,17.1
SAIC,C2,2023-01-02,-0.1,5.0,16.4
SAIC,C2,2023-01-30,-2.6,17.7,25.6
SAIC,C2,2023-02-27,-6.8,9.7,30.6
SAIC,C2,2023-05-22,21.5,20.7,43.3
SAIC,C2,2023-06-19,-1.5,16.0,10.6
SAIC,C2,2023-11-27,17.8,12.9,4.8
SAIC,C2,2023-12-25,5.2,-4.9,-9.6
SAIC,C2,2024-01-22,-0.8,-6.1,-15.8
SAIC,C2,2024-02-19,-0.9,-6.4,-28.9
SAIC,C2,2024-03-18,-7.0,7.7,-15.3
SAIC,C2,2024-04-15,-2.9,18.9,-5.4
SAIC,C2,2024-05-13,-8.3,-10.0,-8.6
SAIC,C2,2024-06-10,20.8,0.2,-6.0
SAIC,L3,2018-01-09,5.8,11.0,-16.4
SAIC,L3,2018-03-19,6.4,4.2,2.4
SAIC,L3,2018-04-12,4.0,-8.6,-8.5
SAIC,L3,2018-07-31,-17.3,-16.1,1.5
SAIC,L3,2019-06-18,-2.3,2.8,-8.7
SAIC,L3,2019-07-17,-2.9,7.9,-9.2
SAIC,L3,2019-09-13,0.5,-37.4,-7.2
SAIC,L3,2021-01-12,-6.8,-6.7,-8.8
SAIC,L3,2022-06-27,-3.8,18.7,24.2
SAIC,L3,2022-08-18,12.6,13.3,25.0
SAIC,L3,2022-10-20,8.4,6.4,15.6
SAIC,L3,2022-12-12,-7.5,-1.0,13.9
SAIC,L3,2023-12-11,11.7,-9.5,-12.1
SAIC,L3,2024-02-05,5.2,-3.3,-17.9
SAIC,L3,2024-06-03,14.2,-0.1,-10.2
SAIC,C3,2018-01-10,7.6,11.7,-15.9
SAIC,C3,2018-01-17,9.5,9.1,-12.1
SAIC,C3,2018-03-20,6.3,2.9,0.1
SAIC,C3,2018-03-26,9.8,8.0,2.2
SAIC,C3,2018-04-17,3.1,-14.5,-9.3
SAIC,C3,2018-04-23,-0.6,-18.8,-9.3
SAIC,C3,2018-04-27,-1.7,-18.7,-9.4
SAIC,C3,2018-05-03,1.1,-16.9,-6.5
SAIC,C3,2018-05-09,-3.1,-21.4,-10.4
SAIC,C3,2018-05-15,-1.0,-20.1,-11.1
SAIC,C3,2018-05-21,6.5,-18.7,-7.7
SAIC,C3,2018-05-25,8.9,-17.0,4.4
SAIC,C3,2018-06-01,4.3,-25.2,-1.0
SAIC,C3,2018-06-07,-6.6,-17.6,1.8
SAIC,C3,2018-08-06,-17.9,-14.6,0.2
SAIC,C3,2018-08-10,-19.0,-9.9,-1.5
SAIC,C3,2018-08-16,-19.3,-12.3,0.8
SAIC,C3,2018-08-22,-23.7,-15.9,1.4
SAIC,C3,2018-08-28,-23.8,-21.0,-7.6
SAIC,C3,2018-09-04,-28.4,-18.7,-5.8
SAIC,C3,2018-09-10,-11.7,-9.8,4.5
SAIC,C3,2018-09-14,-16.0,-9.7,9.4
SAIC,C3,2018-09-20,-24.4,0.2,9.8
SAIC,C3,2018-09-26,-19.7,-5.1,6.5
SAIC,C3,2019-06-24,1.0,4.0,-11.8
SAIC,C3,2019-07-19,-3.6,6.0,-6.8
SAIC,C3,2019-07-25,-6.6,7.2,-3.7
SAIC,C3,2019-07-31,-2.8,8.1,1.8
SAIC,C3,2019-08-06,2.4,19.1,5.8
SAIC,C3,2019-09-19,5.2,-13.9,-4.7
SAIC,C3,2019-09-25,2.9,-17.0,-5.1
SAIC,C3,2019-10-01,4.0,-15.3,-1.7
SAIC,C3,2019-10-07,10.9,-3.9,-1.3
SAIC,C3,2021-01-19,-12.5,-11.6,-17.4
SAIC,C3,2021-01-25,-12.7,-13.2,-16.1
SAIC,C3,2021-01-29,-5.2,-13.5,-11.3
SAIC,C3,2021-02-04,-4.8,-11.9,-12.7
SAIC,C3,2021-02-10,-8.5,-11.0,-15.9
SAIC,C3,2021-02-17,-7.0,-10.8,-5.9
SAIC,C3,2022-07-01,-1.0,15.0,24.8
SAIC,C3,2022-08-24,18.9,16.9,19.3
SAIC,C3,2022-10-25,1.5,-0.8,10.8
SAIC,C3,2022-10-31,-3.6,-7.6,6.4
SAIC,C3,2022-11-04,-3.7,-8.4,6.5
SAIC,C3,2022-11-10,-3.6,-11.5,5.6
SAIC,C3,2022-11-16,0.3,-10.0,10.9
SAIC,C3,2022-11-22,-1.7,-8.5,20.6
SAIC,C3,2022-11-29,-1.1,-4.6,18.5
SAIC,C3,2022-12-14,-5.8,-3.2,13.2
SAIC,C3,2022-12-20,-3.7,3.4,14.4
SAIC,C3,2022-12-27,-3.1,2.0,16.7
SAIC,C3,2023-01-03,-1.7,4.6,17.6
SAIC,C3,2023-12-14,0.8,-6.8,-11.0
SAIC,C3,2023-12-20,4.2,-3.7,-5.9
SAIC,C3,2023-12-27,2.8,-8.2,-5.9
SAIC,C3,2024-01-03,5.8,-5.1,-4.0
SAIC,C3,2024-02-08,3.5,-3.3,-23.1
SAIC,C3,2024-06-06,15.9,-2.3,-9.7
SAIC,C3,2024-06-12,18.3,-1.5,-5.3
SAIC,C3,2024-06-18,18.0,-2.8,4.2
SAIC,C3,2026-07-08,,,
LLY,L2,2017-11-06,-7.9,0.4,38.3
LLY,L2,2022-05-30,0.2,25.0,48.4
LLY,L2,2023-04-03,23.1,54.2,114.7
LLY,C2,2017-08-14,8.2,3.9,40.6
LLY,C2,2017-11-27,-8.8,0.9,42.5
LLY,C2,2017-12-25,-7.7,2.5,38.6
LLY,C2,2018-01-22,-4.3,12.5,35.3
LLY,C2,2018-02-19,5.8,36.0,61.1
LLY,C2,2018-12-03,12.2,5.4,7.7
LLY,C2,2018-12-31,11.4,-0.5,17.5
LLY,C2,2019-01-28,-2.8,-6.0,18.1
LLY,C2,2019-02-25,-9.5,-11.3,0.1
LLY,C2,2019-03-25,-14.1,-12.4,5.7
LLY,C2,2019-04-22,-9.2,-7.0,39.0
LLY,C2,2019-05-20,-5.7,0.6,32.2
LLY,C2,2019-06-17,1.1,16.0,41.5
LLY,C2,2019-07-15,2.3,32.2,58.7
LLY,C2,2020-05-25,-3.2,-2.6,33.0
LLY,C2,2020-06-22,-7.3,3.4,44.0
LLY,C2,2020-07-20,-10.3,30.5,55.9
LLY,C2,2020-08-17,-2.0,35.9,84.6
LLY,C2,2020-09-14,11.7,20.7,51.8
LLY,C2,2020-10-12,31.2,30.7,65.6
LLY,C2,2020-11-09,46.2,39.0,85.1
LLY,C2,2021-10-18,0.0,15.2,41.8
LLY,C2,2021-11-15,-7.4,15.5,40.6
LLY,C2,2021-12-13,8.0,9.6,36.4
LLY,C2,2022-01-10,24.2,36.9,50.2
LLY,C2,2022-02-07,24.6,32.1,48.4
LLY,C2,2022-06-13,6.5,24.5,55.7
LLY,C2,2022-07-11,0.3,9.7,37.2
LLY,C2,2022-08-08,14.4,12.3,73.0
LLY,C2,2022-09-05,13.9,-0.2,86.6
LLY,C2,2022-10-03,11.4,13.4,74.9
LLY,C2,2023-04-17,20.2,52.5,90.1
LLY,C2,2023-05-15,23.8,34.3,75.4
LLY,C2,2023-06-12,28.9,28.3,97.7
LLY,C2,2023-07-10,35.8,43.6,112.6
LLY,C2,2023-08-07,13.4,40.7,70.0
LLY,C2,2023-09-04,2.2,30.4,55.0
LLY,C2,2023-10-02,9.6,39.2,58.0
LLY,C2,2023-10-30,17.8,29.9,45.2
LLY,C2,2023-11-27,34.2,40.9,37.1
LLY,C2,2023-12-25,33.7,55.9,35.2
LLY,C2,2024-01-22,14.9,26.3,23.7
LLY,C2,2024-02-19,5.1,24.2,14.3
LLY,C2,2024-03-18,14.9,20.0,9.4
LLY,C2,2024-04-15,18.3,26.8,16.4
LLY,C2,2024-05-13,19.9,-2.8,-1.0
LLY,C2,2024-06-10,5.3,-9.9,-6.1
LLY,C2,2024-07-08,-1.6,-15.4,-15.8
LLY,C2,2024-08-05,-6.6,-1.2,-29.4
LLY,C2,2024-09-02,-8.3,-3.3,-18.8
LLY,C2,2024-09-30,-11.7,-16.5,-4.6
LLY,C2,2024-10-28,-0.8,0.9,6.2
LLY,C2,2024-11-25,16.0,-6.9,36.2
LLY,C2,2026-06-08,,,
LLY,C2,2026-07-06,,,
LLY,L3,2017-12-20,-11.1,1.1,37.1
LLY,L3,2018-11-28,10.2,3.6,6.9
LLY,L3,2019-01-23,1.5,-7.5,23.5
LLY,L3,2019-02-11,-1.5,-4.8,20.3
LLY,L3,2020-05-11,-3.3,-9.7,29.0
LLY,L3,2020-07-01,-10.6,1.6,47.4
LLY,L3,2021-11-11,-6.5,10.2,40.1
LLY,L3,2022-07-21,4.6,7.1,39.0
LLY,L3,2023-05-30,30.0,37.6,104.2
LLY,L3,2023-09-21,3.9,41.9,62.1
LLY,L3,2023-11-07,23.1,31.9,22.7
LLY,L3,2024-01-23,15.3,25.9,34.6
LLY,L3,2024-07-10,-3.0,-20.3,-13.7
LLY,L3,2024-09-13,-15.5,-6.1,-20.7
LLY,L3,2026-06-04,,,
LLY,C3,2017-12-21,-9.4,1.1,38.0
LLY,C3,2017-12-28,-6.9,4.2,40.0
LLY,C3,2018-01-04,-6.7,5.5,42.8
LLY,C3,2018-01-10,-6.3,6.1,36.9
LLY,C3,2018-01-17,-7.6,9.8,39.1
LLY,C3,2018-11-30,7.4,-4.4,4.7
LLY,C3,2018-12-07,9.0,0.9,17.8
LLY,C3,2018-12-13,12.2,1.7,16.8
LLY,C3,2018-12-19,20.7,3.3,23.9
LLY,C3,2019-01-24,4.6,-4.2,31.0
LLY,C3,2019-02-15,-4.3,-7.8,5.3
LLY,C3,2019-02-22,-6.1,-9.5,15.5
LLY,C3,2019-02-28,-7.0,-9.3,13.3
LLY,C3,2019-03-06,-6.1,-11.3,15.6
LLY,C3,2019-03-12,-8.9,-9.8,-1.5
LLY,C3,2019-03-18,-7.5,-6.2,9.5
LLY,C3,2019-03-22,-9.6,-11.9,13.3
LLY,C3,2019-03-28,-12.1,-16.1,15.9
LLY,C3,2019-04-03,-11.7,-14.7,21.7
LLY,C3,2019-04-09,-14.4,-14.2,22.7
LLY,C3,2019-04-15,-12.2,-11.5,32.9
LLY,C3,2019-04-22,-5.5,-5.6,36.0
LLY,C3,2019-04-26,-8.8,-4.9,30.5
LLY,C3,2020-05-15,-3.4,-11.1,27.4
LLY,C3,2020-05-21,-1.3,-3.9,35.6
LLY,C3,2020-07-07,-10.2,12.6,43.0
LLY,C3,2020-07-13,-7.0,18.9,53.5
LLY,C3,2020-07-17,-13.5,25.5,50.6
LLY,C3,2020-07-23,-11.4,31.4,65.5
LLY,C3,2021-09-23,20.3,25.8,44.9
LLY,C3,2021-09-29,20.3,27.9,44.2
LLY,C3,2021-11-12,-5.0,16.0,42.6
LLY,C3,2021-11-18,-8.4,20.9,43.6
LLY,C3,2021-11-24,-4.4,16.3,43.9
LLY,C3,2021-12-01,5.5,26.8,45.9
LLY,C3,2021-12-07,9.1,19.5,48.0
LLY,C3,2021-12-13,15.4,20.5,50.1
LLY,C3,2022-06-02,1.8,23.7,51.9
LLY,C3,2022-06-08,0.9,15.1,47.7
LLY,C3,2022-06-14,6.6,23.8,59.6
LLY,C3,2022-07-27,8.7,4.8,61.9
LLY,C3,2022-08-02,11.2,6.7,73.1
LLY,C3,2023-06-02,26.9,33.5,100.1
LLY,C3,2023-06-08,34.8,34.6,99.8
LLY,C3,2023-06-14,27.9,30.0,104.6
LLY,C3,2023-06-21,21.8,26.5,99.7
LLY,C3,2023-06-27,17.5,28.0,103.8
LLY,C3,2023-07-03,15.4,36.2,105.6
LLY,C3,2023-07-10,28.1,42.4,92.5
LLY,C3,2023-07-14,37.5,40.4,80.4
LLY,C3,2023-07-20,26.3,35.9,80.8
LLY,C3,2023-07-26,25.5,42.9,71.5
LLY,C3,2023-09-26,5.8,41.6,67.2
LLY,C3,2023-10-02,14.4,41.2,73.8
LLY,C3,2023-10-06,11.7,33.3,63.5
LLY,C3,2023-11-10,27.2,31.7,26.2
LLY,C3,2024-01-25,17.7,33.1,40.9
LLY,C3,2024-01-31,14.0,20.0,35.9
LLY,C3,2024-02-06,9.6,29.2,24.9
LLY,C3,2024-02-12,7.1,25.6,25.1
LLY,C3,2024-02-16,2.9,22.2,17.3
LLY,C3,2024-02-23,5.2,22.6,8.5
LLY,C3,2024-02-29,10.5,21.5,8.6
LLY,C3,2024-03-06,9.2,18.5,8.8
LLY,C3,2024-03-12,17.2,20.4,10.2
LLY,C3,2024-07-11,-0.1,-18.7,-12.4
LLY,C3,2024-07-17,1.4,-15.1,-17.7
LLY,C3,2024-07-23,3.0,-8.2,-14.4
LLY,C3,2024-07-29,12.0,2.6,-20.3
LLY,C3,2024-08-02,0.3,8.3,-12.4
LLY,C3,2024-08-08,-1.5,0.4,-15.0
LLY,C3,2024-09-18,-16.2,-8.9,-8.7
LLY,C3,2026-06-09,,,
LLY,C3,2026-06-15,,,
LLY,C3,2026-06-22,,,
LLY,C3,2026-06-26,,,
LLY,C3,2026-07-02,,,
LLY,C3,2026-07-09,,,
LLY,C3,2026-07-15,,,
NVO,L2,2019-10-07,14.5,18.8,43.8
NVO,L2,2022-06-20,-12.2,20.2,43.8
NVO,L2,2023-11-06,19.8,27.8,7.1
NVO,C2,2017-08-14,12.7,14.8,7.5
NVO,C2,2017-09-11,9.0,4.7,1.9
NVO,C2,2017-10-09,15.8,4.8,-8.4
NVO,C2,2017-11-06,0.3,-0.3,-7.8
NVO,C2,2017-12-04,-2.4,-12.6,-10.9
NVO,C2,2018-01-01,-10.0,-10.3,-11.5
NVO,C2,2018-01-29,-4.0,0.4,-1.4
NVO,C2,2018-02-26,-4.4,-0.8,0.1
NVO,C2,2018-03-26,-6.4,-3.3,8.9
NVO,C2,2018-04-23,7.6,-9.8,5.8
NVO,C2,2018-05-21,4.1,-4.4,4.4
NVO,C2,2019-07-15,10.4,28.9,43.2
NVO,C2,2019-10-21,12.7,21.5,33.4
NVO,C2,2019-11-18,17.2,20.7,26.8
NVO,C2,2019-12-16,-14.7,18.1,30.0
NVO,C2,2020-01-13,4.3,11.1,20.1
NVO,C2,2020-02-10,2.1,5.9,22.1
NVO,C2,2020-03-09,15.5,19.7,27.9
NVO,C2,2020-04-06,9.1,21.1,19.5
NVO,C2,2020-05-04,3.0,13.0,23.2
NVO,C2,2020-06-01,1.7,6.0,28.3
NVO,C2,2020-06-29,4.3,6.1,30.6
NVO,C2,2020-07-27,-1.4,7.4,44.9
NVO,C2,2020-08-24,2.6,8.2,57.8
NVO,C2,2020-09-21,0.5,-0.5,48.7
NVO,C2,2020-10-19,3.0,6.2,52.8
NVO,C2,2020-11-16,9.6,22.0,71.8
NVO,C2,2020-12-14,-4.7,13.1,48.5
NVO,C2,2021-01-11,1.6,24.8,36.4
NVO,C2,2021-02-08,5.8,37.5,33.0
NVO,C2,2021-03-08,20.6,43.0,45.4
NVO,C2,2021-04-05,23.4,41.1,74.5
NVO,C2,2021-05-03,31.5,50.7,49.4
NVO,C2,2021-05-31,25.3,33.0,41.0
NVO,C2,2021-06-28,13.7,32.8,33.6
NVO,C2,2021-07-26,19.6,5.1,27.2
NVO,C2,2021-08-23,6.2,0.9,8.3
NVO,C2,2021-09-20,7.7,6.8,-1.3
NVO,C2,2021-10-18,-10.0,5.4,-0.2
NVO,C2,2021-11-15,-11.5,-4.5,1.1
NVO,C2,2021-12-13,3.7,-0.8,25.8
NVO,C2,2022-01-10,23.9,19.7,43.7
NVO,C2,2022-02-07,8.2,10.3,43.2
NVO,C2,2022-07-04,-4.0,27.8,45.9
NVO,C2,2023-05-15,7.9,19.5,56.5
NVO,C2,2023-06-12,18.6,21.0,78.8
NVO,C2,2023-07-10,28.2,34.5,79.6
NVO,C2,2023-08-07,12.0,34.1,48.8
NVO,C2,2023-12-04,37.7,48.9,15.9
NVO,C2,2024-01-01,19.6,35.3,-16.4
NVO,C2,2024-01-29,9.0,12.9,-24.9
NVO,C2,2024-02-26,9.7,13.2,-26.2
NVO,C2,2024-03-25,11.2,-5.6,-45.8
NVO,C2,2024-04-22,-0.1,-10.3,-50.1
NVO,C2,2024-05-20,1.1,-22.5,-49.5
NVO,C2,2024-06-17,-9.8,-39.9,-47.0
NVO,C2,2024-07-15,-9.9,-40.0,-50.1
NVO,C2,2024-08-12,-24.6,-42.3,-60.5
NVO,L3,2017-08-23,15.1,10.7,8.4
NVO,L3,2017-11-02,0.6,0.3,-8.3
NVO,L3,2017-12-12,-5.4,-13.2,-13.5
NVO,L3,2019-06-19,1.9,11.0,27.8
NVO,L3,2019-11-21,10.1,23.3,27.1
NVO,L3,2020-02-13,3.1,8.5,17.8
NVO,L3,2020-05-05,0.9,12.3,30.5
NVO,L3,2020-06-19,3.0,3.9,27.7
NVO,L3,2020-10-06,1.6,3.5,52.5
NVO,L3,2020-12-28,-2.3,22.8,47.3
NVO,L3,2021-02-02,6.0,43.8,42.1
NVO,L3,2021-02-22,12.1,45.2,46.2
NVO,L3,2021-05-13,31.6,45.3,38.9
NVO,L3,2021-11-19,-13.1,-4.5,13.1
NVO,L3,2022-06-24,-14.0,21.2,42.0
NVO,L3,2023-06-23,16.0,30.7,82.1
NVO,L3,2023-08-04,29.7,55.5,75.0
NVO,L3,2023-12-01,35.4,44.1,7.7
NVO,L3,2024-01-09,17.3,27.5,-23.3
NVO,L3,2024-06-05,-6.1,-22.3,-46.6
NVO,C3,2017-08-24,12.9,11.2,7.6
NVO,C3,2017-08-30,11.7,9.6,7.7
NVO,C3,2017-09-06,7.7,5.1,1.5
NVO,C3,2017-09-12,10.0,4.1,1.2
NVO,C3,2017-09-18,8.5,3.2,-0.8
NVO,C3,2017-09-22,8.9,-0.3,-10.0
NVO,C3,2017-09-28,12.7,2.4,-11.1
NVO,C3,2017-10-04,11.0,2.8,-9.9
NVO,C3,2017-10-10,12.7,1.1,-9.6
NVO,C3,2017-10-16,17.2,-3.2,-12.0
NVO,C3,2017-11-03,-2.8,1.5,-10.7
NVO,C3,2017-11-09,3.4,0.5,-7.8
NVO,C3,2017-12-13,-5.4,-11.9,-12.6
NVO,C3,2017-12-19,-4.8,-12.8,-8.5
NVO,C3,2017-12-26,-8.4,-11.1,-6.6
NVO,C3,2018-01-02,-9.1,-7.3,-10.8
NVO,C3,2018-01-08,-7.4,-8.2,-9.8
NVO,C3,2018-01-12,-10.3,-7.1,-13.7
NVO,C3,2018-01-19,-17.4,-10.1,-13.9
NVO,C3,2018-01-25,-17.2,-12.4,-13.3
NVO,C3,2018-01-31,-12.7,-8.2,-9.4
NVO,C3,2018-02-06,-1.4,-3.2,2.7
NVO,C3,2018-02-12,-1.9,-3.7,0.3
NVO,C3,2019-06-21,5.0,15.3,33.5
NVO,C3,2019-06-27,2.6,15.8,32.0
NVO,C3,2019-07-03,-1.0,9.7,30.3
NVO,C3,2019-07-10,3.3,19.1,38.5
NVO,C3,2019-07-16,10.6,29.3,44.5
NVO,C3,2019-11-25,8.7,16.7,23.9
NVO,C3,2019-12-02,11.7,17.0,26.9
NVO,C3,2019-12-06,-5.9,16.8,29.2
NVO,C3,2019-12-12,-7.1,21.2,25.9
NVO,C3,2019-12-18,-11.1,20.0,26.2
NVO,C3,2019-12-24,5.3,14.9,21.5
NVO,C3,2019-12-31,4.8,15.4,22.4
NVO,C3,2020-01-07,6.8,16.6,31.0
NVO,C3,2020-01-13,6.0,17.7,26.8
NVO,C3,2020-01-17,6.8,9.4,16.0
NVO,C3,2020-01-24,7.2,11.5,19.8
NVO,C3,2020-01-30,6.0,8.4,19.5
NVO,C3,2020-02-20,3.5,6.9,15.0
NVO,C3,2020-05-07,3.7,9.2,31.3
NVO,C3,2020-05-13,4.8,7.2,29.9
NVO,C3,2020-05-19,3.9,5.7,25.6
NVO,C3,2020-05-26,6.1,7.4,30.9
NVO,C3,2020-06-01,1.1,3.1,31.4
NVO,C3,2020-06-24,4.6,6.9,32.5
NVO,C3,2020-06-30,6.6,8.9,35.3
NVO,C3,2020-07-07,6.4,9.1,38.8
NVO,C3,2020-07-13,13.2,11.4,42.4
NVO,C3,2020-07-17,6.2,9.3,39.0
NVO,C3,2020-10-09,-1.6,2.3,47.7
NVO,C3,2020-10-15,2.0,6.4,52.7
NVO,C3,2020-10-21,3.4,6.3,58.4
NVO,C3,2020-10-27,3.6,10.6,72.1
NVO,C3,2020-11-02,9.8,19.5,77.4
NVO,C3,2020-12-29,-1.8,24.0,47.1
NVO,C3,2021-01-05,0.5,24.2,38.8
NVO,C3,2021-02-03,6.0,40.2,38.2
NVO,C3,2021-02-09,12.3,47.8,44.2
NVO,C3,2021-02-26,12.7,44.3,50.4
NVO,C3,2021-03-04,19.0,48.4,50.9
NVO,C3,2021-03-10,19.4,42.2,56.7
NVO,C3,2021-05-18,33.3,43.8,37.3
NVO,C3,2021-05-24,27.5,33.1,39.7
NVO,C3,2021-05-28,27.4,35.9,45.1
NVO,C3,2021-06-04,25.9,40.9,33.3
NVO,C3,2021-06-10,18.2,33.8,28.6
NVO,C3,2021-06-16,21.9,24.5,31.5
NVO,C3,2021-06-22,24.9,36.6,37.4
NVO,C3,2021-06-28,16.1,35.3,33.6
NVO,C3,2021-07-02,15.5,21.9,36.7
NVO,C3,2021-07-09,14.3,17.1,35.3
NVO,C3,2021-07-15,17.4,11.7,35.5
NVO,C3,2021-07-21,18.2,7.7,30.8
NVO,C3,2021-07-27,18.5,12.0,16.0
NVO,C3,2021-08-02,19.0,7.8,18.0
NVO,C3,2021-08-06,15.9,5.2,5.4
NVO,C3,2021-08-12,11.7,1.9,10.3
NVO,C3,2021-08-18,10.6,-6.1,3.5
NVO,C3,2021-08-24,5.2,-0.0,1.5
NVO,C3,2021-08-30,4.8,-1.5,8.4
NVO,C3,2021-09-03,9.2,0.4,2.0
NVO,C3,2021-09-10,16.2,10.3,0.2
NVO,C3,2021-09-16,5.0,6.8,-1.5
NVO,C3,2021-09-22,7.5,10.3,6.0
NVO,C3,2022-06-27,-11.5,20.5,36.7
NVO,C3,2022-07-01,-5.1,24.9,46.1
NVO,C3,2023-04-21,-8.3,10.8,44.3
NVO,C3,2023-04-27,-2.6,18.2,56.9
NVO,C3,2023-05-03,-3.8,21.8,62.5
NVO,C3,2023-05-09,7.8,20.2,62.3
NVO,C3,2023-06-28,16.6,32.8,80.5
NVO,C3,2023-08-07,26.6,50.1,70.3
NVO,C3,2023-08-11,11.5,37.2,53.2
NVO,C3,2023-11-09,23.3,32.8,3.7
NVO,C3,2023-12-04,31.9,41.5,8.2
NVO,C3,2023-12-08,39.3,46.3,-11.1
NVO,C3,2023-12-14,33.0,46.2,-9.9
NVO,C3,2024-01-12,17.0,25.2,-19.6
NVO,C3,2024-01-19,21.1,19.3,-21.9
NVO,C3,2024-01-25,20.9,26.2,-17.3
NVO,C3,2024-01-31,8.0,4.7,-30.5
NVO,C3,2024-02-06,10.2,14.4,-28.0
NVO,C3,2024-02-12,12.5,13.4,-24.9
NVO,C3,2024-02-16,9.8,11.7,-28.7
NVO,C3,2024-02-23,9.4,12.6,-35.3
NVO,C3,2024-02-29,14.1,10.5,-34.9
NVO,C3,2024-03-06,15.4,9.6,-36.1
NVO,C3,2024-03-12,6.2,-1.2,-46.3
NVO,C3,2024-03-18,6.9,-5.9,-47.4
NVO,C3,2024-03-22,11.6,-5.9,-49.6
NVO,C3,2024-03-28,11.4,-10.0,-48.6
NVO,C3,2024-04-04,13.3,-5.3,-52.2
NVO,C3,2024-04-10,13.2,-5.3,-48.9
NVO,C3,2024-04-16,6.6,-4.6,-45.1
NVO,C3,2024-04-22,2.1,-9.1,-46.0
NVO,C3,2024-06-11,-3.0,-23.5,-51.3
NVO,C3,2024-06-17,-3.6,-39.2,-49.3
NVO,C3,2024-06-24,-10.4,-38.4,-50.0
NVO,C3,2024-06-28,-17.0,-38.4,-52.0
NVO,C3,2024-07-05,-17.0,-39.2,-53.5
VKTX,L2,2024-12-02,-42.7,-45.2,-24.1
VKTX,C2,2018-06-04,15.2,-1.5,-19.8
VKTX,C2,2018-07-02,51.9,-19.5,-19.9
VKTX,C2,2018-07-30,40.5,-19.7,-29.4
VKTX,C2,2018-08-27,-13.6,-32.9,-46.8
VKTX,C2,2018-09-24,-56.5,-42.9,-60.2
VKTX,C2,2018-10-22,-42.2,-41.3,-54.6
VKTX,C2,2018-11-19,-32.5,-29.8,-41.0
VKTX,C2,2018-12-17,13.5,10.0,6.7
VKTX,C2,2019-01-14,0.5,-6.0,-18.2
VKTX,C2,2021-03-22,8.5,4.5,-49.4
VKTX,C2,2021-04-19,-4.2,-4.3,-60.1
VKTX,C2,2023-02-20,93.7,23.8,240.2
VKTX,C2,2023-03-20,130.5,45.5,685.9
VKTX,C2,2023-04-17,-27.6,-52.7,199.0
VKTX,C2,2023-05-15,-39.1,-50.9,191.7
VKTX,C2,2023-06-12,-29.9,-10.3,146.8
VKTX,C2,2023-07-10,-29.7,37.6,267.0
VKTX,C2,2023-08-07,-35.2,102.5,278.5
VKTX,C2,2023-09-04,16.3,351.7,240.7
VKTX,C2,2023-10-02,55.1,551.7,453.8
VKTX,C2,2024-08-19,-18.6,-47.3,-59.8
VKTX,C2,2026-03-16,-6.0,,
VKTX,L3,2018-07-10,39.9,-12.2,-18.2
VKTX,L3,2018-09-11,-17.4,-26.6,-41.6
VKTX,L3,2021-03-12,-10.7,-2.7,-52.7
VKTX,L3,2023-02-24,87.6,25.5,552.5
VKTX,L3,2023-05-15,-35.7,-48.7,197.2
VKTX,L3,2023-09-18,38.6,400.8,358.3
VKTX,L3,2024-08-23,-19.6,-56.5,-60.9
VKTX,L3,2026-03-12,-16.5,,
VKTX,C3,2018-07-11,38.7,-20.0,-19.5
VKTX,C3,2018-07-17,49.3,-18.7,-23.3
VKTX,C3,2018-07-23,23.8,-28.5,-36.1
VKTX,C3,2018-07-27,26.0,-21.5,-32.7
VKTX,C3,2018-08-02,34.7,-25.4,-38.7
VKTX,C3,2018-09-17,-22.6,-18.0,-33.8
VKTX,C3,2018-09-21,-56.0,-45.8,-61.8
VKTX,C3,2018-09-27,-53.4,-40.4,-64.2
VKTX,C3,2018-10-03,-46.0,-36.8,-58.3
VKTX,C3,2018-10-09,-42.8,-41.0,-54.8
VKTX,C3,2018-10-15,-38.2,-41.1,-51.5
VKTX,C3,2018-10-19,-40.3,-43.4,-51.4
VKTX,C3,2021-03-17,-6.4,-1.7,-52.6
VKTX,C3,2023-03-02,101.1,27.4,467.1
VKTX,C3,2023-03-08,111.0,31.7,517.7
VKTX,C3,2023-03-14,106.1,26.6,641.6
VKTX,C3,2023-03-20,87.4,0.3,565.1
VKTX,C3,2023-05-16,-43.3,-52.2,158.9
VKTX,C3,2023-05-22,-44.2,-50.7,130.9
VKTX,C3,2023-05-26,-35.8,-38.9,164.6
VKTX,C3,2023-09-19,27.7,485.7,349.3
VKTX,C3,2023-09-25,68.4,563.1,440.2
VKTX,C3,2023-09-29,57.2,585.5,494.8
VKTX,C3,2023-10-05,93.2,514.9,479.0
VKTX,C3,2024-07-31,27.3,-44.8,-29.4
VKTX,C3,2024-08-06,23.5,-45.0,-51.8
VKTX,C3,2024-08-26,-18.5,-57.4,-60.5
VKTX,C3,2026-03-18,-3.5,,
VKTX,C3,2026-03-24,18.2,,
VKTX,C3,2026-03-30,25.1,,
VKTX,C3,2026-04-06,21.2,,
HIMS,L2,2021-04-05,-22.1,-43.1,-63.1
HIMS,C2,2020-11-09,121.5,-12.8,-27.0
HIMS,C2,2021-04-19,-24.7,-33.5,-59.3
HIMS,C2,2021-05-17,-44.5,-42.9,-72.6
HIMS,C2,2022-12-05,25.6,26.1,21.0
HIMS,C2,2023-01-02,62.3,34.9,36.2
HIMS,C2,2023-01-30,52.6,3.3,12.4
HIMS,C2,2023-02-27,-13.1,-33.9,26.6
HIMS,C2,2023-03-27,-5.2,-36.6,55.9
HIMS,C2,2023-04-24,-25.5,-50.1,7.9
HIMS,C2,2023-05-22,-24.9,-9.4,86.1
HIMS,C2,2023-06-19,-28.6,2.0,163.1
HIMS,C2,2023-07-17,-27.4,0.7,135.1
HIMS,C2,2023-08-14,9.7,47.3,128.8
HIMS,C2,2024-02-05,24.5,61.7,331.1
HIMS,C2,2024-03-04,45.8,-4.3,152.1
HIMS,C2,2024-04-01,43.2,21.7,79.1
HIMS,C2,2024-04-29,56.1,80.8,262.5
HIMS,C2,2024-05-27,-24.2,65.9,191.2
HIMS,C2,2024-06-24,-12.0,31.6,144.7
HIMS,C2,2024-07-22,-0.2,41.8,164.8
HIMS,C2,2024-08-19,51.4,194.6,166.4
HIMS,C2,2024-09-16,60.7,113.2,254.7
HIMS,C2,2024-10-14,25.7,22.9,124.7
HIMS,C2,2024-11-11,213.0,234.6,91.4
HIMS,C2,2024-12-09,10.4,84.8,24.0
HIMS,C2,2025-01-06,7.2,88.5,24.7
HIMS,C2,2025-02-03,22.1,22.1,-45.9
HIMS,C2,2025-03-03,56.7,34.7,-56.2
HIMS,C2,2025-03-31,84.6,102.2,-26.4
HIMS,C2,2025-04-28,53.2,11.4,-32.9
HIMS,C2,2025-09-29,-36.4,-63.6,
HIMS,L3,2023-03-22,-15.2,-35.8,51.5
HIMS,L3,2023-04-11,-7.2,-34.2,29.1
HIMS,L3,2023-07-14,-29.1,-6.1,145.7
HIMS,L3,2024-07-05,-6.4,22.3,129.1
HIMS,L3,2024-08-23,87.4,142.0,185.7
HIMS,L3,2024-10-29,88.2,131.1,75.4
HIMS,L3,2025-03-04,30.3,18.0,-38.3
HIMS,C3,2022-11-22,91.3,51.1,51.1
HIMS,C3,2022-11-29,71.6,56.0,43.8
HIMS,C3,2022-12-05,33.7,34.7,28.8
HIMS,C3,2022-12-09,39.4,16.9,20.3
HIMS,C3,2022-12-15,40.4,19.1,29.0
HIMS,C3,2022-12-21,46.6,39.1,23.5
HIMS,C3,2022-12-28,67.1,34.0,42.0
HIMS,C3,2023-01-04,48.3,37.8,27.4
HIMS,C3,2023-01-10,44.2,31.3,32.1
HIMS,C3,2023-04-13,-9.4,-39.0,22.1
HIMS,C3,2023-07-17,-30.6,-4.7,138.0
HIMS,C3,2023-07-21,-25.1,6.8,112.8
HIMS,C3,2024-02-08,30.9,59.5,420.9
HIMS,C3,2024-02-14,45.8,65.9,351.4
HIMS,C3,2024-02-21,68.2,57.7,265.5
HIMS,C3,2024-02-27,51.7,8.0,152.6
HIMS,C3,2024-03-04,48.0,-5.0,114.2
HIMS,C3,2024-03-08,54.6,16.2,162.3
HIMS,C3,2024-03-14,67.7,17.5,102.4
HIMS,C3,2024-03-20,34.4,4.7,69.8
HIMS,C3,2024-03-26,27.6,22.1,86.4
HIMS,C3,2024-04-02,38.6,29.7,96.5
HIMS,C3,2024-04-08,41.5,25.6,70.4
HIMS,C3,2024-04-12,57.5,54.4,104.0
HIMS,C3,2024-04-18,84.5,73.3,230.8
HIMS,C3,2024-04-24,75.9,80.2,316.5
HIMS,C3,2024-07-09,-9.5,26.7,180.4
HIMS,C3,2024-07-15,-0.2,30.5,163.9
HIMS,C3,2024-07-19,18.7,57.1,226.2
HIMS,C3,2024-08-28,120.1,145.6,279.1
HIMS,C3,2024-11-04,115.7,194.4,74.7
HIMS,C3,2024-11-08,158.3,161.5,61.4
HIMS,C3,2024-11-14,136.4,155.9,79.9
HIMS,C3,2024-11-20,89.7,160.5,79.9
HIMS,C3,2024-11-26,33.3,83.6,23.1
HIMS,C3,2024-12-03,7.8,77.4,8.6
HIMS,C3,2024-12-09,6.3,87.2,6.7
HIMS,C3,2024-12-13,15.8,37.9,10.1
HIMS,C3,2024-12-19,21.1,81.9,34.5
HIMS,C3,2025-03-06,65.3,50.5,-29.7
HIMS,C3,2025-03-12,63.5,48.4,-38.6
HIMS,C3,2025-03-18,103.9,77.8,-34.1
TEM,L2,2025-11-10,-24.1,-35.8,
TEM,C2,2025-07-07,69.5,16.5,2.4
TEM,C2,2025-12-01,-31.8,-39.4,
TEM,C2,2025-12-29,-24.0,-3.4,
TEM,C2,2026-01-26,-8.1,,
TEM,C3,2025-07-08,76.5,18.4,
TEM,C3,2025-07-14,55.4,21.6,
TEM,C3,2025-07-18,51.6,7.1,
TEM,C3,2025-11-13,-11.7,-32.0,
TEM,C3,2025-11-19,-22.3,-27.0,
RXRX,C2,2022-10-24,-23.0,-57.0,-52.4
RXRX,C2,2022-11-21,-17.8,-3.6,-25.9
RXRX,C2,2023-08-28,-19.0,40.5,-20.2
RXRX,C2,2023-09-25,28.9,30.3,-8.8
RXRX,C2,2024-04-08,-0.6,-21.3,-31.5
RXRX,C2,2024-05-06,-26.9,-17.4,-49.7
SDGR,C2,2021-04-12,-13.8,-28.9,-61.7
SDGR,C2,2021-05-10,-2.6,-23.1,-59.9
SDGR,C2,2023-09-04,-6.1,-20.2,-39.7
SDGR,C2,2023-10-02,13.0,-3.3,-37.1
SDGR,C2,2023-10-30,-6.5,-16.4,-36.5
SDGR,C2,2025-04-21,-16.0,-14.9,-55.4
SDGR,C3,2021-04-06,-3.9,-36.1,-62.0
WGS,L2,2025-11-03,-39.7,-70.8,
WGS,C2,2024-09-16,91.6,158.4,220.8
WGS,C2,2024-10-14,15.7,59.0,101.4
WGS,C2,2024-11-11,11.6,-0.2,87.1
WGS,C2,2024-12-09,30.5,-14.4,100.9
WGS,C2,2025-01-06,8.1,-7.6,51.5
WGS,C2,2025-02-03,-0.7,76.6,41.6
WGS,C2,2025-03-03,-26.5,35.2,-10.1
WGS,C2,2025-03-31,14.5,47.8,-17.3
WGS,C2,2025-04-28,51.1,103.6,-2.8
WGS,C2,2025-05-26,81.8,134.4,-27.0
WGS,C2,2025-11-24,-52.3,-68.9,
WGS,C2,2025-12-22,-57.3,-47.8,
WGS,C2,2026-01-19,-32.4,,
WGS,C2,2026-02-16,-42.3,,
WGS,L3,2024-12-13,38.4,17.9,69.7
WGS,L3,2025-01-15,25.7,12.5,35.6
WGS,L3,2025-03-04,-30.1,27.2,-23.7
WGS,L3,2025-05-06,66.2,125.4,-33.4
WGS,L3,2025-11-04,-34.6,-72.1,
WGS,C3,2024-09-10,119.3,189.4,239.2
WGS,C3,2024-09-16,110.0,166.7,185.6
WGS,C3,2024-09-20,89.1,119.2,197.5
WGS,C3,2024-09-26,88.5,97.0,199.7
WGS,C3,2024-10-02,96.8,103.4,160.1
WGS,C3,2024-10-08,56.5,80.9,122.7
WGS,C3,2024-10-14,16.3,76.9,130.1
WGS,C3,2024-10-18,32.0,94.8,130.3
WGS,C3,2024-10-24,31.8,12.0,136.5
WGS,C3,2024-10-30,-19.3,-28.9,56.7
WGS,C3,2024-11-05,-9.4,-15.0,78.5
WGS,C3,2024-11-11,53.6,-7.6,128.3
WGS,C3,2024-11-15,38.8,2.3,134.7
WGS,C3,2024-12-19,25.3,19.9,80.3
WGS,C3,2025-01-16,41.9,16.9,41.0
WGS,C3,2025-01-23,44.8,31.3,8.3
WGS,C3,2025-05-07,92.8,144.0,-22.0
WGS,C3,2025-05-13,107.4,112.6,-20.9
WGS,C3,2025-11-07,-35.1,-69.4,
WGS,C3,2025-11-13,-30.4,-63.7,
WGS,C3,2025-11-19,-41.0,-61.1,
WGS,C3,2025-11-25,-54.1,-66.4,
WGS,C3,2025-12-02,-41.2,-66.2,
WGS,C3,2025-12-08,-51.3,-62.1,
WGS,C3,2025-12-12,-51.8,-61.7,
WGS,C3,2025-12-18,-50.9,-49.3,
WGS,C3,2025-12-24,-52.8,-49.4,
WGS,C3,2025-12-31,-48.6,-49.5,
WGS,C3,2026-01-07,-55.3,-54.8,
WGS,C3,2026-01-13,-39.9,,
ISRG,L2,2019-05-13,1.1,16.2,6.2
ISRG,L2,2024-05-20,20.2,35.3,33.3
ISRG,C2,2018-01-22,1.5,17.9,17.0
ISRG,C2,2018-02-19,6.8,26.7,29.1
ISRG,C2,2018-03-19,21.1,39.5,40.6
ISRG,C2,2018-04-16,13.3,10.5,15.7
ISRG,C2,2018-05-14,14.4,13.0,6.8
ISRG,C2,2018-06-11,15.9,0.3,1.2
ISRG,C2,2018-07-09,1.5,-3.6,0.4
ISRG,C2,2018-08-06,2.2,-0.8,-1.1
ISRG,C2,2018-09-03,-8.6,-0.8,-6.1
ISRG,C2,2018-10-01,-14.0,4.9,-3.6
ISRG,C2,2018-10-29,1.6,-1.6,8.4
ISRG,C2,2018-11-26,5.2,-12.4,11.7
ISRG,C2,2018-12-24,21.1,11.3,26.9
ISRG,C2,2019-06-03,1.2,17.3,18.8
ISRG,C2,2020-03-09,18.6,49.2,55.8
ISRG,C2,2020-04-06,14.3,46.5,55.7
ISRG,C2,2020-11-23,1.0,15.4,35.3
ISRG,C2,2020-12-21,-9.4,12.6,35.3
ISRG,C2,2021-01-18,17.7,31.2,8.7
ISRG,C2,2021-02-15,10.0,39.1,12.3
ISRG,C2,2021-03-15,24.2,46.6,23.0
ISRG,C2,2021-04-12,16.9,22.4,3.3
ISRG,C2,2021-05-10,20.4,27.8,-19.5
ISRG,C2,2021-06-07,18.4,19.7,-28.7
ISRG,C2,2021-07-05,3.7,2.3,-34.1
ISRG,C2,2021-08-02,6.3,-16.8,-30.0
ISRG,C2,2021-08-30,-10.0,-15.4,-43.0
ISRG,C2,2021-09-27,6.8,-9.2,-44.3
ISRG,C2,2021-10-25,-24.7,-33.7,-32.4
ISRG,C2,2021-11-22,-10.8,-30.4,-19.5
ISRG,C2,2021-12-20,-21.2,-42.4,-27.8
ISRG,C2,2023-05-08,-0.3,-9.1,26.7
ISRG,C2,2023-06-05,-4.6,-0.7,33.5
ISRG,C2,2023-07-03,-10.7,-2.7,33.9
ISRG,C2,2023-07-31,-10.0,24.1,45.4
ISRG,C2,2023-08-28,1.5,28.2,58.7
ISRG,C2,2023-09-25,15.4,36.5,63.9
ISRG,C2,2023-10-23,44.7,44.9,97.4
ISRG,C2,2023-11-20,22.6,27.3,72.3
ISRG,C2,2024-06-10,15.1,26.7,20.3
ISRG,C2,2024-07-08,9.1,23.3,15.3
ISRG,C2,2024-08-05,15.8,25.8,1.4
ISRG,C2,2024-09-02,16.7,9.8,-1.1
ISRG,C2,2024-09-30,11.1,-6.3,-6.1
ISRG,C2,2024-10-28,12.9,4.6,5.5
ISRG,C2,2024-11-25,5.7,1.9,5.8
ISRG,C2,2024-12-23,-8.0,-0.2,8.0
ISRG,C2,2025-01-20,-11.9,-15.1,-10.3
ISRG,C2,2025-02-17,-8.8,-19.5,-14.8
ISRG,C2,2025-03-17,3.4,-10.9,-2.9
ISRG,C2,2025-04-14,7.4,-7.6,-2.8
ISRG,L3,2018-02-01,9.3,21.9,25.9
ISRG,L3,2018-03-19,14.2,30.4,34.8
ISRG,L3,2018-05-02,16.4,13.0,8.9
ISRG,L3,2018-07-02,15.0,-1.0,5.6
ISRG,L3,2020-12-01,-6.6,14.5,39.2
ISRG,L3,2020-12-31,-7.0,16.2,18.5
ISRG,L3,2021-04-28,14.1,22.6,-27.9
ISRG,L3,2021-07-28,9.7,-11.6,-28.2
ISRG,L3,2021-11-12,-18.0,-38.3,-25.3
ISRG,L3,2023-05-04,-0.1,-8.3,30.7
ISRG,L3,2023-09-14,6.8,29.0,60.1
ISRG,L3,2023-12-01,24.6,32.7,71.2
ISRG,L3,2024-07-09,10.9,21.8,13.5
ISRG,L3,2024-10-25,11.9,3.8,12.7
ISRG,L3,2025-01-08,-9.9,-4.7,-3.7
ISRG,L3,2025-04-28,-6.4,3.9,-18.3
ISRG,C3,2018-02-02,10.9,25.4,31.5
ISRG,C3,2018-02-08,22.1,36.9,44.5
ISRG,C3,2018-02-14,11.9,29.1,33.6
ISRG,C3,2018-02-21,9.9,30.9,28.8
ISRG,C3,2018-02-27,6.7,29.9,27.6
ISRG,C3,2018-03-05,16.3,26.8,31.9
ISRG,C3,2018-03-22,14.4,37.6,37.8
ISRG,C3,2018-03-28,18.9,42.0,45.6
ISRG,C3,2018-04-04,23.3,31.0,39.7
ISRG,C3,2018-04-10,25.4,27.1,19.5
ISRG,C3,2018-05-08,13.0,15.1,4.5
ISRG,C3,2018-05-14,12.1,10.2,1.1
ISRG,C3,2018-07-03,14.2,6.5,7.8
ISRG,C3,2018-07-10,2.0,2.7,7.1
ISRG,C3,2018-07-16,4.8,3.6,2.2
ISRG,C3,2018-07-20,-1.0,-3.9,-0.6
ISRG,C3,2018-07-26,-7.6,-0.4,-1.4
ISRG,C3,2018-08-01,0.4,-1.3,-3.1
ISRG,C3,2018-08-07,5.4,3.0,-3.9
ISRG,C3,2018-08-13,-3.3,5.6,-5.6
ISRG,C3,2018-08-17,-8.0,4.5,-2.6
ISRG,C3,2018-08-23,-6.3,2.4,-5.9
ISRG,C3,2018-08-29,-4.2,-3.7,-5.6
ISRG,C3,2018-09-05,-8.4,4.1,-1.1
ISRG,C3,2018-09-11,-6.2,4.2,-0.9
ISRG,C3,2018-09-17,-15.5,1.6,-3.4
ISRG,C3,2018-09-21,-17.0,3.4,-5.0
ISRG,C3,2018-09-27,-18.2,1.1,-10.3
ISRG,C3,2018-10-03,-14.0,4.1,-5.6
ISRG,C3,2018-10-09,-5.4,-1.2,0.9
ISRG,C3,2018-10-15,4.5,-2.1,7.6
ISRG,C3,2020-12-03,-5.1,13.9,31.1
ISRG,C3,2020-12-09,-3.6,17.5,38.6
ISRG,C3,2021-01-06,-1.7,20.5,11.8
ISRG,C3,2021-04-30,15.6,25.4,-26.9
ISRG,C3,2021-05-06,22.5,29.7,-19.8
ISRG,C3,2021-05-12,23.6,30.7,-18.1
ISRG,C3,2021-05-18,29.6,28.4,-15.6
ISRG,C3,2021-05-24,25.0,18.3,-21.7
ISRG,C3,2021-05-28,25.1,16.6,-25.2
ISRG,C3,2021-06-04,29.7,23.0,-29.2
ISRG,C3,2021-08-03,8.5,-14.5,-28.5
ISRG,C3,2021-08-09,5.9,-17.7,-34.7
ISRG,C3,2021-08-13,5.7,-15.0,-32.7
ISRG,C3,2021-08-19,-0.9,-18.0,-41.5
ISRG,C3,2021-08-25,-5.4,-14.1,-39.4
ISRG,C3,2021-08-31,-6.8,-23.3,-39.8
ISRG,C3,2021-09-07,-5.2,-26.6,-43.7
ISRG,C3,2021-09-13,-4.2,-15.3,-44.4
ISRG,C3,2021-09-17,-3.9,-18.7,-45.3
ISRG,C3,2021-09-23,4.7,-12.6,-42.2
ISRG,C3,2021-11-17,-21.4,-38.4,-25.2
ISRG,C3,2021-11-23,-13.6,-35.6,-20.7
ISRG,C3,2021-11-30,-6.8,-31.6,-15.6
ISRG,C3,2021-12-06,-14.8,-39.8,-18.3
ISRG,C3,2023-05-05,-0.3,-10.7,30.8
ISRG,C3,2023-05-11,1.0,-3.4,31.3
ISRG,C3,2023-05-17,-7.0,1.2,30.9
ISRG,C3,2023-05-23,-1.3,3.2,38.4
ISRG,C3,2023-05-30,1.8,1.6,36.4
ISRG,C3,2023-06-05,-6.4,-2.2,35.4
ISRG,C3,2023-06-09,-3.2,4.3,37.2
ISRG,C3,2023-06-15,-8.7,-0.9,35.5
ISRG,C3,2023-06-22,-10.5,3.0,35.4
ISRG,C3,2023-06-28,-12.2,-3.3,33.2
ISRG,C3,2023-07-05,-13.1,-1.0,27.7
ISRG,C3,2023-07-11,-16.9,6.8,34.2
ISRG,C3,2023-07-17,-22.2,6.2,25.4
ISRG,C3,2023-07-21,-19.0,11.3,33.6
ISRG,C3,2023-07-27,-20.0,18.6,43.3
ISRG,C3,2023-08-02,-11.5,24.7,50.1
ISRG,C3,2023-08-08,-8.2,25.1,59.5
ISRG,C3,2023-08-14,-4.4,23.8,57.1
ISRG,C3,2023-09-20,14.2,37.0,66.7
ISRG,C3,2023-09-26,16.4,31.9,65.4
ISRG,C3,2024-07-11,9.3,31.7,11.8
ISRG,C3,2024-07-17,11.1,42.8,12.9
ISRG,C3,2024-07-23,12.6,25.9,4.2
ISRG,C3,2024-07-29,16.4,30.7,7.8
ISRG,C3,2024-08-02,12.8,32.5,7.0
ISRG,C3,2024-08-08,15.7,28.5,2.7
ISRG,C3,2024-08-14,14.1,25.6,0.6
ISRG,C3,2024-08-20,12.1,16.7,-5.9
ISRG,C3,2024-08-26,13.1,18.5,-6.1
ISRG,C3,2024-08-30,10.0,0.2,-11.8
ISRG,C3,2024-09-06,14.2,3.6,-5.8
ISRG,C3,2024-09-12,9.2,-0.3,-10.7
ISRG,C3,2024-09-18,8.7,5.4,-8.1
ISRG,C3,2024-09-24,11.2,4.7,-7.5
ISRG,C3,2024-09-30,6.7,-6.8,-11.2
ISRG,C3,2024-10-04,12.9,1.7,-4.9
ISRG,C3,2024-10-10,19.9,-3.2,13.0
ISRG,C3,2024-10-28,13.2,4.9,12.0
ISRG,C3,2024-11-01,15.1,11.4,8.0
ISRG,C3,2024-11-07,12.8,7.1,7.1
ISRG,C3,2024-11-13,13.0,0.5,6.9
ISRG,C3,2024-11-19,7.8,2.5,5.5
ISRG,C3,2024-11-25,4.0,4.0,3.6
ISRG,C3,2024-12-02,-11.1,-3.8,2.2
ISRG,C3,2024-12-06,-12.0,-7.0,5.3
ISRG,C3,2024-12-12,-9.7,-4.0,5.6
ISRG,C3,2024-12-18,-3.3,3.2,7.6
ISRG,C3,2024-12-24,-7.6,-0.4,9.2
ISRG,C3,2025-01-13,-10.8,-5.3,-2.7
ISRG,C3,2025-01-17,-17.7,-16.7,-16.2
ISRG,C3,2025-01-24,-11.8,-17.3,-16.4
ISRG,C3,2025-01-30,-8.3,-19.0,-17.5
ISRG,C3,2025-02-05,-9.2,-18.4,-15.5
ISRG,C3,2025-02-11,-5.3,-19.0,-14.4
ISRG,C3,2025-02-18,-9.0,-22.0,-17.2
ISRG,C3,2025-02-24,-6.5,-19.9,-16.5
ISRG,C3,2025-05-01,-7.8,6.1,-17.2
ISRG,C3,2025-05-07,-12.0,6.7,-16.2
SYK,L2,2025-07-21,-5.2,-11.6,
SYK,C2,2017-10-02,8.4,4.8,18.2
SYK,C2,2017-10-30,4.2,8.2,7.1
SYK,C2,2017-11-27,3.5,13.2,13.9
SYK,C2,2017-12-25,4.2,9.7,1.2
SYK,C2,2018-01-22,1.3,0.7,-0.7
SYK,C2,2018-02-19,7.8,5.7,18.1
SYK,C2,2018-07-23,-4.9,-1.3,28.3
SYK,C2,2018-08-20,-2.8,11.7,27.4
SYK,C2,2018-09-17,-13.4,12.1,28.2
SYK,C2,2018-10-15,-0.5,7.3,28.9
SYK,C2,2018-11-12,8.9,7.6,21.1
SYK,C2,2019-06-10,11.9,4.3,-2.8
SYK,C2,2019-07-08,3.8,2.1,-12.8
SYK,C2,2019-08-05,-8.4,-1.3,-11.4
SYK,C2,2019-09-02,-7.6,-15.6,-9.7
SYK,C2,2019-09-30,-2.5,-30.8,-2.1
SYK,C2,2019-10-28,-0.7,-14.6,-3.9
SYK,C2,2019-11-25,-6.7,-3.8,15.1
SYK,C2,2019-12-23,-24.2,-16.9,14.0
SYK,C2,2021-04-12,0.4,4.1,2.8
SYK,C2,2021-05-10,4.3,5.0,-6.9
SYK,C2,2021-06-07,7.3,2.2,-14.6
SYK,C2,2021-07-05,-0.0,0.2,-23.2
SYK,C2,2021-08-02,5.4,-4.0,-16.9
SYK,C2,2021-08-30,-10.6,-3.0,-25.5
SYK,C2,2021-09-27,-0.0,0.8,-23.6
SYK,C2,2021-10-25,-6.4,-8.9,-12.8
SYK,C2,2021-11-22,9.4,-2.4,-3.3
SYK,C2,2023-03-27,7.1,-3.8,26.7
SYK,C2,2023-04-24,-5.3,-12.1,13.2
SYK,C2,2023-05-22,2.3,8.3,24.4
SYK,C2,2023-06-19,-4.0,0.4,16.2
SYK,C2,2023-07-17,-9.9,7.2,16.5
SYK,C2,2023-08-14,4.1,26.4,22.8
SYK,C2,2023-09-11,-0.6,21.0,27.8
SYK,C2,2023-10-09,21.7,33.3,39.2
SYK,C2,2024-07-01,4.4,7.7,18.3
SYK,C2,2024-12-09,-1.1,1.2,-4.6
SYK,C2,2025-01-06,-4.0,7.0,1.4
SYK,C2,2025-02-03,-2.5,-3.1,-7.6
SYK,C2,2025-03-03,1.4,3.9,-3.0
SYK,C2,2025-03-31,14.6,7.6,-3.2
SYK,C2,2025-04-28,0.1,-5.4,-21.3
SYK,C2,2025-08-11,-4.9,-3.7,
SYK,C2,2025-09-08,-7.4,-11.7,
SYK,C2,2025-10-06,1.1,-6.5,
SYK,L3,2017-10-13,9.6,14.4,14.0
SYK,L3,2018-07-25,-2.5,5.1,26.0
SYK,L3,2018-10-08,-8.6,8.7,24.3
SYK,L3,2019-07-22,0.9,3.5,-6.2
SYK,L3,2019-09-09,-8.6,-33.4,-3.8
SYK,L3,2019-11-05,9.8,-8.1,20.3
SYK,L3,2020-01-10,-17.4,-7.3,15.9
SYK,L3,2021-05-19,5.4,3.7,-6.1
SYK,L3,2021-07-14,1.2,0.2,-20.9
SYK,L3,2021-08-17,-1.8,-6.0,-21.9
SYK,L3,2021-11-05,-5.5,-15.1,-19.7
SYK,L3,2023-04-28,-8.1,-6.7,11.5
SYK,L3,2023-07-14,-12.4,4.7,10.8
SYK,L3,2023-09-18,-0.1,20.4,24.7
SYK,L3,2024-06-14,5.0,4.0,16.3
SYK,L3,2024-11-25,1.5,-0.0,-7.2
SYK,L3,2025-02-05,-4.3,-4.6,-5.8
SYK,L3,2025-07-30,-7.6,-9.5,
SYK,L3,2025-10-29,-2.1,-20.0,
SYK,C3,2017-10-16,9.8,12.5,10.1
SYK,C3,2017-10-20,10.3,13.3,12.0
SYK,C3,2017-10-26,10.8,13.6,15.4
SYK,C3,2017-11-01,0.1,10.1,9.9
SYK,C3,2017-11-07,-1.3,10.6,8.6
SYK,C3,2017-11-13,3.0,11.7,7.8
SYK,C3,2017-11-17,4.4,11.6,14.2
SYK,C3,2018-07-26,-6.2,4.1,28.5
SYK,C3,2018-08-01,1.2,10.2,30.0
SYK,C3,2018-10-09,-10.2,3.0,20.4
SYK,C3,2018-10-15,-0.8,9.9,27.6
SYK,C3,2019-07-24,-0.8,-0.8,-10.3
SYK,C3,2019-07-30,1.9,1.8,-11.1
SYK,C3,2019-08-05,-3.3,6.2,-7.3
SYK,C3,2019-08-09,-9.1,1.8,-13.1
SYK,C3,2019-09-13,-6.2,-35.8,-7.7
SYK,C3,2019-11-08,9.1,-3.3,18.4
SYK,C3,2019-11-14,10.8,-8.8,16.5
SYK,C3,2021-05-21,6.3,0.3,-7.4
SYK,C3,2021-05-27,8.0,-5.6,-10.1
SYK,C3,2021-06-03,11.1,4.8,-18.9
SYK,C3,2021-07-16,2.0,0.3,-14.0
SYK,C3,2021-07-22,6.7,-3.7,-15.8
SYK,C3,2021-08-20,-1.6,0.7,-21.2
SYK,C3,2021-08-26,-10.0,-1.2,-17.9
SYK,C3,2021-09-01,-10.6,-9.3,-17.3
SYK,C3,2021-09-08,-6.8,-8.7,-21.3
SYK,C3,2021-09-14,-8.2,-3.0,-25.3
SYK,C3,2021-09-20,-4.3,-0.4,-23.4
SYK,C3,2021-09-24,-1.9,-2.6,-22.5
SYK,C3,2021-09-30,2.0,2.2,-19.9
SYK,C3,2021-11-11,-1.5,-12.0,-11.5
SYK,C3,2021-11-17,-4.3,-9.9,-9.7
SYK,C3,2021-11-23,3.7,-10.0,-6.3
SYK,C3,2021-11-30,13.2,-2.0,6.6
SYK,C3,2021-12-06,-2.1,-18.2,-4.6
SYK,C3,2023-03-10,6.7,11.2,34.7
SYK,C3,2023-03-16,8.5,3.9,31.7
SYK,C3,2023-03-22,9.3,-1.6,29.2
SYK,C3,2023-03-28,10.6,-3.4,26.8
SYK,C3,2023-05-04,-0.6,-2.9,18.6
SYK,C3,2023-05-10,-0.0,-0.4,18.7
SYK,C3,2023-05-16,-2.6,1.7,20.5
SYK,C3,2023-05-22,-4.2,3.3,20.7
SYK,C3,2023-05-26,5.6,9.8,29.1
SYK,C3,2023-07-20,-10.0,5.9,13.7
SYK,C3,2023-09-22,5.1,25.3,24.6
SYK,C3,2023-09-28,8.6,29.0,30.5
SYK,C3,2023-10-04,13.0,30.7,37.0
SYK,C3,2023-10-10,14.3,23.1,34.6
SYK,C3,2023-10-16,19.6,27.4,36.1
SYK,C3,2024-06-21,5.6,8.3,15.0
SYK,C3,2024-06-27,6.6,6.1,16.3
SYK,C3,2024-07-03,6.0,10.2,18.3
SYK,C3,2024-11-27,-1.3,-1.1,-7.9
SYK,C3,2024-12-04,-6.4,-2.7,-8.6
SYK,C3,2025-02-07,-0.8,-2.0,-0.8
SYK,C3,2025-02-13,1.9,-0.5,0.7
SYK,C3,2025-02-20,-2.3,2.2,-3.2
SYK,C3,2025-08-01,-5.0,-4.7,
SYK,C3,2025-08-07,-5.2,-2.3,
BSX,L2,2024-09-09,8.2,16.6,23.3
BSX,L2,2025-08-25,-3.7,-27.2,
BSX,C2,2017-08-14,5.1,1.2,28.0
BSX,C2,2017-09-11,-10.9,-3.5,29.2
BSX,C2,2017-10-09,-6.7,-3.8,25.6
BSX,C2,2017-11-06,-8.6,5.7,36.1
BSX,C2,2017-12-04,10.7,24.0,37.7
BSX,C2,2018-01-01,5.3,29.4,31.7
BSX,C2,2019-05-06,18.1,10.7,4.4
BSX,C2,2019-06-03,5.3,6.8,-5.9
BSX,C2,2019-07-01,-4.9,5.5,-17.0
BSX,C2,2019-07-29,-2.9,-2.1,-9.8
BSX,C2,2019-08-26,1.2,-12.5,-4.0
BSX,C2,2019-09-23,12.2,-24.1,-7.4
BSX,C2,2019-10-21,5.8,-9.7,-9.0
BSX,C2,2019-11-18,1.8,-14.2,-19.5
BSX,C2,2019-12-16,-40.0,-19.4,-21.9
BSX,C2,2020-01-13,-13.5,-14.8,-18.0
BSX,C2,2020-02-10,-17.7,-7.4,-9.3
BSX,C2,2020-03-09,9.3,24.6,20.2
BSX,C2,2021-07-12,3.1,6.6,-10.8
BSX,C2,2021-08-09,-5.1,-2.8,-4.5
BSX,C2,2021-09-06,-7.4,-6.2,-3.4
BSX,C2,2021-10-04,-2.4,3.9,-7.9
BSX,C2,2021-11-01,-0.9,-5.4,-3.6
BSX,C2,2023-01-23,13.5,12.6,33.2
BSX,C2,2023-02-20,8.6,8.0,42.5
BSX,C2,2023-03-20,11.9,11.2,40.2
BSX,C2,2023-04-17,4.0,-2.1,31.7
BSX,C2,2023-05-15,-6.4,1.3,39.2
BSX,C2,2023-06-12,-2.6,2.7,41.3
BSX,C2,2023-07-10,-6.6,13.0,46.5
BSX,C2,2023-08-07,1.0,28.4,49.3
BSX,C2,2023-09-04,2.0,25.6,51.5
BSX,C2,2023-10-02,11.6,31.5,62.2
BSX,C2,2023-10-30,22.5,38.7,59.2
BSX,C2,2024-09-30,7.3,6.1,15.1
BSX,C2,2024-10-28,22.4,25.5,20.4
BSX,C2,2024-11-25,14.5,16.1,12.0
BSX,C2,2024-12-23,9.6,17.5,6.0
BSX,C2,2025-01-20,-0.0,4.1,-9.3
BSX,C2,2025-02-17,0.0,1.6,-28.6
BSX,C2,2025-03-17,0.6,-2.8,-31.0
BSX,C2,2025-04-14,9.0,4.3,-32.5
BSX,C2,2025-05-12,-2.7,-3.2,-50.3
BSX,C2,2025-06-09,3.0,-7.2,-53.0
BSX,C2,2025-09-15,-2.3,-29.0,
BSX,C2,2025-10-13,-11.3,-35.3,
BSX,L3,2017-09-28,-12.0,-4.8,25.6
BSX,L3,2017-10-30,-2.7,5.9,37.1
BSX,L3,2019-06-24,0.5,7.6,-15.3
BSX,L3,2019-11-25,-10.7,-11.5,-20.1
BSX,L3,2021-07-08,-0.4,0.1,-14.0
BSX,L3,2021-08-17,-7.8,-4.8,-10.5
BSX,L3,2021-09-16,-9.0,-5.8,-12.9
BSX,L3,2023-02-28,10.2,14.1,44.5
BSX,L3,2023-04-28,-2.9,0.8,41.4
BSX,L3,2023-09-07,2.0,24.1,55.3
BSX,L3,2024-10-03,9.7,11.8,18.4
BSX,L3,2024-11-22,16.5,13.8,2.8
BSX,L3,2025-02-12,0.3,0.3,-28.4
BSX,L3,2025-05-19,-1.4,-9.2,-55.3
BSX,L3,2025-09-09,-14.2,-34.1,
BSX,L3,2025-10-30,-24.9,-46.4,
BSX,C3,2017-10-31,-6.2,6.0,31.2
BSX,C3,2017-11-06,-6.8,6.5,33.8
BSX,C3,2019-06-26,-2.6,9.3,-16.5
BSX,C3,2019-07-02,-6.9,6.3,-17.5
BSX,C3,2019-07-09,-10.3,5.6,-13.7
BSX,C3,2019-07-15,-9.4,4.3,-9.1
BSX,C3,2019-11-29,-13.4,-9.6,-21.4
BSX,C3,2019-12-05,-21.7,-18.3,-18.8
BSX,C3,2019-12-11,-34.3,-16.3,-21.6
BSX,C3,2019-12-17,-42.3,-24.4,-20.7
BSX,C3,2019-12-23,-32.3,-22.4,-19.9
BSX,C3,2019-12-30,-31.0,-23.0,-19.0
BSX,C3,2020-01-06,-22.5,-24.1,-19.9
BSX,C3,2020-01-10,-23.8,-17.4,-18.9
BSX,C3,2021-07-09,-3.3,1.9,-12.5
BSX,C3,2021-07-15,2.9,4.5,-4.4
BSX,C3,2021-07-21,3.0,-2.5,-4.9
BSX,C3,2021-08-19,-7.3,-0.7,-8.9
BSX,C3,2021-08-25,-13.9,-2.0,-7.5
BSX,C3,2021-09-17,-11.0,-3.4,-11.3
BSX,C3,2021-09-23,-4.2,-0.7,-8.2
BSX,C3,2021-09-29,-3.2,1.0,-9.9
BSX,C3,2023-03-06,6.2,14.3,40.8
BSX,C3,2023-03-10,10.1,13.8,45.5
BSX,C3,2023-05-04,-2.6,0.3,43.5
BSX,C3,2023-05-10,-3.6,1.5,41.6
BSX,C3,2023-05-16,-6.7,1.3,39.4
BSX,C3,2023-05-22,-6.1,3.7,41.4
BSX,C3,2023-05-26,6.3,9.9,51.6
BSX,C3,2023-06-02,3.9,6.2,48.1
BSX,C3,2023-09-11,2.5,23.2,54.0
BSX,C3,2023-09-15,4.9,27.8,57.6
BSX,C3,2024-10-09,10.3,9.7,18.1
BSX,C3,2024-10-15,16.3,16.6,15.6
BSX,C3,2024-10-21,16.1,16.8,12.3
BSX,C3,2024-10-25,20.8,22.9,19.1
BSX,C3,2024-10-31,25.0,22.4,22.2
BSX,C3,2024-11-25,16.1,15.2,3.9
BSX,C3,2024-12-02,4.1,9.9,2.8
BSX,C3,2024-12-06,7.9,12.9,7.1
BSX,C3,2024-12-12,12.3,15.2,5.9
BSX,C3,2024-12-18,16.3,22.0,8.5
BSX,C3,2025-02-14,0.4,0.1,-28.2
BSX,C3,2025-02-21,1.6,1.2,-31.7
BSX,C3,2025-05-23,1.3,-2.8,-53.4
BSX,C3,2025-05-30,2.2,-7.2,-55.4
BSX,C3,2025-06-05,5.1,-9.9,-56.0
BSX,C3,2025-06-11,0.5,-6.5,-55.5
BSX,C3,2025-09-12,-10.2,-32.4,
BSX,C3,2025-09-18,-2.7,-28.6,
BSX,C3,2025-09-24,-2.0,-36.8,
BSX,C3,2025-09-30,-3.0,-35.9,
BSX,C3,2025-11-03,-22.6,-45.1,
EW,L2,2018-04-16,11.3,6.1,29.3
EW,L2,2019-12-23,-15.5,-14.2,13.3
EW,L2,2022-04-18,-13.3,-28.4,-26.9
EW,C2,2017-08-14,-5.3,18.3,23.6
EW,C2,2017-09-11,0.6,25.4,30.4
EW,C2,2017-10-09,11.6,27.3,32.5
EW,C2,2017-11-06,21.6,33.0,47.5
EW,C2,2017-12-04,18.0,21.0,33.2
EW,C2,2018-04-23,9.7,8.4,36.2
EW,C2,2018-05-21,4.3,9.0,24.6
EW,C2,2018-06-18,0.5,-5.7,26.4
EW,C2,2018-07-16,-4.7,10.3,27.3
EW,C2,2018-08-13,11.4,27.2,56.9
EW,C2,2018-09-10,8.2,21.5,48.3
EW,C2,2018-10-08,6.6,33.7,58.4
EW,C2,2018-11-05,12.2,18.2,52.9
EW,C2,2018-12-03,7.7,16.9,52.0
EW,C2,2018-12-31,26.6,26.6,55.7
EW,C2,2019-01-28,7.6,27.1,30.3
EW,C2,2019-02-25,-1.7,27.7,17.9
EW,C2,2019-03-25,-3.4,13.6,3.6
EW,C2,2019-12-30,-18.4,-10.4,18.2
EW,C2,2020-01-27,-4.8,7.0,12.7
EW,C2,2020-10-12,3.0,4.3,31.4
EW,C2,2020-11-09,7.2,9.4,41.8
EW,C2,2020-12-07,-2.5,18.8,44.7
EW,C2,2021-01-04,-5.2,18.6,34.9
EW,C2,2021-02-01,8.3,35.4,31.8
EW,C2,2021-03-01,17.3,48.2,35.4
EW,C2,2021-03-29,27.1,33.9,46.8
EW,C2,2021-04-26,17.5,25.4,10.7
EW,C2,2021-05-24,21.4,14.2,5.4
EW,C2,2021-06-21,15.9,24.1,-6.4
EW,C2,2021-07-19,6.6,3.0,-6.2
EW,C2,2021-08-16,-1.6,-11.2,-17.2
EW,C2,2021-09-13,2.3,-5.6,-21.8
EW,C2,2021-10-11,5.4,7.0,-26.5
EW,C2,2021-11-08,-6.0,-15.9,-35.6
EW,C2,2021-12-06,-15.1,-23.7,-39.3
EW,C2,2022-01-03,1.3,-19.6,-37.0
EW,C2,2022-01-31,-10.4,-5.4,-26.8
EW,C2,2022-04-25,-5.0,-33.0,-16.8
EW,C2,2023-08-28,-10.5,11.6,-8.4
EW,C2,2024-06-10,-21.5,-16.0,-13.9
EW,C2,2024-07-08,-25.1,-19.3,-14.2
EW,C2,2024-08-05,2.5,8.8,21.2
EW,C2,2025-08-18,4.0,-2.5,
EW,C2,2025-09-15,15.1,10.9,
EW,C2,2026-03-30,16.4,,
EW,L3,2017-10-30,29.7,32.7,50.7
EW,L3,2017-12-13,22.5,31.9,30.0
EW,L3,2018-07-10,-4.6,10.2,32.9
EW,L3,2018-10-05,2.3,24.7,50.0
EW,L3,2018-11-20,12.7,14.1,64.6
EW,L3,2018-12-19,23.8,20.7,51.3
EW,L3,2019-02-26,1.1,31.9,13.6
EW,L3,2019-04-03,-2.1,14.3,12.6
EW,L3,2020-01-29,-10.1,-1.3,10.6
EW,L3,2020-12-07,-4.6,16.5,41.9
EW,L3,2021-01-06,-1.6,22.5,32.8
EW,L3,2021-05-19,31.2,26.6,11.2
EW,L3,2021-07-01,1.5,18.2,-7.5
EW,L3,2021-11-17,-10.5,-18.2,-34.7
EW,L3,2024-08-12,0.4,13.9,24.0
EW,L3,2025-07-23,-0.5,6.4,
EW,L3,2025-09-10,7.6,5.5,
EW,C3,2017-10-31,23.9,32.3,44.6
EW,C3,2017-12-14,21.7,33.7,31.6
EW,C3,2018-07-13,-4.3,13.7,43.7
EW,C3,2018-10-09,1.0,20.0,50.1
EW,C3,2018-10-15,18.8,25.3,67.2
EW,C3,2018-11-23,17.2,17.4,61.3
EW,C3,2018-12-26,28.4,26.6,56.4
EW,C3,2019-02-27,1.3,29.7,20.3
EW,C3,2019-03-05,4.2,25.9,-4.0
EW,C3,2019-04-04,0.4,18.8,14.9
EW,C3,2020-02-03,-2.8,5.0,19.6
EW,C3,2020-12-08,-5.0,17.3,40.6
EW,C3,2020-12-14,-5.0,25.1,56.3
EW,C3,2021-01-08,-4.9,17.9,27.5
EW,C3,2021-01-14,2.4,22.4,24.2
EW,C3,2021-01-21,10.1,26.2,24.2
EW,C3,2021-01-27,12.6,35.2,31.0
EW,C3,2021-02-02,9.3,36.2,29.8
EW,C3,2021-05-21,25.4,21.5,7.4
EW,C3,2021-05-27,25.1,13.9,2.1
EW,C3,2021-07-02,2.1,15.6,-6.7
EW,C3,2021-07-09,0.9,13.7,-3.5
EW,C3,2021-07-15,5.5,9.2,-0.7
EW,C3,2021-07-21,9.1,3.2,-3.6
EW,C3,2021-07-27,5.6,-0.6,-4.0
EW,C3,2021-08-02,3.2,-1.0,-7.5
EW,C3,2021-08-06,3.8,-4.0,-13.6
EW,C3,2021-08-12,3.8,-1.0,-15.0
EW,C3,2021-08-18,0.7,-9.4,-22.2
EW,C3,2021-08-24,-3.0,-5.5,-24.6
EW,C3,2021-08-30,-9.0,-8.2,-17.5
EW,C3,2021-09-03,-4.6,-14.6,-22.9
EW,C3,2021-09-10,-0.1,-6.9,-30.4
EW,C3,2021-09-16,1.2,-11.2,-30.2
EW,C3,2021-09-22,7.4,-2.4,-27.1
EW,C3,2021-09-28,14.8,5.6,-27.3
EW,C3,2021-11-22,-1.6,-12.2,-35.7
EW,C3,2021-11-29,1.1,-12.9,-33.1
EW,C3,2021-12-03,-2.4,-14.3,-32.2
EW,C3,2025-07-28,4.7,5.3,
EW,C3,2025-08-01,4.7,-0.8,
EW,C3,2025-08-07,7.0,-1.9,
EW,C3,2025-08-13,10.9,1.6,
EW,C3,2025-08-19,9.0,5.7,
EW,C3,2025-08-25,7.4,5.5,
EW,C3,2025-09-12,7.5,6.4,
EW,C3,2025-09-18,14.9,10.1,
EW,C3,2025-09-24,16.3,8.8,
EW,C3,2026-03-20,8.7,,
EW,C3,2026-03-26,10.2,,
EW,C3,2026-04-01,16.7,,
MDT,C2,2017-08-14,-4.1,1.0,11.2
MDT,C2,2017-09-11,2.3,0.1,20.9
MDT,C2,2017-10-09,10.1,3.1,23.4
MDT,C2,2017-11-06,0.8,9.1,21.0
MDT,C2,2018-09-03,-2.2,-5.5,14.7
MDT,C2,2018-10-01,-8.8,-7.5,14.2
MDT,C2,2018-10-29,-2.9,-0.9,21.4
MDT,C2,2018-11-26,-5.0,-4.0,16.7
MDT,C2,2018-12-24,2.6,9.7,29.6
MDT,C2,2019-11-18,2.7,-13.6,1.7
MDT,C2,2019-12-16,-31.6,-16.5,5.0
MDT,C2,2020-01-13,-12.6,-16.1,0.5
MDT,C2,2020-02-10,-19.5,-13.1,4.5
MDT,C2,2020-03-09,5.6,19.5,36.9
MDT,C2,2020-04-06,-9.5,8.9,23.5
MDT,C2,2021-04-19,-1.5,-5.2,-16.0
MDT,C2,2021-05-17,2.6,-7.0,-17.6
MDT,C2,2021-06-14,5.8,-17.5,-26.8
MDT,C2,2021-07-12,2.0,-12.7,-27.4
MDT,C2,2021-08-09,-6.6,-18.8,-24.3
MDT,C2,2021-09-06,-13.8,-19.9,-29.9
MDT,C2,2021-10-04,-15.5,-9.1,-32.3
MDT,C2,2021-11-01,-15.9,-14.8,-29.2
MDT,C2,2021-11-29,2.0,-9.6,-23.4
MDT,C2,2023-07-03,-10.6,0.1,-6.5
MDT,C2,2023-07-31,-12.9,6.0,0.3
MDT,C2,2025-01-27,-5.8,-0.0,16.9
MDT,C2,2025-02-24,-9.1,2.5,9.5
MDT,C2,2025-03-24,-1.0,9.2,2.6
MDT,C2,2025-04-21,11.3,13.1,2.1
MDT,C2,2025-05-19,15.9,27.4,0.5
MDT,C2,2025-07-21,1.6,10.2,
MDT,C2,2025-08-18,10.0,6.0,
MDT,C2,2025-09-15,4.5,-8.0,
MDT,C2,2025-10-13,1.8,-8.6,
MDT,C2,2025-11-10,4.5,-19.3,
MDT,C2,2025-12-08,-12.1,-18.4,
MDT,C2,2026-01-05,-9.9,-12.5,
MDT,C2,2026-02-02,-25.4,,
MDT,C2,2026-03-02,-9.4,,
MDT,L3,2017-11-10,5.1,8.8,18.0
MDT,L3,2018-09-07,-0.9,-4.1,17.4
MDT,L3,2018-12-12,-2.6,4.9,21.5
MDT,L3,2019-11-12,4.2,-8.7,4.6
MDT,L3,2021-05-06,0.2,-3.0,-14.7
MDT,L3,2021-07-26,-2.7,-18.6,-25.3
MDT,L3,2023-06-22,-7.7,-4.1,-8.1
MDT,L3,2025-02-10,-6.5,3.8,9.9
MDT,L3,2025-03-19,-5.7,5.9,-2.6
MDT,L3,2025-05-29,14.2,25.7,0.6
MDT,L3,2025-10-14,1.0,-12.5,
MDT,L3,2026-01-12,-10.9,,
MDT,L3,2026-02-11,-24.0,,
MDT,C3,2017-11-13,5.8,8.5,18.3
MDT,C3,2018-09-13,-5.3,-5.7,13.2
MDT,C3,2018-09-19,-8.1,-5.7,12.2
MDT,C3,2018-09-25,-9.3,-9.7,8.4
MDT,C3,2018-10-01,-10.9,-9.8,10.5
MDT,C3,2018-10-05,-12.2,-9.6,13.7
MDT,C3,2018-10-11,-6.0,-8.6,15.6
MDT,C3,2018-10-17,-9.9,-9.2,14.0
MDT,C3,2018-12-18,-0.4,6.9,26.6
MDT,C3,2018-12-24,7.3,15.6,37.0
MDT,C3,2018-12-31,-1.4,9.4,32.5
MDT,C3,2019-11-15,1.6,-12.3,4.7
MDT,C3,2019-11-21,-8.2,-11.1,4.2
MDT,C3,2019-11-27,-7.5,-8.3,2.8
MDT,C3,2019-12-04,-13.5,-17.9,5.0
MDT,C3,2019-12-10,-29.9,-13.1,6.0
MDT,C3,2019-12-16,-32.1,-17.6,3.4
MDT,C3,2019-12-20,-18.3,-19.2,4.9
MDT,C3,2019-12-27,-25.3,-16.7,8.1
MDT,C3,2020-01-03,-16.5,-19.2,5.9
MDT,C3,2020-01-09,-14.0,-18.1,2.0
MDT,C3,2020-01-15,-12.9,-15.8,-2.7
MDT,C3,2020-01-22,-17.5,-19.4,-3.7
MDT,C3,2020-01-28,-17.6,-17.3,1.4
MDT,C3,2020-02-03,-17.5,-14.1,3.9
MDT,C3,2020-02-07,-19.5,-13.8,-2.5
MDT,C3,2021-03-24,8.8,10.3,-1.7
MDT,C3,2021-05-12,4.8,-3.5,-13.4
MDT,C3,2021-05-18,3.0,-5.9,-19.5
MDT,C3,2021-05-24,5.6,-12.4,-23.8
MDT,C3,2021-05-28,6.0,-14.4,-24.7
MDT,C3,2021-07-29,-7.8,-20.0,-26.1
MDT,C3,2021-08-04,-5.5,-17.9,-23.9
MDT,C3,2021-08-10,-1.8,-17.4,-23.8
MDT,C3,2021-08-16,-8.5,-21.5,-29.3
MDT,C3,2021-08-20,-9.6,-17.6,-30.1
MDT,C3,2021-08-26,-16.9,-18.4,-32.4
MDT,C3,2021-09-01,-20.0,-21.9,-30.8
MDT,C3,2021-09-08,-16.1,-21.1,-32.9
MDT,C3,2021-09-14,-19.2,-15.8,-35.6
MDT,C3,2021-09-20,-20.1,-14.3,-35.2
MDT,C3,2021-09-24,-19.1,-13.6,-33.2
MDT,C3,2023-06-09,-2.1,1.3,0.0
MDT,C3,2023-06-28,-8.5,-2.0,-6.5
MDT,C3,2023-07-05,-11.6,1.5,-3.2
MDT,C3,2025-02-12,-4.6,3.7,9.6
MDT,C3,2025-02-19,-6.3,7.7,13.4
MDT,C3,2025-03-21,-4.1,6.8,-0.7
MDT,C3,2025-03-27,1.4,9.9,1.9
MDT,C3,2025-07-15,7.7,12.2,
MDT,C3,2025-07-21,7.6,13.9,
MDT,C3,2025-07-25,2.0,12.4,
MDT,C3,2025-07-31,1.3,15.8,
MDT,C3,2025-08-06,1.5,14.8,
MDT,C3,2025-10-16,6.3,-11.0,
MDT,C3,2025-10-22,5.8,-14.3,
MDT,C3,2025-10-28,11.0,-15.5,
MDT,C3,2026-02-17,-18.3,,
MDT,C3,2026-02-23,-22.3,,
ABT,L2,2018-07-09,10.4,10.4,35.3
ABT,L2,2019-05-20,6.8,9.6,20.8
ABT,L2,2020-07-27,4.8,23.7,22.0
ABT,L2,2021-10-18,-0.4,-4.9,-23.7
ABT,L2,2023-08-28,2.5,16.5,12.4
ABT,L2,2025-07-28,-2.5,-13.3,
ABT,C2,2017-08-14,14.6,24.6,35.3
ABT,C2,2017-09-11,7.8,23.2,34.7
ABT,C2,2017-10-09,8.2,8.1,29.2
ABT,C2,2017-11-06,4.8,12.9,35.3
ABT,C2,2017-12-04,17.0,16.9,30.4
ABT,C2,2018-01-01,-1.9,6.4,17.6
ABT,C2,2018-01-29,-4.3,6.7,19.4
ABT,C2,2018-02-26,5.5,13.5,34.6
ABT,C2,2018-03-26,2.3,23.6,35.8
ABT,C2,2018-07-23,3.1,10.0,36.7
ABT,C2,2018-08-20,3.5,16.2,26.0
ABT,C2,2018-09-17,-2.2,13.9,23.1
ABT,C2,2018-10-15,6.2,10.3,24.5
ABT,C2,2018-11-12,4.9,6.4,20.9
ABT,C2,2018-12-10,13.4,17.2,24.1
ABT,C2,2019-01-07,13.5,22.6,25.2
ABT,C2,2019-06-03,7.0,6.7,13.1
ABT,C2,2019-07-01,-3.7,1.3,9.7
ABT,C2,2019-07-29,-3.3,2.4,19.2
ABT,C2,2019-08-26,0.6,-9.0,32.0
ABT,C2,2019-09-23,7.2,-8.1,28.5
ABT,C2,2019-10-21,11.2,16.2,34.1
ABT,C2,2019-11-18,4.9,10.2,34.5
ABT,C2,2019-12-16,-21.2,5.5,27.7
ABT,C2,2020-01-13,8.3,12.4,27.0
ABT,C2,2020-02-10,0.7,12.4,45.2
ABT,C2,2020-03-09,9.5,29.3,45.2
ABT,C2,2020-04-06,8.6,28.5,42.7
ABT,C2,2020-08-10,13.0,29.2,24.9
ABT,C2,2020-09-07,2.6,12.3,24.9
ABT,C2,2020-10-05,2.1,11.1,9.6
ABT,C2,2020-11-02,8.8,4.8,10.4
ABT,C2,2020-11-30,9.1,2.1,22.6
ABT,C2,2020-12-28,9.1,8.6,30.5
ABT,C2,2021-01-25,-2.5,-1.4,2.9
ABT,C2,2021-02-22,-2.3,4.8,3.7
ABT,C2,2021-03-22,-7.3,2.6,-1.1
ABT,C2,2021-04-19,-1.7,3.6,-1.5
ABT,C2,2021-05-17,8.3,9.1,-1.8
ABT,C2,2021-11-15,-7.6,-10.1,-16.7
ABT,C2,2021-12-13,-10.4,-24.7,-20.7
ABT,C2,2022-01-10,-7.8,-14.4,-9.9
ABT,C2,2022-02-07,-12.1,-10.4,-12.3
ABT,C2,2022-03-07,-3.5,-4.1,-13.4
ABT,C2,2023-09-04,4.3,21.3,15.4
ABT,C2,2024-12-16,11.2,17.6,11.9
ABT,C2,2025-01-13,16.0,10.0,9.3
ABT,C2,2025-02-10,3.7,1.8,-12.1
ABT,C2,2025-03-10,7.5,6.5,-13.1
ABT,C2,2025-04-07,4.5,5.4,-19.5
ABT,C2,2025-05-05,1.2,-4.3,-35.4
ABT,C2,2025-08-04,-5.5,-16.7,
ABT,C2,2025-09-01,-5.5,-16.8,
ABT,C2,2025-09-29,-7.3,-22.8,
ABT,L3,2017-09-18,9.6,18.4,43.6
ABT,L3,2018-01-18,0.1,11.5,25.8
ABT,L3,2018-03-19,0.3,11.9,30.3
ABT,L3,2018-07-24,4.4,12.3,34.0
ABT,L3,2018-09-13,2.2,14.8,22.7
ABT,L3,2018-12-11,10.2,18.4,23.6
ABT,L3,2019-06-04,11.3,11.2,17.5
ABT,L3,2019-11-12,5.8,7.7,31.6
ABT,L3,2020-08-18,9.1,22.1,26.6
ABT,L3,2020-10-28,13.4,12.5,20.6
ABT,L3,2021-02-22,-3.0,3.1,0.2
ABT,L3,2021-04-26,-1.3,5.0,-6.4
ABT,L3,2021-11-15,-6.5,-10.5,-17.2
ABT,L3,2025-02-11,1.9,0.8,-11.1
ABT,L3,2025-05-21,-0.4,-2.9,-30.4
ABT,L3,2025-10-08,-6.8,-27.8,
ABT,C3,2017-08-15,12.9,22.0,39.5
ABT,C3,2017-09-21,11.2,17.6,42.8
ABT,C3,2017-09-27,10.0,15.9,39.3
ABT,C3,2017-10-03,10.3,9.8,30.8
ABT,C3,2017-10-09,8.9,11.0,26.5
ABT,C3,2017-10-13,8.6,8.7,26.1
ABT,C3,2017-10-19,10.7,7.4,25.4
ABT,C3,2017-10-25,13.1,5.4,30.2
ABT,C3,2017-10-31,8.8,10.6,32.5
ABT,C3,2017-11-06,4.4,11.1,33.4
ABT,C3,2017-11-10,9.1,14.4,26.6
ABT,C3,2017-11-16,6.7,13.4,34.3
ABT,C3,2017-11-22,8.6,12.9,30.6
ABT,C3,2017-11-29,10.1,14.8,32.9
ABT,C3,2017-12-05,16.7,15.4,30.3
ABT,C3,2018-01-22,-1.1,10.6,23.9
ABT,C3,2018-01-26,-6.8,2.8,17.7
ABT,C3,2018-02-01,-4.1,5.3,21.1
ABT,C3,2018-02-07,4.9,9.5,30.4
ABT,C3,2018-02-13,6.4,13.2,36.4
ABT,C3,2018-03-21,-0.3,16.7,29.7
ABT,C3,2018-03-27,2.1,24.1,32.9
ABT,C3,2018-04-03,4.4,22.5,34.3
ABT,C3,2018-04-09,8.0,18.5,30.8
ABT,C3,2018-07-25,4.2,12.9,31.9
ABT,C3,2018-07-31,5.6,13.1,34.8
ABT,C3,2018-08-06,9.2,16.1,33.3
ABT,C3,2018-08-10,10.7,18.2,30.1
ABT,C3,2018-08-16,12.7,20.8,34.4
ABT,C3,2018-09-14,2.8,15.3,21.6
ABT,C3,2018-09-20,-4.3,17.2,19.8
ABT,C3,2018-09-26,-0.3,8.9,11.0
ABT,C3,2018-10-02,-6.0,7.9,13.4
ABT,C3,2018-10-08,-2.6,8.3,16.7
ABT,C3,2018-10-12,2.2,10.7,19.7
ABT,C3,2018-10-18,4.5,15.9,24.7
ABT,C3,2018-10-24,7.6,18.6,26.2
ABT,C3,2018-10-30,8.0,13.4,26.1
ABT,C3,2018-12-13,11.3,18.8,22.9
ABT,C3,2018-12-19,15.0,22.4,28.1
ABT,C3,2018-12-26,15.0,24.1,25.9
ABT,C3,2019-06-05,9.7,7.4,15.9
ABT,C3,2019-06-11,5.4,7.3,13.2
ABT,C3,2019-06-17,2.3,7.3,9.9
ABT,C3,2019-06-21,-2.6,3.5,10.3
ABT,C3,2019-06-27,0.4,4.7,13.8
ABT,C3,2019-07-03,-3.9,1.4,15.2
ABT,C3,2019-07-10,-5.8,1.6,17.3
ABT,C3,2019-07-16,-1.3,8.8,22.2
ABT,C3,2019-07-22,-8.2,2.6,16.2
ABT,C3,2019-07-26,-5.4,0.1,17.9
ABT,C3,2019-08-01,-3.6,4.8,18.8
ABT,C3,2019-08-07,-1.0,5.8,21.3
ABT,C3,2019-08-13,-2.7,3.7,18.6
ABT,C3,2019-11-18,0.9,8.6,30.5
ABT,C3,2019-11-22,-7.6,11.5,30.9
ABT,C3,2019-11-29,-5.4,9.2,26.6
ABT,C3,2019-12-05,-8.0,5.3,27.9
ABT,C3,2019-12-11,-6.0,7.2,29.5
ABT,C3,2019-12-17,-27.5,1.1,26.4
ABT,C3,2019-12-23,-14.3,5.6,28.5
ABT,C3,2019-12-30,-8.1,7.4,29.7
ABT,C3,2020-01-06,-1.2,8.7,31.5
ABT,C3,2020-01-10,7.4,17.7,34.8
ABT,C3,2020-01-16,7.0,15.1,38.5
ABT,C3,2020-01-23,5.1,13.9,34.6
ABT,C3,2020-01-29,1.2,13.0,42.6
ABT,C3,2020-02-04,7.0,14.3,47.4
ABT,C3,2020-02-10,4.8,14.2,40.9
ABT,C3,2020-08-20,9.5,18.7,27.2
ABT,C3,2020-08-26,4.6,13.3,26.9
ABT,C3,2020-09-01,1.3,9.6,21.0
ABT,C3,2020-09-08,3.7,15.8,23.2
ABT,C3,2020-09-14,2.0,15.8,19.4
ABT,C3,2020-09-18,1.5,15.1,12.2
ABT,C3,2020-09-24,7.2,18.7,17.2
ABT,C3,2020-11-03,14.1,7.0,20.0
ABT,C3,2021-02-24,-5.1,3.7,-1.4
ABT,C3,2021-03-02,-10.6,6.0,-5.6
ABT,C3,2021-03-08,-5.3,12.2,6.4
ABT,C3,2021-03-12,-5.1,10.0,1.7
ABT,C3,2021-03-18,-5.3,6.3,3.3
ABT,C3,2021-03-24,-4.1,1.4,2.2
ABT,C3,2021-03-30,-1.8,-2.8,4.5
ABT,C3,2021-04-27,-0.1,6.7,-6.3
ABT,C3,2021-05-03,2.1,8.8,-8.3
ABT,C3,2021-05-07,3.5,8.3,-3.8
ABT,C3,2021-11-18,-7.8,-9.3,-14.0
ABT,C3,2021-11-24,-5.2,-5.3,-14.8
ABT,C3,2025-02-12,3.8,2.4,-9.2
ABT,C3,2025-02-19,-0.0,0.5,-12.8
ABT,C3,2025-02-25,-1.7,-2.3,-17.1
ABT,C3,2025-03-03,-4.7,-4.9,-20.1
ABT,C3,2025-03-07,-1.7,-1.6,-21.7
ABT,C3,2025-03-13,3.6,4.6,-18.0
ABT,C3,2025-03-19,5.1,6.0,-18.1
ABT,C3,2025-05-27,-0.7,-2.8,-30.0
ABT,C3,2025-10-13,-5.1,-28.3,
ABT,C3,2025-10-17,-15.1,-27.0,
DXCM,L2,2019-05-20,45.9,86.5,240.6
DXCM,L2,2023-05-29,-16.9,-4.9,-3.1
DXCM,C2,2018-10-22,15.7,-1.0,17.6
DXCM,C2,2018-11-19,10.1,-4.3,78.5
DXCM,C2,2018-12-17,19.1,39.2,97.0
DXCM,C2,2019-01-14,-23.6,2.0,54.4
DXCM,C2,2019-07-29,9.1,66.9,202.0
DXCM,C2,2019-08-26,32.5,60.8,144.1
DXCM,C2,2019-09-23,46.9,77.1,170.9
DXCM,C2,2019-10-21,58.7,125.6,178.9
DXCM,C2,2019-11-18,31.3,82.7,42.4
DXCM,C2,2019-12-16,-1.8,91.8,68.0
DXCM,C2,2020-01-13,40.1,83.9,53.5
DXCM,C2,2020-02-10,47.1,49.8,45.3
DXCM,C2,2020-03-09,51.7,57.1,46.6
DXCM,C2,2020-04-06,59.7,40.2,39.1
DXCM,C2,2020-05-04,8.7,-10.9,-11.5
DXCM,C2,2020-06-01,9.3,-4.5,5.1
DXCM,C2,2020-06-29,-5.6,-9.2,6.0
DXCM,C2,2020-07-27,-26.6,-13.9,18.4
DXCM,C2,2020-08-24,-24.0,-5.1,24.3
DXCM,C2,2020-09-21,-11.8,-12.3,39.4
DXCM,C2,2020-10-19,-9.9,1.0,37.9
DXCM,C2,2020-11-16,32.6,8.3,103.0
DXCM,C2,2020-12-14,-3.9,16.7,54.9
DXCM,C2,2021-02-15,-18.3,23.9,-9.0
DXCM,C2,2021-03-15,21.4,63.4,35.8
DXCM,C2,2023-02-06,3.2,-5.3,2.2
DXCM,C2,2023-03-06,15.4,-3.2,25.5
DXCM,C2,2023-06-05,-16.1,-5.9,-6.9
DXCM,C2,2023-07-03,-34.3,-2.2,-10.3
DXCM,C2,2023-07-31,-19.0,0.5,-39.9
DXCM,C2,2023-08-28,14.4,19.5,-32.0
DXCM,C2,2024-05-06,-45.1,-44.9,-33.4
DXCM,C2,2024-06-03,-40.7,-32.9,-25.1
DXCM,C2,2024-07-01,-40.1,-28.7,-27.1
DXCM,L3,2018-11-15,0.8,-11.1,67.4
DXCM,L3,2019-07-29,0.8,54.4,187.0
DXCM,L3,2019-10-21,49.4,100.2,104.0
DXCM,L3,2019-12-20,17.2,86.6,67.6
DXCM,L3,2020-01-17,38.9,82.7,62.4
DXCM,L3,2020-06-03,12.9,-7.8,10.7
DXCM,L3,2020-07-20,-9.2,-12.9,19.2
DXCM,L3,2020-09-10,-10.8,-13.0,46.3
DXCM,L3,2020-10-02,-2.2,0.7,44.2
DXCM,L3,2023-03-01,10.7,-3.5,18.9
DXCM,L3,2023-07-05,-34.4,1.3,-10.5
DXCM,L3,2023-07-26,-38.0,-7.1,-47.0
DXCM,C3,2018-11-16,2.0,-14.2,62.1
DXCM,C3,2018-11-23,15.5,0.4,80.8
DXCM,C3,2019-07-30,-0.4,55.8,169.3
DXCM,C3,2019-08-05,8.0,73.7,199.1
DXCM,C3,2019-08-09,32.3,82.6,177.8
DXCM,C3,2019-10-25,62.1,139.2,140.9
DXCM,C3,2019-10-31,54.7,162.9,125.3
DXCM,C3,2020-01-22,41.1,77.3,67.5
DXCM,C3,2020-01-28,42.7,88.8,71.7
DXCM,C3,2020-02-03,54.6,85.9,74.0
DXCM,C3,2020-02-07,71.0,81.2,74.4
DXCM,C3,2020-02-13,64.3,71.6,56.8
DXCM,C3,2020-02-20,34.0,42.2,21.9
DXCM,C3,2020-02-26,36.0,52.9,30.4
DXCM,C3,2020-03-03,26.4,45.9,32.6
DXCM,C3,2020-03-09,44.5,43.9,29.3
DXCM,C3,2020-03-13,61.1,58.3,42.7
DXCM,C3,2020-03-19,97.0,87.2,74.3
DXCM,C3,2020-06-05,6.8,-8.5,13.2
DXCM,C3,2020-06-11,8.5,-2.3,19.0
DXCM,C3,2020-07-24,-0.9,-11.1,24.2
DXCM,C3,2020-07-30,-25.9,-6.5,13.7
DXCM,C3,2020-08-05,-21.4,-11.6,12.9
DXCM,C3,2020-08-11,-15.5,0.7,24.7
DXCM,C3,2020-08-17,-24.2,-7.7,18.1
DXCM,C3,2020-08-21,-24.8,-7.1,26.4
DXCM,C3,2020-10-06,3.5,4.3,44.4
DXCM,C3,2021-02-18,-16.7,25.4,-0.6
DXCM,C3,2021-02-24,-10.8,28.6,3.7
DXCM,C3,2021-03-02,-3.9,38.4,-0.4
DXCM,C3,2021-03-08,10.8,56.0,29.2
DXCM,C3,2023-03-02,2.8,-13.5,6.8
DXCM,C3,2023-03-08,10.3,-6.7,17.6
DXCM,C3,2023-03-14,15.7,-16.8,23.7
DXCM,C3,2023-03-20,7.9,-26.6,16.6
DXCM,C3,2023-03-24,10.8,-18.2,22.7
DXCM,C3,2023-07-27,-31.0,-5.2,-44.7
DXCM,C3,2023-08-02,-24.3,2.3,-43.4
DXCM,C3,2023-08-08,-15.8,6.2,-33.9
DXCM,C3,2023-08-14,-12.4,1.8,-36.4
PODD,L2,2020-06-29,15.2,27.1,39.9
PODD,L2,2021-08-16,1.9,-20.7,-9.4
PODD,L2,2025-09-08,-13.5,-35.7,
PODD,C2,2017-11-06,7.3,27.4,29.2
PODD,C2,2017-12-04,15.2,38.3,15.8
PODD,C2,2018-01-01,21.8,29.1,12.2
PODD,C2,2018-01-29,10.6,13.3,8.8
PODD,C2,2018-02-26,29.8,42.7,29.1
PODD,C2,2018-03-26,-1.1,22.2,9.7
PODD,C2,2018-04-23,-4.6,-3.8,-2.5
PODD,C2,2018-05-21,1.3,-16.7,17.0
PODD,C2,2018-06-18,5.0,-24.5,23.0
PODD,C2,2018-07-16,0.7,-14.4,38.3
PODD,C2,2018-08-13,-7.3,0.2,70.1
PODD,C2,2020-01-13,5.6,5.9,49.0
PODD,C2,2020-02-10,-3.9,-4.8,36.5
PODD,C2,2020-03-09,9.4,28.2,58.6
PODD,C2,2020-04-06,13.6,35.9,57.0
PODD,C2,2020-07-20,26.8,47.6,40.6
PODD,C2,2020-08-17,27.2,31.4,41.6
PODD,C2,2020-09-14,6.9,16.0,30.0
PODD,C2,2020-10-12,13.2,19.6,21.0
PODD,C2,2020-11-09,13.2,-9.2,23.0
PODD,C2,2020-12-07,9.6,18.2,9.9
PODD,C2,2021-01-04,8.0,5.6,-5.9
PODD,C2,2021-02-01,-16.7,-2.0,-13.4
PODD,C2,2021-03-01,7.9,20.1,3.9
PODD,C2,2021-03-29,6.2,7.7,5.4
PODD,C2,2021-09-13,-10.2,-11.1,-12.8
PODD,C2,2021-10-11,-19.2,-12.3,-26.4
PODD,C2,2021-11-08,-21.2,-36.8,-6.7
PODD,C2,2021-12-06,-15.0,-15.7,15.2
PODD,C2,2022-01-03,7.0,-5.8,16.9
PODD,C2,2022-12-12,3.4,-4.8,-30.8
PODD,C2,2023-01-09,4.2,-4.9,-34.5
PODD,C2,2023-02-06,12.0,-23.6,-34.7
PODD,C2,2023-03-06,1.0,-38.7,-35.9
PODD,C2,2023-04-03,-12.3,-54.2,-48.1
PODD,C2,2024-11-18,7.6,22.2,26.0
PODD,C2,2024-12-16,0.7,13.7,8.6
PODD,C2,2025-01-13,-10.5,3.1,4.3
PODD,C2,2025-02-10,15.8,14.5,-13.5
PODD,C2,2025-03-10,19.3,33.8,-13.9
PODD,C2,2025-04-07,13.9,23.8,-22.5
PODD,C2,2025-10-06,-8.1,-37.4,
PODD,C2,2025-11-03,-24.4,-51.8,
PODD,C2,2025-12-01,-22.2,-49.7,
PODD,C2,2025-12-29,-27.8,-41.9,
PODD,C2,2026-01-26,-31.6,,
PODD,L3,2018-01-17,18.9,14.9,5.5
PODD,L3,2018-03-09,24.4,34.6,21.8
PODD,L3,2018-06-14,3.5,-23.9,17.7
PODD,L3,2018-08-22,-18.0,0.0,68.4
PODD,L3,2020-07-14,26.4,45.0,34.4
PODD,L3,2020-08-14,25.2,26.9,45.5
PODD,L3,2020-09-25,16.4,20.2,30.8
PODD,L3,2020-11-19,-0.6,2.1,8.7
PODD,L3,2021-01-27,13.5,7.3,-6.7
PODD,L3,2021-09-24,-8.0,-7.9,-15.1
PODD,L3,2021-10-25,-35.5,-18.2,3.6
PODD,L3,2021-12-21,-5.1,-16.4,5.3
PODD,L3,2022-01-11,7.3,-3.5,17.9
PODD,L3,2022-11-30,-4.3,-6.0,-31.6
PODD,L3,2023-02-21,0.5,-38.0,-43.9
PODD,L3,2024-12-16,3.2,16.7,7.1
PODD,L3,2025-01-10,-5.7,3.4,-0.2
PODD,L3,2025-09-24,-11.7,-36.7,
PODD,L3,2025-11-13,-25.1,-53.4,
PODD,L3,2026-01-14,-29.0,,
PODD,C3,2017-10-31,25.7,42.4,39.6
PODD,C3,2017-11-06,4.1,23.7,17.2
PODD,C3,2017-11-10,13.2,31.2,14.1
PODD,C3,2017-11-16,16.6,34.5,23.3
PODD,C3,2017-11-22,7.3,35.5,19.9
PODD,C3,2017-11-29,11.0,32.2,17.2
PODD,C3,2017-12-05,19.7,46.7,10.5
PODD,C3,2017-12-11,20.9,35.1,4.4
PODD,C3,2017-12-15,24.5,33.5,15.9
PODD,C3,2018-01-22,11.8,9.7,6.8
PODD,C3,2018-01-26,12.0,12.6,5.4
PODD,C3,2018-02-01,8.8,10.5,10.4
PODD,C3,2018-03-13,16.9,21.0,14.2
PODD,C3,2018-03-19,16.6,21.4,13.4
PODD,C3,2018-03-23,10.1,25.1,13.7
PODD,C3,2018-03-29,-0.8,15.6,7.9
PODD,C3,2018-04-05,4.4,5.6,-3.9
PODD,C3,2018-04-11,0.6,3.8,-2.6
PODD,C3,2018-04-17,1.2,0.4,-1.8
PODD,C3,2018-04-23,-1.0,-4.2,17.8
PODD,C3,2018-04-27,-4.8,1.0,18.1
PODD,C3,2018-05-03,-1.6,-1.1,21.9
PODD,C3,2018-05-09,3.9,-2.0,27.7
PODD,C3,2018-06-19,7.8,-22.7,25.1
PODD,C3,2018-06-25,16.4,-13.2,30.1
PODD,C3,2018-06-29,18.9,-13.4,40.8
PODD,C3,2018-07-06,4.7,-17.7,36.5
PODD,C3,2018-08-27,-13.7,-5.7,49.9
PODD,C3,2018-08-31,-20.7,-8.0,37.2
PODD,C3,2020-07-20,21.0,42.3,37.7
PODD,C3,2020-07-24,28.9,35.8,42.6
PODD,C3,2020-08-17,23.9,24.4,40.8
PODD,C3,2020-08-21,27.5,29.6,44.6
PODD,C3,2020-08-27,19.1,16.5,39.7
PODD,C3,2020-09-02,15.4,15.8,29.9
PODD,C3,2020-09-09,16.3,22.3,38.1
PODD,C3,2020-10-01,6.8,20.9,26.4
PODD,C3,2020-10-07,4.2,20.7,22.7
PODD,C3,2020-10-13,13.0,14.6,21.5
PODD,C3,2020-10-19,16.8,22.3,24.7
PODD,C3,2020-10-23,10.3,13.1,20.9
PODD,C3,2020-10-29,20.0,2.4,34.5
PODD,C3,2020-11-24,4.8,4.0,7.4
PODD,C3,2020-12-01,-10.1,3.9,0.8
PODD,C3,2020-12-07,4.9,11.2,5.2
PODD,C3,2020-12-11,5.5,17.8,14.4
PODD,C3,2020-12-17,9.4,15.5,11.9
PODD,C3,2020-12-23,0.2,6.7,-2.1
PODD,C3,2021-02-02,-7.9,4.3,-9.7
PODD,C3,2021-02-08,-19.7,2.4,-14.3
PODD,C3,2021-02-12,-18.4,1.7,-11.9
PODD,C3,2021-02-19,-6.3,9.4,-1.2
PODD,C3,2021-09-29,-4.6,-3.0,-16.6
PODD,C3,2021-10-05,-9.3,-10.1,-21.9
PODD,C3,2021-10-26,-24.1,-21.4,-0.2
PODD,C3,2021-11-01,-21.6,-38.0,-4.9
PODD,C3,2021-11-05,-16.8,-35.4,-3.4
PODD,C3,2021-11-11,-19.2,-38.1,-7.0
PODD,C3,2021-12-28,0.1,-13.5,12.4
PODD,C3,2022-01-12,5.9,0.6,17.9
PODD,C3,2022-12-02,-8.1,-7.8,-32.8
PODD,C3,2022-12-08,1.5,-6.2,-27.8
PODD,C3,2022-12-14,4.5,-7.7,-29.6
PODD,C3,2022-12-20,5.5,-2.5,-33.1
PODD,C3,2023-02-27,-2.7,-31.8,-35.8
PODD,C3,2023-03-03,-0.6,-40.1,-42.2
PODD,C3,2024-10-23,18.0,9.4,37.7
PODD,C3,2024-12-18,3.3,22.5,10.6
PODD,C3,2024-12-24,-0.0,14.2,9.8
PODD,C3,2025-01-15,-9.8,8.4,-3.5
PODD,C3,2025-01-22,-6.5,6.9,-9.9
PODD,C3,2025-01-28,-9.3,1.8,-8.5
PODD,C3,2025-02-03,-5.2,9.3,-11.7
PODD,C3,2025-02-07,11.1,13.5,-11.9
PODD,C3,2025-02-13,15.5,16.2,-12.6
PODD,C3,2025-02-20,11.5,16.0,-16.4
PODD,C3,2025-09-25,-11.2,-36.9,
PODD,C3,2025-10-01,-7.3,-34.8,
PODD,C3,2025-10-07,-7.8,-35.4,
PODD,C3,2025-11-19,-28.4,-58.2,
PODD,C3,2025-11-25,-26.5,-55.5,
PODD,C3,2025-12-02,-22.2,-51.2,
PODD,C3,2025-12-08,-25.8,-50.1,
PODD,C3,2025-12-12,-22.7,-51.3,
PODD,C3,2025-12-18,-26.2,-46.1,
PODD,C3,2025-12-24,-27.3,-44.7,
PODD,C3,2026-01-21,-33.5,,
GEHC,C2,2024-04-15,-4.8,8.2,-26.1
GEHC,C2,2024-05-13,3.6,-0.1,-10.5
GEHC,C2,2024-06-10,13.7,6.1,-5.4
GEHC,C2,2024-07-08,13.4,5.7,-6.3
GEHC,C2,2024-08-05,3.1,5.2,-13.5
GEHC,C2,2024-09-02,-4.5,1.8,-10.8
GEHC,C2,2024-09-30,-11.9,-33.8,-16.1
GEHC,C2,2024-10-28,1.6,-18.8,-13.6
GEHC,C2,2024-11-25,5.0,-15.2,-3.7
GEHC,C2,2024-12-23,0.7,-6.4,5.4
GEHC,C2,2025-03-03,-17.2,-12.4,-14.1
GEHC,C2,2025-03-31,25.8,26.6,16.5
GEHC,C2,2026-01-05,-16.1,-25.8,
GEHC,C2,2026-02-02,-21.3,,
GEHC,C2,2026-03-02,-12.9,,
GEHC,C2,2026-03-30,-6.8,,
GEHC,L3,2024-07-24,11.6,12.5,-10.6
GEHC,L3,2024-09-12,-7.2,-6.8,-17.0
GEHC,L3,2025-02-20,-24.9,-19.3,-16.1
GEHC,C3,2024-07-25,10.7,10.6,-9.8
GEHC,C3,2024-07-31,3.2,4.7,-12.8
GEHC,C3,2024-08-06,6.4,5.4,-9.3
GEHC,C3,2024-08-12,3.1,12.4,-9.9
GEHC,C3,2024-09-17,-11.1,-6.6,-12.8
GEHC,C3,2025-02-26,-22.2,-20.1,-19.8
GEHC,C3,2025-03-04,-15.1,-6.6,-14.0
GEHC,C3,2025-03-10,-14.0,-8.8,-15.9
GEHC,C3,2025-12-19,-13.7,-22.7,
GEHC,C3,2025-12-26,-13.9,-22.3,
GEHC,C3,2026-01-02,-10.9,-21.1,
GEHC,C3,2026-01-08,-15.2,-28.4,
GEHC,C3,2026-01-14,-13.0,,
GEHC,C3,2026-01-21,-15.1,,
TMO,L2,2018-11-05,0.1,10.7,21.4
TMO,L2,2019-09-09,7.7,1.0,45.2
TMO,L2,2020-10-05,10.3,3.2,25.9
TMO,C2,2017-08-14,10.3,22.2,33.7
TMO,C2,2017-09-11,0.9,10.6,27.3
TMO,C2,2017-10-09,9.3,11.6,20.6
TMO,C2,2017-11-06,7.6,16.5,31.2
TMO,C2,2017-12-04,16.0,15.6,25.9
TMO,C2,2018-01-01,1.6,2.5,9.9
TMO,C2,2018-01-29,-3.4,7.3,12.2
TMO,C2,2018-02-26,2.7,16.0,28.3
TMO,C2,2018-03-26,0.4,18.4,33.0
TMO,C2,2018-04-23,8.7,8.2,28.7
TMO,C2,2018-11-12,4.8,8.7,27.6
TMO,C2,2018-12-10,12.4,22.0,37.1
TMO,C2,2019-01-07,17.0,21.4,37.3
TMO,C2,2019-09-23,13.7,-4.4,47.3
TMO,C2,2019-10-21,12.5,10.9,62.3
TMO,C2,2019-11-18,8.9,10.7,46.9
TMO,C2,2019-12-16,-14.7,8.1,43.2
TMO,C2,2020-01-13,-2.2,16.7,48.7
TMO,C2,2020-02-10,1.2,22.2,50.1
TMO,C2,2020-03-09,13.3,43.7,50.3
TMO,C2,2020-04-06,20.6,46.6,51.2
TMO,C2,2020-10-19,7.2,1.8,27.7
TMO,C2,2020-11-16,6.2,2.6,41.3
TMO,C2,2020-12-14,-4.6,3.5,39.8
TMO,C2,2021-01-11,-2.0,3.4,18.5
TMO,C2,2021-02-08,-9.5,7.4,11.7
TMO,C2,2022-02-07,-4.3,6.6,1.1
TMO,C2,2022-03-07,-0.5,7.6,2.9
TMO,C2,2022-04-04,-9.0,-13.9,-5.3
TMO,C2,2024-05-27,8.4,-6.6,-28.9
TMO,C2,2026-01-12,-14.8,-13.8,
TMO,C2,2026-02-09,-13.1,,
TMO,C2,2026-03-09,1.1,,
TMO,C2,2026-04-06,6.3,,
TMO,L3,2017-10-02,4.0,12.5,21.2
TMO,L3,2018-02-08,9.5,15.4,27.2
TMO,L3,2018-03-19,-1.3,15.2,30.8
TMO,L3,2018-05-02,11.8,13.4,26.3
TMO,L3,2018-11-23,12.4,14.2,36.6
TMO,L3,2019-09-27,13.1,-1.7,58.2
TMO,L3,2019-11-11,15.6,16.9,54.1
TMO,L3,2020-11-13,-1.9,-5.2,31.0
TMO,L3,2021-01-15,-4.5,5.9,10.3
TMO,L3,2022-04-18,0.6,-13.1,-3.9
TMO,L3,2024-05-22,2.6,-13.1,-31.8
TMO,L3,2026-01-21,-26.1,,
TMO,C3,2017-10-03,6.4,12.0,20.2
TMO,C3,2017-10-09,8.1,13.1,17.9
TMO,C3,2017-10-13,10.5,12.6,20.0
TMO,C3,2017-10-19,12.0,10.8,21.8
TMO,C3,2017-10-25,7.6,4.5,19.7
TMO,C3,2017-10-31,7.6,7.8,22.3
TMO,C3,2017-11-06,3.5,8.2,24.9
TMO,C3,2017-11-10,13.3,16.6,26.6
TMO,C3,2017-11-16,9.8,12.3,30.8
TMO,C3,2018-02-14,3.3,11.3,25.0
TMO,C3,2018-02-21,3.0,13.6,20.1
TMO,C3,2018-02-27,-1.1,13.7,21.4
TMO,C3,2018-03-05,5.7,14.3,27.9
TMO,C3,2018-03-23,0.3,19.6,35.5
TMO,C3,2018-03-29,-0.4,20.0,36.3
TMO,C3,2018-04-05,0.1,13.4,21.9
TMO,C3,2018-05-07,12.3,17.7,26.2
TMO,C3,2018-11-27,5.2,14.3,31.4
TMO,C3,2018-12-03,1.0,13.4,28.0
TMO,C3,2018-12-10,11.1,22.2,38.3
TMO,C3,2018-12-14,15.8,26.4,39.8
TMO,C3,2019-09-30,12.1,4.5,59.9
TMO,C3,2019-10-04,12.1,8.0,59.3
TMO,C3,2019-10-10,18.6,18.3,67.4
TMO,C3,2019-11-14,11.8,13.3,49.4
TMO,C3,2019-11-20,0.7,13.8,56.2
TMO,C3,2019-11-26,-0.9,11.2,51.6
TMO,C3,2019-12-03,-5.5,12.9,49.7
TMO,C3,2019-12-09,-5.0,10.0,47.9
TMO,C3,2019-12-13,-12.3,10.1,43.4
TMO,C3,2019-12-19,-15.9,8.7,44.4
TMO,C3,2019-12-26,-12.9,12.5,54.0
TMO,C3,2020-01-02,-6.8,19.0,54.1
TMO,C3,2020-01-08,-3.6,20.1,57.9
TMO,C3,2020-01-14,-0.3,21.3,53.0
TMO,C3,2020-01-21,-4.9,22.8,53.2
TMO,C3,2020-01-27,1.5,25.3,49.2
TMO,C3,2020-01-31,7.5,32.9,58.1
TMO,C3,2020-02-06,2.6,25.5,47.6
TMO,C3,2021-01-21,-3.5,3.2,16.2
TMO,C3,2021-01-27,-2.5,11.4,21.9
TMO,C3,2021-02-02,-9.3,4.5,9.4
TMO,C3,2021-02-08,-8.2,10.0,9.3
TMO,C3,2021-02-12,-10.4,8.8,6.6
TMO,C3,2021-02-19,-3.4,14.6,16.4
TMO,C3,2022-04-21,-1.2,-13.2,-5.8
TMO,C3,2024-05-23,4.4,-10.7,-30.0
TMO,C3,2024-05-30,7.8,-5.9,-28.1
TMO,C3,2024-06-05,7.9,-6.7,-30.6
TMO,C3,2026-01-27,-23.2,,
TMO,C3,2026-02-02,-18.6,,
TMO,C3,2026-02-06,-15.3,,
TMO,C3,2026-02-12,-13.2,,
TMO,C3,2026-02-19,-12.9,,
DHR,L2,2018-08-20,2.4,13.7,36.0
DHR,L2,2019-05-20,2.7,8.8,20.4
DHR,L2,2020-10-05,7.8,3.0,33.0
DHR,L2,2021-07-05,8.1,6.7,-4.6
DHR,C2,2018-03-12,0.5,5.2,27.1
DHR,C2,2018-04-09,0.1,4.5,33.4
DHR,C2,2018-09-17,-8.7,20.4,36.3
DHR,C2,2018-10-15,7.2,26.6,38.2
DHR,C2,2018-11-12,8.0,27.4,39.3
DHR,C2,2019-06-03,5.1,8.0,26.6
DHR,C2,2019-07-01,-1.8,7.0,25.0
DHR,C2,2019-07-29,-1.8,15.8,47.1
DHR,C2,2019-08-26,2.9,2.0,45.4
DHR,C2,2019-09-23,8.1,-1.9,47.0
DHR,C2,2019-10-21,19.5,21.8,72.0
DHR,C2,2019-11-18,13.1,10.7,58.2
DHR,C2,2020-10-19,2.4,11.9,35.1
DHR,C2,2020-11-16,2.5,12.1,39.6
DHR,C2,2020-12-14,-2.2,13.8,39.1
DHR,C2,2021-01-11,2.8,20.5,24.3
DHR,C2,2021-02-08,3.2,28.4,11.2
DHR,C2,2021-03-08,15.2,54.0,22.7
DHR,C2,2021-04-05,19.5,29.2,29.2
DHR,C2,2021-08-02,-4.9,-6.3,-5.3
DHR,C2,2021-08-30,-5.8,-17.9,-18.7
DHR,C2,2021-09-27,8.9,-3.4,-14.3
DHR,C2,2021-10-25,-9.8,-19.3,-19.0
DHR,C2,2021-11-22,-13.7,-17.6,-17.3
DHR,C2,2021-12-20,-10.2,-19.7,-18.7
DHR,C2,2024-06-10,7.7,-7.6,-20.9
DHR,C2,2024-07-08,9.7,-4.5,-16.5
DHR,C2,2024-08-05,-8.4,-22.7,-24.8
DHR,C2,2024-09-02,-13.5,-20.2,-24.4
DHR,C2,2024-09-30,-12.9,-32.5,-19.9
DHR,L3,2018-03-20,-2.5,7.6,31.9
DHR,L3,2018-08-30,5.6,23.0,37.7
DHR,L3,2019-06-04,8.1,12.2,30.2
DHR,L3,2019-08-30,3.4,-0.1,44.9
DHR,L3,2019-10-15,18.6,16.8,71.5
DHR,L3,2020-11-03,0.5,6.8,28.1
DHR,L3,2021-02-16,3.0,33.0,15.6
DHR,L3,2021-07-28,4.1,-1.8,-2.3
DHR,L3,2021-10-19,-9.0,-18.5,-18.1
DHR,L3,2021-12-13,-11.6,-23.3,-18.1
DHR,L3,2024-07-26,-10.8,-21.6,-26.7
DHR,L3,2024-10-03,-11.5,-30.0,-22.3
DHR,C3,2018-03-21,-0.3,8.6,32.2
DHR,C3,2018-03-27,1.7,12.9,36.6
DHR,C3,2018-04-03,0.8,9.2,33.7
DHR,C3,2018-04-09,1.2,4.1,30.8
DHR,C3,2018-04-13,0.5,6.1,32.7
DHR,C3,2018-09-05,-1.9,23.5,39.2
DHR,C3,2018-09-11,-2.5,23.6,38.1
DHR,C3,2018-09-17,-4.9,24.1,37.2
DHR,C3,2018-09-21,-7.4,22.5,32.0
DHR,C3,2018-09-27,-7.0,22.0,28.9
DHR,C3,2018-10-03,-4.5,21.5,27.3
DHR,C3,2018-10-09,-2.3,17.3,29.1
DHR,C3,2018-10-15,5.5,27.1,34.3
DHR,C3,2018-10-19,6.1,32.3,36.8
DHR,C3,2019-05-21,7.3,10.3,28.9
DHR,C3,2019-06-07,-0.6,9.1,28.6
DHR,C3,2019-06-13,1.0,8.4,23.6
DHR,C3,2019-06-19,2.9,7.8,24.8
DHR,C3,2019-06-25,0.6,7.9,28.8
DHR,C3,2019-07-01,-4.7,7.6,27.3
DHR,C3,2019-07-08,-5.5,10.3,33.6
DHR,C3,2019-07-12,-0.8,15.6,42.9
DHR,C3,2019-07-18,-3.4,13.9,42.0
DHR,C3,2019-09-03,5.4,3.4,49.4
DHR,C3,2019-09-09,6.9,-8.2,48.7
DHR,C3,2019-09-13,7.5,-12.0,45.1
DHR,C3,2020-11-04,-1.4,5.2,27.5
DHR,C3,2020-11-10,7.3,10.6,39.3
DHR,C3,2020-11-16,-1.7,11.3,42.6
DHR,C3,2021-02-22,13.3,41.4,23.0
DHR,C3,2021-02-26,11.7,49.4,20.9
DHR,C3,2021-03-04,12.2,54.4,26.7
DHR,C3,2021-07-30,4.2,-2.4,-1.8
DHR,C3,2021-08-05,-4.8,-4.8,-2.9
DHR,C3,2021-08-11,-1.9,-13.2,-8.2
DHR,C3,2021-08-17,-3.4,-17.0,-13.5
DHR,C3,2021-08-23,-1.5,-13.8,-15.2
DHR,C3,2021-08-27,0.9,-14.5,-8.7
DHR,C3,2021-09-02,-7.3,-20.3,-14.7
DHR,C3,2021-09-09,-3.2,-15.3,-18.0
DHR,C3,2021-09-15,-2.0,-9.5,-19.8
DHR,C3,2021-09-21,-1.5,-10.0,-16.9
DHR,C3,2021-09-27,3.5,-7.5,-14.7
DHR,C3,2021-10-01,1.7,-0.7,-14.6
DHR,C3,2021-10-07,0.2,-6.1,-14.5
DHR,C3,2021-10-25,-11.7,-18.0,-19.0
DHR,C3,2021-12-16,-7.7,-19.2,-15.8
DHR,C3,2024-05-22,0.4,-11.3,-26.3
DHR,C3,2024-05-29,5.3,-5.7,-19.5
DHR,C3,2024-06-04,1.2,-10.2,-25.8
DHR,C3,2024-06-10,3.1,-11.1,-23.7
DHR,C3,2024-06-14,6.8,-11.1,-20.6
DHR,C3,2024-06-21,7.7,-9.1,-20.8
DHR,C3,2024-07-29,-10.6,-20.7,-23.9
DHR,C3,2024-08-02,-10.6,-26.3,-24.1
DHR,C3,2024-08-08,-8.6,-23.0,-20.7
DHR,C3,2024-08-14,-10.6,-21.4,-23.0
DHR,C3,2024-08-20,-14.1,-24.1,-26.3
DHR,C3,2024-08-26,-11.7,-21.3,-27.8
DHR,C3,2024-10-08,-10.7,-28.9,-18.4
DHR,C3,2024-10-14,-12.1,-27.5,-19.6
A,C2,2017-09-18,2.6,0.9,8.5
A,C2,2017-10-16,8.9,0.9,-3.3
A,C2,2017-11-13,4.9,-6.1,-4.7
A,C2,2017-12-11,3.6,-1.8,3.5
A,C2,2018-01-08,-6.1,-11.2,-1.0
A,C2,2018-02-05,3.9,-0.6,14.2
A,C2,2018-03-05,-7.4,-4.8,10.6
A,C2,2018-12-24,21.9,13.4,30.3
A,C2,2019-01-28,4.5,-10.1,9.5
A,C2,2019-02-25,-17.3,-12.1,-4.3
A,C2,2019-03-25,-6.9,-4.6,-11.0
A,C2,2019-04-22,-10.0,-2.2,-1.3
A,C2,2019-05-20,2.0,16.2,25.4
A,C2,2019-06-17,6.5,16.7,22.1
A,C2,2019-07-15,8.8,31.7,38.6
A,C2,2021-04-26,14.8,18.1,-10.3
A,C2,2021-05-24,26.0,10.4,-5.0
A,C2,2021-06-21,17.2,7.4,-17.2
A,C2,2021-07-19,3.8,-9.5,-17.4
A,C2,2021-08-16,-2.2,-21.3,-17.7
A,C2,2021-09-13,-12.8,-19.8,-24.9
A,C2,2021-10-11,-5.5,-17.3,-17.5
A,C2,2021-11-08,-14.6,-25.6,-7.2
A,C2,2021-12-06,-16.5,-22.6,-1.5
A,C2,2022-11-28,-7.4,-23.8,-16.7
A,C2,2022-12-26,-7.6,-19.4,-6.4
A,C2,2023-01-23,-12.9,-18.8,-15.3
A,C2,2023-02-20,-14.6,-14.9,-5.8
A,C2,2024-03-18,-9.5,-4.7,-17.5
A,C2,2024-04-15,-0.5,5.0,-22.2
A,C2,2024-05-13,-9.0,-17.3,-25.7
A,C2,2024-06-10,5.9,7.4,-9.2
A,C2,2026-01-12,-12.5,-5.5,
A,C2,2026-02-09,-11.0,,
A,L3,2017-10-06,6.9,3.2,-0.0
A,L3,2018-12-12,13.5,2.7,19.9
A,L3,2019-02-15,-12.6,-8.0,-0.7
A,L3,2019-07-29,8.5,17.2,40.2
A,L3,2021-05-03,16.0,18.7,-12.3
A,L3,2021-06-08,27.9,12.9,-18.3
A,L3,2023-01-30,-11.0,-16.3,-12.2
A,L3,2024-03-15,-8.4,-4.7,-20.1
A,L3,2024-06-24,3.4,0.7,-9.3
A,C3,2017-10-09,6.6,3.3,-2.3
A,C3,2017-10-13,8.0,2.1,-5.7
A,C3,2017-10-19,10.3,-0.5,-2.3
A,C3,2017-10-25,8.5,-1.1,-1.2
A,C3,2017-10-31,0.5,0.6,-4.3
A,C3,2017-11-06,-1.6,-8.0,-3.9
A,C3,2017-11-10,8.0,-1.4,3.0
A,C3,2017-11-16,3.0,-7.7,5.1
A,C3,2017-11-22,0.1,-8.2,5.6
A,C3,2017-11-29,-0.6,-4.6,5.4
A,C3,2017-12-05,7.7,1.1,4.2
A,C3,2017-12-11,4.6,-4.8,-5.6
A,C3,2018-12-17,16.7,7.4,26.5
A,C3,2018-12-21,26.2,20.5,35.5
A,C3,2018-12-28,24.5,12.4,33.9
A,C3,2019-02-21,-12.1,-10.4,9.2
A,C3,2019-02-27,-15.4,-11.0,-7.4
A,C3,2019-03-05,-13.1,-6.6,-18.9
A,C3,2019-03-11,-11.2,-1.3,-15.5
A,C3,2019-03-15,-11.2,-3.3,-8.3
A,C3,2019-03-21,-10.6,-6.5,-15.0
A,C3,2019-03-27,-5.3,-4.7,-5.3
A,C3,2019-04-02,-6.4,-7.0,-2.0
A,C3,2019-04-08,-12.0,-7.4,-4.4
A,C3,2019-04-12,-13.9,-7.1,-5.6
A,C3,2019-04-18,-8.0,-1.1,1.6
A,C3,2019-04-25,-8.1,-0.3,2.4
A,C3,2021-05-05,16.9,21.0,-9.3
A,C3,2021-05-11,20.5,22.7,-4.3
A,C3,2021-06-10,20.4,6.4,-20.0
A,C3,2021-06-16,21.3,5.0,-18.0
A,C3,2021-06-22,18.0,8.5,-17.2
A,C3,2021-06-28,8.3,8.2,-16.2
A,C3,2021-07-02,3.0,0.5,-19.7
A,C3,2021-07-09,0.1,-0.1,-14.7
A,C3,2021-07-15,3.0,-5.5,-13.8
A,C3,2021-07-21,5.5,-9.4,-11.3
A,C3,2021-07-27,3.7,-6.9,-11.1
A,C3,2021-08-02,3.3,-7.6,-12.2
A,C3,2021-08-06,3.5,-8.8,-9.6
A,C3,2021-08-12,1.9,-14.3,-15.0
A,C3,2021-08-18,-0.4,-22.5,-20.8
A,C3,2021-08-24,-10.2,-22.5,-23.7
A,C3,2021-08-30,-16.0,-26.1,-20.4
A,C3,2021-09-03,-14.1,-27.1,-27.1
A,C3,2021-09-10,-11.7,-22.6,-29.4
A,C3,2021-09-16,-12.5,-22.4,-28.2
A,C3,2021-09-22,-8.4,-19.5,-23.2
A,C3,2021-09-28,0.7,-15.3,-20.6
A,C3,2021-10-04,-2.3,-11.2,-17.0
A,C3,2021-10-08,-3.7,-16.8,-16.9
A,C3,2021-10-14,-7.8,-17.7,-9.2
A,C3,2022-11-23,-11.4,-23.7,-16.6
A,C3,2022-11-30,-9.3,-25.8,-13.1
A,C3,2022-12-06,-9.6,-20.9,-7.0
A,C3,2022-12-12,-14.1,-23.6,-9.4
A,C3,2022-12-16,-12.0,-21.4,-6.3
A,C3,2022-12-22,-10.0,-19.5,-9.7
A,C3,2023-02-01,-14.1,-17.6,-14.3
A,C3,2024-03-18,-9.0,-4.0,-21.2
A,C3,2024-03-22,-9.6,0.8,-29.1
A,C3,2024-06-25,9.1,0.1,-6.9
A,C3,2025-03-04,-7.2,3.0,-7.6
A,C3,2025-03-10,-1.6,3.5,-7.4
MEDP,L2,2018-09-03,-1.0,-11.2,42.4
MEDP,L2,2019-04-01,7.6,34.5,13.5
MEDP,L2,2021-12-20,-29.1,-31.1,-4.8
MEDP,L2,2023-10-16,29.0,62.3,55.5
MEDP,C2,2017-10-16,14.1,8.9,55.9
MEDP,C2,2017-11-13,6.7,19.6,55.6
MEDP,C2,2017-12-11,0.2,25.5,48.2
MEDP,C2,2018-01-08,0.0,20.5,62.1
MEDP,C2,2018-02-05,14.3,62.7,77.6
MEDP,C2,2018-09-10,-13.9,-11.6,38.1
MEDP,C2,2018-10-08,10.3,7.7,44.4
MEDP,C2,2018-11-05,9.1,-5.0,19.4
MEDP,C2,2018-12-03,-10.3,-4.3,38.8
MEDP,C2,2018-12-31,14.3,23.0,57.2
MEDP,C2,2019-04-29,32.4,29.9,31.9
MEDP,C2,2019-05-27,49.9,42.0,72.0
MEDP,C2,2019-06-24,27.1,27.9,34.2
MEDP,C2,2019-07-22,18.2,38.1,66.0
MEDP,C2,2019-08-19,-5.1,26.2,58.8
MEDP,C2,2019-09-16,-0.7,-18.7,32.4
MEDP,C2,2019-10-14,17.7,13.5,60.2
MEDP,C2,2019-11-11,34.6,16.0,61.9
MEDP,C2,2019-12-09,-2.4,6.4,76.2
MEDP,C2,2020-01-06,-0.9,17.0,69.0
MEDP,C2,2020-02-03,-11.8,34.0,57.8
MEDP,C2,2020-03-02,-10.0,22.2,60.2
MEDP,C2,2020-03-30,37.4,68.9,149.2
MEDP,C2,2021-01-25,27.8,32.5,27.6
MEDP,C2,2021-02-22,2.9,11.2,-5.6
MEDP,C2,2021-03-22,8.6,19.4,-4.7
MEDP,C2,2021-04-19,-4.8,-2.2,-21.3
MEDP,C2,2021-05-17,8.2,37.7,-18.8
MEDP,C2,2021-06-14,4.8,21.0,-23.8
MEDP,C2,2021-07-12,2.3,-3.5,-17.6
MEDP,C2,2021-12-27,-22.8,-31.3,-2.4
MEDP,C2,2022-01-24,-21.2,0.0,32.0
MEDP,C2,2022-02-21,-3.8,3.7,25.9
MEDP,C2,2022-11-28,-4.4,1.5,31.8
MEDP,C2,2022-12-26,-11.5,13.1,44.3
MEDP,C2,2023-01-23,-10.5,13.9,33.3
MEDP,C2,2023-02-20,5.5,34.7,108.2
MEDP,C2,2023-03-20,22.8,33.4,124.7
MEDP,C2,2023-04-17,29.8,21.3,96.8
MEDP,C2,2023-05-15,18.4,29.9,86.5
MEDP,C2,2023-11-06,18.5,41.7,31.8
MEDP,C2,2023-12-04,43.2,41.7,23.8
MEDP,C2,2024-01-01,35.9,36.4,15.1
MEDP,C2,2024-01-29,32.8,27.5,18.1
MEDP,C2,2024-02-26,-4.4,-12.1,-19.0
MEDP,C2,2024-03-25,1.9,-18.0,-22.7
MEDP,C2,2024-04-22,-3.7,-16.6,-24.6
MEDP,C2,2024-05-20,0.1,-13.5,-24.5
MEDP,C2,2024-06-17,-9.5,-16.5,-23.4
MEDP,C2,2024-07-15,-15.4,-19.9,-26.0
MEDP,C2,2024-08-12,-19.8,-12.1,18.3
MEDP,C2,2024-09-09,-1.6,-7.6,39.5
MEDP,C2,2024-10-07,0.9,-14.4,44.1
MEDP,C2,2026-01-19,-30.2,,
MEDP,C2,2026-02-16,-4.6,,
MEDP,L3,2018-01-09,-1.2,22.2,62.1
MEDP,L3,2018-12-11,-3.2,5.5,46.3
MEDP,L3,2019-04-26,35.6,27.6,35.1
MEDP,L3,2019-07-19,21.8,41.2,91.6
MEDP,L3,2019-12-10,-10.9,11.1,76.3
MEDP,L3,2021-03-02,2.1,18.1,-14.5
MEDP,L3,2021-05-03,5.7,35.3,-20.7
MEDP,L3,2021-07-16,1.6,-7.4,-9.3
MEDP,L3,2023-01-30,-4.4,21.2,50.9
MEDP,L3,2023-05-02,29.2,34.5,99.0
MEDP,L3,2023-11-08,32.2,42.8,18.4
MEDP,L3,2024-03-13,-3.4,-11.4,-22.4
MEDP,L3,2024-06-24,-21.4,-16.4,-21.4
MEDP,L3,2024-08-29,-6.4,-7.8,35.7
MEDP,L3,2026-01-09,-12.9,,
MEDP,L3,2026-03-04,-2.5,,
MEDP,C3,2018-01-10,-0.5,22.6,59.9
MEDP,C3,2018-01-17,-2.9,28.1,69.3
MEDP,C3,2018-01-23,-2.1,23.3,74.3
MEDP,C3,2018-01-29,0.3,53.1,61.6
MEDP,C3,2018-02-02,11.4,61.8,95.6
MEDP,C3,2018-02-08,18.2,58.9,95.5
MEDP,C3,2018-09-06,-0.2,-5.3,46.7
MEDP,C3,2018-09-12,-14.2,-5.6,36.5
MEDP,C3,2018-09-18,-22.0,-10.4,29.3
MEDP,C3,2018-09-24,-9.8,4.7,38.6
MEDP,C3,2018-12-14,10.1,15.7,56.6
MEDP,C3,2018-12-20,14.8,31.6,66.0
MEDP,C3,2018-12-27,16.1,23.6,61.2
MEDP,C3,2019-05-01,37.4,35.0,49.9
MEDP,C3,2019-07-22,20.0,40.3,91.0
MEDP,C3,2019-07-26,20.8,34.2,91.4
MEDP,C3,2019-08-01,-4.4,21.1,63.3
MEDP,C3,2019-08-07,-7.6,27.1,66.8
MEDP,C3,2019-08-13,-11.1,26.2,54.7
MEDP,C3,2019-08-19,-10.5,25.9,57.9
MEDP,C3,2019-08-23,-3.4,20.2,56.6
MEDP,C3,2019-08-29,-5.9,20.8,42.9
MEDP,C3,2019-09-05,-3.2,-12.7,41.0
MEDP,C3,2019-09-11,-0.1,-24.2,38.8
MEDP,C3,2019-09-17,-6.1,-20.2,28.0
MEDP,C3,2019-09-23,-0.3,-11.6,35.5
MEDP,C3,2019-09-27,1.1,-18.1,44.3
MEDP,C3,2019-10-03,5.7,5.7,61.3
MEDP,C3,2019-10-09,8.3,4.3,52.1
MEDP,C3,2019-12-16,-13.1,13.7,73.8
MEDP,C3,2019-12-20,-13.0,6.9,59.2
MEDP,C3,2019-12-27,-18.2,15.0,69.4
MEDP,C3,2020-01-03,-4.8,19.0,72.1
MEDP,C3,2020-01-09,-1.0,23.3,69.7
MEDP,C3,2020-01-15,-4.0,23.7,48.1
MEDP,C3,2020-01-22,-8.6,33.1,56.2
MEDP,C3,2020-01-28,-9.7,42.1,73.0
MEDP,C3,2020-02-03,-10.2,42.6,92.2
MEDP,C3,2020-02-07,-10.5,37.7,71.1
MEDP,C3,2020-02-13,-11.0,29.7,62.6
MEDP,C3,2020-02-20,-7.7,24.5,64.3
MEDP,C3,2020-02-26,-7.6,29.2,54.7
MEDP,C3,2020-03-03,-1.2,32.0,79.6
MEDP,C3,2020-03-09,-3.2,27.8,83.9
MEDP,C3,2021-03-04,7.9,21.3,-7.5
MEDP,C3,2021-05-05,8.4,36.9,-14.7
MEDP,C3,2021-05-11,9.0,39.9,-15.6
MEDP,C3,2021-05-17,9.3,39.4,-16.5
MEDP,C3,2021-05-21,9.3,29.8,-10.7
MEDP,C3,2021-05-27,11.1,25.9,-10.8
MEDP,C3,2021-06-03,15.7,26.7,-18.4
MEDP,C3,2021-06-09,12.3,20.9,-17.8
MEDP,C3,2021-06-15,0.9,17.4,-16.0
MEDP,C3,2021-06-21,4.5,22.3,-18.1
MEDP,C3,2021-06-25,4.1,21.5,-13.1
MEDP,C3,2021-07-21,1.9,-8.0,-10.9
MEDP,C3,2021-07-27,23.1,3.7,-1.4
MEDP,C3,2022-11-11,-6.9,-5.2,24.8
MEDP,C3,2022-11-17,-10.2,-6.5,26.5
MEDP,C3,2023-02-01,-9.1,16.7,71.3
MEDP,C3,2023-02-07,-10.7,13.0,64.6
MEDP,C3,2023-05-04,28.3,34.2,91.7
MEDP,C3,2023-05-10,26.4,34.3,85.5
MEDP,C3,2023-11-10,43.2,44.3,22.7
MEDP,C3,2023-11-16,39.9,38.8,21.0
MEDP,C3,2023-11-22,45.6,39.5,23.6
MEDP,C3,2023-11-29,48.2,48.2,25.6
MEDP,C3,2023-12-05,45.7,45.9,25.9
MEDP,C3,2023-12-11,40.8,43.0,20.3
MEDP,C3,2023-12-15,38.0,36.0,11.3
MEDP,C3,2023-12-21,30.3,31.6,10.6
MEDP,C3,2023-12-28,27.5,30.6,13.3
MEDP,C3,2024-01-04,38.2,51.3,15.2
MEDP,C3,2024-01-10,34.9,47.7,19.9
MEDP,C3,2024-01-17,30.6,34.1,22.9
MEDP,C3,2024-01-23,30.4,26.5,18.8
MEDP,C3,2024-01-29,32.0,25.1,8.8
MEDP,C3,2024-02-02,36.0,30.8,15.3
MEDP,C3,2024-03-18,2.5,-7.4,-23.8
MEDP,C3,2024-03-22,-0.8,-18.9,-29.0
MEDP,C3,2024-06-27,-21.3,-21.1,-24.5
MEDP,C3,2024-07-03,-14.9,-12.0,-22.6
MEDP,C3,2024-07-10,-17.7,-20.0,8.7
MEDP,C3,2024-07-16,-24.2,-24.5,-4.3
MEDP,C3,2024-07-22,-25.3,-20.9,-0.2
MEDP,C3,2024-07-26,-13.7,-10.0,17.9
MEDP,C3,2024-09-04,-1.4,-8.4,44.6
MEDP,C3,2024-09-10,4.2,-0.1,51.7
MEDP,C3,2024-09-16,-2.3,-9.0,44.1
MEDP,C3,2026-01-15,-16.7,,
MEDP,C3,2026-01-22,-30.5,,
MEDP,C3,2026-01-28,-30.2,,
MEDP,C3,2026-02-03,-24.6,,
MEDP,C3,2026-02-09,-20.1,,
MEDP,C3,2026-02-13,-1.9,,
MEDP,C3,2026-03-05,-2.4,,
MEDP,C3,2026-03-11,-2.2,,
VRTX,L2,2018-03-12,-11.7,1.9,7.1
VRTX,L2,2018-11-26,6.3,-8.1,22.7
VRTX,L2,2020-02-03,13.2,13.7,-10.3
VRTX,C2,2017-12-04,22.7,4.8,19.9
VRTX,C2,2018-01-01,-0.9,11.4,10.9
VRTX,C2,2018-04-09,11.8,12.3,13.3
VRTX,C2,2018-05-07,12.1,15.8,8.3
VRTX,C2,2018-06-04,19.2,14.4,15.3
VRTX,C2,2018-07-02,8.4,-0.4,2.8
VRTX,C2,2018-12-24,14.0,13.6,36.9
VRTX,C2,2019-01-21,-8.8,-12.0,20.9
VRTX,C2,2020-02-17,15.7,10.1,-15.9
VRTX,C2,2020-03-16,42.4,28.8,4.9
VRTX,C2,2020-04-13,8.9,-19.4,-18.9
VRTX,C2,2022-07-11,0.1,2.8,20.5
VRTX,C2,2022-08-08,3.0,1.0,18.8
VRTX,C2,2022-09-05,6.9,-1.7,17.4
VRTX,C2,2022-10-03,-1.7,9.0,22.1
VRTX,C2,2022-10-31,-2.5,12.7,21.8
VRTX,C2,2022-11-28,-9.6,3.9,9.3
VRTX,C2,2022-12-26,9.1,21.9,40.9
VRTX,C2,2023-01-23,6.0,10.1,33.8
VRTX,C2,2023-02-20,14.8,21.8,49.7
VRTX,C2,2023-03-20,10.4,11.2,32.2
VRTX,C2,2023-04-17,9.5,9.3,19.1
VRTX,C2,2023-05-15,0.9,2.6,30.3
VRTX,C2,2023-06-12,0.3,18.0,38.2
VRTX,C2,2023-07-10,5.2,22.9,38.6
VRTX,C2,2023-08-07,6.8,20.9,33.9
VRTX,C2,2023-09-04,2.1,20.6,36.4
VRTX,C2,2023-10-02,15.5,12.8,26.3
VRTX,C2,2023-10-30,12.9,6.6,25.2
VRTX,C2,2023-11-27,23.2,29.7,33.3
VRTX,C2,2023-12-25,2.7,15.2,0.5
VRTX,C2,2024-01-22,-7.6,15.1,2.2
VRTX,C2,2024-02-19,6.2,11.9,12.6
VRTX,C2,2024-03-18,12.8,11.9,21.1
VRTX,C2,2024-04-15,24.7,22.5,24.0
VRTX,C2,2024-05-13,7.2,4.6,-1.5
VRTX,C2,2024-06-10,1.0,-3.5,-5.3
VRTX,C2,2024-07-08,-1.4,-16.2,-4.1
VRTX,C2,2024-08-05,10.3,0.2,-21.8
VRTX,C2,2024-09-02,-1.3,4.3,-15.4
VRTX,C2,2024-09-30,-10.6,4.2,-11.4
VRTX,C2,2024-10-28,-2.0,6.4,-9.7
VRTX,C2,2026-05-04,,,
VRTX,C2,2026-06-01,,,
VRTX,L3,2018-12-12,3.6,3.8,25.7
VRTX,L3,2020-02-07,15.2,11.3,-13.8
VRTX,L3,2022-06-15,12.5,15.7,37.3
VRTX,L3,2022-10-20,8.7,17.4,29.8
VRTX,L3,2022-12-01,-11.1,4.2,26.8
VRTX,L3,2023-02-16,16.4,18.7,48.2
VRTX,L3,2023-05-03,-0.3,9.2,26.3
VRTX,L3,2023-07-10,4.7,25.8,44.0
VRTX,L3,2023-08-30,0.1,17.0,36.5
VRTX,L3,2023-10-10,20.2,9.0,31.7
VRTX,L3,2023-12-05,17.0,34.3,32.5
VRTX,L3,2023-12-26,3.1,15.4,1.1
VRTX,L3,2024-06-14,-1.4,-17.5,-5.9
VRTX,L3,2024-08-08,10.9,-1.5,-15.2
VRTX,L3,2024-10-30,2.8,-10.5,-8.5
VRTX,L3,2026-05-29,,,
VRTX,C3,2018-12-13,3.8,6.1,27.0
VRTX,C3,2018-12-19,19.7,12.6,38.3
VRTX,C3,2018-12-26,15.0,13.2,42.8
VRTX,C3,2020-02-10,13.2,9.2,-12.2
VRTX,C3,2020-02-14,15.8,11.3,-12.8
VRTX,C3,2020-02-21,8.2,10.2,-15.6
VRTX,C3,2020-02-27,28.4,23.4,-4.0
VRTX,C3,2020-03-04,8.3,5.4,-10.7
VRTX,C3,2022-06-21,6.0,7.2,28.9
VRTX,C3,2022-06-27,1.8,0.5,18.9
VRTX,C3,2022-07-01,4.6,1.0,24.6
VRTX,C3,2022-07-08,0.1,0.7,23.2
VRTX,C3,2022-07-14,2.5,7.6,22.2
VRTX,C3,2022-07-20,1.6,10.4,25.5
VRTX,C3,2022-07-26,8.0,12.1,19.5
VRTX,C3,2022-08-01,14.7,11.3,27.6
VRTX,C3,2022-08-05,5.3,3.3,19.7
VRTX,C3,2022-08-11,3.8,-0.0,18.7
VRTX,C3,2022-08-17,3.6,-2.2,17.2
VRTX,C3,2022-08-23,10.4,1.7,20.3
VRTX,C3,2022-08-29,12.4,1.8,23.1
VRTX,C3,2022-09-02,10.9,4.4,25.2
VRTX,C3,2022-09-09,7.6,1.3,19.7
VRTX,C3,2022-09-15,6.0,5.9,22.5
VRTX,C3,2022-10-25,3.5,12.0,22.3
VRTX,C3,2022-10-31,-3.5,10.5,21.4
VRTX,C3,2022-11-04,-5.6,12.9,13.5
VRTX,C3,2022-11-10,-3.9,9.9,13.5
VRTX,C3,2022-11-16,-3.6,8.9,16.2
VRTX,C3,2022-12-07,-7.0,9.9,26.0
VRTX,C3,2022-12-13,-2.7,13.4,32.9
VRTX,C3,2022-12-19,7.8,20.3,40.9
VRTX,C3,2022-12-23,7.8,20.2,45.3
VRTX,C3,2022-12-30,11.5,18.3,51.5
VRTX,C3,2023-01-06,12.5,23.4,51.7
VRTX,C3,2023-01-12,9.8,22.3,45.2
VRTX,C3,2023-02-22,13.0,19.3,39.9
VRTX,C3,2023-02-28,11.5,20.0,42.1
VRTX,C3,2023-05-04,-0.6,8.8,27.1
VRTX,C3,2023-05-10,-0.2,5.7,27.9
VRTX,C3,2023-05-16,-0.1,3.4,27.8
VRTX,C3,2023-07-14,6.0,23.3,40.4
VRTX,C3,2023-07-20,0.0,18.8,39.8
VRTX,C3,2023-07-26,2.7,23.2,32.4
VRTX,C3,2023-08-01,6.2,19.7,34.5
VRTX,C3,2023-08-07,9.5,21.2,41.3
VRTX,C3,2023-09-05,1.5,18.4,38.2
VRTX,C3,2023-09-11,3.0,18.5,32.5
VRTX,C3,2023-10-13,16.7,7.8,28.8
VRTX,C3,2023-10-19,17.2,9.0,30.5
VRTX,C3,2023-10-25,22.9,10.2,36.0
VRTX,C3,2023-10-31,18.4,15.7,35.3
VRTX,C3,2023-11-06,9.6,11.1,21.1
VRTX,C3,2023-11-10,14.1,19.3,20.7
VRTX,C3,2023-11-16,24.4,33.2,36.5
VRTX,C3,2023-11-22,20.9,28.9,30.2
VRTX,C3,2023-12-28,-0.1,17.7,1.0
VRTX,C3,2024-01-04,-2.8,17.4,1.4
VRTX,C3,2024-01-10,-6.2,15.2,3.7
VRTX,C3,2024-01-17,-9.1,13.2,1.1
VRTX,C3,2024-01-23,-9.6,14.3,11.1
VRTX,C3,2024-01-29,-7.7,9.4,4.5
VRTX,C3,2024-02-02,-3.4,10.3,8.8
VRTX,C3,2024-02-08,1.6,11.6,13.8
VRTX,C3,2024-06-18,-0.5,-13.3,-1.6
VRTX,C3,2024-06-25,-2.3,-15.7,1.2
VRTX,C3,2024-07-01,-1.9,-14.6,-0.4
VRTX,C3,2024-08-14,2.7,2.7,-16.8
VRTX,C3,2024-10-31,1.1,-7.7,-8.2
VRTX,C3,2024-11-06,-8.2,-11.1,-14.4
VRTX,C3,2026-06-03,,,
REGN,L2,2022-05-09,-2.6,13.8,15.3
REGN,C2,2017-08-14,-16.3,-29.0,-20.0
REGN,C2,2017-09-11,-10.3,-20.8,-9.5
REGN,C2,2017-10-09,-17.2,-27.4,-13.3
REGN,C2,2017-11-06,-16.8,-24.1,-11.8
REGN,C2,2018-12-10,8.7,-19.9,-1.2
REGN,C2,2019-01-07,-6.3,-28.4,-6.7
REGN,C2,2019-02-04,-23.1,-25.1,-6.1
REGN,C2,2019-03-04,-23.8,-27.5,22.8
REGN,C2,2019-04-01,-24.9,-30.8,20.6
REGN,C2,2019-04-29,-9.4,-7.8,56.0
REGN,C2,2020-09-07,-11.9,-13.5,19.4
REGN,C2,2020-10-05,-17.2,-21.1,-8.6
REGN,C2,2020-11-02,-13.7,-14.1,5.8
REGN,C2,2020-11-30,-6.3,3.9,29.0
REGN,C2,2020-12-28,-1.7,20.8,30.7
REGN,C2,2021-12-20,8.7,-2.1,16.2
REGN,C2,2022-05-16,-6.5,11.4,14.8
REGN,C2,2022-06-13,22.3,24.5,34.8
REGN,C2,2022-09-26,4.7,19.3,19.5
REGN,C2,2022-10-24,-1.1,6.8,3.3
REGN,C2,2022-11-21,2.8,-1.5,8.4
REGN,C2,2022-12-19,12.8,7.3,16.5
REGN,C2,2023-01-16,10.9,1.7,29.3
REGN,C2,2023-02-13,1.4,8.5,26.6
REGN,C2,2023-03-13,4.7,10.1,29.0
REGN,C2,2023-04-10,-13.4,1.2,9.1
REGN,C2,2023-05-08,8.4,7.3,30.8
REGN,C2,2023-06-05,11.3,12.5,34.4
REGN,C2,2023-07-03,20.8,31.9,49.4
REGN,C2,2023-12-18,14.2,24.4,-17.1
REGN,C2,2024-01-15,-3.9,13.9,-27.0
REGN,C2,2024-02-12,3.6,24.4,-28.9
REGN,C2,2024-03-11,7.5,19.6,-30.8
REGN,C2,2024-04-08,21.6,12.3,-38.7
REGN,C2,2024-05-06,16.2,-14.9,-45.7
REGN,C2,2024-06-03,12.8,-22.4,-50.7
REGN,C2,2024-07-01,-2.1,-30.6,-46.9
REGN,C2,2024-07-29,-22.0,-37.8,-48.2
REGN,C2,2024-08-26,-36.7,-40.9,-50.8
REGN,C2,2024-09-23,-31.7,-38.8,-45.7
REGN,C2,2024-10-21,-27.6,-35.3,-37.8
REGN,C2,2024-11-18,-5.0,-20.1,3.0
REGN,C2,2026-03-09,-17.8,,
REGN,L3,2018-12-12,7.7,-15.2,-0.4
REGN,L3,2020-10-12,-13.9,-16.1,-4.9
REGN,L3,2021-11-23,-4.8,1.5,15.1
REGN,L3,2021-12-21,12.1,-1.5,19.7
REGN,L3,2022-10-21,4.0,13.0,14.4
REGN,L3,2023-02-27,-2.9,9.7,27.3
REGN,L3,2023-05-03,-3.5,3.4,21.8
REGN,L3,2023-07-17,16.0,30.7,49.3
REGN,L3,2023-12-22,13.7,23.4,-13.7
REGN,L3,2024-05-30,20.5,-22.2,-45.3
REGN,L3,2024-07-11,-6.0,-35.8,-47.7
REGN,L3,2024-09-18,-37.8,-44.1,-47.1
REGN,L3,2026-02-24,-19.4,,
REGN,C3,2018-12-13,7.1,-15.4,-1.0
REGN,C3,2018-12-19,12.5,-13.9,3.5
REGN,C3,2018-12-26,12.9,-12.4,5.3
REGN,C3,2019-01-02,9.8,-19.1,4.1
REGN,C3,2019-01-08,-1.0,-24.9,-8.4
REGN,C3,2019-01-14,-14.4,-26.0,-15.3
REGN,C3,2019-01-18,-18.7,-26.2,-19.3
REGN,C3,2019-01-25,-18.0,-26.0,-6.8
REGN,C3,2019-01-31,-19.8,-29.6,-5.4
REGN,C3,2019-02-06,-23.0,-25.0,-1.4
REGN,C3,2019-02-12,-26.0,-28.3,6.2
REGN,C3,2019-02-19,-23.9,-31.8,10.5
REGN,C3,2019-02-25,-26.8,-30.9,17.6
REGN,C3,2019-03-01,-31.3,-34.2,-1.7
REGN,C3,2019-03-07,-25.7,-30.8,18.4
REGN,C3,2019-03-13,-25.4,-29.6,9.9
REGN,C3,2019-03-19,-21.3,-27.6,16.2
REGN,C3,2019-03-25,-22.8,-30.8,24.9
REGN,C3,2019-03-29,-23.2,-31.6,24.9
REGN,C3,2020-10-16,-10.7,-16.4,4.2
REGN,C3,2021-11-29,-6.6,-6.9,14.6
REGN,C3,2021-12-22,12.3,-4.3,17.2
REGN,C3,2022-05-10,2.2,20.6,21.7
REGN,C3,2022-09-27,3.8,18.3,20.1
REGN,C3,2022-10-03,-1.5,11.5,14.8
REGN,C3,2022-10-07,-1.7,13.5,11.9
REGN,C3,2022-10-25,-1.5,7.5,11.2
REGN,C3,2022-10-31,4.6,0.8,6.4
REGN,C3,2022-11-04,0.6,1.5,8.4
REGN,C3,2022-11-10,1.5,2.4,7.7
REGN,C3,2022-11-16,1.7,-1.5,12.0
REGN,C3,2022-11-22,1.5,-2.4,11.5
REGN,C3,2022-11-29,6.0,0.3,17.3
REGN,C3,2022-12-05,-1.1,1.6,12.6
REGN,C3,2022-12-09,-0.0,4.2,12.9
REGN,C3,2022-12-15,2.7,7.3,20.1
REGN,C3,2022-12-21,12.3,-2.4,24.0
REGN,C3,2022-12-28,15.9,-2.9,28.5
REGN,C3,2023-01-04,13.4,-0.8,28.0
REGN,C3,2023-01-10,18.7,2.9,35.7
REGN,C3,2023-03-01,-4.0,6.2,25.3
REGN,C3,2023-03-07,-3.1,7.6,24.5
REGN,C3,2023-05-04,3.5,9.1,28.4
REGN,C3,2023-12-27,9.2,18.3,-20.3
REGN,C3,2024-01-03,2.3,17.7,-24.4
REGN,C3,2024-01-09,0.2,20.3,-23.0
REGN,C3,2024-01-16,-4.6,12.6,-26.7
REGN,C3,2024-01-22,-3.8,14.3,-26.1
REGN,C3,2024-01-26,-5.3,15.1,-26.6
REGN,C3,2024-02-01,0.1,16.2,-29.7
REGN,C3,2024-02-07,3.8,23.3,-25.3
REGN,C3,2024-02-13,2.9,26.8,-25.2
REGN,C3,2024-02-20,3.9,26.7,-27.3
REGN,C3,2024-02-26,-2.3,19.8,-27.3
REGN,C3,2024-03-01,1.1,15.1,-30.9
REGN,C3,2024-03-07,2.9,19.6,-32.3
REGN,C3,2024-03-13,7.4,18.0,-34.1
REGN,C3,2024-03-19,9.3,8.5,-35.0
REGN,C3,2024-06-05,13.8,-22.6,-49.2
REGN,C3,2024-07-17,-8.0,-36.0,-49.6
REGN,C3,2024-07-23,-10.8,-34.9,-47.3
REGN,C3,2024-07-29,-13.9,-35.3,-48.2
REGN,C3,2026-02-25,-21.5,,
REGN,C3,2026-03-03,-17.9,,
REGN,C3,2026-03-09,-22.9,,
CRSP,C2,2018-04-16,7.9,-33.3,-32.9
CRSP,C2,2018-05-14,-24.8,-42.5,-40.0
CRSP,C2,2018-06-11,-6.7,-44.9,-27.0
CRSP,C2,2018-07-09,-42.6,-46.5,-25.3
CRSP,C2,2018-08-06,-22.8,-35.5,6.1
CRSP,C2,2018-09-03,-30.1,-24.8,-8.7
CRSP,C2,2018-10-01,-21.5,-0.4,2.8
CRSP,C2,2019-08-05,1.1,4.6,79.6
CRSP,C2,2019-09-02,58.0,11.1,79.1
CRSP,C2,2019-09-30,49.9,-0.7,101.0
CRSP,C2,2019-10-28,2.1,-4.8,80.4
CRSP,C2,2019-11-25,-25.4,-9.9,69.6
CRSP,C2,2019-12-23,-36.6,12.2,155.3
CRSP,C2,2020-10-26,80.5,43.0,-0.5
CRSP,C2,2020-11-23,3.4,-2.8,-35.2
CRSP,C2,2020-12-21,-34.0,-15.4,-51.2
CRSP,C2,2021-01-18,-32.9,-35.1,-66.8
CRSP,C2,2021-02-15,-22.4,-21.3,-60.9
CRSP,C2,2021-03-15,-1.4,-3.9,-47.6
CRSP,C2,2021-04-12,6.5,-18.2,-47.5
CRSP,C2,2021-05-10,18.9,-16.6,-51.0
CRSP,C2,2021-09-13,-33.6,-45.5,-43.4
CRSP,C2,2023-07-24,-31.9,7.2,1.8
CRSP,C2,2023-08-21,40.8,69.0,-2.0
CRSP,C2,2025-10-20,-17.9,-27.8,
CRSP,C2,2025-11-17,6.4,0.3,
CRSP,C2,2025-12-15,-17.2,-3.2,
CRSP,L3,2018-05-02,-2.0,-25.1,-20.3
CRSP,L3,2018-09-11,-35.4,-28.4,-11.3
CRSP,L3,2020-10-30,82.7,10.5,-4.2
CRSP,L3,2021-02-03,-34.5,-17.8,-64.4
CRSP,L3,2021-05-03,1.5,-24.3,-62.1
CRSP,L3,2025-10-15,-26.7,-23.2,
CRSP,C3,2018-05-03,1.4,-26.6,-17.4
CRSP,C3,2018-05-09,-8.5,-29.8,-24.6
CRSP,C3,2018-05-15,-13.4,-35.7,-36.2
CRSP,C3,2018-05-21,-24.3,-44.8,-42.3
CRSP,C3,2018-05-25,-26.9,-44.6,-36.5
CRSP,C3,2018-06-01,-17.3,-46.5,-35.5
CRSP,C3,2018-06-07,-25.8,-45.7,-33.8
CRSP,C3,2018-06-13,-2.9,-48.2,-22.9
CRSP,C3,2018-06-19,-21.1,-60.7,-24.4
CRSP,C3,2018-09-17,-42.6,-30.8,-18.5
CRSP,C3,2018-09-21,-40.9,-20.3,-10.9
CRSP,C3,2019-07-12,-25.3,21.4,84.9
CRSP,C3,2019-07-18,-23.8,13.8,72.0
CRSP,C3,2019-07-24,-19.1,10.3,92.5
CRSP,C3,2019-07-30,2.6,5.4,79.0
CRSP,C3,2019-08-05,4.9,25.8,98.9
CRSP,C3,2019-08-09,1.8,11.6,83.5
CRSP,C3,2019-08-15,23.4,15.0,92.9
CRSP,C3,2020-11-03,94.9,16.1,-2.0
CRSP,C3,2021-02-04,-39.5,-20.3,-63.7
CRSP,C3,2021-02-10,-33.4,-24.8,-65.3
CRSP,C3,2021-05-04,15.3,-22.0,-54.9
CRSP,C3,2021-05-10,31.8,-13.3,-44.3
CRSP,C3,2021-05-14,13.0,-19.3,-48.8
CRSP,C3,2021-09-02,-44.0,-50.9,-41.0
CRSP,C3,2024-06-11,-21.5,-29.0,-25.1
CRSP,C3,2024-06-17,-19.9,-34.1,-16.4
CRSP,C3,2025-10-21,-24.4,-29.9,
CRSP,C3,2025-10-27,-24.0,-20.3,
NTLA,L2,2018-10-22,-25.6,-14.2,-44.1
NTLA,L2,2021-08-02,-19.0,-42.6,-62.2
NTLA,C2,2017-12-11,34.0,49.1,-14.4
NTLA,C2,2018-01-08,2.3,52.0,-34.3
NTLA,C2,2018-02-05,1.1,17.8,-42.8
NTLA,C2,2018-03-05,-22.1,-22.1,-55.1
NTLA,C2,2018-04-02,53.7,19.0,-10.0
NTLA,C2,2018-04-30,24.2,-9.4,-24.5
NTLA,C2,2018-05-28,21.5,-29.6,-45.5
NTLA,C2,2018-06-25,4.6,-52.6,-40.2
NTLA,C2,2018-07-23,-24.8,-44.0,-30.5
NTLA,C2,2018-11-05,-28.4,-14.2,-30.0
NTLA,C2,2020-11-02,146.7,141.4,382.8
NTLA,C2,2020-11-30,19.3,66.3,132.6
NTLA,C2,2020-12-28,47.2,200.9,117.4
NTLA,C2,2021-01-25,22.6,126.5,37.4
NTLA,C2,2021-02-22,23.9,164.6,59.4
NTLA,C2,2021-03-22,37.2,130.4,9.1
NTLA,C2,2021-04-19,75.9,68.0,-35.3
NTLA,C2,2021-05-17,135.2,104.0,-24.8
NTLA,C2,2021-08-23,-29.3,-39.8,-63.3
NTLA,C2,2021-09-20,-15.0,-52.6,-63.8
NTLA,C2,2025-09-22,-42.1,-24.2,
NTLA,C2,2025-10-20,-42.9,-46.8,
NTLA,C2,2025-11-17,54.0,53.5,
NTLA,C2,2025-12-15,39.1,69.8,
NTLA,L3,2018-02-08,6.0,16.3,-41.6
NTLA,L3,2018-06-28,0.4,-48.0,-38.6
NTLA,L3,2020-10-09,188.9,155.9,410.1
NTLA,L3,2021-04-09,103.0,77.4,-22.4
NTLA,L3,2021-05-04,129.4,88.2,-32.5
NTLA,L3,2021-08-27,-28.1,-59.3,-59.7
NTLA,L3,2025-10-16,-43.7,-45.3,
NTLA,L3,2025-12-09,43.9,63.4,
NTLA,C3,2018-02-09,7.7,19.3,-38.8
NTLA,C3,2018-02-15,-4.9,13.0,-33.9
NTLA,C3,2018-02-22,0.7,16.9,-39.2
NTLA,C3,2018-02-28,-2.5,17.8,-36.8
NTLA,C3,2018-03-06,-3.3,-3.2,-39.5
NTLA,C3,2018-03-12,-22.9,-6.6,-51.1
NTLA,C3,2018-03-16,17.6,28.0,-30.6
NTLA,C3,2018-03-22,23.0,23.6,-21.2
NTLA,C3,2018-07-03,-17.5,-50.6,-43.6
NTLA,C3,2018-07-10,-26.9,-53.3,-41.8
NTLA,C3,2018-07-16,-16.5,-51.8,-38.0
NTLA,C3,2018-07-20,-30.6,-57.4,-44.3
NTLA,C3,2018-07-26,-27.9,-49.0,-35.9
NTLA,C3,2018-08-01,-25.3,-50.4,-34.0
NTLA,C3,2020-10-13,232.8,182.9,442.7
NTLA,C3,2020-10-19,188.6,237.9,416.0
NTLA,C3,2020-10-23,157.1,196.6,438.3
NTLA,C3,2020-10-29,166.9,171.5,408.1
NTLA,C3,2020-11-04,169.6,124.1,406.1
NTLA,C3,2020-11-10,130.9,118.5,322.6
NTLA,C3,2020-11-16,92.6,101.0,225.3
NTLA,C3,2020-11-20,87.0,128.0,212.4
NTLA,C3,2020-11-27,38.2,97.2,184.5
NTLA,C3,2020-12-03,38.3,98.7,184.9
NTLA,C3,2020-12-09,34.6,57.1,157.1
NTLA,C3,2020-12-15,27.5,55.9,122.9
NTLA,C3,2020-12-21,3.2,141.7,89.7
NTLA,C3,2020-12-28,31.5,145.5,73.7
NTLA,C3,2021-01-04,30.7,164.8,59.8
NTLA,C3,2021-01-08,-2.6,72.6,5.4
NTLA,C3,2021-01-14,-19.1,77.5,2.3
NTLA,C3,2021-01-21,16.8,87.6,37.5
NTLA,C3,2021-01-27,32.1,138.8,67.7
NTLA,C3,2021-02-02,-5.7,127.3,29.6
NTLA,C3,2021-02-08,-13.4,110.2,22.3
NTLA,C3,2021-02-12,-2.8,111.0,28.1
NTLA,C3,2021-04-14,77.1,71.4,-29.8
NTLA,C3,2021-04-20,119.4,95.1,-27.3
NTLA,C3,2021-05-07,130.1,87.2,-30.7
NTLA,C3,2021-05-13,150.7,125.9,-29.5
NTLA,C3,2021-08-31,-31.5,-60.4,-60.7
NTLA,C3,2021-09-07,-28.7,-64.0,-61.1
NTLA,C3,2021-09-13,-25.3,-53.1,-65.1
NTLA,C3,2021-09-17,-22.0,-54.2,-64.8
NTLA,C3,2021-09-23,-22.9,-53.5,-60.8
NTLA,C3,2021-09-29,-14.0,-49.0,-61.1
NTLA,C3,2021-10-05,-19.4,-52.5,-57.9
NTLA,C3,2021-10-11,-22.2,-55.0,-60.1
NTLA,C3,2025-10-22,-39.7,-45.2,
NTLA,C3,2025-10-28,-6.4,-0.8,
NTLA,C3,2025-11-03,-6.0,7.0,
NTLA,C3,2025-11-07,22.1,33.3,
NTLA,C3,2025-11-13,50.4,45.3,
NTLA,C3,2025-11-19,62.9,70.8,
NTLA,C3,2025-11-25,59.1,72.5,
NTLA,C3,2025-12-12,45.8,69.1,
BEAM,L2,2021-08-30,-39.5,-43.1,-53.2
BEAM,C2,2021-03-22,15.4,16.4,-28.6
BEAM,C2,2021-04-19,20.3,22.1,-45.1
BEAM,C2,2021-05-17,40.4,23.5,-51.5
BEAM,C2,2021-09-06,-32.3,-44.1,-47.2
BEAM,C2,2021-10-04,-15.8,-38.1,-42.9
BEAM,C2,2024-04-29,18.6,-0.9,-12.5
BEAM,C2,2025-03-31,31.0,68.6,61.5
BEAM,C2,2025-12-22,-20.7,24.4,
BEAM,C2,2026-01-19,-14.1,,
BEAM,C2,2026-02-16,3.8,,
BEAM,C2,2026-03-16,38.6,,
BEAM,C2,2026-04-13,-12.3,,
BEAM,L3,2021-05-07,47.2,28.6,-54.8
BEAM,L3,2021-09-14,-19.4,-40.8,-53.4
BEAM,L3,2024-05-21,8.1,7.5,-31.5
BEAM,L3,2025-12-11,-8.0,29.2,
BEAM,L3,2026-03-13,23.2,,
BEAM,C3,2021-05-10,68.4,45.6,-47.1
BEAM,C3,2021-05-14,41.9,23.6,-55.5
BEAM,C3,2021-09-17,-19.1,-43.0,-53.8
BEAM,C3,2021-09-23,-18.3,-39.4,-48.1
BEAM,C3,2021-09-29,-8.7,-35.3,-46.6
BEAM,C3,2021-10-05,-17.2,-42.8,-43.7
BEAM,C3,2024-04-02,-24.5,-23.4,-43.4
BEAM,C3,2024-04-08,-10.2,-14.2,-33.6
BEAM,C3,2024-04-12,3.9,-6.1,-23.6
BEAM,C3,2024-04-18,24.7,-10.2,-16.7
BEAM,C3,2024-04-24,40.9,-2.5,-24.1
BEAM,C3,2024-04-30,29.3,14.8,-18.8
BEAM,C3,2024-05-24,7.1,12.5,-25.7
BEAM,C3,2025-12-17,-6.4,36.0,
BEAM,C3,2025-12-23,-21.1,25.3,
BEAM,C3,2025-12-30,-12.9,28.8,
BEAM,C3,2026-01-06,-3.2,8.8,
BEAM,C3,2026-01-12,-10.0,,
BEAM,C3,2026-01-16,1.5,,
BEAM,C3,2026-01-23,-3.2,,
BEAM,C3,2026-01-29,2.7,,
BEAM,C3,2026-02-04,19.9,,
BEAM,C3,2026-02-10,9.6,,
BEAM,C3,2026-03-18,40.3,,
BEAM,C3,2026-03-24,45.3,,
BEAM,C3,2026-03-30,58.9,,
BEAM,C3,2026-04-06,47.8,,
ILMN,C2,2017-08-14,10.4,21.1,72.1
ILMN,C2,2017-09-11,2.8,20.5,67.6
ILMN,C2,2017-10-09,18.3,16.7,55.5
ILMN,C2,2017-11-06,3.9,27.8,57.6
ILMN,C2,2017-12-04,14.9,29.6,47.7
ILMN,C2,2018-01-01,0.0,25.4,32.7
ILMN,C2,2018-01-29,11.2,51.0,28.5
ILMN,C2,2018-02-26,20.6,54.8,40.1
ILMN,C2,2018-03-26,18.1,55.3,31.4
ILMN,C2,2018-04-23,23.2,20.7,28.5
ILMN,C2,2018-05-21,27.9,16.6,17.4
ILMN,C2,2018-06-18,26.7,-1.3,27.9
ILMN,C2,2018-07-16,0.6,0.5,-5.8
ILMN,C2,2018-08-13,-1.8,-8.0,-12.2
ILMN,C2,2018-09-10,-7.5,-12.3,-14.8
ILMN,C2,2018-10-08,-4.5,5.2,-5.9
ILMN,C2,2018-11-05,-13.7,-4.1,-10.9
ILMN,C2,2018-12-03,-8.4,4.4,1.6
ILMN,C2,2018-12-31,6.9,25.0,6.6
ILMN,C2,2019-12-30,-18.4,15.6,14.6
ILMN,C2,2020-01-27,5.5,31.7,47.0
ILMN,C2,2021-04-05,18.2,1.6,-10.1
ILMN,C2,2021-05-03,29.5,6.3,-35.1
ILMN,C2,2021-05-31,11.7,-16.9,-44.3
ILMN,C2,2021-06-28,-16.8,-19.9,-59.8
ILMN,C2,2021-07-26,-16.3,-33.0,-56.3
ILMN,C2,2021-08-23,-20.4,-29.1,-55.8
ILMN,C2,2023-04-24,-6.4,-46.9,-40.5
ILMN,C2,2023-05-22,-19.3,-49.8,-45.6
ILMN,C2,2023-06-19,-34.3,-30.6,-46.2
ILMN,C2,2025-01-06,-45.3,-27.4,3.2
ILMN,C2,2025-02-03,-31.8,-14.9,7.8
ILMN,C2,2026-03-16,30.2,,
ILMN,C2,2026-04-13,38.8,,
ILMN,C2,2026-05-11,,,
ILMN,C2,2026-06-08,,,
ILMN,C2,2026-07-06,,,
ILMN,L3,2017-10-30,8.0,25.7,61.5
ILMN,L3,2017-12-07,17.3,34.5,36.1
ILMN,L3,2018-01-23,-0.1,19.1,16.0
ILMN,L3,2018-03-23,17.1,55.9,37.4
ILMN,L3,2018-05-21,25.2,15.7,17.0
ILMN,L3,2018-11-28,-10.7,0.3,-4.1
ILMN,L3,2021-07-22,-15.9,-31.8,-54.1
ILMN,L3,2024-12-17,-38.8,-33.8,-6.1
ILMN,L3,2026-04-28,,,
ILMN,C3,2017-08-15,5.9,17.5,78.0
ILMN,C3,2017-08-21,11.2,20.5,86.1
ILMN,C3,2017-08-25,17.7,20.1,79.5
ILMN,C3,2017-08-31,4.4,22.3,74.1
ILMN,C3,2017-09-07,3.5,19.7,66.7
ILMN,C3,2017-09-13,-1.2,15.7,68.2
ILMN,C3,2017-09-19,5.6,15.8,78.8
ILMN,C3,2017-09-25,7.0,14.2,63.6
ILMN,C3,2017-09-29,15.6,15.6,54.3
ILMN,C3,2017-10-05,18.0,17.3,59.9
ILMN,C3,2017-10-11,16.8,18.9,51.8
ILMN,C3,2017-10-17,18.7,12.0,41.5
ILMN,C3,2017-11-02,5.9,27.9,47.6
ILMN,C3,2017-11-08,4.4,27.1,42.6
ILMN,C3,2017-12-11,18.6,33.5,27.3
ILMN,C3,2017-12-15,11.3,26.7,38.5
ILMN,C3,2017-12-21,9.5,30.2,43.5
ILMN,C3,2018-01-26,-0.8,35.8,16.0
ILMN,C3,2018-02-01,11.6,46.8,27.0
ILMN,C3,2018-03-26,11.7,51.5,33.6
ILMN,C3,2018-04-02,22.1,49.9,47.2
ILMN,C3,2018-04-06,27.7,33.6,39.8
ILMN,C3,2018-04-12,24.7,34.9,31.9
ILMN,C3,2018-04-18,24.5,26.9,24.0
ILMN,C3,2018-04-24,30.6,23.7,34.4
ILMN,C3,2018-05-25,29.5,26.9,26.6
ILMN,C3,2018-06-01,27.7,21.0,24.5
ILMN,C3,2018-06-07,24.5,20.0,27.7
ILMN,C3,2018-06-13,22.9,9.2,24.1
ILMN,C3,2018-06-19,24.7,-4.6,30.0
ILMN,C3,2018-06-25,31.7,9.3,37.4
ILMN,C3,2018-06-29,29.7,10.2,8.2
ILMN,C3,2018-07-06,13.9,7.3,2.5
ILMN,C3,2018-07-12,5.6,1.8,-2.0
ILMN,C3,2018-07-18,4.6,-2.0,-2.6
ILMN,C3,2018-07-24,-6.2,-11.7,-5.4
ILMN,C3,2018-07-30,5.0,-2.5,0.4
ILMN,C3,2018-08-03,-2.5,-14.5,-13.9
ILMN,C3,2018-08-09,-1.3,-10.1,-13.5
ILMN,C3,2018-08-15,-2.5,-8.2,-14.1
ILMN,C3,2018-08-21,-6.5,-5.6,-18.0
ILMN,C3,2018-08-27,-3.1,-13.5,-20.0
ILMN,C3,2018-08-31,-5.8,-14.0,-15.2
ILMN,C3,2018-09-07,-4.7,-11.4,-10.3
ILMN,C3,2018-09-13,-12.6,-13.2,-16.1
ILMN,C3,2018-09-19,-20.4,-12.9,-17.7
ILMN,C3,2018-09-25,-16.9,-11.1,-19.7
ILMN,C3,2018-10-01,-17.4,-13.6,-15.3
ILMN,C3,2018-10-05,-6.0,1.7,-6.1
ILMN,C3,2018-10-11,-0.6,3.8,2.6
ILMN,C3,2018-10-17,-8.1,-4.5,-9.9
ILMN,C3,2018-12-04,-8.7,2.1,-3.2
ILMN,C3,2018-12-11,-7.0,7.0,1.6
ILMN,C3,2018-12-17,-0.7,15.2,5.5
ILMN,C3,2018-12-21,9.4,32.9,16.7
ILMN,C3,2018-12-28,7.0,25.8,12.5
ILMN,C3,2019-12-27,-22.8,14.2,14.2
ILMN,C3,2020-01-03,-13.0,14.7,15.0
ILMN,C3,2020-01-09,-11.0,12.3,21.0
ILMN,C3,2020-01-15,0.8,22.3,34.9
ILMN,C3,2021-07-26,-15.1,-32.5,-54.5
ILMN,C3,2021-07-30,-15.9,-28.1,-54.1
ILMN,C3,2021-08-05,-20.9,-28.7,-58.7
ILMN,C3,2021-08-11,-23.4,-32.0,-61.2
ILMN,C3,2021-08-17,-27.8,-38.8,-59.8
ILMN,C3,2021-08-23,-23.5,-31.7,-59.0
ILMN,C3,2021-08-27,-21.4,-30.4,-54.7
ILMN,C3,2021-09-02,-25.1,-32.7,-57.0
ILMN,C3,2024-12-19,-38.6,-26.8,9.8
ILMN,C3,2024-12-26,-39.3,-26.4,7.8
ILMN,C3,2026-05-04,,,
ILMN,C3,2026-05-08,,,
ILMN,C3,2026-05-14,,,
ILMN,C3,2026-05-20,,,
ILMN,C3,2026-05-27,,,
ILMN,C3,2026-06-02,,,
ILMN,C3,2026-06-08,,,
ILMN,C3,2026-06-12,,,
ILMN,C3,2026-06-18,,,
ILMN,C3,2026-06-25,,,
ILMN,C3,2026-07-01,,,
ILMN,C3,2026-07-08,,,
ILMN,C3,2026-07-14,,,
GH,L2,2025-02-03,-6.2,21.9,129.0
GH,C2,2021-04-12,-25.8,-35.9,-54.6
GH,C2,2021-05-10,-10.2,-8.0,-68.2
GH,C2,2024-08-26,39.2,66.3,163.6
GH,C2,2024-09-23,33.0,88.5,162.4
GH,C2,2024-10-21,130.2,135.5,251.8
GH,C2,2024-11-18,31.3,16.4,222.9
GH,C2,2025-03-03,22.2,52.9,131.9
GH,C2,2025-03-31,24.4,54.9,131.2
GH,C2,2025-04-28,-11.6,98.5,87.0
GH,C2,2025-05-26,66.0,166.9,219.3
GH,C2,2025-06-23,18.0,102.5,193.4
GH,C2,2025-07-21,62.4,158.3,
GH,C2,2025-08-18,71.7,67.9,
GH,C2,2025-09-15,68.6,44.0,
GH,C2,2025-10-13,71.3,38.0,
GH,C2,2025-11-10,11.1,0.6,
GH,C2,2025-12-08,-16.2,29.0,
GH,C2,2026-01-05,-28.7,45.3,
GH,C2,2026-02-02,-6.0,,
GH,C2,2026-03-02,37.7,,
GH,C2,2026-03-30,79.0,,
GH,C2,2026-04-27,,,
GH,C2,2026-05-25,,,
GH,C2,2026-06-22,,,
GH,L3,2021-04-13,-27.6,-35.2,-58.0
GH,L3,2025-05-08,32.2,134.7,183.1
GH,L3,2025-06-26,23.9,104.2,219.9
GH,L3,2025-09-23,71.4,54.7,
GH,L3,2026-01-14,-16.1,,
GH,L3,2026-04-15,,,
GH,L3,2026-05-19,,,
GH,C3,2021-04-14,-24.2,-35.9,-55.0
GH,C3,2021-04-20,-20.1,-26.8,-58.7
GH,C3,2021-04-26,-32.3,-28.7,-69.4
GH,C3,2021-04-30,-30.5,-28.0,-81.9
GH,C3,2021-05-06,-15.0,-19.9,-74.4
GH,C3,2021-05-12,-11.1,-9.0,-66.7
GH,C3,2021-05-18,-14.5,-15.6,-62.8
GH,C3,2024-08-15,2.0,48.7,136.2
GH,C3,2024-08-21,9.6,50.6,112.8
GH,C3,2024-08-27,34.2,53.6,117.2
GH,C3,2025-02-05,-12.4,23.0,123.5
GH,C3,2025-02-11,-7.2,34.3,118.5
GH,C3,2025-02-18,-23.2,28.2,93.3
GH,C3,2025-02-24,-10.0,58.9,114.9
GH,C3,2025-05-14,46.0,134.7,227.2
GH,C3,2025-05-20,53.6,178.3,217.8
GH,C3,2025-05-27,64.6,168.6,232.2
GH,C3,2025-06-27,22.8,100.0,211.4
GH,C3,2025-07-03,25.5,115.3,208.7
GH,C3,2025-07-10,25.2,111.7,
GH,C3,2025-07-16,41.1,142.1,
GH,C3,2025-09-29,64.8,50.5,
GH,C3,2025-10-03,74.9,30.8,
GH,C3,2025-10-09,63.8,38.5,
GH,C3,2025-10-15,79.0,36.9,
GH,C3,2025-10-21,70.0,23.6,
GH,C3,2025-10-27,61.0,26.4,
GH,C3,2025-10-31,5.7,4.0,
GH,C3,2025-11-06,11.8,-1.4,
GH,C3,2025-11-12,9.8,20.6,
GH,C3,2025-11-18,-0.2,39.4,
GH,C3,2025-11-24,-17.1,14.2,
GH,C3,2025-12-01,-13.3,23.7,
GH,C3,2025-12-05,-17.6,27.2,
GH,C3,2025-12-11,-13.9,27.1,
GH,C3,2025-12-17,-14.2,53.1,
GH,C3,2025-12-23,-15.9,63.9,
GH,C3,2025-12-30,-10.9,63.1,
GH,C3,2026-01-16,-20.1,,
GH,C3,2026-01-23,-27.6,,
GH,C3,2026-01-29,-17.5,,
GH,C3,2026-02-04,-9.8,,
GH,C3,2026-04-16,,,
GH,C3,2026-05-26,,,
GH,C3,2026-06-01,,,
GH,C3,2026-06-05,,,
GH,C3,2026-06-11,,,
GH,C3,2026-06-17,,,
GH,C3,2026-06-24,,,
GH,C3,2026-06-30,,,
GH,C3,2026-07-07,,,
GH,C3,2026-07-13,,,
GH,C3,2026-07-17,,,
NTRA,L2,2021-05-03,15.2,13.9,-64.6
NTRA,L2,2021-08-23,-19.8,-43.3,-58.9
NTRA,L2,2026-02-09,-9.6,,
NTRA,C2,2017-09-18,-23.8,-23.6,93.0
NTRA,C2,2017-10-16,-15.8,-17.0,61.8
NTRA,C2,2017-11-13,-3.7,21.1,74.4
NTRA,C2,2017-12-11,9.8,44.4,55.0
NTRA,C2,2018-12-17,56.7,101.6,194.7
NTRA,C2,2019-12-02,4.3,10.4,138.2
NTRA,C2,2019-12-30,-17.2,46.3,202.9
NTRA,C2,2020-01-27,0.2,37.2,204.6
NTRA,C2,2020-02-24,15.7,69.9,206.3
NTRA,C2,2020-03-23,80.3,169.5,267.8
NTRA,C2,2021-05-10,8.3,23.4,-63.3
NTRA,C2,2021-09-06,-25.6,-67.6,-56.0
NTRA,C2,2021-10-04,-34.1,-62.4,-62.5
NTRA,C2,2021-11-01,-39.9,-68.9,-61.7
NTRA,C2,2021-11-29,-34.8,-57.3,-51.7
NTRA,C2,2023-05-08,10.0,-8.5,106.0
NTRA,C2,2023-06-05,12.0,20.2,129.8
NTRA,C2,2023-07-03,-7.1,32.7,140.4
NTRA,C2,2023-07-31,-16.2,32.8,95.3
NTRA,C2,2023-08-28,-6.5,43.0,89.2
NTRA,C2,2023-09-25,41.6,106.7,184.1
NTRA,C2,2023-10-23,71.0,139.6,207.6
NTRA,C2,2024-06-10,14.8,51.1,50.0
NTRA,C2,2024-07-08,16.5,56.8,43.8
NTRA,C2,2024-08-05,17.1,50.8,32.6
NTRA,C2,2024-09-02,52.0,24.6,48.8
NTRA,C2,2024-09-30,29.1,3.1,28.9
NTRA,C2,2024-10-28,42.5,26.2,60.2
NTRA,C2,2024-11-25,-7.3,-6.0,42.3
NTRA,C2,2024-12-23,-10.2,4.8,45.9
NTRA,C2,2025-01-20,-8.2,-17.1,44.1
NTRA,C2,2025-02-17,-5.5,2.0,30.7
NTRA,C2,2025-03-17,13.7,19.8,29.2
NTRA,C2,2025-04-14,-6.2,22.7,40.7
NTRA,C2,2025-05-12,6.8,33.9,22.1
NTRA,C2,2025-06-09,1.9,40.3,28.3
NTRA,C2,2025-07-07,5.5,46.1,68.3
NTRA,C2,2026-03-02,8.7,,
NTRA,C2,2026-03-30,34.3,,
NTRA,C2,2026-04-27,,,
NTRA,C2,2026-05-25,,,
NTRA,C2,2026-06-22,,,
NTRA,L3,2017-09-28,-26.7,-31.9,61.5
NTRA,L3,2019-11-26,-5.0,7.1,140.7
NTRA,L3,2020-02-03,-0.7,46.4,244.4
NTRA,L3,2021-09-20,-20.6,-66.8,-63.4
NTRA,L3,2021-11-15,-43.3,-66.3,-67.6
NTRA,L3,2023-08-25,-4.1,57.2,105.1
NTRA,L3,2024-06-11,12.5,51.9,49.5
NTRA,L3,2024-07-22,13.7,59.3,32.8
NTRA,L3,2024-09-13,35.0,21.6,28.9
NTRA,L3,2025-01-21,-7.8,-18.9,36.0
NTRA,L3,2025-05-16,5.3,47.8,43.4
NTRA,L3,2026-04-17,,,
NTRA,L3,2026-06-22,,,
NTRA,C3,2017-09-29,-26.2,-26.1,56.0
NTRA,C3,2017-10-05,-27.9,-24.1,57.3
NTRA,C3,2017-10-11,-25.1,-15.9,60.5
NTRA,C3,2017-10-17,-11.2,-15.2,51.7
NTRA,C3,2017-10-23,-6.3,-12.1,75.1
NTRA,C3,2017-10-27,-5.4,6.2,85.2
NTRA,C3,2019-12-03,-2.5,24.2,188.6
NTRA,C3,2019-12-09,-15.3,22.6,179.5
NTRA,C3,2020-02-07,29.6,58.5,236.4
NTRA,C3,2020-02-13,31.2,88.4,210.7
NTRA,C3,2020-02-20,19.9,72.7,186.7
NTRA,C3,2020-02-26,26.1,83.2,185.6
NTRA,C3,2020-03-03,12.7,77.1,198.3
NTRA,C3,2021-05-06,19.2,17.5,-61.9
NTRA,C3,2021-05-12,15.8,32.9,-55.2
NTRA,C3,2021-05-18,14.5,14.4,-54.3
NTRA,C3,2021-09-23,-26.1,-66.4,-62.2
NTRA,C3,2021-09-29,-13.2,-60.2,-62.2
NTRA,C3,2021-10-05,-25.8,-63.3,-60.9
NTRA,C3,2021-11-16,-44.4,-67.5,-67.7
NTRA,C3,2023-04-14,-6.0,-19.4,78.3
NTRA,C3,2023-04-20,-13.2,-26.1,72.8
NTRA,C3,2023-08-28,2.0,57.8,113.9
NTRA,C3,2023-09-01,-6.8,42.8,107.4
NTRA,C3,2023-09-08,4.6,65.2,135.8
NTRA,C3,2023-09-14,12.2,74.6,135.4
NTRA,C3,2023-09-20,22.6,84.0,166.7
NTRA,C3,2023-09-26,38.0,105.9,193.4
NTRA,C3,2023-10-02,36.7,123.2,201.9
NTRA,C3,2023-10-06,46.7,107.6,181.1
NTRA,C3,2023-10-12,71.4,116.5,202.5
NTRA,C3,2024-06-12,15.2,49.4,49.2
NTRA,C3,2024-06-18,18.3,50.0,49.8
NTRA,C3,2024-06-25,11.2,42.4,46.7
NTRA,C3,2024-07-01,21.6,59.8,37.6
NTRA,C3,2024-07-08,20.5,54.6,27.8
NTRA,C3,2024-07-23,11.4,57.9,29.7
NTRA,C3,2024-09-18,24.4,16.7,26.1
NTRA,C3,2024-09-24,29.7,16.3,39.8
NTRA,C3,2024-09-30,26.5,4.2,36.1
NTRA,C3,2024-10-04,36.0,14.3,45.3
NTRA,C3,2024-10-10,35.5,13.1,53.1
NTRA,C3,2024-10-16,35.6,21.3,52.4
NTRA,C3,2024-10-22,40.1,26.2,66.7
NTRA,C3,2024-10-28,46.3,32.6,71.3
NTRA,C3,2024-11-01,39.2,22.6,65.9
NTRA,C3,2025-01-27,-8.7,-17.4,27.4
NTRA,C3,2025-01-31,-12.1,-14.1,16.6
NTRA,C3,2025-02-06,-10.2,-9.5,21.1
NTRA,C3,2025-05-22,8.7,55.5,41.2
NTRA,C3,2025-05-29,7.1,50.7,38.7
NTRA,C3,2025-06-04,0.1,40.9,35.4
NTRA,C3,2025-06-10,2.0,38.2,57.3
NTRA,C3,2025-06-16,6.9,37.9,61.3
NTRA,C3,2025-06-23,-3.8,37.2,65.1
NTRA,C3,2025-06-27,-4.2,36.2,62.5
NTRA,C3,2025-07-03,5.3,48.1,67.8
NTRA,C3,2025-07-10,3.6,46.4,
NTRA,C3,2025-07-16,21.7,63.6,
NTRA,C3,2026-04-20,,,
NTRA,C3,2026-04-24,,,
NTRA,C3,2026-04-30,,,
NTRA,C3,2026-05-06,,,
NTRA,C3,2026-05-12,,,
NTRA,C3,2026-05-18,,,
NTRA,C3,2026-06-23,,,
NTRA,C3,2026-06-29,,,
NTRA,C3,2026-07-06,,,
NTRA,C3,2026-07-10,,,
NTRA,C3,2026-07-16,,,
ABBV,L2,2020-11-30,0.6,7.2,16.1
ABBV,C2,2017-08-14,34.7,71.9,46.2
ABBV,C2,2017-09-11,12.3,32.0,13.4
ABBV,C2,2017-10-09,11.5,3.1,3.9
ABBV,C2,2017-11-06,17.5,11.1,-3.3
ABBV,C2,2017-12-04,25.2,6.5,-5.8
ABBV,C2,2018-01-01,-10.6,-2.5,-8.5
ABBV,C2,2018-01-29,-12.1,-14.5,-27.0
ABBV,C2,2018-02-26,-13.9,-14.8,-27.3
ABBV,C2,2018-03-26,-1.1,2.0,-11.1
ABBV,C2,2018-04-23,-7.3,-16.5,-15.5
ABBV,C2,2018-05-21,-2.7,-13.5,-17.1
ABBV,C2,2018-06-18,-0.3,-7.3,-11.8
ABBV,C2,2020-03-30,36.8,20.6,55.8
ABBV,C2,2020-12-07,3.0,11.1,23.6
ABBV,C2,2021-01-04,1.4,11.3,31.8
ABBV,C2,2021-02-01,7.8,7.7,35.4
ABBV,C2,2021-03-01,6.6,7.1,47.7
ABBV,C2,2021-03-29,7.4,2.9,56.9
ABBV,C2,2021-04-26,5.5,5.3,37.4
ABBV,C2,2021-05-24,6.8,5.3,38.2
ABBV,C2,2021-06-21,-4.2,20.6,40.6
ABBV,C2,2021-07-19,-6.5,14.2,30.8
ABBV,C2,2021-08-16,-1.0,24.0,24.3
ABBV,C2,2021-09-13,21.7,51.1,39.2
ABBV,C2,2021-10-11,25.6,51.3,35.8
ABBV,C2,2021-11-08,22.7,33.7,33.4
ABBV,C2,2021-12-06,20.0,16.3,35.0
ABBV,C2,2022-01-03,31.1,15.5,28.3
ABBV,C2,2022-01-31,9.6,-0.1,7.2
ABBV,C2,2022-02-28,-1.4,-7.9,7.6
ABBV,C2,2022-03-28,-4.7,-16.0,1.7
ABBV,C2,2022-04-25,-1.4,2.5,6.9
ABBV,C2,2022-05-23,-8.2,8.5,-4.7
ABBV,C2,2022-06-20,-5.2,9.2,-7.3
ABBV,C2,2023-03-13,-9.3,0.6,20.0
ABBV,C2,2023-04-10,-14.9,-6.5,4.5
ABBV,C2,2023-05-08,4.6,-3.8,13.7
ABBV,C2,2023-06-05,9.0,10.3,27.6
ABBV,C2,2024-07-08,15.1,4.6,17.1
ABBV,C2,2024-08-05,5.9,2.1,8.0
ABBV,C2,2024-09-02,-8.2,12.7,13.8
ABBV,C2,2024-09-30,-6.0,-2.1,24.7
ABBV,C2,2024-10-28,-8.8,-0.7,10.9
ABBV,C2,2024-11-25,15.3,3.6,28.8
ABBV,C2,2024-12-23,16.4,4.3,33.7
ABBV,C2,2025-01-20,10.3,13.7,33.1
ABBV,C2,2025-02-17,-8.5,6.1,15.0
ABBV,C2,2025-03-17,-11.0,7.8,0.9
ABBV,C2,2025-04-14,10.4,34.8,24.4
ABBV,L3,2017-09-22,12.5,6.0,11.0
ABBV,L3,2017-12-08,20.6,4.4,-8.0
ABBV,L3,2018-05-08,-3.0,-8.8,-14.8
ABBV,L3,2020-03-06,9.9,3.7,23.1
ABBV,L3,2020-12-29,2.6,14.2,36.5
ABBV,L3,2021-03-23,10.8,5.2,62.4
ABBV,L3,2021-05-28,7.9,5.7,34.0
ABBV,L3,2021-08-06,2.6,27.5,28.5
ABBV,L3,2021-11-11,25.4,32.6,42.0
ABBV,L3,2022-01-31,11.7,4.4,16.6
ABBV,L3,2022-07-12,-7.3,3.2,-2.4
ABBV,L3,2023-03-13,-9.5,3.4,22.2
ABBV,L3,2023-04-25,-7.5,-12.1,2.6
ABBV,L3,2023-10-10,11.2,13.5,32.7
ABBV,L3,2024-07-11,15.3,5.0,17.1
ABBV,L3,2025-03-21,-10.9,6.9,1.7
ABBV,C3,2017-09-25,14.1,6.1,12.9
ABBV,C3,2017-09-29,13.3,3.3,5.7
ABBV,C3,2017-10-05,11.9,4.3,7.0
ABBV,C3,2017-10-11,12.5,3.2,-6.0
ABBV,C3,2017-10-17,16.4,1.4,-8.3
ABBV,C3,2017-10-23,31.3,9.9,-12.5
ABBV,C3,2017-10-27,27.5,10.3,-0.8
ABBV,C3,2017-11-02,25.7,16.5,0.8
ABBV,C3,2017-11-08,17.7,12.0,-4.4
ABBV,C3,2017-11-14,25.4,13.4,-3.9
ABBV,C3,2017-12-13,16.5,-0.1,-4.0
ABBV,C3,2017-12-19,-2.0,-4.9,-8.4
ABBV,C3,2017-12-26,-5.8,-2.5,-6.7
ABBV,C3,2018-01-02,-8.1,2.2,-8.6
ABBV,C3,2018-01-08,-5.8,-0.5,-6.3
ABBV,C3,2018-01-12,-5.0,-9.6,-19.7
ABBV,C3,2018-01-19,-11.8,-8.4,-19.7
ABBV,C3,2018-01-25,-9.9,-11.5,-23.7
ABBV,C3,2018-01-31,-9.8,-14.4,-24.8
ABBV,C3,2018-02-06,-6.6,-11.2,-24.9
ABBV,C3,2018-02-12,-5.2,-9.9,-24.9
ABBV,C3,2018-02-16,-9.5,-16.4,-30.0
ABBV,C3,2018-02-23,-15.4,-16.1,-31.8
ABBV,C3,2018-03-01,-12.0,-14.7,-26.7
ABBV,C3,2018-05-10,-4.9,-12.4,-17.4
ABBV,C3,2018-05-16,-5.0,-13.0,-22.6
ABBV,C3,2018-05-22,-7.6,-17.1,-24.0
ABBV,C3,2018-05-29,-0.9,-3.2,-17.7
ABBV,C3,2018-06-04,-3.0,-10.4,-16.9
ABBV,C3,2018-06-08,-6.3,-10.8,-17.9
ABBV,C3,2020-12-31,-0.7,11.4,34.3
ABBV,C3,2021-01-07,2.6,13.7,34.2
ABBV,C3,2021-01-13,-1.1,7.7,25.3
ABBV,C3,2021-01-20,0.1,7.2,27.2
ABBV,C3,2021-01-26,3.2,8.6,35.3
ABBV,C3,2021-02-01,14.6,14.5,46.0
ABBV,C3,2021-02-05,7.0,8.8,40.4
ABBV,C3,2021-02-11,14.0,15.7,48.0
ABBV,C3,2021-06-04,-1.9,11.0,28.2
ABBV,C3,2021-06-10,-6.5,12.1,32.4
ABBV,C3,2021-06-16,-5.7,15.9,37.6
ABBV,C3,2021-08-12,2.4,29.0,24.1
ABBV,C3,2021-11-15,25.4,29.1,40.9
ABBV,C3,2021-11-19,26.3,31.5,46.3
ABBV,C3,2021-11-26,29.7,28.7,48.0
ABBV,C3,2022-02-03,8.2,2.8,10.3
ABBV,C3,2022-02-09,8.1,0.5,10.2
ABBV,C3,2022-02-15,5.7,-2.2,11.3
ABBV,C3,2022-02-22,5.3,-5.1,9.1
ABBV,C3,2022-02-28,-0.3,-6.1,6.7
ABBV,C3,2022-03-04,-0.1,-4.4,6.3
ABBV,C3,2022-03-10,-5.7,-2.8,8.1
ABBV,C3,2022-03-16,-10.6,-8.5,5.1
ABBV,C3,2022-03-22,-4.0,-9.8,3.7
ABBV,C3,2022-03-28,-4.6,-13.1,3.4
ABBV,C3,2022-04-01,-5.8,-13.2,3.8
ABBV,C3,2022-04-07,-11.4,-15.2,-1.8
ABBV,C3,2022-04-13,-4.9,-8.2,-2.7
ABBV,C3,2022-04-20,-3.2,-2.5,-1.1
ABBV,C3,2022-04-26,-7.3,-4.4,-2.3
ABBV,C3,2022-05-02,-5.2,0.2,3.0
ABBV,C3,2022-05-06,-6.9,-0.1,-1.4
ABBV,C3,2022-05-12,-6.7,0.4,-6.7
ABBV,C3,2022-05-18,-7.1,6.9,-9.1
ABBV,C3,2022-07-14,-4.0,0.8,3.0
ABBV,C3,2023-03-15,-9.2,1.7,21.8
ABBV,C3,2023-05-01,-2.0,-6.0,9.2
ABBV,C3,2023-05-05,3.0,-4.8,17.0
ABBV,C3,2023-05-11,4.9,-4.1,12.3
ABBV,C3,2023-05-17,5.9,-1.2,13.5
ABBV,C3,2023-10-12,10.3,14.3,32.6
ABBV,C3,2023-10-18,13.3,14.2,39.9
ABBV,C3,2024-07-16,13.5,1.7,15.9
ABBV,C3,2024-07-22,9.6,2.5,18.5
ABBV,C3,2024-07-26,3.3,4.5,11.1
ABBV,C3,2024-08-01,8.2,2.2,12.8
ABBV,C3,2024-08-07,7.8,5.0,15.7
ABBV,C3,2024-08-13,-10.2,6.9,12.7
ABBV,C3,2024-08-19,-14.7,4.9,11.5
ABBV,C3,2024-08-23,-9.7,7.0,10.3
ABBV,C3,2024-08-29,-6.1,12.9,15.5
ABBV,C3,2024-09-05,-7.9,11.7,19.5
ABBV,C3,2024-09-11,-10.3,10.8,16.3
ABBV,C3,2024-09-17,-9.8,5.9,30.8
ABBV,C3,2024-09-23,-6.4,8.3,24.4
ABBV,C3,2024-09-27,-8.0,-2.6,22.5
ABBV,C3,2025-03-24,-9.9,8.6,2.0
ABBV,C3,2025-03-28,-6.2,16.0,3.9
JNJ,L2,2019-05-13,-4.6,-1.2,11.6
JNJ,C2,2017-08-14,4.7,1.6,4.1
JNJ,C2,2017-09-11,6.6,0.7,6.5
JNJ,C2,2017-10-09,7.5,-3.1,0.8
JNJ,C2,2017-11-06,-6.6,-7.7,6.9
JNJ,C2,2017-12-04,-4.2,-10.5,6.2
JNJ,C2,2018-01-01,-9.0,-10.0,-7.3
JNJ,C2,2018-01-29,-9.2,-2.8,0.1
JNJ,C2,2018-02-26,-5.2,6.0,10.3
JNJ,C2,2019-05-20,-8.0,0.2,6.9
JNJ,C2,2020-08-17,-3.6,8.1,20.6
JNJ,C2,2020-09-14,4.3,8.7,13.3
JNJ,C2,2020-10-12,9.0,11.0,11.7
JNJ,C2,2020-11-09,11.9,15.1,12.9
JNJ,C2,2021-05-03,3.4,-1.8,7.3
JNJ,C2,2021-05-31,6.1,-2.8,9.0
JNJ,C2,2021-06-28,-4.5,2.5,9.0
JNJ,C2,2021-07-26,-4.9,1.0,3.9
JNJ,C2,2021-08-23,-7.3,-2.8,-2.5
JNJ,C2,2021-09-20,3.0,9.0,4.1
JNJ,C2,2021-10-18,1.4,12.3,5.8
JNJ,C2,2022-06-06,-3.3,3.2,-4.7
JNJ,C2,2022-07-04,-9.5,2.4,-8.2
JNJ,C2,2023-09-18,-2.4,-1.8,5.5
JNJ,C2,2023-10-16,6.5,-1.8,11.3
JNJ,C2,2025-03-10,-2.7,11.1,52.5
JNJ,C2,2025-04-07,4.3,27.7,61.5
JNJ,C2,2025-05-05,13.4,22.9,47.5
JNJ,C2,2025-06-02,15.9,32.0,53.9
JNJ,C2,2025-07-21,14.0,32.6,
JNJ,C2,2025-08-18,14.6,37.1,
JNJ,C2,2025-09-15,17.9,35.2,
JNJ,C2,2025-10-13,13.9,22.6,
JNJ,C2,2025-11-10,25.0,17.1,
JNJ,C2,2025-12-08,14.8,15.1,
JNJ,C2,2026-01-05,17.3,27.1,
JNJ,C2,2026-02-02,-7.3,,
JNJ,C2,2026-03-02,-2.6,,
JNJ,C2,2026-03-30,8.9,,
JNJ,C2,2026-04-27,,,
JNJ,C2,2026-05-25,,,
JNJ,C2,2026-06-22,,,
JNJ,L3,2017-08-15,5.0,-1.4,4.5
JNJ,L3,2017-12-26,-10.5,-11.2,-5.5
JNJ,L3,2019-05-22,-7.3,1.0,10.9
JNJ,L3,2020-08-07,-1.0,13.6,23.3
JNJ,L3,2020-10-19,14.1,14.6,15.8
JNJ,L3,2021-04-06,4.1,-0.3,12.9
JNJ,L3,2021-05-05,4.3,-1.3,9.3
JNJ,L3,2021-07-26,-3.0,1.2,2.1
JNJ,L3,2022-07-12,-6.9,-0.7,0.8
JNJ,L3,2024-03-14,-7.6,5.2,6.1
JNJ,L3,2025-11-05,29.0,25.5,
JNJ,L3,2026-03-13,-2.1,,
JNJ,L3,2026-06-18,,,
JNJ,C3,2017-08-16,4.2,-2.0,3.5
JNJ,C3,2017-08-22,2.6,-1.7,2.6
JNJ,C3,2018-01-02,-7.4,-7.2,-4.6
JNJ,C3,2018-01-08,-7.5,-10.9,-6.8
JNJ,C3,2018-01-12,-11.8,-12.5,-9.1
JNJ,C3,2018-01-19,-13.8,-10.4,-6.5
JNJ,C3,2018-01-25,-11.8,-6.9,-6.1
JNJ,C3,2018-01-31,-9.6,-3.6,-0.1
JNJ,C3,2018-02-06,-4.3,0.1,6.2
JNJ,C3,2019-05-23,-7.3,0.2,8.6
JNJ,C3,2019-05-30,-2.1,5.3,15.0
JNJ,C3,2020-08-11,1.2,14.3,24.8
JNJ,C3,2020-08-17,0.9,9.8,19.8
JNJ,C3,2020-08-21,-4.5,6.4,18.2
JNJ,C3,2020-08-27,-4.8,3.4,12.7
JNJ,C3,2020-09-02,-1.6,4.8,10.3
JNJ,C3,2020-09-09,2.4,8.8,12.7
JNJ,C3,2020-09-15,1.2,9.1,12.4
JNJ,C3,2020-09-21,6.0,15.9,13.4
JNJ,C3,2020-09-25,6.6,13.7,13.6
JNJ,C3,2020-10-23,17.3,15.3,16.2
JNJ,C3,2020-10-29,17.8,24.4,22.8
JNJ,C3,2020-11-04,20.1,23.5,19.7
JNJ,C3,2021-04-09,5.6,-0.1,16.9
JNJ,C3,2021-04-15,4.7,3.4,18.1
JNJ,C3,2021-05-07,3.8,-1.3,6.8
JNJ,C3,2021-05-13,5.3,-3.1,10.1
JNJ,C3,2021-05-19,6.2,-4.3,8.9
JNJ,C3,2021-05-25,2.5,-4.9,6.4
JNJ,C3,2021-06-01,5.6,-2.5,6.9
JNJ,C3,2021-06-07,4.9,1.9,5.8
JNJ,C3,2021-06-11,0.5,5.0,11.7
JNJ,C3,2021-07-27,-4.6,1.0,1.1
JNJ,C3,2021-08-02,-3.3,0.9,-1.6
JNJ,C3,2021-08-06,-5.4,-0.9,-1.2
JNJ,C3,2021-08-12,-5.3,-3.4,-2.4
JNJ,C3,2021-08-18,-7.8,-7.3,-5.4
JNJ,C3,2021-08-24,-8.0,-5.3,-4.5
JNJ,C3,2021-08-30,-8.4,0.5,-2.1
JNJ,C3,2021-09-03,-6.1,-2.0,-1.7
JNJ,C3,2021-09-10,1.5,7.3,2.2
JNJ,C3,2024-03-18,-5.0,5.8,0.9
JNJ,C3,2024-03-22,-4.7,5.6,0.1
JNJ,C3,2024-03-28,-6.9,3.1,-1.0
JNJ,C3,2024-04-04,-2.8,7.0,6.6
JNJ,C3,2025-03-14,-5.6,9.9,51.8
JNJ,C3,2025-03-20,-5.8,10.8,53.2
JNJ,C3,2025-03-26,-4.7,16.9,53.4
JNJ,C3,2025-04-01,2.2,25.2,60.1
JNJ,C3,2025-07-15,24.1,42.6,
JNJ,C3,2025-07-21,17.6,36.6,
JNJ,C3,2025-07-25,13.9,36.9,
JNJ,C3,2025-07-31,15.5,46.3,
JNJ,C3,2025-08-06,10.4,43.1,
JNJ,C3,2025-08-12,13.3,43.7,
JNJ,C3,2025-08-18,14.3,42.4,
JNJ,C3,2025-08-22,15.8,41.3,
JNJ,C3,2025-08-28,17.8,38.6,
JNJ,C3,2025-09-04,13.7,37.0,
JNJ,C3,2025-09-10,20.2,36.6,
JNJ,C3,2025-11-10,30.0,23.5,
JNJ,C3,2025-11-14,24.5,19.5,
JNJ,C3,2025-11-20,21.3,12.0,
JNJ,C3,2025-11-26,18.8,13.4,
JNJ,C3,2025-12-03,19.3,17.4,
JNJ,C3,2025-12-09,22.3,18.4,
JNJ,C3,2025-12-15,10.5,13.8,
JNJ,C3,2025-12-19,16.5,24.4,
JNJ,C3,2025-12-26,18.2,30.1,
JNJ,C3,2026-01-02,17.0,25.7,
JNJ,C3,2026-03-18,-2.0,,
JNJ,C3,2026-06-24,,,
JNJ,C3,2026-06-30,,,
JNJ,C3,2026-07-07,,,
JNJ,C3,2026-07-13,,,
JNJ,C3,2026-07-17,,,
PLTR,L2,2024-02-05,-15.5,23.1,354.7
PLTR,L2,2025-03-24,52.3,106.8,66.6
PLTR,C2,2021-10-25,-50.9,-59.8,-66.6
PLTR,C2,2023-05-08,62.2,107.1,116.8
PLTR,C2,2023-06-05,0.7,18.3,55.2
PLTR,C2,2023-07-03,8.3,4.2,77.5
PLTR,C2,2023-07-31,3.8,-6.5,35.9
PLTR,C2,2023-08-28,33.5,64.2,107.4
PLTR,C2,2023-09-25,7.3,43.8,130.3
PLTR,C2,2024-02-12,-11.0,31.3,387.6
PLTR,C2,2024-03-11,0.3,51.5,267.1
PLTR,C2,2024-04-08,23.8,91.9,290.6
PLTR,C2,2024-05-06,45.7,183.4,469.4
PLTR,C2,2024-06-03,30.1,227.5,447.9
PLTR,C2,2025-04-21,40.8,63.7,26.9
PLTR,C2,2025-05-19,28.7,25.6,11.0
PLTR,C2,2025-06-16,32.8,40.8,-6.4
PLTR,C2,2025-07-14,16.0,11.4,-13.8
PLTR,C2,2025-08-11,-1.8,-25.8,
PLTR,C2,2025-09-08,7.1,-11.9,
PLTR,C2,2025-10-06,1.2,-27.0,
PLTR,C2,2025-11-03,-23.6,-22.6,
PLTR,C2,2025-12-01,-13.5,-25.4,
PLTR,C2,2025-12-29,-11.6,-23.0,
PLTR,L3,2023-07-26,-6.9,-2.1,60.2
PLTR,L3,2024-02-28,-11.2,25.3,226.0
PLTR,L3,2025-05-13,38.3,33.7,3.4
PLTR,L3,2025-07-09,29.6,25.0,
PLTR,L3,2025-09-12,6.9,-12.1,
PLTR,L3,2025-10-09,-3.5,-21.1,
PLTR,L3,2025-12-30,-18.2,-28.6,
PLTR,C3,2023-05-09,61.4,106.4,122.4
PLTR,C3,2023-07-31,-25.4,-15.7,48.1
PLTR,C3,2024-03-01,-11.4,21.7,250.4
PLTR,C3,2024-03-07,-12.6,31.9,243.8
PLTR,C3,2024-03-13,-5.7,45.5,260.4
PLTR,C3,2024-03-19,0.2,55.0,267.4
PLTR,C3,2024-03-25,2.9,51.8,215.5
PLTR,C3,2025-05-19,23.6,22.6,20.5
PLTR,C3,2025-05-23,27.1,36.6,10.7
PLTR,C3,2025-05-30,17.5,35.0,-2.9
PLTR,C3,2025-06-05,35.4,56.7,7.1
PLTR,C3,2025-06-11,25.5,37.7,-21.4
PLTR,C3,2025-07-15,20.9,13.4,
PLTR,C3,2025-07-21,19.6,10.3,
PLTR,C3,2025-07-25,19.1,-7.7,
PLTR,C3,2025-07-31,26.6,-17.9,
PLTR,C3,2025-08-06,-2.5,-24.4,
PLTR,C3,2025-08-12,-1.5,-27.6,
PLTR,C3,2025-08-18,-3.8,-26.0,
PLTR,C3,2025-08-22,2.2,-8.5,
PLTR,C3,2025-09-16,4.1,-9.1,
PLTR,C3,2025-09-22,8.3,-23.3,
PLTR,C3,2025-09-26,1.8,-16.7,
PLTR,C3,2025-10-14,-4.9,-15.1,
PLTR,C3,2025-10-20,-6.6,-22.3,
PLTR,C3,2025-10-24,-17.7,-20.9,
PLTR,C3,2026-01-02,-16.1,-22.5,
PLTR,C3,2026-01-08,-23.3,-25.1,
GEV,L2,2025-10-06,3.1,64.3,
GEV,C2,2025-04-21,73.2,57.1,209.3
GEV,C2,2025-10-27,24.2,81.9,
GEV,L3,2026-07-14,,,
GEV,C3,2026-07-15,,,
TSLA,L2,2021-12-06,-21.8,-31.5,-47.2
TSLA,L2,2025-12-08,-14.8,-11.4,
TSLA,C2,2017-08-14,-9.3,-3.4,-12.1
TSLA,C2,2017-09-11,-9.6,-15.4,-22.3
TSLA,C2,2017-10-09,-5.4,-15.5,-27.2
TSLA,C2,2017-11-06,2.5,-0.6,15.7
TSLA,C2,2018-08-20,0.9,-8.7,-34.5
TSLA,C2,2020-03-23,86.6,296.0,501.4
TSLA,C2,2020-04-20,95.4,190.0,402.9
TSLA,C2,2020-05-18,151.0,199.7,255.5
TSLA,C2,2020-06-15,120.9,247.2,211.4
TSLA,C2,2020-07-13,46.5,175.2,114.6
TSLA,C2,2020-08-10,23.7,147.2,117.2
TSLA,C2,2020-09-07,63.7,86.1,97.5
TSLA,C2,2020-10-05,102.8,56.0,81.0
TSLA,C2,2020-11-02,98.2,56.4,184.2
TSLA,C2,2020-11-30,-0.2,0.0,69.4
TSLA,C2,2020-12-28,-6.2,-3.8,49.8
TSLA,C2,2021-01-25,-10.6,-13.4,6.7
TSLA,C2,2021-02-22,-7.4,5.4,19.9
TSLA,C2,2021-03-22,8.6,25.2,63.3
TSLA,C2,2021-04-19,-11.8,24.7,37.8
TSLA,C2,2021-12-13,-2.9,-30.3,-51.7
TSLA,C2,2022-01-10,-6.2,-31.4,-65.0
TSLA,C2,2023-08-28,-2.5,-17.3,-12.6
TSLA,C2,2023-09-25,-0.7,-29.7,4.1
TSLA,C2,2024-09-02,84.7,24.6,66.5
TSLA,C2,2024-09-30,64.1,-4.3,71.9
TSLA,C2,2024-10-28,62.5,15.4,83.4
TSLA,C2,2024-11-25,-15.1,0.4,24.6
TSLA,C2,2024-12-23,-38.9,-25.0,10.1
TSLA,C2,2025-01-20,-29.9,-22.3,10.4
TSLA,C2,2025-02-17,0.5,0.7,21.9
TSLA,C2,2025-03-17,29.5,71.3,47.9
TSLA,C2,2025-04-14,36.6,82.0,66.0
TSLA,C2,2025-06-23,36.1,46.8,17.3
TSLA,C2,2026-01-05,-21.6,-8.4,
TSLA,C2,2026-02-02,4.2,,
TSLA,C2,2026-03-02,-1.4,,
TSLA,C2,2026-03-30,9.1,,
TSLA,C2,2026-04-27,,,
TSLA,L3,2017-09-25,-9.7,-22.5,-24.1
TSLA,L3,2018-08-27,9.0,-13.5,-26.2
TSLA,L3,2020-04-24,103.6,180.0,357.5
TSLA,L3,2020-06-17,122.9,227.6,243.2
TSLA,L3,2020-07-20,28.4,168.0,109.1
TSLA,L3,2020-09-15,38.5,47.2,76.0
TSLA,L3,2020-10-21,108.9,60.2,177.3
TSLA,L3,2020-12-16,6.3,9.2,74.4
TSLA,L3,2021-04-21,-13.5,37.7,21.3
TSLA,L3,2022-01-18,-2.1,-24.6,-49.6
TSLA,L3,2023-10-04,-7.9,-33.1,-15.3
TSLA,L3,2024-09-12,89.8,8.2,91.6
TSLA,L3,2024-11-11,1.2,-4.4,19.8
TSLA,L3,2025-05-05,15.0,53.3,46.3
TSLA,L3,2026-01-15,-11.9,,
TSLA,C3,2017-08-15,-14.1,-8.0,-11.9
TSLA,C3,2017-09-29,-7.0,-15.1,-26.1
TSLA,C3,2017-10-05,-6.1,-15.5,-23.5
TSLA,C3,2018-08-29,14.9,-6.8,-19.4
TSLA,C3,2018-09-05,27.5,3.3,-13.3
TSLA,C3,2020-04-27,87.7,157.2,320.9
TSLA,C3,2020-05-01,112.0,200.1,307.6
TSLA,C3,2020-05-07,81.9,163.0,261.2
TSLA,C3,2020-05-13,108.7,158.0,282.3
TSLA,C3,2020-06-18,123.8,218.9,238.5
TSLA,C3,2020-06-24,112.0,246.6,235.5
TSLA,C3,2020-07-24,48.3,180.0,152.2
TSLA,C3,2020-09-16,48.5,42.7,76.0
TSLA,C3,2020-10-22,103.0,66.6,185.1
TSLA,C3,2020-10-28,115.0,63.4,152.1
TSLA,C3,2020-11-03,103.7,39.2,139.1
TSLA,C3,2020-12-18,-7.9,-0.9,52.1
TSLA,C3,2020-12-24,0.9,2.6,60.9
TSLA,C3,2020-12-31,-4.9,-6.9,56.8
TSLA,C3,2021-01-07,-6.6,-20.3,22.0
TSLA,C3,2021-01-13,-16.4,-23.3,7.5
TSLA,C3,2021-01-20,-14.2,-24.2,10.1
TSLA,C3,2021-01-26,-23.3,-19.6,4.6
TSLA,C3,2021-02-01,-20.1,-16.8,7.7
TSLA,C3,2021-02-05,-27.6,-15.3,8.3
TSLA,C3,2021-02-11,-28.9,-15.1,-5.9
TSLA,C3,2021-02-18,-26.2,-10.0,9.8
TSLA,C3,2021-02-24,-15.0,-1.5,8.4
TSLA,C3,2021-04-22,-8.6,41.5,26.3
TSLA,C3,2021-04-28,-1.0,74.0,13.4
TSLA,C3,2023-08-23,-0.6,-14.8,-2.8
TSLA,C3,2023-10-09,-12.5,-39.5,-15.7
TSLA,C3,2023-10-13,-15.6,-43.4,7.2
TSLA,C3,2024-09-17,93.1,19.4,101.6
TSLA,C3,2024-09-23,84.9,7.4,73.2
TSLA,C3,2024-09-27,55.0,-10.4,67.4
TSLA,C3,2024-10-03,63.9,4.8,82.5
TSLA,C3,2024-10-09,64.4,0.1,86.3
TSLA,C3,2024-10-15,93.1,18.2,110.2
TSLA,C3,2024-10-21,81.5,28.9,103.0
TSLA,C3,2024-10-25,50.3,2.3,65.4
TSLA,C3,2024-11-13,7.3,2.8,30.3
TSLA,C3,2024-11-19,-16.0,0.1,31.4
TSLA,C3,2024-11-25,-19.7,-15.9,33.3
TSLA,C3,2024-12-02,-37.8,-8.6,37.2
TSLA,C3,2024-12-06,-35.8,-18.7,25.6
TSLA,C3,2024-12-12,-43.5,-18.6,9.9
TSLA,C3,2024-12-18,-38.2,-27.8,2.6
TSLA,C3,2024-12-24,-41.9,-36.4,-3.7
TSLA,C3,2024-12-31,-42.2,-22.4,8.6
TSLA,C3,2025-01-07,-36.0,-19.0,13.9
TSLA,C3,2025-01-14,-39.1,-16.1,8.9
TSLA,C3,2025-01-21,-38.8,-24.3,-0.5
TSLA,C3,2026-01-16,-11.4,,
TSLA,C3,2026-01-23,-16.3,,
UBER,L2,2024-04-08,-3.8,14.7,-4.0
UBER,L2,2025-08-11,-1.1,-24.4,
UBER,C2,2021-03-22,-5.4,-14.8,-37.7
UBER,C2,2021-04-19,-18.1,-21.4,-46.8
UBER,C2,2023-03-20,40.9,44.4,160.9
UBER,C2,2023-04-17,53.2,39.3,124.5
UBER,C2,2023-05-15,14.1,38.9,67.6
UBER,C2,2023-06-12,9.2,42.1,61.0
UBER,C2,2023-07-10,-2.8,41.2,61.9
UBER,C2,2023-08-07,18.0,62.2,56.8
UBER,C2,2023-09-04,30.6,66.6,47.3
UBER,C2,2023-10-02,25.8,68.5,62.3
UBER,C2,2024-04-29,-14.8,5.8,21.7
UBER,C2,2024-05-27,13.3,11.5,30.4
UBER,C2,2024-06-24,4.2,-15.9,25.9
UBER,C2,2024-07-22,20.5,6.5,41.8
UBER,C2,2025-03-17,10.5,29.9,-2.6
UBER,C2,2025-09-08,-11.2,-23.5,
UBER,C2,2025-10-06,-8.5,-24.5,
UBER,C2,2025-11-03,-18.7,-18.0,
UBER,C2,2025-12-01,-17.7,-22.6,
UBER,C2,2025-12-29,-13.3,-10.2,
UBER,L3,2021-04-21,-14.9,-18.0,-45.5
UBER,L3,2023-04-25,62.7,44.4,138.0
UBER,L3,2023-05-24,16.3,48.6,81.5
UBER,L3,2023-07-18,-9.3,35.7,33.1
UBER,L3,2025-09-12,-14.6,-22.9,
UBER,C3,2021-03-16,-15.5,-32.4,-42.1
UBER,C3,2021-03-22,-9.3,-16.3,-35.9
UBER,C3,2021-04-27,-21.8,-23.3,-54.4
UBER,C3,2021-05-03,-23.8,-17.5,-57.5
UBER,C3,2023-04-27,57.1,47.6,128.7
UBER,C3,2023-05-03,18.8,31.9,76.1
UBER,C3,2023-05-31,24.0,52.8,92.9
UBER,C3,2023-06-06,17.4,55.2,74.7
UBER,C3,2023-07-24,-6.6,41.5,23.6
UBER,C3,2023-07-28,-11.2,41.4,42.4
UBER,C3,2023-08-03,4.0,56.0,58.4
UBER,C3,2023-08-09,13.5,79.4,66.6
UBER,C3,2023-08-15,22.0,73.4,64.6
UBER,C3,2023-08-21,22.9,76.5,61.1
UBER,C3,2023-08-25,27.9,84.9,58.8
UBER,C3,2023-08-31,24.1,66.6,53.5
UBER,C3,2023-09-07,33.3,67.8,62.7
UBER,C3,2023-09-13,29.8,63.3,60.2
UBER,C3,2025-03-18,17.1,36.7,0.5
UBER,C3,2025-03-24,21.7,30.1,-6.2
UBER,C3,2025-09-18,-16.3,-25.5,
UBER,C3,2025-09-24,-16.9,-26.7,
UBER,C3,2025-09-30,-15.4,-26.1,
UBER,C3,2025-10-06,-12.5,-27.2,
UBER,C3,2025-10-10,-9.4,-17.0,
COIN,L2,2024-08-26,61.5,17.6,66.1
COIN,C2,2023-11-06,52.8,116.2,191.4
COIN,C2,2023-12-04,75.0,66.5,134.4
COIN,C2,2024-01-01,56.4,45.3,75.8
COIN,C2,2024-01-29,72.8,58.2,125.5
COIN,C2,2024-02-26,9.8,-10.9,4.8
COIN,C2,2024-03-25,-16.2,-27.9,-34.4
COIN,C2,2024-04-22,2.8,-13.2,-11.3
COIN,C2,2024-05-20,-11.0,28.2,10.7
COIN,C2,2024-06-17,-24.7,23.4,36.5
COIN,C2,2024-09-09,90.5,12.3,98.1
COIN,C2,2025-09-29,-37.8,-54.9,
COIN,C2,2025-10-27,-43.4,-44.4,
COIN,L3,2023-10-31,52.1,173.9,313.8
COIN,L3,2024-01-26,62.9,63.3,123.8
COIN,L3,2024-03-18,-1.9,-29.0,-27.2
COIN,L3,2024-07-01,-29.5,23.3,70.6
COIN,L3,2024-08-27,56.8,8.0,63.4
COIN,L3,2025-09-25,-23.8,-44.1,
COIN,L3,2025-10-29,-48.5,-44.6,
COIN,C3,2023-11-01,54.0,170.5,265.9
COIN,C3,2024-01-31,74.1,39.6,132.5
COIN,C3,2024-03-20,-17.4,-35.0,-33.5
COIN,C3,2024-03-26,-16.7,-38.2,-33.6
COIN,C3,2024-04-02,-9.0,-31.3,-28.6
COIN,C3,2024-04-08,-16.5,-31.4,-26.1
COIN,C3,2024-04-12,1.4,-16.9,-16.5
COIN,C3,2024-07-02,-28.3,16.2,80.5
COIN,C3,2024-08-28,55.7,14.3,69.8
COIN,C3,2025-09-30,-29.9,-48.1,
COIN,C3,2025-10-31,-57.5,-37.0,
HOOD,L2,2025-05-12,84.9,98.3,24.9
HOOD,C2,2024-02-26,26.1,21.4,202.2
HOOD,C2,2024-03-25,12.8,18.7,108.2
HOOD,C2,2024-04-22,18.6,51.3,176.6
HOOD,C2,2024-05-20,3.0,78.7,208.0
HOOD,C2,2024-06-17,2.0,72.0,252.2
HOOD,C2,2024-07-15,14.6,105.7,368.8
HOOD,C2,2024-08-12,61.8,226.7,471.4
HOOD,C2,2025-05-19,73.1,69.9,16.6
HOOD,C2,2025-06-16,59.0,54.6,37.8
HOOD,C2,2025-07-14,18.4,-0.9,-8.9
HOOD,C2,2025-08-11,7.3,-33.5,
HOOD,C2,2025-09-08,3.9,-36.2,
HOOD,C2,2025-10-06,-17.0,-50.2,
HOOD,C2,2025-11-03,-36.5,-40.9,
HOOD,C2,2025-12-01,-41.6,-37.5,
HOOD,C2,2025-12-29,-40.2,-2.2,
HOOD,C2,2026-01-26,-26.0,,
HOOD,C2,2026-02-23,24.3,,
HOOD,L3,2024-04-04,22.5,39.0,123.2
HOOD,L3,2024-07-01,-0.7,87.4,353.0
HOOD,L3,2024-07-24,27.1,147.5,419.5
HOOD,L3,2025-06-13,63.4,61.4,40.3
HOOD,L3,2025-10-03,-21.3,-51.8,
HOOD,C3,2024-04-05,21.3,38.6,116.6
HOOD,C3,2024-04-11,29.6,41.7,160.3
HOOD,C3,2024-04-17,37.1,60.5,173.0
HOOD,C3,2024-04-23,20.3,58.2,183.7
HOOD,C3,2024-04-29,16.7,38.2,260.8
HOOD,C3,2024-05-03,-4.6,63.6,258.1
HOOD,C3,2024-07-25,27.8,145.3,441.2
HOOD,C3,2024-07-31,14.2,158.5,438.2
HOOD,C3,2024-08-06,73.5,224.9,512.1
HOOD,C3,2025-06-16,57.5,58.1,30.7
HOOD,C3,2025-06-23,66.1,54.7,47.9
HOOD,C3,2025-06-27,72.4,38.8,32.3
HOOD,C3,2025-07-03,52.8,22.2,5.9
HOOD,C3,2025-07-10,40.8,21.2,
HOOD,C3,2025-07-16,27.3,2.6,
HOOD,C3,2025-07-22,24.9,3.3,
HOOD,C3,2025-07-28,37.0,-15.8,
HOOD,C3,2025-08-01,47.2,-17.1,
HOOD,C3,2025-08-07,17.2,-36.1,
HOOD,C3,2025-08-13,11.9,-30.4,
HOOD,C3,2025-08-19,9.9,-27.9,
HOOD,C3,2025-08-25,7.1,-29.5,
HOOD,C3,2025-08-29,21.1,-23.7,
HOOD,C3,2025-09-05,34.7,-27.5,
HOOD,C3,2025-09-11,1.5,-37.0,
HOOD,C3,2025-10-09,-21.1,-40.5,
HOOD,C3,2025-10-15,-21.1,-37.7,
HOOD,C3,2025-10-21,-18.8,-46.0,
HOOD,C3,2025-10-27,-31.8,-47.2,
HOOD,C3,2025-10-31,-50.5,-45.0,
HOOD,C3,2025-11-06,-38.6,-39.3,
