ticker,signal,date,price,fwd13w,fwd26w,fwd52w,exc13w,exc26w,exc52w,mae26w
A,BREAKOUT,2019-12-02,78.32,-4.2,10.5,41.3,0.8,7.9,21.5,-19.0
A,BOTTOM,2022-10-31,132.34,13.7,-1.7,-19.3,3.7,-12.3,-36.6,-2.9
AA,BOTTOM,2020-11-02,13.75,45.1,185.3,232.2,33.9,163.9,196.5,0.0
AA,BREAKOUT,2020-11-30,22.59,22.2,63.7,86.1,18.0,48.5,61.8,-24.1
AA,BREAKOUT,2025-12-01,43.63,36.3,64.8,,37.9,56.6,,0.0
AAL,BOTTOM,2020-01-13,28.3,-59.1,-57.9,-44.3,-46.0,-55.8,-59.6,-68.1
AAL,BOTTOM,2020-03-16,10.38,54.1,27.1,140.6,18.7,-18.7,67.6,-12.9
AAL,BREAKOUT,2021-02-22,20.94,15.8,-3.4,-16.6,5.0,-22.6,-33.2,-11.7
AAL,BOTTOM,2023-02-20,15.56,-7.8,-6.3,-2.8,-14.1,-18.1,-32.8,-17.8
AAL,BREAKOUT,2024-12-02,17.4,-25.1,-32.3,-14.9,-20.2,-31.5,-29.1,-45.6
AAL,BOTTOM,2025-10-06,11.52,38.8,-1.7,,32.2,-6.4,,-10.6
AAMI,BREAKOUT,2020-06-22,11.73,7.5,60.1,101.9,-2.5,36.1,57.6,0.0
AAOI,BOTTOM,2019-12-02,10.37,-15.2,-3.8,-18.5,-10.2,-6.3,-38.2,-41.1
AAOI,BOTTOM,2020-10-12,10.98,-1.7,-28.1,-34.2,-10.4,-49.2,-64.4,-30.9
AAOI,BREAKOUT,2023-06-12,4.85,102.9,347.9,107.8,101.6,340.3,83.0,-10.5
AAOI,BREAKOUT,2024-11-04,27.76,6.7,-47.2,2.9,5.9,-42.1,-10.6,-61.6
AAOI,BOTTOM,2025-05-26,15.42,56.9,73.7,927.3,47.2,57.1,897.5,0.0
AAOI,BOTTOM,2025-12-01,26.59,259.5,565.7,,261.1,557.5,,0.0
AAOI,BREAKOUT,2025-12-29,39.6,162.4,205.4,,166.1,195.8,,-14.0
AAON,BREAKOUT,2018-01-01,24.15,-9.9,-6.8,-5.5,-5.2,-8.4,0.4,-22.3
AAON,BREAKOUT,2023-12-11,70.4,16.1,7.0,85.3,7.1,-9.0,55.4,-1.6
AAON,BOTTOM,2026-01-19,94.28,5.6,,,1.7,,,-15.2
AAON,BREAKOUT,2026-05-04,139.56,,,,,,,-22.9
AAP,BREAKOUT,2018-06-04,114.78,27.1,27.3,18.1,23.2,31.7,12.7,0.0
AAP,BOTTOM,2024-04-22,71.61,-18.8,-50.6,-55.2,-26.3,-65.2,-64.9,-50.6
AAP,BREAKOUT,2025-07-07,61.33,-20.5,-29.2,-5.5,-25.5,-41.1,-27.9,-37.5
AAPL,BREAKOUT,2019-09-30,54.51,31.4,6.9,101.1,21.3,21.7,85.5,0.0
AAPL,BREAKOUT,2023-05-01,170.93,5.0,2.1,6.2,-3.7,-4.1,-19.5,-2.8
AAT,BOTTOM,2023-03-06,16.16,2.0,6.9,13.1,-9.9,-9.4,-21.5,-13.6
AAT,BOTTOM,2023-07-24,18.61,-19.7,8.7,19.9,-9.9,1.3,-1.0,-19.7
AAT,BOTTOM,2025-10-20,18.99,-8.3,8.5,,-10.3,2.5,,-8.3
AAT,BREAKOUT,2026-04-13,20.51,24.4,,,19.5,,,-0.2
AB,BOTTOM,2020-03-23,10.97,39.1,53.7,133.3,20.2,22.9,74.5,-7.4
AB,BREAKOUT,2020-10-12,20.31,9.1,27.9,72.3,0.5,6.8,42.1,-9.7
AB,BOTTOM,2023-03-20,25.25,-3.2,-2.8,10.0,-13.1,-12.3,-23.6,-6.4
ABBV,BREAKOUT,2024-01-01,147.65,5.8,5.1,15.9,-5.3,-14.2,-12.3,-1.3
ABBV,BREAKOUT,2026-06-22,251.56,,,,,,,-2.1
ABCB,BOTTOM,2019-09-02,31.8,23.9,-7.5,-26.8,17.8,-8.2,-44.0,-7.5
ABCB,BREAKOUT,2019-11-04,40.33,-7.1,-46.7,-32.2,-15.2,-42.4,-47.8,-53.1
ABCB,BREAKOUT,2023-12-11,50.54,-12.4,-9.8,29.2,-21.3,-25.8,-0.7,-12.9
ABCB,BREAKOUT,2024-07-08,53.32,15.6,9.6,25.2,11.7,5.3,12.5,0.0
ABCB,BREAKOUT,2025-08-18,71.31,3.3,16.9,,0.9,9.4,,-1.4
ABCL,BOTTOM,2022-10-24,11.71,-8.1,-42.1,-66.6,-12.9,-49.9,-73.8,-42.1
ABCL,BOTTOM,2025-08-25,4.18,-10.8,-13.6,,-17.0,-20.6,,-27.3
ABCL,BREAKOUT,2026-05-25,6.17,,,,,,,-15.1
ABEO,BOTTOM,2018-08-27,385.0,-46.8,-50.6,-90.0,-42.1,-48.2,-92.7,-58.0
ABEO,BOTTOM,2020-03-02,68.0,7.4,-27.2,-26.1,-0.6,-43.6,-57.5,-36.0
ABEO,BOTTOM,2023-09-11,4.03,20.8,114.1,38.5,14.6,98.3,10.4,-7.9
ABEO,BREAKOUT,2025-06-02,6.74,2.2,-27.7,-19.0,-6.1,-42.8,-43.5,-37.7
ABEO,BOTTOM,2026-06-08,5.53,,,,,,,0.0
ABG,BOTTOM,2022-05-09,191.98,-3.7,-5.7,3.9,-10.5,-5.7,-0.3,-25.4
ABG,BREAKOUT,2023-01-23,214.84,-10.0,2.4,-0.4,-12.9,-11.1,-22.4,-10.0
ABG,BREAKOUT,2024-07-08,247.98,-10.0,-4.1,6.1,-13.8,-8.4,-6.6,-10.6
ABM,BOTTOM,2018-11-26,27.0,14.3,15.6,22.3,12.0,14.7,6.1,-18.2
ABM,BREAKOUT,2020-11-23,35.54,8.6,25.9,18.4,3.6,9.6,-9.5,-7.6
ABM,BREAKOUT,2022-04-18,48.87,-19.4,-21.2,-19.5,-12.5,-9.8,-17.9,-28.3
ABNB,BREAKOUT,2024-02-26,159.72,-9.3,-26.6,-13.1,-12.4,-37.2,-30.4,-27.9
ABR,BOTTOM,2020-10-19,6.35,26.2,51.9,80.7,15.0,30.5,47.8,-0.6
ABR,BOTTOM,2023-04-10,6.91,57.9,46.3,33.8,48.5,41.0,8.1,0.0
ABSI,BREAKOUT,2023-12-25,4.2,35.2,-26.7,-34.0,24.8,-41.9,-60.8,-28.1
ABSI,BOTTOM,2024-07-22,4.48,-9.2,-10.7,-35.5,-15.8,-23.1,-54.0,-42.9
ABSI,BOTTOM,2025-03-24,2.7,-3.0,1.1,3.0,-14.0,-18.7,-12.5,-15.6
ABSI,BOTTOM,2025-12-15,3.38,-12.4,119.2,,-8.0,108.9,,-29.6
ABSI,BREAKOUT,2026-04-27,4.92,,,,,,,0.0
ABT,BREAKOUT,2021-08-30,116.99,1.4,-5.1,-19.2,1.0,-1.2,-7.0,-9.1
ABT,BREAKOUT,2023-07-17,107.37,-14.9,1.4,-8.9,-8.3,-6.1,-32.0,-20.1
ABTC,BREAKOUT,2019-06-10,315000.0,-18.9,11.2,1.5,-23.5,0.5,-5.8,-59.6
ABTC,BOTTOM,2019-07-22,341100.0,-54.2,-22.8,-43.8,-54.5,-32.7,-52.2,-62.7
ABTC,BOTTOM,2021-03-15,162600.0,-22.9,-45.2,-80.4,-29.8,-59.3,-96.1,-45.2
ABTC,BOTTOM,2025-07-28,78.75,-3.0,-71.2,,-13.1,-83.2,,-71.2
ABTC,BOTTOM,2025-10-06,89.25,-69.2,-84.0,,-75.8,-88.6,,-85.5
ABVX,BOTTOM,2025-07-07,8.27,1033.9,1283.3,1591.7,1028.9,1271.4,1569.3,0.0
ABVX,BREAKOUT,2025-07-21,66.49,36.5,83.7,,29.9,74.9,,0.0
ABVX,BREAKOUT,2026-06-29,144.65,,,,,,,-5.5
ABX,BOTTOM,2023-07-31,6.07,5.9,96.0,53.5,8.3,84.5,32.6,-2.6
ABX,BREAKOUT,2024-01-08,10.78,8.7,-22.8,-37.7,1.2,-41.0,-61.1,-22.8
ACA,BOTTOM,2020-03-16,30.55,31.2,46.1,96.7,-4.3,0.3,23.8,0.0
ACA,BREAKOUT,2020-08-31,47.26,14.0,23.3,5.7,5.6,10.3,-28.5,-9.8
ACA,BREAKOUT,2023-04-24,67.06,11.6,-0.7,14.8,1.4,-0.2,-9.2,-0.7
ACA,BREAKOUT,2025-12-08,110.7,-4.6,16.9,,-2.0,7.5,,-9.1
ACAD,BREAKOUT,2019-02-25,26.6,-9.8,4.0,60.7,-8.4,-1.3,53.0,-12.3
ACAD,BREAKOUT,2020-06-15,52.03,-18.5,6.2,-50.0,-26.0,-14.4,-86.4,-29.6
ACAD,BOTTOM,2020-10-12,42.61,25.9,-50.4,-58.9,17.3,-71.4,-89.1,-52.1
ACGL,BOTTOM,2021-02-08,33.42,14.3,18.9,32.5,7.9,4.5,18.8,-0.2
ACGL,BREAKOUT,2022-10-24,53.9,13.0,32.4,43.5,8.3,24.6,36.3,0.0
ACHC,BOTTOM,2019-04-01,31.04,11.5,-3.8,-50.0,7.6,-6.8,-37.7,-14.9
ACHC,BOTTOM,2019-08-05,28.77,6.8,14.8,7.9,0.4,-0.2,-9.1,-8.1
ACHC,BOTTOM,2020-09-14,29.44,66.2,94.3,107.9,54.1,75.6,72.6,-4.0
ACHC,BREAKOUT,2020-10-26,35.65,42.2,70.9,73.9,28.3,42.1,31.3,0.0
ACHC,BREAKOUT,2022-04-04,73.96,1.4,8.4,-1.6,14.2,26.7,5.4,-12.2
ACHV,BOTTOM,2019-09-09,45.2,-59.7,-86.3,-82.3,-65.6,-76.6,-95.5,-86.3
ACHV,BOTTOM,2021-03-22,11.84,-29.5,-20.9,-38.8,-37.6,-33.7,-54.6,-41.6
ACHV,BREAKOUT,2023-04-17,8.05,-32.4,-50.3,-44.0,-42.5,-53.2,-65.8,-53.8
ACHV,BOTTOM,2024-07-01,4.54,10.6,-18.5,-52.0,6.9,-25.9,-66.1,-19.8
ACHV,BREAKOUT,2025-10-20,5.0,12.0,-19.6,,9.9,-25.6,,-47.0
ACIW,BREAKOUT,2019-11-18,36.63,-9.8,-28.5,-12.3,-17.5,-24.5,-28.8,-40.6
ACIW,BOTTOM,2020-06-15,27.14,-6.2,42.0,39.5,-13.7,21.4,3.0,-9.1
ACIW,BOTTOM,2020-09-07,24.66,59.3,65.0,30.0,49.2,46.1,-5.4,0.0
ACIW,BREAKOUT,2023-12-11,29.72,7.1,20.4,81.7,-1.9,4.4,51.8,-1.4
ACIW,BREAKOUT,2026-06-29,54.88,,,,,,,0.0
ACLS,BREAKOUT,2019-11-11,22.74,24.5,3.4,14.4,15.7,10.6,-2.7,-40.2
ACLS,BOTTOM,2020-03-16,13.6,107.3,65.7,182.9,71.8,20.0,109.9,0.0
ACLS,BOTTOM,2020-10-12,23.63,47.8,80.5,108.9,39.1,59.5,78.7,-6.6
ACLS,BREAKOUT,2022-12-05,81.95,50.9,110.6,49.7,52.4,100.4,30.9,-3.2
ACLS,BOTTOM,2024-02-26,116.27,-3.3,-6.0,-52.9,-6.4,-16.6,-70.2,-18.5
ACLS,BREAKOUT,2026-04-06,110.37,29.9,,,18.5,,,0.0
ACM,BREAKOUT,2022-11-14,76.83,12.2,-0.3,9.8,8.8,-6.9,-5.8,-1.7
ACM,BREAKOUT,2025-08-04,116.88,10.6,-14.3,,5.0,-23.3,,-18.4
ACMR,BREAKOUT,2019-03-25,5.14,1.2,-10.8,83.9,-3.1,-16.3,92.4,-10.8
ACMR,BOTTOM,2019-07-29,5.33,-19.8,117.1,499.6,-24.9,106.1,485.8,-20.9
ACMR,BREAKOUT,2020-01-06,7.88,40.0,245.5,339.1,54.1,246.9,319.9,-6.6
ACMR,BOTTOM,2021-03-22,27.79,24.4,19.1,-21.7,16.3,6.3,-37.6,-22.2
ACMR,BOTTOM,2021-11-08,35.21,-23.7,-61.2,-73.0,-18.3,-47.8,-59.5,-61.2
ACMR,BREAKOUT,2023-08-28,18.43,-8.5,84.0,-2.1,-10.6,69.5,-28.8,-25.6
ACMR,BOTTOM,2023-12-04,16.0,88.5,40.1,-6.9,76.9,23.2,-40.8,0.0
ACMR,BOTTOM,2025-05-12,23.73,5.4,32.8,168.3,-3.2,19.1,142.5,-5.6
ACN,BREAKOUT,2019-03-25,156.03,5.8,9.6,-5.9,1.6,4.1,2.5,-0.2
ACRS,BREAKOUT,2020-07-13,2.21,95.0,166.1,555.7,86.6,148.3,519.6,-5.0
ACRS,BOTTOM,2023-08-21,6.9,-87.8,-82.8,-82.5,-91.7,-99.1,-112.0,-87.8
ACRS,BOTTOM,2024-08-19,1.21,214.0,85.1,48.8,207.8,77.7,32.5,-5.0
ACRS,BOTTOM,2026-01-12,2.62,62.2,116.8,,59.3,108.8,,0.0
ACT,BREAKOUT,2025-04-28,36.31,-5.3,-3.2,16.7,-15.3,-24.2,-11.9,-6.7
AD,BOTTOM,2020-07-13,14.66,-6.6,1.3,14.5,-15.0,-16.5,-21.6,-10.4
AD,BREAKOUT,2023-07-31,15.43,33.4,29.9,52.5,35.8,18.4,31.6,0.0
ADAM,BOTTOM,2023-03-06,5.67,17.6,12.1,-7.3,5.8,-4.2,-41.9,0.0
ADAM,BOTTOM,2023-08-28,6.61,-1.2,-21.3,-21.7,-3.3,-35.8,-48.4,-21.3
ADAM,BOTTOM,2024-10-21,4.19,17.0,15.0,50.6,11.6,19.3,32.2,0.0
ADAM,BREAKOUT,2025-02-24,5.81,-3.9,9.5,33.2,-3.4,0.3,16.4,-21.6
ADBE,BREAKOUT,2019-04-22,281.96,10.4,-3.9,22.0,7.0,-7.7,23.6,-5.8
ADBE,BREAKOUT,2021-04-12,525.08,15.4,16.2,-19.9,11.7,8.6,-26.2,-7.3
ADBE,BOTTOM,2023-02-06,370.99,-9.6,37.1,69.1,-10.8,27.0,44.4,-13.6
ADBE,BREAKOUT,2023-06-05,454.0,23.4,34.4,2.5,19.4,26.5,-23.5,0.0
ADC,BREAKOUT,2022-06-20,62.02,-3.1,-1.6,-8.6,2.2,-0.6,-21.5,-13.3
ADC,BREAKOUT,2026-02-09,76.74,-3.6,,,-12.4,,,-4.9
ADEA,BREAKOUT,2019-02-11,7.58,0.9,-11.8,-27.0,-2.6,-16.9,-51.0,-11.8
ADEA,BOTTOM,2020-09-07,4.42,72.8,113.0,78.1,62.7,94.0,42.8,-1.8
ADEA,BREAKOUT,2020-11-30,7.74,13.3,12.7,-4.9,9.2,-2.5,-29.3,-2.8
ADEA,BREAKOUT,2022-10-03,8.8,14.4,-13.0,-1.5,7.0,-26.7,-21.7,-13.1
ADEA,BREAKOUT,2024-12-02,13.11,11.8,1.0,-5.0,16.8,1.8,-19.2,-15.7
ADEA,BREAKOUT,2025-09-29,17.15,2.1,45.9,,-0.3,47.4,,-30.4
ADI,BREAKOUT,2020-02-17,109.58,-9.0,-4.5,36.2,1.8,-7.3,17.0,-30.3
ADI,BOTTOM,2020-03-23,79.58,33.7,29.3,80.6,14.7,-1.5,21.9,-2.4
ADM,BREAKOUT,2019-12-02,36.43,-13.6,-1.4,19.1,-8.5,-3.9,-0.7,-29.7
ADM,BREAKOUT,2020-08-31,39.59,9.6,25.6,32.8,1.2,12.7,-1.4,-0.9
ADM,BREAKOUT,2022-01-03,61.33,37.2,6.1,25.5,40.8,22.1,40.8,-1.2
ADM,BREAKOUT,2022-11-21,87.19,-15.9,-24.5,-22.0,-14.9,-29.7,-36.9,-24.5
ADM,BOTTOM,2024-08-19,56.88,-11.4,-18.7,8.2,-17.6,-26.1,-8.1,-23.7
ADMA,BREAKOUT,2018-03-19,5.15,-4.7,19.4,-35.7,-11.6,5.2,-46.0,-14.6
ADMA,BOTTOM,2019-04-29,4.87,-28.5,2.1,-38.2,-28.5,-3.1,-36.3,-28.5
ADMA,BOTTOM,2020-08-31,2.22,-9.9,-5.9,-40.1,-18.3,-18.8,-74.3,-16.7
ADMA,BREAKOUT,2022-04-04,2.05,12.7,27.3,64.4,25.5,45.6,71.4,-14.1
ADMA,BOTTOM,2026-07-06,9.08,,,,,,,-4.1
ADNT,BOTTOM,2019-06-24,24.27,-5.4,-12.4,-36.6,-6.7,-23.7,-41.0,-19.2
ADNT,BREAKOUT,2020-02-03,26.92,-34.1,-43.2,37.2,-22.6,-44.9,18.3,-72.7
ADNT,BREAKOUT,2020-11-23,31.98,15.9,56.5,40.7,10.9,40.2,12.8,0.0
ADNT,BOTTOM,2022-10-31,37.96,21.7,-8.4,-5.4,11.6,-19.0,-22.7,-11.2
ADNT,BREAKOUT,2025-08-18,24.86,-23.9,0.0,,-26.3,-7.4,,-25.5
ADP,BOTTOM,2020-06-15,130.63,-8.7,21.7,32.3,-16.3,1.1,-4.1,-10.8
ADP,BREAKOUT,2020-12-14,159.04,3.1,8.7,30.4,-2.7,-4.4,4.2,-10.1
ADP,BREAKOUT,2022-08-01,225.69,-3.8,-8.0,1.5,4.8,-8.6,-8.3,-9.9
ADPT,BOTTOM,2023-02-20,8.32,-16.9,-26.0,-51.4,-23.3,-37.8,-81.5,-27.4
ADPT,BREAKOUT,2026-06-22,20.96,,,,,,,0.0
ADSK,BREAKOUT,2019-11-25,180.9,5.5,16.3,50.8,10.8,18.4,32.9,-23.2
ADSK,BOTTOM,2020-03-23,141.57,64.4,60.9,90.0,45.5,30.1,31.3,-1.8
ADSK,BOTTOM,2022-10-24,216.39,-2.5,-10.0,-9.8,-7.3,-17.8,-17.0,-13.6
ADSK,BREAKOUT,2025-09-01,326.37,-6.0,-20.0,,-12.2,-24.5,,-30.5
ADT,BREAKOUT,2019-11-11,6.63,-8.8,-21.4,-0.7,-17.6,-14.2,-17.8,-49.4
ADT,BOTTOM,2020-02-17,6.0,-5.8,66.2,41.5,5.1,63.4,22.4,-44.1
ADT,BREAKOUT,2020-07-27,7.49,-23.2,5.7,23.7,-23.6,-8.6,-12.6,-23.2
ADT,BOTTOM,2020-11-30,7.38,-14.0,31.8,-2.5,-18.1,16.6,-26.8,-14.0
ADT,BREAKOUT,2022-11-07,8.27,-8.9,-33.9,-34.4,-11.7,-38.0,-46.7,-36.5
ADTN,BREAKOUT,2022-08-08,23.65,-19.6,-29.3,-66.4,-13.2,-25.7,-72.4,-29.3
ADTN,BOTTOM,2024-09-02,5.05,66.9,81.4,93.1,54.1,74.1,71.8,0.0
ADTN,BREAKOUT,2024-11-04,8.08,37.5,-4.6,-1.4,36.7,0.5,-14.9,-8.0
ADTN,BOTTOM,2025-05-12,8.13,8.7,-8.1,83.4,0.1,-21.8,57.6,-8.1
ADTN,BOTTOM,2025-08-18,9.17,-20.9,9.8,,-23.3,2.4,,-20.9
ADUR,BOTTOM,2026-02-02,11.6,16.4,,,9.3,,,-14.4
ADUR,BREAKOUT,2026-05-25,16.85,,,,,,,-21.8
ADUS,BREAKOUT,2018-03-05,40.45,38.7,65.4,51.5,38.5,61.4,51.2,0.0
ADUS,BREAKOUT,2020-11-02,107.59,15.3,-9.6,-5.2,4.1,-31.1,-40.9,-12.8
ADUS,BREAKOUT,2022-10-17,105.17,4.2,6.9,-23.0,-2.1,-4.1,-37.3,-6.9
ADX,BREAKOUT,2020-08-24,10.71,5.1,10.3,30.6,1.0,0.9,0.2,-7.6
AEE,BREAKOUT,2024-07-29,77.88,4.9,15.9,27.5,-2.6,2.2,9.4,-2.7
AEG,BOTTOM,2020-09-14,1.96,47.0,90.9,98.4,34.9,72.2,63.0,-6.3
AEHR,BOTTOM,2018-07-16,2.7,-24.4,-58.1,-41.1,-23.7,-54.4,-49.5,-58.1
AEHR,BOTTOM,2019-06-24,1.65,-3.6,21.2,18.8,-4.9,10.0,14.3,-20.0
AEHR,BREAKOUT,2019-11-11,2.23,8.5,-32.3,-30.0,-0.3,-25.1,-47.1,-44.8
AEHR,BREAKOUT,2020-12-21,2.47,-2.0,4.9,728.7,-9.7,-11.5,699.5,-15.0
AEHR,BOTTOM,2021-04-05,2.39,13.8,713.4,287.4,7.6,706.3,277.2,-12.1
AEHR,BREAKOUT,2025-07-21,21.74,14.9,29.0,,8.3,20.2,,-22.5
AEHR,BOTTOM,2025-12-22,21.46,51.5,327.8,,59.4,321.7,,0.0
AEIS,BOTTOM,2019-05-27,49.18,2.9,28.0,33.2,-3.8,12.7,20.4,-4.7
AEM,BREAKOUT,2020-05-04,57.23,25.4,28.5,6.8,10.5,7.7,-39.9,-11.4
AEM,BREAKOUT,2024-03-25,57.74,10.3,38.6,83.6,5.9,28.7,76.0,0.0
AEO,BOTTOM,2023-04-24,12.16,5.2,31.7,86.9,-5.1,32.3,62.9,-19.7
AEO,BREAKOUT,2023-08-28,15.89,13.0,40.7,21.3,10.9,26.2,-5.3,-13.7
AEO,BOTTOM,2026-05-04,16.56,,,,,,,-8.3
AEP,BREAKOUT,2018-11-05,57.96,7.1,14.3,22.1,9.2,9.5,8.6,-2.5
AEP,BREAKOUT,2021-08-09,75.5,-7.7,-0.5,19.7,-12.8,0.1,22.5,-9.3
AER,BOTTOM,2019-06-03,46.22,15.5,28.9,-19.9,11.4,18.4,-33.2,0.0
AER,BREAKOUT,2021-10-18,63.13,-1.8,-20.4,-20.8,1.2,-15.1,-4.6,-26.1
AER,BOTTOM,2022-10-31,54.5,13.3,-0.3,17.5,3.2,-10.9,0.1,-9.6
AES,BREAKOUT,2019-11-11,14.48,14.2,-35.2,17.0,5.4,-28.0,-0.1,-35.2
AES,BOTTOM,2020-06-15,10.65,42.2,71.8,93.9,34.6,51.2,57.5,0.0
AES,BOTTOM,2024-07-01,15.96,7.8,-23.8,-31.4,4.2,-31.2,-45.5,-26.5
AESI,BREAKOUT,2025-01-13,22.98,-40.9,-42.8,-51.9,-29.3,-48.5,-69.0,-48.2
AESI,BREAKOUT,2026-04-20,16.31,,,,,,,-13.7
AEVA,BOTTOM,2024-05-20,3.41,-11.7,24.6,370.7,-18.2,11.4,359.9,-31.1
AEVA,BOTTOM,2025-02-10,4.23,335.9,209.7,221.0,338.2,203.5,207.9,-35.7
AEVA,BOTTOM,2026-03-09,15.16,64.2,,,51.9,,,-15.8
AFG,BOTTOM,2020-06-15,35.55,6.8,40.0,122.6,-0.8,19.4,86.2,-7.3
AFG,BOTTOM,2020-12-28,51.09,30.8,57.7,93.8,23.3,40.9,65.1,-2.6
AFG,BREAKOUT,2025-09-22,137.91,-2.9,-10.0,,-7.5,-6.3,,-11.1
AFL,BREAKOUT,2021-12-06,52.21,4.3,-2.5,24.1,14.8,14.1,39.3,-3.5
AFL,BREAKOUT,2023-07-31,72.06,7.6,1.0,32.1,10.0,-10.4,11.2,-2.8
AFRM,BOTTOM,2023-10-23,16.93,144.2,96.9,140.4,125.0,72.2,97.5,0.0
AFRM,BREAKOUT,2024-11-11,56.15,43.7,-6.4,25.6,39.3,-8.5,9.5,-36.3
AFRM,BOTTOM,2025-01-20,55.73,-11.9,20.4,28.2,-2.8,15.0,13.5,-35.9
AFRM,BREAKOUT,2025-08-25,88.46,-19.8,-46.9,,-26.0,-53.8,,-46.9
AFRM,BOTTOM,2026-02-16,51.09,27.7,,,19.2,,,-16.8
AG,BOTTOM,2018-09-17,5.62,-2.6,20.9,77.0,14.5,24.3,72.8,-15.8
AG,BREAKOUT,2020-07-20,13.1,-17.3,5.4,-3.4,-25.5,-14.9,-42.5,-28.3
AG,BREAKOUT,2024-04-01,7.75,-17.8,-18.1,-28.1,-25.1,-29.3,-26.8,-40.5
AG,BOTTOM,2024-12-02,6.07,-2.8,36.1,147.8,2.1,36.9,133.6,-11.7
AG,BREAKOUT,2025-06-02,8.26,10.6,82.1,105.7,2.3,67.0,81.2,-5.3
AGCO,BREAKOUT,2019-02-25,56.41,-2.5,1.4,-10.9,-1.1,-3.8,-18.6,-3.6
AGCO,BOTTOM,2020-06-15,45.26,38.8,90.4,133.0,31.2,69.8,96.6,-2.8
AGCO,BREAKOUT,2020-10-05,67.38,39.4,83.2,63.3,29.0,63.7,35.3,-4.4
AGCO,BREAKOUT,2023-02-27,130.64,-13.5,-3.7,-19.4,-19.8,-16.2,-48.2,-17.6
AGEN,BOTTOM,2019-02-18,56.72,-1.0,-3.5,21.8,-2.8,-6.5,0.1,-18.3
AGEN,BREAKOUT,2019-11-11,73.01,-1.6,-36.0,1.9,-10.4,-28.8,-15.2,-48.4
AGEN,BOTTOM,2022-10-31,47.89,5.3,-34.4,-64.9,-4.7,-45.0,-82.2,-40.6
AGEN,BOTTOM,2022-12-19,48.09,-39.2,-28.0,-67.6,-42.9,-42.0,-93.1,-41.8
AGEN,BOTTOM,2025-09-15,4.38,-21.5,-15.3,,-24.3,-13.6,,-35.2
AGI,BOTTOM,2017-10-09,6.67,-13.8,-19.3,-31.0,-23.4,-24.2,-41.2,-29.6
AGI,BOTTOM,2018-07-16,5.16,-15.9,-30.1,23.6,-15.1,-26.4,15.3,-45.8
AGI,BREAKOUT,2019-06-17,5.68,8.7,-13.0,34.2,6.7,-23.2,27.1,-15.5
AGI,BREAKOUT,2020-04-20,7.69,35.8,4.3,7.4,21.9,-18.9,-42.3,-7.7
AGI,BREAKOUT,2022-11-21,9.41,5.2,29.4,43.7,6.2,24.2,28.8,0.0
AGI,BREAKOUT,2023-11-27,14.69,-17.0,12.9,27.5,-29.2,-2.8,-5.6,-21.1
AGIO,BREAKOUT,2017-09-11,66.43,-21.5,24.9,10.6,-29.0,13.8,-7.8,-21.5
AGIO,BOTTOM,2020-11-02,39.23,34.7,42.2,16.5,23.5,20.8,-19.2,-15.3
AGIO,BREAKOUT,2024-02-19,32.99,-4.5,40.1,6.8,-9.1,28.7,-12.9,-16.5
AGIO,BOTTOM,2024-04-01,27.55,54.8,50.0,-6.5,47.5,38.8,-5.2,0.0
AGIO,BOTTOM,2025-09-08,36.78,-25.9,-24.3,,-29.8,-25.6,,-33.5
AGIO,BOTTOM,2026-03-16,27.86,22.6,,,7.2,,,-9.1
AGL,BOTTOM,2022-08-22,529.5,-21.3,-0.3,-18.7,-21.0,1.1,-29.0,-27.3
AGL,BOTTOM,2023-07-31,486.75,-24.7,-68.8,-67.4,-22.3,-80.3,-88.4,-70.1
AGL,BREAKOUT,2026-05-11,81.73,,,,,,,0.0
AGM,BOTTOM,2019-04-22,59.22,0.2,12.5,-20.1,-3.3,8.8,-18.5,-10.3
AGM,BREAKOUT,2021-01-11,67.31,26.4,21.9,65.8,14.9,6.3,40.5,-5.5
AGM,BREAKOUT,2022-11-21,112.76,12.1,9.3,34.3,13.1,4.0,19.3,-10.4
AGNC,BREAKOUT,2019-11-04,7.36,13.9,-22.3,-9.0,5.8,-17.9,-24.6,-42.4
AGNC,BOTTOM,2020-10-26,6.63,14.3,34.1,24.4,0.5,5.4,-18.3,0.0
AGO,BOTTOM,2020-06-15,22.47,-22.7,24.8,85.7,-30.2,4.2,49.3,-22.7
AGO,BREAKOUT,2021-02-22,40.54,8.8,16.3,46.6,-2.0,-2.8,29.9,-3.3
AGO,BREAKOUT,2022-11-28,62.98,-10.2,-18.7,4.5,-10.0,-24.7,-10.1,-28.9
AGPU,BOTTOM,2021-03-22,363.0,-9.9,3.3,-13.2,-18.0,-9.5,-29.0,-28.2
AGPU,BOTTOM,2023-03-13,102.0,-46.8,-52.8,-61.2,-59.9,-67.3,-93.8,-58.2
AGRO,BREAKOUT,2019-12-09,6.91,-35.4,-40.5,-18.5,-20.7,-37.4,-36.2,-53.9
AGRO,BOTTOM,2020-06-15,4.05,7.4,37.7,137.0,-0.2,17.1,100.6,-8.9
AGRO,BREAKOUT,2022-03-07,10.74,-15.0,-25.4,-33.9,-8.1,-22.9,-27.2,-39.8
AGRO,BOTTOM,2022-08-15,8.01,-9.1,-8.4,20.3,-3.3,-5.7,15.2,-16.3
AGRO,BOTTOM,2023-05-15,8.19,17.7,20.5,20.6,13.0,12.1,-7.7,0.0
AGRO,BREAKOUT,2026-03-16,13.99,-33.9,,,-49.4,,,-33.9
AGX,BREAKOUT,2023-01-30,39.09,0.1,-2.5,12.9,-0.3,-11.7,-8.8,-7.2
AGYS,BREAKOUT,2017-09-25,11.95,2.8,-0.3,36.4,-4.0,-6.0,18.6,-8.1
AGYS,BREAKOUT,2018-05-21,13.88,20.3,15.1,61.2,14.2,17.5,55.2,0.0
AGYS,BOTTOM,2020-03-16,14.12,35.6,81.6,285.1,0.1,35.9,212.1,0.0
AGYS,BREAKOUT,2020-11-16,40.66,40.8,20.6,9.6,30.6,2.9,-24.3,-9.5
AGYS,BREAKOUT,2023-10-30,90.06,-8.3,-12.0,13.7,-22.5,-30.5,-19.5,-16.1
AHCO,BOTTOM,2022-10-10,20.67,5.1,-42.2,-64.0,-6.9,-58.5,-86.6,-42.2
AHCO,BOTTOM,2024-04-29,10.26,7.2,2.3,-14.4,2.6,-10.1,-26.7,-8.2
AHCO,BOTTOM,2025-07-28,8.75,2.7,14.9,,-7.3,2.9,,-0.6
AHRT,BREAKOUT,2018-07-02,9.44,-3.6,-6.8,14.9,-8.5,0.6,4.4,-7.2
AHRT,BOTTOM,2020-11-30,7.73,18.8,19.4,31.1,14.6,4.3,6.8,-5.7
AHRT,BREAKOUT,2023-12-11,10.47,-18.5,-12.0,-9.8,-27.5,-28.0,-39.8,-18.8
AHRT,BOTTOM,2025-10-20,6.34,3.8,-6.6,,1.7,-12.7,,-20.4
AI,BREAKOUT,2023-01-30,25.88,-27.7,46.1,-3.3,-28.2,36.9,-25.0,-31.1
AI,BOTTOM,2024-04-01,25.16,19.0,-4.3,-24.5,11.7,-15.5,-23.2,-17.6
AI,BREAKOUT,2024-11-18,37.42,-23.8,-39.3,-63.6,-24.9,-37.2,-75.6,-49.3
AIG,BOTTOM,2021-01-25,32.99,30.3,28.1,55.9,17.1,8.8,34.9,0.0
AIG,BREAKOUT,2023-01-02,59.63,-20.3,-8.6,9.6,-26.2,-22.5,-12.8,-26.3
AIG,BREAKOUT,2025-02-24,80.19,2.5,-1.0,-0.9,3.1,-10.2,-17.7,-6.2
AIN,BREAKOUT,2022-07-25,86.38,-0.4,18.8,5.4,4.8,19.5,-7.4,-13.7
AIP,BOTTOM,2023-07-10,7.52,-20.7,-30.5,9.3,-17.1,-37.4,-17.1,-41.5
AIP,BREAKOUT,2024-04-29,8.21,-8.9,-16.2,-18.1,-13.5,-28.6,-30.4,-16.7
AIP,BREAKOUT,2025-10-06,12.39,39.1,56.1,,32.5,51.5,,0.0
AIR,BREAKOUT,2017-10-02,38.0,0.1,11.7,19.9,-7.9,8.7,4.7,-0.9
AIR,BOTTOM,2020-06-15,21.34,-7.1,64.9,85.7,-14.6,44.2,49.3,-19.3
AIR,BREAKOUT,2022-03-07,45.33,1.1,-5.1,16.0,8.0,-2.6,22.6,-11.3
AIR,BREAKOUT,2023-01-30,51.94,2.3,15.4,19.5,1.8,6.3,-2.2,-2.5
AIT,BOTTOM,2019-05-27,49.88,-1.2,18.8,9.1,-7.9,3.5,-3.7,-4.9
AIT,BREAKOUT,2020-11-09,67.43,12.1,48.7,50.4,2.0,31.5,18.1,-1.1
AIZ,BOTTOM,2020-06-15,95.77,13.4,24.8,44.7,5.9,4.2,8.3,-6.7
AIZ,BOTTOM,2023-03-13,99.46,26.0,33.6,76.0,12.9,19.0,43.4,0.0
AKAM,BREAKOUT,2023-08-07,104.34,6.2,23.0,-2.7,6.9,9.7,-24.0,-3.3
AKAM,BREAKOUT,2026-02-09,111.76,35.0,,,26.3,,,-18.3
AKAN,BOTTOM,2025-11-03,29.95,-85.6,-9.9,,-88.8,-20.4,,-91.1
AKR,BOTTOM,2023-03-06,11.38,10.8,18.1,31.6,-1.0,1.8,-3.0,-2.2
AKTX,BOTTOM,2018-07-30,1576.0,-3.6,-1.0,-7.6,0.1,2.8,-12.8,-17.3
AKTX,BOTTOM,2019-04-15,2496.0,-27.9,-45.8,-50.3,-30.8,-49.6,-51.2,-45.8
AKTX,BREAKOUT,2020-06-01,1976.0,-35.6,-25.7,-27.5,-43.4,-42.5,-62.0,-39.3
AKTX,BOTTOM,2020-10-12,1408.0,81.2,23.3,-6.2,72.6,2.2,-36.4,-14.8
AKTX,BREAKOUT,2021-01-11,2552.0,-32.0,-48.9,-54.5,-43.4,-64.5,-79.9,-48.9
AKTX,BOTTOM,2021-08-30,1480.0,-15.9,-27.0,-38.6,-16.3,-23.1,-26.5,-29.7
AKTX,BOTTOM,2025-07-14,45.2,-29.2,-75.1,-75.6,-35.4,-86.0,-95.4,-77.0
ALAB,BREAKOUT,2025-08-04,179.28,-7.7,-5.3,,-13.3,-14.3,,-20.9
ALAB,BOTTOM,2025-10-20,164.97,2.8,29.0,,0.8,23.0,,-31.8
ALAB,BREAKOUT,2026-05-18,306.88,,,,,,,-1.1
ALB,BOTTOM,2018-10-22,85.74,-19.3,-20.0,-32.0,-20.0,-31.7,-47.9,-21.1
ALB,BOTTOM,2020-03-23,51.02,36.3,54.9,177.2,17.4,24.1,118.4,-4.2
ALB,BREAKOUT,2021-07-19,179.37,21.8,12.1,17.2,18.5,11.9,26.1,0.0
ALB,BREAKOUT,2025-11-10,114.22,44.9,57.5,,43.2,46.9,,0.0
ALC,BREAKOUT,2023-05-08,78.5,2.4,-8.2,3.3,-6.3,-16.1,-25.1,-11.8
ALC,BREAKOUT,2024-02-26,85.74,3.1,13.0,7.0,-0.1,2.4,-10.4,-9.2
ALG,BREAKOUT,2020-11-09,130.18,11.3,18.6,16.9,1.2,1.4,-15.4,0.0
ALGM,BOTTOM,2024-04-01,26.36,16.6,-18.6,-19.1,9.3,-29.8,-17.8,-19.3
ALGM,BREAKOUT,2025-06-23,34.18,-13.1,-21.4,69.4,-21.0,-34.3,49.5,-29.5
ALGM,BOTTOM,2026-03-16,29.95,97.0,,,81.6,,,0.0
ALGN,BREAKOUT,2020-07-13,322.3,4.4,76.0,91.2,-4.0,58.2,55.1,-8.8
ALGT,BOTTOM,2020-06-08,109.21,17.8,54.6,86.8,7.5,33.2,45.1,-5.6
ALGT,BOTTOM,2020-10-19,137.52,34.5,69.3,29.3,23.3,47.8,-3.6,-5.3
ALGT,BREAKOUT,2020-11-30,174.59,35.1,20.2,-3.4,31.0,5.1,-27.7,-3.3
ALGT,BOTTOM,2023-04-24,100.43,17.2,-34.6,-43.8,6.9,-34.1,-67.8,-34.6
ALGT,BREAKOUT,2024-12-09,84.9,-36.1,-39.9,1.1,-29.6,-39.3,-13.1,-48.0
ALGT,BOTTOM,2025-05-26,55.58,12.7,36.7,64.8,3.0,20.1,35.0,-13.4
ALGT,BOTTOM,2025-08-04,48.94,44.9,134.6,,39.3,125.5,,0.0
ALHC,BOTTOM,2022-09-05,16.53,-29.9,-63.2,-68.7,-27.1,-59.0,-80.0,-63.2
ALHC,BOTTOM,2023-12-11,7.93,-37.1,4.9,44.4,-46.0,-11.1,14.4,-40.9
ALHC,BREAKOUT,2024-07-08,8.87,29.1,33.9,50.7,25.3,29.6,38.0,-2.8
ALHC,BREAKOUT,2025-12-15,20.42,-15.1,7.1,,-10.6,-3.3,,-25.0
ALIT,BREAKOUT,2021-09-06,248.48,-19.8,-32.7,-37.4,-25.8,-27.7,-29.9,-32.7
ALIT,BOTTOM,2022-03-21,191.76,-25.5,-29.4,-12.1,-12.0,-11.3,-1.0,-31.7
ALIT,BOTTOM,2022-12-12,156.42,5.7,9.9,0.1,3.6,-5.6,-24.2,0.0
ALIT,BREAKOUT,2024-03-18,189.66,-23.4,-26.3,-38.3,-28.2,-36.0,-47.9,-30.7
ALIT,BOTTOM,2024-12-16,131.68,-11.1,-20.2,-70.5,-6.8,-21.4,-87.0,-29.9
ALK,BOTTOM,2018-06-18,60.62,11.9,-4.8,0.7,5.2,6.7,-8.4,-4.8
ALK,BOTTOM,2020-06-15,36.29,13.1,38.7,74.5,5.5,18.1,38.0,-5.5
ALK,BOTTOM,2021-01-04,50.98,42.5,16.5,9.6,34.2,1.5,-14.3,-4.2
ALK,BOTTOM,2023-03-06,46.1,5.5,-13.6,-20.6,-6.3,-30.0,-55.2,-17.3
ALK,BOTTOM,2024-05-27,42.02,-14.1,25.2,21.2,-21.3,10.2,8.0,-17.8
ALK,BOTTOM,2025-05-26,50.93,23.3,-15.8,-9.6,13.5,-32.5,-39.5,-22.4
ALK,BOTTOM,2025-10-13,47.31,5.8,-4.0,,1.4,-11.5,,-23.6
ALK,BOTTOM,2026-03-16,36.91,33.5,,,18.0,,,-2.0
ALKS,BREAKOUT,2018-01-29,63.42,-31.5,-31.0,-47.8,-28.5,-34.9,-47.7,-35.1
ALKS,BREAKOUT,2020-12-07,21.3,-8.8,17.5,2.5,-16.9,0.8,-27.8,-10.7
ALKS,BOTTOM,2022-03-14,26.12,7.3,-10.5,-0.3,24.7,2.0,10.4,-10.5
ALKS,BREAKOUT,2023-06-12,32.19,-8.0,-14.8,-23.9,-9.3,-22.4,-48.7,-26.1
ALKS,BREAKOUT,2025-02-10,35.89,-12.5,-19.1,-7.6,-10.2,-25.2,-20.7,-27.2
ALKT,BOTTOM,2022-12-05,13.62,2.6,12.7,65.1,4.1,2.5,46.3,-12.0
ALL,BREAKOUT,2022-03-21,128.3,-9.8,-8.8,-23.5,3.7,9.2,-12.4,-17.5
ALL,BREAKOUT,2023-01-02,130.45,-17.9,-22.3,9.3,-23.8,-36.1,-13.1,-25.1
ALLE,BREAKOUT,2018-09-03,80.23,0.2,-0.3,12.7,8.1,3.2,7.0,-11.0
ALLE,BREAKOUT,2023-01-30,117.37,-11.7,-8.2,5.5,-12.1,-17.4,-16.2,-18.6
ALLY,BREAKOUT,2017-09-18,18.09,26.0,12.2,20.4,18.2,7.8,1.2,0.0
ALLY,BOTTOM,2023-09-04,25.57,8.9,36.6,46.4,5.2,20.8,23.4,-15.9
ALLY,BREAKOUT,2023-12-11,32.28,8.7,12.9,11.4,-0.2,-3.1,-18.5,-5.3
ALM,BOTTOM,2018-01-15,1.04,-15.6,57.0,3.7,-11.0,56.4,6.8,-36.3
ALM,BREAKOUT,2018-06-11,1.28,0.5,-5.4,21.0,-4.4,0.2,15.1,-8.8
ALM,BOTTOM,2018-09-17,1.33,-37.1,8.0,-9.0,-20.0,11.3,-13.2,-37.1
ALM,BREAKOUT,2019-04-22,1.78,-24.6,-34.3,-52.8,-28.0,-38.1,-51.2,-35.1
ALM,BREAKOUT,2020-09-07,1.35,-8.8,57.3,20.4,-18.9,38.4,-14.9,-22.4
ALM,BOTTOM,2020-11-16,1.12,58.0,96.0,58.0,47.8,78.3,24.2,0.0
ALM,BOTTOM,2022-08-15,1.53,-25.6,-16.2,-44.9,-19.8,-13.5,-49.9,-35.3
ALM,BOTTOM,2023-02-13,1.28,-14.6,-34.2,-22.5,-17.7,-42.2,-47.0,-34.2
ALMS,BREAKOUT,2025-12-01,11.12,141.9,71.4,,143.6,63.2,,-19.5
ALMS,BOTTOM,2026-03-23,24.8,6.5,,,-8.8,,,-23.1
ALMU,BOTTOM,2024-06-17,3.0,-1.4,183.1,344.0,-6.1,173.9,333.5,-10.7
ALMU,BOTTOM,2026-03-09,14.81,70.2,,,57.9,,,-27.3
ALMU,BREAKOUT,2026-04-27,25.58,,,,,,,-42.9
ALNT,BREAKOUT,2023-01-09,39.69,-8.8,-6.3,-29.1,-12.7,-19.9,-50.6,-14.8
ALNT,BOTTOM,2023-04-03,34.31,9.4,-12.7,-5.2,1.9,-18.4,-33.8,-12.7
ALNT,BOTTOM,2024-04-29,29.97,-14.7,-41.2,-25.4,-19.2,-53.6,-37.7,-41.2
ALNY,BOTTOM,2018-10-01,86.75,-13.3,7.0,-11.2,-1.5,5.7,-15.5,-27.0
ALNY,BOTTOM,2019-06-24,72.56,11.8,62.0,109.3,10.5,50.7,104.9,-1.4
ALNY,BREAKOUT,2019-11-18,106.91,22.6,31.4,16.6,14.8,35.4,0.2,-5.0
ALNY,BREAKOUT,2021-01-11,166.36,-16.5,6.7,-10.7,-27.9,-8.8,-36.1,-21.1
ALNY,BREAKOUT,2022-08-01,218.58,-4.7,6.8,-15.1,3.9,6.2,-24.9,-15.1
ALNY,BREAKOUT,2024-06-24,243.0,13.1,-2.1,32.9,7.8,-12.1,18.5,-3.4
ALNY,BREAKOUT,2025-05-26,304.56,46.6,48.2,-0.8,36.8,31.5,-30.7,-1.2
ALNY,BOTTOM,2026-03-16,312.17,-10.9,,,-26.4,,,-14.3
ALOY,BOTTOM,2021-06-14,10.0,172.0,9.6,-41.6,165.3,-2.0,-31.0,0.0
ALOY,BREAKOUT,2021-09-06,19.84,-38.1,-62.3,-79.4,-44.1,-57.2,-72.0,-67.5
ALOY,BOTTOM,2023-05-22,3.63,-20.7,4.7,-19.7,-25.8,-4.5,-47.6,-51.8
ALOY,BREAKOUT,2025-01-20,3.96,-17.9,88.1,230.8,-8.8,82.7,216.1,-27.3
ALOY,BOTTOM,2025-04-14,3.39,128.3,204.1,235.4,108.7,177.2,198.9,-4.1
ALRM,BREAKOUT,2018-08-06,50.28,-6.0,28.9,0.0,-4.5,32.4,-5.0,-15.1
ALRM,BREAKOUT,2020-06-01,58.83,-0.2,35.6,35.8,-8.0,18.9,1.3,-8.1
ALRS,BREAKOUT,2020-11-09,20.11,12.8,33.3,45.9,2.7,16.1,13.6,-0.5
ALRS,BREAKOUT,2021-11-01,31.17,-22.0,-28.3,-39.6,-18.1,-16.7,-21.1,-30.0
ALRS,BREAKOUT,2024-10-07,21.76,-19.5,-29.2,-6.8,-20.0,-21.9,-20.8,-29.2
ALSN,BREAKOUT,2018-07-30,41.07,-3.7,5.5,-1.5,0.0,9.3,-6.7,-8.8
ALSN,BREAKOUT,2026-02-02,115.06,7.7,,,0.6,,,-4.5
ALTO,BOTTOM,2020-12-21,6.01,-6.5,2.2,-19.1,-14.2,-14.2,-48.4,-17.8
ALTO,BREAKOUT,2022-03-21,7.0,-42.9,-46.3,-78.6,-29.4,-28.3,-67.5,-46.6
ALTO,BOTTOM,2022-05-16,4.15,18.3,-12.0,-47.0,9.5,-14.5,-56.2,-12.3
ALTO,BREAKOUT,2025-11-10,2.04,31.4,128.9,,29.6,118.3,,0.0
ALV,BOTTOM,2019-05-20,55.86,-2.9,26.3,-0.7,-4.1,15.3,-7.3,-6.7
ALV,BREAKOUT,2020-11-09,75.81,7.9,16.4,18.7,-2.2,-0.8,-13.7,-0.5
ALV,BREAKOUT,2022-01-10,95.6,-32.1,-29.9,-23.1,-26.6,-13.4,-10.3,-35.0
ALV,BOTTOM,2022-10-24,73.01,16.2,8.2,18.3,11.5,0.4,11.0,-6.6
ALV,BREAKOUT,2025-06-09,106.2,16.8,12.5,21.0,6.4,-2.4,-4.6,0.0
ALX,BREAKOUT,2019-02-18,226.85,0.7,-4.6,-14.6,-1.1,-7.6,-36.4,-7.5
ALX,BOTTOM,2020-12-21,178.57,6.8,2.9,1.2,-0.9,-13.4,-28.1,-2.5
ALX,BREAKOUT,2024-01-15,182.49,-3.7,10.1,-6.8,-6.7,-4.4,-32.2,-6.2
ALX,BREAKOUT,2026-02-02,245.59,-1.7,,,-8.8,,,-8.3
AM,BREAKOUT,2020-08-03,4.36,-16.6,26.6,51.9,-21.6,9.8,17.6,-23.2
AM,BOTTOM,2020-11-02,3.64,51.8,79.6,117.5,40.6,58.1,81.8,0.0
AM,BREAKOUT,2022-10-31,8.74,-0.5,0.1,28.5,-10.6,-10.5,11.1,-7.2
AMAL,BREAKOUT,2021-10-25,16.84,-10.8,-3.3,29.3,-7.4,6.4,43.3,-13.9
AMAL,BREAKOUT,2023-12-11,24.91,-10.4,-5.2,36.5,-19.4,-21.2,6.6,-15.2
AMAL,BREAKOUT,2026-01-19,37.7,6.9,,,3.1,,,-1.1
AMAT,BOTTOM,2019-05-27,36.18,24.7,50.8,47.4,17.9,35.6,34.6,0.0
AMBA,BOTTOM,2018-06-18,43.24,-11.0,-20.6,2.8,-17.8,-9.1,-6.3,-24.1
AMBA,BREAKOUT,2020-11-23,77.87,44.5,28.9,121.2,39.4,12.5,93.2,0.0
AMBA,BREAKOUT,2021-08-30,137.2,41.0,-36.2,-54.2,40.7,-32.2,-42.0,-36.2
AMBA,BOTTOM,2023-05-29,76.54,-16.7,-23.6,-23.9,-22.6,-31.6,-48.9,-38.9
AMBA,BREAKOUT,2024-11-25,71.55,-14.1,-26.4,3.7,-13.1,-24.9,-11.1,-41.4
AMBA,BOTTOM,2025-07-28,63.74,33.7,0.5,,23.7,-11.5,,0.0
AMBA,BREAKOUT,2025-08-25,82.48,-10.1,-26.8,,-16.3,-33.8,,-26.8
AMCR,BREAKOUT,2019-03-18,39.48,3.1,-8.5,-29.2,-2.7,-16.3,-12.8,-11.6
AMCR,BREAKOUT,2022-05-02,53.22,-3.3,-11.2,-15.3,-4.3,-3.4,-17.3,-14.6
AMD,BREAKOUT,2018-05-28,14.4,74.8,47.9,90.3,68.2,46.3,87.8,0.0
AMD,BOTTOM,2018-12-03,19.46,13.1,66.5,103.6,8.4,56.3,81.8,-13.0
AMD,BREAKOUT,2019-07-08,33.21,-10.4,45.0,68.3,-9.4,35.7,60.5,-13.5
AMD,BREAKOUT,2021-07-26,106.19,13.2,-0.9,-11.0,8.2,-2.4,-6.3,-3.5
AMD,BOTTOM,2023-03-06,82.67,51.1,28.3,150.9,39.3,12.0,116.2,0.0
AMD,BREAKOUT,2023-05-22,127.03,-19.5,-3.7,31.0,-24.6,-12.9,3.1,-24.3
AMD,BREAKOUT,2023-12-04,128.92,60.9,30.2,7.5,49.2,13.3,-26.4,0.0
AMD,BOTTOM,2024-08-12,148.56,-9.2,-23.9,19.5,-15.2,-34.6,2.0,-27.6
AME,BREAKOUT,2019-03-25,79.08,9.7,10.5,-13.8,5.4,4.9,-5.4,-1.3
AME,BREAKOUT,2024-11-04,188.79,-3.2,-9.7,3.5,-4.0,-4.7,-10.0,-19.8
AME,BREAKOUT,2025-10-27,201.17,11.0,14.4,,9.2,8.1,,-4.3
AMG,BOTTOM,2020-06-15,75.11,-9.9,33.2,97.6,-17.5,12.6,61.2,-13.9
AMG,BREAKOUT,2020-11-23,91.01,53.6,80.0,86.8,48.6,63.6,58.8,0.0
AMG,BREAKOUT,2024-03-18,163.66,-4.1,8.9,2.7,-9.0,-0.8,-6.9,-9.4
AMG,BREAKOUT,2025-06-23,197.64,20.9,49.8,73.0,13.0,36.9,53.2,0.0
AMGN,BREAKOUT,2021-04-12,216.93,-2.3,-17.5,2.5,-6.1,-25.1,-3.8,-17.5
AMGN,BREAKOUT,2022-04-04,220.67,-0.6,-7.7,3.7,12.2,10.6,10.7,-9.1
AMGN,BREAKOUT,2023-10-09,261.19,8.7,-4.4,19.1,-2.2,-23.7,-17.1,-7.9
AMKR,BOTTOM,2019-03-25,7.93,-12.6,4.2,-9.5,-16.9,-1.4,-1.0,-24.1
AMKR,BREAKOUT,2019-09-30,9.18,30.6,-25.2,12.9,20.5,-10.4,-2.8,-29.7
AMKR,BOTTOM,2020-03-16,6.46,69.9,61.9,246.4,34.4,16.1,173.4,0.0
AMKR,BREAKOUT,2020-07-27,12.64,-12.9,14.4,82.3,-13.3,0.1,46.0,-20.0
AMKR,BOTTOM,2022-10-31,19.9,44.0,3.1,14.4,34.0,-7.5,-2.9,0.0
AMKR,BREAKOUT,2023-12-11,32.01,-6.2,4.9,-18.5,-15.2,-11.1,-48.5,-14.5
AMKR,BREAKOUT,2025-10-13,31.13,53.7,116.2,,49.3,108.7,,0.0
AMLX,BOTTOM,2025-02-17,3.3,60.9,181.8,324.5,64.1,173.6,308.3,-0.6
AMLX,BREAKOUT,2025-07-07,7.68,85.7,59.0,131.4,80.7,47.0,109.0,-0.5
AMN,BREAKOUT,2017-09-25,45.7,7.8,24.2,19.7,1.0,18.5,1.9,-10.1
AMN,BREAKOUT,2020-01-13,66.85,-16.0,-29.0,8.0,-2.9,-27.0,-7.3,-42.2
AMN,BOTTOM,2020-09-07,53.55,26.7,45.6,112.4,16.6,26.6,77.1,0.0
AMN,BREAKOUT,2022-10-24,126.63,-23.9,-31.8,-40.2,-28.7,-39.6,-47.4,-35.4
AMN,BOTTOM,2025-12-22,16.1,17.5,103.5,,25.3,97.3,,-6.1
AMN,BREAKOUT,2026-05-04,28.97,,,,,,,-4.5
AMP,BOTTOM,2018-11-05,111.33,-1.6,14.8,27.6,0.4,10.0,14.1,-21.4
AMP,BREAKOUT,2020-11-09,170.11,18.5,41.0,69.8,8.4,23.8,37.4,-2.7
AMP,BREAKOUT,2022-11-07,315.26,6.0,-10.7,3.2,3.1,-14.8,-9.1,-14.7
AMPG,BOTTOM,2023-05-22,2.41,-22.8,-33.6,-45.2,-28.0,-42.8,-73.1,-33.6
AMPG,BOTTOM,2024-04-15,2.3,-51.7,-63.6,-33.0,-63.0,-82.4,-40.7,-68.7
AMPG,BREAKOUT,2024-12-23,5.71,-73.6,-63.0,-49.0,-67.2,-67.0,-66.4,-77.6
AMPG,BOTTOM,2025-02-03,2.32,-20.3,25.4,27.6,-14.5,18.7,11.3,-44.8
AMPG,BOTTOM,2025-10-27,3.6,-15.6,-43.1,,-17.3,-49.3,,-50.0
AMPG,BREAKOUT,2026-05-18,5.04,,,,,,,-12.3
AMPH,BREAKOUT,2018-11-05,21.59,6.3,3.8,-14.7,8.4,-1.0,-28.2,-9.0
AMPH,BOTTOM,2020-02-10,19.17,-5.2,6.1,-1.5,9.5,5.3,-20.0,-34.0
AMPH,BREAKOUT,2023-04-10,42.15,32.6,8.6,-6.0,23.2,3.2,-31.7,-15.1
AMPH,BOTTOM,2025-11-17,26.01,9.7,-29.2,,4.8,-43.0,,-35.1
AMPL,BOTTOM,2023-10-09,10.05,26.2,1.1,-15.1,15.3,-18.1,-51.3,-0.3
AMPL,BOTTOM,2025-03-24,10.55,16.9,7.9,-39.2,5.9,-11.9,-54.7,-22.5
AMPL,BOTTOM,2025-09-08,11.07,1.6,-33.6,,-2.4,-34.9,,-42.7
AMR,BOTTOM,2022-07-11,122.26,19.3,26.9,25.7,26.0,22.5,7.2,-6.8
AMR,BOTTOM,2022-12-12,143.84,0.6,9.1,119.6,-1.5,-6.4,95.3,-4.8
AMR,BREAKOUT,2023-02-27,181.16,-20.5,17.2,113.1,-26.8,4.8,84.3,-24.4
AMR,BOTTOM,2024-12-30,196.96,-44.9,-40.8,3.1,-30.5,-47.1,-13.7,-46.8
AMR,BREAKOUT,2025-12-15,208.06,-6.9,-10.7,,-2.5,-21.0,,-21.8
AMRC,BREAKOUT,2019-12-23,17.45,-15.1,56.9,183.0,5.9,63.0,166.6,-15.1
AMRC,BOTTOM,2020-03-23,14.81,84.9,114.4,192.6,66.0,83.6,133.8,0.0
AMRC,BOTTOM,2021-04-05,49.6,27.9,17.8,39.7,21.7,10.7,29.5,0.0
AMRC,BOTTOM,2022-12-05,61.06,-24.6,-22.8,-48.0,-23.2,-33.0,-66.9,-31.9
AMRC,BOTTOM,2024-07-08,33.31,4.5,-22.9,-46.1,0.7,-27.3,-58.8,-32.9
AMRC,BOTTOM,2024-10-28,32.33,-30.0,-62.9,22.2,-35.7,-62.8,1.3,-69.2
AMRC,BOTTOM,2026-01-19,32.51,-14.1,,,-18.0,,,-28.9
AMRX,BOTTOM,2020-01-20,4.73,-32.3,-9.3,5.1,-18.9,-7.9,-13.6,-39.3
AMRX,BOTTOM,2020-11-23,4.07,32.4,39.1,4.4,27.4,22.7,-23.6,0.0
AMRX,BOTTOM,2021-11-15,4.62,0.2,-24.0,-51.5,7.3,-7.7,-37.3,-26.4
AMRX,BOTTOM,2023-03-13,1.43,89.5,187.4,284.6,76.4,172.9,252.0,-7.0
AMSC,BOTTOM,2018-02-26,4.87,38.0,25.3,202.7,35.9,16.4,196.5,0.0
AMSC,BREAKOUT,2020-07-20,9.44,59.2,210.9,49.7,51.0,190.6,10.5,-1.5
AMSC,BOTTOM,2024-04-08,12.48,138.8,92.3,44.2,128.8,78.1,38.4,-6.6
AMSC,BREAKOUT,2025-06-23,36.44,60.7,-16.1,9.0,52.8,-29.0,-10.8,-16.6
AMSC,BOTTOM,2025-12-22,30.58,10.3,29.9,,18.2,23.8,,-9.4
AMSF,BREAKOUT,2021-03-08,41.66,-3.6,-12.1,-20.8,-11.6,-25.9,-28.8,-13.6
AMSF,BREAKOUT,2022-10-24,41.72,-0.7,2.9,-5.9,-5.4,-4.9,-13.1,-9.5
AMSF,BREAKOUT,2024-02-26,44.08,-15.4,-2.4,7.1,-18.6,-13.1,-10.3,-17.6
AMSF,BREAKOUT,2024-10-21,47.53,-3.0,-4.9,-18.0,-8.4,-0.6,-36.4,-5.9
AMT,BREAKOUT,2018-07-30,121.95,1.3,14.1,45.6,5.0,17.9,40.3,-5.4
AMT,BREAKOUT,2021-05-31,225.82,14.4,1.6,2.5,6.8,-6.4,4.1,-0.7
AMT,BOTTOM,2023-01-23,195.67,-6.7,-13.1,-7.6,-9.7,-26.5,-29.6,-16.9
AMTB,BOTTOM,2023-08-21,17.64,14.3,18.7,21.4,10.5,2.4,-8.1,-6.9
AMTB,BREAKOUT,2024-07-15,24.92,-18.4,-13.2,-21.3,-25.2,-22.7,-37.1,-24.5
AMTB,BOTTOM,2025-07-21,19.92,-13.0,5.9,,-19.6,-2.9,,-16.9
AMX,BREAKOUT,2023-05-08,20.39,-12.0,-20.0,-6.6,-20.7,-27.8,-35.0,-24.3
AMZN,BREAKOUT,2020-02-03,103.96,14.4,52.3,61.2,25.9,50.6,42.3,-14.2
AMZN,BREAKOUT,2025-10-27,244.22,-2.0,9.8,,-3.8,3.6,,-18.6
AN,BREAKOUT,2017-10-30,53.69,6.6,-11.7,-24.2,-0.5,-15.5,-31.3,-15.1
AN,BREAKOUT,2019-07-22,48.9,4.0,-9.3,11.9,3.7,-19.2,3.5,-9.3
AN,BREAKOUT,2020-07-20,54.7,10.9,40.2,113.4,2.7,19.9,74.2,-6.1
ANAB,BOTTOM,2020-04-06,10.19,38.9,10.1,36.5,24.3,-15.6,-13.8,-5.6
ANAB,BOTTOM,2021-08-23,16.9,22.8,24.0,-6.9,20.5,26.1,1.8,0.0
ANAB,BREAKOUT,2021-11-01,24.71,-15.4,-38.8,-19.9,-11.5,-27.2,-1.5,-40.3
ANAB,BOTTOM,2023-01-30,17.19,-15.1,-27.4,-6.9,-15.5,-36.6,-28.6,-33.6
ANAB,BREAKOUT,2024-02-19,17.25,-7.6,45.9,-28.1,-12.2,34.5,-47.8,-23.2
ANAB,BOTTOM,2025-09-08,15.6,92.1,177.0,,88.1,175.6,,-10.9
ANDE,BREAKOUT,2018-08-06,33.52,-16.9,-13.2,-34.6,-15.4,-9.7,-39.6,-29.2
ANDE,BREAKOUT,2020-12-28,22.23,13.2,23.4,61.5,5.7,6.6,32.8,-6.2
ANDE,BOTTOM,2023-04-03,37.39,19.1,27.6,48.1,11.6,21.9,19.6,-4.7
ANDE,BOTTOM,2025-09-08,39.65,34.9,77.4,,30.9,76.1,,-4.0
ANDE,BREAKOUT,2025-11-03,49.9,33.2,42.8,,30.0,32.2,,-2.2
ANET,BREAKOUT,2019-03-25,19.65,-17.4,-22.8,-39.2,-21.7,-28.4,-30.7,-29.7
ANET,BREAKOUT,2020-07-27,16.24,-19.6,18.4,46.4,-20.0,4.1,10.1,-22.8
ANET,BOTTOM,2020-09-07,12.74,36.1,37.2,72.2,26.0,18.3,36.9,-1.6
ANET,BOTTOM,2023-01-02,28.11,42.2,40.5,105.4,36.3,26.6,82.9,0.0
ANET,BREAKOUT,2025-08-04,139.18,-3.3,-1.2,,-8.8,-10.2,,-15.6
ANF,BREAKOUT,2017-11-13,13.97,42.6,77.5,11.7,36.1,71.3,3.6,0.0
ANF,BOTTOM,2019-12-30,17.13,-52.9,-36.8,18.9,-30.4,-34.6,0.7,-52.9
ANF,BOTTOM,2025-12-29,123.74,-25.4,-25.3,,-21.7,-34.9,,-43.0
ANGI,BOTTOM,2019-06-10,145.2,-45.0,-42.6,-15.8,-49.6,-53.4,-23.2,-53.9
ANGI,BREAKOUT,2020-07-06,163.1,-30.7,-28.0,-23.3,-40.3,-49.1,-62.5,-38.6
ANGI,BOTTOM,2020-10-26,106.0,31.9,51.0,18.2,18.1,22.3,-24.4,-5.6
ANGI,BREAKOUT,2021-03-08,168.8,-15.3,-37.7,-65.3,-23.3,-51.5,-73.4,-39.1
ANGI,BOTTOM,2021-05-03,135.8,-17.5,-20.0,-69.7,-22.6,-31.7,-68.5,-24.3
ANGI,BOTTOM,2022-09-12,32.0,-33.1,-32.8,-31.2,-33.0,-34.8,-48.1,-39.7
ANGI,BOTTOM,2023-01-23,29.4,-21.8,32.3,-17.7,-24.7,18.8,-39.7,-30.3
ANGI,BOTTOM,2023-06-26,33.0,-40.0,-24.5,-41.8,-36.8,-32.6,-66.3,-51.8
ANGI,BOTTOM,2024-03-25,26.2,-26.7,-0.8,-39.2,-31.1,-10.7,-46.8,-30.2
ANGI,BOTTOM,2024-10-28,23.5,-23.4,-49.8,-43.5,-29.1,-49.7,-64.4,-50.6
ANGI,BOTTOM,2025-09-08,17.14,-22.5,-56.9,,-26.5,-58.2,,-56.9
ANIP,BREAKOUT,2017-11-20,74.56,-23.6,-16.5,-25.9,-29.6,-22.0,-28.8,-23.6
ANIP,BREAKOUT,2021-05-03,38.6,-14.4,29.6,-29.0,-19.5,17.9,-27.7,-28.9
ANNX,BREAKOUT,2024-02-26,5.97,-19.1,-4.5,-55.8,-22.2,-15.1,-73.1,-27.5
ANNX,BOTTOM,2024-11-18,5.14,-45.3,-58.9,-16.9,-46.4,-56.8,-28.9,-71.6
ANNX,BOTTOM,2026-02-23,5.6,-3.2,,,-13.8,,,-15.9
ANRO,BOTTOM,2026-01-19,16.61,47.6,,,43.8,,,-8.4
AON,BOTTOM,2020-03-23,157.81,15.2,19.3,39.3,-3.8,-11.5,-19.4,-6.8
AON,BREAKOUT,2024-08-19,333.3,14.9,16.1,12.2,8.6,8.7,-4.0,0.0
AORT,BREAKOUT,2018-04-30,24.45,22.1,29.0,28.5,15.0,25.9,15.8,0.0
AORT,BOTTOM,2023-03-20,11.93,32.7,26.1,71.3,22.8,16.5,37.7,0.0
AOS,BOTTOM,2019-05-20,38.61,2.7,10.6,-2.1,1.5,-0.4,-8.7,-8.0
AOS,BOTTOM,2025-07-21,70.57,-3.9,1.6,,-10.5,-7.2,,-9.2
AOSL,BOTTOM,2019-02-25,10.96,-22.1,7.5,-1.1,-20.7,2.2,-8.7,-22.4
AOSL,BOTTOM,2019-05-20,9.13,34.3,26.8,14.1,33.1,15.8,7.5,-6.8
AOSL,BREAKOUT,2019-10-28,13.34,-8.6,-15.8,18.9,-14.2,-9.2,10.2,-55.9
AOSL,BREAKOUT,2020-10-05,16.36,70.2,105.6,92.7,59.8,86.0,64.7,-3.1
AOSL,BREAKOUT,2021-11-01,42.56,8.7,-9.4,-23.3,12.6,2.2,-4.8,-9.4
AOSL,BOTTOM,2022-02-28,46.92,-9.0,-23.3,-43.1,-4.3,-14.7,-38.1,-35.8
AOSL,BOTTOM,2023-03-06,24.97,16.5,17.7,-4.1,4.7,1.4,-38.7,-4.4
AOSL,BREAKOUT,2024-06-24,37.37,-0.1,2.6,-31.2,-5.5,-7.4,-45.6,-29.1
APA,BOTTOM,2018-02-26,27.97,12.7,27.5,0.2,10.6,18.7,-5.9,0.0
APA,BOTTOM,2021-02-15,15.55,16.1,-10.6,80.1,9.4,-25.0,67.3,-10.6
APA,BREAKOUT,2021-03-01,20.07,0.9,-15.2,71.4,-9.6,-34.0,57.2,-30.7
APAM,BOTTOM,2020-03-16,11.52,71.7,109.8,195.9,36.2,64.1,122.9,0.0
APAM,BOTTOM,2023-03-06,23.2,21.6,30.1,59.7,9.7,13.8,25.1,-2.1
APAM,BREAKOUT,2023-06-12,30.42,-2.8,20.2,9.9,-4.0,12.6,-15.0,-15.8
APAM,BREAKOUT,2024-10-14,40.09,-7.0,-21.6,-0.4,-9.6,-12.2,-15.4,-21.6
APD,BREAKOUT,2022-11-21,281.82,-8.9,-10.6,-9.3,-7.8,-15.9,-24.3,-13.2
APEI,BREAKOUT,2021-03-15,38.82,-25.1,-31.5,-39.4,-32.0,-45.5,-55.0,-32.5
APG,BREAKOUT,2023-01-30,14.87,0.9,26.1,50.7,0.4,16.9,29.0,-8.7
APG,BREAKOUT,2025-02-17,26.53,14.6,34.8,68.3,17.8,26.6,52.0,-18.6
APGE,BOTTOM,2026-02-16,68.39,18.7,,,10.2,,,-3.4
APH,BREAKOUT,2018-07-23,21.79,-9.2,-7.7,2.4,-3.9,-3.1,-7.0,-17.3
APH,BREAKOUT,2019-04-01,24.0,-4.0,-5.9,-32.7,-8.0,-8.9,-20.4,-16.6
APLD,BREAKOUT,2024-09-23,8.19,2.4,-30.2,165.1,-2.0,-28.0,147.9,-30.2
APLD,BOTTOM,2025-01-06,8.29,-36.2,10.7,354.5,-28.4,2.7,333.6,-52.4
APLD,BOTTOM,2025-12-22,24.05,-1.2,62.8,,6.7,56.7,,-1.2
APLE,BOTTOM,2021-01-04,9.51,18.3,18.0,32.1,10.1,3.0,8.2,-2.2
APLE,BREAKOUT,2023-01-30,14.03,-11.8,-13.0,-2.8,-12.2,-22.2,-24.6,-20.8
APO,BREAKOUT,2023-01-09,65.67,-6.2,16.6,40.0,-10.1,3.0,18.6,-18.5
APO,BOTTOM,2025-05-12,141.58,-3.1,-8.9,-4.8,-11.7,-22.6,-30.6,-17.5
APO,BOTTOM,2025-08-18,132.57,-2.7,-10.1,,-5.1,-17.5,,-11.9
APO,BOTTOM,2026-02-09,124.04,8.7,,,-0.0,,,-16.3
APOG,BOTTOM,2019-07-29,33.18,-2.1,-17.6,-43.0,-7.2,-28.6,-56.8,-18.1
APOG,BOTTOM,2020-11-23,24.34,36.3,39.3,66.5,31.2,22.9,38.5,0.0
APOG,BREAKOUT,2021-01-04,30.62,5.8,14.7,38.9,-2.4,-0.3,15.0,0.0
APOG,BREAKOUT,2022-11-21,45.35,-6.5,-21.0,-4.4,-5.4,-26.3,-19.3,-21.0
APOG,BREAKOUT,2023-07-31,46.24,-9.3,9.9,31.3,-6.9,-1.5,10.3,-15.9
APOG,BREAKOUT,2026-06-22,48.58,,,,,,,-20.6
APP,BREAKOUT,2023-08-07,38.89,12.6,19.2,99.0,13.4,5.9,77.7,-6.9
APP,BOTTOM,2023-10-23,36.22,22.3,103.8,346.2,3.1,79.2,303.3,0.0
APP,BREAKOUT,2025-09-08,582.0,15.2,-21.2,,11.2,-22.5,,-32.9
APP,BOTTOM,2026-07-06,506.98,,,,,,,-16.3
APPF,BREAKOUT,2018-04-30,54.05,38.0,7.2,73.5,30.9,4.1,60.8,0.0
APPF,BOTTOM,2018-12-03,60.07,13.4,69.7,89.7,8.6,59.5,67.9,-6.5
APPF,BOTTOM,2021-10-04,128.62,-7.7,-12.3,-12.8,-14.5,-15.2,3.1,-14.0
APPF,BOTTOM,2022-12-05,107.57,8.5,51.0,70.1,9.9,40.7,51.3,-2.8
APPN,BREAKOUT,2020-05-18,62.04,-13.6,101.6,32.7,-29.0,80.3,-10.0,-24.6
APPN,BREAKOUT,2024-11-04,40.78,-18.7,-22.3,-1.2,-19.5,-17.2,-14.7,-35.3
APPN,BOTTOM,2025-10-27,29.93,-6.8,-24.7,,-8.5,-31.0,,-32.4
APPN,BREAKOUT,2025-11-10,43.27,-47.1,-54.9,,-48.9,-65.5,,-54.9
APPS,BREAKOUT,2019-02-04,2.54,50.4,149.2,136.2,43.4,140.4,111.1,0.0
APPS,BREAKOUT,2020-06-01,9.53,146.6,350.7,611.1,138.8,333.9,576.7,-1.6
APPS,BOTTOM,2025-05-05,4.16,4.6,44.0,-2.9,-8.7,24.4,-35.1,0.0
APPS,BREAKOUT,2025-09-29,6.33,-24.5,-54.3,,-26.9,-52.9,,-54.3
APPS,BREAKOUT,2026-05-25,8.78,,,,,,,-5.1
APTV,BREAKOUT,2019-10-28,91.9,-8.0,-28.5,5.0,-13.6,-21.8,-3.7,-52.9
APTV,BREAKOUT,2020-10-05,98.06,48.4,45.2,68.4,38.1,25.7,40.4,-1.6
APTV,BOTTOM,2023-01-23,110.59,-7.0,-1.3,-22.2,-9.9,-14.8,-44.2,-16.7
AQN,BREAKOUT,2018-12-03,7.42,3.9,15.7,37.1,-0.8,5.5,15.3,-7.6
AQN,BREAKOUT,2022-04-04,12.65,-13.9,-30.4,-41.8,-1.1,-12.2,-34.8,-30.4
AQN,BOTTOM,2024-06-10,5.27,-2.9,-20.1,7.6,-6.8,-32.2,-3.8,-20.1
AR,BOTTOM,2020-07-27,2.96,14.9,134.5,359.5,14.5,120.2,323.2,-8.4
AR,BREAKOUT,2020-08-03,3.93,-16.5,91.9,246.6,-21.6,75.0,212.3,-31.0
AR,BOTTOM,2023-12-04,20.92,27.4,62.6,48.6,15.7,45.7,14.8,0.0
AR,BREAKOUT,2025-01-06,38.32,-13.6,-6.2,-18.1,-5.9,-14.3,-39.1,-13.6
AR,BREAKOUT,2026-03-23,45.15,-22.1,,,-37.4,,,-26.4
ARCB,BREAKOUT,2017-09-25,31.5,7.1,-3.7,46.3,0.4,-9.4,28.5,-6.0
ARCB,BOTTOM,2019-01-28,34.93,-17.6,-21.5,-38.6,-27.0,-30.8,-60.0,-31.4
ARCB,BOTTOM,2019-11-04,29.96,-26.0,-30.8,8.0,-34.0,-26.5,-7.6,-46.3
ARCB,BOTTOM,2022-09-12,70.39,4.1,23.7,42.8,4.3,21.7,26.0,-2.2
ARCB,BREAKOUT,2023-02-06,99.05,-13.1,7.8,43.3,-14.3,-2.3,18.6,-15.3
ARCB,BOTTOM,2024-12-09,107.62,-32.4,-37.1,-29.0,-25.8,-36.5,-43.2,-46.1
ARCB,BREAKOUT,2026-02-02,111.73,8.3,,,1.2,,,-24.1
ARCC,BREAKOUT,2021-01-18,10.46,14.1,18.8,30.2,4.9,3.1,14.3,-1.1
ARCO,BOTTOM,2020-06-15,3.7,-0.5,25.5,50.5,-8.0,4.9,14.0,-4.3
ARCO,BREAKOUT,2022-01-31,6.02,2.7,17.5,26.6,10.8,24.7,33.2,-4.3
ARCO,BREAKOUT,2022-12-19,7.55,-11.1,21.0,55.2,-14.8,7.0,29.6,-13.8
ARCO,BREAKOUT,2026-02-02,8.41,6.4,,,-0.7,,,-10.2
ARDX,BOTTOM,2017-11-13,5.7,1.8,1.8,-47.5,-4.7,-4.4,-55.6,-14.9
ARDX,BREAKOUT,2019-09-02,4.87,34.1,28.5,18.5,28.0,27.8,1.2,-7.2
ARDX,BOTTOM,2021-03-01,6.67,1.2,-78.4,-86.2,-9.3,-97.3,-100.3,-79.9
ARDX,BREAKOUT,2021-04-12,8.69,-13.7,-87.6,-89.7,-17.4,-95.1,-96.0,-87.6
ARDX,BREAKOUT,2022-10-03,1.55,85.2,183.9,156.1,77.7,170.1,135.9,-19.4
ARDX,BREAKOUT,2023-12-04,5.23,66.2,23.3,9.4,54.5,6.5,-24.5,0.0
ARDX,BOTTOM,2024-05-27,6.86,-9.9,-17.3,-46.5,-17.1,-32.3,-59.7,-27.6
ARDX,BOTTOM,2025-10-13,5.03,34.2,28.2,,29.8,20.7,,0.0
ARE,BOTTOM,2023-03-06,105.85,-4.0,-7.4,4.7,-15.8,-23.7,-29.9,-13.1
ARE,BOTTOM,2025-10-20,74.12,-21.8,-36.9,,-23.8,-42.9,,-43.3
ARES,BREAKOUT,2018-01-08,16.66,-5.0,-3.2,-10.6,-0.8,-4.7,-5.6,-7.4
ARES,BREAKOUT,2019-02-18,18.35,13.1,20.5,75.8,11.3,17.5,54.1,-4.0
ARGX,BREAKOUT,2022-06-20,364.35,-5.8,3.6,8.8,-0.5,4.5,-4.1,-5.8
ARGX,BREAKOUT,2024-08-05,534.98,11.4,20.9,23.7,-1.2,7.4,2.7,-3.4
ARGX,BREAKOUT,2025-07-28,673.8,21.5,24.7,,11.5,12.8,,-3.0
ARGX,BREAKOUT,2026-06-29,939.68,,,,,,,-8.4
ARHS,BREAKOUT,2023-01-09,11.6,-37.8,-14.0,-15.1,-41.7,-27.6,-36.5,-42.9
ARI,BOTTOM,2023-03-06,4.43,11.9,13.7,25.1,0.1,-2.6,-9.6,-10.7
ARIS,BREAKOUT,2017-09-11,1.35,1.7,24.1,20.0,-5.8,13.0,1.7,-4.2
ARIS,BREAKOUT,2019-01-14,2.49,-8.2,30.8,59.5,-17.5,18.2,32.5,-11.9
ARIS,BOTTOM,2020-09-28,4.34,37.1,-0.1,-14.8,24.6,-21.0,-46.7,-5.6
ARIS,BREAKOUT,2022-03-07,4.65,-30.2,-40.9,-41.8,-23.3,-38.4,-35.1,-48.6
ARIS,BOTTOM,2023-01-30,3.24,-6.2,-28.4,-3.5,-6.6,-37.6,-25.3,-28.4
ARIS,BREAKOUT,2025-04-07,5.34,32.0,88.6,288.4,14.9,65.6,259.7,0.0
ARKO,BOTTOM,2024-10-21,6.58,3.1,-38.2,-33.0,-2.2,-33.9,-51.4,-43.9
ARLO,BREAKOUT,2020-08-03,5.87,-14.1,40.0,1.9,-19.2,23.2,-32.4,-24.0
ARLO,BOTTOM,2020-09-28,5.17,50.7,26.3,24.8,38.2,5.4,-7.1,-13.7
ARLO,BREAKOUT,2021-12-06,9.03,7.9,-24.3,-63.0,18.3,-7.6,-47.8,-25.4
ARLO,BOTTOM,2022-01-31,8.71,-16.8,-14.8,-50.4,-8.7,-7.6,-43.8,-29.5
ARLO,BREAKOUT,2023-05-08,8.97,21.3,-8.4,27.5,12.6,-16.2,-0.8,-9.1
ARLO,BREAKOUT,2024-02-26,11.83,20.1,-0.8,21.6,17.0,-11.4,4.2,-11.6
ARLO,BOTTOM,2025-03-31,8.47,107.8,103.7,65.6,83.7,70.5,34.4,0.0
ARLO,BREAKOUT,2025-06-02,16.78,8.0,-13.5,-23.7,-0.3,-28.6,-48.2,-20.6
ARLO,BOTTOM,2026-06-15,13.06,,,,,,,-4.1
ARLP,BOTTOM,2021-04-26,3.26,47.4,123.0,249.0,42.0,112.3,249.0,0.0
ARLP,BREAKOUT,2023-09-25,16.75,-3.2,-5.2,25.3,-14.8,-28.4,-10.2,-12.2
ARM,BOTTOM,2025-02-24,131.69,-5.4,5.0,-3.2,-4.9,-4.2,-20.0,-33.4
ARMK,BREAKOUT,2022-11-07,26.79,-0.4,-3.3,3.2,-3.3,-7.5,-9.1,-12.6
ARMK,BREAKOUT,2025-06-23,41.63,-8.5,-10.6,34.7,-16.4,-23.5,14.8,-11.5
ARMK,BREAKOUT,2026-04-13,45.14,25.7,,,20.7,,,-0.7
AROC,BREAKOUT,2018-07-02,8.12,-0.2,-31.1,-13.1,-5.2,-23.7,-23.6,-37.8
AROC,BOTTOM,2019-07-01,7.05,-7.8,-0.3,-31.9,-6.9,-9.3,-38.6,-16.9
AROC,BOTTOM,2020-10-26,4.43,52.7,63.2,47.9,38.8,34.4,5.3,0.0
AROC,BREAKOUT,2023-02-20,9.71,-13.4,17.6,76.5,-19.8,5.8,46.4,-14.5
ARQQ,BOTTOM,2024-04-08,12.43,-27.4,-66.3,20.7,-37.3,-80.4,14.9,-66.3
ARQQ,BREAKOUT,2024-12-02,22.84,-44.8,11.9,33.2,-39.9,12.7,19.0,-47.4
ARQQ,BOTTOM,2025-08-25,30.0,-5.0,-45.1,,-11.2,-52.1,,-47.2
ARQQ,BREAKOUT,2025-09-29,49.92,-50.8,-72.0,,-53.2,-70.6,,-76.4
ARQQ,BOTTOM,2026-07-06,19.08,,,,,,,-8.7
ARQT,BOTTOM,2022-10-03,19.14,-21.6,-37.1,-75.5,-29.0,-50.9,-95.8,-46.6
ARQT,BOTTOM,2024-08-19,9.83,3.2,32.5,62.6,-3.1,25.0,46.4,-11.8
ARQT,BREAKOUT,2024-11-25,13.04,5.0,0.0,135.0,6.0,1.6,120.3,-11.0
ARR,BOTTOM,2020-06-15,17.15,13.3,25.9,39.2,5.8,5.3,2.8,0.0
ARR,BOTTOM,2020-09-14,19.43,11.1,29.4,21.8,-1.0,10.7,-13.6,-5.3
ARR,BREAKOUT,2025-11-24,15.69,6.7,6.2,,6.0,-5.1,,-6.7
ARRY,BOTTOM,2022-08-15,21.0,-2.9,-3.2,0.8,2.9,-0.6,-4.3,-27.9
ARTV,BOTTOM,2025-11-17,3.13,49.5,151.4,,44.6,137.7,,0.0
ARTV,BOTTOM,2026-05-25,7.93,,,,,,,-13.6
ARVN,BREAKOUT,2020-12-14,68.95,-2.9,14.8,6.5,-8.8,1.7,-19.8,-13.0
ARVN,BOTTOM,2021-05-03,63.63,49.3,44.0,-28.2,44.1,32.3,-26.9,0.0
ARVN,BREAKOUT,2021-07-19,95.47,-11.1,-29.7,-47.3,-14.4,-30.0,-38.4,-29.7
ARVN,BREAKOUT,2023-12-11,36.64,22.4,-29.9,-46.8,13.4,-45.9,-76.7,-29.9
ARVN,BOTTOM,2024-05-27,33.14,-21.1,-19.4,-78.3,-28.3,-34.3,-91.5,-32.2
ARVN,BOTTOM,2025-12-22,12.16,-16.9,-34.2,,-9.0,-40.4,,-39.0
ARW,BREAKOUT,2023-01-30,132.51,-9.7,-4.9,-16.0,-10.2,-14.1,-37.7,-15.5
ARWR,BOTTOM,2017-11-06,3.68,51.9,168.5,293.7,50.1,161.8,284.2,-14.7
ARWR,BOTTOM,2020-08-24,41.97,50.1,89.8,57.4,45.9,80.4,27.1,-20.9
ARWR,BOTTOM,2021-07-26,69.29,-7.9,-27.7,-38.6,-13.0,-29.2,-33.9,-27.7
ARWR,BOTTOM,2021-11-08,73.94,-31.5,-57.2,-53.4,-26.1,-43.8,-39.9,-57.2
ARWR,BOTTOM,2023-02-13,33.75,7.5,-16.3,-12.7,4.3,-24.3,-37.2,-28.0
ARWR,BREAKOUT,2025-09-01,29.08,111.3,105.7,,105.1,101.3,,0.0
ASA,BREAKOUT,2021-05-17,23.61,-16.1,-7.4,-22.2,-23.3,-21.1,-17.4,-20.6
ASA,BOTTOM,2023-03-27,15.94,-7.2,-16.8,-4.1,-15.9,-22.0,-33.7,-16.8
ASAN,BOTTOM,2021-12-20,77.9,-51.3,-72.1,-83.1,-47.8,-55.6,-65.8,-77.6
ASAN,BOTTOM,2023-07-17,21.6,-15.0,-16.0,-33.3,-8.5,-23.5,-56.4,-21.9
ASAN,BREAKOUT,2024-12-02,22.19,-17.8,-32.9,-36.1,-12.8,-32.1,-50.3,-37.4
ASB,BOTTOM,2020-06-15,11.22,-3.6,19.4,49.1,-11.2,-1.2,12.7,-12.8
ASB,BREAKOUT,2025-08-25,26.03,-1.7,-0.3,,-7.9,-7.3,,-8.9
ASC,BOTTOM,2019-06-03,5.63,-7.7,21.3,-18.3,-11.8,10.7,-31.5,-14.8
ASC,BOTTOM,2021-05-24,3.71,-24.3,-15.1,66.8,-31.8,-25.1,66.7,-29.8
ASC,BREAKOUT,2022-04-04,4.55,26.0,73.0,164.2,38.7,91.2,171.2,0.0
ASC,BOTTOM,2025-12-22,10.49,41.4,44.2,,49.2,38.0,,-3.2
ASH,BREAKOUT,2020-11-09,73.25,6.2,9.9,32.0,-3.9,-7.3,-0.3,-7.8
ASH,BOTTOM,2025-11-03,48.97,29.2,11.5,,26.0,1.0,,-1.0
ASIX,BOTTOM,2019-04-29,30.02,-24.9,-31.7,-63.2,-24.9,-36.8,-61.4,-35.7
ASIX,BOTTOM,2023-03-06,33.48,-2.3,-15.1,-24.8,-14.1,-31.4,-59.4,-15.1
ASIX,BOTTOM,2024-05-13,23.42,19.9,20.6,-3.3,14.9,9.3,-16.9,-14.4
ASIX,BREAKOUT,2026-03-30,25.13,-19.3,,,-33.1,,,-21.0
ASM,BOTTOM,2019-11-25,0.54,-27.8,27.8,70.4,-22.5,29.9,52.4,-44.4
ASM,BREAKOUT,2020-06-29,0.8,20.0,62.5,42.5,12.7,41.8,1.5,-7.5
ASM,BOTTOM,2020-10-26,0.91,35.2,36.3,4.4,21.4,7.5,-38.2,0.0
ASM,BOTTOM,2023-01-16,0.85,4.7,-18.8,-45.9,0.2,-33.9,-69.6,-22.4
ASM,BREAKOUT,2023-04-03,0.97,-28.9,-49.5,-16.5,-36.4,-55.2,-45.0,-49.5
ASM,BOTTOM,2023-05-15,0.72,-8.3,-34.7,41.7,-13.0,-43.2,13.4,-41.7
ASMB,BREAKOUT,2024-04-08,14.65,1.0,19.2,-38.0,-8.9,5.0,-43.9,-13.7
ASMB,BREAKOUT,2025-08-04,23.97,30.2,9.4,,24.6,0.4,,-8.8
ASMB,BOTTOM,2026-06-15,24.44,,,,,,,0.0
ASML,BREAKOUT,2019-07-15,210.21,13.8,34.8,73.2,13.0,22.0,62.7,-5.9
ASML,BREAKOUT,2025-09-15,927.25,13.5,41.8,,10.6,43.5,,0.0
ASND,BREAKOUT,2017-09-18,34.24,15.3,87.9,94.2,7.5,83.5,75.0,-6.6
ASND,BREAKOUT,2019-03-04,120.61,2.4,-7.3,7.7,-2.9,-16.9,-2.7,-10.7
ASND,BREAKOUT,2019-12-23,135.07,-16.0,9.7,26.6,5.0,15.8,10.1,-24.1
ASND,BOTTOM,2023-11-27,104.05,46.5,29.8,30.8,34.4,14.1,-2.2,0.0
ASND,BREAKOUT,2024-01-01,129.72,15.5,4.7,8.2,4.4,-14.6,-19.9,-6.6
ASO,BREAKOUT,2024-02-05,66.4,-16.5,-26.4,-25.3,-20.7,-33.4,-46.7,-27.5
ASO,BOTTOM,2024-07-15,52.63,4.6,-1.7,1.7,-2.2,-11.3,-14.0,-13.0
ASO,BREAKOUT,2026-01-12,58.27,0.3,-17.0,,-2.6,-25.0,,-20.5
ASPN,BOTTOM,2018-03-26,4.27,14.8,7.0,-40.3,11.2,-4.4,-49.7,-2.1
ASPN,BREAKOUT,2019-06-10,5.99,-0.3,34.9,13.7,-4.9,24.1,6.4,-2.0
ASPN,BREAKOUT,2020-09-14,10.76,49.0,86.9,312.4,36.8,68.2,277.0,-3.3
ASPN,BREAKOUT,2023-12-04,13.03,30.6,131.8,2.5,19.0,115.0,-31.3,-12.7
ASPN,BOTTOM,2025-10-13,7.94,-56.3,-56.2,,-60.7,-63.7,,-63.6
ASR,BREAKOUT,2018-09-10,155.25,-28.6,-21.1,-21.6,-18.5,-19.3,-27.2,-34.0
ASR,BREAKOUT,2025-05-12,314.96,2.0,-6.4,-7.7,-6.6,-20.1,-33.5,-6.4
ASST,BREAKOUT,2025-05-05,162.4,-59.5,-81.4,-90.2,-72.7,-101.0,-122.4,-89.7
ASST,BOTTOM,2025-06-23,78.2,-37.6,-79.2,-85.5,-45.5,-92.1,-105.4,-79.2
ASST,BOTTOM,2025-10-13,16.68,13.7,-6.4,,9.3,-13.9,,-52.4
ASTC,BREAKOUT,2018-09-17,167.7,-10.6,-30.9,-62.1,6.5,-27.6,-66.3,-53.3
ASTC,BOTTOM,2020-11-23,59.1,11.2,-40.6,-58.9,6.1,-57.0,-86.9,-46.2
ASTC,BOTTOM,2024-05-13,9.41,6.2,-23.3,-37.7,1.1,-34.6,-51.4,-29.5
ASTC,BREAKOUT,2024-08-19,11.47,-32.9,-42.7,-56.4,-39.1,-50.1,-72.6,-42.7
ASTC,BREAKOUT,2026-05-25,49.8,,,,,,,-84.5
ASTC,BOTTOM,2026-06-22,9.31,,,,,,,-17.0
ASTE,BREAKOUT,2019-12-16,39.28,-32.3,8.1,40.6,-4.0,10.9,23.4,-32.3
ASTE,BOTTOM,2022-09-05,37.92,5.1,7.2,24.3,7.9,11.5,13.0,-21.6
ASTE,BOTTOM,2023-04-10,39.37,14.1,7.7,4.9,4.8,2.3,-20.8,-6.2
ASTE,BOTTOM,2024-12-30,32.71,-4.8,28.8,35.8,9.6,22.6,19.0,-6.9
ASTH,BREAKOUT,2017-12-11,18.16,-3.4,42.4,-6.0,-6.7,37.5,-5.0,-25.1
ASTH,BOTTOM,2018-02-26,18.55,-19.4,-17.8,3.8,-21.4,-26.6,-2.4,-26.7
ASTH,BOTTOM,2018-10-08,19.27,-6.0,-2.4,-20.3,-0.4,-8.7,-29.8,-11.4
ASTH,BOTTOM,2018-12-17,17.72,5.8,-9.5,5.7,-10.8,-32.8,-30.1,-19.6
ASTH,BOTTOM,2019-10-28,15.08,18.8,0.9,14.5,13.2,7.6,5.7,-26.3
ASTH,BOTTOM,2020-08-24,18.18,0.6,36.1,313.0,-3.5,26.7,282.6,-7.3
ASTH,BOTTOM,2021-08-30,80.03,-5.6,-48.1,-49.7,-6.0,-44.2,-37.5,-48.1
ASTH,BREAKOUT,2024-02-19,40.82,-2.1,17.9,-12.6,-6.7,6.5,-32.2,-10.0
ASTH,BOTTOM,2025-12-01,22.07,12.9,72.1,,14.5,64.0,,-14.9
ASTS,BOTTOM,2022-09-19,7.11,-44.2,-16.5,-44.9,-48.7,-24.9,-63.7,-45.7
ASTS,BREAKOUT,2024-05-27,8.27,250.9,187.7,178.8,243.7,172.8,165.6,0.0
ASTS,BOTTOM,2024-10-28,23.85,-15.1,10.8,236.5,-20.9,10.9,215.6,-15.8
ASTS,BREAKOUT,2025-03-03,33.4,-6.6,27.0,167.9,-11.0,13.9,149.8,-39.9
ASTS,BOTTOM,2025-05-12,26.66,80.3,130.3,213.8,71.7,116.6,188.0,-13.5
ASX,BREAKOUT,2020-11-30,4.43,28.0,43.9,39.9,23.9,28.8,15.6,-2.8
ASX,BREAKOUT,2025-09-08,10.94,42.6,94.6,,38.6,93.3,,0.0
ASYS,BOTTOM,2019-07-29,5.72,1.6,-10.3,-10.0,-3.5,-21.3,-23.8,-15.0
ASYS,BREAKOUT,2019-12-23,7.01,-39.4,-30.8,-12.6,-18.3,-24.7,-29.0,-42.4
ASYS,BOTTOM,2020-10-05,5.86,13.0,111.1,90.8,2.6,91.6,62.8,-9.2
ASYS,BREAKOUT,2021-10-25,15.02,-44.6,-39.3,-42.5,-41.2,-29.7,-28.5,-44.6
ASYS,BOTTOM,2022-10-31,9.21,18.7,-1.7,-19.5,8.6,-12.3,-36.9,-17.5
ASYS,BOTTOM,2024-08-19,6.67,-13.8,-21.6,-9.7,-20.1,-29.0,-26.0,-24.3
ATAI,BOTTOM,2023-08-21,1.54,-28.6,18.8,-14.9,-32.4,2.5,-44.5,-31.2
ATAI,BREAKOUT,2024-04-01,2.45,-48.2,-52.7,-46.5,-55.5,-63.9,-45.2,-52.7
ATAI,BOTTOM,2024-05-06,1.89,-32.8,-25.4,-26.5,-35.5,-41.0,-36.2,-42.9
ATAI,BOTTOM,2025-01-20,1.58,-7.6,125.9,162.7,1.6,120.5,148.0,-18.4
ATAI,BOTTOM,2025-12-29,3.87,-2.1,34.1,,1.7,24.5,,-13.4
ATAI,BREAKOUT,2026-07-13,7.22,,,,,,,
ATAT,BOTTOM,2024-05-20,16.56,-0.4,46.9,88.8,-6.9,33.7,78.0,-9.9
ATEC,BOTTOM,2018-01-15,3.35,15.2,-13.7,-48.7,19.8,-14.3,-45.5,-16.7
ATEC,BREAKOUT,2019-05-06,4.08,43.9,65.2,19.6,42.2,56.9,16.0,-3.4
ATEC,BOTTOM,2020-09-07,6.0,93.2,179.3,134.2,83.1,160.4,98.8,0.0
ATEC,BREAKOUT,2020-10-05,9.68,38.2,81.8,23.2,27.8,62.3,-4.8,-11.8
ATEC,BREAKOUT,2023-01-09,13.13,18.8,40.6,13.8,14.9,27.0,-7.7,-1.4
ATEN,BREAKOUT,2019-07-15,7.07,-12.2,-5.8,-1.2,-12.9,-18.6,-11.6,-18.6
ATEN,BREAKOUT,2020-07-27,7.54,-16.6,22.9,58.0,-17.0,8.6,21.7,-22.4
ATEN,BOTTOM,2024-04-15,12.55,5.3,13.7,23.5,-5.9,-5.1,15.9,-1.6
ATEN,BREAKOUT,2024-05-13,15.76,-18.3,2.1,10.6,-23.4,-9.2,-3.1,-21.6
ATEX,BREAKOUT,2018-10-15,40.97,-3.0,-9.7,-3.5,-0.0,-15.7,-13.5,-21.8
ATEX,BOTTOM,2020-03-23,40.16,12.6,-14.6,16.1,-6.3,-45.5,-42.7,-14.6
ATEX,BREAKOUT,2020-04-20,53.3,-20.9,-35.8,-13.2,-34.8,-59.0,-62.8,-36.2
ATEX,BOTTOM,2020-08-10,44.72,-26.9,-14.3,26.5,-33.7,-31.8,-7.9,-35.1
ATEX,BREAKOUT,2021-06-14,59.71,-7.5,-5.3,-30.8,-14.2,-16.9,-20.3,-7.5
ATEX,BOTTOM,2023-07-17,28.65,8.0,3.4,38.9,14.6,-4.1,15.8,-1.6
ATEX,BOTTOM,2024-01-08,30.19,6.4,35.4,-4.6,-1.1,17.2,-27.9,-2.3
ATEX,BREAKOUT,2025-02-10,41.66,-31.8,-46.4,-23.5,-29.5,-52.5,-36.6,-49.3
ATHM,BOTTOM,2019-05-20,73.47,-11.9,-21.8,-16.0,-13.1,-32.8,-22.6,-21.8
ATHM,BREAKOUT,2020-09-14,80.11,2.4,5.2,-55.5,-9.7,-13.5,-90.9,-6.8
ATHM,BOTTOM,2022-09-05,29.64,-5.5,-13.2,-12.1,-2.6,-9.0,-23.5,-23.2
ATI,BREAKOUT,2017-09-11,23.26,1.0,16.4,15.0,-6.5,5.4,-3.4,-5.7
ATI,BREAKOUT,2022-02-21,25.46,7.1,27.0,55.2,11.9,33.7,63.2,-13.9
ATI,BOTTOM,2022-05-16,24.73,31.7,16.9,48.0,22.9,14.4,38.8,-11.4
ATI,BREAKOUT,2024-02-26,49.24,24.6,29.7,18.1,21.4,19.1,0.8,0.0
ATI,BREAKOUT,2025-05-05,71.46,2.2,36.6,121.6,-11.0,17.1,89.4,0.0
ATKR,BREAKOUT,2018-08-06,23.99,-20.6,-9.7,17.4,-19.2,-6.2,12.4,-27.4
ATKR,BREAKOUT,2019-08-05,28.17,28.0,40.0,4.5,21.5,25.0,-12.6,-4.7
ATKR,BREAKOUT,2020-12-07,41.82,69.5,70.1,153.2,61.4,53.4,122.8,-5.7
ATKR,BOTTOM,2025-09-15,59.42,6.9,-6.0,,4.1,-4.3,,-6.0
ATKR,BOTTOM,2026-02-23,64.42,28.5,,,18.0,,,-13.3
ATKR,BREAKOUT,2026-05-18,84.75,,,,,,,-18.3
ATLC,BREAKOUT,2018-08-20,2.67,18.0,43.4,122.8,26.0,45.3,121.8,0.0
ATLC,BOTTOM,2020-09-07,11.34,90.7,186.9,377.4,80.7,167.9,342.1,0.0
ATLC,BREAKOUT,2020-12-07,21.63,50.4,80.5,174.0,42.4,63.8,143.7,0.0
ATLC,BREAKOUT,2023-06-26,42.01,-27.9,-8.0,-32.9,-24.6,-16.0,-57.4,-32.9
ATLC,BOTTOM,2023-11-27,31.32,5.4,-17.9,86.0,-6.8,-33.6,53.0,-22.9
ATLC,BOTTOM,2024-09-09,31.4,92.3,54.9,129.8,84.5,54.1,111.4,0.0
ATLC,BREAKOUT,2024-11-04,44.67,28.8,22.8,20.9,28.0,27.9,7.4,0.0
ATLC,BREAKOUT,2025-08-18,65.57,-16.8,-16.9,,-19.2,-24.4,,-21.3
ATLC,BREAKOUT,2026-04-20,78.93,,,,,,,-2.2
ATO,BREAKOUT,2018-07-02,76.48,2.8,0.1,18.2,-2.2,7.5,7.7,-1.8
ATO,BREAKOUT,2021-12-20,91.99,16.1,7.7,14.8,19.6,24.2,32.1,0.0
ATOM,BOTTOM,2019-09-02,3.83,-23.8,34.2,161.9,-29.9,33.4,144.6,-31.6
ATOM,BREAKOUT,2020-05-04,5.6,111.4,60.2,180.4,96.5,39.4,133.7,0.0
ATOM,BOTTOM,2021-04-05,23.72,-12.4,-9.2,-53.6,-18.5,-16.3,-63.8,-36.2
ATOM,BOTTOM,2021-12-20,21.27,-37.2,-53.6,-71.0,-33.7,-37.2,-53.7,-54.5
ATOM,BOTTOM,2023-07-24,8.09,-21.9,-3.1,-56.9,-12.1,-10.6,-77.7,-36.8
ATOM,BREAKOUT,2024-12-16,8.99,-37.3,-44.5,-74.1,-33.0,-45.6,-90.6,-61.1
ATOM,BOTTOM,2025-03-17,5.64,-11.5,-34.0,-24.6,-17.2,-52.4,-41.0,-43.8
ATOM,BREAKOUT,2026-04-20,8.6,,,,,,,-34.7
ATOM,BOTTOM,2026-05-04,8.41,,,,,,,-33.2
ATRA,BREAKOUT,2018-01-08,706.25,43.7,41.4,23.9,47.9,40.0,29.0,0.0
ATRA,BOTTOM,2020-10-12,350.25,32.8,-5.2,7.9,24.2,-26.3,-22.3,-7.9
ATRA,BREAKOUT,2020-11-09,451.25,3.0,-17.0,-2.4,-7.1,-34.2,-34.7,-26.4
ATRA,BOTTOM,2021-08-02,316.0,43.8,15.6,-72.8,37.5,13.5,-67.6,-1.5
ATRA,BOTTOM,2021-11-22,439.25,-24.9,-70.3,-76.2,-20.6,-61.4,-65.2,-70.6
ATRA,BREAKOUT,2025-12-08,18.0,-63.9,-42.2,,-61.3,-51.6,,-76.8
ATRC,BREAKOUT,2018-06-11,26.99,25.8,9.2,9.7,20.9,14.8,3.8,0.0
ATRC,BREAKOUT,2020-01-06,33.81,7.2,29.4,68.4,21.3,30.9,49.1,-25.9
ATRC,BREAKOUT,2020-12-14,54.89,13.8,35.8,23.6,7.9,22.7,-2.7,0.0
ATRC,BREAKOUT,2023-07-10,52.74,-30.6,-33.7,-56.0,-27.0,-40.6,-82.4,-37.4
ATRC,BOTTOM,2024-12-16,30.72,9.2,2.2,33.3,13.5,1.1,16.8,-2.3
ATRC,BREAKOUT,2025-12-08,42.38,-29.6,-32.1,,-27.0,-41.5,,-38.0
ATRO,BREAKOUT,2019-05-06,31.5,-30.3,-21.3,-77.8,-32.0,-29.5,-81.3,-32.9
ATRO,BOTTOM,2020-06-08,8.87,-26.7,5.1,73.1,-37.0,-16.3,31.4,-42.4
ATRO,BOTTOM,2022-04-04,9.07,-11.1,-33.1,21.1,1.7,-14.8,28.1,-33.1
ATRO,BOTTOM,2022-09-19,6.65,13.8,52.3,87.3,9.3,43.9,68.5,-8.6
ATRO,BREAKOUT,2023-01-16,11.7,8.9,46.8,15.1,4.3,31.7,-8.6,-15.4
ATRO,BREAKOUT,2025-03-03,19.51,36.8,58.2,210.8,32.4,45.1,192.7,-11.0
ATS,BREAKOUT,2020-11-30,17.36,27.2,46.6,113.8,23.0,31.5,89.4,-0.5
ATS,BOTTOM,2022-10-31,34.42,18.1,26.1,-0.1,8.1,15.6,-17.4,-10.1
ATS,BREAKOUT,2026-02-16,32.83,4.4,,,-4.0,,,-18.0
AU,BOTTOM,2018-04-23,7.66,-6.9,6.6,36.3,-12.9,6.1,24.1,-20.7
AU,BREAKOUT,2018-12-10,9.95,14.8,33.9,69.1,5.7,21.7,44.9,-3.7
AU,BREAKOUT,2020-04-20,22.58,30.1,-5.4,-17.4,16.2,-28.6,-67.0,-10.5
AU,BOTTOM,2020-08-31,24.66,-23.8,-25.6,-40.5,-32.2,-38.5,-74.7,-31.3
AU,BREAKOUT,2022-03-07,22.36,-30.9,-43.7,-29.7,-24.0,-41.2,-23.0,-46.2
AU,BREAKOUT,2023-03-27,21.79,-12.8,-34.5,-6.5,-21.5,-39.7,-36.1,-34.5
AU,BOTTOM,2024-01-01,15.96,37.8,65.9,38.0,26.6,46.6,9.8,-8.2
AUB,BREAKOUT,2017-11-27,28.42,1.0,10.7,-4.3,-1.3,6.3,-10.4,-5.1
AUB,BREAKOUT,2021-01-04,29.37,9.4,3.2,18.3,1.1,-11.8,-5.6,-8.3
AUB,BREAKOUT,2022-01-10,35.53,-14.3,-18.8,-9.9,-8.8,-2.3,2.9,-21.4
AUB,BREAKOUT,2024-07-15,35.98,0.6,-1.1,-11.4,-6.2,-10.6,-27.1,-8.7
AUB,BREAKOUT,2026-01-05,36.73,2.5,14.5,,4.4,5.2,,-7.6
AUPH,BOTTOM,2018-06-18,5.73,-3.0,-3.5,7.9,-9.7,8.0,-1.3,-7.2
AUPH,BREAKOUT,2019-11-25,7.94,120.4,99.9,83.6,125.7,102.0,65.7,0.0
AUPH,BREAKOUT,2021-08-23,17.7,9.2,-8.2,-56.4,6.9,-6.1,-47.7,-11.5
AUPH,BOTTOM,2021-12-06,20.13,-47.2,-41.9,-76.8,-36.8,-25.3,-61.6,-49.5
AUPH,BOTTOM,2024-10-07,7.08,14.0,4.7,59.2,13.5,11.9,45.1,-0.7
AUPH,BREAKOUT,2025-07-28,10.49,25.5,38.5,,15.5,26.6,,0.0
AUR,BREAKOUT,2023-07-10,3.17,-41.6,2.8,16.7,-38.0,-4.1,-9.7,-45.7
AUR,BOTTOM,2023-10-09,1.85,76.2,65.9,210.8,65.3,46.7,174.7,-7.0
AUR,BREAKOUT,2024-08-26,4.67,38.5,55.7,20.6,31.3,49.6,4.7,-16.5
AUR,BOTTOM,2026-06-15,6.28,,,,,,,-3.5
AVA,BOTTOM,2020-06-15,26.72,-0.7,12.4,28.0,-8.3,-8.2,-8.5,-4.9
AVA,BREAKOUT,2021-03-08,35.18,0.8,-6.6,5.2,-7.2,-20.4,-2.8,-6.6
AVAH,BOTTOM,2023-04-24,1.23,40.7,-2.4,78.9,30.4,-1.9,54.9,-20.7
AVAH,BOTTOM,2023-06-26,1.69,-29.6,58.6,63.3,-26.4,50.5,38.8,-32.0
AVAH,BOTTOM,2023-09-11,1.4,69.3,76.8,285.0,63.0,61.0,256.9,-17.9
AVAH,BOTTOM,2025-06-09,4.91,71.9,83.7,44.4,61.4,68.9,18.7,-23.8
AVAV,BOTTOM,2022-06-13,83.52,10.3,-2.0,12.4,4.5,-7.7,-9.7,-9.5
AVAV,BOTTOM,2022-11-14,92.73,-5.4,14.9,34.8,-8.7,8.3,19.2,-11.7
AVAV,BREAKOUT,2025-06-23,278.07,8.3,-8.3,-50.4,0.4,-21.2,-70.3,-18.7
AVB,BOTTOM,2021-01-25,135.54,18.3,41.5,53.1,5.2,22.2,32.1,0.0
AVB,BREAKOUT,2021-03-08,157.74,13.6,19.3,30.4,5.6,5.5,22.4,-4.0
AVBP,BOTTOM,2026-01-12,20.86,42.1,59.1,,39.1,51.1,,0.0
AVGO,BREAKOUT,2019-01-21,22.12,16.9,14.4,25.6,6.0,-0.3,-0.5,-5.2
AVGO,BREAKOUT,2023-02-27,60.28,29.3,39.6,126.2,23.0,27.2,97.3,-2.8
AVNS,BOTTOM,2020-09-07,31.04,52.4,55.4,1.4,42.3,36.4,-34.0,0.0
AVNT,BREAKOUT,2020-11-23,32.45,16.2,40.3,56.3,11.2,24.0,28.3,0.0
AVNT,BREAKOUT,2026-02-09,42.09,-20.4,,,-29.1,,,-24.8
AVO,BOTTOM,2022-09-26,14.46,-19.6,-23.2,-33.1,-27.2,-38.8,-54.6,-27.9
AVPT,BOTTOM,2021-04-05,12.22,-10.4,-28.8,-59.2,-16.6,-35.9,-69.4,-31.3
AVPT,BOTTOM,2023-04-03,4.01,39.4,72.3,109.5,31.8,66.6,80.9,0.0
AVPT,BREAKOUT,2023-05-22,6.35,2.8,31.8,44.3,-2.3,22.6,16.4,-12.0
AVT,BOTTOM,2020-07-13,22.31,11.6,51.2,54.1,3.2,33.4,18.0,-4.1
AVT,BREAKOUT,2023-06-12,44.57,0.2,3.9,11.5,-1.1,-3.7,-13.3,-5.1
AVT,BREAKOUT,2025-06-30,54.98,-7.2,-11.1,49.5,-14.5,-21.0,29.0,-17.9
AVT,BREAKOUT,2026-01-26,61.81,29.8,,,25.4,,,-5.8
AVTR,BREAKOUT,2020-07-27,22.08,5.4,33.6,70.2,5.0,19.3,33.9,-6.3
AVTR,BOTTOM,2023-04-03,20.7,0.1,-0.3,25.0,-7.4,-6.0,-3.6,-5.9
AVTR,BOTTOM,2023-08-28,21.7,-1.5,15.2,19.1,-3.6,0.7,-7.6,-17.8
AVTX,BOTTOM,2017-09-18,2260.8,286.0,465.6,447.8,278.2,461.2,428.6,0.0
AVTX,BREAKOUT,2019-02-25,17798.4,-21.0,-47.6,-50.6,-19.6,-52.8,-58.3,-48.1
AVTX,BOTTOM,2019-05-20,14342.4,-35.5,-33.1,-52.2,-36.8,-44.1,-58.8,-41.2
AVTX,BOTTOM,2020-06-08,7286.4,2.0,6.3,36.8,-8.3,-15.1,-5.0,-18.6
AVTX,BREAKOUT,2021-02-15,12499.2,-39.4,-36.2,-81.0,-46.1,-50.6,-93.8,-49.3
AVTX,BOTTOM,2021-03-29,8784.0,8.5,-26.2,-71.4,-0.1,-35.3,-86.0,-27.9
AVTX,BREAKOUT,2025-10-13,15.35,-1.9,-6.0,,-6.3,-13.5,,-12.6
AVY,BREAKOUT,2019-03-25,99.32,2.9,0.9,-9.4,-1.3,-4.7,-1.0,-10.4
AVY,BREAKOUT,2020-10-19,128.39,11.0,43.7,55.6,-0.2,22.3,22.7,-2.4
AVY,BREAKOUT,2023-11-27,185.19,11.5,17.5,7.2,-0.7,1.8,-25.8,-1.4
AWI,BOTTOM,2020-06-15,70.58,-11.8,3.1,39.3,-19.3,-17.5,2.9,-19.9
AWI,BOTTOM,2021-02-15,74.0,33.1,35.4,22.2,26.4,21.0,9.4,0.0
AWI,BREAKOUT,2021-03-08,90.44,14.1,3.5,-4.8,6.1,-10.3,-12.9,-2.9
AWK,BREAKOUT,2018-10-15,79.1,1.2,15.0,35.7,4.2,8.9,25.7,-5.0
AWR,BREAKOUT,2021-04-19,73.74,5.5,9.5,4.2,-0.4,0.0,0.6,-4.3
AWR,BREAKOUT,2026-04-06,78.94,7.1,,,-4.3,,,-5.4
AX,BREAKOUT,2018-01-08,31.57,30.6,28.1,-12.7,34.8,26.7,-7.7,0.0
AX,BOTTOM,2018-11-26,31.2,4.8,-12.5,-5.6,2.5,-13.4,-21.9,-20.7
AX,BOTTOM,2019-04-29,31.27,-14.7,-5.8,-29.8,-14.7,-10.9,-27.9,-20.3
AX,BOTTOM,2020-09-14,23.11,58.4,125.5,97.9,46.3,106.8,62.5,-2.5
AX,BREAKOUT,2020-11-09,32.8,37.3,41.7,80.6,27.1,24.5,48.3,0.0
AX,BREAKOUT,2021-09-27,52.65,6.2,-12.6,-35.0,-3.6,-17.6,-18.5,-12.6
AX,BOTTOM,2022-09-19,36.8,1.8,-2.0,4.0,-2.7,-10.5,-14.8,-7.0
AX,BOTTOM,2023-03-06,37.66,10.2,13.8,36.6,-1.6,-2.6,2.0,-4.2
AX,BREAKOUT,2023-12-11,52.93,-6.6,-1.3,50.4,-15.6,-17.3,20.5,-6.6
AX,BREAKOUT,2025-07-14,85.53,-10.6,10.4,16.4,-16.7,-0.4,-3.4,-10.6
AXGN,BOTTOM,2022-07-18,9.2,25.0,14.1,-4.8,29.9,13.1,-21.1,-0.3
AXGN,BREAKOUT,2022-11-07,12.97,-30.1,-28.9,-61.3,-32.9,-33.1,-73.6,-41.6
AXGN,BREAKOUT,2024-02-12,10.6,-43.0,10.7,71.0,-49.3,-1.0,47.4,-45.8
AXGN,BREAKOUT,2025-10-27,22.22,56.8,94.8,,55.1,88.5,,0.0
AXIA,BOTTOM,2018-12-03,5.01,37.9,48.1,37.4,33.1,37.9,15.6,-11.7
AXIA,BREAKOUT,2018-12-31,6.46,12.0,17.3,13.6,-2.9,-2.0,-16.5,-7.4
AXIA,BOTTOM,2022-02-14,5.74,37.2,42.3,6.2,47.1,44.4,10.9,-0.7
AXIA,BREAKOUT,2025-04-21,6.95,-7.8,39.6,81.3,-23.9,15.9,50.2,-8.9
AXON,BOTTOM,2022-07-25,110.19,28.9,73.9,65.8,34.1,74.6,53.0,0.0
AXON,BREAKOUT,2023-11-20,228.42,18.5,25.0,178.9,6.5,7.9,146.3,0.0
AXP,BOTTOM,2020-06-15,93.31,2.9,17.4,59.1,-4.6,-3.2,22.7,-8.8
AXP,BREAKOUT,2023-12-11,175.05,21.4,25.3,69.4,12.4,9.3,39.4,0.0
AXS,BOTTOM,2020-10-05,39.09,12.6,14.8,13.0,2.2,-4.8,-15.0,-5.7
AXS,BREAKOUT,2023-01-23,58.02,-8.7,-10.5,-1.6,-11.6,-24.0,-23.6,-17.2
AXS,BREAKOUT,2024-02-12,59.47,16.2,22.7,48.9,9.9,11.0,25.2,-1.4
AXS,BREAKOUT,2025-12-15,107.03,-7.8,-6.0,,-3.3,-16.3,,-11.7
AXSM,BOTTOM,2017-11-06,4.95,-49.5,-30.3,-21.8,-51.3,-37.0,-31.4,-50.5
AXSM,BOTTOM,2018-09-17,3.25,-32.3,300.0,765.5,-15.2,303.4,761.4,-32.9
AXSM,BOTTOM,2020-04-20,76.4,1.2,-6.6,-30.8,-12.7,-29.8,-80.4,-10.5
AXSM,BOTTOM,2022-05-09,27.9,65.8,111.5,183.2,59.1,111.5,179.0,-18.7
AXSM,BREAKOUT,2024-01-22,89.84,-20.2,-3.7,14.8,-24.8,-16.1,-11.6,-24.4
AXSM,BREAKOUT,2024-11-18,98.68,39.6,6.5,51.4,38.5,8.6,39.4,-18.9
AXTA,BOTTOM,2019-05-20,24.48,9.3,14.4,-12.0,8.1,3.4,-18.6,-4.0
AXTA,BREAKOUT,2023-01-23,29.27,7.9,10.5,11.2,4.9,-3.0,-10.8,-4.9
AXTI,BOTTOM,2020-07-27,4.79,24.2,115.7,112.9,23.8,101.4,76.6,-5.4
AXTI,BOTTOM,2023-03-13,3.76,-4.5,-38.3,29.5,-17.6,-52.8,-3.1,-39.4
AXTI,BOTTOM,2024-04-22,2.97,9.4,-8.4,-52.2,2.0,-23.1,-61.9,-29.3
AYA,BOTTOM,2022-10-31,6.15,-7.3,27.2,-5.7,-17.4,16.6,-23.0,-15.1
AYA,BOTTOM,2023-02-06,5.28,35.6,9.1,37.3,34.4,-1.0,12.6,-1.1
AYA,BREAKOUT,2023-03-27,8.06,-20.3,-33.5,6.7,-29.0,-38.7,-22.9,-33.5
AYA,BREAKOUT,2024-03-11,8.49,17.6,40.9,-1.2,11.1,30.3,-12.6,0.0
AYA,BOTTOM,2025-11-17,9.54,91.1,83.4,,86.2,69.7,,0.0
AYI,BOTTOM,2019-06-03,127.69,-3.6,2.6,-16.9,-7.7,-7.9,-30.2,-7.2
AYI,BOTTOM,2020-06-15,88.82,14.9,29.2,98.2,7.4,8.6,61.8,-6.7
AYI,BOTTOM,2020-11-09,102.63,20.6,77.9,113.1,10.5,60.7,80.7,0.0
AYI,BOTTOM,2022-10-31,178.94,6.1,-12.4,-5.3,-3.9,-23.0,-22.6,-12.8
AYI,BREAKOUT,2023-12-11,201.92,27.3,24.3,56.7,18.3,8.3,26.7,-0.4
AYI,BREAKOUT,2025-09-01,337.51,10.0,-18.5,,3.8,-23.0,,-18.5
AZN,BREAKOUT,2021-06-28,109.44,-1.0,-3.4,11.2,-1.5,-13.7,22.0,-10.4
AZN,BREAKOUT,2024-04-22,144.79,3.9,0.5,-5.6,-3.5,-14.2,-15.3,0.0
AZO,BREAKOUT,2018-01-08,787.93,-23.0,-12.8,4.4,-18.8,-14.3,9.5,-24.4
AZO,BREAKOUT,2018-11-12,827.99,11.1,18.9,41.5,9.2,13.4,25.4,-2.3
AZO,BREAKOUT,2024-12-02,3309.44,9.2,12.4,15.5,14.2,13.2,1.3,-2.4
AZTA,BREAKOUT,2018-06-11,35.29,-3.7,-27.3,7.0,-8.7,-21.7,1.1,-29.2
AZTA,BREAKOUT,2020-07-27,54.04,-14.1,39.6,64.4,-14.5,25.3,28.1,-21.3
AZTA,BOTTOM,2022-04-18,76.7,-14.6,-45.3,-44.0,-7.7,-33.9,-42.4,-49.2
AZTA,BREAKOUT,2023-12-11,62.0,-4.0,-13.0,-27.5,-13.0,-29.1,-57.5,-18.5
AZTA,BOTTOM,2026-02-23,26.98,-15.2,,,-25.8,,,-40.6
AZZ,BREAKOUT,2018-07-02,47.33,-9.1,-22.1,-11.5,-14.0,-14.7,-22.0,-26.7
AZZ,BOTTOM,2019-06-10,39.59,2.0,3.5,-24.5,-2.6,-7.2,-31.8,-14.2
AZZ,BREAKOUT,2020-11-30,44.06,10.9,13.5,13.6,6.7,-1.6,-10.7,-0.6
AZZ,BREAKOUT,2023-08-07,45.84,-0.5,48.8,59.0,0.3,35.5,37.7,-4.8
B,BREAKOUT,2022-02-28,21.61,-13.7,-37.0,-29.1,-9.0,-28.5,-24.1,-37.0
B,BOTTOM,2023-06-05,15.87,-6.6,-0.1,-2.6,-10.6,-7.9,-28.6,-13.9
B,BREAKOUT,2024-07-08,17.72,8.5,-14.2,17.1,4.7,-18.5,4.3,-15.6
B,BREAKOUT,2025-06-09,21.11,35.2,101.6,90.5,24.8,86.7,64.8,-5.2
BA,BREAKOUT,2025-05-05,194.85,17.6,-0.1,21.8,4.3,-19.7,-10.4,-0.1
BABA,BREAKOUT,2019-11-25,188.21,4.0,3.7,38.2,9.3,5.8,20.3,-9.3
BABA,BOTTOM,2024-06-17,71.79,19.8,11.7,56.0,15.2,2.4,45.5,-2.3
BABA,BREAKOUT,2025-09-08,153.65,0.4,-12.8,,-3.6,-14.1,,-15.7
BAC,BOTTOM,2020-06-15,21.85,0.5,15.0,57.0,-7.0,-5.6,20.6,-8.3
BAC,BREAKOUT,2021-02-15,30.28,23.4,18.0,35.6,16.6,3.5,22.8,0.0
BAC,BOTTOM,2023-01-16,30.95,-11.2,-4.2,-1.9,-15.7,-19.2,-25.6,-19.5
BAC,BOTTOM,2023-08-28,27.11,7.7,20.3,43.6,5.6,5.8,16.9,-13.1
BAH,BREAKOUT,2023-06-12,102.49,3.0,16.0,40.5,1.8,8.4,15.7,-1.1
BALL,BOTTOM,2023-03-06,50.19,0.5,-0.1,26.0,-11.4,-16.4,-8.6,-4.8
BALL,BREAKOUT,2026-02-02,66.03,-11.7,,,-18.8,,,-19.9
BANC,BREAKOUT,2020-01-13,15.1,-48.3,-42.1,1.9,-35.1,-40.0,-13.4,-62.3
BANC,BREAKOUT,2021-01-11,15.39,5.0,-6.4,27.1,-6.4,-22.0,1.7,-6.4
BANC,BREAKOUT,2021-11-01,19.17,-7.4,-15.3,-21.9,-3.5,-3.7,-3.4,-15.5
BANC,BOTTOM,2023-09-25,11.5,9.3,24.6,23.0,-2.3,1.4,-12.5,-12.6
BANC,BREAKOUT,2024-03-04,13.9,-11.7,-5.7,-4.5,-16.3,-12.0,-18.5,-13.3
BAND,BOTTOM,2019-12-09,57.2,3.7,101.8,195.5,18.4,104.9,177.8,0.0
BAND,BREAKOUT,2020-04-27,89.22,62.3,79.7,48.2,46.3,63.3,-1.8,0.0
BAND,BOTTOM,2021-03-22,114.95,20.8,-14.1,-73.6,12.7,-27.0,-89.4,-14.1
BAND,BOTTOM,2023-06-19,12.66,-9.6,8.0,24.7,-9.3,-2.2,-2.7,-24.5
BAND,BREAKOUT,2024-02-26,20.69,-2.7,-17.1,-22.8,-5.9,-27.7,-40.2,-26.5
BAND,BOTTOM,2024-04-15,17.34,19.7,11.3,-31.8,8.5,-7.5,-39.5,-12.3
BAND,BOTTOM,2025-10-20,16.71,-13.3,44.3,,-15.4,38.3,,-22.4
BAND,BREAKOUT,2026-03-30,18.05,241.3,,,227.4,,,-10.6
BANF,BREAKOUT,2018-04-16,49.22,11.4,-2.5,-2.9,6.0,-7.1,-13.8,-2.5
BANF,BOTTOM,2020-06-15,35.15,10.3,43.9,63.9,2.7,23.3,27.4,-6.5
BANF,BOTTOM,2020-08-31,40.04,29.5,57.0,26.8,21.1,44.0,-7.4,-10.1
BANF,BREAKOUT,2021-01-04,56.52,14.7,-1.7,21.4,6.4,-16.6,-2.5,-7.8
BANF,BREAKOUT,2022-01-10,71.64,7.7,17.7,17.8,13.2,34.3,30.7,-3.4
BANF,BREAKOUT,2024-07-15,101.43,9.2,15.1,31.1,2.3,5.6,15.4,-4.7
BANR,BOTTOM,2020-06-15,31.0,-10.3,18.5,44.7,-17.8,-2.1,8.2,-16.6
BANR,BREAKOUT,2024-07-15,54.59,15.8,22.6,17.2,9.0,13.0,1.5,-7.0
BANR,BREAKOUT,2026-06-08,67.24,,,,,,,-3.6
BAP,BOTTOM,2022-05-02,103.0,2.2,18.5,9.7,1.3,26.2,7.7,-10.0
BAP,BOTTOM,2022-12-19,107.69,-7.7,12.7,18.4,-11.5,-1.2,-7.2,-7.7
BAP,BREAKOUT,2024-02-12,143.22,1.8,3.7,17.5,-4.5,-8.0,-6.2,-3.2
BAR,BREAKOUT,2022-02-28,19.52,-6.0,-13.2,-5.9,-1.3,-4.7,-0.9,-13.4
BAR,BREAKOUT,2023-11-27,20.47,0.6,12.4,28.2,-11.6,-3.3,-4.8,-3.3
BATRK,BREAKOUT,2022-10-24,31.94,8.2,19.0,7.6,3.4,11.2,0.4,-5.9
BATRK,BREAKOUT,2024-07-08,41.75,-5.6,-13.5,11.6,-9.4,-17.9,-1.1,-13.5
BATRK,BREAKOUT,2025-06-16,45.99,-10.4,-13.9,9.5,-22.4,-29.0,-17.5,-16.0
BATRK,BREAKOUT,2026-04-13,47.63,8.5,,,3.5,,,0.0
BAX,BOTTOM,2023-08-21,39.02,-12.7,4.0,-6.8,-16.5,-12.3,-36.3,-22.8
BAX,BOTTOM,2024-04-08,38.73,-11.7,-7.9,-29.1,-21.6,-22.1,-35.0,-17.1
BB,BREAKOUT,2020-11-30,8.52,10.9,62.7,4.9,6.7,47.6,-19.4,-22.2
BB,BOTTOM,2021-12-06,8.79,-29.0,-37.0,-49.9,-18.6,-20.3,-34.8,-37.0
BB,BOTTOM,2023-06-19,4.79,7.7,-25.5,-52.0,8.0,-35.6,-79.4,-29.6
BB,BREAKOUT,2024-12-16,3.69,17.3,14.6,2.2,21.7,13.5,-14.3,-18.4
BB,BOTTOM,2025-03-24,3.92,15.8,26.5,-19.4,4.8,6.7,-34.8,-23.2
BB,BREAKOUT,2026-04-20,5.09,,,,,,,0.0
BBAR,BREAKOUT,2017-10-09,15.16,18.3,3.5,-51.7,8.7,-1.4,-62.0,-5.4
BBAR,BOTTOM,2019-03-11,7.48,7.1,-58.9,-71.8,4.3,-66.4,-68.9,-59.1
BBAR,BOTTOM,2020-11-30,2.58,-24.6,7.0,-13.4,-28.8,-8.1,-37.8,-28.6
BBAR,BOTTOM,2022-04-25,2.15,-4.7,9.3,56.6,-5.2,14.1,54.0,-25.6
BBAR,BREAKOUT,2022-12-19,2.83,7.8,69.4,68.4,4.0,55.5,42.8,0.0
BBAR,BREAKOUT,2024-01-22,5.27,48.1,54.6,321.8,43.5,42.2,295.5,-15.0
BBAR,BOTTOM,2026-04-20,14.36,,,,,,,-6.0
BBBY,BOTTOM,2019-11-04,9.7,-14.2,66.3,594.1,-22.3,70.6,578.6,-66.7
BBBY,BREAKOUT,2020-06-22,28.1,159.3,102.0,232.5,149.3,78.0,188.2,0.0
BBBY,BOTTOM,2020-12-14,62.57,22.8,38.7,2.9,16.9,25.6,-23.3,-23.3
BBBY,BOTTOM,2021-12-20,62.85,-25.5,-46.8,-68.6,-22.0,-30.3,-51.3,-56.2
BBBY,BREAKOUT,2023-06-26,32.57,-51.4,-15.0,-59.8,-48.2,-23.0,-84.3,-57.2
BBBY,BOTTOM,2023-09-04,20.91,11.5,68.0,-52.9,7.9,52.3,-75.9,-33.4
BBBY,BOTTOM,2024-04-29,22.28,-53.4,-71.5,-82.0,-58.0,-83.9,-94.3,-71.5
BBBY,BREAKOUT,2025-09-29,12.02,-50.8,-61.6,,-53.2,-60.1,,-63.6
BBDC,BOTTOM,2020-09-21,4.34,17.2,31.1,49.6,4.4,9.7,12.7,-5.2
BBDC,BREAKOUT,2026-04-27,8.96,,,,,,,-7.8
BBIO,BREAKOUT,2020-09-14,42.19,53.8,60.4,23.5,41.7,41.7,-11.8,-13.1
BBIO,BOTTOM,2022-09-12,11.14,-16.9,21.6,161.5,-16.7,19.6,144.7,-33.7
BBIO,BOTTOM,2024-10-07,25.9,12.3,30.9,114.2,11.8,38.2,100.2,-9.6
BBIO,BREAKOUT,2025-01-20,37.59,-3.4,23.2,107.2,5.7,17.8,92.5,-16.5
BBIO,BREAKOUT,2026-07-06,85.89,,,,,,,-5.3
BBSI,BOTTOM,2019-06-03,17.75,11.1,10.6,-27.5,7.0,0.1,-40.8,0.0
BBSI,BOTTOM,2020-10-26,13.8,6.9,24.8,40.7,-6.9,-3.9,-1.9,0.0
BBSI,BREAKOUT,2023-11-06,25.56,8.6,20.7,59.3,-5.7,1.7,21.7,0.0
BBSI,BREAKOUT,2025-07-21,45.26,-7.9,-17.5,,-14.5,-26.3,,-27.0
BBT,BOTTOM,2019-09-02,24.0,8.4,-22.1,-66.2,2.3,-22.9,-83.4,-22.1
BBT,BREAKOUT,2021-03-01,18.96,28.1,16.0,38.9,17.6,-2.9,24.8,0.0
BBT,BREAKOUT,2022-11-21,27.86,-5.5,-30.0,-30.3,-4.5,-35.3,-45.2,-38.9
BBT,BOTTOM,2023-08-21,19.01,2.2,6.6,36.5,-1.7,-9.7,6.9,-10.4
BBT,BREAKOUT,2024-07-15,25.57,3.3,5.6,-0.9,-3.6,-4.0,-16.6,-7.4
BBT,BREAKOUT,2026-02-02,30.88,-7.4,,,-14.5,,,-10.4
BBUC,BREAKOUT,2023-12-18,22.67,3.6,-15.8,4.4,-6.8,-31.5,-22.0,-15.8
BBUC,BREAKOUT,2024-09-23,25.42,-8.6,5.7,29.0,-13.0,7.8,11.8,-9.2
BBVA,BOTTOM,2020-03-16,2.04,19.6,-3.4,97.5,-15.9,-49.1,24.5,-3.4
BBVA,BREAKOUT,2023-01-02,5.27,13.2,20.7,50.9,7.4,6.8,28.5,-3.2
BBVA,BREAKOUT,2025-01-27,10.38,27.2,52.8,137.4,32.7,48.9,121.1,0.0
BBW,BOTTOM,2018-03-19,7.06,-8.3,6.5,-34.3,-15.2,-7.7,-44.6,-10.1
BBW,BOTTOM,2020-02-24,3.18,-40.4,-36.7,84.5,-43.7,-56.3,53.7,-73.2
BBW,BOTTOM,2020-08-10,2.0,89.1,160.3,505.0,82.4,142.7,470.7,-7.9
BBW,BREAKOUT,2021-01-25,4.68,43.3,170.9,228.0,30.2,151.7,207.0,-6.6
BBW,BREAKOUT,2022-11-28,22.41,-16.6,-13.4,6.8,-16.4,-19.4,-7.8,-18.8
BBWI,BOTTOM,2019-04-01,18.53,2.6,-30.9,-56.2,-1.4,-33.8,-43.9,-38.2
BBWI,BOTTOM,2020-03-23,9.02,10.1,140.9,389.3,-8.8,110.1,330.5,-18.1
BBWI,BOTTOM,2023-03-06,34.08,13.9,-1.0,22.7,2.1,-17.3,-11.9,-11.5
BBWI,BOTTOM,2025-01-20,35.13,-19.6,-13.6,-38.0,-10.5,-19.0,-52.7,-31.0
BBY,BREAKOUT,2020-07-20,75.35,22.5,19.8,19.5,14.3,-0.5,-19.6,0.0
BBY,BREAKOUT,2021-10-25,97.79,-19.6,-25.3,-41.8,-16.2,-15.6,-27.8,-25.3
BBY,BREAKOUT,2024-03-18,73.08,11.8,21.5,-7.1,7.0,11.8,-16.7,-12.4
BBY,BOTTOM,2025-12-01,71.16,-8.9,-0.8,,-7.3,-9.0,,-21.9
BBY,BREAKOUT,2026-07-06,82.8,,,,,,,0.0
BC,BREAKOUT,2023-12-11,89.7,-7.7,-21.0,-21.1,-16.6,-37.0,-51.0,-21.0
BC,BREAKOUT,2025-12-08,73.01,-6.2,13.1,,-3.6,3.7,,-6.2
BCH,BREAKOUT,2021-01-04,14.68,10.6,-13.2,-16.4,2.3,-28.1,-40.2,-13.9
BCH,BREAKOUT,2023-01-30,15.83,11.9,8.3,15.0,11.5,-0.9,-6.7,-7.7
BCO,BREAKOUT,2021-03-01,75.33,-8.0,-0.5,-14.3,-18.5,-19.4,-28.4,-8.0
BCPC,BREAKOUT,2026-02-09,180.81,-12.1,,,-20.8,,,-13.3
BCRX,BREAKOUT,2018-05-28,6.24,14.7,47.1,-43.9,8.2,45.5,-46.5,-10.4
BCRX,BOTTOM,2020-04-20,3.56,25.0,4.2,240.7,11.1,-19.0,191.1,-5.3
BCRX,BREAKOUT,2020-11-30,6.1,82.8,167.0,87.5,78.6,151.9,63.2,0.0
BCRX,BREAKOUT,2022-02-07,17.79,-52.8,-17.7,-42.0,-44.3,-15.4,-36.2,-52.8
BCRX,BREAKOUT,2024-07-22,7.85,1.3,-2.7,8.9,-5.4,-15.1,-9.6,-10.6
BCRX,BOTTOM,2026-04-20,8.94,,,,,,,-7.3
BCS,BREAKOUT,2018-01-22,8.94,-0.8,-13.8,-26.0,5.8,-12.8,-20.5,-15.6
BCS,BREAKOUT,2024-02-19,7.83,34.5,50.2,86.6,29.9,38.9,67.0,0.0
BDC,BOTTOM,2020-03-09,36.94,-9.9,-16.4,21.3,-23.5,-41.7,-27.7,-25.9
BDC,BOTTOM,2020-06-15,32.8,-4.5,24.9,48.4,-12.1,4.3,11.9,-10.4
BDC,BOTTOM,2021-01-11,41.68,3.6,11.4,51.3,-7.9,-4.1,26.0,0.0
BDC,BREAKOUT,2021-02-01,51.25,4.0,2.1,8.3,-5.2,-12.8,-9.0,-16.6
BDC,BREAKOUT,2022-08-08,68.96,14.0,27.9,26.4,20.3,31.5,20.4,-13.6
BDC,BREAKOUT,2025-07-14,127.66,-12.0,-9.2,-20.6,-18.2,-20.0,-40.3,-14.1
BDX,BREAKOUT,2019-09-02,180.28,-0.7,-8.6,-10.0,-6.8,-9.4,-27.2,-9.1
BDX,BREAKOUT,2020-07-27,195.1,-17.6,-6.3,-7.8,-18.0,-20.6,-44.1,-20.1
BDX,BREAKOUT,2023-04-24,195.16,6.4,-4.1,-11.1,-3.8,-3.6,-35.0,-8.8
BDX,BREAKOUT,2025-01-27,188.0,-31.5,-28.0,-16.0,-26.0,-31.9,-32.4,-32.2
BDX,BREAKOUT,2026-02-16,182.92,-19.9,,,-28.3,,,-22.1
BE,BOTTOM,2020-04-20,8.28,104.2,98.4,209.5,90.3,75.2,159.9,-11.2
BE,BREAKOUT,2020-07-06,13.72,67.1,153.6,68.4,57.4,132.5,29.3,-11.4
BE,BOTTOM,2022-11-21,22.11,-3.6,-36.7,-40.3,-2.5,-42.0,-55.2,-42.5
BE,BOTTOM,2025-03-03,23.08,-5.6,147.3,485.7,-10.0,134.2,467.6,-28.8
BEAM,BREAKOUT,2024-02-26,39.84,-40.2,-33.0,-33.9,-43.4,-43.6,-51.2,-46.6
BEAM,BOTTOM,2024-04-01,28.2,-18.2,-17.0,-45.9,-25.5,-28.2,-44.6,-24.6
BEAM,BOTTOM,2024-11-25,27.37,-3.8,-42.2,-7.5,-2.7,-40.6,-22.2,-44.2
BEAM,BOTTOM,2025-03-24,22.21,-24.4,3.4,-0.1,-35.3,-16.4,-15.5,-31.2
BEAM,BOTTOM,2025-06-30,20.01,28.7,35.6,73.9,21.4,25.8,53.4,-18.2
BEAM,BOTTOM,2025-11-24,25.33,12.4,30.0,,11.7,18.7,,-12.4
BEKE,BREAKOUT,2024-05-13,18.72,-23.6,0.3,0.8,-28.6,-11.1,-12.8,-31.7
BEKE,BOTTOM,2024-06-17,14.9,-7.2,18.7,18.6,-11.9,9.4,8.1,-14.2
BEKE,BOTTOM,2025-10-20,17.53,2.1,-7.7,,0.0,-13.7,,-17.0
BELFA,BREAKOUT,2017-09-25,24.81,-19.6,-37.1,-19.9,-26.3,-42.8,-37.7,-42.3
BELFA,BOTTOM,2018-09-24,19.88,-37.4,0.1,-26.8,-23.1,1.9,-30.4,-37.4
BELFA,BOTTOM,2020-09-14,10.03,41.0,83.1,41.5,28.8,64.4,6.1,-0.3
BELFA,BOTTOM,2021-12-06,13.82,41.9,53.9,127.9,52.3,70.6,143.1,0.0
BELFA,BREAKOUT,2025-07-21,109.72,26.3,64.9,,19.7,56.1,,0.0
BELFB,BOTTOM,2017-09-11,24.29,0.6,-23.3,7.6,-6.9,-34.4,-10.7,-35.4
BEN,BOTTOM,2023-04-24,22.62,11.0,-14.5,-2.7,0.8,-13.9,-26.6,-14.5
BEN,BREAKOUT,2025-06-16,21.34,8.6,8.2,53.3,-3.4,-6.9,26.3,-2.2
BEP,BREAKOUT,2019-03-04,12.05,11.4,25.3,84.1,6.2,15.7,73.7,0.0
BEP,BOTTOM,2023-06-19,25.53,-11.7,-6.2,-11.6,-11.4,-16.4,-39.0,-27.4
BEPC,BOTTOM,2022-06-13,28.57,18.7,-9.3,0.2,12.8,-14.9,-21.9,-14.0
BEPC,BOTTOM,2023-06-19,27.61,-12.8,-5.8,-3.8,-12.5,-16.0,-31.2,-27.0
BETR,BOTTOM,2023-08-28,40.25,-43.7,-36.1,-60.9,-45.8,-50.7,-87.6,-50.6
BETR,BREAKOUT,2025-08-25,22.63,114.0,45.4,,107.7,38.4,,0.0
BFAM,BREAKOUT,2021-02-08,178.18,-24.3,-18.4,-26.4,-30.7,-32.8,-40.1,-24.3
BFAM,BOTTOM,2021-12-06,116.88,10.1,-30.5,-44.2,20.5,-13.8,-29.0,-30.5
BFAM,BOTTOM,2023-04-10,77.33,23.8,4.8,41.2,14.5,-0.6,15.5,-1.6
BFC,BREAKOUT,2019-03-04,50.96,18.1,-4.4,2.6,12.8,-14.0,-7.8,-6.4
BFH,BOTTOM,2021-01-04,54.2,47.8,42.6,19.5,39.5,27.6,-4.4,-9.2
BFH,BOTTOM,2023-03-06,32.86,-12.6,4.4,14.5,-24.5,-12.0,-20.1,-28.6
BFH,BREAKOUT,2024-04-29,39.46,14.2,25.6,21.9,9.6,13.2,9.6,-3.2
BFH,BREAKOUT,2025-08-25,65.59,2.7,7.8,,-3.5,0.8,,-18.3
BFLY,BOTTOM,2024-04-01,1.02,-3.3,92.2,100.0,-10.7,80.9,101.3,-25.0
BFLY,BOTTOM,2024-08-19,0.96,237.9,348.4,58.5,231.6,341.0,42.3,0.0
BFLY,BREAKOUT,2024-09-09,1.92,76.6,39.6,-18.2,68.7,38.8,-36.7,-17.7
BFLY,BOTTOM,2026-02-16,2.98,50.0,,,41.6,,,0.0
BFLY,BOTTOM,2026-05-25,4.55,,,,,,,0.0
BFST,BOTTOM,2020-06-15,13.19,-1.7,47.3,64.5,-9.3,26.7,28.1,-19.1
BFST,BREAKOUT,2021-10-04,22.79,15.6,-10.0,-12.8,8.7,-12.9,3.1,-10.0
BFST,BOTTOM,2023-10-23,17.91,23.9,9.6,39.6,4.7,-15.1,-3.3,0.0
BFST,BREAKOUT,2024-07-22,25.08,-0.3,6.8,-1.0,-7.0,-5.6,-19.4,-18.2
BFST,BREAKOUT,2025-12-08,27.41,-5.4,6.7,,-2.8,-2.8,,-6.6
BG,BREAKOUT,2019-12-16,47.61,-44.3,-27.7,16.7,-16.0,-24.9,-0.5,-44.3
BG,BOTTOM,2023-02-06,89.47,-8.1,15.0,-8.2,-9.4,5.0,-32.9,-8.1
BG,BREAKOUT,2024-07-22,107.58,-20.9,-31.5,-30.1,-27.6,-43.9,-48.6,-31.5
BG,BOTTOM,2025-05-12,78.63,1.2,19.8,54.8,-7.4,6.1,29.0,-7.9
BG,BREAKOUT,2025-10-13,95.66,11.4,23.9,,7.0,16.4,,-8.0
BGC,BOTTOM,2019-04-29,4.71,-3.2,2.8,-41.5,-3.2,-2.3,-39.6,-15.3
BGC,BOTTOM,2021-01-11,3.63,56.1,42.1,16.2,44.7,26.6,-9.1,-6.6
BGC,BREAKOUT,2023-02-27,5.09,-19.3,-3.8,36.6,-25.6,-16.3,7.8,-21.0
BGC,BREAKOUT,2026-04-06,10.9,-1.1,,,-12.5,,,-4.1
BH,BOTTOM,2020-06-15,75.21,31.7,73.3,122.1,24.1,52.7,85.7,-20.2
BH,BOTTOM,2020-09-21,89.51,39.0,52.9,92.6,26.3,31.6,55.7,-6.4
BH,BREAKOUT,2020-11-30,121.94,26.4,35.9,15.0,22.2,20.8,-9.3,-11.3
BH,BREAKOUT,2023-01-30,166.07,15.0,19.7,-6.3,14.6,10.5,-28.0,-0.6
BH,BREAKOUT,2024-12-02,229.67,-5.1,14.8,32.5,-0.2,15.6,18.3,-11.3
BH,BOTTOM,2026-04-13,307.66,24.9,,,19.9,,,-13.1
BHE,BOTTOM,2019-05-27,18.8,20.6,57.8,-1.7,13.8,42.5,-14.5,0.0
BHE,BOTTOM,2020-07-13,18.03,5.5,35.3,27.0,-2.9,17.5,-9.0,-3.8
BHE,BREAKOUT,2022-08-08,25.46,5.6,-7.5,-5.3,11.9,-3.8,-11.3,-9.9
BHE,BOTTOM,2025-09-29,37.8,15.6,49.4,,13.2,50.8,,-5.7
BHF,BOTTOM,2018-11-05,41.57,-15.2,-5.3,-1.3,-13.1,-10.1,-14.8,-28.6
BHF,BREAKOUT,2020-02-10,46.65,-42.8,-31.0,-14.3,-28.1,-31.8,-32.7,-65.4
BHF,BOTTOM,2020-12-28,36.21,25.5,25.4,43.1,18.0,8.6,14.3,-2.3
BHF,BREAKOUT,2025-01-27,61.71,-4.6,-25.2,3.8,1.0,-29.1,-12.5,-25.2
BHF,BREAKOUT,2025-11-03,66.01,-3.5,-7.0,,-6.7,-17.6,,-10.3
BHP,BREAKOUT,2020-08-03,34.52,-6.8,23.7,43.6,-11.9,6.8,9.4,-12.2
BHP,BREAKOUT,2022-02-28,52.62,2.9,-17.8,7.8,7.6,-9.2,12.8,-24.5
BHP,BREAKOUT,2023-01-09,59.7,-8.5,-7.7,-3.4,-12.4,-21.3,-24.8,-15.8
BHP,BREAKOUT,2023-12-18,61.84,-13.8,-14.5,-23.5,-24.2,-30.2,-49.9,-15.8
BHRB,BREAKOUT,2022-08-29,49.44,28.4,41.8,-7.4,24.2,37.9,-24.3,-4.8
BHRB,BREAKOUT,2024-07-22,64.08,-8.8,-7.7,-5.3,-15.4,-20.1,-23.8,-16.2
BHVN,BOTTOM,2024-07-01,34.07,39.8,13.4,-57.1,36.2,6.0,-71.2,0.0
BIDU,BREAKOUT,2018-05-07,269.91,-18.5,-31.9,-41.9,-22.7,-34.6,-49.6,-31.9
BIDU,BOTTOM,2019-05-13,128.31,-24.6,-8.8,-22.2,-26.2,-18.9,-24.4,-24.6
BIDU,BOTTOM,2019-12-09,119.14,-15.8,-2.4,35.3,-1.1,0.7,17.7,-25.6
BIDU,BOTTOM,2021-03-29,219.7,-10.5,-31.0,-35.8,-19.1,-40.1,-50.4,-37.3
BIDU,BOTTOM,2021-11-22,153.06,0.0,-9.1,-39.0,4.3,-0.2,-28.0,-25.1
BIDU,BREAKOUT,2025-09-08,114.78,8.9,8.1,,4.9,6.8,,-3.3
BIIB,BOTTOM,2019-07-01,234.25,-4.4,24.2,13.2,-3.5,15.1,6.5,-6.2
BIIB,BREAKOUT,2020-02-03,338.7,-7.3,-9.7,-21.7,4.2,-11.5,-40.6,-23.6
BIIB,BREAKOUT,2021-06-07,396.64,-24.4,-41.4,-50.2,-29.7,-53.0,-43.3,-43.5
BIIB,BREAKOUT,2022-10-24,284.29,2.0,7.0,-17.5,-2.7,-0.8,-24.7,-9.8
BIIB,BREAKOUT,2025-11-10,167.55,17.3,15.2,,15.5,4.5,,-1.9
BILI,BREAKOUT,2019-12-30,22.08,9.2,118.2,288.2,31.8,120.4,270.1,-8.6
BILI,BOTTOM,2023-04-03,21.51,-30.7,-36.9,-49.5,-38.3,-42.6,-78.0,-37.0
BILI,BREAKOUT,2025-09-29,28.51,-7.5,-19.2,,-9.9,-17.7,,-21.7
BILL,BOTTOM,2023-09-18,100.21,-16.6,-32.1,-45.9,-27.1,-54.1,-79.7,-43.6
BILL,BREAKOUT,2024-11-11,84.69,-29.4,-45.4,-40.5,-33.8,-47.5,-56.7,-53.3
BILL,BOTTOM,2025-12-08,54.55,-27.1,-39.2,,-24.5,-48.6,,-39.2
BIO,BREAKOUT,2019-07-29,336.0,4.9,7.4,56.2,-0.2,-3.6,42.4,-3.1
BIO,BREAKOUT,2024-10-28,368.42,-2.0,-35.9,-13.3,-7.8,-35.7,-34.2,-38.8
BIPC,BREAKOUT,2025-10-06,43.97,-3.6,-5.5,,-10.2,-10.1,,-15.0
BJ,BREAKOUT,2020-05-11,28.43,45.9,42.1,66.2,27.7,15.9,18.3,0.0
BJ,BREAKOUT,2021-05-10,47.25,6.4,32.1,31.9,-1.0,19.2,34.2,-5.2
BJRI,BREAKOUT,2018-04-09,47.72,26.9,37.4,-3.9,21.0,32.4,-15.5,0.0
BJRI,BOTTOM,2019-11-25,40.97,-19.9,-47.0,-14.6,-14.6,-44.9,-32.5,-80.0
BJRI,BOTTOM,2020-10-19,31.29,44.5,82.2,14.9,33.3,60.7,-18.0,-9.8
BJRI,BREAKOUT,2021-01-04,44.43,34.2,8.6,-24.0,25.9,-6.4,-47.8,0.0
BJRI,BOTTOM,2022-12-19,27.75,3.0,9.4,22.1,-0.8,-4.5,-3.5,-4.9
BJRI,BREAKOUT,2024-11-25,38.44,-0.8,16.1,-0.2,0.3,17.6,-15.0,-17.9
BJRI,BOTTOM,2025-10-20,32.97,30.7,15.8,,28.6,9.8,,0.0
BJRI,BREAKOUT,2026-05-25,47.05,,,,,,,-8.5
BKD,BOTTOM,2019-11-25,7.14,-8.0,-48.7,-38.0,-2.7,-46.6,-55.9,-73.5
BKD,BOTTOM,2020-12-28,4.43,43.6,86.0,16.5,36.1,69.2,-12.3,-1.6
BKD,BOTTOM,2023-07-03,4.23,-10.4,31.9,72.3,-8.7,24.4,44.1,-17.5
BKE,BOTTOM,2020-06-15,8.27,39.5,112.1,185.4,31.9,91.5,148.9,-4.1
BKE,BREAKOUT,2020-11-09,14.91,52.2,78.5,98.1,42.1,61.3,65.7,0.0
BKE,BREAKOUT,2022-11-21,31.18,-1.8,-22.3,-4.9,-0.8,-27.6,-19.8,-22.3
BKE,BREAKOUT,2023-12-11,34.8,-7.2,-14.4,28.0,-16.2,-30.4,-1.9,-14.4
BKE,BOTTOM,2025-05-12,37.82,35.0,37.5,26.5,26.4,23.8,0.6,-0.7
BKH,BREAKOUT,2020-01-13,62.88,-16.0,-23.8,-20.9,-2.9,-21.7,-36.2,-35.8
BKH,BOTTOM,2020-06-15,42.88,0.8,13.6,28.8,-6.8,-7.0,-7.6,-2.5
BKH,BOTTOM,2020-12-21,48.13,12.3,15.4,18.6,4.6,-1.0,-10.6,-1.4
BKH,BREAKOUT,2022-02-28,61.03,4.6,5.8,-11.4,9.3,14.3,-6.5,-7.5
BKH,BREAKOUT,2025-10-13,61.3,17.4,22.9,,13.0,15.4,,0.0
BKKT,BREAKOUT,2023-12-25,55.75,-79.4,-66.1,-50.7,-89.8,-81.3,-77.5,-88.3
BKKT,BOTTOM,2024-12-23,27.49,-66.9,-53.5,-61.7,-60.5,-57.5,-79.0,-70.3
BKKT,BREAKOUT,2025-09-29,40.38,-72.1,-81.7,,-74.5,-80.3,,-81.9
BKKT,BOTTOM,2025-11-03,23.66,-49.7,-58.4,,-52.9,-68.9,,-69.1
BKNG,BREAKOUT,2019-09-09,80.84,-4.4,-31.1,-13.6,-10.3,-21.4,-26.7,-31.1
BKNG,BREAKOUT,2020-11-30,83.23,8.6,9.0,-0.5,4.4,-6.2,-24.8,-8.5
BKR,BOTTOM,2020-02-03,18.96,-33.1,-24.5,1.8,-21.7,-26.3,-17.1,-55.5
BKR,BREAKOUT,2024-07-22,36.18,0.3,22.4,25.1,-6.4,10.0,6.7,-10.7
BKR,BREAKOUT,2025-09-08,45.94,1.3,17.7,,-2.7,16.4,,-3.4
BKSY,BOTTOM,2021-04-26,79.52,0.2,-1.1,-84.2,-5.2,-11.9,-84.2,-10.8
BKSY,BOTTOM,2021-10-18,75.52,-71.0,-83.1,-84.1,-68.0,-77.7,-68.0,-83.1
BKSY,BOTTOM,2024-02-19,12.08,-25.2,-13.2,38.1,-29.7,-24.6,18.4,-38.1
BKSY,BREAKOUT,2025-01-20,14.96,-43.4,32.2,81.0,-34.2,26.8,66.3,-54.5
BKSY,BOTTOM,2025-03-24,7.91,146.4,149.2,194.4,135.4,129.4,179.0,-13.9
BKSY,BOTTOM,2025-09-22,19.71,-2.0,18.2,,-6.6,21.8,,-33.1
BKSY,BOTTOM,2026-06-29,27.88,,,,,,,-20.4
BKU,BREAKOUT,2017-12-04,30.64,8.1,10.7,-17.4,2.6,5.0,-18.5,-2.4
BKU,BOTTOM,2019-05-27,25.68,-1.6,9.3,-41.4,-8.3,-5.9,-54.2,-4.4
BKU,BOTTOM,2020-09-28,18.96,52.8,96.5,95.0,40.3,75.6,63.1,0.0
BKU,BOTTOM,2024-01-15,26.9,-7.6,28.7,41.2,-10.6,14.1,15.7,-12.7
BKU,BREAKOUT,2024-07-15,34.62,1.4,9.7,6.7,-5.4,0.2,-9.1,-5.6
BL,BREAKOUT,2018-02-19,40.19,0.1,28.1,29.8,0.7,22.6,26.2,-4.6
BL,BOTTOM,2020-03-16,46.44,71.5,77.4,139.8,36.0,31.7,66.8,0.0
BL,BOTTOM,2021-12-06,105.65,-36.3,-31.1,-37.3,-25.8,-14.5,-22.2,-44.6
BL,BOTTOM,2023-06-26,53.82,3.1,16.0,-10.0,6.3,8.0,-34.5,-9.0
BLBD,BOTTOM,2019-09-02,18.34,9.8,-7.3,-36.8,3.6,-8.1,-54.0,-7.3
BLBD,BREAKOUT,2021-01-11,22.39,17.3,5.1,-29.2,5.9,-10.5,-54.6,-17.6
BLBD,BREAKOUT,2023-02-27,21.72,19.8,2.7,58.5,13.5,-9.8,29.7,-18.4
BLBD,BOTTOM,2023-04-10,18.35,23.3,-2.1,96.3,13.9,-7.4,70.7,-3.4
BLBD,BREAKOUT,2024-01-22,28.01,21.3,85.2,33.9,16.7,72.8,7.5,0.0
BLBD,BREAKOUT,2025-08-04,55.34,-9.0,7.0,,-14.6,-2.0,,-15.5
BLCO,BREAKOUT,2024-09-16,19.96,-9.8,-22.0,-23.9,-14.2,-21.9,-42.1,-23.1
BLDR,BOTTOM,2019-06-10,15.43,30.8,64.4,36.0,26.3,53.6,28.7,-1.2
BLDR,BREAKOUT,2019-07-29,18.87,28.8,31.4,25.5,23.7,20.4,11.7,-0.3
BLDR,BOTTOM,2022-10-31,56.68,44.8,96.3,123.7,34.8,85.7,106.4,0.0
BLDR,BREAKOUT,2023-01-30,82.1,35.5,82.3,120.2,35.1,73.1,98.5,-2.5
BLFS,BOTTOM,2018-09-24,17.5,-30.4,2.2,-8.2,-16.1,4.1,-11.9,-45.7
BLFS,BREAKOUT,2020-08-03,21.02,60.9,96.7,131.7,55.9,79.9,97.5,-11.9
BLFS,BOTTOM,2023-03-13,21.52,9.8,-39.9,-19.5,-3.3,-54.4,-52.1,-49.8
BLFS,BOTTOM,2024-04-29,18.03,25.6,33.5,40.2,21.1,21.1,27.9,0.0
BLFS,BREAKOUT,2025-10-20,28.79,-13.6,-25.7,,-15.7,-31.8,,-36.2
BLFS,BREAKOUT,2026-07-13,29.15,,,,,,,
BLKB,BOTTOM,2019-07-08,85.12,9.7,-7.7,-32.4,10.7,-17.0,-40.2,-8.1
BLKB,BOTTOM,2020-09-14,56.5,-0.7,25.4,23.2,-12.9,6.8,-12.2,-12.7
BLKB,BREAKOUT,2023-03-27,69.3,2.7,1.5,7.0,-6.0,-3.7,-22.6,-3.6
BLKB,BOTTOM,2025-09-01,66.6,-4.4,-27.7,,-10.6,-32.2,,-28.7
BLKB,BOTTOM,2025-12-01,63.69,-24.4,-55.6,,-22.7,-63.7,,-55.6
BLMN,BREAKOUT,2019-11-04,19.29,-12.0,-51.0,-36.7,-20.0,-46.7,-52.3,-78.9
BLMN,BOTTOM,2020-10-05,14.62,19.3,62.3,38.3,8.9,42.8,10.3,-19.3
BLTE,BOTTOM,2025-08-04,69.88,62.0,168.8,,56.4,159.8,,-9.8
BLTE,BREAKOUT,2025-10-13,87.71,76.8,88.6,,72.4,81.1,,0.0
BLX,BREAKOUT,2017-09-25,17.14,-7.4,-0.6,-24.8,-14.1,-6.3,-42.6,-7.4
BLX,BOTTOM,2019-05-20,13.3,-5.9,15.5,-40.2,-7.2,4.5,-46.8,-9.2
BLX,BREAKOUT,2019-11-04,14.99,-7.6,-48.6,-36.1,-15.7,-44.3,-51.6,-62.2
BLZE,BOTTOM,2023-10-09,5.18,39.8,83.2,36.3,28.9,64.0,0.2,-4.6
BLZE,BOTTOM,2024-12-23,6.23,-20.2,-12.2,-22.3,-13.9,-16.2,-39.7,-27.6
BLZE,BREAKOUT,2025-08-11,7.68,-35.8,-44.1,,-40.5,-50.7,,-46.6
BLZE,BOTTOM,2025-12-01,4.99,-24.0,55.5,,-22.4,47.3,,-31.9
BLZE,BREAKOUT,2026-06-22,14.56,,,,,,,-9.2
BMA,BOTTOM,2019-03-11,33.75,39.9,-47.5,-54.6,37.0,-55.0,-51.7,-50.4
BMA,BREAKOUT,2019-06-24,52.29,-64.2,-50.1,-73.0,-65.5,-61.3,-77.5,-68.9
BMA,BOTTOM,2020-01-27,22.01,-50.3,-30.6,-56.6,-38.8,-33.2,-73.7,-52.7
BMA,BOTTOM,2021-07-12,10.12,22.6,4.1,-23.0,18.9,-4.4,-13.6,-4.3
BMA,BREAKOUT,2021-09-06,13.13,-22.3,-15.1,-2.7,-28.3,-10.0,4.8,-27.7
BMA,BREAKOUT,2026-01-26,98.42,-31.4,,,-35.8,,,-34.3
BMA,BOTTOM,2026-04-20,72.66,,,,,,,-7.1
BMI,BREAKOUT,2018-07-16,48.99,-8.0,0.3,1.9,-7.2,4.1,-6.5,-9.3
BMI,BREAKOUT,2020-10-05,67.38,49.0,35.8,50.3,38.6,16.3,22.3,0.0
BMI,BREAKOUT,2022-10-24,108.56,0.4,18.9,24.3,-4.4,11.1,17.1,-3.2
BMI,BREAKOUT,2024-04-15,173.61,7.9,17.8,14.8,-3.3,-1.0,7.1,0.0
BMI,BOTTOM,2025-10-27,178.96,-18.6,-32.1,,-20.3,-38.3,,-35.7
BMO,BREAKOUT,2018-09-17,61.0,-22.8,-8.7,-8.8,-5.7,-5.3,-13.0,-22.8
BMO,BOTTOM,2020-06-15,43.72,10.6,39.1,91.5,3.0,18.5,55.0,-7.6
BMO,BOTTOM,2020-09-28,46.25,32.5,58.7,80.7,20.1,37.8,48.8,0.0
BMO,BREAKOUT,2020-11-30,61.9,12.4,40.9,45.1,8.2,25.8,20.8,-2.2
BMRN,BREAKOUT,2018-06-11,97.6,1.9,-4.6,-17.2,-3.1,1.0,-23.1,-5.0
BMRN,BOTTOM,2020-10-12,79.25,4.7,0.2,-4.2,-3.9,-20.9,-34.4,-6.1
BMRN,BOTTOM,2021-08-02,78.13,7.4,13.4,22.6,1.2,11.4,27.9,-5.6
BMRN,BREAKOUT,2021-11-15,91.47,-7.2,-12.8,-3.5,-0.2,3.5,10.8,-16.9
BMRN,BREAKOUT,2022-08-01,95.82,-13.9,17.1,-7.6,-5.3,16.5,-17.4,-14.3
BMRN,BOTTOM,2025-07-28,58.14,-7.9,-2.8,,-17.9,-14.7,,-11.5
BMRN,BOTTOM,2026-01-19,56.21,-5.4,,,-9.3,,,-7.8
BMY,BREAKOUT,2019-10-14,40.96,26.7,16.0,19.0,14.8,18.8,0.2,-8.1
BMY,BREAKOUT,2021-01-11,53.4,-0.9,2.7,0.8,-12.3,-12.9,-24.6,-9.8
BMY,BREAKOUT,2022-02-21,57.01,11.5,5.0,5.1,16.3,11.7,13.1,0.0
BMY,BREAKOUT,2026-02-02,60.67,-8.5,,,-15.6,,,-12.0
BN,BOTTOM,2020-06-22,16.46,0.3,26.6,62.5,-9.7,2.6,18.2,-8.1
BN,BOTTOM,2023-03-13,18.66,17.5,26.4,44.4,4.3,11.9,11.8,0.0
BN,BREAKOUT,2023-12-11,25.25,6.7,6.8,53.3,-2.2,-9.2,23.3,0.0
BNAI,BOTTOM,2025-11-10,4.11,409.0,443.6,,407.2,432.9,,-70.8
BNAI,BREAKOUT,2026-01-19,16.48,82.2,,,78.3,,,-29.5
BNL,BOTTOM,2023-01-30,13.99,-6.7,-5.0,-2.6,-7.1,-14.2,-24.3,-13.1
BNL,BREAKOUT,2024-07-08,14.75,9.5,-6.6,2.1,5.7,-10.9,-10.7,-6.6
BNL,BREAKOUT,2025-08-18,17.13,2.0,6.5,,-0.4,-1.0,,-2.9
BNS,BREAKOUT,2019-09-23,40.43,-1.4,-31.1,-25.2,-11.2,-17.8,-38.6,-38.0
BNS,BOTTOM,2023-03-20,40.72,1.4,0.9,11.6,-8.5,-8.7,-22.0,-2.0
BNS,BREAKOUT,2024-03-04,45.35,-4.9,4.0,2.5,-9.6,-2.2,-11.5,-8.6
BNS,BREAKOUT,2025-06-30,54.84,17.9,34.7,54.3,10.6,24.8,33.9,-1.4
BNTX,BOTTOM,2021-01-11,100.26,49.2,127.8,92.9,37.7,112.3,67.6,-5.7
BNTX,BOTTOM,2023-01-16,142.79,-17.2,-24.0,-31.2,-21.7,-39.0,-54.9,-26.3
BNTX,BREAKOUT,2024-09-09,123.4,-2.4,-19.4,-21.6,-10.3,-20.2,-40.0,-19.4
BNY,BOTTOM,2020-06-15,33.11,-9.0,5.8,26.8,-16.6,-14.8,-9.6,-14.1
BNY,BOTTOM,2023-04-24,39.38,6.6,-0.3,39.3,-3.7,0.2,15.3,-5.7
BNY,BREAKOUT,2023-12-11,48.67,6.2,14.1,57.1,-2.8,-1.9,27.2,-0.3
BOH,BOTTOM,2023-11-20,49.39,10.8,4.1,51.9,-1.2,-13.0,19.3,0.0
BOH,BREAKOUT,2024-10-28,67.62,3.9,-3.8,-6.7,-1.9,-3.7,-27.6,-13.8
BOH,BREAKOUT,2026-01-26,73.44,8.1,,,3.7,,,-4.8
BOKF,BOTTOM,2020-06-15,51.79,-11.2,14.9,43.3,-18.7,-5.7,6.8,-16.0
BOKF,BREAKOUT,2021-10-18,90.79,-0.5,-12.4,-3.6,2.5,-7.0,12.6,-12.4
BOKF,BREAKOUT,2024-03-25,87.67,0.2,14.8,15.1,-4.2,4.8,7.5,-5.6
BOOT,BREAKOUT,2017-12-04,15.3,22.5,53.5,32.4,16.9,47.8,31.3,-1.9
BOOT,BREAKOUT,2019-04-01,30.91,13.2,13.5,-65.4,9.3,10.6,-53.1,-15.5
BOOT,BREAKOUT,2021-01-04,48.59,41.5,70.9,150.7,33.2,55.9,126.8,0.0
BOOT,BOTTOM,2023-03-06,74.5,-2.2,14.8,19.8,-14.1,-1.6,-14.8,-13.1
BOOT,BREAKOUT,2024-04-01,100.85,27.1,64.4,-3.0,19.8,53.2,-1.7,-1.7
BOX,BOTTOM,2019-12-30,16.94,-14.8,22.1,6.6,7.8,24.2,-11.6,-35.5
BOX,BOTTOM,2020-09-14,17.85,6.2,26.4,28.4,-6.0,7.8,-7.0,-13.2
BOX,BREAKOUT,2021-03-08,22.93,9.0,-0.4,10.2,1.0,-14.2,2.1,-7.7
BOX,BREAKOUT,2022-02-28,27.36,-0.4,-6.3,4.3,4.3,2.3,9.2,-12.8
BPOP,BREAKOUT,2019-12-09,48.08,-37.2,-33.3,-6.4,-22.5,-30.2,-24.1,-54.3
BPOP,BOTTOM,2020-06-15,32.56,-0.6,44.7,92.7,-8.2,24.1,56.3,-9.0
BPOP,BREAKOUT,2021-01-04,51.04,20.8,27.2,57.5,12.5,12.2,33.6,-4.7
BR,BREAKOUT,2023-08-07,172.63,-2.2,10.3,19.9,-1.4,-3.0,-1.4,-7.6
BRBR,BREAKOUT,2020-12-07,24.12,7.9,17.7,2.8,-0.1,1.0,-27.5,-5.8
BRKR,BOTTOM,2020-09-07,39.63,33.8,52.2,122.8,23.8,33.2,87.4,-4.4
BRKR,BREAKOUT,2024-02-19,83.8,-8.7,-24.1,-39.8,-13.3,-35.5,-59.5,-27.1
BRKR,BOTTOM,2025-08-11,33.35,24.4,9.2,,19.6,2.6,,-8.0
BRKR,BOTTOM,2026-04-20,36.52,,,,,,,0.0
BRO,BREAKOUT,2019-04-22,30.01,15.2,14.0,10.7,11.7,10.3,12.3,-0.1
BRO,BOTTOM,2020-04-27,33.51,30.0,24.6,53.0,14.0,8.2,3.0,0.0
BRO,BREAKOUT,2023-06-26,67.4,1.6,3.7,30.8,4.8,-4.4,6.3,-2.3
BROS,BOTTOM,2023-04-24,31.15,-3.1,-20.5,-8.2,-13.4,-20.0,-32.2,-25.4
BROS,BREAKOUT,2024-03-11,33.94,12.3,0.2,84.1,5.9,-10.4,72.6,-19.6
BROS,BOTTOM,2024-04-22,28.59,33.0,24.3,121.7,25.5,9.6,111.9,-4.5
BRSL,BOTTOM,2020-10-19,6.99,73.8,61.5,186.3,62.6,40.1,153.4,-20.0
BRSL,BREAKOUT,2020-12-07,10.04,32.9,71.2,70.6,24.9,54.5,40.3,0.0
BRSL,BOTTOM,2021-04-05,11.32,40.6,69.7,40.9,34.4,62.6,30.7,-0.3
BRSP,BOTTOM,2019-09-02,6.87,7.1,-5.0,-52.6,1.0,-5.8,-69.8,-9.5
BRSP,BOTTOM,2023-03-06,4.07,7.3,17.1,23.2,-4.5,0.8,-11.4,-10.9
BRSP,BREAKOUT,2025-09-01,5.29,-0.5,1.6,,-6.7,-2.9,,-12.1
BRX,BOTTOM,2017-10-02,12.04,-2.4,-16.6,-8.5,-10.4,-19.6,-23.7,-22.5
BRZE,BOTTOM,2023-02-06,30.22,-1.7,37.4,97.2,-2.9,27.4,72.5,-4.4
BRZE,BOTTOM,2023-05-01,28.9,43.1,61.7,43.9,34.4,55.6,18.2,0.0
BRZE,BOTTOM,2026-01-12,23.03,-1.6,15.1,,-4.6,7.0,,-25.5
BRZE,BOTTOM,2026-06-15,20.06,,,,,,,0.0
BSAC,BOTTOM,2019-11-25,15.03,-16.3,-24.8,-13.2,-11.1,-22.7,-31.1,-35.1
BSAC,BREAKOUT,2023-04-24,16.56,10.2,-8.7,-1.0,-0.0,-8.2,-24.9,-10.6
BSAC,BREAKOUT,2024-07-08,18.88,-4.2,-12.9,20.8,-8.0,-17.2,8.0,-12.9
BSBR,BOTTOM,2017-11-20,5.47,29.2,4.5,24.9,23.1,-1.0,22.0,-4.9
BSBR,BREAKOUT,2018-01-22,7.04,-4.4,-16.2,18.6,2.2,-15.2,24.1,-35.0
BSBR,BREAKOUT,2018-12-31,7.89,-5.1,0.5,2.8,-19.9,-18.8,-27.4,-18.4
BSBR,BOTTOM,2021-01-18,5.13,-5.4,5.4,-12.3,-14.6,-10.2,-28.2,-9.6
BST,BOTTOM,2023-03-06,23.34,10.6,9.5,28.4,-1.2,-6.9,-6.3,-1.0
BSTZ,BOTTOM,2023-04-17,11.93,11.5,-8.2,9.7,1.4,-11.1,-12.2,-8.2
BSTZ,BREAKOUT,2024-02-05,13.91,0.8,3.7,31.3,-3.4,-3.4,9.9,-5.9
BSX,BREAKOUT,2021-04-19,42.73,3.3,4.9,2.7,-2.7,-4.5,-0.8,-2.8
BSX,BREAKOUT,2022-11-28,46.6,2.6,11.2,20.5,2.8,5.2,5.9,-2.1
BSY,BREAKOUT,2024-05-06,54.74,-12.7,-12.2,-15.6,-15.4,-27.8,-25.3,-17.0
BSY,BREAKOUT,2025-06-23,52.29,-0.4,-25.7,-42.6,-8.3,-38.6,-62.5,-25.7
BTDR,BOTTOM,2025-02-10,16.5,-7.9,-18.8,-38.9,-5.7,-25.0,-52.0,-53.8
BTDR,BOTTOM,2025-11-17,10.29,-24.4,42.4,,-29.3,28.6,,-29.3
BTI,BREAKOUT,2019-12-09,24.44,-11.3,-2.7,2.5,3.4,0.4,-15.2,-25.4
BTI,BREAKOUT,2021-03-15,25.86,0.9,-2.9,15.3,-5.9,-17.0,-0.3,-2.9
BTI,BREAKOUT,2022-01-03,27.77,11.9,7.6,12.4,15.6,23.6,27.8,0.0
BTI,BREAKOUT,2024-07-01,27.82,13.6,21.5,64.4,10.0,14.1,50.3,0.0
BTU,BOTTOM,2019-03-18,27.1,-17.3,-45.8,-88.3,-23.1,-53.6,-71.9,-45.8
BTU,BOTTOM,2019-06-03,22.07,-27.4,-58.3,-81.3,-31.5,-68.8,-94.6,-59.0
BTU,BREAKOUT,2021-05-03,4.9,141.2,127.3,338.1,136.0,115.6,339.4,0.0
BTU,BOTTOM,2022-05-23,24.04,10.5,20.2,-25.5,12.5,22.5,-28.4,-23.2
BTU,BREAKOUT,2025-09-29,31.75,-3.9,5.4,,-6.3,6.8,,-17.4
BTU,BOTTOM,2025-11-17,26.22,27.2,-6.4,,22.3,-20.1,,-10.3
BTX,BREAKOUT,2026-04-06,7.05,21.9,,,10.5,,,0.0
BUD,BREAKOUT,2019-07-22,91.07,-18.6,-21.8,-44.6,-18.9,-31.7,-53.0,-21.9
BUD,BOTTOM,2020-10-05,55.05,19.5,9.9,-6.9,9.1,-9.6,-34.9,-12.8
BUD,BREAKOUT,2025-05-05,66.29,-7.8,-5.9,20.5,-21.1,-25.5,-11.7,-15.1
BULL,BOTTOM,2025-07-14,16.89,-34.8,-51.7,-57.2,-41.0,-62.5,-76.9,-51.7
BURL,BREAKOUT,2017-11-13,104.73,17.4,32.3,54.4,10.9,26.2,46.4,-3.0
BURL,BOTTOM,2023-07-03,154.12,-19.9,23.3,52.9,-18.2,15.8,24.7,-24.5
BURL,BREAKOUT,2024-03-04,216.25,6.0,20.2,11.1,1.3,13.9,-2.9,-17.4
BURL,BREAKOUT,2025-11-17,296.51,6.3,9.4,,1.4,-4.3,,-14.9
BUSE,BREAKOUT,2017-09-25,22.45,-4.0,-4.1,1.5,-10.8,-9.8,-16.3,-5.8
BUSE,BOTTOM,2020-06-15,14.25,-6.1,21.6,41.4,-13.7,0.9,5.0,-13.0
BUSE,BREAKOUT,2023-12-11,21.97,-5.5,-7.4,11.9,-14.4,-23.4,-18.0,-8.0
BUSE,BREAKOUT,2024-07-08,23.44,0.1,-12.3,-1.9,-3.7,-16.7,-14.7,-12.3
BV,BOTTOM,2025-08-04,15.18,-22.1,-10.7,,-27.7,-19.7,,-22.1
BVN,BREAKOUT,2017-10-09,13.35,1.4,13.1,-3.8,-8.2,8.2,-14.0,-11.7
BVN,BREAKOUT,2023-09-11,8.15,45.5,104.0,58.2,39.2,88.1,30.2,-5.5
BVN,BOTTOM,2025-05-12,14.11,26.4,62.3,143.0,17.8,48.5,117.2,0.0
BVS,BOTTOM,2023-10-30,3.84,18.0,3.4,253.6,3.8,-15.1,220.5,-8.3
BVS,BOTTOM,2025-12-08,7.55,14.2,12.7,,16.7,3.3,,-4.5
BW,BREAKOUT,2021-11-08,9.83,-25.3,-35.6,-50.5,-19.9,-22.1,-37.0,-35.6
BW,BOTTOM,2024-02-19,1.08,9.3,16.7,6.5,4.7,5.3,-13.2,-14.1
BW,BOTTOM,2024-09-16,1.42,13.4,-38.3,130.3,9.0,-38.2,112.1,-38.3
BW,BREAKOUT,2025-09-08,2.78,114.0,278.1,,110.0,276.7,,0.0
BW,BOTTOM,2025-12-15,4.9,209.8,254.7,,214.2,244.4,,0.0
BWA,BOTTOM,2019-05-20,28.07,-13.0,21.2,-14.6,-14.2,10.2,-21.2,-13.0
BWA,BREAKOUT,2019-11-04,36.83,-27.2,-35.9,-19.8,-35.3,-31.6,-35.4,-55.3
BWA,BOTTOM,2024-08-12,31.78,6.0,-6.8,28.6,0.0,-17.5,11.1,-7.4
BWA,BREAKOUT,2025-07-28,37.03,15.0,27.4,,4.9,15.4,,0.0
BWIN,BREAKOUT,2021-08-09,35.05,16.6,-14.7,-10.0,11.5,-14.1,-7.1,-20.6
BWIN,BOTTOM,2022-11-07,28.88,3.2,-21.6,-31.3,0.3,-25.7,-43.6,-21.6
BWIN,BREAKOUT,2024-02-26,27.94,20.5,67.8,47.2,17.4,57.2,29.9,-4.4
BWLP,BREAKOUT,2019-09-02,1.45,7.8,47.0,16.4,1.7,46.2,-0.8,0.0
BWLP,BOTTOM,2022-02-28,2.77,55.0,18.8,83.8,59.7,27.4,88.8,0.0
BWLP,BREAKOUT,2022-05-16,3.7,17.9,22.6,16.4,9.1,20.1,7.2,-10.9
BWLP,BREAKOUT,2025-08-04,13.8,-8.9,11.9,,-14.5,2.9,,-17.5
BWLP,BOTTOM,2025-11-24,11.84,43.7,60.4,,43.0,49.0,,-3.9
BWXT,BREAKOUT,2025-06-09,137.3,22.1,27.1,40.9,11.6,12.3,15.2,-0.7
BX,BREAKOUT,2019-04-15,29.93,19.3,27.7,34.5,16.3,24.0,33.6,-1.1
BX,BREAKOUT,2023-09-04,103.47,0.8,13.7,25.3,-2.9,-2.1,2.3,-19.8
BXC,BREAKOUT,2018-01-08,11.27,216.5,235.6,129.3,220.7,234.1,134.3,0.0
BXC,BREAKOUT,2019-10-21,34.0,-60.5,-87.6,-31.1,-70.0,-82.5,-48.0,-89.0
BXC,BOTTOM,2020-10-19,23.42,63.2,109.1,110.8,51.9,87.7,77.9,-6.1
BXC,BOTTOM,2022-07-18,75.63,-13.8,7.1,28.0,-8.9,6.0,11.7,-18.6
BXC,BOTTOM,2023-05-08,77.74,6.9,3.0,32.6,-1.8,-4.8,4.2,-10.8
BXC,BOTTOM,2024-08-05,95.48,28.0,7.8,-24.4,15.5,-5.7,-45.5,-2.5
BXMT,BOTTOM,2021-02-01,16.2,14.2,18.8,17.2,5.0,3.9,-0.1,0.0
BXP,BREAKOUT,2022-01-03,98.54,-1.6,-27.7,-44.1,2.1,-11.7,-28.7,-27.7
BYD,BREAKOUT,2020-02-03,30.28,-43.3,-19.1,67.3,-31.8,-20.9,48.4,-64.6
BYD,BREAKOUT,2020-10-12,33.45,38.0,87.3,89.4,29.4,66.3,59.2,-9.4
BYD,BREAKOUT,2022-02-07,66.43,-18.6,-16.6,-4.6,-10.1,-14.3,1.2,-28.3
BYD,BREAKOUT,2024-10-21,68.24,9.0,-0.2,14.6,3.6,4.1,-3.7,-10.5
BZ,BOTTOM,2025-04-21,14.26,39.6,55.3,-4.5,23.6,31.6,-35.6,0.0
BZH,BOTTOM,2019-03-25,11.51,-16.5,27.4,-37.6,-20.7,21.8,-29.2,-21.1
BZH,BOTTOM,2022-01-31,16.99,-12.0,-11.4,-9.3,-4.0,-4.3,-2.7,-37.6
BZH,BOTTOM,2023-03-06,14.24,56.7,97.6,118.4,44.9,81.3,83.8,-0.2
BZH,BREAKOUT,2023-04-10,16.64,73.9,40.6,69.6,64.6,35.2,43.9,0.0
BZH,BOTTOM,2025-10-20,24.13,-2.2,-7.0,,-4.3,-13.0,,-22.7
C,BOTTOM,2020-06-15,42.86,-14.4,14.1,32.7,-21.9,-6.5,-3.8,-20.0
CAAP,BOTTOM,2019-07-08,8.28,-45.0,-27.5,-69.7,-44.0,-36.9,-77.4,-54.1
CAAP,BREAKOUT,2022-04-04,6.34,-11.8,14.2,63.6,1.0,32.5,70.6,-17.4
CAC,BREAKOUT,2019-04-29,34.95,-6.4,-2.3,-27.5,-6.4,-7.4,-25.7,-12.4
CAC,BREAKOUT,2019-12-16,35.72,-29.2,-28.2,-21.3,-0.9,-25.5,-38.6,-39.2
CAC,BOTTOM,2020-12-21,27.99,38.8,41.6,40.8,31.1,25.2,11.6,0.0
CAC,BREAKOUT,2024-07-15,34.84,12.6,19.3,17.0,5.8,9.8,1.2,-4.0
CAC,BREAKOUT,2025-12-08,44.07,1.5,18.6,,4.1,9.2,,-4.8
CACC,BOTTOM,2020-11-30,332.12,20.3,19.6,95.3,16.1,4.5,71.0,-2.1
CACC,BREAKOUT,2021-08-02,552.52,24.1,-5.7,-1.5,17.9,-7.8,3.7,-5.7
CACC,BOTTOM,2023-04-17,490.57,11.4,-15.3,9.2,1.3,-18.2,-12.7,-15.3
CACC,BREAKOUT,2024-01-29,582.42,-13.1,-17.6,-12.8,-16.8,-26.1,-36.1,-19.1
CACI,BREAKOUT,2017-09-18,136.55,-1.8,7.5,36.5,-9.6,3.1,17.3,-8.6
CACI,BREAKOUT,2019-04-29,204.81,3.2,9.7,22.8,3.2,4.6,24.6,-1.0
CACI,BREAKOUT,2021-04-12,260.45,1.4,8.2,13.0,-2.3,0.7,6.7,-3.3
CACI,BREAKOUT,2024-02-05,360.84,18.7,28.1,4.3,14.5,21.1,-17.2,0.0
CACI,BOTTOM,2025-07-07,481.18,6.1,24.5,1.1,1.1,12.5,-21.3,-4.2
CACI,BREAKOUT,2025-10-20,585.55,13.1,-11.8,,11.0,-17.8,,-11.8
CADL,BOTTOM,2024-09-09,7.01,-3.7,24.8,-31.7,-11.5,24.0,-50.1,-45.8
CADL,BREAKOUT,2025-02-17,11.63,-53.3,-48.8,-56.1,-50.1,-57.0,-72.4,-60.7
CADL,BOTTOM,2025-03-03,8.26,-26.9,-39.5,-40.2,-31.2,-52.5,-58.3,-44.7
CADL,BOTTOM,2025-08-18,5.95,-23.5,-14.2,,-25.9,-21.7,,-23.5
CADL,BREAKOUT,2026-05-04,8.35,,,,,,,-4.3
CAE,BOTTOM,2020-03-09,20.13,-11.3,-25.7,39.8,-24.9,-51.0,-9.3,-44.3
CAE,BOTTOM,2022-04-04,25.93,-4.8,-36.9,-10.1,8.0,-18.6,-3.1,-40.9
CAE,BOTTOM,2023-03-20,21.1,0.7,12.3,-4.0,-9.2,2.8,-37.6,-1.2
CAG,BREAKOUT,2019-12-16,26.09,-25.2,-3.1,5.7,3.0,-0.3,-11.5,-28.9
CAH,BREAKOUT,2019-11-11,47.27,7.0,-11.2,6.2,-1.8,-4.1,-10.9,-22.2
CAH,BREAKOUT,2022-04-04,57.06,-13.7,12.1,31.8,-0.9,30.3,38.9,-18.1
CAH,BREAKOUT,2024-10-28,113.68,6.9,29.8,66.6,1.2,29.9,45.7,0.0
CAKE,BOTTOM,2019-12-09,35.14,-40.3,-38.5,-5.6,-25.6,-35.4,-23.3,-60.6
CAKE,BREAKOUT,2021-01-18,37.79,36.6,22.3,-16.1,27.4,6.6,-32.1,0.0
CAKE,BOTTOM,2022-12-19,29.3,6.4,2.5,15.1,2.6,-11.5,-10.5,-2.0
CAKE,BREAKOUT,2024-03-04,35.1,5.9,3.0,36.6,1.2,-3.3,22.6,-9.4
CAKE,BREAKOUT,2026-05-25,66.04,,,,,,,0.0
CAL,BOTTOM,2020-10-19,8.91,74.4,148.9,142.8,63.2,127.5,109.9,-20.5
CAL,BREAKOUT,2022-05-23,27.92,-9.5,-16.8,-37.5,-7.5,-14.5,-40.4,-17.8
CAL,BOTTOM,2026-07-13,11.85,,,,,,,
CALM,BREAKOUT,2017-11-13,34.86,-7.3,3.4,9.4,-13.7,-2.8,1.3,-11.3
CALM,BREAKOUT,2022-02-07,33.16,18.5,29.9,32.3,27.0,32.2,38.2,-0.3
CALM,BREAKOUT,2025-08-04,104.67,-16.4,-21.5,,-21.9,-30.5,,-30.5
CALX,BOTTOM,2022-10-17,61.08,-6.7,-21.4,-29.2,-13.0,-32.4,-43.5,-21.9
CALY,BOTTOM,2019-03-11,16.67,8.1,12.2,-41.5,5.3,4.6,-38.6,-12.0
CALY,BOTTOM,2019-06-03,15.68,14.1,33.9,10.8,10.0,23.4,-2.5,0.0
CALY,BOTTOM,2019-09-30,18.72,13.6,-48.5,4.3,3.5,-33.8,-11.3,-61.2
CALY,BREAKOUT,2020-11-30,22.84,25.2,54.6,11.2,21.1,39.5,-13.1,-0.3
CALY,BREAKOUT,2023-01-30,25.44,-12.2,-24.5,-46.9,-12.6,-33.7,-68.6,-35.1
CALY,BOTTOM,2024-09-02,10.2,-21.4,-38.1,-9.5,-34.2,-45.4,-30.8,-38.1
CAMT,BREAKOUT,2018-01-15,6.68,1.0,16.9,1.4,5.5,16.3,4.6,-11.8
CAMT,BREAKOUT,2019-04-08,10.25,-21.4,-4.0,-9.1,-25.5,-7.1,-7.0,-24.2
CAMT,BOTTOM,2019-07-01,8.19,16.6,33.0,51.0,17.5,24.0,44.3,-1.5
CAMT,BREAKOUT,2019-10-21,10.9,18.5,-11.0,62.2,9.0,-5.8,45.3,-36.5
CAMT,BREAKOUT,2023-06-05,31.05,81.9,101.6,252.4,77.9,93.7,226.4,0.0
CAPR,BOTTOM,2017-11-06,24.7,-30.0,-47.0,-60.3,-31.8,-53.6,-69.9,-48.2
CAPR,BOTTOM,2019-05-06,4.2,-29.8,-47.6,67.9,-31.5,-55.9,64.3,-47.6
CAPR,BREAKOUT,2020-04-27,7.27,9.5,-46.9,-36.3,-6.5,-63.3,-86.2,-46.9
CAPR,BOTTOM,2020-08-17,5.95,-27.7,26.1,-35.0,-32.8,10.2,-67.5,-42.4
CAPR,BREAKOUT,2022-03-21,5.68,-20.6,0.7,-27.5,-7.1,18.7,-16.4,-46.1
CAPR,BOTTOM,2022-11-14,4.04,8.7,11.4,-24.8,5.4,4.8,-40.4,-12.9
CAPR,BREAKOUT,2023-08-14,6.91,-56.0,-47.8,-42.7,-59.6,-63.1,-71.5,-60.6
CAPR,BOTTOM,2023-10-02,2.9,87.2,131.7,646.6,77.9,110.2,611.4,-6.2
CAPR,BOTTOM,2024-05-06,5.3,-29.1,271.7,19.6,-31.7,256.1,9.9,-29.1
CAPR,BOTTOM,2025-01-20,14.8,-12.0,-52.3,56.8,-2.8,-57.7,42.1,-57.2
CAPR,BREAKOUT,2025-12-01,26.89,3.8,-0.7,,5.4,-8.8,,-18.6
CAR,BREAKOUT,2017-10-09,39.2,19.1,18.1,-24.0,9.6,13.2,-34.2,-18.9
CAR,BREAKOUT,2020-02-10,39.24,-71.2,-24.4,8.3,-56.5,-25.2,-10.2,-74.4
CAR,BOTTOM,2020-06-15,24.3,21.0,41.7,216.1,13.4,21.1,179.7,-19.5
CAR,BOTTOM,2020-10-05,29.99,18.3,144.0,337.8,7.9,124.5,309.7,-2.0
CAR,BREAKOUT,2021-02-15,46.32,70.5,84.2,229.1,63.7,69.8,216.3,0.0
CAR,BOTTOM,2023-01-30,204.69,-22.3,4.5,-21.0,-22.7,-4.6,-42.7,-26.2
CAR,BREAKOUT,2025-05-19,119.71,29.9,9.8,39.5,18.1,-4.7,9.3,0.0
CAR,BOTTOM,2025-09-22,161.27,-18.2,-7.9,,-22.8,-4.3,,-40.2
CAR,BREAKOUT,2026-04-06,299.94,-47.9,,,-59.3,,,-51.4
CAR,BOTTOM,2026-06-15,188.43,,,,,,,-17.1
CARE,BOTTOM,2020-07-13,7.18,-1.5,66.7,53.3,-9.9,49.0,17.2,-11.0
CARE,BREAKOUT,2022-10-24,17.68,-9.4,-27.6,-38.2,-14.1,-35.4,-45.4,-27.6
CARE,BREAKOUT,2025-09-08,19.77,0.7,0.5,,-3.3,-0.8,,-14.0
CARG,BOTTOM,2020-09-07,22.99,23.7,9.4,37.1,13.6,-9.5,1.8,-13.3
CARG,BOTTOM,2021-04-26,24.68,15.9,35.9,32.4,10.5,25.1,32.4,-2.0
CARG,BOTTOM,2023-08-21,17.91,19.0,33.1,60.4,15.2,16.8,30.8,-5.1
CARG,BOTTOM,2025-08-11,32.39,9.7,-15.6,,4.9,-22.2,,-15.6
CARR,BREAKOUT,2023-02-27,45.66,-8.7,22.3,20.0,-15.0,9.8,-8.8,-14.1
CARR,BREAKOUT,2024-04-22,58.72,11.0,22.9,0.5,3.6,8.3,-9.2,0.0
CARR,BOTTOM,2026-05-04,66.83,,,,,,,-5.5
CARS,BOTTOM,2020-09-28,8.61,31.2,52.6,49.0,18.8,31.7,17.1,-14.2
CARS,BREAKOUT,2021-01-18,13.6,-2.1,-9.6,9.5,-11.3,-25.3,-6.4,-14.6
CARS,BOTTOM,2022-12-12,13.9,23.7,36.7,36.1,21.5,21.2,11.8,-6.8
CARS,BOTTOM,2025-10-06,10.18,23.5,-4.2,,16.9,-8.9,,-25.5
CASH,BREAKOUT,2019-07-29,29.35,5.1,23.3,-37.9,-0.0,12.3,-51.7,-3.2
CASH,BREAKOUT,2021-02-01,41.32,19.2,18.6,38.7,10.0,3.8,21.5,0.0
CASH,BOTTOM,2022-12-26,42.57,-3.5,7.9,23.4,-11.0,-8.9,-2.7,-3.5
CASH,BREAKOUT,2026-01-19,85.62,2.8,,,-1.1,,,-6.7
CASY,BREAKOUT,2017-12-04,117.76,-11.0,-22.2,-1.7,-16.6,-28.0,-2.8,-22.5
CASY,BREAKOUT,2018-09-17,122.51,-3.1,-3.5,28.7,13.9,-0.1,24.6,-5.5
CASY,BREAKOUT,2020-09-28,175.0,-1.2,20.1,4.2,-13.6,-0.8,-27.7,-6.7
CAT,BREAKOUT,2019-10-28,127.0,-8.5,-22.0,12.0,-14.1,-15.4,3.2,-33.4
CAT,BREAKOUT,2020-08-31,133.36,23.7,50.3,45.0,15.3,37.4,10.8,-1.5
CAT,BREAKOUT,2022-10-31,215.57,9.3,-4.6,7.8,-0.8,-15.2,-9.5,-7.8
CAT,BREAKOUT,2023-07-31,265.52,-12.5,15.1,18.1,-10.1,3.6,-2.8,-13.3
CATY,BREAKOUT,2017-09-25,30.26,5.5,0.6,5.4,-1.3,-5.1,-12.4,-2.2
CATY,BREAKOUT,2021-11-01,38.54,5.5,-9.3,2.5,9.4,2.3,21.0,-9.3
CATY,BREAKOUT,2023-12-11,41.03,-13.8,-19.0,18.1,-22.7,-35.0,-11.9,-20.1
CATY,BREAKOUT,2024-07-22,42.73,-0.1,4.9,6.1,-6.8,-7.4,-12.3,-10.4
CB,BREAKOUT,2019-03-25,124.67,5.7,15.7,-20.9,1.4,10.1,-12.4,-1.8
CB,BOTTOM,2020-06-15,117.13,-7.6,20.5,24.5,-15.2,-0.1,-11.9,-10.4
CB,BREAKOUT,2021-02-01,150.55,9.0,8.6,29.4,-0.2,-6.2,12.1,-3.1
CBAN,BOTTOM,2023-09-11,9.28,27.0,8.5,57.9,20.8,-7.3,29.8,-5.0
CBAN,BREAKOUT,2023-12-18,12.24,-14.4,-12.2,26.7,-24.8,-27.9,0.3,-19.2
CBAN,BREAKOUT,2024-07-08,12.55,16.4,12.2,35.3,12.6,7.9,22.5,-0.2
CBIO,BREAKOUT,2018-11-12,-1314.5,-0.5,3.7,-47.9,-2.4,-1.8,-64.1,8.8
CBIO,BREAKOUT,2018-11-19,-1320.0,-2.3,-2.3,-58.8,-9.0,-10.9,-79.3,8.3
CBIO,BREAKOUT,2018-11-26,-1263.9,10.3,3.0,-48.8,7.9,2.2,-65.1,13.1
CBIO,BREAKOUT,2018-12-03,-1160.5,6.5,10.8,-43.2,1.8,0.5,-65.1,23.2
CBIO,BREAKOUT,2018-12-10,-1136.3,17.1,8.3,-42.3,8.0,-3.9,-66.6,25.8
CBIO,BREAKOUT,2018-12-17,-998.8,42.8,22.5,-39.4,26.3,-0.8,-75.2,43.2
CBIO,BREAKOUT,2018-12-24,-1003.2,36.6,30.7,-37.5,22.1,11.3,-70.3,42.5
CBIO,BREAKOUT,2019-07-29,-1004.3,-39.1,-53.1,-56.8,-44.2,-64.1,-70.7,0.0
CBIO,BREAKOUT,2019-08-05,-348.7,96.8,37.9,23.3,90.4,22.9,6.3,96.8
CBIO,BREAKOUT,2019-08-19,-352.0,54.4,28.1,11.6,44.7,9.9,-10.0,95.0
CBIO,BREAKOUT,2020-03-09,-279.4,18.1,32.7,30.3,4.5,7.4,-18.7,83.1
CBIO,BREAKOUT,2020-03-16,-228.8,43.3,73.6,65.9,7.8,27.8,-7.1,123.6
CBIO,BREAKOUT,2021-04-19,-277.2,-16.3,-22.2,-63.9,-22.2,-31.7,-67.5,9.1
CBIO,BREAKOUT,2021-04-26,-264.0,-15.8,-20.4,-70.0,-21.3,-31.2,-70.0,14.6
CBIO,BREAKOUT,2021-05-03,-250.8,-9.6,-13.2,-71.1,-14.8,-24.9,-69.8,20.6
CBIO,BREAKOUT,2021-06-28,-250.8,-8.3,-36.8,-75.4,-8.8,-47.1,-64.6,2.6
CBIO,BREAKOUT,2021-07-05,-246.4,-14.7,-37.9,-71.0,-15.6,-45.7,-61.5,4.5
CBIO,BREAKOUT,2021-07-12,-223.3,-2.5,-38.9,-69.0,-6.2,-47.4,-59.5,15.3
CBIO,BREAKOUT,2021-07-26,-222.2,-5.4,-43.1,-67.3,-10.5,-44.5,-62.6,15.8
CBIO,BREAKOUT,2021-08-09,-217.8,7.6,-44.9,-55.6,2.5,-44.4,-52.7,18.2
CBIO,BREAKOUT,2021-08-16,-203.5,1.6,-40.0,-54.1,-4.5,-38.6,-50.6,26.5
CBIO,BREAKOUT,2021-11-22,-196.9,-33.5,-64.8,-195.4,-29.2,-55.9,-184.4,0.0
CBIO,BREAKOUT,2021-11-29,-168.3,-30.1,-53.6,-224.7,-25.7,-44.7,-215.8,5.2
CBIO,BREAKOUT,2021-12-27,-158.4,-20.1,-61.1,-275.3,-15.8,-42.0,-257.2,0.0
CBIO,BREAKOUT,2022-01-03,-152.9,-23.7,-53.2,-269.7,-20.1,-37.2,-254.3,0.0
CBIO,BREAKOUT,2022-01-10,-136.4,-19.4,-49.2,-321.4,-13.9,-32.7,-308.5,0.0
CBIO,BREAKOUT,2022-01-17,-122.1,-18.0,-35.1,-309.7,-15.6,-26.0,-301.5,10.8
CBIO,BREAKOUT,2022-01-31,-118.8,-38.9,-16.7,-360.1,-30.8,-9.5,-353.5,13.9
CBIO,BREAKOUT,2022-02-07,-119.9,-48.6,-19.3,-390.2,-40.1,-17.0,-384.4,12.8
CBIO,BREAKOUT,2022-02-28,-117.7,-33.6,-30.8,-232.5,-28.9,-22.3,-227.6,15.0
CBIO,BREAKOUT,2022-04-04,-116.6,-38.7,-150.3,-208.9,-25.9,-132.1,-201.9,0.0
CBIO,BREAKOUT,2022-04-11,-110.0,-37.0,-151.7,-233.6,-25.4,-134.0,-229.4,0.0
CBIO,BREAKOUT,2022-04-18,-100.1,-20.9,-155.9,-243.9,-14.0,-144.5,-242.2,0.0
CBIO,BREAKOUT,2022-04-25,-79.2,-8.3,-182.2,-276.8,-8.8,-177.4,-279.4,25.0
CBIO,BREAKOUT,2022-05-02,-72.6,36.4,-184.6,-310.7,35.4,-176.9,-312.8,36.4
CBIO,BREAKOUT,2022-05-09,-61.6,57.1,-284.5,-411.7,50.4,-284.6,-415.9,60.7
CBIO,BREAKOUT,2022-06-27,-61.6,-181.8,-550.9,-382.5,-175.9,-552.1,-400.6,60.7
CBIO,BREAKOUT,2022-09-19,51.33,305.4,170.8,174.7,300.8,162.3,155.9,-1.8
CBIO,BOTTOM,2025-01-20,27.0,-3.7,-50.8,-52.6,5.5,-56.2,-67.3,-52.0
CBL,BREAKOUT,2025-08-18,30.0,5.6,23.8,,3.2,16.3,,-10.2
CBLL,BOTTOM,2026-04-06,18.15,7.8,,,-3.6,,,-10.2
CBOE,BOTTOM,2018-11-05,98.58,-12.8,-4.4,6.8,-10.8,-9.2,-6.7,-15.8
CBOE,BREAKOUT,2021-05-03,101.33,14.1,24.2,4.5,8.9,12.5,5.8,0.0
CBRE,BOTTOM,2020-03-16,34.26,36.4,41.5,124.0,0.9,-4.2,51.0,0.0
CBRE,BOTTOM,2020-06-15,46.74,3.7,35.4,84.8,-3.8,14.8,48.3,-7.9
CBRE,BREAKOUT,2020-11-30,65.74,17.6,33.8,49.9,13.4,18.7,25.6,-7.2
CBRE,BREAKOUT,2023-12-11,91.12,2.3,-4.6,50.7,-6.7,-20.6,20.7,-6.8
CBRL,BOTTOM,2020-10-19,101.15,11.9,36.5,5.9,0.7,15.1,-26.9,-8.9
CBRL,BOTTOM,2022-12-19,83.94,17.3,-4.7,-13.0,13.6,-18.6,-38.6,-4.7
CBSH,BREAKOUT,2020-12-21,49.56,18.4,15.0,9.3,10.7,-1.4,-19.9,-1.0
CBSH,BREAKOUT,2022-11-21,60.3,-10.6,-34.6,-31.4,-9.6,-39.9,-46.4,-34.6
CBT,BOTTOM,2019-05-20,34.5,-7.4,16.4,-14.1,-8.6,5.4,-20.8,-7.4
CBT,BREAKOUT,2019-11-04,42.73,-16.0,-34.2,-15.0,-24.0,-29.9,-30.6,-57.3
CBT,BOTTOM,2020-06-15,32.43,7.2,21.2,56.6,-0.3,0.6,20.1,-5.1
CBT,BREAKOUT,2022-02-07,63.18,-1.9,11.0,8.9,6.6,13.3,14.7,-10.5
CBT,BREAKOUT,2023-02-13,74.26,-10.9,-11.3,4.4,-14.0,-19.3,-20.1,-19.2
CBT,BREAKOUT,2023-12-18,81.14,6.1,12.8,9.9,-4.3,-2.9,-16.5,-15.1
CBT,BREAKOUT,2026-05-04,85.22,,,,,,,-5.5
CBU,BREAKOUT,2026-02-02,65.38,-2.9,,,-10.0,,,-14.5
CBZ,BREAKOUT,2019-09-16,24.58,14.3,-29.7,-7.2,6.3,-7.3,-20.2,-29.7
CBZ,BOTTOM,2020-06-15,23.38,-2.5,11.5,40.2,-10.0,-9.1,3.8,-3.8
CC,BREAKOUT,2022-05-02,34.65,-13.3,-23.5,-24.2,-14.3,-15.7,-26.2,-37.6
CC,BOTTOM,2022-07-25,30.99,-18.9,0.1,6.0,-13.7,0.7,-6.8,-30.3
CC,BOTTOM,2023-04-03,25.36,31.1,-6.6,-1.8,23.5,-12.3,-30.3,-6.6
CC,BOTTOM,2024-12-30,15.94,-35.3,-20.6,-23.8,-20.9,-26.9,-40.6,-37.8
CC,BREAKOUT,2026-02-02,18.16,26.4,,,19.3,,,-10.0
CCB,BOTTOM,2020-08-10,14.41,25.9,60.1,104.4,19.1,42.6,70.1,-14.3
CCB,BREAKOUT,2020-11-09,18.14,27.2,70.3,142.4,17.1,53.1,110.1,0.0
CCC,BOTTOM,2022-11-14,8.75,4.7,12.7,29.4,1.4,6.1,13.8,-4.0
CCC,BREAKOUT,2023-05-22,10.48,-0.1,9.8,14.3,-5.2,0.6,-13.6,-0.1
CCEP,BOTTOM,2020-10-19,32.43,25.8,48.7,38.9,14.6,27.3,6.0,-12.8
CCEP,BREAKOUT,2026-02-09,98.46,-9.2,,,-18.0,,,-9.2
CCI,BREAKOUT,2021-03-22,135.36,14.2,6.5,5.6,6.1,-6.3,-10.3,0.0
CCI,BOTTOM,2024-03-18,91.24,-4.6,15.5,10.1,-9.4,5.8,0.5,-9.0
CCI,BREAKOUT,2024-07-29,103.89,-6.3,-20.2,-1.8,-13.7,-33.9,-20.0,-24.6
CCJ,BOTTOM,2018-03-19,8.71,26.4,10.6,32.3,19.5,-3.6,22.0,0.0
CCJ,BOTTOM,2019-12-09,8.95,-26.2,11.8,47.0,-11.5,14.9,29.4,-30.9
CCJ,BOTTOM,2022-05-16,23.23,-3.9,1.6,15.2,-12.7,-0.9,5.9,-11.9
CCJ,BOTTOM,2022-10-10,21.08,20.2,23.5,71.7,8.3,7.2,49.1,0.0
CCJ,BREAKOUT,2025-06-09,66.53,17.2,37.5,51.8,6.7,22.7,26.1,0.0
CCK,BREAKOUT,2019-02-04,49.81,14.4,23.5,48.9,7.4,14.7,23.8,0.0
CCK,BREAKOUT,2020-10-05,77.06,22.0,28.7,27.7,11.7,9.2,-0.3,0.0
CCK,BREAKOUT,2025-05-12,98.26,1.4,-1.8,-2.2,-7.2,-15.5,-28.0,-8.5
CCK,BREAKOUT,2026-02-02,112.11,-10.1,,,-17.2,,,-16.7
CCL,BOTTOM,2023-01-23,10.9,-16.4,67.8,43.6,-19.3,54.3,21.7,-22.4
CCOI,BREAKOUT,2018-06-04,35.01,7.3,-6.0,21.7,3.4,-1.6,16.3,-6.0
CCOI,BREAKOUT,2019-04-01,39.12,11.5,0.5,60.7,7.6,-2.5,72.9,-1.1
CCOI,BREAKOUT,2023-01-16,56.41,1.0,-5.2,18.1,-3.5,-20.3,-5.6,-10.5
CCOI,BREAKOUT,2024-09-23,70.68,0.2,-17.4,-44.3,-4.2,-15.2,-61.5,-17.4
CCRN,BOTTOM,2022-04-18,20.48,23.3,77.9,15.6,30.2,89.3,17.2,-23.3
CCRN,BREAKOUT,2022-09-12,29.62,-8.2,-24.6,-18.6,-8.1,-26.6,-35.4,-24.6
CCS,BOTTOM,2019-06-03,25.89,-1.2,1.3,13.5,-5.3,-9.2,0.3,-5.7
CCS,BREAKOUT,2019-09-09,27.68,-4.4,-19.7,31.6,-10.3,-10.0,18.5,-19.7
CCS,BREAKOUT,2021-12-06,79.25,-28.6,-40.6,-39.6,-18.2,-24.0,-24.4,-44.0
CCS,BREAKOUT,2026-02-09,74.04,-35.0,,,-43.7,,,-35.0
CCS,BOTTOM,2026-03-16,55.32,14.3,,,-1.1,,,-13.0
CCSI,BOTTOM,2022-12-12,52.61,-39.6,-39.8,-49.4,-41.7,-55.3,-73.7,-40.4
CCSI,BOTTOM,2024-09-30,22.17,11.1,-7.5,25.4,7.4,3.7,7.2,-8.8
CDE,BREAKOUT,2020-08-03,8.58,3.5,9.9,-19.0,-1.6,-6.9,-53.2,-17.7
CDE,BOTTOM,2020-10-26,7.06,28.0,14.3,-10.5,14.2,-14.5,-53.1,0.0
CDE,BREAKOUT,2024-04-01,4.86,29.4,31.6,-0.2,22.0,20.4,1.1,-7.6
CDE,BREAKOUT,2025-05-05,7.83,48.6,87.4,136.7,35.4,67.8,104.5,-4.8
CDNA,BREAKOUT,2017-10-02,5.62,28.8,51.8,323.0,20.8,48.7,307.7,-7.8
CDNA,BOTTOM,2018-02-19,5.18,123.2,309.3,471.4,123.7,303.7,467.9,0.0
CDNA,BOTTOM,2024-03-18,9.54,47.4,210.6,102.5,42.6,200.9,92.9,-20.8
CDNS,BREAKOUT,2018-08-20,46.82,-9.0,20.8,42.7,-1.0,22.7,41.7,-14.6
CDNS,BREAKOUT,2020-02-10,78.76,4.2,37.1,85.0,18.9,36.3,66.5,-30.1
CDNS,BREAKOUT,2023-02-13,194.44,11.5,13.4,49.3,8.3,5.4,24.8,-0.4
CDRE,BREAKOUT,2023-11-06,29.99,14.7,2.2,14.5,0.5,-16.9,-23.1,0.0
CDRE,BREAKOUT,2024-09-30,38.27,-16.3,-27.4,-5.0,-19.9,-16.2,-23.2,-27.4
CDRE,BREAKOUT,2025-10-13,40.36,7.4,-22.7,,3.0,-30.2,,-26.0
CE,BREAKOUT,2019-09-02,104.83,6.6,-21.0,-7.8,0.5,-21.8,-25.0,-21.0
CE,BOTTOM,2020-06-15,78.45,32.1,53.7,72.6,24.6,33.1,36.1,-4.5
CE,BREAKOUT,2020-11-09,117.53,3.9,31.5,35.0,-6.2,14.3,2.6,-4.9
CE,BOTTOM,2023-04-24,102.6,19.3,8.1,48.5,9.0,8.6,24.5,-5.1
CE,BREAKOUT,2026-03-23,63.38,-22.0,,,-37.3,,,-27.9
CECO,BREAKOUT,2019-05-06,9.42,-18.3,-15.2,-49.2,-20.0,-23.4,-52.7,-29.0
CECO,BOTTOM,2020-01-13,7.94,-39.8,-14.0,-3.9,-26.7,-11.9,-19.2,-50.4
CECO,BOTTOM,2020-06-15,6.35,31.2,14.2,17.6,23.6,-6.4,-18.8,-6.0
CECO,BREAKOUT,2021-03-08,9.18,-9.7,-25.1,-41.2,-17.7,-38.8,-49.2,-26.5
CECO,BOTTOM,2021-04-19,7.58,-7.3,-9.6,-38.5,-13.2,-19.1,-42.1,-11.2
CECO,BREAKOUT,2022-07-25,7.75,52.5,77.9,52.3,57.7,78.6,39.5,0.0
CECO,BREAKOUT,2023-09-11,15.97,26.3,33.5,75.6,20.0,17.7,47.5,-1.9
CECO,BREAKOUT,2025-07-21,34.63,50.6,97.6,,44.0,88.8,,0.0
CEG,BREAKOUT,2025-09-29,358.55,1.9,-24.0,,-0.5,-22.6,,-27.3
CELC,BOTTOM,2019-07-29,22.08,-30.1,-50.0,-76.0,-35.2,-61.0,-89.8,-55.3
CELC,BREAKOUT,2021-01-11,12.6,105.4,67.4,-8.5,94.0,51.8,-33.8,-0.1
CELC,BREAKOUT,2022-12-26,14.01,-26.8,-21.6,4.0,-34.3,-38.4,-22.2,-32.1
CELC,BOTTOM,2023-03-06,11.33,-1.9,-19.5,63.8,-13.8,-35.8,29.2,-19.5
CELC,BREAKOUT,2023-11-27,14.88,17.1,6.2,-14.0,5.0,-9.5,-47.0,-7.7
CELC,BREAKOUT,2025-07-28,39.91,93.3,174.2,,83.3,162.2,,0.0
CELH,BOTTOM,2019-04-22,1.27,32.6,-8.9,18.2,29.2,-12.7,19.7,-16.6
CELH,BOTTOM,2019-08-26,1.37,18.3,44.1,401.0,10.3,41.9,378.7,-22.7
CELH,BOTTOM,2020-03-23,1.37,169.3,382.0,960.7,150.3,351.1,902.0,-6.3
CELH,BOTTOM,2021-07-12,20.51,44.5,-19.8,31.5,40.8,-28.3,40.9,-19.8
CELH,BREAKOUT,2022-08-22,36.9,-1.3,-16.8,64.4,-1.0,-15.5,54.1,-25.3
CENTA,BOTTOM,2019-12-30,23.02,-8.0,17.1,26.3,14.5,19.3,8.1,-21.6
CENTA,BREAKOUT,2025-07-07,35.75,-25.1,-17.0,5.0,-30.2,-28.9,-17.4,-25.1
CENTA,BREAKOUT,2026-06-08,37.77,,,,,,,-0.6
CENX,BREAKOUT,2020-07-27,8.71,-24.5,11.9,67.2,-24.9,-2.3,30.9,-24.5
CENX,BOTTOM,2021-11-15,13.89,53.6,-16.0,-38.9,60.6,0.4,-24.7,-16.0
CENX,BOTTOM,2023-01-23,10.99,-21.8,-17.4,5.4,-24.8,-30.9,-16.6,-33.2
CENX,BOTTOM,2025-03-03,18.67,4.6,18.3,187.6,0.3,5.3,169.5,-19.7
CERT,BOTTOM,2023-02-06,18.85,7.8,-11.6,-8.6,6.5,-21.6,-33.3,-11.6
CERT,BREAKOUT,2023-03-27,24.11,-24.5,-39.7,-25.8,-33.2,-44.9,-55.5,-41.6
CERT,BOTTOM,2024-04-08,17.67,-14.1,-35.2,-26.9,-24.1,-49.4,-32.8,-38.3
CEVA,BREAKOUT,2019-08-12,31.86,-14.1,-6.3,34.2,-22.5,-24.3,15.3,-19.2
CEVA,BOTTOM,2019-10-14,27.7,5.7,6.2,56.8,-6.2,8.9,37.9,-24.0
CEVA,BOTTOM,2020-03-23,21.05,67.5,79.0,151.0,48.5,48.2,92.3,0.0
CEVA,BOTTOM,2021-08-23,47.74,-7.8,-15.3,-36.2,-10.0,-13.2,-27.5,-26.7
CEVA,BOTTOM,2023-01-30,35.14,-27.1,-27.5,-46.4,-27.5,-36.7,-68.1,-40.3
CEVA,BOTTOM,2024-03-18,23.0,-16.7,0.5,23.3,-21.5,-9.2,13.7,-24.4
CEVA,BOTTOM,2025-03-31,21.28,7.6,31.7,-7.7,-16.5,-1.5,-39.0,-11.8
CF,BREAKOUT,2017-10-09,29.56,19.2,6.1,46.7,9.7,1.1,36.5,-2.8
CF,BOTTOM,2020-09-14,29.91,11.8,44.1,48.6,-0.3,25.4,13.2,-19.6
CF,BREAKOUT,2021-01-11,40.47,4.6,4.8,49.3,-6.9,-10.7,23.9,-9.2
CFFN,BREAKOUT,2024-10-21,5.9,-12.1,-10.0,4.7,-17.4,-5.7,-13.7,-20.6
CFG,BREAKOUT,2021-01-04,31.53,15.9,16.7,42.1,7.6,1.8,18.2,-7.9
CFG,BOTTOM,2023-01-16,35.45,-29.5,-22.9,-16.5,-34.0,-38.0,-40.2,-38.4
CFG,BOTTOM,2023-07-31,27.88,-14.7,5.8,32.2,-12.4,-5.7,11.2,-26.8
CFR,BREAKOUT,2021-01-04,80.3,17.8,16.4,47.4,9.5,1.4,23.5,-2.2
CFR,BREAKOUT,2024-03-25,105.03,-8.9,0.5,14.0,-13.3,-9.4,6.5,-14.8
CFR,BREAKOUT,2026-02-02,144.57,-4.7,,,-11.8,,,-9.3
CG,BREAKOUT,2019-07-01,18.66,6.8,36.9,24.0,7.7,27.9,17.3,-6.5
CG,BREAKOUT,2021-01-11,28.39,18.6,34.9,55.2,7.2,19.3,29.9,-4.2
CG,BOTTOM,2023-04-17,27.17,16.2,-6.0,52.2,6.1,-9.0,30.4,-11.7
CG,BREAKOUT,2023-12-04,34.38,29.2,11.9,47.7,17.6,-4.9,13.8,0.0
CGAU,BOTTOM,2020-11-30,9.28,-8.6,-25.1,-32.6,-12.8,-40.3,-57.0,-35.4
CGAU,BOTTOM,2022-01-24,7.01,17.1,-20.5,-14.0,23.6,-14.4,-7.3,-24.7
CGAU,BOTTOM,2023-05-15,4.85,5.8,4.8,42.3,1.1,-3.6,14.0,-10.5
CGAU,BREAKOUT,2024-05-06,6.31,-1.3,-0.7,13.8,-3.9,-16.3,4.1,-1.8
CGAU,BREAKOUT,2025-06-30,7.48,51.2,88.0,121.8,43.9,78.2,101.3,-7.7
CGBD,BOTTOM,2020-03-09,4.08,4.7,9.3,71.1,-8.9,-16.0,22.1,-48.9
CGBD,BOTTOM,2020-11-02,4.59,32.4,59.8,76.1,21.2,38.4,40.4,0.0
CGEM,BOTTOM,2023-08-14,10.48,-16.0,74.0,59.4,-19.7,58.6,30.7,-22.6
CGEM,BREAKOUT,2024-01-29,17.75,59.7,0.1,-40.5,56.0,-8.4,-63.8,-11.8
CGNT,BOTTOM,2023-05-08,4.24,22.2,-2.1,77.6,13.5,-9.9,49.2,-5.2
CGNT,BREAKOUT,2024-12-02,8.77,-3.4,27.9,-1.4,1.5,28.7,-15.6,-9.4
CGNT,BREAKOUT,2026-05-25,11.57,,,,,,,-28.1
CGNX,BOTTOM,2018-10-29,43.44,-1.0,5.5,13.0,-0.9,-3.8,-1.8,-23.1
CGNX,BREAKOUT,2020-01-13,55.0,-19.7,8.6,47.7,-6.5,10.7,32.4,-30.8
CGNX,BOTTOM,2023-03-06,46.34,16.7,-8.0,-13.2,4.8,-24.3,-47.8,-8.0
CGNX,BOTTOM,2024-06-24,46.03,-13.7,-22.6,-32.1,-19.0,-32.7,-46.5,-23.2
CGON,BREAKOUT,2025-10-06,43.25,25.3,56.5,,18.7,51.9,,-9.8
CHA,BOTTOM,2026-07-06,11.0,,,,,,,0.0
CHCO,BREAKOUT,2022-07-25,77.66,18.1,7.5,18.0,23.3,8.1,5.2,-3.0
CHCO,BREAKOUT,2024-07-15,113.9,-0.2,0.9,6.7,-7.0,-8.7,-9.0,-6.5
CHD,BREAKOUT,2018-06-25,48.22,12.1,24.6,39.4,4.5,32.3,29.2,0.0
CHD,BREAKOUT,2020-07-06,77.11,12.3,3.7,6.3,2.7,-17.3,-32.9,0.0
CHD,BREAKOUT,2024-02-19,97.72,6.3,2.3,6.1,1.8,-9.1,-13.6,-1.6
CHDN,BREAKOUT,2023-01-23,122.99,17.7,-4.8,-2.2,14.8,-18.2,-24.1,-4.8
CHDN,BOTTOM,2026-01-19,102.54,-1.0,,,-4.8,,,-18.3
CHE,BREAKOUT,2023-10-30,580.8,2.4,-4.2,-9.2,-11.8,-22.7,-42.3,-4.4
CHE,BOTTOM,2026-01-12,450.71,-14.8,13.2,,-17.7,5.1,,-18.3
CHEF,BREAKOUT,2024-02-26,38.17,3.3,12.2,64.0,0.1,1.6,46.6,-15.1
CHEF,BREAKOUT,2026-02-09,68.44,17.4,,,8.7,,,-15.9
CHH,BREAKOUT,2020-11-30,103.34,-3.6,11.3,33.3,-7.8,-3.9,9.0,-7.1
CHH,BREAKOUT,2024-09-16,127.48,9.1,0.0,-14.0,4.7,0.1,-32.2,0.0
CHH,BOTTOM,2026-05-25,108.6,,,,,,,0.0
CHKP,BREAKOUT,2018-09-10,120.5,-10.9,4.3,-7.2,-0.8,6.1,-12.7,-17.0
CHRD,BREAKOUT,2018-05-14,7.81,-5.2,-34.9,-57.9,-10.7,-36.7,-65.3,-34.9
CHRD,BOTTOM,2019-05-27,3.19,-40.0,-55.0,-91.2,-46.8,-70.3,-104.0,-55.0
CHRD,BREAKOUT,2020-11-16,19.01,67.7,179.4,328.2,57.5,161.7,294.4,0.0
CHRD,BOTTOM,2025-12-08,95.51,28.1,41.7,,30.7,32.3,,-7.5
CHRN,BOTTOM,2018-03-12,357.75,13.2,31.4,56.0,11.7,24.9,51.4,-8.2
CHRN,BOTTOM,2018-09-17,510.75,-38.3,4.8,-76.3,-21.2,8.2,-80.5,-42.3
CHRN,BOTTOM,2020-11-30,82.8,6.3,-2.7,-43.3,2.2,-17.8,-67.6,-6.7
CHRN,BREAKOUT,2021-01-18,150.0,-43.0,-53.9,-75.8,-52.2,-69.6,-91.7,-53.9
CHRN,BREAKOUT,2023-12-25,37.5,-45.6,-57.8,-74.0,-56.0,-73.0,-100.8,-57.8
CHRN,BOTTOM,2024-02-05,31.5,-35.7,-52.4,-75.0,-40.0,-59.4,-96.4,-52.4
CHRN,BOTTOM,2025-11-03,4.67,122.9,233.4,,119.7,222.8,,-12.6
CHRW,BREAKOUT,2017-10-23,65.35,21.8,16.5,10.2,10.1,12.1,5.4,-1.7
CHRW,BREAKOUT,2020-07-27,81.79,-5.2,-7.7,-2.8,-5.6,-22.0,-39.1,-7.7
CHRW,BREAKOUT,2024-07-29,94.72,3.9,2.1,18.3,-3.6,-11.6,0.2,-0.1
CHRW,BREAKOUT,2025-07-28,112.09,35.9,72.7,,25.9,60.8,,0.0
CHT,BREAKOUT,2020-06-01,29.2,-0.4,4.4,13.0,-8.2,-12.4,-21.4,-0.7
CHT,BREAKOUT,2026-06-08,44.34,,,,,,,-6.5
CHTR,BOTTOM,2023-03-06,329.49,-0.3,28.2,-13.9,-12.1,11.9,-48.5,-1.0
CHWY,BOTTOM,2023-03-06,38.8,-5.2,-40.7,-54.4,-17.0,-57.1,-89.0,-40.7
CI,BOTTOM,2020-03-16,128.53,34.7,18.2,71.9,-0.8,-27.6,-1.0,0.0
CIB,BREAKOUT,2018-04-09,24.46,-0.1,-17.7,11.9,-6.0,-22.7,0.3,-18.4
CIB,BREAKOUT,2019-03-11,25.83,-4.3,-1.4,-41.4,-7.1,-8.9,-38.5,-10.3
CIB,BOTTOM,2020-06-15,14.57,0.3,57.0,10.2,-7.3,36.3,-26.3,-7.1
CIB,BOTTOM,2021-06-07,17.2,5.0,5.7,30.5,-0.3,-5.9,37.4,-10.5
CIB,BREAKOUT,2023-07-17,19.46,-12.2,13.5,29.8,-5.7,6.0,6.7,-15.3
CIB,BOTTOM,2023-09-04,16.48,14.7,37.2,46.6,11.1,21.5,23.6,0.0
CIB,BREAKOUT,2025-01-20,28.16,43.3,51.3,181.7,52.4,45.9,167.0,0.0
CIEN,BREAKOUT,2020-04-20,46.58,21.8,-11.5,16.9,7.9,-34.7,-32.7,-15.6
CIEN,BOTTOM,2020-11-30,46.98,5.5,27.7,30.0,1.3,12.6,5.7,0.0
CIEN,BREAKOUT,2024-09-23,61.81,40.2,-0.4,129.6,35.7,1.7,112.4,-0.4
CIEN,BREAKOUT,2025-09-01,116.69,72.9,152.1,,66.6,147.6,,0.0
CIFR,BOTTOM,2024-01-29,2.68,54.5,61.6,113.8,50.7,53.1,90.5,0.0
CIFR,BREAKOUT,2024-03-25,5.15,-19.4,-20.2,-55.0,-23.8,-30.1,-62.5,-47.6
CIFR,BOTTOM,2024-10-07,4.19,18.9,-42.2,305.0,18.4,-35.0,291.0,-49.9
CIFR,BREAKOUT,2025-08-25,7.64,166.4,104.2,,160.1,97.2,,-1.6
CIFR,BOTTOM,2025-12-22,15.19,-9.5,70.8,,-1.6,64.6,,-15.6
CIFR,BREAKOUT,2026-05-18,21.97,,,,,,,-20.1
CIGI,BOTTOM,2020-03-16,43.02,39.3,48.9,133.2,3.8,3.2,60.3,0.0
CIGI,BOTTOM,2020-06-15,59.94,6.9,47.4,87.7,-0.7,26.8,51.3,-11.1
CIGI,BOTTOM,2020-10-05,66.01,30.2,52.8,99.0,19.8,33.3,71.0,-2.1
CIGI,BREAKOUT,2020-11-30,91.1,13.5,23.9,47.5,9.4,8.7,23.2,-5.7
CIGI,BOTTOM,2023-10-02,94.32,20.8,24.7,55.5,11.4,3.2,20.3,-8.3
CIGI,BREAKOUT,2025-08-04,156.84,-3.6,-11.1,,-9.2,-20.1,,-13.0
CIM,BOTTOM,2023-03-06,10.76,-0.0,16.2,-6.2,-11.9,-0.1,-40.9,-9.3
CINF,BOTTOM,2020-12-14,72.56,29.6,38.6,39.1,23.8,25.5,12.9,0.0
CINF,BOTTOM,2023-03-13,96.7,-3.1,3.7,16.8,-16.2,-10.8,-15.8,-8.1
CL,BREAKOUT,2018-01-15,63.28,-11.9,-13.4,-17.2,-7.4,-14.0,-14.0,-18.8
CL,BREAKOUT,2021-12-27,76.65,-10.0,-2.9,-5.4,-5.6,16.3,12.7,-14.9
CLB,BOTTOM,2019-05-27,45.65,-16.0,-5.9,-56.3,-22.8,-21.2,-69.1,-21.9
CLB,BOTTOM,2023-03-13,19.92,12.7,23.8,-17.7,-0.4,9.2,-50.3,0.0
CLB,BOTTOM,2024-06-03,18.15,-3.0,6.3,-38.6,-4.5,-8.2,-52.2,-6.8
CLBK,BREAKOUT,2025-12-08,17.12,2.1,20.9,,4.7,11.5,,-10.6
CLDX,BOTTOM,2017-11-13,43.65,-19.2,-77.0,-88.7,-25.7,-83.2,-96.8,-77.0
CLDX,BOTTOM,2019-12-30,2.37,-27.0,424.5,639.2,-4.4,426.6,621.1,-34.6
CLDX,BOTTOM,2020-03-23,1.85,578.4,591.9,1183.8,559.5,561.1,1125.0,-6.5
CLDX,BOTTOM,2020-08-31,10.68,83.6,145.4,407.8,75.2,132.5,373.5,0.0
CLDX,BOTTOM,2022-02-28,30.3,-18.8,-0.9,54.4,-14.1,7.7,59.3,-28.5
CLDX,BOTTOM,2022-11-14,34.68,24.0,-5.2,-16.1,20.7,-11.8,-31.7,-12.7
CLDX,BREAKOUT,2022-12-12,43.52,-3.9,-18.0,-14.6,-6.0,-33.5,-39.0,-30.4
CLDX,BREAKOUT,2024-02-26,51.88,-35.8,-20.3,-60.4,-39.0,-30.9,-77.7,-36.5
CLDX,BOTTOM,2025-09-15,24.61,4.0,25.6,,1.2,27.3,,-6.9
CLF,BOTTOM,2020-01-13,7.77,-52.2,-26.6,112.2,-39.1,-24.5,96.9,-59.6
CLF,BREAKOUT,2020-10-19,8.67,89.2,107.4,175.1,78.0,85.9,142.2,-4.5
CLF,BOTTOM,2023-07-03,16.29,-4.8,17.7,-4.0,-3.1,10.2,-32.2,-12.6
CLF,BOTTOM,2024-01-22,18.42,-2.9,-16.0,-45.7,-7.5,-28.4,-72.0,-19.7
CLFD,BREAKOUT,2020-07-20,17.15,25.8,92.7,151.8,17.6,72.4,112.6,0.0
CLFD,BREAKOUT,2022-07-25,98.55,24.4,-29.8,-53.1,29.6,-29.1,-65.9,-29.8
CLFD,BOTTOM,2024-04-01,29.9,23.7,24.6,-15.0,16.4,13.4,-13.7,-5.4
CLFD,BREAKOUT,2025-06-23,42.49,-20.6,-29.0,-9.1,-28.6,-41.9,-29.0,-32.7
CLFD,BOTTOM,2025-09-15,33.97,-15.9,-18.3,,-18.7,-16.5,,-18.3
CLFD,BREAKOUT,2026-05-25,47.22,,,,,,,-35.1
CLH,BOTTOM,2020-06-15,61.23,-8.6,20.8,43.8,-16.2,0.2,7.3,-13.5
CLH,BREAKOUT,2022-08-08,118.79,-2.7,12.9,47.1,3.6,16.6,41.0,-7.7
CLM,BREAKOUT,2019-07-22,3.2,-1.5,6.9,10.6,-1.9,-3.0,2.3,-3.3
CLM,BOTTOM,2023-04-17,4.19,17.3,-0.9,12.7,7.2,-3.8,-9.1,-0.9
CLMT,BOTTOM,2019-06-03,4.27,-7.7,-25.5,-27.4,-11.8,-36.0,-40.7,-27.6
CLMT,BOTTOM,2020-11-30,3.77,15.6,69.2,275.9,11.5,54.1,251.5,-17.5
CLMT,BREAKOUT,2024-08-19,19.98,9.1,-25.3,-20.2,2.8,-32.7,-36.4,-25.3
CLPT,BOTTOM,2018-04-30,3.0,-35.0,-30.0,4.7,-42.1,-33.1,-8.0,-53.7
CLPT,BOTTOM,2020-06-15,3.76,56.6,245.7,402.1,49.1,225.1,365.7,-10.4
CLPT,BOTTOM,2020-08-24,4.31,148.3,443.4,328.5,144.1,434.0,298.2,-1.9
CLPT,BOTTOM,2023-01-30,9.84,-2.8,-33.2,-27.3,-3.3,-42.4,-49.0,-34.6
CLPT,BREAKOUT,2025-09-22,21.55,-34.9,-57.9,,-39.6,-54.3,,-58.1
CLPT,BOTTOM,2025-11-10,15.43,-12.2,-24.6,,-13.9,-35.2,,-43.7
CLRO,BOTTOM,2020-01-06,10.33,-5.6,20.7,38.0,8.5,22.2,18.7,-12.8
CLRO,BOTTOM,2020-11-30,13.45,47.2,5.2,-43.3,43.0,-10.0,-67.7,-2.6
CLRO,BOTTOM,2021-04-12,15.13,-5.3,-21.0,-64.9,-9.1,-28.5,-71.2,-21.0
CLRO,BOTTOM,2021-09-27,13.51,-44.9,-62.8,-76.9,-54.6,-67.8,-60.4,-66.7
CLRO,BREAKOUT,2024-03-11,17.69,-38.9,-50.8,-45.7,-45.4,-61.4,-57.2,-53.4
CLRO,BOTTOM,2024-04-01,15.53,-33.3,-42.0,-55.6,-40.7,-53.3,-54.3,-46.9
CLRO,BREAKOUT,2024-12-30,19.65,-64.9,-49.1,-73.1,-50.5,-55.4,-89.9,-74.8
CLRO,BOTTOM,2026-03-02,4.55,-30.5,,,-40.5,,,-31.6
CLS,BREAKOUT,2021-08-23,9.52,13.2,26.9,12.5,11.0,29.0,21.2,-11.2
CLS,BREAKOUT,2023-01-09,13.0,-3.8,21.8,121.0,-7.7,8.3,99.6,-16.5
CLS,BOTTOM,2025-05-05,93.05,123.2,246.2,303.6,109.9,226.6,271.4,0.0
CLSK,BREAKOUT,2018-09-17,40.85,-48.6,-15.1,-76.0,-31.5,-11.7,-80.2,-64.7
CLSK,BREAKOUT,2020-08-10,11.32,-22.1,149.4,23.0,-28.8,131.9,-11.4,-33.3
CLSK,BOTTOM,2023-05-22,4.23,7.8,31.9,316.8,2.7,22.7,288.9,-16.8
CLSK,BREAKOUT,2023-07-10,6.9,-49.0,18.0,129.7,-45.4,11.1,103.3,-49.0
CLSK,BREAKOUT,2025-09-29,15.94,-27.5,-44.9,,-29.9,-43.4,,-45.7
CLX,BREAKOUT,2019-07-22,133.87,-8.4,-3.5,40.0,-8.7,-13.4,31.7,-11.5
CLX,BREAKOUT,2020-02-03,136.51,23.4,44.4,17.5,34.9,42.6,-1.4,-4.1
CLX,BREAKOUT,2024-08-26,147.89,6.4,0.3,-22.7,-0.8,-5.8,-38.6,-5.1
CLYM,BOTTOM,2024-03-04,2.73,225.3,170.7,-46.2,220.6,164.4,-60.1,-4.8
CLYM,BREAKOUT,2024-04-08,4.31,67.5,25.8,-70.3,57.5,11.6,-76.2,-10.7
CLYM,BOTTOM,2025-11-10,1.9,198.4,468.4,,196.7,457.8,,-10.5
CLYM,BREAKOUT,2025-12-08,3.0,134.3,281.3,,136.9,271.9,,0.0
CM,BREAKOUT,2019-10-14,31.16,-0.2,-29.6,-3.6,-12.2,-26.9,-22.4,-38.9
CM,BREAKOUT,2020-11-16,32.92,9.7,37.0,44.6,-0.5,19.3,10.8,0.0
CM,BREAKOUT,2023-12-11,41.2,9.8,7.4,53.1,0.8,-8.6,23.2,0.0
CMBT,BREAKOUT,2021-05-17,5.43,-18.4,-0.0,20.7,-25.6,-13.8,25.6,-20.5
CMBT,BREAKOUT,2023-08-14,11.75,2.8,4.5,36.3,-0.8,-10.8,7.5,-11.2
CMBT,BREAKOUT,2026-01-05,10.8,9.3,44.2,,11.1,34.9,,0.0
CMC,BREAKOUT,2018-01-01,21.32,-21.5,-11.5,-30.0,-16.8,-13.1,-24.1,-21.5
CMC,BOTTOM,2019-05-06,14.94,-2.2,23.4,3.0,-3.9,15.2,-0.6,-20.6
CMC,BREAKOUT,2022-10-24,42.46,23.4,5.4,-5.0,18.6,-2.5,-12.2,-0.9
CMC,BREAKOUT,2023-08-28,55.41,-19.2,-6.4,-5.8,-21.3,-20.9,-32.5,-30.0
CMC,BREAKOUT,2024-03-18,56.02,-5.7,-7.4,-18.4,-10.5,-17.1,-28.0,-13.4
CMCO,BOTTOM,2019-05-20,31.22,-3.5,21.2,-20.2,-4.7,10.2,-26.8,-3.5
CMCO,BOTTOM,2020-10-26,32.11,27.7,46.7,40.3,13.9,18.0,-2.4,0.0
CMCO,BOTTOM,2023-03-06,35.41,11.7,-3.2,16.3,-0.1,-19.5,-18.3,-8.1
CMCO,BOTTOM,2025-01-13,35.44,-63.8,-57.7,-41.8,-52.1,-63.3,-58.9,-64.2
CMCO,BOTTOM,2025-12-01,17.02,-1.9,-24.3,,-0.2,-32.5,,-24.3
CMCSA,BREAKOUT,2018-01-08,31.42,-21.8,-17.3,-14.1,-17.5,-18.7,-9.1,-25.9
CMCSA,BREAKOUT,2020-11-09,38.5,9.1,20.9,11.1,-1.0,3.6,-21.2,-0.2
CME,BREAKOUT,2021-03-01,171.95,2.5,-7.9,17.6,-8.0,-26.8,3.4,-7.9
CME,BREAKOUT,2024-09-02,203.09,9.1,20.1,24.1,-3.7,12.8,2.9,-2.8
CME,BREAKOUT,2026-01-26,280.85,2.6,,,-1.9,,,-21.3
CMG,BOTTOM,2020-03-23,12.7,62.7,96.0,127.6,43.8,65.2,68.9,-3.8
CMG,BOTTOM,2022-12-12,29.24,10.0,39.0,55.4,7.9,23.5,31.0,-5.1
CMI,BREAKOUT,2019-04-08,138.86,3.7,-0.4,-6.4,-0.4,-3.5,-4.3,-13.1
CMI,BREAKOUT,2022-10-24,225.03,2.2,-2.8,-9.7,-2.5,-10.6,-16.9,-8.8
CMI,BREAKOUT,2024-02-12,253.61,7.8,14.6,43.6,1.5,2.9,19.9,-0.3
CMI,BREAKOUT,2025-08-04,380.93,22.9,50.7,,17.3,41.7,,0.0
CMP,BOTTOM,2023-03-06,34.56,0.9,-17.7,-39.5,-10.9,-34.0,-74.2,-17.7
CMP,BOTTOM,2025-01-27,11.66,17.6,69.6,114.2,23.1,65.7,97.9,-21.4
CMPR,BREAKOUT,2017-10-02,103.23,19.8,46.1,21.8,11.7,43.1,6.6,0.0
CMPR,BOTTOM,2020-08-31,85.22,4.2,14.9,11.5,-4.2,2.0,-22.7,-15.2
CMPR,BOTTOM,2023-03-13,32.98,63.5,109.2,165.4,50.4,94.6,132.8,-5.4
CMPR,BREAKOUT,2023-04-24,51.95,30.0,11.1,71.5,19.7,11.7,47.5,-10.2
CMPS,BOTTOM,2023-09-18,7.86,11.3,14.2,-7.8,0.8,-7.7,-41.6,-33.0
CMPS,BOTTOM,2024-07-29,7.04,-32.5,-38.8,-38.4,-40.0,-52.4,-56.5,-50.4
CMRE,BREAKOUT,2018-05-07,5.7,-6.5,-29.4,-20.9,-10.7,-32.1,-28.5,-30.1
CMRE,BOTTOM,2019-05-27,3.98,14.6,64.6,-5.9,7.8,49.4,-18.8,-1.0
CMRE,BOTTOM,2020-09-07,4.5,41.6,96.2,209.6,31.5,77.3,174.3,-5.7
CMRE,BREAKOUT,2022-03-14,14.55,-26.7,-36.2,-42.9,-9.3,-23.6,-32.1,-36.2
CMRE,BOTTOM,2023-04-03,8.34,12.2,5.1,29.7,4.7,-0.7,1.1,-11.4
CMRE,BREAKOUT,2025-11-10,14.51,15.9,18.3,,14.2,7.7,,-0.3
CMS,BREAKOUT,2018-08-13,39.67,3.0,7.3,26.2,6.5,9.0,22.9,-2.8
CMS,BREAKOUT,2021-08-16,55.94,-5.3,-2.2,12.5,-11.4,-0.8,16.0,-7.8
CNA,BOTTOM,2020-09-14,20.46,23.2,51.2,42.9,11.1,32.5,7.6,-5.8
CNA,BREAKOUT,2024-01-01,34.7,7.2,9.9,19.5,-4.0,-9.4,-8.6,-2.7
CNC,BREAKOUT,2020-01-20,66.61,6.0,1.4,-7.7,19.4,2.7,-26.3,-26.7
CNH,BREAKOUT,2020-11-30,8.79,31.8,57.6,47.8,27.7,42.4,23.4,-4.4
CNI,BREAKOUT,2018-07-09,73.78,-0.8,-6.1,11.1,0.1,0.3,1.4,-15.2
CNI,BREAKOUT,2023-12-18,118.71,6.0,-5.6,-17.3,-4.4,-21.3,-43.8,-5.6
CNK,BREAKOUT,2018-10-15,39.2,-2.7,1.3,-10.7,0.3,-4.7,-20.7,-15.6
CNK,BREAKOUT,2021-03-01,23.84,-8.6,-30.0,-28.8,-19.1,-48.8,-43.0,-40.4
CNK,BOTTOM,2023-08-21,15.4,-9.4,3.8,77.2,-13.2,-12.5,47.6,-14.0
CNK,BOTTOM,2025-12-22,22.71,23.1,47.2,,31.0,41.1,,-1.7
CNK,BREAKOUT,2026-06-08,33.8,,,,,,,-14.1
CNM,BOTTOM,2022-10-17,21.58,-3.3,19.3,38.8,-9.5,8.3,24.5,-11.2
CNM,BREAKOUT,2023-04-17,25.75,19.6,16.3,110.4,9.5,13.4,88.5,0.0
CNM,BOTTOM,2025-01-06,50.56,-3.6,21.8,12.0,4.2,13.7,-9.0,-8.7
CNM,BOTTOM,2026-04-27,49.02,,,,,,,-8.3
CNMD,BREAKOUT,2019-03-25,78.42,3.1,15.8,-33.0,-1.1,10.2,-24.5,-4.5
CNMD,BOTTOM,2020-10-12,78.92,39.5,58.3,73.2,30.8,37.3,43.0,-5.5
CNNE,BOTTOM,2022-12-12,19.29,-6.7,-3.8,-4.9,-8.8,-19.3,-29.2,-13.0
CNO,BREAKOUT,2019-11-11,15.74,8.6,-32.0,14.7,-0.2,-24.8,-2.4,-45.4
CNO,BREAKOUT,2020-11-09,18.05,13.5,35.9,24.3,3.4,18.7,-8.0,0.0
CNOB,BREAKOUT,2017-10-23,22.23,6.4,1.1,-25.3,-5.4,-3.3,-30.2,-5.0
CNOB,BOTTOM,2019-06-03,17.74,-1.2,19.4,-18.8,-5.3,8.9,-32.1,-5.0
CNOB,BOTTOM,2020-06-15,12.65,-0.6,36.8,78.1,-8.2,16.2,41.6,-7.1
CNOB,BREAKOUT,2024-07-22,23.54,-2.0,-5.4,0.2,-8.7,-17.8,-18.3,-12.8
CNP,BOTTOM,2020-12-21,18.76,2.6,16.3,30.9,-5.1,-0.1,1.7,-9.2
CNQ,BREAKOUT,2017-09-18,11.15,2.6,-10.8,-2.0,-5.2,-15.2,-21.1,-11.1
CNQ,BOTTOM,2019-06-24,9.28,0.0,21.3,-31.7,-1.3,10.1,-36.1,-15.7
CNR,BOTTOM,2021-03-29,8.8,88.4,196.3,306.0,79.8,187.2,291.4,-8.1
CNR,BREAKOUT,2023-08-07,78.96,19.5,4.1,20.2,20.3,-9.2,-1.1,0.0
CNR,BREAKOUT,2024-11-04,126.78,-34.7,-47.3,-29.7,-35.5,-42.3,-43.3,-50.1
CNR,BOTTOM,2025-11-10,82.08,11.2,0.7,,9.5,-9.9,,-5.6
CNS,BREAKOUT,2019-02-18,30.65,27.6,31.4,100.0,25.8,28.4,78.2,0.0
CNS,BREAKOUT,2020-11-30,62.52,-11.9,0.1,22.5,-16.0,-15.0,-1.8,-14.5
CNS,BOTTOM,2023-03-06,58.09,-6.5,-1.6,20.9,-18.3,-18.0,-13.7,-15.9
CNS,BREAKOUT,2026-06-08,77.05,,,,,,,-2.8
CNSP,BOTTOM,2021-01-18,1836000.0,0.5,-12.7,-67.4,-8.7,-28.4,-83.3,-15.7
CNX,BOTTOM,2017-09-18,13.56,7.8,13.7,7.8,-0.0,9.3,-11.4,-7.2
CNX,BOTTOM,2020-01-06,7.81,18.7,7.9,54.9,32.8,9.4,35.7,-35.6
CNX,BREAKOUT,2020-04-13,10.63,-18.3,-4.7,29.1,-31.0,-26.9,-18.8,-21.6
CNX,BREAKOUT,2022-01-10,15.79,42.0,11.3,5.8,47.5,27.8,18.7,-7.4
CNX,BOTTOM,2022-08-08,17.19,7.5,-4.8,25.5,13.8,-1.1,19.5,-14.0
CNX,BREAKOUT,2023-07-24,19.93,6.4,3.2,27.2,16.2,-4.3,6.4,-0.6
CNXC,BOTTOM,2024-08-19,66.14,-37.0,-34.5,-23.6,-43.3,-42.0,-39.9,-44.9
CNXC,BOTTOM,2025-04-28,49.29,-9.1,-20.1,-50.2,-19.1,-41.1,-78.8,-20.1
CNXN,BREAKOUT,2018-04-30,27.41,27.6,3.0,26.6,20.5,-0.2,13.9,-8.7
CNXN,BOTTOM,2018-11-19,28.31,38.0,10.5,58.3,31.4,2.0,37.8,-10.0
CNXN,BOTTOM,2020-09-14,40.0,7.3,11.9,7.4,-4.8,-6.8,-28.0,-5.2
CNXN,BREAKOUT,2021-01-18,50.28,-16.4,-16.0,-20.0,-25.6,-31.7,-35.9,-18.5
CNXN,BREAKOUT,2022-11-21,53.7,-22.0,-16.8,9.9,-21.0,-22.1,-5.0,-30.0
CNXN,BREAKOUT,2023-10-30,58.3,11.1,2.8,9.4,-3.1,-15.6,-23.7,-1.4
CODI,BREAKOUT,2019-06-03,12.72,4.9,34.7,6.6,0.7,24.2,-6.7,0.0
CODI,BOTTOM,2022-08-01,20.82,-17.0,-3.3,-2.2,-8.4,-3.9,-12.0,-27.9
CODI,BOTTOM,2023-04-17,17.13,19.5,-2.7,26.8,9.4,-5.6,5.0,-2.7
CODI,BOTTOM,2026-04-20,11.49,,,,,,,-12.4
COF,BREAKOUT,2021-01-04,100.25,21.8,46.1,42.3,13.5,31.1,18.5,-5.7
COF,BOTTOM,2023-04-24,92.08,18.9,1.7,53.7,8.6,2.2,29.7,-10.7
COF,BREAKOUT,2023-12-11,124.95,5.0,4.0,44.6,-4.0,-12.0,14.7,-1.5
COGT,BREAKOUT,2020-07-06,13.28,-25.3,-10.3,-48.1,-35.0,-31.4,-87.3,-33.7
COGT,BOTTOM,2020-08-10,9.4,14.5,3.8,-16.0,7.7,-13.7,-50.3,-6.7
COGT,BOTTOM,2021-12-20,8.72,-13.8,6.7,26.0,-10.3,23.1,43.3,-53.4
COGT,BREAKOUT,2022-07-04,11.12,23.0,12.4,11.2,29.3,11.7,-3.5,-3.7
COGT,BOTTOM,2024-03-25,6.72,25.4,62.2,-3.6,21.1,52.3,-11.2,-10.4
COGT,BREAKOUT,2025-07-14,12.49,31.2,211.8,212.9,25.1,200.9,193.1,-12.2
COHR,BREAKOUT,2017-09-18,40.4,17.1,6.4,18.9,9.3,2.0,-0.3,-5.7
COHR,BREAKOUT,2020-05-18,44.78,-5.2,44.7,48.1,-20.7,23.4,5.4,-18.5
COHR,BOTTOM,2022-05-02,61.86,-14.3,-48.3,-48.5,-15.3,-40.6,-50.6,-50.2
COHR,BOTTOM,2023-03-06,38.54,1.0,-13.9,65.7,-10.9,-30.2,31.1,-27.8
COHR,BOTTOM,2023-10-23,29.15,62.3,88.9,228.8,43.1,64.2,185.9,0.0
COHR,BREAKOUT,2024-02-05,62.35,-13.9,1.6,53.8,-18.1,-5.4,32.4,-21.0
COHR,BREAKOUT,2025-08-04,115.44,33.8,97.2,,28.2,88.2,,-22.1
COHU,BREAKOUT,2018-06-11,24.64,-10.2,-33.6,-37.0,-15.1,-28.0,-42.9,-33.6
COHU,BOTTOM,2019-06-10,15.53,-7.9,31.2,0.6,-12.5,20.4,-6.7,-23.7
COHU,BREAKOUT,2019-11-04,19.6,19.5,-22.9,18.0,11.4,-18.6,2.5,-46.6
COHU,BOTTOM,2020-10-12,19.13,136.4,154.4,60.4,127.7,133.3,30.2,0.0
COHU,BREAKOUT,2020-11-09,25.77,96.2,41.5,40.7,86.0,24.3,8.4,0.0
COHU,BOTTOM,2022-02-07,30.85,-9.1,-1.7,16.9,-0.6,0.7,22.7,-19.4
COHU,BREAKOUT,2026-01-05,26.86,39.0,109.1,,40.9,99.8,,0.0
COIN,BOTTOM,2023-04-17,59.04,70.8,26.5,257.4,60.7,23.5,235.5,-9.8
COIN,BREAKOUT,2023-07-10,105.31,-30.3,24.2,107.0,-26.7,17.3,80.6,-32.8
COIN,BOTTOM,2023-10-30,85.8,50.6,160.2,113.1,36.4,141.7,80.0,0.0
COIN,BOTTOM,2024-08-26,183.36,61.5,17.6,66.1,54.3,11.5,50.2,-19.6
COIN,BREAKOUT,2024-11-04,270.74,1.4,-26.4,14.2,0.6,-21.3,0.7,-40.7
COIN,BREAKOUT,2025-06-23,353.43,-11.6,-33.0,-57.8,-19.5,-45.9,-77.7,-33.0
COIN,BOTTOM,2025-09-22,312.59,-24.2,-48.5,,-28.8,-44.8,,-48.5
COKE,BOTTOM,2018-12-31,17.21,63.4,75.4,57.7,48.5,56.0,27.5,0.0
COKE,BOTTOM,2020-07-13,21.93,10.4,11.0,80.7,2.0,-6.7,44.6,-0.4
COKE,BREAKOUT,2021-03-08,28.18,46.6,32.3,53.0,38.5,18.5,45.0,-2.3
COKE,BREAKOUT,2023-05-01,63.36,6.1,-0.3,32.9,-2.6,-6.4,7.2,-5.2
COKE,BREAKOUT,2025-11-10,159.07,1.7,7.0,,-0.1,-3.6,,-6.1
COLB,BREAKOUT,2019-10-28,28.83,-2.5,-38.0,-25.8,-8.1,-31.3,-34.5,-39.2
COLB,BOTTOM,2020-10-26,21.39,37.0,55.8,24.8,23.2,27.0,-17.8,-2.6
COLB,BREAKOUT,2021-01-04,30.46,11.3,-8.8,-7.4,3.0,-23.7,-31.3,-8.8
COLB,BOTTOM,2022-10-10,24.23,-2.1,-26.9,-31.1,-14.0,-43.2,-53.7,-30.5
COLB,BREAKOUT,2024-07-22,24.26,5.0,6.4,-2.8,-1.7,-6.0,-21.3,-14.2
COLB,BOTTOM,2025-08-04,22.87,13.4,36.8,,7.8,27.8,,0.0
COLD,BREAKOUT,2020-07-27,32.09,-9.7,-12.5,-1.5,-10.1,-26.7,-37.8,-15.4
COLD,BREAKOUT,2021-04-26,32.68,-3.3,-26.1,-32.9,-8.7,-36.8,-32.9,-29.4
COLD,BOTTOM,2026-04-27,12.1,,,,,,,0.0
COLL,BREAKOUT,2017-12-04,17.7,51.4,43.3,7.7,45.8,37.5,6.6,-1.5
COLL,BREAKOUT,2019-11-04,19.96,27.5,7.6,-1.6,19.4,11.9,-17.1,-28.6
COLL,BOTTOM,2020-04-20,20.56,-18.4,-5.9,13.1,-32.3,-29.2,-36.5,-23.2
COLL,BREAKOUT,2023-12-11,29.64,31.9,7.2,1.5,22.9,-8.9,-28.4,0.0
COLL,BOTTOM,2025-09-22,34.41,44.8,-5.7,,40.2,-2.1,,-6.9
COLM,BREAKOUT,2019-02-04,96.9,-9.6,-6.1,-14.5,-16.6,-14.9,-39.7,-11.8
COLM,BOTTOM,2026-03-09,54.98,21.9,,,9.6,,,-1.4
COMP,BOTTOM,2023-03-06,2.85,23.5,17.2,31.2,11.7,0.9,-3.4,-17.9
COMP,BOTTOM,2023-08-28,3.52,-31.0,9.4,45.7,-33.1,-5.2,19.1,-44.3
COMP,BOTTOM,2024-04-15,3.24,37.7,78.7,125.0,26.4,59.9,117.3,0.0
COMP,BREAKOUT,2024-05-13,4.3,9.3,47.0,46.3,4.3,35.6,32.6,-17.4
COMP,BOTTOM,2025-06-23,6.41,24.0,65.2,77.8,16.1,52.3,58.0,0.0
COMP,BOTTOM,2026-03-02,8.7,-11.4,,,-21.4,,,-18.7
COO,BREAKOUT,2024-02-26,102.19,-7.7,3.5,-11.6,-10.9,-7.1,-28.9,-15.9
COP,BOTTOM,2025-06-30,90.67,1.3,5.0,15.5,-6.0,-4.8,-4.9,-6.9
COP,BREAKOUT,2026-01-26,102.66,19.1,,,14.7,,,0.0
COR,BREAKOUT,2019-07-08,72.72,-7.0,0.7,16.5,-6.0,-8.7,8.8,-8.1
COR,BREAKOUT,2022-11-21,162.47,-5.2,1.0,21.4,-4.1,-4.3,6.4,-10.5
CORT,BOTTOM,2018-07-02,15.21,-12.6,-9.1,-28.5,-17.6,-1.7,-39.0,-23.5
CORT,BREAKOUT,2019-11-11,16.44,-18.9,-14.5,10.0,-27.7,-7.3,-7.0,-37.6
CORT,BOTTOM,2019-12-23,12.29,-11.6,35.5,121.2,9.5,41.6,104.8,-16.5
CORT,BREAKOUT,2020-06-22,16.65,2.6,63.3,36.6,-7.4,39.3,-7.7,-24.3
CORT,BREAKOUT,2023-07-31,31.19,-17.9,-30.8,13.2,-15.5,-42.3,-7.8,-30.8
CORT,BREAKOUT,2024-07-15,33.88,46.8,63.3,109.1,40.0,53.7,93.4,0.0
CORT,BREAKOUT,2026-06-29,90.21,,,,,,,0.0
CORZ,BREAKOUT,2025-10-06,18.52,-7.5,-1.1,,-14.1,-5.7,,-20.5
CORZ,BREAKOUT,2026-05-04,22.92,,,,,,,-8.6
CORZ,BOTTOM,2026-07-06,23.49,,,,,,,-10.9
COST,BREAKOUT,2023-07-17,535.96,-0.7,27.9,54.7,5.8,20.4,31.6,-4.1
COST,BREAKOUT,2026-05-11,1048.95,,,,,,,-12.7
COUR,BOTTOM,2023-03-06,11.33,14.5,59.8,33.9,2.7,43.5,-0.7,-7.4
COUR,BREAKOUT,2023-08-21,16.89,16.1,-2.4,-50.5,12.3,-18.7,-80.1,-2.4
COUR,BREAKOUT,2025-07-21,12.37,-25.6,-47.5,,-32.2,-56.3,,-49.2
CP,BREAKOUT,2019-04-22,41.78,7.6,2.6,3.8,4.2,-1.2,5.4,-4.2
CP,BREAKOUT,2022-03-21,80.26,-14.7,-15.4,-8.7,-1.3,2.6,2.4,-18.7
CP,BREAKOUT,2026-02-09,83.42,1.8,,,-7.0,,,-6.6
CPA,BOTTOM,2019-01-28,76.19,-9.4,5.8,5.8,-18.8,-3.5,-15.5,-16.4
CPA,BOTTOM,2020-03-16,25.76,58.6,91.7,189.8,23.1,45.9,116.8,0.0
CPA,BOTTOM,2020-09-07,46.68,47.8,63.0,35.0,37.7,44.0,-0.3,-12.3
CPA,BREAKOUT,2022-02-14,77.44,-27.6,-22.1,-0.2,-17.6,-20.1,4.5,-35.6
CPAY,BREAKOUT,2017-10-30,178.8,16.1,11.9,10.4,8.9,8.0,3.2,-0.1
CPAY,BOTTOM,2023-03-06,195.88,22.2,38.8,50.1,10.4,22.5,15.5,-4.4
CPAY,BOTTOM,2026-03-16,287.46,20.1,,,4.7,,,-0.9
CPB,BREAKOUT,2019-06-03,33.03,5.3,12.6,15.3,1.2,2.1,2.0,-7.0
CPB,BREAKOUT,2022-05-02,41.83,0.3,3.9,13.4,-0.7,11.7,11.4,-8.6
CPK,BREAKOUT,2018-07-02,73.73,-2.8,-3.3,12.5,-7.7,4.1,2.0,-6.9
CPNG,BREAKOUT,2024-04-08,21.25,2.7,20.9,1.9,-7.3,6.8,-4.0,-5.0
CPNG,BREAKOUT,2025-05-05,26.0,7.0,11.1,-34.7,-6.2,-8.5,-66.9,0.0
CPRI,BOTTOM,2019-05-13,39.98,-29.4,-8.1,-67.8,-30.9,-18.2,-70.0,-34.0
CPRI,BOTTOM,2022-10-31,47.65,42.6,-19.6,7.1,32.6,-30.2,-10.2,-19.6
CPRI,BOTTOM,2025-02-03,21.69,-22.2,-9.2,-7.0,-16.4,-15.9,-23.3,-36.9
CPRI,BREAKOUT,2025-11-24,25.37,-19.2,-27.0,,-19.8,-38.4,,-32.0
CPRT,BREAKOUT,2019-04-22,16.72,18.8,25.5,10.4,15.4,21.8,12.0,-1.9
CPRT,BOTTOM,2022-10-24,29.09,15.3,35.9,46.9,10.5,28.1,39.7,-1.4
CPRT,BREAKOUT,2024-11-18,62.7,-9.7,-14.4,-35.0,-10.8,-12.3,-47.1,-16.0
CPT,BREAKOUT,2018-07-30,71.53,-3.8,4.8,14.4,-0.1,8.6,9.2,-8.0
CPT,BOTTOM,2023-03-06,93.41,7.0,-1.8,-1.5,-4.9,-18.1,-36.1,-6.6
CPT,BOTTOM,2023-06-26,96.95,-12.2,-6.9,4.4,-9.0,-14.9,-20.1,-22.0
CPT,BOTTOM,2023-08-28,95.06,-12.3,-8.4,22.2,-14.4,-22.9,-4.5,-20.5
CQP,BREAKOUT,2018-04-30,18.45,19.6,8.6,47.7,12.6,5.5,35.0,0.0
CQP,BREAKOUT,2022-01-03,32.71,28.9,1.0,34.6,32.6,17.0,49.9,0.0
CQP,BREAKOUT,2023-10-30,49.55,-10.4,-10.5,-9.0,-24.5,-29.0,-42.1,-17.6
CQP,BREAKOUT,2024-11-25,53.44,17.8,1.3,-0.7,18.9,2.8,-15.5,-10.4
CR,BREAKOUT,2025-06-23,187.43,-3.3,-0.1,16.9,-11.2,-13.0,-3.0,-7.0
CRAI,BOTTOM,2019-05-13,35.5,6.0,29.4,-4.3,4.4,19.3,-6.5,-11.0
CRAI,BREAKOUT,2019-12-02,48.02,-8.3,-16.6,-3.7,-3.2,-19.1,-23.4,-51.1
CRAI,BOTTOM,2020-09-28,35.33,34.4,99.0,170.8,22.0,78.1,138.9,0.0
CRAI,BREAKOUT,2021-01-11,53.9,32.7,43.3,55.0,21.3,27.7,29.7,-7.9
CRAI,BREAKOUT,2022-10-31,110.71,5.3,-16.2,-25.1,-4.8,-26.7,-42.4,-16.2
CRAI,BREAKOUT,2025-09-15,208.61,-0.6,-24.3,,-3.5,-22.6,,-26.1
CRC,BREAKOUT,2024-11-04,53.9,-17.0,-27.6,-16.2,-17.8,-22.5,-29.7,-38.7
CRDO,BOTTOM,2023-03-20,8.26,111.1,80.0,166.2,101.3,70.5,132.6,-7.6
CRDO,BREAKOUT,2023-11-20,18.84,20.0,6.0,143.3,8.0,-11.1,110.7,-10.2
CRF,BOTTOM,2023-03-20,3.88,14.9,22.0,23.3,5.0,12.5,-10.3,0.0
CRF,BREAKOUT,2024-04-01,5.01,7.1,14.9,1.0,-0.2,3.7,2.3,-4.9
CRGY,BREAKOUT,2024-09-30,12.0,17.0,-38.5,-27.1,13.3,-27.3,-45.3,-38.5
CRGY,BOTTOM,2025-09-22,9.46,-14.5,43.5,,-19.1,47.2,,-17.3
CRI,BREAKOUT,2017-09-18,73.49,22.7,10.7,2.0,14.9,6.3,-17.2,-1.7
CRI,BREAKOUT,2019-11-04,87.7,-1.5,-26.2,-25.5,-9.5,-21.9,-41.1,-39.0
CRI,BOTTOM,2025-12-01,31.43,6.4,21.5,,8.1,13.3,,-0.6
CRK,BREAKOUT,2019-09-09,9.04,-30.9,-55.7,-50.9,-36.8,-46.0,-64.1,-55.7
CRK,BOTTOM,2019-10-21,6.74,-8.9,7.7,-15.3,-18.4,12.9,-32.2,-40.5
CRK,BREAKOUT,2021-06-07,6.26,21.5,30.2,203.9,16.2,18.5,210.9,-20.8
CRK,BOTTOM,2022-08-08,16.5,6.8,-28.4,-26.8,13.1,-24.8,-32.8,-31.2
CRK,BOTTOM,2023-11-06,10.72,-31.3,-5.3,23.2,-45.5,-24.3,-14.4,-31.3
CRL,BREAKOUT,2018-07-16,124.27,-1.6,-4.1,9.1,-0.8,-0.3,0.8,-11.7
CRL,BOTTOM,2022-04-11,284.63,-22.8,-30.7,-28.4,-11.1,-13.1,-24.2,-34.1
CRL,BOTTOM,2023-01-16,243.17,-17.4,-15.1,-12.8,-21.9,-30.2,-36.5,-21.8
CRL,BOTTOM,2025-09-15,155.39,26.8,-1.2,,24.0,0.6,,-4.4
CRM,BOTTOM,2022-09-12,148.93,-15.3,22.0,41.6,-15.2,20.0,24.8,-15.3
CRM,BREAKOUT,2024-11-04,317.88,1.3,-14.2,-25.0,0.6,-9.2,-38.6,-25.1
CRMD,BREAKOUT,2018-09-17,3.35,70.1,146.3,151.0,87.2,149.6,146.9,0.0
CRMD,BOTTOM,2018-12-17,5.7,44.7,39.8,30.9,28.2,16.5,-4.9,0.0
CRMD,BOTTOM,2019-03-18,8.25,-3.4,1.9,-67.0,-9.2,-5.9,-50.6,-23.0
CRMD,BREAKOUT,2020-11-23,8.96,67.4,-19.3,-43.4,62.4,-35.7,-71.4,-32.5
CRMD,BOTTOM,2020-12-28,7.43,35.8,-6.6,-38.8,28.3,-23.4,-67.5,-18.6
CRMD,BREAKOUT,2022-08-01,7.13,-59.9,-37.3,-40.3,-51.3,-37.9,-50.1,-60.3
CRMD,BOTTOM,2022-09-12,3.38,20.4,2.4,15.7,20.6,0.4,-1.1,-16.3
CRMD,BOTTOM,2023-01-30,4.47,10.7,-4.7,-30.6,10.3,-13.9,-52.4,-23.7
CRMD,BOTTOM,2023-08-07,4.4,-26.8,-27.7,-13.2,-26.0,-41.0,-34.5,-31.8
CRMD,BREAKOUT,2024-04-08,5.84,-18.2,73.3,18.3,-28.1,59.1,12.5,-34.6
CRMD,BREAKOUT,2025-06-02,13.98,-11.3,-24.5,-40.2,-19.6,-39.6,-64.7,-30.8
CRML,BREAKOUT,2025-10-06,14.98,-0.0,-40.8,,-6.6,-45.4,,-53.0
CRML,BOTTOM,2025-11-17,7.13,27.1,54.0,,22.1,40.2,,-1.3
CRNC,BOTTOM,2023-04-17,25.97,-3.7,-35.3,-60.1,-13.8,-38.3,-82.0,-35.3
CRNC,BOTTOM,2025-05-12,9.51,24.4,-12.1,2.9,15.8,-25.8,-22.9,-14.4
CRNC,BOTTOM,2025-11-03,9.28,-16.3,6.4,,-19.5,-4.2,,-34.7
CRNX,BOTTOM,2025-09-08,34.0,48.5,10.3,,44.5,8.9,,-0.3
CRNX,BOTTOM,2026-02-09,42.7,-13.9,,,-22.6,,,-22.9
CROX,BREAKOUT,2019-10-14,32.79,26.8,-29.2,55.8,14.9,-26.4,37.0,-67.2
CROX,BREAKOUT,2020-09-28,45.98,36.3,73.0,206.9,23.8,52.1,175.0,0.0
CROX,BREAKOUT,2023-01-09,125.82,6.7,-1.4,-17.8,2.8,-15.0,-39.3,-15.7
CROX,BOTTOM,2025-07-28,97.13,-15.9,-13.6,,-25.9,-25.5,,-24.4
CROX,BOTTOM,2025-10-27,81.69,2.7,27.2,,1.0,20.9,,-10.2
CROX,BOTTOM,2026-03-16,75.78,65.0,,,49.6,,,0.0
CROX,BREAKOUT,2026-05-18,110.44,,,,,,,0.0
CRS,BREAKOUT,2017-09-18,38.74,15.8,-3.7,34.2,8.0,-8.1,15.0,-3.7
CRS,BOTTOM,2022-05-23,34.74,4.0,14.6,29.4,6.0,16.9,26.5,-27.7
CRSP,BREAKOUT,2017-12-25,23.48,94.7,150.3,13.9,95.7,147.7,19.3,0.0
CRSP,BOTTOM,2019-07-08,49.11,-24.7,22.0,82.2,-23.7,12.6,74.4,-24.7
CRSP,BREAKOUT,2020-06-22,74.04,13.6,127.6,92.5,3.6,103.6,48.2,0.0
CRSP,BOTTOM,2021-08-30,121.96,-42.5,-56.4,-47.7,-42.9,-52.4,-35.5,-56.4
CRSP,BOTTOM,2022-11-28,54.5,-6.7,19.3,26.0,-6.5,13.2,11.4,-25.4
CRSP,BOTTOM,2023-06-26,56.14,-19.1,11.5,-3.8,-15.9,3.5,-28.3,-31.2
CRSP,BOTTOM,2024-06-10,63.56,-23.0,-31.1,-34.9,-26.9,-43.1,-46.3,-31.1
CRSP,BREAKOUT,2025-07-14,65.13,6.2,-17.8,-26.6,0.0,-28.7,-46.4,-22.9
CRSR,BOTTOM,2023-01-30,16.12,10.7,2.3,-21.2,10.2,-6.9,-42.9,0.0
CRSR,BOTTOM,2025-03-24,9.11,4.6,-7.0,-41.6,-6.4,-26.8,-57.0,-33.8
CRSR,BREAKOUT,2026-05-25,12.14,,,,,,,-30.6
CRTO,BOTTOM,2018-08-27,24.81,-6.1,9.4,-21.7,-1.5,11.8,-24.5,-18.6
CRTO,BREAKOUT,2020-11-16,18.25,77.9,104.1,123.8,67.7,86.5,90.0,0.0
CRTO,BREAKOUT,2023-02-06,34.61,-6.9,-13.7,-7.3,-8.1,-23.7,-32.0,-13.8
CRTO,BREAKOUT,2024-03-11,35.12,2.2,23.9,3.2,-4.2,13.3,-8.3,-1.9
CRTO,BOTTOM,2025-03-10,36.23,-33.3,-39.2,-51.1,-39.7,-56.8,-70.1,-39.2
CRUS,BREAKOUT,2019-04-08,44.72,-2.6,25.5,44.4,-6.7,22.4,46.6,-16.4
CRUS,BREAKOUT,2021-01-04,91.12,-6.8,-5.8,-3.2,-15.1,-20.8,-27.1,-18.3
CRUS,BOTTOM,2021-02-22,81.78,-4.5,3.7,7.3,-15.3,-15.5,-9.4,-9.0
CRUS,BREAKOUT,2023-01-23,89.7,-4.4,-9.1,-10.7,-7.3,-22.6,-32.7,-17.7
CRUS,BOTTOM,2023-07-24,81.54,-18.6,-1.8,58.5,-8.8,-9.3,37.7,-18.6
CRUS,BOTTOM,2024-03-04,92.51,27.0,43.0,17.7,22.4,36.8,3.7,-11.3
CRUS,BREAKOUT,2025-09-22,126.14,-4.2,13.7,,-8.8,17.3,,-8.3
CRVL,BREAKOUT,2020-12-14,34.13,3.5,19.1,93.5,-2.3,6.0,67.3,-3.5
CRVL,BREAKOUT,2023-01-30,61.69,12.9,15.4,29.0,12.5,6.2,7.3,-5.0
CRVS,BOTTOM,2017-10-23,14.53,-32.1,-32.9,-48.2,-43.8,-37.3,-53.1,-45.3
CRVS,BOTTOM,2018-07-16,10.48,-23.8,-60.7,-42.3,-23.0,-57.0,-50.6,-65.6
CRVS,BOTTOM,2019-12-23,4.43,-46.7,-35.0,-12.4,-25.7,-28.9,-28.8,-54.6
CRVS,BOTTOM,2020-08-10,4.02,2.7,-12.9,-50.7,-4.0,-30.5,-85.1,-22.6
CRVS,BREAKOUT,2021-09-13,5.32,-48.7,-66.9,-82.7,-53.2,-68.3,-71.3,-71.6
CRVS,BOTTOM,2023-07-31,2.18,-37.2,-3.7,36.7,-34.8,-15.2,15.8,-48.6
CRVS,BOTTOM,2024-12-16,4.99,-13.6,-20.6,50.1,-9.3,-21.8,33.6,-42.9
CRVS,BOTTOM,2026-02-16,16.57,-23.9,,,-32.3,,,-32.9
CRWD,BREAKOUT,2023-10-02,44.17,40.1,78.6,65.4,30.7,57.0,30.2,-2.2
CRWD,BREAKOUT,2025-01-27,99.52,10.7,12.2,10.9,16.2,8.3,-5.4,-19.2
CRWD,BREAKOUT,2026-05-11,148.52,,,,,,,0.0
CRWV,BOTTOM,2026-06-08,100.55,,,,,,,-27.2
CSCO,BOTTOM,2022-08-08,41.7,-3.0,3.2,19.2,3.3,6.8,13.1,-14.2
CSCO,BREAKOUT,2024-09-23,50.56,13.3,16.5,30.3,8.8,18.6,13.0,0.0
CSGP,BREAKOUT,2021-10-18,99.29,-28.6,-38.4,-27.7,-25.6,-33.0,-11.5,-44.2
CSGP,BOTTOM,2022-10-10,70.3,15.3,-1.5,14.2,3.4,-17.8,-8.3,-4.8
CSGP,BREAKOUT,2024-03-11,95.18,-22.3,-17.1,-17.3,-28.8,-27.7,-28.7,-23.1
CSIQ,BOTTOM,2018-06-25,12.24,18.5,18.1,78.3,10.8,25.9,68.2,0.0
CSIQ,BOTTOM,2018-09-17,14.72,-2.7,27.4,50.5,14.4,30.8,46.4,-11.7
CSIQ,BREAKOUT,2019-01-07,17.66,6.6,17.8,27.7,-6.0,0.7,-0.5,-0.8
CSIQ,BOTTOM,2021-04-05,43.37,-5.9,-23.8,-22.3,-12.1,-30.9,-32.5,-25.4
CSIQ,BOTTOM,2022-09-19,36.84,-15.8,4.8,-29.9,-20.3,-3.6,-48.8,-18.0
CSL,BREAKOUT,2017-11-27,102.43,-9.5,-3.5,-5.8,-11.7,-7.9,-11.9,-13.1
CSL,BREAKOUT,2018-07-23,110.97,-21.9,-10.8,17.8,-16.6,-6.2,8.3,-22.2
CSL,BOTTOM,2026-05-04,359.19,,,,,,,-8.2
CSR,BREAKOUT,2024-04-15,58.17,8.2,12.2,-6.9,-3.1,-6.6,-14.6,-0.5
CSTL,BOTTOM,2026-06-15,21.12,,,,,,,0.0
CSTM,BOTTOM,2019-05-27,8.17,47.4,73.1,0.5,40.6,57.8,-12.3,0.0
CSTM,BOTTOM,2023-04-17,14.11,24.9,12.9,46.8,14.8,10.0,25.0,0.0
CSV,BOTTOM,2020-09-14,19.92,40.3,72.7,115.8,28.2,54.0,80.4,-0.7
CSV,BOTTOM,2024-03-25,26.33,-0.3,22.4,45.5,-4.7,12.4,38.0,-11.2
CSW,BREAKOUT,2018-06-04,49.22,9.7,-0.8,29.1,5.8,3.6,23.7,-9.8
CSW,BREAKOUT,2020-10-05,83.37,42.9,64.5,60.1,32.5,45.0,32.1,-0.6
CSW,BREAKOUT,2021-11-08,139.74,-20.1,-25.3,-18.7,-14.7,-11.9,-5.3,-25.8
CSWC,BOTTOM,2023-03-06,11.49,19.4,36.7,59.6,7.5,20.4,25.0,0.0
CSWC,BREAKOUT,2023-06-05,13.71,14.6,23.2,46.9,10.5,15.3,20.9,-2.1
CSX,BREAKOUT,2020-09-14,24.65,13.9,14.4,15.2,1.8,-4.3,-20.2,-3.4
CTAS,BREAKOUT,2021-06-21,90.27,6.4,15.5,1.2,2.0,4.5,8.5,0.0
CTBI,BREAKOUT,2017-10-16,36.33,-2.3,-2.6,-7.9,-11.9,-7.2,-17.3,-12.1
CTBI,BREAKOUT,2022-10-17,38.99,-6.4,-19.2,-15.6,-12.7,-30.2,-29.9,-19.2
CTGO,BREAKOUT,2018-04-23,29.49,-22.0,-32.2,-32.2,-28.1,-32.6,-44.4,-33.9
CTGO,BOTTOM,2018-08-06,23.0,-21.7,-14.8,-30.5,-20.3,-11.3,-35.5,-27.2
CTGO,BOTTOM,2019-04-29,20.0,-20.0,-27.0,-47.5,-20.0,-32.1,-45.6,-27.5
CTGO,BREAKOUT,2020-09-28,17.0,10.3,11.8,23.5,-2.2,-9.1,-8.4,-17.6
CTGO,BOTTOM,2020-10-26,14.0,36.4,51.8,50.0,22.6,23.0,7.4,0.0
CTGO,BREAKOUT,2021-11-22,26.99,-13.0,-18.2,-12.6,-8.7,-9.3,-1.5,-21.3
CTGO,BREAKOUT,2022-09-05,28.37,-16.7,-19.3,-37.7,-13.8,-15.0,-49.0,-22.3
CTGO,BOTTOM,2024-07-29,19.91,4.8,-47.9,-6.3,-2.7,-61.6,-24.4,-49.4
CTGO,BOTTOM,2024-11-25,14.08,-33.5,37.9,72.0,-32.5,39.5,57.2,-33.5
CTGO,BREAKOUT,2025-09-15,24.0,17.9,-28.3,,15.1,-26.6,,-28.3
CTO,BREAKOUT,2019-08-19,10.44,-0.2,-0.1,-32.6,-9.9,-18.3,-54.1,-7.4
CTO,BOTTOM,2020-12-21,8.57,30.6,38.0,60.9,23.0,21.7,31.6,0.0
CTOS,BREAKOUT,2020-11-30,6.69,22.1,62.0,7.9,18.0,46.9,-16.4,-8.2
CTOS,BOTTOM,2021-12-13,7.42,21.2,-34.4,-16.2,24.2,-14.5,-0.9,-34.4
CTOS,BOTTOM,2022-04-18,7.51,-29.0,-11.1,-16.9,-22.2,0.4,-15.3,-35.2
CTOS,BOTTOM,2023-03-20,6.54,1.7,-5.0,-16.2,-8.2,-14.6,-49.8,-5.2
CTOS,BOTTOM,2024-04-08,5.65,-20.2,-39.5,-39.6,-30.1,-53.6,-45.5,-40.7
CTOS,BOTTOM,2025-02-10,5.02,-6.0,17.3,44.6,-3.7,11.2,31.5,-32.1
CTOS,BOTTOM,2025-04-07,3.41,51.0,80.1,112.9,33.9,57.1,84.2,0.0
CTOS,BREAKOUT,2025-07-28,6.16,-4.4,2.6,,-14.4,-9.3,,-12.5
CTRE,BREAKOUT,2020-12-14,17.5,4.2,1.3,0.5,-1.6,-11.8,-25.7,-3.5
CTRE,BREAKOUT,2025-07-28,30.76,9.4,19.0,,-0.6,7.0,,0.0
CTRI,BREAKOUT,2025-12-01,25.58,14.7,16.7,,16.4,8.5,,0.0
CTRN,BOTTOM,2019-04-22,18.62,-21.8,-2.7,-48.5,-25.3,-6.4,-46.9,-27.9
CTRN,BREAKOUT,2019-12-09,21.66,-27.1,-29.1,97.6,-12.4,-26.0,80.0,-67.1
CTRN,BREAKOUT,2020-09-14,24.87,80.2,282.3,181.9,68.0,263.7,146.5,-4.0
CTRN,BOTTOM,2021-12-20,76.36,-58.1,-67.1,-63.8,-54.6,-50.6,-46.5,-68.2
CTRN,BOTTOM,2025-03-17,21.05,38.8,53.9,108.4,33.1,35.5,92.0,-8.6
CTS,BREAKOUT,2017-09-25,23.16,7.0,13.2,43.1,0.2,7.5,25.2,0.0
CTS,BOTTOM,2019-09-02,28.14,-4.2,-14.1,-27.0,-10.3,-14.8,-44.3,-14.1
CTS,BREAKOUT,2022-05-23,39.93,4.9,3.8,13.6,6.9,6.1,10.8,-17.6
CTS,BOTTOM,2025-09-01,42.21,5.1,13.3,,-1.1,8.8,,-13.2
CTS,BREAKOUT,2026-01-26,51.34,11.0,,,6.5,,,-10.9
CTSH,BREAKOUT,2020-10-05,66.63,12.5,10.9,4.6,2.1,-8.6,-23.4,-2.3
CTSH,BREAKOUT,2021-11-08,75.69,6.9,-10.0,-27.8,12.3,3.5,-14.3,-10.0
CTSH,BOTTOM,2023-03-06,57.03,3.2,19.2,29.3,-8.6,2.9,-5.3,-4.3
CTSH,BREAKOUT,2024-11-04,77.78,7.8,-0.7,-7.4,7.0,4.4,-21.0,-13.8
CTVA,BREAKOUT,2020-10-05,31.37,29.8,41.9,29.6,19.4,22.4,1.5,-1.3
CTVA,BREAKOUT,2026-02-23,79.76,-2.1,,,-12.7,,,-4.5
CUBE,BREAKOUT,2017-10-30,19.3,-4.7,8.5,3.7,-11.9,4.6,-3.4,-6.2
CUBE,BREAKOUT,2024-07-08,42.78,6.2,-13.2,-6.4,2.4,-17.5,-19.2,-13.2
CUBI,BOTTOM,2019-05-20,20.57,-10.7,16.1,-49.8,-12.0,5.1,-56.4,-10.7
CUBI,BREAKOUT,2024-07-15,61.88,-24.6,-19.2,3.6,-31.4,-28.8,-12.1,-28.1
CUE,BREAKOUT,2019-11-18,300.9,97.5,200.1,21.7,89.7,204.1,5.3,0.0
CUE,BREAKOUT,2021-11-08,496.8,-62.0,-78.2,-81.0,-56.6,-64.7,-67.6,-78.2
CUE,BOTTOM,2021-12-20,373.2,-59.7,-75.9,-77.9,-56.2,-59.4,-60.6,-76.6
CUE,BOTTOM,2023-01-23,103.2,25.9,11.6,-23.3,23.0,-1.9,-45.2,-29.9
CUE,BREAKOUT,2023-04-24,129.9,-11.3,-58.7,-68.5,-21.6,-58.1,-92.4,-58.7
CUE,BOTTOM,2025-01-20,44.7,-47.3,-40.7,-74.5,-38.2,-46.2,-89.2,-59.6
CUE,BREAKOUT,2026-04-27,30.42,,,,,,,-29.4
CUZ,BREAKOUT,2019-10-21,28.95,5.2,-27.6,-27.4,-4.3,-22.4,-44.3,-41.7
CUZ,BOTTOM,2020-03-23,20.89,5.2,0.0,34.6,-13.7,-30.8,-24.1,-11.9
CUZ,BOTTOM,2020-06-15,23.13,-5.7,12.2,25.5,-13.3,-8.4,-10.9,-15.4
CUZ,BOTTOM,2023-03-06,18.39,-0.3,8.3,14.4,-12.1,-8.0,-20.2,-12.3
CUZ,BREAKOUT,2024-07-08,22.36,22.0,18.9,23.2,18.2,14.6,10.5,-1.4
CVBF,BREAKOUT,2017-09-25,17.39,-2.0,-5.2,-5.4,-8.7,-10.9,-23.2,-6.6
CVBF,BREAKOUT,2021-01-04,17.08,4.6,-4.6,11.3,-3.6,-19.6,-12.6,-8.6
CVBF,BOTTOM,2024-01-15,17.12,-11.5,2.3,12.8,-14.5,-12.2,-12.6,-14.4
CVBF,BREAKOUT,2024-11-04,20.51,-6.3,-11.0,-11.4,-7.0,-6.0,-25.0,-23.9
CVBF,BREAKOUT,2026-02-02,21.02,-4.1,,,-11.2,,,-13.2
CVCO,BOTTOM,2022-12-05,239.1,19.0,16.0,28.3,20.4,5.7,9.5,-5.4
CVCO,BREAKOUT,2023-02-27,293.51,-7.7,-3.1,29.2,-14.0,-15.6,0.3,-10.4
CVCO,BREAKOUT,2023-12-11,332.15,13.5,7.7,45.9,4.5,-8.3,16.0,-4.9
CVCO,BREAKOUT,2025-09-01,545.84,6.0,-1.7,,-0.2,-6.2,,-9.9
CVCO,BOTTOM,2026-04-20,539.59,,,,,,,-15.5
CVE,BOTTOM,2017-10-30,9.06,-16.1,-4.1,-16.5,-23.2,-8.0,-23.6,-29.8
CVE,BREAKOUT,2019-12-23,8.85,-82.9,-55.1,-40.5,-61.9,-49.0,-56.9,-83.2
CVE,BREAKOUT,2021-02-22,6.62,9.9,13.3,107.8,-0.9,-5.8,91.2,0.0
CVE,BOTTOM,2023-01-16,17.43,-7.7,-7.5,-19.9,-12.2,-22.6,-43.6,-18.1
CVI,BREAKOUT,2017-09-18,12.79,52.4,29.9,71.0,44.6,25.5,51.8,0.0
CVI,BREAKOUT,2019-04-01,25.08,20.0,2.9,-64.4,16.1,-0.0,-52.2,-5.2
CVI,BREAKOUT,2021-03-08,16.4,-17.4,-42.1,5.2,-25.4,-55.9,-2.8,-48.7
CVI,BOTTOM,2021-04-12,12.14,-19.2,18.1,55.2,-22.9,10.5,48.9,-30.7
CVI,BOTTOM,2022-02-21,12.65,98.3,124.5,105.0,103.1,131.2,113.0,0.0
CVI,BREAKOUT,2022-03-07,17.25,73.0,54.7,48.1,79.9,57.2,54.7,-10.1
CVI,BOTTOM,2022-12-19,26.03,-5.4,-10.9,14.2,-9.1,-24.8,-11.3,-23.3
CVLG,BREAKOUT,2020-08-10,9.76,-20.7,-10.9,8.0,-27.5,-28.4,-26.3,-32.6
CVLG,BREAKOUT,2021-03-08,10.1,6.2,6.0,3.9,-1.8,-7.8,-4.1,-9.7
CVLG,BREAKOUT,2022-07-25,16.07,6.5,-3.0,71.8,11.6,-2.3,59.0,-16.3
CVLG,BREAKOUT,2023-05-29,19.55,25.0,8.0,18.8,19.2,-0.1,-6.2,-3.5
CVLT,BOTTOM,2020-08-31,40.86,20.0,52.4,105.3,11.6,39.5,71.0,-3.1
CVNA,BREAKOUT,2019-04-08,13.2,2.0,9.5,-7.0,-2.1,6.4,-4.9,-12.3
CVNA,BOTTOM,2024-01-22,8.36,101.7,217.8,475.3,97.1,205.4,449.0,0.0
CVS,BREAKOUT,2020-11-30,62.29,-4.6,17.6,25.1,-8.7,2.5,0.7,-8.8
CVS,BREAKOUT,2025-04-07,66.37,-5.8,14.5,18.5,-23.0,-8.5,-10.2,-11.6
CVSA,BREAKOUT,2017-11-27,40.2,16.7,19.9,43.6,14.4,15.5,37.5,0.0
CVSA,BOTTOM,2020-09-14,25.81,31.5,60.5,53.7,19.3,41.8,18.3,-9.2
CVSA,BREAKOUT,2021-01-11,36.9,8.5,-4.5,-19.5,-3.0,-20.1,-44.9,-7.0
CVSA,BREAKOUT,2022-07-25,40.1,4.3,-4.6,7.0,9.5,-3.9,-5.7,-11.5
CVSA,BOTTOM,2026-06-08,128.4,,,,,,,-8.1
CVX,BREAKOUT,2017-09-18,80.74,7.6,-1.8,7.2,-0.2,-6.2,-12.0,-3.2
CVX,BREAKOUT,2021-02-22,80.47,5.1,1.2,47.2,-5.7,-18.0,30.6,-3.3
CVX,BREAKOUT,2026-01-05,159.08,17.4,10.9,,19.3,1.5,,0.0
CW,BREAKOUT,2017-10-02,105.47,12.6,22.7,20.9,4.5,19.7,5.7,0.0
CW,BOTTOM,2020-06-15,86.73,11.1,27.4,36.3,3.6,6.8,-0.2,-5.0
CW,BOTTOM,2020-12-28,114.0,3.2,4.3,19.9,-4.3,-12.4,-8.9,-10.8
CW,BREAKOUT,2022-10-17,162.86,-3.2,6.4,22.9,-9.5,-4.7,8.6,-3.2
CW,BREAKOUT,2023-06-26,182.29,6.6,21.5,48.1,9.8,13.5,23.6,0.0
CW,BREAKOUT,2025-05-12,409.26,18.9,34.6,74.1,10.3,20.9,48.3,0.0
CWBC,BOTTOM,2020-10-05,11.64,21.1,44.6,61.9,10.7,25.1,33.9,-5.8
CWBC,BREAKOUT,2023-01-23,22.32,-39.9,-30.0,-16.0,-42.8,-43.4,-38.0,-47.0
CWBC,BOTTOM,2023-11-06,14.98,11.7,11.1,27.3,-2.5,-8.0,-10.3,0.0
CWEN,BREAKOUT,2018-08-06,12.63,5.8,-21.4,-2.7,7.3,-17.9,-7.7,-21.4
CWEN,BREAKOUT,2019-09-30,13.79,4.7,-2.9,49.0,-5.3,11.9,33.4,-3.9
CWEN,BREAKOUT,2021-10-25,27.66,-6.4,-12.3,2.5,-3.0,-2.6,16.5,-12.3
CWH,BREAKOUT,2020-01-13,11.82,-52.8,122.2,105.0,-39.7,124.3,89.7,-73.2
CWH,BOTTOM,2022-10-24,24.46,-11.3,-16.3,-36.3,-16.1,-24.1,-43.5,-28.3
CWH,BREAKOUT,2023-06-26,28.14,-31.8,-11.8,-39.3,-28.6,-19.8,-63.8,-44.6
CWH,BOTTOM,2024-07-29,19.62,-1.0,13.7,-30.6,-8.5,0.1,-48.7,-2.9
CWH,BOTTOM,2024-10-28,19.43,14.9,-30.4,-33.1,9.1,-30.3,-54.0,-39.8
CWK,BREAKOUT,2019-12-16,20.62,-49.4,-38.4,-27.0,-21.1,-35.6,-44.2,-55.1
CWK,BOTTOM,2020-06-15,12.71,-9.2,18.5,38.6,-16.8,-2.1,2.2,-19.8
CWK,BREAKOUT,2025-08-18,15.58,2.8,-14.4,,0.4,-21.9,,-17.3
CWK,BOTTOM,2026-04-27,14.11,,,,,,,-11.8
CWST,BREAKOUT,2024-03-11,96.07,0.3,12.5,11.9,-6.1,1.9,0.4,-6.3
CWT,BREAKOUT,2018-11-12,39.1,12.6,11.9,12.4,10.7,6.4,-3.8,0.0
CWT,BREAKOUT,2021-02-01,51.39,1.0,13.5,5.5,-8.2,-1.3,-11.7,-7.9
CWT,BREAKOUT,2026-06-22,49.08,,,,,,,0.0
CX,BOTTOM,2020-03-02,2.86,3.4,8.9,134.6,-4.6,-7.4,103.2,-40.8
CX,BREAKOUT,2020-11-09,4.35,50.5,87.8,48.0,40.3,70.6,15.6,0.0
CX,BOTTOM,2025-02-17,6.46,9.6,37.2,98.9,12.7,29.0,82.6,-21.0
CXM,BOTTOM,2025-04-14,7.1,26.8,7.3,-23.2,7.2,-19.6,-59.7,0.0
CXT,BOTTOM,2020-03-09,17.44,-0.1,-0.5,72.9,-13.8,-25.8,23.8,-27.8
CXT,BOTTOM,2020-06-15,17.41,-2.9,42.5,60.9,-10.5,21.9,24.5,-9.1
CXT,BREAKOUT,2025-09-22,64.35,-25.5,-36.3,,-30.1,-32.7,,-37.5
CXW,BOTTOM,2019-07-22,14.81,0.3,5.6,-39.8,0.0,-4.3,-48.2,-4.6
CXW,BOTTOM,2021-04-19,8.18,18.9,10.0,59.4,13.0,0.6,55.8,-5.0
CXW,BREAKOUT,2022-04-11,13.45,-18.3,-30.1,-30.5,-6.6,-12.5,-26.3,-34.3
CXW,BREAKOUT,2023-10-30,13.3,8.9,14.7,0.1,-5.2,-3.7,-33.1,0.0
CXW,BREAKOUT,2024-11-04,22.52,-18.2,-2.8,-24.7,-18.9,2.2,-38.3,-20.0
CXW,BREAKOUT,2026-06-01,23.21,,,,,,,0.0
CYD,BREAKOUT,2020-07-13,11.2,35.0,26.6,15.3,26.7,8.9,-20.8,-7.4
CYD,BOTTOM,2023-04-17,6.63,48.8,13.3,15.6,38.7,10.4,-6.3,0.0
CYD,BOTTOM,2025-03-31,13.72,75.1,178.3,181.6,50.9,145.1,150.3,-0.1
CYRX,BREAKOUT,2018-05-21,12.02,16.6,-13.3,44.6,10.4,-10.9,38.7,-13.3
CYRX,BOTTOM,2018-12-03,11.26,-4.4,56.0,29.8,-9.2,45.8,8.0,-19.6
CYRX,BREAKOUT,2019-05-13,17.6,39.4,-11.6,35.9,37.8,-21.7,33.7,-20.3
CYRX,BOTTOM,2019-11-11,15.56,20.0,53.7,279.2,11.2,60.9,262.1,-6.3
CYRX,BOTTOM,2021-08-02,61.96,31.2,-39.6,-36.4,24.9,-41.6,-31.2,-39.6
CYRX,BOTTOM,2024-02-19,15.82,-30.2,-44.0,-60.7,-34.8,-55.4,-80.3,-59.0
CYRX,BOTTOM,2024-11-11,6.99,-3.7,-4.4,24.0,-8.2,-6.5,7.9,-23.5
CYRX,BOTTOM,2025-02-10,6.73,-0.7,27.9,24.1,1.5,21.8,10.9,-20.5
CYRX,BOTTOM,2025-07-07,7.55,23.2,39.9,114.2,18.2,27.9,91.8,-4.8
CYTK,BREAKOUT,2019-05-06,10.07,34.2,-18.6,56.5,32.4,-26.8,52.9,-18.6
CYTK,BREAKOUT,2021-04-19,26.49,9.6,39.8,35.6,3.7,30.4,32.0,-27.4
CYTK,BREAKOUT,2023-12-25,83.49,-16.0,-35.1,-43.3,-26.4,-50.3,-70.1,-42.1
CYTK,BOTTOM,2024-04-15,67.55,-16.5,-18.6,-41.6,-27.7,-37.4,-49.2,-28.5
CYTK,BREAKOUT,2025-10-06,60.04,4.1,8.3,,-2.5,3.6,,-3.7
CZR,BOTTOM,2020-10-19,54.69,45.4,75.1,104.9,34.2,53.6,72.0,-18.0
CZR,BREAKOUT,2020-11-23,70.1,33.3,53.3,30.1,28.3,36.9,2.1,-0.3
CZR,BOTTOM,2023-01-30,54.99,-18.7,0.8,-21.1,-19.2,-8.3,-42.8,-23.3
CZR,BOTTOM,2024-11-18,37.6,-6.0,-26.4,-43.3,-7.1,-24.2,-55.3,-38.4
CZR,BOTTOM,2025-08-11,25.33,-21.9,-28.4,,-26.6,-34.9,,-28.4
D,BREAKOUT,2024-05-06,47.88,3.9,11.6,8.9,1.3,-4.0,-0.9,-6.5
DAC,BOTTOM,2017-09-25,16.3,3.6,-10.7,-14.3,-3.2,-16.4,-32.1,-10.7
DAC,BOTTOM,2018-08-13,18.05,-25.8,-46.5,-67.7,-22.3,-44.8,-71.1,-55.5
DAC,BREAKOUT,2020-11-09,9.42,227.5,413.9,563.1,217.4,396.7,530.8,0.0
DAC,BOTTOM,2023-04-17,51.15,16.8,18.0,33.9,6.7,15.0,12.0,-1.0
DAKT,BOTTOM,2021-01-18,5.23,16.4,15.9,-8.2,7.2,0.2,-24.1,-8.2
DAKT,BREAKOUT,2023-03-06,4.65,47.7,94.8,87.5,35.9,78.5,52.9,0.0
DAKT,BREAKOUT,2024-06-24,13.95,-7.2,21.5,11.8,-12.5,11.5,-2.6,-15.3
DAKT,BREAKOUT,2025-09-08,23.39,-19.8,-13.9,,-23.7,-15.3,,-25.1
DAL,BREAKOUT,2018-09-17,55.29,-16.5,-15.4,0.9,0.6,-12.0,-3.3,-19.5
DAL,BREAKOUT,2019-07-08,58.29,-13.6,-2.6,-55.1,-12.6,-11.9,-62.9,-13.6
DAL,BOTTOM,2021-01-04,38.63,23.1,7.2,3.7,14.8,-7.7,-20.2,-5.1
DAL,BREAKOUT,2021-02-22,46.27,-0.5,-13.4,-13.4,-11.3,-32.5,-30.0,-20.5
DAL,BREAKOUT,2024-04-22,48.54,-11.4,9.3,-15.8,-18.9,-5.3,-25.5,-20.8
DAL,BREAKOUT,2025-12-08,69.27,-15.6,19.6,,-13.0,10.2,,-15.6
DAN,BOTTOM,2019-04-29,15.48,-16.1,-3.8,-39.2,-16.1,-8.9,-37.3,-33.2
DAN,BREAKOUT,2020-11-30,17.08,25.0,43.9,16.6,20.8,28.7,-7.7,-2.3
DAN,BOTTOM,2023-01-23,15.99,-15.3,9.3,-20.1,-18.3,-4.2,-42.0,-23.2
DAN,BREAKOUT,2025-01-20,14.74,-13.5,8.5,108.9,-4.3,3.1,94.2,-28.5
DAR,BREAKOUT,2019-11-04,22.6,24.8,-1.8,96.3,16.7,2.5,80.7,-32.9
DAR,BREAKOUT,2020-08-03,31.63,40.2,114.2,123.8,35.2,97.3,89.6,0.0
DAR,BREAKOUT,2021-10-25,84.52,-25.8,-13.2,-7.8,-22.4,-3.5,6.2,-26.2
DAR,BOTTOM,2022-12-12,60.82,-13.0,7.1,-19.6,-15.2,-8.5,-43.9,-13.0
DAR,BOTTOM,2023-08-28,61.91,-26.9,-29.5,-32.6,-29.0,-44.0,-59.3,-32.8
DAR,BREAKOUT,2026-01-19,42.74,40.8,,,36.9,,,0.0
DASH,BOTTOM,2023-03-20,60.67,19.7,25.6,126.2,9.9,16.0,92.6,0.0
DASH,BREAKOUT,2023-07-10,83.96,-10.2,24.0,25.1,-6.6,17.1,-1.3,-15.9
DAVE,BOTTOM,2023-11-27,6.19,268.7,627.9,1494.2,256.5,612.3,1461.2,0.0
DAVE,BREAKOUT,2024-01-15,12.3,170.8,204.9,614.2,167.9,190.4,588.8,0.0
DAVE,BOTTOM,2025-09-15,238.54,-9.8,-12.0,,-12.6,-10.3,,-31.4
DB,BOTTOM,2019-11-11,6.33,51.0,-11.9,46.8,42.2,-4.7,29.7,-21.2
DB,BREAKOUT,2020-11-23,9.83,8.0,32.8,7.7,3.0,16.5,-20.2,-10.9
DB,BREAKOUT,2022-01-31,13.63,-37.5,-42.2,-19.4,-29.5,-35.0,-12.8,-48.7
DB,BOTTOM,2022-03-14,10.63,-17.6,-24.4,-17.7,-0.2,-11.9,-7.0,-34.2
DB,BOTTOM,2023-04-24,9.73,4.1,2.4,66.5,-6.2,3.0,42.5,-6.8
DBRG,BOTTOM,2018-08-27,20.28,2.4,-10.5,-20.1,7.0,-8.1,-22.8,-22.6
DBRG,BREAKOUT,2019-09-23,21.65,-18.6,-61.5,-52.0,-28.5,-48.2,-65.4,-73.6
DBRG,BREAKOUT,2020-11-30,18.89,25.5,53.1,65.5,21.4,38.0,41.2,-0.6
DBRG,BREAKOUT,2021-12-27,32.92,-11.6,-38.8,-67.1,-7.3,-19.6,-48.9,-43.1
DBRG,BOTTOM,2023-06-05,14.3,18.8,14.4,-10.1,14.8,6.6,-36.1,-13.8
DBRG,BOTTOM,2025-11-17,9.15,68.0,71.5,,63.1,57.8,,0.0
DBRG,BREAKOUT,2025-12-01,14.09,9.1,11.1,,10.8,2.9,,-6.6
DBX,BOTTOM,2019-08-19,17.76,6.9,26.4,13.3,-2.8,8.2,-8.3,-5.4
DBX,BOTTOM,2020-03-23,17.75,21.0,7.9,49.8,2.0,-22.9,-9.0,0.0
DBX,BOTTOM,2023-03-06,19.12,25.5,45.8,25.6,13.7,29.5,-9.0,0.0
DBX,BREAKOUT,2023-06-12,25.97,3.8,14.1,-18.3,2.5,6.4,-43.1,-0.1
DBX,BOTTOM,2024-09-09,24.59,21.1,4.2,25.7,13.2,3.4,7.3,0.0
DCH,BREAKOUT,2021-02-01,10.34,1.4,-10.2,-21.6,-7.9,-25.0,-38.8,-11.3
DCH,BREAKOUT,2022-08-08,11.1,-13.2,-17.7,-32.2,-6.9,-14.1,-38.2,-38.5
DCH,BOTTOM,2026-06-08,6.35,,,,,,,-19.2
DCI,BREAKOUT,2018-09-03,49.29,-12.0,-12.5,-7.7,-4.0,-8.9,-13.4,-23.7
DCI,BREAKOUT,2019-11-04,50.45,-5.5,-19.6,-7.8,-13.5,-15.3,-23.3,-35.6
DCI,BOTTOM,2020-09-14,44.63,16.2,23.1,25.5,4.1,4.4,-9.8,-5.6
DCI,BREAKOUT,2024-01-29,64.96,9.9,8.1,7.2,6.2,-0.4,-16.1,-1.3
DCI,BREAKOUT,2025-08-25,78.91,12.8,17.1,,6.6,10.2,,0.0
DCO,BREAKOUT,2019-12-09,51.67,-39.9,-29.7,1.3,-25.2,-26.7,-16.4,-63.0
DCO,BOTTOM,2020-09-14,37.07,41.9,57.1,38.2,29.8,38.4,2.8,-11.2
DCO,BOTTOM,2022-08-01,45.62,2.6,23.5,-3.4,11.2,22.9,-13.2,-13.1
DCO,BREAKOUT,2023-01-09,57.4,-9.3,-19.1,-12.5,-13.2,-32.7,-34.0,-29.0
DCOM,BOTTOM,2024-01-29,19.59,-8.1,10.2,51.8,-11.9,1.8,28.5,-15.3
DCOM,BREAKOUT,2026-01-19,32.39,8.3,,,4.4,,,-2.9
DCTH,BOTTOM,2020-09-14,10.83,65.3,69.1,-15.8,53.2,50.4,-51.2,-9.0
DCTH,BOTTOM,2021-12-13,8.08,-25.7,-55.2,-54.1,-22.7,-35.3,-38.8,-55.2
DCTH,BOTTOM,2026-06-08,11.72,,,,,,,-0.3
DD,BOTTOM,2020-10-26,64.04,40.3,36.8,24.4,26.5,8.0,-18.2,0.0
DD,BREAKOUT,2020-11-23,73.01,9.4,32.1,20.7,4.4,15.7,-7.3,0.0
DD,BREAKOUT,2025-11-03,117.85,18.0,26.2,,14.8,15.6,,-3.2
DDOG,BOTTOM,2022-02-28,142.19,-25.8,-31.8,-45.9,-21.1,-23.3,-40.9,-39.8
DDOG,BOTTOM,2023-07-03,98.02,-3.7,18.3,37.3,-2.0,10.8,9.0,-16.7
DDOG,BREAKOUT,2024-11-18,154.83,-22.7,-26.1,1.8,-23.8,-23.9,-10.3,-43.2
DDOG,BOTTOM,2025-09-15,138.82,1.1,-9.9,,-1.7,-8.2,,-19.5
DDOG,BREAKOUT,2025-11-03,191.24,-41.6,4.7,,-44.8,-5.9,,-44.9
DDS,BOTTOM,2017-12-11,43.65,39.1,56.8,6.3,35.8,51.9,7.3,0.0
DDS,BREAKOUT,2018-02-26,66.16,-5.5,-10.5,-14.1,-7.6,-19.3,-20.2,-19.4
DDS,BOTTOM,2020-11-16,35.86,69.1,190.2,681.2,58.9,172.6,647.4,0.0
DDS,BREAKOUT,2021-01-18,61.84,26.6,129.0,203.1,17.4,113.3,187.2,-1.9
DDS,BREAKOUT,2022-11-07,287.26,16.0,-15.8,-13.1,13.1,-20.0,-25.4,-15.8
DDS,BOTTOM,2023-09-11,271.6,31.4,41.6,16.1,25.2,25.8,-12.0,-8.1
DDS,BREAKOUT,2023-12-11,356.99,7.7,4.8,13.4,-1.2,-11.2,-16.6,-5.9
DDS,BREAKOUT,2024-12-23,434.81,-21.1,-8.6,44.7,-14.8,-12.6,27.3,-31.6
DE,BOTTOM,2020-03-23,123.75,10.9,64.0,180.3,-8.0,33.2,121.5,-6.2
DE,BREAKOUT,2022-11-21,419.84,-5.2,-18.6,-15.1,-4.2,-23.9,-30.0,-18.6
DEA,BREAKOUT,2019-08-05,31.26,16.3,26.7,34.4,9.9,11.7,17.4,0.0
DEA,BREAKOUT,2024-07-22,29.53,-0.0,-13.9,-28.6,-6.7,-26.3,-47.1,-16.6
DEA,BOTTOM,2025-10-13,20.69,7.3,11.4,,2.9,3.9,,-1.6
DEC,BOTTOM,2024-02-26,9.78,26.2,6.5,23.2,23.0,-4.1,5.9,-9.0
DEC,BREAKOUT,2025-08-18,15.34,-10.4,-14.4,,-12.8,-21.8,,-22.6
DEC,BREAKOUT,2026-03-16,15.88,-18.2,,,-33.6,,,-18.3
DECK,BREAKOUT,2020-01-27,31.82,-24.9,9.6,52.9,-13.4,7.1,35.8,-45.6
DECK,BOTTOM,2025-03-03,126.72,-13.8,-5.0,-17.7,-18.2,-18.0,-35.9,-20.3
DEI,BREAKOUT,2019-03-11,28.93,1.5,4.0,-12.5,-1.3,-3.6,-9.6,-2.0
DEI,BOTTOM,2020-06-15,22.13,-14.1,-0.1,19.5,-21.6,-20.7,-16.9,-20.3
DEI,BREAKOUT,2024-07-22,14.1,17.7,11.7,3.2,11.0,-0.7,-15.3,-6.0
DEI,BOTTOM,2025-09-15,15.13,-30.6,-40.7,,-33.4,-39.0,,-40.7
DELL,BOTTOM,2019-12-23,23.51,-24.0,2.5,43.2,-2.9,8.6,26.7,-36.3
DELL,BREAKOUT,2020-07-13,27.84,16.2,23.0,52.9,7.8,5.3,16.8,-0.9
DELL,BREAKOUT,2023-06-12,47.09,40.5,46.0,177.5,39.2,38.4,152.7,0.0
DELL,BREAKOUT,2025-10-06,148.92,-19.6,19.0,,-26.2,14.4,,-23.4
DEO,BREAKOUT,2019-01-28,124.73,12.2,11.1,6.6,2.9,1.7,-14.8,0.0
DEO,BOTTOM,2020-09-07,116.23,18.5,25.7,47.0,8.4,6.8,11.7,-3.9
DFH,BOTTOM,2022-04-18,16.99,-21.6,-41.7,-8.6,-14.7,-30.3,-7.0,-41.7
DFH,BOTTOM,2023-11-27,25.5,51.1,11.4,30.5,39.0,-4.3,-2.6,0.0
DFH,BOTTOM,2025-10-13,23.36,-16.2,-36.6,,-20.6,-44.1,,-42.7
DFIN,BOTTOM,2023-03-20,39.11,8.5,34.8,56.6,-1.4,25.3,23.0,0.0
DFTX,BREAKOUT,2020-03-02,6.0,-9.0,-15.5,615.0,-17.0,-31.9,583.6,-45.7
DFTX,BOTTOM,2020-07-20,4.7,222.7,1059.7,880.8,214.5,1039.4,841.7,0.0
DFTX,BOTTOM,2021-05-31,47.85,-10.7,-42.0,-67.4,-18.2,-50.0,-65.8,-42.0
DFTX,BOTTOM,2023-08-21,3.8,-20.5,29.2,58.4,-24.4,12.9,28.9,-35.0
DFTX,BREAKOUT,2024-02-12,4.92,67.1,29.3,101.0,60.7,17.6,77.4,-0.2
DFTX,BOTTOM,2024-07-08,7.46,-27.5,-7.1,8.0,-31.3,-11.4,-4.7,-27.5
DFTX,BOTTOM,2025-02-17,7.63,-4.3,33.6,124.5,-1.1,25.3,108.2,-28.8
DFTX,BREAKOUT,2025-08-18,10.19,4.8,68.1,,2.4,60.7,,-12.9
DG,BREAKOUT,2017-09-25,71.76,15.1,16.1,36.5,8.4,10.4,18.6,-0.6
DG,BREAKOUT,2018-08-13,95.32,5.0,12.5,29.1,8.6,14.2,25.8,-6.0
DG,BOTTOM,2026-06-22,118.9,,,,,,,-1.1
DGII,BOTTOM,2017-12-18,9.75,5.6,41.5,-0.2,8.8,38.0,8.1,-2.1
DGII,BREAKOUT,2019-09-09,14.37,18.3,-29.1,3.5,12.4,-19.4,-9.6,-29.1
DGII,BREAKOUT,2020-12-07,18.79,5.5,4.6,30.0,-2.5,-12.1,-0.3,-5.4
DGII,BREAKOUT,2021-11-08,24.98,-19.2,-13.0,59.7,-13.8,0.5,73.1,-24.3
DGII,BREAKOUT,2022-05-30,25.72,26.0,59.7,42.0,30.1,59.7,36.0,-11.6
DGII,BOTTOM,2024-05-06,27.39,-0.6,18.1,19.6,-3.3,2.5,9.9,-18.4
DGII,BREAKOUT,2024-11-04,32.34,8.6,1.3,9.5,7.8,6.4,-4.1,-25.4
DGP,BREAKOUT,2019-01-07,27.9,-17.3,-2.0,14.9,-29.9,-19.2,-13.3,-19.8
DGP,BREAKOUT,2022-02-28,52.0,-24.1,-35.9,-26.8,-19.3,-27.3,-21.9,-36.1
DGP,BREAKOUT,2024-03-04,47.87,8.8,26.9,66.9,4.1,20.6,52.9,-1.6
DGX,BREAKOUT,2019-09-16,93.53,0.2,-29.3,8.4,-7.8,-6.8,-4.6,-29.3
DGX,BREAKOUT,2024-05-13,138.4,5.4,12.3,25.8,0.4,1.0,12.1,-5.2
DHC,BREAKOUT,2018-08-13,15.11,-23.9,-21.5,-48.2,-20.4,-19.8,-51.5,-36.8
DHC,BOTTOM,2019-11-25,6.47,-12.5,-50.0,-30.5,-7.2,-47.9,-48.5,-68.1
DHC,BOTTOM,2021-02-08,4.08,-18.6,-15.2,-33.7,-25.0,-29.5,-47.3,-19.5
DHC,BOTTOM,2023-04-10,1.02,142.6,78.2,141.9,133.3,72.8,116.3,-16.9
DHC,BREAKOUT,2023-06-05,2.55,-13.2,-5.9,6.3,-17.2,-13.7,-19.7,-32.5
DHC,BOTTOM,2024-11-04,2.58,0.5,15.9,72.4,-0.3,20.9,58.9,-22.1
DHC,BREAKOUT,2025-09-01,4.1,16.0,68.9,,9.8,64.4,,-1.7
DHI,BREAKOUT,2019-04-08,41.97,0.7,15.4,-8.4,-3.5,12.3,-6.2,-5.4
DHI,BREAKOUT,2021-12-06,104.63,-26.0,-35.4,-21.2,-15.5,-18.8,-6.1,-37.1
DHI,BOTTOM,2022-11-14,78.35,16.6,36.4,58.9,13.3,29.8,43.3,0.0
DHI,BOTTOM,2025-10-13,152.32,1.8,-1.9,,-2.6,-9.4,,-12.9
DHR,BREAKOUT,2024-01-29,242.72,0.9,12.6,-9.2,-2.8,4.1,-32.5,-4.3
DHT,BOTTOM,2020-07-27,3.62,-8.3,6.3,16.5,-8.7,-8.0,-19.8,-8.3
DHT,BREAKOUT,2022-08-01,5.32,31.9,18.7,46.9,40.5,18.1,37.1,0.0
DHT,BREAKOUT,2025-05-12,10.94,-3.6,17.6,55.6,-12.2,3.9,29.8,-6.5
DIN,BREAKOUT,2018-02-19,50.12,-3.9,19.4,49.7,-3.4,13.9,46.2,-8.3
DIN,BOTTOM,2020-10-05,49.25,8.2,55.1,37.7,-2.2,35.6,9.6,-15.1
DIN,BOTTOM,2023-03-20,56.33,-12.7,-20.5,-31.1,-22.6,-30.1,-64.8,-20.5
DINO,BOTTOM,2021-06-28,27.63,4.1,0.6,41.3,3.6,-9.7,52.1,-13.7
DINO,BREAKOUT,2024-03-18,55.86,-12.6,-23.4,-42.9,-17.4,-33.1,-52.5,-25.2
DINO,BREAKOUT,2025-08-18,47.21,9.6,6.0,,7.2,-1.5,,-4.5
DIOD,BREAKOUT,2018-06-04,36.52,-5.9,-13.6,-9.6,-9.8,-9.2,-15.0,-23.0
DIOD,BREAKOUT,2019-02-11,42.08,-19.3,-10.6,16.9,-22.8,-15.8,-7.1,-26.5
DIOD,BOTTOM,2020-06-15,49.54,-0.7,36.6,51.4,-8.2,16.0,15.0,-3.0
DIOD,BREAKOUT,2020-10-05,63.47,21.4,25.6,38.6,11.0,6.0,10.6,-8.9
DIOD,BOTTOM,2023-01-02,79.58,6.4,10.4,-7.6,0.6,-3.5,-30.0,0.0
DIOD,BREAKOUT,2023-01-30,94.18,-8.6,-8.5,-28.4,-9.1,-17.7,-50.1,-15.4
DIOD,BOTTOM,2024-08-19,71.28,-14.0,-21.3,-21.1,-20.3,-28.7,-37.3,-25.6
DIS,BOTTOM,2020-10-05,121.18,43.0,50.3,41.4,32.6,30.8,13.4,-3.0
DIS,BOTTOM,2023-04-17,96.54,-12.4,-17.0,13.5,-22.6,-19.9,-8.4,-18.6
DJCO,BREAKOUT,2019-09-16,249.79,15.5,-12.3,2.6,7.5,10.2,-10.4,-12.3
DJCO,BREAKOUT,2020-08-03,310.1,-11.3,8.2,10.6,-16.4,-8.6,-23.6,-21.1
DJCO,BOTTOM,2025-10-06,417.12,45.9,26.8,,39.3,22.1,,-6.0
DJCO,BOTTOM,2026-03-23,491.76,16.8,,,1.6,,,-5.9
DK,BOTTOM,2019-07-01,31.89,-10.8,-17.5,-56.1,-9.9,-26.6,-62.8,-23.0
DK,BOTTOM,2020-11-30,13.56,53.2,55.6,-0.5,49.0,40.5,-24.8,-6.3
DK,BREAKOUT,2022-05-02,23.51,-12.0,14.1,-22.8,-13.0,21.9,-24.8,-16.9
DK,BOTTOM,2022-07-11,19.72,14.4,9.8,3.2,21.1,5.4,-15.4,-0.9
DK,BOTTOM,2022-12-26,23.33,-14.2,-9.6,-0.8,-21.7,-26.3,-27.0,-22.2
DK,BOTTOM,2023-11-06,22.99,10.9,9.0,-27.4,-3.3,-10.1,-65.0,-4.8
DK,BREAKOUT,2024-03-18,27.86,-20.7,-34.5,-42.0,-25.5,-44.2,-51.6,-35.5
DK,BOTTOM,2025-02-17,15.64,20.4,53.6,117.1,23.6,45.4,100.8,-26.3
DK,BREAKOUT,2025-06-30,22.43,41.0,31.2,134.6,33.7,21.3,114.1,-10.7
DKNG,BOTTOM,2021-08-23,60.01,-39.9,-63.0,-72.5,-42.2,-60.9,-63.8,-71.2
DKNG,BREAKOUT,2023-04-17,21.97,41.5,23.2,85.2,31.4,20.3,63.3,-0.3
DKNG,BOTTOM,2025-01-06,39.49,-13.3,8.8,-10.9,-5.6,0.8,-31.9,-19.8
DKNG,BREAKOUT,2025-02-10,53.49,-31.0,-16.0,-59.3,-28.8,-22.1,-72.4,-40.8
DKS,BOTTOM,2018-04-16,24.73,11.8,8.0,25.9,6.4,3.4,15.1,-4.0
DKS,BREAKOUT,2020-08-24,44.68,12.5,35.8,165.7,8.4,26.4,135.4,-3.7
DKS,BOTTOM,2022-10-31,100.61,23.8,30.0,7.6,13.7,19.5,-9.7,-1.5
DKS,BREAKOUT,2023-12-25,139.0,53.8,47.7,62.5,43.4,32.5,35.7,-5.5
DLB,BREAKOUT,2017-09-11,51.67,7.2,16.9,23.4,-0.3,5.9,5.1,-1.6
DLB,BREAKOUT,2020-10-26,68.96,17.5,35.8,18.8,3.7,7.1,-23.8,0.0
DLO,BOTTOM,2025-01-20,11.33,-23.2,-6.0,24.9,-14.0,-11.4,10.3,-33.0
DLR,BREAKOUT,2019-04-01,95.72,-0.2,8.3,15.4,-4.1,5.3,27.7,-8.1
DLR,BREAKOUT,2021-06-07,135.77,-3.5,4.5,-16.5,-8.8,-7.1,-9.6,-12.0
DLR,BOTTOM,2023-03-06,91.27,2.9,29.7,52.0,-9.0,13.4,17.4,-11.4
DLTR,BOTTOM,2020-10-26,90.32,12.6,27.2,19.3,-1.3,-1.5,-23.3,0.0
DLTR,BREAKOUT,2021-11-15,134.96,5.8,-5.2,21.0,12.9,11.1,35.3,-6.5
DLTR,BOTTOM,2024-04-08,125.19,-14.2,-44.9,-42.4,-24.2,-59.1,-48.2,-46.9
DLTR,BOTTOM,2025-03-24,72.75,35.7,30.7,47.1,24.7,10.9,31.7,-7.1
DLTR,BREAKOUT,2025-07-07,109.36,-19.9,21.0,14.2,-24.9,9.1,-8.2,-19.9
DLX,BREAKOUT,2017-12-11,51.98,-2.1,-10.1,-44.5,-5.4,-15.0,-43.5,-11.2
DLX,BREAKOUT,2019-10-21,36.63,-5.0,-48.6,-48.2,-14.6,-43.4,-65.1,-56.4
DLX,BOTTOM,2020-08-17,21.26,-9.3,39.8,43.6,-14.4,23.9,11.0,-25.5
DLX,BOTTOM,2023-03-06,14.25,1.0,16.1,19.1,-10.9,-0.2,-15.5,-16.8
DLX,BREAKOUT,2025-12-08,21.77,20.5,9.3,,23.0,-0.2,,-0.4
DMC,BREAKOUT,2019-09-23,31.69,-6.3,-22.8,-39.9,-16.1,-9.5,-53.4,-26.8
DMC,BOTTOM,2020-08-10,20.85,-5.0,9.7,32.7,-11.7,-7.9,-1.6,-13.2
DMC,BOTTOM,2021-03-01,24.39,23.8,15.0,-5.1,13.3,-3.8,-19.3,-0.6
DMC,BOTTOM,2021-11-29,21.32,8.5,2.9,13.6,12.9,11.8,22.5,-2.8
DMC,BREAKOUT,2023-02-20,27.62,-13.4,-14.6,-20.7,-19.8,-26.4,-50.8,-16.9
DMC,BREAKOUT,2024-07-29,25.48,17.2,13.7,41.7,9.7,0.0,23.5,-0.9
DMRA,BOTTOM,2022-10-10,47.62,13.4,-0.3,-67.6,1.4,-16.6,-90.1,-39.6
DMRA,BREAKOUT,2023-01-30,67.75,-20.8,-0.7,-77.1,-21.3,-9.9,-98.8,-37.3
DMRA,BOTTOM,2023-04-10,47.5,26.3,-67.5,-64.2,17.0,-72.8,-89.8,-70.4
DMRA,BOTTOM,2024-03-11,20.45,-35.2,-36.8,-80.2,-41.7,-47.4,-91.7,-45.4
DMRA,BREAKOUT,2025-10-06,12.66,61.9,103.9,,55.3,99.3,,-60.9
DMRA,BOTTOM,2025-12-15,27.17,-33.2,-21.9,,-28.8,-32.2,,-33.2
DNA,BOTTOM,2022-09-12,119.6,-42.1,-57.2,-35.5,-42.0,-59.2,-52.3,-58.5
DNA,BOTTOM,2023-09-18,70.8,-1.1,-39.5,-88.7,-11.6,-61.5,-122.5,-39.5
DNA,BREAKOUT,2025-09-29,16.14,-46.1,-57.2,,-48.5,-55.8,,-63.3
DNA,BOTTOM,2025-10-20,13.57,-26.2,-42.0,,-28.2,-48.0,,-56.3
DNLI,BREAKOUT,2019-02-25,22.88,-16.7,-21.3,-13.6,-15.2,-26.6,-21.2,-22.2
DNLI,BOTTOM,2020-03-02,18.18,42.6,69.7,235.8,34.6,53.4,204.4,-10.8
DNLI,BOTTOM,2022-10-31,28.32,11.9,-6.4,-22.9,1.9,-16.9,-40.2,-19.1
DNLI,BOTTOM,2024-10-21,26.15,-15.0,-40.0,-39.0,-20.4,-35.7,-57.4,-55.0
DNLI,BOTTOM,2026-01-05,17.08,12.6,50.4,,14.4,41.0,,0.0
DNOW,BREAKOUT,2021-02-08,10.33,9.4,-27.6,-9.2,2.9,-41.9,-22.9,-27.6
DNOW,BOTTOM,2022-01-24,8.72,25.0,26.8,53.9,31.5,32.9,60.6,0.0
DNOW,BOTTOM,2023-09-04,11.3,-4.0,30.4,6.5,-7.6,14.6,-16.5,-14.8
DNOW,BREAKOUT,2024-02-26,14.19,2.8,-8.2,12.6,-0.3,-18.9,-4.7,-10.6
DNOW,BREAKOUT,2025-02-10,17.18,-11.1,-15.7,-4.4,-8.9,-21.8,-17.5,-20.5
DNOW,BOTTOM,2026-03-16,11.55,16.9,,,1.5,,,0.0
DNP,BREAKOUT,2024-08-19,8.09,2.6,4.6,13.8,-3.7,-2.8,-2.5,-1.7
DNTH,BREAKOUT,2021-03-01,206.4,-6.2,-49.5,-80.2,-16.7,-68.3,-94.3,-51.6
DNTH,BOTTOM,2023-09-04,12.16,-21.9,106.7,118.9,-25.5,90.9,95.9,-40.5
DNTH,BREAKOUT,2024-01-22,17.88,20.2,62.0,18.6,15.6,49.6,-7.7,0.0
DNTH,BOTTOM,2024-05-27,21.61,33.4,11.0,-19.5,26.2,-4.0,-32.7,-6.8
DNTH,BREAKOUT,2025-09-08,37.16,13.4,109.5,,9.4,108.2,,-11.4
DOC,BOTTOM,2020-06-15,19.06,2.4,16.3,31.5,-5.2,-4.3,-5.0,-0.3
DOC,BREAKOUT,2026-05-04,19.44,,,,,,,-2.0
DOCN,BOTTOM,2023-08-21,28.86,0.1,30.0,31.7,-3.8,13.7,2.1,-28.8
DOCN,BOTTOM,2024-04-15,32.43,1.2,33.6,-15.6,-10.0,14.8,-23.2,-11.5
DOCN,BOTTOM,2025-07-14,29.52,40.3,78.7,302.8,34.1,67.9,283.1,-12.8
DOCN,BREAKOUT,2025-11-03,49.48,27.2,231.3,,23.9,220.8,,-11.5
DOCS,BOTTOM,2023-03-06,29.08,8.9,-22.0,-4.0,-2.9,-38.3,-38.6,-23.4
DOCS,BREAKOUT,2024-08-05,35.6,63.6,122.6,87.0,51.0,109.1,66.0,0.0
DOCS,BOTTOM,2025-11-03,54.29,-48.9,-52.1,,-52.2,-62.7,,-61.2
DOCU,BOTTOM,2023-04-17,51.05,2.0,-21.1,9.1,-8.1,-24.0,-12.8,-21.1
DOCU,BOTTOM,2025-07-07,73.55,-7.0,-6.4,-33.1,-12.0,-18.4,-55.5,-11.8
DOCU,BOTTOM,2026-07-06,49.18,,,,,,,0.0
DOLE,BREAKOUT,2024-07-15,13.08,20.0,-1.2,3.7,13.2,-10.7,-12.1,-8.1
DOO,BOTTOM,2019-04-22,30.19,11.3,36.6,-29.9,7.9,32.8,-28.3,-11.8
DOO,BREAKOUT,2019-10-14,40.66,12.2,-57.3,35.3,0.2,-54.5,16.5,-67.1
DOO,BREAKOUT,2020-10-05,55.41,15.7,54.8,57.3,5.3,35.3,29.3,-16.8
DOO,BREAKOUT,2023-01-30,86.52,-17.1,-1.1,-29.3,-17.6,-10.3,-51.0,-19.4
DOO,BOTTOM,2024-04-29,67.17,0.9,-27.3,-49.3,-3.7,-39.7,-61.5,-27.3
DORM,BREAKOUT,2020-08-03,85.97,10.3,15.3,16.1,5.2,-1.5,-18.1,-5.5
DORM,BREAKOUT,2021-11-01,114.21,-19.9,-15.8,-30.6,-16.0,-4.2,-12.1,-20.5
DORM,BOTTOM,2023-03-06,83.45,0.6,-5.8,8.8,-11.2,-22.1,-25.8,-8.0
DORM,BREAKOUT,2024-02-26,93.22,-1.3,21.7,41.0,-4.5,11.1,23.7,-5.2
DORM,BREAKOUT,2025-08-11,152.48,-13.6,-14.0,,-18.3,-20.5,,-18.6
DOV,BOTTOM,2020-06-15,87.82,19.2,31.6,53.0,11.6,11.0,16.6,-2.4
DOV,BREAKOUT,2020-11-09,113.67,0.8,24.8,43.4,-9.3,7.6,11.1,-4.4
DOW,BREAKOUT,2020-11-16,40.28,11.7,28.8,9.5,1.5,11.1,-24.3,-4.0
DOW,BOTTOM,2023-04-17,45.46,-2.0,-8.3,8.9,-12.1,-11.2,-13.0,-8.3
DOW,BOTTOM,2025-12-01,22.46,46.7,51.2,,48.3,43.1,,0.0
DOW,BREAKOUT,2026-03-09,36.25,-6.6,,,-18.9,,,-23.6
DOX,BREAKOUT,2021-02-01,66.28,2.9,2.5,4.8,-6.4,-12.3,-12.5,-3.1
DOX,BREAKOUT,2024-11-04,87.66,-6.2,0.4,-6.0,-7.0,5.5,-19.6,-10.3
DPZ,BREAKOUT,2019-11-25,270.28,15.6,31.7,33.8,20.9,33.8,15.9,-6.2
DQ,BOTTOM,2019-04-01,7.25,20.1,25.2,41.9,16.2,22.2,54.1,-9.6
DQ,BREAKOUT,2019-06-03,8.48,20.3,7.9,38.9,16.2,-2.6,25.6,-13.4
DQ,BOTTOM,2022-06-13,58.44,-3.5,-23.7,-27.0,-9.3,-29.4,-49.1,-23.7
DQ,BOTTOM,2024-06-10,18.92,-14.4,-2.8,-26.5,-18.3,-14.8,-37.9,-22.8
DQ,BOTTOM,2025-02-24,20.25,-34.0,25.2,19.1,-33.5,16.0,2.3,-36.3
DQ,BREAKOUT,2025-09-01,29.21,7.0,-24.1,,0.7,-28.6,,-24.1
DRD,BOTTOM,2019-04-01,1.44,49.7,149.9,216.8,45.8,146.9,229.0,-11.3
DRD,BREAKOUT,2019-06-17,2.18,50.2,65.9,356.9,48.2,55.8,349.9,-2.4
DRD,BREAKOUT,2023-03-27,8.79,10.9,-10.1,-10.0,2.2,-15.3,-39.6,-10.1
DRH,BREAKOUT,2019-12-16,9.87,-65.0,-49.3,-27.0,-36.8,-46.5,-44.3,-65.0
DRH,BOTTOM,2020-06-15,5.01,-5.8,43.8,75.6,-13.4,23.2,39.2,-18.4
DRH,BOTTOM,2021-01-04,7.58,18.0,9.7,17.5,9.7,-5.3,-6.4,-4.3
DRH,BREAKOUT,2025-12-08,8.97,1.5,32.0,,4.1,22.6,,-0.8
DRI,BREAKOUT,2017-12-18,75.27,-12.0,14.5,5.7,-8.9,10.9,14.1,-12.0
DRI,BREAKOUT,2021-01-04,104.08,15.8,21.1,20.5,7.5,6.1,-3.4,-6.0
DRS,BREAKOUT,2019-04-08,3.21,5.5,57.5,29.8,1.4,54.5,32.0,-3.4
DRS,BREAKOUT,2022-03-21,16.2,-31.6,-37.2,-21.8,-18.2,-19.2,-10.7,-44.9
DRS,BOTTOM,2022-06-13,11.48,-9.0,3.7,45.5,-14.8,-2.0,23.5,-22.3
DRS,BREAKOUT,2026-05-25,48.76,,,,,,,-12.9
DRTS,BREAKOUT,2025-01-13,3.91,-34.3,-22.3,82.1,-22.6,-27.9,65.0,-35.5
DRTS,BOTTOM,2025-03-03,2.77,9.2,30.2,131.8,4.9,17.1,113.7,-8.9
DRTS,BREAKOUT,2025-09-15,4.09,24.0,72.9,,21.1,74.6,,-9.2
DRUG,BOTTOM,2024-08-19,1.01,3398.0,3463.4,4252.5,3391.8,3456.0,4236.2,0.0
DRUG,BREAKOUT,2024-10-14,47.21,-22.1,-29.9,33.7,-24.7,-20.5,18.7,-38.9
DRUG,BOTTOM,2025-03-03,34.5,-20.0,22.4,122.8,-24.3,9.4,104.7,-32.6
DRUG,BREAKOUT,2025-09-15,53.28,57.7,34.4,,54.8,36.1,,-1.1
DRVN,BREAKOUT,2022-09-05,34.42,-14.4,-20.7,-60.1,-11.5,-16.4,-71.5,-22.2
DRVN,BOTTOM,2023-05-29,25.41,-41.5,-46.1,-54.8,-47.3,-54.2,-79.8,-56.7
DRVN,BOTTOM,2024-04-29,11.59,17.1,27.3,47.8,12.5,14.9,35.5,-3.8
DRVN,BREAKOUT,2024-11-04,16.35,-1.7,8.1,-15.3,-2.4,13.2,-28.8,-8.7
DSGN,BREAKOUT,2022-08-01,21.93,-29.5,-63.5,-65.2,-20.9,-64.1,-75.0,-64.2
DSGN,BOTTOM,2022-10-31,15.46,-48.2,-51.0,-85.8,-58.3,-61.5,-103.2,-66.4
DSGN,BOTTOM,2024-06-10,3.71,49.3,50.9,3.5,45.4,38.9,-7.9,-9.7
DSGN,BREAKOUT,2025-10-06,6.75,39.1,80.1,,32.5,75.5,,-15.1
DSGX,BREAKOUT,2018-06-11,31.4,7.8,-14.2,21.0,2.8,-8.6,15.0,-14.2
DSGX,BREAKOUT,2019-03-25,36.38,1.6,9.0,-13.5,-2.7,3.4,-5.0,-5.8
DSGX,BOTTOM,2020-03-16,30.66,69.1,69.2,99.3,33.6,23.4,26.4,0.0
DSGX,BOTTOM,2022-12-19,68.5,13.2,11.7,21.3,9.5,-2.3,-4.3,0.0
DSGX,BOTTOM,2026-05-11,67.7,,,,,,,-0.5
DSGX,BOTTOM,2026-07-06,72.07,,,,,,,0.0
DSL,BOTTOM,2020-10-26,8.17,10.6,23.1,24.7,-3.2,-5.7,-18.0,0.0
DT,BOTTOM,2023-03-13,38.76,32.1,19.8,17.7,19.0,5.3,-14.9,0.0
DT,BOTTOM,2025-01-06,50.69,-15.0,1.4,-16.6,-7.2,-6.7,-37.6,-17.1
DTM,BREAKOUT,2025-09-22,111.09,7.1,21.2,,2.5,24.8,,-6.8
DUK,BREAKOUT,2018-11-12,64.31,2.0,2.8,6.6,0.1,-2.7,-9.5,-2.4
DUOL,BREAKOUT,2023-02-27,119.27,30.7,24.9,98.3,24.5,12.4,69.5,-1.2
DUOT,BOTTOM,2018-10-15,7.0,8.0,44.0,-6.0,11.0,37.9,-16.0,-12.0
DUOT,BOTTOM,2019-07-29,7.56,-9.6,-3.4,-36.9,-14.7,-14.4,-50.7,-26.1
DUOT,BOTTOM,2020-03-02,5.69,-8.0,-30.9,11.8,-15.9,-47.3,-19.6,-30.9
DUOT,BREAKOUT,2021-02-08,6.7,45.5,-9.3,-22.2,39.1,-23.6,-35.9,-10.0
DUOT,BOTTOM,2022-09-26,4.06,-50.7,-31.0,26.5,-58.3,-46.6,4.9,-50.7
DUOT,BOTTOM,2023-05-01,3.73,50.7,-2.9,-17.7,42.0,-9.1,-43.4,-16.9
DUOT,BOTTOM,2024-07-01,2.77,8.7,172.2,187.7,5.0,164.8,173.6,-15.9
DUOT,BREAKOUT,2024-11-25,5.53,9.2,38.3,82.1,10.3,39.9,67.3,-25.9
DV,BOTTOM,2022-12-12,23.54,7.5,58.0,51.0,5.3,42.5,26.7,-7.3
DV,BOTTOM,2024-04-08,32.36,-38.3,-47.2,-61.2,-48.3,-61.4,-67.0,-47.2
DV,BOTTOM,2025-03-17,14.08,1.9,-9.5,-28.6,-3.8,-27.9,-44.9,-11.6
DVA,BOTTOM,2019-09-30,56.0,34.1,17.0,50.5,24.0,31.8,34.9,0.0
DVA,BREAKOUT,2023-05-15,100.33,1.2,-4.2,39.4,-3.4,-12.6,11.1,-27.0
DVN,BOTTOM,2019-07-08,20.41,-25.5,-11.7,-63.4,-24.5,-21.1,-71.2,-30.6
DVN,BOTTOM,2025-10-27,31.89,24.6,57.4,,22.8,51.2,,0.0
DX,BREAKOUT,2025-10-13,11.94,13.7,9.7,,9.3,2.2,,-1.9
DXC,BOTTOM,2020-10-26,18.42,53.1,78.7,76.8,39.3,49.9,34.2,-1.7
DXC,BOTTOM,2023-03-06,25.51,2.4,-19.4,-18.2,-9.4,-35.8,-52.8,-24.3
DXCM,BREAKOUT,2018-04-30,20.86,47.8,59.0,47.3,40.7,55.8,34.6,0.0
DXCM,BOTTOM,2022-03-28,132.89,-41.6,-39.4,-12.6,-26.1,-18.9,-4.5,-48.2
DXCM,BOTTOM,2023-01-09,108.47,6.7,26.6,15.2,2.8,13.0,-6.2,-1.6
DXCM,BREAKOUT,2024-03-25,138.7,-18.3,-51.5,-51.2,-22.6,-61.4,-58.7,-53.9
DXCM,BOTTOM,2024-11-04,69.96,25.9,21.0,-21.4,25.1,26.1,-34.9,-14.5
DXPE,BOTTOM,2018-02-26,30.28,27.8,51.6,15.7,25.7,42.7,9.5,0.0
DXPE,BOTTOM,2019-05-20,33.99,-11.3,14.8,-53.9,-12.5,3.8,-60.5,-11.3
DXPE,BOTTOM,2020-06-15,19.61,-9.7,13.9,48.3,-17.3,-6.7,11.9,-20.2
DXPE,BREAKOUT,2021-11-01,35.33,-19.3,-34.8,-17.5,-15.4,-23.1,1.0,-34.8
DXPE,BOTTOM,2022-10-31,29.15,6.8,-15.6,17.0,-3.3,-26.1,-0.3,-15.6
DXPE,BREAKOUT,2023-06-05,35.72,1.5,-9.9,34.2,-2.6,-17.7,8.2,-16.9
DXPE,BREAKOUT,2024-03-04,45.22,6.0,10.0,74.0,1.3,3.8,60.0,-3.6
DXPE,BREAKOUT,2024-11-04,71.1,40.5,19.1,42.1,39.8,24.2,28.6,-3.0
DXYZ,BREAKOUT,2026-05-04,54.6,,,,,,,-54.5
DXYZ,BOTTOM,2026-06-29,24.84,,,,,,,0.0
DY,BREAKOUT,2017-11-27,109.41,0.1,-15.2,-39.4,-2.2,-19.6,-45.6,-15.2
DY,BOTTOM,2020-06-15,38.99,42.1,81.3,81.1,34.5,60.7,44.7,-1.8
DY,BREAKOUT,2020-08-24,57.52,9.6,33.1,34.7,5.4,23.7,4.4,-4.6
DYN,BOTTOM,2022-10-17,11.78,17.8,-3.7,-38.5,11.6,-14.7,-52.8,-22.8
DYN,BREAKOUT,2024-01-01,17.96,47.2,91.5,37.9,36.1,72.3,9.7,-13.0
DYN,BOTTOM,2025-12-01,20.28,-26.7,-16.0,,-25.1,-24.2,,-26.7
DYN,BREAKOUT,2026-06-29,23.07,,,,,,,0.0
EA,BREAKOUT,2019-12-16,104.76,-19.5,20.6,32.3,8.8,23.4,15.0,-19.5
EA,BREAKOUT,2023-07-10,135.32,-4.3,0.7,6.7,-0.6,-6.2,-19.7,-13.8
EAT,BREAKOUT,2018-04-23,41.54,10.2,-1.6,3.6,4.1,-2.0,-8.6,-5.6
EAT,BREAKOUT,2023-12-18,42.84,7.6,66.3,213.4,-2.8,50.6,187.0,-10.8
EBAY,BREAKOUT,2020-05-04,38.02,31.5,21.1,43.7,16.6,0.3,-3.0,-0.1
EBAY,BREAKOUT,2021-02-01,56.68,-3.6,5.9,-3.7,-12.9,-9.0,-20.9,-13.3
EBAY,BOTTOM,2023-03-06,39.67,9.6,4.5,22.6,-2.2,-11.8,-12.0,0.0
EBAY,BREAKOUT,2026-04-13,104.36,7.4,,,2.4,,,-6.4
EBC,BOTTOM,2023-12-04,12.0,3.4,2.8,44.9,-8.2,-14.1,11.0,-1.6
EBC,BREAKOUT,2024-07-08,14.04,13.4,13.1,9.9,9.6,8.8,-2.9,0.0
EBC,BREAKOUT,2025-11-24,18.43,4.6,6.2,,3.9,-5.1,,-0.8
EBS,BOTTOM,2019-12-23,54.0,-5.1,39.4,73.8,15.9,45.5,57.4,-8.6
EBS,BREAKOUT,2020-02-17,65.94,28.3,94.2,56.3,39.2,91.3,37.1,-25.2
EBS,BOTTOM,2021-08-30,63.21,-33.7,-34.2,-63.6,-34.1,-30.2,-51.4,-47.6
EBS,BOTTOM,2024-05-20,4.76,100.2,99.2,34.5,93.7,86.0,23.7,0.0
EBS,BREAKOUT,2024-07-01,7.93,17.9,30.1,-11.9,14.3,22.7,-26.0,-17.4
EBS,BOTTOM,2024-09-09,7.87,7.8,-27.4,3.4,-0.1,-28.2,-15.0,-27.4
EBS,BOTTOM,2025-09-22,8.91,39.5,-11.0,,34.9,-7.4,,-11.0
EBS,BREAKOUT,2025-10-27,12.48,-9.1,-32.1,,-10.9,-38.4,,-36.5
EC,BREAKOUT,2019-12-23,9.64,-54.4,-40.6,-29.8,-33.4,-34.5,-46.3,-64.4
EC,BOTTOM,2021-02-15,6.31,1.1,8.8,26.1,-5.6,-5.6,13.3,-1.6
EC,BOTTOM,2021-08-02,6.7,16.6,15.3,-5.6,10.4,13.3,-0.4,0.0
EC,BOTTOM,2023-02-27,7.01,-8.1,11.1,22.4,-14.3,-1.4,-6.5,-15.9
EC,BOTTOM,2025-01-27,7.98,-2.7,-1.0,50.1,2.9,-4.9,33.8,-2.7
EC,BOTTOM,2025-05-05,7.77,4.8,21.6,62.6,-8.5,2.0,30.4,0.0
ECAT,BREAKOUT,2023-03-27,8.72,2.8,-0.5,22.9,-5.9,-5.7,-6.7,-1.5
ECHO,BOTTOM,2020-06-15,29.34,-3.0,-30.5,-8.3,-10.6,-51.1,-44.8,-30.5
ECHO,BOTTOM,2023-04-03,18.03,2.6,-20.4,-26.2,-5.0,-26.1,-54.8,-20.4
ECHO,BREAKOUT,2023-08-07,23.01,-56.6,-41.2,-27.2,-55.8,-54.6,-48.4,-56.6
ECO,BREAKOUT,2025-10-13,28.83,28.3,72.3,,23.9,64.8,,0.0
ECPG,BOTTOM,2019-04-29,28.73,21.5,18.4,-18.0,21.5,13.3,-16.1,0.0
ECPG,BREAKOUT,2020-08-03,42.98,-27.1,-23.3,12.2,-32.2,-40.2,-22.0,-30.9
ECPG,BOTTOM,2020-10-05,38.45,-12.5,1.0,31.1,-22.9,-18.5,3.1,-22.8
ECPG,BREAKOUT,2021-05-31,47.37,1.9,24.0,27.4,-5.6,16.0,29.0,-3.2
ECPG,BOTTOM,2023-03-20,45.27,3.6,0.9,3.0,-6.2,-8.6,-30.6,-2.3
ECPG,BOTTOM,2025-03-24,34.26,15.1,27.6,101.0,4.1,7.8,85.6,-14.4
ECPG,BREAKOUT,2025-11-24,51.89,31.6,54.0,,30.9,42.7,,0.0
ECVT,BREAKOUT,2021-01-04,12.3,9.7,-0.9,-17.8,1.5,-15.9,-41.7,-9.2
ED,BREAKOUT,2024-05-06,90.6,4.3,2.1,14.1,1.6,-13.4,4.3,-7.8
ED,BREAKOUT,2026-02-09,111.9,-5.8,,,-14.6,,,-5.8
EDSA,BOTTOM,2019-03-18,48.3,-12.2,-3.6,-73.9,-18.0,-11.5,-57.5,-44.6
EDSA,BREAKOUT,2019-05-27,81.9,-67.4,-57.3,-73.8,-74.1,-72.5,-86.6,-67.4
EDSA,BREAKOUT,2020-07-27,47.95,-11.8,-15.9,-27.2,-12.2,-30.2,-63.5,-38.0
EDSA,BOTTOM,2023-05-01,7.42,-17.0,-52.3,-37.6,-25.7,-58.4,-63.3,-58.1
EDSA,BOTTOM,2024-08-26,4.5,-45.8,-51.3,-48.4,-53.0,-57.4,-64.3,-62.2
EDSA,BOTTOM,2025-11-24,1.75,25.7,312.6,,25.0,301.2,,-54.3
EDSA,BOTTOM,2026-07-13,6.6,,,,,,,
EDU,BREAKOUT,2022-07-25,26.83,-9.5,60.3,104.7,-4.3,60.9,92.0,-19.6
EDU,BOTTOM,2024-10-14,68.95,-12.8,-35.8,-18.5,-15.4,-26.4,-33.6,-38.3
EDU,BOTTOM,2025-07-28,44.13,33.4,35.2,,23.4,23.3,,0.0
EE,BREAKOUT,2026-01-12,33.09,5.2,17.7,,2.3,9.7,,-2.6
EEFT,BREAKOUT,2018-09-10,102.3,2.4,35.0,40.5,12.5,36.9,34.9,-5.1
EFC,BREAKOUT,2018-05-07,6.16,6.4,7.3,28.6,2.2,4.6,20.9,0.0
EFC,BOTTOM,2023-03-06,7.5,18.7,22.9,13.8,6.8,6.6,-20.8,-5.8
EFC,BREAKOUT,2024-07-08,10.2,-0.8,-0.9,15.1,-4.7,-5.3,2.4,-4.1
EFOR,BOTTOM,2019-05-27,50.73,23.1,32.1,21.4,16.4,16.8,8.6,0.0
EFOR,BREAKOUT,2019-12-09,69.88,-41.4,-15.5,19.5,-26.6,-12.4,1.8,-55.3
EFSC,BREAKOUT,2019-12-16,42.11,-45.4,-34.2,-25.1,-17.2,-31.4,-42.3,-49.8
EFSC,BREAKOUT,2022-10-24,48.94,-2.2,-18.9,-33.5,-7.0,-26.7,-40.8,-18.9
EFSC,BOTTOM,2023-08-21,36.34,-0.5,6.2,39.2,-4.3,-10.1,9.6,-10.5
EFSC,BREAKOUT,2024-07-15,45.49,12.3,22.8,26.1,5.5,13.3,10.3,0.0
EFX,BOTTOM,2017-12-11,110.6,3.6,4.5,-17.6,0.3,-0.4,-16.6,-6.1
EFX,BREAKOUT,2020-12-07,180.41,-9.2,23.2,57.9,-17.2,6.5,27.6,-13.8
EFXT,BREAKOUT,2018-11-05,12.21,-8.0,-7.9,-37.9,-5.9,-12.7,-51.3,-16.9
EFXT,BOTTOM,2021-04-12,5.95,-5.3,39.8,20.6,-9.0,32.2,14.3,-8.0
EFXT,BREAKOUT,2021-10-04,7.41,-17.9,-9.8,-34.7,-24.7,-12.7,-18.8,-31.8
EFXT,BOTTOM,2023-01-02,6.03,-3.1,14.0,-26.9,-8.9,0.1,-49.3,-12.2
EFXT,BREAKOUT,2024-09-30,6.69,52.1,-3.2,68.0,48.4,8.0,49.7,-4.4
EFXT,BREAKOUT,2025-09-08,10.55,49.0,98.1,,45.0,96.8,,0.0
EG,BREAKOUT,2019-04-29,204.65,2.4,9.9,-29.2,2.4,4.8,-27.3,-0.6
EG,BOTTOM,2020-11-02,187.77,4.9,31.3,33.1,-6.3,9.9,-2.6,0.0
EG,BREAKOUT,2022-10-24,300.81,9.7,18.7,22.2,4.9,10.9,15.0,-4.0
EGBN,BREAKOUT,2017-09-25,52.33,-13.6,-10.7,-24.5,-20.4,-16.4,-42.4,-25.5
EGBN,BOTTOM,2020-01-20,35.72,-29.1,-29.4,1.6,-15.7,-28.0,-17.0,-44.2
EGBN,BOTTOM,2020-07-13,24.78,-3.7,47.6,84.6,-12.1,29.9,48.5,-16.8
EGBN,BOTTOM,2023-03-06,33.58,-39.7,-37.2,-34.6,-51.5,-53.5,-69.2,-55.7
EGBN,BOTTOM,2024-01-15,25.32,-19.0,-15.1,-5.2,-22.0,-29.6,-30.7,-38.8
EGBN,BREAKOUT,2026-01-19,26.87,-2.2,,,-6.0,,,-10.6
EGO,BREAKOUT,2019-06-24,5.8,35.4,31.1,59.5,34.1,19.9,55.0,0.0
EGO,BOTTOM,2019-10-07,7.36,1.8,4.7,67.9,-8.7,9.8,48.6,-30.3
EGO,BOTTOM,2020-09-07,10.6,20.9,7.8,-22.4,10.8,-11.1,-57.7,-5.0
EGO,BREAKOUT,2022-04-11,12.15,-55.0,-52.9,-5.3,-43.4,-35.2,-1.1,-56.1
EGO,BOTTOM,2022-05-23,8.13,-28.6,-7.0,24.9,-26.6,-4.7,22.0,-34.4
EGO,BOTTOM,2023-03-27,10.32,-2.5,-14.0,35.8,-11.2,-19.2,6.2,-16.4
EGO,BREAKOUT,2023-11-27,13.47,-19.9,19.6,18.3,-32.1,3.9,-14.7,-21.7
EGP,BREAKOUT,2018-05-28,75.39,2.9,6.6,20.0,-3.7,4.9,17.5,-4.0
EGP,BOTTOM,2020-06-15,98.27,13.7,17.4,42.9,6.2,-3.2,6.4,-3.2
EGP,BREAKOUT,2020-10-05,123.14,-5.8,3.5,21.2,-16.2,-16.0,-6.8,-8.9
EGP,BOTTOM,2023-03-06,139.77,9.7,16.0,19.5,-2.2,-0.4,-15.1,0.0
EGY,BOTTOM,2018-01-29,0.67,32.1,259.5,122.6,35.2,255.7,122.7,-4.8
EGY,BREAKOUT,2018-05-07,1.21,75.5,37.7,13.9,71.3,35.0,6.3,0.0
EGY,BOTTOM,2019-05-27,1.27,13.2,15.1,-37.6,6.4,-0.2,-50.4,-11.9
EGY,BOTTOM,2019-09-23,1.64,5.4,-54.6,-54.6,-4.5,-41.3,-68.0,-58.1
EGY,BOTTOM,2020-02-10,1.66,-58.7,-42.5,46.9,-44.0,-43.3,28.4,-61.3
EGY,BOTTOM,2021-04-12,1.87,7.3,39.1,219.5,3.6,31.5,213.2,-6.9
EGY,BOTTOM,2022-01-03,2.85,112.5,86.9,25.7,116.2,102.9,41.1,0.0
EGY,BOTTOM,2023-04-03,3.7,-11.2,-9.5,74.0,-18.8,-15.3,45.5,-16.9
EGY,BOTTOM,2023-07-31,3.66,4.9,-1.7,51.6,7.3,-13.2,30.7,-8.7
EGY,BREAKOUT,2024-03-11,4.89,11.2,3.0,-18.0,4.8,-7.6,-29.5,0.0
EGY,BOTTOM,2025-10-27,3.77,33.2,70.0,,31.4,63.7,,-11.1
EGY,BREAKOUT,2026-01-12,4.4,19.7,20.6,,16.8,12.5,,0.0
EH,BOTTOM,2021-04-05,34.34,-2.8,-36.8,-67.5,-9.0,-43.9,-77.7,-38.6
EH,BOTTOM,2023-04-24,11.11,94.5,22.5,64.2,84.2,23.0,40.2,-3.8
EH,BOTTOM,2023-09-11,17.21,2.3,-10.7,-29.4,-4.0,-26.5,-57.5,-40.5
EH,BOTTOM,2024-11-11,16.55,54.4,14.9,-8.7,50.0,12.8,-24.8,-15.0
EH,BREAKOUT,2025-02-10,25.56,-25.6,-30.0,-54.7,-23.3,-36.2,-67.8,-43.5
EHC,BOTTOM,2020-06-15,47.66,1.6,29.0,26.0,-6.0,8.4,-10.4,-7.7
EHC,BOTTOM,2022-05-16,49.45,2.8,9.9,22.0,-6.1,7.4,12.7,-12.7
EHC,BREAKOUT,2022-12-19,57.57,-11.5,10.3,14.4,-15.2,-3.7,-11.2,-12.9
EIG,BOTTOM,2020-10-26,26.02,-4.0,28.4,23.9,-17.8,-0.4,-18.7,-4.0
EIX,BREAKOUT,2019-07-08,51.2,1.8,8.7,-18.5,2.8,-0.7,-26.2,-6.4
EIX,BOTTOM,2020-07-27,41.99,1.9,6.9,2.5,1.5,-7.4,-33.8,-9.1
EIX,BREAKOUT,2021-10-25,50.26,-0.4,11.6,-0.1,3.0,21.3,13.9,-3.8
EIX,BREAKOUT,2023-03-27,60.17,-1.6,-8.3,4.8,-10.3,-13.5,-24.9,-8.3
EL,BREAKOUT,2019-02-18,144.48,4.2,24.7,33.0,2.4,21.7,11.2,-1.6
EL,BREAKOUT,2020-08-24,205.6,10.6,28.7,53.8,6.4,19.3,23.4,-4.7
EL,BOTTOM,2024-04-15,138.47,-30.9,-36.8,-61.4,-42.2,-55.7,-69.1,-40.7
EL,BOTTOM,2025-03-10,65.22,1.7,26.9,34.2,-4.7,9.4,15.2,-20.4
ELAN,BREAKOUT,2020-10-05,33.1,-5.2,-10.1,0.2,-15.6,-29.7,-27.9,-15.9
ELAN,BREAKOUT,2023-12-18,14.67,7.8,23.0,-20.7,-2.5,7.4,-47.1,-11.7
ELAN,BREAKOUT,2025-08-04,16.67,28.9,51.2,,23.3,42.2,,0.0
ELE,BOTTOM,2023-03-20,9.55,-7.0,-9.2,-12.5,-16.9,-18.7,-46.1,-12.0
ELF,BREAKOUT,2019-07-08,16.44,4.3,-6.8,22.0,5.3,-16.1,14.3,-9.7
ELF,BREAKOUT,2021-10-25,32.31,-13.0,-24.7,35.6,-9.6,-15.0,49.6,-27.2
ELS,BOTTOM,2020-06-15,54.43,-3.3,-3.9,19.5,-10.8,-24.5,-16.9,-7.6
ELS,BREAKOUT,2024-07-29,68.0,-3.8,-8.5,-14.4,-11.3,-22.1,-32.5,-9.9
ELS,BREAKOUT,2026-02-09,66.65,-9.1,,,-17.8,,,-9.1
ELV,BREAKOUT,2020-10-19,286.58,1.4,23.7,41.2,-9.8,2.3,8.3,-12.2
ELV,BREAKOUT,2024-01-29,474.41,6.8,8.8,-19.0,3.0,0.3,-42.3,0.0
ELV,BOTTOM,2026-02-16,339.45,15.8,,,7.4,,,-16.0
ELVA,BREAKOUT,2020-07-06,1.85,91.9,240.5,186.5,82.2,219.5,147.3,0.0
ELVA,BOTTOM,2022-10-31,3.45,30.4,5.8,-12.5,20.4,-4.8,-29.8,0.0
ELVA,BOTTOM,2023-03-20,3.7,0.8,-20.8,5.9,-9.1,-30.4,-27.7,-20.8
ELVA,BOTTOM,2024-02-12,4.08,-26.7,-50.2,-38.7,-33.0,-61.9,-62.4,-50.2
ELVA,BOTTOM,2025-01-06,2.46,0.8,55.7,259.8,8.6,47.6,238.8,-14.2
ELVA,BOTTOM,2025-04-21,2.7,66.7,144.4,260.7,50.6,120.7,229.6,-0.4
ELVA,BREAKOUT,2025-05-12,3.04,55.3,56.3,214.1,46.7,42.5,188.3,0.0
ELVN,BREAKOUT,2022-10-17,15.68,4.1,26.9,-19.3,-2.2,15.9,-33.6,0.0
ELVN,BREAKOUT,2024-04-29,22.65,2.5,22.0,-9.4,-2.0,9.6,-21.7,-7.5
ELVN,BOTTOM,2025-09-08,19.96,-15.5,39.1,,-19.5,37.8,,-22.1
EMBJ,BOTTOM,2019-02-11,20.7,-15.0,-13.0,-16.2,-18.5,-18.1,-40.2,-15.0
EMBJ,BREAKOUT,2021-03-08,10.29,58.0,55.4,1.0,50.0,41.6,-7.1,-10.4
EMBJ,BREAKOUT,2023-02-27,13.69,13.8,16.0,51.6,7.5,3.5,22.8,-3.4
EMBJ,BREAKOUT,2023-11-27,18.6,11.6,48.7,104.5,-0.6,33.0,71.5,-7.3
EME,BREAKOUT,2017-10-23,76.84,4.1,-5.8,-11.3,-7.7,-10.2,-16.1,-5.8
EME,BREAKOUT,2019-04-29,80.7,-0.6,9.5,-27.7,-0.6,4.4,-25.9,-2.7
EME,BOTTOM,2020-09-14,67.47,30.4,64.2,68.4,18.3,45.6,33.0,-3.5
EME,BREAKOUT,2022-10-24,138.6,4.8,22.4,47.2,0.0,14.6,40.0,0.0
EMN,BOTTOM,2019-05-20,52.84,-9.3,14.7,-0.9,-10.6,3.7,-7.5,-9.3
EMN,BREAKOUT,2019-11-04,65.54,-13.0,-23.7,5.7,-21.1,-19.3,-9.8,-50.2
EMN,BREAKOUT,2020-09-14,68.31,24.5,35.1,26.0,12.4,16.4,-9.4,-7.8
EMN,BOTTOM,2026-03-16,64.6,12.2,,,-3.2,,,0.0
EMR,BREAKOUT,2023-08-21,92.93,-8.8,9.7,9.4,-12.7,-6.6,-20.2,-11.4
EMR,BREAKOUT,2025-06-23,131.04,-3.1,2.8,9.5,-11.0,-10.2,-10.4,-5.0
ENB,BOTTOM,2020-09-14,21.23,9.7,23.6,39.9,-2.4,5.0,4.5,-10.0
ENLT,BREAKOUT,2025-05-12,19.05,36.9,96.6,350.8,28.3,82.9,324.9,-8.1
ENOV,BREAKOUT,2021-01-04,67.9,10.0,17.2,13.6,1.8,2.2,-10.3,-5.9
ENOV,BREAKOUT,2021-10-11,87.13,-12.1,-20.6,-48.4,-16.7,-19.4,-29.8,-27.4
ENOV,BOTTOM,2023-03-06,53.85,6.4,0.4,15.1,-5.5,-16.0,-19.5,-7.3
ENOV,BOTTOM,2025-01-20,47.79,-26.6,-42.4,-51.9,-17.4,-47.8,-66.5,-45.0
ENOV,BOTTOM,2026-06-08,21.8,,,,,,,0.0
ENPH,BOTTOM,2017-09-18,1.41,79.4,242.6,212.1,71.6,238.2,192.9,-3.5
ENPH,BREAKOUT,2017-11-06,1.97,16.2,158.4,182.2,14.4,151.7,172.6,-1.0
ENPH,BREAKOUT,2019-02-04,7.44,88.4,328.1,411.4,81.5,319.3,386.3,0.0
ENPH,BOTTOM,2019-09-30,23.45,24.9,22.3,285.6,14.8,37.1,270.0,-21.4
ENPH,BOTTOM,2020-03-23,32.38,39.9,127.4,369.6,21.0,96.6,310.9,-11.4
ENPH,BREAKOUT,2021-10-25,231.63,-46.5,-30.3,31.8,-43.1,-20.6,45.8,-46.5
ENPH,BREAKOUT,2022-07-25,284.18,7.4,-26.1,-45.7,12.6,-25.4,-58.4,-26.1
ENPH,BOTTOM,2022-10-10,237.87,3.3,-12.2,-48.0,-8.6,-28.5,-70.5,-22.8
ENPH,BOTTOM,2024-03-11,107.73,15.7,2.0,-46.0,9.2,-8.6,-57.5,-9.8
ENPH,BOTTOM,2024-07-15,105.46,-13.1,-39.6,-62.5,-19.9,-49.2,-78.2,-43.6
ENPH,BREAKOUT,2026-05-11,52.89,,,,,,,-21.4
ENPH,BOTTOM,2026-06-01,56.07,,,,,,,-25.9
ENR,BREAKOUT,2018-03-26,44.6,6.2,-0.6,-22.9,2.7,-12.1,-32.3,-8.9
ENS,BREAKOUT,2023-01-09,79.13,0.6,36.2,21.1,-3.3,22.6,-0.3,-2.4
ENSG,BREAKOUT,2025-08-04,160.39,12.1,23.2,,6.5,14.2,,0.0
ENTG,BREAKOUT,2019-04-08,39.0,-8.7,18.2,24.5,-12.8,15.1,26.6,-14.5
ENTG,BREAKOUT,2023-06-26,109.57,-15.2,8.3,22.6,-12.0,0.3,-1.9,-20.7
ENTG,BOTTOM,2025-11-10,78.16,68.0,70.3,,66.3,59.6,,-5.9
ENTG,BREAKOUT,2026-01-12,117.17,24.6,18.4,,21.6,10.4,,-7.7
ENVA,BOTTOM,2019-05-27,21.35,11.9,7.9,-33.7,5.2,-7.4,-46.5,-6.9
ENVA,BOTTOM,2020-09-14,16.55,45.3,121.1,93.7,33.2,102.5,58.3,-7.3
ENVA,BREAKOUT,2020-12-21,25.78,37.9,34.9,56.7,30.2,18.6,27.5,-12.3
ENVA,BOTTOM,2022-12-12,37.61,11.2,38.7,43.7,9.1,23.2,19.4,0.0
ENVA,BREAKOUT,2023-01-30,53.3,-18.7,3.4,1.3,-19.2,-5.8,-20.4,-21.5
EOG,BREAKOUT,2017-12-18,78.23,-1.0,11.0,-18.0,2.1,7.4,-9.7,-6.4
EOG,BOTTOM,2019-04-15,76.68,-15.9,-37.5,-58.9,-18.9,-41.2,-59.8,-37.5
EOG,BOTTOM,2020-02-10,55.91,-35.8,-34.9,-15.8,-21.1,-35.7,-34.3,-53.6
EOLS,BOTTOM,2019-04-29,24.8,-31.7,-35.7,-84.6,-31.7,-40.8,-82.7,-45.3
EOLS,BREAKOUT,2021-02-15,12.29,-23.2,-11.8,-29.0,-29.9,-26.2,-41.8,-26.3
EOLS,BOTTOM,2021-04-26,9.11,18.8,-14.2,22.8,13.3,-24.9,22.8,-25.1
EOLS,BREAKOUT,2022-05-23,13.61,-28.8,-44.0,-35.5,-26.8,-41.7,-38.3,-45.1
EOLS,BREAKOUT,2024-01-15,11.85,-2.7,0.9,-11.3,-5.7,-13.6,-36.8,-11.0
EPAC,BREAKOUT,2018-06-18,29.38,0.2,-33.4,-19.3,-6.6,-22.0,-28.5,-33.4
EPAC,BOTTOM,2020-10-19,19.6,11.9,36.3,4.1,0.7,14.8,-28.7,-9.7
EPAC,BREAKOUT,2022-10-17,24.11,-0.2,2.7,16.4,-6.5,-8.4,2.1,-4.0
EPAM,BOTTOM,2022-09-19,364.12,-11.1,-23.5,-28.3,-15.7,-32.0,-47.1,-23.5
EPAM,BOTTOM,2023-03-06,282.74,-25.3,-6.2,9.4,-37.1,-22.5,-25.2,-25.3
EPAM,BOTTOM,2023-12-04,268.5,15.2,-34.1,-8.6,3.6,-51.0,-42.4,-34.1
EPAM,BOTTOM,2025-01-13,229.08,-35.8,-28.1,-7.2,-24.1,-33.8,-24.3,-36.8
EPC,BOTTOM,2020-03-16,22.19,15.2,17.7,58.5,-20.3,-28.0,-14.5,0.0
EPC,BREAKOUT,2020-11-09,31.8,-5.4,24.1,24.4,-15.5,6.9,-7.9,-13.1
EPC,BOTTOM,2022-03-28,33.86,-4.9,2.5,17.1,10.6,23.0,25.2,-11.2
EPC,BOTTOM,2022-10-31,36.17,12.6,10.6,-5.8,2.5,0.1,-23.1,-2.2
EPC,BREAKOUT,2026-06-22,27.72,,,,,,,-4.5
EPD,BREAKOUT,2019-03-18,16.94,1.7,3.2,-46.7,-4.1,-4.6,-30.3,-2.7
EPD,BREAKOUT,2023-04-10,21.49,0.2,6.3,16.0,-9.1,0.9,-9.6,-3.8
EPR,BREAKOUT,2018-07-30,42.39,0.8,8.9,15.0,4.5,12.7,9.8,-4.3
EPR,BOTTOM,2021-01-25,27.72,20.4,27.5,12.7,7.2,8.2,-8.3,-1.1
EPR,BOTTOM,2023-03-06,29.57,23.0,22.1,22.2,11.2,5.8,-12.4,-6.3
EPR,BREAKOUT,2024-08-19,41.76,-3.7,7.8,21.7,-9.9,0.3,5.5,-6.2
EPRT,BOTTOM,2020-11-30,16.81,8.0,30.0,32.9,3.8,14.9,8.6,-5.4
EPRT,BREAKOUT,2023-01-30,21.92,0.5,-3.9,2.4,0.0,-13.1,-19.3,-8.7
EQBK,BOTTOM,2020-01-20,26.13,-39.8,-48.1,-16.1,-26.4,-46.7,-34.8,-51.1
EQBK,BOTTOM,2020-12-28,20.11,27.5,42.2,57.9,20.0,25.4,29.2,0.0
EQBK,BREAKOUT,2022-10-24,33.45,-18.0,-33.1,-32.0,-22.8,-40.9,-39.2,-33.1
EQBK,BOTTOM,2023-08-07,25.58,-4.9,22.1,40.0,-4.1,8.8,18.7,-12.4
EQBK,BREAKOUT,2025-12-08,46.27,-6.4,4.2,,-3.8,-5.2,,-8.0
EQH,BREAKOUT,2020-11-30,23.64,13.8,17.0,18.5,9.6,1.9,-5.8,-8.6
EQH,BREAKOUT,2023-12-04,30.28,5.3,26.6,50.6,-6.4,9.7,16.8,0.0
EQIX,BREAKOUT,2024-10-21,880.44,3.4,-7.4,-6.2,-2.0,-3.1,-24.6,-15.4
EQIX,BREAKOUT,2026-02-09,946.33,11.4,,,2.7,,,-2.9
EQNR,BOTTOM,2020-02-10,11.26,-20.0,-2.5,8.6,-5.3,-3.3,-9.9,-44.7
EQNR,BREAKOUT,2023-10-09,27.44,-8.9,-12.7,-17.0,-19.9,-32.0,-53.1,-22.4
EQNR,BREAKOUT,2025-06-09,26.29,-11.2,-14.3,37.6,-21.6,-29.2,11.9,-15.4
EQNR,BREAKOUT,2026-02-02,26.88,35.1,,,28.0,,,0.0
EQR,BOTTOM,2021-01-25,49.85,21.4,38.7,48.6,8.3,19.4,27.6,0.0
EQR,BREAKOUT,2021-03-08,59.39,10.9,12.7,21.8,2.9,-1.1,13.8,-2.7
EQT,BOTTOM,2018-05-07,25.41,-1.9,-29.3,-23.6,-6.1,-32.0,-31.2,-35.9
EQT,BOTTOM,2019-05-13,19.23,-40.5,-50.0,-38.1,-42.0,-60.1,-40.3,-54.3
EQT,BREAKOUT,2022-01-10,22.22,79.1,55.4,48.7,84.6,71.9,61.6,-13.6
EQX,BOTTOM,2020-03-24,6.44,73.0,82.9,25.6,54.1,52.1,-33.2,0.0
EQX,BOTTOM,2022-01-18,6.87,6.7,-41.1,-34.7,9.1,-32.0,-26.6,-42.0
EQX,BOTTOM,2023-03-28,5.27,-9.8,-22.9,16.1,-18.5,-28.1,-13.5,-22.9
EQX,BREAKOUT,2024-03-26,6.12,-15.0,-0.7,12.2,-19.4,-10.6,4.7,-17.9
EQX,BOTTOM,2026-03-31,14.59,-29.3,,,-43.2,,,-40.9
ERAS,BOTTOM,2024-06-24,2.36,13.6,7.6,-44.5,8.2,-2.4,-58.9,-8.1
ERAS,BREAKOUT,2024-07-08,2.97,-7.4,-20.4,-51.2,-11.2,-24.7,-63.9,-20.4
ERAS,BOTTOM,2025-07-07,1.45,66.2,366.2,1177.9,61.2,354.3,1155.5,-4.1
ERAS,BREAKOUT,2025-11-24,3.17,330.9,305.0,,330.2,293.7,,0.0
ERIC,BREAKOUT,2018-04-16,6.22,6.0,20.3,31.5,0.7,15.8,20.6,-6.8
ERIC,BREAKOUT,2023-12-11,5.47,-4.2,-0.7,44.5,-13.1,-16.7,14.5,-16.4
ERIE,BREAKOUT,2022-10-03,215.38,9.8,2.1,34.8,2.3,-11.6,14.6,-1.9
ERIE,BREAKOUT,2023-08-07,277.15,-3.9,22.9,56.9,-3.2,9.6,35.6,-5.7
ERII,BOTTOM,2018-04-02,8.27,-2.4,0.0,12.0,-8.9,-11.8,-1.3,-2.8
ERII,BOTTOM,2018-06-25,8.08,10.8,-19.2,29.0,3.1,-11.5,18.8,-20.5
ERII,BREAKOUT,2020-11-30,11.29,45.0,77.9,87.3,40.8,62.7,63.0,0.0
ERII,BREAKOUT,2022-09-05,26.02,-16.5,-14.5,-5.7,-13.6,-10.2,-17.0,-25.9
ERII,BREAKOUT,2023-06-05,27.03,-9.2,-32.7,-50.7,-13.2,-40.6,-76.7,-45.1
ERII,BREAKOUT,2024-11-04,19.71,-26.3,-42.3,-29.1,-27.1,-37.3,-42.6,-42.3
ERII,BOTTOM,2024-12-09,16.11,1.7,-23.3,-10.2,8.2,-22.7,-24.4,-29.4
ERII,BOTTOM,2025-12-01,14.72,-27.9,-45.6,,-26.3,-53.8,,-45.6
ERNA,BOTTOM,2018-04-30,70950.0,-3.4,-19.2,-34.7,-10.5,-22.4,-47.3,-19.7
ERNA,BOTTOM,2019-06-24,56850.0,-8.4,-40.9,-42.7,-9.7,-52.1,-47.2,-40.9
ERNA,BOTTOM,2020-10-12,32250.0,11.2,84.7,112.8,2.5,63.6,82.6,-16.7
ERNA,BREAKOUT,2021-01-25,58500.0,538.5,47.3,-67.6,525.3,28.0,-88.6,-51.9
ERNA,BOTTOM,2021-06-07,107250.0,-14.3,-62.9,-95.6,-19.6,-74.6,-88.7,-63.8
ERNA,BOTTOM,2024-05-27,712.5,-2.6,-77.4,-88.4,-9.9,-92.3,-101.6,-77.4
ERNA,BOTTOM,2024-08-19,693.75,-71.9,-83.2,-94.6,-78.2,-90.7,-110.8,-86.5
ERO,BOTTOM,2022-05-23,12.29,-16.1,-0.5,44.9,-14.1,1.8,42.1,-31.2
ERO,BREAKOUT,2024-05-13,23.87,-17.1,-36.0,-45.2,-22.1,-47.3,-58.8,-36.0
ERO,BOTTOM,2025-09-01,14.97,67.0,85.4,,60.8,81.0,,0.0
ES,BOTTOM,2024-06-03,53.42,15.1,3.1,17.2,13.5,-11.4,3.6,-3.2
ESAB,BREAKOUT,2025-07-21,132.74,-9.8,-9.3,,-16.4,-18.1,,-20.4
ESE,BOTTOM,2020-09-14,83.0,18.5,34.7,-7.2,6.4,16.1,-42.5,-6.1
ESE,BOTTOM,2022-09-12,77.25,11.1,12.1,35.8,11.2,10.1,19.0,-5.9
ESI,BREAKOUT,2019-11-11,11.26,-0.2,-20.4,4.9,-9.1,-13.2,-12.1,-40.2
ESI,BREAKOUT,2023-12-11,21.7,8.2,19.1,23.6,-0.8,3.1,-6.4,-0.5
ESLT,BREAKOUT,2024-10-28,226.42,33.9,78.4,109.8,28.1,78.6,88.9,0.0
ESNT,BREAKOUT,2019-04-01,40.49,7.3,4.9,-52.5,3.3,1.9,-40.3,-1.6
ESNT,BREAKOUT,2026-07-13,66.71,,,,,,,
ESQ,BREAKOUT,2021-01-18,24.11,-7.9,-5.3,33.2,-17.1,-21.0,17.3,-12.0
ESQ,BREAKOUT,2023-06-12,46.29,-2.8,2.1,-3.1,-4.0,-5.5,-27.9,-8.0
ESRT,BOTTOM,2023-03-06,7.2,-8.8,16.3,29.1,-20.6,-0.0,-5.5,-27.1
ESRT,BOTTOM,2023-06-19,6.34,19.2,45.3,38.1,19.5,35.1,10.7,0.0
ESRT,BREAKOUT,2023-07-24,8.39,-8.9,15.7,23.4,0.9,8.2,2.6,-14.1
ESRT,BOTTOM,2025-11-24,6.9,-15.9,-17.5,,-16.6,-28.9,,-28.6
ESS,BREAKOUT,2018-11-05,194.6,10.3,13.4,27.4,12.4,8.6,14.0,-5.4
ESS,BOTTOM,2021-02-08,221.55,7.9,19.4,21.5,1.4,5.1,7.9,-5.4
ESS,BOTTOM,2023-06-26,209.24,-8.5,8.0,20.9,-5.3,-0.1,-3.6,-10.9
ESS,BREAKOUT,2026-06-01,282.93,,,,,,,-4.1
ESTA,BREAKOUT,2019-12-30,28.47,-58.8,-35.0,32.2,-36.2,-32.9,14.1,-59.0
ESTA,BREAKOUT,2020-11-30,29.5,109.0,156.4,114.4,104.8,141.2,90.1,0.0
ESTA,BOTTOM,2022-06-13,53.29,10.3,26.5,22.4,4.5,20.8,0.3,-2.5
ESTA,BOTTOM,2024-12-09,46.0,-19.5,-18.6,57.6,-12.9,-18.0,43.4,-38.0
ESTA,BOTTOM,2025-09-15,39.46,88.6,58.8,,85.7,60.5,,-1.3
ESTA,BREAKOUT,2025-10-13,47.27,42.8,41.9,,38.4,34.4,,0.0
ESTC,BREAKOUT,2021-08-30,171.49,-34.3,-53.6,-52.3,-34.7,-49.6,-40.1,-53.6
ESTC,BOTTOM,2023-07-03,64.32,25.9,61.8,78.6,27.7,54.3,50.4,-7.6
ESTC,BOTTOM,2025-03-17,97.21,-15.6,-8.3,-45.2,-21.3,-26.6,-61.5,-23.4
ESTC,BOTTOM,2025-12-15,76.42,-30.2,-22.8,,-25.8,-33.1,,-43.3
ET,BREAKOUT,2018-07-30,9.65,-17.2,-19.0,-20.6,-13.5,-15.2,-25.9,-34.0
ET,BREAKOUT,2021-03-08,5.62,35.4,13.3,27.2,27.3,-0.5,19.1,-7.4
ET,BREAKOUT,2022-03-28,8.16,-11.5,-0.6,17.6,3.9,19.9,25.7,-13.3
ET,BREAKOUT,2026-02-09,18.43,9.3,,,0.6,,,-0.1
ETD,BREAKOUT,2020-11-23,12.49,39.0,63.1,37.1,34.0,46.8,9.1,0.0
ETD,BREAKOUT,2024-03-25,29.58,-18.2,-4.3,-14.9,-22.6,-14.2,-22.4,-21.4
ETN,BREAKOUT,2018-09-10,75.14,-19.0,-6.7,3.0,-9.0,-4.9,-2.5,-23.8
ETN,BREAKOUT,2019-09-09,77.41,7.9,-0.5,20.2,2.0,9.2,7.0,-9.3
ETN,BREAKOUT,2025-07-14,374.28,-1.1,-8.7,6.9,-7.3,-19.5,-12.9,-15.6
ETN,BREAKOUT,2026-04-06,401.89,1.3,,,-10.1,,,-2.6
ETON,BOTTOM,2020-02-10,7.01,-32.2,1.0,42.7,-17.5,0.2,24.2,-55.8
ETON,BREAKOUT,2020-09-07,7.7,14.0,6.6,-34.9,3.9,-12.3,-70.3,-9.7
ETON,BOTTOM,2024-07-22,3.58,126.5,365.6,330.2,119.9,353.3,311.7,0.0
ETON,BREAKOUT,2024-09-09,5.15,139.8,202.5,242.7,132.0,201.7,224.3,0.0
ETON,BOTTOM,2025-07-28,14.13,27.5,6.2,,17.4,-5.7,,0.0
ETR,BREAKOUT,2018-08-13,32.31,2.3,7.5,33.0,5.8,9.2,29.7,-4.9
ETR,BOTTOM,2020-09-14,38.87,5.7,5.1,20.6,-6.4,-13.6,-14.7,-7.3
ETR,BREAKOUT,2021-08-09,46.4,-6.6,-1.9,14.2,-11.7,-1.3,17.0,-9.6
ETR,BREAKOUT,2022-03-21,49.42,-2.9,-1.1,-6.3,10.6,16.9,4.8,-10.0
ETSY,BREAKOUT,2020-05-04,80.71,67.3,81.2,105.1,52.4,60.5,58.4,-4.0
ETSY,BREAKOUT,2021-10-18,241.27,-38.3,-59.2,-58.2,-35.3,-53.9,-42.0,-59.2
EVC,BREAKOUT,2017-11-27,4.58,-11.6,-43.0,-54.7,-13.8,-47.4,-60.8,-43.0
EVC,BOTTOM,2018-10-01,3.13,-33.8,-27.6,-38.9,-22.0,-28.9,-43.2,-43.3
EVC,BOTTOM,2020-09-07,1.01,126.4,199.8,444.2,116.3,180.9,408.9,-3.3
EVC,BREAKOUT,2020-11-16,1.99,26.3,70.8,200.3,16.1,53.2,166.5,0.0
EVC,BREAKOUT,2023-01-30,5.43,-18.8,-44.0,-41.8,-19.2,-53.2,-63.5,-44.0
EVC,BREAKOUT,2025-08-25,2.45,9.5,24.0,,3.2,17.0,,-21.6
EVER,BOTTOM,2020-10-05,38.74,-1.9,-6.2,-54.1,-12.3,-25.8,-82.1,-13.6
EVER,BOTTOM,2022-04-11,15.08,-30.2,-60.4,-42.6,-18.6,-42.8,-38.4,-60.4
EVER,BREAKOUT,2023-01-16,17.71,-54.5,-60.2,-38.0,-59.1,-75.3,-61.7,-63.3
EVER,BREAKOUT,2025-02-24,26.88,-14.2,-13.5,-41.2,-13.7,-22.7,-58.0,-24.8
EVER,BOTTOM,2025-05-12,24.27,-3.5,4.5,-28.0,-12.1,-9.2,-53.8,-19.9
EVH,BOTTOM,2017-10-23,16.6,-11.7,0.9,30.5,-23.5,-3.5,25.6,-32.8
EVH,BOTTOM,2018-05-07,18.5,18.6,36.2,-21.5,14.4,33.4,-29.2,0.0
EVH,BREAKOUT,2022-08-01,35.74,-31.8,-10.6,-16.7,-23.2,-11.2,-26.5,-32.1
EVH,BOTTOM,2023-02-06,32.4,8.8,-12.8,-5.2,7.5,-22.9,-29.9,-13.4
EVH,BOTTOM,2023-06-05,31.5,-19.0,-10.8,-25.5,-23.0,-18.6,-51.5,-23.9
EVH,BOTTOM,2025-09-08,9.02,-54.3,-66.9,,-58.3,-68.2,,-69.1
EVLV,BOTTOM,2022-09-12,2.28,25.9,14.0,150.9,26.0,12.0,134.1,-8.3
EVLV,BOTTOM,2023-09-18,4.8,1.5,-26.3,-6.9,-9.0,-48.2,-40.7,-26.3
EVLV,BOTTOM,2024-03-18,3.54,-36.7,26.3,-13.3,-41.5,16.6,-22.9,-36.7
EVLV,BOTTOM,2025-02-17,3.59,59.1,133.1,40.1,62.2,124.9,23.8,-20.6
EVLV,BREAKOUT,2025-05-12,5.46,41.9,9.9,4.4,33.3,-3.8,-21.4,-7.5
EVR,BREAKOUT,2017-11-13,68.74,17.3,32.0,0.5,10.8,25.8,-7.6,0.0
EVR,BOTTOM,2020-03-02,54.39,5.8,4.2,105.8,-2.2,-12.1,74.4,-42.0
EVR,BOTTOM,2020-06-15,51.43,16.0,90.1,127.4,8.4,69.5,90.9,-4.2
EVR,BREAKOUT,2025-08-18,316.56,-4.0,3.1,,-6.4,-4.3,,-7.7
EVRG,BOTTOM,2020-03-23,45.02,1.9,-11.0,6.8,-17.0,-41.8,-52.0,-11.0
EVTC,BREAKOUT,2018-04-30,19.53,15.6,40.0,46.3,8.6,36.9,33.6,0.0
EW,BREAKOUT,2020-08-24,84.33,1.1,-1.5,38.0,-3.0,-10.9,7.7,-15.0
EW,BOTTOM,2023-07-31,79.55,-15.7,8.2,-23.5,-13.3,-3.3,-44.5,-22.4
EW,BREAKOUT,2024-03-25,95.56,-3.3,-30.3,-25.8,-7.7,-40.3,-33.4,-36.3
EW,BOTTOM,2025-03-17,70.46,4.8,5.6,17.1,-0.9,-12.8,0.8,-1.6
EWBC,BOTTOM,2020-02-24,32.99,-9.1,-1.0,91.7,-12.4,-20.5,60.9,-41.2
EWBC,BREAKOUT,2020-12-21,43.94,48.0,48.6,56.3,40.3,32.2,27.1,0.0
EWBC,BOTTOM,2023-06-05,48.62,2.1,32.2,40.8,-1.9,24.4,14.8,-6.4
EWTX,BOTTOM,2025-02-17,27.07,-47.5,-45.1,8.3,-44.3,-53.3,-8.0,-57.8
EWTX,BREAKOUT,2026-01-19,28.61,10.4,,,6.5,,,-2.8
EXC,BOTTOM,2020-03-23,20.23,-1.2,2.2,27.6,-20.1,-28.7,-31.2,-7.7
EXEL,BREAKOUT,2020-04-20,26.53,-7.3,-16.0,-6.8,-21.2,-39.2,-56.4,-22.1
EXK,BOTTOM,2019-04-22,2.25,6.7,7.6,-31.1,3.2,3.8,-29.5,-22.7
EXK,BOTTOM,2019-10-07,2.1,2.4,-31.9,72.4,-8.1,-26.8,53.0,-47.6
EXK,BREAKOUT,2020-07-13,2.88,19.8,46.2,74.7,11.4,28.4,38.6,0.0
EXK,BOTTOM,2023-01-23,3.53,10.5,-5.4,-54.4,7.6,-18.9,-76.4,-21.2
EXK,BREAKOUT,2024-05-13,3.87,-22.2,21.4,-16.0,-27.3,10.1,-29.7,-26.4
EXK,BOTTOM,2024-09-16,3.71,0.0,25.6,82.2,-4.4,25.7,64.0,-5.4
EXK,BREAKOUT,2025-07-07,5.84,31.2,81.8,38.4,26.2,69.9,16.0,-15.1
EXLS,BREAKOUT,2020-11-02,16.06,1.8,21.9,70.8,-9.4,0.5,35.1,-4.5
EXP,BOTTOM,2019-04-15,86.97,-4.4,2.8,-36.7,-7.4,-0.9,-37.5,-9.7
EXP,BOTTOM,2025-12-22,214.37,-15.1,9.1,,-7.2,2.9,,-19.4
EXPD,BREAKOUT,2019-04-01,71.47,-2.8,-7.8,-12.9,-6.7,-10.8,-0.7,-11.9
EXPD,BREAKOUT,2025-11-03,136.01,20.7,14.6,,17.5,4.1,,0.0
EXPE,BREAKOUT,2019-07-22,136.36,-1.4,-19.1,-39.4,-1.8,-29.0,-47.7,-31.2
EXPE,BOTTOM,2020-10-05,95.12,49.6,81.7,76.5,39.2,62.2,48.5,-5.8
EXPE,BREAKOUT,2021-11-01,179.94,1.7,-27.4,-49.2,5.6,-15.7,-30.7,-27.4
EXPE,BOTTOM,2023-04-24,92.81,27.8,-0.9,44.4,17.5,-0.4,20.5,-4.8
EXPE,BREAKOUT,2024-10-14,157.65,17.3,-5.1,35.4,14.8,4.3,20.4,-10.9
EXPO,BREAKOUT,2023-01-30,106.01,-19.5,-20.3,-28.7,-20.0,-29.5,-50.5,-22.0
EXPO,BOTTOM,2026-03-16,66.41,-14.3,,,-29.8,,,-19.4
EXR,BREAKOUT,2019-02-04,75.68,6.4,20.2,13.5,-0.6,11.4,-11.6,-5.8
EXR,BOTTOM,2023-04-24,131.87,-5.7,-29.8,-8.2,-16.0,-29.2,-32.1,-29.8
EXR,BREAKOUT,2026-02-16,149.38,-5.1,,,-13.5,,,-14.6
EXTR,BOTTOM,2019-04-01,7.87,-17.4,-7.2,-69.1,-21.3,-10.2,-56.9,-29.1
EXTR,BOTTOM,2019-09-02,6.79,1.2,-29.0,-40.2,-5.0,-29.8,-57.4,-29.0
EXTR,BOTTOM,2020-09-07,3.82,64.9,144.0,163.9,54.8,125.0,128.5,0.0
EXTR,BOTTOM,2022-03-28,12.27,-27.1,6.5,55.8,-11.6,27.0,63.9,-28.9
EXTR,BREAKOUT,2022-10-24,17.86,-2.0,-0.4,15.0,-6.7,-8.3,7.8,-12.0
EXTR,BREAKOUT,2023-05-29,21.87,24.1,-25.1,-49.0,18.3,-33.2,-74.0,-25.1
EXTR,BREAKOUT,2025-06-30,18.7,8.5,-11.6,59.4,1.2,-21.4,38.9,-11.6
EXTR,BREAKOUT,2026-05-04,24.04,,,,,,,0.0
EYE,BREAKOUT,2020-01-20,36.76,-30.2,-14.8,31.0,-16.7,-13.4,12.4,-61.8
EYE,BREAKOUT,2020-08-24,37.19,18.1,27.7,55.1,14.0,18.3,24.8,-0.9
EYE,BOTTOM,2022-12-12,37.81,-54.1,-32.0,-47.8,-56.3,-47.5,-72.2,-54.1
EYE,BOTTOM,2024-04-15,18.78,-30.2,-47.6,-37.9,-41.4,-66.4,-45.5,-48.5
EYE,BOTTOM,2025-02-03,11.58,48.3,95.5,149.7,54.1,88.8,133.4,-2.3
EYE,BREAKOUT,2025-05-05,17.17,31.9,40.5,33.7,18.6,21.0,1.5,0.0
EYPT,BOTTOM,2017-12-11,11.3,8.8,80.5,100.0,5.6,75.7,101.0,-8.0
EYPT,BREAKOUT,2018-04-23,22.9,0.4,-3.1,-22.7,-5.6,-3.5,-34.9,-13.1
EYPT,BOTTOM,2019-12-16,14.7,-37.4,-39.5,-68.4,-9.2,-36.7,-85.7,-48.3
EYPT,BOTTOM,2021-04-05,10.01,-19.6,3.0,19.4,-25.8,-4.1,9.2,-23.3
EYPT,BOTTOM,2022-03-28,12.15,-36.2,-34.9,-75.8,-20.8,-14.4,-67.7,-40.7
EYPT,BOTTOM,2023-05-22,5.93,90.7,3.5,88.2,85.6,-5.6,60.3,-0.5
EYPT,BREAKOUT,2023-07-17,11.41,-34.4,95.6,-22.9,-27.8,88.1,-46.0,-48.3
EYPT,BREAKOUT,2025-09-01,14.01,26.6,12.4,,20.4,7.9,,-20.0
EZPW,BOTTOM,2019-06-03,9.11,-13.9,-32.1,-29.2,-18.1,-42.6,-42.5,-44.6
EZPW,BREAKOUT,2022-08-01,8.74,5.1,6.9,5.6,13.8,6.3,-4.2,-11.8
EZPW,BREAKOUT,2024-01-29,10.06,3.7,10.0,19.4,-0.1,1.6,-3.9,-0.6
F,BOTTOM,2023-04-17,9.66,19.4,0.9,9.7,9.3,-2.0,-12.1,-0.1
F,BREAKOUT,2023-06-26,12.53,-17.0,-17.3,-11.6,-13.8,-25.3,-36.0,-33.5
FA,BOTTOM,2023-04-03,11.67,15.5,21.6,33.7,7.9,15.8,5.2,-3.5
FA,BREAKOUT,2026-06-29,20.53,,,,,,,-4.8
FAF,BREAKOUT,2019-04-22,45.37,0.7,9.1,-20.2,-2.7,5.4,-18.6,-10.8
FAF,BOTTOM,2020-08-24,43.26,-6.5,0.5,37.9,-10.7,-8.9,7.6,-15.5
FANG,BREAKOUT,2017-10-30,84.97,10.2,14.5,3.1,3.1,10.7,-4.1,-3.2
FANG,BREAKOUT,2023-10-09,150.06,-5.6,28.7,24.3,-16.6,9.5,-11.9,-8.8
FANG,BOTTOM,2025-11-10,147.5,13.4,38.0,,11.6,27.4,,-1.9
FANG,BREAKOUT,2026-01-26,162.08,27.4,,,23.0,,,0.0
FAST,BREAKOUT,2017-11-27,10.47,5.0,4.2,16.9,2.7,-0.2,10.7,-3.4
FBIN,BREAKOUT,2019-06-24,43.95,-4.2,15.7,7.7,-5.5,4.5,3.3,-13.3
FBK,BOTTOM,2020-09-14,24.78,28.7,76.6,57.3,16.6,57.9,21.9,-10.2
FBK,BOTTOM,2023-11-06,29.48,19.0,27.2,84.9,4.8,8.2,47.3,0.0
FBK,BREAKOUT,2023-12-11,37.72,-10.7,-7.9,42.8,-19.6,-23.9,12.9,-11.7
FBK,BREAKOUT,2024-07-08,40.37,14.7,18.2,17.7,10.9,13.8,4.9,0.0
FBNC,BREAKOUT,2022-11-21,44.9,-18.0,-35.1,-33.9,-16.9,-40.3,-48.9,-43.5
FBNC,BOTTOM,2023-08-28,28.64,8.4,12.7,42.8,6.3,-1.8,16.1,-10.8
FBNC,BOTTOM,2024-02-19,32.44,-6.4,27.5,25.1,-11.0,16.1,5.4,-11.5
FBNC,BREAKOUT,2024-07-15,36.73,15.1,16.9,27.7,8.2,7.3,12.0,0.0
FBP,BREAKOUT,2025-06-30,21.38,1.3,-3.9,23.1,-6.0,-13.8,2.7,-10.4
FBRT,BOTTOM,2023-03-06,8.27,18.5,20.0,17.1,6.7,3.7,-17.5,-7.7
FBRT,BREAKOUT,2024-07-15,10.9,-2.1,-2.7,-14.6,-9.0,-12.2,-30.3,-9.5
FBRX,BREAKOUT,2018-09-24,5846.25,-49.0,-30.3,-95.7,-34.7,-28.4,-99.3,-54.9
FBRX,BOTTOM,2020-05-04,401.25,27.4,115.6,103.4,12.4,94.9,56.7,-10.8
FBRX,BREAKOUT,2020-09-14,1237.75,-21.2,-43.6,-92.7,-33.4,-62.3,-128.1,-45.9
FBRX,BOTTOM,2020-11-30,918.5,-27.1,9.3,-93.9,-31.3,-5.9,-118.2,-27.1
FBRX,BOTTOM,2021-07-12,776.25,-91.0,-94.5,-95.9,-94.7,-102.9,-86.5,-94.5
FBRX,BOTTOM,2024-05-20,14.5,-45.3,10.3,-41.4,-51.9,-2.8,-52.2,-71.2
FBRX,BREAKOUT,2024-11-25,21.71,-58.1,-60.8,-14.5,-57.0,-59.3,-29.3,-75.8
FBRX,BOTTOM,2025-05-26,8.5,29.4,118.4,124.4,19.6,101.7,94.5,0.0
FBRX,BREAKOUT,2025-12-15,29.69,-20.8,-39.9,,-16.4,-50.2,,-44.4
FCEL,BOTTOM,2017-12-18,622.8,2.9,-16.2,-69.4,6.0,-19.8,-61.1,-16.2
FCEL,BOTTOM,2019-12-16,23.4,56.4,182.1,1092.3,84.7,184.8,1075.1,0.0
FCEL,BOTTOM,2025-11-17,6.24,23.1,300.8,,18.2,287.0,,0.0
FCEL,BREAKOUT,2026-04-20,11.18,,,,,,,0.0
FCF,BREAKOUT,2019-10-28,11.29,-5.1,-37.8,-37.3,-10.7,-31.1,-46.1,-41.9
FCF,BREAKOUT,2024-07-15,15.41,6.1,2.4,6.2,-0.7,-7.2,-9.5,-1.8
FCFS,BREAKOUT,2019-04-22,90.08,4.2,-13.9,-33.1,0.7,-17.6,-31.5,-13.9
FCFS,BREAKOUT,2021-05-03,70.52,11.0,15.2,0.3,5.8,3.5,1.6,0.0
FCFS,BREAKOUT,2022-10-24,90.87,-4.5,9.1,14.2,-9.3,1.2,6.9,-8.3
FCN,BREAKOUT,2019-04-22,85.25,20.4,26.9,58.0,16.9,23.2,59.6,-4.7
FCN,BREAKOUT,2021-03-22,139.63,-1.0,-3.9,8.6,-9.1,-16.8,-7.3,-3.9
FCN,BREAKOUT,2023-03-13,195.94,-1.4,-5.7,4.9,-14.5,-20.3,-27.7,-10.6
FCN,BREAKOUT,2023-10-23,215.95,-8.7,-2.1,-7.8,-27.8,-26.8,-50.7,-11.0
FCN,BOTTOM,2025-08-25,168.64,-3.3,-2.5,,-9.5,-9.5,,-9.7
FCNCA,BREAKOUT,2020-11-09,532.33,35.3,60.5,54.6,25.1,43.3,22.2,0.0
FCNCA,BOTTOM,2025-09-08,1968.48,4.2,-10.3,,0.2,-11.6,,-14.2
FCPT,BREAKOUT,2020-01-20,21.08,-32.9,-20.8,-3.2,-19.4,-19.5,-21.9,-51.4
FCPT,BREAKOUT,2024-07-08,23.09,12.4,4.3,8.4,8.5,0.0,-4.4,0.0
FCX,BREAKOUT,2017-12-11,15.29,8.1,-0.3,-37.2,4.8,-5.1,-36.2,-9.5
FCX,BREAKOUT,2022-01-10,41.36,11.9,-40.9,4.0,17.4,-24.4,16.8,-40.9
FCX,BREAKOUT,2024-03-11,43.24,8.2,-3.8,-11.8,1.7,-14.4,-23.3,-9.8
FDMT,BOTTOM,2023-07-17,18.03,-43.9,-5.5,-20.1,-37.3,-13.0,-43.2,-43.9
FDMT,BREAKOUT,2024-02-05,28.63,-10.2,-48.3,-79.1,-14.5,-55.3,-100.6,-49.7
FDMT,BOTTOM,2024-05-27,23.97,-37.4,-67.3,-84.9,-44.6,-82.3,-98.1,-67.5
FDMT,BREAKOUT,2026-06-29,13.0,,,,,,,-15.5
FDS,BREAKOUT,2017-10-16,169.43,8.5,4.2,19.6,-1.1,-0.4,10.2,0.0
FDS,BREAKOUT,2020-02-10,280.13,-5.9,19.0,6.5,8.8,18.2,-12.0,-27.0
FDS,BREAKOUT,2021-07-26,339.06,24.5,15.8,21.3,19.4,14.4,26.0,0.0
FDUS,BREAKOUT,2026-07-06,20.21,,,,,,,0.0
FDX,BOTTOM,2019-05-20,113.06,-4.6,-1.3,-25.6,-5.8,-12.4,-32.2,-9.9
FDX,BREAKOUT,2020-08-03,132.62,52.9,39.7,52.1,47.8,22.8,17.8,0.0
FDX,BOTTOM,2025-09-08,182.6,23.9,54.6,,19.9,53.3,,-2.1
FDX,BREAKOUT,2025-12-08,226.18,24.8,49.0,,27.4,39.6,,0.0
FE,BREAKOUT,2024-04-29,35.79,10.0,8.6,14.5,5.4,-3.8,2.3,-1.4
FEIM,BREAKOUT,2018-09-24,8.22,1.1,14.3,8.0,15.3,16.1,4.4,-1.5
FELE,BREAKOUT,2019-11-25,51.96,-6.6,-8.0,24.4,-1.3,-5.9,6.4,-21.6
FELE,BREAKOUT,2020-10-05,59.18,16.3,29.9,34.3,5.9,10.4,6.3,-4.6
FELE,BREAKOUT,2022-08-08,92.47,-13.0,-4.7,0.6,-6.7,-1.1,-5.5,-17.2
FELE,BREAKOUT,2024-11-04,106.01,-6.9,-18.9,-11.0,-7.7,-13.9,-24.5,-19.4
FELE,BREAKOUT,2026-02-02,107.25,-7.4,,,-14.5,,,-16.4
FER,BREAKOUT,2023-01-23,27.88,-0.8,2.9,29.8,-3.7,-10.6,7.9,-8.3
FERG,BREAKOUT,2020-09-28,87.47,20.0,28.5,43.6,7.5,7.6,11.7,-1.7
FET,BOTTOM,2018-02-26,220.0,27.7,8.6,-46.3,25.6,-0.2,-52.5,0.0
FET,BOTTOM,2020-12-28,11.9,64.7,101.8,34.9,57.2,85.0,6.1,0.0
FET,BOTTOM,2022-07-11,17.22,33.3,68.9,44.9,40.1,64.5,26.3,0.0
FET,BREAKOUT,2025-03-17,20.52,-4.4,28.7,174.3,-10.1,10.3,158.0,-31.0
FET,BOTTOM,2025-04-21,14.92,32.1,107.2,315.1,16.1,83.5,283.9,-3.4
FFBC,BOTTOM,2019-04-22,18.39,3.2,-3.1,-42.3,-0.2,-6.9,-40.7,-9.3
FFBC,BREAKOUT,2022-01-03,22.21,-17.2,-23.6,0.1,-13.5,-7.6,15.4,-25.6
FFBC,BREAKOUT,2026-01-26,28.25,6.8,,,2.3,,,-6.3
FFIV,BREAKOUT,2023-08-28,164.61,4.9,15.4,23.4,2.7,0.9,-3.3,-9.9
FFIV,BREAKOUT,2026-05-04,354.03,,,,,,,0.0
FHB,BREAKOUT,2021-02-15,21.95,3.8,1.1,10.1,-3.0,-13.3,-2.7,-1.3
FHB,BREAKOUT,2022-01-03,25.05,-8.7,-23.1,-9.7,-5.0,-7.1,5.6,-26.1
FHB,BOTTOM,2024-01-22,20.04,-0.6,20.0,23.7,-5.2,7.5,-2.7,-9.6
FHB,BREAKOUT,2026-01-05,26.38,-1.4,14.2,,0.4,4.9,,-10.7
FHI,BOTTOM,2018-11-26,19.16,12.7,17.4,31.0,10.4,16.6,14.7,-6.9
FHI,BREAKOUT,2020-01-27,27.14,-40.5,-25.8,-19.1,-28.9,-28.3,-36.3,-55.8
FHI,BOTTOM,2020-03-09,15.27,17.1,13.7,67.5,3.5,-11.6,18.5,-21.4
FHI,BOTTOM,2020-09-14,17.34,37.2,43.5,49.1,25.1,24.9,13.8,-7.3
FHI,BREAKOUT,2022-11-28,33.33,5.2,-5.1,-13.1,5.5,-11.1,-27.7,-7.1
FHN,BOTTOM,2020-06-15,8.31,-4.8,23.0,69.7,-12.4,2.4,33.3,-14.0
FHN,BREAKOUT,2021-02-08,12.94,23.5,5.7,19.1,17.1,-8.6,5.5,0.0
FHN,BOTTOM,2024-02-26,12.95,14.0,20.6,59.3,10.8,10.0,42.0,0.0
FIBK,BREAKOUT,2022-10-24,35.64,-24.6,-41.9,-46.2,-29.3,-49.7,-53.5,-41.9
FIBK,BOTTOM,2024-01-15,24.94,-10.5,10.8,19.5,-13.4,-3.7,-6.0,-13.1
FIBK,BREAKOUT,2024-07-15,27.64,5.1,7.8,5.2,-1.7,-1.7,-10.5,-7.7
FICO,BREAKOUT,2022-11-07,607.57,11.9,22.4,64.0,9.0,18.3,51.7,-5.2
FIGS,BOTTOM,2023-04-24,7.2,-0.3,-20.8,-31.7,-10.5,-20.3,-55.6,-22.8
FIGS,BOTTOM,2024-09-09,5.5,10.0,-15.8,28.7,2.2,-16.6,10.3,-16.9
FIGS,BREAKOUT,2025-08-11,6.93,33.3,47.9,,28.6,41.3,,-4.9
FIRY,BOTTOM,2024-03-18,6.11,18.0,-6.1,-22.6,13.2,-15.8,-32.2,-11.0
FIRY,BREAKOUT,2025-06-30,7.34,10.1,-39.9,32.7,2.8,-49.8,12.3,-39.9
FIRY,BREAKOUT,2026-05-25,9.37,,,,,,,-11.4
FIS,BOTTOM,2023-09-04,51.61,7.5,27.7,49.8,3.8,11.9,26.8,-14.8
FISI,BOTTOM,2020-06-15,13.2,-4.4,26.0,77.0,-12.0,5.4,40.6,-16.3
FISI,BOTTOM,2024-02-26,16.18,-1.9,47.5,62.4,-5.1,36.8,45.1,-4.8
FISI,BREAKOUT,2025-10-20,28.13,11.7,18.8,,9.6,12.8,,-1.8
FITB,BREAKOUT,2017-09-25,20.29,9.0,14.7,2.1,2.2,9.0,-15.7,-1.1
FITB,BREAKOUT,2021-01-04,25.49,24.2,23.9,61.0,15.9,8.9,37.1,-7.2
FITB,BOTTOM,2023-03-06,26.46,-12.0,-10.8,25.8,-23.8,-27.2,-8.8,-21.3
FITB,BOTTOM,2023-06-05,23.29,1.3,21.5,43.3,-2.7,13.7,17.3,-11.0
FIVE,BREAKOUT,2019-04-08,134.97,-5.0,-3.6,-38.5,-9.1,-6.7,-36.4,-19.1
FIVE,BREAKOUT,2020-09-14,136.68,15.5,43.9,40.3,3.4,25.2,4.9,-5.3
FIVE,BREAKOUT,2023-12-25,213.16,-14.9,-48.9,-48.8,-25.3,-64.1,-75.6,-48.9
FIVE,BOTTOM,2025-01-06,103.2,-41.4,25.4,89.5,-33.7,17.4,68.5,-45.0
FIVE,BREAKOUT,2025-06-02,127.35,20.5,36.0,49.6,12.1,20.9,25.1,-4.3
FIVN,BOTTOM,2025-03-24,27.75,-3.6,-9.5,-48.0,-14.6,-29.3,-63.4,-19.6
FIX,BREAKOUT,2017-10-23,40.33,3.4,3.4,26.8,-8.4,-1.0,22.0,-5.8
FIX,BREAKOUT,2020-08-03,50.95,-10.7,11.3,46.5,-15.8,-5.6,12.3,-12.5
FIX,BREAKOUT,2022-07-25,104.05,15.1,13.1,65.3,20.3,13.7,52.6,-7.8
FIX,BOTTOM,2025-05-05,433.49,59.2,120.0,350.2,46.0,100.5,318.0,0.0
FIZZ,BOTTOM,2020-01-13,17.11,10.3,46.9,105.8,23.5,49.0,90.5,-12.4
FIZZ,BOTTOM,2022-01-10,38.02,5.0,7.9,-0.4,10.5,24.4,12.5,-12.3
FIZZ,BOTTOM,2022-09-19,34.22,20.3,28.1,15.3,15.8,19.6,-3.5,-5.0
FIZZ,BOTTOM,2026-05-25,33.44,,,,,,,-11.5
FLEX,BOTTOM,2019-06-03,7.17,7.6,20.4,23.3,3.5,9.9,10.1,-4.9
FLEX,BREAKOUT,2019-10-21,8.75,16.0,-30.2,25.9,6.5,-25.1,9.1,-42.6
FLEX,BOTTOM,2020-08-31,8.05,57.8,57.6,79.7,49.4,44.7,45.5,-4.5
FLEX,BREAKOUT,2020-10-12,10.65,28.3,31.4,34.7,19.7,10.3,4.6,0.0
FLEX,BREAKOUT,2022-09-05,14.59,14.9,11.8,35.5,17.8,16.1,24.2,-13.9
FLG,BREAKOUT,2019-09-09,28.73,-6.1,-15.3,-27.7,-12.0,-5.6,-40.9,-15.3
FLG,BOTTOM,2020-08-10,24.18,-13.0,10.3,32.4,-19.7,-7.2,-2.0,-21.6
FLG,BREAKOUT,2021-02-15,28.48,4.4,9.8,6.2,-2.3,-4.7,-6.6,-3.6
FLG,BOTTOM,2023-03-06,20.66,51.3,66.2,-50.8,39.5,49.9,-85.4,-11.3
FLG,BREAKOUT,2023-04-24,29.96,30.1,-10.6,-70.6,19.8,-10.0,-94.5,-10.6
FLG,BOTTOM,2023-12-18,29.64,-64.5,-69.2,-69.6,-74.9,-84.9,-96.0,-71.5
FLG,BOTTOM,2024-08-19,11.22,3.7,8.3,12.3,-2.5,0.8,-4.0,-21.2
FLG,BREAKOUT,2025-12-15,13.37,-8.2,9.6,,-3.8,-0.7,,-8.8
FLGT,BOTTOM,2018-09-10,3.51,-3.6,66.1,219.9,6.4,68.0,214.4,-10.0
FLGT,BOTTOM,2020-03-23,11.94,35.6,229.8,697.6,16.7,199.0,638.8,-20.1
FLGT,BOTTOM,2021-03-15,105.96,-26.9,-13.4,-38.9,-33.8,-27.5,-54.6,-33.6
FLNC,BOTTOM,2025-10-13,18.33,47.8,-26.1,,43.4,-33.6,,-27.4
FLNG,BREAKOUT,2021-01-04,5.3,-7.2,46.9,141.3,-15.5,31.9,117.4,-20.9
FLR,BREAKOUT,2018-01-08,53.88,1.9,-12.7,-34.7,6.1,-14.1,-29.7,-19.5
FLR,BOTTOM,2021-02-22,17.16,7.8,-2.6,27.6,-3.0,-21.8,11.0,-10.7
FLR,BREAKOUT,2022-10-31,31.73,14.2,-14.2,15.5,4.2,-24.8,-1.8,-14.2
FLR,BREAKOUT,2023-11-13,38.23,10.1,0.3,35.8,-1.2,-18.0,4.1,-4.1
FLR,BOTTOM,2025-09-01,41.57,5.7,8.4,,-0.5,4.0,,-3.7
FLS,BOTTOM,2020-06-15,24.54,3.5,35.4,47.1,-4.1,14.8,10.7,-3.5
FLS,BOTTOM,2021-01-18,34.56,5.1,9.3,-15.4,-4.1,-6.4,-31.3,-7.8
FLS,BOTTOM,2022-05-23,29.21,-0.2,1.6,10.3,1.7,3.9,7.4,-22.1
FLS,BREAKOUT,2023-02-06,34.52,-4.0,9.1,15.8,-5.2,-0.9,-8.9,-17.6
FLS,BOTTOM,2023-03-13,28.46,21.9,31.2,49.7,8.8,16.7,17.1,0.0
FLS,BREAKOUT,2025-10-27,67.64,14.8,5.6,,13.1,-0.6,,-1.6
FLUT,BREAKOUT,2019-09-09,93.0,26.9,-13.1,64.8,21.0,-3.4,51.7,-13.1
FLUT,BOTTOM,2022-10-31,131.92,22.4,48.8,29.4,12.3,38.2,12.1,0.0
FLUT,BREAKOUT,2024-01-29,216.5,-9.3,-13.4,23.3,-13.0,-21.8,0.0,-17.8
FLYW,BOTTOM,2023-03-06,24.78,28.0,29.7,8.8,16.2,13.4,-25.8,0.0
FLYW,BOTTOM,2024-02-19,23.39,-21.6,-24.8,-24.5,-26.2,-36.2,-44.1,-31.5
FLYW,BOTTOM,2024-12-30,20.45,-55.5,-42.2,-32.0,-41.1,-48.4,-48.8,-58.3
FLYW,BOTTOM,2025-10-13,12.95,6.5,5.1,,2.1,-2.4,,-15.3
FMBH,BREAKOUT,2018-06-18,33.61,-1.8,-23.3,-14.9,-8.6,-11.8,-24.1,-23.3
FMBH,BOTTOM,2020-06-15,22.17,-1.7,32.7,61.9,-9.3,12.1,25.5,-13.0
FMBH,BREAKOUT,2021-11-01,39.78,-7.8,-19.2,-19.8,-3.9,-7.5,-1.3,-19.3
FMBH,BOTTOM,2023-09-04,25.55,18.6,14.6,43.8,15.0,-1.1,20.8,-4.6
FMBH,BREAKOUT,2023-12-11,32.49,-12.7,-11.2,22.2,-21.6,-27.2,-7.8,-13.8
FMBH,BREAKOUT,2024-07-08,33.13,11.0,0.5,14.5,7.2,-3.8,1.7,0.0
FMC,BREAKOUT,2019-04-01,65.79,5.8,3.2,-10.1,1.9,0.2,2.1,-11.8
FMC,BREAKOUT,2022-02-28,104.42,0.4,-11.4,7.9,5.2,-2.9,12.8,-16.0
FMC,BOTTOM,2024-04-15,52.66,1.0,10.5,-31.5,-10.2,-8.3,-39.2,-5.2
FMC,BOTTOM,2025-09-15,34.98,-62.6,-63.0,,-65.4,-61.3,,-64.2
FMC,BOTTOM,2026-05-18,13.02,,,,,,,-16.2
FMNB,BREAKOUT,2021-03-01,12.31,10.4,-0.7,16.6,-0.1,-19.6,2.5,-2.9
FMNB,BREAKOUT,2024-07-22,14.6,-13.8,-14.3,-12.1,-20.5,-26.7,-30.6,-18.5
FMS,BOTTOM,2024-07-22,18.96,3.2,21.4,34.0,-3.5,9.0,15.5,-9.4
FMX,BREAKOUT,2019-04-29,81.5,-10.8,-9.4,-36.4,-10.8,-14.5,-34.6,-11.0
FMX,BREAKOUT,2023-01-09,75.06,9.8,28.9,56.0,5.9,15.3,34.5,-3.0
FMX,BREAKOUT,2026-01-19,103.85,8.0,,,4.1,,,-5.2
FN,BREAKOUT,2018-08-06,42.09,21.5,22.0,28.0,23.0,25.5,23.0,-0.3
FN,BREAKOUT,2022-11-07,126.42,-2.9,-27.4,32.6,-5.7,-31.5,20.3,-27.4
FN,BREAKOUT,2023-08-21,156.78,5.3,27.0,70.5,1.4,10.7,41.0,-3.5
FN,BREAKOUT,2025-06-23,295.62,21.4,61.8,77.5,13.5,48.9,57.7,-1.4
FNB,BOTTOM,2020-06-15,6.08,-5.5,25.8,63.0,-13.0,5.2,26.6,-13.3
FNB,BREAKOUT,2021-02-15,9.57,17.3,0.1,21.7,10.5,-14.3,8.9,-0.1
FNB,BREAKOUT,2022-01-03,11.73,-12.2,-17.7,1.4,-8.6,-1.7,16.8,-20.4
FNB,BREAKOUT,2022-10-17,12.18,-5.7,-15.7,-19.7,-12.0,-26.8,-34.0,-17.3
FND,BOTTOM,2019-07-01,41.95,13.5,19.7,37.8,14.4,10.7,31.1,-7.7
FND,BOTTOM,2023-03-06,86.75,10.7,8.0,43.2,-1.2,-8.3,8.6,0.0
FND,BREAKOUT,2024-02-19,117.11,-2.6,-4.7,-19.5,-7.2,-16.1,-39.2,-20.9
FND,BOTTOM,2025-08-11,83.43,-28.1,-15.9,,-32.8,-22.4,,-29.0
FNF,BREAKOUT,2019-04-22,28.46,7.7,14.0,-33.2,4.3,10.2,-31.6,-4.9
FNF,BOTTOM,2020-09-14,24.78,16.5,19.5,42.3,4.3,0.8,6.9,-7.3
FNF,BOTTOM,2022-10-31,31.49,18.4,-7.8,18.4,8.4,-18.4,1.1,-13.3
FNF,BOTTOM,2023-06-05,30.1,22.5,35.1,45.2,18.5,27.3,19.2,-3.5
FNGD,BOTTOM,2023-11-27,698.0,-48.1,-53.3,-76.2,-60.3,-68.9,-109.2,-56.4
FNGD,BOTTOM,2025-05-12,85.6,-31.8,-43.7,-56.3,-40.4,-57.4,-82.1,-48.8
FNV,BREAKOUT,2019-01-28,71.75,-7.8,17.2,49.6,-17.1,7.9,28.2,-7.8
FNV,BREAKOUT,2022-03-28,157.51,-17.6,-26.6,-10.1,-2.1,-6.2,-2.0,-29.9
FORM,BOTTOM,2018-10-01,12.7,6.1,40.2,60.2,17.9,38.9,55.9,-7.1
FORM,BOTTOM,2021-12-06,43.12,-9.1,-12.5,-45.1,1.4,4.1,-29.9,-16.5
FORM,BOTTOM,2023-03-13,29.3,3.4,7.1,45.5,-9.7,-7.4,12.9,-6.8
FORM,BREAKOUT,2023-07-24,36.9,-11.7,11.4,38.9,-1.9,3.9,18.0,-17.9
FORM,BREAKOUT,2025-10-27,54.95,28.3,150.0,,26.5,143.7,,-10.1
FOUR,BOTTOM,2023-05-01,62.19,3.6,-22.2,-4.5,-5.1,-28.3,-30.2,-29.9
FOUR,BREAKOUT,2024-09-16,86.9,19.1,1.9,-0.0,14.7,2.0,-18.2,-2.8
FOXA,BREAKOUT,2022-02-07,40.96,-21.7,-15.4,-16.4,-13.2,-13.1,-10.5,-25.7
FOXA,BREAKOUT,2024-05-27,33.72,20.2,37.8,61.4,12.9,22.8,48.2,-3.6
FOXF,BREAKOUT,2018-06-18,46.5,54.5,16.2,72.3,47.8,27.7,63.2,0.0
FOXF,BREAKOUT,2020-06-01,88.67,-0.4,6.5,69.6,-8.2,-10.3,35.1,-17.6
FOXF,BOTTOM,2023-01-02,97.97,14.0,6.4,-32.3,8.2,-7.4,-54.7,-5.8
FOXF,BOTTOM,2026-06-08,18.09,,,,,,,-8.7
FR,BOTTOM,2020-06-15,32.31,7.2,8.1,39.6,-0.3,-12.5,3.1,-1.6
FR,BOTTOM,2023-03-06,45.55,2.2,1.5,7.9,-9.6,-14.9,-26.7,-0.4
FRHC,BOTTOM,2026-06-01,148.51,,,,,,,-13.3
FRME,BOTTOM,2023-11-27,29.68,1.5,2.4,38.4,-10.6,-13.3,5.4,0.0
FRME,BREAKOUT,2024-07-15,36.01,1.2,5.8,8.7,-5.6,-3.7,-7.0,-7.8
FRO,BOTTOM,2018-07-23,2.95,36.3,4.4,53.9,41.6,9.0,44.5,-5.0
FRO,BREAKOUT,2022-04-04,6.76,-15.0,12.3,63.5,-2.2,30.5,70.6,-18.6
FRO,BOTTOM,2025-08-04,17.78,23.6,53.4,,18.0,44.4,,-1.8
FROG,BOTTOM,2023-03-06,18.58,40.2,47.2,128.1,28.3,30.9,93.5,-1.3
FROG,BOTTOM,2025-03-17,33.98,19.7,46.6,24.4,14.0,28.2,8.1,-14.4
FRPT,BOTTOM,2023-01-30,65.27,6.5,13.0,35.6,6.1,3.8,13.9,-13.0
FRPT,BOTTOM,2026-04-27,65.15,,,,,,,-24.3
FRSH,BOTTOM,2023-03-13,13.73,21.8,45.7,29.4,8.7,31.2,-3.2,-4.4
FRSH,BOTTOM,2025-05-12,15.49,-15.6,-21.8,-42.2,-24.2,-35.6,-68.0,-29.8
FRT,BREAKOUT,2024-07-08,97.66,5.8,-2.5,-6.9,2.0,-6.8,-19.6,-2.5
FSBC,BOTTOM,2024-01-29,21.8,-3.7,17.8,34.2,-7.5,9.3,10.9,-7.6
FSBC,BREAKOUT,2024-07-15,26.86,11.4,8.4,9.4,4.6,-1.1,-6.3,-4.4
FSK,BREAKOUT,2019-11-18,9.12,5.6,-39.1,-17.2,-2.1,-35.1,-33.7,-55.4
FSK,BOTTOM,2021-01-18,7.91,21.8,27.8,38.7,12.6,12.1,22.8,-3.1
FSK,BREAKOUT,2023-07-10,12.38,2.7,12.4,20.3,6.3,5.5,-6.0,-1.5
FSLR,BOTTOM,2019-01-28,48.43,27.5,37.6,2.4,18.2,28.2,-19.0,-0.7
FSLR,BREAKOUT,2020-08-03,72.93,21.0,33.6,27.7,16.0,16.7,-6.5,-15.3
FSLR,BREAKOUT,2021-10-25,119.59,-38.6,-38.9,10.9,-35.2,-29.2,24.9,-42.7
FSLR,BREAKOUT,2022-08-22,121.75,40.8,33.2,45.7,41.1,34.5,35.4,0.0
FSLR,BREAKOUT,2024-05-20,276.74,-16.5,-32.8,-42.8,-23.0,-46.0,-53.5,-32.8
FSLR,BOTTOM,2024-07-15,216.43,-7.3,-10.9,-18.7,-14.1,-20.4,-34.5,-15.7
FSLY,BOTTOM,2025-01-20,10.28,-42.9,-30.4,-9.6,-33.7,-35.8,-24.3,-49.8
FSLY,BREAKOUT,2025-11-03,11.56,-25.9,77.4,,-29.1,66.9,,-25.9
FSM,BOTTOM,2017-10-09,4.65,13.3,20.6,-11.6,3.8,15.7,-21.8,-12.3
FSM,BOTTOM,2019-12-16,3.36,-32.7,26.2,118.5,-4.5,29.0,101.2,-46.4
FSM,BREAKOUT,2020-05-25,4.49,58.4,39.9,54.8,42.6,19.4,14.5,-5.6
FSM,BOTTOM,2021-05-03,6.45,-30.9,-21.1,-49.3,-36.0,-32.8,-48.0,-40.6
FSM,BOTTOM,2022-04-11,4.45,-40.7,-41.8,-10.6,-29.0,-24.2,-6.4,-51.7
FSM,BOTTOM,2023-02-27,3.44,1.2,-13.1,-15.4,-5.1,-25.6,-44.2,-16.9
FSM,BREAKOUT,2023-11-27,4.04,-28.0,54.5,18.3,-40.1,38.8,-14.7,-32.2
FSM,BREAKOUT,2025-04-07,6.48,6.6,36.6,61.7,-10.5,13.6,33.0,-16.8
FSS,BREAKOUT,2019-04-08,25.44,-0.4,19.8,9.0,-4.5,16.7,11.2,-11.1
FSS,BREAKOUT,2022-11-07,47.53,8.0,8.1,35.7,5.1,3.9,23.4,-9.3
FSS,BREAKOUT,2026-06-29,131.09,,,,,,,-12.1
FSUN,BREAKOUT,2024-01-15,35.25,-1.8,5.0,12.0,-4.8,-9.6,-13.4,-5.0
FSV,BOTTOM,2020-03-23,75.58,22.8,63.3,91.7,3.9,32.4,32.9,-10.2
FSV,BREAKOUT,2025-07-21,198.56,-17.6,-19.8,,-24.2,-28.6,,-24.3
FTAI,BOTTOM,2020-06-15,8.0,45.5,103.9,202.7,38.0,83.3,166.3,0.0
FTAI,BREAKOUT,2020-11-16,14.25,33.2,48.4,31.0,23.0,30.7,-2.8,0.0
FTAI,BOTTOM,2022-10-31,15.98,38.4,64.0,138.7,28.4,53.4,121.4,-0.8
FTAI,BOTTOM,2025-05-12,117.08,22.9,34.8,103.3,14.3,21.0,77.4,-5.9
FTAI,BREAKOUT,2025-09-15,177.91,-5.6,29.1,,-8.5,30.8,,-11.8
FTDR,BREAKOUT,2020-12-07,49.97,11.6,3.7,-32.8,3.5,-13.0,-63.1,0.0
FTDR,BREAKOUT,2024-07-22,38.17,30.9,53.1,54.5,24.2,40.7,36.0,0.0
FTI,BOTTOM,2019-05-27,14.68,20.1,-8.3,-63.2,13.3,-23.6,-76.1,-8.3
FTI,BOTTOM,2021-07-12,7.43,4.2,-7.0,-21.6,0.5,-15.5,-12.2,-22.2
FTK,BOTTOM,2018-05-21,19.14,-32.6,-55.2,-4.7,-38.7,-52.8,-10.6,-55.2
FTK,BREAKOUT,2020-08-31,15.3,-5.9,-12.2,-46.3,-14.3,-25.1,-80.5,-27.1
FTK,BOTTOM,2020-12-21,13.14,-15.1,-13.2,-72.1,-22.7,-29.6,-101.4,-36.1
FTK,BOTTOM,2022-05-16,6.96,-7.8,-7.8,-43.1,-16.6,-10.3,-52.4,-16.4
FTK,BOTTOM,2022-12-26,6.72,-38.4,-34.8,-41.7,-45.9,-51.6,-67.8,-46.4
FTK,BOTTOM,2025-07-14,12.55,16.4,33.1,108.5,10.3,22.3,88.8,-10.3
FTNT,BREAKOUT,2019-11-04,19.25,21.7,42.2,21.8,13.6,46.5,6.3,-14.1
FTNT,BOTTOM,2020-03-09,16.53,57.7,39.4,127.9,44.1,14.0,78.9,0.0
FTNT,BREAKOUT,2026-05-04,114.07,,,,,,,0.0
FTRE,BOTTOM,2026-05-11,13.66,,,,,,,-3.2
FTV,BREAKOUT,2020-10-05,51.36,4.1,1.8,1.7,-6.3,-17.7,-26.3,-11.8
FUBO,BOTTOM,2020-08-10,130.44,40.9,329.3,165.2,34.2,311.7,130.9,-16.4
FUBO,BREAKOUT,2020-11-16,283.8,81.6,-14.2,-9.4,71.4,-31.9,-43.2,-27.1
FUBO,BOTTOM,2023-09-18,27.72,41.6,-34.6,-35.9,31.1,-56.6,-69.7,-34.6
FUBO,BOTTOM,2024-01-15,31.2,-48.1,-44.6,46.9,-51.0,-59.1,21.5,-55.8
FUBO,BOTTOM,2024-09-23,17.52,-7.5,98.6,187.7,-12.0,100.8,170.5,-7.5
FUBO,BREAKOUT,2025-01-06,61.32,-44.2,-35.2,-49.9,-36.5,-43.3,-70.9,-52.6
FUBO,BOTTOM,2025-03-31,33.6,31.8,41.4,-70.9,7.7,8.2,-102.2,-13.6
FUBO,BOTTOM,2025-07-28,45.0,0.8,-40.5,,-9.2,-52.5,,-40.5
FUBO,BOTTOM,2025-10-27,45.36,-41.0,-69.5,,-42.8,-75.8,,-79.5
FUL,BOTTOM,2019-04-29,45.19,-7.1,3.1,-27.0,-7.1,-2.0,-25.1,-20.3
FUL,BREAKOUT,2024-07-08,80.53,-4.5,-25.7,-22.7,-8.3,-30.0,-35.5,-25.7
FUL,BOTTOM,2025-07-21,58.64,4.1,1.7,,-2.5,-7.1,,-6.3
FULT,BREAKOUT,2022-01-03,15.21,-11.6,-18.6,-2.5,-8.0,-2.6,12.9,-20.7
FUN,BREAKOUT,2022-01-31,55.47,-12.0,-28.0,-23.8,-3.9,-20.8,-17.2,-31.7
FUN,BOTTOM,2022-09-05,41.36,-6.9,7.1,-6.3,-4.0,11.3,-17.6,-9.9
FUN,BREAKOUT,2024-05-06,44.29,-2.5,2.6,-18.9,-5.2,-13.0,-28.6,-15.1
FUTU,BOTTOM,2021-08-02,101.7,-46.6,-60.5,-61.1,-52.8,-62.5,-55.8,-63.1
FUTU,BOTTOM,2022-08-01,39.61,-5.5,27.0,39.1,3.1,26.4,29.3,-17.8
FUTU,BOTTOM,2023-01-16,50.95,-12.7,-12.3,-11.6,-17.2,-27.4,-35.3,-28.1
FUTU,BREAKOUT,2024-04-22,63.83,-7.7,39.5,35.5,-15.2,24.8,25.7,-13.7
FUTU,BREAKOUT,2025-07-07,147.62,3.1,19.0,-34.7,-1.9,7.1,-57.1,-5.5
FVRR,BOTTOM,2023-03-06,34.62,-20.2,-15.8,-34.5,-32.0,-32.1,-69.2,-26.6
FVRR,BREAKOUT,2024-10-28,30.19,2.3,-12.1,-25.0,-3.5,-11.9,-45.9,-26.5
FWONA,BOTTOM,2020-09-28,32.79,10.9,12.9,42.4,-1.6,-8.0,10.5,-2.8
FWONA,BREAKOUT,2024-05-27,68.41,3.2,18.3,28.8,-4.0,3.3,15.6,-6.1
FWONK,BREAKOUT,2019-04-29,37.82,0.9,7.3,-20.2,0.9,2.2,-18.4,-6.6
FWONK,BOTTOM,2020-09-28,35.84,14.9,18.2,42.7,2.4,-2.7,10.8,-2.5
FWRD,BREAKOUT,2019-10-21,67.09,-2.3,-28.3,-9.4,-11.8,-23.1,-26.3,-38.2
FWRD,BREAKOUT,2020-11-09,69.82,19.5,36.1,49.0,9.4,18.9,16.6,-0.4
FWRD,BREAKOUT,2023-07-17,117.17,-35.7,-56.2,-78.4,-29.2,-63.7,-101.5,-56.2
FWRG,BOTTOM,2025-02-17,20.27,-22.2,-8.1,-21.5,-19.0,-16.3,-37.7,-26.3
G,BREAKOUT,2019-02-04,29.85,10.8,28.7,31.2,3.8,19.8,6.1,0.0
G,BOTTOM,2024-03-11,32.02,-6.1,19.6,53.7,-12.6,9.1,42.3,-6.7
GAB,BREAKOUT,2020-11-09,3.28,9.6,26.1,30.6,-0.5,8.9,-1.7,0.0
GABC,BREAKOUT,2023-01-30,36.56,-31.6,-22.8,-18.3,-32.0,-31.9,-40.0,-33.7
GABC,BOTTOM,2023-09-11,26.1,19.2,14.9,42.5,12.9,-0.9,14.4,-8.4
GABC,BOTTOM,2024-02-19,29.77,4.0,28.6,27.2,-0.6,17.2,7.5,-2.1
GAP,BOTTOM,2020-03-09,8.77,-2.5,53.9,185.0,-16.1,28.6,136.0,-47.7
GAP,BREAKOUT,2020-10-05,16.07,8.1,65.1,19.1,-2.3,45.5,-8.9,-2.5
GAP,BOTTOM,2023-01-09,11.38,-26.6,-26.1,65.3,-30.5,-39.7,43.9,-38.8
GAP,BREAKOUT,2023-11-13,16.47,11.5,22.7,23.9,0.2,4.4,-7.8,0.0
GAP,BOTTOM,2025-01-13,22.38,-17.7,-12.5,17.5,-6.0,-18.1,0.4,-19.9
GAP,BREAKOUT,2025-05-19,27.41,-24.2,-11.0,-15.4,-35.9,-25.4,-45.7,-33.3
GAP,BOTTOM,2025-10-13,21.12,24.5,26.8,,20.1,19.3,,0.0
GATX,BREAKOUT,2018-01-08,55.86,2.9,17.1,11.2,7.1,15.6,16.2,-1.0
GATX,BREAKOUT,2020-11-30,76.38,16.1,15.1,21.4,12.0,-0.0,-2.9,-1.9
GATX,BREAKOUT,2024-03-04,128.26,-1.2,0.2,18.5,-5.9,-6.1,4.5,-4.0
GBCI,BOTTOM,2020-08-10,30.7,15.4,42.0,48.9,8.7,24.4,14.6,-15.0
GBCI,BREAKOUT,2020-12-14,38.79,31.7,16.7,24.0,25.9,3.6,-2.3,0.0
GBCI,BOTTOM,2025-08-11,44.16,-6.1,14.6,,-10.8,8.0,,-9.4
GBTG,BREAKOUT,2026-05-04,9.45,,,,,,,-1.2
GBX,BREAKOUT,2017-10-02,38.75,1.2,-4.4,25.5,-6.8,-7.4,10.2,-6.9
GBX,BOTTOM,2019-12-30,25.96,-58.4,-28.8,19.6,-35.8,-26.6,1.5,-58.4
GBX,BREAKOUT,2020-10-05,28.51,6.5,38.3,34.4,-3.9,18.8,6.4,-20.0
GBX,BREAKOUT,2022-03-07,45.19,-22.2,-42.1,-39.4,-15.3,-39.6,-32.8,-45.3
GBX,BREAKOUT,2023-06-26,39.59,-6.6,4.1,18.2,-3.3,-4.0,-6.3,-22.8
GBX,BOTTOM,2025-09-01,45.87,-1.2,17.3,,-7.5,12.8,,-11.4
GBX,BOTTOM,2026-05-11,47.3,,,,,,,-1.6
GCMG,BOTTOM,2023-01-16,7.22,-4.0,-4.1,8.4,-8.5,-19.2,-15.3,-16.7
GCMG,BREAKOUT,2026-06-29,12.91,,,,,,,-0.1
GCO,BOTTOM,2020-12-28,30.09,56.6,108.5,113.3,49.1,91.7,84.5,0.0
GCO,BREAKOUT,2021-02-01,43.12,30.9,31.5,43.5,21.7,16.6,26.2,0.0
GCO,BOTTOM,2024-01-01,31.06,-15.5,-22.3,37.4,-26.6,-41.6,9.3,-22.3
GCO,BOTTOM,2024-07-01,24.13,16.9,76.9,-7.8,13.2,69.5,-21.9,0.0
GCO,BREAKOUT,2024-12-02,40.95,-33.8,-44.6,-44.5,-28.9,-43.8,-58.7,-56.0
GCO,BOTTOM,2025-10-20,30.76,10.3,14.3,,8.2,8.3,,-26.1
GCT,BREAKOUT,2025-08-04,28.91,14.5,39.2,,8.9,30.2,,-9.4
GD,BOTTOM,2019-05-27,136.33,19.6,14.3,-6.4,12.8,-1.0,-19.2,0.0
GD,BOTTOM,2020-03-16,98.29,39.4,27.4,60.6,3.9,-18.3,-12.3,0.0
GD,BOTTOM,2020-06-08,129.71,-1.9,3.0,32.1,-12.1,-18.5,-9.6,-10.6
GD,BREAKOUT,2025-07-21,308.58,12.2,16.7,,5.6,7.9,,-1.0
GDDY,BREAKOUT,2023-10-30,85.56,25.8,44.5,90.9,11.7,26.0,57.8,0.0
GDOT,BOTTOM,2021-10-04,47.54,-24.2,-42.6,-58.9,-31.0,-45.5,-43.0,-47.8
GDOT,BOTTOM,2024-06-17,9.48,28.7,12.3,0.6,24.0,3.1,-9.9,-3.2
GDOT,BREAKOUT,2025-08-11,13.28,-18.4,-10.3,,-23.1,-16.9,,-18.4
GDS,BOTTOM,2018-09-03,34.64,-19.9,-1.5,21.4,-12.0,2.1,15.8,-36.8
GDS,BREAKOUT,2024-08-19,16.69,9.7,168.2,100.8,3.4,160.8,84.6,-3.4
GDS,BREAKOUT,2026-02-02,46.48,-4.8,,,-11.9,,,-37.1
GDYN,BOTTOM,2020-03-16,5.7,40.9,35.4,179.8,5.4,-10.3,106.9,0.0
GDYN,BREAKOUT,2021-01-18,13.28,7.3,44.6,99.9,-1.9,28.9,84.0,-2.1
GDYN,BOTTOM,2022-09-26,18.73,-40.1,-38.8,-35.0,-47.7,-54.4,-56.5,-46.5
GDYN,BREAKOUT,2023-12-11,13.66,-8.0,-30.8,40.0,-16.9,-46.8,10.0,-30.8
GDYN,BREAKOUT,2024-09-30,14.33,52.9,-4.3,-41.1,49.2,7.0,-59.3,-4.3
GE,BOTTOM,2019-09-02,42.02,27.6,8.2,-26.0,21.4,7.5,-43.2,-1.5
GE,BOTTOM,2022-12-26,51.27,46.3,68.1,95.7,38.8,51.3,69.5,0.0
GEF,BREAKOUT,2017-12-04,46.85,-15.7,-7.7,-28.3,-21.3,-13.5,-29.4,-21.1
GEF,BOTTOM,2020-07-13,29.93,19.4,41.3,64.0,11.0,23.6,27.9,-4.6
GEF,BREAKOUT,2020-11-09,37.5,8.9,45.1,58.5,-1.2,27.9,26.1,0.0
GEF,BREAKOUT,2024-11-18,67.1,-15.2,-21.8,-8.5,-16.3,-19.7,-20.5,-26.7
GEHC,BREAKOUT,2024-02-19,88.73,-10.3,-4.7,2.4,-14.9,-16.1,-17.2,-14.3
GEHC,BOTTOM,2025-09-01,75.63,12.9,-1.8,,6.7,-6.3,,-6.2
GEN,BREAKOUT,2021-05-10,23.4,1.2,-1.2,-6.5,-6.2,-14.1,-4.2,-7.6
GEN,BREAKOUT,2022-02-07,27.17,-19.4,-18.2,-26.8,-10.9,-15.9,-21.0,-26.2
GEN,BREAKOUT,2025-08-11,30.87,-14.8,-23.6,,-19.5,-30.1,,-23.6
GENI,BOTTOM,2022-12-05,4.49,1.6,30.3,19.8,3.0,20.1,1.0,-27.2
GENI,BOTTOM,2023-04-10,4.44,68.9,13.3,20.3,59.6,7.9,-5.4,-16.4
GENI,BOTTOM,2023-12-04,5.38,10.8,0.9,80.7,-0.9,-15.9,46.8,-5.0
GENI,BREAKOUT,2024-08-19,7.85,15.5,15.9,64.1,9.3,8.5,47.8,-12.1
GENI,BOTTOM,2024-10-28,6.9,28.0,60.1,63.2,22.2,60.3,42.3,0.0
GEO,BOTTOM,2020-06-15,10.7,-1.2,-14.6,-28.8,-8.7,-35.2,-65.2,-23.3
GEO,BOTTOM,2021-08-23,7.65,9.5,-21.4,6.4,7.3,-19.3,15.1,-21.4
GEO,BOTTOM,2021-12-20,7.67,-24.3,-11.3,45.8,-20.7,5.2,63.1,-27.9
GEO,BOTTOM,2025-04-14,29.69,-17.4,-42.7,-37.4,-37.0,-69.6,-73.8,-42.7
GEO,BREAKOUT,2026-06-08,28.44,,,,,,,0.0
GFF,BREAKOUT,2018-05-07,17.56,-22.9,-43.4,-27.3,-27.2,-46.1,-35.0,-43.4
GFF,BOTTOM,2019-07-01,13.25,25.7,23.2,11.7,26.6,14.2,5.0,-5.2
GFF,BREAKOUT,2020-07-27,18.58,-5.9,-1.1,2.5,-6.3,-15.4,-33.8,-15.1
GFI,BREAKOUT,2019-02-18,3.37,-6.4,47.1,81.2,-8.2,44.2,59.5,-12.0
GFI,BOTTOM,2021-08-02,7.52,7.5,20.3,8.2,1.2,18.2,13.4,-6.6
GFI,BREAKOUT,2022-02-14,11.33,-11.6,-33.1,-20.2,-1.6,-31.0,-15.5,-33.1
GFI,BOTTOM,2024-02-12,12.61,22.0,25.1,42.8,15.7,13.5,19.2,-4.8
GFI,BREAKOUT,2024-04-01,16.4,-8.8,-9.7,18.1,-16.1,-20.9,19.4,-23.3
GFL,BOTTOM,2022-04-11,32.65,-23.6,-27.0,5.8,-12.0,-9.4,10.0,-27.0
GFS,BOTTOM,2024-08-19,46.0,-7.1,-7.9,-25.1,-13.4,-15.3,-41.4,-20.5
GFS,BOTTOM,2025-09-15,32.85,11.3,30.9,,8.5,32.7,,0.0
GFS,BREAKOUT,2026-02-09,48.92,45.0,,,36.3,,,-14.6
GGAL,BOTTOM,2019-03-11,21.14,17.7,-60.2,-67.1,14.9,-67.7,-64.2,-61.2
GGAL,BREAKOUT,2019-07-08,28.62,-65.5,-56.8,-70.0,-64.5,-66.1,-77.7,-71.4
GGAL,BOTTOM,2020-01-27,10.85,-53.8,-16.4,-47.4,-42.2,-18.9,-64.6,-57.5
GGAL,BOTTOM,2021-07-12,6.31,31.3,16.0,-19.9,27.6,7.6,-10.5,-4.5
GGAL,BREAKOUT,2023-01-02,9.02,-0.9,56.1,61.0,-6.7,42.3,38.6,-5.4
GGG,BREAKOUT,2019-03-25,45.25,1.6,-7.1,-6.9,-2.6,-12.7,1.5,-10.3
GH,BOTTOM,2023-12-11,28.19,-37.1,7.2,23.3,-46.0,-8.8,-6.6,-43.0
GH,BOTTOM,2024-08-12,27.95,4.2,72.2,110.7,-1.8,61.5,93.1,-26.6
GHC,BOTTOM,2020-07-13,342.87,13.4,53.9,81.2,5.0,36.2,45.1,0.0
GHM,BOTTOM,2022-11-14,10.15,32.6,12.8,73.4,29.3,6.2,57.8,-8.0
GHRS,BOTTOM,2023-09-25,10.05,-42.3,6.1,-31.5,-53.9,-17.2,-67.0,-46.6
GHRS,BREAKOUT,2025-02-10,14.31,-23.3,-10.6,2.7,-21.0,-16.8,-10.4,-37.1
GHRS,BOTTOM,2025-03-10,11.0,16.0,8.5,35.9,9.6,-9.0,16.9,-18.2
GHRS,BOTTOM,2026-02-09,14.7,45.5,,,36.8,,,-10.5
GHRS,BREAKOUT,2026-04-13,18.34,56.5,,,51.6,,,0.0
GIII,BREAKOUT,2017-12-04,34.5,2.8,40.7,-5.7,-2.8,35.0,-6.8,-2.9
GIII,BREAKOUT,2021-02-01,29.2,17.0,0.8,-9.6,7.7,-14.1,-26.9,-3.4
GIII,BOTTOM,2023-07-10,20.01,15.8,57.2,29.0,19.4,50.3,2.7,-7.5
GIII,BREAKOUT,2024-12-09,35.75,-26.1,-43.1,-13.0,-19.6,-42.5,-27.2,-43.1
GILD,BREAKOUT,2020-02-03,53.96,13.6,2.5,3.4,25.0,0.8,-15.4,-1.9
GILD,BREAKOUT,2022-10-24,69.89,6.5,5.6,0.3,1.7,-2.3,-6.9,-0.7
GILD,BREAKOUT,2024-01-08,79.75,-20.4,-17.2,8.3,-27.9,-35.4,-15.0,-24.8
GILT,BREAKOUT,2017-09-11,5.04,17.7,47.0,49.9,10.2,35.9,31.6,-2.4
GILT,BREAKOUT,2021-01-18,10.1,-2.5,-2.9,-25.0,-11.7,-18.5,-41.0,-13.4
GILT,BOTTOM,2021-06-14,9.86,-6.3,-24.2,-38.2,-13.0,-35.8,-27.7,-31.5
GILT,BOTTOM,2022-03-21,8.63,-28.7,-38.5,-37.8,-15.3,-20.4,-26.7,-38.5
GILT,BREAKOUT,2025-01-13,6.67,-8.1,18.3,167.8,3.5,12.6,150.7,-17.8
GIS,BREAKOUT,2020-03-02,42.85,12.4,17.2,7.2,4.4,0.9,-24.2,-5.4
GKOS,BOTTOM,2020-09-07,47.01,43.5,89.0,11.4,33.4,70.1,-23.9,-0.2
GKOS,BOTTOM,2022-05-09,38.63,30.4,34.6,52.2,23.6,34.5,48.0,0.0
GKOS,BREAKOUT,2023-05-08,58.81,26.5,2.9,87.8,17.8,-4.9,59.4,-6.7
GL,BOTTOM,2020-06-15,72.26,8.5,22.4,22.1,0.9,1.8,-14.3,-7.0
GL,BOTTOM,2024-07-15,86.79,24.6,34.6,39.5,17.8,25.1,23.8,0.0
GL,BREAKOUT,2025-02-24,125.87,-4.2,10.3,14.9,-3.7,1.1,-1.9,-7.8
GLBE,BREAKOUT,2023-05-15,35.94,2.3,-15.1,-18.9,-2.3,-23.5,-47.3,-15.1
GLBE,BOTTOM,2024-03-25,36.35,-0.2,4.7,-1.8,-4.6,-5.2,-9.4,-19.9
GLBE,BREAKOUT,2024-11-18,49.89,-9.7,-36.7,-28.0,-10.7,-34.6,-40.1,-41.5
GLBE,BOTTOM,2025-03-24,35.68,-8.0,3.0,-18.9,-19.0,-16.8,-34.3,-18.2
GLBE,BOTTOM,2026-01-19,37.55,-15.8,,,-19.7,,,-25.7
GLNG,BREAKOUT,2017-12-18,25.5,-7.4,-1.8,-24.6,-4.3,-5.4,-16.3,-12.9
GLNG,BOTTOM,2020-10-19,7.45,37.4,39.3,63.1,26.2,17.9,30.2,-8.9
GLNG,BREAKOUT,2022-01-10,12.66,84.6,52.4,62.1,90.1,68.9,74.9,-9.2
GLNG,BREAKOUT,2025-08-18,43.84,-18.5,3.4,,-20.9,-4.1,,-18.5
GLOB,BOTTOM,2020-03-23,85.31,65.5,104.3,145.0,46.6,73.5,86.2,-14.8
GLPI,BREAKOUT,2022-07-11,38.62,-6.9,9.6,3.6,-0.2,5.2,-15.0,-9.9
GLPI,BREAKOUT,2026-02-23,47.3,-2.4,,,-13.0,,,-8.7
GLUE,BOTTOM,2024-09-09,6.08,24.3,3.1,-20.9,16.5,2.3,-39.3,-19.6
GLUE,BREAKOUT,2024-10-28,8.9,-25.2,-44.2,44.4,-30.9,-44.0,23.5,-55.6
GLUE,BREAKOUT,2025-10-20,11.14,105.0,77.6,,103.0,71.6,,0.0
GLUE,BOTTOM,2026-02-09,17.92,1.3,,,-7.4,,,-14.2
GLUE,BREAKOUT,2026-07-13,24.56,,,,,,,
GLW,BREAKOUT,2018-09-10,28.75,-10.4,-1.0,-12.3,-0.3,0.9,-17.8,-17.9
GLW,BREAKOUT,2020-07-27,26.58,3.8,17.2,38.4,3.4,2.9,2.1,0.0
GLW,BREAKOUT,2024-05-13,33.88,14.6,34.2,40.0,9.6,22.9,26.3,0.0
GM,BREAKOUT,2017-09-11,33.71,6.3,-0.5,-7.4,-1.2,-11.6,-25.7,-2.9
GM,BOTTOM,2023-03-20,32.6,7.6,-2.8,29.2,-2.2,-12.4,-4.4,-3.9
GM,BREAKOUT,2024-02-26,40.09,9.8,21.8,20.7,6.6,11.2,3.4,-3.6
GMAB,BOTTOM,2019-04-08,17.52,7.4,11.2,27.6,3.3,8.1,29.8,-4.9
GMAB,BREAKOUT,2021-07-19,44.85,4.2,-25.3,-20.4,0.9,-25.5,-11.5,-25.3
GME,BOTTOM,2018-09-24,3.59,-17.3,-29.2,-62.8,-3.0,-27.4,-66.4,-29.2
GME,BREAKOUT,2020-08-31,1.91,120.9,1700.5,2550.3,112.5,1687.6,2516.1,-20.4
GME,BOTTOM,2021-03-01,34.44,80.3,47.2,-18.9,69.8,28.3,-33.1,0.0
GME,BOTTOM,2021-12-06,39.75,-41.7,-18.8,-43.1,-31.3,-2.2,-27.9,-42.9
GME,BOTTOM,2022-09-12,28.64,-27.4,-42.0,-36.4,-27.2,-44.0,-53.2,-42.5
GME,BOTTOM,2023-04-24,19.29,13.7,-32.0,-38.3,3.4,-31.4,-62.3,-32.0
GME,BREAKOUT,2024-06-03,28.22,-15.2,3.0,4.8,-16.8,-11.6,-8.8,-27.1
GME,BOTTOM,2024-09-09,20.65,35.5,11.6,20.7,27.7,10.8,2.3,-0.4
GME,BOTTOM,2025-06-30,23.59,7.6,-12.6,-3.3,0.3,-22.5,-23.7,-14.6
GME,BOTTOM,2025-11-03,21.5,16.2,12.9,,13.0,2.4,,-6.3
GME,BOTTOM,2026-03-09,23.53,-7.5,,,-19.8,,,-10.0
GMED,BOTTOM,2020-07-27,48.18,8.2,28.0,72.6,7.8,13.8,36.3,0.0
GMED,BREAKOUT,2020-11-23,59.92,4.3,20.3,6.7,-0.7,3.9,-21.3,0.0
GMED,BREAKOUT,2023-01-30,79.63,-26.6,-28.8,-34.9,-27.0,-38.0,-56.6,-34.9
GMED,BOTTOM,2023-08-28,54.23,-15.2,0.4,34.1,-17.3,-14.1,7.4,-18.6
GMED,BOTTOM,2024-03-11,51.4,27.6,35.7,38.2,21.2,25.1,26.7,-2.0
GMED,BREAKOUT,2024-05-06,64.72,13.1,25.0,-13.8,10.4,9.4,-23.5,-0.5
GMED,BREAKOUT,2026-01-05,94.47,-4.3,-17.3,,-2.4,-26.7,,-18.9
GNK,BREAKOUT,2018-03-05,9.16,33.7,-15.6,-46.9,33.5,-19.6,-47.2,-15.6
GNK,BOTTOM,2019-06-03,4.8,29.2,38.1,-3.3,25.0,27.5,-16.5,-7.4
GNK,BOTTOM,2019-09-09,6.8,-7.2,-44.1,-31.9,-13.0,-34.4,-45.0,-44.1
GNK,BOTTOM,2020-09-14,4.89,-1.1,67.6,185.4,-13.2,48.9,150.0,-11.4
GNK,BOTTOM,2023-03-27,12.81,-9.4,-8.7,36.8,-18.1,-13.9,7.2,-18.7
GNK,BOTTOM,2023-09-04,11.55,4.6,54.6,28.9,1.0,38.9,5.9,-4.8
GNK,BREAKOUT,2024-02-19,16.78,15.7,-8.4,-22.8,11.1,-19.8,-42.4,-9.3
GNL,BREAKOUT,2018-07-02,8.54,-6.3,-9.7,2.5,-11.3,-2.3,-8.0,-13.6
GNL,BREAKOUT,2023-01-23,9.46,-20.3,-20.7,-29.6,-23.2,-34.2,-51.6,-32.7
GNRC,BREAKOUT,2017-09-11,45.28,8.1,4.7,27.0,0.6,-6.4,8.7,-3.4
GNRC,BREAKOUT,2018-06-11,52.56,9.4,-0.8,23.2,4.4,4.7,17.3,-5.4
GNRC,BREAKOUT,2019-04-29,59.99,18.4,53.0,55.5,18.3,47.9,57.4,-8.1
GNRC,BOTTOM,2023-09-04,115.18,5.5,1.7,21.2,1.9,-14.1,-1.8,-28.6
GNRC,BREAKOUT,2024-07-08,153.94,12.8,2.3,-2.3,8.9,-2.1,-15.0,-9.3
GNRC,BREAKOUT,2025-07-28,193.63,-13.2,-13.2,,-23.2,-25.2,,-28.2
GNRC,BOTTOM,2025-10-27,168.02,0.0,54.4,,-1.7,48.1,,-17.3
GNTX,BREAKOUT,2018-01-01,18.74,9.2,7.8,-4.9,13.9,6.2,1.1,0.0
GNTX,BREAKOUT,2019-06-17,21.26,15.6,24.3,14.5,13.7,14.2,7.4,-0.4
GNTX,BREAKOUT,2020-11-09,28.89,12.4,10.2,19.5,2.3,-7.1,-12.9,0.0
GNTX,BREAKOUT,2021-10-11,34.37,-4.3,-25.6,-35.2,-8.9,-24.4,-16.7,-26.0
GNTX,BOTTOM,2025-10-20,23.28,0.3,2.1,,-1.8,-3.9,,-12.0
GNW,BOTTOM,2017-12-18,3.2,-9.4,40.9,40.9,-6.2,37.4,49.3,-15.3
GNW,BREAKOUT,2018-06-11,4.65,-4.5,-4.3,-34.0,-9.5,1.3,-39.9,-22.4
GNW,BOTTOM,2021-01-04,3.12,13.8,17.0,36.5,5.5,2.0,12.7,-9.0
GNW,BOTTOM,2021-08-23,3.72,5.9,8.9,16.9,3.7,11.0,25.6,-7.8
GNW,BREAKOUT,2026-06-22,9.46,,,,,,,-2.7
GO,BOTTOM,2023-07-03,31.61,-13.7,-16.2,-30.4,-12.0,-23.7,-58.6,-16.2
GO,BOTTOM,2025-09-08,17.77,-39.1,-64.0,,-43.0,-65.3,,-64.0
GOLD,BREAKOUT,2019-08-05,5.27,-25.9,-36.9,81.1,-32.3,-51.9,64.1,-43.2
GOLD,BREAKOUT,2020-04-27,5.62,61.1,117.7,174.4,45.2,101.3,124.4,0.0
GOLD,BREAKOUT,2024-04-08,38.44,-11.3,4.7,-40.1,-21.3,-9.5,-46.0,-20.0
GOLD,BOTTOM,2024-06-10,30.92,44.9,-11.8,-29.9,41.1,-23.8,-41.3,-11.8
GOLF,BREAKOUT,2023-05-01,51.06,9.8,4.5,18.5,1.2,-1.6,-7.2,-17.1
GOLF,BREAKOUT,2025-06-30,75.14,6.3,8.7,56.5,-1.0,-1.2,36.0,-1.7
GOOD,BOTTOM,2023-11-06,9.43,10.1,29.1,56.6,-4.1,10.0,19.0,0.0
GOOG,BREAKOUT,2019-04-22,63.05,-1.7,-0.6,0.6,-5.1,-4.3,2.1,-16.2
GOOG,BOTTOM,2023-03-06,90.21,35.0,50.8,49.8,23.2,34.4,15.1,0.0
GOOGL,BREAKOUT,2019-04-22,63.31,-2.5,-1.0,-0.1,-6.0,-4.8,1.5,-16.4
GOOGL,BREAKOUT,2019-11-04,64.87,13.0,5.8,34.4,4.9,10.1,18.9,-18.4
GOOGL,BOTTOM,2023-03-13,100.73,21.6,35.2,38.9,8.5,20.7,6.3,0.0
GOOS,BOTTOM,2020-12-28,29.77,35.6,44.5,24.5,28.1,27.8,-4.2,0.0
GOOS,BREAKOUT,2021-11-01,48.26,-35.5,-58.6,-66.8,-31.6,-47.0,-48.3,-58.6
GOOS,BOTTOM,2023-03-06,17.42,-5.7,-11.8,-25.8,-17.6,-28.1,-60.4,-12.9
GOOS,BOTTOM,2024-03-25,12.06,7.2,5.1,-31.7,2.8,-4.9,-39.3,-15.1
GOOS,BREAKOUT,2025-07-07,14.0,-7.9,-5.8,-31.0,-12.9,-17.7,-53.4,-19.9
GOOS,BOTTOM,2025-08-04,11.21,12.3,0.3,,6.7,-8.7,,0.0
GPC,BREAKOUT,2018-01-08,80.33,-12.6,-8.3,-4.1,-8.4,-9.8,1.0,-15.6
GPCR,BREAKOUT,2025-11-10,36.82,90.3,5.1,,88.5,-5.6,,-6.8
GPGI,BREAKOUT,2024-07-08,6.24,90.4,84.8,127.8,86.6,80.5,115.1,0.0
GPI,BREAKOUT,2019-04-22,75.36,9.5,29.3,-37.6,6.1,25.5,-36.0,-8.8
GPI,BREAKOUT,2020-10-05,119.8,17.8,31.7,54.7,7.4,12.2,26.7,-14.9
GPI,BOTTOM,2020-10-26,101.97,30.1,55.5,71.0,16.2,26.7,28.3,0.0
GPK,BOTTOM,2019-03-04,10.53,17.1,15.1,15.1,11.8,5.5,4.7,0.0
GPK,BREAKOUT,2019-07-22,13.23,3.5,9.4,-3.2,3.2,-0.5,-11.6,-14.6
GPK,BREAKOUT,2020-12-14,14.93,9.1,5.7,21.3,3.2,-7.5,-4.9,-5.6
GPN,BOTTOM,2024-09-09,108.13,3.6,-14.3,-21.9,-4.2,-15.0,-40.3,-14.3
GPOR,BREAKOUT,2024-11-18,176.77,4.7,10.1,15.8,3.7,12.3,3.8,-9.9
GPRE,BOTTOM,2019-03-18,16.95,-34.1,-40.4,-72.8,-39.9,-48.3,-56.4,-56.7
GPRE,BREAKOUT,2020-08-10,16.84,-4.0,57.1,117.1,-10.7,39.6,82.7,-25.0
GPRE,BOTTOM,2022-09-12,32.05,-8.0,-2.9,5.5,-7.9,-4.9,-11.3,-13.7
GPRE,BOTTOM,2023-03-13,31.13,3.4,8.6,-34.9,-9.7,-5.9,-67.5,-3.0
GPRK,BREAKOUT,2019-12-16,17.5,-73.0,-53.6,-38.0,-44.8,-50.8,-55.3,-73.0
GPRK,BOTTOM,2020-06-15,8.12,-16.0,33.6,35.9,-23.6,13.0,-0.5,-33.0
GPRK,BREAKOUT,2022-04-11,14.09,-35.2,-20.0,-27.4,-23.5,-2.4,-23.2,-35.2
GPRK,BOTTOM,2022-12-05,11.38,-9.5,-20.3,-31.8,-8.1,-30.6,-50.6,-24.2
GPRK,BOTTOM,2023-11-20,8.46,-10.1,7.1,1.5,-22.1,-10.1,-31.1,-11.2
GPRK,BREAKOUT,2024-05-27,9.64,-14.5,-3.9,-35.2,-21.7,-18.9,-48.4,-26.4
GPRK,BOTTOM,2026-01-05,7.11,31.9,39.1,,33.8,29.8,,0.0
GRAL,BREAKOUT,2025-09-29,65.54,35.6,-16.1,,33.2,-14.7,,-34.3
GRAL,BOTTOM,2025-12-29,88.87,-38.1,-22.2,,-34.4,-31.8,,-51.5
GRBK,BREAKOUT,2019-09-09,10.26,9.9,-21.8,58.7,4.1,-12.1,45.5,-21.8
GRBK,BREAKOUT,2021-11-15,27.22,-19.1,-16.7,-15.6,-12.0,-0.3,-1.4,-30.0
GRBK,BOTTOM,2022-11-21,24.42,23.3,96.6,95.8,24.3,91.4,80.8,-2.5
GRC,BREAKOUT,2018-05-07,26.99,11.3,8.5,7.6,7.1,5.8,-0.0,-4.2
GRC,BOTTOM,2020-06-15,26.04,7.9,8.7,16.2,0.4,-12.0,-20.2,-0.6
GRC,BOTTOM,2023-03-06,23.67,7.1,32.6,52.7,-4.7,16.2,18.1,-5.9
GRC,BREAKOUT,2023-07-24,29.13,1.0,11.1,36.6,10.8,3.6,15.7,-0.1
GRC,BREAKOUT,2025-08-18,42.25,6.2,55.1,,3.8,47.7,,0.0
GRFS,BREAKOUT,2019-07-01,20.04,-8.3,9.2,-12.9,-7.3,0.2,-19.6,-8.3
GRFS,BOTTOM,2022-04-25,10.41,-17.2,-41.5,-30.5,-17.7,-36.7,-33.1,-43.3
GRFS,BOTTOM,2023-09-04,8.67,16.1,-21.6,-4.9,12.5,-37.3,-27.9,-24.3
GRFS,BOTTOM,2024-08-12,6.85,34.1,3.7,54.4,28.1,-7.0,36.8,-2.4
GRFS,BREAKOUT,2025-07-07,9.45,-2.7,-2.2,-23.1,-7.7,-14.1,-45.5,-12.3
GRMN,BREAKOUT,2019-10-28,81.45,3.2,-14.3,13.1,-2.4,-7.7,4.4,-29.1
GRND,BOTTOM,2022-12-19,5.14,19.6,9.3,64.6,15.9,-4.7,39.0,-9.5
GRND,BOTTOM,2025-12-29,13.31,-8.7,20.7,,-5.0,11.1,,-24.3
GRND,BOTTOM,2026-07-06,15.69,,,,,,,-2.7
GRPN,BOTTOM,2019-01-28,75.6,-5.0,-17.5,-23.8,-14.4,-26.8,-45.2,-17.5
GRPN,BOTTOM,2021-02-01,35.68,39.5,-14.2,-35.6,30.2,-29.1,-52.9,-14.2
GRPN,BREAKOUT,2023-08-21,12.99,-19.0,37.1,5.6,-22.9,20.8,-23.9,-32.1
GRPN,BOTTOM,2023-12-11,11.41,10.3,30.3,0.6,1.4,14.3,-29.3,-16.7
GRPN,BOTTOM,2024-09-02,10.94,18.4,-3.7,119.5,5.5,-10.9,98.2,-25.8
GRPN,BREAKOUT,2025-03-24,18.82,83.0,20.8,-44.4,72.1,1.0,-59.8,-9.7
GRRR,BREAKOUT,2024-12-16,13.37,88.1,88.7,-8.2,92.4,87.6,-24.6,-12.9
GRRR,BOTTOM,2025-02-03,18.57,-13.1,-8.1,-36.7,-7.4,-14.8,-53.0,-13.9
GS,BOTTOM,2019-05-13,166.8,1.5,12.8,-11.0,-0.1,2.6,-13.2,-7.2
GS,BREAKOUT,2020-12-21,225.29,28.3,45.0,53.0,20.6,28.6,23.7,0.0
GS,BREAKOUT,2023-12-11,360.59,2.5,18.9,57.6,-6.5,2.9,27.6,-0.7
GSAT,BOTTOM,2020-01-27,7.2,-33.3,-18.7,118.8,-21.7,-21.3,101.6,-43.7
GSAT,BOTTOM,2020-07-20,5.55,-16.2,181.1,286.5,-24.4,160.8,247.3,-18.9
GSAT,BREAKOUT,2021-01-04,8.4,137.5,203.6,91.1,129.2,188.6,67.2,0.0
GSAT,BOTTOM,2021-05-24,24.0,-10.6,-10.6,-19.4,-18.2,-20.6,-19.5,-26.9
GSAT,BREAKOUT,2021-09-06,39.0,-50.0,-56.5,-31.9,-56.0,-51.5,-24.5,-62.7
GSAT,BOTTOM,2021-10-11,22.95,-32.0,-15.7,9.8,-36.6,-14.5,28.4,-36.6
GSAT,BOTTOM,2022-10-10,25.2,-11.9,-38.7,-23.8,-23.8,-55.0,-46.4,-39.9
GSAT,BOTTOM,2023-10-16,19.2,31.2,-0.8,-6.3,16.2,-19.2,-46.9,-0.8
GSAT,BOTTOM,2024-09-09,17.55,66.7,21.5,70.6,58.8,20.8,52.2,-12.0
GSAT,BREAKOUT,2024-12-02,33.15,-30.3,-40.0,106.6,-25.4,-39.2,92.4,-46.9
GSAT,BREAKOUT,2025-09-15,35.1,77.4,67.3,,74.5,69.0,,-2.6
GSAT,BOTTOM,2026-01-12,60.16,33.0,31.6,,30.1,23.6,,-6.2
GSBC,BREAKOUT,2017-09-25,42.65,-6.8,-9.3,1.6,-13.5,-15.0,-16.3,-10.7
GSBC,BREAKOUT,2019-04-29,47.61,-2.0,3.0,-27.4,-2.0,-2.1,-25.6,-6.7
GSBC,BOTTOM,2020-06-15,32.8,-2.6,29.0,39.4,-10.1,8.4,3.0,-8.0
GSBC,BREAKOUT,2023-12-18,56.27,-12.9,-12.3,3.0,-23.3,-28.0,-23.4,-16.5
GSBC,BREAKOUT,2024-07-15,58.42,-4.6,-0.6,0.9,-11.4,-10.2,-14.8,-10.4
GSBC,BREAKOUT,2025-12-08,64.08,-6.1,17.7,,-3.6,8.3,,-6.1
GSBD,BREAKOUT,2023-11-13,9.93,6.5,9.8,-3.0,-4.8,-8.5,-34.6,0.0
GSHD,BREAKOUT,2021-10-04,165.36,-35.9,-61.2,-81.2,-42.7,-64.1,-65.4,-62.1
GSHD,BREAKOUT,2024-10-14,91.29,14.4,17.3,-26.6,11.8,26.6,-41.6,0.0
GSIT,BOTTOM,2018-02-26,7.91,-3.5,-11.4,1.8,-5.6,-20.2,-4.4,-18.1
GSIT,BOTTOM,2020-08-31,6.53,14.2,9.8,-16.7,5.8,-3.1,-50.9,-19.6
GSIT,BOTTOM,2020-11-23,6.85,7.2,-8.8,-17.5,2.1,-25.1,-45.5,-14.2
GSIT,BREAKOUT,2023-05-08,5.09,-36.0,-57.8,-40.9,-44.6,-65.6,-69.2,-61.3
GSIT,BOTTOM,2023-12-04,2.95,50.2,-13.9,1.7,38.5,-30.8,-32.2,-36.3
GSIT,BOTTOM,2024-07-15,2.72,40.4,45.2,111.0,33.6,35.7,95.3,-17.3
GSIT,BOTTOM,2024-12-16,2.77,-10.8,11.2,114.4,-6.5,10.1,98.0,-35.0
GSIT,BOTTOM,2025-08-25,2.94,116.3,177.6,,110.1,170.6,,-0.3
GSIT,BOTTOM,2026-04-20,7.83,,,,,,,-30.5
GSIT,BREAKOUT,2026-05-11,9.64,,,,,,,-43.5
GSK,BREAKOUT,2021-06-07,32.67,0.3,10.2,14.4,-5.1,-1.4,21.3,-3.8
GSL,BOTTOM,2017-12-11,6.49,-13.7,12.0,-45.3,-17.0,7.1,-44.3,-14.5
GSL,BOTTOM,2019-08-05,4.85,3.1,9.1,-31.9,-3.3,-5.9,-48.9,-6.3
GSL,BOTTOM,2020-08-17,3.9,63.7,153.6,245.5,58.6,137.7,213.0,-3.4
GSL,BREAKOUT,2020-11-16,6.38,54.9,87.2,156.6,44.7,69.5,122.7,0.0
GSL,BOTTOM,2023-04-03,14.49,11.7,3.0,25.1,4.1,-2.8,-3.4,-3.3
GT,BOTTOM,2020-12-28,10.91,59.1,58.4,95.4,51.6,41.6,66.7,-3.3
GT,BREAKOUT,2023-07-17,15.7,-21.8,-13.1,-22.9,-15.3,-20.6,-46.0,-24.1
GTES,BREAKOUT,2024-02-19,14.64,20.8,23.0,52.0,16.2,11.6,32.3,0.0
GTLB,BOTTOM,2023-03-06,44.35,6.4,18.0,30.1,-5.5,1.7,-4.5,-37.5
GTLB,BOTTOM,2024-05-20,55.17,-14.8,20.8,-13.9,-21.4,7.6,-24.7,-24.4
GTLB,BOTTOM,2025-01-20,64.79,-27.2,-26.1,-43.8,-18.1,-31.5,-58.5,-37.1
GTX,BOTTOM,2021-01-25,6.08,-11.8,3.4,11.0,-25.0,-15.9,-10.0,-20.0
GTX,BREAKOUT,2021-05-24,8.39,-19.2,-13.3,-30.9,-26.8,-23.3,-31.1,-25.1
GTX,BOTTOM,2022-08-29,6.5,13.6,20.2,14.8,9.5,16.3,-2.1,-15.4
GTX,BREAKOUT,2023-01-30,8.27,-6.2,-10.6,3.8,-6.7,-19.8,-17.9,-19.5
GTX,BREAKOUT,2023-12-18,8.92,8.1,-8.9,-1.7,-2.3,-24.6,-28.2,-9.5
GTY,BREAKOUT,2018-07-02,18.43,-3.3,2.8,11.6,-8.3,10.2,1.1,-6.4
GTY,BREAKOUT,2019-10-28,22.62,-4.9,-18.8,-17.2,-10.5,-12.2,-25.9,-44.7
GTY,BREAKOUT,2021-04-05,21.79,10.2,4.5,0.8,4.0,-2.6,-9.4,0.0
GTY,BREAKOUT,2022-10-24,25.06,16.1,8.5,-12.0,11.3,0.7,-19.2,0.0
GTY,BREAKOUT,2026-01-12,29.16,17.0,24.3,,14.0,16.3,,-3.0
GVA,BREAKOUT,2017-10-23,56.34,6.6,-15.4,-27.7,-5.1,-19.8,-32.5,-15.4
GVA,BOTTOM,2019-03-18,38.96,5.3,-22.6,-71.4,-0.5,-30.5,-55.0,-36.1
GVA,BOTTOM,2020-06-15,17.75,-3.2,42.2,101.9,-10.7,21.6,65.5,-10.9
GVA,BREAKOUT,2021-01-04,31.91,16.7,18.5,15.8,8.5,3.5,-8.1,-12.4
GVA,BREAKOUT,2023-01-09,38.05,-1.0,4.5,21.7,-4.9,-9.1,0.2,-8.1
GVA,BREAKOUT,2023-10-30,45.14,-1.6,29.9,89.9,-15.8,11.5,56.7,-2.4
GVA,BREAKOUT,2025-08-04,105.57,-7.0,23.1,,-12.6,14.1,,-7.0
GWRE,BREAKOUT,2019-09-02,109.41,1.2,-16.6,5.7,-4.9,-17.4,-11.6,-16.6
GWW,BREAKOUT,2018-01-22,254.35,0.0,20.1,4.2,6.6,21.1,9.7,-10.1
GWW,BREAKOUT,2019-10-21,292.44,4.1,-14.3,15.9,-5.4,-9.1,-0.9,-32.0
GWW,BREAKOUT,2020-07-20,319.13,6.2,16.2,36.5,-2.0,-4.1,-2.6,0.0
GWW,BREAKOUT,2026-02-02,1192.98,3.2,,,-3.9,,,-12.8
GXO,BREAKOUT,2024-10-14,63.01,-30.2,-46.3,-12.4,-32.8,-36.9,-27.4,-46.3
H,BOTTOM,2020-06-15,52.3,7.5,37.4,50.9,-0.1,16.8,14.4,-10.8
H,BOTTOM,2021-01-04,73.3,13.3,6.9,30.4,5.0,-8.1,6.5,-11.7
H,BREAKOUT,2021-11-01,90.23,1.8,-6.6,0.5,5.7,5.1,19.0,-14.6
H,BREAKOUT,2023-01-09,103.48,6.7,11.6,22.4,2.8,-1.9,0.9,-1.3
H,BREAKOUT,2024-12-02,162.43,-16.8,-18.7,-4.1,-11.9,-17.9,-18.3,-35.1
HAE,BREAKOUT,2019-06-17,117.45,10.2,-0.3,-27.7,8.3,-10.5,-34.7,-0.8
HAE,BREAKOUT,2021-01-04,128.07,-8.6,-50.4,-58.9,-16.9,-65.4,-82.8,-57.0
HAE,BOTTOM,2021-03-15,113.94,-44.9,-38.4,-49.7,-51.8,-52.4,-65.4,-51.7
HAE,BOTTOM,2021-12-13,53.12,7.8,14.4,47.5,10.9,34.3,62.8,-13.5
HAE,BREAKOUT,2024-04-29,94.4,-4.8,-24.3,-32.4,-9.4,-36.7,-44.6,-24.3
HAE,BOTTOM,2026-03-16,58.58,26.6,,,11.2,,,-7.8
HAFC,BOTTOM,2019-06-03,15.55,-16.8,-4.6,-46.6,-20.9,-15.1,-59.9,-17.3
HAFC,BOTTOM,2023-11-27,15.68,-13.7,-8.0,58.2,-25.9,-23.7,25.2,-14.8
HAFC,BREAKOUT,2024-07-15,17.86,7.3,19.4,39.3,0.5,9.9,23.6,-4.9
HAFC,BREAKOUT,2025-06-30,25.44,-5.5,3.5,27.7,-12.8,-6.4,7.3,-15.4
HAFN,BREAKOUT,2025-09-22,5.58,-11.6,29.0,,-16.2,32.6,,-14.2
HAL,BOTTOM,2020-02-10,19.64,-55.1,-23.7,-7.0,-40.4,-24.5,-25.5,-76.9
HAL,BOTTOM,2020-11-02,11.09,55.0,87.8,102.8,43.8,66.3,67.2,0.0
HAL,BREAKOUT,2023-01-09,39.49,-20.8,-12.7,-17.7,-24.7,-26.3,-39.2,-32.6
HAL,BREAKOUT,2025-12-29,29.33,29.6,12.4,,33.3,2.8,,0.0
HALO,BREAKOUT,2019-11-11,18.91,11.6,28.2,105.4,2.8,35.4,88.4,-17.7
HALO,BREAKOUT,2022-05-23,48.3,-16.6,13.2,-31.3,-14.6,15.5,-34.1,-19.6
HALO,BOTTOM,2022-08-08,43.14,25.1,13.4,1.4,31.4,17.0,-4.6,-10.0
HALO,BREAKOUT,2024-05-13,44.71,32.9,2.1,16.3,27.9,-9.2,2.7,-2.0
HALO,BREAKOUT,2025-03-17,65.16,-19.0,19.4,-2.7,-24.6,1.1,-19.0,-20.2
HAPN,BOTTOM,2019-06-10,14.2,5.9,-8.4,-62.0,1.3,-19.1,-69.4,-18.2
HAPN,BREAKOUT,2021-02-01,13.51,7.3,99.2,29.8,-1.9,84.3,12.6,-20.3
HAPN,BOTTOM,2021-04-26,15.39,58.5,198.6,-0.9,53.1,187.9,-0.9,-15.7
HAPN,BREAKOUT,2024-07-15,10.38,22.2,60.4,25.6,15.3,50.9,9.9,0.0
HAS,BREAKOUT,2025-06-23,70.75,4.3,14.9,20.6,-3.7,2.0,0.7,-2.1
HASI,BOTTOM,2021-10-04,42.18,-8.9,-19.8,-46.9,-15.7,-22.7,-31.0,-30.8
HASI,BOTTOM,2024-02-19,21.4,38.0,39.7,21.1,33.4,28.3,1.4,-0.3
HASI,BOTTOM,2025-08-25,26.89,23.3,32.8,,17.1,25.8,,-1.0
HAYW,BOTTOM,2023-03-06,11.43,-3.5,22.2,25.1,-15.3,5.9,-9.5,-4.2
HAYW,BREAKOUT,2024-03-18,15.09,-12.1,-2.3,-7.3,-16.9,-12.0,-16.9,-20.2
HAYW,BREAKOUT,2024-10-14,15.67,-3.6,-23.4,-2.9,-6.2,-14.0,-17.9,-23.4
HAYW,BREAKOUT,2025-08-18,16.56,-6.1,-1.8,,-8.5,-9.2,,-10.4
HBAN,BOTTOM,2020-06-15,7.87,-4.4,23.7,35.2,-12.0,3.1,-1.3,-17.3
HBAN,BREAKOUT,2021-01-04,11.34,13.8,0.9,24.2,5.5,-14.1,0.3,-8.3
HBAN,BREAKOUT,2021-10-18,13.5,-8.1,-15.8,-9.5,-5.1,-10.5,6.6,-18.3
HBCP,BREAKOUT,2023-12-11,40.57,-17.7,-14.0,17.9,-26.7,-30.0,-12.1,-18.7
HBCP,BREAKOUT,2024-07-22,43.49,0.9,5.9,22.6,-5.8,-6.4,4.2,-13.2
HBM,BOTTOM,2019-01-21,5.64,18.6,-15.0,-41.4,7.7,-29.7,-67.4,-17.5
HBM,BREAKOUT,2019-04-08,7.51,-35.9,-53.5,-71.1,-40.1,-56.6,-68.9,-60.0
HBM,BOTTOM,2022-01-24,7.0,-9.3,-45.4,-19.0,-2.8,-39.3,-12.3,-53.8
HBM,BOTTOM,2023-01-02,5.53,-7.4,-11.6,-3.7,-13.3,-25.4,-26.1,-20.5
HBM,BOTTOM,2023-09-18,4.67,19.8,46.7,67.1,9.3,24.7,33.3,-11.7
HBM,BREAKOUT,2024-02-26,6.06,60.7,34.4,17.2,57.6,23.8,-0.2,0.0
HBM,BREAKOUT,2025-06-23,10.55,34.1,91.5,120.8,26.2,78.6,100.9,-14.2
HBNC,BREAKOUT,2017-09-25,13.97,-4.3,3.9,3.5,-11.0,-1.8,-14.3,-9.6
HBNC,BOTTOM,2020-06-15,7.94,1.7,53.0,71.3,-5.8,32.4,34.8,-6.8
HBNC,BREAKOUT,2021-11-01,16.35,4.1,-10.8,-19.1,8.0,0.8,-0.6,-11.7
HBNC,BOTTOM,2024-01-29,11.42,-0.5,18.7,38.6,-4.3,10.2,15.3,-7.8
HBNC,BREAKOUT,2024-07-15,13.57,7.9,10.1,13.1,1.1,0.5,-2.6,-3.4
HCA,BREAKOUT,2024-01-29,303.67,-0.3,15.6,7.5,-4.1,7.1,-15.8,-1.2
HCA,BREAKOUT,2025-09-01,417.93,15.9,27.0,,9.6,22.6,,-4.2
HCC,BREAKOUT,2019-02-18,22.33,4.5,-20.6,-28.6,2.8,-23.6,-50.3,-20.6
HCC,BOTTOM,2019-12-02,18.79,-20.7,-20.6,-12.5,-15.7,-23.1,-32.2,-52.9
HCC,BOTTOM,2020-10-19,13.34,56.6,17.9,72.2,45.4,-3.6,39.3,0.0
HCC,BREAKOUT,2021-01-04,20.51,-26.1,-22.3,14.6,-34.3,-37.3,-9.2,-30.5
HCC,BOTTOM,2021-04-26,14.26,18.1,52.1,117.0,12.7,41.3,117.0,0.0
HCC,BREAKOUT,2021-08-30,22.3,-10.5,56.1,35.4,-10.9,60.1,47.6,-14.4
HCC,BREAKOUT,2023-02-13,39.59,-13.9,-3.1,42.9,-17.0,-11.1,18.3,-18.4
HCC,BREAKOUT,2025-11-03,81.04,9.7,6.0,,6.4,-4.6,,-7.5
HCI,BREAKOUT,2021-02-15,53.73,29.7,74.5,6.7,22.9,60.1,-6.1,-2.5
HCI,BOTTOM,2022-09-12,47.61,-34.5,6.2,6.1,-34.4,4.2,-10.7,-42.6
HCI,BOTTOM,2023-04-10,47.14,19.6,20.6,125.7,10.2,15.3,100.0,0.0
HCI,BREAKOUT,2024-10-14,117.56,1.9,22.7,60.4,-0.6,32.1,45.4,-7.7
HCSG,BOTTOM,2018-07-09,37.71,-10.7,-2.9,-30.0,-9.9,3.5,-39.6,-11.7
HCSG,BOTTOM,2018-10-22,35.0,7.0,-16.8,-39.7,6.2,-28.5,-55.6,-23.7
HCSG,BOTTOM,2020-03-30,18.52,17.9,9.6,42.3,-8.5,-26.0,-21.7,-0.2
HCSG,BOTTOM,2020-08-24,19.3,14.2,35.8,27.2,10.1,26.4,-3.2,-4.2
HCSG,BREAKOUT,2021-01-04,28.64,-7.3,1.6,-41.7,-15.6,-13.4,-65.5,-8.5
HCSG,BOTTOM,2023-05-29,13.92,-15.7,-28.2,-22.6,-21.5,-36.2,-47.6,-31.5
HCSG,BOTTOM,2024-04-08,11.63,-3.4,-12.5,-16.0,-13.4,-26.6,-21.8,-13.6
HD,BREAKOUT,2018-09-03,170.19,-15.7,-11.6,15.1,-7.8,-8.0,9.4,-21.7
HDB,BREAKOUT,2020-11-09,31.55,22.3,3.2,6.4,12.1,-14.0,-25.9,-2.1
HE,BREAKOUT,2018-11-05,31.27,2.0,13.9,19.3,4.0,9.1,5.8,-4.0
HE,BREAKOUT,2021-03-22,40.13,-2.8,-5.9,-3.6,-10.9,-18.8,-19.4,-5.9
HE,BOTTOM,2023-08-28,15.05,-14.2,-20.6,-28.7,-16.3,-35.1,-55.4,-22.9
HE,BOTTOM,2024-02-05,13.09,-23.7,18.4,-28.6,-27.9,11.4,-50.1,-38.3
HE,BOTTOM,2024-11-04,10.64,-12.2,-1.4,8.7,-13.0,3.6,-4.8,-23.1
HE,BOTTOM,2025-05-12,10.62,7.3,9.7,24.6,-1.3,-4.0,-1.2,-2.3
HE,BREAKOUT,2025-08-18,12.2,-5.6,30.0,,-8.0,22.6,,-10.7
HEI,BREAKOUT,2022-01-03,148.95,0.3,-10.8,5.6,4.0,5.2,21.0,-13.4
HELE,BREAKOUT,2018-07-02,101.95,22.9,31.4,29.7,17.9,38.8,19.2,0.0
HELE,BREAKOUT,2021-11-08,247.82,-17.7,-17.2,-59.3,-12.3,-3.7,-45.9,-21.2
HELE,BOTTOM,2023-12-04,109.93,13.1,-8.1,-33.9,1.5,-24.9,-67.7,-17.0
HELE,BOTTOM,2024-04-01,106.01,-16.9,-40.8,-57.8,-24.3,-52.0,-56.5,-51.4
HELP,BOTTOM,2021-05-03,62.89,65.6,39.6,-68.9,60.4,27.9,-67.6,-14.2
HELP,BOTTOM,2021-09-06,91.96,-50.4,-67.4,-65.4,-56.4,-62.3,-58.0,-67.4
HELP,BOTTOM,2022-10-03,22.84,-34.4,-35.3,-6.2,-41.9,-49.0,-26.4,-55.9
HELP,BOTTOM,2023-12-04,15.73,-5.6,-30.0,-31.4,-17.2,-46.8,-65.2,-30.0
HELP,BOTTOM,2025-02-03,9.0,-21.7,-17.2,-33.6,-15.9,-23.9,-49.9,-36.8
HELP,BOTTOM,2026-02-02,5.98,-11.2,,,-18.3,,,-30.6
HESM,BREAKOUT,2026-05-11,39.9,,,,,,,-7.8
HFWA,BOTTOM,2020-10-26,16.77,13.7,36.5,22.5,-0.2,7.7,-20.1,-3.0
HFWA,BREAKOUT,2022-08-08,23.31,21.3,7.0,-29.2,27.6,10.7,-35.2,-3.9
HFWA,BOTTOM,2023-09-11,15.35,26.5,9.2,32.1,20.2,-6.6,4.0,-7.1
HFWA,BREAKOUT,2025-12-08,24.92,-1.0,16.5,,1.6,7.1,,-6.6
HG,BREAKOUT,2025-03-03,19.54,2.6,16.8,46.4,-1.7,3.7,28.2,-16.5
HGV,BREAKOUT,2019-08-26,33.77,2.5,-21.1,-31.0,-5.4,-23.3,-53.2,-21.1
HGV,BREAKOUT,2025-06-30,44.86,-2.5,1.4,17.9,-9.8,-8.5,-2.5,-12.7
HHH,BOTTOM,2020-03-23,53.01,-9.3,3.7,70.2,-28.3,-27.1,11.4,-23.4
HHH,BOTTOM,2020-06-15,52.45,9.2,47.5,80.5,1.6,26.9,44.1,-10.0
HHH,BOTTOM,2023-04-17,73.34,9.5,-13.2,-21.8,-0.6,-16.1,-43.6,-13.2
HHH,BREAKOUT,2024-11-04,84.45,-9.2,-15.3,-5.2,-10.0,-10.2,-18.7,-22.8
HHH,BREAKOUT,2025-11-24,89.53,-19.2,-29.2,,-19.8,-40.6,,-31.1
HIFS,BREAKOUT,2019-12-23,194.45,-32.0,-23.6,4.3,-11.0,-17.5,-12.1,-35.2
HIFS,BREAKOUT,2020-11-09,204.07,16.4,36.2,76.6,6.3,19.0,44.3,-0.6
HIFS,BREAKOUT,2024-07-22,235.87,5.0,7.5,3.3,-1.7,-4.9,-15.2,-6.8
HIFS,BREAKOUT,2025-10-20,309.22,0.1,-8.1,,-2.0,-14.1,,-13.4
HIG,BOTTOM,2020-06-15,35.19,-6.1,21.0,56.4,-13.7,0.4,19.9,-9.7
HIG,BREAKOUT,2022-11-21,70.63,3.2,-8.6,5.3,4.2,-13.9,-9.7,-12.5
HII,BREAKOUT,2017-09-18,184.88,8.1,15.9,17.4,0.3,11.5,-1.8,0.0
HII,BOTTOM,2019-05-27,176.25,2.3,23.7,-0.8,-4.4,8.5,-13.6,-0.4
HII,BOTTOM,2020-06-15,156.31,-15.9,-3.8,18.9,-23.5,-24.4,-17.6,-20.4
HII,BREAKOUT,2021-03-22,181.25,5.5,-2.8,3.8,-2.5,-15.6,-12.0,-3.0
HII,BREAKOUT,2022-04-11,203.37,-7.6,1.3,-3.6,4.1,18.9,0.5,-11.2
HIMS,BOTTOM,2021-04-05,12.97,-22.1,-43.1,-63.1,-28.2,-50.2,-73.3,-45.2
HIMS,BREAKOUT,2024-02-26,13.12,48.0,12.3,243.7,44.9,1.7,226.3,-14.2
HIMS,BOTTOM,2025-09-01,48.41,-19.0,-67.5,,-25.3,-72.0,,-70.0
HIMX,BOTTOM,2017-10-09,6.62,14.7,-23.3,-35.9,5.1,-28.2,-46.2,-34.0
HIMX,BREAKOUT,2020-01-27,2.87,-15.0,-3.0,137.0,-3.4,-5.5,119.8,-37.0
HIMX,BOTTOM,2020-03-23,1.86,29.0,29.3,373.4,10.0,-1.5,314.6,0.0
HIMX,BOTTOM,2020-10-26,2.54,168.6,271.7,204.6,154.7,242.9,162.0,0.0
HIMX,BREAKOUT,2020-11-16,3.71,192.1,100.8,97.4,181.8,83.1,63.5,0.0
HIMX,BREAKOUT,2021-12-27,11.7,-33.0,-47.4,-54.9,-28.6,-28.3,-36.7,-47.4
HIMX,BOTTOM,2022-02-28,8.11,-15.0,-38.2,-18.7,-10.3,-29.6,-13.7,-38.2
HIMX,BOTTOM,2023-03-06,6.34,-1.5,-15.8,-17.3,-13.3,-32.2,-51.9,-15.8
HIMX,BOTTOM,2024-01-29,5.2,-9.6,10.3,83.6,-13.4,1.8,60.3,-15.4
HIMX,BREAKOUT,2024-06-17,7.48,-32.1,-2.6,12.4,-36.8,-11.8,1.9,-34.6
HIMX,BOTTOM,2024-09-09,5.21,55.6,61.2,55.9,47.8,60.4,37.5,-6.2
HIMX,BOTTOM,2025-05-12,7.8,-6.5,-6.8,140.2,-15.1,-20.5,114.3,-8.4
HIMX,BREAKOUT,2026-03-09,9.67,79.9,,,67.6,,,-19.4
HIW,BREAKOUT,2019-10-28,30.6,7.1,-20.8,-34.0,1.5,-14.2,-42.7,-39.2
HIW,BOTTOM,2020-03-16,18.6,39.1,28.9,59.6,3.6,-16.8,-13.4,0.0
HIW,BOTTOM,2020-06-15,25.86,-7.3,4.1,23.6,-14.9,-16.5,-12.9,-21.9
HIW,BREAKOUT,2021-03-08,30.59,11.6,0.3,5.1,3.6,-13.4,-2.9,-3.0
HIW,BOTTOM,2023-03-06,18.3,-2.1,5.4,15.4,-13.9,-10.9,-19.2,-12.2
HIW,BOTTOM,2023-06-26,18.98,-11.9,0.9,20.1,-8.6,-7.2,-4.4,-23.9
HIW,BREAKOUT,2026-06-29,31.86,,,,,,,-2.0
HL,BOTTOM,2019-04-08,2.15,-22.3,-14.0,-5.2,-26.4,-17.1,-3.1,-41.1
HL,BOTTOM,2019-09-16,1.92,51.7,-16.0,187.9,43.6,6.5,174.9,-16.0
HL,BREAKOUT,2019-12-02,2.7,-4.9,14.6,87.1,0.1,12.1,67.3,-40.2
HL,BOTTOM,2022-04-11,7.01,-47.2,-41.5,-7.1,-35.6,-23.9,-2.9,-49.1
HL,BREAKOUT,2024-05-13,6.05,-7.6,-9.5,-19.6,-12.6,-20.9,-33.3,-20.4
HL,BREAKOUT,2025-08-04,7.59,82.7,199.9,,77.1,190.8,,0.0
HL,BOTTOM,2026-04-20,18.8,,,,,,,-23.8
HLF,BREAKOUT,2020-07-13,50.49,-4.7,-0.6,1.6,-13.0,-18.3,-34.5,-10.6
HLF,BOTTOM,2024-09-02,7.53,5.7,17.8,30.9,-7.1,10.5,9.7,-29.1
HLF,BOTTOM,2025-05-26,7.81,25.2,63.0,53.1,15.5,46.4,23.3,-1.4
HLF,BOTTOM,2026-05-04,14.31,,,,,,,-20.1
HLI,BOTTOM,2022-12-19,84.02,1.3,6.5,38.2,-2.5,-7.4,12.6,-3.8
HLI,BREAKOUT,2025-07-07,186.75,-0.5,-3.5,-27.5,-5.5,-15.4,-49.9,-8.2
HLIO,BOTTOM,2018-06-11,47.73,5.6,-27.2,-11.1,0.7,-21.6,-17.0,-27.2
HLIO,BOTTOM,2020-09-14,36.99,38.5,93.3,125.6,26.4,74.6,90.2,-6.7
HLIO,BREAKOUT,2020-11-09,46.67,25.2,62.7,122.7,15.0,45.5,90.4,-0.2
HLIO,BOTTOM,2023-04-10,58.93,7.2,-11.3,-23.1,-2.1,-16.6,-48.8,-14.9
HLIO,BOTTOM,2024-04-01,43.67,4.9,8.1,-40.0,-2.5,-3.1,-38.7,-8.0
HLIO,BREAKOUT,2025-08-18,53.88,-3.8,37.3,,-6.2,29.9,,-13.0
HLIT,BREAKOUT,2018-07-30,5.15,19.6,3.1,42.3,23.3,6.9,37.1,-10.5
HLIT,BREAKOUT,2019-07-08,7.68,-20.3,2.2,-37.8,-19.3,-7.2,-45.5,-20.3
HLIT,BOTTOM,2020-09-07,5.51,27.2,51.7,61.2,17.1,32.8,25.8,-5.4
HLIT,BREAKOUT,2022-09-12,11.88,14.0,4.3,-18.3,14.1,2.3,-35.1,-6.8
HLIT,BOTTOM,2025-08-11,8.97,6.6,19.1,,1.9,12.5,,-1.1
HLIT,BOTTOM,2025-12-22,9.96,-5.8,49.6,,2.1,43.4,,-9.6
HLMN,BOTTOM,2022-05-16,10.98,-15.6,-30.4,-26.1,-24.4,-32.9,-35.4,-37.6
HLMN,BOTTOM,2023-03-06,8.23,6.3,4.9,18.0,-5.5,-11.5,-16.6,-5.6
HLMN,BREAKOUT,2024-10-14,10.99,-9.0,-30.6,-15.2,-11.6,-21.2,-30.2,-30.6
HLMN,BREAKOUT,2026-02-02,10.48,-25.0,,,-32.1,,,-31.2
HLN,BREAKOUT,2024-07-08,8.59,13.5,2.8,13.8,9.7,-1.5,1.0,0.0
HLN,BREAKOUT,2025-04-28,10.5,-9.7,-12.8,-10.6,-19.7,-33.9,-39.2,-17.1
HLNE,BREAKOUT,2019-04-29,45.45,13.0,16.6,21.1,13.0,11.4,22.9,-5.4
HLNE,BOTTOM,2020-03-16,39.26,47.5,45.3,99.2,12.0,-0.4,26.2,0.0
HLNE,BREAKOUT,2021-10-18,90.59,-13.9,-28.3,-39.1,-10.9,-23.0,-23.0,-28.3
HLNE,BOTTOM,2025-07-21,153.69,-24.0,-4.0,,-30.6,-12.8,,-27.1
HLT,BREAKOUT,2019-02-18,83.23,6.1,7.7,29.7,4.3,4.7,8.0,-2.9
HLX,BOTTOM,2017-12-18,7.58,-21.0,0.7,-28.1,-17.8,-2.9,-19.8,-23.6
HLX,BREAKOUT,2018-01-08,8.68,-27.1,-1.7,-21.1,-22.9,-3.2,-16.0,-33.3
HLX,BOTTOM,2019-08-05,7.41,14.8,12.8,-37.8,8.4,-2.2,-54.8,-6.5
HLX,BREAKOUT,2021-03-01,5.85,10.4,-35.6,-24.1,-0.1,-54.4,-38.3,-42.1
HLX,BREAKOUT,2022-10-24,6.5,19.7,11.5,51.8,14.9,3.7,44.6,-10.9
HLX,BOTTOM,2022-12-05,5.79,35.9,25.9,63.7,37.3,15.7,44.9,0.0
HLX,BREAKOUT,2024-04-01,11.76,1.3,-5.0,-42.7,-6.1,-16.2,-41.4,-19.4
HLX,BREAKOUT,2026-02-16,8.94,12.8,,,4.3,,,-4.5
HMC,BREAKOUT,2017-10-30,25.77,10.6,3.0,-11.9,3.5,-0.9,-19.1,-0.8
HMC,BREAKOUT,2020-11-16,24.31,-0.3,9.8,4.0,-10.6,-7.9,-29.8,-7.4
HMC,BREAKOUT,2025-07-21,33.11,-4.8,-8.1,,-11.4,-16.9,,-11.1
HMN,BREAKOUT,2017-10-23,33.47,-3.2,1.5,-12.4,-15.0,-2.9,-17.2,-9.4
HMN,BREAKOUT,2018-07-02,35.62,-5.7,-17.2,-6.7,-10.7,-9.8,-17.3,-18.8
HMN,BREAKOUT,2019-09-09,37.73,-6.9,-17.8,-23.6,-12.8,-8.1,-36.7,-17.8
HMN,BOTTOM,2020-10-26,27.77,16.3,19.9,19.1,2.5,-8.8,-23.6,0.0
HMN,BREAKOUT,2022-03-28,36.43,-7.8,-15.5,-18.3,7.6,5.0,-10.2,-20.2
HMN,BREAKOUT,2024-02-05,34.31,-5.0,-7.9,14.4,-9.3,-15.0,-7.0,-12.2
HMY,BOTTOM,2018-04-30,1.87,-19.2,-7.9,-21.2,-26.3,-11.0,-33.9,-26.6
HMY,BOTTOM,2019-01-07,1.71,3.2,28.0,98.9,-9.3,10.8,70.8,-14.0
HMY,BOTTOM,2020-08-31,5.48,-27.2,-27.2,-40.0,-35.6,-40.1,-74.2,-36.3
HMY,BOTTOM,2022-01-17,3.84,4.7,-23.4,-4.9,7.2,-14.2,3.2,-25.3
HMY,BREAKOUT,2023-11-13,5.22,2.4,81.0,61.3,-8.9,62.7,29.6,0.0
HNI,BOTTOM,2018-04-16,26.68,12.2,11.0,11.9,6.8,6.4,1.1,-3.0
HNI,BOTTOM,2020-06-15,23.84,17.0,22.4,51.7,9.4,1.8,15.2,-4.9
HNI,BOTTOM,2023-03-27,25.01,2.4,27.1,68.3,-6.3,22.0,38.7,-9.4
HNI,BOTTOM,2023-06-05,24.27,19.2,53.9,71.2,15.2,46.1,45.1,0.0
HNI,BREAKOUT,2026-02-02,51.58,-35.6,,,-42.7,,,-42.7
HNRG,BOTTOM,2018-07-09,5.9,-2.9,-17.3,-5.2,-2.0,-10.9,-14.8,-20.5
HNRG,BOTTOM,2019-05-13,5.33,-18.5,-48.3,-87.5,-20.0,-58.4,-89.7,-48.3
HNRG,BREAKOUT,2021-02-01,1.74,36.2,60.3,40.8,27.0,45.5,23.5,-8.6
HNRG,BREAKOUT,2022-04-11,5.22,22.8,24.3,66.9,34.4,41.9,71.0,-20.7
HNRG,BREAKOUT,2023-08-21,11.64,14.7,-38.1,-48.5,10.8,-54.4,-78.0,-38.1
HNRG,BOTTOM,2024-11-04,10.44,3.1,46.6,88.4,2.3,51.7,74.9,-15.9
HNRG,BOTTOM,2025-06-23,15.34,24.8,25.9,14.3,16.8,13.0,-5.6,0.0
HOG,BOTTOM,2018-11-05,33.92,-12.6,-10.0,0.9,-10.5,-14.8,-12.6,-20.0
HOG,BREAKOUT,2020-11-23,36.4,-12.7,19.1,-7.4,-17.8,2.7,-35.4,-17.6
HOG,BOTTOM,2022-01-17,30.24,13.7,4.4,31.2,16.1,13.5,39.4,-7.1
HOG,BREAKOUT,2022-10-24,39.58,4.9,-13.6,-38.4,0.1,-21.4,-45.6,-16.7
HOG,BOTTOM,2024-04-29,32.97,2.6,-8.2,-31.5,-1.9,-20.6,-43.7,-8.6
HOMB,BOTTOM,2020-09-14,13.33,22.1,80.9,45.7,9.9,62.2,10.4,-5.1
HOMB,BREAKOUT,2021-01-04,17.7,31.1,18.6,27.6,22.8,3.6,3.7,0.0
HOMB,BREAKOUT,2023-12-11,23.27,-6.1,-7.3,25.0,-15.1,-23.3,-5.0,-7.5
HOMB,BREAKOUT,2024-07-15,25.65,-0.9,13.6,14.3,-7.7,4.0,-1.5,-4.1
HOMB,BREAKOUT,2026-02-02,30.13,-11.9,,,-19.0,,,-14.8
HON,BOTTOM,2020-06-15,127.1,16.7,46.0,49.0,9.1,25.4,12.5,-4.9
HON,BREAKOUT,2020-11-02,162.02,10.6,25.3,24.8,-0.6,3.8,-10.9,0.0
HON,BREAKOUT,2025-06-30,232.55,-12.6,-12.6,-1.2,-19.9,-22.5,-21.6,-16.0
HON,BREAKOUT,2026-01-26,236.14,-6.1,,,-10.6,,,-6.1
HOOD,BOTTOM,2022-12-12,8.61,6.7,16.5,35.8,4.6,1.0,11.5,-7.7
HOPE,BOTTOM,2019-09-02,9.69,10.1,-12.8,-31.9,4.0,-13.5,-49.1,-12.8
HOPE,BREAKOUT,2022-01-03,12.94,-4.0,-11.1,-15.2,-0.3,4.9,0.2,-13.5
HOPE,BOTTOM,2023-11-27,9.11,7.1,4.9,38.6,-5.0,-10.8,5.6,0.0
HOPE,BREAKOUT,2024-07-15,11.51,5.6,-2.6,-5.9,-1.2,-12.2,-21.6,-8.2
HOPE,BOTTOM,2025-09-01,10.73,-0.4,2.7,,-6.6,-1.8,,-8.0
HOV,BOTTOM,2018-03-12,51.25,-6.8,-17.1,-70.7,-8.4,-23.6,-75.3,-24.9
HOV,BOTTOM,2020-01-06,21.7,-51.7,-0.3,46.6,-37.6,1.2,27.3,-70.3
HOV,BOTTOM,2020-02-24,24.75,-33.9,34.5,132.4,-37.3,14.9,101.6,-74.0
HOV,BOTTOM,2025-10-20,133.23,-12.8,-12.1,,-14.9,-18.1,,-26.6
HP,BOTTOM,2025-02-17,24.96,-40.3,-25.9,41.8,-37.1,-34.1,25.6,-41.1
HPE,BOTTOM,2020-06-15,8.2,-2.0,26.2,52.9,-9.6,5.6,16.5,-10.9
HPE,BREAKOUT,2021-02-08,12.29,14.0,5.8,23.5,7.6,-8.5,9.8,-2.1
HPE,BREAKOUT,2022-01-03,15.11,-5.3,-21.8,3.1,-1.6,-5.8,18.5,-23.2
HPE,BREAKOUT,2024-03-04,16.9,12.2,-1.3,-9.7,7.5,-7.5,-23.7,-6.3
HPE,BREAKOUT,2025-09-08,24.23,-3.0,-11.7,,-7.0,-13.1,,-16.6
HPK,BREAKOUT,2020-12-07,12.48,-45.1,-23.3,11.5,-53.1,-40.0,-18.8,-50.4
HPK,BOTTOM,2021-05-03,9.23,14.4,47.8,204.9,9.3,36.1,206.1,-11.3
HPK,BOTTOM,2021-09-06,8.97,55.2,128.8,184.8,49.1,133.8,192.3,-4.6
HPK,BOTTOM,2023-02-27,27.73,-52.7,-46.9,-41.2,-58.9,-59.3,-70.0,-62.0
HPK,BOTTOM,2024-09-09,13.54,3.8,-12.9,-47.7,-4.0,-13.7,-66.1,-13.1
HPK,BOTTOM,2026-06-08,7.85,,,,,,,-14.6
HPP,BREAKOUT,2018-05-28,188.2,-4.2,-12.0,-3.2,-10.8,-13.6,-5.8,-15.0
HPP,BOTTOM,2020-06-15,143.71,-9.0,-2.2,16.0,-16.6,-22.8,-20.5,-22.8
HPP,BOTTOM,2021-02-08,141.65,11.7,11.3,2.6,5.3,-3.0,-11.1,-0.6
HPP,BREAKOUT,2021-03-08,164.86,5.8,-6.4,-0.1,-2.3,-20.2,-8.1,-7.5
HPP,BOTTOM,2023-10-09,39.18,54.2,8.2,-22.5,43.3,-11.0,-58.6,-20.5
HPP,BOTTOM,2025-10-13,18.13,-45.1,-58.4,,-49.5,-65.9,,-69.1
HPQ,BOTTOM,2020-06-15,13.53,14.0,48.3,76.1,6.4,27.7,39.7,-1.0
HPQ,BREAKOUT,2021-11-29,31.4,-2.5,7.5,-18.7,1.8,16.4,-9.8,-7.6
HPQ,BOTTOM,2023-03-06,24.07,8.6,8.2,15.0,-3.3,-8.1,-19.6,0.0
HPQ,BREAKOUT,2024-05-20,29.76,9.7,18.3,-11.6,3.2,5.1,-22.4,0.0
HPQ,BOTTOM,2025-12-22,22.61,-15.1,1.2,,-7.2,-5.0,,-20.2
HQY,BREAKOUT,2018-02-12,54.86,34.4,58.7,40.5,34.6,53.4,37.1,-4.3
HQY,BREAKOUT,2020-02-17,87.73,-35.3,-38.4,-9.6,-24.4,-41.2,-28.7,-53.2
HR,BREAKOUT,2022-07-25,20.25,-21.4,-16.4,-21.5,-16.2,-15.7,-34.2,-27.6
HR,BREAKOUT,2025-09-01,17.38,-2.4,4.6,,-8.6,0.1,,-5.8
HRB,BREAKOUT,2019-06-10,21.56,-14.1,-15.6,-34.8,-18.7,-26.3,-42.1,-17.2
HRB,BOTTOM,2021-01-04,13.15,45.3,54.9,53.0,37.1,40.0,29.1,0.0
HRI,BREAKOUT,2017-11-06,50.09,5.0,2.2,-30.4,3.2,-4.5,-40.0,-3.8
HRI,BOTTOM,2019-06-03,35.92,4.9,19.4,-13.0,0.8,8.8,-26.3,-1.5
HRI,BOTTOM,2020-06-15,26.57,41.3,111.6,253.2,33.8,91.0,216.7,-1.6
HRI,BREAKOUT,2020-11-09,47.03,45.8,107.4,282.7,35.7,90.2,250.4,0.0
HRI,BOTTOM,2023-03-06,118.66,-4.2,1.7,26.5,-16.0,-14.6,-8.2,-20.8
HRI,BREAKOUT,2024-10-14,166.56,20.0,-31.1,-25.9,17.5,-21.8,-40.9,-32.7
HRI,BOTTOM,2025-08-11,122.26,7.7,40.2,,2.9,33.7,,-5.0
HRI,BOTTOM,2025-11-03,135.1,32.2,-1.6,,28.9,-12.2,,-33.0
HRI,BOTTOM,2026-03-16,99.91,55.3,,,39.8,,,-9.3
HRL,BREAKOUT,2022-01-03,42.28,6.8,-3.1,-3.9,10.5,12.9,11.5,-9.4
HRL,BOTTOM,2026-03-30,21.52,14.8,,,0.9,,,-9.4
HRMY,BOTTOM,2023-09-18,36.28,-11.4,-8.2,8.3,-21.9,-30.1,-25.5,-47.1
HRMY,BOTTOM,2024-05-27,29.4,22.4,17.9,17.3,15.2,2.9,4.2,-1.2
HRMY,BREAKOUT,2024-09-09,38.91,-16.8,-15.9,-16.8,-24.6,-16.7,-35.2,-16.8
HRMY,BREAKOUT,2025-12-01,39.83,-28.9,-19.2,,-27.2,-27.3,,-33.4
HRMY,BOTTOM,2026-03-30,27.74,34.3,,,20.5,,,0.0
HROW,BOTTOM,2018-06-18,2.45,13.5,92.2,183.7,6.7,103.7,174.5,-10.2
HROW,BOTTOM,2019-08-05,7.13,-31.7,-3.2,-17.7,-38.1,-18.2,-34.7,-31.7
HROW,BOTTOM,2020-09-28,5.37,27.7,26.4,69.5,15.3,5.5,37.6,-11.4
HROW,BREAKOUT,2021-01-04,7.73,-8.8,9.1,6.0,-17.1,-5.9,-17.9,-14.1
HROW,BOTTOM,2021-03-15,7.37,13.0,28.8,1.2,6.1,14.7,-14.4,-9.9
HROW,BOTTOM,2021-12-06,9.13,-19.9,-17.7,19.4,-9.5,-1.1,34.6,-35.4
HROW,BREAKOUT,2022-09-26,12.07,22.3,75.3,19.1,14.7,59.7,-2.5,-13.3
HROW,BOTTOM,2024-05-06,11.6,209.8,352.7,110.3,207.2,337.1,100.6,0.0
HROW,BREAKOUT,2024-07-01,22.12,127.7,64.3,43.5,124.1,56.9,29.4,0.0
HRTG,BREAKOUT,2017-10-16,14.14,19.8,4.0,-14.9,10.1,-0.6,-24.3,-3.8
HRTG,BOTTOM,2020-09-14,10.85,-13.1,4.9,-44.4,-25.3,-13.8,-79.8,-21.6
HRTG,BOTTOM,2021-04-19,9.69,-26.4,-32.6,-39.6,-32.3,-42.0,-43.2,-37.8
HRTG,BOTTOM,2022-01-24,5.79,-27.6,-55.2,-55.6,-21.1,-49.2,-48.9,-57.8
HRTG,BREAKOUT,2023-05-01,3.76,19.7,86.2,116.8,11.0,80.1,91.1,0.0
HRTG,BOTTOM,2024-11-11,11.78,7.6,107.7,164.3,3.1,105.6,148.2,-7.8
HRTG,BOTTOM,2026-06-01,22.16,,,,,,,0.0
HSAI,BREAKOUT,2024-12-02,10.43,67.1,91.8,92.7,72.0,92.6,78.5,0.0
HSBC,BREAKOUT,2022-01-03,24.34,8.5,-0.8,9.3,12.2,15.2,24.7,-4.6
HSBC,BREAKOUT,2023-01-16,28.57,-0.1,17.3,10.5,-4.6,2.2,-13.2,-7.4
HSIC,BREAKOUT,2018-09-17,67.19,-11.3,-11.0,-6.5,5.8,-7.6,-10.6,-13.0
HSIC,BREAKOUT,2019-06-10,71.28,-9.8,-3.9,-20.6,-14.4,-14.7,-27.9,-16.6
HSIC,BREAKOUT,2020-02-10,72.13,-28.2,-6.8,-3.7,-13.5,-7.6,-22.2,-37.6
HSIC,BREAKOUT,2022-02-14,83.47,-0.0,-8.5,-0.4,10.0,-6.4,4.3,-11.5
HST,BREAKOUT,2021-11-01,14.47,-5.0,10.3,-5.2,-1.1,22.0,13.3,-15.9
HST,BREAKOUT,2023-12-11,16.03,9.5,-3.9,2.5,0.6,-19.9,-27.5,-3.9
HSTM,BOTTOM,2022-07-18,23.19,-6.9,2.0,-1.3,-2.0,0.9,-17.6,-10.0
HSY,BOTTOM,2024-04-08,173.55,2.4,1.5,-8.1,-7.6,-12.7,-14.0,-1.3
HTGC,BREAKOUT,2019-02-18,6.17,-0.3,-0.2,26.7,-2.0,-3.2,5.0,-9.6
HTGC,BOTTOM,2020-09-07,6.08,24.9,49.4,60.2,14.8,30.5,24.9,-2.0
HTH,BOTTOM,2020-06-15,16.16,4.7,52.5,97.8,-2.8,31.9,61.3,-5.5
HTH,BOTTOM,2020-09-14,16.93,45.6,102.4,71.7,33.5,83.7,36.3,0.0
HTH,BREAKOUT,2020-11-30,22.9,37.4,48.6,36.5,33.2,33.5,12.2,0.0
HTH,BREAKOUT,2023-12-18,33.06,-12.5,-15.8,-16.0,-22.9,-31.5,-42.4,-15.8
HTH,BREAKOUT,2025-08-18,34.11,-1.6,13.1,,-4.0,5.6,,-8.3
HTHT,BOTTOM,2019-07-08,30.05,1.9,15.3,6.3,2.9,6.0,-1.4,-10.8
HTHT,BOTTOM,2019-11-04,32.14,-10.1,-9.7,12.4,-18.2,-5.4,-3.1,-24.5
HTHT,BREAKOUT,2020-08-24,39.58,13.3,28.4,1.7,9.1,19.0,-28.7,-12.5
HTHT,BREAKOUT,2023-01-09,41.86,-0.9,-6.9,-28.7,-4.8,-20.4,-50.1,-20.3
HTHT,BOTTOM,2024-12-30,29.42,5.0,7.7,58.9,19.3,1.5,42.2,-4.2
HTLD,BREAKOUT,2019-09-02,20.11,-2.8,-15.6,-5.1,-9.0,-16.4,-22.4,-16.8
HTLD,BOTTOM,2025-09-15,8.31,7.4,15.7,,4.6,17.4,,-10.8
HTLD,BREAKOUT,2026-02-02,11.43,15.5,,,8.4,,,-16.9
HTO,BREAKOUT,2022-11-14,66.59,6.2,2.0,-9.1,2.9,-4.6,-24.7,0.0
HTO,BREAKOUT,2026-02-09,54.47,1.4,,,-7.3,,,-2.0
HUBB,BREAKOUT,2017-10-23,105.7,11.2,-15.8,-18.8,-0.5,-20.2,-23.6,-15.8
HUBB,BREAKOUT,2020-10-19,139.5,9.2,26.0,27.9,-2.0,4.6,-5.0,-5.1
HUBB,BREAKOUT,2022-07-25,206.95,8.8,6.5,44.1,14.0,7.2,31.4,-5.3
HUBB,BREAKOUT,2024-01-29,343.11,7.7,4.1,21.0,3.9,-4.4,-2.3,0.0
HUBB,BREAKOUT,2025-10-27,465.77,4.2,8.8,,2.4,2.6,,-10.2
HUBG,BREAKOUT,2018-01-08,25.13,-19.6,-1.8,-19.8,-15.4,-3.3,-14.8,-24.1
HUBG,BOTTOM,2020-03-09,19.83,12.8,28.1,66.5,-0.8,2.8,17.4,-4.2
HUBG,BREAKOUT,2024-08-26,45.95,9.9,-12.3,-19.6,2.6,-18.4,-35.5,-12.3
HUBG,BOTTOM,2025-10-20,35.28,33.6,21.3,,31.5,15.2,,-3.1
HUBG,BREAKOUT,2026-01-05,46.17,-15.8,0.1,,-14.0,-9.3,,-25.9
HUBS,BREAKOUT,2020-06-01,211.76,32.3,82.9,131.5,24.5,66.1,97.0,-3.4
HUBS,BOTTOM,2024-09-09,491.17,47.0,24.0,0.1,39.1,23.2,-18.4,0.0
HUBS,BREAKOUT,2024-11-11,677.07,19.9,-2.4,-41.5,15.5,-4.5,-57.6,-25.9
HUM,BREAKOUT,2019-11-11,315.51,12.2,19.1,30.0,3.4,26.3,13.0,-31.2
HUM,BOTTOM,2020-03-23,279.74,26.4,35.4,43.6,7.5,4.6,-15.2,-1.6
HUM,BREAKOUT,2022-06-27,458.69,1.5,7.3,-6.0,7.4,6.1,-24.2,-0.1
HUM,BOTTOM,2025-11-03,249.32,-22.8,10.0,,-26.0,-0.5,,-34.1
HUN,BREAKOUT,2020-10-05,19.61,16.8,16.0,33.9,6.4,-3.5,5.9,-0.8
HUN,BOTTOM,2023-03-06,23.2,-7.2,-4.2,1.1,-19.1,-20.5,-33.5,-7.4
HURN,BOTTOM,2020-08-31,42.77,8.0,24.3,15.6,-0.4,11.4,-18.6,-11.5
HURN,BREAKOUT,2022-05-09,58.86,15.0,18.8,36.8,8.2,18.7,32.6,-3.2
HURN,BREAKOUT,2024-07-22,110.92,-6.7,12.8,20.3,-13.4,0.4,1.9,-6.7
HUT,BOTTOM,2019-08-26,8.58,-41.8,-47.6,-52.8,-49.8,-49.8,-75.1,-56.0
HUT,BREAKOUT,2020-12-14,9.95,324.6,88.4,292.0,318.8,75.3,265.7,0.0
HUT,BOTTOM,2021-07-26,23.65,183.3,16.7,-55.2,178.2,15.2,-50.5,0.0
HUT,BREAKOUT,2021-08-30,53.35,-12.2,-50.1,-82.1,-12.6,-46.2,-69.9,-50.1
HUT,BOTTOM,2023-04-10,10.65,95.3,-19.5,-27.5,86.0,-24.9,-53.2,-20.7
HUT,BREAKOUT,2023-07-03,19.0,-46.6,-37.4,-13.2,-44.9,-44.9,-41.5,-54.9
HUT,BOTTOM,2023-08-14,12.0,-20.8,-16.0,-3.8,-24.5,-31.3,-32.6,-42.4
HUT,BOTTOM,2024-01-29,7.28,13.6,70.3,197.9,9.9,61.8,174.6,0.0
HUT,BREAKOUT,2024-07-15,19.52,-25.9,37.9,10.8,-32.7,28.4,-5.0,-53.9
HUT,BOTTOM,2024-10-07,11.72,99.7,3.8,271.8,99.2,11.0,257.7,-2.8
HUT,BREAKOUT,2025-09-08,32.44,27.3,49.0,,23.4,47.6,,0.0
HWC,BOTTOM,2019-06-10,32.35,-0.6,9.5,-41.5,-5.2,-1.3,-48.8,-13.5
HWC,BREAKOUT,2019-12-16,36.32,-64.5,-47.5,-22.9,-36.2,-44.7,-40.2,-64.5
HWC,BOTTOM,2020-06-15,19.08,-11.2,46.8,97.7,-18.8,26.2,61.3,-18.4
HWC,BREAKOUT,2022-10-24,49.67,-9.0,-33.3,-38.7,-13.7,-41.2,-46.0,-34.6
HWC,BOTTOM,2023-11-27,39.96,-0.3,9.2,41.0,-12.4,-6.5,8.0,-1.2
HWKN,BREAKOUT,2020-07-13,22.07,8.4,15.4,33.3,0.0,-2.4,-2.7,-3.7
HWKN,BREAKOUT,2023-05-15,45.97,22.1,35.1,83.1,17.4,26.6,54.8,-2.3
HWKN,BOTTOM,2025-12-22,146.45,3.7,10.3,,11.6,4.2,,-11.3
HWM,BREAKOUT,2018-01-08,22.9,-24.5,-43.3,-35.5,-20.3,-44.8,-30.4,-44.5
HWM,BREAKOUT,2019-06-03,17.75,10.5,32.0,-4.7,6.4,21.5,-18.0,-2.4
HWM,BOTTOM,2020-06-15,13.74,27.0,95.6,138.1,19.4,75.0,101.7,0.0
HWM,BREAKOUT,2020-12-07,26.05,19.4,33.8,16.9,11.3,17.1,-13.4,-7.0
HXL,BREAKOUT,2022-08-08,61.62,-6.8,9.7,7.8,-0.5,13.3,1.7,-18.9
HXL,BREAKOUT,2025-10-20,72.32,15.9,23.4,,13.8,17.3,,-4.9
HYMC,BOTTOM,2022-06-13,14.2,-46.5,-66.1,-76.1,-52.4,-71.7,-98.1,-66.1
HYMC,BOTTOM,2024-07-29,2.41,1.7,-3.7,44.0,-5.8,-17.4,25.9,-16.2
HYMC,BOTTOM,2025-05-26,3.06,48.7,282.4,980.1,38.9,265.7,950.2,0.0
HZO,BREAKOUT,2018-01-22,23.8,-3.2,-20.6,-22.7,3.5,-19.6,-17.2,-25.4
HZO,BOTTOM,2019-12-02,16.12,-7.3,34.4,95.2,-2.3,31.9,75.4,-50.6
HZO,BREAKOUT,2020-01-20,21.88,-36.8,26.8,103.5,-23.4,28.2,84.9,-63.6
HZO,BOTTOM,2022-02-07,46.58,-6.8,-11.5,-34.0,1.7,-9.2,-28.1,-20.9
HZO,BOTTOM,2023-03-27,28.75,18.8,14.2,15.7,10.1,9.0,-13.9,-7.0
IAG,BREAKOUT,2020-05-11,3.88,8.8,-9.0,-13.7,-9.4,-35.2,-61.5,-14.9
IAG,BOTTOM,2024-01-15,2.32,57.8,72.8,140.5,54.8,58.3,115.1,0.0
IAG,BREAKOUT,2024-03-25,3.33,12.6,58.6,88.9,8.2,48.6,81.3,0.0
IAG,BOTTOM,2026-04-06,20.02,-23.5,,,-34.9,,,-29.4
IART,BREAKOUT,2018-03-12,57.38,17.2,13.7,-2.4,15.6,7.1,-7.0,-5.6
IART,BREAKOUT,2020-12-14,62.75,6.4,9.5,4.9,0.6,-3.6,-21.3,0.0
IART,BOTTOM,2023-02-20,56.73,-32.2,-26.7,-21.2,-38.6,-38.5,-51.2,-32.2
IART,BOTTOM,2025-03-24,21.69,-43.3,-39.1,-57.6,-54.3,-58.9,-73.0,-48.7
IART,BREAKOUT,2026-06-01,16.99,,,,,,,0.0
IBCP,BREAKOUT,2021-11-01,20.21,2.3,-17.1,1.0,6.2,-5.5,19.5,-17.1
IBCP,BREAKOUT,2023-12-11,22.73,-2.0,-2.5,59.1,-11.0,-18.5,29.1,-4.8
IBCP,BREAKOUT,2026-02-02,36.3,-4.9,,,-12.0,,,-12.6
IBKR,BOTTOM,2019-06-10,13.21,-5.9,-14.6,-24.0,-10.5,-25.4,-31.3,-18.2
IBKR,BOTTOM,2020-03-23,9.99,-2.6,15.1,77.6,-21.6,-15.7,18.8,-10.1
IBKR,BOTTOM,2020-06-15,10.04,15.9,42.9,53.2,8.3,22.3,16.8,-3.2
IBKR,BREAKOUT,2021-12-20,19.52,-17.4,-26.9,-7.3,-13.9,-10.4,10.0,-31.2
IBKR,BOTTOM,2022-08-15,15.34,19.9,38.7,46.8,25.7,41.4,41.7,-1.7
IBM,BREAKOUT,2019-07-15,106.59,-9.4,-5.4,-12.4,-10.1,-18.2,-22.8,-12.4
IBM,BREAKOUT,2020-02-03,113.0,-18.8,-16.4,-17.3,-7.3,-18.1,-36.2,-37.8
IBM,BREAKOUT,2022-05-23,120.24,-5.2,9.2,-2.7,-3.2,11.5,-5.6,-13.6
IBN,BOTTOM,2020-09-28,9.9,45.1,58.3,85.5,32.6,37.4,53.6,0.0
IBN,BREAKOUT,2022-08-08,21.81,1.7,-7.9,4.4,8.0,-4.3,-1.6,-10.0
IBOC,BOTTOM,2020-09-14,24.96,26.5,75.6,44.0,14.4,56.9,8.6,-10.4
IBOC,BREAKOUT,2022-08-08,41.48,12.8,3.2,6.4,19.1,6.8,0.4,-8.9
IBP,BREAKOUT,2019-06-24,54.03,-4.4,16.6,8.1,-5.7,5.4,3.6,-10.7
IBP,BREAKOUT,2021-11-15,126.34,-22.3,-35.3,-41.9,-15.2,-18.9,-27.7,-42.6
IBP,BOTTOM,2022-12-05,82.26,25.3,35.1,90.8,26.7,24.8,71.9,-1.9
IBP,BREAKOUT,2023-01-23,101.98,16.2,39.1,78.6,13.3,25.7,56.7,-3.0
IBP,BREAKOUT,2025-08-04,254.61,0.1,27.9,,-5.5,18.9,,-7.1
IBRX,BOTTOM,2020-02-17,5.75,-3.0,39.8,580.3,7.9,37.0,561.2,-54.8
IBRX,BOTTOM,2021-03-29,22.4,-37.5,-55.3,-74.1,-46.2,-64.4,-88.6,-55.8
IBRX,BOTTOM,2022-10-17,5.31,-13.2,-49.5,-75.5,-19.4,-60.6,-89.8,-73.4
IBRX,BREAKOUT,2024-03-18,6.07,19.6,-42.0,-55.4,14.8,-51.7,-64.9,-44.3
IBRX,BREAKOUT,2026-01-12,5.52,39.5,39.1,,36.5,31.1,,0.0
ICE,BREAKOUT,2020-08-03,93.49,0.0,13.8,20.2,-5.1,-3.1,-14.0,-6.2
ICE,BOTTOM,2023-03-06,91.12,15.8,21.5,47.6,3.9,5.2,13.0,0.0
ICFI,BOTTOM,2020-09-14,63.77,17.0,35.3,34.8,4.9,16.6,-0.6,-4.8
ICFI,BREAKOUT,2022-08-15,105.32,1.2,-2.0,17.1,7.0,0.7,12.0,-8.2
ICFI,BREAKOUT,2023-06-05,121.09,6.2,13.9,17.5,2.2,6.1,-8.5,-4.5
ICFI,BOTTOM,2025-09-22,92.5,-7.2,-30.1,,-11.8,-26.5,,-30.1
ICHR,BOTTOM,2019-06-03,21.48,8.8,46.4,23.3,4.6,35.9,10.0,-5.3
ICHR,BOTTOM,2020-10-12,25.0,58.4,135.3,63.5,49.8,114.2,33.3,-7.0
ICHR,BREAKOUT,2021-01-11,39.61,48.5,14.0,23.2,37.1,-1.5,-2.1,-8.9
ICHR,BOTTOM,2021-11-22,47.44,-24.2,-34.7,-40.6,-19.9,-25.7,-29.6,-41.7
ICHR,BOTTOM,2023-03-13,29.59,25.8,3.0,24.8,12.6,-11.5,-7.9,-7.8
ICHR,BREAKOUT,2023-06-12,37.21,-18.1,-16.9,0.0,-19.4,-24.5,-24.8,-36.0
ICHR,BOTTOM,2024-08-19,31.07,7.3,7.9,-41.6,1.1,0.5,-57.8,-12.2
ICHR,BOTTOM,2025-12-08,17.82,132.5,387.1,,135.1,377.7,,-1.1
ICHR,BREAKOUT,2026-02-09,46.77,56.7,,,47.9,,,-14.4
ICL,BREAKOUT,2018-06-04,3.37,18.3,20.6,14.1,14.5,25.0,8.6,-2.7
ICL,BOTTOM,2020-09-28,2.85,37.2,59.9,107.4,24.7,39.0,75.5,-2.2
ICL,BREAKOUT,2020-11-23,3.67,20.1,52.2,93.7,15.1,35.8,65.7,-2.7
ICL,BOTTOM,2024-05-27,4.44,-2.0,-1.1,45.7,-9.2,-16.1,32.5,-17.9
ICL,BREAKOUT,2025-01-13,5.73,8.5,17.8,-8.6,20.1,12.1,-25.7,-8.9
ICLR,BREAKOUT,2018-05-07,126.17,16.9,9.7,10.7,12.7,7.0,3.1,-1.5
ICLR,BOTTOM,2023-03-06,213.91,3.7,16.9,56.4,-8.1,0.6,21.8,-11.3
ICLR,BOTTOM,2026-02-09,93.0,25.1,,,16.4,,,0.0
ICUI,BOTTOM,2019-09-02,155.98,18.8,20.6,20.1,12.6,19.8,2.9,-1.7
ICUI,BOTTOM,2020-06-01,199.89,-6.3,-1.1,3.0,-14.0,-17.9,-31.5,-13.8
ICUI,BREAKOUT,2021-09-06,244.05,-8.3,-8.2,-29.3,-14.3,-3.2,-21.9,-14.9
ICUI,BOTTOM,2023-03-06,153.15,23.3,-14.8,-31.8,11.5,-31.2,-66.4,-14.8
ICUI,BOTTOM,2024-04-01,101.69,16.4,76.2,37.0,9.1,65.0,38.3,-6.7
ICUI,BREAKOUT,2024-08-05,152.71,15.8,2.6,-26.1,3.2,-10.9,-47.1,0.0
ICUI,BOTTOM,2025-12-29,138.53,-11.0,11.9,,-7.2,2.3,,-14.3
IDA,BREAKOUT,2018-08-13,79.07,1.5,0.3,12.1,5.1,2.0,8.7,-6.8
IDA,BOTTOM,2020-06-15,71.32,-3.1,13.1,19.9,-10.7,-7.6,-16.6,-4.8
IDA,BREAKOUT,2024-07-29,98.31,2.5,7.3,23.2,-5.0,-6.4,5.1,-2.1
IDCC,BREAKOUT,2018-06-04,70.65,-0.6,-11.7,-20.0,-4.4,-7.3,-25.4,-14.2
IDCC,BOTTOM,2020-03-23,39.91,24.8,28.2,45.6,5.8,-2.6,-13.2,-4.7
IDCC,BREAKOUT,2023-01-23,66.44,-2.1,32.7,54.2,-5.0,19.2,32.2,-2.1
IDCC,BOTTOM,2026-05-18,260.32,,,,,,,-3.4
IDR,BOTTOM,2019-02-25,2.6,-20.4,-14.0,-22.0,-19.0,-19.2,-29.7,-31.7
IDR,BREAKOUT,2020-05-25,2.93,74.6,12.4,65.1,58.9,-8.1,24.8,-4.3
IDR,BREAKOUT,2021-03-01,5.32,-13.2,0.0,62.6,-23.7,-18.9,48.4,-28.9
IDR,BOTTOM,2021-04-05,3.85,27.3,17.1,158.2,21.1,10.0,148.0,0.0
IDR,BOTTOM,2022-12-26,5.7,-14.6,-6.3,11.1,-22.0,-23.1,-15.1,-15.8
IDR,BREAKOUT,2023-11-27,6.85,17.1,44.2,78.8,4.9,28.5,45.8,-15.6
IDR,BOTTOM,2025-05-19,13.5,88.6,146.5,168.7,76.8,132.1,138.4,-4.7
IDT,BOTTOM,2018-12-31,6.56,4.2,67.9,7.2,-10.6,48.6,-22.9,-8.0
IDT,BREAKOUT,2020-09-28,9.46,29.2,139.0,355.5,16.7,118.1,323.6,-13.1
IDT,BOTTOM,2022-11-07,25.49,21.4,26.2,9.2,18.6,22.1,-3.1,0.0
IDXX,BREAKOUT,2018-01-08,173.24,10.7,37.5,11.4,14.9,36.0,16.4,-0.2
IDXX,BREAKOUT,2020-05-11,294.38,28.9,54.1,80.1,10.7,28.0,32.2,0.0
IDYA,BOTTOM,2020-08-31,11.72,33.1,69.0,111.7,24.7,56.1,77.5,-0.8
IDYA,BOTTOM,2022-12-12,16.85,-11.0,42.8,108.1,-13.2,27.3,83.8,-18.5
IDYA,BREAKOUT,2025-10-27,31.86,1.0,-11.5,,-0.7,-17.8,,-11.5
IE,BOTTOM,2024-07-08,11.62,-23.6,-37.4,-10.6,-27.4,-41.8,-23.3,-42.3
IE,BREAKOUT,2025-07-14,11.32,34.2,54.6,-28.2,28.0,43.8,-47.9,-24.4
IEP,BOTTOM,2020-03-23,15.47,-0.5,5.3,29.5,-19.4,-25.5,-29.3,-7.8
IEP,BOTTOM,2020-09-21,16.3,10.4,22.9,20.5,-2.3,1.5,-16.5,0.0
IEP,BREAKOUT,2021-02-01,21.07,3.4,5.6,3.1,-5.8,-9.3,-14.1,-4.9
IEP,BREAKOUT,2022-05-02,23.08,2.1,7.1,-18.8,1.2,14.9,-20.8,-8.5
IEP,BOTTOM,2024-05-06,10.89,-5.3,-24.4,-40.0,-7.9,-39.9,-49.8,-34.0
IEP,BOTTOM,2025-08-25,7.04,1.7,0.9,,-4.6,-6.0,,-6.3
IEP,BREAKOUT,2026-04-20,7.64,,,,,,,-5.8
IESC,BREAKOUT,2019-09-09,20.4,23.2,-2.9,57.7,17.3,6.8,44.6,-5.1
IESC,BREAKOUT,2020-08-03,27.48,28.3,78.7,94.0,23.2,61.8,59.8,0.0
IESC,BREAKOUT,2025-07-14,327.15,18.0,40.6,87.4,11.9,29.8,67.6,0.0
IEX,BREAKOUT,2020-08-10,164.01,9.6,13.7,28.0,2.9,-3.8,-6.3,-3.3
IFF,BREAKOUT,2019-06-03,125.26,-21.7,-5.1,-6.6,-25.9,-15.6,-19.9,-29.3
IFF,BREAKOUT,2021-02-15,120.66,1.3,8.5,-1.2,-5.4,-5.9,-14.0,-4.1
IFS,BREAKOUT,2024-02-12,24.74,-12.5,-12.1,25.3,-18.8,-23.8,1.7,-20.0
IFS,BREAKOUT,2024-11-18,26.87,9.9,31.1,42.9,8.8,33.3,30.9,-3.9
IHG,BOTTOM,2020-10-05,51.33,16.1,26.6,20.1,5.7,7.0,-7.9,-9.1
IHG,BREAKOUT,2023-01-16,66.7,-0.3,3.5,36.0,-4.8,-11.6,12.3,-10.8
IHG,BREAKOUT,2024-09-23,109.21,11.6,-3.3,11.8,7.2,-1.1,-5.4,-3.3
IHS,BOTTOM,2023-04-24,9.65,-15.0,-50.8,-63.4,-25.3,-50.2,-87.4,-50.8
IHS,BOTTOM,2024-09-09,3.09,4.9,22.3,146.3,-3.0,21.5,127.8,-14.6
IHS,BREAKOUT,2025-02-10,3.95,59.0,78.2,109.9,61.2,72.1,96.7,-9.9
IIIN,BOTTOM,2019-10-21,13.78,23.1,-15.7,11.9,13.5,-10.6,-5.0,-41.6
IIIN,BOTTOM,2020-02-03,15.65,-22.5,-9.7,33.0,-11.1,-11.4,14.1,-48.6
IIIN,BOTTOM,2020-06-15,12.12,11.8,47.3,91.3,4.2,26.7,54.9,0.0
IIIN,BREAKOUT,2021-01-04,18.66,30.2,37.0,76.9,21.9,22.0,53.0,-0.7
IIIN,BREAKOUT,2025-04-28,33.76,0.9,-10.6,-21.9,-9.1,-31.7,-50.5,-11.9
IIIV,BREAKOUT,2020-01-06,30.09,-29.0,-9.0,5.4,-14.9,-7.6,-13.9,-51.9
IIIV,BOTTOM,2022-05-09,23.91,6.6,-12.3,-10.9,-0.2,-12.4,-15.1,-20.2
IIIV,BOTTOM,2023-04-24,23.25,5.7,-21.8,-0.6,-4.6,-21.3,-24.6,-21.8
IIIV,BREAKOUT,2024-07-22,24.99,-8.5,-2.7,14.8,-15.2,-15.1,-3.7,-15.4
IIPR,BOTTOM,2020-03-23,48.86,11.9,56.5,127.9,-7.0,25.7,69.1,-16.5
IIPR,BOTTOM,2025-11-03,46.21,-1.7,20.2,,-4.9,9.7,,-7.7
ILMN,BREAKOUT,2021-01-18,395.18,2.1,22.0,-9.9,-7.1,6.3,-25.8,-6.2
ILMN,BOTTOM,2022-12-12,194.11,12.5,3.2,-36.3,10.4,-12.4,-60.6,-4.2
ILMN,BOTTOM,2023-04-17,221.48,-16.3,-47.5,-48.4,-26.4,-50.4,-70.3,-47.5
ILMN,BREAKOUT,2026-01-05,141.07,-14.3,34.8,,-12.4,25.5,,-17.2
IMAX,BOTTOM,2020-10-05,11.62,57.3,86.0,83.1,46.9,66.4,55.1,-3.6
IMAX,BREAKOUT,2024-07-22,20.09,2.0,17.2,33.6,-4.7,4.8,15.2,-2.9
IMCR,BREAKOUT,2022-07-04,44.65,5.4,22.2,39.4,11.7,21.5,24.8,-3.1
IMKTA,BOTTOM,2018-02-05,28.77,-8.8,8.6,-4.8,-13.5,-0.6,-10.2,-9.4
IMKTA,BREAKOUT,2018-08-20,33.07,-15.6,-15.9,4.3,-7.6,-14.0,3.2,-26.7
IMKTA,BREAKOUT,2019-08-19,34.49,14.6,-2.2,15.1,4.9,-20.4,-6.4,-2.2
IMKTA,BOTTOM,2020-06-22,37.96,-9.1,1.9,49.7,-19.1,-22.1,5.4,-10.4
IMKTA,BREAKOUT,2021-01-18,41.37,43.8,37.5,76.8,34.6,21.9,60.9,0.0
IMMX,BREAKOUT,2023-09-18,3.43,109.6,-4.1,-47.5,99.1,-26.0,-81.3,-23.0
IMMX,BOTTOM,2025-05-12,2.06,10.2,104.4,382.5,1.6,90.6,356.7,-3.4
IMNM,BOTTOM,2022-12-19,3.15,61.6,76.8,198.1,57.8,62.8,172.5,-29.8
IMNM,BREAKOUT,2023-05-08,6.83,6.4,18.4,126.9,-2.3,10.6,98.6,-30.5
IMNM,BOTTOM,2023-06-19,5.57,29.9,68.6,123.3,30.2,58.4,95.9,0.0
IMNM,BREAKOUT,2025-10-06,13.92,51.4,55.7,,44.8,51.0,,0.0
IMNM,BOTTOM,2026-03-09,20.36,-9.7,,,-22.0,,,-9.7
IMO,BREAKOUT,2023-08-28,54.09,-0.8,11.3,32.5,-3.0,-3.2,5.8,-4.0
IMO,BREAKOUT,2025-06-09,80.15,11.7,13.5,51.3,1.2,-1.4,25.7,-3.1
IMOS,BREAKOUT,2020-11-30,18.58,7.3,32.7,38.5,3.1,17.6,14.2,-3.8
IMOS,BOTTOM,2023-05-15,21.23,-3.5,3.3,14.0,-8.2,-5.1,-14.3,-3.9
IMVT,BOTTOM,2024-10-07,30.4,-22.8,-51.7,-44.0,-23.3,-44.4,-58.0,-52.0
IMXI,BREAKOUT,2019-05-20,13.62,-0.3,-6.0,-22.2,-1.5,-17.0,-28.9,-6.0
IMXI,BREAKOUT,2020-08-03,17.59,-9.2,-11.5,-2.6,-14.3,-28.3,-36.8,-20.9
IMXI,BREAKOUT,2022-03-14,21.63,-9.3,9.0,7.9,8.0,21.5,18.6,-12.4
INBX,BOTTOM,2026-07-06,93.01,,,,,,,-6.0
INCY,BOTTOM,2024-03-11,58.37,6.4,8.9,16.3,-0.1,-1.7,4.8,-11.5
INCY,BREAKOUT,2025-08-11,86.92,19.8,16.3,,15.1,9.8,,-4.9
INDB,BOTTOM,2020-06-15,55.19,-19.4,11.7,14.6,-26.9,-8.9,-21.8,-24.8
INDB,BREAKOUT,2021-01-11,66.37,4.2,-9.5,11.9,-7.2,-25.1,-13.4,-9.5
INDB,BOTTOM,2024-01-15,54.93,-15.1,-1.4,16.0,-18.1,-16.0,-9.5,-22.1
INDB,BREAKOUT,2024-11-04,67.9,-2.3,-12.6,1.3,-3.1,-7.6,-12.2,-24.3
INDV,BOTTOM,2017-09-18,22.25,21.8,27.0,-20.7,14.0,22.6,-39.9,-2.2
INDV,BREAKOUT,2020-05-18,3.74,118.3,128.3,185.7,102.9,107.0,143.0,0.0
INDV,BREAKOUT,2022-12-12,22.0,-23.8,3.1,-32.6,-25.9,-12.4,-56.9,-23.8
INDV,BOTTOM,2023-05-01,20.03,11.1,0.3,-10.4,2.4,-5.8,-36.1,-9.5
INDV,BREAKOUT,2025-06-30,15.41,50.4,131.9,158.3,43.0,122.0,137.9,0.0
INFY,BREAKOUT,2020-07-13,10.46,26.4,49.7,73.6,18.0,31.9,37.6,0.0
INFY,BOTTOM,2023-02-06,17.2,-21.3,-11.8,7.7,-22.5,-21.8,-17.0,-22.4
ING,BOTTOM,2019-07-08,7.87,-4.9,5.9,-36.1,-3.9,-3.5,-43.9,-18.3
ING,BOTTOM,2020-11-30,7.0,20.4,39.4,43.8,16.2,24.2,19.5,-12.7
ING,BREAKOUT,2021-02-15,7.61,24.8,23.2,36.4,18.1,8.8,23.6,0.0
ING,BOTTOM,2022-06-06,8.07,-9.0,18.1,33.8,-13.8,16.4,21.7,-15.7
ING,BREAKOUT,2023-01-23,11.46,-10.0,5.5,6.6,-12.9,-7.9,-15.4,-21.2
INGR,BREAKOUT,2017-10-30,101.85,4.5,-12.1,-18.7,-2.6,-15.9,-25.9,-12.1
INGR,BREAKOUT,2021-02-22,77.26,6.0,-0.3,3.3,-4.8,-19.5,-13.3,-3.2
INGR,BREAKOUT,2024-01-29,103.99,3.7,12.1,25.8,-0.1,3.6,2.5,-2.8
INHD,BOTTOM,2025-03-03,2160.0,-70.7,114.4,-99.1,-75.0,101.4,-117.2,-74.0
INHD,BREAKOUT,2025-04-21,4190.4,-83.8,-87.9,-99.9,-99.9,-111.6,-131.1,-87.9
INMD,BREAKOUT,2021-01-04,25.11,60.7,91.4,115.6,52.4,76.5,91.7,0.0
INMD,BOTTOM,2022-12-19,35.36,-15.1,1.7,-35.7,-18.8,-12.3,-61.3,-15.6
INMD,BREAKOUT,2023-07-10,44.94,-53.8,-53.8,-60.2,-50.2,-60.7,-86.6,-57.4
INMD,BOTTOM,2024-03-25,21.61,-15.6,-19.3,-18.1,-20.0,-29.3,-25.7,-27.4
INMD,BOTTOM,2025-02-10,18.81,-22.0,-23.7,-24.0,-19.8,-29.9,-37.1,-29.4
INN,BOTTOM,2019-06-17,9.09,4.1,11.0,-44.2,2.2,0.9,-51.3,-3.5
INN,BOTTOM,2023-03-06,5.93,-1.4,-14.5,-2.9,-13.2,-30.8,-37.5,-21.0
INN,BREAKOUT,2024-08-19,6.21,-6.4,-6.0,-16.8,-12.6,-13.4,-33.1,-11.3
INN,BOTTOM,2025-10-20,5.13,-10.4,-8.0,,-12.5,-14.1,,-21.3
INN,BREAKOUT,2026-05-25,5.77,,,,,,,-0.5
INOD,BOTTOM,2019-01-07,1.6,-22.5,-30.6,-28.1,-35.0,-47.8,-56.3,-43.8
INOD,BOTTOM,2019-11-04,1.32,-9.1,-23.5,115.2,-17.1,-19.2,99.6,-39.4
INOD,BREAKOUT,2020-05-18,1.44,69.4,161.1,358.3,54.0,139.8,315.6,-13.2
INOD,BOTTOM,2021-12-06,6.67,-23.8,-25.0,-53.4,-13.4,-8.4,-38.2,-25.0
INOD,BOTTOM,2024-03-18,6.29,112.1,121.8,564.9,107.3,112.1,555.3,-7.8
INOD,BREAKOUT,2024-06-03,14.56,-3.4,206.0,251.9,-4.9,191.4,238.2,-8.4
INOD,BOTTOM,2024-09-09,15.7,119.7,206.9,298.5,111.9,206.1,280.0,-11.1
INOD,BREAKOUT,2025-09-08,62.56,-16.2,-32.1,,-20.2,-33.4,,-32.1
INOD,BOTTOM,2025-11-10,57.21,-22.4,68.0,,-24.2,57.3,,-37.8
INSM,BOTTOM,2018-09-03,19.89,-20.8,49.1,-14.3,-12.8,52.6,-20.0,-41.1
INSM,BOTTOM,2019-09-16,19.58,22.3,-26.9,70.4,14.3,-4.5,57.4,-26.9
INSM,BREAKOUT,2020-02-03,32.92,-29.3,-6.6,29.0,-17.8,-8.4,10.1,-56.5
INSM,BOTTOM,2020-03-09,20.44,33.0,38.7,91.3,19.4,13.4,42.3,-30.0
INSM,BREAKOUT,2020-09-14,33.37,11.2,12.4,-19.7,-0.9,-6.2,-55.1,-4.1
INSM,BOTTOM,2022-04-18,22.81,-2.1,-19.1,-20.1,4.7,-7.7,-18.5,-20.3
INSM,BOTTOM,2022-11-28,20.37,1.1,-4.1,30.2,1.3,-10.1,15.6,-19.2
INSM,BOTTOM,2023-03-06,17.98,10.1,46.1,54.7,-1.7,29.7,20.1,-8.5
INSM,BREAKOUT,2023-09-04,26.26,6.5,5.9,170.5,2.8,-9.8,147.5,-9.6
INSM,BOTTOM,2026-04-13,144.48,-25.0,,,-30.0,,,-34.8
INSP,BOTTOM,2022-05-09,165.1,33.2,30.4,78.0,26.5,30.4,73.8,-0.7
INSP,BOTTOM,2024-06-03,157.79,24.8,22.3,-13.8,23.3,7.8,-27.4,-20.3
INSP,BOTTOM,2024-12-16,187.77,-12.2,-30.3,-48.6,-7.9,-31.4,-65.1,-32.3
INSW,BREAKOUT,2018-06-18,13.57,-15.1,-29.6,-23.7,-21.9,-18.1,-32.8,-29.6
INSW,BREAKOUT,2019-10-07,14.55,14.2,-9.2,-37.6,3.7,-4.1,-56.9,-31.4
INSW,BOTTOM,2021-04-19,10.28,1.0,10.2,24.2,-4.9,0.8,20.6,-3.8
INSW,BREAKOUT,2022-04-04,12.42,-5.3,74.6,107.6,7.5,92.9,114.6,-5.3
INSW,BREAKOUT,2023-10-23,36.22,12.1,18.2,3.6,-7.0,-6.4,-39.3,-9.6
INTA,BREAKOUT,2023-01-02,26.15,72.6,48.0,34.1,66.7,34.1,11.7,0.0
INTA,BOTTOM,2024-02-26,38.15,-5.9,21.1,72.9,-9.0,10.5,55.6,-19.4
INTA,BREAKOUT,2024-08-26,46.2,35.4,42.8,-0.5,28.2,36.7,-16.3,-6.6
INTA,BOTTOM,2026-01-26,33.95,-30.8,,,-35.2,,,-40.0
INTC,BREAKOUT,2019-11-04,51.4,13.9,3.5,-20.2,5.8,7.8,-35.7,-21.0
INTC,BOTTOM,2025-02-17,24.87,-19.4,-0.3,77.4,-16.2,-8.5,61.1,-23.9
INTC,BREAKOUT,2025-09-15,29.58,24.5,48.3,,21.6,50.0,,0.0
INTR,BREAKOUT,2023-08-14,4.23,26.3,23.6,70.7,22.7,8.3,42.0,-13.5
INTR,BREAKOUT,2025-08-04,7.68,21.6,14.0,,16.0,5.0,,0.0
INTT,BOTTOM,2018-12-03,6.74,5.8,-26.3,-12.8,1.0,-36.5,-34.6,-26.3
INTT,BREAKOUT,2020-12-21,6.23,75.3,177.7,103.0,67.6,161.3,73.8,0.0
INTT,BREAKOUT,2023-01-09,13.92,44.3,49.9,-13.8,40.4,36.3,-35.2,-6.0
INTU,BOTTOM,2023-01-16,387.41,12.3,24.2,57.4,7.8,9.1,33.6,-1.4
INTU,BREAKOUT,2025-05-19,711.17,-7.9,-7.6,-55.2,-19.6,-22.1,-85.4,-10.6
INVA,BREAKOUT,2018-11-19,17.98,-16.3,-19.3,-30.4,-23.0,-27.8,-50.8,-27.1
INVA,BREAKOUT,2021-07-26,14.18,23.1,13.0,1.1,18.0,11.6,5.8,0.0
INVA,BREAKOUT,2025-06-02,21.58,-5.1,-3.9,4.4,-13.4,-19.0,-20.2,-20.0
INVH,BREAKOUT,2024-03-25,32.69,1.6,-0.1,0.1,-2.8,-10.1,-7.5,-5.7
INVX,BOTTOM,2018-02-19,46.8,-2.5,10.8,-20.1,-1.9,5.2,-23.7,-12.0
INVX,BREAKOUT,2019-09-16,54.36,-13.3,-44.1,-51.7,-21.4,-21.6,-64.7,-44.1
INVX,BREAKOUT,2021-03-01,38.91,-1.7,-37.5,-14.8,-12.2,-56.3,-29.0,-40.8
INVX,BOTTOM,2021-04-12,29.69,-5.1,-14.5,19.6,-8.8,-22.1,13.3,-22.4
INVX,BREAKOUT,2022-03-07,40.3,-27.3,-41.9,-26.7,-20.4,-39.4,-20.0,-46.6
INVX,BOTTOM,2023-04-03,28.07,-11.9,-10.7,-17.3,-19.4,-16.4,-45.9,-20.4
IONQ,BOTTOM,2022-02-28,12.39,-55.4,-54.0,-59.4,-50.7,-45.4,-54.4,-64.6
IONQ,BREAKOUT,2024-10-21,16.96,140.3,70.4,255.5,135.0,74.7,237.2,-12.4
IONQ,BOTTOM,2025-02-10,37.46,-6.6,7.4,-8.9,-4.3,1.2,-22.1,-45.1
IONQ,BREAKOUT,2025-09-08,55.61,-9.5,-40.7,,-13.5,-42.0,,-42.6
IONQ,BOTTOM,2025-11-17,41.71,-23.5,52.6,,-28.4,38.8,,-34.0
IONS,BOTTOM,2018-04-16,48.51,-4.1,-6.8,50.5,-9.5,-11.4,39.6,-14.1
IONS,BOTTOM,2018-07-30,43.62,18.5,34.1,47.8,22.2,37.9,42.6,0.0
IONS,BREAKOUT,2018-11-26,58.29,19.6,12.5,9.7,17.2,11.7,-6.6,-16.3
IONS,BOTTOM,2022-03-07,32.19,8.0,45.5,5.5,14.9,48.0,12.1,0.0
IONS,BREAKOUT,2025-09-01,61.23,33.4,20.9,,27.2,16.4,,-0.4
IOSP,BREAKOUT,2019-02-25,74.17,-1.9,1.1,5.8,-0.5,-4.1,-1.9,-3.4
IOSP,BOTTOM,2020-06-15,67.41,-9.8,20.8,25.6,-17.4,0.2,-10.8,-14.3
IOSP,BREAKOUT,2023-12-11,114.5,1.8,3.1,-2.1,-7.1,-12.9,-32.1,-2.9
IOT,BREAKOUT,2023-02-27,19.48,24.8,58.8,79.6,18.5,46.3,50.8,-7.4
IOT,BOTTOM,2026-01-05,33.67,-23.2,9.1,,-21.4,-0.3,,-24.5
IOT,BOTTOM,2026-07-06,36.72,,,,,,,0.0
IOVA,BREAKOUT,2017-11-06,8.05,108.7,88.8,11.4,106.9,82.1,1.8,-1.2
IOVA,BOTTOM,2019-05-06,11.09,100.5,113.0,225.6,98.8,104.7,222.0,0.0
IOVA,BREAKOUT,2019-06-03,19.09,9.5,29.5,64.5,5.4,19.0,51.3,-5.8
IOVA,BOTTOM,2020-08-03,29.22,38.4,69.9,-19.4,33.3,53.1,-53.7,-4.9
IOVA,BREAKOUT,2020-11-30,43.11,-24.9,-58.4,-61.6,-29.1,-73.6,-85.9,-58.4
IOVA,BOTTOM,2021-05-03,28.52,-17.5,-12.3,-49.3,-22.6,-24.1,-48.0,-37.2
IOVA,BOTTOM,2023-08-07,7.06,-43.8,30.0,40.5,-43.0,16.7,19.2,-52.8
IOVA,BREAKOUT,2024-01-08,9.01,37.2,-3.1,-29.0,29.7,-21.3,-52.3,-19.2
IOVA,BOTTOM,2024-09-09,10.34,-24.3,-65.3,-78.0,-32.1,-66.1,-96.5,-65.3
IOVA,BOTTOM,2024-12-09,7.83,-54.2,-71.4,-71.9,-47.6,-70.8,-86.1,-78.8
IOVA,BOTTOM,2025-12-08,2.2,80.0,85.5,,82.6,76.0,,0.0
IOVA,BOTTOM,2026-04-13,3.86,29.5,,,24.6,,,-11.9
IP,BOTTOM,2020-06-15,25.31,22.3,47.0,77.5,14.8,26.4,41.0,-3.0
IP,BREAKOUT,2020-10-12,34.26,9.2,25.9,25.6,0.5,4.9,-4.6,-6.0
IP,BOTTOM,2026-03-16,33.26,10.7,,,-4.7,,,-10.4
IPAR,BREAKOUT,2021-02-15,60.63,8.8,7.1,40.0,2.0,-7.3,27.2,0.0
IPGP,BOTTOM,2019-05-27,125.17,-1.2,13.5,24.2,-7.9,-1.8,11.3,-5.5
IPGP,BOTTOM,2019-12-09,144.62,-22.5,8.0,44.5,-7.7,11.1,26.9,-29.0
IPGP,BOTTOM,2020-03-16,109.08,48.7,53.3,94.0,13.2,7.6,21.1,-5.8
IPGP,BREAKOUT,2020-05-18,157.39,-4.3,27.5,29.5,-19.7,6.3,-13.2,-4.3
IPGP,BOTTOM,2026-06-08,114.65,,,,,,,-9.0
IPI,BOTTOM,2018-11-26,33.2,12.0,-4.8,-31.3,9.7,-5.7,-47.6,-19.9
IPI,BOTTOM,2021-04-19,30.13,1.2,61.6,215.8,-4.7,52.2,212.3,-12.9
IPI,BREAKOUT,2021-10-11,41.42,2.8,170.3,-4.4,-1.8,171.4,14.2,-9.4
IPI,BREAKOUT,2026-03-02,42.53,-17.8,,,-27.8,,,-21.0
IPI,BOTTOM,2026-05-18,39.51,,,,,,,-15.0
IPX,BREAKOUT,2025-07-14,33.89,50.6,38.2,-32.3,44.5,27.3,-52.1,-14.2
IPX,BOTTOM,2025-12-22,36.95,-37.3,-28.3,,-29.5,-34.4,,-37.3
IQV,BREAKOUT,2018-07-16,111.11,14.2,14.5,40.3,15.0,18.2,31.9,-2.6
IQV,BREAKOUT,2020-10-05,166.76,14.6,24.5,45.3,4.2,5.0,17.2,-7.7
IQV,BOTTOM,2023-03-06,197.26,4.7,8.2,30.4,-7.1,-8.1,-4.2,-4.6
IR,BREAKOUT,2019-04-29,32.76,-9.1,-1.9,-14.6,-9.1,-7.0,-12.8,-17.3
IR,BREAKOUT,2019-12-02,33.9,-18.5,-2.5,32.6,-13.4,-5.0,12.8,-42.5
IR,BREAKOUT,2020-11-02,40.03,8.8,25.5,42.2,-2.4,4.1,6.5,0.0
IR,BOTTOM,2025-09-01,80.89,-1.3,6.8,,-7.6,2.3,,-6.7
IR,BREAKOUT,2026-02-02,98.45,-23.1,,,-30.2,,,-28.5
IRDM,BREAKOUT,2020-02-03,26.33,-20.9,5.4,91.9,-9.4,3.7,73.0,-30.6
IRDM,BOTTOM,2020-03-16,18.26,31.8,40.1,99.1,-3.7,-5.7,26.2,0.0
IRDM,BOTTOM,2020-06-15,24.07,6.3,41.5,53.0,-1.3,20.9,16.6,-8.8
IRDM,BREAKOUT,2020-11-16,29.9,48.4,15.8,25.2,38.1,-1.8,-8.6,0.0
IRDM,BOTTOM,2021-03-15,36.37,1.3,15.8,5.3,-5.6,1.8,-10.3,-4.8
IRDM,BOTTOM,2021-10-11,36.74,-4.6,3.3,18.9,-9.2,4.4,37.5,-18.3
IRDM,BOTTOM,2024-11-18,28.24,6.2,-13.4,-44.1,5.1,-11.2,-56.1,-20.5
IRDM,BREAKOUT,2026-03-30,32.76,64.1,,,50.2,,,0.0
IREN,BREAKOUT,2023-07-03,6.67,-48.1,-7.2,125.3,-46.4,-14.7,97.1,-57.6
IREN,BOTTOM,2023-08-21,4.18,-15.3,47.8,106.2,-19.2,31.5,76.7,-32.3
IREN,BOTTOM,2024-03-11,4.6,187.4,64.3,56.7,180.9,53.8,45.3,0.0
IREN,BOTTOM,2024-08-12,7.97,33.9,63.2,147.1,27.9,52.5,129.5,-19.2
IREN,BREAKOUT,2025-06-30,16.82,200.0,153.9,130.8,192.7,144.0,110.4,-8.4
IREN,BREAKOUT,2026-05-25,63.54,,,,,,,-47.1
IRM,BOTTOM,2020-06-15,20.17,9.8,16.7,80.5,2.3,-3.9,44.1,-6.3
IRM,BREAKOUT,2021-01-25,26.88,21.2,34.0,41.4,8.1,14.7,20.3,-4.5
IRMD,BREAKOUT,2017-10-23,11.56,15.4,24.8,106.7,3.6,20.4,101.9,0.0
IRMD,BOTTOM,2019-05-27,19.0,-8.1,5.3,11.4,-14.9,-9.9,-1.4,-13.5
IRMD,BOTTOM,2019-12-30,22.31,-23.8,-2.2,-7.0,-1.2,-0.1,-25.1,-34.4
IRMD,BREAKOUT,2023-04-17,39.67,11.4,-6.1,0.3,1.3,-9.1,-21.5,-7.9
IRON,BOTTOM,2022-09-12,41.4,12.7,-47.4,28.0,12.8,-49.4,11.2,-54.2
IRON,BREAKOUT,2023-08-21,55.33,-2.8,17.5,-10.7,-6.7,1.2,-40.3,-22.2
IRON,BOTTOM,2024-09-09,47.79,35.8,6.8,25.2,27.9,6.0,6.7,-3.7
IRT,BOTTOM,2020-12-14,10.83,10.1,37.0,89.1,4.2,23.9,62.8,0.0
IRT,BOTTOM,2023-03-06,14.57,11.0,-1.9,1.2,-0.8,-18.2,-33.4,-8.6
IRTC,BREAKOUT,2020-03-02,95.72,25.5,121.9,45.0,17.5,105.6,13.6,-24.6
ISRG,BREAKOUT,2019-11-25,197.63,-9.9,-2.2,23.1,-4.7,-0.0,5.2,-33.5
ISSC,BREAKOUT,2019-04-22,3.2,50.5,22.8,0.8,47.1,19.1,2.4,-3.8
ISSC,BREAKOUT,2021-07-19,7.2,-6.7,-10.1,-3.7,-10.0,-10.4,5.2,-10.4
ISSC,BREAKOUT,2024-12-23,8.75,-25.7,59.4,121.7,-19.4,55.5,104.3,-34.6
ISSC,BOTTOM,2025-03-03,6.65,76.8,74.7,293.8,72.5,61.7,275.7,-14.0
ISTR,BOTTOM,2020-12-28,14.75,25.7,40.1,13.0,18.2,23.3,-15.7,-2.5
ISTR,BOTTOM,2025-05-12,18.94,14.3,25.1,45.7,5.7,11.4,19.9,-5.5
IT,BOTTOM,2020-03-09,106.31,11.7,19.1,75.7,-1.9,-6.2,26.7,-21.7
IT,BREAKOUT,2021-01-04,169.1,11.3,51.9,77.0,3.0,36.9,53.2,-10.2
IT,BREAKOUT,2023-06-12,356.54,-1.8,24.6,21.2,-3.0,17.0,-3.6,-8.6
ITGR,BREAKOUT,2020-02-17,97.85,-17.5,-30.5,-13.9,-6.7,-33.4,-33.1,-47.8
ITIC,BOTTOM,2021-01-04,113.35,13.0,16.6,55.6,4.7,1.6,31.8,-3.1
ITIC,BOTTOM,2023-03-06,124.92,-5.0,3.8,13.6,-16.8,-12.5,-21.1,-7.7
ITIC,BREAKOUT,2023-12-18,146.5,-2.5,7.3,59.0,-12.9,-8.4,32.6,-4.8
ITIC,BREAKOUT,2025-09-29,263.88,-6.9,-17.3,,-9.3,-15.8,,-20.7
ITRI,BREAKOUT,2019-08-05,67.97,15.6,20.8,-1.3,9.2,5.8,-18.4,-1.3
ITRI,BREAKOUT,2025-06-16,127.8,-5.6,-24.7,-36.8,-17.6,-39.9,-63.8,-25.1
ITRN,BREAKOUT,2018-10-29,27.04,-6.1,-2.0,-27.9,-6.0,-11.2,-42.8,-13.6
ITRN,BREAKOUT,2023-07-17,23.6,-6.8,-7.7,-3.4,-0.3,-15.2,-26.5,-12.2
ITRN,BREAKOUT,2024-08-19,26.21,-0.4,44.6,32.8,-6.7,37.2,16.6,-10.0
ITT,BREAKOUT,2017-09-18,40.53,21.6,10.6,39.0,13.8,6.2,19.9,-0.4
ITT,BREAKOUT,2018-07-30,56.56,-7.2,-13.7,-2.7,-3.5,-10.0,-8.0,-23.3
ITT,BREAKOUT,2019-04-08,57.9,4.2,-4.6,-17.2,0.1,-7.7,-15.0,-12.4
ITT,BOTTOM,2020-06-15,51.78,13.1,41.2,59.7,5.5,20.6,23.3,0.0
ITT,BREAKOUT,2020-11-23,70.63,10.9,25.8,33.3,5.8,9.4,5.3,-0.2
ITUB,BOTTOM,2021-01-18,2.78,-7.1,3.9,-1.7,-16.3,-11.7,-17.6,-15.5
ITUB,BREAKOUT,2022-03-14,3.39,-13.8,-1.7,-12.1,3.5,10.8,-1.4,-20.7
ITUB,BREAKOUT,2022-10-17,3.95,-15.4,-12.9,-5.4,-21.6,-24.0,-19.7,-24.7
ITUB,BREAKOUT,2023-06-12,4.04,-3.5,15.0,6.4,-4.8,7.4,-18.5,-8.5
ITUB,BREAKOUT,2025-04-21,5.4,4.8,17.7,62.2,-11.2,-6.0,31.0,0.0
ITW,BREAKOUT,2019-04-08,131.55,-2.5,0.2,4.6,-6.6,-2.9,6.8,-10.7
ITW,BREAKOUT,2024-11-04,260.5,-5.5,-9.8,-7.5,-6.2,-4.7,-21.0,-16.1
ITW,BREAKOUT,2026-02-02,289.97,-12.7,,,-19.8,,,-15.2
IVR,BOTTOM,2021-03-01,14.95,-8.6,-13.9,-37.7,-19.1,-32.8,-51.9,-13.9
IVR,BOTTOM,2021-07-12,14.12,-2.0,-12.1,-49.0,-5.7,-20.6,-39.6,-15.7
IVR,BOTTOM,2023-03-06,5.98,1.5,5.6,-2.5,-10.4,-10.8,-37.1,-4.8
IVT,BOTTOM,2021-06-21,11.59,45.2,104.8,96.2,40.8,93.8,103.5,-90.7
IVT,BREAKOUT,2023-10-09,23.23,0.7,-2.8,17.9,-10.2,-22.0,-18.2,-6.4
IVZ,BOTTOM,2019-12-09,13.25,-37.7,-39.1,7.8,-23.0,-36.0,-9.9,-60.5
IVZ,BOTTOM,2020-09-14,8.68,60.6,135.8,146.4,48.5,117.2,111.0,-1.5
IVZ,BREAKOUT,2020-11-30,14.22,34.5,66.7,29.4,30.3,51.5,5.1,-2.0
IVZ,BOTTOM,2023-02-27,15.43,-13.7,-8.3,-8.6,-20.0,-20.7,-37.4,-15.9
IX,BREAKOUT,2025-08-04,25.26,-0.9,27.9,,-6.5,18.9,,-3.4
J,BREAKOUT,2017-11-20,48.71,-1.3,0.5,3.1,-7.3,-4.9,0.2,-12.0
J,BREAKOUT,2018-08-06,55.71,7.7,-8.4,20.5,9.1,-4.9,15.5,-22.1
J,BREAKOUT,2019-04-22,61.48,8.0,19.7,2.1,4.6,15.9,3.7,-4.5
J,BOTTOM,2020-06-15,67.33,10.2,25.1,52.7,2.7,4.5,16.2,-8.2
J,BREAKOUT,2023-08-07,110.04,-1.7,6.8,6.0,-0.9,-6.5,-15.3,-9.4
J,BREAKOUT,2025-08-04,146.64,3.7,0.9,,-1.9,-8.1,,-12.9
JACK,BREAKOUT,2020-11-16,81.59,9.2,27.1,8.6,-1.1,9.5,-25.2,-1.6
JANX,BOTTOM,2022-12-05,14.11,-0.1,-10.8,-36.1,1.3,-21.1,-55.0,-19.3
JANX,BREAKOUT,2024-02-26,47.67,12.2,-1.4,-31.0,9.1,-12.1,-48.3,-26.3
JANX,BOTTOM,2024-04-01,35.12,13.6,28.2,-26.6,6.3,17.0,-25.3,0.0
JANX,BOTTOM,2025-01-06,46.76,-38.4,-46.2,-69.7,-30.7,-54.3,-90.7,-50.5
JAZZ,BREAKOUT,2018-05-07,164.42,7.1,-11.5,-15.4,2.9,-14.2,-23.0,-11.5
JAZZ,BREAKOUT,2020-10-05,155.41,3.9,3.9,-12.5,-6.5,-15.7,-40.5,-7.9
JAZZ,BREAKOUT,2025-02-10,133.96,-18.6,-12.1,24.1,-16.4,-18.2,11.0,-27.0
JAZZ,BOTTOM,2025-07-28,115.52,19.1,42.4,,9.1,30.5,,-3.7
JAZZ,BREAKOUT,2025-11-17,176.93,-2.7,35.6,,-7.6,21.8,,-8.9
JBGS,BOTTOM,2020-03-23,24.03,-4.7,-14.1,6.9,-23.6,-45.0,-51.8,-14.1
JBGS,BREAKOUT,2021-03-08,26.89,4.5,-11.6,-11.2,-3.5,-25.4,-19.2,-11.8
JBGS,BOTTOM,2023-09-11,13.42,20.4,12.6,26.2,14.1,-3.2,-1.9,-15.4
JBGS,BREAKOUT,2024-08-19,16.32,-4.7,-13.2,22.1,-11.0,-20.6,5.9,-17.1
JBGS,BREAKOUT,2025-06-09,17.58,29.5,-4.0,-16.3,19.1,-18.9,-42.0,-6.8
JBHT,BREAKOUT,2025-12-01,187.68,13.5,51.8,,15.1,43.6,,0.0
JBI,BOTTOM,2022-09-19,9.01,3.8,9.4,23.3,-0.8,1.0,4.5,-5.5
JBI,BREAKOUT,2023-07-24,11.4,-18.8,23.4,27.7,-9.0,15.9,6.9,-18.8
JBI,BOTTOM,2025-03-31,6.9,30.3,45.1,-28.7,6.2,11.9,-60.0,-8.8
JBIO,BOTTOM,2025-05-26,7.25,9.0,76.8,190.2,-0.8,60.2,160.4,-6.8
JBIO,BOTTOM,2026-01-19,16.31,53.2,,,49.3,,,-17.9
JBIO,BOTTOM,2026-06-01,16.94,,,,,,,-9.4
JBL,BREAKOUT,2019-04-08,29.19,1.9,17.7,-11.9,-2.2,14.6,-9.8,-18.6
JBL,BOTTOM,2020-10-12,35.53,23.1,50.5,72.9,14.5,29.5,42.7,-8.7
JBL,BREAKOUT,2025-01-06,153.53,-14.2,44.4,47.2,-6.5,36.3,26.2,-24.0
JBLU,BOTTOM,2021-01-04,14.69,43.4,12.1,2.9,35.1,-2.9,-21.0,-2.4
JBLU,BOTTOM,2023-04-24,7.14,9.9,-42.2,-19.0,-0.3,-41.6,-43.0,-42.2
JBLU,BOTTOM,2024-04-08,6.75,-9.6,-0.4,-45.0,-19.6,-14.6,-50.9,-29.8
JBLU,BREAKOUT,2024-10-14,8.05,-5.1,-54.4,-42.1,-7.7,-45.0,-57.1,-54.4
JBLU,BOTTOM,2024-12-02,6.59,-7.3,-24.0,-27.3,-2.4,-23.2,-41.5,-44.3
JBLU,BOTTOM,2025-10-06,4.4,18.0,7.7,,11.4,3.1,,-8.4
JBSS,BREAKOUT,2019-04-29,58.31,8.2,35.6,9.5,8.2,30.5,11.4,-4.3
JBTM,BREAKOUT,2019-06-24,118.17,-16.7,-5.0,-36.1,-18.0,-16.3,-40.5,-19.9
JBTM,BREAKOUT,2020-11-30,122.3,16.0,16.9,26.7,11.9,1.8,2.4,-8.6
JBTM,BOTTOM,2022-05-30,122.63,-19.2,-25.1,-6.4,-15.1,-25.1,-12.4,-33.0
JBTM,BREAKOUT,2024-10-21,113.81,14.8,-9.8,14.1,9.4,-5.5,-4.2,-17.5
JCI,BREAKOUT,2019-04-29,34.13,6.6,12.1,-27.7,6.6,7.0,-25.8,-2.7
JCI,BREAKOUT,2024-05-13,67.05,1.1,23.6,44.7,-4.0,12.2,31.0,-3.2
JD,BOTTOM,2021-11-08,75.31,-13.9,-40.0,-41.6,-8.5,-26.6,-28.2,-44.2
JD,BOTTOM,2024-06-17,26.36,1.6,26.8,15.2,-3.1,17.6,4.7,-10.5
JD,BOTTOM,2024-12-16,33.43,18.5,-9.2,-16.8,22.8,-10.3,-33.2,-9.2
JEF,BOTTOM,2020-03-23,11.33,2.1,30.2,124.4,-16.8,-0.6,65.6,-15.5
JEF,BREAKOUT,2020-11-09,18.87,25.0,41.2,90.0,14.9,24.0,57.7,-0.3
JEF,BOTTOM,2022-10-31,29.13,22.8,-5.4,10.9,12.7,-15.9,-6.4,-8.1
JEF,BOTTOM,2025-11-17,53.82,-1.5,-3.4,,-6.4,-17.2,,-33.0
JHX,BREAKOUT,2017-12-11,15.39,4.3,-2.8,-34.6,1.0,-7.7,-33.6,-2.8
JHX,BOTTOM,2019-06-24,12.58,26.5,52.0,37.8,25.2,40.8,33.3,0.0
JHX,BREAKOUT,2020-08-03,21.13,22.0,38.0,63.2,16.9,21.2,29.0,-1.8
JHX,BOTTOM,2023-04-17,22.63,21.3,8.7,51.3,11.1,5.7,29.4,-1.6
JHX,BREAKOUT,2023-06-12,27.51,3.0,26.0,15.1,1.8,18.4,-9.7,-10.8
JHX,BREAKOUT,2024-09-16,42.0,-24.6,-30.3,-54.1,-29.0,-30.2,-72.3,-30.3
JHX,BOTTOM,2026-05-04,20.98,,,,,,,-8.2
JJSF,BREAKOUT,2017-11-13,122.14,-3.1,-1.7,9.5,-9.6,-7.9,1.4,-7.8
JJSF,BOTTOM,2020-12-21,138.87,1.0,12.6,1.1,-6.6,-3.8,-28.1,-3.6
JJSF,BREAKOUT,2024-08-12,161.7,-5.2,-26.5,-33.6,-11.2,-37.2,-51.2,-28.0
JKHY,BOTTOM,2023-08-28,151.73,2.4,9.5,10.9,0.3,-5.0,-15.8,-12.3
JKHY,BREAKOUT,2024-09-09,171.79,2.4,0.5,-7.9,-5.4,-0.3,-26.3,-5.2
JKS,BREAKOUT,2019-02-18,16.08,-13.3,-11.7,29.9,-15.0,-14.6,8.2,-20.4
JKS,BREAKOUT,2020-02-10,19.58,-43.0,-16.3,156.3,-28.3,-17.1,137.8,-47.8
JKS,BOTTOM,2020-06-15,12.31,52.7,306.8,145.3,45.2,286.2,108.9,0.0
JKS,BREAKOUT,2020-09-21,27.32,102.9,23.5,19.0,90.2,2.2,-18.0,0.0
JKS,BOTTOM,2021-12-27,35.28,10.7,46.3,-11.1,15.1,65.4,7.1,-14.4
JKS,BREAKOUT,2022-06-27,51.62,-17.6,-39.2,-34.0,-11.7,-40.4,-52.2,-39.2
JKS,BOTTOM,2023-01-30,41.96,-12.0,-30.0,-50.1,-12.5,-39.2,-71.8,-30.0
JKS,BREAKOUT,2025-11-03,26.02,-1.8,-12.9,,-5.0,-23.5,,-24.3
JLL,BOTTOM,2020-06-15,104.39,-1.1,42.1,90.6,-8.7,21.5,54.2,-9.3
JMIA,BOTTOM,2020-10-26,14.96,284.7,103.3,16.8,270.9,74.6,-25.8,-1.8
JMIA,BOTTOM,2022-09-19,6.0,-46.5,-49.2,-60.0,-51.0,-57.6,-78.8,-50.5
JMIA,BREAKOUT,2024-02-12,4.75,42.5,8.6,-12.6,36.2,-3.0,-36.3,-17.1
JMIA,BOTTOM,2024-04-08,4.45,193.7,22.0,-53.9,183.7,7.9,-59.8,-11.5
JMIA,BREAKOUT,2025-08-11,7.75,36.9,20.3,,32.2,13.7,,0.0
JOBY,BOTTOM,2022-09-12,5.48,-33.9,-29.0,19.3,-33.8,-31.0,2.5,-38.9
JOBY,BREAKOUT,2023-06-05,6.96,4.9,-5.6,-28.3,0.9,-13.4,-54.3,-25.4
JOBY,BOTTOM,2023-07-31,8.16,-23.5,-29.9,-38.1,-21.2,-41.4,-59.0,-36.4
JOBY,BOTTOM,2024-09-09,5.43,43.3,14.9,157.8,35.4,14.1,139.4,-10.3
JOBY,BREAKOUT,2024-11-18,7.09,-1.6,-6.5,84.3,-2.6,-4.4,72.3,-24.4
JOE,BOTTOM,2020-06-15,18.27,10.2,125.0,126.2,2.6,104.4,89.8,-5.3
JOE,BREAKOUT,2020-08-24,22.14,42.2,116.1,98.7,38.1,106.7,68.3,-12.9
JOE,BOTTOM,2023-04-24,39.79,57.3,12.8,43.7,47.1,13.4,19.7,0.0
JOE,BREAKOUT,2025-10-27,56.36,16.9,9.3,,15.1,3.0,,0.0
JOYY,BOTTOM,2019-06-24,53.68,-20.7,-21.6,33.3,-22.0,-32.8,28.9,-25.2
JOYY,BOTTOM,2019-12-16,43.29,-25.1,73.0,47.8,3.1,75.8,30.6,-25.1
JOYY,BOTTOM,2020-07-20,59.0,11.5,20.0,-26.6,3.4,-0.4,-65.7,-4.1
JOYY,BOTTOM,2023-04-17,24.87,15.3,38.7,15.1,5.2,35.8,-6.8,-1.4
JOYY,BREAKOUT,2024-12-02,36.11,20.1,20.8,66.4,25.0,21.6,52.2,-5.1
JPM,BOTTOM,2020-06-15,83.11,1.5,24.1,56.1,-6.0,3.5,19.7,-5.3
JPM,BREAKOUT,2021-01-04,118.64,15.6,15.9,25.8,7.3,0.9,1.9,-5.4
JXN,BOTTOM,2023-01-02,30.4,2.3,-10.2,48.5,-3.5,-24.1,26.1,-16.5
JXN,BREAKOUT,2023-01-30,40.01,-24.1,-27.8,12.4,-24.6,-37.0,-9.3,-36.5
JXN,BREAKOUT,2023-11-27,44.25,17.0,58.9,113.3,4.8,43.2,80.2,0.0
KAI,BREAKOUT,2018-09-17,104.58,-28.3,-21.6,-20.2,-11.2,-18.2,-24.4,-28.3
KAI,BREAKOUT,2023-01-30,210.61,-8.7,-0.6,38.6,-9.1,-9.8,16.9,-13.0
KALU,BREAKOUT,2019-10-28,86.11,-7.2,-37.1,-40.0,-12.8,-30.5,-48.7,-48.6
KALU,BOTTOM,2020-07-13,55.21,-4.2,53.2,72.5,-12.6,35.5,36.5,-25.7
KALU,BREAKOUT,2021-01-04,87.95,4.5,15.2,-3.9,-3.8,0.2,-27.8,-18.4
KALU,BREAKOUT,2024-03-11,72.35,14.9,-10.5,-6.6,8.4,-21.1,-18.1,-11.6
KARO,BOTTOM,2023-03-27,20.69,4.4,-11.1,11.9,-4.2,-16.3,-17.8,-11.1
KARO,BREAKOUT,2026-07-06,56.4,,,,,,,0.0
KB,BREAKOUT,2020-11-23,36.76,-12.1,18.1,4.4,-17.2,1.7,-23.6,-16.9
KB,BOTTOM,2023-04-24,33.66,9.7,4.8,54.9,-0.5,5.3,30.9,-4.4
KB,BREAKOUT,2024-01-29,45.61,13.2,27.3,33.2,9.4,18.8,9.9,-3.3
KB,BREAKOUT,2025-05-19,71.29,12.0,16.3,47.1,0.2,1.8,16.9,0.0
KBH,BREAKOUT,2023-01-30,37.75,11.3,37.8,52.6,10.9,28.6,30.9,-12.8
KBR,BREAKOUT,2018-08-20,19.22,-15.5,-12.9,18.3,-7.5,-11.0,17.3,-33.7
KBR,BOTTOM,2020-06-15,22.73,-0.2,21.9,55.3,-7.7,1.2,18.9,-12.0
KBR,BREAKOUT,2020-12-28,29.07,20.6,24.5,55.6,13.1,7.7,26.9,-6.1
KC,BREAKOUT,2023-03-20,6.29,-12.1,-21.8,-47.9,-22.0,-31.3,-81.5,-39.7
KC,BOTTOM,2025-05-26,11.17,32.2,10.7,9.9,22.5,-6.0,-19.9,0.0
KC,BOTTOM,2025-08-18,14.82,-18.6,-6.7,,-21.0,-14.1,,-27.6
KC,BREAKOUT,2026-04-13,18.21,-47.6,,,-52.5,,,-52.9
KC,BOTTOM,2026-06-15,10.06,,,,,,,-14.7
KD,BREAKOUT,2023-02-06,16.31,-13.1,-1.0,34.6,-14.4,-11.0,9.9,-28.5
KD,BOTTOM,2023-06-19,12.84,21.2,58.9,98.8,21.5,48.7,71.3,-0.9
KD,BREAKOUT,2023-08-28,16.86,9.7,31.9,40.5,7.6,17.4,13.8,-17.2
KD,BOTTOM,2025-08-11,29.98,-14.2,-59.2,,-18.9,-65.7,,-59.2
KDP,BREAKOUT,2022-08-08,35.2,-4.5,-9.2,-12.0,1.8,-5.6,-18.0,-10.7
KDP,BREAKOUT,2024-04-22,31.55,0.7,3.8,4.8,-6.8,-10.8,-5.0,-2.6
KEP,BOTTOM,2019-04-08,12.52,-14.2,-14.5,-37.8,-18.3,-17.5,-35.6,-18.3
KEP,BREAKOUT,2020-12-14,12.61,-15.8,-8.7,-28.4,-21.7,-21.8,-54.6,-21.2
KEP,BOTTOM,2023-08-14,6.6,3.7,18.3,8.2,0.1,3.0,-20.5,-10.2
KEP,BREAKOUT,2024-02-19,8.9,-18.7,-10.7,-14.4,-23.2,-22.1,-34.0,-23.1
KEP,BOTTOM,2024-04-15,7.28,-2.9,4.2,17.9,-14.1,-14.6,10.2,-6.0
KEX,BREAKOUT,2018-01-08,74.8,12.6,16.0,-8.9,16.8,14.5,-3.9,-3.1
KEX,BREAKOUT,2019-12-16,88.05,-58.5,-37.5,-43.1,-30.3,-34.7,-60.3,-58.5
KEY,BOTTOM,2020-06-15,10.03,-3.9,18.5,55.9,-11.4,-2.1,19.4,-13.5
KEY,BREAKOUT,2021-02-08,14.7,23.8,10.3,42.3,17.3,-4.0,28.7,0.0
KEY,BOTTOM,2023-02-20,15.2,-44.3,-38.7,-16.7,-50.6,-50.5,-46.8,-50.4
KEY,BOTTOM,2023-08-07,9.9,-3.5,24.6,34.9,-2.7,11.3,13.6,-12.8
KEY,BREAKOUT,2024-03-04,13.45,-5.3,8.0,10.8,-10.0,1.8,-3.2,-9.2
KEYS,BREAKOUT,2020-11-02,112.97,26.5,26.9,62.6,15.3,5.5,26.9,0.0
KEYS,BOTTOM,2022-11-14,171.9,8.1,-8.6,-22.5,4.8,-15.2,-38.1,-16.4
KEYS,BREAKOUT,2024-11-04,165.42,5.4,-6.8,9.3,4.6,-1.8,-4.2,-23.2
KEYS,BREAKOUT,2025-11-24,197.95,55.3,70.9,,54.6,59.6,,0.0
KFRC,BREAKOUT,2017-11-13,20.59,9.7,29.2,22.5,3.3,23.0,14.4,-4.3
KFRC,BOTTOM,2020-09-14,29.01,27.6,57.3,83.5,15.5,38.6,48.1,-4.5
KFRC,BREAKOUT,2020-11-23,36.07,22.8,50.6,84.8,17.7,34.2,56.8,0.0
KFRC,BOTTOM,2026-03-30,29.68,71.6,,,57.7,,,-5.6
KFRC,BREAKOUT,2026-05-25,46.61,,,,,,,-2.6
KFY,BOTTOM,2018-12-03,38.57,2.7,3.3,-8.6,-2.1,-7.0,-30.4,-11.1
KFY,BOTTOM,2019-04-08,42.27,-16.9,-23.4,-39.6,-21.0,-26.5,-37.4,-23.6
KFY,BOTTOM,2023-04-10,47.34,3.6,-3.8,22.3,-5.7,-9.2,-3.3,-7.7
KFY,BREAKOUT,2023-12-11,53.88,10.3,16.7,23.9,1.4,0.6,-6.1,-4.1
KFY,BREAKOUT,2026-07-13,78.61,,,,,,,
KGC,BOTTOM,2022-05-16,4.18,-20.6,-7.5,18.0,-29.4,-10.0,8.8,-30.9
KGC,BREAKOUT,2023-10-16,5.18,1.6,28.1,102.2,-13.4,9.7,61.6,-6.3
KGS,BOTTOM,2025-05-12,33.98,-0.5,-2.4,114.8,-9.1,-16.2,89.0,-12.0
KGS,BOTTOM,2025-10-27,35.79,15.4,90.2,,13.7,83.9,,-8.0
KGS,BREAKOUT,2026-02-02,49.09,40.9,,,33.8,,,0.0
KHC,BREAKOUT,2020-06-01,24.4,3.8,7.1,40.6,-4.0,-9.7,6.2,-9.7
KHC,BREAKOUT,2022-04-18,34.83,-10.4,-16.8,-5.3,-3.5,-5.4,-3.7,-21.9
KIM,BREAKOUT,2019-01-28,12.19,7.7,14.5,17.6,-1.7,5.2,-3.8,0.0
KIM,BREAKOUT,2023-12-11,19.91,-14.4,-13.9,15.3,-23.4,-29.9,-14.7,-17.9
KKR,BREAKOUT,2019-09-09,26.26,4.1,-9.2,25.3,-1.8,0.5,12.1,-9.2
KLAC,BREAKOUT,2019-03-11,10.91,-7.7,27.2,24.3,-10.5,19.7,27.1,-13.2
KLAC,BREAKOUT,2025-06-09,86.21,11.3,38.1,195.3,0.9,23.3,169.6,-2.0
KLIC,BREAKOUT,2018-07-09,24.85,-25.0,-23.6,-22.2,-24.2,-17.2,-31.8,-35.5
KLIC,BOTTOM,2019-04-29,20.9,-5.3,4.2,-5.8,-5.3,-0.9,-3.9,-19.1
KLIC,BREAKOUT,2020-11-02,26.07,51.6,79.3,103.8,40.5,57.9,68.1,-0.2
KMI,BREAKOUT,2022-02-28,14.97,7.4,-0.3,-0.4,12.1,8.3,4.5,-13.5
KMI,BREAKOUT,2026-01-19,29.02,8.4,,,4.5,,,0.0
KMPR,BOTTOM,2020-03-16,50.64,19.6,20.0,41.3,-15.9,-25.7,-31.6,-0.4
KMPR,BOTTOM,2020-06-15,60.56,0.4,10.8,1.4,-7.2,-9.8,-35.0,-11.3
KMT,BOTTOM,2020-01-20,28.55,-31.9,-20.9,20.8,-18.4,-19.5,2.1,-53.9
KMT,BREAKOUT,2020-11-30,32.03,6.0,2.3,-2.6,1.9,-12.8,-26.9,-4.7
KMX,BREAKOUT,2018-06-18,80.19,-2.5,-26.5,6.8,-9.3,-15.0,-2.3,-26.5
KMX,BREAKOUT,2019-06-10,83.54,3.8,17.2,7.7,-0.8,6.4,0.4,-3.2
KMX,BOTTOM,2023-04-24,70.03,17.8,-13.6,-0.6,7.6,-13.0,-24.6,-13.6
KMX,BREAKOUT,2024-03-25,87.11,-15.8,-11.2,-12.8,-20.2,-21.2,-20.3,-21.5
KMX,BREAKOUT,2025-02-10,88.9,-24.4,-35.0,-53.4,-22.1,-41.2,-66.5,-38.2
KN,BREAKOUT,2018-07-23,17.65,-14.5,-16.7,13.4,-9.2,-12.1,3.9,-29.9
KN,BOTTOM,2020-06-15,15.6,-5.0,15.1,21.8,-12.6,-5.5,-14.6,-8.7
KN,BOTTOM,2020-11-16,16.94,24.3,19.5,30.2,14.0,1.8,-3.7,0.0
KN,BOTTOM,2023-03-13,15.99,11.8,-10.9,-4.8,-1.3,-25.4,-37.4,-10.9
KN,BOTTOM,2024-03-11,15.23,14.8,13.7,5.2,8.4,3.1,-6.3,0.0
KN,BREAKOUT,2024-07-08,18.71,-5.6,3.9,-1.8,-9.4,-0.4,-14.5,-10.3
KNF,BOTTOM,2026-03-23,80.2,15.9,,,0.6,,,-10.0
KNSA,BOTTOM,2021-03-29,18.48,-23.8,-37.9,-41.8,-32.4,-47.0,-56.4,-37.9
KNSA,BOTTOM,2022-10-17,12.51,12.3,-6.8,24.5,6.1,-17.9,10.2,-14.4
KNSA,BREAKOUT,2023-07-24,18.95,-19.5,-3.9,37.8,-9.7,-11.3,17.0,-23.8
KNSA,BREAKOUT,2024-02-05,20.28,-3.7,24.1,-3.9,-7.9,17.1,-25.3,-16.6
KNSL,BOTTOM,2021-10-25,185.54,3.9,18.6,67.8,7.4,28.3,81.8,0.0
KNSL,BREAKOUT,2022-07-25,241.53,28.9,12.4,55.1,34.1,13.1,42.4,0.0
KNTK,BREAKOUT,2022-05-23,31.48,-13.1,-20.3,-21.5,-11.1,-18.0,-24.4,-24.2
KNTK,BOTTOM,2025-10-27,37.11,6.2,33.1,,4.5,26.8,,-15.2
KNTK,BREAKOUT,2026-03-23,47.76,4.2,,,-11.1,,,-5.4
KNX,BREAKOUT,2021-03-22,45.06,-3.7,9.5,11.6,-11.8,-3.4,-4.2,-6.2
KNX,BOTTOM,2025-08-11,41.93,1.5,41.2,,-3.2,34.6,,-6.3
KNX,BREAKOUT,2026-01-05,56.85,8.4,32.3,,10.3,22.9,,-8.9
KO,BREAKOUT,2018-10-29,37.89,2.3,3.2,15.9,2.4,-6.1,1.1,-5.8
KO,BREAKOUT,2019-06-03,41.33,8.1,8.1,-1.6,4.0,-2.4,-14.9,-0.3
KO,BOTTOM,2020-03-23,35.45,2.7,15.8,28.1,-16.2,-15.0,-30.7,0.0
KO,BOTTOM,2020-06-15,38.46,10.5,18.6,20.6,3.0,-2.0,-15.8,-5.3
KO,BREAKOUT,2025-11-17,71.48,10.2,13.3,,5.3,-0.5,,-4.6
KOD,BREAKOUT,2020-10-12,76.49,107.3,50.2,46.4,98.6,29.1,16.2,0.0
KOD,BOTTOM,2021-12-06,82.71,-90.4,-90.2,-91.7,-79.9,-73.6,-76.5,-93.3
KOD,BREAKOUT,2024-11-25,6.67,-38.4,-49.0,244.5,-37.3,-47.5,229.7,-67.3
KOD,BREAKOUT,2025-08-11,10.57,84.6,108.8,,79.9,102.2,,-14.5
KODK,BOTTOM,2018-04-30,5.3,-38.7,-50.6,-54.5,-45.8,-53.7,-67.2,-56.0
KODK,BREAKOUT,2019-12-23,3.83,-55.6,-39.9,127.7,-34.6,-33.8,111.3,-58.5
KODK,BREAKOUT,2020-07-27,21.85,-68.3,-56.1,-66.2,-68.7,-70.4,-102.5,-72.4
KODK,BOTTOM,2020-08-31,6.1,23.4,24.6,18.4,15.0,11.7,-15.9,0.0
KODK,BOTTOM,2023-05-08,3.59,40.7,5.6,27.0,32.0,-2.3,-1.4,0.0
KODK,BOTTOM,2023-07-31,5.11,-23.9,-32.7,-0.4,-21.5,-44.2,-21.3,-32.7
KODK,BOTTOM,2025-09-15,6.19,34.6,26.5,,31.7,28.2,,0.0
KODK,BREAKOUT,2025-12-01,8.79,-23.9,3.1,,-22.2,-5.1,,-23.9
KOF,BREAKOUT,2019-04-01,50.57,-6.3,-8.0,-41.8,-10.2,-10.9,-29.6,-14.7
KOF,BOTTOM,2020-06-15,36.65,-10.6,1.8,15.8,-18.2,-18.8,-20.6,-16.6
KOF,BREAKOUT,2023-12-04,81.91,8.2,3.0,-4.1,-3.5,-13.9,-38.0,0.0
KOF,BREAKOUT,2025-04-21,94.57,-11.4,-10.0,7.0,-27.5,-33.7,-24.2,-15.9
KOP,BREAKOUT,2017-09-25,44.53,10.3,-10.9,-32.5,3.5,-16.6,-50.3,-14.1
KOP,BOTTOM,2020-10-26,21.64,48.4,48.2,56.4,34.6,19.4,13.8,0.0
KOP,BREAKOUT,2021-01-11,34.49,-3.4,-18.0,-12.0,-14.8,-33.6,-37.3,-18.0
KOP,BREAKOUT,2023-01-09,31.16,6.6,11.4,55.8,2.7,-2.2,34.3,-6.9
KOP,BOTTOM,2025-09-08,28.54,1.2,32.0,,-2.8,30.7,,-8.3
KOP,BREAKOUT,2026-02-16,34.95,15.2,,,6.8,,,0.0
KR,BOTTOM,2018-04-09,19.91,18.8,14.6,10.3,12.9,9.5,-1.3,0.0
KR,BREAKOUT,2018-08-13,26.56,-3.1,-5.0,-26.1,0.4,-3.3,-29.5,-14.1
KR,BREAKOUT,2021-03-22,33.3,5.8,8.4,56.1,-2.2,-4.4,40.3,-3.4
KR,BREAKOUT,2024-10-21,55.35,2.9,23.3,19.4,-2.5,27.6,1.0,-1.4
KR,BREAKOUT,2026-03-02,73.72,-13.8,,,-23.8,,,-23.2
KRC,BREAKOUT,2018-05-28,52.4,-3.1,-6.5,-0.4,-9.7,-8.2,-2.9,-9.9
KRC,BOTTOM,2020-06-15,45.47,-12.7,-8.0,17.0,-20.2,-28.6,-19.5,-23.4
KRC,BREAKOUT,2021-03-08,51.58,7.0,-6.5,9.4,-1.0,-20.3,1.3,-6.5
KRC,BREAKOUT,2023-12-11,34.73,-14.3,-20.1,8.1,-23.2,-36.1,-21.8,-20.7
KRC,BREAKOUT,2024-09-16,35.47,2.7,-11.7,17.4,-1.7,-11.6,-0.9,-15.8
KREF,BREAKOUT,2018-07-02,8.94,-1.0,0.1,6.5,-5.9,7.5,-4.0,-5.5
KRG,BOTTOM,2020-12-28,11.58,33.6,47.7,50.8,26.1,30.9,22.1,0.0
KRG,BREAKOUT,2021-02-08,14.1,14.9,11.5,24.2,8.4,-2.9,10.5,0.0
KRG,BREAKOUT,2022-02-21,18.24,-5.0,-8.9,0.7,-0.2,-2.2,8.7,-22.5
KRG,BREAKOUT,2022-11-28,18.94,-2.7,-9.5,1.6,-2.5,-15.5,-13.0,-15.3
KRG,BREAKOUT,2024-07-08,20.86,12.2,0.4,2.5,8.4,-3.9,-10.2,0.0
KRG,BREAKOUT,2025-12-22,23.16,2.0,24.9,,9.9,18.8,,-2.2
KRP,BOTTOM,2019-07-08,7.52,-5.4,4.8,-41.1,-4.4,-4.6,-48.9,-11.8
KRP,BOTTOM,2020-02-10,7.1,-53.4,-33.1,-23.0,-38.7,-33.9,-41.5,-69.6
KRP,BOTTOM,2021-01-04,4.87,15.2,50.4,91.2,7.0,35.5,67.3,-3.7
KRP,BREAKOUT,2023-10-30,12.15,-7.4,2.9,8.3,-21.6,-15.5,-24.8,-8.7
KRUS,BREAKOUT,2021-02-01,25.28,41.1,79.9,79.7,31.9,65.1,62.4,-1.4
KRUS,BREAKOUT,2022-07-25,84.44,-5.6,-27.1,13.3,-0.4,-26.4,0.6,-52.8
KRUS,BREAKOUT,2023-07-03,100.07,-30.7,-12.3,-40.9,-29.0,-19.8,-69.2,-47.8
KRUS,BOTTOM,2023-08-14,86.8,-25.7,18.7,-27.5,-29.4,3.4,-56.2,-39.8
KRYS,BREAKOUT,2021-01-04,66.33,4.5,3.8,-3.2,-3.8,-11.1,-27.1,-6.2
KRYS,BOTTOM,2022-02-28,57.35,8.0,23.3,37.8,12.7,31.9,42.8,-3.2
KRYS,BREAKOUT,2024-02-26,167.82,-4.6,16.3,6.8,-7.8,5.7,-10.5,-7.8
KSS,BOTTOM,2019-05-27,33.19,-2.8,-2.1,-57.9,-9.6,-17.4,-70.7,-7.1
KSS,BREAKOUT,2021-01-18,32.84,32.2,10.7,5.6,23.0,-5.0,-10.4,-2.5
KSS,BREAKOUT,2022-03-14,46.63,-34.8,-52.6,-60.2,-17.4,-40.1,-49.4,-54.2
KSS,BOTTOM,2026-01-05,20.18,-34.7,-16.7,,-32.9,-26.1,,-42.1
KT,BOTTOM,2018-07-16,10.75,13.2,9.4,-7.2,14.0,13.2,-15.6,0.0
KT,BOTTOM,2020-09-14,8.28,14.7,18.8,39.6,2.5,0.1,4.3,-4.0
KT,BREAKOUT,2023-01-16,13.07,-23.0,-21.0,-9.8,-27.5,-36.1,-33.6,-24.6
KT,BREAKOUT,2026-02-02,21.27,-0.4,,,-7.5,,,-17.4
KTB,BREAKOUT,2023-01-30,44.41,-16.8,-2.8,22.2,-17.2,-12.0,0.5,-23.7
KTB,BREAKOUT,2023-11-13,48.21,21.6,36.5,77.8,10.3,18.2,46.1,0.0
KTB,BOTTOM,2025-12-01,74.55,0.8,-6.7,,2.4,-14.9,,-23.6
KTOS,BREAKOUT,2018-09-03,14.26,-4.3,14.2,31.7,3.6,17.7,26.0,-11.8
KTOS,BREAKOUT,2020-09-14,20.98,22.8,22.9,7.8,10.7,4.2,-27.6,-10.0
KTOS,BREAKOUT,2023-07-31,16.6,3.9,2.7,26.4,6.3,-8.8,5.4,-13.6
KURA,BREAKOUT,2020-08-03,20.41,75.2,63.9,-13.1,70.1,47.0,-47.3,0.0
KURA,BOTTOM,2022-10-24,15.9,-14.2,-38.7,-51.8,-19.0,-46.6,-59.1,-38.7
KURA,BOTTOM,2023-08-28,10.06,-1.0,114.6,109.3,-3.1,100.1,82.7,-23.9
KURA,BOTTOM,2026-03-09,8.65,4.6,,,-7.7,,,-10.5
KVUE,BOTTOM,2026-03-30,16.94,17.1,,,3.2,,,0.0
KWR,BREAKOUT,2023-01-30,200.88,-0.4,-12.9,-7.6,-0.9,-22.0,-29.3,-16.4
KWR,BREAKOUT,2023-12-18,206.74,-5.8,-21.5,-34.7,-16.2,-37.2,-61.1,-21.5
KWR,BOTTOM,2025-11-10,131.74,35.2,4.4,,33.4,-6.2,,-13.5
KYIV,BREAKOUT,2026-06-29,15.68,,,,,,,-9.4
KYMR,BOTTOM,2021-12-13,53.97,-19.8,-70.8,-47.6,-16.8,-50.9,-32.3,-72.6
KYMR,BOTTOM,2023-03-06,29.59,-23.1,-36.0,47.0,-34.9,-52.3,12.4,-36.0
KYMR,BREAKOUT,2024-02-05,37.21,1.9,11.4,0.3,-2.4,4.4,-21.1,-19.8
KYMR,BREAKOUT,2025-09-22,56.25,44.6,39.0,,40.0,42.6,,0.0
KYN,BOTTOM,2021-02-15,4.29,20.1,13.1,31.1,13.4,-1.3,18.3,-0.7
L,BOTTOM,2020-03-16,30.49,11.3,17.8,68.7,-24.2,-27.9,-4.3,-4.6
L,BOTTOM,2020-11-30,42.5,15.6,34.2,27.2,11.4,19.1,2.8,0.0
L,BREAKOUT,2022-01-03,59.86,6.1,-4.5,-0.1,9.8,11.5,15.3,-5.1
LAD,BREAKOUT,2019-04-22,107.04,20.3,39.2,-6.4,16.9,35.5,-4.8,0.0
LAD,BREAKOUT,2020-07-06,158.63,72.3,93.3,118.7,62.7,72.3,79.6,0.0
LAD,BOTTOM,2023-03-06,240.13,3.8,21.4,18.1,-8.0,5.1,-16.5,-14.8
LAD,BREAKOUT,2024-10-21,328.88,3.9,-11.8,0.2,-1.4,-7.5,-18.2,-15.1
LADR,BREAKOUT,2018-01-15,7.35,-3.8,10.9,20.9,0.7,10.3,24.1,-5.3
LAMR,BREAKOUT,2017-11-13,50.79,-7.5,-8.5,5.6,-14.0,-14.7,-2.5,-16.5
LAMR,BREAKOUT,2018-08-13,52.09,2.9,5.2,4.7,6.5,6.8,1.4,-8.6
LAMR,BREAKOUT,2023-12-11,95.04,9.3,7.9,24.2,0.3,-8.1,-5.8,-4.7
LAMR,BREAKOUT,2025-11-10,124.97,3.1,15.3,,1.4,4.6,,-2.9
LAND,BREAKOUT,2019-12-02,10.16,7.3,20.7,18.2,12.4,18.2,-1.5,-18.5
LAND,BOTTOM,2023-08-28,13.75,-6.3,-15.5,-10.8,-8.4,-30.0,-37.5,-16.2
LAND,BOTTOM,2025-12-15,8.5,21.5,1.4,,26.0,-8.9,,0.0
LAND,BREAKOUT,2026-01-26,10.89,-11.1,,,-15.5,,,-21.4
LAR,BREAKOUT,2020-02-10,2.19,-37.4,45.5,313.3,-22.7,44.7,294.8,-60.6
LAR,BREAKOUT,2021-09-13,9.49,22.0,19.0,20.9,17.5,17.6,32.2,-12.6
LAR,BOTTOM,2022-01-03,11.21,11.6,-21.9,-32.0,15.3,-5.9,-16.6,-27.7
LAR,BREAKOUT,2025-09-29,4.13,44.8,82.1,,42.4,83.5,,-5.8
LASR,BREAKOUT,2025-05-19,14.49,93.6,109.3,442.1,81.8,94.9,411.8,0.0
LAUR,BOTTOM,2020-06-15,4.73,27.9,48.2,46.6,20.3,27.6,10.1,-6.3
LAUR,BOTTOM,2020-10-12,6.32,4.6,-1.3,27.3,-4.1,-22.3,-2.9,-4.3
LAZ,BOTTOM,2019-05-27,22.05,11.6,27.2,-9.0,4.9,11.9,-21.8,0.0
LAZ,BOTTOM,2019-09-23,24.84,15.5,-28.1,-4.8,5.7,-14.8,-18.2,-33.6
LAZ,BREAKOUT,2019-11-04,27.9,13.2,-28.5,-2.5,5.1,-24.2,-18.0,-40.8
LAZ,BREAKOUT,2020-12-28,32.5,7.1,12.4,7.4,-0.4,-4.3,-21.3,-7.5
LAZ,BREAKOUT,2023-01-23,34.5,-22.4,-10.2,2.9,-25.3,-23.7,-19.1,-28.7
LAZ,BOTTOM,2026-03-16,38.84,14.1,,,-1.4,,,-0.4
LBRDA,BOTTOM,2023-04-17,71.06,15.5,18.5,-33.9,5.4,15.5,-55.8,-7.2
LBRDA,BREAKOUT,2024-10-28,84.02,-15.2,-1.8,-36.3,-20.9,-1.7,-57.2,-18.9
LBRDA,BOTTOM,2024-12-09,76.57,-0.7,11.7,-37.5,5.8,12.3,-51.7,-11.0
LBRDA,BREAKOUT,2025-05-12,93.91,-34.8,-50.3,-65.1,-43.4,-64.0,-91.0,-50.3
LBRDK,BOTTOM,2023-04-17,70.83,16.1,18.9,-34.1,6.0,16.0,-55.9,-6.5
LBRDK,BREAKOUT,2024-10-28,84.18,-14.7,-0.4,-36.1,-20.5,-0.3,-57.0,-18.3
LBRDK,BOTTOM,2024-12-09,77.13,-1.2,12.0,-37.8,5.3,12.5,-52.0,-10.8
LBRDK,BREAKOUT,2025-05-12,94.84,-35.1,-50.4,-65.5,-43.7,-64.2,-91.3,-50.4
LBRT,BOTTOM,2019-05-27,11.73,-15.2,-30.1,-58.7,-22.0,-45.3,-71.5,-35.0
LBRT,BOTTOM,2020-11-09,7.86,30.3,71.4,30.4,20.2,54.2,-1.9,0.0
LBRT,BREAKOUT,2020-11-30,10.42,22.9,57.9,-19.3,18.8,42.7,-43.6,-8.5
LBRT,BREAKOUT,2022-05-30,17.05,-18.8,-11.2,-26.8,-14.8,-11.1,-32.8,-36.5
LBRT,BOTTOM,2025-06-23,11.4,10.6,59.6,135.7,2.7,46.7,115.8,-9.0
LBTYA,BREAKOUT,2018-01-22,19.68,-20.1,-28.1,-39.4,-13.5,-27.2,-33.9,-28.1
LBTYA,BOTTOM,2023-03-06,9.54,-9.5,-4.8,-6.2,-21.3,-21.1,-40.8,-12.3
LBTYA,BREAKOUT,2024-09-16,10.63,17.2,9.8,10.6,12.9,9.9,-7.6,-2.8
LBTYK,BOTTOM,2023-03-06,10.15,-8.5,-2.1,-6.3,-20.3,-18.4,-40.9,-11.9
LBTYK,BREAKOUT,2024-09-23,11.4,13.3,4.8,3.9,8.8,6.9,-13.3,-5.5
LCID,BREAKOUT,2021-11-15,552.1,-51.8,-66.7,-79.6,-44.8,-50.3,-65.3,-67.4
LCII,BOTTOM,2018-08-27,71.53,-16.0,-9.6,-6.7,-11.4,-7.2,-9.4,-33.3
LCII,BREAKOUT,2019-09-09,74.74,10.0,-10.0,16.3,4.1,-0.3,3.1,-10.0
LCII,BOTTOM,2023-03-20,91.75,13.0,14.7,15.5,3.2,5.1,-18.1,-1.6
LDOS,BREAKOUT,2019-04-29,67.54,10.4,15.5,33.6,10.4,10.4,35.4,0.0
LDOS,BREAKOUT,2022-02-28,101.77,-1.4,-12.4,-8.4,3.3,-3.8,-3.4,-12.4
LEA,BREAKOUT,2020-11-23,129.43,13.5,32.3,17.7,8.4,15.9,-10.3,0.0
LECO,BREAKOUT,2019-10-21,82.34,1.8,-16.2,17.6,-7.8,-11.1,0.7,-29.1
LECO,BREAKOUT,2020-08-10,88.92,18.2,20.0,48.2,11.4,2.4,13.8,-8.7
LECO,BREAKOUT,2022-08-08,139.09,-0.8,18.0,30.6,5.5,21.7,24.5,-16.5
LECO,BOTTOM,2025-02-17,203.12,-7.2,19.2,40.0,-4.1,11.0,23.7,-16.7
LEG,BREAKOUT,2019-10-21,34.69,13.3,-32.7,2.3,3.8,-27.5,-14.6,-48.8
LEG,BOTTOM,2020-06-15,26.84,31.1,25.4,49.5,23.5,4.8,13.0,-4.4
LEG,BOTTOM,2023-03-06,27.86,1.3,-13.5,-31.4,-10.6,-29.8,-66.0,-13.5
LEG,BOTTOM,2024-10-28,11.61,-11.8,-19.9,-20.6,-17.5,-19.8,-41.5,-42.5
LEG,BOTTOM,2025-09-08,9.43,21.2,7.5,,17.2,6.2,,-10.5
LEG,BOTTOM,2026-03-09,10.13,4.1,,,-8.2,,,-9.9
LEGN,BREAKOUT,2022-06-27,55.84,-26.9,-10.6,23.6,-21.0,-11.8,5.4,-30.5
LEGN,BOTTOM,2022-08-08,46.98,11.7,4.3,51.7,18.1,7.9,45.7,-17.4
LEGN,BREAKOUT,2023-01-09,57.37,-7.6,21.1,5.9,-11.5,7.5,-15.5,-24.3
LEGN,BOTTOM,2026-05-04,28.12,,,,,,,-20.8
LEN,BOTTOM,2025-07-21,113.05,11.1,-2.6,,4.5,-11.4,,-9.2
LENZ,BOTTOM,2023-10-02,7.86,16.9,158.5,227.8,7.6,137.0,192.7,-4.7
LENZ,BREAKOUT,2025-08-11,37.85,-32.4,-66.0,,-37.1,-72.5,,-66.0
LEU,BOTTOM,2020-04-06,5.33,90.1,84.6,343.5,75.4,58.9,293.2,0.0
LEU,BOTTOM,2020-10-26,9.71,109.2,135.7,483.6,95.4,107.0,441.0,-0.1
LEU,BREAKOUT,2021-08-30,31.62,53.1,28.4,49.7,52.7,32.3,61.9,0.0
LEU,BOTTOM,2021-12-13,48.29,-24.1,-43.0,-31.1,-21.1,-23.2,-15.8,-55.9
LEU,BOTTOM,2023-03-27,32.2,1.1,76.3,29.0,-7.6,71.1,-0.6,-10.9
LEU,BOTTOM,2024-07-01,41.38,63.9,95.3,324.5,60.3,87.8,310.3,-14.5
LEU,BREAKOUT,2024-09-23,57.72,22.5,14.8,429.0,18.0,16.9,411.8,0.0
LEVI,BREAKOUT,2020-12-07,17.9,22.9,33.5,24.6,14.9,16.8,-5.7,-3.8
LEVI,BOTTOM,2023-03-06,14.65,-10.7,-11.3,16.9,-22.6,-27.6,-17.7,-18.7
LEVI,BOTTOM,2023-09-04,13.0,7.9,31.7,36.3,4.2,16.0,13.3,-8.6
LEVI,BREAKOUT,2025-07-07,21.39,-1.6,0.4,13.7,-6.6,-11.5,-8.7,-11.8
LFST,BREAKOUT,2023-07-10,9.33,-34.0,-26.6,-42.9,-30.4,-33.5,-69.3,-42.6
LFST,BOTTOM,2024-05-20,5.7,8.4,29.8,-3.7,1.9,16.6,-14.5,-13.9
LFUS,BOTTOM,2019-04-29,182.69,-18.7,-7.2,-25.0,-18.7,-12.3,-23.1,-21.1
LFUS,BREAKOUT,2020-10-12,182.47,43.4,42.9,46.8,34.7,21.8,16.6,0.0
LFUS,BOTTOM,2022-09-05,222.68,1.7,13.0,10.2,4.6,17.3,-1.2,-14.3
LFUS,BREAKOUT,2023-06-26,282.14,-14.9,-7.7,-11.3,-11.7,-15.7,-35.8,-25.6
LGIH,BOTTOM,2023-03-06,99.77,29.1,19.9,12.2,17.3,3.6,-22.4,0.0
LGIH,BOTTOM,2024-12-02,105.42,-28.8,-53.6,-52.2,-23.8,-52.8,-66.4,-53.6
LGIH,BOTTOM,2026-03-16,34.24,65.6,,,50.2,,,0.0
LGND,BOTTOM,2019-04-08,79.75,-9.2,-17.4,-32.4,-13.3,-20.5,-30.2,-31.4
LGND,BOTTOM,2020-03-30,45.68,52.5,32.7,111.1,26.1,-3.0,47.1,0.0
LGND,BREAKOUT,2020-06-01,76.11,-18.8,-29.0,-5.4,-26.5,-45.8,-39.9,-32.4
LGND,BOTTOM,2021-03-15,99.78,-20.8,-9.5,-30.0,-27.7,-23.6,-45.6,-34.9
LGND,BOTTOM,2021-12-13,91.1,-23.3,-46.8,-31.2,-20.3,-27.0,-15.9,-46.8
LGND,BOTTOM,2022-12-19,67.32,3.1,8.6,6.2,-0.7,-5.4,-19.4,-0.9
LGND,BREAKOUT,2024-04-08,81.36,22.2,26.5,28.2,12.2,12.4,22.3,-13.3
LGND,BREAKOUT,2025-07-14,139.1,30.6,38.7,118.1,24.4,27.9,98.4,-4.6
LH,BREAKOUT,2020-02-03,148.85,-8.3,5.9,24.3,3.2,4.2,5.4,-41.2
LH,BOTTOM,2020-03-16,87.55,51.4,71.0,124.0,15.9,25.3,51.0,0.0
LH,BREAKOUT,2024-07-29,230.77,-3.5,6.5,12.1,-11.0,-7.2,-6.0,-8.3
LHX,BOTTOM,2020-07-13,150.99,3.1,12.0,34.2,-5.3,-5.8,-1.9,-4.8
LI,BREAKOUT,2022-06-20,40.79,-38.7,-54.0,-18.6,-33.4,-53.0,-31.4,-65.0
LI,BOTTOM,2022-07-25,32.84,-56.6,-24.0,30.1,-51.4,-23.3,17.4,-56.6
LI,BOTTOM,2023-04-17,22.93,61.2,39.1,15.0,51.1,36.2,-6.8,0.0
LI,BOTTOM,2025-03-31,23.07,12.5,7.5,-19.9,-11.7,-25.7,-51.2,0.0
LI,BOTTOM,2026-06-15,13.21,,,,,,,-9.0
LII,BREAKOUT,2018-08-13,202.38,-2.8,11.5,16.3,0.8,13.1,13.0,-13.0
LII,BREAKOUT,2020-07-20,247.7,8.7,10.9,21.9,0.5,-9.4,-17.2,-0.7
LII,BOTTOM,2022-12-12,236.67,-0.6,27.3,81.8,-2.7,11.8,57.5,-3.8
LII,BREAKOUT,2023-01-30,265.01,3.3,36.4,54.9,2.8,27.2,33.2,-14.0
LILAK,BREAKOUT,2024-06-24,6.54,1.5,-33.7,-36.5,-3.9,-43.7,-50.9,-35.2
LILAK,BREAKOUT,2026-06-22,7.07,,,,,,,0.0
LINC,BOTTOM,2020-02-03,2.36,5.9,121.6,163.6,17.4,119.9,144.7,-19.5
LINC,BOTTOM,2020-12-07,6.26,3.4,23.5,25.6,-4.7,6.8,-4.8,-7.7
LINC,BREAKOUT,2021-06-21,7.92,-20.5,-4.9,-19.6,-24.8,-16.0,-12.3,-23.2
LIND,BREAKOUT,2018-04-16,11.33,19.2,19.5,42.7,13.8,15.0,31.8,-3.5
LIND,BREAKOUT,2019-03-04,15.79,4.1,16.1,-33.8,-1.2,6.5,-44.3,-3.6
LIND,BOTTOM,2020-11-30,14.27,35.8,20.7,1.5,31.6,5.6,-22.9,0.0
LIND,BOTTOM,2023-03-06,8.66,14.9,-3.3,-2.2,3.1,-19.7,-36.8,-4.3
LIND,BOTTOM,2023-08-28,8.87,-7.2,0.7,11.8,-9.3,-13.9,-14.8,-34.6
LIND,BREAKOUT,2024-11-04,13.86,-10.0,-24.7,-12.5,-10.8,-19.6,-26.0,-42.4
LIND,BREAKOUT,2025-08-18,14.84,-19.5,40.5,,-21.9,33.0,,-20.8
LINE,BREAKOUT,2026-05-25,43.89,,,,,,,-6.8
LION,BOTTOM,2024-12-09,7.19,5.6,-11.7,13.9,12.1,-11.1,-0.3,-12.4
LION,BREAKOUT,2025-12-22,9.31,-1.3,76.2,,6.6,70.0,,-13.1
LITE,BREAKOUT,2018-03-05,68.97,-14.5,-4.6,-32.1,-14.6,-8.6,-32.4,-27.2
LITE,BOTTOM,2023-09-18,46.41,14.2,9.6,32.2,3.7,-12.3,-1.6,-22.3
LITE,BOTTOM,2025-05-05,64.87,79.2,270.1,1293.2,66.0,250.6,1261.0,0.0
LIVN,BOTTOM,2019-10-14,74.66,-1.8,-32.3,-24.3,-13.8,-29.5,-43.1,-51.0
LIVN,BREAKOUT,2021-02-22,77.54,7.7,7.0,4.8,-3.1,-12.2,-11.8,-5.3
LIVN,BREAKOUT,2024-04-29,64.15,-26.8,-20.3,-42.7,-31.3,-32.7,-54.9,-31.5
LIVN,BREAKOUT,2025-08-18,55.9,-1.1,22.4,,-3.5,14.9,,-9.7
LKFN,BREAKOUT,2021-10-18,68.41,2.2,-1.2,-1.0,5.2,4.1,15.1,-9.2
LKFN,BOTTOM,2023-09-18,42.09,44.0,39.8,50.8,33.5,17.8,17.0,0.0
LKFN,BREAKOUT,2024-01-22,67.26,-16.7,-0.1,-1.4,-21.3,-12.5,-27.7,-19.1
LKQ,BREAKOUT,2017-09-25,31.62,13.0,5.4,-12.0,6.2,-0.3,-29.8,0.0
LKQ,BREAKOUT,2020-11-30,32.59,13.1,36.0,53.1,9.0,20.9,28.8,-5.4
LLY,BREAKOUT,2019-12-16,122.79,-7.1,22.0,32.0,21.1,24.7,14.8,-7.1
LLYVA,BREAKOUT,2026-06-22,99.63,,,,,,,-0.9
LMAT,BOTTOM,2019-08-26,29.62,12.6,-9.8,1.4,4.7,-12.0,-20.9,-9.8
LMAT,BREAKOUT,2024-04-29,72.78,14.8,28.3,6.9,10.2,16.0,-5.4,0.0
LMAT,BREAKOUT,2026-02-23,107.66,-12.1,,,-22.7,,,-14.6
LMB,BOTTOM,2019-06-24,9.1,-47.3,-64.5,-58.8,-48.5,-75.7,-63.2,-70.0
LMB,BREAKOUT,2020-08-17,5.55,100.5,121.3,47.2,95.5,105.4,14.7,-0.9
LMB,BOTTOM,2020-11-02,8.62,73.5,23.8,-18.4,62.4,2.3,-54.1,0.0
LMB,BOTTOM,2022-01-31,8.19,-26.7,-33.7,59.5,-18.7,-26.5,66.1,-37.7
LMB,BREAKOUT,2022-11-07,9.6,31.2,101.7,277.8,28.4,97.5,265.5,-3.6
LMB,BOTTOM,2025-09-08,105.93,-28.3,-25.4,,-32.3,-26.7,,-36.8
LMB,BOTTOM,2026-06-08,79.09,,,,,,,-8.0
LMND,BOTTOM,2024-04-01,16.73,-2.3,-0.2,68.4,-9.7,-11.5,69.7,-14.0
LMND,BOTTOM,2024-09-16,18.34,126.5,88.5,232.4,122.1,88.7,214.2,-9.0
LMND,BREAKOUT,2025-08-11,57.37,22.9,11.1,,18.2,4.6,,-16.3
LMND,BOTTOM,2026-02-23,51.74,12.1,,,1.5,,,-0.8
LMT,BREAKOUT,2019-06-03,294.83,9.4,10.2,18.5,5.3,-0.3,5.2,-1.4
LMT,BOTTOM,2020-07-13,313.32,5.5,-4.5,5.2,-2.9,-22.3,-30.9,-7.6
LMT,BREAKOUT,2022-01-24,348.92,10.7,6.6,20.0,17.2,12.7,26.7,-1.7
LMT,BREAKOUT,2022-10-24,438.88,-4.6,-3.0,-6.2,-9.4,-10.8,-13.4,-8.0
LMT,BOTTOM,2025-07-14,451.77,7.5,27.4,12.6,1.3,16.6,-7.1,-9.3
LNG,BREAKOUT,2017-12-18,50.53,-1.9,29.7,7.8,1.3,26.1,16.1,-1.9
LNG,BOTTOM,2020-11-02,47.65,32.8,65.4,116.4,21.6,43.9,80.7,0.0
LNG,BREAKOUT,2023-10-09,171.99,-6.4,-10.8,9.1,-17.3,-30.0,-27.0,-11.9
LNG,BREAKOUT,2026-03-02,254.56,-6.2,,,-16.2,,,-11.7
LNN,BREAKOUT,2020-10-19,105.83,33.8,49.6,30.5,22.6,28.2,-2.4,-6.3
LNT,BOTTOM,2020-06-15,39.61,7.0,7.9,20.9,-0.6,-12.7,-15.5,-2.0
LNTH,BOTTOM,2019-01-28,16.85,54.7,33.5,3.9,45.4,24.1,-17.5,0.0
LNTH,BREAKOUT,2019-02-18,23.94,3.3,-8.4,-30.8,1.5,-11.4,-52.5,-8.4
LNTH,BREAKOUT,2021-02-01,18.8,16.9,42.6,41.3,7.6,27.7,24.0,-0.6
LNTH,BREAKOUT,2023-04-10,88.67,-2.9,-23.9,-31.4,-12.2,-29.3,-57.1,-30.3
LNTH,BOTTOM,2023-10-23,66.83,-20.9,-1.9,65.0,-40.0,-26.5,22.1,-20.9
LNTH,BOTTOM,2024-01-15,53.08,20.2,120.0,72.3,17.3,105.5,46.9,-0.4
LNTH,BREAKOUT,2024-07-08,123.42,-9.1,-22.3,-34.1,-12.9,-26.6,-46.9,-37.7
LOAR,BOTTOM,2025-09-15,80.01,-15.6,-26.0,,-18.5,-24.2,,-26.0
LOB,BOTTOM,2019-06-03,15.36,12.6,22.9,8.0,8.5,12.4,-5.3,0.0
LOB,BOTTOM,2020-07-13,15.17,109.1,218.7,270.6,100.8,200.9,234.5,0.0
LOB,BREAKOUT,2020-08-17,19.28,122.8,148.7,193.5,117.7,132.8,161.0,0.0
LOB,BREAKOUT,2021-10-18,71.74,-11.1,-34.8,-59.9,-8.1,-29.4,-43.8,-35.5
LOB,BOTTOM,2023-06-12,25.14,29.6,75.3,28.2,28.3,67.7,3.4,-1.3
LOGI,BREAKOUT,2018-01-22,38.36,-13.8,6.2,-15.4,-7.1,7.1,-9.9,-17.3
LOGI,BOTTOM,2023-02-13,55.19,13.1,14.6,51.0,9.9,6.6,26.5,-9.0
LOGI,BREAKOUT,2023-07-24,68.21,9.5,21.7,26.5,19.3,14.2,5.7,-7.3
LOGI,BREAKOUT,2025-02-10,103.57,-17.6,-6.9,-13.7,-15.4,-13.1,-26.8,-34.0
LOGI,BREAKOUT,2025-09-01,105.73,11.4,-12.8,,5.2,-17.3,,-18.8
LOGI,BREAKOUT,2026-05-25,121.87,,,,,,,-22.9
LOPE,BOTTOM,2020-08-17,90.03,-4.6,22.6,-4.8,-9.7,6.8,-37.3,-13.0
LOPE,BREAKOUT,2021-02-08,106.58,-10.3,-17.3,-26.8,-16.7,-31.7,-40.5,-18.3
LOPE,BREAKOUT,2023-10-30,137.07,-4.3,-0.7,-0.7,-18.5,-19.2,-33.8,-10.4
LOW,BOTTOM,2020-03-23,77.58,49.6,85.2,124.0,30.7,54.4,65.2,-5.5
LOW,BOTTOM,2022-12-19,188.49,-5.7,7.7,12.8,-9.4,-6.3,-12.8,-5.7
LPG,BREAKOUT,2019-06-17,3.85,22.9,67.0,-11.1,21.0,56.9,-18.1,-1.1
LPG,BREAKOUT,2022-01-10,6.81,17.3,32.3,73.2,22.8,48.8,86.1,-14.1
LPLA,BREAKOUT,2020-11-30,98.74,32.1,39.3,56.7,27.9,24.2,32.4,-3.8
LPLA,BREAKOUT,2024-02-12,255.06,4.0,-14.1,45.8,-2.3,-25.8,22.2,-23.6
LPTH,BOTTOM,2018-08-20,2.16,-14.4,-21.8,-68.1,-6.3,-19.9,-69.1,-35.2
LPTH,BREAKOUT,2020-04-20,2.07,62.8,11.6,33.8,48.9,-11.6,-15.8,0.0
LPTH,BOTTOM,2022-03-28,1.91,-34.0,-44.0,-26.2,-18.6,-23.5,-18.1,-44.0
LPTH,BOTTOM,2023-05-29,1.51,15.9,-19.2,-13.9,10.1,-27.3,-38.9,-19.2
LPTH,BOTTOM,2023-10-30,1.58,1.3,-10.1,-0.6,-12.9,-28.6,-33.8,-22.8
LPTH,BREAKOUT,2024-10-14,1.64,105.5,23.2,353.7,102.9,32.5,338.6,-11.0
LPTH,BREAKOUT,2025-08-25,5.35,37.4,95.0,,31.1,88.0,,0.0
LPX,BREAKOUT,2018-09-10,27.39,-30.5,-19.5,-16.9,-20.5,-17.7,-22.5,-31.7
LPX,BREAKOUT,2021-12-06,72.76,-14.0,-15.9,-15.3,-3.5,0.8,-0.1,-24.7
LQDA,BOTTOM,2020-04-13,7.3,-4.5,-60.8,-61.9,-17.3,-83.0,-109.8,-60.8
LQDA,BOTTOM,2022-06-27,4.24,28.3,50.2,85.1,34.2,49.0,67.0,-8.3
LQDT,BOTTOM,2018-06-04,5.85,16.2,16.2,-1.2,12.4,20.6,-6.6,-11.3
LQDT,BREAKOUT,2019-01-07,7.99,-18.3,-26.3,-26.4,-30.8,-43.5,-54.6,-29.7
LQDT,BOTTOM,2019-11-18,6.38,-24.9,-16.8,49.5,-32.7,-12.8,33.1,-52.0
LQDT,BOTTOM,2022-10-24,17.56,-14.7,-25.6,6.8,-19.5,-33.4,-0.5,-29.1
LQDT,BREAKOUT,2024-07-22,22.25,-2.9,65.4,11.6,-9.6,53.0,-6.8,-5.2
LRCX,BREAKOUT,2019-04-22,18.9,2.7,32.3,32.0,-0.7,28.5,33.5,-15.4
LRN,BREAKOUT,2018-10-22,21.79,34.9,43.6,-1.4,34.2,31.9,-17.4,0.0
LRN,BOTTOM,2021-06-28,32.59,9.6,2.3,26.8,9.2,-8.0,37.6,-8.4
LSCC,BREAKOUT,2018-07-23,7.67,-19.7,1.4,117.5,-14.4,6.0,108.0,-27.6
LSCC,BOTTOM,2018-11-05,5.83,36.4,134.3,238.4,38.4,129.5,225.0,-4.8
LSCC,BOTTOM,2024-04-08,74.76,-19.3,-30.4,-42.1,-29.2,-44.5,-48.0,-44.3
LSCC,BOTTOM,2024-12-09,63.45,-4.2,-24.6,19.2,2.3,-24.0,5.0,-38.5
LSCC,BOTTOM,2025-03-24,55.3,-9.2,29.0,63.5,-20.2,9.2,48.0,-29.4
LSCC,BREAKOUT,2025-09-15,72.14,4.4,22.8,,1.5,24.6,,-12.0
LSPD,BREAKOUT,2023-12-18,20.12,-33.8,-31.8,-20.1,-44.2,-47.5,-46.5,-36.4
LSPD,BOTTOM,2024-06-17,13.72,0.7,17.1,-20.6,-4.0,7.9,-31.1,-13.1
LSPD,BOTTOM,2025-12-29,11.74,-24.3,-8.0,,-20.5,-17.6,,-27.9
LSTR,BREAKOUT,2021-11-08,162.98,-12.5,-12.1,-4.6,-7.1,1.4,8.8,-21.1
LSTR,BREAKOUT,2026-02-02,161.27,13.5,,,6.4,,,-12.2
LTBR,BREAKOUT,2018-01-22,35.88,-63.2,-69.6,-76.3,-56.6,-68.6,-70.8,-69.6
LTBR,BOTTOM,2018-05-28,13.56,-10.6,-30.1,-33.6,-17.2,-31.7,-36.2,-34.5
LTBR,BOTTOM,2019-08-05,8.28,-38.5,-48.8,-17.4,-45.0,-63.8,-34.4,-53.5
LTBR,BOTTOM,2020-08-10,5.26,-47.5,71.7,16.2,-54.3,54.1,-18.2,-51.3
LTBR,BREAKOUT,2021-02-08,9.03,-41.3,-32.3,-26.9,-47.8,-46.7,-40.6,-48.1
LTBR,BOTTOM,2021-04-05,6.45,-2.3,-27.0,27.4,-8.5,-34.1,17.2,-28.5
LTBR,BREAKOUT,2021-10-25,9.57,-44.3,-27.0,-45.9,-40.9,-17.3,-31.9,-44.3
LTBR,BOTTOM,2022-02-28,8.77,-38.0,-37.2,-47.4,-33.3,-28.6,-42.5,-46.4
LTBR,BOTTOM,2023-10-02,4.53,-28.7,-39.1,-31.1,-38.1,-60.6,-66.3,-39.1
LTBR,BOTTOM,2024-10-07,3.17,88.6,153.9,596.5,88.1,161.2,582.5,0.0
LTBR,BREAKOUT,2024-10-14,7.01,-18.8,7.0,237.9,-21.4,16.4,222.9,-33.5
LTH,BREAKOUT,2026-05-04,31.93,,,,,,,0.0
LTRX,BREAKOUT,2018-05-14,2.77,32.1,23.1,21.7,26.6,21.3,14.3,-5.1
LTRX,BOTTOM,2019-07-22,3.5,-2.6,20.0,4.9,-2.9,10.1,-3.5,-13.4
LTRX,BREAKOUT,2019-12-30,3.91,-51.4,-4.9,13.6,-28.8,-2.7,-4.6,-58.8
LTRX,BREAKOUT,2020-08-03,4.47,0.9,6.9,9.8,-4.2,-9.9,-24.4,-3.4
LTRX,BREAKOUT,2021-08-30,6.33,6.0,6.5,-3.9,5.6,10.5,8.2,-9.8
LTRX,BOTTOM,2021-12-13,6.73,-2.2,-30.9,-38.3,0.8,-11.1,-23.0,-30.9
LTRX,BREAKOUT,2023-11-27,5.97,-30.5,-33.3,-49.7,-42.6,-49.0,-82.8,-48.4
LTRX,BOTTOM,2024-09-02,3.7,-12.2,-24.1,27.6,-25.0,-31.3,6.3,-30.8
LTRX,BREAKOUT,2025-08-25,4.97,3.0,20.3,,-3.2,13.4,,-10.5
LULU,BREAKOUT,2017-12-04,73.77,9.8,65.4,54.4,4.2,59.7,53.3,0.0
LULU,BREAKOUT,2021-07-19,402.79,4.7,-22.3,-24.4,1.4,-22.5,-15.5,-22.3
LULU,BOTTOM,2023-01-02,329.26,10.7,10.5,49.2,4.8,-3.4,26.7,-10.5
LULU,BOTTOM,2025-05-05,279.77,-32.3,-40.6,-53.1,-45.5,-60.2,-85.3,-42.9
LUMN,BOTTOM,2018-06-11,12.42,29.3,-0.4,-32.0,24.4,5.2,-37.9,-0.4
LUMN,BOTTOM,2019-09-09,10.03,7.3,-18.6,-10.2,1.4,-8.9,-23.3,-18.6
LUMN,BOTTOM,2020-06-15,8.4,8.5,4.8,49.9,0.9,-15.8,13.4,-13.2
LUMN,BOTTOM,2020-09-28,8.49,-0.5,36.4,37.1,-13.0,15.4,5.2,-14.1
LUMN,BREAKOUT,2024-07-29,3.07,128.0,60.9,20.8,120.5,47.3,2.7,0.0
LUMN,BOTTOM,2025-05-26,3.92,26.8,106.9,180.4,17.0,90.3,150.5,-5.4
LUMN,BREAKOUT,2025-10-27,10.28,-14.2,-9.3,,-16.0,-15.6,,-36.9
LUMN,BOTTOM,2025-12-08,8.5,-21.9,-0.1,,-19.3,-9.5,,-23.6
LUMN,BREAKOUT,2026-05-25,10.99,,,,,,,-42.9
LUMN,BOTTOM,2026-07-06,6.73,,,,,,,-6.7
LUNR,BOTTOM,2024-05-20,5.13,2.1,194.7,121.1,-4.4,181.5,110.3,-35.7
LUNR,BREAKOUT,2024-11-04,9.73,89.1,-5.0,-1.4,88.3,0.0,-15.0,-29.4
LUNR,BOTTOM,2025-05-12,12.36,-26.5,-22.9,174.2,-35.1,-36.6,148.4,-31.3
LUNR,BOTTOM,2025-09-01,8.49,32.0,107.7,,25.8,103.2,,0.0
LUNR,BOTTOM,2026-03-09,17.6,51.3,,,38.9,,,-23.2
LUV,BREAKOUT,2019-11-04,53.28,-1.3,-52.9,-30.7,-9.3,-48.6,-46.3,-52.9
LUV,BOTTOM,2021-01-04,43.33,35.0,12.5,-3.5,26.7,-2.5,-27.3,-6.5
LUV,BREAKOUT,2024-12-02,32.99,-14.1,-0.9,13.3,-9.2,-0.2,-0.9,-26.8
LVS,BREAKOUT,2019-12-09,63.21,-28.2,-25.5,-15.2,-13.5,-22.4,-32.9,-43.3
LVS,BOTTOM,2020-12-14,54.24,11.0,-7.7,-38.3,5.1,-20.8,-64.5,-16.3
LVS,BREAKOUT,2022-11-28,45.29,26.8,22.9,-1.7,27.0,16.8,-16.3,-3.0
LVS,BOTTOM,2025-01-13,42.99,-25.8,11.0,35.6,-14.1,5.3,18.5,-27.3
LVS,BREAKOUT,2025-08-11,52.86,22.3,7.5,,17.6,0.9,,-9.5
LW,BREAKOUT,2019-11-11,74.07,15.0,-36.8,-12.1,6.2,-29.6,-29.2,-42.4
LW,BOTTOM,2020-12-14,71.2,2.3,-0.3,-25.2,-3.5,-13.4,-51.4,-5.0
LW,BREAKOUT,2021-03-01,77.9,-1.8,-25.4,-31.4,-12.3,-44.3,-45.5,-25.4
LW,BOTTOM,2025-10-27,60.68,-25.0,-28.4,,-26.7,-34.6,,-35.7
LWLG,BOTTOM,2018-06-18,1.21,-14.9,-46.3,-34.7,-21.6,-34.8,-43.8,-46.3
LWLG,BOTTOM,2019-08-12,0.74,-13.5,1.4,-5.4,-22.0,-16.6,-24.3,-14.9
LWLG,BREAKOUT,2020-12-07,0.94,23.4,354.3,1980.9,15.4,337.5,1950.5,-4.3
LWLG,BOTTOM,2021-03-01,1.26,157.1,697.6,461.9,146.6,678.7,447.8,-7.9
LWLG,BOTTOM,2021-08-02,8.37,49.9,-17.2,26.6,43.7,-19.3,31.9,-21.9
LWLG,BOTTOM,2022-01-17,7.46,46.1,38.7,-19.7,48.5,47.9,-11.6,-17.7
LWLG,BOTTOM,2024-11-18,2.98,-51.7,-64.8,37.9,-52.8,-62.6,25.9,-70.8
LWLG,BREAKOUT,2025-09-15,4.19,-28.6,61.6,,-31.5,63.3,,-28.6
LWLG,BOTTOM,2026-01-19,3.91,224.0,,,220.2,,,-15.9
LWLG,BOTTOM,2026-06-15,9.78,,,,,,,-36.3
LXP,BOTTOM,2023-03-06,40.45,4.4,-0.1,-2.5,-7.4,-16.4,-37.1,-4.5
LXP,BREAKOUT,2024-07-15,44.6,-1.1,-16.4,-12.6,-7.9,-25.9,-28.4,-20.8
LXP,BREAKOUT,2025-09-29,44.88,7.4,1.4,,5.0,2.9,,-5.9
LXU,BOTTOM,2018-02-12,5.44,-22.2,-2.3,4.8,-22.0,-7.5,1.3,-28.4
LXU,BOTTOM,2020-01-06,2.83,-55.2,-70.7,9.0,-41.1,-69.2,-10.3,-70.7
LXU,BOTTOM,2022-12-05,14.34,-17.4,-28.6,-36.9,-16.0,-38.8,-55.7,-38.5
LXU,BOTTOM,2024-08-12,7.8,7.9,2.3,-1.8,2.0,-8.4,-19.3,-9.0
LXU,BOTTOM,2025-02-24,7.33,3.3,13.5,58.5,3.8,4.3,41.7,-30.0
LXU,BREAKOUT,2025-10-20,9.54,3.6,50.8,,1.5,44.8,,-11.6
LYB,BREAKOUT,2017-09-11,56.78,12.4,14.7,14.6,4.9,3.6,-3.7,0.0
LYB,BREAKOUT,2019-10-28,60.82,-15.9,-39.5,-22.7,-21.5,-32.9,-31.4,-53.9
LYB,BREAKOUT,2022-05-23,85.96,-20.4,-19.4,-16.7,-18.4,-17.1,-19.6,-33.0
LYB,BOTTOM,2025-07-07,59.92,-28.8,-20.5,-6.0,-33.8,-32.5,-28.4,-31.8
LYB,BREAKOUT,2026-03-09,71.55,-9.7,,,-22.0,,,-25.4
LYFT,BOTTOM,2023-12-04,13.21,38.6,18.1,20.7,27.0,1.2,-13.2,-4.6
LYFT,BOTTOM,2025-06-16,14.53,55.4,33.7,-1.7,43.4,18.5,-28.8,-7.7
LYFT,BREAKOUT,2025-09-08,18.62,9.4,-29.8,,5.4,-31.1,,-29.8
LYG,BREAKOUT,2019-12-09,2.65,-43.6,-54.1,-48.2,-28.9,-51.0,-65.9,-62.3
LYG,BOTTOM,2021-01-25,1.38,41.8,41.8,57.2,28.7,22.5,36.2,0.0
LYG,BREAKOUT,2022-01-03,2.26,-16.9,-26.3,-13.5,-13.2,-10.3,1.9,-26.3
LYTS,BOTTOM,2018-05-28,4.56,-5.5,-18.4,-32.5,-12.0,-20.1,-35.1,-26.1
LYTS,BREAKOUT,2019-09-09,4.16,34.4,-12.1,38.6,28.6,-2.4,25.4,-12.1
LYTS,BOTTOM,2020-03-23,3.3,71.3,76.7,138.1,52.4,45.9,79.4,-3.3
LYTS,BREAKOUT,2022-08-22,7.91,33.7,76.9,88.8,34.0,78.3,78.5,-13.3
LYTS,BREAKOUT,2025-08-18,23.44,-23.0,-6.5,,-25.4,-13.9,,-23.0
LYTS,BREAKOUT,2026-04-27,23.84,,,,,,,-5.4
LYV,BOTTOM,2020-03-23,47.15,-9.6,12.9,78.2,-28.5,-17.9,19.5,-28.8
LYV,BOTTOM,2020-10-19,57.16,26.5,43.1,76.3,15.3,21.6,43.4,-14.6
LYV,BREAKOUT,2024-09-23,108.74,21.3,15.0,48.8,16.8,17.1,31.6,0.0
LYV,BREAKOUT,2026-06-22,179.46,,,,,,,0.0
LZ,BOTTOM,2023-10-09,9.88,9.1,28.4,-32.4,-1.8,9.2,-68.5,0.0
LZ,BOTTOM,2025-03-31,7.84,16.3,30.6,-25.6,-7.8,-2.6,-56.9,-11.5
LZB,BREAKOUT,2018-06-04,29.11,-5.5,-20.0,-12.5,-9.4,-15.6,-18.0,-20.0
LZB,BREAKOUT,2019-02-18,30.9,-9.5,-11.2,-5.4,-11.3,-14.2,-27.2,-17.6
LZB,BREAKOUT,2019-10-21,31.41,-9.3,-41.0,1.9,-18.8,-35.8,-14.9,-51.8
LZB,BOTTOM,2026-05-04,35.5,,,,,,,-4.0
M,BREAKOUT,2018-02-26,21.27,18.4,22.9,-15.8,16.3,14.1,-22.0,-9.4
M,BOTTOM,2025-01-27,14.58,-22.3,-18.3,34.7,-16.7,-22.3,18.4,-27.6
M,BREAKOUT,2025-09-01,16.7,33.3,7.4,,27.0,2.9,,-3.7
MA,BREAKOUT,2020-08-24,353.75,-7.3,-3.1,-2.4,-11.4,-12.5,-32.7,-21.1
MA,BREAKOUT,2021-03-08,370.68,-4.4,-9.0,-14.7,-12.4,-22.8,-22.7,-10.9
MAA,BOTTOM,2023-03-13,125.37,7.9,-3.3,-6.6,-5.2,-17.8,-39.2,-3.3
MAA,BOTTOM,2023-06-26,132.28,-14.5,-9.7,-2.1,-11.3,-17.8,-26.6,-21.1
MAC,BOTTOM,2023-06-26,9.94,-1.8,41.2,44.2,1.4,33.1,19.7,-12.6
MAC,BREAKOUT,2023-12-04,12.18,22.8,13.8,72.0,11.2,-3.1,38.1,0.0
MAIN,BREAKOUT,2018-07-16,21.47,-4.0,-2.1,14.4,-3.2,1.6,6.1,-14.4
MAIN,BOTTOM,2021-01-25,20.99,36.0,33.2,43.0,22.8,13.9,21.9,0.0
MAIN,BREAKOUT,2022-07-25,32.57,-16.5,-8.6,2.0,-11.3,-7.9,-10.7,-25.0
MAMA,BREAKOUT,2023-01-09,1.91,-4.2,91.1,143.5,-8.1,77.5,122.0,-19.4
MAMA,BREAKOUT,2025-09-15,10.7,31.4,33.0,,28.6,34.7,,-4.0
MAN,BREAKOUT,2026-07-13,52.34,,,,,,,
MANH,BREAKOUT,2018-08-20,56.69,-15.1,-3.3,47.8,-7.1,-1.4,46.8,-28.8
MANH,BREAKOUT,2019-04-22,67.5,31.0,13.8,-13.9,27.6,10.1,-12.3,-3.0
MANH,BOTTOM,2020-03-09,57.46,46.6,62.4,113.5,32.9,37.1,64.4,-21.0
MANH,BOTTOM,2022-12-05,119.43,15.0,55.6,85.7,16.4,45.3,66.8,-0.7
MANH,BREAKOUT,2023-03-27,154.85,29.1,27.6,61.6,20.4,22.5,32.0,-0.8
MANU,BREAKOUT,2021-02-22,18.51,-17.2,-2.5,-28.8,-28.0,-21.6,-45.4,-19.9
MANU,BREAKOUT,2021-09-20,19.71,-28.3,-28.3,-33.7,-34.7,-31.0,-17.8,-37.8
MANU,BREAKOUT,2022-11-21,21.21,7.9,-10.6,-9.2,8.9,-15.8,-24.2,-14.5
MANU,BOTTOM,2024-10-14,16.48,-2.9,-15.7,8.7,-5.4,-6.3,-6.3,-22.9
MANU,BREAKOUT,2025-06-23,18.17,-15.2,-12.7,26.1,-23.1,-25.6,6.3,-16.2
MANU,BREAKOUT,2026-04-27,18.54,,,,,,,0.0
MAR,BREAKOUT,2019-04-29,132.62,-2.6,-7.9,-38.6,-2.6,-13.0,-36.8,-13.2
MAR,BREAKOUT,2025-11-24,303.6,12.3,23.7,,11.7,12.4,,-4.0
MARA,BOTTOM,2017-10-30,5.76,91.7,14.6,-54.2,84.5,10.7,-61.3,-22.2
MARA,BOTTOM,2019-05-13,2.95,-35.6,-61.4,-72.9,-37.1,-71.5,-75.1,-61.4
MARA,BREAKOUT,2020-08-03,4.38,-45.0,414.2,682.0,-50.1,397.3,647.7,-58.9
MARA,BOTTOM,2020-10-26,2.16,860.2,1602.8,2318.5,846.4,1574.0,2275.9,0.0
MARA,BOTTOM,2021-12-13,33.85,-17.5,-80.5,-88.5,-14.5,-60.6,-73.2,-80.5
MARA,BOTTOM,2023-05-22,8.93,18.1,27.8,137.5,13.0,18.6,109.6,-13.7
MARA,BOTTOM,2024-05-20,21.21,-11.9,22.7,-30.6,-18.4,9.5,-41.3,-37.0
MARA,BOTTOM,2024-08-19,18.69,39.3,-21.6,-12.8,33.0,-29.0,-29.1,-28.5
MARA,BREAKOUT,2024-11-25,27.42,-49.2,-48.5,-56.9,-48.2,-46.9,-71.7,-58.8
MARA,BOTTOM,2025-08-18,16.29,-38.2,-51.1,,-40.6,-58.5,,-51.4
MAS,BREAKOUT,2019-04-01,36.14,-1.9,5.0,-19.5,-5.9,2.0,-7.3,-14.1
MAS,BREAKOUT,2021-03-22,54.51,-3.1,-5.9,-11.5,-11.2,-18.7,-27.3,-5.9
MAT,BOTTOM,2019-07-08,11.96,-2.4,17.6,-12.4,-1.4,8.3,-20.1,-21.1
MAT,BOTTOM,2020-03-02,11.67,-10.0,-7.4,77.9,-18.0,-23.7,46.5,-36.4
MAT,BOTTOM,2020-06-15,9.85,18.4,84.0,97.0,10.8,63.4,60.5,-4.9
MAT,BREAKOUT,2020-11-16,15.04,26.5,33.7,50.6,16.2,16.1,16.8,0.0
MATW,BOTTOM,2020-11-30,24.36,37.4,36.3,28.4,33.3,21.1,4.1,-4.5
MATW,BREAKOUT,2021-02-08,28.61,22.9,3.7,1.5,16.5,-10.6,-12.2,-1.8
MATW,BREAKOUT,2023-01-02,32.93,-4.1,26.3,-3.2,-10.0,12.4,-25.6,-6.8
MATW,BOTTOM,2025-11-17,23.81,9.8,12.4,,4.9,-1.4,,-0.5
MATX,BREAKOUT,2023-07-24,90.53,-4.5,23.0,41.0,5.3,15.5,20.1,-8.9
MAX,BOTTOM,2022-12-19,9.97,46.4,-6.7,14.7,42.7,-20.7,-10.8,-41.2
MAX,BREAKOUT,2024-02-19,20.02,-8.8,-11.6,-43.0,-13.4,-23.0,-62.7,-37.5
MAX,BOTTOM,2025-02-17,11.41,-12.2,-8.9,-31.3,-9.0,-17.1,-47.6,-34.3
MAX,BOTTOM,2025-09-15,12.93,-1.0,-25.8,,-3.9,-24.1,,-44.5
MAX,BREAKOUT,2026-06-29,13.43,,,,,,,-0.4
MBIN,BOTTOM,2019-06-03,11.01,-11.1,2.0,9.5,-15.2,-8.5,-3.8,-15.2
MBIN,BOTTOM,2020-03-16,8.87,24.1,52.1,183.8,-11.4,6.4,110.8,-4.6
MBIN,BREAKOUT,2020-09-14,13.49,33.8,86.5,74.4,21.6,67.8,39.0,-9.6
MBIN,BOTTOM,2022-11-14,23.97,23.9,-5.5,34.4,20.6,-12.1,18.8,-8.9
MBIN,BOTTOM,2026-01-19,34.69,40.8,,,36.9,,,0.0
MBIN,BREAKOUT,2026-02-09,47.4,-6.6,,,-15.3,,,-13.3
MBLY,BOTTOM,2025-08-11,14.01,-12.1,-34.4,,-16.8,-41.0,,-37.8
MBUU,BREAKOUT,2020-02-03,47.56,-17.2,20.2,58.1,-5.7,18.4,39.2,-60.6
MBUU,BOTTOM,2023-03-06,57.29,4.6,-15.9,-27.2,-7.2,-32.2,-61.8,-15.9
MBUU,BOTTOM,2025-02-17,34.51,-14.3,13.6,-8.3,-11.1,5.4,-24.6,-21.7
MBWM,BOTTOM,2020-07-13,16.93,1.5,39.7,48.4,-6.8,21.9,12.4,-15.5
MBX,BREAKOUT,2025-11-03,25.57,47.3,60.2,,44.1,49.6,,-3.1
MCB,BOTTOM,2019-06-10,40.49,-1.5,16.6,-25.9,-6.1,5.9,-33.2,-11.4
MCB,BREAKOUT,2021-02-08,49.87,25.5,53.8,110.4,19.1,39.5,96.8,-4.7
MCB,BOTTOM,2024-01-29,44.14,-4.2,2.9,43.9,-7.9,-5.6,20.6,-22.6
MCB,BREAKOUT,2025-06-23,69.48,9.0,12.1,43.7,1.1,-0.8,23.8,-5.1
MCHB,BREAKOUT,2019-06-10,25.26,-9.3,5.4,-24.2,-13.9,-5.4,-31.6,-17.5
MCHB,BOTTOM,2020-09-14,22.43,23.1,69.8,39.6,11.0,51.1,4.2,-9.8
MCHB,BREAKOUT,2021-11-01,40.66,-0.3,-18.1,-46.5,3.6,-6.4,-28.1,-18.1
MCHP,BOTTOM,2019-03-25,36.14,5.0,11.0,-16.5,0.7,5.4,-8.0,-3.1
MCHP,BREAKOUT,2019-12-09,45.03,-31.2,-1.7,39.7,-16.5,1.4,22.0,-41.4
MCHP,BREAKOUT,2021-09-20,74.55,5.5,-6.0,-23.6,-0.9,-8.7,-7.8,-17.5
MCHP,BOTTOM,2025-09-15,63.87,0.5,-1.9,,-2.3,-0.2,,-21.9
MCK,BREAKOUT,2018-01-15,159.67,-14.0,-21.6,-24.8,-9.4,-22.2,-21.7,-21.6
MCK,BREAKOUT,2019-07-01,133.47,-6.4,-1.8,10.3,-5.5,-10.9,3.6,-6.4
MCK,BREAKOUT,2025-02-24,636.33,12.5,7.5,54.9,13.0,-1.7,38.1,0.0
MCO,BREAKOUT,2019-04-01,176.02,7.9,9.3,12.5,3.9,6.3,24.8,-2.1
MCO,BOTTOM,2023-03-06,277.49,18.0,19.8,37.0,6.1,3.4,2.4,0.0
MCRI,BOTTOM,2020-03-23,22.21,29.8,81.8,157.1,10.9,51.0,98.4,-8.8
MCRI,BREAKOUT,2020-12-14,51.19,12.3,13.7,14.8,6.5,0.6,-11.4,-7.9
MCRI,BREAKOUT,2022-02-07,68.39,-10.3,-12.6,2.1,-1.8,-10.3,7.9,-25.6
MCRI,BREAKOUT,2026-04-20,114.69,,,,,,,0.0
MCY,BOTTOM,2020-03-16,28.55,19.3,26.1,79.7,-16.2,-19.6,6.7,0.0
MCY,BOTTOM,2020-06-08,33.15,8.4,16.8,55.0,-1.9,-4.6,13.3,-1.9
MCY,BOTTOM,2020-09-14,36.0,19.0,42.5,37.2,6.8,23.8,1.8,-6.4
MCY,BREAKOUT,2020-12-14,42.83,19.8,16.5,5.7,13.9,3.4,-20.5,0.0
MCY,BOTTOM,2023-03-06,27.92,-1.3,-5.9,65.2,-13.1,-22.2,30.5,-5.9
MCY,BOTTOM,2023-09-04,26.28,40.0,75.5,127.9,36.3,59.7,104.9,0.0
MCY,BREAKOUT,2023-11-27,36.83,25.3,45.5,108.2,13.2,29.8,75.2,-3.4
MCY,BOTTOM,2025-05-12,60.59,20.7,43.9,61.4,12.1,30.2,35.6,-3.2
MCY,BREAKOUT,2025-09-08,78.55,18.2,12.9,,14.3,11.6,,-2.6
MD,BOTTOM,2020-11-30,22.54,15.5,41.8,12.1,11.4,26.7,-12.2,-2.4
MD,BREAKOUT,2021-01-25,27.27,-3.5,6.8,-9.4,-16.6,-12.5,-30.4,-19.3
MD,BREAKOUT,2024-10-14,12.76,8.5,0.5,28.9,5.9,9.8,13.9,-2.7
MD,BREAKOUT,2025-08-11,16.04,44.3,34.2,,39.6,27.6,,-1.5
MDB,BREAKOUT,2021-08-30,507.41,-11.3,-39.7,-51.7,-11.7,-35.7,-39.5,-39.7
MDB,BOTTOM,2023-04-17,232.86,76.0,48.7,40.6,65.9,45.8,18.8,0.0
MDB,BOTTOM,2025-02-03,277.87,-35.7,-24.7,23.9,-30.0,-31.4,7.6,-44.4
MDB,BREAKOUT,2025-10-27,359.82,3.2,-26.8,,1.4,-33.0,,-37.2
MDGL,BOTTOM,2020-08-03,105.25,17.7,14.5,-13.6,12.6,-2.4,-47.8,-2.6
MDGL,BREAKOUT,2021-04-26,136.1,-35.8,-42.9,-48.6,-41.3,-53.6,-48.6,-42.9
MDGL,BOTTOM,2022-06-13,70.31,-1.4,-9.3,247.2,-7.2,-14.9,225.1,-10.7
MDGL,BREAKOUT,2022-12-19,273.56,-14.2,-13.1,-14.1,-18.0,-27.1,-39.6,-14.2
MDGL,BOTTOM,2024-04-15,212.04,35.5,1.1,42.3,24.2,-17.7,34.6,-8.8
MDGL,BREAKOUT,2025-08-11,369.84,43.1,25.7,,38.4,19.1,,0.0
MDLZ,BREAKOUT,2022-11-28,61.6,-3.2,10.0,6.0,-3.0,3.9,-8.6,-5.7
MDU,BOTTOM,2020-06-15,6.77,8.8,23.9,49.2,1.3,3.3,12.8,-0.9
MDU,BREAKOUT,2021-03-01,9.98,10.9,6.2,-11.4,0.4,-12.7,-25.5,0.0
MDU,BREAKOUT,2022-08-15,10.83,-3.4,0.3,-3.6,2.4,3.0,-8.7,-13.6
MDU,BREAKOUT,2024-03-04,11.7,8.9,10.6,35.9,4.2,4.4,21.9,0.0
MDU,BREAKOUT,2025-10-20,19.57,1.8,10.6,,-0.2,4.6,,-4.0
MEC,BREAKOUT,2020-11-02,10.3,48.9,68.2,67.0,37.7,46.7,31.3,0.0
MEC,BREAKOUT,2024-05-06,16.24,16.1,5.6,-9.2,13.5,-10.0,-18.9,-5.2
MEC,BOTTOM,2025-09-08,14.2,31.1,17.4,,27.1,16.1,,-11.4
MEDP,BREAKOUT,2025-07-21,447.49,35.2,31.4,,28.6,22.6,,-5.5
MEI,BREAKOUT,2021-01-04,35.33,10.4,18.0,15.9,2.1,3.0,-7.9,-8.2
MEI,BREAKOUT,2022-11-28,44.17,0.1,-11.0,-50.7,0.4,-17.0,-65.3,-18.3
MEI,BOTTOM,2026-01-05,6.86,-0.6,129.5,,1.2,120.2,,-26.0
MEI,BREAKOUT,2026-05-11,10.5,,,,,,,0.0
MELI,BOTTOM,2018-07-02,312.91,7.3,0.8,104.0,2.3,8.2,93.4,-8.4
MELI,BREAKOUT,2019-02-25,451.64,26.3,31.7,36.4,27.7,26.4,28.7,-0.5
MELI,BREAKOUT,2020-02-10,735.01,5.4,57.3,164.4,20.2,56.5,145.9,-38.4
MELI,BREAKOUT,2024-08-05,1883.62,-0.6,6.0,25.0,-13.2,-7.4,3.9,-8.7
MEOH,BOTTOM,2020-01-06,34.29,-60.3,-49.9,22.8,-46.2,-48.4,3.5,-73.4
MEOH,BREAKOUT,2020-11-23,38.75,-8.6,-15.6,0.6,-13.6,-32.0,-27.4,-21.5
MEOH,BREAKOUT,2021-09-27,44.81,-18.2,13.9,-33.4,-28.0,8.9,-16.9,-18.3
MEOH,BOTTOM,2023-04-03,41.71,-2.4,-3.6,18.1,-10.0,-9.4,-10.4,-11.3
MEOH,BOTTOM,2025-10-27,38.86,21.9,64.8,,20.2,58.5,,-10.8
MET,BREAKOUT,2017-09-18,37.55,1.2,-11.4,-0.1,-6.6,-15.8,-19.3,-11.4
MET,BOTTOM,2020-03-16,19.82,55.2,67.0,163.7,19.8,21.3,90.8,0.0
MET,BREAKOUT,2021-01-11,43.2,24.5,14.5,38.0,13.1,-1.1,12.7,-5.8
MET,BREAKOUT,2022-01-03,58.66,5.7,-5.5,12.6,9.4,10.5,28.0,-8.2
MET,BREAKOUT,2022-10-24,65.23,-0.8,-15.0,-17.7,-5.6,-22.8,-25.0,-24.6
METC,BOTTOM,2018-04-09,5.57,3.7,24.3,-10.7,-2.2,19.3,-22.3,-2.5
METC,BOTTOM,2018-07-30,5.43,24.1,-3.2,-28.9,27.8,0.6,-34.1,-26.5
METC,BOTTOM,2019-04-22,5.19,-15.1,-38.3,-61.2,-18.5,-42.1,-59.6,-40.3
METC,BOTTOM,2020-11-09,2.66,24.2,58.5,325.8,14.1,41.3,293.5,-9.8
METC,BREAKOUT,2023-10-16,11.15,69.4,33.7,-6.8,54.4,15.3,-47.5,0.0
METC,BREAKOUT,2025-07-07,16.62,184.0,22.6,-25.8,179.0,10.7,-48.2,-12.3
METC,BOTTOM,2026-01-19,27.72,-50.3,,,-54.1,,,-57.9
MFA,BOTTOM,2021-02-01,7.73,11.4,21.7,22.7,2.2,6.8,5.4,-0.5
MFA,BOTTOM,2023-03-06,5.86,22.6,21.6,34.2,10.7,5.3,-0.4,-5.4
MFC,BOTTOM,2020-06-15,10.49,6.9,29.9,48.1,-0.6,9.3,11.6,-4.9
MFC,BOTTOM,2020-09-14,11.22,21.4,53.7,39.1,9.3,35.0,3.8,-6.2
MFC,BREAKOUT,2022-02-07,17.7,-17.9,-8.7,-4.0,-9.4,-6.4,1.9,-21.2
MFG,BREAKOUT,2023-01-02,2.76,-0.3,7.5,21.9,-6.2,-6.3,-0.5,-5.8
MFG,BREAKOUT,2023-07-24,3.24,-1.5,4.4,27.3,8.3,-3.1,6.5,-9.3
MFIC,BREAKOUT,2018-07-16,6.65,-8.3,-12.4,4.3,-7.5,-8.6,-4.1,-25.2
MFIC,BREAKOUT,2023-06-12,8.55,12.8,18.0,38.1,11.6,10.4,13.2,-2.1
MGA,BOTTOM,2019-05-27,34.36,17.6,30.0,1.5,10.8,14.7,-11.3,0.0
MGA,BREAKOUT,2019-11-04,45.6,-9.5,-28.7,4.9,-17.5,-24.4,-10.6,-53.6
MGA,BOTTOM,2023-03-06,46.59,2.3,11.1,7.4,-9.5,-5.3,-27.2,-4.4
MGA,BOTTOM,2025-01-06,37.49,-17.4,9.0,47.6,-9.7,0.9,26.7,-17.4
MGA,BREAKOUT,2025-08-11,43.62,10.8,55.1,,6.1,48.6,,-1.7
MGM,BOTTOM,2019-04-29,25.43,10.8,12.0,-41.0,10.8,6.9,-39.2,-4.5
MGM,BREAKOUT,2019-07-22,29.96,-7.2,4.5,-47.3,-7.5,-5.4,-55.7,-10.1
MGM,BOTTOM,2020-10-05,21.34,46.8,95.6,108.1,36.4,76.1,80.1,-3.7
MGM,BOTTOM,2022-12-19,33.82,21.6,22.4,31.2,17.8,8.4,5.6,-0.9
MGM,BOTTOM,2024-02-19,42.58,-6.7,-8.6,-15.5,-11.3,-20.0,-35.1,-16.7
MGM,BOTTOM,2025-09-29,33.93,7.5,8.1,,5.2,9.5,,-7.8
MGM,BREAKOUT,2026-05-25,43.67,,,,,,,0.0
MGNI,BREAKOUT,2020-11-16,14.72,297.8,94.0,39.5,287.6,76.4,5.7,0.0
MGNI,BOTTOM,2021-04-05,40.18,-17.4,-29.9,-70.0,-23.6,-37.0,-80.2,-38.3
MGNI,BOTTOM,2023-02-20,11.02,6.9,-29.5,-14.8,0.5,-41.3,-44.9,-29.5
MGNI,BOTTOM,2024-05-27,12.34,11.8,36.1,32.6,4.5,21.1,19.4,-0.8
MGRC,BOTTOM,2020-06-15,46.57,14.8,26.3,51.9,7.2,5.7,15.4,-2.9
MGRC,BOTTOM,2020-09-14,53.46,10.0,40.3,20.5,-2.1,21.6,-14.9,-4.4
MGRC,BREAKOUT,2021-02-08,72.28,7.8,-11.6,-3.6,1.4,-25.9,-17.2,-11.6
MGRC,BREAKOUT,2023-12-11,110.25,3.8,-8.7,4.5,-5.1,-24.7,-25.5,-8.7
MGRC,BREAKOUT,2025-02-17,123.97,-10.4,-1.6,-9.8,-7.3,-9.8,-26.1,-18.3
MGTX,BOTTOM,2021-01-25,14.33,4.5,-2.4,0.8,-8.6,-21.6,-20.2,-9.3
MGTX,BREAKOUT,2021-10-18,21.59,-28.5,-41.8,-64.5,-25.5,-36.5,-48.3,-41.8
MGTX,BOTTOM,2022-01-10,18.49,-30.3,-56.4,-62.2,-24.8,-39.8,-49.3,-60.4
MGY,BOTTOM,2019-12-02,10.36,-45.6,-37.3,-35.6,-40.5,-39.8,-55.4,-66.0
MGY,BREAKOUT,2021-02-08,8.94,25.0,45.9,120.1,18.5,31.6,106.5,0.0
MGY,BOTTOM,2022-12-12,21.12,-13.8,-8.5,-4.1,-16.0,-24.0,-28.4,-14.1
MHK,BOTTOM,2019-08-26,118.89,17.2,1.9,-19.0,9.3,-0.4,-41.2,-0.1
MHK,BREAKOUT,2021-01-04,143.68,41.2,38.5,22.9,33.0,23.5,-1.0,-0.1
MHK,BOTTOM,2023-03-06,97.87,-2.6,-3.9,24.3,-14.4,-20.2,-10.3,-5.4
MHK,BREAKOUT,2024-02-12,115.42,4.3,26.9,4.8,-2.0,15.2,-18.8,-5.7
MHK,BOTTOM,2025-10-06,117.54,1.0,-12.0,,-5.6,-16.6,,-18.1
MHO,BOTTOM,2022-01-17,51.2,-17.1,-9.7,7.4,-14.6,-0.6,15.5,-29.9
MHO,BREAKOUT,2024-07-15,148.2,17.6,-7.1,-23.0,10.8,-16.7,-38.7,-16.2
MHO,BOTTOM,2025-10-06,130.24,7.0,-4.7,,0.4,-9.3,,-9.0
MHO,BREAKOUT,2026-06-22,163.0,,,,,,,-9.6
MIDD,BOTTOM,2020-10-26,80.08,36.3,82.2,83.3,22.5,53.4,40.7,0.0
MIDD,BREAKOUT,2020-11-02,98.63,12.5,49.1,51.7,1.3,27.7,16.0,0.0
MIDD,BOTTOM,2023-03-06,116.24,-2.4,-4.2,6.5,-14.2,-20.6,-28.1,-7.4
MIDD,BREAKOUT,2025-01-20,136.54,-22.9,-11.8,-13.8,-13.8,-17.2,-28.5,-25.2
MIDD,BOTTOM,2025-08-11,106.69,-11.0,23.6,,-15.7,17.1,,-11.3
MIDD,BREAKOUT,2026-02-23,135.85,-8.2,,,-18.8,,,-23.8
MIR,BREAKOUT,2023-12-04,9.39,7.5,4.9,93.0,-4.2,-12.0,59.1,0.0
MIR,BREAKOUT,2024-10-07,13.35,19.0,2.7,73.2,18.5,10.0,59.1,-4.9
MIRM,BREAKOUT,2024-07-08,39.44,1.7,4.8,33.5,-2.1,0.4,20.8,-1.5
MITK,BREAKOUT,2018-11-12,9.84,11.9,4.6,-26.9,10.0,-0.9,-43.1,-8.8
MITK,BOTTOM,2022-12-05,10.29,-14.9,-0.7,5.4,-13.4,-10.9,-13.4,-14.9
MITK,BREAKOUT,2023-07-31,11.84,-9.4,7.4,5.6,-7.0,-4.0,-15.4,-19.0
MKC,BREAKOUT,2018-01-22,45.45,-0.2,10.6,14.9,6.4,11.6,20.4,-6.0
MKC,BREAKOUT,2021-12-27,86.94,5.5,-14.1,-12.7,9.8,5.0,5.5,-14.3
MKL,BOTTOM,2020-06-15,930.76,5.3,6.2,24.1,-2.3,-14.5,-12.3,-5.2
MKL,BOTTOM,2020-09-14,979.66,0.9,14.4,23.5,-11.3,-4.3,-11.9,-4.8
MKL,BREAKOUT,2024-04-29,1581.06,-1.3,-2.3,18.7,-5.9,-14.7,6.5,-3.7
MKSI,BOTTOM,2019-07-08,74.11,20.3,38.6,45.3,21.3,29.2,37.6,-3.9
MKSI,BREAKOUT,2024-01-22,108.24,9.8,13.5,7.5,5.2,1.1,-18.9,-1.6
MKSI,BOTTOM,2025-02-24,91.09,-10.3,13.1,168.2,-9.7,3.9,151.4,-34.3
MKSI,BREAKOUT,2025-09-15,128.2,24.2,77.0,,21.4,78.8,,-5.7
MKTX,BREAKOUT,2020-04-13,401.56,24.1,25.5,25.0,11.3,3.3,-22.9,-2.0
MKTX,BOTTOM,2024-04-08,205.64,0.3,31.4,5.5,-9.7,17.3,-0.3,-8.4
MKTX,BOTTOM,2026-04-06,170.99,-33.4,,,-44.8,,,-34.2
MLAB,BREAKOUT,2018-04-09,162.54,31.3,2.7,37.3,25.4,-2.3,25.8,-4.9
MLAB,BREAKOUT,2020-10-05,275.43,2.4,-14.7,9.1,-8.0,-34.3,-18.9,-14.7
MLAB,BREAKOUT,2021-09-13,305.81,2.5,-14.6,-50.9,-2.0,-16.0,-39.5,-20.7
MLAB,BOTTOM,2023-04-17,169.45,-28.2,-44.0,-41.4,-38.3,-46.9,-63.3,-44.0
MLAB,BOTTOM,2024-06-24,85.66,47.4,53.7,14.3,42.0,43.7,-0.1,0.0
MLCO,BOTTOM,2019-04-29,24.54,-16.1,-11.1,-38.6,-16.1,-16.2,-36.7,-23.3
MLCO,BOTTOM,2020-09-14,18.1,4.8,16.5,-43.1,-7.3,-2.2,-78.5,-17.5
MLCO,BOTTOM,2022-11-07,7.38,75.3,51.6,-3.1,72.5,47.5,-15.4,-10.7
MLCO,BREAKOUT,2022-12-05,11.32,9.6,6.9,-30.8,11.1,-3.3,-49.7,-2.1
MLCO,BREAKOUT,2025-06-30,8.56,-1.5,-12.3,-37.0,-8.8,-22.1,-57.5,-12.3
MLI,BOTTOM,2018-09-03,6.81,-25.5,7.4,-10.8,-17.6,11.0,-16.5,-26.9
MLI,BOTTOM,2020-06-15,5.76,14.7,43.4,72.2,7.1,22.8,35.8,-2.1
MLKN,BREAKOUT,2017-09-25,28.54,12.1,-10.1,9.2,5.4,-15.8,-8.6,-13.6
MLKN,BOTTOM,2023-04-03,16.3,-15.2,33.4,51.2,-22.8,27.6,22.7,-21.3
MLKN,BREAKOUT,2023-10-30,22.63,8.9,6.7,-5.9,-5.3,-11.8,-39.1,-2.9
MLKN,BREAKOUT,2026-02-02,22.08,-26.9,,,-34.0,,,-35.3
MLKN,BOTTOM,2026-05-04,16.13,,,,,,,-11.4
MLM,BREAKOUT,2019-06-03,219.79,12.1,19.0,-1.3,8.0,8.5,-14.6,-3.0
MLM,BOTTOM,2020-06-15,203.0,7.0,31.6,60.2,-0.5,11.0,23.8,-3.9
MLM,BREAKOUT,2020-11-30,275.44,15.9,23.9,44.2,11.8,8.7,19.9,-6.2
MLTX,BREAKOUT,2022-04-04,11.0,-46.6,-22.6,91.6,-33.9,-4.4,98.7,-54.7
MLTX,BOTTOM,2022-10-31,8.49,41.9,217.0,504.0,31.9,206.4,486.7,-0.1
MLTX,BREAKOUT,2023-01-02,12.52,68.4,306.0,336.7,62.5,292.1,314.3,-10.3
MLTX,BREAKOUT,2024-02-05,63.19,-35.2,-30.0,-28.7,-39.5,-37.0,-50.1,-39.2
MLTX,BOTTOM,2024-06-10,41.41,23.5,24.0,6.8,19.6,12.0,-4.6,-7.2
MLTX,BOTTOM,2026-02-09,15.77,11.3,,,2.6,,,0.0
MLTX,BOTTOM,2026-06-15,19.21,,,,,,,-1.4
MLYS,BOTTOM,2024-08-19,11.61,7.6,-17.7,28.2,1.3,-25.1,12.0,-20.4
MLYS,BOTTOM,2025-02-17,9.56,66.9,55.7,191.6,70.1,47.5,175.4,-4.4
MLYS,BREAKOUT,2025-03-17,16.87,-20.1,132.8,42.7,-25.8,114.4,26.4,-26.5
MMI,BREAKOUT,2017-11-06,27.58,0.4,23.1,24.3,-1.4,16.5,14.7,0.0
MMI,BOTTOM,2020-06-15,26.89,-5.2,27.7,32.9,-12.8,7.0,-3.6,-8.8
MMI,BREAKOUT,2023-12-11,38.99,-17.9,-23.5,0.3,-26.9,-39.5,-29.6,-24.0
MMM,BREAKOUT,2020-11-23,121.83,-0.2,16.6,2.4,-5.3,0.2,-25.6,-6.4
MMS,BREAKOUT,2023-02-06,79.5,-4.6,-4.1,-0.2,-5.9,-14.1,-24.9,-11.5
MMS,BREAKOUT,2025-09-29,89.99,-4.9,-31.1,,-7.3,-29.6,,-31.1
MMSI,BOTTOM,2020-07-06,44.52,7.4,28.3,42.4,-2.3,7.3,3.2,-7.1
MMSI,BREAKOUT,2024-06-24,85.95,13.6,13.2,8.8,8.3,3.2,-5.6,-0.5
MMYT,BOTTOM,2019-12-09,25.4,-39.9,-30.8,2.5,-25.2,-27.7,-15.1,-56.9
MMYT,BREAKOUT,2020-12-28,29.53,8.6,1.1,-6.2,1.1,-15.6,-34.9,-16.6
MMYT,BOTTOM,2021-04-19,26.25,8.5,2.1,-5.5,2.6,-7.4,-9.1,-8.0
MMYT,BOTTOM,2022-01-03,26.15,-3.9,1.3,4.0,-0.2,17.3,19.4,-15.9
MMYT,BOTTOM,2022-06-13,26.0,24.1,9.0,2.8,18.3,3.3,-19.3,-0.3
MMYT,BOTTOM,2022-10-17,28.37,8.6,-18.4,36.7,2.4,-29.5,22.4,-18.4
MMYT,BREAKOUT,2023-08-07,36.66,13.4,61.7,156.4,14.2,48.4,135.1,-0.8
MNDY,BOTTOM,2023-03-20,135.79,24.8,15.6,67.9,15.0,6.1,34.3,-14.4
MNPR,BOTTOM,2021-06-14,29.05,-9.3,-32.7,-60.4,-16.0,-44.3,-49.8,-34.6
MNPR,BOTTOM,2021-11-08,25.0,-41.0,-59.6,-43.4,-35.6,-46.1,-30.0,-59.6
MNPR,BREAKOUT,2023-01-23,17.5,-67.9,-79.1,-89.6,-70.8,-92.5,-111.6,-79.1
MNPR,BOTTOM,2024-03-25,3.4,7.2,98.8,1084.4,2.8,88.9,1076.9,-35.1
MNPR,BREAKOUT,2024-09-23,6.77,262.3,495.7,1031.9,257.9,497.9,1014.7,-31.9
MNPR,BOTTOM,2025-05-12,37.16,-3.9,109.9,59.5,-12.5,96.2,33.7,-14.6
MNPR,BOTTOM,2025-08-18,32.06,185.6,72.8,,183.2,65.4,,0.0
MNPR,BREAKOUT,2025-09-08,49.22,51.6,22.6,,47.6,21.3,,0.0
MNPR,BREAKOUT,2026-07-06,106.6,,,,,,,0.0
MNR,BREAKOUT,2026-03-23,13.94,-8.7,,,-23.9,,,-13.2
MNRO,BREAKOUT,2021-02-01,50.84,13.9,-4.4,-26.7,4.6,-19.2,-43.9,-6.4
MNRO,BOTTOM,2022-10-31,38.67,17.4,7.6,-39.9,7.3,-2.9,-57.3,-3.6
MNRO,BOTTOM,2024-04-01,27.14,-25.9,-5.6,-48.0,-33.2,-16.9,-46.7,-25.9
MNRO,BOTTOM,2024-12-16,22.88,-30.6,-41.3,-11.3,-26.3,-42.4,-27.7,-50.7
MNRO,BOTTOM,2025-11-03,16.73,21.7,4.0,,18.5,-6.5,,-11.9
MNSO,BREAKOUT,2022-11-28,10.91,61.3,37.8,105.9,61.5,31.7,91.3,-10.3
MNSO,BREAKOUT,2024-12-30,26.37,-38.8,-33.2,-27.8,-24.4,-39.5,-44.6,-42.1
MNSO,BOTTOM,2025-05-12,19.83,-2.9,5.3,-28.7,-11.5,-8.5,-54.5,-16.2
MNSO,BOTTOM,2025-09-22,21.74,-11.8,-28.6,,-16.4,-25.0,,-28.6
MNST,BREAKOUT,2019-02-25,32.37,-4.4,-9.4,-3.6,-3.0,-14.6,-11.2,-18.3
MNST,BREAKOUT,2020-01-13,33.65,-7.6,10.3,36.2,5.5,12.3,20.9,-22.6
MNST,BREAKOUT,2022-07-25,49.81,-6.1,3.2,16.7,-0.9,3.9,4.0,-12.7
MNST,BREAKOUT,2024-03-11,60.45,-20.5,-15.9,-8.9,-27.0,-26.5,-20.3,-23.8
MOD,BOTTOM,2019-05-20,14.14,-29.8,-47.6,-68.7,-31.0,-58.6,-75.4,-50.4
MOD,BOTTOM,2020-09-07,6.15,95.1,155.9,83.7,85.0,137.0,48.4,-3.1
MOD,BREAKOUT,2020-11-02,9.62,44.0,76.8,16.7,32.8,55.4,-19.0,0.0
MOD,BREAKOUT,2022-08-01,14.82,41.8,55.3,200.3,50.4,54.7,190.4,-12.7
MOD,BREAKOUT,2025-09-08,149.68,-6.5,26.0,,-10.5,24.6,,-16.4
MOH,BREAKOUT,2020-04-13,169.82,9.5,24.0,47.4,-3.3,1.9,-0.5,-4.9
MOH,BOTTOM,2024-10-07,330.12,-13.3,4.5,-41.2,-13.8,11.8,-55.3,-17.5
MORN,BOTTOM,2023-03-06,186.43,7.1,32.7,62.5,-4.7,16.4,27.8,-6.6
MORN,BREAKOUT,2023-09-04,247.39,8.8,22.4,21.2,5.2,6.7,-1.8,-10.9
MOS,BOTTOM,2018-04-02,20.93,16.2,36.9,15.7,9.7,25.1,2.4,0.0
MOS,BOTTOM,2020-11-09,15.89,62.8,103.3,109.2,52.7,86.1,76.9,0.0
MOS,BREAKOUT,2020-11-23,20.0,29.9,60.0,57.0,24.9,43.6,29.0,-3.0
MOS,BREAKOUT,2025-04-28,29.3,16.5,-8.9,-21.8,6.4,-29.9,-50.4,-8.9
MOV,BOTTOM,2019-04-29,25.91,-31.7,-26.8,-72.6,-31.7,-31.9,-70.7,-41.4
MOV,BOTTOM,2020-12-28,11.96,68.7,90.0,159.5,61.2,73.3,130.7,0.0
MOV,BREAKOUT,2021-01-11,15.26,47.8,40.2,89.0,36.4,24.6,63.6,-3.1
MOV,BOTTOM,2023-09-25,22.78,11.6,3.4,-26.5,-0.0,-19.8,-62.0,-4.6
MOV,BREAKOUT,2025-09-08,18.99,10.3,18.8,,6.3,17.5,,-12.8
MP,BOTTOM,2022-02-07,40.03,-11.4,-5.0,-23.1,-2.9,-2.7,-17.3,-28.9
MP,BREAKOUT,2024-11-25,21.07,14.0,3.4,194.0,15.0,5.0,179.2,-24.8
MPB,BOTTOM,2019-06-24,20.0,4.3,19.5,-26.9,3.1,8.2,-31.4,-12.1
MPB,BOTTOM,2020-08-03,17.26,-1.8,14.6,36.7,-6.9,-2.2,2.5,-16.5
MPB,BREAKOUT,2021-11-01,26.28,-5.0,-14.5,11.7,-1.1,-2.9,30.1,-14.5
MPB,BREAKOUT,2022-10-24,30.41,-10.1,-33.0,-43.4,-14.9,-40.9,-50.6,-33.0
MPB,BREAKOUT,2024-07-15,23.93,24.3,16.2,17.5,17.5,6.6,1.7,0.0
MPC,BREAKOUT,2019-10-21,55.45,-19.2,-61.4,-53.8,-28.8,-56.3,-70.7,-71.6
MPLX,BREAKOUT,2020-12-07,14.35,14.9,37.1,38.3,6.9,20.4,8.0,-8.3
MPTI,BREAKOUT,2024-10-07,47.5,7.7,4.2,12.8,7.2,11.5,-1.3,-21.3
MPTI,BREAKOUT,2026-01-05,64.75,4.3,35.6,,6.2,26.3,,-7.6
MPWR,BREAKOUT,2019-04-08,143.93,-5.6,-8.8,11.5,-9.7,-11.8,13.7,-23.5
MPWR,BOTTOM,2022-04-11,396.29,0.4,-24.2,17.5,12.1,-6.6,21.7,-24.2
MPWR,BREAKOUT,2023-06-26,528.22,-14.3,17.2,53.2,-11.1,9.2,28.7,-24.7
MQ,BREAKOUT,2023-12-18,27.68,-14.0,-23.8,-45.8,-24.4,-39.5,-72.2,-26.2
MQ,BOTTOM,2025-12-01,18.64,-13.7,-16.7,,-12.1,-24.9,,-18.2
MRAM,BOTTOM,2018-06-11,9.0,-12.1,-30.0,-20.9,-17.1,-24.4,-26.8,-30.0
MRAM,BOTTOM,2020-10-05,6.7,-20.6,-14.9,-9.0,-31.0,-34.5,-37.0,-33.7
MRAM,BOTTOM,2021-10-04,6.1,65.6,29.5,-2.8,58.8,26.6,13.1,-1.8
MRAM,BOTTOM,2022-02-28,8.45,-26.6,-20.4,-15.4,-21.9,-11.8,-10.4,-40.8
MRAM,BOTTOM,2023-03-20,6.38,28.4,47.2,30.4,18.5,37.6,-3.2,-2.5
MRAM,BREAKOUT,2023-06-26,9.21,6.7,-1.8,-35.0,10.0,-9.9,-59.5,-8.8
MRAM,BREAKOUT,2025-06-30,6.84,66.5,47.1,179.8,59.2,37.2,159.4,-12.6
MRCY,BREAKOUT,2018-08-27,54.51,-5.0,18.7,57.1,-0.3,21.1,54.4,-20.1
MRCY,BOTTOM,2022-02-14,52.44,10.8,-1.5,2.9,20.8,0.6,7.6,-2.8
MRCY,BOTTOM,2022-04-11,61.23,4.0,-31.8,-18.5,15.6,-14.1,-14.3,-33.7
MRCY,BOTTOM,2023-03-06,49.85,-14.1,-27.2,-37.7,-25.9,-43.5,-72.3,-32.1
MRCY,BREAKOUT,2024-08-12,40.1,-1.9,10.8,66.3,-7.9,0.1,48.8,-17.3
MRK,BREAKOUT,2018-07-30,49.23,10.4,17.6,31.7,14.1,21.4,26.4,0.0
MRK,BREAKOUT,2024-01-01,108.38,9.9,9.2,-13.1,-1.3,-10.1,-41.2,0.0
MRK,BREAKOUT,2025-11-24,102.44,19.1,15.1,,18.4,3.7,,-4.9
MRNA,BREAKOUT,2020-03-02,29.61,96.5,111.4,346.4,88.5,95.1,315.1,-28.1
MRNA,BOTTOM,2023-04-03,158.27,-24.9,-34.4,-35.0,-32.5,-40.1,-63.5,-36.8
MRNA,BREAKOUT,2024-05-13,132.9,-34.7,-72.3,-81.3,-39.7,-83.6,-95.0,-72.3
MRNA,BOTTOM,2024-06-24,118.75,-44.6,-66.2,-77.1,-50.0,-76.2,-91.5,-69.0
MRNA,BOTTOM,2025-10-13,26.01,60.8,106.5,,56.4,99.0,,-8.8
MRNA,BREAKOUT,2026-01-12,41.83,28.4,47.8,,25.5,39.8,,-2.0
MRSH,BOTTOM,2020-03-16,72.46,30.4,48.7,48.9,-5.1,3.0,-24.0,0.0
MRTN,BOTTOM,2019-04-29,11.17,-2.3,13.9,21.8,-2.3,8.8,23.7,-14.3
MRTN,BREAKOUT,2019-09-09,12.71,-5.4,-18.6,21.5,-11.3,-8.9,8.3,-18.6
MRVI,BOTTOM,2024-06-17,7.24,16.6,-25.8,-71.5,11.9,-35.1,-82.0,-39.0
MRVI,BOTTOM,2026-02-16,3.1,41.9,,,33.5,,,-7.7
MRVL,BREAKOUT,2019-04-08,22.92,7.2,1.8,3.3,3.1,-1.3,5.5,-7.7
MRVL,BOTTOM,2023-04-17,38.62,62.7,27.1,59.9,52.6,24.1,38.0,0.0
MRVL,BREAKOUT,2023-05-22,64.84,-18.3,-14.3,17.5,-23.4,-23.5,-10.4,-27.7
MRVL,BREAKOUT,2024-10-14,79.48,56.3,-35.1,10.5,53.8,-25.8,-4.5,-38.1
MRVL,BOTTOM,2026-01-05,83.16,54.5,183.6,,56.3,174.2,,-5.5
MRX,BREAKOUT,2026-04-06,49.79,32.1,,,20.7,,,0.0
MS,BREAKOUT,2020-11-09,47.74,32.5,55.8,80.6,22.4,38.5,48.3,0.0
MSA,BREAKOUT,2020-10-05,134.31,8.4,6.5,4.1,-2.0,-13.0,-23.9,-8.4
MSA,BREAKOUT,2024-03-04,180.94,-7.7,-9.3,-14.0,-12.3,-15.5,-28.0,-9.3
MSCI,BREAKOUT,2023-01-30,543.9,-16.3,-3.9,5.6,-16.8,-13.1,-16.1,-17.6
MSEX,BREAKOUT,2017-10-09,36.99,-13.9,-9.5,3.6,-23.4,-14.5,-6.7,-19.8
MSEX,BOTTOM,2023-08-14,73.69,-16.3,-28.0,-20.7,-19.9,-43.3,-49.4,-28.5
MSEX,BREAKOUT,2024-11-04,66.53,-28.6,-12.6,-21.1,-29.4,-7.6,-34.6,-29.7
MSFT,BREAKOUT,2025-06-02,466.65,5.4,3.1,-10.7,-2.9,-12.0,-35.2,0.0
MSGE,BREAKOUT,2025-09-08,44.27,23.6,25.8,,19.6,24.5,,-5.6
MSGS,BREAKOUT,2022-12-19,181.54,3.8,-1.2,-1.4,0.0,-15.2,-27.0,-2.3
MSI,BOTTOM,2020-07-13,127.75,24.7,27.1,62.3,16.3,9.4,26.2,0.0
MSI,BREAKOUT,2022-11-28,261.36,-1.9,4.4,20.9,-1.7,-1.7,6.3,-7.1
MSM,BREAKOUT,2025-06-30,85.88,3.2,-2.7,41.9,-4.1,-12.6,21.5,-6.0
MSTR,BOTTOM,2018-10-22,12.25,13.8,22.0,19.0,13.1,10.3,3.1,-4.8
MSTR,BREAKOUT,2019-10-28,15.37,-1.1,-20.2,8.7,-6.7,-13.6,-0.0,-34.5
MSTR,BREAKOUT,2020-09-14,15.96,88.7,386.9,284.9,76.6,368.2,249.5,-8.4
MSTR,BOTTOM,2021-03-15,77.7,-16.8,-20.9,-41.5,-23.7,-35.0,-57.2,-42.0
MSTR,BOTTOM,2021-12-13,57.16,-20.5,-70.7,-69.6,-17.5,-50.8,-54.3,-70.7
MSTR,BOTTOM,2023-04-10,33.38,37.5,-4.7,343.3,28.2,-10.0,317.7,-18.8
MSTR,BREAKOUT,2023-07-03,38.07,-10.5,65.8,236.6,-8.8,58.2,208.4,-16.4
MSTR,BOTTOM,2024-09-02,114.3,245.6,151.3,193.8,232.8,144.0,172.6,0.0
MSTR,BREAKOUT,2024-10-07,212.59,54.2,41.1,43.4,53.8,48.4,29.3,0.0
MSTR,BREAKOUT,2025-07-07,434.58,-29.9,-63.8,-78.2,-34.9,-75.7,-100.6,-63.8
MT,BOTTOM,2020-01-20,14.19,-36.4,-25.5,45.6,-22.9,-24.1,27.0,-49.7
MTB,BREAKOUT,2022-01-03,153.37,-7.2,-9.0,-12.8,-3.5,7.0,2.6,-9.5
MTB,BREAKOUT,2022-08-08,166.79,-11.9,-15.1,-26.0,-5.6,-11.4,-32.1,-25.2
MTCH,BREAKOUT,2024-10-14,36.9,-14.3,-23.6,-13.6,-16.9,-14.2,-28.7,-25.0
MTCH,BREAKOUT,2025-08-11,37.41,-15.2,-19.4,,-19.9,-26.0,,-19.4
MTCH,BREAKOUT,2026-04-27,38.46,,,,,,,-11.0
MTD,BREAKOUT,2023-01-09,1557.78,1.2,-14.5,-24.1,-2.7,-28.1,-45.5,-18.5
MTD,BREAKOUT,2024-05-06,1510.25,-7.5,-13.3,-28.4,-10.1,-28.8,-38.2,-14.4
MTD,BREAKOUT,2025-10-20,1434.32,-1.9,-10.6,,-4.0,-16.6,,-18.2
MTDR,BREAKOUT,2017-11-06,26.63,-2.0,17.2,-7.9,-3.9,10.5,-17.5,-7.6
MTDR,BOTTOM,2019-05-27,15.18,-4.8,-14.4,-52.3,-11.6,-29.6,-65.1,-24.4
MTDR,BREAKOUT,2026-02-16,51.64,9.7,,,1.2,,,-4.0
MTG,BREAKOUT,2019-04-01,11.83,0.1,-8.1,-63.8,-3.9,-11.1,-51.5,-11.4
MTG,BOTTOM,2020-03-09,8.36,-9.1,-2.6,39.1,-22.7,-27.9,-9.9,-48.7
MTG,BREAKOUT,2023-05-15,14.19,14.1,16.8,42.9,9.4,8.3,14.6,-0.4
MTH,BREAKOUT,2019-04-08,22.99,12.6,44.3,-4.3,8.4,41.2,-2.1,0.0
MTH,BREAKOUT,2020-06-01,35.78,22.2,15.4,36.7,14.5,-1.4,2.2,-8.0
MTH,BREAKOUT,2021-05-03,54.67,-6.4,-3.3,-28.8,-11.6,-15.0,-27.5,-24.3
MTH,BREAKOUT,2021-11-15,55.65,-21.3,-31.0,-31.5,-14.2,-14.6,-17.2,-33.5
MTH,BOTTOM,2022-11-21,40.33,25.1,36.4,65.7,26.1,31.1,50.8,0.0
MTH,BOTTOM,2025-10-06,65.2,14.1,1.4,,7.5,-3.2,,-10.5
MTH,BREAKOUT,2026-06-22,85.18,,,,,,,-12.9
MTN,BREAKOUT,2018-05-07,180.83,21.6,12.7,-2.9,17.4,10.0,-10.5,0.0
MTRN,BREAKOUT,2017-09-25,40.9,12.9,18.8,41.3,6.1,13.1,23.4,-0.9
MTRN,BREAKOUT,2019-04-29,67.49,-15.7,-17.7,-28.9,-15.7,-22.8,-27.0,-20.0
MTRN,BREAKOUT,2022-08-08,95.96,-19.5,-12.0,9.5,-13.2,-8.4,3.4,-26.2
MTRN,BREAKOUT,2023-02-13,110.13,-5.8,-6.2,23.6,-9.0,-14.2,-0.9,-9.1
MTRN,BREAKOUT,2025-09-15,120.16,5.2,9.8,,2.4,11.6,,-4.9
MTSI,BOTTOM,2019-04-08,16.15,-0.7,37.0,49.9,-4.8,33.9,52.1,-16.2
MTSI,BREAKOUT,2019-09-09,22.76,15.3,-13.4,42.6,9.5,-3.7,29.5,-13.4
MTSI,BREAKOUT,2021-10-25,69.82,-14.0,-27.0,-15.9,-10.5,-17.3,-1.9,-27.1
MTSI,BOTTOM,2022-10-03,56.47,14.9,13.1,44.7,7.5,-0.7,24.4,-10.8
MTSI,BREAKOUT,2025-10-27,148.13,47.9,91.8,,46.1,85.6,,0.0
MTUS,BOTTOM,2017-11-27,15.0,12.5,19.1,-26.4,10.2,14.7,-32.5,-10.3
MTUS,BOTTOM,2020-02-03,6.08,-48.7,-31.7,-14.0,-37.2,-33.5,-32.9,-61.2
MTUS,BOTTOM,2020-09-14,3.82,26.4,166.8,240.1,14.3,148.1,204.7,-7.3
MTUS,BOTTOM,2023-01-16,19.5,-9.0,16.4,3.4,-13.5,1.3,-20.3,-19.3
MTX,BREAKOUT,2020-11-09,57.97,16.2,41.3,31.5,6.1,24.1,-0.8,-0.3
MTX,BREAKOUT,2023-12-18,68.34,7.9,21.1,9.5,-2.5,5.4,-16.9,-5.8
MTX,BOTTOM,2025-10-20,59.39,15.9,20.8,,13.9,14.8,,-6.2
MTZ,BOTTOM,2020-06-15,44.75,-2.9,47.7,123.9,-10.4,27.1,87.5,-14.9
MTZ,BOTTOM,2020-09-14,43.46,52.0,112.4,106.2,39.9,93.8,70.8,-3.2
MTZ,BREAKOUT,2020-12-07,67.95,45.6,72.5,35.3,37.6,55.8,5.0,-2.8
MTZ,BREAKOUT,2023-01-09,98.04,-9.8,17.4,-26.7,-13.7,3.8,-48.1,-12.1
MU,BOTTOM,2019-04-08,40.97,6.0,7.4,9.8,1.8,4.3,12.0,-22.4
MU,BREAKOUT,2020-11-16,59.87,48.1,31.5,35.4,37.9,13.8,1.6,0.0
MU,BREAKOUT,2022-01-10,95.17,-27.9,-36.6,-41.1,-22.4,-20.1,-28.2,-44.8
MU,BOTTOM,2023-02-27,55.93,22.1,24.5,68.7,15.8,12.0,39.9,-3.3
MU,BREAKOUT,2023-05-22,72.98,-13.6,4.3,76.2,-18.8,-4.8,48.3,-17.8
MUFG,BREAKOUT,2021-02-08,4.89,10.5,8.8,26.1,4.1,-5.5,12.4,0.0
MUFG,BREAKOUT,2021-09-20,5.81,-8.9,9.2,-20.5,-15.2,6.5,-4.6,-11.8
MUFG,BREAKOUT,2023-07-24,7.76,1.2,13.1,38.4,11.0,5.7,17.6,-8.5
MUR,BOTTOM,2020-02-17,17.79,-43.5,-34.6,-29.0,-32.6,-37.5,-48.2,-75.0
MUR,BREAKOUT,2021-03-01,16.8,22.4,6.6,91.8,11.9,-12.3,77.7,-19.4
MUR,BOTTOM,2021-04-12,14.27,19.1,70.8,156.5,15.3,63.3,150.2,-5.1
MUR,BREAKOUT,2025-11-24,31.46,4.5,15.0,,3.8,3.7,,-6.2
MUSA,BREAKOUT,2019-08-05,88.67,26.4,16.0,54.3,20.0,1.0,37.3,-7.0
MUSA,BREAKOUT,2020-07-20,131.69,-8.2,-8.7,6.4,-16.4,-29.0,-32.7,-10.0
MUSA,BREAKOUT,2021-03-22,148.4,-13.3,8.6,28.4,-21.4,-4.3,12.6,-15.1
MUX,BOTTOM,2018-08-27,19.64,-10.7,-12.7,3.3,-6.0,-10.3,0.6,-15.2
MUX,BOTTOM,2020-09-07,12.6,-19.8,-10.3,-8.7,-29.9,-29.3,-44.1,-24.8
MUX,BREAKOUT,2021-05-24,14.7,-20.4,-29.9,-58.2,-28.0,-39.9,-58.4,-32.7
MUX,BOTTOM,2021-09-20,10.5,-13.3,-18.7,-68.8,-19.7,-21.3,-52.9,-26.7
MUX,BREAKOUT,2023-04-03,9.09,-23.9,-29.2,19.5,-31.4,-34.9,-9.1,-29.2
MUX,BOTTOM,2023-05-15,7.89,-13.4,-5.8,43.6,-18.1,-14.3,15.3,-18.4
MUX,BREAKOUT,2024-03-25,9.86,-6.9,-2.2,-21.9,-11.3,-12.2,-29.5,-15.4
MUX,BOTTOM,2024-09-09,9.47,-11.1,-21.2,45.9,-18.9,-22.0,27.5,-27.3
MUX,BREAKOUT,2025-06-30,11.37,53.1,64.3,66.2,45.8,54.4,45.8,-11.8
MWA,BOTTOM,2020-06-15,8.35,20.4,33.7,49.3,12.9,13.1,12.8,-1.7
MWA,BREAKOUT,2023-01-30,13.34,7.3,2.3,1.2,6.8,-6.9,-20.5,-7.7
MXL,BOTTOM,2018-02-12,22.89,-16.7,-16.8,0.1,-16.5,-22.1,-3.4,-31.9
MXL,BREAKOUT,2019-02-25,25.73,-17.7,-23.0,-39.9,-16.3,-28.2,-47.6,-23.9
MXL,BOTTOM,2019-05-27,21.17,-6.4,-6.1,-18.2,-13.1,-21.4,-31.0,-11.5
MXL,BREAKOUT,2020-07-06,25.06,3.2,48.6,69.0,-6.5,27.6,29.8,-12.5
MXL,BOTTOM,2023-03-06,33.07,-11.9,-30.5,-36.6,-23.7,-46.8,-71.2,-33.4
MYE,BREAKOUT,2020-11-16,14.95,24.0,22.6,18.4,13.8,4.9,-15.4,-1.2
MYE,BREAKOUT,2022-05-02,20.62,-7.6,-9.5,-15.6,-8.6,-1.8,-17.6,-29.8
MYE,BREAKOUT,2024-03-04,19.5,-25.1,-32.9,-35.8,-29.8,-39.1,-49.8,-40.0
MYE,BOTTOM,2025-04-07,9.38,60.0,65.3,137.0,42.8,42.3,108.3,-2.8
MYGN,BOTTOM,2023-04-24,21.29,5.4,-34.7,-14.6,-4.9,-34.1,-38.6,-34.7
MYGN,BREAKOUT,2024-05-06,25.47,9.7,-31.6,-84.7,7.1,-47.2,-94.5,-31.6
MYRG,BREAKOUT,2020-07-27,36.67,16.6,51.6,160.8,16.2,37.4,124.5,-3.2
MYRG,BREAKOUT,2025-06-16,169.34,5.6,30.6,172.3,-6.4,15.4,145.2,0.0
MZTI,BREAKOUT,2018-06-11,115.56,18.9,38.6,13.0,14.0,44.2,7.0,0.0
NAD,BREAKOUT,2025-09-08,11.03,4.4,5.8,,0.4,4.5,,-0.7
NAMS,BREAKOUT,2024-01-08,17.53,12.4,13.3,42.3,4.9,-4.9,19.0,0.0
NAMS,BOTTOM,2024-05-13,20.09,-20.2,23.9,-6.0,-25.2,12.6,-19.7,-20.8
NAMS,BREAKOUT,2024-11-04,24.12,-16.3,-23.8,52.4,-17.1,-18.8,38.9,-37.3
NAMS,BREAKOUT,2025-09-01,27.0,30.6,10.6,,24.4,6.1,,-10.4
NAT,BOTTOM,2018-12-10,1.41,-17.3,-10.0,69.1,-26.4,-22.2,44.8,-27.5
NAT,BOTTOM,2019-06-24,1.35,-6.8,108.3,87.0,-8.0,97.1,82.5,-24.8
NAT,BREAKOUT,2019-10-07,2.4,13.2,-5.0,-1.7,2.8,0.1,-21.0,-38.7
NAT,BOTTOM,2021-04-26,2.18,-20.7,-28.3,-20.7,-26.1,-39.1,-20.7,-33.5
NAT,BREAKOUT,2025-10-13,3.24,17.5,78.7,,13.1,71.2,,-3.2
NATL,BREAKOUT,2025-08-04,37.11,-4.0,8.2,,-9.6,-0.8,,-4.8
NAVI,BREAKOUT,2019-07-01,10.07,-16.4,-1.4,-48.1,-15.5,-10.5,-54.8,-16.4
NAVI,BOTTOM,2020-06-15,5.89,8.1,24.2,149.2,0.5,3.6,112.8,-11.3
NAVI,BOTTOM,2020-12-21,7.66,46.5,100.3,129.9,38.8,84.0,100.7,0.0
NAVI,BREAKOUT,2023-01-23,15.71,-10.2,3.8,1.3,-13.1,-9.6,-20.7,-19.3
NAVI,BOTTOM,2025-09-08,12.21,0.3,-34.8,,-3.7,-36.1,,-34.8
NBHC,BREAKOUT,2021-10-04,37.12,12.4,-8.1,-9.8,5.6,-11.0,6.1,-8.1
NBHC,BREAKOUT,2022-11-07,43.95,-14.8,-39.8,-33.4,-17.7,-43.9,-45.7,-40.1
NBHC,BOTTOM,2024-01-22,33.39,-6.2,22.3,21.3,-10.8,9.9,-5.0,-7.1
NBHC,BREAKOUT,2024-06-24,36.81,6.6,11.9,-1.3,1.3,1.9,-15.7,-2.3
NBHC,BOTTOM,2025-08-18,38.09,-5.2,9.9,,-7.6,2.5,,-8.6
NBIS,BOTTOM,2026-01-19,94.5,55.7,,,51.9,,,-9.9
NBIX,BREAKOUT,2019-11-04,110.77,-6.1,-1.2,-13.0,-14.2,3.1,-28.6,-27.2
NBIX,BOTTOM,2021-04-26,94.49,-1.4,11.6,-4.7,-6.8,0.8,-4.7,-5.7
NBIX,BREAKOUT,2023-12-18,128.45,10.1,4.8,5.4,-0.3,-10.9,-21.0,0.0
NBN,BREAKOUT,2019-06-24,27.37,-17.9,-19.5,-42.6,-19.2,-30.7,-47.0,-26.4
NBN,BOTTOM,2020-09-14,19.05,18.7,41.7,73.8,6.5,23.0,38.5,-7.3
NBR,BOTTOM,2018-02-19,318.09,6.6,-4.7,-52.8,7.1,-10.2,-56.3,-12.8
NBR,BREAKOUT,2022-02-28,140.45,28.4,-5.7,14.4,33.1,2.9,19.3,-26.1
NBR,BOTTOM,2023-09-25,123.14,-33.7,-30.1,-49.7,-45.3,-53.3,-85.2,-38.1
NBTB,BREAKOUT,2022-01-10,36.47,-15.6,-7.6,7.5,-10.1,8.9,20.4,-15.9
NBTB,BREAKOUT,2022-08-08,36.88,11.8,-1.9,-8.2,18.1,1.7,-14.2,-8.9
NBTB,BOTTOM,2023-08-28,31.78,7.7,0.6,45.6,5.6,-13.9,19.0,-11.4
NBTB,BOTTOM,2024-03-11,31.62,5.3,34.0,31.2,-1.2,23.5,19.7,-0.3
NBTB,BREAKOUT,2024-07-15,42.46,1.8,7.3,-1.9,-5.0,-2.2,-17.6,-3.7
NCLH,BREAKOUT,2019-04-08,58.6,-15.0,-16.1,-77.6,-19.2,-19.2,-75.5,-19.0
NCLH,BOTTOM,2021-01-11,25.38,11.6,-8.8,-9.5,0.2,-24.4,-34.9,-10.8
NCLH,BREAKOUT,2023-06-12,19.13,-9.9,6.4,-13.4,-11.2,-1.2,-38.3,-31.1
NCLH,BOTTOM,2023-08-14,16.68,-10.5,-2.5,-3.5,-14.1,-17.8,-32.3,-21.0
NCLH,BOTTOM,2024-04-29,15.99,-0.4,55.6,8.6,-4.9,43.2,-3.6,-1.6
NCLH,BOTTOM,2025-12-29,22.78,-16.9,-13.2,,-13.2,-22.8,,-31.9
NCNO,BOTTOM,2021-10-18,69.61,-40.1,-47.6,-56.9,-37.1,-42.3,-40.8,-47.6
NCNO,BOTTOM,2022-10-03,34.29,-26.2,-29.3,-11.9,-33.7,-43.0,-32.1,-35.9
NCNO,BOTTOM,2023-01-30,30.5,-27.0,-2.8,2.6,-27.4,-11.9,-19.1,-28.0
NCNO,BOTTOM,2023-07-17,30.91,-10.7,3.7,3.5,-4.2,-3.8,-19.6,-10.7
NCNO,BREAKOUT,2024-10-21,37.83,-13.9,-39.1,-31.1,-19.3,-34.8,-49.5,-43.3
NCNO,BOTTOM,2025-09-29,26.23,-6.0,-34.8,,-8.4,-33.4,,-46.6
NDAQ,BREAKOUT,2019-06-03,28.85,9.0,10.5,27.1,4.8,-0.0,13.8,0.0
NDSN,BREAKOUT,2019-04-15,135.08,-5.6,1.0,5.4,-8.6,-2.7,4.6,-13.8
NE,BREAKOUT,2025-12-01,32.1,34.7,41.5,,36.3,33.3,,-14.8
NEA,BREAKOUT,2025-09-08,10.67,3.7,6.0,,-0.3,4.7,,-0.5
NEE,BREAKOUT,2024-05-13,71.34,3.9,1.6,1.3,-1.1,-9.7,-12.3,-6.3
NEE,BREAKOUT,2025-10-06,81.63,-3.5,14.4,,-10.1,9.8,,-3.9
NEM,BREAKOUT,2019-06-17,31.09,6.7,10.0,54.0,4.7,-0.2,46.9,-2.0
NEM,BREAKOUT,2021-05-10,60.74,-16.2,-15.6,-4.6,-23.6,-28.5,-2.3,-23.0
NEM,BREAKOUT,2022-02-28,65.5,-7.3,-43.0,-37.3,-2.6,-34.5,-32.4,-43.0
NEM,BREAKOUT,2025-06-09,57.29,37.3,70.6,74.9,26.9,55.7,49.3,-2.0
NEO,BOTTOM,2021-11-01,41.38,-48.1,-77.0,-82.3,-44.2,-65.4,-63.9,-77.2
NEO,BOTTOM,2023-01-30,12.55,22.0,26.9,17.0,21.5,17.7,-4.7,-1.1
NEO,BOTTOM,2024-03-11,14.69,-10.3,11.6,-33.2,-16.7,1.1,-44.6,-11.4
NEO,BOTTOM,2026-05-04,8.96,,,,,,,-8.0
NEOG,BOTTOM,2019-10-21,32.43,3.9,-0.6,11.5,-5.6,4.5,-5.4,-12.6
NEOG,BREAKOUT,2020-08-03,40.94,-13.2,4.9,6.9,-18.3,-11.9,-27.3,-14.8
NEOG,BOTTOM,2023-03-06,17.32,7.2,12.6,-5.5,-4.6,-3.7,-40.1,-7.0
NEOG,BREAKOUT,2026-02-02,10.8,-16.2,,,-23.3,,,-24.2
NEOG,BOTTOM,2026-03-30,9.41,-0.7,,,-14.6,,,-13.0
NESR,BREAKOUT,2025-09-08,10.25,45.3,86.7,,41.3,85.4,,-0.7
NET,BOTTOM,2021-12-20,137.27,-12.9,-62.2,-68.1,-9.3,-45.7,-50.8,-70.0
NET,BOTTOM,2022-04-18,95.22,-45.8,-42.9,-34.0,-38.9,-31.5,-32.4,-56.7
NET,BREAKOUT,2024-12-02,112.96,12.2,59.1,77.9,17.1,59.9,63.7,-14.1
NET,BOTTOM,2025-03-17,119.22,50.4,89.5,80.7,44.7,71.2,64.4,-18.6
NET,BOTTOM,2026-05-11,197.56,,,,,,,0.0
NET,BREAKOUT,2026-07-06,268.4,,,,,,,0.0
NEU,BREAKOUT,2019-02-04,372.54,-2.3,3.5,-0.2,-9.3,-5.3,-25.3,-10.4
NEU,BREAKOUT,2023-01-09,323.05,7.4,26.7,68.8,3.5,13.1,47.4,-1.3
NEXA,BOTTOM,2019-12-23,6.76,-56.1,-12.4,12.0,-35.0,-6.3,-4.4,-64.6
NEXA,BOTTOM,2020-11-02,6.17,32.6,53.2,25.8,21.4,31.8,-9.9,0.0
NEXA,BREAKOUT,2020-12-21,7.58,22.2,8.8,-1.1,14.5,-7.6,-30.3,0.0
NEXA,BOTTOM,2022-01-03,7.79,27.2,-28.1,-24.0,30.9,-12.2,-8.6,-28.1
NEXA,BOTTOM,2022-05-16,8.0,-27.6,-39.0,-32.0,-36.4,-41.5,-41.3,-42.9
NEXA,BOTTOM,2023-04-17,6.27,-29.8,-15.8,14.1,-40.0,-18.7,-7.8,-29.8
NEXA,BOTTOM,2023-12-04,5.79,16.8,30.6,31.8,5.1,13.8,-2.1,0.0
NEXA,BREAKOUT,2025-12-22,9.4,6.8,36.7,,14.7,30.5,,-6.5
NEXT,BOTTOM,2020-10-19,2.78,0.7,-19.1,20.1,-10.5,-40.5,-12.7,-36.0
NEXT,BOTTOM,2021-06-28,4.02,-30.1,-29.1,10.0,-30.5,-39.3,20.8,-37.3
NEXT,BOTTOM,2021-12-20,3.19,99.4,42.9,47.6,102.9,59.4,65.0,-32.0
NEXT,BREAKOUT,2022-03-21,6.36,-28.3,1.3,-35.1,-14.8,19.3,-24.0,-30.5
NEXT,BOTTOM,2022-06-13,5.15,26.8,-13.6,55.3,21.0,-19.3,33.3,-14.2
NEXT,BOTTOM,2023-07-17,6.25,-27.2,-26.7,24.5,-20.7,-34.2,1.4,-31.7
NFG,BOTTOM,2023-12-04,46.64,1.2,12.8,24.9,-10.5,-4.1,-9.0,-6.8
NFLX,BREAKOUT,2020-04-13,42.3,16.6,25.5,29.2,3.8,3.3,-18.7,-1.8
NFLX,BREAKOUT,2021-01-18,56.52,-10.5,-8.8,-29.7,-19.7,-24.5,-45.6,-13.5
NFLX,BREAKOUT,2021-08-30,59.05,2.0,-38.7,-61.7,1.6,-34.8,-49.5,-38.7
NFLX,BOTTOM,2022-11-14,28.8,20.8,26.9,61.8,17.5,20.3,46.2,-0.8
NG,BREAKOUT,2018-04-16,4.81,-6.9,-11.2,-14.3,-12.2,-15.8,-25.2,-27.4
NG,BREAKOUT,2019-06-17,5.22,22.2,42.0,60.3,20.3,31.8,53.3,0.0
NG,BOTTOM,2020-07-13,8.42,30.6,5.7,-5.5,22.3,-12.0,-41.5,0.0
NG,BOTTOM,2023-04-10,6.22,-30.7,-39.2,-49.4,-40.0,-44.6,-75.0,-43.4
NG,BREAKOUT,2025-07-07,4.8,102.1,110.0,24.4,97.1,98.1,2.0,0.0
NG,BOTTOM,2026-04-06,9.48,-37.0,,,-48.4,,,-45.4
NGG,BREAKOUT,2019-03-11,37.07,-6.1,-8.1,1.3,-8.9,-15.6,4.2,-11.1
NGG,BREAKOUT,2019-10-14,38.56,11.2,-0.3,10.5,-0.8,2.4,-8.3,-13.1
NGG,BREAKOUT,2024-05-06,58.84,-0.7,-0.2,12.2,-3.4,-15.8,2.4,-14.8
NGG,BREAKOUT,2025-04-14,67.31,2.1,9.8,25.8,-17.4,-17.1,-10.6,-2.0
NGNE,BREAKOUT,2019-08-05,73.6,-20.1,267.4,222.8,-26.5,252.4,205.8,-28.0
NGNE,BOTTOM,2019-09-23,61.0,299.3,246.2,280.7,289.5,259.5,267.2,-8.9
NGNE,BOTTOM,2021-01-25,252.0,-0.9,-44.5,-71.7,-14.0,-63.8,-92.8,-44.5
NGNE,BOTTOM,2023-08-21,14.38,-1.5,109.7,143.0,-5.4,93.4,113.4,-8.8
NGNE,BREAKOUT,2023-12-25,19.38,162.6,87.8,18.5,152.3,72.5,-8.3,0.0
NGNE,BOTTOM,2024-05-27,37.6,-0.5,-32.4,-54.8,-7.7,-47.3,-67.9,-46.0
NGNE,BREAKOUT,2024-10-14,54.4,-69.5,-78.9,-46.6,-72.1,-69.5,-61.7,-83.8
NGNE,BOTTOM,2024-12-16,22.64,-37.2,-21.6,-9.2,-32.9,-22.7,-25.7,-61.2
NGNE,BOTTOM,2025-11-17,20.06,-12.1,38.1,,-17.0,24.3,,-14.1
NGNE,BREAKOUT,2026-06-29,35.34,,,,,,,0.0
NGVT,BOTTOM,2020-07-27,58.48,-6.2,12.3,45.2,-6.6,-1.9,8.9,-17.4
NGVT,BOTTOM,2022-07-11,61.78,-0.6,32.1,-2.5,6.1,27.8,-21.0,-1.9
NGVT,BOTTOM,2024-06-03,48.04,-26.4,-1.9,-12.5,-27.9,-16.5,-26.1,-30.0
NGVT,BOTTOM,2025-02-10,45.1,-4.8,21.0,69.8,-2.5,14.8,56.6,-30.3
NGVT,BREAKOUT,2025-08-04,51.27,-5.6,41.8,,-11.2,32.8,,-5.6
NHC,BOTTOM,2020-12-14,58.06,15.7,2.6,-0.2,9.8,-10.5,-26.4,-5.6
NHC,BREAKOUT,2023-08-07,64.5,5.0,36.1,83.0,5.8,22.8,61.7,-6.4
NHI,BREAKOUT,2018-08-13,49.44,-3.4,10.0,10.7,0.1,11.7,7.4,-9.3
NHI,BOTTOM,2020-11-30,47.74,8.5,3.0,-14.6,4.4,-12.1,-38.9,-0.9
NHI,BREAKOUT,2022-07-25,51.74,-10.7,-8.1,-9.1,-5.5,-7.4,-21.9,-19.6
NIC,BREAKOUT,2019-03-25,57.44,4.1,11.9,-10.9,-0.1,6.4,-2.5,-1.9
NIC,BOTTOM,2020-09-14,57.38,14.9,43.6,21.0,2.8,24.9,-14.3,-8.0
NIC,BREAKOUT,2021-12-20,83.8,9.7,-14.6,-6.9,13.2,1.9,10.4,-15.1
NIC,BREAKOUT,2026-01-19,140.62,3.2,,,-0.7,,,-2.7
NICE,BREAKOUT,2021-07-19,287.27,-2.0,-13.9,-27.4,-5.3,-14.1,-18.4,-13.9
NICE,BREAKOUT,2024-02-19,238.2,-20.4,-25.2,-34.8,-25.0,-36.6,-54.4,-33.8
NICE,BOTTOM,2024-07-08,174.19,-1.8,-7.2,-11.1,-5.6,-11.5,-23.9,-9.5
NICE,BOTTOM,2024-12-23,173.45,-10.4,-4.8,-35.0,-4.0,-8.8,-52.4,-19.8
NJR,BREAKOUT,2018-06-18,33.57,5.9,8.8,18.1,-0.9,20.3,8.9,0.0
NJR,BREAKOUT,2022-02-21,36.9,7.3,6.8,22.3,12.2,13.5,30.2,-3.4
NKE,BREAKOUT,2020-08-10,97.17,20.8,34.1,62.7,14.1,16.6,28.3,0.0
NKTR,BOTTOM,2020-07-20,346.2,-24.0,-28.2,-28.5,-32.2,-48.6,-67.6,-31.4
NKTR,BREAKOUT,2021-02-15,373.8,-27.7,-45.4,-57.7,-34.4,-59.8,-70.5,-45.4
NKTR,BOTTOM,2021-03-22,299.85,-13.6,-7.4,-71.9,-21.7,-20.2,-87.7,-31.9
NKTR,BOTTOM,2024-07-29,18.0,2.5,-30.8,27.6,-5.0,-44.5,9.4,-30.8
NKTR,BREAKOUT,2025-06-23,25.76,127.1,72.7,147.1,119.2,59.8,127.2,-10.9
NLY,BREAKOUT,2019-12-23,16.12,-35.5,-28.2,-1.2,-14.4,-22.1,-17.7,-55.9
NLY,BOTTOM,2020-11-02,13.62,21.9,33.9,33.3,10.7,12.4,-2.4,0.0
NMIH,BOTTOM,2018-05-14,17.1,26.6,18.5,59.3,21.1,16.7,51.9,-4.7
NMIH,BOTTOM,2020-12-14,23.52,2.7,-3.6,-11.9,-3.2,-16.7,-38.2,-9.8
NMIH,BREAKOUT,2025-06-23,42.19,-6.9,-1.8,-3.7,-14.9,-14.8,-23.6,-15.9
NMIH,BREAKOUT,2026-07-13,43.01,,,,,,,
NMM,BOTTOM,2019-09-16,15.39,5.3,-73.5,-61.0,-2.8,-51.0,-74.0,-73.5
NMM,BOTTOM,2020-11-30,8.6,101.8,192.4,196.6,97.7,177.3,172.3,0.0
NMM,BOTTOM,2023-03-20,23.47,-11.7,-4.8,76.2,-21.6,-14.4,42.6,-14.3
NMM,BREAKOUT,2024-01-01,29.29,44.9,76.4,55.3,33.7,57.1,27.1,-5.8
NMM,BOTTOM,2025-08-04,44.21,9.7,36.1,,4.1,27.1,,-2.8
NMM,BREAKOUT,2025-11-10,52.44,18.0,36.6,,16.3,26.0,,-4.6
NMR,BREAKOUT,2018-01-15,6.23,-13.8,-28.1,-38.2,-9.2,-28.7,-35.0,-30.0
NMR,BREAKOUT,2019-11-04,4.36,6.5,-13.3,1.9,-1.6,-9.0,-13.6,-19.9
NMR,BREAKOUT,2020-11-30,5.03,11.0,1.7,-22.0,6.8,-13.5,-46.3,-5.1
NMRK,BREAKOUT,2019-10-28,10.47,4.7,-68.0,-57.2,-0.9,-61.4,-66.0,-74.2
NMRK,BOTTOM,2021-01-18,6.94,44.3,63.2,104.5,35.1,47.5,88.5,-7.8
NMRK,BREAKOUT,2023-12-11,9.68,6.9,2.6,47.4,-2.1,-13.4,17.5,-3.3
NMRK,BREAKOUT,2025-08-04,16.09,7.3,4.1,,1.7,-4.9,,0.0
NN,BOTTOM,2022-12-19,2.8,-38.6,7.9,54.6,-42.3,-6.1,29.1,-38.6
NN,BREAKOUT,2023-08-07,4.5,2.2,-2.0,62.2,3.0,-15.3,41.0,-16.7
NN,BOTTOM,2024-01-08,3.98,86.2,116.3,201.0,78.7,98.1,177.7,-5.8
NN,BREAKOUT,2024-03-18,6.19,25.2,24.2,93.4,20.4,14.5,83.8,0.0
NN,BOTTOM,2025-02-10,12.72,9.6,14.1,26.5,11.8,7.9,13.4,-17.5
NN,BREAKOUT,2025-08-25,17.81,-20.2,-9.7,,-26.5,-16.6,,-32.8
NNE,BREAKOUT,2025-09-15,46.31,-28.7,-54.4,,-31.5,-52.7,,-54.4
NNE,BOTTOM,2025-11-17,29.79,-17.4,-10.3,,-22.3,-24.1,,-31.9
NNI,BREAKOUT,2017-10-16,53.41,-10.0,-8.7,-4.2,-19.6,-13.4,-13.6,-16.6
NNI,BREAKOUT,2019-05-06,58.05,7.2,-2.0,-27.6,5.5,-10.3,-31.2,-7.8
NNI,BREAKOUT,2022-11-14,94.21,-3.2,-2.7,-10.9,-6.5,-9.2,-26.5,-8.6
NNI,BREAKOUT,2023-06-05,97.14,-8.4,-14.1,1.6,-12.4,-21.9,-24.4,-17.3
NNI,BREAKOUT,2024-05-06,106.75,-1.7,3.6,4.2,-4.4,-12.0,-5.5,-10.2
NNN,BREAKOUT,2018-06-18,29.18,2.6,13.1,31.0,-4.1,24.6,21.9,0.0
NNN,BOTTOM,2020-06-15,26.04,4.8,16.3,38.7,-2.8,-4.3,2.3,-7.9
NNN,BOTTOM,2021-01-25,29.6,20.4,28.1,16.5,7.2,8.8,-4.5,0.0
NNN,BREAKOUT,2022-07-25,38.73,-10.9,1.5,-5.4,-5.7,2.2,-18.1,-19.0
NOC,BREAKOUT,2024-07-29,478.51,2.9,-0.7,20.7,-4.6,-14.3,2.5,-6.5
NOG,BOTTOM,2018-03-12,16.57,33.0,66.5,14.8,31.5,59.9,10.2,-29.2
NOG,BOTTOM,2019-05-27,15.78,-7.5,-10.6,-60.8,-14.3,-25.8,-73.6,-24.6
NOG,BOTTOM,2020-01-27,13.16,-53.0,-51.8,-38.6,-41.4,-54.3,-55.7,-60.8
NOG,BREAKOUT,2024-04-08,37.06,-6.4,-4.3,-44.6,-16.4,-18.5,-50.5,-18.4
NOG,BREAKOUT,2024-11-18,38.41,-22.7,-36.0,-47.3,-23.8,-33.8,-59.4,-46.6
NOG,BREAKOUT,2026-03-23,29.66,-36.9,,,-52.1,,,-39.5
NOK,BREAKOUT,2019-01-21,5.81,-18.8,-12.4,-37.3,-29.7,-27.1,-63.4,-25.3
NOK,BOTTOM,2020-09-21,3.4,2.9,7.4,47.6,-9.8,-14.0,10.7,-10.8
NOK,BOTTOM,2021-03-01,3.49,41.2,55.7,23.7,30.7,36.8,9.6,0.0
NOK,BREAKOUT,2021-05-03,4.58,19.6,13.1,-2.3,14.4,1.4,-1.1,-3.9
NOK,BREAKOUT,2024-07-08,3.82,10.2,15.1,28.8,6.4,10.7,16.0,-8.5
NOMD,BREAKOUT,2020-07-27,20.69,5.2,8.8,13.3,4.8,-5.4,-23.0,0.0
NOMD,BOTTOM,2026-03-23,9.57,16.3,,,1.0,,,-3.1
NOV,BREAKOUT,2021-03-01,15.73,2.1,-25.1,6.4,-8.4,-44.0,-7.7,-29.5
NOV,BREAKOUT,2022-02-28,16.74,15.0,-2.8,27.8,19.7,5.7,32.8,-22.1
NOV,BOTTOM,2022-08-15,16.44,26.8,21.6,16.4,32.6,24.3,11.3,-15.0
NOV,BREAKOUT,2022-10-17,19.94,7.0,-15.2,-6.2,0.7,-26.2,-20.5,-19.9
NOV,BOTTOM,2022-12-12,18.32,-12.0,-21.0,1.0,-14.2,-36.5,-23.3,-25.1
NOV,BOTTOM,2025-09-15,12.39,24.7,49.4,,21.9,51.1,,-2.5
NOVT,BREAKOUT,2020-01-13,97.64,-17.5,6.4,31.6,-4.3,8.5,16.3,-31.1
NOVT,BOTTOM,2025-11-03,105.45,34.2,31.2,,30.9,20.6,,-1.6
NOVT,BREAKOUT,2026-02-09,146.39,4.5,,,-4.2,,,-22.7
NOW,BREAKOUT,2020-01-13,62.5,-4.1,35.0,64.4,9.0,37.1,49.1,-20.1
NOW,BREAKOUT,2021-08-16,120.1,12.6,-7.4,-20.7,6.5,-6.0,-17.3,-15.4
NOW,BOTTOM,2025-08-04,174.5,-1.2,-42.3,,-6.8,-51.3,,-42.3
NPK,BREAKOUT,2018-06-04,82.55,9.0,1.8,-17.1,5.1,6.2,-22.5,-1.2
NPK,BREAKOUT,2024-12-02,87.01,1.5,0.4,15.2,6.4,1.2,1.0,-7.5
NPKI,BREAKOUT,2017-09-11,9.5,-12.1,-6.8,-0.5,-19.6,-17.9,-18.9,-16.8
NPKI,BREAKOUT,2018-04-23,10.25,4.4,-23.3,-31.1,-1.7,-23.8,-43.3,-23.3
NPKI,BREAKOUT,2022-03-07,4.7,-9.1,-36.4,-3.6,-2.2,-33.9,3.0,-45.7
NPKI,BREAKOUT,2023-01-09,4.87,-18.9,8.0,29.4,-22.8,-5.6,7.9,-23.0
NPO,BOTTOM,2019-06-03,56.99,4.1,5.1,-11.1,-0.0,-5.4,-24.4,-0.9
NPO,BREAKOUT,2022-10-31,117.51,-0.3,-17.8,-0.9,-10.4,-28.4,-18.2,-21.6
NPO,BREAKOUT,2023-06-12,125.69,-1.5,17.8,13.8,-2.7,10.2,-11.1,-10.6
NRDS,BOTTOM,2022-12-26,9.6,68.5,-2.0,53.3,61.1,-18.8,27.2,-9.0
NRDS,BOTTOM,2024-06-03,13.15,-7.4,2.9,-15.2,-8.9,-11.6,-28.8,-14.2
NRDS,BOTTOM,2024-12-09,13.34,-32.5,-17.8,8.2,-25.9,-17.3,-6.0,-38.0
NRDS,BREAKOUT,2025-11-24,15.01,-27.7,-42.7,,-28.4,-54.0,,-48.2
NRG,BREAKOUT,2022-05-16,41.3,-5.2,-6.0,-23.8,-14.0,-8.5,-33.0,-22.1
NRG,BOTTOM,2022-12-19,29.33,-0.2,11.2,63.3,-3.9,-2.8,37.8,-0.3
NRG,BOTTOM,2023-06-05,32.04,17.1,43.0,136.0,13.1,35.2,110.0,0.0
NRG,BREAKOUT,2023-10-30,43.12,22.5,72.6,97.2,8.4,54.1,64.1,0.0
NRIX,BREAKOUT,2024-02-26,13.56,16.2,85.8,13.9,13.0,75.2,-3.4,-8.8
NSA,BREAKOUT,2017-10-30,16.53,-1.8,7.5,5.7,-9.0,3.6,-1.4,-5.1
NSA,BOTTOM,2020-06-15,20.7,22.8,26.2,80.3,15.2,5.6,43.9,-4.8
NSA,BREAKOUT,2021-01-04,27.81,12.2,44.0,78.2,3.9,29.0,54.3,-2.3
NSA,BREAKOUT,2026-03-16,36.66,21.3,,,5.8,,,-0.1
NSC,BREAKOUT,2020-01-13,183.46,-22.9,-9.2,23.2,-9.8,-7.1,7.9,-40.6
NSC,BREAKOUT,2024-01-29,239.64,-5.6,-1.9,3.4,-9.4,-10.4,-19.9,-14.0
NSC,BREAKOUT,2024-11-04,263.67,-7.8,-16.8,6.9,-8.6,-11.7,-6.7,-21.9
NSC,BREAKOUT,2025-07-14,271.62,5.3,6.1,25.2,-0.9,-4.8,5.5,-0.2
NSIT,BREAKOUT,2018-05-21,46.94,19.8,-5.3,15.4,13.7,-2.9,9.5,-5.3
NSIT,BREAKOUT,2020-11-23,72.85,14.7,43.4,38.2,9.7,27.0,10.3,-1.6
NSIT,BREAKOUT,2022-03-14,108.52,-19.1,-22.1,27.2,-1.7,-9.6,38.0,-22.1
NSIT,BREAKOUT,2023-01-09,111.1,24.1,34.3,64.9,20.2,20.7,43.5,-0.7
NSSC,BREAKOUT,2018-03-26,5.61,25.2,27.8,77.3,21.7,16.3,67.8,-9.0
NSSC,BOTTOM,2020-02-24,9.74,11.7,19.4,53.0,8.4,-0.2,22.3,-32.7
NSSC,BOTTOM,2020-09-07,10.77,16.4,52.1,69.0,6.3,33.2,33.7,0.0
NSSC,BREAKOUT,2025-09-08,41.47,0.7,2.2,,-3.3,0.9,,-11.7
NTAP,BREAKOUT,2020-12-07,54.08,10.1,36.8,48.2,2.1,20.0,17.9,-0.1
NTAP,BREAKOUT,2023-06-12,69.68,5.2,21.2,73.7,3.9,13.5,48.9,-2.2
NTAP,BREAKOUT,2026-05-18,138.94,,,,,,,0.0
NTB,BREAKOUT,2025-02-10,38.22,9.0,12.3,35.5,11.2,6.1,22.3,-10.4
NTCT,BREAKOUT,2021-01-11,30.06,-4.0,-4.7,5.2,-15.4,-20.3,-20.2,-12.8
NTCT,BREAKOUT,2021-11-01,33.94,-8.6,-4.5,2.8,-4.7,7.1,21.3,-12.7
NTCT,BREAKOUT,2022-05-09,34.46,-5.0,0.3,-13.3,-11.7,0.3,-17.5,-10.9
NTCT,BREAKOUT,2025-01-20,22.93,-8.1,-3.0,19.0,1.1,-8.4,4.3,-15.8
NTES,BREAKOUT,2019-04-01,48.0,-6.2,-5.1,20.2,-10.2,-8.1,32.5,-21.2
NTES,BOTTOM,2022-07-11,78.56,-20.3,3.3,24.2,-13.5,-1.1,5.6,-35.6
NTES,BREAKOUT,2023-06-12,91.16,3.6,5.5,-3.6,2.4,-2.1,-28.5,-5.5
NTGR,BOTTOM,2024-04-29,11.63,31.1,95.9,139.2,26.6,83.5,126.9,0.0
NTLA,BOTTOM,2017-12-04,21.22,64.7,28.3,-25.0,59.1,22.6,-26.1,-13.4
NTLA,BOTTOM,2018-10-22,19.85,-25.6,-14.2,-44.1,-26.4,-25.9,-60.0,-42.6
NTLA,BOTTOM,2019-03-11,16.69,-16.7,-14.6,-31.3,-19.5,-22.2,-28.5,-18.3
NTLA,BREAKOUT,2020-05-18,20.99,-3.4,54.1,202.4,-18.8,32.8,159.7,-16.6
NTLA,BOTTOM,2023-07-17,43.37,-38.6,-41.1,-42.2,-32.1,-48.6,-65.3,-46.6
NTLA,BOTTOM,2024-04-01,24.78,-8.2,-27.4,-73.2,-15.5,-38.6,-71.9,-27.4
NTLA,BOTTOM,2025-08-25,11.35,-20.8,21.4,,-27.1,14.4,,-27.7
NTLA,BREAKOUT,2025-10-06,24.52,-57.7,-45.0,,-64.3,-49.6,,-66.5
NTNX,BOTTOM,2020-10-05,23.12,34.3,18.5,53.0,23.9,-1.1,25.0,0.0
NTNX,BREAKOUT,2023-08-28,34.9,28.3,84.5,81.1,26.2,70.0,54.4,-0.5
NTR,BOTTOM,2020-06-15,29.17,18.2,37.3,69.8,10.6,16.7,33.4,-9.8
NTR,BREAKOUT,2020-11-23,41.42,10.3,28.1,41.5,5.2,11.7,13.5,-4.3
NTR,BOTTOM,2024-06-24,47.94,-4.2,-12.0,18.2,-9.5,-22.0,3.8,-12.0
NTRA,BREAKOUT,2018-06-18,16.07,49.7,-21.8,57.6,42.9,-10.4,48.4,-21.8
NTRA,BOTTOM,2018-12-10,15.3,26.8,61.8,139.1,17.7,49.6,114.8,-17.9
NTRA,BREAKOUT,2019-08-05,32.38,13.9,9.8,63.3,7.5,-5.2,46.3,-12.7
NTRA,BREAKOUT,2021-09-13,126.36,-24.3,-68.6,-61.6,-28.9,-70.0,-50.2,-69.2
NTRA,BREAKOUT,2023-02-27,58.12,-16.0,7.6,53.8,-22.3,-4.9,25.0,-21.1
NTRA,BREAKOUT,2025-09-15,181.11,28.1,7.8,,25.2,9.5,,-10.0
NTRA,BREAKOUT,2026-06-22,261.91,,,,,,,0.0
NTRS,BOTTOM,2020-06-15,69.14,-0.3,13.0,36.1,-7.8,-7.6,-0.3,-8.0
NTRS,BOTTOM,2023-02-20,83.84,-21.6,-18.6,-9.5,-28.0,-30.4,-39.5,-24.5
NU,BREAKOUT,2023-05-01,5.46,43.8,55.3,113.9,35.1,49.2,88.2,0.0
NU,BREAKOUT,2025-09-08,15.69,7.7,-11.5,,3.7,-12.8,,-11.5
NUE,BREAKOUT,2017-12-18,53.73,-7.4,3.8,-17.6,-4.2,0.2,-9.3,-7.4
NUE,BREAKOUT,2020-11-30,51.48,12.4,95.3,100.0,8.2,80.2,75.7,-13.0
NUE,BREAKOUT,2022-02-21,121.74,6.3,8.9,27.0,11.1,15.6,35.0,-18.1
NUE,BREAKOUT,2023-01-23,158.8,-10.9,1.9,6.3,-13.8,-11.6,-15.7,-18.1
NUTX,BREAKOUT,2025-12-08,184.89,-52.0,-21.9,,-49.4,-31.3,,-52.0
NUVB,BREAKOUT,2024-02-26,2.23,39.0,44.4,-11.7,35.9,33.8,-29.0,0.0
NUVB,BREAKOUT,2025-09-01,3.9,119.2,17.7,,113.0,13.2,,-19.5
NVAX,BREAKOUT,2017-11-20,30.8,51.3,9.1,11.7,45.2,3.6,8.7,-24.7
NVAX,BOTTOM,2017-12-25,24.8,69.4,8.1,48.4,70.4,5.5,53.8,0.0
NVAX,BREAKOUT,2018-12-10,48.2,-78.8,-89.7,-91.6,-87.9,-101.9,-115.9,-89.7
NVAX,BREAKOUT,2020-02-24,16.0,187.8,573.4,1345.2,184.4,553.8,1314.4,-47.4
NVAX,BOTTOM,2021-10-11,161.95,-31.6,-63.8,-87.9,-36.2,-62.7,-69.3,-63.8
NVAX,BOTTOM,2023-10-09,7.05,-35.0,-39.3,77.7,-46.0,-58.5,41.6,-44.3
NVAX,BREAKOUT,2024-05-13,13.01,-0.4,-43.7,-48.3,-5.4,-55.1,-61.9,-43.7
NVAX,BOTTOM,2024-07-08,13.11,-4.4,-28.9,-47.8,-8.2,-33.2,-60.6,-44.2
NVAX,BOTTOM,2025-09-22,8.55,-20.1,-1.2,,-24.7,2.5,,-24.3
NVAX,BREAKOUT,2026-02-23,10.14,8.2,,,-2.4,,,-24.1
NVAX,BOTTOM,2026-03-30,7.7,26.5,,,12.6,,,0.0
NVCR,BREAKOUT,2020-09-14,110.74,44.7,27.9,18.3,32.5,9.3,-17.1,-3.5
NVCR,BOTTOM,2021-04-05,132.09,47.3,-15.6,-34.9,41.1,-22.7,-45.1,-15.6
NVCR,BOTTOM,2022-04-18,79.21,-9.4,-8.3,-20.7,-2.5,3.1,-19.1,-26.8
NVCR,BOTTOM,2023-02-06,85.79,-12.6,-63.6,-82.2,-13.8,-73.6,-106.9,-66.7
NVCR,BOTTOM,2024-05-27,22.01,-11.7,-9.0,-13.2,-18.9,-23.9,-26.4,-33.1
NVCR,BREAKOUT,2024-12-02,27.96,-27.8,-39.2,-56.7,-22.9,-38.4,-70.9,-44.3
NVCR,BOTTOM,2025-05-12,17.89,-34.4,-36.7,-1.7,-43.0,-50.5,-27.6,-39.0
NVDA,BREAKOUT,2019-11-04,5.16,21.2,50.6,180.9,13.1,54.9,165.4,-1.7
NVDA,BREAKOUT,2025-06-23,157.54,13.0,20.8,22.2,5.0,7.9,2.3,0.0
NVG,BREAKOUT,2020-11-30,11.78,0.2,8.7,11.6,-4.0,-6.4,-12.7,-0.6
NVG,BOTTOM,2023-03-06,9.23,1.4,-3.1,10.2,-10.5,-19.4,-24.4,-3.1
NVGS,BOTTOM,2018-03-19,11.09,13.4,5.2,-4.6,6.5,-9.0,-14.9,-6.9
NVGS,BREAKOUT,2019-11-11,12.25,-9.4,-57.1,-41.3,-18.2,-49.9,-58.3,-66.8
NVGS,BOTTOM,2022-01-10,9.06,48.7,10.8,28.2,54.2,27.3,41.1,-8.4
NVGS,BREAKOUT,2022-03-21,12.33,-14.9,-14.5,3.9,-1.4,3.5,15.0,-18.6
NVMI,BOTTOM,2023-03-06,94.01,23.9,26.8,86.5,12.1,10.5,51.9,-2.7
NVMI,BREAKOUT,2023-05-22,111.52,8.6,12.0,91.5,3.4,2.8,63.7,-18.5
NVMI,BREAKOUT,2025-01-13,244.91,-28.3,13.6,82.0,-16.6,7.9,64.9,-33.8
NVO,BREAKOUT,2022-11-28,58.17,14.2,24.8,60.3,14.4,18.8,45.7,0.0
NVR,BREAKOUT,2019-04-29,3270.0,4.1,12.2,-7.1,4.1,7.1,-5.3,-2.1
NVRI,BOTTOM,2019-08-05,18.39,23.4,-25.7,-14.8,17.0,-40.7,-31.9,-25.7
NVRI,BOTTOM,2020-01-27,14.9,-42.3,7.1,11.6,-30.8,4.6,-5.6,-58.9
NVRI,BOTTOM,2020-10-26,12.9,28.9,39.0,32.6,15.1,10.2,-10.1,-1.1
NVRI,BOTTOM,2023-03-20,6.19,45.9,21.2,32.8,36.0,11.6,-0.8,0.0
NVS,BREAKOUT,2018-11-26,61.12,-0.1,7.8,16.2,-2.5,6.9,-0.1,-8.9
NVS,BREAKOUT,2022-04-04,80.12,-9.0,-18.4,8.3,3.7,-0.2,15.3,-18.4
NVS,BREAKOUT,2023-03-27,82.94,9.7,10.7,9.1,1.0,5.5,-20.5,0.0
NVS,BREAKOUT,2025-06-02,114.53,9.9,12.0,30.2,1.6,-3.1,5.7,-3.2
NVST,BOTTOM,2023-03-06,37.44,-15.1,-20.2,-43.3,-26.9,-36.5,-77.9,-20.2
NVT,BREAKOUT,2022-10-31,36.77,5.6,9.9,32.3,-4.5,-0.6,15.0,-3.3
NVT,BREAKOUT,2025-07-21,78.11,30.4,41.0,,23.8,32.2,,0.0
NVTS,BREAKOUT,2023-05-15,8.5,-6.8,-18.5,-55.1,-11.5,-26.9,-83.4,-39.4
NVTS,BREAKOUT,2025-05-26,5.1,14.9,71.4,421.6,5.1,54.8,391.7,0.0
NVTS,BOTTOM,2025-08-18,6.43,17.6,22.6,,15.2,15.1,,-12.9
NVTS,BOTTOM,2025-12-22,7.4,11.9,133.8,,19.8,127.6,,0.0
NVTS,BREAKOUT,2026-04-20,17.28,,,,,,,-33.7
NVTS,BOTTOM,2026-07-06,13.47,,,,,,,-14.9
NVVE,BOTTOM,2021-12-13,3977280.0,-46.6,-60.0,-93.8,-43.5,-40.2,-78.5,-60.0
NVVE,BOTTOM,2022-04-18,1967040.0,-43.0,-84.5,-91.9,-36.2,-73.1,-90.3,-84.5
NWBI,BREAKOUT,2022-08-08,11.68,1.3,-2.1,-14.1,7.6,1.5,-20.1,-9.1
NWBI,BREAKOUT,2026-02-02,13.15,5.6,,,-1.5,,,-8.5
NWE,BOTTOM,2020-06-15,41.63,-9.7,5.0,17.2,-17.2,-15.6,-19.2,-9.7
NWE,BREAKOUT,2023-04-03,52.49,-6.6,-17.9,-14.3,-14.2,-23.7,-42.8,-19.4
NWG,BREAKOUT,2019-12-09,4.64,-49.2,-51.5,-38.1,-34.5,-48.4,-55.8,-62.7
NWG,BOTTOM,2020-06-15,2.2,-17.5,39.4,87.1,-25.1,18.8,50.6,-17.5
NWG,BREAKOUT,2021-02-15,3.65,16.8,19.5,31.4,10.1,5.0,18.6,0.0
NWG,BREAKOUT,2023-01-02,5.34,2.4,-8.7,-8.4,-3.5,-22.6,-30.8,-11.8
NWG,BREAKOUT,2024-03-18,5.95,24.3,38.8,89.8,19.5,29.1,80.2,0.0
NWL,BOTTOM,2020-06-15,12.0,13.3,33.1,70.9,5.7,12.5,34.5,-5.2
NWL,BOTTOM,2020-08-31,12.52,36.5,54.1,63.2,28.1,41.2,29.0,0.0
NWL,BREAKOUT,2020-11-09,15.14,23.9,49.7,27.7,13.8,32.5,-4.7,0.0
NWL,BOTTOM,2025-09-01,6.05,-40.6,-31.3,,-46.9,-35.8,,-50.4
NWN,BREAKOUT,2018-09-10,50.33,-1.3,-4.3,8.0,8.7,-2.5,2.4,-14.4
NWN,BREAKOUT,2022-02-28,46.3,-0.5,-13.5,-10.3,4.3,-5.0,-5.4,-13.7
NWPX,BREAKOUT,2017-10-02,19.64,-0.1,-2.6,3.1,-8.1,-5.7,-12.2,-12.5
NWPX,BOTTOM,2020-06-15,24.6,8.0,11.1,16.9,0.4,-9.5,-19.6,-7.5
NWPX,BOTTOM,2020-09-14,26.57,2.8,27.5,-6.0,-9.3,8.9,-41.4,-4.4
NWPX,BREAKOUT,2025-10-27,60.16,12.1,77.9,,10.4,71.6,,-7.0
NWS,BREAKOUT,2019-09-02,13.53,-6.5,-21.9,4.6,-12.6,-22.6,-12.6,-21.9
NWS,BREAKOUT,2020-08-10,14.62,12.1,53.3,49.2,5.3,35.8,14.9,-15.1
NWS,BREAKOUT,2023-08-07,21.22,0.9,26.0,33.7,1.7,12.7,12.4,-5.7
NWS,BREAKOUT,2025-08-18,34.93,-17.3,-24.3,,-19.7,-31.7,,-26.8
NWSA,BREAKOUT,2019-09-09,13.63,-6.6,-27.3,4.5,-12.5,-17.6,-8.6,-27.3
NWSA,BREAKOUT,2020-08-10,14.5,11.5,55.7,55.0,4.8,38.2,20.7,-13.8
NWSA,BOTTOM,2023-03-06,15.54,20.8,32.4,66.4,8.9,16.1,31.8,0.0
NWSA,BREAKOUT,2025-08-18,30.27,-15.5,-22.2,,-17.9,-29.6,,-26.0
NX,BREAKOUT,2020-10-05,18.26,28.6,37.9,8.9,18.2,18.4,-19.2,-8.2
NXE,BOTTOM,2018-12-10,1.93,-11.6,-22.5,-38.0,-20.7,-34.7,-62.2,-28.7
NXE,BOTTOM,2020-01-13,1.27,-12.6,20.5,107.9,0.5,22.6,92.6,-53.5
NXE,BOTTOM,2022-05-16,4.53,-19.9,-4.2,-13.5,-28.7,-6.7,-22.7,-21.9
NXE,BOTTOM,2023-03-06,3.89,12.9,40.6,88.9,1.0,24.3,54.3,-8.2
NXE,BREAKOUT,2023-08-07,4.94,21.3,53.8,13.0,22.0,40.5,-8.3,-1.6
NXE,BREAKOUT,2024-11-18,8.88,-37.0,-29.7,-14.9,-38.1,-27.6,-26.9,-52.9
NXE,BREAKOUT,2025-09-22,9.1,1.6,21.3,,-3.0,25.0,,-16.9
NXPI,BOTTOM,2019-06-03,82.32,14.5,28.9,24.5,10.4,18.4,11.2,-1.6
NXPI,BREAKOUT,2020-10-05,128.29,24.0,48.6,35.9,13.6,29.1,7.9,-4.5
NXRT,BREAKOUT,2018-06-25,20.62,17.6,24.0,50.0,10.0,31.8,39.8,-2.8
NXRT,BOTTOM,2023-03-13,35.14,11.6,-13.5,-25.5,-1.5,-28.0,-58.1,-13.5
NXRT,BOTTOM,2023-08-14,31.23,-17.3,-14.3,27.4,-20.9,-29.6,-1.3,-27.2
NXST,BREAKOUT,2017-12-04,56.98,-0.3,-1.2,20.5,-5.9,-6.9,19.4,-13.5
NXST,BREAKOUT,2019-12-16,96.21,-57.1,-25.5,-10.9,-28.9,-22.7,-28.2,-57.1
NXST,BOTTOM,2020-10-19,75.58,20.3,72.2,71.4,9.1,50.8,38.5,-8.8
NXST,BREAKOUT,2021-02-01,105.65,18.2,23.1,37.5,9.0,8.2,20.2,-0.1
NXT,BOTTOM,2025-03-03,41.56,41.8,68.7,144.1,37.4,55.7,125.9,-6.1
NXTC,BOTTOM,2023-06-26,21.6,-28.3,-36.7,-11.7,-25.1,-44.7,-36.2,-40.8
NXTC,BREAKOUT,2024-03-18,22.8,-14.7,-27.4,-70.0,-19.5,-37.1,-79.6,-28.9
NXTC,BOTTOM,2024-05-06,19.8,-3.0,-21.8,-73.0,-5.7,-37.4,-82.7,-21.8
NXTC,BOTTOM,2025-11-17,10.51,30.6,-25.5,,25.7,-39.3,,-25.5
NYT,BREAKOUT,2020-02-03,35.17,-4.2,22.3,36.6,7.3,20.5,17.7,-23.5
NYT,BOTTOM,2023-01-02,32.49,15.5,18.5,38.9,9.6,4.6,16.5,-0.9
NYT,BREAKOUT,2025-05-26,56.27,5.1,13.7,33.2,-4.7,-3.0,3.4,-8.2
NZF,BREAKOUT,2025-09-08,11.61,4.1,5.0,,0.1,3.7,,-0.6
OBE,BOTTOM,2020-11-30,0.49,206.1,359.2,591.8,202.0,344.1,567.5,0.0
OBE,BREAKOUT,2021-01-04,1.06,30.2,240.6,409.4,21.9,225.6,385.6,-21.7
OBE,BOTTOM,2022-12-12,6.62,-13.4,-11.2,3.9,-15.6,-26.7,-20.4,-13.4
OBE,BREAKOUT,2025-09-22,6.71,-11.5,37.7,,-16.1,41.3,,-16.4
OBK,BREAKOUT,2019-12-09,33.54,-34.9,-45.0,-22.7,-20.2,-41.9,-40.3,-50.9
OBK,BOTTOM,2020-09-14,19.92,26.6,101.0,87.3,14.5,82.3,51.9,-7.1
OBK,BOTTOM,2023-11-27,31.5,-10.2,-4.1,6.4,-22.3,-19.8,-26.6,-13.4
OBK,BREAKOUT,2026-01-12,40.08,13.6,30.4,,10.7,22.4,,-0.4
OC,BOTTOM,2019-04-29,46.17,8.4,21.1,-19.3,8.4,15.9,-17.4,-6.8
OC,BREAKOUT,2019-09-09,53.66,7.7,-29.8,9.9,1.8,-20.1,-3.3,-29.8
OC,BREAKOUT,2023-01-30,94.99,4.4,40.4,56.6,3.9,31.3,34.9,-10.6
OCC,BOTTOM,2020-08-17,2.42,12.8,64.9,40.9,7.7,49.0,8.4,-0.8
OCC,BREAKOUT,2020-09-28,3.77,-28.9,-1.6,-0.5,-41.4,-22.5,-32.4,-29.2
OCC,BOTTOM,2022-10-24,3.61,11.4,16.1,-28.0,6.6,8.2,-35.2,-0.6
OCC,BOTTOM,2024-04-08,2.85,-7.0,-10.5,0.0,-17.0,-24.7,-5.9,-10.5
OCC,BREAKOUT,2024-12-23,3.84,-23.4,-24.5,15.1,-17.1,-28.4,-2.3,-33.3
OCC,BOTTOM,2025-05-12,3.0,80.3,125.7,292.7,71.7,111.9,266.8,-12.7
OCC,BREAKOUT,2025-08-25,6.35,27.6,-12.3,,21.3,-19.2,,-34.5
OCC,BOTTOM,2026-07-13,14.73,,,,,,,
OCFC,BREAKOUT,2018-05-21,21.51,1.1,-15.2,-15.0,-5.0,-12.8,-20.9,-15.2
OCFC,BOTTOM,2020-06-15,12.98,-13.1,15.8,26.4,-20.6,-4.8,-10.0,-17.3
OCFC,BOTTOM,2024-06-17,13.51,24.6,23.1,17.9,19.9,13.8,7.4,0.0
OCFC,BREAKOUT,2024-07-22,16.97,-3.7,3.6,-1.8,-10.4,-8.8,-20.2,-14.7
OCFC,BREAKOUT,2026-07-13,19.92,,,,,,,
OCS,BREAKOUT,2024-10-07,14.89,42.0,12.5,41.6,41.5,19.8,27.6,-5.8
OCS,BOTTOM,2025-05-12,17.85,0.3,9.8,69.7,-8.3,-3.9,43.9,-9.6
OCSL,BREAKOUT,2017-10-02,6.92,-10.0,-18.9,-4.0,-18.0,-21.9,-19.2,-21.3
OCSL,BREAKOUT,2019-12-16,8.15,-53.5,-13.0,9.0,-25.3,-10.2,-8.3,-53.5
OCSL,BREAKOUT,2020-11-16,8.47,15.8,29.3,48.2,5.6,11.7,14.3,0.0
OCSL,BREAKOUT,2023-07-24,14.12,-6.0,11.9,1.2,3.8,4.4,-19.6,-6.0
OCUL,BOTTOM,2018-04-16,6.45,-5.9,-4.3,-43.6,-11.3,-8.9,-54.5,-16.0
OCUL,BOTTOM,2019-12-16,4.02,3.7,120.8,433.1,32.0,123.5,415.8,0.0
OCUL,BREAKOUT,2024-02-12,7.58,-18.6,7.0,-4.0,-24.9,-4.7,-27.6,-37.4
OCUL,BOTTOM,2024-05-27,5.7,54.7,73.5,40.5,47.5,58.5,27.3,-13.3
OCUL,BREAKOUT,2024-10-14,11.33,-29.3,-35.5,4.5,-31.9,-26.1,-10.5,-43.9
OCUL,BOTTOM,2024-12-02,9.62,-21.6,-6.2,30.8,-16.7,-5.4,16.6,-33.9
ODC,BOTTOM,2019-08-05,13.76,14.8,11.0,11.1,8.3,-4.0,-5.9,-11.6
ODC,BREAKOUT,2024-12-09,42.73,11.2,30.0,17.5,17.7,30.6,3.3,-5.4
ODD,BREAKOUT,2024-12-02,47.92,-6.8,61.4,-5.5,-1.9,62.2,-19.7,-20.8
ODFL,BREAKOUT,2023-01-23,163.69,-3.9,28.4,18.2,-6.8,14.9,-3.8,-9.6
OFG,BOTTOM,2020-06-15,10.7,8.2,43.1,76.9,0.6,22.5,40.5,-2.8
OFG,BOTTOM,2020-12-14,15.32,30.6,23.6,45.9,24.8,10.5,19.7,-2.1
OFG,BREAKOUT,2026-04-20,45.21,,,,,,,-3.4
OGC,BOTTOM,2018-04-30,7.72,16.4,9.7,2.1,9.3,6.5,-10.6,-9.7
OGC,BOTTOM,2021-01-04,5.73,-13.7,-4.1,-21.3,-22.0,-19.0,-45.2,-27.4
OGC,BOTTOM,2021-06-21,5.76,-10.6,-15.7,-1.0,-15.0,-26.7,6.3,-17.7
OGC,BOTTOM,2021-12-20,4.86,37.1,17.4,16.2,40.6,33.9,33.5,-13.8
OGE,BOTTOM,2021-01-25,24.06,11.3,13.3,30.0,-1.8,-6.0,9.0,-4.1
OGE,BREAKOUT,2024-05-06,33.31,9.4,20.6,27.2,6.7,5.0,17.5,-3.1
OGN,BOTTOM,2025-11-03,6.73,21.4,97.9,,18.2,87.4,,-13.4
OGN,BOTTOM,2026-01-19,9.72,15.7,,,11.8,,,-40.0
OGS,BREAKOUT,2018-08-13,62.63,6.1,5.5,16.6,9.7,7.2,13.3,-2.7
OGS,BREAKOUT,2022-01-10,68.67,11.6,3.4,3.2,17.1,19.9,16.1,-6.4
OHI,BOTTOM,2020-06-15,18.34,8.0,31.7,31.2,0.4,11.1,-5.2,-2.5
OHI,BREAKOUT,2023-07-10,25.89,7.8,-0.9,16.7,11.4,-7.8,-9.7,-3.6
OHI,BREAKOUT,2024-05-27,28.32,24.5,30.0,22.8,17.3,15.0,9.6,-0.6
OI,BOTTOM,2020-06-15,8.69,25.8,32.9,85.7,18.2,12.3,49.3,-10.9
OI,BOTTOM,2020-09-07,11.13,4.2,15.6,27.7,-5.9,-3.3,-7.7,-15.3
OI,BOTTOM,2022-07-11,12.56,17.2,55.3,80.6,24.0,50.9,62.0,-1.3
OI,BREAKOUT,2023-01-02,18.93,16.6,13.2,-18.1,10.8,-0.7,-40.5,-0.3
OI,BOTTOM,2024-05-06,13.48,-13.6,-5.0,-0.3,-16.3,-20.6,-10.0,-21.7
OI,BOTTOM,2025-09-01,12.77,12.9,-10.9,,6.7,-15.4,,-11.6
OI,BREAKOUT,2026-02-02,16.63,-44.1,,,-51.2,,,-52.4
OII,BOTTOM,2017-10-30,20.8,-1.9,4.2,-8.8,-9.0,0.4,-16.0,-14.1
OII,BOTTOM,2018-01-08,22.44,-8.9,17.4,-29.8,-4.7,16.0,-24.7,-20.4
OII,BOTTOM,2019-04-08,16.82,16.2,-15.3,-75.6,12.1,-18.4,-73.4,-28.2
OII,BOTTOM,2019-08-05,12.35,15.7,3.9,-52.5,9.3,-11.1,-69.5,-2.3
OII,BOTTOM,2020-02-10,13.48,-65.1,-55.0,-30.0,-50.4,-55.8,-48.5,-78.9
OII,BREAKOUT,2022-12-19,16.81,-3.7,1.9,28.5,-7.4,-12.1,2.9,-3.7
OII,BOTTOM,2023-04-03,17.19,25.2,36.2,46.6,17.7,30.4,18.1,-5.8
OIS,BOTTOM,2018-04-02,27.5,18.9,21.6,-32.2,12.4,9.7,-45.5,0.0
OIS,BOTTOM,2019-05-27,16.64,-17.1,-4.2,-74.5,-23.9,-19.5,-87.3,-25.8
OIS,BOTTOM,2020-01-13,14.81,-83.1,-69.1,-54.6,-69.9,-67.1,-69.9,-86.6
OIS,BREAKOUT,2021-03-01,8.96,-14.7,-35.0,-34.4,-25.3,-53.9,-48.5,-44.5
OIS,BOTTOM,2021-05-24,6.43,-5.6,-18.5,20.8,-13.1,-28.5,20.7,-22.7
OIS,BOTTOM,2022-07-11,4.46,-1.3,86.1,81.8,5.4,81.7,63.3,-17.9
OIS,BREAKOUT,2023-01-09,8.3,-0.2,-2.3,-26.5,-4.1,-15.9,-47.9,-18.6
OKE,BREAKOUT,2023-01-09,58.99,-4.0,-7.4,5.7,-7.9,-21.0,-15.8,-16.8
OKE,BREAKOUT,2023-10-09,60.09,3.7,17.2,47.4,-7.2,-2.0,11.2,-5.5
OKTA,BREAKOUT,2020-04-13,148.09,40.0,64.7,82.3,27.3,42.6,34.4,0.0
OKTA,BOTTOM,2023-06-05,71.4,22.4,0.9,22.4,18.4,-7.0,-3.6,-6.1
OKTA,BREAKOUT,2023-12-18,89.36,18.8,-2.7,-6.8,8.4,-18.4,-33.2,-9.0
OKTA,BREAKOUT,2025-03-03,112.44,-6.5,-18.6,-28.2,-10.9,-31.7,-46.3,-18.6
OKTA,BREAKOUT,2026-05-25,123.27,,,,,,,-5.7
OLED,BREAKOUT,2019-02-18,137.04,3.1,40.1,19.9,1.4,37.1,-1.8,0.0
OLED,BREAKOUT,2020-11-16,208.77,1.8,-4.8,-30.0,-8.4,-22.4,-63.8,-14.4
OLLI,BOTTOM,2020-01-06,57.77,-5.4,73.6,58.1,8.7,75.0,38.9,-32.9
OLLI,BOTTOM,2020-10-26,87.09,8.8,5.9,-22.3,-5.0,-22.8,-64.9,-8.9
OLMA,BOTTOM,2023-02-27,4.1,38.3,158.8,261.0,32.0,146.3,232.2,-19.8
OLMA,BREAKOUT,2023-05-01,6.66,40.5,149.1,60.2,31.9,143.0,34.5,-21.2
OLMA,BOTTOM,2024-10-07,11.74,-57.1,-67.9,-10.0,-57.6,-60.6,-24.0,-72.3
OLMA,BOTTOM,2025-11-03,8.35,203.7,78.4,,200.5,67.9,,0.0
OLN,BREAKOUT,2017-09-18,26.43,3.0,-9.1,-16.3,-4.8,-13.5,-35.4,-9.1
OLN,BREAKOUT,2020-11-02,18.42,31.9,127.7,206.1,20.8,106.3,170.5,0.0
OLN,BREAKOUT,2022-05-23,61.11,-15.2,-12.7,-23.2,-13.2,-10.4,-26.1,-35.6
OLN,BOTTOM,2025-12-22,20.58,40.0,5.6,,47.9,-0.6,,-0.4
OLN,BREAKOUT,2026-03-23,28.81,-24.6,,,-39.8,,,-30.4
OMAB,BREAKOUT,2018-07-23,33.84,-2.1,-9.8,4.4,3.2,-5.2,-5.1,-32.0
OMAB,BOTTOM,2021-02-08,33.87,8.6,1.8,36.6,2.2,-12.5,22.9,-3.4
OMAB,BREAKOUT,2021-12-20,38.75,20.0,17.6,40.0,23.5,34.1,57.3,0.0
OMAB,BREAKOUT,2022-10-24,52.69,16.4,40.1,-6.3,11.7,32.3,-13.5,-4.7
OMC,BOTTOM,2020-06-15,42.88,-2.2,18.2,51.5,-9.7,-2.4,15.1,-10.4
OMC,BREAKOUT,2022-02-07,72.35,-8.3,-12.8,11.7,0.2,-10.5,17.6,-24.1
OMC,BREAKOUT,2023-01-02,76.34,8.9,9.7,3.1,3.1,-4.2,-19.3,-2.7
OMC,BREAKOUT,2026-02-16,81.57,-9.1,,,-17.6,,,-14.1
OMCL,BREAKOUT,2018-07-02,56.7,19.0,6.7,52.2,14.0,14.1,41.7,-5.2
OMCL,BOTTOM,2020-08-31,69.86,56.2,78.0,126.7,47.8,65.1,92.5,0.0
OMCL,BREAKOUT,2020-11-02,91.77,39.7,54.2,93.2,28.5,32.7,57.5,0.0
OMCL,BOTTOM,2023-07-10,72.37,-41.8,-52.8,-63.3,-38.2,-59.7,-89.7,-57.9
OMCL,BOTTOM,2025-09-01,32.11,26.1,28.6,,19.9,24.1,,-7.4
OMCL,BREAKOUT,2025-12-15,46.84,-29.4,-16.6,,-24.9,-26.9,,-30.1
OMER,BOTTOM,2019-09-23,16.4,-8.5,-32.3,-38.4,-18.4,-19.0,-51.8,-32.3
OMER,BOTTOM,2020-11-02,10.44,102.5,70.0,-27.7,91.3,48.6,-63.4,0.0
OMER,BREAKOUT,2021-01-18,19.67,-5.2,-27.9,-73.1,-14.4,-43.5,-89.0,-30.9
OMER,BOTTOM,2023-04-17,5.66,-6.4,-78.3,-46.1,-16.5,-81.2,-68.0,-78.3
OMER,BREAKOUT,2023-05-29,7.41,-52.2,-69.9,-54.7,-58.1,-78.0,-79.7,-85.4
OMER,BOTTOM,2024-08-26,4.21,169.6,99.8,-1.2,162.4,93.7,-17.0,-13.5
OMER,BOTTOM,2025-01-20,8.37,-12.7,-54.2,42.5,-3.5,-59.7,27.8,-63.1
OMER,BREAKOUT,2025-12-22,15.71,-37.1,-44.8,,-29.2,-51.0,,-44.8
OMER,BOTTOM,2026-03-09,11.19,-21.9,,,-34.2,,,-22.5
OMF,BREAKOUT,2017-10-09,13.75,11.0,-3.2,-2.6,1.4,-8.2,-12.9,-20.0
OMF,BREAKOUT,2019-07-29,18.65,7.0,10.4,-19.3,1.9,-0.6,-33.1,-8.2
OMF,BOTTOM,2020-09-07,17.41,42.4,101.3,115.4,32.4,82.3,80.0,-4.0
OMF,BREAKOUT,2020-12-07,24.8,41.3,49.6,39.6,33.2,32.9,9.3,0.0
ON,BOTTOM,2019-06-03,19.06,-2.6,16.2,5.8,-6.7,5.7,-7.5,-10.4
ON,BREAKOUT,2019-12-16,24.12,-55.1,-19.6,30.8,-26.9,-16.8,13.5,-55.1
ON,BREAKOUT,2020-10-05,26.35,34.8,63.0,68.8,24.4,43.5,40.8,-4.8
ON,BREAKOUT,2022-08-08,71.16,5.5,17.8,32.9,11.8,21.4,26.9,-18.8
ON,BOTTOM,2025-09-08,48.26,13.9,21.3,,9.9,20.0,,-5.2
ONB,BREAKOUT,2018-06-04,14.72,9.4,-6.5,-11.2,5.6,-2.1,-16.6,-9.5
ONB,BREAKOUT,2026-01-26,24.13,-0.9,,,-5.3,,,-12.5
ONC,BREAKOUT,2019-10-28,189.56,-19.6,-26.0,56.4,-25.2,-19.4,47.7,-33.8
ONC,BOTTOM,2019-12-30,162.34,-13.8,20.6,59.2,8.8,22.8,41.0,-22.7
ONC,BREAKOUT,2020-07-13,248.67,27.3,38.7,31.1,18.9,21.0,-5.0,-16.0
ONC,BREAKOUT,2021-09-13,403.14,-32.1,-52.1,-61.0,-36.7,-53.5,-49.7,-59.9
ONC,BREAKOUT,2023-01-09,270.66,-2.5,-27.5,-35.3,-6.4,-41.1,-56.7,-34.1
ONC,BOTTOM,2023-02-20,215.59,9.9,-8.0,-28.1,3.5,-19.8,-58.1,-17.3
ONC,BREAKOUT,2024-09-16,201.99,-12.6,24.7,65.6,-17.0,24.9,47.3,-12.6
ONC,BOTTOM,2024-11-04,205.47,8.8,12.9,55.7,8.0,18.0,42.2,-14.1
ONDS,BOTTOM,2023-08-21,0.89,49.7,40.8,-6.7,45.9,24.5,-36.3,-58.2
ONDS,BREAKOUT,2024-12-23,2.59,-56.8,-29.3,227.4,-50.4,-33.3,210.0,-73.0
ONDS,BREAKOUT,2025-08-04,3.55,63.7,173.0,,58.1,163.9,,0.0
ONON,BOTTOM,2023-03-06,20.49,47.8,44.4,61.5,36.0,28.1,26.9,0.0
ONON,BREAKOUT,2023-03-20,31.66,-6.0,-11.3,9.6,-15.9,-20.9,-24.0,-15.7
ONTO,BREAKOUT,2023-05-15,100.42,9.9,34.4,122.6,5.2,25.9,94.3,0.0
ONTO,BOTTOM,2025-02-24,145.66,-36.9,-27.2,48.2,-36.4,-36.4,31.4,-39.2
ONTO,BOTTOM,2025-09-08,110.98,40.9,70.8,,36.9,69.5,,0.0
ONTO,BREAKOUT,2026-01-12,220.26,32.0,27.1,,29.1,19.0,,-18.4
OOMA,BOTTOM,2018-01-29,10.05,8.0,59.2,51.1,11.0,55.4,51.2,0.0
OOMA,BOTTOM,2020-01-06,12.66,2.3,34.3,18.0,16.4,35.8,-1.2,-31.3
OOMA,BOTTOM,2020-04-06,12.95,31.3,6.0,26.9,16.6,-19.7,-23.4,-14.2
OOMA,BREAKOUT,2021-05-24,19.41,-5.2,0.2,-26.8,-12.7,-9.8,-27.0,-9.8
OOMA,BOTTOM,2022-12-05,14.3,-14.9,-4.2,-27.9,-13.5,-14.4,-46.8,-16.2
OOMA,BREAKOUT,2024-10-14,12.17,16.4,1.4,-10.4,13.9,10.8,-25.4,-1.2
OOMA,BREAKOUT,2026-03-02,14.4,19.0,,,9.0,,,-5.7
OPCH,BOTTOM,2019-12-09,13.08,-7.3,18.2,13.7,7.4,21.3,-4.0,-42.5
OPCH,BREAKOUT,2025-03-03,34.01,-6.2,-14.5,-12.3,-10.5,-27.5,-30.4,-17.1
OPCH,BREAKOUT,2026-01-12,36.03,-20.0,-39.7,,-23.0,-47.7,,-45.8
OPFI,BOTTOM,2023-10-09,2.05,104.5,44.8,121.8,93.6,25.6,85.7,0.0
OPFI,BREAKOUT,2024-10-14,5.03,112.3,65.0,84.9,109.8,74.4,69.8,-2.7
OPFI,BOTTOM,2025-03-10,8.97,36.2,22.6,-7.7,29.8,5.1,-26.7,-10.6
OPLN,BOTTOM,2020-09-21,14.01,29.8,10.5,11.8,17.0,-10.9,-25.2,-0.7
OPLN,BOTTOM,2022-06-13,14.52,-10.9,-7.9,6.0,-16.7,-13.5,-16.1,-23.1
OPLN,BOTTOM,2022-09-12,12.94,3.4,-2.2,20.2,3.5,-4.2,3.4,-13.7
OPLN,BOTTOM,2023-03-06,13.53,11.2,14.0,18.5,-0.6,-2.3,-16.1,-6.6
OPRA,BREAKOUT,2021-02-08,9.64,-20.5,-29.9,-46.7,-26.9,-44.2,-60.3,-29.9
OPRA,BOTTOM,2023-11-06,10.34,-5.7,18.3,59.7,-19.9,-0.7,22.1,-9.2
OPRA,BOTTOM,2024-04-15,12.4,-12.5,15.0,8.0,-23.8,-3.8,0.3,-15.1
OPRA,BOTTOM,2025-05-12,17.01,-8.5,-24.5,3.1,-17.1,-38.3,-22.7,-24.5
OPRA,BOTTOM,2025-11-03,13.27,-6.1,38.5,,-9.3,27.9,,-9.2
OPRA,BREAKOUT,2026-06-29,19.51,,,,,,,-1.6
OPTX,BOTTOM,2023-12-04,5.72,11.2,-55.5,-83.9,-0.5,-72.4,-117.8,-55.5
OPTX,BOTTOM,2024-10-28,1.39,52.5,5.8,107.9,46.8,5.9,87.0,-37.0
OPTX,BOTTOM,2025-05-12,1.42,4.7,38.0,404.2,-3.9,24.3,378.4,-10.6
OPTX,BOTTOM,2025-08-25,1.6,8.1,301.2,,1.9,294.3,,-21.9
OPTX,BREAKOUT,2025-12-29,3.13,174.4,247.4,,178.2,237.8,,0.0
OPTX,BOTTOM,2026-06-22,10.56,,,,,,,-29.1
OPY,BREAKOUT,2017-10-23,16.44,42.4,35.5,48.3,30.7,31.1,43.5,0.0
OPY,BREAKOUT,2024-05-06,42.31,12.2,41.7,41.3,9.5,26.1,31.6,0.0
OR,BREAKOUT,2019-02-18,10.45,-13.7,12.4,-7.5,-15.5,9.4,-29.2,-14.2
OR,BREAKOUT,2021-05-03,12.74,-5.2,-6.2,-8.4,-10.4,-18.0,-7.2,-16.6
OR,BREAKOUT,2023-03-13,14.38,5.6,-11.8,9.0,-7.5,-26.3,-23.7,-14.1
ORA,BOTTOM,2021-04-26,70.16,-3.5,0.3,8.0,-8.9,-10.5,8.0,-9.5
ORA,BOTTOM,2021-10-18,69.6,2.6,12.8,20.0,5.6,18.2,36.1,-8.9
ORA,BREAKOUT,2025-06-16,83.8,10.0,31.9,52.4,-2.0,16.8,25.3,-0.0
ORC,BOTTOM,2020-03-23,5.88,36.1,56.5,96.4,17.2,25.7,37.7,-32.4
ORC,BREAKOUT,2026-01-05,6.94,-0.6,-1.8,,1.2,-11.2,,-7.5
ORCL,BREAKOUT,2023-01-09,85.45,7.7,34.7,21.3,3.8,21.1,-0.1,-5.8
ORCL,BREAKOUT,2025-06-09,212.34,36.0,-11.4,-13.6,25.6,-26.2,-39.3,-11.4
ORI,BREAKOUT,2023-01-02,19.94,0.5,1.9,23.6,-5.4,-12.0,1.2,-5.5
ORIC,BOTTOM,2023-10-09,5.57,54.5,76.1,67.7,43.6,56.9,31.5,0.0
ORIC,BOTTOM,2024-04-08,9.8,2.7,-4.8,-49.8,-7.3,-19.0,-55.6,-27.9
ORIC,BOTTOM,2025-03-17,7.03,32.4,50.2,58.7,26.7,31.9,42.4,-32.7
ORIC,BREAKOUT,2025-10-06,13.68,-33.1,-25.8,,-39.7,-30.4,,-41.2
ORKA,BOTTOM,2017-12-18,162.64,-60.7,-62.1,-79.3,-57.6,-65.7,-71.0,-64.3
ORKA,BOTTOM,2018-10-22,65.05,-25.0,-46.4,-47.1,-25.8,-58.1,-63.1,-48.2
ORKA,BOTTOM,2020-02-10,35.69,-31.8,7.6,-6.3,-17.1,6.8,-24.8,-53.0
ORKA,BREAKOUT,2020-05-25,81.32,-60.4,-66.0,-72.3,-76.1,-86.5,-112.5,-69.4
ORKA,BREAKOUT,2024-04-01,19.94,11.3,27.7,-60.7,4.0,16.5,-59.4,-9.1
ORLA,BREAKOUT,2019-08-05,1.31,-10.8,39.6,281.5,-17.3,24.6,264.4,-12.8
ORLA,BOTTOM,2021-06-07,4.59,-22.5,-8.8,-6.6,-27.8,-20.5,0.3,-29.3
ORLA,BREAKOUT,2022-03-28,4.99,-43.4,-34.8,-5.0,-27.9,-14.3,3.1,-52.0
ORLA,BOTTOM,2022-05-23,3.99,-14.2,-3.6,7.0,-12.3,-1.3,4.1,-40.0
ORLA,BOTTOM,2023-01-30,4.09,16.8,11.2,-13.4,16.4,2.0,-35.1,-3.4
ORLA,BOTTOM,2024-06-24,3.84,3.4,43.0,149.2,-1.9,32.9,134.8,-9.1
ORLY,BREAKOUT,2019-10-21,29.24,-1.8,-12.2,6.4,-11.3,-7.1,-10.5,-39.9
ORLY,BREAKOUT,2020-07-27,31.83,-8.5,-10.9,26.5,-8.9,-25.2,-9.8,-10.9
ORLY,BREAKOUT,2024-10-07,79.17,0.8,17.0,29.0,0.4,24.3,15.0,-3.4
ORN,BOTTOM,2018-01-01,7.79,-19.3,5.3,-38.9,-14.6,3.7,-33.0,-20.2
ORN,BOTTOM,2019-10-21,4.37,13.5,-52.9,-31.4,4.0,-47.7,-48.2,-55.4
ORN,BREAKOUT,2019-11-04,5.33,-15.0,-57.2,-32.8,-23.1,-52.9,-48.4,-63.4
ORN,BOTTOM,2020-06-15,3.37,-16.0,49.3,65.6,-23.6,28.7,29.1,-24.6
ORN,BREAKOUT,2021-01-11,5.79,2.4,-4.7,-34.4,-9.0,-20.2,-59.7,-7.3
ORN,BOTTOM,2023-05-29,2.59,81.1,87.3,316.2,75.3,79.2,291.2,-6.6
ORN,BREAKOUT,2023-07-24,3.77,18.8,50.9,126.5,28.6,43.4,105.7,-11.9
ORN,BOTTOM,2025-03-17,5.76,50.5,40.1,80.4,44.8,21.7,64.1,-12.7
ORRF,BREAKOUT,2022-07-18,22.93,-4.1,-7.4,-15.3,0.8,-8.5,-31.6,-10.0
ORRF,BOTTOM,2023-10-09,19.23,36.9,21.3,76.4,26.0,2.1,40.3,-3.1
ORRF,BREAKOUT,2023-12-11,26.75,-10.6,-11.3,38.1,-19.6,-27.3,8.1,-12.8
ORRF,BREAKOUT,2024-07-15,29.1,21.2,18.0,11.7,14.4,8.5,-4.1,0.0
OSBC,BREAKOUT,2024-07-15,15.91,5.0,12.0,15.6,-1.8,2.4,-0.2,-7.6
OSBC,BREAKOUT,2025-12-01,19.48,-0.0,10.7,,1.6,2.5,,-0.7
OSCR,BREAKOUT,2023-06-05,9.2,-29.9,-12.4,110.0,-33.9,-20.2,84.0,-47.3
OSCR,BREAKOUT,2024-01-08,11.45,28.7,44.3,23.8,21.2,26.1,0.5,-6.3
OSCR,BOTTOM,2025-08-25,16.66,7.9,-18.1,,1.6,-25.1,,-26.5
OSCR,BREAKOUT,2026-05-11,23.32,,,,,,,-4.7
OSIS,BOTTOM,2018-05-28,69.84,11.5,3.7,48.3,4.9,2.0,45.8,-0.4
OSIS,BREAKOUT,2023-03-27,102.36,15.1,15.3,39.5,6.4,10.1,9.9,-2.4
OSK,BOTTOM,2020-06-15,66.7,6.0,17.7,61.4,-1.5,-2.9,25.0,-8.0
OSK,BREAKOUT,2021-01-04,84.23,30.9,35.2,31.7,22.6,20.2,7.8,-0.5
OSK,BOTTOM,2023-01-16,88.97,-17.1,-2.9,15.2,-21.6,-18.0,-8.5,-21.9
OSK,BREAKOUT,2023-08-28,101.3,-5.4,6.3,3.4,-7.5,-8.3,-23.2,-18.7
OSPN,BOTTOM,2020-09-14,21.48,-4.4,14.0,-13.3,-16.5,-4.7,-48.7,-16.7
OSPN,BOTTOM,2021-05-31,24.17,-23.7,-35.7,-46.2,-31.3,-43.7,-44.6,-35.7
OSPN,BREAKOUT,2023-02-27,17.78,-17.6,-35.2,-47.2,-23.9,-47.7,-76.0,-42.8
OSPN,BOTTOM,2024-04-08,9.48,28.1,56.6,44.2,18.2,42.4,38.3,-0.1
OSPN,BREAKOUT,2024-07-22,13.77,0.2,33.3,5.1,-6.5,20.9,-13.4,-0.2
OSS,BOTTOM,2019-12-30,2.15,-41.9,-7.0,86.0,-19.3,-4.8,67.9,-51.2
OSS,BOTTOM,2020-10-26,2.24,67.4,137.5,123.7,53.6,108.7,81.0,0.0
OSS,BREAKOUT,2020-12-07,2.78,222.3,114.7,66.5,214.3,98.0,36.2,0.0
OSS,BOTTOM,2021-09-06,5.81,-20.3,-29.9,-36.5,-26.3,-24.9,-29.1,-32.5
OSS,BOTTOM,2024-07-08,2.37,-0.4,33.3,106.3,-4.2,29.0,93.6,-17.3
OSS,BREAKOUT,2025-01-13,4.09,-48.2,44.3,160.6,-36.5,38.6,143.5,-50.4
OSS,BOTTOM,2025-03-17,2.74,49.3,150.4,221.9,43.6,132.0,205.6,-25.9
OSW,BOTTOM,2021-02-01,9.96,3.8,3.1,-3.3,-5.4,-11.8,-20.6,-12.9
OSW,BREAKOUT,2023-01-09,10.58,10.3,5.4,25.6,6.4,-8.2,4.1,-4.5
OSW,BREAKOUT,2025-08-18,22.8,-11.3,-1.9,,-13.7,-9.3,,-14.2
OTEX,BREAKOUT,2019-04-29,33.2,-3.4,3.0,-4.1,-3.4,-2.1,-2.2,-4.2
OTEX,BREAKOUT,2021-02-01,41.53,-1.2,8.9,-7.2,-10.4,-6.0,-24.5,-8.6
OTEX,BREAKOUT,2023-05-01,37.14,-10.6,-11.3,-25.1,-19.3,-17.4,-50.8,-20.7
OTTR,BREAKOUT,2018-06-18,38.95,0.3,4.4,11.2,-6.5,15.9,2.1,-6.4
OTTR,BREAKOUT,2022-08-01,68.78,-26.0,-11.6,21.4,-17.4,-12.2,11.6,-27.2
OTTR,BREAKOUT,2023-07-10,75.81,-8.1,3.1,10.2,-4.4,-3.9,-16.2,-13.2
OUST,BOTTOM,2023-03-06,9.26,-39.3,-45.6,-40.3,-51.1,-61.9,-74.9,-61.8
OUST,BOTTOM,2023-09-18,4.81,50.3,2.7,26.0,39.8,-19.3,-7.8,-21.2
OUST,BOTTOM,2024-04-15,7.16,96.1,12.7,-2.4,84.9,-6.1,-10.0,-17.6
OUST,BOTTOM,2025-09-22,27.83,-21.1,-36.5,,-25.7,-32.9,,-36.5
OUST,BREAKOUT,2026-05-18,37.03,,,,,,,0.0
OUT,BOTTOM,2021-01-11,14.03,19.9,16.8,33.2,8.4,1.2,7.8,-7.2
OUT,BOTTOM,2023-03-06,12.6,-2.7,-27.8,10.2,-14.5,-44.1,-24.4,-28.9
OUT,BREAKOUT,2024-03-04,13.89,-11.8,4.1,20.8,-16.5,-2.1,6.8,-13.2
OVV,BOTTOM,2017-12-11,44.92,0.6,9.6,-47.4,-2.7,4.8,-46.4,-8.4
OVV,BREAKOUT,2017-12-25,53.89,-17.4,-1.9,-56.1,-16.4,-4.4,-50.7,-23.6
OVV,BOTTOM,2019-05-27,21.49,-15.4,-24.6,-69.5,-22.2,-39.9,-82.3,-24.6
OVV,BOTTOM,2020-11-02,8.15,101.0,191.1,303.3,89.8,169.6,267.7,0.0
OVV,BOTTOM,2023-11-20,41.82,2.7,8.5,6.5,-9.3,-8.6,-26.1,-8.6
OWL,BREAKOUT,2023-10-02,11.94,8.9,43.8,58.9,-0.5,22.3,23.7,-10.4
OXLC,BREAKOUT,2019-04-08,12.15,5.5,-1.7,-31.7,1.4,-4.8,-29.6,-4.2
OXLC,BOTTOM,2021-01-04,9.79,17.7,34.2,55.9,9.4,19.3,32.0,-0.4
OXLC,BOTTOM,2023-03-06,11.53,2.6,9.3,19.8,-9.2,-7.0,-14.8,-2.1
OXLC,BREAKOUT,2025-05-12,16.79,-24.9,-32.7,-43.2,-33.5,-46.4,-69.0,-32.7
OXM,BOTTOM,2019-06-03,56.06,4.5,7.7,-19.7,0.3,-2.8,-33.0,-6.2
OXM,BREAKOUT,2022-08-08,90.09,0.2,8.4,1.0,6.6,12.0,-5.1,-18.5
OXM,BOTTOM,2026-04-20,43.85,,,,,,,-21.8
OXY,BOTTOM,2021-05-24,24.24,-1.1,14.5,173.9,-8.7,4.5,173.7,-15.4
OXY,BREAKOUT,2024-04-01,66.3,-10.4,-18.8,-40.4,-17.8,-30.1,-39.1,-25.7
OXY,BOTTOM,2025-12-08,40.69,41.6,39.0,,44.2,29.5,,-3.5
OXY,BREAKOUT,2026-02-16,51.36,14.0,,,5.5,,,-4.8
OZK,BOTTOM,2019-06-10,23.33,-5.4,4.4,-18.4,-10.0,-6.3,-25.7,-17.1
OZK,BREAKOUT,2020-11-30,24.91,43.5,47.1,51.1,39.3,32.0,26.8,-1.4
OZK,BREAKOUT,2023-12-11,45.14,-14.2,-23.1,-3.1,-23.2,-39.1,-33.1,-23.1
OZK,BREAKOUT,2026-06-08,51.61,,,,,,,-5.5
P,BOTTOM,2020-01-06,18.77,-31.9,-7.8,26.4,-17.8,-6.3,7.2,-48.2
P,BREAKOUT,2020-11-30,21.0,-1.6,-11.0,50.5,-5.7,-26.2,26.2,-14.1
P,BOTTOM,2021-08-23,24.06,24.1,8.4,26.3,21.9,10.5,35.0,0.0
P,BREAKOUT,2021-11-22,29.87,-12.7,-18.4,2.0,-8.4,-9.5,13.0,-21.5
P,BOTTOM,2022-01-31,26.38,3.8,12.3,13.4,11.8,19.5,20.0,-11.1
P,BOTTOM,2022-12-19,26.65,-10.8,34.5,34.6,-14.6,20.5,9.1,-15.0
P,BREAKOUT,2023-05-29,34.25,12.0,-3.2,76.0,6.2,-11.3,51.0,-3.8
P,BREAKOUT,2025-01-20,72.15,-36.7,-20.2,-3.3,-27.5,-25.6,-18.0,-48.5
P,BREAKOUT,2025-08-25,77.61,14.6,-17.3,,8.4,-24.2,,-17.3
P,BOTTOM,2026-06-15,74.61,,,,,,,-7.3
PAA,BOTTOM,2018-03-12,11.8,11.6,17.6,16.5,10.1,11.1,11.9,-0.3
PAA,BREAKOUT,2021-05-24,7.16,-8.3,-2.6,17.2,-15.8,-12.6,17.1,-11.3
PAA,BREAKOUT,2022-01-31,8.61,-7.3,-3.0,14.9,0.8,4.2,21.5,-17.5
PAA,BREAKOUT,2026-01-12,18.64,10.7,28.0,,7.7,20.0,,-1.1
PAAS,BREAKOUT,2019-08-05,15.29,3.0,31.2,117.0,-3.4,16.2,100.0,-5.1
PAAS,BOTTOM,2023-04-03,18.36,-25.5,-27.7,-7.2,-33.1,-33.4,-35.8,-27.7
PAAS,BREAKOUT,2024-04-08,18.61,24.4,17.3,37.6,14.4,3.2,31.8,-4.7
PAC,BREAKOUT,2018-09-10,77.13,-31.4,-14.2,-3.1,-21.3,-12.3,-8.7,-32.8
PAC,BOTTOM,2021-02-08,80.8,12.1,13.7,50.9,5.7,-0.6,37.2,-0.6
PAC,BREAKOUT,2024-05-06,173.22,-16.0,-2.3,20.7,-18.6,-17.8,10.9,-18.0
PAC,BREAKOUT,2024-11-25,181.18,1.1,24.5,31.1,2.2,26.1,16.3,-4.9
PACS,BREAKOUT,2025-11-17,27.5,40.7,37.3,,35.7,23.5,,0.0
PAG,BREAKOUT,2020-10-05,48.15,13.5,52.8,92.8,3.1,33.2,64.8,-7.7
PAG,BREAKOUT,2026-07-06,194.27,,,,,,,0.0
PAGP,BOTTOM,2018-03-12,12.47,10.8,11.6,13.4,9.3,5.0,8.8,-4.1
PAGP,BREAKOUT,2021-05-24,7.57,-7.3,0.8,18.4,-14.8,-9.2,18.3,-10.2
PAGP,BOTTOM,2021-07-19,7.46,11.2,6.6,6.2,7.9,6.4,15.1,-9.0
PAGP,BREAKOUT,2022-01-31,9.27,-7.0,-8.5,13.3,1.0,-1.3,19.9,-18.8
PAGP,BREAKOUT,2022-08-22,9.6,3.8,12.1,35.6,4.1,13.4,25.2,-14.0
PAGS,BREAKOUT,2019-06-03,33.9,44.5,-19.4,2.4,40.3,-29.9,-10.9,-19.4
PAGS,BOTTOM,2022-10-31,12.54,-27.1,-18.6,-41.5,-37.2,-29.2,-58.8,-41.8
PAGS,BOTTOM,2023-06-26,8.95,-8.8,32.1,23.8,-5.6,24.1,-0.7,-25.3
PAGS,BREAKOUT,2023-12-25,11.82,14.5,-6.3,-48.8,4.1,-21.5,-75.6,-10.7
PAGS,BOTTOM,2025-04-07,7.95,5.2,7.5,31.1,-11.9,-15.5,2.3,-4.8
PAHC,BREAKOUT,2021-05-03,24.08,-12.3,-17.7,-30.4,-17.4,-29.5,-29.1,-20.6
PAHC,BOTTOM,2023-04-24,14.39,-6.8,-29.6,-15.0,-17.1,-29.0,-39.0,-29.6
PAHC,BREAKOUT,2024-04-29,16.39,4.7,37.6,16.8,0.1,25.2,4.5,-1.1
PAM,BOTTOM,2019-03-18,28.58,15.1,-43.9,-67.2,9.3,-51.8,-50.8,-54.6
PAM,BOTTOM,2020-09-07,11.83,20.3,20.8,40.7,10.2,1.9,5.4,-12.7
PAM,BREAKOUT,2024-08-05,50.99,37.6,58.2,46.5,25.0,44.8,25.5,0.0
PANW,BREAKOUT,2018-01-15,26.2,22.2,36.2,29.3,26.7,35.6,32.5,-2.1
PANW,BREAKOUT,2024-11-04,195.7,-0.9,-4.5,8.5,-1.7,0.6,-5.1,-21.5
PANW,BREAKOUT,2026-05-11,242.83,,,,,,,0.0
PAR,BREAKOUT,2020-08-03,34.59,25.1,128.9,80.8,20.0,112.1,46.6,0.0
PAR,BOTTOM,2022-04-18,35.04,15.6,-20.7,-7.3,22.5,-9.3,-5.7,-20.7
PAR,BOTTOM,2023-01-23,34.96,-12.5,-4.4,36.7,-15.4,-17.9,14.7,-16.1
PAR,BREAKOUT,2023-08-21,40.85,-6.5,13.3,34.3,-10.4,-3.0,4.8,-30.1
PAR,BOTTOM,2023-10-09,37.34,7.4,16.1,51.6,-3.5,-3.1,15.5,-23.5
PAR,BOTTOM,2025-08-25,51.18,-32.6,-68.0,,-38.8,-74.9,,-68.0
PAR,BOTTOM,2026-07-13,16.35,,,,,,,
PARR,BREAKOUT,2019-05-06,21.13,4.0,18.2,-53.8,2.3,9.9,-57.3,-9.4
PARR,BOTTOM,2020-06-01,11.37,-23.3,24.4,30.9,-31.1,7.6,-3.6,-43.4
PARR,BREAKOUT,2021-02-22,17.67,-21.2,-7.5,-23.4,-32.0,-26.6,-40.0,-25.1
PARR,BOTTOM,2021-04-12,15.1,-5.4,7.0,-3.7,-9.1,-0.5,-10.0,-12.3
PARR,BOTTOM,2021-08-23,16.35,-18.6,-17.2,17.4,-20.9,-15.1,26.1,-19.3
PARR,BOTTOM,2022-06-13,15.96,5.3,32.1,51.5,-0.5,26.4,29.4,-8.1
PARR,BOTTOM,2025-02-17,15.62,40.2,99.7,173.7,43.4,91.5,157.4,-17.3
PARR,BREAKOUT,2025-06-16,27.87,25.5,35.5,82.6,13.5,20.3,55.6,-4.6
PATH,BOTTOM,2023-03-06,13.88,23.7,33.1,70.5,11.9,16.8,35.8,-7.3
PATH,BOTTOM,2023-10-16,15.53,43.1,20.7,-15.9,28.1,2.3,-56.6,-3.8
PATH,BOTTOM,2025-02-03,13.96,-10.5,-23.6,-7.7,-4.7,-30.3,-24.0,-28.1
PATH,BREAKOUT,2025-10-06,17.05,-4.3,-45.0,,-10.9,-49.6,,-45.0
PATK,BOTTOM,2018-10-22,25.1,-8.0,21.3,8.7,-8.8,9.6,-7.2,-33.7
PATK,BOTTOM,2019-05-27,23.91,-11.4,21.4,29.0,-18.2,6.1,16.2,-15.2
PATK,BREAKOUT,2020-02-10,36.17,-29.4,6.2,31.0,-14.7,5.4,12.5,-68.3
PATK,BREAKOUT,2023-01-30,48.09,-13.2,11.7,36.2,-13.7,2.5,14.5,-16.3
PATK,BREAKOUT,2025-06-30,96.85,5.8,13.0,-12.2,-1.5,3.2,-32.6,-2.7
PAX,BREAKOUT,2025-05-12,12.27,8.3,17.1,-8.7,-0.3,3.3,-34.6,-0.9
PAY,BOTTOM,2023-07-24,10.85,31.7,49.1,96.3,41.5,41.6,75.5,0.0
PAY,BREAKOUT,2023-08-07,14.61,11.4,12.2,52.1,12.1,-1.1,30.8,-5.3
PAYC,BOTTOM,2022-12-12,303.56,-11.1,2.9,-34.6,-13.2,-12.7,-58.9,-13.8
PAYC,BREAKOUT,2024-10-28,207.68,-1.3,8.3,-10.6,-7.1,8.4,-31.5,-5.6
PAYC,BOTTOM,2026-07-06,139.08,,,,,,,0.0
PAYO,BOTTOM,2022-12-05,5.52,12.0,-18.5,-7.1,13.4,-28.7,-25.9,-24.1
PAYO,BREAKOUT,2024-08-05,6.73,60.6,57.4,-1.3,48.0,43.9,-22.4,0.0
PAYO,BOTTOM,2025-09-08,6.5,-8.3,-30.2,,-12.3,-31.5,,-33.5
PAYX,BREAKOUT,2017-10-02,48.65,8.8,-3.1,18.4,0.8,-6.1,3.2,-3.1
PAYX,BREAKOUT,2020-01-13,72.43,-23.0,-15.3,3.5,-9.8,-13.2,-11.8,-40.7
PAYX,BOTTOM,2020-06-15,61.76,7.2,33.2,42.1,-0.4,12.6,5.6,-2.9
PAYX,BREAKOUT,2020-11-02,74.69,4.8,15.6,45.1,-6.4,-5.9,9.5,-1.3
PB,BREAKOUT,2018-01-08,57.98,-3.1,-8.7,-8.7,1.2,-10.2,-3.6,-8.7
PB,BREAKOUT,2020-02-10,59.84,-23.8,-19.9,-0.4,-9.1,-20.8,-18.8,-38.9
PB,BREAKOUT,2021-02-15,61.16,4.4,-2.7,4.7,-2.3,-17.1,-8.2,-5.6
PB,BREAKOUT,2024-07-15,63.66,8.1,17.7,11.7,1.3,8.2,-4.0,0.0
PBA,BREAKOUT,2018-07-30,23.83,-8.5,0.2,6.2,-4.8,4.0,1.0,-18.0
PBA,BOTTOM,2021-02-22,19.34,29.5,26.6,40.2,18.7,7.5,23.6,0.0
PBA,BREAKOUT,2023-12-18,31.03,2.6,7.6,11.8,-7.8,-8.1,-14.6,-2.2
PBA,BREAKOUT,2025-09-29,41.15,-8.4,7.3,,-10.8,8.7,,-12.4
PBF,BOTTOM,2021-04-12,12.44,-29.8,13.0,96.8,-33.5,5.4,90.5,-39.7
PBF,BREAKOUT,2022-02-07,17.35,57.1,79.4,119.3,65.6,81.7,125.2,-11.7
PBF,BOTTOM,2022-07-11,24.64,45.7,45.3,47.3,52.5,41.0,28.7,-3.9
PBF,BREAKOUT,2024-03-11,52.3,-22.0,-41.7,-62.1,-28.5,-52.3,-73.6,-42.2
PBF,BREAKOUT,2025-09-22,31.91,-19.2,59.5,,-23.9,63.1,,-19.2
PBH,BOTTOM,2018-09-24,37.89,-19.2,-21.1,-9.3,-4.9,-19.2,-13.0,-28.3
PBH,BOTTOM,2019-04-15,28.08,14.3,23.3,40.2,11.3,19.5,39.4,0.0
PBH,BREAKOUT,2021-02-08,43.66,11.1,37.0,36.0,4.6,22.7,22.3,-5.3
PBH,BREAKOUT,2022-11-28,63.89,-5.6,-8.4,-8.3,-5.4,-14.5,-22.9,-8.4
PBH,BREAKOUT,2024-02-05,68.67,2.5,-3.5,26.7,-1.7,-10.5,5.3,-6.8
PBI,BREAKOUT,2020-08-03,4.99,-8.8,51.2,32.5,-13.9,34.4,-1.7,-18.3
PBI,BOTTOM,2023-10-09,3.3,16.7,15.4,105.5,5.8,-3.9,69.3,-15.5
PBI,BREAKOUT,2026-04-13,12.76,45.1,,,40.1,,,0.0
PBR,BREAKOUT,2018-01-08,3.35,20.8,-6.6,34.6,25.0,-8.1,39.7,-17.6
PBR,BOTTOM,2021-02-08,3.17,-5.0,11.2,65.7,-11.5,-3.1,52.0,-26.4
PBR,BREAKOUT,2023-06-05,9.18,16.9,22.7,28.0,12.9,14.9,2.0,0.0
PBR,BREAKOUT,2026-01-19,14.09,47.0,,,43.1,,,0.0
PCG,BOTTOM,2018-07-16,40.73,17.9,-82.6,-57.1,18.7,-78.8,-65.4,-82.6
PCG,BOTTOM,2018-12-10,25.56,-24.5,-29.0,-56.8,-33.6,-41.1,-81.0,-72.2
PCG,BOTTOM,2019-05-20,18.51,-41.4,-61.2,-37.9,-42.6,-72.2,-44.5,-73.4
PCG,BREAKOUT,2026-02-09,18.06,-10.9,,,-19.6,,,-11.3
PCOR,BREAKOUT,2023-02-20,67.02,-12.4,-4.6,10.1,-18.8,-16.4,-20.0,-21.7
PCOR,BREAKOUT,2024-02-05,74.63,-8.5,-28.6,1.1,-12.7,-35.6,-20.3,-28.6
PCOR,BREAKOUT,2024-12-02,83.0,-11.7,-18.2,-6.5,-6.8,-17.4,-20.7,-30.9
PCOR,BOTTOM,2025-09-15,71.31,4.0,-18.5,,1.1,-16.8,,-28.1
PCRX,BREAKOUT,2020-02-10,49.99,-17.1,22.5,53.8,-2.4,21.7,35.4,-38.4
PCRX,BOTTOM,2022-05-09,61.55,-6.5,-14.0,-31.9,-13.3,-14.0,-36.1,-19.0
PCRX,BOTTOM,2022-10-10,51.6,-27.5,-17.7,-43.5,-39.4,-34.0,-66.1,-31.1
PCRX,BOTTOM,2023-06-05,36.13,-6.6,-22.3,-20.9,-10.6,-30.2,-46.9,-25.5
PCT,BOTTOM,2022-09-19,8.45,-23.2,-24.6,-26.9,-27.7,-33.1,-45.7,-42.5
PCT,BOTTOM,2023-09-04,8.59,-41.4,-40.3,-44.1,-45.1,-56.0,-67.1,-72.1
PCT,BOTTOM,2024-06-03,5.34,-10.1,146.8,85.0,-11.6,132.3,71.4,-10.1
PCT,BREAKOUT,2025-07-07,15.25,-11.0,-34.2,-52.1,-16.0,-46.2,-74.5,-45.6
PCT,BOTTOM,2025-08-18,13.02,-36.3,-30.9,,-38.7,-38.4,,-36.3
PCTY,BREAKOUT,2021-08-02,241.8,15.8,-10.3,5.6,9.6,-12.3,10.8,-23.3
PCTY,BOTTOM,2022-02-28,193.58,-5.9,21.8,-1.3,-1.2,30.4,3.6,-17.3
PCTY,BOTTOM,2024-03-18,171.2,-20.6,-5.0,12.1,-25.4,-14.7,2.5,-23.0
PCTY,BREAKOUT,2024-10-28,191.76,7.2,-2.3,-26.3,1.4,-2.2,-47.2,-8.8
PCVX,BOTTOM,2021-09-20,25.78,-6.3,-7.1,-3.6,-12.7,-9.7,12.2,-32.3
PCVX,BOTTOM,2022-02-07,19.76,19.1,33.4,121.4,27.6,35.7,127.3,-4.7
PCVX,BREAKOUT,2022-08-22,27.8,58.3,50.0,80.9,58.6,51.4,70.6,-26.0
PCVX,BOTTOM,2025-12-29,46.46,25.7,25.7,,29.4,16.1,,-0.9
PD,BOTTOM,2021-08-23,41.84,-11.6,-21.4,-38.1,-13.9,-19.3,-29.4,-28.0
PD,BREAKOUT,2023-03-27,34.98,-35.7,-35.7,-35.2,-44.4,-40.9,-64.8,-38.9
PD,BOTTOM,2024-04-15,20.61,-1.8,-7.8,-28.5,-13.1,-26.6,-36.1,-13.7
PD,BOTTOM,2025-10-06,16.15,-23.6,-64.5,,-30.2,-69.2,,-64.5
PDD,BOTTOM,2022-10-03,63.56,51.0,13.3,66.2,43.5,-0.4,45.9,-16.7
PDD,BOTTOM,2023-06-12,79.87,24.5,85.7,86.5,23.3,78.1,61.7,-13.4
PDD,BOTTOM,2025-02-17,131.34,-9.2,-3.2,-20.1,-6.0,-11.4,-36.4,-31.1
PDFS,BOTTOM,2018-01-01,16.57,-32.6,-26.5,-45.3,-28.0,-28.1,-39.3,-33.0
PDFS,BREAKOUT,2019-03-11,13.33,-5.3,1.5,-21.1,-8.2,-6.1,-18.2,-14.3
PDFS,BREAKOUT,2021-09-20,23.7,32.2,16.2,-0.8,25.8,13.5,15.0,-3.2
PDFS,BOTTOM,2024-08-19,31.81,-2.2,-27.7,-36.2,-8.5,-35.1,-52.5,-27.8
PDFS,BOTTOM,2025-09-08,19.38,55.5,63.9,,51.5,62.6,,0.0
PDI,BREAKOUT,2021-03-01,13.53,5.3,3.8,-4.6,-5.2,-15.1,-18.7,0.0
PDM,BREAKOUT,2019-02-04,13.99,1.9,-1.9,21.1,-5.1,-10.7,-4.0,-1.9
PDM,BOTTOM,2021-02-08,12.84,5.7,10.6,3.9,-0.7,-3.7,-9.8,-2.4
PDM,BREAKOUT,2026-06-08,9.1,,,,,,,-1.8
PDO,BREAKOUT,2024-01-08,9.69,1.1,9.4,18.1,-6.4,-8.8,-5.2,-2.4
PDS,BREAKOUT,2018-05-14,81.0,-8.4,-39.0,-47.9,-13.9,-40.8,-55.3,-40.5
PDS,BREAKOUT,2022-11-07,83.75,-22.5,-45.0,-29.0,-25.4,-49.1,-41.3,-46.0
PDS,BREAKOUT,2024-04-01,76.01,-9.3,-14.6,-48.0,-16.6,-25.9,-46.7,-18.6
PDS,BREAKOUT,2025-12-01,68.26,31.4,36.2,,33.1,28.1,,0.0
PEB,BOTTOM,2020-12-28,18.52,29.6,26.4,19.2,22.1,9.7,-9.5,-2.2
PEB,BREAKOUT,2021-11-01,25.34,-13.4,-8.6,-41.3,-9.5,3.0,-22.8,-21.1
PEB,BOTTOM,2023-08-28,14.39,-9.8,12.6,-8.1,-11.9,-1.9,-34.8,-19.7
PEB,BOTTOM,2025-09-15,11.92,-3.7,1.1,,-6.5,2.8,,-14.6
PEBO,BREAKOUT,2023-11-13,26.27,-2.2,4.4,24.4,-13.5,-13.9,-7.3,-7.5
PEBO,BREAKOUT,2024-07-22,30.52,-9.3,-1.2,-8.8,-16.0,-13.6,-27.2,-12.5
PEBO,BREAKOUT,2026-01-26,31.72,7.8,,,3.4,,,-2.1
PEGA,BREAKOUT,2018-03-05,30.9,-0.6,1.4,2.1,-0.7,-2.6,1.8,-12.7
PEGA,BOTTOM,2023-03-20,22.27,9.4,-5.2,45.7,-0.4,-14.8,12.1,-5.9
PEGA,BREAKOUT,2024-02-12,32.27,-3.0,5.2,31.3,-9.4,-6.4,7.6,-11.4
PEN,BREAKOUT,2020-02-10,190.44,-10.1,22.7,46.1,4.6,21.9,27.7,-30.6
PEN,BOTTOM,2020-03-23,155.37,9.8,25.0,69.3,-9.1,-5.8,10.5,0.0
PENG,BOTTOM,2020-07-27,13.94,-5.4,33.2,67.9,-5.8,18.9,31.6,-14.2
PENG,BREAKOUT,2021-11-01,29.01,-7.4,-19.8,-49.9,-3.5,-8.2,-31.4,-22.1
PENG,BOTTOM,2023-03-06,15.62,53.6,55.8,51.0,41.8,39.5,16.3,-1.3
PENG,BOTTOM,2024-05-20,20.54,1.9,-14.1,-14.1,-4.6,-27.3,-24.9,-25.5
PENG,BREAKOUT,2024-07-08,28.9,-28.2,-28.5,-16.6,-32.0,-32.9,-29.4,-47.0
PENG,BOTTOM,2025-12-22,20.29,-17.7,206.9,,-9.8,200.8,,-17.7
PENG,BREAKOUT,2026-04-20,30.69,,,,,,,0.0
PENN,BOTTOM,2020-02-24,29.57,11.0,81.7,291.5,7.6,62.1,260.8,-73.3
PENN,BOTTOM,2023-01-30,34.36,-23.1,-28.7,-37.0,-23.5,-37.8,-58.8,-33.0
PENN,BOTTOM,2025-01-06,19.19,-25.3,-7.1,-24.8,-17.6,-15.2,-45.8,-25.5
PENN,BOTTOM,2025-10-06,16.24,-11.1,-6.1,,-17.7,-10.7,,-27.6
PENN,BREAKOUT,2026-06-08,21.68,,,,,,,-6.1
PEP,BREAKOUT,2018-11-26,95.97,-3.2,6.7,14.8,-5.5,5.8,-1.5,-10.6
PFBC,BOTTOM,2019-09-02,40.2,12.7,-3.6,-22.7,6.5,-4.4,-39.9,-3.6
PFBC,BOTTOM,2020-06-15,33.62,-17.3,14.8,58.1,-24.9,-5.8,21.6,-22.8
PFBC,BREAKOUT,2023-12-11,67.27,-2.1,0.4,29.3,-11.0,-15.6,-0.6,-5.7
PFG,BREAKOUT,2019-07-01,44.99,-5.9,-4.7,-27.3,-5.0,-13.8,-34.1,-11.1
PFG,BREAKOUT,2022-08-08,69.03,20.5,15.5,1.5,26.8,19.1,-4.6,-8.5
PFG,BREAKOUT,2024-03-11,76.13,-6.3,0.3,3.9,-12.8,-10.3,-7.6,-8.6
PFG,BREAKOUT,2025-12-01,86.05,5.4,22.3,,7.1,14.1,,-1.9
PFGC,BREAKOUT,2019-02-11,39.46,2.0,15.6,35.4,-1.5,10.5,11.4,-4.2
PFGC,BOTTOM,2020-06-15,26.16,43.8,78.3,80.1,36.3,57.7,43.6,0.0
PFGC,BOTTOM,2022-04-04,49.32,-3.8,-9.0,21.7,9.0,9.3,28.7,-18.2
PFGC,BREAKOUT,2022-11-14,58.27,2.6,-1.8,6.7,-0.7,-8.4,-8.9,-6.4
PFGC,BREAKOUT,2026-06-22,110.44,,,,,,,0.0
PFLT,BREAKOUT,2019-02-18,5.91,-8.7,-10.2,1.2,-10.5,-13.2,-20.5,-11.2
PFLT,BREAKOUT,2024-07-08,9.21,0.6,-3.5,0.8,-3.3,-7.8,-11.9,-8.4
PFS,BREAKOUT,2017-10-23,18.68,-5.5,-4.2,-11.9,-17.3,-8.6,-16.7,-9.7
PFS,BREAKOUT,2024-07-22,17.24,-0.4,2.2,5.4,-7.1,-10.2,-13.1,-11.1
PFSI,BREAKOUT,2017-11-13,17.49,28.1,5.4,7.3,21.6,-0.8,-0.8,0.0
PFSI,BREAKOUT,2019-02-18,22.41,-6.2,16.8,46.4,-8.0,13.8,24.7,-13.7
PFSI,BREAKOUT,2023-01-16,62.19,-1.5,24.4,33.8,-6.0,9.3,10.1,-12.1
PFSI,BREAKOUT,2025-09-01,116.42,11.7,-26.2,,5.5,-30.7,,-26.2
PGC,BOTTOM,2019-04-22,26.73,1.6,-0.1,-38.9,-1.8,-3.8,-37.3,-3.8
PGC,BOTTOM,2020-06-15,17.33,-8.7,25.2,72.8,-16.3,4.6,36.4,-16.8
PGC,BREAKOUT,2021-02-22,26.58,20.9,23.0,37.9,10.1,3.9,21.3,0.0
PGC,BREAKOUT,2022-10-24,38.38,-9.3,-32.4,-43.2,-14.0,-40.2,-50.5,-32.4
PGC,BOTTOM,2025-09-08,29.16,1.5,14.3,,-2.5,13.0,,-13.6
PGC,BREAKOUT,2026-02-02,35.14,22.3,,,15.2,,,-5.7
PGNY,BOTTOM,2025-04-14,21.44,2.6,-9.8,-15.5,-17.0,-36.7,-51.9,-9.8
PGR,BREAKOUT,2020-02-03,70.62,-10.7,9.3,10.6,0.8,7.5,-8.3,-18.0
PGR,BREAKOUT,2022-01-03,99.33,8.6,10.4,23.7,12.3,26.4,39.1,-3.3
PGR,BREAKOUT,2023-10-09,141.74,9.0,32.3,65.0,-1.9,13.1,28.9,-1.2
PGY,BREAKOUT,2022-07-18,140.52,-89.7,-91.6,-82.0,-84.8,-92.7,-98.3,-94.7
PGY,BOTTOM,2023-04-17,10.69,136.8,31.3,-11.6,126.7,28.4,-33.5,-2.9
PGY,BOTTOM,2023-11-27,17.64,4.1,-33.0,-38.0,-8.1,-48.7,-71.1,-46.4
PGY,BOTTOM,2025-02-17,14.5,8.4,132.8,-18.0,11.6,124.6,-34.3,-34.9
PH,BREAKOUT,2019-10-21,173.68,4.4,-28.6,20.8,-5.1,-23.5,4.0,-45.8
PH,BREAKOUT,2020-10-05,202.37,29.2,48.3,35.3,18.8,28.7,7.2,-4.5
PHAT,BOTTOM,2021-01-11,37.55,-1.4,-9.7,-59.6,-12.9,-25.2,-85.0,-11.4
PHAT,BOTTOM,2022-09-19,9.59,17.7,-35.5,10.8,13.2,-43.9,-8.0,-35.5
PHAT,BOTTOM,2023-12-11,8.72,-2.6,30.2,-9.5,-11.6,14.2,-39.5,-22.7
PHAT,BREAKOUT,2024-08-26,16.52,-46.3,-66.6,-26.3,-53.5,-72.7,-42.1,-66.6
PHAT,BOTTOM,2026-01-26,13.67,-12.1,,,-16.6,,,-29.8
PHG,BREAKOUT,2019-07-22,41.08,-6.5,6.4,9.9,-6.9,-3.5,1.6,-8.9
PHG,BOTTOM,2023-05-29,18.02,12.4,5.5,39.4,6.5,-2.6,14.4,-6.3
PHG,BREAKOUT,2023-07-10,21.03,-17.2,5.2,17.4,-13.6,-1.7,-9.0,-19.7
PHIN,BREAKOUT,2025-08-18,57.5,-8.3,31.1,,-10.7,23.6,,-11.1
PHM,BREAKOUT,2020-08-17,44.76,-7.8,-1.7,12.3,-12.9,-17.6,-20.3,-13.9
PHM,BOTTOM,2022-11-21,43.13,20.8,48.9,100.0,21.8,43.6,85.1,-1.3
PHM,BOTTOM,2025-10-06,119.29,10.4,0.7,,3.8,-4.0,,-4.2
PHR,BREAKOUT,2020-10-19,37.3,87.1,41.1,77.2,75.9,19.7,44.3,-0.9
PHR,BOTTOM,2021-12-13,44.26,-34.7,-54.4,-23.2,-31.7,-34.5,-7.9,-63.1
PHR,BOTTOM,2022-12-12,33.97,-0.9,-6.4,-33.8,-3.1,-21.9,-58.1,-13.7
PHR,BOTTOM,2024-09-30,22.19,18.1,9.6,4.9,14.4,20.8,-13.3,-18.7
PHR,BOTTOM,2025-04-14,23.97,6.3,-7.0,-61.7,-13.3,-33.9,-98.2,-7.1
PHR,BREAKOUT,2025-08-25,31.66,-35.3,-61.1,,-41.5,-68.0,,-62.3
PHVS,BOTTOM,2022-04-11,17.61,31.2,-73.8,-50.6,42.8,-56.1,-46.4,-73.8
PHVS,BREAKOUT,2022-06-06,21.49,-56.7,-59.9,-47.3,-61.4,-61.6,-59.4,-90.8
PHVS,BOTTOM,2022-07-18,21.61,-74.5,-52.6,-23.5,-69.7,-53.6,-39.8,-90.8
PHVS,BREAKOUT,2025-07-07,25.12,-12.5,3.1,39.6,-17.5,-8.9,17.2,-20.4
PI,BOTTOM,2018-10-15,20.03,-21.1,-1.0,57.6,-18.1,-7.1,47.6,-30.9
PI,BREAKOUT,2019-04-29,29.64,22.6,16.6,-27.0,22.6,11.5,-25.2,-18.0
PI,BREAKOUT,2021-11-01,77.72,0.5,-38.3,43.6,4.4,-26.7,62.0,-41.5
PI,BREAKOUT,2022-08-01,95.17,17.3,31.3,-36.2,25.9,30.7,-46.0,-20.3
PI,BREAKOUT,2025-10-20,235.83,-32.3,-47.5,,-34.3,-53.5,,-61.1
PI,BOTTOM,2025-11-24,171.87,-28.6,-12.1,,-29.3,-23.5,,-46.6
PII,BOTTOM,2019-06-03,70.63,-7.2,10.4,13.6,-11.3,-0.1,0.4,-11.6
PII,BREAKOUT,2020-07-27,85.83,-11.8,14.0,29.4,-12.2,-0.3,-6.9,-13.0
PII,BREAKOUT,2023-06-12,107.44,-11.4,-23.2,-34.6,-12.6,-30.8,-59.5,-29.3
PII,BOTTOM,2024-05-06,79.21,-8.1,-20.1,-56.8,-10.8,-35.6,-66.5,-20.1
PII,BREAKOUT,2025-10-20,68.68,-1.5,-13.4,,-3.6,-19.4,,-27.3
PIII,BREAKOUT,2026-05-11,11.29,,,,,,,-13.2
PINS,BREAKOUT,2020-08-03,34.98,85.1,134.3,68.0,80.0,117.5,33.8,-2.5
PINS,BOTTOM,2025-03-10,31.95,5.9,9.6,-43.1,-0.5,-7.9,-62.2,-20.9
PIPR,BREAKOUT,2017-12-11,14.99,13.2,4.1,-12.5,9.9,-0.7,-11.5,-6.6
PIPR,BREAKOUT,2019-04-22,16.08,-1.7,-6.6,-38.1,-5.1,-10.4,-36.5,-11.6
PIPR,BREAKOUT,2020-11-09,19.12,18.0,40.2,104.7,7.9,23.0,72.4,-0.0
PIPR,BOTTOM,2022-10-31,31.08,14.7,-3.1,9.9,4.6,-13.7,-7.4,-3.6
PIPR,BREAKOUT,2023-11-13,36.46,21.5,39.8,120.8,10.2,21.5,89.1,-1.0
PIPR,BREAKOUT,2025-09-08,84.46,3.2,-16.7,,-0.8,-18.0,,-16.7
PJT,BREAKOUT,2020-02-03,46.68,-4.7,10.8,39.9,6.8,9.0,21.0,-46.1
PJT,BREAKOUT,2023-10-30,81.4,20.7,20.4,69.6,6.5,1.9,36.5,-0.1
PK,BREAKOUT,2019-04-01,19.51,-12.1,-23.1,-79.1,-16.0,-26.1,-66.9,-26.1
PK,BOTTOM,2020-06-15,7.23,0.5,59.1,92.7,-7.1,38.5,56.3,-22.8
PK,BOTTOM,2021-01-04,11.75,23.3,12.9,13.9,15.1,-2.0,-10.0,-4.1
PK,BOTTOM,2023-04-24,8.44,10.8,-5.4,58.6,0.5,-4.9,34.6,-5.4
PK,BOTTOM,2025-10-20,10.36,5.3,6.3,,3.3,0.3,,-6.9
PKE,BREAKOUT,2017-11-20,9.53,0.8,21.5,5.1,-5.2,16.0,2.1,-3.4
PKE,BREAKOUT,2019-08-05,13.53,-3.9,-10.4,-32.9,-10.4,-25.4,-49.9,-15.8
PKE,BREAKOUT,2022-11-21,11.41,17.6,3.7,22.1,18.7,-1.6,7.1,-18.5
PKE,BREAKOUT,2023-09-11,14.22,-2.9,0.3,-9.9,-9.2,-15.5,-38.0,-9.6
PKE,BREAKOUT,2025-06-30,15.08,28.9,39.9,150.9,21.6,30.0,130.5,-0.6
PKG,BREAKOUT,2020-09-14,95.55,20.1,17.5,28.2,8.0,-1.2,-7.2,-4.2
PKG,BREAKOUT,2022-03-14,137.86,-9.9,-23.9,-15.4,7.4,-11.3,-4.6,-23.9
PKX,BOTTOM,2020-01-20,44.92,-31.2,-20.2,19.7,-17.7,-18.8,1.0,-45.1
PKX,BREAKOUT,2020-11-09,47.95,15.9,59.8,13.2,5.8,42.6,-19.1,0.0
PKX,BREAKOUT,2023-01-09,56.86,27.9,42.7,41.2,24.1,29.1,19.8,-3.3
PKX,BOTTOM,2025-08-25,51.59,2.9,34.9,,-3.3,27.9,,-12.5
PL,BOTTOM,2022-11-28,5.79,-20.0,-19.2,-56.3,-19.8,-25.2,-70.9,-39.2
PL,BOTTOM,2024-08-05,2.13,17.8,181.7,200.5,5.3,168.2,179.4,-16.4
PL,BOTTOM,2024-10-07,2.26,64.2,40.3,550.4,63.7,47.6,536.4,0.0
PLAB,BOTTOM,2018-06-04,8.5,18.2,6.6,0.4,14.4,11.0,-5.1,-6.1
PLAB,BREAKOUT,2018-08-20,10.8,-10.2,-3.2,-12.8,-2.2,-1.3,-13.8,-16.1
PLAB,BREAKOUT,2019-10-21,11.99,20.6,-5.7,-13.6,11.1,-0.5,-30.5,-21.3
PLAB,BOTTOM,2020-04-20,11.31,0.7,-8.4,12.3,-13.2,-31.6,-37.3,-21.1
PLAB,BOTTOM,2021-01-11,11.96,6.3,6.4,65.5,-5.2,-9.1,40.1,-7.2
PLAB,BOTTOM,2023-10-09,20.28,42.9,36.2,19.3,32.0,17.0,-16.8,-8.2
PLAB,BOTTOM,2025-01-13,24.57,-28.1,-21.8,40.5,-16.4,-27.4,23.4,-32.0
PLAB,BREAKOUT,2025-12-08,36.31,-7.6,-12.5,,-5.0,-21.9,,-19.7
PLAY,BOTTOM,2019-06-10,39.12,4.9,0.3,-57.6,0.3,-10.4,-64.9,-1.8
PLAY,BOTTOM,2020-02-17,46.6,-74.2,-71.0,-16.5,-63.3,-73.9,-35.7,-83.3
PLAY,BOTTOM,2020-06-15,16.01,2.9,73.5,147.8,-4.7,52.9,111.3,-24.5
PLAY,BREAKOUT,2022-03-28,48.27,-30.2,-35.7,-23.8,-14.7,-15.2,-15.7,-35.7
PLAY,BOTTOM,2023-03-06,35.94,5.7,-3.5,75.4,-6.2,-19.8,40.8,-7.8
PLD,BREAKOUT,2023-12-11,123.65,-3.2,-15.7,-15.3,-12.2,-31.8,-45.2,-22.3
PLD,BREAKOUT,2025-10-13,121.26,8.2,18.8,,3.8,11.3,,-1.0
PLGO,BREAKOUT,2024-11-11,19.02,-17.1,-9.5,-4.8,-21.5,-11.6,-20.9,-25.7
PLMR,BOTTOM,2021-10-04,78.8,-25.0,-18.7,14.9,-31.8,-21.6,30.8,-41.8
PLMR,BOTTOM,2022-11-14,61.14,-4.5,-14.3,-2.8,-7.8,-20.9,-18.5,-26.1
PLNT,BREAKOUT,2021-11-01,95.73,-9.2,-21.8,-34.6,-5.3,-10.2,-16.1,-21.8
PLOW,BOTTOM,2020-06-15,28.76,1.4,20.1,12.2,-6.1,-0.5,-24.3,-8.8
PLOW,BOTTOM,2020-09-14,29.17,18.4,34.7,4.7,6.3,16.1,-30.7,-5.2
PLOW,BREAKOUT,2025-05-12,27.71,11.6,9.0,58.7,3.0,-4.7,32.9,-6.6
PLPC,BREAKOUT,2017-09-18,56.19,20.1,3.3,23.4,12.3,-1.1,4.2,0.0
PLPC,BOTTOM,2020-01-13,56.41,-22.2,-14.8,21.8,-9.1,-12.7,6.5,-30.2
PLPC,BOTTOM,2020-09-07,48.34,32.7,46.7,34.8,22.6,27.8,-0.5,-4.7
PLPC,BREAKOUT,2022-08-08,75.15,10.1,20.3,116.5,16.5,24.0,110.5,-7.2
PLPC,BREAKOUT,2024-11-04,139.78,4.3,-3.4,49.7,3.6,1.7,36.1,-14.3
PLSE,BOTTOM,2017-10-16,23.56,-0.6,-22.0,-58.9,-10.2,-26.6,-68.3,-44.7
PLSE,BOTTOM,2020-01-20,14.22,-44.2,-22.7,107.7,-30.8,-21.3,89.0,-59.4
PLSE,BREAKOUT,2020-10-05,15.65,68.8,39.4,30.7,58.4,19.8,2.7,-22.6
PLSE,BOTTOM,2023-02-20,2.55,140.0,177.3,257.6,133.6,165.4,227.6,0.0
PLSE,BOTTOM,2024-01-22,8.52,-15.6,100.4,112.7,-20.2,87.9,86.3,-15.6
PLSE,BREAKOUT,2024-07-08,18.58,-8.1,-0.6,-13.7,-11.9,-4.9,-26.5,-21.6
PLSE,BOTTOM,2025-03-10,16.91,-6.7,-14.1,27.6,-13.1,-31.6,8.5,-14.1
PLSE,BREAKOUT,2026-02-09,23.01,6.7,,,-2.0,,,-21.2
PLTR,BOTTOM,2023-04-17,8.18,100.9,96.9,150.2,90.7,94.0,128.4,-9.4
PLTR,BREAKOUT,2023-05-15,11.71,23.0,75.0,85.8,18.3,66.5,57.5,0.0
PLUS,BOTTOM,2019-07-29,36.76,6.5,7.1,0.1,1.4,-3.9,-13.7,0.0
PLUS,BOTTOM,2020-03-09,29.86,16.0,20.8,74.4,2.3,-4.5,25.3,-21.8
PLUS,BREAKOUT,2020-11-30,43.69,12.1,3.9,18.7,7.9,-11.3,-5.6,-5.9
PLUS,BOTTOM,2023-03-13,47.54,15.9,29.7,61.8,2.8,15.2,29.2,-9.6
PLUS,BOTTOM,2025-10-20,73.71,17.6,14.7,,15.5,8.7,,-1.7
PLXS,BREAKOUT,2017-10-02,58.91,5.6,-0.5,-5.9,-2.4,-3.6,-21.1,-2.4
PLXS,BREAKOUT,2019-04-01,64.97,-8.6,-4.6,-22.5,-12.6,-7.6,-10.3,-23.8
PLXS,BREAKOUT,2019-10-21,72.3,11.2,-18.4,1.1,1.7,-13.2,-15.8,-40.5
PLXS,BREAKOUT,2021-01-04,85.09,7.7,5.2,9.1,-0.6,-9.8,-14.8,-9.6
PLXS,BREAKOUT,2022-10-24,98.77,-5.3,-11.4,-4.1,-10.0,-19.3,-11.4,-11.4
PLXS,BREAKOUT,2026-01-12,181.3,26.1,38.2,,23.2,30.2,,-4.0
PM,BOTTOM,2018-12-03,56.93,5.0,-4.9,4.5,0.3,-15.2,-17.4,-20.5
PM,BOTTOM,2020-06-15,54.07,8.1,21.1,43.9,0.6,0.5,7.5,-4.6
PM,BREAKOUT,2024-04-29,89.28,22.5,37.4,83.3,18.0,25.0,71.0,0.0
PMT,BREAKOUT,2018-02-12,6.8,7.8,18.2,25.3,8.1,12.9,21.8,-4.4
PNC,BREAKOUT,2021-01-04,130.06,14.7,21.5,45.2,6.5,6.6,21.3,-8.6
PNC,BOTTOM,2023-02-13,139.61,-24.4,-20.4,-1.5,-27.5,-28.4,-26.1,-28.8
PNC,BOTTOM,2023-10-09,106.57,29.0,31.8,65.9,18.1,12.6,29.8,-4.6
PNFP,BOTTOM,2020-06-15,40.78,-14.0,44.9,95.0,-21.5,24.3,58.5,-19.6
PNFP,BOTTOM,2022-10-10,81.57,-11.9,-37.8,-21.8,-23.9,-54.1,-44.4,-37.8
PNFP,BREAKOUT,2023-12-04,80.17,1.5,-6.9,54.7,-10.1,-23.8,20.8,-6.9
PNFP,BOTTOM,2025-08-11,91.05,-3.0,5.0,,-7.8,-1.5,,-7.6
PNR,BREAKOUT,2020-10-05,46.01,13.5,26.1,44.7,3.2,6.5,16.6,0.0
PNR,BREAKOUT,2023-01-30,57.15,-2.1,18.5,26.1,-2.6,9.4,4.4,-14.2
PNRG,BOTTOM,2017-10-16,50.0,6.1,30.0,53.0,-3.6,25.4,43.6,-3.8
PNRG,BOTTOM,2019-09-23,115.75,28.4,-41.2,-39.9,18.6,-28.0,-53.4,-57.2
PNRG,BOTTOM,2021-06-21,45.9,18.4,45.1,60.9,14.0,34.0,68.1,0.0
PNRG,BREAKOUT,2021-10-25,68.88,10.3,13.2,8.5,13.8,22.9,22.5,-11.9
PNRG,BREAKOUT,2024-07-08,117.5,36.3,76.3,39.2,32.5,72.0,26.4,-8.9
PNRG,BREAKOUT,2026-03-23,240.42,-27.4,,,-42.6,,,-31.5
PNTG,BOTTOM,2023-04-03,13.86,-18.7,-18.1,49.5,-26.3,-23.8,21.0,-20.6
PNTG,BOTTOM,2023-08-07,12.11,2.3,30.8,150.1,3.1,17.5,128.9,-12.6
PNTG,BREAKOUT,2026-01-19,30.53,-1.7,,,-5.6,,,-9.5
PNW,BOTTOM,2020-06-15,56.68,-3.3,9.1,14.8,-10.8,-11.5,-21.6,-3.3
PODD,BREAKOUT,2019-05-20,108.57,41.9,62.8,76.9,40.7,51.8,70.3,0.0
PODD,BREAKOUT,2024-09-09,233.87,15.2,9.2,46.1,7.3,8.4,27.7,-1.7
POET,BOTTOM,2018-01-22,1.7,88.2,11.8,35.3,94.8,12.7,40.8,0.0
POET,BREAKOUT,2020-02-17,4.1,-7.3,-4.9,141.5,3.6,-7.7,122.3,-43.9
POET,BOTTOM,2023-04-17,3.7,9.5,-20.8,-71.6,-0.6,-23.7,-93.5,-21.9
POET,BOTTOM,2024-06-03,1.72,60.5,198.3,143.6,58.9,183.7,130.0,-1.7
POET,BREAKOUT,2025-07-07,7.17,6.4,3.1,15.9,1.4,-8.9,-6.5,-40.4
POET,BOTTOM,2025-07-28,5.4,19.3,7.4,,9.2,-4.5,,-20.9
POET,BOTTOM,2025-11-10,4.4,26.8,263.0,,25.1,252.3,,-3.0
POOL,BREAKOUT,2019-04-15,162.72,7.8,23.0,13.0,4.9,19.2,12.1,0.0
POOL,BOTTOM,2023-03-06,329.86,-5.7,-0.3,20.6,-17.6,-16.6,-14.0,-6.4
POR,BOTTOM,2020-03-23,37.3,-15.8,-24.9,2.3,-34.7,-55.7,-56.5,-28.8
POR,BOTTOM,2020-06-15,33.24,-17.9,-0.8,14.5,-25.5,-21.4,-21.9,-20.1
POST,BOTTOM,2020-07-20,57.26,5.8,13.1,19.0,-2.4,-7.2,-20.1,-5.0
POST,BREAKOUT,2024-01-29,101.01,1.6,12.6,5.1,-2.1,4.1,-18.2,-1.0
POWI,BREAKOUT,2019-04-29,37.08,11.2,17.0,21.4,11.2,11.8,23.2,-18.3
POWI,BOTTOM,2023-03-06,77.84,13.9,-1.9,-8.2,2.1,-18.2,-42.8,-10.5
POWL,BREAKOUT,2018-05-07,9.95,12.2,-8.8,1.1,8.0,-11.6,-6.5,-17.2
POWL,BOTTOM,2022-01-03,9.06,-32.7,-19.8,30.8,-29.1,-3.8,46.2,-33.1
POWL,BREAKOUT,2022-12-05,11.57,22.2,77.3,145.1,23.6,67.0,126.2,-1.5
POWL,BREAKOUT,2025-10-20,121.46,14.6,108.0,,12.5,102.0,,-22.7
PPG,BOTTOM,2020-06-15,92.05,21.8,41.4,64.7,14.3,20.8,28.2,-1.5
PPG,BREAKOUT,2020-10-05,121.17,9.6,11.6,12.6,-0.8,-7.9,-15.5,-4.5
PPG,BOTTOM,2022-11-21,123.38,-2.3,1.2,4.3,-1.2,-4.1,-10.7,-7.7
PPG,BREAKOUT,2026-02-02,124.97,-12.9,,,-20.0,,,-22.7
PPL,BREAKOUT,2024-04-29,26.13,10.1,14.3,33.1,5.5,1.9,20.8,-1.5
PPLI,BOTTOM,2023-04-17,41.01,33.6,-9.0,-4.0,23.5,-11.9,-25.8,-9.0
PPLI,BOTTOM,2024-06-17,38.71,15.2,-10.4,-4.1,10.5,-19.7,-14.6,-10.4
PPTA,BOTTOM,2023-02-27,3.64,32.7,-10.2,-15.9,26.4,-22.6,-44.7,-24.2
PPTA,BREAKOUT,2023-04-03,4.84,-30.2,-23.8,-1.7,-37.7,-29.5,-30.2,-43.0
PPTA,BREAKOUT,2024-04-08,5.92,-1.9,60.3,99.8,-11.8,46.1,94.0,-12.3
PR,BREAKOUT,2017-10-30,17.59,-3.2,-8.9,-3.6,-10.3,-12.8,-10.8,-17.4
PR,BREAKOUT,2018-09-10,18.31,-39.8,-56.5,-79.1,-29.7,-54.7,-84.7,-58.9
PR,BREAKOUT,2021-02-01,2.87,43.5,45.0,145.6,34.3,30.1,128.3,0.0
PR,BOTTOM,2021-04-19,3.39,40.4,84.1,110.7,34.5,74.7,107.2,0.0
PR,BREAKOUT,2022-10-17,8.34,10.1,9.4,60.8,3.8,-1.7,46.5,-10.2
PRAA,BOTTOM,2017-09-11,28.8,21.4,33.5,32.5,13.9,22.5,14.1,-8.3
PRAA,BREAKOUT,2018-03-05,39.9,1.3,-7.4,-30.0,1.1,-11.4,-30.3,-10.9
PRAA,BREAKOUT,2021-11-01,46.7,-2.9,-10.4,-33.5,1.0,1.2,-15.0,-10.4
PRAA,BREAKOUT,2026-04-13,21.09,-14.1,,,-19.0,,,-30.6
PRAA,BOTTOM,2026-07-06,18.49,,,,,,,-2.0
PRAX,BOTTOM,2023-07-03,18.0,27.5,39.9,124.0,29.2,32.4,95.8,-20.0
PRAX,BOTTOM,2023-11-06,14.7,209.5,231.8,429.8,195.2,212.8,392.2,0.0
PRAX,BREAKOUT,2025-10-13,189.99,67.0,80.3,,62.6,72.8,,-11.5
PRCH,BREAKOUT,2021-08-30,22.39,-21.0,-72.8,-90.4,-21.4,-68.8,-78.2,-72.8
PRCH,BOTTOM,2021-10-11,17.19,-28.7,-69.1,-89.4,-33.3,-67.9,-70.8,-69.1
PRCH,BOTTOM,2024-07-29,1.88,17.6,136.7,554.3,10.1,123.0,536.1,-34.0
PRCH,BREAKOUT,2024-12-02,5.51,19.7,97.1,69.9,24.6,97.9,55.7,-21.4
PRCH,BOTTOM,2025-03-31,5.64,117.7,201.8,33.2,93.6,168.6,1.9,-6.2
PRCH,BOTTOM,2026-05-18,9.56,,,,,,,-3.1
PRCT,BOTTOM,2023-09-25,32.81,27.7,50.6,142.4,16.1,27.4,106.9,-20.5
PRDO,BREAKOUT,2019-05-06,17.79,15.5,-15.3,-22.2,13.8,-23.5,-25.8,-24.2
PRDO,BOTTOM,2021-04-05,11.27,1.2,-6.1,-5.0,-5.0,-13.2,-15.2,-12.2
PRG,BREAKOUT,2018-03-05,38.74,-13.8,5.7,10.3,-13.9,1.7,10.1,-16.7
PRG,BREAKOUT,2019-04-22,46.25,12.4,34.0,-54.8,8.9,30.2,-53.2,-6.7
PRG,BREAKOUT,2020-11-16,51.4,-9.2,-1.0,-11.1,-19.5,-18.6,-44.9,-19.4
PRG,BOTTOM,2023-03-27,22.88,35.0,39.6,45.3,26.3,34.4,15.7,-4.4
PRG,BREAKOUT,2023-04-24,29.07,34.0,-10.4,13.0,23.7,-9.8,-11.0,-10.4
PRG,BREAKOUT,2024-07-22,42.55,-3.9,-3.3,-24.8,-10.6,-15.7,-43.3,-8.2
PRG,BOTTOM,2026-05-11,33.09,,,,,,,0.0
PRGO,BOTTOM,2019-07-01,39.83,7.3,0.4,11.8,8.2,-8.6,5.1,-8.0
PRGS,BOTTOM,2019-01-28,33.4,26.4,16.0,26.1,17.1,6.6,4.8,-1.0
PRGS,BREAKOUT,2019-03-25,40.94,-1.3,-11.5,-24.4,-5.6,-17.0,-15.9,-14.4
PRGS,BREAKOUT,2020-01-13,45.81,-22.7,-26.5,-8.5,-9.6,-24.4,-23.8,-38.7
PRI,BREAKOUT,2026-04-20,278.77,,,,,,,-4.6
PRIM,BOTTOM,2019-07-01,20.05,-6.6,2.4,-16.3,-5.7,-6.7,-23.0,-11.4
PRIM,BOTTOM,2020-06-15,16.39,6.4,60.6,71.6,-1.1,40.0,35.2,-6.4
PRIM,BREAKOUT,2020-11-16,22.85,34.8,32.9,6.6,24.6,15.2,-27.2,0.0
PRIM,BREAKOUT,2023-02-27,27.35,0.3,29.4,43.5,-6.0,16.9,14.7,-14.6
PRK,BREAKOUT,2020-11-09,84.5,15.5,27.5,40.0,5.3,10.3,7.7,-1.5
PRK,BREAKOUT,2022-10-24,128.73,-15.9,-24.4,-28.7,-20.6,-32.2,-35.9,-24.4
PRK,BREAKOUT,2026-02-02,174.26,-1.2,,,-8.3,,,-11.0
PRKS,BREAKOUT,2021-02-15,38.92,33.0,26.8,75.9,26.3,12.4,63.1,0.0
PRKS,BOTTOM,2022-12-05,52.72,12.3,8.8,-1.7,13.7,-1.5,-20.5,0.0
PRLB,BOTTOM,2020-03-09,73.2,51.2,103.3,84.3,37.5,78.0,35.2,-11.7
PRLB,BREAKOUT,2020-05-18,124.25,5.4,8.2,-30.0,-10.0,-13.1,-72.7,-11.8
PRLB,BREAKOUT,2024-11-18,41.5,-2.3,-11.3,17.7,-3.3,-9.1,5.7,-23.8
PRM,BREAKOUT,2024-04-01,7.79,0.8,67.8,20.0,-6.6,56.6,21.3,-9.9
PRMB,BREAKOUT,2020-02-03,13.47,-27.4,-7.6,12.9,-15.9,-9.3,-6.0,-47.3
PRMB,BREAKOUT,2020-12-07,13.9,6.1,12.3,8.8,-1.9,-4.4,-21.5,-9.9
PRMB,BOTTOM,2026-04-27,19.93,,,,,,,0.0
PRSU,BREAKOUT,2018-08-20,61.13,-18.8,-5.4,4.5,-10.8,-3.5,3.5,-23.5
PRSU,BREAKOUT,2019-04-29,61.96,9.6,-1.2,-64.4,9.6,-6.3,-62.5,-1.7
PRSU,BOTTOM,2020-06-15,19.26,16.3,71.3,149.2,8.7,50.7,112.8,-24.9
PRSU,BOTTOM,2025-09-08,36.65,-2.2,-1.0,,-6.1,-2.3,,-10.2
PRTA,BREAKOUT,2019-12-16,15.85,-43.4,-37.5,-17.6,-15.2,-34.7,-34.9,-43.4
PRTA,BOTTOM,2020-01-27,12.17,-6.6,0.6,-7.9,5.0,-2.0,-25.1,-26.3
PRTA,BOTTOM,2020-08-24,12.89,-12.4,73.2,428.5,-16.6,63.8,398.2,-21.5
PRTA,BOTTOM,2023-01-02,53.64,-8.0,20.4,-24.2,-13.9,6.5,-46.6,-12.2
PRTA,BOTTOM,2026-06-08,8.25,,,,,,,0.0
PRU,BREAKOUT,2023-12-04,89.3,11.5,19.5,31.1,-0.2,2.6,-2.7,0.0
PRU,BREAKOUT,2025-12-08,113.84,-20.3,-4.7,,-17.7,-14.1,,-20.3
PRVA,BREAKOUT,2022-08-01,39.97,-28.6,-35.1,-31.6,-20.0,-35.6,-41.4,-46.2
PRVA,BOTTOM,2023-02-06,27.02,-2.3,0.1,-22.7,-3.5,-9.9,-47.4,-9.8
PRVA,BOTTOM,2023-06-12,25.2,-3.5,-10.6,-30.7,-4.7,-18.2,-55.5,-15.8
PRVA,BREAKOUT,2025-02-10,25.24,-0.9,-15.7,-11.3,1.4,-21.9,-24.4,-25.3
PRVA,BREAKOUT,2026-06-29,27.36,,,,,,,-1.7
PSA,BREAKOUT,2018-06-04,154.8,-2.5,0.8,17.5,-6.4,5.2,12.1,-7.4
PSA,BREAKOUT,2023-12-25,276.05,-3.9,-3.7,1.6,-14.3,-18.9,-25.2,-14.6
PSA,BREAKOUT,2024-07-08,279.8,14.2,-2.8,-0.8,10.4,-7.1,-13.5,-2.8
PSIX,BOTTOM,2017-12-11,7.3,-8.9,25.3,33.6,-12.2,20.5,34.5,-12.1
PSIX,BREAKOUT,2018-07-09,10.63,14.0,-23.8,-5.9,14.9,-17.4,-15.6,-23.8
PSIX,BREAKOUT,2020-01-06,10.88,-63.2,-61.2,-60.5,-49.2,-59.7,-79.7,-65.9
PSIX,BOTTOM,2020-05-18,4.78,-23.6,-32.0,-11.9,-39.1,-53.3,-54.6,-41.4
PSIX,BREAKOUT,2024-05-06,3.54,216.4,691.0,757.6,213.7,675.4,747.9,0.0
PSKY,BREAKOUT,2021-01-04,35.27,4.8,7.7,-9.7,-3.4,-7.3,-33.5,-2.6
PSKY,BOTTOM,2021-05-24,37.45,-3.1,-22.2,-17.9,-10.6,-32.2,-18.0,-22.2
PSMT,BREAKOUT,2018-06-18,83.66,-8.5,-39.3,-43.8,-15.2,-27.8,-53.0,-39.3
PSMT,BOTTOM,2023-03-06,64.33,10.1,10.8,24.2,-1.7,-5.5,-10.4,0.0
PSN,BOTTOM,2025-11-10,82.63,-23.3,-39.0,,-25.1,-49.7,,-40.5
PSNL,BOTTOM,2021-05-03,22.75,-8.0,-9.6,-77.1,-13.2,-21.3,-75.9,-23.9
PSNL,BREAKOUT,2024-07-15,3.85,26.5,27.0,60.8,19.7,17.5,45.0,-15.3
PSNL,BOTTOM,2025-09-08,5.85,49.9,14.9,,45.9,13.6,,0.0
PSO,BREAKOUT,2017-12-04,7.9,5.6,22.1,19.7,0.0,16.4,18.6,-7.8
PSO,BOTTOM,2020-09-14,5.62,40.6,71.8,58.9,28.5,53.1,23.6,0.0
PSO,BOTTOM,2022-04-18,9.11,-4.9,0.2,8.1,2.0,11.7,9.8,-8.8
PSO,BREAKOUT,2023-10-30,11.11,2.7,6.8,29.0,-11.5,-11.7,-4.2,-0.8
PSX,BREAKOUT,2017-09-11,62.68,14.8,10.9,33.4,7.3,-0.1,15.0,0.0
PSX,BREAKOUT,2021-03-01,71.55,5.8,-18.4,1.0,-4.7,-37.3,-13.1,-22.7
PSX,BREAKOUT,2022-02-07,79.06,2.6,-1.4,20.0,11.1,0.9,25.8,-14.6
PSX,BREAKOUT,2023-07-24,99.56,1.5,29.4,33.3,11.3,22.0,12.4,-0.1
PTC,BOTTOM,2020-03-23,59.01,28.0,38.4,129.5,9.1,7.6,70.7,-6.8
PTC,BREAKOUT,2020-08-24,91.15,19.2,50.2,44.8,15.0,40.8,14.5,-10.4
PTC,BREAKOUT,2024-11-04,192.83,-12.3,-15.5,-8.7,-13.1,-10.4,-22.2,-27.5
PTC,BREAKOUT,2025-07-21,204.51,0.1,-20.7,,-6.5,-29.5,,-20.7
PTCT,BREAKOUT,2020-11-02,59.38,7.0,-32.2,-30.4,-4.2,-53.7,-66.1,-32.2
PTCT,BOTTOM,2022-12-05,38.14,16.0,12.7,-30.8,17.4,2.5,-49.7,-4.4
PTCT,BREAKOUT,2023-04-17,55.13,-28.3,-57.9,-54.1,-38.4,-60.8,-75.9,-63.0
PTCT,BOTTOM,2023-06-26,40.67,-44.9,-32.2,-24.8,-41.7,-40.3,-49.3,-54.5
PTCT,BOTTOM,2024-04-01,27.02,14.5,29.9,60.0,7.1,18.7,61.3,-6.3
PTEN,BOTTOM,2018-02-19,16.04,7.3,-10.5,-28.0,7.8,-16.0,-31.6,-14.4
PTEN,BREAKOUT,2022-01-31,9.4,52.1,33.1,48.1,60.2,40.3,54.7,0.0
PTEN,BOTTOM,2024-02-19,10.41,-6.0,-18.4,-25.5,-10.6,-29.8,-45.2,-21.4
PTEN,BOTTOM,2025-06-23,5.63,-4.3,1.8,70.3,-12.2,-11.1,50.5,-9.0
PTEN,BOTTOM,2025-12-22,5.73,96.5,67.4,,104.4,61.2,,0.0
PTEN,BREAKOUT,2026-02-02,8.48,33.4,,,26.3,,,-6.5
PTGX,BOTTOM,2017-11-13,17.4,1.0,-65.5,-49.6,-5.5,-71.7,-57.7,-65.5
PTGX,BOTTOM,2019-06-10,11.65,27.2,-37.1,38.9,22.6,-47.9,31.6,-37.1
PTGX,BREAKOUT,2020-05-11,16.2,-3.1,37.1,88.1,-21.3,11.0,40.2,-4.4
PTGX,BOTTOM,2020-07-27,15.73,20.5,31.7,214.2,20.1,17.4,177.9,-0.3
PTGX,BOTTOM,2023-08-07,18.91,-18.1,41.1,104.8,-17.3,27.8,83.5,-25.5
PTGX,BREAKOUT,2024-02-26,32.15,-12.4,33.4,16.9,-15.6,22.8,-0.4,-21.8
PTON,BOTTOM,2023-03-06,11.78,-29.5,-53.7,-60.3,-41.3,-70.1,-94.9,-53.7
PTON,BOTTOM,2024-09-30,4.7,93.0,7.0,82.6,89.3,18.3,64.3,0.0
PTON,BREAKOUT,2024-10-28,7.25,6.9,-5.9,0.1,1.2,-5.8,-20.8,-30.6
PTON,BOTTOM,2025-09-15,8.27,-25.0,-53.6,,-27.9,-51.8,,-55.1
PTY,BREAKOUT,2023-01-30,9.93,-6.4,6.9,8.6,-6.8,-2.3,-13.1,-13.0
PUBM,BREAKOUT,2024-02-26,21.07,3.9,-26.0,-49.5,0.8,-36.6,-66.9,-35.3
PUBM,BREAKOUT,2026-06-29,13.55,,,,,,,-6.1
PUK,BOTTOM,2020-09-14,26.5,19.9,41.2,38.4,7.8,22.5,3.1,-18.5
PUK,BREAKOUT,2021-01-04,34.38,11.5,-0.9,-4.1,3.2,-15.9,-28.0,-17.9
PUK,BREAKOUT,2023-01-23,31.82,-9.5,-16.3,-35.1,-12.4,-29.8,-57.1,-28.5
PUK,BOTTOM,2023-04-17,26.83,-5.7,-28.6,-35.2,-15.8,-31.5,-57.1,-28.6
PUK,BREAKOUT,2025-03-24,21.03,17.6,30.2,32.1,6.6,10.4,16.7,-10.3
PUMP,BOTTOM,2018-12-24,12.2,84.8,69.7,-9.7,70.2,50.3,-42.5,0.0
PUMP,BREAKOUT,2019-02-25,20.69,-6.1,-48.5,-57.7,-4.7,-53.8,-65.3,-49.6
PUMP,BOTTOM,2021-05-24,9.94,-21.0,-17.1,30.7,-28.6,-27.1,30.5,-33.9
PUMP,BREAKOUT,2022-02-28,13.88,-3.7,-35.3,-28.7,1.0,-26.7,-23.8,-39.2
PUMP,BOTTOM,2024-06-24,8.67,-13.0,4.3,-31.1,-18.4,-5.8,-45.5,-24.1
PUMP,BREAKOUT,2024-12-30,9.87,-47.0,-36.1,-0.5,-32.6,-42.3,-17.3,-49.6
PVH,BOTTOM,2019-04-22,129.57,-31.8,-29.1,-68.4,-35.2,-32.9,-66.8,-47.3
PVH,BOTTOM,2020-10-19,64.38,50.6,68.5,72.4,39.4,47.1,39.5,-10.2
PVH,BREAKOUT,2021-01-04,103.07,6.3,3.9,2.9,-2.0,-11.1,-21.0,-18.0
PVH,BREAKOUT,2023-11-27,99.14,38.4,20.6,9.0,26.3,4.9,-24.0,0.0
PVH,BOTTOM,2025-01-06,99.58,-31.0,-26.3,-33.5,-23.3,-34.4,-54.5,-37.2
PVH,BOTTOM,2025-10-06,76.38,-13.4,18.8,,-20.0,14.1,,-20.3
PVH,BREAKOUT,2026-04-06,90.7,-12.5,,,-23.9,,,-18.0
PVH,BOTTOM,2026-07-06,79.37,,,,,,,-1.5
PVLA,BOTTOM,2019-09-02,356.0,-23.1,-34.8,-39.3,-29.3,-35.6,-56.6,-34.8
PVLA,BREAKOUT,2019-09-16,460.8,-42.4,-65.6,-48.8,-50.4,-43.2,-61.8,-65.6
PVLA,BOTTOM,2021-03-15,212.0,33.2,120.8,20.0,26.3,106.7,4.4,-29.1
PWP,BREAKOUT,2023-01-30,10.2,-27.0,1.8,10.9,-27.4,-7.3,-10.8,-27.0
PWP,BOTTOM,2025-12-08,17.68,-9.4,-11.4,,-6.8,-20.8,,-12.4
PWR,BREAKOUT,2017-12-04,38.63,-8.7,-5.8,-20.5,-14.2,-11.5,-21.6,-16.4
PWR,BREAKOUT,2020-08-03,45.85,40.6,64.1,99.8,35.5,47.3,65.6,0.0
PYPL,BREAKOUT,2020-02-10,121.93,18.3,55.7,142.6,33.0,54.9,124.1,-29.5
PYPL,BOTTOM,2024-03-11,62.31,-3.5,11.5,9.7,-10.0,0.9,-1.8,-7.7
PYPL,BOTTOM,2025-07-21,77.31,-10.5,-27.2,,-17.1,-36.0,,-27.2
PZZA,BREAKOUT,2019-11-04,52.25,5.0,32.3,36.4,-3.0,36.6,20.9,-19.3
PZZA,BOTTOM,2023-03-20,67.34,-6.6,-5.0,-11.7,-16.4,-14.5,-45.3,-6.9
PZZA,BREAKOUT,2025-10-20,53.25,-32.5,-31.4,,-34.6,-37.4,,-43.1
QBTS,BOTTOM,2023-12-04,1.05,78.1,10.5,381.9,66.4,-6.4,348.0,-34.8
QBTS,BOTTOM,2024-04-15,1.59,-35.8,-26.4,303.8,-47.1,-45.2,296.1,-47.0
QBTS,BREAKOUT,2024-11-18,2.93,147.4,541.6,596.6,146.4,543.8,584.6,0.0
QBTS,BOTTOM,2025-01-27,5.94,33.2,175.8,257.2,38.7,171.8,240.9,-12.8
QCOM,BREAKOUT,2018-08-27,56.3,-14.4,-19.5,17.9,-9.8,-17.1,15.1,-26.3
QCOM,BREAKOUT,2019-04-15,67.55,-5.3,-1.1,-1.5,-8.2,-4.8,-2.3,-17.1
QCOM,BREAKOUT,2019-11-04,80.87,-6.3,-13.0,58.7,-14.4,-8.7,43.2,-34.2
QCOM,BREAKOUT,2020-07-27,92.97,17.4,49.4,44.6,17.0,35.1,8.3,0.0
QCOM,BREAKOUT,2021-11-01,147.03,10.5,-13.1,-33.3,14.4,-1.5,-14.9,-17.9
QCOM,BOTTOM,2023-03-06,107.18,4.1,-6.6,51.9,-7.7,-22.9,17.3,-10.0
QCOM,BOTTOM,2023-10-09,102.53,29.8,59.4,59.7,18.9,40.2,23.6,-2.0
QCOM,BREAKOUT,2023-12-04,126.26,28.9,56.8,22.3,17.3,39.9,-11.5,0.0
QCOM,BREAKOUT,2025-10-27,178.17,-15.8,-1.0,,-17.5,-7.3,,-29.1
QCOM,BREAKOUT,2026-05-04,218.28,,,,,,,-21.3
QCRH,BOTTOM,2019-09-02,34.31,18.2,3.9,-13.4,12.0,3.1,-30.7,0.0
QCRH,BOTTOM,2020-06-15,29.6,-5.6,33.0,53.1,-13.2,12.3,16.6,-13.1
QCRH,BREAKOUT,2023-12-04,54.1,5.5,2.9,66.1,-6.1,-13.9,32.2,0.0
QCRH,BOTTOM,2025-09-29,75.02,9.2,16.2,,6.8,17.6,,-10.1
QDEL,BOTTOM,2021-10-25,132.77,-23.4,-24.2,-33.1,-19.9,-14.5,-19.1,-27.7
QDEL,BOTTOM,2025-02-10,40.57,-17.5,-36.1,-41.9,-15.3,-42.3,-55.0,-43.8
QFIN,BOTTOM,2020-10-12,9.26,18.6,97.7,70.4,10.0,76.6,40.2,-9.8
QFIN,BREAKOUT,2021-01-18,12.32,68.2,62.4,28.4,59.0,46.8,12.5,0.0
QFIN,BOTTOM,2021-12-20,17.17,-27.8,-19.3,-7.8,-24.3,-2.8,9.5,-39.8
QFIN,BOTTOM,2022-06-13,12.46,-10.3,16.9,7.3,-16.1,11.2,-14.7,-33.6
QFIN,BOTTOM,2023-04-17,14.48,5.0,-17.7,9.8,-5.1,-20.6,-12.0,-21.2
QGEN,BOTTOM,2020-01-27,33.34,23.4,46.4,60.3,34.9,43.9,43.1,0.0
QGEN,BREAKOUT,2021-08-30,55.95,-4.4,-18.5,-20.0,-4.8,-14.5,-7.8,-18.5
QLYS,BOTTOM,2021-04-05,104.16,2.4,5.5,32.6,-3.8,-1.6,22.4,-7.2
QLYS,BOTTOM,2021-10-18,117.36,5.9,18.7,13.6,8.9,24.1,29.8,-2.2
QLYS,BOTTOM,2023-05-15,120.64,20.0,48.0,21.9,15.4,39.5,-6.4,0.0
QLYS,BOTTOM,2025-02-10,143.76,-4.8,-10.2,-27.0,-2.5,-16.3,-40.2,-17.5
QMCO,BREAKOUT,2019-07-08,59.0,88.1,145.4,39.7,89.1,136.1,31.9,0.0
QMCO,BOTTOM,2020-10-26,83.6,70.6,103.8,36.6,56.8,75.1,-6.0,0.0
QMCO,BOTTOM,2023-06-05,20.2,-35.6,-75.2,-53.5,-39.7,-83.1,-79.5,-75.2
QMCO,BREAKOUT,2024-11-25,17.41,-32.3,-31.8,-54.9,-31.2,-30.3,-69.7,-40.7
QMCO,BOTTOM,2025-01-27,22.4,-50.0,-66.4,-72.3,-44.5,-70.3,-88.7,-66.4
QMCO,BOTTOM,2025-12-22,6.96,-32.8,67.4,,-24.9,61.2,,-32.8
QMCO,BREAKOUT,2026-06-01,12.7,,,,,,,-21.1
QNST,BREAKOUT,2020-09-28,16.81,27.5,23.1,7.0,15.1,2.2,-24.9,-4.8
QNST,BOTTOM,2022-09-19,10.49,33.5,45.2,-15.0,28.9,36.7,-33.8,0.0
QNST,BOTTOM,2023-09-04,9.38,38.6,61.2,98.4,34.9,45.5,75.4,-4.9
QNST,BOTTOM,2024-01-29,12.67,49.2,47.8,86.7,45.4,39.3,63.4,0.0
QNST,BREAKOUT,2024-03-11,16.47,-2.7,16.5,7.8,-9.2,5.9,-3.6,-3.5
QRVO,BOTTOM,2019-06-24,66.61,9.9,75.4,61.2,8.7,64.2,56.7,0.0
QRVO,BREAKOUT,2020-07-27,128.15,-0.6,33.3,47.9,-1.0,19.1,11.6,-7.2
QRVO,BOTTOM,2023-03-06,95.33,3.2,4.2,21.8,-8.6,-12.1,-12.9,-5.3
QRVO,BREAKOUT,2026-05-18,106.43,,,,,,,-19.7
QS,BOTTOM,2024-10-07,5.62,-0.2,-32.9,161.6,-0.7,-25.6,147.5,-32.9
QS,BREAKOUT,2025-07-07,9.23,59.3,15.0,-28.7,54.3,3.0,-51.1,-15.1
QSR,BREAKOUT,2019-02-11,49.88,5.1,17.0,7.1,1.6,11.9,-16.9,-2.8
QTTB,BOTTOM,2021-10-25,103.14,-45.2,-71.0,-73.6,-41.8,-61.3,-59.6,-71.0
QTTB,BREAKOUT,2024-04-08,28.89,-9.2,68.1,-92.8,-19.2,53.9,-98.7,-46.4
QTTB,BOTTOM,2025-12-22,3.2,126.6,311.6,,134.5,305.4,,0.0
QTWO,BOTTOM,2025-09-15,78.18,-5.2,-38.4,,-8.0,-36.6,,-38.4
QUBT,BOTTOM,2021-01-25,11.19,-45.4,-16.5,-78.5,-58.5,-35.8,-99.5,-64.2
QUBT,BOTTOM,2024-04-22,0.75,-2.1,44.9,848.1,-9.6,30.3,838.4,-33.2
QUBT,BREAKOUT,2024-10-28,1.13,818.6,608.8,1378.8,812.8,609.0,1357.9,0.0
QUBT,BOTTOM,2025-04-14,6.41,204.4,186.0,49.3,184.8,159.0,12.8,0.0
QUBT,BOTTOM,2025-08-11,15.32,-30.8,-44.7,,-35.5,-51.3,,-44.7
QUIK,BOTTOM,2017-10-16,21.14,31.1,0.7,-40.4,21.5,-4.0,-49.8,-8.6
QUIK,BREAKOUT,2021-02-08,7.04,-18.8,-33.8,-27.4,-25.2,-48.1,-41.1,-33.8
QUIK,BOTTOM,2021-06-14,6.4,-6.7,-21.9,19.1,-13.4,-33.5,29.6,-27.2
QUIK,BREAKOUT,2022-05-30,7.63,-13.5,-20.2,-22.1,-9.5,-20.1,-28.1,-20.2
QUIK,BOTTOM,2022-11-14,6.3,-8.3,-7.5,74.3,-11.6,-14.1,58.7,-21.4
QUIK,BREAKOUT,2023-06-26,9.19,-6.4,50.8,13.1,-3.2,42.8,-11.4,-19.5
QUIK,BOTTOM,2025-10-06,6.12,27.1,81.5,,20.5,76.9,,-5.4
QURE,BOTTOM,2022-09-12,19.39,19.2,-0.3,-59.2,19.3,-2.3,-76.0,-10.8
QURE,BOTTOM,2025-12-01,21.33,-33.1,24.0,,-31.4,15.8,,-33.1
QXO,BOTTOM,2019-05-06,13.01,-0.4,25.5,-2.9,-2.1,17.2,-6.5,-16.6
QXO,BREAKOUT,2019-12-30,22.42,-59.7,-48.0,-22.9,-37.1,-45.8,-41.0,-59.7
QXO,BOTTOM,2020-02-10,16.29,-33.0,21.8,96.3,-18.3,21.0,77.8,-44.6
QXO,BOTTOM,2020-07-20,13.44,12.4,105.1,348.0,4.2,84.7,308.8,-8.8
QXO,BREAKOUT,2020-08-03,25.81,-41.3,19.4,94.8,-46.3,2.6,60.6,-52.5
QXO,BOTTOM,2021-08-09,47.61,-26.1,-58.1,-47.1,-31.2,-57.6,-44.2,-59.8
QXO,BOTTOM,2022-09-12,16.72,22.0,13.6,29.6,22.1,11.6,12.8,-11.4
QXO,BOTTOM,2023-09-18,20.93,246.2,317.2,-27.9,235.7,295.2,-61.7,0.0
QXO,BOTTOM,2024-07-15,58.61,-73.7,-76.1,-63.1,-80.5,-85.7,-78.8,-81.0
QXO,BOTTOM,2025-03-31,14.0,57.0,44.5,35.9,32.9,11.3,4.6,-8.0
QXO,BREAKOUT,2026-01-05,25.0,-12.3,-40.0,,-10.4,-49.4,,-40.0
QXO,BOTTOM,2026-03-23,18.96,-6.2,,,-21.5,,,-24.1
R,BREAKOUT,2017-09-18,62.98,3.3,-12.7,-8.0,-4.5,-17.1,-27.2,-12.7
R,BOTTOM,2019-04-29,50.78,-20.9,-19.4,-42.6,-20.9,-24.5,-40.8,-25.2
R,BOTTOM,2019-12-09,42.86,-39.9,-25.9,27.2,-25.2,-22.8,9.6,-55.4
R,BREAKOUT,2020-11-09,48.07,18.3,55.4,63.0,8.2,38.2,30.7,0.0
R,BREAKOUT,2022-11-07,81.3,9.5,-7.6,20.1,6.6,-11.8,7.7,-9.5
R,BREAKOUT,2025-06-30,168.4,13.2,14.4,54.8,5.9,4.5,34.4,-5.5
RACE,BREAKOUT,2019-06-03,142.69,8.5,10.5,14.5,4.4,0.0,1.2,-0.5
RACE,BREAKOUT,2021-10-25,227.95,-4.3,-11.0,-15.7,-0.9,-1.3,-1.7,-19.7
RAMP,BREAKOUT,2018-03-05,31.69,-4.2,42.7,85.1,-4.4,38.7,84.8,-28.3
RAMP,BOTTOM,2022-01-03,45.84,-16.7,-38.0,-49.2,-13.1,-22.0,-33.8,-45.0
RAMP,BOTTOM,2025-03-10,26.33,18.9,0.3,6.2,12.5,-17.2,-12.9,-7.8
RAMP,BREAKOUT,2026-05-18,37.7,,,,,,,-0.7
RAPP,BREAKOUT,2025-09-29,28.54,-1.5,17.7,,-3.9,19.1,,-14.6
RARE,BREAKOUT,2018-05-28,73.73,14.9,-27.2,-25.5,8.3,-28.9,-28.1,-34.1
RARE,BOTTOM,2023-04-24,43.67,-1.3,-24.9,1.3,-11.5,-24.3,-22.7,-24.9
RARE,BREAKOUT,2024-02-26,53.69,-25.2,5.8,-20.1,-28.4,-4.9,-37.4,-27.3
RARE,BOTTOM,2026-01-12,22.49,10.3,30.2,,7.4,22.2,,-13.8
RBA,BREAKOUT,2019-08-12,34.45,9.4,12.5,63.3,0.9,-5.5,44.3,-1.6
RBA,BOTTOM,2022-06-13,55.46,10.4,-6.5,-0.3,4.6,-12.1,-22.3,-7.7
RBC,BREAKOUT,2018-07-02,125.19,16.3,-3.5,25.2,11.3,3.9,14.7,-4.6
RBC,BOTTOM,2020-03-16,80.48,58.0,47.3,132.7,22.5,1.6,59.7,0.0
RBC,BOTTOM,2020-06-15,127.15,-6.7,36.4,43.7,-14.3,15.8,7.2,-10.6
RBC,BREAKOUT,2020-12-14,173.42,8.0,5.3,14.7,2.1,-7.8,-11.5,-7.7
RBC,BREAKOUT,2022-08-01,241.35,1.9,2.6,-8.5,10.5,2.0,-18.3,-14.5
RBC,BREAKOUT,2023-11-27,264.37,0.8,11.7,26.8,-11.4,-4.0,-6.3,-7.4
RBCAA,BOTTOM,2023-03-13,37.08,13.3,10.6,24.2,0.2,-3.9,-8.4,-3.5
RBCAA,BREAKOUT,2024-07-08,54.32,15.6,14.8,33.2,11.8,10.5,20.4,0.0
RBCAA,BREAKOUT,2025-06-30,75.71,-7.0,-11.3,20.9,-14.3,-21.2,0.4,-14.9
RBLX,BOTTOM,2023-05-08,39.36,-24.2,-2.4,-20.1,-32.9,-10.2,-48.5,-35.5
RBLX,BOTTOM,2023-08-21,26.81,42.3,54.6,64.7,38.4,38.3,35.2,-5.3
RCAT,BREAKOUT,2020-12-28,3.0,42.2,-15.3,-30.7,34.7,-32.1,-59.4,-20.7
RCAT,BOTTOM,2023-07-24,1.02,-9.8,-35.8,123.5,-0.0,-43.3,102.7,-42.2
RCAT,BREAKOUT,2024-04-22,1.39,64.0,93.5,273.4,56.6,78.9,263.7,-41.7
RCAT,BOTTOM,2024-06-03,0.81,224.3,907.4,906.2,222.8,892.9,892.5,0.0
RCAT,BOTTOM,2025-08-18,9.82,-35.2,27.0,,-37.6,19.5,,-35.2
RCI,BREAKOUT,2022-02-28,45.78,-4.6,-19.4,-8.7,0.1,-10.8,-3.7,-19.4
RCL,BREAKOUT,2019-12-16,126.22,-81.7,-57.4,-44.3,-53.4,-54.6,-61.6,-81.7
RCL,BOTTOM,2021-01-04,70.96,23.2,12.8,11.0,14.9,-2.2,-12.8,-10.9
RCL,BOTTOM,2023-03-13,60.18,54.0,57.4,108.3,40.9,42.9,75.7,-1.7
RCUS,BOTTOM,2020-01-27,8.78,198.6,124.1,295.6,210.2,121.6,278.4,0.0
RCUS,BREAKOUT,2020-02-17,17.32,106.6,41.9,82.8,117.5,39.1,63.7,-39.4
RCUS,BREAKOUT,2021-01-11,36.98,-10.4,-20.3,-3.2,-21.8,-35.9,-28.5,-37.6
RCUS,BOTTOM,2021-05-03,30.45,-10.5,14.6,-29.6,-15.6,2.9,-28.3,-24.3
RCUS,BOTTOM,2021-10-25,33.44,-11.0,-27.6,-17.0,-7.6,-17.9,-3.0,-27.6
RCUS,BREAKOUT,2021-11-15,47.55,-35.9,-60.2,-42.6,-28.8,-43.9,-28.3,-60.2
RCUS,BOTTOM,2023-08-14,19.04,-23.9,-11.8,-18.1,-27.5,-27.1,-46.8,-28.9
RCUS,BOTTOM,2024-04-01,17.34,-18.6,-4.0,-60.4,-25.9,-15.2,-59.1,-18.6
RCUS,BREAKOUT,2025-10-27,19.72,6.7,30.2,,4.9,24.0,,-4.1
RCUS,BOTTOM,2026-01-05,21.01,6.3,37.6,,8.2,28.3,,-9.9
RCUS,BREAKOUT,2026-06-22,31.0,,,,,,,-11.7
RDDT,BOTTOM,2025-05-12,113.23,117.7,70.7,39.7,109.1,57.0,13.9,-11.0
RDDT,BREAKOUT,2025-08-11,246.5,-21.6,-43.3,,-26.3,-49.9,,-43.3
RDN,BREAKOUT,2017-10-16,16.55,14.3,-23.1,-6.7,4.7,-27.8,-16.1,-23.1
RDN,BREAKOUT,2023-04-10,21.23,10.3,13.7,33.3,1.0,8.3,7.6,-0.5
RDN,BREAKOUT,2026-05-04,37.77,,,,,,,-10.5
RDNT,BREAKOUT,2019-10-28,15.94,41.6,-16.1,-9.0,36.0,-9.5,-17.7,-48.1
RDNT,BOTTOM,2020-03-23,9.33,55.8,55.6,133.2,36.9,24.8,74.5,-11.3
RDNT,BOTTOM,2020-09-14,15.87,12.9,46.9,80.3,0.7,28.3,44.9,-8.6
RDNT,BOTTOM,2021-01-25,17.91,24.7,105.1,37.8,11.6,85.9,16.8,0.0
RDNT,BOTTOM,2022-10-24,19.14,6.4,44.5,32.8,1.6,36.7,25.6,-13.3
RDNT,BREAKOUT,2023-02-27,25.07,21.2,29.9,76.9,14.9,17.4,48.1,-6.9
RDNT,BREAKOUT,2025-10-20,83.41,-12.3,-30.9,,-14.3,-36.9,,-34.3
RDVT,BOTTOM,2020-04-20,17.65,-18.5,28.3,25.7,-32.4,5.0,-24.0,-18.5
RDVT,BREAKOUT,2020-11-30,26.07,-22.2,-15.8,41.7,-26.4,-30.9,17.3,-28.7
RDVT,BREAKOUT,2021-08-30,29.26,26.2,-17.5,-38.1,25.8,-13.5,-25.9,-17.5
RDVT,BOTTOM,2023-05-15,21.83,-3.2,-6.0,-7.1,-7.9,-14.4,-35.4,-15.1
RDVT,BREAKOUT,2024-05-20,21.54,32.1,75.5,128.8,25.6,62.3,118.0,-3.5
RDVT,BREAKOUT,2026-06-22,60.28,,,,,,,0.0
RDW,BOTTOM,2023-05-01,2.92,16.1,-0.3,43.5,7.4,-6.5,17.8,-17.5
RDW,BREAKOUT,2024-03-18,4.48,30.1,48.0,156.0,25.3,38.3,146.4,-21.0
RDW,BOTTOM,2026-03-23,8.16,33.9,,,18.7,,,0.0
RDW,BREAKOUT,2026-05-25,24.57,,,,,,,-65.6
RDWR,BOTTOM,2023-05-15,18.83,-9.5,-18.6,7.4,-14.1,-27.1,-20.9,-20.9
RDY,BOTTOM,2018-02-26,6.32,-14.8,4.1,11.7,-16.9,-4.7,5.5,-14.8
RDY,BREAKOUT,2020-01-13,8.01,20.1,30.3,68.5,33.3,32.4,53.2,-13.2
RDY,BREAKOUT,2023-04-03,11.45,6.9,14.5,27.3,-0.6,8.8,-1.2,-9.0
RDY,BREAKOUT,2026-06-22,15.38,,,,,,,-18.1
REAL,BOTTOM,2020-09-21,15.36,32.0,45.2,-11.5,19.3,23.8,-48.5,-18.0
REAL,BREAKOUT,2020-12-14,19.3,20.8,1.9,-46.2,15.0,-11.3,-72.4,-25.1
REAL,BREAKOUT,2024-03-04,3.66,-2.2,-37.7,47.5,-6.9,-44.0,33.6,-37.7
REAL,BOTTOM,2024-04-08,3.25,8.6,4.0,53.4,-1.4,-10.2,47.5,-29.8
REAL,BOTTOM,2025-02-03,8.37,-39.7,-23.5,56.4,-33.9,-30.2,40.1,-41.6
REG,BREAKOUT,2026-02-02,73.8,4.2,,,-2.9,,,-0.3
REGN,BREAKOUT,2020-02-24,440.93,37.8,35.5,1.3,34.5,16.0,-29.4,-1.4
REGN,BREAKOUT,2021-08-09,619.67,1.0,2.2,0.6,-4.1,2.7,3.5,-12.0
REGN,BREAKOUT,2022-10-24,744.61,-1.1,6.8,3.3,-5.8,-1.0,-4.0,-3.9
RELX,BREAKOUT,2019-02-18,19.55,1.8,4.0,18.6,0.1,1.0,-3.1,-8.0
RELX,BREAKOUT,2023-03-20,29.45,5.6,9.6,40.6,-4.3,0.1,6.9,-2.3
RELY,BREAKOUT,2023-01-30,13.0,40.6,71.5,37.3,40.2,62.3,15.6,-9.5
RELY,BREAKOUT,2024-12-16,22.61,-10.1,-11.0,-35.3,-5.8,-12.1,-51.8,-17.5
RELY,BOTTOM,2026-04-06,16.86,41.0,,,29.6,,,0.0
REPL,BOTTOM,2019-10-07,12.43,43.0,1.6,93.6,32.5,6.7,74.3,-27.8
REPL,BREAKOUT,2020-01-06,17.77,-28.9,24.6,140.7,-14.8,26.1,121.5,-49.5
REPL,BOTTOM,2021-12-20,28.81,-44.5,-35.7,-7.1,-41.0,-19.2,10.2,-48.8
REPL,BOTTOM,2022-10-24,18.07,43.3,-7.4,-24.8,38.5,-15.2,-32.1,-10.7
REPX,BREAKOUT,2017-11-27,8.8,-29.5,-26.3,7.4,-31.7,-30.7,1.2,-37.9
REPX,BREAKOUT,2018-07-02,8.99,18.6,2.1,-11.3,13.6,9.5,-21.8,-22.7
REPX,BREAKOUT,2020-08-03,6.58,22.5,228.2,131.6,17.5,211.3,97.4,0.0
REPX,BOTTOM,2021-07-26,17.08,24.3,9.5,28.8,19.2,8.1,33.5,-22.6
REPX,BOTTOM,2022-05-30,23.54,-14.9,11.0,30.0,-10.9,11.0,24.0,-39.5
REPX,BOTTOM,2022-08-22,21.76,28.3,18.4,29.1,28.7,19.7,18.8,-34.5
REPX,BREAKOUT,2023-01-09,29.41,33.6,2.1,-30.4,29.7,-11.5,-51.9,-12.4
REPX,BOTTOM,2024-06-03,23.74,-2.1,23.9,8.1,-3.7,9.4,-5.5,-2.3
REPX,BREAKOUT,2024-11-04,30.84,-3.0,-18.9,-21.0,-3.8,-13.8,-34.5,-27.3
RES,BREAKOUT,2017-09-11,19.68,7.5,-9.8,-32.7,0.0,-20.8,-51.1,-21.3
RES,BOTTOM,2021-04-12,4.63,-16.5,11.0,144.5,-20.2,3.5,138.2,-31.3
RES,BREAKOUT,2022-02-07,7.17,16.4,-0.2,23.1,24.9,2.1,28.9,-21.7
RES,BOTTOM,2022-05-23,8.46,-9.9,-1.2,-22.5,-7.9,1.1,-25.4,-33.6
RES,BOTTOM,2022-12-05,7.24,7.1,-2.8,-9.3,8.6,-13.0,-28.1,-13.1
RES,BOTTOM,2025-06-23,4.61,3.4,16.2,27.6,-4.5,3.3,7.8,-10.2
REX,BREAKOUT,2019-04-01,13.91,-14.0,-7.2,-51.9,-18.0,-10.2,-39.7,-19.1
REX,BREAKOUT,2019-11-11,15.16,-16.6,-37.5,-9.1,-25.4,-30.3,-26.2,-55.9
REX,BOTTOM,2020-10-19,12.59,17.2,4.6,11.8,6.0,-16.9,-21.1,-3.8
REX,BREAKOUT,2020-11-30,16.13,13.3,-4.3,4.0,9.1,-19.4,-20.3,-24.1
REX,BREAKOUT,2025-06-16,24.53,24.4,38.2,78.7,12.4,23.0,51.6,0.0
REXR,BOTTOM,2020-06-15,33.97,11.7,18.0,42.6,4.1,-2.6,6.2,0.0
REXR,BOTTOM,2023-03-06,49.23,-8.3,-4.4,-3.1,-20.1,-20.7,-37.7,-10.4
REYN,BREAKOUT,2022-11-14,27.83,-9.9,-9.0,-12.6,-13.2,-15.6,-28.3,-15.2
REZI,BOTTOM,2020-09-14,11.67,70.7,154.6,129.0,58.6,135.9,93.6,-13.6
REZI,BREAKOUT,2024-02-12,22.24,-2.9,-15.2,-1.6,-9.2,-26.9,-25.2,-15.7
REZI,BOTTOM,2025-12-22,35.99,-7.4,-14.0,,0.4,-20.1,,-21.2
REZI,BOTTOM,2026-03-30,34.64,-11.5,,,-25.3,,,-18.2
RF,BREAKOUT,2019-11-04,12.82,-2.4,-37.6,-19.1,-10.5,-33.3,-34.6,-51.2
RF,BOTTOM,2023-06-05,16.15,-1.7,-3.0,6.1,-5.7,-10.8,-19.9,-23.2
RFIL,BOTTOM,2019-06-24,8.35,-13.8,-20.3,-44.1,-15.0,-31.5,-48.5,-30.7
RFIL,BOTTOM,2021-01-18,5.81,12.7,59.4,21.0,3.5,43.7,5.1,-0.3
RFIL,BOTTOM,2022-03-07,6.76,-6.1,0.4,-29.7,0.9,2.9,-23.1,-14.2
RFIL,BOTTOM,2024-06-03,3.23,18.3,32.8,25.1,16.8,18.3,11.5,0.0
RFIL,BREAKOUT,2024-07-08,4.34,-9.2,-11.8,65.2,-13.0,-16.1,52.5,-19.6
RFIL,BREAKOUT,2025-01-20,4.39,-11.2,86.3,149.0,-2.0,80.9,134.3,-13.0
RGA,BOTTOM,2020-06-15,73.75,20.1,38.2,37.6,12.5,17.6,1.1,-16.2
RGA,BREAKOUT,2026-02-02,223.44,-6.2,,,-13.2,,,-11.8
RGEN,BREAKOUT,2018-06-11,45.22,30.4,26.7,64.1,25.4,32.3,58.2,0.0
RGEN,BOTTOM,2024-07-22,140.79,-3.8,17.8,-13.5,-10.5,5.4,-32.0,-11.4
RGEN,BOTTOM,2025-03-03,155.7,-17.6,-20.0,-22.9,-21.9,-33.1,-41.1,-28.4
RGEN,BOTTOM,2025-07-07,130.19,11.6,28.1,10.8,6.6,16.2,-11.6,-14.4
RGLD,BREAKOUT,2020-05-04,127.06,2.3,-7.1,-11.2,-12.7,-27.8,-57.8,-15.7
RGLD,BREAKOUT,2022-02-28,122.05,-9.5,-29.2,-5.1,-4.8,-20.7,-0.2,-29.2
RGLD,BREAKOUT,2024-05-13,130.09,2.9,6.0,30.1,-2.2,-5.4,16.4,-8.6
RGNX,BOTTOM,2021-11-08,37.79,-33.6,-44.9,-40.4,-28.2,-31.4,-27.0,-44.9
RGNX,BOTTOM,2022-12-05,21.76,-5.3,-7.6,-10.0,-3.9,-17.9,-28.9,-16.4
RGNX,BREAKOUT,2025-10-13,11.73,16.1,-19.1,,11.7,-26.6,,-33.8
RGTI,BOTTOM,2023-12-11,1.07,83.6,-7.9,569.2,74.7,-23.9,539.2,-7.9
RGTI,BREAKOUT,2024-11-25,3.05,177.4,297.0,738.4,178.4,298.6,723.6,0.0
RGTI,BOTTOM,2025-05-12,11.85,40.5,115.0,50.6,31.9,101.3,24.8,-6.7
RGTI,BOTTOM,2025-11-17,23.59,-32.5,12.0,,-37.4,-1.8,,-43.5
RH,BOTTOM,2019-04-01,104.76,17.0,62.6,-17.7,13.1,59.6,-5.5,-18.7
RH,BREAKOUT,2019-09-09,173.63,26.1,-29.1,119.7,20.2,-19.4,106.5,-29.1
RH,BOTTOM,2023-03-06,259.73,1.7,19.7,6.6,-10.1,3.4,-28.0,-10.0
RH,BOTTOM,2024-04-29,275.05,-6.3,17.3,-28.5,-10.9,5.0,-40.8,-21.5
RH,BREAKOUT,2024-10-14,354.52,26.2,-54.5,-50.8,23.6,-45.2,-65.9,-58.9
RH,BOTTOM,2025-10-06,173.37,26.3,-27.6,,19.7,-32.2,,-34.6
RHI,BREAKOUT,2017-09-25,38.59,10.8,16.1,42.2,4.0,10.4,24.4,-2.6
RHI,BOTTOM,2019-07-08,46.38,-6.7,8.9,-11.4,-5.7,-0.5,-19.2,-8.9
RHI,BREAKOUT,2020-11-09,51.54,17.4,44.0,88.3,7.3,26.8,56.0,-3.5
RHI,BOTTOM,2023-01-23,72.39,-13.8,-11.3,-1.5,-16.7,-24.8,-23.4,-20.8
RHI,BREAKOUT,2023-12-11,75.82,-8.8,-24.4,-9.9,-17.7,-40.4,-39.8,-27.4
RHI,BREAKOUT,2026-07-13,41.8,,,,,,,
RHP,BREAKOUT,2019-10-21,69.82,2.4,-66.5,-46.3,-7.1,-61.3,-63.2,-74.5
RHP,BOTTOM,2020-06-15,29.98,7.4,74.7,132.5,-0.2,54.1,96.1,-10.9
RHP,BREAKOUT,2023-02-27,81.86,3.6,-8.9,30.0,-2.7,-21.4,1.2,-16.1
RHP,BREAKOUT,2026-02-16,102.53,8.2,,,-0.2,,,-14.3
RIG,BOTTOM,2018-01-15,11.6,6.4,9.6,-23.8,10.9,9.0,-20.6,-21.6
RIG,BOTTOM,2019-05-27,6.2,-26.6,-19.7,-78.5,-33.4,-34.9,-91.4,-32.3
RIG,BOTTOM,2020-02-03,4.75,-70.7,-52.8,-26.1,-59.3,-54.6,-45.0,-79.6
RIG,BOTTOM,2021-05-24,3.78,-2.6,-20.1,10.6,-10.2,-30.1,10.4,-21.7
RIG,BOTTOM,2022-06-13,3.52,-13.9,21.6,77.0,-19.7,15.9,54.9,-33.0
RIG,BREAKOUT,2023-01-09,5.66,15.7,38.0,-1.6,11.8,24.4,-23.0,-0.5
RIG,BOTTOM,2024-06-03,5.4,-23.7,-25.6,-48.9,-25.2,-40.1,-62.5,-25.6
RIGL,BOTTOM,2019-08-05,21.4,5.1,7.5,20.6,-1.3,-7.5,3.5,-23.4
RIGL,BREAKOUT,2020-01-13,28.8,-42.4,12.5,30.6,-29.2,14.6,15.3,-54.2
RIGL,BOTTOM,2020-02-17,23.0,-20.9,7.4,102.6,-10.0,4.5,83.5,-42.6
RIGL,BOTTOM,2020-07-27,23.0,7.8,58.3,73.9,7.4,44.0,37.6,-1.3
RIGL,BOTTOM,2024-04-08,12.0,-16.8,28.6,39.0,-26.8,14.4,33.1,-35.2
RIGL,BREAKOUT,2024-09-23,16.42,0.5,8.9,74.4,-4.0,11.0,57.1,-13.8
RIGL,BOTTOM,2024-12-16,17.09,18.2,10.8,143.4,22.5,9.6,126.9,-4.9
RIGL,BOTTOM,2025-06-09,20.52,85.0,98.7,60.1,74.5,83.9,34.4,-8.4
RIGL,BREAKOUT,2025-08-04,31.7,11.0,7.7,,5.4,-1.3,,-11.9
RILY,BREAKOUT,2019-09-02,13.53,28.8,4.3,27.0,22.7,3.5,9.8,0.0
RILY,BREAKOUT,2020-11-02,18.89,87.9,179.5,223.0,76.7,158.0,187.4,0.0
RILY,BOTTOM,2022-02-07,51.17,-22.6,-4.6,-32.0,-14.1,-2.3,-26.1,-31.0
RILY,BREAKOUT,2023-07-17,50.84,-31.3,-61.8,-65.7,-24.8,-69.3,-88.8,-61.9
RILY,BOTTOM,2025-07-21,5.58,-0.9,75.1,,-7.5,66.3,,-31.0
RILY,BOTTOM,2026-04-06,7.23,-0.7,,,-12.1,,,-5.5
RIO,BREAKOUT,2019-02-18,31.47,9.3,-8.4,4.3,7.6,-11.4,-17.5,-8.4
RIO,BREAKOUT,2022-03-28,63.69,-27.6,-30.4,-10.5,-12.2,-9.9,-2.4,-34.1
RIOT,BOTTOM,2020-10-26,3.27,527.5,1179.2,732.4,513.7,1150.4,689.8,0.0
RIOT,BOTTOM,2021-09-13,29.3,-20.7,-33.3,-77.3,-25.2,-34.7,-66.0,-49.8
RIOT,BOTTOM,2023-05-22,10.92,-5.0,10.1,-5.0,-10.2,0.9,-32.9,-18.8
RIOT,BOTTOM,2025-02-03,11.64,-27.1,-4.8,24.1,-21.4,-11.5,7.8,-44.5
RIOT,BOTTOM,2025-11-10,13.95,9.1,68.4,,7.3,57.8,,-8.9
RIOT,BREAKOUT,2026-05-04,24.08,,,,,,,-24.2
RITM,BREAKOUT,2019-10-28,8.5,8.0,-61.9,-49.6,2.4,-55.3,-58.3,-78.5
RITM,BOTTOM,2021-02-01,5.84,7.6,1.4,11.0,-1.6,-13.5,-6.2,-2.8
RIVN,BOTTOM,2023-08-28,23.31,-22.7,-51.3,-39.4,-24.8,-65.8,-66.1,-56.8
RIVN,BOTTOM,2025-06-23,13.6,14.6,53.7,14.9,6.7,40.8,-4.9,-13.3
RIVN,BREAKOUT,2025-11-24,16.86,-9.1,-3.3,,-9.8,-14.6,,-18.2
RJF,BOTTOM,2020-06-15,44.77,-0.4,28.8,71.5,-8.0,8.2,35.0,-9.9
RJF,BREAKOUT,2021-01-04,62.9,24.9,30.2,62.4,16.7,15.3,38.5,-2.0
RJF,BREAKOUT,2022-10-24,112.83,-5.9,-23.4,-19.4,-10.7,-31.3,-26.6,-25.9
RJF,BREAKOUT,2024-10-07,126.91,19.1,4.9,25.0,18.6,12.1,10.9,-4.2
RJF,BREAKOUT,2025-09-15,171.71,-6.1,-16.9,,-8.9,-15.1,,-16.9
RKLB,BREAKOUT,2023-07-17,7.5,-45.5,-35.2,-30.7,-38.9,-42.7,-53.8,-45.5
RKLB,BOTTOM,2023-08-21,5.79,-24.4,-24.4,20.2,-28.2,-40.7,-9.3,-31.3
RKLB,BREAKOUT,2024-08-12,6.56,189.6,327.1,574.8,183.6,316.4,557.3,-11.4
RKLB,BOTTOM,2025-02-24,20.49,30.7,137.2,237.2,31.3,128.0,220.4,-20.1
RKLB,BOTTOM,2026-03-16,67.23,59.5,,,44.1,,,-9.4
RKT,BOTTOM,2023-03-06,7.63,11.0,27.4,57.8,-0.8,11.1,23.2,-3.3
RKT,BOTTOM,2025-10-13,16.66,39.5,-0.2,,35.1,-7.7,,-18.1
RL,BOTTOM,2017-11-13,75.52,19.1,30.8,34.1,12.6,24.6,26.0,0.0
RL,BOTTOM,2020-06-15,64.18,6.2,41.8,59.0,-1.3,21.2,22.5,-7.6
RLAY,BOTTOM,2024-08-26,6.79,-30.8,-49.8,-47.1,-38.0,-55.9,-63.0,-49.8
RLI,BREAKOUT,2020-11-09,39.22,5.5,11.0,13.8,-4.6,-6.2,-18.6,-2.1
RLJ,BREAKOUT,2018-01-22,16.65,-10.8,-3.6,-18.2,-4.2,-2.7,-12.7,-21.6
RLJ,BOTTOM,2023-03-06,8.72,2.9,-3.4,18.9,-8.9,-19.7,-15.7,-9.3
RLJ,BOTTOM,2025-09-15,7.13,3.8,1.8,,1.0,3.5,,-12.2
RLMD,BOTTOM,2017-11-06,3.2,-10.0,87.5,43.7,-11.8,80.8,34.2,-12.9
RLMD,BREAKOUT,2018-04-09,4.96,-23.4,-11.3,37.1,-29.3,-16.3,25.5,-30.5
RLMD,BOTTOM,2018-10-08,4.4,18.2,54.5,146.7,23.8,48.3,137.2,0.0
RLMD,BOTTOM,2019-02-25,5.44,83.8,87.5,796.7,85.2,82.2,789.0,0.0
RLMD,BREAKOUT,2019-03-04,7.0,56.6,54.3,595.0,51.3,44.7,584.6,-5.1
RLMD,BOTTOM,2021-02-15,37.35,1.5,-39.9,-51.1,-5.2,-54.4,-63.9,-39.9
RLMD,BOTTOM,2023-10-02,3.04,9.2,51.0,14.5,-0.2,29.4,-20.7,-18.4
RLMD,BOTTOM,2024-07-08,4.06,-18.5,-89.9,-85.0,-22.3,-94.2,-97.7,-91.1
RLMD,BREAKOUT,2025-11-10,3.95,-5.8,74.7,,-7.6,64.1,,-10.1
RMAX,BOTTOM,2019-06-03,27.82,-19.1,22.6,6.2,-23.2,12.1,-7.1,-19.5
RMAX,BOTTOM,2020-03-23,19.57,41.0,46.0,81.3,22.1,15.1,22.5,-24.6
RMAX,BOTTOM,2020-09-21,28.56,18.7,24.2,1.4,6.0,2.8,-35.6,-4.8
RMAX,BOTTOM,2025-10-20,8.82,-9.8,-9.4,,-11.8,-15.4,,-35.1
RMAX,BREAKOUT,2026-04-27,10.78,,,,,,,-16.8
RMBS,BREAKOUT,2017-10-30,14.53,-12.5,-2.5,-36.3,-19.6,-6.3,-43.4,-16.5
RMBS,BREAKOUT,2020-11-30,17.48,12.4,12.1,55.1,8.2,-3.1,30.8,-0.1
RMBS,BREAKOUT,2022-10-31,35.29,23.6,37.0,64.6,13.5,26.4,47.2,0.0
RMBS,BREAKOUT,2025-02-03,67.0,-23.9,8.7,59.9,-18.1,2.1,43.5,-35.6
RMBS,BOTTOM,2025-05-12,56.35,31.7,69.0,125.5,23.1,55.3,99.6,-5.1
RNG,BOTTOM,2023-03-20,26.77,19.4,8.2,32.0,9.5,-1.3,-1.6,-3.1
RNG,BOTTOM,2023-09-18,28.97,17.6,22.0,4.3,7.1,0.0,-29.5,-13.0
RNG,BOTTOM,2024-04-15,29.26,11.7,15.6,-22.4,0.5,-3.2,-30.1,-4.9
RNG,BOTTOM,2025-10-13,26.62,-1.5,51.5,,-5.9,44.0,,-3.1
RNR,BREAKOUT,2022-10-31,178.54,12.9,13.3,13.6,2.9,2.7,-3.7,-4.7
RNST,BOTTOM,2019-04-29,30.7,-8.5,-4.6,-31.1,-8.5,-9.7,-29.2,-13.6
RNST,BOTTOM,2020-06-15,20.51,-3.9,39.1,69.3,-11.5,18.5,32.9,-7.8
RNST,BREAKOUT,2021-01-04,31.35,16.5,7.5,14.1,8.3,-7.4,-9.8,-2.2
RNST,BREAKOUT,2022-10-31,36.63,-5.0,-33.6,-31.0,-15.1,-44.2,-48.3,-33.6
RNST,BOTTOM,2023-08-28,26.21,2.4,10.8,27.1,0.3,-3.7,0.4,-15.0
RNST,BREAKOUT,2024-07-15,33.96,-5.0,3.0,11.5,-11.8,-6.5,-4.2,-10.7
RNW,BOTTOM,2023-10-02,5.26,42.8,11.4,12.0,33.4,-10.2,-23.2,0.0
RNW,BREAKOUT,2025-06-30,7.67,4.4,-23.6,-20.6,-2.9,-33.5,-41.0,-30.2
RNW,BOTTOM,2026-03-09,5.22,23.2,,,10.9,,,-13.6
ROAD,BOTTOM,2022-05-30,22.9,27.3,29.2,31.3,31.3,29.2,25.3,-14.7
ROAD,BOTTOM,2022-10-31,30.25,-5.1,-7.9,31.4,-15.2,-18.5,14.1,-17.6
ROAD,BREAKOUT,2023-06-12,32.88,8.4,31.8,70.9,7.2,24.1,46.1,-12.7
ROCK,BOTTOM,2018-02-26,33.15,17.9,37.0,22.4,15.9,28.1,16.2,0.0
ROCK,BOTTOM,2020-06-15,46.97,34.0,53.3,56.2,26.4,32.7,19.8,-4.2
ROCK,BOTTOM,2022-09-19,38.18,19.8,21.6,76.4,15.3,13.1,57.6,0.0
ROCK,BOTTOM,2025-09-08,60.44,-15.4,-31.7,,-19.4,-33.0,,-33.4
ROG,BOTTOM,2019-12-02,129.93,-14.4,-7.6,18.3,-9.4,-10.1,-1.4,-37.8
ROG,BREAKOUT,2020-11-09,138.66,29.3,34.3,94.6,19.2,17.1,62.2,0.0
ROG,BOTTOM,2023-08-21,136.64,-2.4,-18.2,-21.0,-6.2,-34.5,-50.5,-18.2
ROG,BOTTOM,2024-08-19,107.98,-1.9,-20.5,-26.3,-8.2,-27.9,-42.6,-20.5
ROIV,BREAKOUT,2023-01-02,9.25,-20.2,16.8,21.8,-26.1,2.9,-0.6,-25.2
ROIV,BREAKOUT,2025-09-01,12.92,62.3,122.8,,56.1,118.3,,0.0
ROK,BREAKOUT,2019-11-11,179.11,0.7,-0.2,22.1,-8.1,7.0,5.0,-36.4
ROK,BOTTOM,2022-12-19,242.16,8.6,23.0,22.0,4.8,9.1,-3.6,0.0
ROKU,BREAKOUT,2019-05-06,82.75,51.4,47.4,53.1,49.7,39.1,49.5,0.0
ROKU,BOTTOM,2019-10-14,129.94,0.3,-2.4,71.1,-11.6,0.3,52.3,-41.4
ROKU,BREAKOUT,2020-08-24,172.85,59.3,128.8,106.6,55.1,119.4,76.2,-10.1
ROKU,BOTTOM,2021-03-22,306.82,40.5,4.9,-59.7,32.4,-7.9,-75.5,0.0
ROKU,BREAKOUT,2023-07-24,89.61,-37.1,-0.7,-34.1,-27.3,-8.2,-54.9,-37.1
ROKU,BREAKOUT,2025-09-15,101.78,6.9,-8.4,,4.1,-6.6,,-15.7
ROL,BREAKOUT,2024-03-04,44.19,2.8,9.8,15.4,-1.9,3.5,1.4,-6.5
ROOT,BOTTOM,2024-07-22,67.85,-44.3,22.8,82.2,-51.0,10.4,63.7,-44.7
ROOT,BREAKOUT,2024-11-11,88.91,45.5,52.7,-8.0,41.0,50.6,-24.1,-17.9
ROST,BREAKOUT,2017-11-13,66.32,11.2,14.7,33.2,4.7,8.5,25.1,-1.3
ROST,BREAKOUT,2019-06-17,97.17,1.0,11.4,-9.6,-0.9,1.2,-16.6,-4.7
ROST,BREAKOUT,2022-11-21,111.47,-3.6,-10.3,14.4,-2.6,-15.6,-0.5,-12.1
ROST,BREAKOUT,2023-08-28,118.4,8.6,23.3,24.7,6.5,8.7,-2.0,-8.2
ROST,BREAKOUT,2025-10-13,155.32,23.3,46.4,,18.9,38.9,,0.0
RPD,BREAKOUT,2020-08-24,64.25,16.6,18.7,84.4,12.4,9.3,54.1,-7.1
RPD,BOTTOM,2023-04-17,51.63,-11.2,-3.6,-14.2,-21.3,-6.5,-36.0,-19.7
RPM,BREAKOUT,2018-06-25,49.73,11.9,0.5,7.3,4.3,8.2,-2.9,0.0
RPM,BREAKOUT,2019-07-22,59.0,6.3,9.8,21.0,6.0,-0.1,12.7,-1.5
RPM,BREAKOUT,2022-11-14,93.86,-12.0,-19.6,3.3,-15.3,-26.2,-12.3,-19.6
RPM,BREAKOUT,2023-07-24,99.08,-14.3,3.6,14.3,-4.5,-3.9,-6.5,-14.3
RPRX,BREAKOUT,2025-01-13,29.71,6.7,17.3,31.9,18.4,11.6,14.8,0.0
RQI,BOTTOM,2023-03-06,8.66,0.7,0.4,13.9,-11.1,-16.0,-20.7,-4.1
RRBI,BOTTOM,2020-10-26,43.64,2.7,22.8,15.9,-11.1,-5.9,-26.7,0.0
RRBI,BREAKOUT,2023-12-11,54.86,-13.3,-18.6,5.8,-22.2,-34.6,-24.2,-18.7
RRBI,BREAKOUT,2025-06-30,63.46,1.2,9.6,49.4,-6.1,-0.3,29.0,-7.6
RRC,BOTTOM,2018-08-13,14.02,14.0,-26.6,-72.2,17.6,-25.0,-75.5,-36.3
RRC,BOTTOM,2020-01-20,3.13,61.0,106.4,166.9,74.5,107.8,148.2,-33.4
RRC,BOTTOM,2020-12-07,6.96,45.8,121.0,166.1,37.8,104.3,135.7,-7.6
RRC,BOTTOM,2023-06-19,27.28,7.4,9.6,20.3,7.7,-0.6,-7.2,0.0
RRC,BREAKOUT,2025-01-06,37.61,-12.3,0.7,-11.5,-4.6,-7.4,-32.5,-12.3
RRC,BREAKOUT,2026-03-09,43.4,-11.1,,,-23.4,,,-18.2
RRR,BOTTOM,2020-03-09,6.99,50.5,94.9,295.2,36.8,69.6,246.2,-19.9
RRR,BOTTOM,2020-06-15,9.58,43.6,104.0,226.9,36.0,83.4,190.5,-16.7
RRX,BREAKOUT,2019-04-29,77.05,-11.6,-11.7,-19.3,-11.6,-16.8,-17.5,-20.2
RRX,BOTTOM,2023-04-10,127.8,13.2,-0.9,25.0,3.9,-6.2,-0.7,-3.8
RRX,BOTTOM,2025-09-08,137.69,8.4,34.8,,4.4,33.4,,-2.7
RS,BREAKOUT,2017-12-18,73.57,-3.8,9.3,-16.1,-0.6,5.8,-7.8,-3.9
RS,BREAKOUT,2020-11-23,110.82,9.0,39.9,32.8,4.0,23.5,4.8,-4.2
RS,BREAKOUT,2025-06-30,321.74,-12.7,-8.7,15.6,-20.1,-18.6,-4.8,-17.0
RS,BREAKOUT,2026-02-02,350.64,5.0,,,-2.1,,,-17.4
RSG,BREAKOUT,2020-11-09,93.71,-9.3,10.9,36.1,-19.4,-6.3,3.7,-11.5
RSG,BREAKOUT,2023-05-08,142.69,-0.1,7.2,29.4,-8.8,-0.6,1.0,-4.8
RSI,BOTTOM,2023-10-09,3.78,-2.4,77.0,201.9,-13.3,57.7,165.7,-12.7
RSI,BREAKOUT,2026-03-30,22.68,39.7,,,25.8,,,-7.0
RTO,BREAKOUT,2019-04-01,21.79,7.3,16.8,-1.0,3.4,13.8,11.2,-0.1
RTO,BREAKOUT,2021-07-26,36.74,2.3,-11.4,-17.2,-2.7,-12.8,-12.4,-11.4
RTO,BOTTOM,2024-03-18,28.43,-1.8,-17.2,-24.0,-6.6,-26.9,-33.6,-17.2
RTO,BOTTOM,2024-09-30,23.42,2.5,-12.8,11.4,-1.1,-1.5,-6.8,-12.8
RTO,BOTTOM,2025-03-17,21.61,5.4,11.6,40.9,-0.3,-6.8,24.6,-5.4
RTX,BREAKOUT,2018-09-10,72.55,-13.3,-7.6,2.5,-3.2,-5.7,-3.0,-23.1
RTX,BOTTOM,2020-06-15,56.59,-3.2,9.7,36.0,-10.8,-10.9,-0.4,-15.7
RTX,BREAKOUT,2024-04-01,97.45,-0.7,24.2,18.0,-8.0,13.0,19.3,-1.6
RUM,BOTTOM,2022-10-24,11.52,-13.6,-30.9,-58.1,-18.4,-38.7,-65.3,-48.4
RUM,BOTTOM,2024-05-20,7.04,-15.8,-7.8,30.1,-22.3,-21.0,19.3,-27.8
RUM,BREAKOUT,2024-12-02,8.41,-0.4,9.5,-15.3,4.6,10.3,-29.5,-14.8
RUM,BOTTOM,2025-01-27,12.38,-34.9,-34.9,-54.0,-29.4,-38.8,-70.4,-42.1
RUM,BOTTOM,2025-08-25,7.29,-7.1,-25.8,,-13.4,-32.7,,-25.8
RUN,BREAKOUT,2018-03-12,7.66,77.9,71.4,92.8,76.4,64.9,88.2,0.0
RUN,BREAKOUT,2020-02-10,21.42,-34.3,113.0,290.7,-19.6,112.2,272.2,-61.0
RUN,BOTTOM,2020-12-07,58.28,6.9,-22.9,-27.4,-1.2,-39.6,-57.7,-28.9
RUN,BOTTOM,2022-11-28,32.15,-22.7,-41.8,-55.4,-22.5,-47.9,-70.0,-54.5
RUN,BOTTOM,2023-08-21,13.91,-18.7,-14.5,54.6,-22.5,-30.8,25.0,-36.4
RUN,BREAKOUT,2024-08-19,21.5,-51.1,-60.8,-24.7,-57.4,-68.3,-40.9,-60.8
RUN,BOTTOM,2024-09-30,16.52,-35.2,-57.7,15.7,-38.8,-46.4,-2.5,-64.0
RUSHA,BOTTOM,2019-07-01,14.55,-1.7,27.9,14.9,-0.7,18.9,8.2,-6.0
RUSHA,BREAKOUT,2020-07-20,19.74,19.9,43.8,46.9,11.7,23.5,7.7,-1.9
RUSHA,BREAKOUT,2026-01-12,61.21,20.5,25.6,,17.5,17.6,,0.0
RUSHB,BREAKOUT,2019-10-21,18.03,1.7,-27.0,17.4,-7.9,-21.8,0.5,-44.6
RUSHB,BREAKOUT,2020-10-05,20.28,22.2,40.4,43.6,11.8,20.9,15.6,-5.2
RUSHB,BREAKOUT,2022-08-08,36.08,-7.2,5.6,20.0,-0.9,9.2,14.0,-17.0
RUSHB,BREAKOUT,2024-11-04,54.56,2.0,-3.7,-8.0,1.3,1.4,-21.6,-5.9
RVLV,BOTTOM,2023-03-06,24.66,-35.9,-47.0,-16.5,-47.8,-63.4,-51.1,-47.0
RVLV,BOTTOM,2024-02-19,16.24,19.2,47.7,76.2,14.6,36.3,56.5,-5.3
RVLV,BOTTOM,2025-06-09,20.28,10.2,40.2,1.7,-0.3,25.4,-23.9,-3.2
RVLV,BOTTOM,2025-10-20,22.62,29.2,18.6,,27.2,12.6,,-7.3
RVMD,BREAKOUT,2023-01-09,30.09,-26.4,-11.4,-5.3,-30.3,-25.0,-26.7,-31.9
RVMD,BREAKOUT,2023-07-31,31.21,-29.0,-8.8,41.0,-26.6,-20.3,20.0,-40.4
RVMD,BREAKOUT,2024-04-08,36.07,25.1,40.0,-1.0,15.2,25.8,-6.8,-3.2
RVMD,BOTTOM,2026-02-16,101.83,48.8,,,40.4,,,-9.2
RVT,BREAKOUT,2020-11-09,8.99,27.4,32.2,45.5,17.3,15.0,13.2,0.0
RVT,BOTTOM,2023-03-06,10.09,3.9,4.1,19.1,-7.9,-12.2,-15.5,-4.7
RVT,BREAKOUT,2023-12-18,11.81,3.4,2.1,17.4,-7.0,-13.6,-9.0,-3.6
RVTY,BREAKOUT,2018-07-30,84.6,-3.1,5.4,-1.7,0.6,9.2,-6.9,-14.4
RVTY,BREAKOUT,2019-04-01,97.18,-0.5,-13.6,-27.9,-4.4,-16.5,-15.6,-18.3
RVTY,BREAKOUT,2021-07-19,162.39,7.4,6.5,-10.6,4.0,6.3,-1.7,0.0
RWT,BOTTOM,2021-02-08,5.54,10.4,29.5,17.9,4.0,15.2,4.2,-2.4
RWT,BOTTOM,2023-03-06,4.62,-4.2,17.9,-0.3,-16.0,1.5,-34.9,-15.0
RWT,BREAKOUT,2023-08-28,5.86,-9.8,-22.0,1.2,-11.9,-36.6,-25.5,-22.0
RWT,BREAKOUT,2024-08-26,5.94,-3.3,-7.4,-9.7,-10.6,-13.5,-25.6,-14.7
RWT,BOTTOM,2025-08-18,5.35,-13.7,7.4,,-16.1,-0.1,,-13.7
RXO,BREAKOUT,2024-06-24,26.15,5.3,-6.8,-39.7,-0.1,-16.9,-54.1,-6.8
RXO,BOTTOM,2025-09-15,16.14,-16.0,-18.0,,-18.8,-16.3,,-32.7
RXST,BREAKOUT,2023-03-20,16.67,56.1,63.1,191.3,46.2,53.6,157.7,0.0
RXST,BOTTOM,2026-01-12,9.81,-22.4,-43.4,,-25.4,-51.5,,-52.0
RY,BREAKOUT,2019-04-15,61.59,1.3,3.8,-19.0,-1.6,0.1,-19.9,-6.4
RY,BOTTOM,2020-06-15,55.12,7.6,22.4,55.3,0.1,1.8,18.9,-1.9
RYAAY,BOTTOM,2019-05-20,26.74,-18.5,19.6,-8.7,-19.7,8.5,-15.4,-18.5
RYAAY,BOTTOM,2020-06-15,27.18,20.3,53.6,55.4,12.7,33.0,19.0,-8.0
RYAAY,BREAKOUT,2020-11-09,39.4,2.0,12.7,11.0,-8.2,-4.5,-21.4,-7.6
RYAAY,BREAKOUT,2023-02-27,37.27,9.9,0.8,41.0,3.6,-11.7,12.2,-9.8
RYAM,BOTTOM,2019-04-08,15.0,-63.8,-69.2,-91.9,-67.9,-72.3,-89.8,-81.1
RYAM,BREAKOUT,2022-10-31,7.14,4.1,-21.0,-59.1,-6.0,-31.6,-76.4,-25.8
RYAM,BOTTOM,2023-02-06,6.66,-34.4,-50.8,-30.3,-35.6,-60.8,-55.0,-50.8
RYAM,BOTTOM,2024-04-29,3.98,49.7,103.5,12.3,45.2,91.1,0.1,0.0
RYAM,BREAKOUT,2026-01-12,8.72,17.1,-5.6,,14.1,-13.7,,-16.2
RYAN,BREAKOUT,2023-07-17,44.7,-1.5,-4.2,25.8,5.1,-11.7,2.7,-8.2
RYN,BREAKOUT,2019-12-16,22.6,-37.8,-21.5,-6.0,-9.5,-18.8,-23.3,-37.8
RYN,BOTTOM,2023-03-06,24.76,-6.3,-6.8,13.2,-18.1,-23.1,-21.4,-10.5
RYTM,BOTTOM,2019-11-11,21.84,-18.2,-15.2,1.0,-27.0,-8.1,-16.1,-35.7
RYTM,BREAKOUT,2020-08-24,26.97,8.5,-3.9,-51.9,4.4,-13.3,-82.3,-21.5
RYTM,BREAKOUT,2022-08-01,20.24,15.0,41.5,20.8,23.6,40.9,10.9,0.0
RYTM,BOTTOM,2023-11-06,28.46,79.8,37.5,136.6,65.6,18.5,99.0,0.0
RYTM,BREAKOUT,2023-11-20,34.64,30.4,6.1,73.0,18.4,-11.0,40.5,-2.5
RYTM,BREAKOUT,2024-09-16,52.8,6.3,-1.4,81.9,1.9,-1.3,63.7,-8.0
RYTM,BREAKOUT,2025-06-02,68.11,49.9,53.6,26.9,41.6,38.5,2.3,-9.0
RYZ,BOTTOM,2017-12-18,9.15,-23.3,15.0,-36.1,-20.2,11.5,-27.8,-23.3
RYZ,BREAKOUT,2019-12-02,10.08,-24.4,-43.9,8.3,-19.3,-46.4,-11.5,-64.8
RYZ,BOTTOM,2020-02-10,8.38,-57.6,-28.5,37.9,-42.9,-29.3,19.4,-57.6
RYZ,BOTTOM,2020-09-14,5.88,81.3,165.7,229.1,69.1,147.0,193.7,-15.3
RYZ,BREAKOUT,2020-11-30,10.92,17.7,35.2,99.9,13.5,20.1,75.6,-2.4
RYZ,BOTTOM,2022-08-08,25.78,-7.4,36.3,4.3,-1.1,39.9,-1.7,-15.0
RYZ,BOTTOM,2022-11-28,27.69,35.8,17.9,5.0,36.0,11.8,-9.6,-3.8
RYZ,BOTTOM,2023-08-07,26.89,-3.0,20.2,-35.2,-2.2,6.9,-56.4,-8.9
RYZ,BREAKOUT,2025-12-08,25.04,-16.8,21.4,,-14.2,12.0,,-20.9
S,BOTTOM,2023-07-03,14.29,18.3,65.6,42.4,20.0,58.1,14.2,0.0
S,BOTTOM,2023-09-18,15.8,74.9,44.2,54.4,64.4,22.2,20.6,-3.0
S,BREAKOUT,2023-12-04,24.0,14.4,-28.4,7.4,2.7,-45.3,-26.4,-29.9
S,BOTTOM,2024-09-30,24.15,-5.5,-30.0,-25.7,-9.2,-18.7,-43.9,-30.0
S,BOTTOM,2025-09-15,19.1,-22.9,-25.8,,-25.7,-24.1,,-32.1
SA,BREAKOUT,2018-10-08,14.5,-9.4,-20.8,-15.2,-3.8,-27.1,-24.7,-20.8
SA,BOTTOM,2023-07-31,12.05,-2.8,-12.2,31.7,-0.5,-23.7,10.8,-14.6
SA,BREAKOUT,2024-04-01,16.17,-12.6,3.6,-38.3,-19.9,-7.6,-37.0,-15.3
SAFE,BOTTOM,2023-03-06,36.95,-39.5,-52.8,-48.4,-51.3,-69.1,-83.0,-52.8
SAFE,BREAKOUT,2024-07-29,21.41,-10.7,-29.4,-37.3,-18.2,-43.0,-55.4,-30.8
SAFT,BREAKOUT,2017-09-18,49.88,11.6,5.2,31.2,3.9,0.8,12.0,0.0
SAFT,BREAKOUT,2021-12-27,69.31,10.6,19.4,3.1,15.0,38.5,21.3,-5.1
SAH,BREAKOUT,2019-06-10,20.63,31.8,38.8,24.6,27.2,28.0,17.3,-4.0
SAH,BREAKOUT,2020-07-06,31.64,17.4,21.3,33.4,7.7,0.3,-5.8,0.0
SAH,BREAKOUT,2022-08-22,51.73,-9.6,0.7,-6.2,-9.2,2.1,-16.5,-25.7
SAH,BREAKOUT,2026-07-06,94.54,,,,,,,0.0
SAIA,BREAKOUT,2019-08-26,85.54,10.9,2.1,56.9,3.0,-0.2,34.6,0.0
SAIA,BOTTOM,2022-12-19,214.35,26.6,45.9,110.8,22.9,31.9,85.2,-2.2
SAIA,BREAKOUT,2023-02-27,295.65,2.4,48.3,96.0,-3.8,35.9,67.2,-14.1
SAIC,BOTTOM,2019-04-29,67.23,10.6,12.0,7.4,10.6,6.9,9.3,0.0
SAIC,BREAKOUT,2024-09-30,141.83,-21.4,-22.9,-29.3,-25.1,-11.6,-47.5,-32.4
SAIC,BOTTOM,2025-07-07,111.61,-14.4,1.1,0.9,-19.4,-10.8,-21.5,-24.5
SAM,BOTTOM,2022-11-28,388.72,-17.9,-11.8,-8.4,-17.7,-17.9,-23.0,-20.7
SAM,BOTTOM,2025-12-29,199.84,20.5,-8.1,,24.3,-17.7,,-17.6
SAM,BREAKOUT,2026-04-06,257.21,-31.3,,,-42.7,,,-36.0
SAN,BREAKOUT,2025-02-03,5.49,33.2,67.6,128.8,39.0,60.9,112.5,0.0
SANM,BREAKOUT,2019-01-28,31.23,9.6,-0.8,2.0,0.3,-10.2,-19.4,-14.9
SANM,BOTTOM,2020-06-15,25.02,11.4,30.1,55.8,3.8,9.5,19.4,-4.4
SANM,BREAKOUT,2021-01-04,34.9,18.8,10.3,16.9,10.5,-4.7,-7.0,-10.9
SANM,BREAKOUT,2022-05-23,43.91,13.8,51.6,24.8,15.8,53.9,22.0,-10.1
SAP,BREAKOUT,2019-04-22,112.13,1.0,4.9,-7.4,-2.5,1.1,-5.8,-8.3
SAP,BOTTOM,2020-12-07,109.3,2.5,20.7,13.9,-5.6,4.0,-16.5,0.0
SARO,BREAKOUT,2026-01-12,32.48,-17.6,-17.7,,-20.6,-25.7,,-24.5
SBAC,BOTTOM,2024-04-01,203.57,-10.1,11.3,5.0,-17.5,0.1,6.3,-11.4
SBCF,BREAKOUT,2019-11-25,26.17,-16.3,-26.9,-12.3,-11.0,-24.8,-30.3,-47.8
SBCF,BREAKOUT,2021-01-04,28.57,12.5,2.6,18.9,4.2,-12.4,-5.0,-6.2
SBCF,BOTTOM,2024-01-15,24.55,-12.5,6.4,6.2,-15.5,-8.1,-19.3,-13.6
SBCF,BREAKOUT,2025-08-18,30.24,-0.7,10.3,,-3.2,2.8,,-5.0
SBET,BOTTOM,2018-01-15,480.0,-15.5,53.5,-6.0,-11.0,52.9,-2.8,-45.5
SBET,BREAKOUT,2018-07-16,736.8,-39.7,-38.8,-67.4,-39.0,-35.0,-75.8,-51.1
SBET,BOTTOM,2018-10-01,393.6,6.7,11.0,-36.6,18.5,9.7,-40.9,-4.9
SBET,BOTTOM,2019-10-14,312.0,-13.8,-23.8,-1.5,-25.8,-21.1,-20.3,-36.9
SBET,BREAKOUT,2020-06-15,444.0,-35.1,-28.1,50.8,-42.7,-48.7,14.4,-39.5
SBET,BOTTOM,2025-10-06,15.32,-34.6,-57.4,,-41.2,-62.1,,-60.6
SBGI,BOTTOM,2018-06-04,20.33,-8.0,4.4,76.3,-11.8,8.8,70.9,-13.4
SBGI,BREAKOUT,2019-02-25,25.43,47.5,23.0,-35.6,48.9,17.8,-43.2,0.0
SBGI,BOTTOM,2024-02-26,12.23,-0.3,1.3,7.1,-3.5,-9.4,-10.3,-19.0
SBGI,BREAKOUT,2024-09-30,14.81,4.4,-14.6,-6.9,0.7,-3.4,-25.1,-14.6
SBH,BOTTOM,2017-09-25,19.58,-4.2,-16.0,-6.1,-11.0,-21.7,-23.9,-21.1
SBH,BREAKOUT,2018-11-05,21.75,-19.2,-25.2,-8.5,-17.2,-30.0,-21.9,-25.2
SBH,BOTTOM,2024-06-10,10.38,24.7,20.1,-18.3,20.8,8.1,-29.7,-1.9
SBH,BREAKOUT,2024-11-25,13.93,-35.2,-37.5,13.9,-34.2,-35.9,-0.9,-44.1
SBH,BREAKOUT,2025-09-01,14.51,7.7,1.9,,1.5,-2.6,,-3.4
SBLK,BOTTOM,2019-08-26,5.72,5.5,-16.3,-30.8,-2.5,-18.6,-53.0,-22.9
SBLK,BOTTOM,2020-11-09,3.87,101.4,203.7,187.5,91.3,186.5,155.2,-0.3
SBLK,BREAKOUT,2021-01-04,6.12,33.3,88.3,126.2,25.0,73.4,102.4,-4.2
SBLK,BOTTOM,2023-04-03,16.61,-15.1,-0.1,23.9,-22.7,-5.8,-4.7,-15.9
SBLK,BREAKOUT,2024-02-19,20.16,15.3,-6.7,-27.7,10.8,-18.0,-47.3,-7.8
SBRA,BOTTOM,2021-01-04,11.14,6.2,11.8,-10.4,-2.0,-3.2,-34.2,-2.2
SBRA,BOTTOM,2022-05-02,9.44,17.7,8.2,-6.5,16.7,16.0,-8.5,-1.2
SBRA,BREAKOUT,2022-08-08,12.1,-18.6,-15.2,-16.0,-12.3,-11.6,-22.1,-25.3
SBRA,BOTTOM,2023-06-26,9.44,21.4,26.9,42.9,24.6,18.8,18.4,0.0
SBS,BREAKOUT,2018-01-22,1.87,-10.1,-38.6,1.8,-3.5,-37.6,7.3,-46.0
SBS,BOTTOM,2022-05-09,1.64,-3.3,19.2,22.2,-10.0,19.2,18.0,-11.7
SBS,BREAKOUT,2022-10-03,2.01,-4.5,-9.1,9.3,-11.9,-22.8,-11.0,-17.5
SBS,BREAKOUT,2023-06-19,2.19,6.6,32.4,20.9,6.9,22.2,-6.5,-5.5
SBSW,BOTTOM,2019-05-13,2.51,59.4,134.1,143.7,57.9,123.9,141.5,0.0
SBSW,BREAKOUT,2022-02-28,17.51,-35.3,-54.8,-55.2,-30.6,-46.3,-50.3,-54.8
SBSW,BREAKOUT,2025-05-19,5.97,35.7,80.6,91.7,23.9,66.2,61.5,-0.8
SBSW,BOTTOM,2025-08-25,7.36,76.1,133.9,,69.9,127.0,,0.0
SBUX,BREAKOUT,2018-10-29,54.31,6.5,22.6,31.8,6.6,13.4,17.0,-4.0
SBUX,BREAKOUT,2020-11-09,84.34,10.2,17.3,18.8,0.1,0.1,-13.5,0.0
SBUX,BOTTOM,2022-10-10,78.88,24.9,25.8,8.2,12.9,9.5,-14.4,0.0
SBUX,BREAKOUT,2024-11-18,98.63,9.6,-16.6,-14.5,8.5,-14.5,-26.5,-21.2
SCCO,BREAKOUT,2019-12-09,30.26,-28.6,-9.2,49.2,-13.9,-6.1,31.5,-38.1
SCCO,BREAKOUT,2022-02-28,61.6,-15.3,-38.0,9.2,-10.5,-29.4,14.1,-38.0
SCCO,BREAKOUT,2023-01-09,65.04,6.0,2.3,13.6,2.1,-11.3,-7.8,-10.4
SCCO,BREAKOUT,2025-09-22,112.14,29.7,42.3,,25.0,46.0,,0.0
SCHL,BOTTOM,2020-06-15,26.12,-29.1,-18.2,26.9,-36.7,-38.8,-9.5,-33.4
SCHL,BREAKOUT,2021-05-10,29.66,-0.3,16.9,11.4,-7.7,4.0,13.7,-1.6
SCHL,BOTTOM,2023-04-03,32.07,10.7,6.8,6.5,3.1,1.1,-22.1,-2.4
SCHW,BREAKOUT,2019-11-18,44.03,-3.8,-31.3,-1.5,-11.6,-27.3,-18.0,-36.0
SCHW,BREAKOUT,2020-11-23,46.24,24.6,49.5,60.9,19.6,33.1,33.0,-0.5
SCHW,BOTTOM,2023-06-05,52.73,8.3,17.5,36.5,4.3,9.6,10.5,-8.5
SCHW,BOTTOM,2024-01-15,61.66,15.6,-2.0,21.6,12.6,-16.5,-3.9,-2.0
SCI,BREAKOUT,2018-08-06,35.34,11.6,9.8,18.8,13.1,13.3,13.8,-3.0
SCI,BOTTOM,2020-09-14,36.45,22.2,23.7,56.8,10.1,5.0,21.5,0.0
SCI,BREAKOUT,2021-02-01,47.98,6.9,22.8,21.5,-2.3,7.9,4.2,-9.5
SCI,BREAKOUT,2024-02-12,69.0,-1.2,7.2,8.9,-7.5,-4.4,-14.7,-5.6
SCL,BREAKOUT,2020-07-20,97.41,9.3,13.7,9.5,1.1,-6.6,-29.6,-1.0
SCL,BOTTOM,2025-09-01,48.96,-9.2,-2.7,,-15.4,-7.2,,-13.6
SCL,BREAKOUT,2026-02-02,61.78,-15.0,,,-22.1,,,-28.0
SCL,BOTTOM,2026-04-20,51.67,,,,,,,-5.5
SCSC,BOTTOM,2020-06-15,22.92,-13.2,8.0,21.7,-20.7,-12.6,-14.7,-18.7
SCSC,BOTTOM,2023-03-06,29.41,3.8,3.6,48.6,-8.0,-12.7,14.0,-10.9
SCSC,BREAKOUT,2023-12-04,36.59,19.4,25.8,42.8,7.8,9.0,8.9,0.0
SCSC,BOTTOM,2025-10-06,40.45,0.8,-5.8,,-5.8,-10.5,,-14.4
SCSC,BREAKOUT,2026-05-04,45.9,,,,,,,-8.3
SDGR,BOTTOM,2021-04-05,73.9,3.1,-32.1,-57.5,-3.1,-39.2,-67.7,-32.1
SDGR,BREAKOUT,2023-05-22,36.0,-2.4,-13.8,-38.9,-7.5,-22.9,-66.8,-39.9
SDGR,BOTTOM,2023-08-14,33.81,-8.7,-3.9,-41.6,-12.4,-19.2,-70.4,-36.0
SDGR,BOTTOM,2025-03-24,19.96,3.3,-3.3,-44.5,-7.7,-23.1,-59.9,-9.7
SDOT,BOTTOM,2022-09-05,860.0,107.0,188.4,134.9,109.9,192.6,123.5,-20.9
SDOT,BOTTOM,2023-04-24,2540.0,-18.1,-48.0,-78.7,-28.4,-47.5,-102.7,-48.0
SDOT,BOTTOM,2024-12-02,747.0,-14.3,-68.1,-91.0,-9.4,-67.3,-105.1,-69.7
SDRL,BOTTOM,2025-12-15,31.57,38.1,22.1,,42.6,11.8,,0.0
SDRL,BREAKOUT,2026-01-19,38.68,24.4,,,20.5,,,-0.5
SE,BREAKOUT,2019-02-25,23.2,22.6,38.4,94.2,24.0,33.2,86.6,-1.0
SE,BOTTOM,2022-08-01,87.57,-49.7,-19.5,-32.1,-41.1,-20.1,-42.0,-49.7
SE,BREAKOUT,2024-05-13,73.76,6.9,39.6,119.0,1.8,28.2,105.3,-17.6
SEB,BOTTOM,2020-12-07,3280.22,12.8,13.5,15.9,4.8,-3.2,-14.4,-8.9
SEB,BREAKOUT,2025-08-04,3520.7,5.1,54.2,,-0.5,45.2,,-5.2
SEDG,BOTTOM,2019-04-29,44.56,45.8,86.7,135.5,45.8,81.6,137.4,0.0
SEDG,BOTTOM,2021-08-23,291.25,17.2,-4.6,-1.1,15.0,-2.5,7.6,-27.2
SEDG,BREAKOUT,2021-11-08,362.41,-31.0,-35.9,-20.3,-25.6,-22.5,-6.9,-41.5
SEDG,BOTTOM,2021-12-27,280.57,15.1,-1.5,1.0,19.4,17.6,19.1,-24.4
SEDG,BOTTOM,2022-08-29,267.12,15.6,22.4,-39.4,11.4,18.4,-56.3,-27.6
SEDG,BOTTOM,2023-03-20,284.52,-14.4,-52.7,-77.3,-24.2,-62.2,-110.9,-52.7
SEDG,BOTTOM,2025-03-24,15.85,24.9,148.9,226.6,13.9,129.1,211.1,-20.8
SEDG,BREAKOUT,2025-08-11,30.06,20.4,18.2,,15.6,11.6,,-3.6
SEI,BOTTOM,2021-09-20,6.25,-8.9,66.5,29.1,-15.3,63.9,44.9,-13.0
SEI,BOTTOM,2023-02-06,9.46,-27.1,5.9,-25.4,-28.3,-4.2,-50.1,-27.1
SEI,BREAKOUT,2024-07-08,11.62,17.2,141.5,165.8,13.4,137.2,153.0,-4.0
SEI,BREAKOUT,2025-09-15,37.39,19.7,65.0,,16.9,66.7,,0.0
SEIC,BREAKOUT,2024-10-14,71.64,14.5,-1.7,11.4,11.9,7.6,-3.6,-5.4
SEIC,BREAKOUT,2026-07-06,95.45,,,,,,,0.0
SENEA,BREAKOUT,2019-10-21,34.6,14.9,-1.9,19.3,5.3,3.3,2.4,-8.2
SENEA,BREAKOUT,2020-08-03,42.75,-8.8,-2.9,21.2,-13.9,-19.8,-13.1,-17.2
SENEA,BOTTOM,2024-01-01,52.73,5.8,13.5,48.9,-5.4,-5.8,20.8,-11.3
SERV,BOTTOM,2025-11-17,8.66,9.6,0.5,,4.7,-13.3,,-4.8
SEZL,BOTTOM,2024-12-23,44.18,-20.4,274.4,59.6,-14.1,270.4,42.2,-35.0
SEZL,BOTTOM,2025-12-22,70.5,-12.7,141.9,,-4.8,135.8,,-15.3
SEZL,BOTTOM,2026-03-30,63.76,187.4,,,173.5,,,-6.4
SF,BREAKOUT,2017-11-27,22.75,8.5,2.6,-16.3,6.3,-1.8,-22.4,-2.8
SF,BREAKOUT,2020-11-09,27.35,29.5,55.8,70.8,19.3,38.5,38.5,0.0
SFBS,BREAKOUT,2018-01-15,36.92,1.3,-2.0,-17.3,5.8,-2.5,-14.1,-5.4
SFBS,BREAKOUT,2024-07-08,66.06,20.3,19.9,21.8,16.5,15.6,9.1,0.0
SFBS,BREAKOUT,2026-06-22,88.13,,,,,,,-3.2
SFD,BREAKOUT,2026-03-23,26.07,-3.7,,,-18.9,,,-5.7
SFL,BREAKOUT,2017-10-09,6.72,9.0,4.2,-1.6,-0.6,-0.7,-11.8,0.0
SFL,BREAKOUT,2023-08-14,8.59,5.3,23.8,16.6,1.7,8.5,-12.2,0.0
SFL,BREAKOUT,2026-02-09,9.92,23.5,,,14.8,,,-2.2
SFM,BREAKOUT,2018-09-03,28.52,-14.3,-22.5,-35.2,-6.3,-18.9,-40.9,-22.5
SFM,BOTTOM,2019-12-09,19.62,-25.8,17.3,0.4,-11.1,20.4,-17.3,-25.8
SFM,BREAKOUT,2020-05-04,25.18,-0.6,-19.3,2.5,-15.5,-40.0,-44.2,-24.3
SFM,BREAKOUT,2021-03-22,27.96,-5.7,-19.8,17.5,-13.7,-32.6,1.7,-19.8
SFM,BREAKOUT,2021-12-27,29.68,9.3,-13.3,9.1,13.6,5.8,27.2,-20.8
SFM,BOTTOM,2026-06-22,82.14,,,,,,,-7.7
SFNC,BREAKOUT,2021-01-04,20.67,17.7,13.7,29.1,9.4,-1.3,5.3,-2.9
SFST,BOTTOM,2019-04-29,37.45,4.9,10.3,-22.5,4.9,5.1,-20.7,-5.8
SFST,BOTTOM,2023-09-04,28.36,13.4,17.7,9.7,9.7,1.9,-13.3,-6.7
SFST,BREAKOUT,2024-11-04,43.13,-15.1,-16.8,8.1,-15.9,-11.8,-5.4,-28.7
SG,BOTTOM,2023-12-11,10.79,105.6,192.3,219.4,96.6,176.3,189.4,-3.8
SG,BREAKOUT,2024-02-26,16.36,88.0,93.2,39.1,84.8,82.6,21.8,0.0
SG,BOTTOM,2024-07-08,25.11,50.9,31.8,-45.7,47.0,27.5,-58.4,-3.6
SGHC,BOTTOM,2024-06-24,3.0,12.8,99.5,266.7,7.5,89.5,252.3,-3.2
SGHC,BREAKOUT,2024-07-22,3.64,9.5,113.4,200.0,2.8,101.0,181.6,-20.1
SGHC,BREAKOUT,2026-06-29,14.51,,,,,,,0.0
SGI,BREAKOUT,2020-11-02,23.03,16.7,62.0,86.3,5.5,40.5,50.6,-3.5
SGI,BREAKOUT,2024-12-09,57.12,-4.2,10.3,63.4,2.4,10.9,49.2,-4.9
SGML,BREAKOUT,2020-07-20,1.86,13.2,71.5,188.4,5.0,51.2,149.3,-8.7
SGMT,BOTTOM,2025-02-10,4.25,-24.2,80.5,19.1,-22.0,74.3,5.9,-51.1
SGMT,BREAKOUT,2025-06-09,8.27,-18.3,-24.7,-21.6,-28.7,-39.5,-47.3,-24.7
SGRY,BOTTOM,2022-02-28,52.82,-24.4,-50.2,-35.7,-19.7,-41.7,-30.7,-50.2
SGRY,BOTTOM,2023-04-17,40.35,-0.7,-39.1,-40.9,-10.8,-42.0,-62.8,-41.7
SHAK,BREAKOUT,2019-06-24,72.2,32.3,-16.2,-31.3,31.0,-27.4,-35.7,-18.8
SHAK,BOTTOM,2022-12-05,47.18,15.6,45.7,29.2,17.0,35.5,10.4,-12.0
SHAK,BREAKOUT,2025-06-30,141.95,-31.8,-41.2,-60.2,-39.1,-51.1,-80.6,-45.0
SHAK,BOTTOM,2026-02-16,93.56,-33.0,,,-41.4,,,-44.1
SHC,BOTTOM,2023-04-10,16.73,12.1,-20.1,-32.6,2.7,-25.5,-58.2,-20.1
SHEL,BOTTOM,2020-06-15,27.09,-19.7,12.2,19.5,-27.3,-8.4,-16.9,-26.8
SHEL,BREAKOUT,2021-09-27,38.05,-3.4,24.1,12.8,-13.1,19.1,29.3,-6.3
SHEL,BREAKOUT,2023-01-09,51.88,5.1,3.7,11.3,1.2,-9.9,-10.1,-8.7
SHEL,BREAKOUT,2025-03-24,69.29,-1.4,3.0,31.8,-12.3,-16.8,16.4,-14.6
SHEN,BREAKOUT,2021-06-28,34.78,-9.9,-28.5,-35.5,-10.4,-38.7,-24.6,-29.2
SHEN,BOTTOM,2022-08-22,22.24,-12.4,-13.3,-3.0,-12.1,-12.0,-13.4,-30.6
SHEN,BOTTOM,2025-08-18,13.05,-18.4,3.2,,-20.8,-4.2,,-20.7
SHEN,BREAKOUT,2026-03-02,15.28,5.5,,,-4.5,,,-25.5
SHG,BREAKOUT,2024-01-29,31.07,5.4,26.6,9.2,1.7,18.1,-14.1,-8.3
SHLS,BOTTOM,2022-10-10,19.99,41.7,14.9,-19.6,29.7,-1.4,-42.2,0.0
SHLS,BOTTOM,2023-02-13,25.77,-8.4,-25.9,-36.4,-11.6,-33.9,-60.9,-26.4
SHLS,BOTTOM,2024-03-18,12.12,-46.3,-49.4,-72.7,-51.1,-59.1,-82.3,-57.8
SHLS,BOTTOM,2025-05-26,4.72,37.9,77.8,163.8,28.2,61.1,134.0,0.0
SHLS,BREAKOUT,2025-08-18,6.48,20.7,63.7,,18.3,56.3,,0.0
SHLS,BOTTOM,2025-12-01,8.03,-28.9,34.6,,-27.2,26.4,,-28.9
SHLS,BREAKOUT,2026-05-25,12.45,,,,,,,-27.7
SHO,BOTTOM,2020-06-15,7.64,-6.7,25.3,48.0,-14.2,4.7,11.5,-16.3
SHO,BREAKOUT,2024-12-02,11.32,-11.8,-26.1,-23.2,-6.9,-25.3,-37.4,-30.5
SHO,BOTTOM,2025-09-08,9.42,-4.7,-6.9,,-8.7,-8.2,,-9.1
SHOE,BOTTOM,2023-03-06,23.55,-11.9,-16.7,25.6,-23.7,-33.0,-9.1,-21.9
SHOE,BREAKOUT,2023-12-11,27.28,11.7,25.6,18.8,2.8,9.6,-11.2,-12.1
SHOE,BOTTOM,2025-10-06,18.04,2.9,-3.4,,-3.7,-8.1,,-13.3
SHOO,BOTTOM,2020-06-15,19.87,-9.9,51.5,88.9,-17.4,30.9,52.4,-11.1
SHOO,BOTTOM,2023-03-06,31.95,-2.7,-1.3,24.7,-14.5,-17.6,-9.9,-10.1
SHOO,BOTTOM,2026-03-09,31.22,47.8,,,35.5,,,0.0
SHOP,BREAKOUT,2019-02-04,17.59,47.1,110.3,172.1,40.1,101.4,146.9,0.0
SHOP,BOTTOM,2023-03-06,41.46,48.0,52.0,83.7,36.2,35.7,49.1,0.0
SHOP,BOTTOM,2024-07-01,67.63,21.9,61.5,72.3,18.3,54.1,58.1,-19.5
SHOP,BREAKOUT,2024-11-11,108.49,18.3,2.1,34.6,13.9,-0.0,18.5,-29.1
SHW,BREAKOUT,2018-07-23,137.72,-16.4,-11.1,16.5,-11.1,-6.5,7.1,-16.4
SHW,BREAKOUT,2019-06-03,148.46,13.1,22.6,24.6,8.9,12.1,11.3,-3.7
SHW,BREAKOUT,2023-06-26,258.57,-3.7,18.0,13.4,-0.5,10.0,-11.1,-10.9
SIBN,BOTTOM,2022-08-15,18.33,-33.6,-7.0,16.8,-27.8,-4.3,11.7,-35.5
SIBN,BREAKOUT,2023-04-17,22.19,13.2,-23.0,-30.5,3.1,-26.0,-52.4,-23.0
SIBN,BREAKOUT,2025-12-15,20.38,-37.2,-22.3,,-32.8,-32.6,,-39.8
SIG,BOTTOM,2017-10-16,55.08,-16.1,-40.8,-16.6,-25.7,-45.4,-26.0,-42.6
SIG,BREAKOUT,2020-01-13,27.46,-72.5,-60.3,35.2,-59.3,-58.2,19.9,-78.7
SIG,BREAKOUT,2025-10-13,102.84,-7.8,-8.4,,-12.2,-15.9,,-20.4
SIGI,BOTTOM,2020-10-05,49.15,29.6,41.8,47.7,19.2,22.2,19.7,-3.0
SIGI,BREAKOUT,2022-03-14,80.62,-9.4,-4.9,5.4,8.0,7.6,16.2,-11.4
SIGI,BREAKOUT,2022-10-17,86.66,-1.7,5.8,14.1,-7.9,-5.2,-0.2,-5.7
SII,BREAKOUT,2017-12-25,15.55,25.3,21.2,-1.2,26.3,18.7,4.2,0.0
SII,BREAKOUT,2019-06-24,21.69,-3.8,-11.5,35.2,-5.1,-22.7,30.7,-17.4
SII,BREAKOUT,2020-06-01,25.63,40.0,5.0,58.1,32.3,-11.8,23.6,-1.7
SII,BREAKOUT,2021-03-08,39.73,-1.3,-12.6,5.3,-9.3,-26.4,-2.7,-24.8
SII,BOTTOM,2022-05-23,33.58,-0.1,1.8,-6.2,1.9,4.1,-9.0,-12.7
SII,BOTTOM,2023-02-20,31.88,-1.1,-4.2,12.3,-7.5,-16.0,-17.8,-6.1
SILC,BOTTOM,2018-08-27,38.6,-3.2,1.3,-20.7,1.4,3.7,-23.5,-14.9
SILC,BOTTOM,2019-12-02,32.11,-5.8,9.0,24.4,-0.7,6.5,4.6,-27.6
SILC,BOTTOM,2023-08-28,26.45,-37.1,-42.9,-50.9,-39.2,-57.4,-77.5,-46.7
SIMO,BOTTOM,2019-02-11,33.94,1.0,-17.2,17.7,-2.5,-22.3,-6.3,-18.9
SIMO,BOTTOM,2019-08-05,27.53,36.5,46.9,27.9,30.0,31.9,10.9,-0.1
SIMO,BREAKOUT,2021-01-11,43.94,35.6,25.2,90.4,24.2,9.6,65.1,-0.0
SIMO,BOTTOM,2023-04-17,58.7,-15.2,-13.2,15.1,-25.3,-16.1,-6.8,-19.2
SIMO,BREAKOUT,2024-02-26,67.9,8.8,-10.6,-19.6,5.7,-21.2,-37.0,-15.8
SIMO,BOTTOM,2024-09-02,54.34,1.1,-5.5,49.9,-11.8,-12.8,28.6,-9.2
SIRI,BREAKOUT,2021-06-07,56.15,-10.8,-6.3,-4.9,-16.1,-18.0,2.0,-10.8
SIRI,BREAKOUT,2022-01-31,56.81,-6.4,1.7,-19.0,1.6,8.9,-12.4,-9.8
SIRI,BREAKOUT,2023-07-17,63.14,-36.5,-22.6,-50.6,-30.0,-30.1,-73.7,-43.4
SIRI,BOTTOM,2023-10-30,44.36,5.0,-36.3,-42.5,-9.2,-54.8,-75.7,-38.3
SIRI,BOTTOM,2025-10-13,20.64,-3.2,22.2,,-7.6,14.7,,-3.6
SIRI,BREAKOUT,2026-03-30,23.55,29.5,,,15.7,,,-0.4
SITE,BOTTOM,2023-03-06,135.6,9.3,19.2,34.3,-2.5,2.9,-0.3,-4.6
SITE,BREAKOUT,2024-03-04,182.16,-29.7,-25.5,-29.1,-34.3,-31.8,-43.1,-36.1
SITE,BOTTOM,2025-02-10,146.09,-14.1,-4.4,7.5,-11.9,-10.6,-5.6,-23.7
SITM,BOTTOM,2021-03-22,100.03,25.5,134.4,151.6,17.4,121.6,135.8,-15.7
SITM,BOTTOM,2023-04-24,108.47,15.2,-8.8,-18.1,5.0,-8.2,-42.1,-24.0
SITM,BREAKOUT,2024-07-08,153.4,20.6,50.8,34.6,16.8,46.5,21.8,-26.0
SITM,BREAKOUT,2025-09-08,260.0,39.2,25.4,,35.3,24.1,,0.0
SJM,BREAKOUT,2022-01-03,122.59,-2.5,-6.6,16.7,1.2,9.3,32.1,-13.5
SJM,BREAKOUT,2026-02-23,114.68,-10.0,,,-20.6,,,-21.6
SKE,BOTTOM,2018-10-15,1.3,-26.7,7.1,12.3,-23.7,1.0,2.3,-39.3
SKE,BOTTOM,2019-07-01,1.09,24.6,108.1,425.4,25.6,99.0,418.7,0.0
SKE,BOTTOM,2020-04-20,2.85,209.3,185.6,298.3,195.4,162.3,248.7,-1.0
SKE,BOTTOM,2022-04-11,11.01,-59.0,-61.4,-38.0,-47.4,-43.8,-33.8,-61.4
SKE,BOTTOM,2023-01-23,6.28,7.2,-24.8,-33.0,4.2,-38.3,-54.9,-25.0
SKE,BREAKOUT,2024-06-24,5.37,58.7,73.0,182.7,53.3,63.0,168.3,0.0
SKM,BOTTOM,2020-07-20,14.5,22.1,35.4,56.6,13.9,15.1,17.5,0.0
SKM,BREAKOUT,2026-01-19,24.15,57.5,,,53.6,,,0.0
SKT,BREAKOUT,2021-01-25,12.41,14.2,13.5,12.4,1.1,-5.8,-8.6,-11.1
SKT,BREAKOUT,2026-02-16,35.28,0.6,,,-7.8,,,-5.2
SKWD,BREAKOUT,2026-06-22,59.19,,,,,,,0.0
SKY,BOTTOM,2017-10-09,10.5,93.6,135.4,143.2,84.0,130.4,133.0,0.0
SKY,BREAKOUT,2018-01-01,18.23,27.7,83.7,-17.8,32.4,82.1,-11.8,0.0
SKY,BREAKOUT,2019-07-29,31.1,2.2,-7.6,-9.2,-2.9,-18.6,-23.0,-10.0
SKY,BOTTOM,2020-10-26,25.65,31.1,73.2,146.9,17.3,44.5,104.2,0.0
SKY,BREAKOUT,2024-02-05,81.17,-1.4,2.6,28.0,-5.6,-4.4,6.6,-17.8
SKYT,BOTTOM,2022-09-19,7.31,1.9,47.5,-24.2,-2.6,39.0,-43.0,-11.8
SKYT,BOTTOM,2023-03-20,10.78,-23.4,-48.6,-8.9,-33.2,-58.2,-42.5,-48.6
SKYT,BOTTOM,2023-09-04,6.57,22.8,83.1,23.0,19.2,67.4,-0.0,-24.2
SKYT,BREAKOUT,2024-12-16,13.75,-42.9,-35.6,20.5,-38.6,-36.8,4.0,-55.6
SKYT,BREAKOUT,2025-09-22,18.08,0.6,49.3,,-4.1,53.0,,-22.8
SKYW,BREAKOUT,2017-09-11,38.84,32.5,52.0,54.7,25.0,41.0,36.4,0.0
SKYW,BOTTOM,2021-01-04,41.11,31.4,4.0,0.3,23.1,-11.0,-23.6,-5.2
SLAB,BREAKOUT,2020-11-30,123.44,18.3,9.5,56.5,14.1,-5.6,32.1,-2.8
SLAB,BREAKOUT,2021-10-25,188.76,-17.3,-28.5,-37.1,-13.9,-18.8,-23.1,-32.6
SLAB,BREAKOUT,2023-01-30,183.61,-25.2,-23.7,-33.9,-25.6,-32.9,-55.6,-27.1
SLAB,BOTTOM,2024-04-08,126.32,-4.1,-8.6,-28.9,-14.0,-22.7,-34.7,-21.3
SLAB,BREAKOUT,2025-02-10,149.54,-12.3,-12.6,38.6,-10.0,-18.8,25.5,-39.9
SLAB,BOTTOM,2025-03-24,113.03,30.8,15.6,82.2,19.8,-4.2,66.8,-20.5
SLAB,BREAKOUT,2026-02-02,206.5,5.3,,,-1.8,,,-1.8
SLB,BOTTOM,2019-05-20,30.41,-12.2,1.9,-49.6,-13.4,-9.1,-56.2,-12.2
SLB,BOTTOM,2020-02-03,29.55,-46.8,-41.7,-24.8,-35.3,-43.5,-43.7,-59.4
SLB,BREAKOUT,2022-01-10,34.18,14.7,-14.0,56.4,20.2,2.5,69.3,-14.0
SLB,BREAKOUT,2026-01-05,44.7,15.5,6.8,,17.4,-2.5,,-0.5
SLDB,BREAKOUT,2020-12-07,84.15,69.7,-26.7,-68.6,61.7,-43.4,-98.9,-37.8
SLDB,BOTTOM,2024-07-29,7.85,-26.8,-59.5,-13.0,-34.2,-73.2,-31.1,-59.5
SLDB,BOTTOM,2025-10-13,5.88,-7.0,46.8,,-11.4,39.3,,-31.0
SLDB,BREAKOUT,2026-03-09,7.31,-2.3,,,-14.6,,,-9.4
SLF,BREAKOUT,2017-09-25,28.57,4.6,5.1,3.4,-2.2,-0.6,-14.4,-2.4
SLF,BREAKOUT,2021-02-08,39.64,12.1,11.1,16.1,5.7,-3.3,2.4,-0.7
SLF,BREAKOUT,2026-02-09,67.59,5.4,,,-3.3,,,-10.1
SLG,BREAKOUT,2022-01-03,60.6,-8.2,-42.6,-54.0,-4.5,-26.6,-38.6,-42.6
SLG,BOTTOM,2023-06-19,19.59,60.5,105.1,153.7,60.8,94.9,126.3,0.0
SLG,BOTTOM,2025-10-20,49.85,-10.6,-16.4,,-12.6,-22.4,,-31.2
SLGN,BREAKOUT,2022-01-24,41.39,0.1,0.7,19.4,6.6,6.8,26.1,-12.1
SLGN,BOTTOM,2026-05-04,40.03,,,,,,,-9.0
SLM,BREAKOUT,2020-01-20,10.08,-34.9,-38.8,16.8,-21.5,-37.4,-1.9,-46.7
SLM,BOTTOM,2020-03-23,6.46,-8.8,7.8,146.7,-27.7,-23.0,88.0,-16.9
SLM,BREAKOUT,2020-12-07,10.72,41.9,71.0,58.2,33.9,54.3,27.9,0.0
SLM,BREAKOUT,2023-12-11,17.35,13.1,10.9,52.0,4.2,-5.1,22.1,0.0
SLP,BREAKOUT,2018-04-16,17.08,2.0,13.5,27.3,-3.3,8.9,16.4,-6.4
SLP,BREAKOUT,2020-02-17,37.92,0.9,56.0,96.2,11.8,53.2,77.1,-25.9
SLP,BOTTOM,2022-06-13,42.42,24.8,-11.4,9.3,19.0,-17.1,-12.8,-11.4
SLP,BREAKOUT,2022-07-18,59.83,-28.1,-34.2,-20.2,-23.3,-35.3,-36.5,-41.9
SLP,BOTTOM,2023-06-19,45.08,-11.2,0.3,6.7,-10.9,-9.9,-20.8,-25.0
SLP,BREAKOUT,2024-05-13,50.87,-28.2,-43.4,-38.0,-33.3,-54.8,-51.7,-45.4
SLRC,BREAKOUT,2026-04-13,15.74,-16.7,,,-21.6,,,-21.5
SLS,BOTTOM,2020-08-10,2.92,-9.9,223.3,244.9,-16.7,205.8,210.5,-35.6
SLS,BREAKOUT,2020-12-07,8.37,22.6,36.6,-26.8,14.5,19.8,-57.1,-30.6
SLS,BOTTOM,2021-08-02,9.4,-0.4,-42.4,-68.3,-6.6,-44.5,-63.1,-49.3
SLS,BOTTOM,2023-01-23,3.25,-56.6,-48.9,-84.3,-59.5,-62.4,-106.3,-62.2
SLS,BREAKOUT,2025-01-27,1.62,7.4,2.5,132.7,12.9,-1.5,116.4,-35.8
SLS,BOTTOM,2025-11-24,1.62,204.3,474.7,,203.6,463.4,,0.0
SLVM,BOTTOM,2026-03-16,36.29,8.0,,,-7.4,,,0.0
SM,BOTTOM,2018-11-05,20.26,-26.5,-32.4,-56.6,-24.4,-37.2,-70.0,-36.5
SM,BREAKOUT,2021-02-01,10.26,57.7,65.5,222.6,48.4,50.6,205.4,0.0
SM,BOTTOM,2021-04-19,14.51,16.7,93.0,123.6,10.8,83.6,120.0,-4.4
SM,BOTTOM,2022-12-12,31.21,-25.6,-14.6,12.7,-27.8,-30.1,-11.6,-25.6
SM,BOTTOM,2023-06-12,26.65,37.5,32.0,61.1,36.2,24.4,36.2,0.0
SM,BREAKOUT,2026-03-16,29.83,-9.0,,,-24.5,,,-13.5
SMBC,BREAKOUT,2017-09-25,31.37,3.3,0.9,3.4,-3.4,-4.8,-14.4,-1.9
SMBC,BOTTOM,2023-11-06,40.2,2.5,0.9,57.6,-11.7,-18.2,20.0,-3.6
SMBC,BREAKOUT,2023-12-11,49.58,-16.7,-20.6,24.8,-25.6,-36.6,-5.1,-21.8
SMBC,BREAKOUT,2024-08-12,52.5,22.2,12.1,1.2,16.2,1.4,-16.3,-2.4
SMCI,BOTTOM,2018-03-05,1.98,32.7,2.5,-1.5,32.5,-1.5,-1.8,-17.1
SMCI,BOTTOM,2019-07-15,1.9,1.1,50.9,49.5,0.3,38.1,39.1,-10.5
SMCI,BREAKOUT,2019-12-16,2.46,-31.5,31.1,23.7,-3.3,33.9,6.4,-31.5
SMCI,BREAKOUT,2021-11-01,4.66,-18.0,9.9,64.5,-14.1,21.6,83.0,-24.2
SMCI,BOTTOM,2024-05-27,78.45,-44.2,-58.4,-49.0,-51.4,-73.4,-62.2,-76.3
SMCI,BOTTOM,2025-03-24,34.26,38.9,33.7,-35.9,27.9,14.0,-51.3,-13.0
SMCI,BOTTOM,2025-09-01,40.41,-14.2,-22.5,,-20.4,-27.0,,-28.0
SMFG,BREAKOUT,2022-12-19,7.66,-1.9,2.4,18.5,-5.6,-11.6,-7.1,-4.8
SMFG,BREAKOUT,2023-07-24,8.99,1.7,7.1,49.0,11.5,-0.4,28.2,-8.9
SMG,BREAKOUT,2019-04-29,71.8,19.2,9.1,37.7,19.2,4.0,39.6,-5.4
SMG,BOTTOM,2023-03-20,58.4,-13.7,-22.6,14.4,-23.6,-32.1,-19.3,-24.8
SMG,BREAKOUT,2024-03-18,66.79,-7.7,2.7,-17.8,-12.5,-7.0,-27.4,-13.6
SMMT,BOTTOM,2018-02-26,12.28,9.4,-80.9,-81.5,7.4,-89.7,-87.7,-83.3
SMMT,BOTTOM,2019-04-01,2.0,-35.5,-10.0,15.5,-39.4,-13.0,27.7,-38.0
SMMT,BOTTOM,2019-09-23,1.53,1.3,59.5,123.5,-8.5,72.8,110.1,-9.8
SMMT,BREAKOUT,2020-03-09,2.3,51.7,41.7,181.3,38.1,16.4,132.3,0.0
SMMT,BOTTOM,2021-03-15,6.04,9.4,5.6,-48.0,2.6,-8.4,-63.6,-11.3
SMMT,BOTTOM,2023-04-10,1.57,36.3,7.0,133.4,27.0,1.6,107.8,-15.9
SMMT,BOTTOM,2023-07-24,2.12,-14.6,83.0,444.8,-4.8,75.5,424.0,-27.4
SMMT,BOTTOM,2025-01-06,17.85,30.2,40.1,10.3,37.9,32.0,-10.7,-2.7
SMMT,BOTTOM,2025-07-07,25.0,-14.6,-21.3,-39.0,-19.6,-33.2,-61.4,-35.2
SMPL,BOTTOM,2020-11-30,23.16,31.0,47.7,58.9,26.8,32.6,34.6,0.0
SMPL,BREAKOUT,2020-12-21,29.89,2.7,20.0,36.4,-5.0,3.6,7.2,-8.3
SMR,BOTTOM,2024-04-22,6.06,79.0,203.8,174.9,71.6,189.2,165.2,0.0
SMR,BREAKOUT,2024-05-27,8.73,-5.7,239.6,266.4,-13.0,224.7,253.3,-20.0
SMR,BOTTOM,2025-09-22,38.0,-60.9,-72.9,,-65.5,-69.3,,-72.9
SMTC,BREAKOUT,2021-10-25,85.03,-20.2,-29.9,-67.1,-16.8,-20.2,-53.1,-29.9
SMTC,BOTTOM,2023-03-06,29.33,-27.0,-17.5,-20.4,-38.9,-33.8,-55.0,-37.1
SMTC,BREAKOUT,2024-04-01,32.54,1.5,28.1,-13.9,-5.9,16.9,-12.6,-9.3
SMTC,BREAKOUT,2025-12-01,79.61,3.0,89.7,,4.7,81.5,,-9.4
SNA,BREAKOUT,2018-09-10,152.35,-20.5,-15.5,-10.7,-10.5,-13.7,-16.3,-25.2
SNA,BREAKOUT,2019-12-09,143.58,-25.4,-19.6,9.3,-10.7,-16.5,-8.4,-43.6
SNA,BREAKOUT,2020-10-19,145.93,5.8,42.8,27.3,-5.4,21.4,-5.6,-7.0
SNA,BREAKOUT,2022-08-08,208.25,1.9,10.1,19.9,8.2,13.7,13.9,-12.4
SNA,BREAKOUT,2024-10-14,311.41,7.5,-5.2,6.9,4.9,4.2,-8.2,-5.2
SNDA,BOTTOM,2020-07-13,9.15,0.0,110.2,405.2,-8.4,92.4,369.2,-18.0
SNDA,BOTTOM,2022-04-25,30.01,-40.2,-45.7,-75.1,-40.6,-40.9,-77.8,-46.5
SNDA,BOTTOM,2023-08-28,8.62,22.4,36.5,220.2,20.3,22.0,193.5,-13.0
SNDA,BOTTOM,2024-01-08,9.23,203.4,241.0,132.2,195.9,222.7,108.8,-1.4
SNDA,BREAKOUT,2024-02-19,12.24,151.2,126.6,101.9,146.7,115.2,82.2,-3.8
SNDA,BOTTOM,2025-07-28,23.92,8.3,33.2,,-1.7,21.2,,0.0
SNDA,BREAKOUT,2025-09-22,27.61,16.9,14.6,,12.3,18.3,,-6.3
SNDR,BREAKOUT,2020-05-25,20.35,12.8,-3.2,11.9,-2.9,-23.7,-28.3,-8.3
SNDR,BREAKOUT,2023-01-30,28.2,-9.8,5.3,-17.3,-10.2,-3.9,-39.0,-13.7
SNDX,BREAKOUT,2019-06-17,8.64,0.7,-7.3,75.2,-1.2,-17.4,68.2,-28.2
SNDX,BREAKOUT,2020-02-17,10.48,52.7,61.0,123.6,63.6,58.1,104.4,-18.7
SNDX,BOTTOM,2020-04-06,10.14,51.4,56.1,118.5,36.7,30.4,68.3,0.0
SNDX,BOTTOM,2021-10-18,18.96,-15.0,-13.4,24.2,-12.0,-8.0,40.4,-21.0
SNDX,BREAKOUT,2022-08-01,23.87,-6.0,17.1,-17.2,2.6,16.5,-27.0,-13.5
SNDX,BOTTOM,2025-09-29,15.6,36.5,61.2,,34.2,62.7,,-13.3
SNEX,BOTTOM,2019-10-14,11.81,26.5,-7.7,38.1,14.5,-4.9,19.3,-21.2
SNEX,BREAKOUT,2023-12-18,31.71,-4.8,1.1,33.2,-15.2,-14.6,6.8,-8.4
SNN,BREAKOUT,2019-02-04,33.48,7.4,15.0,22.2,0.4,6.2,-3.0,-5.2
SNN,BREAKOUT,2025-07-21,30.94,16.5,6.1,,9.9,-2.8,,-2.7
SNOW,BREAKOUT,2021-11-15,392.15,-30.2,-63.9,-62.7,-23.1,-47.6,-48.5,-63.9
SNOW,BOTTOM,2025-02-03,184.03,-5.4,4.2,-8.5,0.4,-2.5,-24.8,-29.1
SNPS,BREAKOUT,2022-08-01,374.29,-26.1,-3.4,17.9,-17.5,-4.0,8.1,-26.1
SNPS,BREAKOUT,2025-07-14,584.76,-23.4,-11.7,-34.3,-29.6,-22.5,-54.0,-33.6
SNPS,BOTTOM,2025-10-13,447.64,15.3,0.4,,10.9,-7.1,,-15.0
SNPS,BOTTOM,2026-06-29,437.16,,,,,,,-12.1
SNX,BOTTOM,2019-06-10,42.7,5.6,38.4,9.0,1.0,27.7,1.7,-10.0
SNX,BREAKOUT,2025-01-06,131.24,-23.4,6.9,13.8,-15.6,-1.1,-7.2,-28.3
SNY,BREAKOUT,2019-06-03,33.15,1.6,4.1,17.5,-2.5,-6.4,4.2,-6.6
SNY,BREAKOUT,2022-04-04,45.8,-8.1,-28.8,2.4,4.6,-10.6,9.5,-30.4
SNY,BREAKOUT,2023-04-03,46.91,-4.8,-0.0,-12.3,-12.4,-5.7,-40.9,-6.1
SOFI,BOTTOM,2023-04-17,5.94,58.8,24.1,19.7,48.6,21.2,-2.2,-17.0
SOFI,BREAKOUT,2023-06-05,8.18,4.5,-0.6,-14.5,0.5,-8.4,-40.6,-16.5
SOFI,BREAKOUT,2024-10-14,10.18,62.1,7.9,160.7,59.5,17.2,145.7,-6.0
SOLV,BREAKOUT,2025-11-17,82.9,-12.0,-7.3,,-16.9,-21.1,,-24.3
SON,BOTTOM,2020-06-15,41.95,0.9,16.7,28.4,-6.7,-3.9,-8.1,-5.5
SON,BOTTOM,2020-09-21,40.76,19.2,29.8,23.5,6.4,8.4,-13.5,-2.8
SON,BREAKOUT,2022-08-08,55.86,-9.7,-7.5,-9.6,-3.4,-3.8,-15.7,-12.5
SON,BREAKOUT,2024-05-27,56.18,-6.8,-13.7,-22.5,-14.1,-28.7,-35.7,-21.0
SONO,BREAKOUT,2020-07-13,16.15,-8.2,63.0,100.6,-16.6,45.3,64.5,-18.8
SONO,BOTTOM,2020-10-05,13.81,76.8,201.7,120.9,66.4,182.2,92.9,0.0
SONO,BOTTOM,2023-03-20,19.29,-21.2,-33.5,-0.4,-31.1,-43.1,-34.0,-33.5
SONY,BREAKOUT,2021-09-20,22.95,5.6,-9.4,-41.5,-0.8,-12.1,-25.7,-17.1
SONY,BOTTOM,2023-03-06,16.68,16.5,-0.3,3.6,4.7,-16.6,-31.0,-4.0
SONY,BREAKOUT,2024-01-08,19.76,-15.5,-3.4,2.7,-23.0,-21.6,-20.6,-24.2
SOUN,BREAKOUT,2024-02-26,6.03,-16.3,-19.0,79.3,-19.5,-29.6,61.9,-41.2
SOUN,BOTTOM,2024-04-15,3.55,38.9,54.9,120.3,27.6,36.1,112.6,0.0
SOUN,BOTTOM,2024-08-12,4.97,28.0,120.6,213.7,22.0,109.9,196.2,-12.5
SOUN,BREAKOUT,2024-11-25,9.31,16.2,8.6,29.4,17.3,10.2,14.6,-21.4
SOUN,BOTTOM,2025-01-27,14.15,-33.6,-28.6,-40.2,-28.1,-32.5,-56.5,-48.3
SOUN,BOTTOM,2025-09-15,16.25,-32.2,-59.7,,-35.0,-58.0,,-59.7
SPB,BOTTOM,2019-09-09,50.82,3.4,-22.4,1.1,-2.4,-12.7,-12.0,-22.4
SPB,BOTTOM,2023-04-24,61.44,17.2,14.4,26.9,6.9,15.0,3.0,0.0
SPB,BREAKOUT,2026-02-16,79.64,-2.2,,,-10.7,,,-13.0
SPFI,BREAKOUT,2022-10-10,27.7,-2.4,-28.3,-8.4,-14.4,-44.6,-31.0,-28.3
SPFI,BREAKOUT,2024-07-15,30.22,13.2,13.0,33.5,6.3,3.4,17.8,-1.0
SPFI,BREAKOUT,2025-07-14,40.34,-9.4,0.3,13.9,-15.6,-10.6,-5.8,-11.8
SPG,BOTTOM,2021-01-04,64.83,35.5,53.3,94.8,27.2,38.3,70.9,0.0
SPG,BREAKOUT,2023-11-27,112.4,18.5,20.7,50.3,6.3,5.0,17.3,0.0
SPGI,BREAKOUT,2021-04-05,334.2,12.6,16.9,12.7,6.4,9.8,2.6,0.0
SPGI,BREAKOUT,2023-06-12,364.93,-1.5,10.8,10.9,-2.8,3.2,-14.0,-13.1
SPHR,BOTTOM,2022-01-17,32.17,10.5,-17.1,-30.6,13.0,-7.9,-22.5,-26.6
SPHR,BREAKOUT,2024-02-26,44.29,-17.6,5.2,-1.5,-20.7,-5.4,-18.8,-24.9
SPHR,BREAKOUT,2025-09-01,48.9,72.4,130.7,,66.2,126.2,,0.0
SPIR,BOTTOM,2024-01-29,7.02,52.7,71.4,144.3,49.0,62.9,121.0,0.0
SPIR,BREAKOUT,2024-02-05,10.44,13.0,1.1,88.4,8.8,-6.0,67.0,-13.8
SPIR,BOTTOM,2025-07-28,9.61,13.2,19.1,,3.2,7.2,,-21.7
SPNT,BOTTOM,2019-06-03,10.32,-4.6,-7.4,-18.2,-8.7,-17.9,-31.5,-9.3
SPNT,BOTTOM,2020-06-15,7.45,2.8,25.1,32.8,-4.7,4.5,-3.7,-9.3
SPNT,BOTTOM,2020-09-14,7.66,21.7,37.5,21.7,9.5,18.8,-13.7,-11.7
SPNT,BREAKOUT,2023-03-27,8.13,11.1,25.1,56.3,2.4,19.9,26.7,0.0
SPOT,BOTTOM,2022-09-12,100.34,-25.5,26.7,58.0,-25.4,24.7,41.2,-29.2
SPRC,BOTTOM,2024-02-19,716.31,-70.2,-90.3,-88.2,-74.8,-101.7,-107.9,-91.8
SPRC,BOTTOM,2025-05-12,59.72,-32.0,-63.8,-91.9,-40.6,-77.6,-117.8,-72.7
SPRY,BOTTOM,2025-01-27,13.02,11.1,32.0,-23.3,16.6,28.0,-39.6,-19.5
SPRY,BREAKOUT,2025-06-23,18.2,-46.2,-37.5,-53.1,-54.1,-50.4,-72.9,-58.3
SPSC,BREAKOUT,2021-08-09,116.57,25.7,8.1,12.0,20.6,8.6,14.9,-0.4
SPT,BOTTOM,2023-02-06,60.93,-31.8,-26.2,8.3,-33.0,-36.2,-16.4,-35.2
SPXC,BOTTOM,2020-03-16,28.39,37.2,53.2,109.9,1.7,7.5,36.9,0.0
SPXC,BREAKOUT,2022-10-24,67.67,7.5,-5.9,16.2,2.8,-13.7,9.0,-5.9
SQM,BOTTOM,2020-03-23,16.72,23.3,43.6,152.9,4.3,12.8,94.1,-1.1
SQM,BREAKOUT,2021-11-01,52.71,-15.3,25.5,61.4,-11.4,37.2,79.9,-22.5
SR,BREAKOUT,2022-04-04,63.32,-5.3,-16.9,-2.7,7.5,1.3,4.3,-16.9
SRAD,BOTTOM,2023-03-06,11.46,7.3,-1.4,-12.6,-4.5,-17.7,-47.2,-10.2
SRAD,BOTTOM,2023-08-14,11.96,-16.0,-14.5,-7.5,-19.6,-29.9,-36.3,-26.8
SRAD,BOTTOM,2024-04-22,9.57,15.7,28.7,134.6,8.2,14.1,124.9,-3.8
SRCE,BOTTOM,2020-06-15,30.44,-9.2,12.5,32.1,-16.8,-8.1,-4.3,-16.0
SRCE,BREAKOUT,2022-10-17,50.79,-16.1,-21.0,-19.5,-22.4,-32.1,-33.8,-21.9
SRCE,BREAKOUT,2023-12-11,50.57,-7.0,-7.1,20.7,-15.9,-23.1,-9.3,-9.7
SRCE,BREAKOUT,2024-07-08,54.07,6.4,-2.1,15.6,2.6,-6.4,2.9,-2.1
SRCE,BREAKOUT,2025-12-08,65.05,3.6,20.7,,6.2,11.3,,-5.1
SRE,BOTTOM,2020-09-14,49.57,10.8,9.1,15.0,-1.3,-9.6,-20.4,-1.6
SRE,BREAKOUT,2022-02-21,61.5,18.7,19.5,13.0,23.5,26.3,21.0,-0.7
SRPT,BOTTOM,2019-08-19,93.61,14.3,32.4,51.6,4.7,14.3,30.1,-19.9
SRPT,BREAKOUT,2020-06-08,158.85,-17.7,5.3,-45.9,-28.0,-16.1,-87.6,-20.9
SRPT,BREAKOUT,2022-08-01,106.02,-2.3,12.2,-0.7,6.3,11.6,-10.5,-2.3
SRRK,BOTTOM,2020-03-30,14.42,22.1,6.7,223.3,-4.3,-28.9,159.3,-23.0
SRRK,BOTTOM,2023-02-27,9.0,-30.3,-30.1,74.2,-36.6,-42.6,45.4,-32.4
SRRK,BREAKOUT,2023-11-27,13.45,16.6,-30.2,196.7,4.4,-45.9,163.6,-30.2
SRRK,BOTTOM,2024-01-29,15.06,1.9,-42.2,168.1,-1.8,-50.6,144.8,-48.6
SRRK,BREAKOUT,2024-10-07,26.51,52.7,5.6,48.8,52.2,12.9,34.8,-0.1
SRRK,BOTTOM,2025-05-12,30.55,2.8,22.5,61.5,-5.8,8.7,35.7,-8.5
SRRK,BREAKOUT,2025-12-08,46.87,-14.6,-5.7,,-12.1,-15.2,,-14.6
SRTA,BOTTOM,2021-11-01,10.1,-40.4,-24.2,-55.2,-36.5,-12.5,-36.8,-43.9
SRTA,BOTTOM,2024-04-15,3.39,7.4,10.9,-22.7,-3.9,-7.9,-30.4,-15.9
SRTA,BREAKOUT,2024-11-25,4.74,-28.7,-26.4,-8.4,-27.6,-24.8,-23.2,-46.0
SRTA,BREAKOUT,2025-09-15,5.71,-10.2,-27.0,,-13.0,-25.2,,-27.0
SSB,BOTTOM,2019-06-10,60.34,8.5,19.3,-24.3,3.9,8.5,-31.7,0.0
SSB,BREAKOUT,2023-12-11,81.71,-7.2,-16.8,28.3,-16.2,-32.8,-1.6,-16.8
SSB,BREAKOUT,2024-07-15,85.81,13.4,12.1,11.1,6.6,2.5,-4.6,-1.4
SSB,BREAKOUT,2026-02-02,107.16,-10.1,,,-17.2,,,-16.8
SSD,BREAKOUT,2025-08-18,195.76,-17.3,1.9,,-19.7,-5.6,,-17.3
SSL,BOTTOM,2019-05-27,21.84,-24.0,-27.6,-79.3,-30.7,-42.8,-92.2,-31.5
SSL,BOTTOM,2020-01-06,18.93,-82.0,-63.1,-50.3,-67.9,-61.6,-69.6,-92.5
SSL,BOTTOM,2023-11-20,11.13,-31.7,-35.1,-50.5,-43.7,-52.2,-83.1,-37.7
SSL,BOTTOM,2025-10-06,5.63,22.0,126.5,,15.4,121.8,,-2.7
SSNC,BREAKOUT,2020-11-16,63.31,-2.3,8.8,18.6,-12.6,-8.9,-15.2,-7.6
SSNC,BOTTOM,2023-03-13,51.45,12.0,3.6,17.0,-1.1,-10.9,-15.6,0.0
SSRM,BOTTOM,2023-04-10,15.56,-6.6,-12.3,-66.6,-16.0,-17.6,-92.3,-18.6
SSRM,BOTTOM,2024-12-02,6.35,56.1,100.6,229.4,61.0,101.4,215.3,0.0
SSTK,BREAKOUT,2020-07-27,44.54,20.8,20.3,101.7,20.4,6.0,65.4,-12.0
SSTK,BOTTOM,2020-09-07,39.94,39.5,90.9,130.7,29.4,72.0,95.4,0.0
SSTK,BOTTOM,2024-03-25,39.79,-14.8,-21.1,-59.5,-19.2,-31.1,-67.1,-25.6
SSYS,BREAKOUT,2021-01-04,28.13,-15.4,-18.7,-15.3,-23.7,-33.7,-39.2,-29.6
SSYS,BOTTOM,2021-04-05,23.79,-3.9,10.8,-8.6,-10.1,3.7,-18.8,-17.0
SSYS,BOTTOM,2021-12-06,24.91,-6.9,-27.7,-49.6,3.5,-11.1,-34.4,-28.4
SSYS,BOTTOM,2023-08-21,14.06,-20.6,-10.1,-43.8,-24.5,-26.4,-73.4,-27.1
SSYS,BOTTOM,2025-01-13,8.98,1.1,20.7,24.6,12.8,15.1,7.5,0.0
ST,BOTTOM,2024-06-17,36.9,-6.7,-27.8,-24.4,-11.4,-37.1,-34.9,-27.8
STAA,BOTTOM,2019-12-30,34.38,-15.2,79.2,130.4,7.4,81.4,112.3,-24.1
STAA,BREAKOUT,2020-01-13,42.4,-10.2,33.7,107.7,3.0,35.8,92.4,-38.4
STAA,BOTTOM,2025-09-15,27.24,-7.7,-35.7,,-10.6,-34.0,,-40.9
STAA,BREAKOUT,2026-05-11,32.07,,,,,,,-17.6
STAG,BREAKOUT,2021-03-08,26.93,16.6,26.7,22.4,8.6,12.9,14.4,-0.1
STAG,BOTTOM,2023-04-10,28.31,18.1,8.5,19.4,8.8,3.2,-6.2,0.0
STAG,BREAKOUT,2025-10-13,37.03,0.2,6.3,,-4.2,-1.2,,-4.6
STBA,BREAKOUT,2021-03-01,26.35,6.5,-7.4,-1.6,-4.0,-26.3,-15.7,-8.1
STBA,BREAKOUT,2022-10-17,30.32,-5.9,-19.4,-22.7,-12.2,-30.4,-37.0,-19.4
STBA,BOTTOM,2023-08-28,26.18,2.5,8.6,54.6,0.4,-6.0,27.9,-12.0
STBA,BREAKOUT,2025-12-08,41.49,-3.9,15.3,,-1.4,5.9,,-7.0
STC,BREAKOUT,2018-01-15,36.27,-8.1,-2.8,-4.8,-3.6,-3.4,-1.7,-15.7
STC,BREAKOUT,2023-12-04,49.49,14.9,16.2,44.1,3.3,-0.7,10.3,0.0
STE,BOTTOM,2020-03-30,131.11,11.3,25.1,40.8,-15.1,-10.6,-23.2,0.0
STE,BREAKOUT,2020-09-14,167.08,5.3,6.9,23.3,-6.8,-11.8,-12.1,-3.2
STE,BREAKOUT,2025-05-12,248.97,-2.2,3.2,-15.1,-10.8,-10.5,-40.9,-10.1
STEP,BOTTOM,2022-08-15,26.01,1.3,0.1,3.3,7.1,2.8,-1.8,-16.3
STEP,BOTTOM,2022-12-12,23.65,-9.0,-3.8,12.9,-11.2,-19.3,-11.5,-17.6
STGW,BOTTOM,2020-07-27,2.21,5.9,24.4,153.8,5.5,10.2,117.5,-20.8
STGW,BOTTOM,2022-12-05,6.9,-4.3,13.9,-21.6,-2.9,3.7,-40.5,-19.1
STGW,BOTTOM,2026-02-02,5.18,24.9,,,17.8,,,-10.6
STI,BOTTOM,2025-02-03,20.25,-74.3,-83.8,-66.2,-68.5,-90.5,-82.5,-84.4
STI,BOTTOM,2025-10-06,5.49,48.5,29.7,,41.9,25.0,,-29.5
STI,BREAKOUT,2026-06-01,35.72,,,,,,,-82.3
STI,BOTTOM,2026-07-06,8.23,,,,,,,-23.1
STLA,BOTTOM,2019-04-15,8.82,-5.9,-7.0,-43.3,-8.9,-10.7,-44.2,-12.9
STLA,BREAKOUT,2019-10-28,9.77,-17.3,-46.4,-21.9,-22.9,-39.8,-30.6,-59.7
STLA,BREAKOUT,2020-11-16,9.49,21.6,43.7,51.0,11.4,26.0,17.2,0.0
STLA,BOTTOM,2022-06-06,10.75,-1.7,5.9,29.9,-6.4,4.1,17.7,-13.2
STLA,BOTTOM,2023-01-02,12.18,14.2,25.3,58.5,8.4,11.4,36.1,-1.6
STLA,BOTTOM,2025-03-31,8.93,15.4,20.1,-15.5,-8.7,-13.1,-46.8,-8.7
STLA,BOTTOM,2026-01-05,10.91,-26.3,-49.6,,-24.5,-58.9,,-49.6
STLD,BREAKOUT,2020-11-09,31.58,14.4,86.4,95.1,4.3,69.2,62.8,-0.3
STLD,BREAKOUT,2022-02-28,72.37,7.6,1.6,78.9,12.3,10.2,83.8,-13.7
STLD,BREAKOUT,2025-10-20,151.69,18.9,49.2,,16.8,43.2,,-0.7
STM,BOTTOM,2019-04-29,17.36,-4.5,26.9,36.3,-4.5,21.8,38.2,-18.5
STM,BREAKOUT,2020-09-28,30.79,15.3,22.4,35.0,2.8,1.5,3.1,-5.2
STM,BREAKOUT,2023-01-23,46.25,-10.2,12.1,-6.1,-13.1,-1.4,-28.1,-11.1
STM,BOTTOM,2025-09-08,25.64,0.7,27.7,,-3.3,26.4,,-14.9
STM,BREAKOUT,2026-02-09,33.48,83.2,,,74.5,,,-8.2
STN,BREAKOUT,2019-11-04,24.36,19.9,16.7,13.1,11.8,21.0,-2.4,-11.5
STNE,BOTTOM,2023-01-02,7.67,-3.7,21.7,84.1,-9.5,7.9,61.7,-8.4
STNE,BREAKOUT,2023-04-24,10.18,12.1,-22.1,32.7,1.8,-21.5,8.7,-22.1
STNG,BOTTOM,2019-01-21,17.27,25.9,39.9,44.3,15.0,25.2,18.3,-23.7
STNG,BREAKOUT,2019-06-24,25.19,0.3,29.0,-55.7,-1.0,17.8,-60.2,-20.4
STNG,BOTTOM,2021-09-06,14.47,-14.7,13.8,180.1,-20.7,18.9,187.6,-26.7
STNG,BREAKOUT,2022-04-25,22.53,56.7,90.6,113.7,56.2,95.4,111.0,0.0
STNG,BREAKOUT,2023-12-18,60.52,12.9,28.6,-24.7,2.6,12.9,-51.1,-5.8
STOK,BREAKOUT,2020-09-07,31.91,62.3,60.6,-23.6,52.2,41.7,-58.9,0.0
STOK,BOTTOM,2023-07-24,6.33,-46.8,-22.3,150.6,-37.0,-29.8,129.7,-46.8
STOK,BREAKOUT,2024-03-25,13.5,0.1,-9.3,-46.6,-4.3,-19.3,-54.2,-15.0
STOK,BREAKOUT,2025-08-11,18.21,45.6,75.2,,40.9,68.7,,0.0
STRA,BOTTOM,2019-12-09,122.64,7.4,10.2,-34.5,22.1,13.3,-52.2,-21.8
STRL,BOTTOM,2018-06-11,13.05,7.7,-13.3,1.5,2.8,-7.7,-4.5,-13.4
STRL,BREAKOUT,2019-10-07,16.02,-12.9,-41.9,-6.4,-23.4,-36.9,-25.8,-51.0
STRL,BREAKOUT,2022-10-31,32.52,13.3,31.4,133.6,3.3,20.9,116.3,-4.6
STRL,BREAKOUT,2025-06-02,205.99,38.8,57.8,328.4,30.5,42.7,303.9,-1.5
STRO,BREAKOUT,2020-08-31,125.4,80.6,68.3,73.3,72.2,55.4,39.1,-19.0
STRO,BOTTOM,2021-12-06,146.4,-45.6,-72.7,-49.0,-35.2,-56.1,-33.8,-72.7
STRO,BOTTOM,2022-12-26,80.8,-42.8,-42.5,-46.9,-50.3,-59.2,-73.1,-47.3
STRO,BOTTOM,2024-04-29,38.3,-6.3,-7.3,-71.3,-10.8,-19.7,-83.5,-23.8
STRO,BOTTOM,2024-10-28,35.5,-45.9,-69.0,-68.5,-51.7,-68.9,-89.3,-85.4
STRO,BOTTOM,2025-10-06,8.0,52.9,223.3,,46.3,218.6,,0.0
STRO,BREAKOUT,2026-02-16,18.42,38.8,,,30.4,,,0.0
STRO,BOTTOM,2026-07-06,29.73,,,,,,,-20.7
STRT,BREAKOUT,2020-10-19,28.76,64.1,67.1,23.4,52.9,45.6,-9.5,0.0
STRT,BOTTOM,2023-10-16,23.01,-0.1,-2.4,50.4,-15.1,-20.8,9.7,-8.3
STRT,BREAKOUT,2023-12-18,28.8,-22.6,-14.1,46.0,-33.0,-29.8,19.6,-22.6
STRT,BREAKOUT,2024-08-05,30.0,34.4,22.8,138.7,21.8,9.4,117.7,0.0
STT,BREAKOUT,2019-11-04,59.15,9.0,-16.2,-11.9,0.9,-11.9,-27.5,-35.7
STT,BOTTOM,2020-06-15,53.81,-4.5,9.9,24.3,-12.0,-10.7,-12.1,-9.8
STT,BOTTOM,2022-11-14,67.03,22.7,-8.5,-3.8,19.4,-15.1,-19.4,-10.5
STTK,BOTTOM,2023-04-17,2.93,-8.9,-52.2,227.0,-19.0,-55.1,205.1,-52.2
STTK,BREAKOUT,2023-12-11,6.61,31.8,-6.4,-82.8,22.8,-22.4,-112.7,-6.4
STTK,BOTTOM,2025-11-10,1.88,105.3,233.0,,103.6,222.3,,0.0
STVN,BOTTOM,2022-11-28,15.82,58.8,78.1,71.7,59.0,72.1,57.1,0.0
STVN,BOTTOM,2024-11-25,19.9,-6.9,10.9,16.9,-5.9,12.4,2.2,-6.9
STX,BREAKOUT,2018-01-08,37.22,19.5,17.6,-16.5,23.7,16.2,-11.4,-6.7
STX,BOTTOM,2020-07-13,39.94,8.0,28.4,82.2,-0.4,10.6,46.1,-7.1
STX,BREAKOUT,2020-11-30,53.74,15.7,58.9,70.3,11.6,43.8,46.0,-7.0
STX,BREAKOUT,2023-08-28,68.75,8.6,34.4,39.7,6.5,19.8,13.0,-13.5
STX,BREAKOUT,2025-05-19,111.23,42.0,112.4,630.2,30.2,98.0,599.9,0.0
STZ,BOTTOM,2019-05-27,156.5,16.3,6.3,-0.5,9.5,-9.0,-13.3,0.0
STZ,BREAKOUT,2021-12-13,223.2,-6.4,-5.4,-3.2,-3.4,14.5,12.1,-12.0
STZ,BREAKOUT,2023-07-17,253.47,-14.2,-5.1,-7.6,-7.7,-12.6,-30.7,-14.5
STZ,BOTTOM,2025-06-16,158.11,-17.7,-15.7,-10.7,-29.7,-30.9,-37.8,-20.3
SU,BREAKOUT,2020-01-06,26.7,-51.9,-51.9,-43.8,-37.8,-50.4,-63.0,-67.2
SU,BREAKOUT,2025-06-09,40.38,1.9,8.3,52.6,-8.6,-6.5,26.9,-8.2
SUI,BOTTOM,2023-04-24,121.4,-4.7,-21.1,-11.7,-14.9,-20.5,-35.7,-23.4
SUI,BREAKOUT,2024-07-29,123.02,-3.2,-5.3,-2.4,-10.7,-19.0,-20.5,-9.8
SUN,BOTTOM,2020-09-28,15.94,21.2,40.1,68.7,8.7,19.2,36.8,0.0
SUN,BREAKOUT,2023-08-28,39.09,17.4,36.6,23.7,15.3,22.1,-3.0,-3.6
SUPN,BREAKOUT,2018-05-07,57.05,-19.1,-20.6,-36.2,-23.4,-23.4,-43.8,-22.3
SUPN,BREAKOUT,2020-12-21,25.66,2.2,27.3,20.0,-5.4,10.9,-9.2,-2.0
SUPN,BOTTOM,2024-04-22,30.07,2.3,12.8,7.1,-5.2,-1.8,-2.6,-13.6
SUPV,BOTTOM,2019-01-28,9.77,-46.4,-28.9,-72.6,-55.8,-38.3,-94.0,-53.6
SUPV,BOTTOM,2020-01-27,2.67,-46.7,1.3,-39.2,-35.1,-1.3,-56.3,-50.3
SUPV,BOTTOM,2020-11-30,1.99,-16.5,11.6,-3.7,-20.7,-3.5,-28.0,-19.8
SUPV,BOTTOM,2021-03-22,1.7,20.7,19.0,11.1,12.6,6.2,-4.7,-6.1
SUPV,BREAKOUT,2022-12-19,2.08,2.8,37.0,106.5,-1.0,23.0,80.9,-2.8
SUZ,BOTTOM,2020-09-21,7.69,26.9,46.4,20.5,14.2,25.0,-16.4,-5.6
SUZ,BREAKOUT,2020-12-14,9.91,21.2,1.2,-2.5,15.3,-12.0,-28.7,-1.5
SUZ,BREAKOUT,2023-09-11,10.09,2.4,17.0,-6.3,-3.8,1.2,-34.4,-2.7
SUZ,BREAKOUT,2026-02-09,11.18,-26.6,,,-35.3,,,-30.9
SVC,BOTTOM,2021-01-04,44.6,8.2,8.7,-15.4,-0.1,-6.3,-39.3,-7.7
SVC,BOTTOM,2022-12-05,31.51,34.5,19.1,7.7,35.9,8.8,-11.2,-7.9
SVC,BREAKOUT,2023-01-23,35.6,3.5,1.5,0.9,0.6,-12.0,-21.1,-5.0
SVC,BOTTOM,2025-09-15,13.88,-32.0,-35.9,,-34.8,-34.2,,-39.5
SVCO,BOTTOM,2025-12-01,4.02,-19.7,181.1,,-18.0,172.9,,-19.7
SVM,BREAKOUT,2019-07-15,2.92,31.1,79.5,118.6,30.4,66.8,108.2,0.0
SVM,BREAKOUT,2020-07-06,5.69,31.5,4.3,-8.3,21.9,-16.8,-47.5,-1.3
SVM,BOTTOM,2021-03-08,5.12,19.9,-20.4,-21.9,11.8,-34.2,-29.9,-24.8
SVM,BREAKOUT,2023-04-03,3.85,-29.2,-42.0,-2.9,-36.8,-47.7,-31.4,-42.0
SVM,BREAKOUT,2025-07-07,5.11,29.7,79.7,86.1,24.7,67.8,63.7,-15.6
SVRA,BOTTOM,2020-04-13,2.47,-15.4,-52.2,-29.1,-28.1,-74.4,-77.1,-55.9
SVRA,BOTTOM,2020-07-27,1.99,-47.7,-23.1,-35.7,-48.1,-37.4,-72.0,-47.7
SVRA,BOTTOM,2021-06-14,1.77,-21.5,-33.3,-26.6,-28.2,-44.9,-16.0,-41.2
SVRA,BREAKOUT,2023-01-16,2.09,-13.9,64.1,111.0,-18.4,49.0,87.3,-17.7
SVRA,BOTTOM,2023-03-20,2.0,43.0,89.0,140.0,33.1,79.5,106.4,-14.0
SVRA,BREAKOUT,2025-10-20,4.36,38.1,17.4,,36.0,11.4,,-9.4
SVV,BOTTOM,2024-12-23,10.31,-32.1,-0.4,-8.5,-25.8,-4.3,-25.9,-35.8
SW,BOTTOM,2019-05-13,21.24,5.7,26.9,6.3,4.1,16.8,4.1,-1.6
SW,BREAKOUT,2020-08-24,31.08,8.0,27.5,54.0,3.8,18.1,23.6,-7.7
SW,BOTTOM,2023-04-17,32.63,5.7,-11.4,23.4,-4.4,-14.3,1.6,-11.4
SW,BREAKOUT,2024-03-04,39.39,12.4,7.6,13.6,7.7,1.4,-0.4,-6.9
SW,BOTTOM,2026-04-20,39.51,,,,,,,-5.1
SWBI,BOTTOM,2021-11-01,18.26,-22.2,-36.0,-47.5,-18.3,-24.4,-29.1,-37.0
SWBI,BOTTOM,2023-05-15,10.49,8.0,18.4,38.5,3.4,9.9,10.2,-3.9
SWBI,BREAKOUT,2025-12-01,10.63,29.2,38.2,,30.9,30.0,,-7.8
SWK,BOTTOM,2019-05-27,102.13,5.5,25.8,0.6,-1.2,10.6,-12.3,0.0
SWK,BOTTOM,2020-06-15,110.24,20.2,36.6,47.8,12.7,16.0,11.3,0.0
SWK,BREAKOUT,2020-10-05,146.04,0.4,15.2,1.9,-10.0,-4.4,-26.2,-5.9
SWK,BOTTOM,2025-04-14,54.01,24.1,21.5,30.7,4.6,-5.4,-5.8,0.0
SWK,BREAKOUT,2026-02-02,87.47,-8.3,,,-15.4,,,-23.9
SWKS,BOTTOM,2023-03-13,102.19,-3.6,-12.8,-6.3,-16.7,-27.3,-38.9,-14.8
SWKS,BOTTOM,2025-12-01,67.91,-20.0,8.3,,-18.3,0.2,,-21.7
SWKS,BREAKOUT,2026-05-18,81.71,,,,,,,-27.4
SWX,BREAKOUT,2017-11-27,65.45,-25.1,-10.3,-6.1,-27.3,-14.7,-12.3,-25.1
SWX,BOTTOM,2020-06-15,53.71,-5.4,-5.9,-1.1,-13.0,-26.5,-37.5,-5.9
SWX,BREAKOUT,2022-02-28,63.53,28.3,10.7,-15.2,33.0,19.3,-10.2,-1.4
SWX,BREAKOUT,2024-02-26,64.77,12.4,6.2,11.4,9.2,-4.4,-5.9,0.0
SXC,BOTTOM,2017-09-11,6.14,32.8,37.8,33.4,25.3,26.8,15.1,0.0
SXC,BREAKOUT,2017-12-18,8.85,-12.0,11.1,-32.7,-8.8,7.5,-24.4,-19.9
SXC,BREAKOUT,2024-11-04,11.36,-23.5,-30.5,-43.2,-24.3,-25.4,-56.7,-32.5
SXC,BOTTOM,2025-05-12,8.22,-12.6,-21.7,-7.3,-21.2,-35.5,-33.1,-21.7
SXC,BREAKOUT,2026-05-18,8.4,,,,,,,-6.9
SXI,BOTTOM,2020-06-15,50.81,10.7,43.0,73.6,3.2,22.4,37.1,-0.1
SXI,BREAKOUT,2021-10-18,103.21,-4.4,-7.4,-14.9,-1.4,-2.1,1.2,-8.2
SXI,BREAKOUT,2023-01-09,107.06,8.9,26.7,35.0,5.0,13.1,13.5,-2.5
SXI,BREAKOUT,2025-08-18,209.63,9.1,22.8,,6.7,15.4,,-3.2
SXT,BREAKOUT,2020-10-12,60.79,10.4,19.9,43.5,1.8,-1.1,13.3,-3.9
SXT,BOTTOM,2023-03-13,65.72,6.6,-8.2,0.5,-6.5,-22.7,-32.1,-15.8
SXT,BREAKOUT,2024-05-06,73.64,-5.7,5.3,27.3,-8.4,-10.3,17.6,-5.7
SXT,BREAKOUT,2026-04-20,122.72,,,,,,,-11.1
SYBT,BREAKOUT,2020-08-03,37.14,-10.6,12.9,22.2,-15.7,-3.9,-12.1,-18.3
SYBT,BREAKOUT,2021-09-20,50.15,12.1,-0.8,25.8,5.8,-3.5,41.6,-6.4
SYBT,BREAKOUT,2022-07-25,63.71,13.9,-14.5,-29.1,19.1,-13.9,-41.8,-14.5
SYBT,BOTTOM,2023-08-28,43.76,0.9,-1.8,33.6,-1.2,-16.4,6.9,-16.4
SYBT,BREAKOUT,2024-07-08,50.09,23.2,29.4,54.6,19.4,25.1,41.8,0.0
SYBT,BREAKOUT,2025-06-23,77.3,-9.1,-14.5,-1.3,-17.1,-27.4,-21.1,-17.4
SYBT,BREAKOUT,2026-07-13,81.14,,,,,,,
SYF,BREAKOUT,2017-12-04,30.49,-0.2,-4.7,-30.8,-5.8,-10.4,-31.9,-13.0
SYF,BREAKOUT,2019-05-06,29.51,1.3,6.8,-45.2,-0.4,-1.4,-48.8,-9.3
SYF,BOTTOM,2022-12-12,30.72,-13.7,0.5,15.2,-15.8,-15.1,-9.1,-17.3
SYF,BREAKOUT,2023-12-11,35.38,13.3,13.7,87.5,4.3,-2.3,57.5,-1.1
SYK,BREAKOUT,2023-01-30,273.55,0.8,0.7,22.1,0.4,-8.5,0.4,-7.4
SYK,BREAKOUT,2024-01-08,305.55,9.6,9.0,17.9,2.1,-9.3,-5.4,-0.5
SYM,BREAKOUT,2022-06-06,10.58,8.4,7.3,307.3,3.7,5.5,295.1,-11.2
SYM,BOTTOM,2022-10-24,12.68,8.6,109.5,178.8,3.8,101.6,171.6,-25.9
SYM,BREAKOUT,2023-03-20,21.68,82.2,43.3,117.2,72.4,33.7,83.5,0.0
SYM,BOTTOM,2023-08-28,41.92,35.3,-2.4,-54.2,33.2,-16.9,-80.9,-25.9
SYM,BREAKOUT,2025-06-30,47.91,31.7,35.4,-10.8,24.4,25.5,-31.2,-3.5
SYNA,BOTTOM,2018-03-12,47.82,1.4,-3.9,-9.6,-0.1,-10.5,-14.2,-11.5
SYNA,BOTTOM,2019-09-09,39.06,63.9,53.6,106.1,58.0,63.3,93.0,-3.8
SYNA,BREAKOUT,2019-10-28,45.04,48.1,40.0,70.2,42.5,46.7,61.5,0.0
SYNA,BOTTOM,2025-03-03,67.16,-6.8,4.1,7.2,-11.2,-9.0,-10.9,-28.8
SYNA,BOTTOM,2025-10-20,71.2,20.2,31.8,,18.2,25.8,,-11.3
SYNA,BREAKOUT,2026-01-12,91.02,-11.9,25.3,,-14.8,17.3,,-24.5
SYRE,BREAKOUT,2018-03-05,220.75,19.0,-1.0,-9.4,18.9,-5.0,-9.7,-10.9
SYRE,BREAKOUT,2020-06-01,231.25,-21.1,-11.4,-29.0,-28.8,-28.1,-63.4,-29.6
SYRE,BOTTOM,2020-09-14,197.0,13.5,0.1,-5.2,1.3,-18.6,-40.6,-11.8
SYRE,BOTTOM,2022-12-12,9.35,-16.6,-62.6,65.8,-18.7,-78.1,41.5,-65.8
SYRE,BOTTOM,2024-04-22,33.56,-6.2,3.7,-57.9,-13.7,-10.9,-67.6,-29.9
SYRE,BOTTOM,2024-12-16,23.86,-23.8,-37.1,40.0,-19.5,-38.2,23.5,-48.8
SYRE,BREAKOUT,2025-11-24,30.0,43.4,145.0,,42.7,133.7,,0.0
SYY,BREAKOUT,2022-02-21,77.33,-2.6,-3.0,-10.9,2.2,3.7,-3.0,-11.3
SYY,BREAKOUT,2024-01-29,76.06,-6.9,-4.6,-8.1,-10.7,-13.0,-31.4,-13.2
SYY,BREAKOUT,2025-07-21,78.08,-3.0,-3.8,,-9.6,-12.6,,-8.4
TAC,BREAKOUT,2019-02-25,5.38,9.4,7.1,25.5,10.8,1.8,17.8,-0.2
TAC,BREAKOUT,2020-01-20,6.65,-24.4,-14.3,22.3,-11.0,-12.9,3.7,-41.8
TAC,BOTTOM,2020-03-23,4.61,12.1,15.3,86.7,-6.8,-15.5,27.9,-1.8
TAC,BOTTOM,2023-02-27,8.03,17.4,14.2,-17.6,11.1,1.7,-46.4,-7.2
TAC,BREAKOUT,2025-09-29,14.42,-10.0,-6.5,,-12.4,-5.1,,-18.3
TAK,BREAKOUT,2021-03-15,18.55,-16.5,-13.4,-23.8,-23.3,-27.5,-39.4,-17.7
TAK,BREAKOUT,2022-12-19,14.55,5.3,2.4,-9.6,1.5,-11.5,-35.2,-1.0
TAK,BREAKOUT,2025-03-03,14.83,0.9,3.9,20.6,-3.5,-9.2,2.5,-6.4
TAL,BOTTOM,2022-07-11,4.0,-2.7,116.0,58.2,4.0,111.6,39.7,-2.7
TAL,BREAKOUT,2022-08-22,5.99,-11.7,18.0,12.0,-11.4,19.4,1.7,-35.1
TAL,BREAKOUT,2023-09-25,9.11,38.6,24.6,18.6,27.0,1.3,-16.9,-2.2
TAL,BOTTOM,2025-08-25,10.62,3.6,-0.8,,-2.7,-7.8,,-5.3
TAL,BOTTOM,2025-12-01,11.36,-6.3,-15.8,,-4.7,-24.0,,-15.8
TALK,BOTTOM,2023-03-20,0.72,70.4,175.1,398.6,60.5,165.6,365.0,-2.9
TALK,BREAKOUT,2025-02-03,3.85,-21.6,-35.1,0.8,-15.8,-41.8,-15.5,-40.0
TALK,BOTTOM,2025-03-24,2.63,5.3,5.7,95.8,-5.7,-14.1,80.4,-12.2
TALO,BREAKOUT,2019-12-23,29.7,-78.5,-70.3,-72.4,-57.4,-64.2,-88.8,-79.8
TALO,BOTTOM,2021-04-19,11.11,-1.7,13.7,62.2,-7.6,4.2,58.6,-19.1
TALO,BREAKOUT,2021-05-31,16.12,-21.0,-38.6,46.3,-28.6,-46.6,47.9,-44.2
TALO,BREAKOUT,2022-02-28,18.09,30.4,16.2,-7.8,35.1,24.8,-2.9,-24.9
TALO,BOTTOM,2022-08-15,19.76,1.6,-11.1,-13.8,7.4,-8.4,-18.9,-20.6
TALO,BOTTOM,2024-01-08,13.51,4.1,-11.3,-21.2,-3.4,-29.5,-44.6,-24.2
TALO,BOTTOM,2025-10-27,9.81,21.5,58.6,,19.8,52.4,,0.0
TALO,BREAKOUT,2025-11-24,11.46,6.9,28.0,,6.2,16.7,,-5.4
TAP,BOTTOM,2019-03-18,48.55,-6.1,-3.6,-35.2,-11.9,-11.4,-18.8,-15.1
TAP,BOTTOM,2020-06-15,32.38,-9.8,19.7,42.6,-17.3,-0.9,6.2,-14.1
TAP,BREAKOUT,2023-04-24,53.31,19.4,-3.3,8.0,9.1,-2.8,-15.9,-3.3
TARS,BOTTOM,2022-10-03,16.67,-10.3,-24.6,5.4,-17.7,-38.3,-14.9,-28.5
TARS,BREAKOUT,2023-07-17,24.62,-46.8,-4.6,9.8,-40.2,-12.1,-13.3,-47.3
TARS,BREAKOUT,2024-01-22,25.8,24.2,-3.1,89.1,19.6,-15.5,62.7,-3.1
TARS,BREAKOUT,2025-08-18,57.25,39.1,16.3,,36.7,8.9,,-13.8
TATT,BOTTOM,2020-01-20,5.19,-23.9,-27.2,12.9,-10.5,-25.8,-5.7,-39.5
TATT,BREAKOUT,2020-09-21,5.82,-24.6,-6.2,-0.9,-37.3,-27.6,-37.8,-29.2
TATT,BOTTOM,2020-10-26,4.12,35.4,20.9,51.9,21.6,-7.9,9.3,0.0
TATT,BREAKOUT,2023-06-05,7.11,17.4,39.1,105.8,13.4,31.3,79.8,0.0
TBBK,BREAKOUT,2017-09-18,8.16,22.4,29.8,19.6,14.6,25.4,0.4,0.0
TBBK,BOTTOM,2019-06-03,8.84,4.1,30.9,23.6,-0.0,20.4,10.4,0.0
TBBK,BREAKOUT,2019-10-21,11.02,7.0,-45.9,-13.2,-2.6,-40.8,-30.0,-63.8
TBLA,BOTTOM,2023-06-05,2.96,19.9,20.9,24.3,15.9,13.1,-1.7,0.0
TBLA,BOTTOM,2025-01-13,3.58,-22.3,-1.1,16.8,-10.7,-6.8,-0.3,-25.7
TBLA,BREAKOUT,2025-11-24,4.08,-22.3,19.6,,-23.0,8.3,,-26.5
TBN,BREAKOUT,2025-12-29,27.88,56.9,10.9,,60.6,1.3,,-6.1
TBPH,BOTTOM,2018-11-05,25.81,0.6,-15.2,-31.8,2.6,-20.0,-45.2,-15.2
TBPH,BREAKOUT,2020-01-27,27.88,-4.1,-30.3,-33.1,7.5,-32.9,-50.3,-30.3
TBPH,BOTTOM,2020-03-09,24.84,1.7,-32.1,-16.9,-12.0,-57.4,-66.0,-32.8
TBPH,BOTTOM,2021-05-24,17.28,-52.4,-53.6,-46.5,-59.9,-63.6,-46.7,-59.4
TCBI,BOTTOM,2019-06-10,60.21,-4.9,0.7,-46.1,-9.5,-10.1,-53.4,-13.6
TCBI,BOTTOM,2020-09-14,31.74,83.6,178.3,77.5,71.4,159.6,42.2,-6.3
TCBI,BOTTOM,2022-03-14,61.91,-17.2,0.5,-13.0,0.2,13.1,-2.2,-18.2
TCBI,BREAKOUT,2024-07-15,65.87,19.7,22.3,36.0,12.9,12.8,20.2,-8.9
TCBI,BREAKOUT,2025-07-14,89.55,-12.1,9.2,17.3,-18.2,-1.6,-2.4,-12.1
TCBK,BREAKOUT,2019-12-16,34.25,-36.6,-31.4,-11.4,-8.3,-28.6,-28.6,-40.3
TCBK,BREAKOUT,2021-01-04,33.61,22.1,7.0,17.1,13.8,-7.9,-6.8,-5.1
TCBK,BREAKOUT,2022-06-27,41.22,-3.6,10.8,-26.8,2.4,9.6,-45.0,-3.6
TCBK,BOTTOM,2023-11-27,33.93,-9.9,4.7,35.1,-22.1,-11.0,2.1,-10.3
TCBK,BREAKOUT,2024-07-15,41.96,1.4,-2.3,-2.4,-5.4,-11.8,-18.2,-7.0
TCBK,BREAKOUT,2025-11-24,47.05,0.1,7.2,,-0.6,-4.1,,-2.8
TCMD,BREAKOUT,2018-04-30,36.02,41.1,84.2,48.2,34.1,81.0,35.5,0.0
TCMD,BOTTOM,2019-05-20,49.56,-2.3,22.8,-0.9,-3.6,11.8,-7.5,-13.8
TCMD,BOTTOM,2019-09-09,52.72,27.8,-24.4,-35.5,21.9,-14.7,-48.7,-24.4
TCMD,BOTTOM,2020-12-28,44.94,18.9,13.9,-57.7,11.4,-2.8,-86.4,0.0
TCMD,BREAKOUT,2023-04-17,18.57,22.6,-39.8,-22.5,12.5,-42.8,-44.3,-40.0
TCMD,BOTTOM,2023-08-14,17.78,-35.3,-17.5,-27.0,-39.0,-32.8,-55.7,-39.8
TCMD,BREAKOUT,2024-11-18,17.85,-15.7,-47.2,44.0,-16.8,-45.1,32.0,-47.2
TCMD,BREAKOUT,2025-11-03,24.86,12.3,3.2,,9.0,-7.4,,-7.9
TCOM,BOTTOM,2018-04-23,40.43,3.7,-23.4,6.5,-2.4,-23.9,-5.7,-23.4
TCOM,BOTTOM,2020-06-15,25.87,13.2,33.1,41.8,5.6,12.5,5.4,0.0
TCOM,BOTTOM,2022-09-26,27.18,26.0,37.9,28.0,18.4,22.4,6.5,-16.4
TCOM,BREAKOUT,2022-11-28,32.1,20.0,6.7,5.8,20.2,0.6,-8.8,-2.4
TCOM,BREAKOUT,2024-02-12,41.05,37.8,3.6,67.9,31.4,-8.0,44.3,-4.7
TCOM,BREAKOUT,2025-08-25,73.75,-5.2,-28.7,,-11.4,-35.6,,-28.7
TCOM,BOTTOM,2026-02-16,54.57,-15.0,,,-23.5,,,-25.1
TD,BOTTOM,2020-09-28,37.0,21.7,43.3,50.2,9.2,22.4,18.3,-4.6
TDAY,BREAKOUT,2017-11-06,12.31,-0.4,8.8,-1.8,-2.2,2.1,-11.4,-0.4
TDAY,BOTTOM,2022-03-21,4.61,-32.3,-58.4,-60.3,-18.9,-40.3,-49.2,-58.4
TDAY,BOTTOM,2023-03-27,1.87,20.3,31.0,30.5,11.6,25.8,0.9,-9.1
TDAY,BREAKOUT,2024-05-13,3.72,26.6,32.8,-3.2,21.6,21.5,-16.9,-0.3
TDAY,BOTTOM,2025-10-20,3.77,56.0,93.4,,53.9,87.4,,0.0
TDAY,BREAKOUT,2025-12-01,5.51,15.4,47.9,,17.1,39.7,,-5.4
TDC,BREAKOUT,2019-01-14,43.98,2.3,-20.1,-40.0,-7.0,-32.6,-67.0,-21.9
TDG,BREAKOUT,2025-04-28,1356.97,9.3,-3.6,-14.9,-0.7,-24.6,-43.5,-6.7
TDOC,BREAKOUT,2018-01-01,37.5,4.4,68.9,31.8,9.0,67.3,37.8,-12.9
TDOC,BOTTOM,2019-09-02,62.32,28.4,118.1,218.2,22.3,117.3,200.9,0.0
TDOC,BREAKOUT,2019-10-28,78.36,29.8,116.2,150.7,24.2,122.8,142.0,-2.6
TDOC,BOTTOM,2023-08-28,22.87,-17.1,-34.4,-68.6,-19.2,-48.9,-95.3,-36.6
TDOC,BOTTOM,2025-03-17,8.41,-18.0,-5.5,-36.4,-23.6,-23.8,-52.7,-19.0
TDOC,BOTTOM,2025-07-28,6.94,24.4,-21.5,,14.3,-33.4,,-21.5
TDOC,BOTTOM,2025-11-03,7.53,-33.5,-3.7,,-36.7,-14.3,,-38.2
TDS,BREAKOUT,2018-08-06,23.67,18.5,17.9,-13.2,19.9,21.4,-18.2,-2.1
TDS,BOTTOM,2020-09-14,16.94,-9.1,14.4,1.3,-21.2,-4.3,-34.1,-15.9
TDS,BOTTOM,2021-02-22,15.12,44.9,13.3,0.3,34.1,-5.9,-16.3,0.0
TDS,BREAKOUT,2023-08-07,16.67,4.0,8.8,20.5,4.8,-4.6,-0.8,-4.1
TDS,BOTTOM,2023-11-06,17.34,4.5,14.9,83.1,-9.7,-4.2,45.5,-20.9
TDUP,BOTTOM,2023-06-12,2.51,27.5,-8.4,-28.3,26.2,-16.0,-53.1,-20.7
TDUP,BREAKOUT,2023-07-24,3.54,-20.9,-35.9,-41.0,-11.1,-43.4,-61.8,-43.8
TDUP,BOTTOM,2024-09-02,0.75,132.3,215.1,1448.7,119.5,207.8,1427.5,-26.2
TDW,BREAKOUT,2018-04-09,32.51,-5.9,3.4,-24.6,-11.8,-1.6,-36.1,-13.2
TDW,BOTTOM,2018-06-11,28.21,10.3,-22.3,-25.0,5.3,-16.7,-30.9,-22.3
TDW,BOTTOM,2020-12-28,8.64,50.5,43.4,24.0,43.0,26.6,-4.8,0.0
TDW,BREAKOUT,2022-01-24,15.51,28.7,42.0,178.9,35.2,48.1,185.6,-9.7
TDY,BREAKOUT,2019-04-08,251.79,10.4,27.9,30.2,6.3,24.8,32.4,-6.4
TDY,BREAKOUT,2022-03-21,471.58,-19.8,-25.5,-9.9,-6.4,-7.5,1.2,-25.7
TDY,BREAKOUT,2024-10-07,454.08,0.5,2.4,25.0,0.0,9.6,10.9,-3.9
TE,BOTTOM,2022-01-10,9.34,17.9,-15.2,14.8,23.4,1.3,27.6,-25.8
TE,BREAKOUT,2022-09-05,12.94,-15.1,-42.3,-52.2,-12.3,-38.1,-63.5,-42.3
TE,BOTTOM,2024-05-13,2.01,-39.3,4.5,-41.3,-44.3,-6.9,-55.0,-51.2
TE,BREAKOUT,2024-12-23,3.03,-57.1,-58.7,124.4,-50.8,-62.7,107.0,-66.0
TE,BOTTOM,2025-01-20,1.99,-36.7,-28.6,327.1,-27.5,-34.1,312.4,-48.2
TE,BOTTOM,2025-09-01,1.98,194.4,239.4,,188.2,234.9,,-6.1
TE,BREAKOUT,2025-10-06,3.64,90.7,28.8,,84.1,24.2,,-25.3
TEAM,BOTTOM,2023-07-10,178.97,5.2,32.4,1.4,8.8,25.5,-25.0,-2.7
TEAM,BREAKOUT,2024-11-18,260.58,9.8,-20.6,-43.9,8.7,-18.5,-55.9,-28.0
TECH,BREAKOUT,2019-04-29,49.68,0.4,2.7,11.4,0.4,-2.4,13.3,-8.4
TECH,BOTTOM,2024-04-08,65.93,16.0,10.2,-23.7,6.0,-4.0,-29.5,-6.9
TECH,BOTTOM,2025-09-08,51.03,14.3,-0.5,,10.3,-1.9,,-0.5
TECK,BREAKOUT,2020-11-30,17.5,13.6,31.8,37.8,9.5,16.7,13.5,-6.7
TECK,BREAKOUT,2023-02-13,42.17,-2.6,-10.1,-10.6,-5.8,-18.1,-35.1,-21.5
TECK,BREAKOUT,2024-04-01,45.64,8.1,12.2,-34.9,0.8,1.0,-33.6,-6.8
TECK,BREAKOUT,2025-12-01,44.93,12.1,37.1,,13.8,28.9,,-4.2
TECX,BOTTOM,2020-03-16,163.8,62.2,17.2,-8.3,26.7,-28.5,-81.2,-3.7
TECX,BOTTOM,2022-09-19,8.16,11.8,44.1,123.5,7.2,35.7,104.7,-14.7
TECX,BOTTOM,2023-01-30,11.16,-24.7,62.4,37.6,-25.2,53.2,15.9,-31.2
TECX,BREAKOUT,2023-02-06,20.4,-62.4,-8.2,-22.4,-63.6,-18.3,-47.1,-62.4
TECX,BOTTOM,2024-07-01,15.75,109.7,208.1,35.5,106.0,200.6,21.3,0.0
TECX,BOTTOM,2025-03-03,23.18,-0.5,-27.5,54.7,-4.9,-40.6,36.6,-32.6
TECX,BOTTOM,2025-09-29,15.24,37.2,100.3,,34.8,101.7,,0.0
TECX,BREAKOUT,2026-03-02,35.87,-19.2,,,-29.1,,,-22.2
TEM,BREAKOUT,2025-09-29,91.66,-32.0,-48.3,,-34.4,-46.9,,-53.5
TEM,BOTTOM,2025-11-10,68.48,-24.1,-35.8,,-25.9,-46.5,,-37.8
TEN,BOTTOM,2018-06-18,14.45,-9.6,-26.7,-16.4,-16.4,-15.2,-25.5,-26.7
TEN,BOTTOM,2019-05-20,12.24,-6.4,13.1,-13.6,-7.6,2.1,-20.2,-9.9
TEN,BREAKOUT,2019-10-07,14.75,15.7,-24.0,-55.0,5.2,-18.9,-74.3,-53.1
TEN,BOTTOM,2020-06-15,9.47,-23.7,-21.9,-28.2,-31.3,-42.5,-64.6,-37.2
TEN,BOTTOM,2020-12-14,7.39,19.0,-8.0,-16.4,13.1,-21.1,-42.6,-9.8
TEN,BOTTOM,2021-04-26,7.68,-13.0,1.2,31.9,-18.4,-9.5,31.9,-21.7
TEN,BREAKOUT,2021-09-27,9.76,-37.6,-20.4,33.0,-47.4,-25.4,49.5,-38.2
TEN,BOTTOM,2022-01-03,6.87,30.6,13.2,96.2,34.3,29.2,111.5,-11.5
TEN,BREAKOUT,2022-04-11,10.22,-20.0,46.5,53.6,-8.4,64.1,57.8,-27.2
TEN,BOTTOM,2023-06-05,14.98,16.0,16.8,84.9,11.9,9.0,58.9,0.0
TEN,BREAKOUT,2023-12-18,21.63,7.3,18.4,-27.5,-3.0,2.7,-54.0,-7.3
TENB,BOTTOM,2020-01-20,27.0,-10.3,11.0,98.8,3.2,12.4,80.1,-32.3
TENB,BREAKOUT,2021-11-01,55.7,-9.1,-13.0,-35.9,-5.2,-1.4,-17.4,-18.4
TENB,BOTTOM,2023-02-06,44.7,-15.6,1.7,16.1,-16.8,-8.3,-8.6,-19.3
TENB,BREAKOUT,2026-06-29,38.6,,,,,,,0.0
TENX,BOTTOM,2018-06-25,10096.0,-16.6,-81.1,-78.1,-24.3,-73.4,-88.3,-81.1
TENX,BOTTOM,2021-05-10,3296.0,-23.8,-29.6,-72.4,-31.2,-42.5,-70.1,-34.5
TENX,BOTTOM,2024-11-25,5.36,11.4,12.9,75.9,12.4,14.4,61.1,-0.7
TEO,BOTTOM,2020-04-13,5.9,19.0,-6.3,-33.2,6.3,-28.5,-81.1,-13.8
TEO,BREAKOUT,2022-03-21,4.98,-14.1,-23.1,-16.0,-0.6,-5.0,-4.9,-27.2
TEO,BOTTOM,2022-05-16,4.44,-6.3,-15.0,5.7,-15.1,-17.5,-3.5,-19.0
TEO,BREAKOUT,2023-01-23,6.01,-20.8,4.8,29.4,-23.8,-8.7,7.5,-33.0
TEO,BOTTOM,2023-02-27,4.73,7.8,18.0,52.2,1.5,5.5,23.4,-14.8
TER,BREAKOUT,2021-11-01,141.55,-20.9,-26.4,-41.0,-17.0,-14.8,-22.6,-26.8
TER,BOTTOM,2022-04-18,107.35,-7.9,-29.1,-9.9,-1.0,-17.7,-8.3,-34.5
TER,BOTTOM,2023-03-06,100.02,3.8,-1.4,5.2,-8.0,-17.7,-29.4,-10.2
TER,BREAKOUT,2024-04-29,119.47,-2.5,-11.4,-36.7,-7.1,-23.8,-49.0,-11.4
TER,BREAKOUT,2025-09-29,145.41,42.6,112.8,,40.2,114.3,,-9.3
TEVA,BOTTOM,2018-03-12,18.37,29.3,24.4,-10.1,27.8,17.8,-14.7,-8.1
TEVA,BOTTOM,2020-02-17,13.19,-9.3,-25.0,-16.3,1.6,-27.9,-35.4,-44.9
TEVA,BOTTOM,2022-10-31,8.47,27.0,3.5,6.1,17.0,-7.0,-11.2,-2.1
TEVA,BREAKOUT,2025-11-03,23.97,44.7,49.1,,41.5,38.5,,0.0
TEX,BREAKOUT,2025-10-20,55.88,6.1,11.7,,4.0,5.7,,-22.9
TFC,BOTTOM,2020-12-14,35.57,28.6,16.9,28.4,22.8,3.8,2.2,0.0
TFC,BREAKOUT,2021-02-08,42.21,15.0,7.9,21.4,8.6,-6.4,7.7,-1.5
TFC,BOTTOM,2023-02-27,38.89,-29.3,-30.8,-18.4,-35.6,-43.2,-47.3,-39.8
TFC,BREAKOUT,2025-08-25,45.34,0.5,7.6,,-5.8,0.7,,-9.6
TFII,BREAKOUT,2018-01-01,23.65,-3.4,15.8,-2.1,1.2,14.3,3.9,-12.4
TFII,BOTTOM,2025-10-06,85.86,28.2,42.1,,21.6,37.5,,-1.0
TFIN,BOTTOM,2019-08-26,29.99,19.6,12.9,-2.2,11.6,10.7,-24.4,-0.9
TFIN,BOTTOM,2020-09-14,28.8,75.4,186.6,192.3,63.3,168.0,157.0,0.0
TFIN,BREAKOUT,2020-10-12,42.41,38.8,127.5,153.5,30.2,106.4,123.3,-2.0
TFIN,BOTTOM,2025-09-15,56.5,9.9,-0.5,,7.0,1.2,,-16.9
TFSL,BREAKOUT,2018-05-28,8.88,-2.8,4.1,13.2,-9.4,2.5,10.7,-7.2
TFSL,BREAKOUT,2021-03-01,13.73,8.2,-3.7,-13.6,-2.3,-22.5,-27.8,-5.9
TFSL,BREAKOUT,2023-07-31,11.56,-12.6,-6.5,-4.9,-10.2,-18.0,-25.9,-24.0
TFSL,BREAKOUT,2024-11-11,12.35,-2.7,-1.6,4.5,-7.2,-3.7,-11.6,-14.3
TFX,BREAKOUT,2019-02-11,273.07,3.8,29.8,35.8,0.3,24.7,11.8,-3.0
TFX,BOTTOM,2022-05-09,269.74,-7.6,-21.1,-9.9,-14.4,-21.1,-14.0,-30.2
TFX,BOTTOM,2025-11-24,113.8,6.7,13.0,,6.0,1.7,,-10.0
TFX,BREAKOUT,2026-04-20,136.21,,,,,,,-10.8
TGB,BOTTOM,2019-07-01,0.52,-23.1,0.0,-3.8,-22.2,-9.1,-10.5,-23.1
TGB,BREAKOUT,2020-07-20,0.77,48.1,67.5,124.7,39.9,47.2,85.5,-15.6
TGB,BOTTOM,2022-10-10,1.08,70.4,62.0,7.4,58.4,45.7,-15.1,0.0
TGB,BOTTOM,2023-02-20,1.59,-22.0,-15.1,-5.7,-28.4,-26.9,-35.7,-22.0
TGB,BOTTOM,2023-10-16,1.11,20.7,121.6,115.3,5.7,103.2,74.6,-0.9
TGB,BREAKOUT,2024-03-11,1.91,21.5,9.4,22.0,15.0,-1.2,10.5,-1.0
TGB,BREAKOUT,2025-06-02,3.06,8.8,73.2,117.3,0.5,58.1,92.8,-8.5
TGB,BOTTOM,2026-04-20,7.2,,,,,,,-10.4
TGLS,BOTTOM,2018-02-19,7.37,3.4,10.0,1.6,3.9,4.4,-2.0,-4.3
TGLS,BOTTOM,2023-08-21,33.08,4.6,34.9,83.7,0.7,18.6,54.2,-4.2
TGLS,BREAKOUT,2024-04-01,53.06,-5.3,29.6,21.0,-12.6,18.4,22.3,-20.9
TGS,BOTTOM,2018-11-26,13.86,-7.1,-5.5,-56.5,-9.4,-6.4,-72.8,-28.3
TGS,BOTTOM,2019-03-11,13.15,12.5,-41.2,-63.6,9.7,-48.8,-60.8,-43.0
TGS,BREAKOUT,2019-07-08,16.24,-48.5,-56.7,-64.8,-47.5,-66.1,-72.5,-62.9
TGS,BOTTOM,2020-10-26,4.82,4.1,-5.8,10.2,-9.7,-34.6,-32.5,-8.7
TGT,BREAKOUT,2018-01-08,60.26,-6.1,2.9,-6.3,-1.9,1.5,-1.3,-10.9
TGT,BREAKOUT,2020-08-03,111.44,23.2,44.7,100.6,18.1,27.8,66.3,0.0
TGT,BOTTOM,2023-04-24,140.26,-13.8,-31.0,7.9,-24.1,-30.4,-16.0,-32.4
TGT,BREAKOUT,2024-03-04,155.96,-13.4,-9.5,-30.1,-18.1,-15.8,-44.1,-19.6
TGTX,BREAKOUT,2018-02-19,14.05,-2.8,-11.0,-66.0,-2.3,-16.6,-69.6,-21.7
TGTX,BOTTOM,2018-06-11,13.7,-21.5,-65.3,-47.0,-26.5,-59.7,-52.9,-65.3
TGTX,BOTTOM,2019-08-05,7.19,13.6,112.0,192.1,7.2,97.0,175.1,-27.7
TGTX,BOTTOM,2022-12-19,8.12,81.0,190.6,109.4,77.3,176.7,83.8,0.0
TGTX,BREAKOUT,2026-05-04,42.86,,,,,,,-11.5
TH,BOTTOM,2021-03-22,2.33,78.5,68.7,145.9,70.5,55.8,130.1,-6.9
TH,BREAKOUT,2021-04-05,3.12,17.1,26.4,69.6,10.9,19.3,59.4,-11.4
TH,BOTTOM,2021-12-13,3.29,73.3,85.1,398.8,76.3,105.0,414.1,-9.4
TH,BOTTOM,2024-09-09,9.81,-11.6,-41.9,-10.0,-19.5,-42.7,-28.4,-42.8
TH,BOTTOM,2025-09-22,8.88,-4.5,8.2,,-9.1,11.9,,-29.2
TH,BREAKOUT,2026-03-09,9.31,97.6,,,85.3,,,-3.0
THC,BREAKOUT,2018-02-26,21.93,60.6,53.8,34.0,58.6,45.0,27.8,0.0
THC,BOTTOM,2019-10-14,23.81,56.0,-5.9,21.6,44.0,-3.1,2.8,-50.1
THC,BOTTOM,2020-09-14,28.23,42.6,91.9,158.2,30.5,73.2,122.9,-18.9
THC,BREAKOUT,2020-12-07,41.04,34.7,67.6,84.8,26.7,50.9,54.5,-2.7
THC,BREAKOUT,2025-05-26,168.77,9.2,28.5,3.9,-0.5,11.9,-25.9,-9.3
THFF,BREAKOUT,2022-01-03,39.26,-8.8,-2.0,2.5,-5.2,14.0,17.9,-8.8
THFF,BOTTOM,2023-11-20,34.2,-1.2,-0.1,36.4,-13.2,-17.2,3.9,-4.2
THFF,BREAKOUT,2024-07-15,40.33,2.0,9.1,34.3,-4.8,-0.5,18.6,-6.8
THG,BOTTOM,2020-06-15,89.08,-7.8,15.7,29.7,-15.4,-4.9,-6.8,-11.0
THO,BOTTOM,2019-05-20,48.64,-23.6,14.2,48.6,-24.8,3.2,42.0,-23.6
THO,BREAKOUT,2019-12-16,64.63,-51.4,54.6,31.6,-23.1,57.4,14.3,-51.4
THO,BOTTOM,2022-10-31,71.09,33.6,7.8,29.5,23.5,-2.8,12.2,-1.5
THO,BOTTOM,2023-03-06,77.2,12.9,20.6,28.8,1.1,4.3,-5.8,-8.7
THRM,BREAKOUT,2018-07-02,40.8,5.7,-1.9,-0.4,0.7,5.5,-10.9,-5.0
THRM,BREAKOUT,2019-12-02,44.29,-7.8,0.5,38.4,-2.7,-2.0,18.7,-36.1
THRM,BREAKOUT,2020-11-02,48.97,37.8,49.8,70.5,26.6,28.3,34.8,0.0
THRM,BOTTOM,2023-01-23,72.0,-17.2,-19.9,-32.4,-20.1,-33.4,-54.4,-23.5
THRM,BOTTOM,2024-06-24,49.32,-2.7,-20.9,-42.0,-8.0,-30.9,-56.4,-21.7
TIGO,BOTTOM,2020-08-31,24.26,38.5,34.9,31.0,30.1,22.0,-3.2,-2.2
TIGO,BOTTOM,2023-03-20,14.61,-6.6,-8.9,10.2,-16.5,-18.5,-23.4,-12.7
TIGO,BREAKOUT,2024-03-25,16.94,21.4,37.2,55.5,17.0,27.3,47.9,-0.7
TILE,BOTTOM,2023-03-06,8.31,-2.6,13.0,84.9,-14.4,-3.3,50.3,-17.6
TILE,BREAKOUT,2023-12-11,12.23,23.0,19.0,112.7,14.0,3.0,82.8,-4.3
TIMB,BREAKOUT,2019-12-02,12.48,2.9,-14.9,-17.6,7.9,-17.4,-37.4,-38.7
TIMB,BREAKOUT,2022-02-07,10.25,0.6,-3.2,-14.4,9.1,-0.9,-8.5,-9.8
TIMB,BREAKOUT,2023-05-08,11.91,7.6,26.9,22.4,-1.1,19.0,-6.0,-1.3
TJX,BREAKOUT,2019-07-08,51.7,3.8,10.9,-8.8,4.8,1.5,-16.6,-9.0
TJX,BOTTOM,2020-06-15,48.58,6.4,28.6,21.3,-1.1,8.0,-15.2,-5.9
TJX,BOTTOM,2020-09-21,49.08,25.9,24.7,35.2,13.2,3.3,-1.8,-4.5
TJX,BREAKOUT,2020-11-30,61.49,-5.5,-0.8,7.7,-9.7,-15.9,-16.7,-5.5
TJX,BREAKOUT,2022-11-14,74.52,2.5,2.3,15.4,-0.8,-4.3,-0.2,-4.6
TK,BOTTOM,2021-04-26,2.28,-7.1,9.9,0.6,-12.6,-0.8,0.6,-14.9
TK,BREAKOUT,2022-10-17,2.72,20.8,49.9,72.7,14.5,38.8,58.4,0.0
TKC,BOTTOM,2019-03-25,4.06,2.2,7.3,-7.3,-2.0,1.7,1.1,-13.4
TKC,BREAKOUT,2022-11-07,3.91,1.8,-2.1,7.8,-1.0,-6.2,-4.5,-7.6
TKC,BREAKOUT,2023-08-21,4.86,-7.2,1.3,30.6,-11.1,-15.0,1.0,-20.4
TKO,BREAKOUT,2024-07-01,108.54,14.8,28.5,60.7,11.1,21.1,46.6,-5.8
TKR,BREAKOUT,2019-04-29,45.72,-16.2,0.0,-29.5,-16.2,-5.1,-27.6,-24.6
TKR,BREAKOUT,2020-10-05,55.0,39.9,35.7,14.2,29.5,16.2,-13.8,-1.4
TKR,BREAKOUT,2024-05-06,88.41,-11.5,-15.6,-23.9,-14.2,-31.1,-33.7,-15.6
TKR,BREAKOUT,2025-12-01,82.68,20.2,59.5,,21.8,51.3,,0.0
TLK,BOTTOM,2024-10-28,14.99,-8.4,-8.4,20.6,-14.1,-8.3,-0.2,-20.6
TLK,BREAKOUT,2025-08-11,18.52,4.5,4.2,,-0.2,-2.4,,-10.5
TM,BREAKOUT,2020-11-09,124.79,13.3,11.8,33.8,3.2,-5.4,1.5,-2.4
TM,BOTTOM,2023-02-27,129.83,6.3,25.6,81.1,0.0,13.2,52.3,-4.5
TM,BREAKOUT,2023-06-12,155.37,15.1,11.1,22.7,13.9,3.5,-2.2,-6.7
TM,BOTTOM,2024-11-25,167.34,6.4,13.9,20.6,7.4,15.4,5.8,-5.2
TM,BREAKOUT,2025-08-18,201.37,-1.9,19.0,,-4.3,11.5,,-8.0
TMDX,BREAKOUT,2021-01-18,23.77,21.1,24.5,-38.5,11.9,8.9,-54.4,-6.4
TMDX,BOTTOM,2021-06-14,29.78,6.4,-30.6,-12.0,-0.3,-42.2,-1.4,-30.6
TME,BREAKOUT,2020-07-06,16.29,-15.0,23.2,-24.6,-24.7,2.1,-63.8,-16.6
TME,BOTTOM,2020-09-21,13.82,30.4,38.6,-51.2,17.7,17.3,-88.1,-1.7
TME,BOTTOM,2022-09-26,3.87,103.9,103.9,57.1,96.4,88.4,35.6,-9.6
TME,BREAKOUT,2022-11-28,7.05,9.9,1.6,13.9,10.1,-4.4,-0.7,-1.6
TME,BOTTOM,2023-04-24,7.06,-3.8,-3.8,73.8,-14.0,-3.2,49.9,-17.8
TME,BREAKOUT,2025-05-12,16.19,53.7,13.9,-47.7,45.1,0.2,-73.5,0.0
TMHC,BOTTOM,2019-01-28,18.95,8.8,20.4,36.6,-0.5,11.0,15.2,-13.2
TMHC,BREAKOUT,2019-07-08,21.57,18.7,8.6,-0.3,19.7,-0.8,-8.1,0.0
TMHC,BREAKOUT,2021-01-18,30.36,4.0,-16.7,-2.5,-5.2,-32.3,-18.4,-23.2
TMHC,BREAKOUT,2023-01-09,33.15,14.7,55.1,56.3,10.8,41.5,34.9,-0.9
TMO,BREAKOUT,2021-07-19,524.87,15.0,9.1,5.7,11.7,8.9,14.6,0.0
TMO,BREAKOUT,2024-03-04,592.71,-2.7,2.4,-10.8,-7.4,-3.8,-24.8,-10.5
TMO,BREAKOUT,2026-01-05,617.63,-19.8,-14.7,,-17.9,-24.0,,-29.1
TMP,BREAKOUT,2018-06-04,67.05,0.6,-12.3,-6.6,-3.2,-7.9,-12.0,-16.6
TMP,BREAKOUT,2021-03-01,71.64,-4.0,-7.2,-6.4,-14.6,-26.1,-20.6,-12.1
TMP,BOTTOM,2024-03-04,46.04,-9.9,16.4,36.2,-14.6,10.1,22.2,-11.7
TMP,BREAKOUT,2024-07-22,59.27,-3.7,7.2,4.6,-10.4,-5.2,-13.9,-13.0
TMUS,BREAKOUT,2020-02-03,81.71,15.3,34.7,46.6,26.8,33.0,27.7,-12.7
TMUS,BREAKOUT,2022-08-08,140.06,-0.2,-1.9,-5.5,6.1,1.7,-11.6,-10.2
TNC,BREAKOUT,2018-05-14,68.86,-0.3,-21.4,-20.2,-5.8,-23.2,-27.6,-21.4
TNC,BOTTOM,2019-06-03,54.1,13.4,34.0,21.0,9.3,23.5,7.7,0.0
TNC,BOTTOM,2020-06-15,58.7,1.1,12.9,24.2,-6.4,-7.7,-12.2,-7.0
TNC,BOTTOM,2020-09-14,59.36,11.6,25.2,13.2,-0.5,6.6,-22.1,-8.1
TNC,BREAKOUT,2022-03-14,80.19,-33.7,-28.9,-22.7,-16.3,-16.3,-11.9,-33.7
TNDM,BREAKOUT,2018-05-14,12.83,164.1,161.0,423.2,158.5,159.2,415.8,0.0
TNDM,BOTTOM,2018-12-24,37.31,70.2,72.9,61.4,55.7,53.6,28.6,-7.0
TNDM,BREAKOUT,2020-01-27,76.04,5.5,37.4,21.8,17.1,34.8,4.7,-34.3
TNDM,BREAKOUT,2021-09-06,122.66,7.8,-14.0,-54.4,1.8,-8.9,-46.9,-14.8
TNDM,BREAKOUT,2024-04-29,44.72,-6.8,-28.6,-52.0,-11.4,-41.0,-64.2,-29.9
TNDM,BOTTOM,2024-07-01,40.42,3.4,-8.9,-58.5,-0.3,-16.3,-72.6,-32.4
TNDM,BOTTOM,2026-01-19,19.9,2.3,,,-1.6,,,-35.6
TNET,BREAKOUT,2023-04-24,89.18,8.2,12.4,14.2,-2.0,12.9,-9.8,-3.2
TNGX,BOTTOM,2021-12-27,10.94,-31.5,-56.6,-33.7,-27.2,-37.4,-15.6,-57.7
TNGX,BREAKOUT,2023-09-11,8.51,25.0,6.1,23.4,18.7,-9.7,-4.7,-11.5
TNGX,BOTTOM,2024-09-30,6.98,-54.9,-81.8,11.2,-58.5,-70.6,-7.0,-81.8
TNK,BOTTOM,2018-01-01,9.08,-17.9,-8.7,-20.1,-13.2,-10.3,-14.2,-24.7
TNK,BREAKOUT,2019-05-13,9.39,-23.5,75.7,49.6,-25.1,65.6,47.4,-25.0
TNK,BOTTOM,2020-03-30,14.4,-25.0,-32.7,-14.7,-51.4,-68.3,-78.7,-36.4
TNK,BOTTOM,2021-04-19,11.49,-6.9,2.4,18.6,-12.8,-7.0,15.0,-20.0
TNK,BREAKOUT,2022-04-04,14.45,-1.5,66.3,131.7,11.3,84.6,138.7,-5.7
TNK,BREAKOUT,2023-10-23,43.8,24.3,21.1,7.1,5.2,-3.5,-35.8,-1.8
TNK,BOTTOM,2025-08-04,43.52,37.3,50.4,,31.7,41.4,,-0.1
TNL,BOTTOM,2019-04-01,31.56,9.7,8.3,-53.5,5.8,5.3,-41.3,-5.3
TNXP,BOTTOM,2017-12-11,224000000.0,1.1,26.0,-92.0,-2.2,21.1,-91.0,-21.1
TNXP,BREAKOUT,2021-02-08,1164800.0,-41.8,-62.6,-88.5,-48.2,-77.0,-102.1,-62.6
TNXP,BOTTOM,2025-12-29,16.55,-16.0,-25.4,,-12.3,-35.0,,-33.1
TOI,BREAKOUT,2023-11-06,2.47,-16.2,-62.3,-89.5,-30.4,-81.4,-127.1,-62.3
TOI,BOTTOM,2025-09-08,3.05,23.9,-6.9,,19.9,-8.2,,-17.7
TOI,BREAKOUT,2026-06-01,4.87,,,,,,,0.0
TOL,BREAKOUT,2021-11-29,64.94,-22.0,-26.2,-28.8,-17.6,-17.4,-19.9,-32.7
TOL,BOTTOM,2025-11-10,129.63,27.7,-2.8,,25.9,-13.4,,-2.8
TOST,BOTTOM,2022-11-28,17.99,4.5,17.1,-14.8,4.7,11.1,-29.4,-9.8
TOST,BOTTOM,2023-03-20,16.23,32.7,14.7,46.6,22.8,5.1,13.0,0.0
TOST,BOTTOM,2023-09-11,20.12,-16.3,17.0,30.2,-22.6,1.2,2.1,-29.9
TOST,BREAKOUT,2024-05-06,26.83,-11.9,39.7,52.2,-14.6,24.1,42.5,-17.9
TOWN,BREAKOUT,2021-02-08,22.2,23.3,17.4,19.7,16.9,3.0,6.0,0.0
TOWN,BOTTOM,2023-08-28,21.53,15.3,13.1,48.4,13.2,-1.4,21.7,-8.2
TOYO,BREAKOUT,2025-07-28,6.1,22.1,28.5,,12.1,16.6,,-22.8
TPB,BOTTOM,2023-03-06,20.25,8.8,13.2,33.2,-3.0,-3.1,-1.4,-1.3
TPC,BREAKOUT,2021-01-04,16.96,6.5,-22.4,-28.4,-1.8,-37.4,-52.3,-22.4
TPG,BOTTOM,2023-09-18,27.05,47.1,54.0,103.2,36.6,32.1,69.4,-10.5
TPG,BREAKOUT,2023-11-13,31.7,24.0,25.5,92.0,12.7,7.3,60.3,0.0
TPL,BREAKOUT,2019-04-08,90.25,-12.3,-32.3,-41.6,-16.4,-35.4,-39.5,-32.9
TPL,BREAKOUT,2021-01-04,83.46,100.0,89.3,58.7,91.7,74.3,34.8,0.0
TPL,BREAKOUT,2022-05-30,176.73,14.1,57.4,-16.7,18.1,57.4,-22.7,-12.0
TPL,BOTTOM,2023-10-02,190.39,-11.8,1.6,70.1,-21.2,-19.9,34.9,-18.5
TPL,BREAKOUT,2024-06-10,243.86,9.5,62.5,52.1,5.6,50.4,40.7,-2.1
TPL,BOTTOM,2024-12-30,400.14,-10.8,-10.9,-25.7,3.6,-17.2,-42.5,-12.6
TPL,BREAKOUT,2026-02-16,498.55,-19.5,,,-27.9,,,-28.8
TPL,BOTTOM,2026-05-11,384.58,,,,,,,-7.7
TPR,BREAKOUT,2018-02-05,39.23,-5.5,-0.9,-28.9,-10.3,-10.1,-34.3,-9.1
TPR,BOTTOM,2020-03-09,14.26,-10.8,-0.5,174.9,-24.4,-25.8,125.8,-31.7
TPR,BOTTOM,2020-06-15,11.89,28.3,113.3,204.3,20.7,92.7,167.8,-7.2
TPR,BOTTOM,2022-10-31,29.52,43.2,21.9,-11.0,33.2,11.3,-28.4,0.0
TPR,BREAKOUT,2023-01-02,37.64,-1.6,5.2,-5.8,-7.4,-8.7,-28.2,-4.4
TPR,BREAKOUT,2024-02-12,43.62,-7.1,-10.6,96.8,-13.5,-22.3,73.1,-15.6
TPR,BREAKOUT,2024-09-23,46.66,38.2,48.0,131.6,33.7,50.1,114.4,-5.8
TR,BREAKOUT,2021-01-25,31.3,-17.6,-10.0,-11.5,-30.7,-29.3,-32.5,-22.2
TR,BREAKOUT,2022-10-17,32.8,12.9,19.5,-18.9,6.6,8.4,-33.2,0.0
TREE,BOTTOM,2019-01-21,293.46,33.2,18.9,6.2,22.3,4.2,-19.8,0.0
TREE,BOTTOM,2025-02-17,41.27,-14.8,68.4,-5.6,-11.6,60.1,-21.9,-17.2
TREE,BREAKOUT,2025-08-11,63.52,-22.7,-37.4,,-27.4,-44.0,,-37.4
TREE,BOTTOM,2025-12-22,54.42,-23.3,-25.2,,-15.4,-31.4,,-34.3
TREX,BOTTOM,2019-01-28,35.13,-3.7,13.5,39.8,-13.0,4.1,18.4,-16.3
TREX,BREAKOUT,2023-06-26,65.56,-6.0,26.3,13.1,-2.8,18.2,-11.4,-17.2
TREX,BOTTOM,2025-01-13,71.63,-22.4,-13.7,-39.0,-10.7,-19.3,-56.1,-24.9
TREX,BOTTOM,2025-09-01,64.6,-46.6,-41.9,,-52.8,-46.4,,-51.9
TRGP,BREAKOUT,2023-02-27,73.65,-9.2,11.9,28.5,-15.4,-0.6,-0.3,-14.9
TRI,BREAKOUT,2020-10-05,73.81,-1.7,11.6,40.7,-12.0,-8.0,12.7,-5.5
TRI,BREAKOUT,2025-02-03,168.89,6.5,2.6,-49.4,12.2,-4.1,-65.7,-5.7
TRIN,BREAKOUT,2023-07-03,9.45,-2.1,11.4,12.9,-0.4,3.9,-15.3,-3.5
TRIP,BREAKOUT,2018-05-07,43.57,10.9,29.2,-3.1,6.7,26.5,-10.7,-7.4
TRIP,BOTTOM,2021-04-19,50.99,-28.9,-33.2,-49.5,-34.8,-42.7,-53.1,-35.9
TRIP,BOTTOM,2023-03-20,18.45,-11.7,-12.9,54.8,-21.5,-22.4,21.2,-18.7
TRIP,BREAKOUT,2024-02-12,26.75,-32.3,-48.4,-33.4,-38.7,-60.1,-57.0,-49.3
TRIP,BOTTOM,2024-06-10,18.12,-25.4,-24.0,-26.6,-29.3,-36.0,-38.0,-25.4
TRIP,BOTTOM,2025-03-17,14.89,-12.9,26.5,-37.2,-18.6,8.1,-53.5,-22.0
TRIP,BREAKOUT,2025-09-15,18.83,-26.3,-50.3,,-29.2,-48.6,,-50.9
TRLV,BOTTOM,2020-01-13,10.81,-15.4,32.9,300.6,-2.2,35.0,285.3,-39.4
TRLV,BREAKOUT,2020-07-06,14.59,46.7,175.1,162.2,37.0,154.1,123.0,-1.5
TRLV,BOTTOM,2021-12-06,25.33,-26.7,-44.7,-55.5,-16.3,-28.0,-40.4,-44.7
TRLV,BOTTOM,2023-11-27,5.55,87.2,76.2,8.7,75.0,60.5,-24.4,-8.6
TRLV,BREAKOUT,2024-10-21,13.34,-62.4,-66.5,-42.6,-67.8,-62.2,-61.0,-75.8
TRLV,BOTTOM,2025-09-29,8.51,2.2,-29.0,,-0.2,-27.6,,-38.6
TRMB,BREAKOUT,2019-06-24,45.11,-15.3,-7.0,-6.1,-16.6,-18.2,-10.5,-18.6
TRMB,BREAKOUT,2024-02-12,60.29,-5.3,-9.8,23.2,-11.6,-21.5,-0.4,-15.6
TRMB,BREAKOUT,2024-11-04,72.65,2.4,-6.2,8.6,1.6,-1.2,-4.9,-22.2
TRMD,BOTTOM,2019-11-11,4.06,-7.2,-11.9,-6.8,-16.0,-4.7,-23.8,-18.3
TRMD,BOTTOM,2020-11-30,3.91,10.1,22.3,-0.3,5.9,7.2,-24.6,-5.7
TRMD,BREAKOUT,2021-02-15,4.75,6.5,-12.7,-14.3,-0.2,-27.2,-27.1,-12.7
TRMD,BREAKOUT,2023-10-23,20.98,25.7,23.9,6.5,6.5,-0.8,-36.4,-6.6
TRMK,BOTTOM,2020-08-10,20.43,5.8,24.0,30.3,-0.9,6.5,-4.0,-13.5
TRMK,BREAKOUT,2022-10-24,32.49,-20.7,-33.3,-44.5,-25.4,-41.1,-51.7,-34.6
TRMK,BOTTOM,2023-08-28,21.96,3.1,14.1,45.3,0.9,-0.4,18.7,-17.8
TRN,BREAKOUT,2020-11-09,18.45,41.6,29.1,29.7,31.5,11.9,-2.6,-6.1
TRN,BOTTOM,2023-01-02,23.11,-12.2,-3.2,1.8,-18.0,-17.0,-20.6,-21.3
TRN,BREAKOUT,2026-02-09,34.47,-1.5,,,-10.2,,,-15.9
TRN,BOTTOM,2026-03-16,29.08,17.5,,,2.1,,,0.0
TRNO,BOTTOM,2023-03-06,53.84,-1.8,2.7,10.1,-13.6,-13.7,-24.5,-5.1
TRNS,BOTTOM,2022-12-12,67.48,26.5,31.5,50.6,24.4,16.0,26.3,0.0
TRNS,BREAKOUT,2024-05-06,116.95,-0.8,-5.8,-32.7,-3.5,-21.4,-42.4,-18.4
TROW,BOTTOM,2023-02-06,99.48,-9.4,-2.3,-5.4,-10.7,-12.4,-30.1,-10.7
TROX,BOTTOM,2019-07-01,10.08,-41.9,-15.9,-41.6,-41.0,-25.0,-48.3,-45.7
TROX,BREAKOUT,2020-11-02,9.46,57.8,103.6,120.9,46.6,82.2,85.3,-3.8
TROX,BOTTOM,2023-03-06,12.12,-12.2,-1.6,17.7,-24.0,-18.0,-16.9,-19.6
TRP,BREAKOUT,2019-02-18,30.94,11.0,10.8,34.0,9.3,7.8,12.3,0.0
TRS,BREAKOUT,2018-05-07,27.63,8.6,5.3,7.0,4.4,2.6,-0.6,-3.4
TRS,BREAKOUT,2019-10-28,32.15,-13.0,-29.9,-26.4,-18.7,-23.3,-35.1,-36.3
TRS,BOTTOM,2020-10-26,23.67,30.1,30.9,37.1,16.3,2.1,-5.5,0.0
TRS,BREAKOUT,2021-11-01,35.95,-10.3,-24.2,-32.3,-6.4,-12.6,-13.8,-24.2
TRS,BREAKOUT,2026-05-04,42.72,,,,,,,-11.0
TRST,BREAKOUT,2017-09-25,31.39,4.1,-3.7,-1.6,-2.7,-9.4,-19.5,-4.8
TRST,BOTTOM,2020-06-15,23.44,-4.2,11.7,17.8,-11.7,-8.9,-18.6,-13.9
TRST,BREAKOUT,2022-08-08,29.75,6.6,5.6,-11.1,12.9,9.3,-17.1,-10.2
TRST,BREAKOUT,2024-07-15,30.15,4.8,0.9,13.0,-2.0,-8.6,-2.8,-4.2
TRST,BREAKOUT,2025-08-18,36.63,10.6,23.1,,8.2,15.6,,-6.8
TRT,BOTTOM,2020-08-17,1.9,-5.3,38.7,8.9,-10.4,22.8,-23.6,-10.0
TRT,BOTTOM,2022-02-28,3.14,-20.2,-28.3,-27.2,-15.5,-19.7,-22.2,-33.2
TRT,BOTTOM,2024-06-17,3.09,-13.6,0.2,-13.9,-18.3,-9.1,-24.4,-13.6
TRT,BREAKOUT,2024-10-14,3.7,-21.1,-31.3,-3.4,-23.6,-21.9,-18.4,-31.3
TRT,BOTTOM,2025-02-03,3.08,-9.1,-9.8,69.8,-3.3,-16.5,53.5,-19.5
TRTX,BREAKOUT,2024-02-26,5.65,17.3,27.4,28.4,14.2,16.8,11.1,-0.4
TRTX,BREAKOUT,2025-07-21,7.58,7.6,11.5,,1.0,2.7,,0.0
TRU,BREAKOUT,2019-07-22,81.48,-2.0,10.4,6.9,-2.3,0.5,-1.5,-5.7
TRU,BREAKOUT,2020-12-14,96.57,-11.8,9.4,11.8,-17.7,-3.8,-14.4,-15.2
TRU,BOTTOM,2023-03-06,59.19,21.8,32.8,33.7,9.9,16.5,-0.9,-2.6
TRU,BREAKOUT,2024-07-22,85.52,19.9,10.5,15.3,13.3,-1.8,-3.2,-2.3
TRU,BOTTOM,2025-09-15,89.46,-3.0,-21.3,,-5.8,-19.6,,-21.9
TRUP,BOTTOM,2019-07-08,34.46,-37.2,-9.4,37.5,-36.2,-18.7,29.7,-37.2
TRUP,BOTTOM,2020-04-27,28.18,79.5,153.9,187.8,63.5,137.4,137.9,-1.7
TRUP,BREAKOUT,2021-11-01,128.66,-28.4,-50.4,-64.7,-24.5,-38.8,-46.2,-50.6
TRUP,BOTTOM,2022-01-10,100.26,-19.1,-37.1,-45.5,-13.6,-20.5,-32.7,-48.1
TRUP,BOTTOM,2023-03-06,51.11,-50.4,-43.8,-42.2,-62.2,-60.1,-76.8,-61.5
TRUP,BOTTOM,2023-12-04,28.99,1.9,-3.7,84.4,-9.7,-20.6,50.5,-31.5
TRUP,BREAKOUT,2024-07-15,32.95,66.4,44.6,55.3,59.6,35.0,39.5,0.0
TRUP,BREAKOUT,2025-06-16,56.05,-19.4,-32.2,-58.0,-31.4,-47.4,-85.0,-37.0
TRV,BREAKOUT,2019-03-25,117.79,9.6,9.1,-25.4,5.4,3.5,-16.9,-0.6
TRV,BREAKOUT,2020-12-14,124.61,8.1,5.4,16.5,2.3,-7.7,-9.7,-1.8
TRV,BREAKOUT,2022-11-21,176.2,-1.4,-7.9,-3.9,-0.4,-13.1,-18.9,-11.8
TRVI,BREAKOUT,2022-04-04,2.68,47.4,-30.6,-32.8,60.2,-12.3,-25.8,-42.5
TRVI,BOTTOM,2022-07-25,3.06,-35.9,-19.6,-25.2,-30.8,-18.9,-37.9,-49.7
TRVI,BOTTOM,2023-01-23,2.46,39.8,-6.9,-36.6,36.9,-20.4,-58.6,-31.3
TRVI,BREAKOUT,2024-03-18,3.59,-24.8,-4.2,80.2,-29.6,-13.9,70.6,-32.0
TRVI,BOTTOM,2024-05-20,2.5,19.6,16.4,151.6,13.1,3.2,140.8,-2.4
TRVI,BOTTOM,2024-11-04,2.91,45.7,126.8,278.4,44.9,131.9,264.8,-5.5
TRVI,BREAKOUT,2024-12-09,4.17,61.9,46.0,206.2,68.4,46.6,192.0,-9.8
TS,BREAKOUT,2018-01-22,28.25,3.0,1.0,-29.0,9.7,2.0,-23.5,-13.1
TS,BREAKOUT,2021-02-22,17.5,10.7,-1.7,23.9,-0.1,-20.9,7.2,-8.1
TS,BREAKOUT,2022-12-19,31.24,-22.1,-18.9,3.1,-25.9,-32.9,-22.5,-25.6
TSAT,BREAKOUT,2021-01-11,25.9,44.1,29.8,0.0,32.7,14.3,-25.3,-1.9
TSAT,BOTTOM,2021-12-06,34.13,-41.9,-53.7,-78.2,-31.4,-37.1,-63.0,-67.1
TSAT,BOTTOM,2023-09-25,14.3,-27.1,-40.4,-6.3,-38.7,-63.7,-41.8,-40.8
TSCO,BREAKOUT,2018-08-20,15.65,1.2,9.1,10.8,9.2,11.1,9.8,-9.0
TSCO,BREAKOUT,2024-02-26,48.45,13.5,6.8,11.4,10.3,-3.8,-5.9,-3.0
TSEM,BOTTOM,2019-04-29,18.77,5.4,21.4,-2.1,5.4,16.3,-0.3,-20.6
TSEM,BOTTOM,2020-08-24,19.71,23.9,49.1,49.5,19.8,39.7,19.2,-9.4
TSEM,BREAKOUT,2020-11-30,26.72,4.0,1.6,37.9,-0.1,-13.5,13.6,-5.2
TSEM,BREAKOUT,2021-11-01,35.19,-2.5,37.5,14.0,1.4,49.2,32.5,-6.6
TSEM,BOTTOM,2024-03-25,33.45,17.5,31.3,5.9,13.1,21.3,-1.7,-7.4
TSHA,BREAKOUT,2023-08-28,3.63,-49.3,-11.0,-38.3,-51.4,-25.5,-65.0,-60.3
TSHA,BOTTOM,2023-12-18,1.63,99.4,81.6,13.5,89.0,65.9,-12.9,-11.7
TSHA,BOTTOM,2024-04-01,2.68,-22.8,-25.0,-54.5,-30.1,-36.2,-53.2,-25.0
TSHA,BREAKOUT,2024-06-03,3.95,-48.4,-37.2,-28.1,-49.9,-51.8,-41.7,-62.0
TSHA,BREAKOUT,2025-09-01,3.36,50.3,36.0,,44.1,31.5,,-15.8
TSHA,BOTTOM,2025-11-17,4.19,12.2,31.0,,7.2,17.2,,-2.9
TSLA,BOTTOM,2018-07-23,19.81,11.3,-0.0,-23.3,16.6,4.5,-32.7,-12.9
TSLA,BOTTOM,2020-03-09,36.44,71.1,240.9,534.6,57.5,215.6,485.5,-21.8
TSLA,BREAKOUT,2021-10-18,303.23,3.8,10.5,-29.3,6.8,15.8,-13.1,-12.6
TSLA,BOTTOM,2023-08-21,238.59,-1.3,-19.5,-7.7,-5.2,-35.8,-37.2,-23.2
TSLA,BOTTOM,2024-08-12,216.12,48.4,64.6,53.0,42.4,53.9,35.4,-2.5
TSLX,BREAKOUT,2018-07-30,8.36,5.1,3.8,12.0,8.8,7.5,6.7,-4.6
TSM,BREAKOUT,2018-09-03,38.19,-18.6,-14.9,0.6,-10.7,-11.3,-5.1,-22.1
TSM,BREAKOUT,2019-04-15,38.63,-0.3,12.9,25.0,-3.3,9.2,24.2,-16.7
TSM,BREAKOUT,2022-01-10,130.73,-29.7,-38.5,-37.0,-24.2,-22.0,-24.1,-44.7
TSM,BREAKOUT,2024-01-15,110.54,12.3,46.2,87.8,9.3,31.7,62.4,0.0
TSN,BREAKOUT,2026-01-19,60.65,4.7,,,0.8,,,-8.6
TSSI,BREAKOUT,2019-11-18,1.1,19.1,-16.4,-45.5,11.3,-12.4,-61.9,-16.4
TSSI,BOTTOM,2021-06-21,0.47,21.3,0.0,-8.5,16.9,-11.1,-1.2,-12.8
TSSI,BOTTOM,2023-12-18,0.26,100.0,661.5,3769.2,89.6,645.8,3742.8,0.0
TT,BOTTOM,2020-06-15,82.74,38.3,59.3,97.1,30.7,38.6,60.7,-5.2
TT,BREAKOUT,2026-04-13,475.03,-1.1,,,-6.0,,,-5.3
TTC,BREAKOUT,2019-02-11,57.23,11.9,13.6,31.5,8.4,8.5,7.5,0.0
TTC,BOTTOM,2020-06-15,60.3,25.7,44.0,59.4,18.2,23.4,23.0,-2.1
TTC,BREAKOUT,2022-10-24,100.27,3.1,-1.8,-22.9,-1.7,-9.6,-30.1,-4.9
TTC,BREAKOUT,2026-01-05,88.29,9.2,5.7,,11.1,-3.6,,-1.7
TTD,BREAKOUT,2018-05-07,7.56,69.2,62.1,142.7,65.0,59.4,135.1,0.0
TTD,BREAKOUT,2021-11-08,100.33,-24.0,-48.3,-51.4,-18.5,-34.8,-38.0,-51.2
TTD,BREAKOUT,2024-05-13,94.78,7.0,24.7,-19.5,2.0,13.3,-33.1,-12.3
TTD,BOTTOM,2025-09-08,45.15,-18.8,-39.4,,-22.8,-40.8,,-47.2
TTEK,BREAKOUT,2019-06-03,14.07,11.7,18.4,15.0,7.6,7.9,1.8,-3.3
TTEK,BOTTOM,2020-06-15,14.82,17.8,51.1,51.8,10.3,30.5,15.3,-3.2
TTEK,BREAKOUT,2020-09-28,19.0,17.6,39.3,54.9,5.1,18.4,23.0,0.0
TTEK,BREAKOUT,2021-08-30,29.4,21.4,5.8,-11.8,21.1,9.7,0.4,-12.4
TTEK,BREAKOUT,2024-02-05,35.01,20.2,27.8,-5.7,16.0,20.7,-27.1,-0.7
TTEK,BREAKOUT,2026-02-02,41.11,-26.5,,,-33.6,,,-36.3
TTEK,BOTTOM,2026-03-16,30.32,-9.8,,,-25.2,,,-13.7
TTI,BREAKOUT,2021-02-01,2.25,53.3,47.1,29.8,44.1,32.2,12.5,0.0
TTI,BOTTOM,2022-08-08,4.14,-2.9,-4.1,28.5,3.4,-0.5,22.5,-17.9
TTI,BREAKOUT,2023-07-31,5.28,-13.6,-22.2,-37.1,-11.3,-33.6,-58.1,-22.5
TTI,BOTTOM,2023-11-20,4.81,-21.2,-23.7,-16.0,-33.2,-40.8,-48.6,-23.7
TTI,BREAKOUT,2025-09-15,5.3,70.2,50.2,,67.3,51.9,,0.0
TTI,BOTTOM,2026-04-20,9.69,,,,,,,-4.4
TTMI,BOTTOM,2019-08-26,10.66,25.8,21.9,9.5,17.8,19.6,-12.8,0.0
TTMI,BREAKOUT,2019-12-02,13.8,-7.2,-12.8,-2.1,-2.1,-15.3,-21.8,-34.9
TTMI,BOTTOM,2020-03-09,10.11,11.6,12.5,42.7,-2.0,-12.9,-6.3,-11.1
TTMI,BOTTOM,2020-07-27,12.31,-3.6,8.9,13.6,-4.0,-5.3,-22.7,-9.7
TTMI,BREAKOUT,2022-01-03,15.52,-11.0,-22.6,2.2,-7.3,-6.6,17.6,-22.6
TTMI,BREAKOUT,2022-08-01,16.78,-17.0,-2.3,-10.3,-8.4,-2.9,-20.1,-24.4
TTWO,BOTTOM,2022-10-31,108.53,0.7,14.7,28.0,-9.4,4.2,10.7,-9.0
TTWO,BREAKOUT,2023-05-15,137.43,0.0,12.3,7.6,-4.6,3.9,-20.7,-2.5
TTWO,BREAKOUT,2024-11-04,177.9,17.4,27.3,30.4,16.6,32.4,16.9,-0.2
TVTX,BREAKOUT,2025-09-08,23.47,48.4,18.4,,44.4,17.1,,0.0
TW,BREAKOUT,2020-12-14,66.83,7.9,22.1,39.4,2.1,9.0,13.2,-11.1
TWLO,BOTTOM,2017-09-11,30.88,-17.8,32.8,182.6,-25.3,21.8,164.3,-23.6
TWLO,BREAKOUT,2020-05-04,179.69,38.6,62.6,70.9,23.7,41.8,24.3,0.0
TWLO,BOTTOM,2021-08-23,361.25,-19.7,-53.7,-80.0,-21.9,-51.6,-71.3,-56.2
TWLO,BOTTOM,2023-03-20,61.48,4.1,-3.6,0.1,-5.7,-13.1,-33.5,-25.5
TWLO,BOTTOM,2023-08-14,59.31,6.4,-1.2,3.2,2.8,-16.5,-25.6,-15.4
TWLO,BREAKOUT,2023-12-11,75.96,-21.5,-28.6,48.7,-30.4,-44.6,18.8,-28.6
TWLO,BOTTOM,2024-03-25,61.15,-7.1,5.7,61.9,-11.5,-4.2,54.3,-11.3
TWLO,BREAKOUT,2024-10-28,84.84,72.8,18.0,59.0,67.0,18.1,38.1,-1.5
TWO,BOTTOM,2021-02-01,12.39,13.0,3.5,-9.3,3.7,-11.4,-26.5,0.0
TWO,BOTTOM,2023-03-06,9.09,-3.3,-1.4,0.5,-15.2,-17.7,-34.1,-15.9
TWO,BOTTOM,2023-09-18,9.06,7.3,1.9,17.7,-3.2,-20.1,-16.1,-24.2
TWO,BREAKOUT,2024-07-08,10.48,-4.0,-13.0,-13.4,-7.9,-17.3,-26.2,-14.0
TWO,BREAKOUT,2026-01-12,13.3,-18.7,-9.1,,-21.6,-17.1,,-36.4
TWST,BREAKOUT,2020-02-17,33.05,19.4,105.5,356.3,30.3,102.7,337.2,-27.5
TWST,BOTTOM,2021-12-06,83.1,-47.3,-67.8,-70.6,-36.9,-51.1,-55.4,-67.8
TWST,BREAKOUT,2023-12-11,34.61,-2.8,44.0,37.2,-11.8,28.0,7.3,-19.2
TWST,BOTTOM,2024-10-07,44.47,-2.0,-12.6,-29.9,-2.5,-5.4,-43.9,-18.6
TWST,BOTTOM,2025-01-13,47.56,-22.6,-26.1,-12.9,-11.0,-31.7,-30.0,-40.6
TX,BOTTOM,2020-02-24,11.99,-10.2,0.6,73.5,-13.6,-18.9,42.7,-35.8
TX,BREAKOUT,2020-11-09,16.23,22.2,77.9,85.5,12.1,60.7,53.2,0.0
TX,BOTTOM,2022-02-07,30.72,-1.9,-12.4,-3.6,6.6,-10.1,2.2,-23.3
TX,BREAKOUT,2025-09-01,33.59,11.1,13.1,,4.9,8.6,,-0.3
TXG,BOTTOM,2023-03-20,50.23,8.7,-17.7,-27.8,-1.1,-27.2,-61.4,-17.7
TXN,BREAKOUT,2023-03-27,169.08,-2.5,-13.3,-3.3,-11.2,-18.4,-32.9,-13.3
TXN,BREAKOUT,2024-05-06,176.76,3.4,19.3,-5.2,0.8,3.7,-14.9,0.0
TXN,BREAKOUT,2025-07-07,215.21,-21.8,-12.6,44.7,-26.8,-24.5,22.3,-26.8
TXN,BREAKOUT,2026-02-02,220.32,30.6,,,23.5,,,-15.5
TXNM,BOTTOM,2020-06-15,31.12,7.6,32.6,33.7,-0.0,12.0,-2.8,-1.1
TXNM,BOTTOM,2020-09-14,33.48,23.3,23.8,26.7,11.2,5.1,-8.7,0.0
TXRH,BREAKOUT,2020-10-12,67.24,9.1,33.9,21.7,0.5,12.9,-8.5,-5.2
TXT,BREAKOUT,2017-09-11,51.03,7.0,14.1,36.9,-0.5,3.0,18.6,0.0
TXT,BOTTOM,2019-05-20,47.12,-9.4,-2.6,-43.3,-10.6,-13.6,-49.9,-9.4
TYG,BREAKOUT,2025-11-10,40.86,10.2,12.3,,8.5,1.7,,-7.3
TYL,BREAKOUT,2019-08-05,255.54,8.7,29.0,39.7,2.3,14.0,22.6,-0.8
TYRA,BOTTOM,2023-05-01,12.42,15.2,9.3,43.7,6.5,3.2,18.0,-11.2
TYRA,BREAKOUT,2024-02-05,18.42,-5.8,9.0,-31.2,-10.1,2.0,-52.6,-19.2
TYRA,BREAKOUT,2025-11-17,21.12,49.5,53.7,,44.6,40.0,,0.0
U,BREAKOUT,2021-11-08,196.65,-43.4,-80.1,-83.5,-38.0,-66.7,-70.0,-80.1
U,BOTTOM,2023-03-20,28.72,30.5,10.1,-6.0,20.6,0.5,-39.6,-7.9
U,BOTTOM,2025-01-06,20.9,-8.0,38.4,113.7,-0.2,30.3,92.7,-19.0
UA,BOTTOM,2018-03-19,13.72,51.5,36.3,34.2,44.6,22.1,23.9,0.0
UA,BREAKOUT,2018-06-04,22.4,-17.8,-1.5,2.2,-21.6,2.9,-3.2,-26.1
UA,BREAKOUT,2019-06-03,22.89,-22.3,-23.8,-57.0,-26.4,-34.3,-70.3,-31.6
UA,BOTTOM,2019-08-26,16.92,2.2,-26.2,-46.0,-5.7,-28.5,-68.3,-26.2
UA,BOTTOM,2020-10-05,10.97,39.0,74.8,61.8,28.6,55.3,33.8,0.0
UA,BOTTOM,2023-04-17,8.02,-7.9,-15.7,-19.3,-18.0,-18.6,-41.2,-23.1
UA,BREAKOUT,2024-10-14,8.63,-14.9,-36.6,-46.6,-17.5,-27.2,-61.6,-42.2
UA,BREAKOUT,2026-02-02,7.34,-14.9,,,-21.9,,,-32.0
UA,BOTTOM,2026-05-04,6.25,,,,,,,-20.2
UAA,BOTTOM,2018-03-19,15.78,41.8,30.4,31.3,34.9,16.2,21.0,0.0
UAA,BREAKOUT,2018-06-04,24.31,-19.1,-3.5,6.5,-23.0,0.9,1.1,-26.0
UAA,BREAKOUT,2019-06-03,25.9,-24.5,-26.8,-57.1,-28.6,-37.3,-70.4,-32.7
UAA,BOTTOM,2019-08-26,18.61,1.5,-23.8,-45.5,-6.5,-26.0,-67.7,-23.8
UAA,BREAKOUT,2021-02-01,20.7,18.2,20.8,-5.5,9.0,5.9,-22.7,-7.0
UAA,BOTTOM,2023-04-17,8.84,-8.8,-17.6,-23.9,-18.9,-20.6,-45.7,-25.2
UAA,BOTTOM,2024-02-19,8.43,-21.1,1.8,-15.9,-25.7,-9.6,-35.5,-24.1
UAA,BREAKOUT,2024-10-14,9.36,-12.4,-37.7,-48.9,-15.0,-28.3,-64.0,-44.6
UAA,BREAKOUT,2026-02-02,7.56,-14.9,,,-22.0,,,-32.3
UAA,BOTTOM,2026-05-04,6.43,,,,,,,-20.4
UAL,BREAKOUT,2018-07-16,80.91,8.1,5.8,16.0,8.8,9.5,7.6,-1.1
UAL,BOTTOM,2020-06-15,36.84,0.4,21.4,49.1,-7.2,0.8,12.6,-14.8
UAL,BOTTOM,2021-01-04,43.29,35.0,18.0,9.3,26.7,3.1,-14.6,-7.6
UAL,BOTTOM,2022-08-01,37.82,12.7,35.2,38.5,21.3,34.6,28.6,-14.0
UAL,BOTTOM,2024-06-17,48.18,8.3,102.2,54.2,3.6,92.9,43.7,-16.6
UAL,BOTTOM,2025-05-05,77.27,15.6,26.1,28.9,2.3,6.5,-3.3,-4.2
UAL,BREAKOUT,2025-12-15,113.99,-21.1,3.8,,-16.6,-6.5,,-24.0
UAMY,BREAKOUT,2018-06-04,0.48,20.8,33.3,22.9,17.0,37.7,17.5,-10.4
UAMY,BOTTOM,2019-07-22,0.77,-35.1,-48.1,-44.2,-35.4,-58.0,-52.5,-51.9
UAMY,BOTTOM,2020-07-27,0.4,-5.0,107.5,142.5,-5.4,93.2,106.2,-35.0
UAMY,BREAKOUT,2020-12-28,0.52,128.8,84.6,-3.8,121.3,67.8,-32.6,0.0
UAMY,BOTTOM,2021-06-14,0.88,0.0,-37.5,-51.1,-6.7,-49.1,-40.6,-39.8
UAMY,BOTTOM,2024-05-27,0.36,86.1,111.1,572.2,78.9,96.1,559.0,-13.9
UAMY,BREAKOUT,2024-08-12,0.53,-1.9,258.5,705.7,-7.9,247.8,688.1,-1.9
UAMY,BOTTOM,2026-06-08,7.04,,,,,,,-22.4
UAN,BOTTOM,2018-02-12,13.14,-6.6,11.3,15.4,-6.3,6.1,11.9,-11.9
UAN,BREAKOUT,2018-10-01,17.4,-14.7,-4.5,-5.8,-2.9,-5.8,-10.1,-22.8
UAN,BREAKOUT,2019-06-24,17.77,-1.4,-22.3,-76.4,-2.7,-33.6,-80.9,-26.2
UAN,BREAKOUT,2024-05-13,69.19,-12.4,-11.6,5.3,-17.4,-23.0,-8.4,-20.9
UAN,BREAKOUT,2025-01-13,70.92,-9.3,11.0,53.7,2.4,5.4,36.6,-15.2
UBER,BREAKOUT,2020-11-02,44.87,30.6,4.8,5.2,19.4,-16.6,-30.5,0.0
UBER,BREAKOUT,2024-10-07,86.34,-23.6,-16.3,8.2,-24.1,-9.0,-5.9,-30.6
UBER,BOTTOM,2025-01-20,68.56,13.4,33.2,20.1,22.6,27.7,5.4,-5.7
UBER,BREAKOUT,2025-05-12,91.79,0.9,-0.2,-18.2,-7.7,-13.9,-44.0,-8.7
UBS,BREAKOUT,2020-11-02,10.85,17.3,27.0,47.5,6.1,5.5,11.8,0.0
UBS,BREAKOUT,2023-01-09,18.63,8.2,3.3,47.2,4.3,-10.3,25.7,-12.4
UBSI,BOTTOM,2018-01-08,26.09,-5.7,-2.0,-5.0,-1.4,-3.5,0.1,-6.6
UBSI,BREAKOUT,2018-06-18,27.5,0.5,-21.0,-1.1,-6.3,-9.5,-10.2,-21.0
UBSI,BOTTOM,2020-06-15,21.52,-12.7,15.0,37.9,-20.2,-5.7,1.5,-22.6
UBSI,BREAKOUT,2024-07-22,36.37,-4.7,-0.4,-4.1,-11.4,-12.8,-22.6,-9.1
UBXG,BOTTOM,2026-05-04,9.77,,,,,,,-69.0
UCB,BREAKOUT,2018-01-08,24.11,3.9,-1.7,-22.1,8.1,-3.2,-17.1,-1.7
UCB,BREAKOUT,2021-01-04,26.25,10.4,2.9,27.0,2.1,-12.1,3.1,-3.7
UCB,BREAKOUT,2021-11-01,31.68,-1.1,-17.1,8.2,2.8,-5.5,26.6,-17.1
UCB,BREAKOUT,2024-07-22,29.57,-11.5,6.3,3.4,-18.2,-6.1,-15.1,-11.8
UCTT,BOTTOM,2018-01-01,23.44,-23.3,-30.1,-61.6,-18.6,-31.7,-55.7,-30.1
UCTT,BOTTOM,2019-06-03,13.4,-1.2,64.6,80.7,-5.3,54.0,67.5,-12.5
UCTT,BOTTOM,2020-08-31,22.77,56.3,100.9,105.2,47.9,88.0,71.0,-15.6
UCTT,BOTTOM,2021-12-13,51.14,-12.5,-43.9,-31.4,-9.4,-24.1,-16.1,-43.9
UCTT,BOTTOM,2023-02-13,35.77,-16.4,-8.4,23.9,-19.6,-16.3,-0.6,-22.7
UCTT,BREAKOUT,2024-01-29,40.5,4.0,-10.4,-9.0,0.2,-18.9,-32.3,-10.4
UCTT,BOTTOM,2025-12-22,26.04,126.1,356.3,,134.0,350.1,,0.0
UCTT,BREAKOUT,2026-01-12,43.75,81.7,111.3,,78.8,103.2,,-0.6
UDR,BREAKOUT,2018-07-30,29.16,0.3,12.7,22.0,4.0,16.5,16.8,-1.9
UDR,BREAKOUT,2021-03-08,36.66,12.3,18.6,29.0,4.3,4.9,21.0,-4.0
UDR,BOTTOM,2023-03-20,33.45,5.0,-4.5,0.2,-4.8,-14.0,-33.4,-4.5
UE,BREAKOUT,2019-10-14,15.61,-3.8,-56.5,-50.1,-15.8,-53.8,-68.9,-61.6
UE,BREAKOUT,2024-06-24,17.15,15.1,17.5,5.9,9.8,7.5,-8.5,-1.7
UEC,BOTTOM,2017-09-25,1.38,28.3,-5.1,24.6,21.5,-10.8,6.8,-23.9
UEC,BREAKOUT,2017-12-11,1.84,-27.2,-11.4,-31.0,-30.5,-16.3,-30.0,-29.3
UEC,BOTTOM,2018-03-19,1.3,35.4,31.5,1.5,28.4,17.4,-8.8,0.0
UEC,BOTTOM,2018-08-20,1.63,-20.2,-18.4,-46.0,-12.2,-16.5,-47.0,-27.6
UEC,BOTTOM,2019-05-13,1.4,-37.9,-28.6,-25.7,-39.4,-38.7,-27.9,-37.9
UEC,BOTTOM,2020-08-03,1.03,-12.6,76.7,113.6,-17.7,59.9,79.4,-16.5
UEC,BOTTOM,2021-02-22,2.12,47.6,12.3,63.7,36.8,-6.9,47.1,-4.7
UEC,BOTTOM,2022-01-10,3.32,92.8,1.5,18.7,98.3,18.0,31.5,-25.0
UEC,BOTTOM,2022-06-13,3.33,16.5,-5.7,-1.2,10.7,-11.4,-23.3,-5.7
UEC,BREAKOUT,2023-09-04,4.66,44.6,36.7,-8.6,41.0,21.0,-31.6,0.0
UEC,BREAKOUT,2024-10-14,8.46,-16.3,-40.3,75.8,-18.9,-30.9,60.7,-50.1
UEC,BOTTOM,2025-02-03,6.95,-18.0,46.5,131.9,-12.2,39.8,115.6,-39.3
UEC,BREAKOUT,2025-07-21,8.91,53.3,109.0,,46.7,100.2,,-2.7
UFCS,BREAKOUT,2024-11-04,23.6,3.2,16.0,48.4,2.4,21.1,34.8,0.0
UFCS,BREAKOUT,2025-08-18,31.3,16.9,22.5,,14.5,15.1,,-4.3
UFPI,BREAKOUT,2017-10-16,32.82,6.2,-8.0,-19.6,-3.4,-12.6,-29.0,-11.6
UFPI,BREAKOUT,2023-01-30,93.09,-16.1,6.2,19.7,-16.5,-3.0,-2.0,-21.6
UFPI,BREAKOUT,2024-07-22,125.37,1.3,-8.9,-17.6,-5.4,-21.3,-36.1,-14.9
UFPT,BREAKOUT,2019-03-25,37.4,11.3,4.5,0.6,7.0,-1.1,9.0,-3.3
UFPT,BREAKOUT,2021-03-01,53.7,7.6,28.7,24.0,-2.9,9.9,9.8,-10.0
UFPT,BREAKOUT,2024-02-19,210.58,21.9,59.9,20.9,17.3,48.5,1.2,-8.2
UFPT,BOTTOM,2025-12-01,217.14,-3.8,3.1,,-2.1,-5.1,,-12.8
UFPT,BREAKOUT,2026-02-02,267.34,-13.8,,,-20.9,,,-29.1
UGI,BOTTOM,2020-12-28,27.26,19.0,35.4,35.4,11.5,18.6,6.7,0.0
UGI,BREAKOUT,2021-02-15,31.42,11.5,17.5,-2.6,4.7,3.1,-15.4,-4.9
UGP,BOTTOM,2019-03-04,5.69,-23.4,-33.7,-44.1,-28.7,-43.3,-54.6,-42.3
UGP,BOTTOM,2020-11-30,3.7,-18.8,0.5,-37.2,-23.0,-14.6,-61.5,-18.8
UGP,BOTTOM,2022-05-23,2.81,-7.9,-17.2,11.1,-6.0,-14.9,8.2,-27.5
UGP,BREAKOUT,2023-05-01,3.08,16.7,33.5,65.9,8.0,27.4,40.2,0.0
UGP,BOTTOM,2025-08-04,3.04,37.2,67.4,,31.6,58.4,,0.0
UHAL,BREAKOUT,2023-12-18,70.45,-6.1,-10.5,0.6,-16.5,-26.2,-25.8,-11.0
UHAL,BREAKOUT,2026-06-22,67.05,,,,,,,0.0
UHS,BREAKOUT,2018-03-05,122.06,-8.9,0.4,2.3,-9.0,-3.6,2.0,-11.9
UHS,BOTTOM,2020-07-13,94.84,15.7,35.7,55.5,7.3,18.0,19.4,0.0
UHS,BREAKOUT,2023-01-02,149.48,-15.6,-0.4,1.7,-21.4,-14.2,-20.7,-22.5
UHT,BOTTOM,2021-04-19,49.4,-10.9,-15.0,-14.3,-16.9,-24.5,-17.9,-16.6
UI,BREAKOUT,2019-11-04,166.15,-17.9,7.1,39.8,-25.9,11.4,24.3,-30.2
UI,BOTTOM,2020-04-20,145.92,17.5,24.2,88.0,3.6,1.0,38.4,-0.4
UI,BOTTOM,2020-09-07,145.38,70.8,119.7,106.1,60.8,100.8,70.7,0.0
UI,BREAKOUT,2020-10-12,188.41,24.5,44.9,61.5,15.9,23.8,31.3,-6.7
UI,BOTTOM,2024-06-24,143.72,51.5,135.1,178.7,46.1,125.1,164.3,0.0
UI,BOTTOM,2025-12-08,559.96,35.5,5.1,,38.1,-4.3,,-2.4
UL,BREAKOUT,2019-03-11,49.86,11.1,9.3,-9.3,8.2,1.7,-6.4,0.0
UL,BREAKOUT,2024-05-06,55.89,14.8,13.0,20.7,12.1,-2.6,10.9,0.0
ULCC,BOTTOM,2024-04-08,6.72,-36.8,-14.1,-49.9,-46.7,-28.3,-55.7,-53.7
ULCC,BREAKOUT,2025-01-06,8.2,-58.9,-49.3,-35.4,-51.2,-57.3,-56.3,-61.3
ULCC,BOTTOM,2025-03-17,5.47,-38.2,-5.1,-41.9,-43.9,-23.5,-58.2,-42.0
ULCC,BOTTOM,2025-12-08,5.74,-41.3,8.9,,-38.7,-0.5,,-44.6
ULCC,BOTTOM,2026-03-16,3.18,127.0,,,111.6,,,0.0
ULTA,BOTTOM,2018-06-25,233.46,20.8,2.6,48.6,13.2,10.3,38.4,-1.3
ULTA,BOTTOM,2024-06-24,385.87,4.7,14.6,18.8,-0.6,4.5,4.4,-16.5
ULTA,BOTTOM,2025-02-10,365.14,13.1,42.7,87.2,15.4,36.5,74.0,-4.0
UMAC,BOTTOM,2025-11-10,9.35,27.5,73.3,,25.7,62.6,,-15.7
UMBF,BOTTOM,2020-06-15,47.62,-4.7,30.0,71.0,-12.3,9.4,34.5,-12.7
UMBF,BOTTOM,2023-11-06,63.7,23.4,25.2,87.0,9.2,6.1,49.4,0.0
UMC,BREAKOUT,2018-04-30,1.74,9.8,-27.5,-13.9,2.7,-30.6,-26.6,-28.2
UMC,BOTTOM,2019-07-01,1.49,0.5,25.5,29.3,1.4,16.4,22.6,-4.2
UMC,BREAKOUT,2023-12-25,7.41,-4.4,3.5,-17.1,-14.8,-11.7,-43.9,-12.5
UMC,BOTTOM,2025-07-28,6.69,13.2,49.5,,3.2,37.5,,-3.4
UMH,BREAKOUT,2021-02-01,12.24,40.6,55.1,52.2,31.4,40.2,35.0,0.0
UMH,BOTTOM,2023-03-06,12.44,11.6,2.1,16.3,-0.3,-14.3,-18.3,-6.1
UNCY,BREAKOUT,2023-03-06,26.8,-34.7,-72.3,-43.3,-46.5,-88.6,-77.9,-72.3
UNCY,BOTTOM,2023-06-05,17.5,-57.6,-64.9,-55.7,-61.6,-72.7,-81.7,-72.0
UNCY,BOTTOM,2025-03-31,5.16,-10.9,-10.5,34.3,-35.0,-43.7,3.0,-25.0
UNCY,BREAKOUT,2026-04-27,7.67,,,,,,,-32.1
UNF,BREAKOUT,2017-09-25,144.46,8.9,6.7,14.8,2.1,1.0,-3.0,-2.4
UNF,BREAKOUT,2024-07-15,182.76,4.6,20.5,-4.7,-2.2,10.9,-20.4,-7.2
UNFI,BOTTOM,2017-10-30,39.44,15.2,14.8,-44.0,8.0,10.9,-51.1,0.0
UNFI,BREAKOUT,2017-12-04,49.75,-7.7,-19.9,-70.1,-13.2,-25.6,-71.2,-19.9
UNFI,BREAKOUT,2020-05-11,18.32,11.2,-8.6,103.2,-7.0,-34.7,55.4,-20.5
UNFI,BREAKOUT,2021-01-11,22.2,62.1,43.9,107.0,50.6,28.3,81.7,0.0
UNFI,BOTTOM,2022-07-11,41.22,-9.6,-0.3,-51.1,-2.8,-4.6,-69.7,-16.6
UNFI,BOTTOM,2024-03-18,11.76,14.0,38.4,122.7,9.2,28.7,113.1,-22.4
UNFI,BREAKOUT,2025-09-29,40.53,-17.5,10.6,,-19.9,12.1,,-19.8
UNH,BOTTOM,2020-03-23,217.86,18.8,25.8,57.7,-0.1,-5.0,-1.0,-5.3
UNH,BREAKOUT,2024-07-15,540.38,1.1,-9.2,-49.1,-5.7,-18.7,-64.8,-10.9
UNH,BOTTOM,2025-12-22,327.4,-21.3,30.7,,-13.4,24.5,,-21.3
UNH,BREAKOUT,2026-05-04,377.82,,,,,,,0.0
UNIT,BOTTOM,2018-07-16,17.4,17.2,16.2,-48.1,18.0,19.9,-56.4,-7.1
UNIT,BOTTOM,2024-02-05,7.47,-18.1,-8.4,19.6,-22.4,-15.5,-1.8,-38.9
UNIT,BREAKOUT,2026-03-30,10.33,4.1,,,-9.8,,,0.0
UNM,BOTTOM,2020-10-05,15.41,26.8,51.9,58.9,16.4,32.3,30.9,-4.1
UNM,BREAKOUT,2022-03-21,28.14,8.9,24.8,23.8,22.3,42.8,34.9,-3.1
UNM,BREAKOUT,2023-05-15,42.82,6.1,-6.7,18.0,1.4,-15.2,-10.3,-6.7
UNP,BREAKOUT,2024-08-26,246.12,-4.5,-2.6,-10.6,-11.7,-8.7,-26.5,-11.6
UNP,BREAKOUT,2026-02-02,250.01,5.3,,,-1.8,,,-6.5
UPBD,BREAKOUT,2018-06-18,10.41,-3.1,0.3,62.8,-9.9,11.8,53.7,-6.3
UPBD,BREAKOUT,2020-08-03,23.42,-3.3,57.8,87.2,-8.4,41.0,52.9,-11.4
UPBD,BOTTOM,2022-05-09,21.81,10.8,-15.8,17.7,4.0,-15.9,13.5,-36.9
UPBD,BOTTOM,2025-10-20,21.31,-13.2,-9.1,,-15.3,-15.2,,-25.4
UPS,BREAKOUT,2020-07-27,111.25,10.8,9.9,37.2,10.3,-4.3,0.9,0.0
UPS,BREAKOUT,2026-02-02,113.81,-12.9,,,-20.0,,,-18.1
UPST,BOTTOM,2023-12-11,44.52,-46.9,-49.7,89.7,-55.9,-65.7,59.8,-50.9
UPST,BREAKOUT,2024-10-07,47.02,22.8,-17.1,3.3,22.3,-9.8,-10.7,-26.0
UPST,BOTTOM,2025-02-17,71.77,-36.9,-4.1,-59.2,-33.8,-12.3,-75.5,-51.5
UPWK,BREAKOUT,2024-11-04,15.93,-1.0,6.0,9.5,-1.8,11.0,-4.0,-25.5
UPWK,BOTTOM,2025-10-27,15.94,25.7,-34.2,,23.9,-40.5,,-34.2
URBN,BOTTOM,2020-09-28,22.67,12.9,60.2,34.3,0.5,39.3,2.4,-1.5
URBN,BREAKOUT,2020-11-16,30.32,-0.2,11.5,19.3,-10.4,-6.1,-14.5,-15.6
URGN,BOTTOM,2022-11-28,8.39,22.8,16.1,55.3,23.0,10.0,40.7,-7.6
URGN,BOTTOM,2023-12-04,14.27,26.1,-7.4,-13.9,14.4,-24.3,-47.7,-10.7
URGN,BOTTOM,2024-03-18,15.76,4.8,-14.1,-23.0,-0.0,-23.8,-32.6,-19.2
URGN,BREAKOUT,2025-07-21,18.95,0.1,5.5,,-6.5,-3.3,,-12.0
URI,BREAKOUT,2017-09-18,127.59,28.1,31.6,27.8,20.3,27.2,8.6,0.0
URI,BOTTOM,2019-06-03,117.87,-4.4,28.7,32.0,-8.5,18.2,18.7,-14.1
URI,BREAKOUT,2019-10-28,136.8,-4.3,-15.9,25.7,-10.0,-9.3,17.0,-50.6
URI,BREAKOUT,2020-08-03,167.4,10.3,53.1,90.9,5.2,36.2,56.7,-3.1
URI,BREAKOUT,2023-01-02,363.88,-5.5,15.8,45.5,-11.4,1.9,23.1,-11.4
URI,BREAKOUT,2025-07-21,882.59,2.8,3.7,,-3.8,-5.1,,-10.1
URI,BREAKOUT,2026-05-25,995.67,,,,,,,0.0
USA,BOTTOM,2023-03-06,4.17,5.2,6.2,25.5,-6.6,-10.1,-9.1,-1.2
USAC,BREAKOUT,2021-01-11,9.01,5.2,12.3,26.7,-6.2,-3.3,1.4,-12.7
USAR,BOTTOM,2025-06-30,9.93,161.4,42.5,92.8,154.1,32.6,72.4,0.0
USAR,BREAKOUT,2025-09-29,25.96,-45.5,-38.7,,-47.9,-37.2,,-52.9
USAR,BOTTOM,2025-11-17,12.24,40.8,106.7,,35.8,92.9,,0.0
USAR,BOTTOM,2026-07-06,18.48,,,,,,,-15.3
USB,BOTTOM,2020-06-15,29.8,-2.1,18.1,46.6,-9.6,-2.5,10.2,-8.5
USB,BREAKOUT,2025-12-01,49.82,3.2,10.8,,4.8,2.6,,0.0
USFD,BREAKOUT,2017-12-04,31.0,11.8,20.2,2.7,6.2,14.5,1.6,-3.6
USLM,BREAKOUT,2020-10-12,19.42,27.7,47.3,20.4,19.1,26.2,-9.8,-6.7
USLM,BOTTOM,2025-11-24,121.43,-6.0,-6.1,,-6.7,-17.5,,-14.4
USPH,BREAKOUT,2018-01-08,66.05,16.5,32.6,43.7,20.7,31.1,48.8,-1.6
USPH,BOTTOM,2020-11-30,98.33,3.9,10.5,-17.7,-0.3,-4.6,-42.0,-1.9
USPH,BREAKOUT,2021-02-08,125.08,-15.2,-19.0,-28.0,-21.6,-33.3,-41.7,-22.8
USPH,BOTTOM,2022-03-21,86.79,18.0,-20.1,0.6,31.4,-2.1,11.7,-20.1
USPH,BOTTOM,2023-03-06,88.3,16.9,-0.7,12.4,5.1,-17.0,-22.2,-1.7
USPH,BOTTOM,2025-09-15,76.96,-0.2,-4.7,,-3.0,-3.0,,-8.7
UTF,BREAKOUT,2022-03-28,20.97,-9.9,-17.4,-9.9,5.6,3.1,-1.8,-19.6
UTF,BREAKOUT,2024-03-25,19.83,-2.7,13.5,15.9,-7.1,3.6,8.3,-5.1
UTHR,BOTTOM,2019-11-04,91.61,9.7,23.8,48.3,1.7,28.1,32.8,-9.2
UTHR,BREAKOUT,2024-04-29,262.4,24.9,42.5,12.3,20.3,30.1,0.0,0.0
UTHR,BREAKOUT,2025-09-15,417.57,23.8,25.6,,21.0,27.3,,0.0
UTI,BREAKOUT,2019-07-29,4.0,46.2,92.3,85.7,41.1,81.3,71.9,0.0
UTI,BOTTOM,2020-09-07,6.77,-9.7,-7.7,0.6,-19.8,-26.6,-34.7,-32.2
UTI,BOTTOM,2023-03-06,6.76,0.7,24.9,114.8,-11.1,8.5,80.2,-13.6
UTI,BREAKOUT,2026-02-23,36.2,3.3,,,-7.2,,,-3.3
UTL,BREAKOUT,2018-07-02,40.9,-4.6,-5.9,18.3,-9.6,1.5,7.8,-10.7
UTL,BOTTOM,2020-06-15,37.05,-12.9,-3.0,23.7,-20.4,-23.6,-12.7,-26.5
UTL,BREAKOUT,2022-05-23,49.41,-2.4,-5.0,-2.7,-0.4,-2.7,-5.5,-18.9
UTZ,BREAKOUT,2024-02-12,18.05,-4.8,-10.6,-28.7,-11.1,-22.3,-52.4,-23.5
UTZ,BOTTOM,2025-09-01,13.46,-30.5,-37.4,,-36.7,-41.9,,-37.4
UUUU,BOTTOM,2020-01-13,1.73,-8.1,1.2,130.1,5.0,3.2,114.8,-46.2
UUUU,BOTTOM,2020-07-27,1.71,-11.7,122.2,207.0,-12.1,107.9,170.7,-11.7
UUUU,BREAKOUT,2020-11-30,2.58,104.3,172.5,210.1,100.1,157.4,185.8,0.0
UUUU,BOTTOM,2022-02-28,8.19,-19.9,-11.6,-18.6,-15.2,-3.0,-13.6,-37.4
UUUU,BREAKOUT,2023-09-11,8.42,-13.9,-28.3,-43.9,-20.2,-44.1,-72.0,-28.7
UUUU,BREAKOUT,2025-07-14,9.36,125.0,134.4,22.8,118.8,123.6,3.0,-5.4
UUUU,BOTTOM,2025-12-22,14.64,20.3,-0.1,,28.2,-6.3,,-0.1
UVE,BOTTOM,2019-12-16,22.12,-46.6,-40.1,-47.0,-18.3,-37.3,-64.3,-46.6
UVE,BOTTOM,2020-09-14,12.68,-7.6,-2.3,-16.6,-19.7,-21.0,-52.0,-26.2
UVE,BOTTOM,2021-04-19,11.08,-3.9,-0.7,-5.6,-9.9,-10.1,-9.2,-4.6
UVE,BREAKOUT,2023-02-20,13.31,1.9,-12.0,47.0,-4.4,-23.9,16.9,-12.0
UVE,BREAKOUT,2024-02-19,19.56,-5.7,2.3,-3.6,-10.3,-9.1,-23.2,-14.4
UVSP,BREAKOUT,2017-09-18,23.75,-9.7,-13.6,-10.9,-17.5,-18.0,-30.1,-13.6
UVSP,BREAKOUT,2021-02-08,21.03,17.8,11.5,22.7,11.4,-2.8,9.1,-1.5
UVSP,BREAKOUT,2021-11-01,26.11,0.0,-16.7,-1.9,3.9,-5.1,16.5,-17.0
UVSP,BREAKOUT,2025-06-30,31.81,-8.0,0.2,38.7,-15.3,-9.6,18.3,-14.0
UVV,BREAKOUT,2018-05-21,40.5,-8.3,0.9,-8.5,-14.4,3.3,-14.4,-13.9
UVV,BOTTOM,2018-08-06,34.86,23.3,5.0,-3.0,24.8,8.4,-8.0,-1.3
UVV,BREAKOUT,2022-03-28,44.74,4.5,-19.8,-4.9,19.9,0.6,3.1,-19.8
UVV,BREAKOUT,2023-11-20,46.39,-9.1,-13.9,10.4,-21.1,-31.0,-22.1,-13.9
V,BREAKOUT,2020-08-24,206.86,-2.0,-1.2,8.5,-6.2,-10.6,-21.8,-15.8
V,BREAKOUT,2023-01-23,225.33,0.8,2.3,16.7,-2.2,-11.2,-5.3,-6.4
V,BREAKOUT,2024-09-09,283.61,9.7,15.9,19.0,1.9,15.1,0.5,-4.2
V,BREAKOUT,2026-06-29,362.13,,,,,,,-3.6
VAC,BOTTOM,2019-05-27,75.88,9.7,37.2,1.3,2.9,21.9,-11.5,-3.7
VAC,BOTTOM,2025-09-15,73.65,-24.3,-8.7,,-27.2,-7.0,,-40.4
VAC,BOTTOM,2026-04-06,67.28,46.1,,,34.7,,,0.0
VAC,BREAKOUT,2026-05-25,84.88,,,,,,,0.0
VALE,BOTTOM,2019-08-19,5.63,13.7,12.1,8.7,4.0,-6.1,-12.8,0.0
VALE,BREAKOUT,2020-11-23,8.49,14.7,52.8,-1.1,9.7,36.4,-29.0,0.0
VALE,BOTTOM,2022-06-13,10.52,-8.6,13.6,4.4,-14.4,7.9,-17.7,-15.7
VALE,BOTTOM,2023-08-28,10.97,13.2,-0.6,-16.1,11.1,-15.2,-42.8,-11.3
VALE,BOTTOM,2024-01-29,10.74,-0.9,-18.5,-23.6,-4.7,-27.0,-46.9,-18.5
VC,BREAKOUT,2019-10-21,94.11,-10.3,-46.5,-6.2,-19.9,-41.3,-23.1,-57.6
VC,BREAKOUT,2020-11-02,95.34,44.6,31.7,28.3,33.4,10.3,-7.4,0.0
VC,BREAKOUT,2025-07-21,111.95,-4.6,-18.9,,-11.2,-27.7,,-18.9
VCEL,BREAKOUT,2020-09-28,19.46,58.7,173.4,158.6,46.2,152.5,126.7,-4.8
VCEL,BREAKOUT,2023-05-01,33.04,-3.1,11.6,44.8,-11.8,5.5,19.1,-4.5
VCEL,BREAKOUT,2024-01-15,39.67,10.3,26.3,48.9,7.3,11.8,23.4,0.0
VCEL,BREAKOUT,2026-06-22,46.23,,,,,,,0.0
VCTR,BOTTOM,2020-03-16,12.13,14.6,16.2,86.0,-20.8,-29.6,13.0,-3.2
VCTR,BOTTOM,2020-06-15,13.91,1.3,41.3,85.2,-6.2,20.7,48.8,-1.8
VCTR,BOTTOM,2020-08-24,14.32,20.5,40.7,109.2,16.4,31.3,78.8,-3.3
VCTR,BREAKOUT,2020-12-07,19.86,11.9,30.0,50.0,3.9,13.3,19.7,-9.4
VCTR,BOTTOM,2022-10-31,25.4,10.9,6.5,19.0,0.8,-4.0,1.6,-5.5
VCTR,BREAKOUT,2023-02-13,30.0,-2.0,1.5,13.6,-5.2,-6.5,-10.9,-13.2
VCYT,BOTTOM,2017-11-20,6.42,-10.3,16.8,97.2,-16.3,11.3,94.2,-15.6
VCYT,BREAKOUT,2018-06-18,9.5,5.6,17.2,192.8,-1.2,28.6,183.7,-2.0
VCYT,BOTTOM,2018-10-01,9.31,53.0,183.7,151.8,64.8,182.4,147.5,0.0
VCYT,BOTTOM,2021-12-06,39.22,-39.3,-58.4,-31.9,-28.9,-41.7,-16.8,-58.4
VCYT,BOTTOM,2023-01-16,24.89,-7.0,14.8,2.6,-11.6,-0.3,-21.1,-15.3
VCYT,BREAKOUT,2024-08-05,29.27,24.6,42.0,-6.5,12.1,28.5,-27.5,-2.4
VCYT,BREAKOUT,2025-11-24,47.34,-22.7,-2.1,,-23.4,-13.4,,-36.6
VCYT,BOTTOM,2026-04-27,33.09,,,,,,,0.0
VCYT,BREAKOUT,2026-06-01,48.73,,,,,,,-2.9
VECO,BOTTOM,2019-06-10,10.95,3.2,26.8,15.2,-1.4,16.0,7.8,-15.4
VECO,BOTTOM,2020-10-12,12.41,60.6,69.1,89.0,52.0,48.0,58.8,0.0
VECO,BREAKOUT,2020-12-14,18.61,13.9,24.6,38.5,8.0,11.4,12.2,-6.7
VECO,BREAKOUT,2023-05-22,24.59,14.2,17.9,68.9,9.0,8.7,41.0,-1.7
VEEE,BOTTOM,2024-11-25,153.55,2.4,-45.8,-37.6,3.5,-44.2,-52.4,-46.3
VEEV,BREAKOUT,2018-02-26,73.77,8.1,41.5,63.0,6.1,32.7,56.8,-3.9
VEEV,BREAKOUT,2020-04-13,181.12,38.2,69.1,50.8,25.5,46.9,2.9,0.0
VEEV,BREAKOUT,2024-11-04,235.0,0.9,0.9,25.5,0.2,5.9,11.9,-9.3
VELO,BOTTOM,2023-08-21,813.75,-36.9,-83.2,-97.7,-40.8,-99.5,-127.2,-83.5
VELO,BREAKOUT,2026-01-05,20.1,-50.0,-34.1,,-48.2,-43.5,,-55.2
VELO,BOTTOM,2026-02-16,9.05,154.8,,,146.4,,,-0.6
VELO,BOTTOM,2026-07-13,10.59,,,,,,,
VERA,BOTTOM,2024-04-01,37.52,-5.0,8.8,-43.2,-12.4,-2.4,-41.9,-7.6
VERA,BREAKOUT,2024-11-25,49.75,-39.8,-61.9,-32.2,-38.8,-60.3,-47.0,-61.9
VERA,BOTTOM,2025-06-30,24.0,25.6,102.6,71.7,18.3,92.7,51.2,-17.5
VERA,BOTTOM,2026-01-26,43.26,-18.6,,,-23.1,,,-25.4
VERX,BOTTOM,2021-10-04,19.07,-17.2,-17.7,-22.5,-24.0,-20.6,-6.7,-30.8
VERX,BOTTOM,2023-02-20,15.44,35.6,42.6,60.0,29.3,30.8,30.0,-2.1
VET,BOTTOM,2022-10-31,21.87,-40.9,-47.7,-40.7,-51.0,-58.3,-58.0,-49.8
VET,BOTTOM,2024-12-23,8.48,-7.7,-15.3,-5.2,-1.3,-19.3,-22.6,-30.3
VET,BOTTOM,2025-09-22,8.41,-4.4,63.9,,-9.1,67.5,,-15.8
VFC,BOTTOM,2020-06-15,52.29,14.8,35.8,29.0,7.2,15.2,-7.4,-9.7
VFC,BOTTOM,2025-10-13,14.06,32.4,48.6,,28.0,41.1,,-1.7
VIAV,BOTTOM,2024-04-08,8.45,-10.3,8.9,16.8,-20.3,-5.3,11.0,-18.7
VIAV,BREAKOUT,2024-12-09,11.05,-1.0,-16.9,62.9,5.5,-16.4,48.7,-17.7
VIAV,BREAKOUT,2025-09-29,12.72,42.7,190.0,,40.3,191.5,,-3.5
VICI,BREAKOUT,2021-02-01,20.1,17.9,15.3,9.5,8.7,0.4,-7.8,0.0
VICI,BREAKOUT,2024-07-29,28.03,1.1,-2.9,10.9,-6.4,-16.6,-7.2,-8.0
VICR,BOTTOM,2018-12-24,37.52,-17.3,-17.2,21.6,-31.8,-36.6,-11.2,-20.7
VICR,BREAKOUT,2019-12-30,48.07,-21.2,51.0,91.8,1.4,53.1,73.7,-31.5
VICR,BOTTOM,2020-04-13,43.2,75.9,98.8,98.1,63.1,76.7,50.2,0.0
VICR,BOTTOM,2023-01-23,71.01,-39.5,34.0,-46.8,-42.4,20.5,-68.8,-42.5
VICR,BREAKOUT,2023-07-24,95.14,-57.3,-60.3,-57.6,-47.5,-67.8,-78.4,-61.6
VICR,BOTTOM,2023-08-28,69.0,-44.2,-45.4,-44.2,-46.3,-59.9,-70.9,-48.3
VICR,BOTTOM,2024-07-29,37.53,22.7,36.3,16.8,15.2,22.6,-1.3,-6.4
VICR,BREAKOUT,2024-11-04,58.89,-15.1,-30.1,48.5,-15.9,-25.1,34.9,-30.3
VICR,BOTTOM,2024-12-16,49.17,9.1,-10.4,112.3,13.4,-11.5,95.8,-16.5
VICR,BREAKOUT,2025-10-20,90.44,69.5,202.4,,67.4,196.4,,-6.7
VIPS,BREAKOUT,2018-01-15,14.37,-1.4,-37.0,-56.9,3.1,-37.6,-53.7,-37.0
VIPS,BOTTOM,2022-08-01,8.97,-18.4,53.0,77.3,-9.8,52.4,67.4,-29.8
VIPS,BREAKOUT,2024-02-26,17.47,-14.9,-33.6,-16.8,-18.1,-44.2,-34.1,-33.6
VIPS,BOTTOM,2025-04-21,12.71,20.7,38.9,13.0,4.7,15.2,-18.2,0.0
VIR,BOTTOM,2021-04-05,43.13,-9.6,-14.1,-48.6,-15.7,-21.2,-58.8,-20.4
VIR,BOTTOM,2023-02-27,22.84,19.5,-45.2,-50.8,13.2,-57.7,-79.6,-46.2
VIR,BOTTOM,2024-04-01,9.34,-8.7,-17.1,-40.3,-16.0,-28.3,-39.0,-19.4
VIR,BREAKOUT,2025-01-06,12.1,-54.3,-53.3,-51.7,-46.6,-61.4,-72.6,-62.8
VIR,BOTTOM,2026-01-12,6.06,77.4,55.6,,74.4,47.6,,0.0
VIR,BREAKOUT,2026-02-23,9.09,5.0,,,-5.6,,,-7.6
VIRT,BREAKOUT,2017-12-11,13.13,79.8,68.3,45.1,76.5,63.4,46.1,-1.1
VIRT,BOTTOM,2018-11-05,18.16,10.7,1.2,-30.9,12.7,-3.6,-44.3,-3.4
VIRT,BOTTOM,2019-02-11,18.9,-5.9,-26.8,-27.0,-9.4,-31.9,-51.0,-26.8
VIRT,BREAKOUT,2022-01-31,26.86,-12.3,-22.4,-36.3,-4.3,-15.3,-29.7,-31.4
VIRT,BOTTOM,2023-10-02,15.97,20.5,22.4,90.7,11.2,0.8,55.5,-3.2
VIRT,BREAKOUT,2023-12-11,19.2,-5.3,16.0,83.4,-14.3,0.0,53.4,-19.5
VIRT,BREAKOUT,2026-03-30,46.0,34.3,,,20.4,,,0.0
VISN,BOTTOM,2018-05-14,14.52,3.8,-38.0,-36.8,-1.8,-39.8,-44.2,-38.0
VISN,BOTTOM,2018-09-03,14.9,-44.6,-28.3,-63.1,-36.6,-24.7,-68.8,-49.5
VISN,BOTTOM,2019-04-29,11.83,-43.4,-53.4,-57.6,-43.4,-58.5,-55.8,-58.0
VISN,BOTTOM,2023-01-30,4.11,-43.3,-61.8,-73.4,-43.7,-71.0,-95.1,-61.8
VISN,BREAKOUT,2024-08-12,1.93,4.8,28.3,291.4,-1.2,17.6,273.9,-2.5
VISN,BOTTOM,2024-12-09,2.8,-11.7,1.2,238.7,-5.1,1.8,224.5,-42.0
VISN,BREAKOUT,2025-06-23,4.0,87.8,122.7,214.4,79.9,109.8,194.5,-8.2
VIST,BOTTOM,2021-03-22,2.62,47.3,66.4,251.9,39.2,53.6,236.1,-0.8
VIST,BREAKOUT,2021-05-31,4.02,12.7,27.1,123.1,5.1,19.1,124.7,-9.5
VIST,BREAKOUT,2026-01-26,60.49,18.4,,,14.0,,,-10.5
VITL,BREAKOUT,2023-01-16,17.7,-25.8,-39.7,-18.6,-30.3,-54.7,-42.3,-42.0
VITL,BREAKOUT,2024-02-19,16.84,140.7,91.1,107.2,136.1,79.7,87.6,0.0
VITL,BOTTOM,2025-04-21,33.38,9.0,15.0,-62.1,-7.1,-8.7,-93.3,-7.5
VITL,BREAKOUT,2025-08-04,45.48,-23.7,-41.0,,-29.3,-50.0,,-41.0
VITL,BOTTOM,2025-09-29,42.02,-29.0,-70.0,,-31.4,-68.6,,-70.0
VIV,BOTTOM,2023-04-24,6.82,10.8,10.9,21.1,0.6,11.5,-2.9,0.0
VIV,BREAKOUT,2023-06-05,7.54,-5.3,21.6,-0.7,-9.4,13.8,-26.8,-5.9
VIV,BREAKOUT,2025-05-05,9.32,23.7,28.2,60.4,10.4,8.6,28.2,-0.9
VKTX,BREAKOUT,2017-09-25,1.91,112.6,128.8,812.0,105.8,123.1,794.2,0.0
VKTX,BREAKOUT,2021-02-01,9.67,-39.0,-36.7,-63.3,-48.2,-51.6,-80.6,-45.8
VKTX,BOTTOM,2021-03-08,6.75,-9.9,-2.2,-52.9,-18.0,-16.0,-60.9,-22.4
VKTX,BOTTOM,2021-08-30,6.8,-27.8,-53.2,-53.4,-28.2,-49.3,-41.2,-53.2
VKTX,BREAKOUT,2022-12-19,8.45,4.7,141.4,124.9,1.0,127.4,99.3,-0.1
VKTX,BREAKOUT,2024-02-05,30.58,140.8,86.9,6.5,136.6,79.9,-14.9,0.0
VKTX,BOTTOM,2024-07-29,53.05,37.4,-38.3,-38.4,29.9,-51.9,-56.5,-38.5
VKTX,BOTTOM,2024-12-02,50.8,-42.7,-45.2,-24.1,-37.8,-44.4,-38.3,-56.3
VKTX,BOTTOM,2025-09-22,25.57,45.4,27.2,,40.8,30.8,,0.0
VLO,BOTTOM,2019-05-27,53.44,8.1,38.4,-0.8,1.4,23.1,-13.6,0.0
VLO,BREAKOUT,2019-10-14,69.89,1.1,-42.0,-53.4,-10.9,-39.2,-72.2,-56.7
VLO,BREAKOUT,2023-09-04,131.32,-12.9,6.9,-2.7,-16.6,-8.8,-25.7,-13.6
VLY,BOTTOM,2019-04-29,7.74,0.9,12.5,-22.2,0.9,7.4,-20.4,-7.8
VLY,BOTTOM,2020-06-15,6.04,-7.9,27.7,72.0,-15.5,7.1,35.6,-12.5
VMC,BREAKOUT,2019-06-03,126.61,8.1,7.3,-6.7,4.0,-3.2,-20.0,-1.3
VMC,BREAKOUT,2020-10-05,143.92,8.3,15.0,17.4,-2.1,-4.6,-10.7,-10.7
VMC,BREAKOUT,2024-11-04,289.03,-6.6,-7.6,-1.2,-7.4,-2.5,-14.7,-24.4
VMI,BREAKOUT,2019-09-09,135.03,2.1,-30.8,-14.5,-3.8,-21.1,-27.7,-30.8
VMI,BOTTOM,2020-06-15,105.83,12.5,55.7,99.3,4.9,35.0,62.8,-4.2
VMI,BOTTOM,2020-09-14,119.04,38.4,92.6,93.5,26.2,74.0,58.1,-5.0
VMI,BREAKOUT,2020-11-02,146.43,38.5,71.3,66.1,27.4,49.8,30.4,0.0
VMI,BREAKOUT,2022-04-18,255.07,-4.9,12.4,16.2,2.0,23.8,17.8,-17.5
VMI,BOTTOM,2024-04-08,213.68,27.5,39.1,31.5,17.5,24.9,25.7,-3.4
VNDA,BOTTOM,2020-01-13,15.11,-23.8,-26.0,-9.1,-10.6,-23.9,-24.4,-44.2
VNDA,BOTTOM,2020-09-21,9.32,42.5,66.0,85.2,29.8,44.6,48.3,0.0
VNDA,BOTTOM,2024-05-06,5.04,3.0,3.0,-21.6,0.3,-12.6,-31.4,-11.9
VNDA,BREAKOUT,2025-09-29,5.43,51.9,28.9,,49.5,30.4,,-19.9
VNET,BOTTOM,2019-04-01,7.84,2.7,-4.5,68.9,-1.3,-7.4,81.1,-14.8
VNET,BOTTOM,2019-10-14,8.18,31.7,88.4,194.4,19.7,91.1,175.6,-21.6
VNET,BREAKOUT,2020-01-13,10.77,43.1,123.9,268.2,56.2,125.9,253.0,-14.2
VNET,BOTTOM,2023-10-02,2.95,-12.5,-40.3,42.7,-21.9,-61.9,7.5,-49.5
VNET,BOTTOM,2024-08-12,1.79,92.7,544.7,334.1,86.7,534.0,316.6,0.0
VNET,BREAKOUT,2024-09-23,3.96,7.8,108.3,172.7,3.4,110.5,155.5,-14.9
VNET,BOTTOM,2025-08-18,8.29,1.2,42.9,,-1.2,35.5,,-4.7
VNO,BOTTOM,2020-06-15,31.5,-8.1,-3.2,25.5,-15.7,-23.8,-10.9,-20.3
VNO,BOTTOM,2023-03-06,16.29,-9.8,47.2,54.6,-21.6,30.9,20.0,-25.2
VNOM,BREAKOUT,2017-09-18,10.52,29.5,40.2,149.8,21.7,35.8,130.6,0.0
VNOM,BOTTOM,2019-10-21,18.07,-15.6,-68.7,-70.3,-25.2,-63.5,-87.1,-78.0
VNOM,BOTTOM,2026-01-05,35.61,24.9,18.0,,26.8,8.7,,0.0
VNT,BREAKOUT,2023-05-15,29.02,-0.6,16.1,36.2,-5.3,7.6,7.9,-0.6
VNT,BREAKOUT,2025-07-28,40.28,-4.6,-7.0,,-14.6,-19.0,,-13.5
VOD,BOTTOM,2023-04-24,9.33,-14.1,-18.9,-20.0,-24.4,-18.3,-43.9,-20.3
VOD,BOTTOM,2023-10-23,7.57,3.7,-1.3,14.1,-15.4,-26.0,-28.8,-7.7
VOD,BREAKOUT,2024-05-13,8.49,3.4,-5.8,4.3,-1.6,-17.2,-9.3,-6.1
VOD,BREAKOUT,2025-05-19,9.81,16.7,18.6,49.5,5.0,4.1,19.3,-2.6
VOR,BOTTOM,2023-04-10,94.4,-38.3,-49.2,-59.7,-47.7,-54.5,-85.4,-58.3
VOR,BOTTOM,2025-10-20,27.19,-39.0,-49.2,,-41.1,-55.2,,-72.6
VOR,BOTTOM,2026-05-04,16.94,,,,,,,-22.3
VOYA,BREAKOUT,2019-04-08,48.3,4.7,-2.9,-15.4,0.6,-5.9,-13.2,-9.9
VOYA,BOTTOM,2020-06-15,41.79,2.8,21.2,29.1,-4.7,0.6,-7.3,-2.8
VPG,BOTTOM,2019-11-11,34.98,-3.5,-42.4,-19.2,-12.3,-35.2,-36.3,-48.7
VPG,BOTTOM,2024-03-18,34.44,-10.9,-29.6,-33.6,-15.7,-39.3,-43.1,-29.6
VRDN,BOTTOM,2020-08-17,16.05,7.4,14.0,-15.4,2.3,-1.8,-47.9,-54.2
VRDN,BOTTOM,2021-04-05,15.66,13.6,3.4,18.8,7.4,-3.7,8.6,-25.7
VRDN,BOTTOM,2022-02-28,17.01,-29.9,29.2,93.8,-25.2,37.7,98.7,-40.2
VRDN,BREAKOUT,2022-08-15,23.58,-4.4,39.8,-17.5,1.4,42.5,-22.6,-16.6
VRDN,BREAKOUT,2024-09-23,23.33,-16.6,-38.1,-13.5,-21.1,-36.0,-30.7,-38.1
VRDN,BOTTOM,2024-12-16,19.03,-19.8,-22.6,67.7,-15.5,-23.8,51.3,-37.0
VRDN,BREAKOUT,2025-11-03,27.44,6.6,-39.5,,3.4,-50.0,,-51.1
VRDN,BOTTOM,2026-06-01,15.78,,,,,,,0.0
VRNS,BOTTOM,2019-06-03,20.21,12.9,26.0,38.9,8.8,15.5,25.7,-1.6
VRNS,BOTTOM,2020-03-16,17.59,65.8,111.5,201.2,30.3,65.8,128.3,0.0
VRNS,BOTTOM,2021-06-14,56.82,21.1,-16.1,-47.9,14.3,-27.7,-37.3,-16.1
VRNS,BREAKOUT,2021-08-30,73.15,-34.2,-43.1,-64.8,-34.6,-39.1,-52.6,-54.0
VRSK,BREAKOUT,2023-05-01,206.23,9.1,9.7,13.2,0.4,3.6,-12.5,0.0
VRSN,BREAKOUT,2021-05-03,219.56,-4.0,4.4,-22.8,-9.2,-7.3,-21.5,-7.6
VRSN,BOTTOM,2023-03-06,188.34,15.6,8.0,-0.1,3.7,-8.3,-34.7,0.0
VRSN,BREAKOUT,2026-05-18,310.0,,,,,,,-17.5
VRT,BOTTOM,2022-12-12,13.09,-0.2,71.5,263.4,-2.3,56.0,239.1,-7.3
VRT,BREAKOUT,2025-09-29,160.07,9.7,63.2,,7.3,64.6,,-0.2
VRTS,BOTTOM,2022-09-19,145.58,11.9,-0.1,21.4,7.4,-8.6,2.5,-13.6
VRTS,BOTTOM,2023-04-17,163.44,14.7,-8.0,23.5,4.6,-10.9,1.7,-9.9
VRTS,BREAKOUT,2024-11-25,227.3,-23.2,-29.1,-32.0,-22.1,-27.5,-46.8,-39.0
VRTX,BREAKOUT,2018-01-22,169.21,-7.8,1.7,12.0,-1.2,2.7,17.5,-11.7
VRTX,BREAKOUT,2019-10-28,200.94,13.0,26.9,3.7,7.4,33.5,-5.0,0.0
VSAT,BREAKOUT,2021-11-01,67.0,-39.2,-41.6,-43.1,-35.3,-30.0,-24.6,-45.1
VSAT,BOTTOM,2022-11-07,34.05,-9.5,5.0,-44.4,-12.4,0.8,-56.7,-12.1
VSAT,BOTTOM,2023-01-23,34.25,2.3,-12.4,-32.2,-0.6,-25.9,-54.2,-12.4
VSAT,BREAKOUT,2023-05-22,45.3,-43.6,-55.1,-64.6,-48.8,-64.3,-92.5,-65.7
VSAT,BOTTOM,2025-02-17,9.0,1.7,210.3,416.7,4.8,202.1,400.4,-6.9
VSAT,BREAKOUT,2025-08-04,25.62,39.8,62.8,,34.2,53.8,,0.0
VSAT,BOTTOM,2025-12-15,33.81,37.2,89.7,,41.7,79.4,,0.0
VSEC,BREAKOUT,2020-12-14,39.16,-1.5,24.0,45.5,-7.3,10.9,19.2,-14.5
VSEC,BOTTOM,2022-12-12,44.6,-6.3,22.5,36.5,-8.5,7.0,12.2,-6.8
VSH,BOTTOM,2019-04-29,17.32,-16.6,1.6,-18.4,-16.6,-3.5,-16.6,-24.0
VSH,BREAKOUT,2020-01-13,20.28,-34.6,-31.8,-0.2,-21.4,-29.7,-15.5,-45.2
VSH,BOTTOM,2020-06-15,13.36,5.3,34.5,45.1,-2.3,13.9,8.6,-2.9
VSH,BREAKOUT,2022-11-07,20.61,-6.0,9.6,0.2,-8.8,5.5,-12.1,-6.0
VST,BREAKOUT,2021-12-27,21.08,3.7,4.2,5.1,8.1,23.3,23.3,-5.8
VSTM,BREAKOUT,2018-06-04,68.16,58.3,-21.8,-78.0,54.4,-17.4,-83.4,-21.8
VSTM,BOTTOM,2019-01-21,39.6,-33.3,-55.5,-43.3,-44.2,-70.1,-69.4,-62.1
VSTM,BREAKOUT,2020-03-02,40.56,-44.4,-66.0,-34.3,-52.4,-82.3,-65.7,-66.0
VSTM,BOTTOM,2020-11-30,26.28,1.4,82.6,10.5,-2.8,67.5,-13.8,-11.0
VSTM,BOTTOM,2021-07-19,39.72,-23.0,-55.3,-64.7,-26.3,-55.5,-55.7,-55.3
VSTM,BOTTOM,2023-07-03,8.0,0.1,6.0,-65.7,1.8,-1.5,-94.0,-22.3
VSTM,BREAKOUT,2024-01-29,12.25,-11.0,-79.5,-50.4,-14.8,-88.0,-73.7,-79.5
VSTM,BOTTOM,2024-03-11,11.0,-68.5,-74.5,-36.7,-74.9,-85.0,-48.2,-79.1
VSTM,BOTTOM,2025-02-03,5.79,23.8,16.4,15.2,29.6,9.7,-1.1,-28.3
VSTS,BREAKOUT,2026-04-13,9.89,66.8,,,61.9,,,-6.6
VSXY,BOTTOM,2022-12-26,35.78,-4.6,-51.3,-25.8,-12.0,-68.1,-52.0,-52.6
VSXY,BOTTOM,2024-02-19,29.47,-29.6,-20.6,-5.1,-34.1,-32.0,-24.8,-45.1
VSXY,BREAKOUT,2024-10-28,31.51,15.4,-37.8,11.9,9.6,-37.7,-9.0,-49.2
VTOL,BOTTOM,2017-11-06,21.97,-13.2,9.0,2.6,-15.1,2.3,-7.0,-15.5
VTOL,BOTTOM,2018-12-10,19.11,15.7,-21.5,-1.8,6.6,-33.7,-26.0,-24.7
VTOL,BOTTOM,2020-01-06,18.25,-52.4,-27.9,50.8,-38.3,-26.4,31.5,-59.7
VTOL,BREAKOUT,2020-09-07,23.79,21.8,19.8,42.8,11.7,0.8,7.5,-15.8
VTOL,BREAKOUT,2021-08-23,32.25,-3.3,-0.3,-11.7,-5.6,1.8,-3.0,-8.5
VTOL,BOTTOM,2022-12-05,23.08,0.7,3.9,11.2,2.2,-6.3,-7.7,-9.8
VTOL,BREAKOUT,2024-05-06,33.8,11.0,11.4,-12.6,8.3,-4.2,-22.3,-5.7
VTR,BOTTOM,2020-11-30,40.8,12.5,16.8,-1.4,8.4,1.7,-25.7,-6.0
VTR,BREAKOUT,2022-03-14,51.15,-17.0,-18.0,-22.8,0.3,-5.4,-12.0,-19.1
VTR,BOTTOM,2023-08-21,39.22,5.9,4.6,43.8,2.0,-11.7,14.3,-6.9
VTRS,BREAKOUT,2018-01-08,37.73,-13.4,-22.0,-37.0,-9.2,-23.5,-31.9,-23.3
VTRS,BOTTOM,2018-10-22,25.18,-7.2,-13.6,-40.2,-7.9,-25.3,-56.2,-15.4
VTRS,BOTTOM,2019-10-14,14.75,18.2,-12.1,-14.3,6.2,-9.4,-33.1,-25.0
VTRS,BOTTOM,2020-12-21,14.3,-19.2,-17.4,-21.5,-26.9,-33.8,-50.7,-25.2
VTRS,BOTTOM,2022-06-06,9.39,-10.8,-1.6,-12.3,-15.5,-3.3,-24.4,-23.0
VTRS,BOTTOM,2023-01-23,10.2,-20.6,-10.4,5.2,-23.6,-23.9,-16.7,-21.5
VTRS,BREAKOUT,2024-01-01,10.78,-0.5,-12.0,6.7,-11.7,-31.3,-21.4,-13.3
VTRS,BREAKOUT,2024-11-18,12.52,-15.9,-36.3,-18.7,-16.9,-34.2,-30.7,-42.9
VTRS,BOTTOM,2025-09-22,9.26,30.9,39.9,,26.3,43.5,,0.0
VTS,BREAKOUT,2025-08-25,24.14,-18.7,-23.8,,-24.9,-30.7,,-24.7
VVV,BREAKOUT,2024-02-05,39.73,5.7,0.4,-2.6,1.5,-6.7,-24.0,0.0
VVX,BREAKOUT,2018-02-26,36.95,-12.3,-11.2,-23.4,-14.4,-20.0,-29.5,-17.3
VVX,BREAKOUT,2021-03-01,59.87,-17.8,-16.0,-22.7,-28.3,-34.8,-36.8,-25.9
VVX,BREAKOUT,2023-02-20,47.46,-12.2,5.4,-17.3,-18.5,-6.4,-47.4,-20.1
VVX,BREAKOUT,2024-08-19,57.09,6.3,-26.3,3.1,0.0,-33.7,-13.1,-26.3
VVX,BOTTOM,2025-06-16,44.75,22.9,19.5,91.2,10.9,4.3,64.1,0.0
VXX,BREAKOUT,2020-03-09,2764.8,-10.4,-40.9,-67.7,-24.0,-66.2,-116.8,-43.0
VXX,BOTTOM,2020-07-06,2057.6,-30.7,-49.1,-77.1,-40.3,-70.2,-116.3,-49.1
VXX,BOTTOM,2025-01-06,49.45,56.0,-8.6,-47.9,63.7,-16.7,-68.9,-15.6
VXX,BREAKOUT,2025-03-31,74.85,-36.4,-55.6,-53.6,-60.6,-88.8,-84.9,-56.1
VYX,BOTTOM,2018-03-12,21.35,-7.6,-17.6,-18.5,-9.1,-24.1,-23.1,-20.5
VYX,BOTTOM,2020-07-13,10.85,27.4,91.7,147.3,19.0,73.9,111.2,0.0
VYX,BREAKOUT,2020-12-21,22.43,3.5,27.5,7.5,-4.2,11.1,-21.7,-8.8
VYX,BOTTOM,2024-08-19,13.22,9.7,-10.3,3.8,3.4,-17.7,-12.4,-10.3
VYX,BOTTOM,2025-01-13,13.11,-40.5,7.6,-18.6,-28.9,2.0,-35.7,-40.5
VZ,BREAKOUT,2017-12-11,32.62,-6.8,-6.6,13.5,-10.1,-11.4,14.5,-11.1
VZ,BREAKOUT,2018-08-13,35.15,11.1,2.9,7.8,14.6,4.5,4.5,-2.6
VZ,BREAKOUT,2024-01-01,33.57,6.5,6.1,6.8,-4.6,-13.2,-21.3,-2.5
VZ,BREAKOUT,2026-01-26,43.13,9.7,,,5.3,,,-3.0
W,BREAKOUT,2020-05-04,188.05,64.7,60.1,62.5,49.8,39.4,15.8,-11.9
W,BOTTOM,2020-12-21,252.82,35.9,27.2,-19.2,28.3,10.8,-48.4,-10.7
W,BOTTOM,2023-03-06,32.46,60.5,119.2,89.6,48.7,102.9,55.0,-2.3
W,BREAKOUT,2023-07-10,69.51,-31.9,-26.7,-18.2,-28.3,-33.6,-44.5,-41.6
W,BOTTOM,2023-11-27,58.53,2.7,1.6,-21.0,-9.4,-14.1,-54.0,-13.0
W,BOTTOM,2024-04-29,63.59,-24.9,-36.9,-47.1,-29.4,-49.3,-59.3,-37.9
WAB,BREAKOUT,2018-05-07,88.78,18.9,-6.4,-21.1,14.6,-9.1,-28.7,-8.4
WAB,BOTTOM,2020-09-14,65.64,8.5,11.9,29.8,-3.7,-6.8,-5.6,-12.6
WAB,BREAKOUT,2021-01-04,78.76,-2.0,2.3,17.7,-10.2,-12.7,-6.2,-10.7
WAB,BREAKOUT,2022-11-07,99.18,2.2,-2.9,11.9,-0.6,-7.0,-0.4,-7.6
WABC,BREAKOUT,2018-08-06,49.37,-0.3,0.8,0.7,1.2,4.3,-4.4,-15.0
WABC,BREAKOUT,2021-03-01,52.95,0.2,-9.7,-3.0,-10.4,-28.6,-17.2,-11.3
WABC,BREAKOUT,2022-10-24,55.07,-11.7,-34.8,-24.0,-16.5,-42.6,-31.2,-34.9
WABC,BOTTOM,2023-10-30,45.07,-5.3,1.7,7.2,-19.5,-16.8,-25.9,-7.8
WABC,BREAKOUT,2026-02-02,52.02,5.4,,,-1.7,,,-5.5
WAFD,BREAKOUT,2019-06-24,27.92,7.5,6.7,-25.7,6.2,-4.5,-30.1,-0.3
WAFD,BOTTOM,2020-06-15,21.2,-13.2,1.6,23.5,-20.7,-19.0,-12.9,-19.7
WAFD,BOTTOM,2023-08-28,25.47,2.1,0.1,35.7,-0.1,-14.5,9.0,-13.6
WAFD,BOTTOM,2024-04-15,25.87,24.5,31.8,3.8,13.2,13.0,-3.9,-4.7
WAFD,BREAKOUT,2024-07-15,32.2,5.9,-10.8,-10.7,-0.9,-20.4,-26.4,-10.8
WAFD,BOTTOM,2025-08-11,29.57,0.9,10.4,,-3.8,3.8,,-7.4
WAL,BREAKOUT,2017-09-25,45.81,6.7,9.5,7.2,-0.1,3.8,-10.7,-1.2
WAL,BOTTOM,2019-06-03,37.76,0.6,24.2,5.5,-3.5,13.7,-7.8,-3.1
WAL,BOTTOM,2020-06-15,34.27,-12.1,52.7,133.8,-19.7,32.1,97.4,-18.6
WAL,BREAKOUT,2020-12-07,51.96,70.3,68.2,86.4,62.2,51.5,56.1,0.0
WAL,BOTTOM,2023-03-06,45.65,-19.9,-0.3,26.5,-31.7,-16.6,-8.2,-45.0
WAL,BOTTOM,2023-06-05,36.57,24.5,47.2,54.7,20.5,39.4,28.7,-10.1
WASH,BREAKOUT,2017-09-25,35.39,-6.3,-4.7,-0.4,-13.1,-10.4,-18.3,-7.7
WASH,BREAKOUT,2019-12-16,36.16,-40.9,-39.1,-12.8,-12.7,-36.3,-30.0,-47.5
WASH,BOTTOM,2020-06-15,22.02,4.5,43.3,64.6,-3.0,22.7,28.2,-6.3
WASH,BOTTOM,2020-09-14,23.02,37.1,65.6,61.1,24.9,47.0,25.7,-7.0
WASH,BOTTOM,2024-01-29,22.21,1.2,14.6,32.2,-2.5,6.1,8.9,-6.0
WASH,BREAKOUT,2024-07-22,28.23,6.7,3.1,-9.1,0.0,-9.3,-27.5,-12.1
WASH,BREAKOUT,2026-01-26,33.28,-5.5,,,-9.9,,,-8.8
WAT,BREAKOUT,2019-01-21,229.16,-6.5,-5.0,3.7,-17.4,-19.7,-22.4,-12.4
WATT,BREAKOUT,2017-12-25,11670.0,-17.6,-23.8,-69.8,-16.6,-26.3,-64.4,-23.8
WATT,BOTTOM,2019-04-01,3648.0,-28.1,-46.7,-89.7,-32.1,-49.7,-77.5,-46.7
WATT,BOTTOM,2021-01-11,1728.0,13.9,-17.4,-59.0,2.5,-32.9,-84.4,-17.4
WATT,BOTTOM,2021-04-05,2364.0,-33.5,-49.2,-72.3,-39.7,-56.3,-82.5,-49.2
WATT,BOTTOM,2022-11-14,618.0,-32.5,-68.6,-90.4,-35.8,-75.2,-106.0,-68.6
WATT,BOTTOM,2025-09-15,7.63,-44.7,136.4,,-47.5,138.2,,-50.8
WATT,BREAKOUT,2026-03-16,18.04,39.9,,,24.4,,,-19.6
WB,BOTTOM,2019-04-29,49.14,-45.1,-26.2,-49.1,-45.1,-31.3,-47.3,-48.4
WB,BOTTOM,2019-12-23,33.62,-28.8,-27.7,-5.9,-7.7,-21.6,-22.3,-36.5
WB,BOTTOM,2020-10-26,29.68,9.7,21.3,8.3,-4.1,-7.5,-34.4,-4.6
WB,BOTTOM,2023-04-24,12.51,-6.7,-26.9,-41.1,-17.0,-26.3,-65.1,-30.1
WB,BOTTOM,2024-06-17,6.85,-6.8,19.2,28.0,-11.5,9.9,17.5,-11.1
WB,BREAKOUT,2024-09-30,9.75,-20.5,-26.2,20.9,-24.2,-14.9,2.7,-28.3
WB,BOTTOM,2024-12-16,8.17,3.7,7.4,16.5,8.0,6.3,-0.0,-13.0
WB,BREAKOUT,2025-08-11,10.79,-12.9,-13.3,,-17.6,-19.9,,-16.5
WBD,BREAKOUT,2018-06-11,27.17,18.4,2.9,6.8,13.5,8.5,0.9,-4.3
WBD,BOTTOM,2020-07-13,21.42,-2.1,71.6,31.6,-10.5,53.9,-4.5,-5.5
WBD,BREAKOUT,2021-01-04,34.63,21.3,-15.4,-13.2,13.0,-30.4,-37.1,-16.0
WBD,BOTTOM,2021-04-26,37.66,-23.0,-37.8,-51.8,-28.4,-48.5,-51.8,-37.8
WBD,BOTTOM,2023-04-17,13.58,-4.8,-23.9,-38.1,-14.9,-26.9,-60.0,-24.3
WBD,BOTTOM,2025-01-13,9.52,-14.8,33.9,200.2,-3.2,28.3,183.1,-16.3
WBD,BREAKOUT,2025-07-14,12.75,42.7,124.2,110.7,36.5,113.3,91.0,-14.4
WBS,BOTTOM,2020-06-15,24.12,-5.5,45.3,83.9,-13.1,24.7,47.5,-14.9
WBS,BREAKOUT,2021-01-11,43.32,12.1,-5.7,28.3,0.7,-21.2,3.0,-9.4
WBS,BREAKOUT,2022-01-03,54.71,-20.3,-30.3,-21.8,-16.6,-14.3,-6.4,-31.4
WBS,BOTTOM,2022-12-12,39.78,-13.4,-11.1,19.3,-15.6,-26.6,-5.0,-25.4
WBS,BREAKOUT,2024-10-14,50.45,13.7,-13.4,5.7,11.1,-4.1,-9.4,-19.9
WCC,BOTTOM,2019-06-03,47.38,-5.4,12.9,-17.8,-9.5,2.4,-31.0,-12.6
WCC,BREAKOUT,2019-12-23,57.46,-61.3,-42.8,29.3,-40.2,-36.7,12.9,-70.3
WCC,BREAKOUT,2020-11-16,60.07,31.5,67.6,119.7,21.3,50.0,85.9,0.0
WCC,BREAKOUT,2024-01-29,180.08,-8.7,-16.3,1.5,-12.4,-24.8,-21.8,-21.0
WCC,BREAKOUT,2024-11-04,202.78,-9.5,-21.0,25.3,-10.2,-15.9,11.8,-33.5
WCC,BREAKOUT,2025-07-21,212.91,5.4,34.1,,-1.2,25.3,,-5.1
WCN,BREAKOUT,2020-01-13,93.79,-10.2,4.7,4.6,3.0,6.8,-10.7,-23.5
WD,BOTTOM,2020-10-26,53.17,31.5,78.0,111.0,17.7,49.3,68.4,0.0
WD,BREAKOUT,2020-11-09,67.76,25.8,28.0,88.8,15.7,10.8,56.5,-1.8
WD,BOTTOM,2023-03-06,70.11,1.6,4.9,21.6,-10.3,-11.4,-13.0,-15.5
WD,BREAKOUT,2023-12-11,95.77,-14.0,-8.8,3.3,-23.0,-24.8,-26.6,-14.0
WD,BREAKOUT,2024-09-16,103.48,-11.4,-21.6,-19.0,-15.8,-21.5,-37.2,-24.7
WDAY,BOTTOM,2020-03-23,136.21,37.6,58.4,83.3,18.7,27.6,24.5,-14.8
WDAY,BREAKOUT,2020-08-24,243.88,-8.2,0.5,10.4,-12.4,-8.9,-19.9,-17.8
WDAY,BREAKOUT,2021-10-25,289.98,-17.9,-28.7,-45.6,-14.4,-19.0,-31.6,-28.9
WDAY,BOTTOM,2025-01-13,249.64,-11.5,-6.6,-25.1,0.2,-12.3,-42.3,-13.0
WDC,BREAKOUT,2018-03-05,68.71,-16.6,-41.4,-50.7,-16.7,-45.4,-50.9,-41.4
WDC,BOTTOM,2019-04-29,36.68,8.3,8.1,-17.0,8.3,3.0,-15.1,-28.5
WDC,BREAKOUT,2019-09-02,45.46,-20.4,-10.6,-36.8,-26.6,-11.3,-54.1,-21.4
WDC,BOTTOM,2020-06-15,33.4,-16.2,19.8,56.5,-23.7,-0.8,20.1,-24.1
WDC,BREAKOUT,2021-02-15,51.83,5.0,-12.8,-19.4,-1.7,-27.3,-32.2,-12.8
WDC,BOTTOM,2022-02-07,40.43,8.8,-5.7,-20.0,17.3,-3.4,-14.1,-19.2
WDC,BOTTOM,2023-07-17,28.82,11.9,43.0,82.3,18.4,35.5,59.2,0.0
WDC,BREAKOUT,2023-08-28,34.58,5.3,39.9,42.7,3.2,25.4,16.0,-15.2
WDC,BREAKOUT,2025-06-23,63.12,69.1,187.4,829.1,61.1,174.5,809.3,0.0
WDFC,BREAKOUT,2017-11-27,104.1,7.2,18.0,49.0,5.0,13.6,42.9,-2.3
WDFC,BREAKOUT,2019-08-05,166.48,-0.5,0.4,7.3,-6.9,-14.6,-9.7,-2.6
WDFC,BREAKOUT,2023-07-10,213.75,-10.4,22.0,8.0,-6.8,15.1,-18.4,-10.4
WDFC,BREAKOUT,2024-11-04,268.93,-14.2,-15.8,-27.3,-15.0,-10.7,-40.8,-19.7
WDFC,BREAKOUT,2026-02-09,242.53,-17.3,,,-26.0,,,-17.9
WDS,BOTTOM,2021-12-27,11.48,63.2,38.0,68.1,67.6,57.1,86.2,0.0
WDS,BREAKOUT,2022-10-31,20.21,-2.4,-4.5,-4.8,-12.5,-15.1,-22.1,-13.0
WDS,BOTTOM,2025-04-07,12.12,27.4,14.6,95.3,10.3,-8.4,66.6,0.0
WEAV,BREAKOUT,2023-05-15,7.14,47.2,25.5,25.6,42.5,17.0,-2.7,-6.3
WEAV,BOTTOM,2023-11-27,9.86,27.8,-12.3,38.6,15.6,-28.0,5.6,-15.6
WEAV,BOTTOM,2025-05-12,10.78,-27.7,-43.2,-51.0,-36.3,-57.0,-76.8,-43.2
WEC,BREAKOUT,2018-08-13,53.3,4.7,10.8,36.5,8.2,12.5,33.2,-2.2
WELL,BOTTOM,2020-12-14,55.63,11.5,24.8,34.1,5.6,11.6,7.9,-5.3
WELL,BREAKOUT,2022-03-07,82.4,-9.4,-13.7,-23.2,-2.5,-11.2,-16.6,-15.6
WELL,BOTTOM,2023-03-20,62.93,13.9,24.6,40.4,4.0,15.1,6.8,0.0
WEN,BREAKOUT,2017-12-18,12.18,2.7,11.4,-2.6,5.8,7.9,5.7,-4.7
WEN,BREAKOUT,2020-10-05,18.97,-11.2,-11.8,-7.3,-21.6,-31.3,-35.3,-18.5
WERN,BREAKOUT,2021-03-08,43.77,-4.0,0.0,-10.1,-12.1,-13.8,-18.1,-9.7
WERN,BREAKOUT,2023-01-16,42.68,3.4,1.4,-10.3,-1.1,-13.7,-34.1,-6.1
WEST,BOTTOM,2025-08-04,6.99,-44.6,-28.5,,-50.2,-37.5,,-44.6
WEST,BOTTOM,2026-03-09,4.26,123.0,,,110.7,,,-8.2
WEST,BREAKOUT,2026-05-04,8.25,,,,,,,-14.4
WEX,BREAKOUT,2020-01-13,225.89,-49.2,-27.6,-11.1,-36.1,-25.5,-26.4,-62.4
WEX,BOTTOM,2020-03-23,108.78,43.0,28.8,102.0,24.0,-2.0,43.2,-13.7
WEX,BREAKOUT,2023-01-23,181.87,-2.5,3.6,13.9,-5.4,-9.9,-8.1,-7.3
WEX,BOTTOM,2025-12-22,153.12,-3.6,-9.9,,4.3,-16.0,,-16.7
WF,BOTTOM,2019-12-16,23.08,-42.1,-27.3,-10.4,-13.8,-24.5,-27.7,-42.1
WF,BOTTOM,2023-04-17,21.43,5.2,7.8,27.6,-4.9,4.9,5.7,-3.2
WF,BREAKOUT,2025-04-28,37.09,37.6,44.6,88.5,27.6,23.5,59.9,0.0
WFC,BREAKOUT,2017-12-04,46.97,-1.2,-4.8,-12.8,-6.8,-10.6,-13.9,-13.7
WFC,BREAKOUT,2019-11-04,45.86,-10.6,-51.5,-57.9,-18.7,-47.2,-73.4,-51.5
WFC,BOTTOM,2022-10-31,42.76,2.4,-17.7,-8.2,-7.6,-28.2,-25.5,-22.0
WFC,BREAKOUT,2023-12-11,47.47,15.1,15.6,43.7,6.1,-0.5,13.8,-5.8
WFG,BOTTOM,2019-01-28,54.84,-17.3,-38.7,-33.6,-26.7,-48.1,-55.0,-38.7
WFG,BOTTOM,2020-03-16,15.95,88.8,207.4,282.9,53.3,161.7,210.0,-2.8
WFRD,BREAKOUT,2022-10-24,40.07,35.3,56.9,126.7,30.5,49.1,119.4,0.0
WGO,BOTTOM,2018-07-23,32.8,-31.9,-22.1,5.8,-26.7,-17.5,-3.7,-45.9
WGO,BOTTOM,2019-05-20,29.14,-4.7,44.5,74.2,-6.0,33.4,67.6,-8.3
WGO,BOTTOM,2020-10-19,42.48,37.8,60.7,40.3,26.6,39.3,7.4,-2.9
WGO,BREAKOUT,2021-01-25,60.8,15.9,4.4,-8.3,2.8,-14.9,-29.3,-9.1
WGO,BOTTOM,2022-10-31,51.67,19.5,3.9,13.8,9.4,-6.7,-3.5,-8.4
WGO,BREAKOUT,2023-01-30,61.73,-13.1,-0.7,0.5,-13.5,-9.9,-21.2,-19.9
WGO,BOTTOM,2024-12-16,46.65,-30.0,-35.8,-9.1,-25.6,-36.9,-25.6,-37.7
WGO,BOTTOM,2025-10-06,28.77,49.8,12.2,,43.2,7.6,,0.0
WGO,BREAKOUT,2026-01-12,46.71,-28.7,-34.3,,-31.6,-42.3,,-41.4
WH,BOTTOM,2020-10-19,47.42,14.6,42.0,58.1,3.4,20.6,25.2,-11.2
WHD,BOTTOM,2020-02-10,27.35,-44.0,-14.4,-0.8,-29.3,-15.2,-19.3,-61.8
WHD,BOTTOM,2020-11-30,26.18,33.5,47.6,29.1,29.3,32.5,4.8,-6.4
WHD,BREAKOUT,2024-07-08,54.49,13.4,7.2,-16.7,9.5,2.9,-29.5,-0.8
WHD,BOTTOM,2025-09-15,39.15,16.0,16.1,,13.2,17.9,,-15.4
WHR,BOTTOM,2023-03-06,109.38,9.6,6.7,-11.8,-2.2,-9.7,-46.4,-3.2
WHR,BREAKOUT,2024-12-09,114.08,-24.6,-23.7,-32.8,-18.1,-23.1,-47.0,-35.9
WINA,BREAKOUT,2019-12-16,159.85,-32.3,-10.8,3.3,-4.1,-8.1,-13.9,-38.6
WINA,BOTTOM,2020-03-16,108.23,31.7,23.3,48.7,-3.8,-22.5,-24.3,-9.4
WING,BREAKOUT,2020-04-13,96.82,27.8,21.5,33.6,15.1,-0.7,-14.3,0.0
WING,BOTTOM,2021-04-05,129.78,15.0,14.9,-15.8,8.8,7.8,-26.0,-0.9
WIX,BOTTOM,2020-03-23,106.26,137.0,133.6,164.2,118.1,102.8,105.5,-11.3
WIX,BREAKOUT,2020-05-04,159.95,82.3,79.0,80.6,67.4,58.2,33.9,0.0
WIX,BREAKOUT,2021-02-15,353.09,-29.7,-40.4,-75.6,-36.5,-54.8,-88.4,-41.8
WIX,BOTTOM,2023-01-02,74.62,25.2,2.0,58.3,19.3,-11.8,35.9,-1.1
WIX,BREAKOUT,2023-11-27,105.7,31.8,52.4,111.7,19.6,36.7,78.7,-2.4
WK,BOTTOM,2020-03-23,35.31,57.2,59.0,153.3,38.3,28.2,94.6,-12.7
WK,BOTTOM,2022-11-07,77.98,15.0,14.0,14.8,12.1,9.9,2.5,-4.5
WK,BOTTOM,2025-09-01,79.93,15.6,-18.8,,9.3,-23.3,,-23.1
WK,BOTTOM,2025-12-08,87.33,-29.5,-44.0,,-26.9,-53.4,,-45.7
WKC,BOTTOM,2018-12-03,20.49,18.4,37.0,83.6,13.7,26.8,61.8,-13.9
WKC,BREAKOUT,2023-01-30,26.48,-19.8,-22.8,-20.7,-20.3,-32.0,-42.4,-28.0
WKC,BREAKOUT,2026-05-18,29.3,,,,,,,-2.3
WLDN,BOTTOM,2020-09-14,27.66,51.1,48.1,26.9,39.0,29.4,-8.5,-5.4
WLDN,BREAKOUT,2020-11-09,38.02,30.0,1.0,7.8,19.9,-16.2,-24.5,-3.3
WLDN,BOTTOM,2023-09-11,20.69,-2.9,33.8,84.0,-9.1,18.0,55.9,-17.0
WLDN,BREAKOUT,2025-05-12,48.63,132.4,97.1,89.4,123.8,83.4,63.6,0.0
WLFC,BREAKOUT,2018-11-05,36.71,5.5,44.3,62.8,7.6,39.5,49.4,-11.3
WLFC,BOTTOM,2023-09-04,40.33,14.4,14.8,144.3,10.8,-1.0,121.3,-3.5
WLFC,BREAKOUT,2024-04-29,54.29,68.4,235.1,185.6,63.8,222.7,173.3,0.0
WLFC,BOTTOM,2025-09-15,144.82,-7.5,17.6,,-10.4,19.3,,-17.6
WLFC,BREAKOUT,2026-02-16,204.84,-10.8,,,-19.3,,,-19.5
WLK,BREAKOUT,2022-01-10,99.27,14.5,-13.8,7.9,20.0,2.8,20.8,-13.8
WLY,BOTTOM,2019-10-14,35.16,12.4,-15.4,-24.2,0.5,-12.7,-43.0,-24.9
WLY,BOTTOM,2020-11-30,30.43,45.1,80.3,52.1,40.9,65.2,27.8,0.0
WLY,BREAKOUT,2021-01-04,40.0,17.5,24.8,20.1,9.2,9.8,-3.8,-5.0
WLY,BOTTOM,2023-03-06,31.81,9.9,1.5,6.7,-1.9,-14.8,-27.9,-13.9
WLY,BREAKOUT,2026-06-01,43.86,,,,,,,0.0
WM,BREAKOUT,2022-08-01,158.59,-7.4,-9.8,-3.4,1.2,-10.4,-13.2,-9.8
WM,BREAKOUT,2023-06-26,165.63,-11.7,4.2,25.0,-8.5,-3.9,0.5,-11.7
WM,BREAKOUT,2026-02-23,238.85,-11.8,,,-22.4,,,-11.8
WMG,BREAKOUT,2021-09-06,36.06,2.4,-19.9,-28.4,-3.6,-14.9,-20.9,-19.9
WMG,BOTTOM,2023-10-23,28.94,21.4,6.2,7.3,2.2,-18.5,-35.6,0.0
WMG,BREAKOUT,2025-02-10,35.01,-23.3,-9.3,-16.9,-21.1,-15.5,-30.0,-27.4
WMK,BREAKOUT,2018-05-21,44.92,-8.2,-8.5,-26.3,-14.3,-6.1,-32.2,-22.0
WMK,BOTTOM,2019-11-18,34.18,-2.1,45.4,28.0,-9.9,49.3,11.5,-6.0
WMK,BREAKOUT,2020-03-30,39.49,10.2,11.2,30.2,-16.2,-24.5,-33.8,-0.2
WMK,BREAKOUT,2021-02-15,50.29,-5.6,4.4,13.7,-12.3,-10.0,0.9,-8.0
WMK,BREAKOUT,2021-11-01,57.87,-4.2,31.6,40.1,-0.3,43.2,58.5,-4.8
WMK,BREAKOUT,2024-07-15,68.49,-6.8,-5.5,9.6,-13.6,-15.0,-6.1,-9.4
WMK,BREAKOUT,2026-06-01,78.22,,,,,,,-1.9
WMS,BREAKOUT,2019-06-10,30.24,2.9,20.8,44.0,-1.7,10.0,36.7,-0.6
WMS,BREAKOUT,2022-08-01,137.13,-40.4,-33.5,-6.4,-31.8,-34.1,-16.2,-41.2
WMS,BOTTOM,2022-12-12,84.2,-7.1,29.4,65.0,-9.2,13.9,40.7,-9.2
WMT,BREAKOUT,2019-06-03,32.06,8.7,14.0,16.7,4.6,3.5,3.4,0.0
WNC,BOTTOM,2019-06-03,12.33,-4.8,9.3,-17.2,-8.9,-1.2,-30.5,-7.2
WNC,BREAKOUT,2020-11-02,14.39,4.2,13.5,8.6,-7.0,-7.9,-27.0,-1.1
WNC,BOTTOM,2021-10-25,14.06,25.8,-6.9,35.3,29.2,2.7,49.3,-18.7
WNC,BREAKOUT,2022-01-03,18.58,-38.5,-30.9,18.5,-34.8,-14.9,33.9,-38.5
WNC,BOTTOM,2022-09-19,14.09,52.5,56.9,50.0,48.0,48.4,31.2,0.0
WNC,BREAKOUT,2022-10-31,20.72,30.5,7.4,-1.8,20.4,-3.1,-19.1,-3.3
WNC,BOTTOM,2025-10-06,8.45,20.2,8.2,,13.6,3.5,,-12.5
WNC,BOTTOM,2026-04-20,9.05,,,,,,,-24.3
WOR,BOTTOM,2017-09-18,26.52,-13.5,-19.6,-8.3,-21.3,-24.0,-27.5,-21.4
WOR,BREAKOUT,2019-12-16,23.51,-50.7,-18.1,17.0,-22.4,-15.4,-0.3,-50.7
WOR,BREAKOUT,2020-08-10,24.19,21.0,38.2,44.2,14.3,20.6,9.8,-11.7
WOR,BREAKOUT,2023-01-30,36.01,-5.0,17.1,57.7,-5.5,7.9,36.0,-15.0
WPC,BREAKOUT,2018-11-12,43.0,11.3,21.1,31.2,9.4,15.6,15.0,-3.5
WPP,BOTTOM,2019-06-03,42.31,0.4,8.5,-25.0,-3.7,-2.0,-38.2,-5.4
WPP,BREAKOUT,2021-02-15,45.58,17.2,14.3,39.7,10.5,-0.2,26.9,0.0
WRB,BOTTOM,2020-03-23,20.14,7.0,17.2,47.3,-11.9,-13.6,-11.5,-8.0
WRB,BOTTOM,2020-06-15,22.77,7.2,13.6,24.9,-0.3,-7.0,-11.5,-5.3
WRB,BOTTOM,2020-09-14,24.42,6.0,18.7,16.8,-6.1,0.0,-18.5,-4.0
WRBY,BOTTOM,2023-01-30,16.41,-29.3,-9.2,-16.4,-29.7,-18.4,-38.1,-41.0
WRBY,BOTTOM,2023-09-25,13.16,7.1,3.4,21.8,-4.5,-19.8,-13.7,-23.6
WRBY,BOTTOM,2024-04-15,12.05,31.0,37.3,18.3,19.8,18.5,10.7,0.0
WRBY,BREAKOUT,2024-05-13,16.53,-12.3,29.8,7.1,-17.4,18.4,-6.5,-20.8
WRBY,BREAKOUT,2025-09-15,28.48,-7.3,-20.3,,-10.2,-18.6,,-40.4
WRBY,BREAKOUT,2026-05-04,29.55,,,,,,,-23.1
WRLD,BREAKOUT,2023-07-17,150.86,-26.2,-5.4,-8.4,-19.6,-12.9,-31.5,-35.4
WRLD,BREAKOUT,2025-02-10,152.25,-0.0,12.2,-13.9,2.2,6.0,-27.0,-26.1
WRLD,BREAKOUT,2026-06-22,213.77,,,,,,,-10.2
WS,BOTTOM,2025-10-20,31.06,28.8,21.0,,26.8,15.0,,-9.9
WSBC,BOTTOM,2023-11-27,24.81,2.3,0.3,31.6,-9.9,-15.4,-1.4,-0.1
WSBC,BREAKOUT,2024-07-15,29.51,-1.5,1.1,6.5,-8.3,-8.5,-9.3,-8.3
WSC,BREAKOUT,2020-11-02,19.84,28.2,45.5,77.3,17.0,24.0,41.6,0.0
WSC,BREAKOUT,2022-08-01,40.59,10.8,15.5,5.4,19.4,14.9,-4.4,-3.8
WSC,BOTTOM,2024-08-26,37.88,-0.8,-14.5,-36.8,-8.0,-20.6,-52.7,-14.5
WSFS,BREAKOUT,2017-09-25,43.9,-1.7,-1.4,-2.5,-8.4,-7.1,-20.3,-4.0
WSFS,BOTTOM,2019-04-29,40.38,-5.9,-3.4,-37.3,-5.9,-8.5,-35.5,-10.1
WSFS,BREAKOUT,2020-12-21,41.67,14.2,9.2,14.4,6.6,-7.1,-14.9,-3.6
WSFS,BOTTOM,2022-10-24,44.13,3.7,-23.6,-25.6,-1.1,-31.4,-32.9,-23.6
WSFS,BOTTOM,2023-11-27,39.86,3.1,8.0,48.0,-9.1,-7.7,15.0,0.0
WSFS,BREAKOUT,2026-01-26,64.39,11.7,,,7.3,,,-2.9
WSM,BREAKOUT,2018-01-08,22.87,-12.8,12.1,-1.9,-8.6,10.6,3.2,-12.8
WSM,BOTTOM,2022-11-28,54.4,6.2,3.2,72.6,6.4,-2.8,58.0,-4.1
WSM,BOTTOM,2023-03-06,56.69,4.9,20.8,99.6,-6.9,4.5,64.9,-5.1
WSM,BOTTOM,2025-05-05,157.47,24.9,23.8,15.3,11.6,4.2,-16.9,-4.0
WSO,BREAKOUT,2017-09-18,119.52,7.0,10.7,14.4,-0.8,6.3,-4.8,0.0
WSO,BREAKOUT,2021-11-08,263.89,-12.4,-13.4,-5.1,-7.0,0.1,8.3,-13.8
WSO,BREAKOUT,2023-01-30,285.74,8.0,16.2,29.3,7.6,7.0,7.6,-6.7
WSO,BOTTOM,2026-06-01,368.22,,,,,,,0.0
WST,BOTTOM,2024-11-11,312.95,-31.7,-31.0,-16.6,-36.1,-33.1,-32.7,-35.8
WST,BOTTOM,2025-11-24,276.79,-8.2,16.6,,-8.9,5.3,,-16.6
WT,BOTTOM,2020-10-26,3.31,47.9,89.0,79.5,34.1,60.3,36.9,0.0
WT,BREAKOUT,2020-11-30,4.68,18.0,37.9,20.7,13.9,22.8,-3.7,-3.5
WT,BREAKOUT,2023-02-13,6.03,12.0,16.0,18.2,8.8,8.0,-6.3,-10.7
WT,BREAKOUT,2025-06-30,12.38,9.2,0.7,45.7,1.9,-9.2,25.3,-11.9
WTFC,BOTTOM,2019-06-10,63.64,-7.1,-4.4,-35.2,-11.7,-15.2,-42.5,-14.0
WTFC,BREAKOUT,2021-10-04,76.94,19.7,7.6,4.2,12.9,4.7,20.0,0.0
WTM,BREAKOUT,2018-05-21,901.2,2.5,-0.8,6.9,-3.6,1.6,0.9,-4.1
WTM,BREAKOUT,2022-05-23,1248.48,9.1,12.0,5.5,11.0,14.3,2.6,-2.8
WTRG,BREAKOUT,2019-04-22,31.63,8.1,19.6,15.4,4.6,15.8,17.0,-1.4
WTRG,BOTTOM,2020-06-15,35.33,-6.2,10.5,13.4,-13.8,-10.1,-23.0,-6.2
WTS,BOTTOM,2020-06-15,77.24,26.9,45.1,68.4,19.4,24.5,32.0,-3.3
WTS,BREAKOUT,2020-10-05,102.8,17.4,10.9,66.7,7.0,-8.6,38.7,0.0
WTS,BOTTOM,2023-01-02,144.6,4.6,18.3,32.5,-1.3,4.4,10.1,0.0
WTTR,BREAKOUT,2021-03-01,6.7,-8.5,-26.4,30.2,-19.1,-45.3,16.1,-36.2
WTTR,BOTTOM,2021-04-12,4.45,12.0,32.9,80.2,8.3,25.3,73.9,-3.9
WTTR,BOTTOM,2022-12-05,7.14,-13.3,3.9,-5.7,-11.9,-6.3,-24.6,-26.9
WTTR,BREAKOUT,2024-02-19,8.32,21.3,30.3,43.9,16.7,18.9,24.2,-3.8
WTTR,BOTTOM,2025-11-24,10.0,36.1,79.3,,35.5,68.0,,0.0
WTW,BREAKOUT,2019-01-28,150.18,8.6,18.5,29.0,-0.7,9.1,7.6,0.0
WTW,BREAKOUT,2022-11-21,232.42,-3.5,-8.8,1.6,-2.5,-14.1,-13.4,-8.8
WU,BOTTOM,2020-06-15,13.87,5.9,7.5,11.8,-1.7,-13.1,-24.6,-9.1
WU,BOTTOM,2020-09-07,14.2,1.1,13.9,-0.9,-9.0,-5.0,-36.2,-11.2
WU,BOTTOM,2023-06-05,8.77,10.5,5.2,17.8,6.5,-2.6,-8.2,-1.9
WULF,BOTTOM,2020-06-08,2.69,11.4,98.4,241.6,1.1,77.0,199.9,0.0
WULF,BREAKOUT,2020-12-28,8.5,5.3,135.4,77.1,-2.2,118.6,48.3,-10.2
WULF,BOTTOM,2024-04-29,2.19,67.6,183.1,46.6,63.0,170.7,34.3,-11.0
WULF,BREAKOUT,2024-06-10,3.92,8.2,79.6,2.6,4.3,67.6,-8.8,-6.4
WULF,BOTTOM,2025-07-28,4.76,225.6,180.9,,215.6,168.9,,0.0
WULF,BREAKOUT,2025-08-11,8.97,22.5,81.3,,17.8,74.7,,0.0
WVE,BOTTOM,2020-10-19,7.99,24.8,-24.0,-45.7,13.6,-45.5,-78.6,-24.0
WVE,BOTTOM,2021-02-01,11.56,-47.4,-48.6,-79.7,-56.6,-63.5,-96.9,-52.3
WVE,BOTTOM,2022-09-12,3.22,61.2,24.2,67.7,61.3,22.2,50.9,0.0
WVE,BOTTOM,2024-01-15,4.68,4.1,24.8,134.8,1.1,10.3,109.4,-16.5
WVE,BREAKOUT,2024-09-23,8.29,55.6,4.0,-18.0,51.1,6.1,-35.2,0.0
WVE,BREAKOUT,2025-12-08,16.56,-21.4,-64.6,,-18.8,-74.0,,-65.4
WWD,BOTTOM,2020-06-15,75.2,6.9,53.0,52.0,-0.7,32.4,15.5,-4.7
WWD,BOTTOM,2020-10-05,83.82,44.2,41.8,33.4,33.8,22.3,5.4,-8.3
WWD,BOTTOM,2023-02-27,100.58,8.3,27.2,39.8,2.1,14.8,11.0,-12.7
WWD,BREAKOUT,2025-01-13,187.85,-10.4,37.0,77.0,1.2,31.4,59.9,-16.7
WWW,BOTTOM,2024-04-29,10.21,28.6,44.8,34.3,24.0,32.4,22.0,0.0
WWW,BOTTOM,2025-12-08,17.8,-11.3,0.6,,-8.8,-8.8,,-14.3
WWW,BOTTOM,2026-03-30,15.85,4.3,,,-9.6,,,-3.8
WY,BOTTOM,2019-05-06,19.39,-1.7,19.2,-18.2,-3.5,11.0,-21.8,-10.8
WY,BOTTOM,2020-06-15,18.13,22.2,49.5,49.5,14.6,28.9,13.0,-5.3
WY,BREAKOUT,2021-12-06,33.23,3.0,-6.4,-16.9,13.5,10.2,-1.7,-6.4
WY,BOTTOM,2023-03-06,27.08,-0.0,8.8,20.0,-11.8,-7.5,-14.6,-5.4
WYNN,BOTTOM,2019-06-03,104.61,1.3,11.6,-6.0,-2.8,1.1,-19.3,-4.2
WYNN,BREAKOUT,2020-01-13,145.45,-47.8,-45.0,-29.3,-34.7,-42.9,-44.6,-67.7
XEL,BREAKOUT,2018-11-05,39.83,7.1,15.3,22.8,9.1,10.6,9.3,-2.9
XENE,BREAKOUT,2018-03-19,4.75,62.1,175.8,106.5,55.2,161.6,96.2,0.0
XENE,BOTTOM,2019-01-28,8.58,9.1,9.2,70.6,-0.3,-0.2,49.2,-8.6
XENE,BOTTOM,2019-07-08,10.16,-17.8,63.9,30.1,-16.8,54.5,22.4,-17.8
XENE,BREAKOUT,2021-10-04,32.85,-7.2,5.6,11.7,-14.0,2.7,27.6,-24.6
XENE,BOTTOM,2022-05-09,29.78,27.2,15.5,34.9,20.5,15.5,30.7,-7.7
XENE,BREAKOUT,2022-08-01,38.47,-7.2,1.9,-0.8,1.4,1.3,-10.6,-10.8
XENE,BREAKOUT,2023-12-18,44.63,-1.4,-16.0,-13.4,-11.8,-31.7,-39.9,-16.5
XENE,BREAKOUT,2025-11-24,44.72,-3.3,22.4,,-4.0,11.1,,-10.6
XERS,BOTTOM,2021-01-11,5.37,-27.2,-35.6,-58.7,-38.6,-51.1,-84.0,-41.9
XERS,BREAKOUT,2024-02-12,3.22,-38.5,-16.5,11.5,-44.8,-28.1,-12.1,-46.0
XHR,BREAKOUT,2024-02-26,14.13,-5.7,-6.5,-10.4,-8.9,-17.1,-27.7,-15.3
XHR,BREAKOUT,2024-09-30,14.3,-2.2,-34.6,-9.0,-5.8,-23.3,-27.2,-34.6
XIFR,BREAKOUT,2019-04-01,33.75,3.6,7.1,-18.2,-0.3,4.1,-6.0,-7.3
XIFR,BREAKOUT,2021-10-25,66.37,-16.1,-21.4,-10.0,-12.6,-11.7,4.0,-21.4
XIFR,BOTTOM,2024-02-19,24.24,27.8,2.4,-61.6,23.3,-8.9,-81.2,-6.1
XIFR,BOTTOM,2024-06-24,25.46,5.5,-31.7,-67.3,0.2,-41.8,-81.7,-35.5
XIFR,BOTTOM,2024-10-28,18.4,-42.7,-55.2,-46.4,-48.4,-55.0,-67.3,-55.2
XIFR,BOTTOM,2025-07-28,9.23,6.8,5.5,,-3.2,-6.4,,-4.3
XIFR,BREAKOUT,2026-05-04,11.73,,,,,,,-5.5
XMAX,BREAKOUT,2017-12-18,64.75,-17.8,-30.9,-82.2,-14.6,-34.5,-73.9,-34.4
XMAX,BOTTOM,2018-03-12,52.5,-13.3,-19.0,-56.7,-14.9,-25.6,-61.3,-20.5
XMAX,BOTTOM,2021-04-05,15.6,51.3,-28.8,-52.6,45.1,-35.9,-62.8,-31.7
XMAX,BOTTOM,2021-08-09,10.9,2.8,-28.4,-64.2,-2.4,-27.9,-61.4,-28.4
XMAX,BOTTOM,2023-04-17,2.8,-9.3,-21.4,-1.4,-19.4,-24.4,-23.3,-27.5
XMAX,BREAKOUT,2025-07-07,2.58,108.5,124.0,233.3,103.5,112.1,210.9,-31.4
XMAX,BOTTOM,2025-08-18,1.8,198.3,244.4,,195.9,237.0,,-1.1
XMTR,BREAKOUT,2024-12-16,41.67,-38.3,-22.1,47.6,-34.0,-23.3,31.1,-52.1
XMTR,BOTTOM,2025-05-12,34.29,39.0,76.7,151.2,30.4,62.9,125.3,-12.0
XMTR,BREAKOUT,2025-08-11,47.68,27.1,16.2,,22.3,9.7,,-1.4
XNCR,BREAKOUT,2018-02-19,27.64,43.5,48.0,14.4,44.0,42.5,10.9,0.0
XNCR,BOTTOM,2019-09-09,35.38,5.6,-25.2,7.6,-0.3,-15.5,-5.6,-25.2
XNCR,BREAKOUT,2020-09-14,43.02,4.2,7.4,-19.6,-7.9,-11.2,-55.0,-14.9
XNCR,BREAKOUT,2023-01-30,36.49,-24.9,-33.7,-48.6,-25.3,-42.9,-70.4,-35.9
XNCR,BOTTOM,2023-03-13,28.05,-5.6,-26.2,-17.7,-18.7,-40.8,-50.3,-26.2
XNCR,BOTTOM,2024-04-01,21.29,-14.4,-6.8,-59.2,-21.7,-18.0,-57.9,-24.7
XNCR,BREAKOUT,2024-11-18,25.01,-37.1,-69.7,-36.5,-38.1,-67.6,-48.6,-69.7
XNCR,BOTTOM,2025-06-23,8.14,42.1,87.0,84.9,34.2,74.1,65.0,-11.2
XOM,BREAKOUT,2018-01-01,59.36,-12.8,-3.2,-14.6,-8.2,-4.7,-8.6,-15.1
XOM,BREAKOUT,2025-11-10,117.7,25.3,34.2,,23.5,23.5,,-2.8
XP,BREAKOUT,2023-07-17,23.13,-17.7,1.9,-28.1,-11.1,-5.6,-51.2,-21.0
XP,BREAKOUT,2025-05-26,18.92,-6.3,1.8,-13.0,-16.1,-14.8,-42.8,-18.3
XP,BREAKOUT,2026-01-19,19.93,-2.2,,,-6.1,,,-24.0
XPEL,BOTTOM,2022-11-21,68.58,12.9,3.0,-31.8,13.9,-2.2,-46.7,-13.8
XPEL,BOTTOM,2024-05-06,34.16,30.2,29.8,7.5,27.5,14.2,-2.3,-2.2
XPEL,BOTTOM,2024-09-09,43.83,0.5,-26.0,-20.9,-7.3,-26.8,-39.3,-29.7
XPEL,BOTTOM,2024-12-23,39.65,-22.1,-8.2,31.3,-15.8,-12.2,13.9,-34.8
XPEL,BOTTOM,2025-09-01,35.68,37.8,13.3,,31.6,8.9,,-9.3
XPEL,BREAKOUT,2025-11-24,46.48,-8.3,-1.6,,-9.0,-13.0,,-18.4
XPEL,BOTTOM,2026-03-16,38.74,17.3,,,1.9,,,0.0
XPEV,BOTTOM,2022-06-13,28.17,-48.3,-63.4,-59.6,-54.1,-69.1,-81.7,-75.5
XPEV,BOTTOM,2023-11-27,15.74,-36.8,-47.2,-23.4,-48.9,-62.9,-56.5,-56.0
XPO,BOTTOM,2019-04-08,21.85,-7.6,17.2,-2.0,-11.7,14.1,0.1,-17.6
XPO,BOTTOM,2019-09-02,24.97,13.9,-8.9,21.2,7.7,-9.6,3.9,-8.9
XPO,BREAKOUT,2019-11-04,29.27,10.1,-19.2,13.9,2.1,-14.9,-1.6,-51.9
XPO,BREAKOUT,2020-11-09,36.19,15.9,39.6,31.1,5.8,22.4,-1.2,-0.8
XPO,BOTTOM,2023-02-06,35.22,33.0,107.9,243.1,31.7,97.9,218.4,-14.5
XPO,BREAKOUT,2024-10-28,130.19,2.7,-15.7,10.5,-3.1,-15.6,-10.4,-29.7
XPO,BOTTOM,2025-09-08,130.19,14.5,39.6,,10.5,38.3,,-3.4
XPRO,BOTTOM,2020-01-20,23.16,-44.8,-42.7,-19.2,-31.4,-41.4,-37.8,-51.8
XPRO,BREAKOUT,2021-02-22,27.18,-25.8,-33.6,-41.1,-36.6,-52.7,-57.7,-43.7
XPRO,BOTTOM,2021-05-24,20.16,-10.4,-27.3,-30.0,-18.0,-37.3,-30.1,-27.3
XPRO,BREAKOUT,2022-10-24,18.86,-2.3,5.5,-15.7,-7.1,-2.4,-22.9,-22.2
XPRO,BREAKOUT,2023-09-11,24.83,-34.5,-25.7,-31.4,-40.8,-41.5,-59.5,-40.6
XRAY,BREAKOUT,2020-01-13,53.2,-31.7,-24.9,-1.6,-18.5,-22.9,-16.9,-45.3
XRAY,BOTTOM,2020-06-15,38.81,6.5,21.2,46.0,-1.1,0.5,9.6,-3.5
XRAY,BOTTOM,2025-03-03,15.56,-1.3,-8.6,-18.1,-5.7,-21.6,-36.2,-20.9
XRAY,BOTTOM,2025-08-25,13.91,-19.7,5.5,,-25.9,-1.4,,-25.5
XRN,BOTTOM,2020-06-15,36.96,13.7,18.9,32.0,6.1,-1.7,-4.5,-7.2
XRN,BOTTOM,2023-04-24,35.2,9.0,-4.7,-4.7,-1.3,-4.1,-28.6,-10.0
XRN,BOTTOM,2025-10-27,29.27,15.0,19.7,,13.2,13.5,,0.0
XYL,BREAKOUT,2018-09-10,73.63,-18.9,-4.6,-1.5,-8.8,-2.7,-7.1,-21.4
XYL,BREAKOUT,2019-04-08,75.44,0.5,-5.1,-14.8,-3.6,-8.2,-12.6,-10.2
XYL,BREAKOUT,2020-10-05,84.61,18.9,19.9,35.5,8.5,0.4,7.4,-3.8
XYL,BREAKOUT,2025-07-28,140.36,6.4,-2.5,,-3.6,-14.4,,-3.0
XYZ,BOTTOM,2019-09-02,62.0,9.6,17.9,136.1,3.5,17.1,118.9,-6.7
XYZ,BREAKOUT,2020-02-17,83.49,-2.4,85.8,231.3,8.5,82.9,212.1,-54.4
XYZ,BOTTOM,2020-03-23,53.34,95.5,195.7,300.4,76.6,164.9,241.7,-18.0
XYZ,BOTTOM,2023-03-06,71.01,-8.5,-25.2,13.7,-20.4,-41.6,-20.9,-25.2
XYZ,BOTTOM,2024-04-15,70.42,-3.3,6.0,-23.5,-14.5,-12.8,-31.1,-14.5
XYZ,BREAKOUT,2024-11-18,92.26,-25.9,-36.3,-32.9,-27.0,-34.2,-44.9,-49.6
YELP,BREAKOUT,2018-08-06,49.35,-35.3,-23.0,-25.5,-33.8,-19.6,-30.5,-37.7
YELP,BOTTOM,2019-06-03,31.48,3.9,6.0,-14.0,-0.2,-4.5,-27.3,0.0
YELP,BREAKOUT,2021-02-01,35.59,10.9,10.0,-3.2,1.6,-4.9,-20.4,0.0
YELP,BREAKOUT,2023-07-17,41.16,2.5,6.9,-9.4,9.0,-0.6,-32.5,-0.3
YETI,BREAKOUT,2020-01-27,36.36,-28.3,34.5,81.0,-16.7,31.9,63.9,-54.8
YETI,BOTTOM,2020-03-09,22.88,55.9,113.5,211.6,42.3,88.2,162.5,-28.2
YETI,BOTTOM,2023-03-06,37.24,-3.6,27.0,4.3,-15.4,10.7,-30.3,-5.8
YETI,BREAKOUT,2023-08-28,50.89,-12.7,-18.9,-20.8,-14.8,-33.4,-47.4,-26.3
YEXT,BOTTOM,2019-01-21,14.84,39.6,50.5,1.3,28.7,35.9,-24.7,0.0
YEXT,BOTTOM,2019-09-02,16.99,-16.1,-15.2,-3.2,-22.2,-15.9,-20.4,-17.0
YEXT,BREAKOUT,2024-10-07,6.97,-5.3,-15.5,19.5,-5.8,-8.2,5.5,-15.5
YMM,BOTTOM,2023-02-20,6.44,-13.6,-1.5,-5.6,-20.0,-13.3,-35.7,-14.1
YMM,BOTTOM,2023-12-25,6.68,3.7,16.9,59.6,-6.7,1.7,32.8,-12.8
YOU,BOTTOM,2023-06-12,21.76,-12.9,-4.0,-21.5,-14.1,-11.6,-46.3,-31.5
YOU,BREAKOUT,2024-08-05,24.7,7.8,-9.5,27.4,-4.8,-23.0,6.4,-9.5
YOU,BREAKOUT,2025-08-18,35.73,-1.1,-5.1,,-3.5,-12.5,,-18.3
YOU,BOTTOM,2025-10-27,30.05,7.4,82.5,,5.7,76.2,,0.0
YPF,BOTTOM,2019-04-08,14.63,26.1,-36.5,-71.3,21.9,-39.6,-69.1,-41.5
YPF,BOTTOM,2019-12-23,11.82,-67.4,-51.8,-58.2,-46.4,-45.7,-74.6,-72.1
YPF,BOTTOM,2021-07-12,4.22,8.5,3.3,-29.6,4.8,-5.1,-20.2,-18.7
YPF,BOTTOM,2022-02-28,4.34,2.3,34.1,174.9,7.0,42.7,179.8,-32.9
YUM,BREAKOUT,2025-02-03,139.5,3.0,-0.6,15.7,8.8,-7.3,-0.6,-2.2
YUMC,BREAKOUT,2019-03-11,39.41,-3.3,9.8,-1.1,-6.1,2.2,1.7,-9.6
YUMC,BREAKOUT,2026-02-02,57.25,-18.6,,,-25.7,,,-28.6
Z,BREAKOUT,2018-03-05,55.19,13.1,-18.6,-30.4,13.0,-22.6,-30.7,-18.6
Z,BOTTOM,2019-08-12,35.94,10.4,44.3,113.2,2.0,26.3,94.3,-18.1
Z,BOTTOM,2024-06-03,42.63,25.1,92.9,64.9,23.6,78.3,51.3,0.0
Z,BREAKOUT,2024-09-09,59.74,33.8,18.1,46.9,26.0,17.4,28.5,-0.2
ZBH,BREAKOUT,2019-07-22,123.28,-0.1,10.3,0.5,-0.5,0.4,-7.9,-0.6
ZBIO,BOTTOM,2026-01-26,18.37,5.4,,,1.0,,,-4.9
ZBRA,BREAKOUT,2019-10-28,238.0,0.4,-5.2,19.2,-5.2,1.4,10.5,-25.2
ZBRA,BOTTOM,2025-09-08,312.65,-14.2,-35.2,,-18.1,-36.5,,-35.2
ZD,BOTTOM,2023-01-23,89.62,-18.4,-20.0,-22.7,-21.3,-33.4,-44.6,-32.3
ZD,BOTTOM,2025-01-06,51.59,-38.4,-36.7,-29.9,-30.7,-44.7,-50.8,-41.0
ZD,BOTTOM,2025-12-22,35.85,16.2,40.6,,24.0,34.5,,-24.5
ZD,BREAKOUT,2026-03-02,42.32,8.2,,,-1.7,,,-6.8
ZETA,BOTTOM,2023-01-16,8.68,19.6,2.9,12.4,15.1,-12.2,-11.3,-6.5
ZETA,BREAKOUT,2024-03-18,11.05,41.4,161.9,30.6,36.6,152.2,21.0,-1.1
ZETA,BOTTOM,2025-07-28,15.08,19.3,23.2,,9.3,11.3,,0.0
ZETA,BREAKOUT,2026-01-05,24.4,-40.1,-11.9,,-38.3,-21.3,,-40.4
ZG,BREAKOUT,2018-03-05,55.12,12.8,-19.3,-31.3,12.6,-23.3,-31.6,-19.3
ZG,BOTTOM,2019-08-12,35.63,10.9,45.0,115.2,2.4,27.1,96.2,-18.1
ZG,BOTTOM,2024-06-03,41.57,24.0,90.7,67.0,22.4,76.2,53.3,0.0
ZG,BREAKOUT,2024-09-16,65.05,13.4,7.3,28.7,9.0,7.4,10.4,-11.5
ZGN,BOTTOM,2024-05-20,12.16,-16.5,-38.3,-32.6,-23.0,-51.5,-43.4,-40.6
ZIM,BOTTOM,2024-04-22,7.91,30.2,83.2,68.0,22.8,68.6,58.3,-2.6
ZIM,BREAKOUT,2025-11-24,19.74,41.3,19.0,,40.6,7.6,,-8.1
ZION,BREAKOUT,2019-11-04,40.61,-8.9,-38.3,-35.2,-16.9,-34.0,-50.7,-51.0
ZION,BOTTOM,2020-06-15,29.43,-12.1,16.0,43.8,-19.6,-4.6,7.3,-20.4
ZION,BOTTOM,2024-01-15,38.26,-3.1,20.0,44.6,-6.0,5.5,19.1,-5.9
ZLAB,BOTTOM,2023-02-06,37.85,-11.3,-31.9,-50.6,-12.6,-41.9,-75.3,-33.2
ZLAB,BREAKOUT,2024-10-21,32.37,-18.8,-1.1,-18.7,-24.2,3.2,-37.1,-21.8
ZLAB,BOTTOM,2026-07-13,20.2,,,,,,,
ZM,BOTTOM,2023-09-25,69.94,2.8,-6.5,-0.6,-8.8,-29.8,-36.0,-15.2
ZM,BREAKOUT,2024-10-28,75.6,15.0,3.5,15.4,9.3,3.6,-5.5,-10.4
ZS,BREAKOUT,2020-05-25,98.09,43.9,52.7,98.0,28.2,32.1,57.7,0.0
ZS,BOTTOM,2022-10-17,150.48,-22.2,-32.4,7.8,-28.4,-43.5,-6.5,-32.4
ZS,BOTTOM,2025-01-20,193.47,11.4,47.9,8.3,20.6,42.5,-6.3,-9.7
ZTO,BREAKOUT,2018-05-14,15.33,9.8,-3.6,3.3,4.3,-5.4,-4.1,-12.0
ZTO,BOTTOM,2022-01-31,27.03,-14.1,-10.9,-3.5,-6.1,-3.8,3.1,-24.5
ZTO,BOTTOM,2024-06-24,19.7,18.1,-3.3,-11.2,12.8,-13.4,-25.6,-11.7
ZTO,BOTTOM,2025-02-10,19.39,-5.2,1.1,25.2,-3.0,-5.0,12.1,-13.9
ZTS,BREAKOUT,2023-05-01,179.6,-3.9,-12.5,-9.4,-12.6,-18.6,-35.1,-16.0
ZVRA,BREAKOUT,2018-01-08,80.0,30.0,3.0,-47.4,34.2,1.5,-42.4,0.0
ZVRA,BOTTOM,2018-04-23,85.6,-24.3,-56.1,-69.7,-30.3,-56.5,-81.9,-56.1
ZVRA,BREAKOUT,2023-12-25,6.55,-11.5,-25.2,28.1,-21.8,-40.4,1.3,-33.4
ZVRA,BOTTOM,2024-05-20,4.66,54.1,105.7,85.6,47.6,92.5,74.8,-8.6
ZVRA,BREAKOUT,2025-06-30,9.74,0.1,-14.4,43.5,-7.2,-24.2,23.1,-21.3
ZVRA,BOTTOM,2025-10-20,10.61,-15.5,-5.0,,-17.5,-11.0,,-21.7
ZWS,BREAKOUT,2020-11-09,17.03,11.9,36.8,110.7,1.8,19.6,78.4,0.0
ZWS,BREAKOUT,2025-07-28,44.58,4.9,3.0,,-5.1,-9.0,,-1.8
ZYME,BOTTOM,2018-09-03,14.43,-8.9,9.8,101.5,-1.0,13.4,95.8,-24.1
ZYME,BOTTOM,2019-04-15,16.05,51.3,84.5,128.3,48.4,80.8,127.5,0.0
ZYME,BREAKOUT,2020-11-23,49.86,-27.2,-37.4,-60.9,-32.2,-53.8,-88.9,-43.1
ZYME,BOTTOM,2021-02-15,41.14,-30.5,-23.6,-82.5,-37.2,-38.0,-95.4,-31.1
ZYME,BREAKOUT,2023-12-25,10.39,1.3,-18.1,39.6,-9.1,-33.3,12.8,-20.5
ZYME,BOTTOM,2024-05-27,8.48,38.3,66.2,34.8,31.1,51.2,21.6,-0.8
ZYME,BREAKOUT,2025-09-29,16.94,57.1,52.3,,54.8,53.7,,-2.8
