ticker,scale,R,state,div_dir,div_grade,base_len,start,asof,close,base_hi,base_lo,range_ratio,drift,prior_dd,pos,rsi,ma13_gt_26,rsi_slope26,px_slope26,n_rise,n_fall,n_rsi_pivots,med_dvol,ph_idx,s_idx,rsi_h1,rsi_h2,px_h2_over_h1,wk_h1_h2,wk_since_h2,mad_med,cv,mid_share,mad_tail8,mad_tail13,contr8,vol_dry8,rel_tight,zero_wk_share
A,weekly,1.5,COMP,,,70,2025-05-30 00:00,2026-09-25 00:00,161.94,161.94,109.78,1.48,0.38,-0.28,1.0,67.0,True,1.16,1.17,0,0,6,1212697816.0,"[32, 46, 52, 64]",856,60.1,70.6,1.175,12.0,5.0,0.0899,0.1079,0.486,0.0313,0.0583,0.35,1.15,,0.03
AA,weekly,2.0,ANTI,,,44,2025-11-28 00:00,2026-09-25 00:00,44.64,77.49,41.52,1.87,-0.18,-0.09,0.09,39.0,False,-1.24,-2.59,0,0,5,1483366140.0,"[13, 19, 26, 38]",882,69.2,46.5,0.669,12.0,5.0,0.1249,0.1607,0.523,0.0206,0.0357,0.16,0.7,,0.02
AA,daily,1.5,ANTI,,,68,2026-06-15 00:00,2026-09-21 00:00,44.64,64.04,42.8,1.5,-0.26,-0.49,0.09,36.3,False,-0.66,-0.49,0,1,4,242142426.0,"[19, 25, 39, 58]",4388,64.4,54.5,0.957,19.0,9.0,0.0452,0.088,0.603,0.0214,0.0414,0.47,0.69,,0.06
AAL,daily,1.5,,,,85,2026-05-20 00:00,2026-09-21 00:00,13.57,18.15,12.7,1.43,-0.37,-0.22,0.16,50.4,False,-0.01,-0.43,0,0,4,1091010185.0,"[4, 28, 52, 66]",4371,58.3,40.6,0.841,14.0,18.0,0.0809,0.1011,0.471,0.0097,0.0085,0.12,0.96,,0.01
AAOI,weekly,3.0,,,,31,2026-02-27 00:00,2026-09-25 00:00,108.67,190.36,84.23,2.26,-0.09,0.63,0.23,47.7,False,-1.86,-2.34,0,0,2,7500183122.0,"[9, 24]",648,90.7,58.3,0.819,15.0,6.0,0.2098,0.2464,0.387,0.0203,0.0572,0.1,0.53,,0.0
AAOI,daily,3.0,,,,142,2026-02-27 00:00,2026-09-21 00:00,108.67,223.1,76.52,2.92,-0.1,0.32,0.22,49.7,False,-0.46,-1.45,0,0,15,1454659910.0,"[93, 98, 117, 132]",3123,62.5,47.4,0.72,15.0,9.0,0.1929,0.2494,0.563,0.0456,0.0449,0.24,0.5,,0.01
AAON,weekly,2.0,ANTI,,,139,2024-02-02 00:00,2026-09-25 00:00,76.4,139.92,71.32,1.96,0.13,-0.02,0.07,37.8,False,-1.07,-1.9,0,0,9,353057905.0,"[67, 90, 107, 118]",787,59.8,73.2,1.367,11.0,20.0,0.111,0.1932,0.388,0.0351,0.1246,0.32,1.25,,0.01
AAP,weekly,2.0,ANTI,,,72,2025-05-16 00:00,2026-09-25 00:00,41.01,61.9,34.2,1.81,0.03,-0.69,0.25,36.7,False,-0.78,-1.24,0,0,7,429694269.0,"[29, 39, 50, 58]",854,60.0,58.7,1.055,8.0,13.0,0.1044,0.1266,0.514,0.0245,0.1522,0.23,0.86,,0.0
AAUC,weekly,2.0,,,,46,2025-11-14 00:00,2026-09-25 00:00,22.38,31.92,16.26,1.96,-0.16,-0.11,0.39,43.4,False,-1.26,-1.86,0,1,2,78470110.0,"[11, 23]",65,81.5,77.0,1.015,12.0,22.0,0.1276,0.1696,0.565,0.0214,0.0324,0.17,0.73,,0.0
AAUC,daily,1.5,,DN,broad,63,2026-06-23 00:00,2026-09-21 00:00,22.38,24.7,17.03,1.45,0.0,-0.47,0.7,49.6,False,-0.51,-0.19,0,0,5,11813529.0,"[20, 36, 46, 51]",463,60.6,58.2,0.997,5.0,11.0,0.0406,0.0733,0.46,0.0307,0.0342,0.76,0.75,,0.03
ABCL,daily,1.5,COMP,,,30,2026-08-10 00:00,2026-09-21 00:00,12.66,12.73,9.34,1.36,0.4,0.15,0.98,66.8,True,-0.89,0.14,0,0,1,59202350.0,[4],1419,,,,,,0.0273,0.0692,0.7,0.075,0.0227,2.75,0.88,,0.03
ABEO,weekly,2.0,,,,126,2024-05-03 00:00,2026-09-25 00:00,5.67,7.24,4.06,1.78,0.16,-0.53,0.51,48.4,True,-0.05,0.64,0,0,12,22146340.0,"[86, 94, 105, 115]",800,60.7,68.6,1.186,10.0,10.0,0.0892,0.1315,0.69,0.0353,0.0612,0.4,1.63,,0.0
ABEO,daily,1.5,ANTI,,,112,2026-04-13 00:00,2026-09-21 00:00,5.67,7.46,5.06,1.47,0.34,-0.08,0.25,43.7,False,-0.23,-0.48,0,0,9,6047004.0,"[60, 82, 93, 101]",4344,46.0,44.3,0.966,8.0,10.0,0.0527,0.0943,0.509,0.0137,0.0304,0.26,1.72,,0.03
ABR,daily,1.5,ANTI,,,92,2026-05-11 00:00,2026-09-21 00:00,4.34,6.26,4.28,1.46,-0.31,-0.48,0.03,29.2,False,-1.05,-0.68,0,0,7,19426683.0,"[46, 62, 72, 81]",4364,59.0,58.3,1.0,9.0,10.0,0.0293,0.0575,0.88,0.0343,0.0508,1.17,1.02,,0.03
ABSI,daily,1.5,,,,50,2026-07-13 00:00,2026-09-21 00:00,9.82,10.23,6.9,1.48,0.15,-0.41,0.88,61.6,False,-0.32,-0.28,0,0,3,24160356.0,"[22, 27, 40]",1247,62.6,49.6,0.892,13.0,9.0,0.067,0.0882,0.66,0.0286,0.0636,0.43,1.03,,0.04
ABSI,daily,2.0,,,,80,2026-05-28 00:00,2026-09-21 00:00,9.82,11.62,5.94,1.96,0.25,-0.0,0.68,61.6,False,-0.32,-0.28,0,0,5,28377866.0,"[22, 52, 57, 70]",1217,62.6,49.6,0.892,13.0,9.0,0.1106,0.1677,0.625,0.0286,0.0636,0.26,0.88,,0.03
ABUS,weekly,1.5,COMP,,,58,2025-08-22 00:00,2026-09-25 00:00,5.0,5.21,3.59,1.45,0.38,-0.21,0.87,57.8,True,0.36,0.65,0,0,7,30174818.0,"[27, 34, 45, 52]",770,59.7,63.5,1.07,7.0,5.0,0.0385,0.0751,0.81,0.0188,0.0493,0.49,2.78,,0.02
ABVX,weekly,1.5,,,,48,2025-10-31 00:00,2026-09-25 00:00,103.45,144.65,96.55,1.5,-0.01,0.03,0.14,43.9,True,-0.28,-0.15,0,0,5,627474698.0,"[16, 23, 30, 35]",106,59.2,61.2,1.091,5.0,12.0,0.0583,0.0956,0.688,0.0342,0.0567,0.59,0.84,,0.0
ABX,weekly,1.5,,,,33,2026-02-13 00:00,2026-09-25 00:00,8.05,11.86,8.05,1.47,0.23,-0.33,0.0,39.5,True,-0.36,0.35,0,0,3,24357484.0,"[3, 11, 20]",282,60.7,72.2,1.256,9.0,12.0,0.0518,0.0871,0.636,0.0194,0.0673,0.37,0.86,,0.0
ABX,weekly,2.0,,,,44,2025-11-28 00:00,2026-09-25 00:00,8.05,11.86,6.43,1.84,0.4,-0.46,0.3,39.5,True,-0.36,0.35,0,0,4,23753011.0,"[3, 14, 22, 31]",271,60.7,72.2,1.256,9.0,12.0,0.064,0.1129,0.864,0.0194,0.0673,0.3,0.89,,0.0
ABX,daily,1.5,ANTI,,,118,2026-04-02 00:00,2026-09-21 00:00,8.05,12.0,8.01,1.5,0.24,-0.22,0.01,26.2,False,-0.2,-0.18,0,0,10,4791554.0,"[84, 92, 99, 106]",1394,52.2,51.0,0.987,7.0,11.0,0.0387,0.0893,0.72,0.0248,0.0189,0.64,0.72,,0.02
ACAD,weekly,1.5,,,,72,2025-05-16 00:00,2026-09-25 00:00,26.4,29.5,20.06,1.47,0.35,-0.38,0.67,53.5,True,0.92,1.26,0,0,6,190821983.0,"[15, 29, 51, 64]",854,47.6,69.8,1.304,13.0,7.0,0.0809,0.1043,0.431,0.0323,0.0484,0.4,1.14,,0.04
ACAD,weekly,2.0,,,,74,2025-05-02 00:00,2026-09-25 00:00,26.4,29.5,14.91,1.98,0.3,-0.54,0.79,53.5,True,0.92,1.26,0,0,6,190821983.0,"[17, 31, 53, 66]",852,47.6,69.8,1.304,13.0,7.0,0.0812,0.1168,0.703,0.0323,0.0484,0.4,1.14,,0.04
ACB,weekly,2.0,,,,41,2025-12-19 00:00,2026-09-25 00:00,4.03,4.96,2.63,1.89,-0.36,-0.64,0.6,60.4,True,0.76,0.33,0,0,5,16621271.0,"[10, 17, 23, 36]",597,45.7,61.8,1.114,13.0,4.0,0.1121,0.1506,0.683,0.0294,0.0951,0.26,1.31,,0.02
ACDC,weekly,2.0,,,,39,2026-01-02 00:00,2026-09-25 00:00,4.96,7.55,4.04,1.87,-0.06,-0.58,0.26,46.2,False,-0.8,-1.93,0,0,2,37554832.0,"[16, 32]",190,66.7,48.9,0.728,16.0,6.0,0.1061,0.1756,0.641,0.0247,0.0383,0.23,1.06,,0.0
ACDC,daily,2.0,,,,68,2026-06-15 00:00,2026-09-21 00:00,4.96,7.0,3.61,1.94,-0.22,-0.55,0.4,48.9,True,-0.03,0.12,1,0,5,7234340.0,"[25, 42, 51, 59]",1024,56.7,60.1,1.042,8.0,8.0,0.0564,0.1257,0.809,0.0319,0.0176,0.57,1.11,,0.01
ACGL,weekly,1.5,,,,143,2024-01-05 00:00,2026-09-25 00:00,95.78,109.22,73.04,1.5,0.2,-0.11,0.63,47.4,True,0.09,0.19,0,0,15,800563263.0,"[109, 119, 124, 133]",783,53.3,62.9,1.073,9.0,9.0,0.0336,0.0679,0.839,0.0084,0.0197,0.25,1.08,,0.04
ACHC,weekly,3.0,,,,83,2025-02-28 00:00,2026-09-25 00:00,28.37,34.51,11.68,2.95,0.16,-0.86,0.73,53.1,True,-0.25,0.74,0,0,7,289161850.0,"[31, 53, 61, 73]",843,65.9,72.1,1.239,12.0,9.0,0.1118,0.2203,0.699,0.0074,0.0503,0.07,0.71,,0.02
ACHC,daily,1.5,,,,65,2026-06-18 00:00,2026-09-21 00:00,28.37,35.61,24.54,1.45,-0.14,-0.13,0.35,47.9,False,0.13,-0.13,0,0,5,61772030.0,"[21, 32, 47, 57]",4380,52.6,47.4,0.933,10.0,7.0,0.0603,0.0857,0.8,0.0065,0.0067,0.11,0.54,,0.0
ACHR,daily,1.5,,,,35,2026-08-03 00:00,2026-09-21 00:00,5.43,6.97,4.84,1.44,-0.25,-0.29,0.28,46.1,False,-0.73,-0.86,0,0,2,148436997.0,"[6, 25]",1409,72.1,51.0,0.859,19.0,9.0,0.0557,0.084,0.714,0.0101,0.0182,0.18,0.92,,0.0
ACHR-WS,daily,1.5,,,,35,2026-08-03 00:00,2026-09-21 00:00,5.43,6.97,4.84,1.44,-0.25,-0.29,0.28,46.1,False,-0.73,-0.86,0,0,2,147536394.0,"[6, 25]",594,72.1,51.0,0.859,19.0,9.0,0.0557,0.084,0.714,0.0101,0.0182,0.18,0.93,,0.0
ACIC,weekly,1.5,ANTI,,,144,2023-12-29 00:00,2026-09-25 00:00,9.19,12.79,8.57,1.49,0.12,0.02,0.15,35.7,False,-0.73,-1.01,0,1,13,11271855.0,"[103, 114, 121, 131]",693,62.1,56.4,0.96,10.0,12.0,0.0563,0.08,0.764,0.0249,0.0588,0.44,1.1,,0.02
ACIW,weekly,1.5,,,,118,2024-06-28 00:00,2026-09-25 00:00,49.59,58.64,39.37,1.49,-0.13,0.05,0.53,49.6,True,0.52,1.14,0,0,9,172755977.0,"[78, 88, 97, 107]",808,54.0,71.2,1.276,10.0,10.0,0.0799,0.1019,0.636,0.0197,0.0337,0.25,1.2,,0.02
ACIW,weekly,2.0,,,,142,2024-01-12 00:00,2026-09-25 00:00,49.59,58.64,29.48,1.99,0.39,-0.15,0.69,49.6,True,0.52,1.14,0,0,11,161211792.0,"[102, 112, 121, 131]",784,54.0,71.2,1.276,10.0,10.0,0.1094,0.1616,0.585,0.0197,0.0337,0.18,1.29,,0.01
ACLS,weekly,2.0,ANTI,,,27,2026-03-27 00:00,2026-09-25 00:00,113.15,187.53,95.09,1.97,-0.1,-0.36,0.2,43.2,False,-1.47,-0.67,0,0,2,347964169.0,"[6, 12]",899,80.9,78.1,1.15,6.0,14.0,0.1211,0.1724,0.593,0.0355,0.0995,0.29,0.55,,0.04
ACLS,daily,2.0,,,,117,2026-04-06 00:00,2026-09-21 00:00,113.15,191.6,96.87,1.98,-0.24,-0.04,0.17,45.2,False,-0.39,-1.08,0,0,9,63573012.0,"[59, 73, 92, 107]",4339,53.3,44.0,0.827,15.0,9.0,0.1234,0.1593,0.624,0.0293,0.0389,0.24,0.6,,0.03
ACMR,daily,2.0,,,,86,2026-05-19 00:00,2026-09-21 00:00,72.77,126.89,63.94,1.98,-0.35,-0.1,0.14,48.6,False,-0.33,-0.87,0,0,9,102026649.0,"[55, 61, 69, 76]",2145,48.1,48.2,0.956,7.0,9.0,0.1046,0.1518,0.581,0.0527,0.0411,0.5,0.57,,0.02
ACMR,daily,3.0,,,,115,2026-04-08 00:00,2026-09-21 00:00,72.77,126.89,46.14,2.75,0.28,-0.35,0.33,48.6,False,-0.33,-0.87,0,0,12,83165944.0,"[84, 90, 98, 105]",2116,48.1,48.2,0.956,7.0,9.0,0.1593,0.228,0.678,0.0527,0.0411,0.33,0.7,,0.02
ACN,weekly,2.0,,,,34,2026-02-06 00:00,2026-09-25 00:00,186.11,235.76,126.46,1.86,-0.39,-0.66,0.55,52.6,False,0.89,-0.05,1,0,3,5171151946.0,"[10, 16, 29]",892,40.4,54.2,1.026,13.0,4.0,0.0679,0.139,0.706,0.0147,0.0556,0.22,0.89,,0.0
ACRE,weekly,2.0,,,,137,2024-02-16 00:00,2026-09-25 00:00,4.38,6.02,3.04,1.98,-0.32,-0.68,0.45,45.0,False,-0.43,-0.43,0,1,12,12159681.0,"[93, 102, 113, 129]",616,61.9,54.9,0.95,16.0,7.0,0.0898,0.1267,0.774,0.0423,0.0374,0.47,0.56,,0.01
ACVA,weekly,3.0,COMP,,,59,2025-08-15 00:00,2026-09-25 00:00,10.48,12.15,4.15,2.93,-0.34,-0.82,0.79,68.2,True,1.3,1.85,1,0,2,106680077.0,"[10, 21]",229,,,,,,0.1732,0.2669,0.61,0.1011,0.0402,0.58,1.22,,0.02
ADBE,weekly,1.5,,,,34,2026-02-06 00:00,2026-09-25 00:00,249.52,291.52,195.16,1.49,-0.04,-0.69,0.56,47.8,True,0.88,0.38,0,0,3,6289665261.0,"[4, 16, 29]",892,43.6,60.6,1.125,13.0,4.0,0.0504,0.0864,0.794,0.0436,0.0591,0.87,0.92,,0.0
ADEA,weekly,1.5,,,,29,2026-03-13 00:00,2026-09-25 00:00,25.53,32.88,22.66,1.45,0.01,0.1,0.28,48.5,False,-1.43,-0.49,0,0,2,160674280.0,"[7, 22]",897,86.3,60.0,0.906,15.0,6.0,0.0771,0.0941,0.69,0.0275,0.0366,0.36,0.7,,0.0
ADEA,daily,1.5,,,,135,2026-03-10 00:00,2026-09-21 00:00,25.53,33.51,22.66,1.48,0.05,0.02,0.26,46.3,False,-0.23,-0.5,0,0,14,32724457.0,"[91, 101, 109, 125]",4321,56.8,52.1,0.914,16.0,9.0,0.0768,0.0982,0.622,0.0082,0.0251,0.11,0.69,,0.04
ADMA,weekly,1.5,,,,27,2026-03-27 00:00,2026-09-25 00:00,9.51,11.26,7.97,1.41,-0.07,-0.66,0.47,44.8,True,0.81,-0.09,1,0,2,144686581.0,"[4, 21]",649,34.3,45.3,0.874,17.0,5.0,0.0714,0.0948,0.481,0.0213,0.0303,0.3,0.62,,0.0
ADMA,weekly,3.0,,,,125,2024-05-10 00:00,2026-09-25 00:00,9.51,23.52,7.97,2.95,-0.38,0.17,0.1,44.8,True,0.81,-0.09,1,0,8,227351295.0,"[64, 82, 102, 119]",551,34.3,45.3,0.874,17.0,5.0,0.1968,0.2754,0.552,0.0213,0.0303,0.11,0.39,,0.01
ADMA,daily,1.5,,,,125,2026-03-24 00:00,2026-09-21 00:00,9.51,11.33,7.6,1.49,-0.13,-0.63,0.51,54.6,False,-0.63,-0.27,0,2,7,27365254.0,"[86, 93, 102, 114]",3125,64.5,54.9,0.957,12.0,10.0,0.067,0.0942,0.608,0.0219,0.0202,0.33,0.98,,0.02
ADMA,daily,2.0,,,,129,2026-03-18 00:00,2026-09-21 00:00,9.51,15.02,7.6,1.98,-0.19,-0.63,0.26,54.6,False,-0.63,-0.27,0,2,7,28033295.0,"[90, 97, 106, 118]",3121,64.5,54.9,0.957,12.0,10.0,0.07,0.1344,0.326,0.0219,0.0202,0.31,0.96,,0.02
ADNT,weekly,2.0,ANTI,,,73,2025-05-09 00:00,2026-09-25 00:00,17.46,27.09,14.67,1.85,-0.01,-0.67,0.22,39.1,False,-0.34,-0.76,0,0,6,104774006.0,"[21, 40, 52, 64]",446,54.5,49.9,0.924,12.0,8.0,0.0786,0.1242,0.74,0.0352,0.0298,0.45,0.77,,0.0
ADNT,weekly,3.0,,,,130,2024-04-05 00:00,2026-09-25 00:00,17.46,31.15,10.4,3.0,-0.16,-0.77,0.34,39.1,False,-0.34,-0.76,0,0,9,108230151.0,"[78, 97, 109, 121]",389,54.5,49.9,0.924,12.0,8.0,0.0968,0.1917,0.823,0.0352,0.0298,0.36,0.75,,0.01
ADTN,weekly,3.0,ANTI,,,102,2024-10-18 00:00,2026-09-25 00:00,7.21,18.45,6.18,2.99,0.3,-0.72,0.08,34.0,False,-2.25,-6.2,0,0,7,53292452.0,"[37, 47, 54, 80]",824,62.2,85.7,1.771,26.0,21.0,0.1188,0.2646,0.392,0.0371,0.0811,0.31,1.27,,0.01
ADUR,weekly,2.0,,,,67,2025-06-20 00:00,2026-09-25 00:00,12.61,16.85,9.03,1.87,0.4,-0.1,0.46,45.1,True,-0.18,0.59,0,0,7,18571832.0,"[38, 49, 55, 60]",44,62.0,59.4,1.003,5.0,6.0,0.1284,0.1507,0.597,0.0919,0.0849,0.72,1.58,,0.0
ADUR,daily,1.5,ANTI,,,105,2026-04-22 00:00,2026-09-21 00:00,12.61,17.16,11.77,1.46,0.03,-0.21,0.16,35.9,False,-1.06,-1.3,0,0,10,6149426.0,"[61, 78, 84, 93]",421,56.6,41.9,0.865,9.0,11.0,0.0753,0.091,0.676,0.0162,0.0271,0.22,0.49,,0.02
ADUS,weekly,1.5,,,,135,2024-03-01 00:00,2026-09-25 00:00,115.36,133.87,89.83,1.49,-0.25,-0.2,0.58,57.6,True,1.35,1.13,0,0,11,87284623.0,"[91, 103, 114, 127]",748,44.8,69.2,1.202,13.0,7.0,0.07,0.1013,0.615,0.0137,0.0132,0.2,1.33,,0.02
ADV,daily,1.5,,,,33,2026-08-05 00:00,2026-09-21 00:00,32.69,34.51,25.34,1.36,0.26,-0.46,0.8,47.6,False,0.06,-0.1,0,0,2,1968808.0,"[11, 17]",1655,49.1,50.1,1.001,6.0,15.0,0.0262,0.0569,0.303,0.0105,0.0211,0.4,0.72,,0.09
ADV,daily,2.0,,,,114,2026-04-09 00:00,2026-09-21 00:00,32.69,46.82,25.34,1.85,-0.07,-0.24,0.34,47.6,False,0.06,-0.1,0,0,11,3031623.0,"[64, 76, 92, 98]",1574,49.1,50.1,1.001,6.0,15.0,0.088,0.1213,0.798,0.0105,0.0211,0.12,0.47,,0.08
ADV,daily,3.0,,,,137,2026-03-06 00:00,2026-09-21 00:00,32.69,46.82,15.8,2.96,0.39,-0.58,0.54,47.6,False,0.06,-0.1,0,0,13,2697492.0,"[87, 99, 115, 121]",1551,49.1,50.1,1.001,6.0,15.0,0.1191,0.2131,0.62,0.0105,0.0211,0.09,0.53,,0.07
ADVB,daily,2.0,ANTI,,,39,2026-07-28 00:00,2026-09-21 00:00,6.47,10.98,6.37,1.72,-0.16,-0.66,0.02,36.3,False,-0.51,-0.87,0,0,2,1071735.0,"[13, 25]",349,53.0,60.1,1.166,12.0,13.0,0.0765,0.1282,0.769,0.0561,0.0965,0.73,0.2,,0.0
ADVB,daily,3.0,ANTI,,,45,2026-07-20 00:00,2026-09-21 00:00,6.47,18.98,6.37,2.98,-0.27,-0.12,0.01,36.3,False,-0.51,-0.87,0,0,3,1480104.0,"[4, 19, 31]",343,53.0,60.1,1.166,12.0,13.0,0.0918,0.2624,0.2,0.0561,0.0965,0.61,0.15,,0.0
AEBI,weekly,1.5,,,,30,2026-03-06 00:00,2026-09-25 00:00,12.06,13.31,9.37,1.42,0.37,-0.4,0.68,45.3,True,0.52,0.49,0,0,1,16364512.0,[22],35,,,,,,0.0487,0.082,0.533,0.0251,0.0291,0.52,1.03,,0.07
AEBI,weekly,2.0,,,,65,2025-07-04 00:00,2026-09-25 00:00,12.06,15.55,9.37,1.66,0.15,,0.44,45.3,True,0.52,0.49,1,0,2,15440528.0,"[33, 57]",0,46.7,51.3,0.842,24.0,7.0,0.0622,0.1131,0.754,0.0251,0.0291,0.4,1.09,,0.03
AEBI,weekly,3.0,,,,65,2025-07-04 00:00,2026-09-25 00:00,12.06,15.55,9.37,1.66,0.15,,0.44,45.3,True,0.52,0.49,1,0,2,15440528.0,"[33, 57]",0,46.7,51.3,0.842,24.0,7.0,0.0622,0.1131,0.754,0.0251,0.0291,0.4,1.09,,0.03
AEBI,daily,1.5,,,,138,2026-03-05 00:00,2026-09-21 00:00,12.06,13.75,9.2,1.49,0.31,-0.41,0.63,45.2,False,-0.02,-0.11,0,0,13,3346945.0,"[99, 104, 111, 127]",169,60.7,54.6,0.948,16.0,10.0,0.0469,0.084,0.609,0.0021,0.0066,0.04,0.73,,0.04
AEHR,daily,2.0,,,,37,2026-07-30 00:00,2026-09-21 00:00,96.93,145.61,76.27,1.91,-0.32,-0.35,0.3,53.7,False,-0.38,-1.39,0,0,3,222162979.0,"[3, 12, 28]",4419,70.9,51.2,0.656,16.0,8.0,0.1191,0.1716,0.459,0.0412,0.0553,0.35,1.01,,0.0
AEHR,daily,3.0,,,,117,2026-04-06 00:00,2026-09-21 00:00,96.93,145.61,50.25,2.9,0.11,0.13,0.49,53.7,False,-0.38,-1.39,0,0,9,218706538.0,"[73, 83, 92, 108]",4339,70.9,51.2,0.656,16.0,8.0,0.1094,0.1742,0.821,0.0412,0.0553,0.38,1.02,,0.0
AEIS,weekly,1.5,ANTI,,,34,2026-02-06 00:00,2026-09-25 00:00,262.74,388.79,262.2,1.48,-0.37,0.0,0.0,42.7,False,-1.32,-1.55,0,0,4,1061902748.0,"[3, 12, 19, 27]",892,63.7,54.3,0.886,8.0,6.0,0.0735,0.1108,0.559,0.0548,0.0579,0.75,0.68,,0.0
AEM,weekly,2.0,,,,60,2025-08-08 00:00,2026-09-25 00:00,197.48,249.98,131.83,1.9,0.27,0.05,0.56,55.8,False,0.15,-0.13,1,0,5,2258045179.0,"[24, 29, 36, 54]",866,58.8,62.8,0.984,18.0,5.0,0.1052,0.1463,0.7,0.0267,0.1061,0.25,1.33,,0.02
AEM,daily,1.5,,,,34,2026-08-04 00:00,2026-09-21 00:00,197.48,223.61,150.28,1.49,0.4,-0.33,0.64,52.1,False,-1.25,-0.1,0,0,2,520595811.0,"[6, 15]",4422,75.3,83.9,1.21,9.0,18.0,0.049,0.0803,0.647,0.007,0.013,0.14,0.7,,0.0
AEO,weekly,1.5,ANTI,,,30,2026-03-06 00:00,2026-09-25 00:00,15.46,19.27,15.02,1.28,-0.31,-0.45,0.1,42.8,False,0.07,-0.37,0,0,3,422931029.0,"[6, 14, 22]",896,51.1,50.6,0.964,8.0,7.0,0.0399,0.0616,0.733,0.0563,0.0345,1.41,1.01,,0.03
AEO,weekly,2.0,ANTI,,,56,2025-09-05 00:00,2026-09-25 00:00,15.46,27.32,14.04,1.95,-0.3,-0.41,0.11,42.8,False,0.07,-0.37,0,0,5,490632272.0,"[15, 32, 40, 48]",870,51.1,50.6,0.964,8.0,7.0,0.0595,0.1896,0.339,0.0563,0.0345,0.95,0.87,,0.04
AEO,weekly,3.0,,,,67,2025-06-20 00:00,2026-09-25 00:00,15.46,27.32,9.37,2.92,0.21,-0.61,0.34,42.8,False,0.07,-0.37,0,0,5,491514752.0,"[26, 43, 51, 59]",859,51.1,50.6,0.964,8.0,7.0,0.0819,0.2518,0.657,0.0563,0.0345,0.69,0.87,,0.03
AEO,daily,1.5,ANTI,,,138,2026-03-05 00:00,2026-09-21 00:00,15.46,19.73,14.53,1.36,-0.2,-0.47,0.18,44.2,False,-0.18,-0.42,0,0,9,81207910.0,"[99, 108, 120, 127]",4318,55.8,54.9,0.989,7.0,10.0,0.04,0.0605,0.819,0.0104,0.0402,0.26,1.32,,0.02
AERO,weekly,1.5,,,,30,2026-03-06 00:00,2026-09-25 00:00,15.95,18.34,12.36,1.48,0.17,,0.6,45.4,False,0.46,-0.09,0,0,1,22264357.0,[16],17,,,,,,0.0431,0.0826,0.7,0.0218,0.0298,0.51,0.97,,0.0
AERO,daily,1.5,,,,141,2026-03-02 00:00,2026-09-21 00:00,15.95,18.34,12.36,1.48,0.08,-0.46,0.6,57.8,True,0.62,0.19,1,0,10,4136574.0,"[81, 108, 124, 130]",77,48.9,56.6,1.043,6.0,10.0,0.0469,0.0769,0.738,0.0212,0.024,0.45,1.41,,0.01
AES,weekly,2.0,,,,121,2024-06-07 00:00,2026-09-25 00:00,14.83,18.05,9.17,1.97,0.07,-0.62,0.64,60.3,True,0.39,0.22,0,0,10,689065967.0,"[69, 82, 90, 102]",805,75.5,55.4,0.86,12.0,18.0,0.0957,0.1569,0.711,0.0034,0.0041,0.04,0.79,,0.07
AESI,weekly,2.0,,,,39,2026-01-02 00:00,2026-09-25 00:00,13.27,19.07,9.63,1.98,0.28,-0.58,0.39,48.1,False,-0.82,-1.03,0,0,3,200329705.0,"[3, 10, 20]",147,59.9,72.0,1.402,10.0,18.0,0.1145,0.1853,0.487,0.0371,0.0618,0.32,0.89,,0.03
AESI,daily,1.5,,,,56,2026-07-02 00:00,2026-09-21 00:00,13.27,14.77,10.18,1.45,-0.06,-0.48,0.67,50.7,True,0.24,0.43,0,0,4,38606726.0,"[6, 13, 33, 47]",831,54.8,67.1,1.119,14.0,8.0,0.0785,0.0968,0.5,0.0159,0.0236,0.2,0.94,,0.02
AESI,daily,2.0,,,,141,2026-03-02 00:00,2026-09-21 00:00,13.27,19.75,9.91,1.99,-0.11,-0.22,0.34,50.7,True,0.24,0.43,0,0,10,44858885.0,"[91, 98, 118, 132]",746,54.8,67.1,1.119,14.0,8.0,0.1432,0.1779,0.617,0.0159,0.0236,0.11,0.81,,0.01
AEVA,weekly,3.0,,,,62,2025-07-25 00:00,2026-09-25 00:00,15.28,28.18,9.81,2.87,0.29,-0.73,0.3,45.6,False,-0.38,-0.05,0,0,6,150305691.0,"[24, 33, 44, 54]",282,70.5,59.9,0.945,10.0,7.0,0.1383,0.247,0.565,0.0396,0.0946,0.29,0.8,,0.0
AEXA,weekly,1.5,,DN,broad,53,2025-09-26 00:00,2026-09-25 00:00,11.24,11.85,10.61,1.12,0.25,,0.51,49.8,True,-0.51,0.11,0,0,4,6502532.0,"[4, 14, 33, 40]",0,70.5,67.6,1.013,7.0,12.0,0.0168,0.0237,0.717,0.0127,0.0139,0.76,0.47,,0.06
AEXA,weekly,2.0,,DN,broad,53,2025-09-26 00:00,2026-09-25 00:00,11.24,11.85,10.61,1.12,0.25,,0.51,49.8,True,-0.51,0.11,0,0,4,6502532.0,"[4, 14, 33, 40]",0,70.5,67.6,1.013,7.0,12.0,0.0168,0.0237,0.717,0.0127,0.0139,0.76,0.47,,0.06
AEXA,weekly,3.0,,DN,broad,53,2025-09-26 00:00,2026-09-25 00:00,11.24,11.85,10.61,1.12,0.25,,0.51,49.8,True,-0.51,0.11,0,0,4,6502532.0,"[4, 14, 33, 40]",0,70.5,67.6,1.013,7.0,12.0,0.0168,0.0237,0.717,0.0127,0.0139,0.76,0.47,,0.06
AFRM,weekly,2.0,,,,53,2025-09-26 00:00,2026-09-25 00:00,71.05,84.58,42.53,1.99,0.1,-0.54,0.68,50.4,True,0.18,1.06,0,0,3,1612979174.0,"[15, 40, 46]",245,64.6,57.7,0.926,6.0,6.0,0.0707,0.1569,0.547,0.0362,0.0497,0.51,0.71,,0.0
AFRM,weekly,3.0,,,,110,2024-08-23 00:00,2026-09-25 00:00,71.05,92.18,31.46,2.93,0.37,-0.36,0.65,50.4,True,0.18,1.06,0,0,8,1771901383.0,"[53, 72, 97, 103]",188,64.6,57.7,0.926,6.0,6.0,0.1455,0.2147,0.7,0.0362,0.0497,0.25,0.65,,0.0
AG,weekly,1.5,,,,29,2026-03-13 00:00,2026-09-25 00:00,19.31,22.52,15.02,1.5,-0.28,-0.53,0.57,51.0,False,-0.03,-0.36,0,0,3,1027414023.0,"[8, 16, 23]",897,47.3,56.2,1.184,7.0,5.0,0.0769,0.1014,0.586,0.0381,0.0779,0.5,0.88,,0.0
AG,weekly,2.0,,,,30,2026-03-06 00:00,2026-09-25 00:00,19.31,25.79,15.02,1.72,-0.3,-0.53,0.4,51.0,False,-0.03,-0.36,0,0,3,1047738905.0,"[9, 17, 24]",896,47.3,56.2,1.184,7.0,5.0,0.0724,0.1154,0.733,0.0381,0.0779,0.53,0.87,,0.0
AG,weekly,3.0,,,,53,2025-09-26 00:00,2026-09-25 00:00,19.31,31.96,11.1,2.88,0.25,0.05,0.39,51.0,False,-0.03,-0.36,0,0,6,1221484940.0,"[22, 32, 40, 47]",873,47.3,56.2,1.184,7.0,5.0,0.1365,0.2246,0.66,0.0381,0.0779,0.28,0.74,,0.0
AG,daily,1.5,DIVDN,DN,strict,88,2026-05-15 00:00,2026-09-21 00:00,19.31,21.74,15.02,1.45,0.22,-0.53,0.64,48.0,False,-0.89,-0.22,0,1,7,186241214.0,"[45, 66, 71, 76]",4368,68.0,61.4,0.984,5.0,11.0,0.0903,0.1018,0.534,0.0268,0.0524,0.3,0.99,,0.01
AG,daily,2.0,,,,140,2026-03-03 00:00,2026-09-21 00:00,19.31,28.6,15.02,1.9,-0.33,-0.53,0.32,48.0,False,-0.89,-0.22,0,1,10,212540032.0,"[97, 118, 123, 128]",4316,68.0,61.4,0.984,5.0,11.0,0.0761,0.1338,0.643,0.0268,0.0524,0.35,0.86,,0.01
AGCO,weekly,1.5,,,,74,2025-05-02 00:00,2026-09-25 00:00,119.9,139.71,93.69,1.49,0.35,-0.27,0.57,53.7,False,0.02,0.0,0,0,5,406188091.0,"[16, 41, 49, 64]",852,54.8,56.8,1.002,15.0,9.0,0.0477,0.0821,0.649,0.0613,0.051,1.29,1.24,,0.03
AGEN,weekly,3.0,COMP,,,74,2025-05-02 00:00,2026-09-25 00:00,8.33,8.33,2.84,2.93,0.24,-0.93,1.0,67.2,True,0.99,2.57,0,0,6,12436981.0,"[30, 36, 50, 65]",852,62.4,75.9,1.566,15.0,8.0,0.1681,0.3326,0.284,0.0593,0.1052,0.35,2.88,,0.0
AGEN,daily,1.5,,,,42,2026-07-23 00:00,2026-09-21 00:00,8.33,8.36,5.98,1.4,0.33,-0.02,0.99,62.6,False,-0.59,-0.17,0,2,3,8207824.0,"[5, 19, 30]",4414,69.4,60.8,0.998,11.0,11.0,0.0661,0.0841,0.571,0.0209,0.0457,0.32,0.68,,0.02
AGI,weekly,2.0,,,,58,2025-08-22 00:00,2026-09-25 00:00,35.21,54.02,27.8,1.94,0.07,-0.06,0.28,48.6,False,-0.3,-1.43,0,0,5,626970424.0,"[18, 27, 34, 52]",868,60.0,52.6,0.768,18.0,5.0,0.1051,0.1603,0.552,0.0279,0.1016,0.27,1.07,,0.02
AGI,daily,1.5,DIVDN,DN,strict,88,2026-05-15 00:00,2026-09-21 00:00,35.21,40.71,27.8,1.46,-0.15,-0.5,0.57,49.6,False,-0.83,-0.01,0,1,6,128188140.0,"[32, 45, 69, 76]",4368,75.3,61.7,0.966,7.0,11.0,0.1012,0.1113,0.455,0.0049,0.0154,0.05,0.86,,0.03
AGIO,weekly,2.0,,,,94,2024-12-13 00:00,2026-09-25 00:00,33.95,43.65,24.46,1.78,-0.1,-0.6,0.49,52.3,True,0.08,0.51,0,0,6,124200475.0,"[45, 63, 68, 82]",594,58.2,65.9,1.171,14.0,11.0,0.1169,0.1444,0.553,0.0074,0.0146,0.06,1.22,,0.03
AGIO,weekly,3.0,,,,152,2023-11-03 00:00,2026-09-25 00:00,33.95,61.64,21.14,2.92,-0.01,-0.54,0.32,52.3,True,0.08,0.51,0,0,12,116951786.0,"[103, 121, 126, 140]",536,58.2,65.9,1.171,14.0,11.0,0.1583,0.2359,0.572,0.0074,0.0146,0.05,1.3,,0.03
AGIO,daily,1.5,DIVUP,UP,strict,69,2026-06-12 00:00,2026-09-21 00:00,33.95,44.01,29.46,1.49,-0.3,-0.16,0.31,51.8,False,-0.02,-0.07,1,0,5,31705827.0,"[15, 46, 52, 60]",3241,51.1,54.2,1.01,8.0,8.0,0.0437,0.0876,0.667,0.0085,0.0125,0.19,0.89,,0.06
AGL,daily,2.0,ANTI,,,91,2026-05-12 00:00,2026-09-21 00:00,88.03,129.84,69.54,1.87,-0.04,0.15,0.31,42.8,False,-0.1,-0.32,0,0,9,28475695.0,"[58, 65, 70, 82]",1274,48.9,49.8,0.969,12.0,8.0,0.0825,0.1296,0.78,0.0125,0.0191,0.15,0.64,,0.02
AGL,daily,3.0,,,,94,2026-05-07 00:00,2026-09-21 00:00,88.03,129.84,54.23,2.39,0.07,0.75,0.45,42.8,False,-0.1,-0.32,0,0,10,29052388.0,"[61, 68, 73, 85]",1271,48.9,49.8,0.969,12.0,8.0,0.0832,0.1484,0.713,0.0125,0.0191,0.15,0.63,,0.02
AGMB,daily,1.5,ANTI,,,58,2026-06-30 00:00,2026-09-21 00:00,11.7,15.78,11.41,1.38,0.2,-0.36,0.07,39.4,False,-0.42,-0.45,0,0,4,1304505.0,"[16, 24, 40, 47]",99,56.7,65.5,1.105,7.0,10.0,0.0549,0.0757,0.621,0.0238,0.075,0.43,1.25,,0.03
AGO,weekly,1.5,ANTI,,,152,2023-11-03 00:00,2026-09-25 00:00,71.07,91.77,61.99,1.48,0.21,-0.0,0.3,37.3,False,-0.03,-0.34,1,0,11,127804336.0,"[108, 120, 128, 142]",774,50.8,58.0,1.012,14.0,9.0,0.0535,0.0763,0.664,0.0174,0.061,0.33,1.07,,0.03
AGRO,weekly,2.0,,,,40,2025-12-26 00:00,2026-09-25 00:00,11.14,15.09,7.69,1.96,0.24,-0.3,0.47,52.1,False,-0.85,-1.22,0,0,1,39669076.0,[14],778,,,,,,0.1521,0.1825,0.525,0.0464,0.0577,0.31,1.02,,0.03
AGRO,daily,1.5,,,,83,2026-05-22 00:00,2026-09-21 00:00,11.14,12.81,8.91,1.44,-0.0,-0.41,0.57,48.4,True,0.19,0.73,0,0,7,8583690.0,"[53, 63, 69, 74]",3851,69.1,69.7,1.037,5.0,8.0,0.0933,0.1034,0.53,0.0116,0.0144,0.12,1.0,,0.01
AGYS,weekly,2.0,,,,41,2025-12-19 00:00,2026-09-25 00:00,100.25,121.49,62.19,1.95,0.21,-0.55,0.64,50.7,True,1.33,2.05,0,0,3,119347262.0,"[11, 28, 36]",885,66.3,66.3,1.064,8.0,4.0,0.2038,0.2005,0.39,0.0432,0.0377,0.21,1.13,,0.02
AHCO,daily,1.5,,,,34,2026-08-04 00:00,2026-09-21 00:00,5.75,6.71,5.22,1.29,-0.01,-0.61,0.36,40.6,True,0.89,0.18,0,0,1,17439140.0,[23],2056,,,,,,0.0216,0.054,0.735,0.0129,0.0272,0.6,0.97,,0.06
AHCO,daily,2.0,,,,34,2026-08-04 00:00,2026-09-21 00:00,5.75,6.71,5.22,1.29,-0.01,-0.61,0.36,40.6,True,0.89,0.18,0,0,1,17439140.0,[23],2056,,,,,,0.0216,0.054,0.735,0.0129,0.0272,0.6,0.97,,0.06
AHRT,weekly,1.5,,,,81,2025-03-14 00:00,2026-09-25 00:00,6.32,7.12,5.04,1.41,0.09,-0.52,0.61,44.8,True,0.02,0.48,0,0,6,25997203.0,"[26, 47, 62, 67]",618,60.6,62.9,1.051,5.0,13.0,0.0399,0.065,0.642,0.0357,0.0368,0.89,0.71,,0.01
AI,daily,1.5,COMP,,,120,2026-03-31 00:00,2026-09-21 00:00,10.84,11.75,8.15,1.44,0.4,-0.54,0.75,56.3,True,-0.0,0.33,0,0,11,46749534.0,"[91, 97, 105, 114]",1331,63.9,63.6,1.032,9.0,5.0,0.0719,0.0877,0.608,0.0141,0.0076,0.2,1.01,,0.04
AIN,weekly,1.5,,,,26,2026-04-03 00:00,2026-09-25 00:00,59.33,75.9,51.78,1.47,0.24,-0.43,0.31,44.8,True,-0.32,0.38,0,0,1,72379203.0,[12],900,,,,,,0.0718,0.1071,0.5,0.0297,0.0581,0.41,1.18,,0.0
AIN,daily,1.5,,,,120,2026-03-31 00:00,2026-09-21 00:00,59.33,75.9,51.73,1.47,0.29,-0.12,0.31,43.6,True,0.73,-0.03,1,0,8,13955703.0,"[76, 81, 94, 108]",4336,40.2,51.4,0.97,14.0,11.0,0.0795,0.1088,0.5,0.0032,0.0068,0.04,1.0,,0.03
AIOT,weekly,3.0,,,,145,2023-12-22 00:00,2026-09-25 00:00,2.85,8.1,2.79,2.9,-0.15,-0.43,0.01,38.2,True,0.21,-0.26,0,0,11,28226608.0,"[95, 108, 132, 137]",781,56.2,55.9,1.009,5.0,7.0,0.152,0.2372,0.648,0.0182,0.0836,0.12,0.78,,0.0
AIOT,daily,1.5,ANTI,,,30,2026-08-10 00:00,2026-09-21 00:00,2.85,3.14,2.84,1.11,-0.28,-0.36,0.03,36.2,False,0.22,-0.1,0,0,2,4727636.0,"[18, 24]",4426,41.4,44.1,1.003,6.0,5.0,0.0133,0.0243,0.767,0.0134,0.01,1.01,0.8,,0.03
AIP,weekly,3.0,,,,28,2026-03-20 00:00,2026-09-25 00:00,24.16,44.11,15.14,2.91,0.08,-0.14,0.31,45.3,False,-1.84,-0.6,0,0,1,93286423.0,[9],229,,,,,,0.2091,0.2687,0.607,0.0487,0.1564,0.23,0.86,,0.0
AIP,daily,3.0,,,,120,2026-03-31 00:00,2026-09-21 00:00,24.16,48.59,16.44,2.96,-0.06,-0.16,0.24,52.2,False,0.28,-0.72,0,0,12,19864254.0,"[76, 86, 94, 103]",1109,42.2,35.6,0.834,9.0,16.0,0.1995,0.2489,0.567,0.0407,0.0417,0.2,0.67,,0.03
AIR,daily,1.5,ANTI,,,85,2026-05-20 00:00,2026-09-21 00:00,116.26,153.71,107.51,1.43,0.24,-0.15,0.19,37.3,False,-0.88,-1.12,0,0,7,46114957.0,"[51, 60, 67, 75]",4371,49.0,45.4,0.943,8.0,9.0,0.0616,0.0887,0.588,0.0313,0.0306,0.51,0.9,,0.02
AIRJ,weekly,3.0,,,,85,2025-02-14 00:00,2026-09-25 00:00,4.39,8.01,2.68,2.99,-0.35,-0.81,0.32,50.3,True,0.35,1.58,0,0,8,5193385.0,"[47, 55, 68, 78]",158,65.5,66.4,1.24,10.0,6.0,0.1222,0.2603,0.612,0.057,0.041,0.47,4.45,,0.0
AIRJ,daily,2.0,ANTI,,,95,2026-05-06 00:00,2026-09-21 00:00,4.39,6.4,3.48,1.84,0.24,-0.2,0.31,44.5,False,-0.71,-1.34,0,0,8,5411030.0,"[37, 52, 66, 84]",1068,69.3,42.3,0.714,18.0,10.0,0.0893,0.1504,0.611,0.0212,0.0231,0.24,0.69,,0.02
AIRS,weekly,3.0,ANTI,,,30,2026-03-06 00:00,2026-09-25 00:00,2.43,5.38,1.85,2.91,0.13,-0.84,0.16,37.9,False,-0.54,-1.23,0,0,2,13247989.0,"[12, 22]",227,64.0,58.9,0.931,10.0,7.0,0.2993,0.3147,0.3,0.0918,0.2945,0.31,0.81,,0.0
AIRS,daily,3.0,ANTI,,,131,2026-03-16 00:00,2026-09-21 00:00,2.43,5.71,2.11,2.71,0.01,-0.82,0.09,40.9,False,0.12,-1.18,1,0,11,2906953.0,"[97, 105, 113, 120]",1096,33.9,41.2,1.028,7.0,10.0,0.2746,0.2892,0.359,0.0277,0.0496,0.1,0.76,,0.02
AJG,weekly,1.5,,,,50,2025-10-17 00:00,2026-09-25 00:00,236.61,277.43,197.66,1.4,-0.17,-0.42,0.49,48.0,True,1.03,0.95,0,0,4,2049744483.0,"[12, 26, 39, 45]",876,61.3,65.7,1.054,6.0,4.0,0.068,0.0924,0.56,0.0439,0.0137,0.65,0.78,,0.02
AKR,weekly,1.5,,,,118,2024-06-28 00:00,2026-09-25 00:00,19.35,24.15,16.61,1.45,-0.02,0.04,0.36,39.7,False,-0.59,-0.16,0,0,9,118063036.0,"[81, 94, 101, 107]",808,61.5,60.3,1.012,6.0,10.0,0.0593,0.081,0.703,0.0234,0.0269,0.39,1.25,,0.02
AKTS,daily,1.5,ANTI,,,57,2026-07-01 00:00,2026-09-21 00:00,21.43,31.76,21.43,1.48,-0.3,-0.34,0.0,32.3,False,-0.91,-0.59,0,0,2,6824220.0,"[38, 44]",118,61.9,61.9,1.009,6.0,12.0,0.0518,0.0834,0.579,0.0197,0.0382,0.38,1.4,,0.02
ALAB,daily,1.5,,,,50,2026-07-13 00:00,2026-09-21 00:00,340.74,362.05,249.74,1.45,-0.4,-0.48,0.81,60.6,False,0.25,-0.13,1,0,4,1185388684.0,"[7, 16, 33, 39]",578,48.0,52.2,1.021,6.0,10.0,0.0569,0.0879,0.74,0.0592,0.0499,1.04,0.93,,0.02
ALAB,daily,2.0,DIVUP,UP,strict,86,2026-05-19 00:00,2026-09-21 00:00,340.74,483.02,244.26,1.98,-0.36,0.05,0.4,60.6,False,0.25,-0.13,1,0,7,1645636787.0,"[43, 52, 69, 75]",542,48.0,52.2,1.021,6.0,10.0,0.0963,0.1518,0.593,0.0592,0.0499,0.61,0.67,,0.02
ALAB,daily,3.0,,,,112,2026-04-13 00:00,2026-09-21 00:00,340.74,483.02,166.79,2.9,0.3,-0.11,0.55,60.6,False,0.25,-0.13,1,0,9,1374089627.0,"[69, 78, 95, 101]",516,48.0,52.2,1.021,6.0,10.0,0.154,0.2404,0.679,0.0592,0.0499,0.38,0.8,,0.02
ALB,weekly,2.0,ANTI,,,46,2025-11-14 00:00,2026-09-25 00:00,112.92,202.32,110.91,1.82,-0.23,-0.23,0.02,38.8,False,-1.2,-2.98,0,0,4,1703835633.0,"[10, 15, 22, 40]",880,69.8,48.8,0.726,18.0,5.0,0.1411,0.1688,0.565,0.0755,0.0754,0.54,0.84,,0.0
ALB,daily,1.5,ANTI,,,65,2026-06-18 00:00,2026-09-21 00:00,112.92,159.81,109.47,1.46,-0.26,-0.49,0.07,37.3,False,-1.32,-0.99,0,0,4,277052341.0,"[8, 16, 39, 44]",4391,62.0,67.8,1.052,5.0,20.0,0.0547,0.0836,0.585,0.0201,0.0562,0.37,0.93,,0.03
ALGM,weekly,2.0,ANTI,,,38,2026-01-09 00:00,2026-09-25 00:00,35.5,59.0,29.95,1.97,0.3,-0.19,0.19,41.7,False,-1.09,-0.7,0,0,3,429137054.0,"[5, 16, 23]",271,71.9,73.4,1.205,7.0,14.0,0.134,0.1902,0.474,0.0228,0.12,0.17,0.88,,0.03
ALGN,weekly,1.5,ANTI,,,50,2025-10-17 00:00,2026-09-25 00:00,146.88,190.1,130.45,1.46,0.31,-0.6,0.28,38.2,False,-0.54,-0.62,0,0,4,809871274.0,"[19, 26, 37, 43]",876,56.3,54.7,0.983,6.0,6.0,0.063,0.0947,0.62,0.0563,0.0583,0.89,0.81,,0.02
ALGT,weekly,2.0,,,,50,2025-10-17 00:00,2026-09-25 00:00,80.49,118.67,62.18,1.91,0.27,-0.4,0.32,44.3,True,-0.3,0.03,0,0,3,204492495.0,"[16, 26, 37]",876,56.3,66.4,1.293,11.0,12.0,0.0863,0.1578,0.68,0.0195,0.0885,0.23,1.07,,0.02
ALH,weekly,1.5,ANTI,,,51,2025-10-10 00:00,2026-09-25 00:00,21.66,27.77,19.34,1.44,0.12,,0.28,38.3,False,-0.48,-0.23,0,0,4,81385644.0,"[17, 27, 36, 43]",0,61.5,62.9,1.033,7.0,7.0,0.0701,0.0901,0.627,0.0585,0.0785,0.83,1.15,,0.04
ALH,weekly,2.0,ANTI,,,51,2025-10-10 00:00,2026-09-25 00:00,21.66,27.77,19.34,1.44,0.12,,0.28,38.3,False,-0.48,-0.23,0,0,4,81385644.0,"[17, 27, 36, 43]",0,61.5,62.9,1.033,7.0,7.0,0.0701,0.0901,0.627,0.0585,0.0785,0.83,1.15,,0.04
ALH,weekly,3.0,ANTI,,,51,2025-10-10 00:00,2026-09-25 00:00,21.66,27.77,19.34,1.44,0.12,,0.28,38.3,False,-0.48,-0.23,0,0,4,81385644.0,"[17, 27, 36, 43]",0,61.5,62.9,1.033,7.0,7.0,0.0701,0.0901,0.627,0.0585,0.0785,0.83,1.15,,0.04
ALIT,weekly,2.0,,,,26,2026-04-03 00:00,2026-09-25 00:00,11.91,21.74,11.02,1.97,-0.02,-0.94,0.08,37.5,True,0.7,-0.07,0,0,2,6140382.0,"[8, 15]",298,37.8,48.8,1.154,7.0,10.0,0.1571,0.1914,0.615,0.0798,0.1613,0.51,4.83,,0.0
ALIT,daily,3.0,ANTI,,,153,2026-02-11 00:00,2026-09-21 00:00,11.91,28.4,9.8,2.9,-0.12,-0.86,0.11,38.1,False,-0.23,-0.81,0,0,11,1648666.0,"[115, 126, 134, 142]",1399,47.4,49.5,0.997,8.0,10.0,0.1605,0.2287,0.51,0.0075,0.0317,0.05,2.98,,0.01
ALK,weekly,1.5,,,,32,2026-02-20 00:00,2026-09-25 00:00,41.9,53.86,36.16,1.49,0.13,-0.52,0.32,45.7,True,0.2,0.29,0,0,3,675116103.0,"[8, 18, 24]",894,59.9,54.7,0.928,6.0,7.0,0.0883,0.1122,0.562,0.0267,0.0793,0.3,0.72,,0.0
ALK,weekly,2.0,,,,84,2025-02-21 00:00,2026-09-25 00:00,41.9,72.28,36.16,2.0,-0.34,-0.52,0.16,45.7,True,0.2,0.29,0,0,7,751677419.0,"[50, 60, 70, 76]",842,59.9,54.7,0.928,6.0,7.0,0.0786,0.1478,0.643,0.0267,0.0793,0.34,0.65,,0.02
ALK,daily,1.5,,,,120,2026-03-31 00:00,2026-09-21 00:00,41.9,53.86,36.21,1.49,0.26,-0.4,0.32,49.0,False,0.18,-0.27,0,0,8,132556444.0,"[60, 86, 101, 109]",4336,43.3,42.8,0.97,8.0,10.0,0.078,0.1006,0.6,0.0099,0.0169,0.13,0.76,,0.02
ALKS,daily,1.5,,,,82,2026-05-26 00:00,2026-09-21 00:00,44.18,55.22,37.35,1.48,0.15,-0.04,0.38,35.3,False,-0.56,-0.48,0,0,6,80862415.0,"[28, 36, 54, 59]",4374,51.4,51.5,0.998,5.0,22.0,0.0618,0.0828,0.683,0.003,0.0117,0.05,1.1,,0.02
ALKT,weekly,1.5,,,,37,2026-01-16 00:00,2026-09-25 00:00,18.51,21.19,14.68,1.44,0.23,-0.64,0.59,49.2,True,0.7,0.85,0,0,4,134265618.0,"[8, 19, 24, 30]",248,53.3,57.7,1.087,6.0,6.0,0.0666,0.0974,0.541,0.0235,0.057,0.35,0.9,,0.0
ALLT,weekly,2.0,DIVUP,UP,strict,76,2025-04-18 00:00,2026-09-25 00:00,8.05,10.84,5.73,1.89,-0.11,-0.37,0.45,52.3,True,0.28,0.33,1,0,6,15261946.0,"[24, 38, 58, 64]",850,51.1,54.3,1.039,6.0,11.0,0.1079,0.1521,0.645,0.0231,0.0269,0.21,0.53,,0.0
ALLT,weekly,3.0,,,,97,2024-11-22 00:00,2026-09-25 00:00,8.05,10.84,4.23,2.56,0.27,0.07,0.58,52.3,True,0.28,0.33,1,0,7,16690020.0,"[45, 59, 79, 85]",829,51.1,54.3,1.039,6.0,11.0,0.1447,0.1965,0.66,0.0231,0.0269,0.16,0.48,,0.0
ALM,weekly,3.0,,,,41,2025-12-19 00:00,2026-09-25 00:00,14.66,23.42,8.46,2.77,0.31,0.03,0.41,47.9,False,-0.89,-1.46,0,0,3,425929945.0,"[12, 17, 35]",652,76.6,56.9,0.79,18.0,5.0,0.1483,0.237,0.707,0.0837,0.0875,0.56,1.13,,0.0
ALM,daily,1.5,ANTI,,,34,2026-08-04 00:00,2026-09-21 00:00,14.66,19.12,13.28,1.44,0.27,-0.43,0.24,43.8,False,-1.02,-0.77,0,1,2,95689694.0,"[15, 24]",3302,67.6,64.2,1.01,9.0,9.0,0.1215,0.1261,0.235,0.0316,0.1065,0.26,0.97,,0.0
ALM,daily,2.0,,,,90,2026-05-13 00:00,2026-09-21 00:00,14.66,20.7,10.95,1.89,-0.33,-0.53,0.38,43.8,False,-1.02,-0.77,0,1,7,87898790.0,"[39, 46, 71, 80]",3246,67.6,64.2,1.01,9.0,9.0,0.1197,0.1438,0.633,0.0316,0.1065,0.26,1.06,,0.02
ALMR,daily,1.5,,,,37,2026-07-30 00:00,2026-09-21 00:00,35.05,36.57,25.07,1.46,0.18,-0.12,0.87,65.9,False,-0.6,-0.4,0,0,3,9033571.0,"[8, 14, 26]",72,69.0,50.9,0.867,12.0,10.0,0.0801,0.0953,0.649,0.0425,0.0401,0.53,1.52,,0.0
ALMU,weekly,3.0,ANTI,,,74,2025-05-02 00:00,2026-09-25 00:00,13.61,25.58,10.76,2.38,0.07,0.27,0.19,42.8,False,-0.67,-2.0,0,0,6,34149267.0,"[17, 36, 52, 67]",128,66.3,50.2,0.72,15.0,6.0,0.1479,0.2117,0.581,0.0501,0.1096,0.34,1.0,,0.0
ALNT,daily,1.5,,,,79,2026-05-29 00:00,2026-09-21 00:00,109.35,114.24,78.94,1.45,0.3,0.01,0.86,64.5,False,-0.11,-0.24,0,0,6,22806280.0,"[28, 35, 51, 62]",4377,73.5,46.6,0.838,11.0,16.0,0.0603,0.0903,0.595,0.0326,0.0412,0.54,0.82,,0.05
ALNY,weekly,3.0,ANTI,,,119,2024-06-21 00:00,2026-09-25 00:00,244.32,481.67,165.7,2.91,0.22,-0.3,0.25,40.9,False,0.25,-1.45,1,0,9,1555761148.0,"[69, 76, 94, 106]",807,36.9,46.8,0.971,12.0,12.0,0.129,0.2389,0.681,0.0329,0.0892,0.26,1.21,,0.02
ALNY,daily,1.5,,,,51,2026-07-10 00:00,2026-09-21 00:00,244.32,298.76,205.48,1.45,-0.31,-0.39,0.42,48.7,True,0.3,0.31,0,0,3,380509275.0,"[12, 28, 38]",4405,49.0,63.5,1.102,10.0,12.0,0.0769,0.0953,0.569,0.018,0.0375,0.23,0.75,,0.04
ALOY,weekly,3.0,,,,51,2025-10-10 00:00,2026-09-25 00:00,9.33,18.46,6.52,2.83,0.19,-0.23,0.24,46.9,False,-0.12,-0.19,0,0,5,76364505.0,"[15, 20, 36, 44]",479,65.6,56.8,0.828,8.0,6.0,0.1496,0.2544,0.549,0.1868,0.1822,1.25,1.37,,0.0
ALOY,daily,2.0,,,,38,2026-07-29 00:00,2026-09-21 00:00,9.33,14.72,7.49,1.97,-0.34,-0.71,0.25,45.8,False,-0.98,-2.43,0,0,1,26406267.0,[12],2511,,,,,,0.1454,0.1716,0.605,0.0216,0.0614,0.15,0.76,,0.03
ALOY,daily,3.0,,,,137,2026-03-06 00:00,2026-09-21 00:00,9.33,19.7,7.03,2.8,-0.1,-0.73,0.18,45.8,False,-0.98,-2.43,1,0,7,22148127.0,"[61, 73, 80, 111]",2412,53.5,66.7,0.982,31.0,25.0,0.1688,0.2349,0.482,0.0216,0.0614,0.13,0.91,,0.03
ALT,weekly,1.5,,,,30,2026-03-06 00:00,2026-09-25 00:00,3.27,3.54,2.61,1.36,-0.15,-0.75,0.71,50.8,True,0.51,0.15,1,0,3,57141729.0,"[6, 12, 17]",896,41.8,46.5,1.036,5.0,12.0,0.0685,0.083,0.567,0.0283,0.0514,0.41,1.13,,0.03
ALT,daily,1.5,,,,138,2026-03-05 00:00,2026-09-21 00:00,3.27,3.88,2.59,1.5,-0.21,-0.58,0.53,55.7,True,0.12,0.39,0,0,8,9805057.0,"[82, 99, 104, 127]",4318,57.2,64.7,1.114,23.0,10.0,0.0607,0.0871,0.688,0.0061,0.0092,0.1,1.0,,0.04
ALTG,weekly,2.0,,,,75,2025-04-25 00:00,2026-09-25 00:00,6.03,8.57,4.42,1.94,0.07,-0.71,0.39,46.4,False,-0.26,-0.28,0,0,6,6354142.0,"[41, 53, 60, 67]",313,58.3,56.8,0.978,7.0,7.0,0.133,0.1659,0.613,0.0337,0.0439,0.25,0.77,,0.03
ALTG,weekly,3.0,,,,129,2024-04-12 00:00,2026-09-25 00:00,6.03,11.86,4.08,2.91,-0.25,-0.76,0.25,46.4,False,-0.26,-0.28,0,0,10,7311212.0,"[95, 107, 114, 121]",259,58.3,56.8,0.978,7.0,7.0,0.1255,0.2183,0.674,0.0337,0.0439,0.27,0.67,,0.04
ALTG,daily,1.5,,,,83,2026-05-22 00:00,2026-09-21 00:00,6.03,7.79,5.44,1.43,-0.22,-0.34,0.25,46.7,False,-0.09,-0.63,0,0,7,1163061.0,"[42, 49, 55, 73]",1779,65.7,44.5,0.786,18.0,9.0,0.053,0.0845,0.663,0.0211,0.0236,0.4,0.91,,0.02
ALTO,weekly,1.5,ANTI,,,30,2026-03-06 00:00,2026-09-25 00:00,3.91,5.84,3.9,1.5,-0.29,0.29,0.01,44.1,False,-1.33,-1.11,0,2,4,45394077.0,"[1, 8, 14, 19]",896,70.5,67.1,1.025,5.0,10.0,0.1071,0.1199,0.5,0.0333,0.0868,0.31,0.67,,0.0
ALTO,weekly,2.0,ANTI,,,30,2026-03-06 00:00,2026-09-25 00:00,3.91,5.84,3.9,1.5,-0.29,0.29,0.01,44.1,False,-1.33,-1.11,0,2,4,45394077.0,"[1, 8, 14, 19]",896,70.5,67.1,1.025,5.0,10.0,0.1071,0.1199,0.5,0.0333,0.0868,0.31,0.67,,0.0
ALTO,daily,2.0,ANTI,,,138,2026-03-05 00:00,2026-09-21 00:00,3.91,5.99,3.9,1.54,-0.24,0.27,0.0,39.7,False,0.11,-0.28,0,0,11,8751298.0,"[104, 117, 128, 133]",4318,43.6,45.9,0.995,5.0,4.0,0.1035,0.1186,0.507,0.0101,0.0149,0.1,0.42,,0.01
ALVO,weekly,2.0,COMP,,,47,2025-11-07 00:00,2026-09-25 00:00,5.88,5.88,3.06,1.92,-0.33,-0.81,1.0,67.3,True,1.45,1.37,0,0,3,12106586.0,"[12, 21, 31]",260,32.9,47.2,1.142,10.0,15.0,0.1893,0.1999,0.383,0.1406,0.2015,0.74,1.54,,0.0
AMAT,daily,2.0,,,,115,2026-04-08 00:00,2026-09-21 00:00,464.24,722.23,380.23,1.9,0.26,-0.04,0.25,49.7,False,-0.25,-0.73,0,0,9,3425653248.0,"[64, 81, 87, 105]",4341,52.0,45.4,0.863,18.0,9.0,0.1158,0.1566,0.487,0.0414,0.0442,0.36,0.77,,0.03
AMBA,weekly,2.0,DIVDN,DN,strict,75,2025-04-25 00:00,2026-09-25 00:00,68.85,89.67,47.57,1.89,0.15,-0.45,0.51,48.9,True,0.07,0.5,0,1,8,270633282.0,"[36, 43, 56, 67]",654,69.0,59.2,0.991,11.0,7.0,0.0914,0.1593,0.6,0.0543,0.0944,0.59,1.59,,0.0
AMBA,daily,1.5,,,,81,2026-05-27 00:00,2026-09-21 00:00,68.85,91.84,61.84,1.49,-0.12,-0.34,0.23,49.8,False,-0.25,-0.73,0,0,6,105660250.0,"[37, 45, 50, 72]",3424,63.8,45.6,0.793,22.0,8.0,0.0626,0.1028,0.481,0.0266,0.0328,0.42,0.89,,0.02
AMBQ,daily,3.0,COMP,,,110,2026-04-15 00:00,2026-09-21 00:00,71.09,90.48,31.6,2.86,0.21,-0.1,0.67,62.6,True,0.58,0.14,0,0,12,34405939.0,"[79, 85, 93, 101]",179,43.0,53.1,1.061,8.0,8.0,0.1544,0.2437,0.491,0.0294,0.0471,0.19,0.74,,0.03
AMCX,weekly,3.0,,,,120,2024-06-14 00:00,2026-09-25 00:00,11.97,15.71,5.63,2.79,0.07,-0.83,0.63,62.1,True,0.66,1.66,0,0,9,20846104.0,"[88, 96, 104, 115]",678,64.7,71.2,1.256,11.0,4.0,0.152,0.2057,0.592,0.0208,0.0523,0.14,1.53,,0.01
AMD,daily,1.5,COMP,,,93,2026-05-08 00:00,2026-09-21 00:00,615.52,615.52,414.05,1.49,0.09,-0.02,1.0,73.0,True,0.7,0.47,0,0,10,13798213183.0,"[59, 67, 75, 84]",4363,48.4,60.4,1.084,9.0,8.0,0.0508,0.0749,0.796,0.0307,0.0304,0.6,0.86,,0.02
AMD,daily,2.0,COMP,,,103,2026-04-24 00:00,2026-09-21 00:00,615.52,615.52,323.21,1.9,0.3,0.06,1.0,73.0,True,0.7,0.47,0,0,12,14197405697.0,"[69, 77, 85, 94]",4353,48.4,60.4,1.084,9.0,8.0,0.0627,0.1143,0.796,0.0307,0.0304,0.49,0.83,,0.02
AMKR,daily,1.5,,,,40,2026-07-27 00:00,2026-09-21 00:00,52.19,61.19,42.65,1.43,-0.28,-0.54,0.51,52.9,False,0.15,-0.45,1,0,3,219454710.0,"[15, 23, 33]",4416,44.2,49.6,1.002,10.0,6.0,0.0593,0.0826,0.675,0.0408,0.033,0.69,0.77,,0.03
AMN,weekly,3.0,COMP,,,105,2024-09-27 00:00,2026-09-25 00:00,34.24,42.57,15.12,2.82,0.01,-0.88,0.7,62.4,True,0.31,1.86,0,0,7,96344712.0,"[56, 70, 75, 92]",821,56.4,74.9,1.634,17.0,12.0,0.1728,0.2758,0.41,0.0058,0.0143,0.03,0.98,,0.02
AMPH,daily,1.5,COMP,,,142,2026-02-27 00:00,2026-09-21 00:00,24.48,24.48,16.87,1.45,0.31,-0.43,1.0,69.7,True,0.32,0.54,0,1,11,10047622.0,"[104, 111, 130, 136]",2936,76.3,70.1,1.003,6.0,5.0,0.0566,0.0826,0.718,0.0065,0.0072,0.11,1.17,,0.04
AMPX,weekly,3.0,ANTI,,,60,2025-08-08 00:00,2026-09-25 00:00,9.61,20.87,7.09,2.94,0.27,-0.18,0.18,40.6,False,-1.28,-4.75,0,0,5,440398062.0,"[25, 32, 38, 53]",151,71.6,47.2,0.599,15.0,6.0,0.1837,0.2949,0.517,0.0425,0.0455,0.23,0.48,,0.02
AMPX,daily,1.5,ANTI,,,54,2026-07-07 00:00,2026-09-21 00:00,9.61,12.51,8.44,1.48,-0.36,-0.63,0.29,44.8,False,-0.24,-0.8,0,0,4,51529123.0,"[10, 28, 37, 44]",953,45.7,48.6,0.989,7.0,9.0,0.0644,0.094,0.648,0.0116,0.0105,0.18,0.78,,0.0
AMPY,weekly,2.0,ANTI,,,62,2025-07-25 00:00,2026-09-25 00:00,4.31,6.56,3.56,1.84,0.06,-0.54,0.25,43.4,False,-0.28,-1.3,0,0,4,15048091.0,"[3, 9, 16, 33]",456,,,,,,0.1292,0.1609,0.581,0.0304,0.0858,0.24,0.89,,0.05
AMPY,weekly,3.0,,,,110,2024-08-23 00:00,2026-09-25 00:00,4.31,7.15,2.39,2.99,-0.22,-0.76,0.4,43.4,False,-0.28,-1.3,0,0,8,12498288.0,"[51, 57, 64, 81]",408,,,,,,0.1892,0.2479,0.609,0.0304,0.0858,0.16,1.07,,0.04
AMPY,daily,1.5,,,,94,2026-05-07 00:00,2026-09-21 00:00,4.31,5.48,3.67,1.49,-0.09,-0.45,0.35,36.4,False,-0.85,-0.15,0,1,9,2832865.0,"[67, 72, 81, 86]",2396,66.6,63.3,0.992,5.0,7.0,0.0949,0.1044,0.521,0.0459,0.0122,0.48,0.92,,0.05
AMR,weekly,2.0,,,,60,2025-08-08 00:00,2026-09-25 00:00,175.49,242.32,137.16,1.77,0.23,-0.66,0.36,47.9,False,0.03,-0.17,0,0,6,241070851.0,"[22, 33, 43, 55]",465,55.6,64.8,1.118,12.0,4.0,0.1043,0.1481,0.583,0.116,0.134,1.11,1.33,,0.0
AMR,weekly,3.0,,,,115,2024-07-19 00:00,2026-09-25 00:00,175.49,307.34,104.88,2.93,-0.15,-0.74,0.35,47.9,False,0.03,-0.17,0,0,10,215818196.0,"[77, 88, 98, 110]",410,55.6,64.8,1.118,12.0,4.0,0.1695,0.2401,0.652,0.116,0.134,0.68,1.48,,0.01
AMR,daily,1.5,ANTI,,,26,2026-08-14 00:00,2026-09-21 00:00,175.49,235.7,166.05,1.42,0.04,-0.26,0.14,36.9,False,-1.55,0.06,0,0,1,74706140.0,[11],2483,,,,,,0.0791,0.1069,0.5,0.0591,0.0837,0.75,0.93,,0.12
AMRC,weekly,3.0,,,,69,2025-06-06 00:00,2026-09-25 00:00,24.08,42.47,15.0,2.83,0.09,-0.75,0.33,46.3,False,-0.28,-1.2,0,0,5,74176533.0,"[32, 37, 51, 62]",776,61.9,51.1,0.775,11.0,6.0,0.1479,0.2322,0.71,0.0503,0.0695,0.34,1.1,,0.0
AMRC,daily,1.5,DIVUP,UP,strict,37,2026-07-30 00:00,2026-09-21 00:00,24.08,28.5,20.66,1.38,-0.31,-0.43,0.44,53.5,False,0.05,-0.29,1,0,4,15158189.0,"[3, 12, 20, 27]",4029,45.3,51.6,1.045,7.0,9.0,0.0445,0.0896,0.541,0.0213,0.0223,0.48,1.02,,0.03
AMRN,weekly,2.0,ANTI,,,75,2025-04-25 00:00,2026-09-25 00:00,13.48,19.72,10.41,1.89,0.04,-0.63,0.33,42.5,False,-0.22,-0.32,0,0,7,5054898.0,"[32, 39, 54, 62]",851,51.1,58.3,1.088,8.0,12.0,0.0644,0.1201,0.84,0.0166,0.0243,0.26,0.66,,0.01
AMRX,daily,1.5,,,,75,2026-06-04 00:00,2026-09-21 00:00,20.16,20.16,13.52,1.49,0.37,-0.11,1.0,70.2,False,-0.03,-0.01,0,2,6,30962799.0,"[28, 37, 50, 62]",4373,56.9,53.7,0.98,12.0,12.0,0.0315,0.0656,0.88,0.0402,0.0327,1.28,1.31,,0.04
AMRZ,weekly,2.0,ANTI,,,66,2025-06-27 00:00,2026-09-25 00:00,38.59,64.33,37.54,1.71,-0.09,,0.04,28.2,False,-1.02,-1.65,0,0,7,826693453.0,"[24, 34, 41, 52]",0,55.9,54.0,0.973,11.0,13.0,0.0552,0.0949,0.879,0.0522,0.0582,0.95,1.09,,0.0
AMRZ,weekly,3.0,ANTI,,,66,2025-06-27 00:00,2026-09-25 00:00,38.59,64.33,37.54,1.71,-0.09,,0.04,28.2,False,-1.02,-1.65,0,0,7,826693453.0,"[24, 34, 41, 52]",0,55.9,54.0,0.973,11.0,13.0,0.0552,0.0949,0.879,0.0522,0.0582,0.95,1.09,,0.0
AMSC,weekly,2.0,ANTI,,,47,2025-11-07 00:00,2026-09-25 00:00,30.24,55.19,27.7,1.99,0.1,-0.55,0.09,41.3,False,-1.07,-2.76,0,0,2,139365352.0,"[14, 26]",879,46.5,69.3,1.611,12.0,20.0,0.0758,0.2122,0.191,0.0186,0.0288,0.25,0.65,,0.02
AMSC,weekly,3.0,ANTI,,,74,2025-05-02 00:00,2026-09-25 00:00,30.24,61.55,21.1,2.92,-0.12,-0.38,0.23,41.3,False,-1.07,-2.76,0,0,4,161050520.0,"[13, 20, 41, 53]",852,46.5,69.3,1.611,12.0,20.0,0.1538,0.2816,0.459,0.0186,0.0288,0.12,0.56,,0.01
AMT,weekly,1.5,,,,153,2023-10-27 00:00,2026-09-25 00:00,174.6,222.37,156.38,1.42,-0.15,-0.38,0.28,48.5,False,-0.0,-0.09,0,0,11,2425148294.0,"[104, 120, 129, 136]",773,50.9,58.3,1.064,7.0,16.0,0.0526,0.082,0.68,0.0046,0.0107,0.09,0.67,,0.01
AMTM,weekly,2.0,ANTI,,,76,2025-04-18 00:00,2026-09-25 00:00,19.9,37.53,18.79,2.0,-0.01,-0.44,0.06,38.5,False,-0.15,-1.33,1,0,6,211457745.0,"[24, 42, 52, 68]",29,48.0,51.7,0.898,16.0,7.0,0.0883,0.1663,0.434,0.0324,0.0452,0.37,0.91,,0.07
AMTM,weekly,3.0,ANTI,,,105,2024-09-27 00:00,2026-09-25 00:00,19.9,37.53,17.47,2.15,0.06,,0.12,38.5,False,-0.15,-1.33,1,0,7,219324607.0,"[53, 71, 81, 97]",0,48.0,51.7,0.898,16.0,7.0,0.1044,0.1733,0.552,0.0324,0.0452,0.31,0.88,,0.05
ANAB,daily,1.5,,,,107,2026-04-20 00:00,2026-09-21 00:00,54.92,69.81,50.29,1.39,-0.31,0.07,0.24,45.4,False,-0.49,-0.36,0,1,6,28486849.0,"[49, 57, 82, 95]",2319,56.6,51.3,0.963,13.0,11.0,0.052,0.0877,0.495,0.0069,0.0123,0.13,0.79,,0.02
ANDE,weekly,1.5,,,,38,2026-01-09 00:00,2026-09-25 00:00,68.48,79.24,54.52,1.45,0.3,-0.03,0.56,50.1,False,-0.95,-0.35,0,0,4,103577976.0,"[5, 16, 21, 27]",888,61.7,65.8,1.092,6.0,10.0,0.0373,0.077,0.763,0.027,0.0418,0.72,1.05,,0.03
ANF,weekly,3.0,,,,152,2023-11-03 00:00,2026-09-25 00:00,136.76,186.06,65.5,2.84,-0.29,0.08,0.59,66.6,True,1.24,1.76,0,0,10,865846131.0,"[92, 112, 121, 127]",774,50.6,52.9,1.006,6.0,24.0,0.2278,0.2809,0.467,0.0938,0.1462,0.41,0.89,,0.01
ANGX,weekly,3.0,,,,48,2025-10-31 00:00,2026-09-25 00:00,5.22,6.4,2.18,2.94,-0.24,,0.72,42.0,True,1.28,2.14,1,0,2,17491531.0,"[7, 18]",7,,,,,,0.2059,0.2496,0.604,0.0391,0.0603,0.19,2.0,,0.0
ANIK,weekly,3.0,COMP,,,101,2024-10-25 00:00,2026-09-25 00:00,20.7,24.32,8.11,3.0,0.04,-0.75,0.78,73.9,True,0.33,1.51,0,0,8,5849093.0,"[55, 70, 77, 95]",825,78.7,83.7,1.361,18.0,5.0,0.2184,0.2758,0.505,0.0107,0.0332,0.05,1.85,,0.03
ANL,weekly,2.0,COMP,,,26,2026-04-03 00:00,2026-09-25 00:00,15.57,16.01,8.18,1.96,0.33,-0.41,0.94,69.5,True,-0.06,0.66,0,0,1,11264261.0,[2],131,,,,,,0.1467,0.175,0.5,0.0669,0.1303,0.46,0.97,,0.0
ANL,daily,2.0,COMP,,,117,2026-04-06 00:00,2026-09-21 00:00,15.57,16.6,9.0,1.84,0.2,-0.15,0.86,58.4,True,-0.06,0.56,0,0,11,2296200.0,"[85, 94, 99, 107]",629,66.1,64.3,1.03,8.0,9.0,0.1262,0.1482,0.598,0.0162,0.0204,0.13,1.17,,0.03
ANNX,weekly,2.0,ANTI,,,45,2025-11-21 00:00,2026-09-25 00:00,4.22,6.78,3.94,1.72,-0.11,-0.47,0.1,40.0,False,-0.67,-1.29,0,0,3,67514934.0,"[9, 21, 33]",278,64.2,56.6,0.887,12.0,11.0,0.0632,0.1113,0.8,0.0874,0.0618,1.38,0.98,,0.02
AOS,weekly,1.5,,,,103,2024-10-11 00:00,2026-09-25 00:00,56.96,79.52,55.67,1.43,-0.34,-0.36,0.05,39.7,True,0.44,-0.15,2,0,9,432182127.0,"[70, 78, 90, 95]",823,48.2,53.4,1.026,5.0,7.0,0.0556,0.0789,0.728,0.0471,0.0312,0.85,0.88,,0.03
AP,weekly,2.0,,,,34,2026-02-06 00:00,2026-09-25 00:00,8.6,12.2,6.79,1.8,0.09,0.14,0.33,50.7,False,-1.13,-0.78,0,0,3,7016734.0,"[3, 13, 26]",892,81.1,55.0,0.78,13.0,7.0,0.095,0.1565,0.559,0.0303,0.0539,0.32,0.42,,0.03
APA,daily,1.5,,,,134,2026-03-11 00:00,2026-09-21 00:00,43.81,47.41,31.65,1.5,0.26,-0.02,0.77,52.9,True,-0.39,0.33,0,0,12,227657596.0,"[104, 112, 121, 129]",4322,68.7,71.6,1.061,8.0,4.0,0.077,0.0968,0.619,0.0056,0.0067,0.07,1.31,,0.02
APAM,weekly,1.5,,,,150,2023-11-17 00:00,2026-09-25 00:00,36.78,43.47,29.31,1.48,0.37,-0.11,0.53,44.8,True,0.79,0.55,0,0,14,105993638.0,"[103, 116, 131, 145]",558,48.6,71.7,1.173,14.0,4.0,0.0561,0.0816,0.74,0.0335,0.0701,0.6,1.55,,0.05
APC,daily,1.5,,,,152,2026-02-12 00:00,2026-09-21 00:00,18.01,21.0,16.66,1.26,0.33,,0.31,41.1,True,0.16,-0.01,1,0,10,2423061.0,"[118, 127, 133, 143]",0,48.4,54.4,1.013,10.0,8.0,0.0298,0.0494,0.684,0.0061,0.0096,0.2,0.82,,0.04
APC,daily,2.0,,,,152,2026-02-12 00:00,2026-09-21 00:00,18.01,21.0,16.66,1.26,0.33,,0.31,41.1,True,0.16,-0.01,1,0,10,2423061.0,"[118, 127, 133, 143]",0,48.4,54.4,1.013,10.0,8.0,0.0298,0.0494,0.684,0.0061,0.0096,0.2,0.82,,0.04
APC,daily,3.0,,,,152,2026-02-12 00:00,2026-09-21 00:00,18.01,21.0,16.66,1.26,0.33,,0.31,41.1,True,0.16,-0.01,1,0,10,2423061.0,"[118, 127, 133, 143]",0,48.4,54.4,1.013,10.0,8.0,0.0298,0.0494,0.684,0.0061,0.0096,0.2,0.82,,0.04
APD,weekly,1.5,DIVDN,DN,strict,136,2024-02-23 00:00,2026-09-25 00:00,279.46,322.52,218.13,1.48,0.36,-0.25,0.59,43.8,True,-0.35,0.08,0,1,12,1714430600.0,"[102, 111, 123, 129]",790,66.2,61.0,0.983,6.0,6.0,0.0665,0.0908,0.662,0.0204,0.0186,0.31,0.85,,0.04
APEI,weekly,1.5,ANTI,,,36,2026-01-23 00:00,2026-09-25 00:00,43.43,60.6,41.78,1.45,-0.11,0.04,0.09,40.6,False,-1.3,-1.35,0,2,4,62698936.0,"[0, 7, 12, 24]",890,76.6,64.0,0.962,12.0,11.0,0.1114,0.1095,0.361,0.0118,0.0463,0.11,0.91,,0.0
API,weekly,2.0,,,,80,2025-03-21 00:00,2026-09-25 00:00,4.32,4.81,2.61,1.84,0.34,-0.58,0.78,53.3,True,0.19,0.42,0,0,7,7800558.0,"[44, 49, 63, 73]",247,60.8,58.4,0.965,10.0,6.0,0.0705,0.1072,0.762,0.042,0.0341,0.6,0.31,,0.0
API,weekly,3.0,,,,105,2024-09-27 00:00,2026-09-25 00:00,4.32,6.16,2.41,2.56,-0.07,-0.5,0.51,53.3,True,0.19,0.42,0,0,10,8646845.0,"[69, 74, 88, 98]",222,60.8,58.4,0.965,10.0,6.0,0.1018,0.1811,0.829,0.042,0.0341,0.41,0.28,,0.0
API,daily,1.5,,,,100,2026-04-29 00:00,2026-09-21 00:00,4.32,5.26,3.51,1.5,0.08,-0.27,0.47,57.6,False,-0.36,-0.36,0,0,6,1148052.0,"[37, 48, 71, 89]",1466,73.3,51.0,0.908,18.0,10.0,0.0328,0.0704,0.74,0.0099,0.0148,0.3,0.35,,0.01
APLD,weekly,2.0,,,,44,2025-11-28 00:00,2026-09-25 00:00,28.19,47.28,23.76,1.99,0.01,-0.31,0.19,46.3,False,-0.79,-1.48,0,0,3,3097956088.0,"[6, 26, 37]",797,71.0,48.3,0.66,11.0,6.0,0.1224,0.2045,0.364,0.0459,0.0372,0.38,0.7,,0.02
APLD,weekly,3.0,,,,55,2025-09-12 00:00,2026-09-25 00:00,28.19,47.28,18.68,2.53,0.17,0.16,0.33,46.3,False,-0.79,-1.48,0,0,4,3502682040.0,"[5, 17, 37, 48]",786,71.0,48.3,0.66,11.0,6.0,0.1512,0.2164,0.691,0.0459,0.0372,0.3,0.62,,0.02
APO,weekly,1.5,,,,84,2025-02-21 00:00,2026-09-25 00:00,127.91,148.98,103.41,1.44,-0.24,-0.4,0.54,50.5,True,0.26,0.36,0,0,7,2184200707.0,"[42, 64, 69, 77]",725,59.0,61.7,1.024,8.0,6.0,0.0491,0.0839,0.69,0.0262,0.0456,0.53,0.81,,0.01
APO,weekly,2.0,,,,149,2023-11-24 00:00,2026-09-25 00:00,127.91,173.21,87.46,1.98,0.28,-0.0,0.47,50.5,True,0.26,0.36,0,0,13,2013120235.0,"[107, 129, 134, 142]",660,59.0,61.7,1.024,8.0,6.0,0.1065,0.1548,0.658,0.0262,0.0456,0.25,0.88,,0.01
APOG,weekly,1.5,,,,26,2026-04-03 00:00,2026-09-25 00:00,36.97,48.58,32.87,1.48,0.33,-0.6,0.26,45.7,True,0.15,0.56,0,0,3,35758200.0,"[3, 12, 18]",900,68.9,57.3,0.896,6.0,7.0,0.0602,0.085,0.654,0.0585,0.0325,0.97,0.96,,0.0
APOG,weekly,2.0,,,,90,2025-01-10 00:00,2026-09-25 00:00,36.97,53.19,31.27,1.7,-0.36,-0.62,0.26,45.7,True,0.15,0.56,0,0,8,42602786.0,"[56, 67, 76, 82]",836,68.9,57.3,0.896,6.0,7.0,0.0713,0.112,0.711,0.0585,0.0325,0.82,0.81,,0.01
APP,weekly,3.0,ANTI,,,75,2025-04-25 00:00,2026-09-25 00:00,330.17,721.37,276.83,2.61,-0.04,-0.46,0.12,39.8,False,-0.52,-2.18,0,0,5,11533989067.0,"[23, 34, 45, 57]",210,48.4,61.3,1.221,12.0,17.0,0.2014,0.2519,0.52,0.0248,0.067,0.12,0.65,,0.01
APPN,daily,1.5,,,,33,2026-08-05 00:00,2026-09-21 00:00,38.62,42.95,29.96,1.43,0.31,0.04,0.67,56.7,False,-1.05,-0.04,0,0,3,28528026.0,"[3, 18, 27]",2310,77.3,56.5,0.892,9.0,5.0,0.0549,0.079,0.758,0.013,0.0185,0.24,0.95,,0.0
APPS,daily,2.0,,,,80,2026-05-28 00:00,2026-09-21 00:00,12.05,14.39,8.03,1.79,0.36,0.2,0.63,57.7,False,-0.04,-0.08,1,0,5,36971039.0,"[23, 50, 63, 73]",3964,53.4,56.8,1.032,10.0,6.0,0.1115,0.1533,0.562,0.0325,0.0316,0.29,0.81,,0.05
APPS,daily,3.0,,,,82,2026-05-26 00:00,2026-09-21 00:00,12.05,14.39,4.81,2.99,0.29,-0.13,0.76,57.7,False,-0.04,-0.08,1,0,5,37160030.0,"[25, 52, 65, 75]",3962,53.4,56.8,1.032,10.0,6.0,0.1067,0.1691,0.793,0.0325,0.0316,0.3,0.8,,0.05
AQN,weekly,1.5,ANTI,,,77,2025-04-11 00:00,2026-09-25 00:00,5.24,6.83,4.72,1.45,0.33,-0.35,0.25,37.6,False,-0.46,-0.6,0,0,7,139404345.0,"[30, 46, 52, 67]",804,55.6,53.4,0.965,15.0,9.0,0.047,0.0726,0.766,0.0265,0.03,0.56,0.71,,0.0
AQST,weekly,3.0,,,,70,2025-05-30 00:00,2026-09-25 00:00,4.78,7.08,2.71,2.61,-0.05,-0.56,0.47,55.0,True,0.39,0.52,0,0,6,41693680.0,"[27, 40, 49, 55]",357,49.1,55.6,1.09,6.0,14.0,0.11,0.2256,0.657,0.0434,0.0965,0.39,1.33,,0.03
AR,weekly,1.5,ANTI,,,98,2024-11-15 00:00,2026-09-25 00:00,33.96,45.15,30.49,1.48,0.06,-0.18,0.24,43.8,False,-0.03,-0.18,0,0,7,835890706.0,"[31, 45, 55, 71]",579,56.4,71.5,1.229,16.0,26.0,0.0631,0.0878,0.602,0.0339,0.0512,0.54,0.76,,0.0
AR,weekly,2.0,,,,137,2024-02-16 00:00,2026-09-25 00:00,33.96,45.15,23.97,1.88,0.39,-0.47,0.47,43.8,False,-0.03,-0.18,0,0,9,742902071.0,"[70, 84, 94, 110]",540,56.4,71.5,1.229,16.0,26.0,0.0802,0.1258,0.774,0.0339,0.0512,0.42,0.86,,0.01
ARCB,daily,1.5,ANTI,,,89,2026-05-14 00:00,2026-09-21 00:00,129.75,173.07,118.59,1.46,-0.11,-0.07,0.2,39.5,False,-0.24,-0.31,1,0,7,45806116.0,"[55, 62, 72, 78]",4367,47.3,51.7,1.014,6.0,10.0,0.0401,0.081,0.764,0.0197,0.0184,0.49,0.73,,0.02
ARCO,weekly,1.5,,,,123,2024-05-24 00:00,2026-09-25 00:00,7.52,9.17,6.26,1.46,-0.1,-0.47,0.43,42.0,False,-0.74,-0.52,0,0,9,45651760.0,"[64, 79, 91, 100]",684,68.8,66.8,1.041,9.0,22.0,0.0768,0.0947,0.618,0.0163,0.0196,0.21,0.93,,0.01
ARCT,weekly,3.0,COMP,,,49,2025-10-24 00:00,2026-09-25 00:00,14.69,16.03,5.53,2.9,0.39,-0.86,0.87,65.6,True,0.93,1.76,0,0,3,19063460.0,"[7, 18, 28]",648,43.6,52.0,1.12,10.0,20.0,0.1032,0.3204,0.204,0.0806,0.3281,0.78,2.83,,0.0
ARE,weekly,1.5,,,,48,2025-10-31 00:00,2026-09-25 00:00,53.34,58.0,40.85,1.42,0.07,-0.64,0.73,53.7,True,0.66,0.69,0,0,5,543544768.0,"[12, 24, 34, 42]",878,55.3,54.2,0.981,8.0,5.0,0.0523,0.0774,0.75,0.0232,0.0239,0.44,0.87,,0.02
ARES,weekly,2.0,,,,152,2023-11-03 00:00,2026-09-25 00:00,126.67,185.53,97.05,1.91,0.15,-0.01,0.33,48.5,True,0.71,0.84,0,0,12,1066755149.0,"[98, 114, 136, 145]",496,53.8,60.3,1.078,9.0,6.0,0.1149,0.1656,0.612,0.0345,0.049,0.3,1.21,,0.0
ARES-P-B,weekly,1.5,,,,37,2026-01-16 00:00,2026-09-25 00:00,40.72,48.93,32.76,1.49,0.18,-0.38,0.49,49.0,True,0.65,0.69,0,0,2,30006616.0,"[21, 30]",66,54.4,61.0,1.072,9.0,6.0,0.052,0.0956,0.703,0.021,0.0445,0.4,0.64,,0.0
ARHS,daily,1.5,,,,71,2026-06-10 00:00,2026-09-21 00:00,8.73,10.03,6.7,1.5,0.4,-0.37,0.61,54.9,False,-1.15,-1.03,0,0,6,9271944.0,"[23, 32, 39, 60]",1152,72.8,49.0,0.902,21.0,10.0,0.0753,0.1032,0.592,0.0337,0.0406,0.45,1.14,,0.01
ARI,daily,1.5,ANTI,,,58,2026-06-30 00:00,2026-09-21 00:00,6.43,7.02,6.42,1.09,-0.11,0.38,0.02,33.5,False,-1.27,-0.29,0,0,3,21270796.0,"[0, 31, 36]",4215,64.2,63.9,1.004,5.0,21.0,0.014,0.0215,0.638,0.0108,0.0241,0.77,0.62,,0.03
ARIS,weekly,2.0,,,,45,2025-11-21 00:00,2026-09-25 00:00,19.03,22.68,11.63,1.95,0.14,0.03,0.67,55.1,False,-0.11,-0.09,0,0,4,126085323.0,"[5, 14, 21, 39]",789,63.6,61.2,0.995,18.0,5.0,0.1002,0.1364,0.711,0.0354,0.1207,0.35,1.1,,0.0
ARKO,daily,1.5,ANTI,,,31,2026-08-07 00:00,2026-09-21 00:00,4.24,5.62,4.22,1.33,-0.31,-0.51,0.01,31.2,False,0.46,-0.4,1,0,2,4459652.0,"[10, 20]",1706,27.6,39.8,1.029,10.0,10.0,0.0303,0.0558,0.452,0.0251,0.0291,0.83,0.78,,0.03
ARLO,weekly,1.5,,,,47,2025-11-07 00:00,2026-09-25 00:00,13.33,15.69,11.42,1.37,-0.11,-0.41,0.45,48.4,False,0.0,-0.17,1,0,5,80654991.0,"[10, 16, 26, 39]",379,54.3,57.8,0.999,13.0,7.0,0.0487,0.068,0.787,0.0218,0.0196,0.45,1.08,,0.04
ARLO,weekly,2.0,,,,75,2025-04-25 00:00,2026-09-25 00:00,13.33,19.44,9.92,1.96,-0.3,-0.4,0.36,48.4,False,0.0,-0.17,1,0,8,89787371.0,"[38, 44, 54, 67]",351,54.3,57.8,0.999,13.0,7.0,0.0809,0.138,0.773,0.0218,0.0196,0.27,0.97,,0.03
ARM,weekly,3.0,,,,26,2026-04-03 00:00,2026-09-25 00:00,322.9,439.46,148.93,2.95,0.26,-0.18,0.6,60.4,True,-0.93,0.92,0,0,1,9074513027.0,[11],133,,,,,,0.1918,0.2516,0.692,0.0564,0.0576,0.29,0.52,,0.0
ARM,daily,3.0,,,,115,2026-04-08 00:00,2026-09-21 00:00,322.9,439.46,148.91,2.95,0.17,-0.07,0.6,69.5,True,0.56,0.19,1,0,10,1664225047.0,"[83, 89, 98, 106]",642,45.7,53.4,1.035,8.0,8.0,0.1555,0.2423,0.687,0.0609,0.0422,0.39,0.81,,0.03
AROC,weekly,1.5,ANTI,,,35,2026-01-30 00:00,2026-09-25 00:00,30.73,41.68,29.02,1.44,-0.01,0.03,0.14,42.4,False,-1.42,-0.62,0,1,3,280253768.0,"[4, 13, 21]",891,80.1,71.8,1.082,8.0,13.0,0.0527,0.0736,0.771,0.0236,0.0556,0.45,1.01,,0.06
ARQQ,weekly,3.0,,,,47,2025-11-07 00:00,2026-09-25 00:00,23.53,33.84,11.78,2.87,-0.3,-0.76,0.53,56.0,True,0.68,1.54,0,0,3,32640394.0,"[23, 32, 40]",240,57.9,57.6,0.999,8.0,6.0,0.2156,0.2699,0.511,0.0569,0.1346,0.26,0.82,,0.02
ARQQ,daily,1.5,,,,37,2026-07-30 00:00,2026-09-21 00:00,23.53,24.39,16.29,1.5,-0.17,-0.45,0.89,59.8,False,-0.25,-0.44,0,0,3,5150876.0,"[8, 20, 27]",1337,52.0,57.3,1.053,7.0,9.0,0.0497,0.0947,0.649,0.0397,0.0497,0.8,1.96,,0.03
ARQQ,daily,2.0,,,,68,2026-06-15 00:00,2026-09-21 00:00,23.53,29.72,15.49,1.92,-0.19,-0.43,0.57,59.8,False,-0.25,-0.44,0,0,4,6397153.0,"[3, 39, 51, 58]",1306,52.0,57.3,1.053,7.0,9.0,0.1024,0.153,0.603,0.0397,0.0497,0.39,1.58,,0.03
ARQT,weekly,1.5,,,,48,2025-10-31 00:00,2026-09-25 00:00,25.96,31.2,20.86,1.5,-0.28,-0.0,0.49,54.4,True,0.23,0.5,0,0,3,197957585.0,"[5, 24, 37]",300,52.0,63.4,1.161,13.0,10.0,0.0634,0.1004,0.667,0.0353,0.0407,0.56,1.15,,0.02
ARQT,weekly,2.0,,,,56,2025-09-05 00:00,2026-09-25 00:00,25.96,31.2,17.15,1.82,0.2,0.01,0.63,54.4,True,0.23,0.5,0,0,3,191521362.0,"[13, 32, 45]",292,52.0,63.4,1.161,13.0,10.0,0.0847,0.1372,0.696,0.0353,0.0407,0.42,1.18,,0.02
ARRY,weekly,3.0,ANTI,,,119,2024-06-21 00:00,2026-09-25 00:00,4.07,11.86,4.06,2.92,-0.04,-0.84,0.0,28.6,False,-0.92,-4.63,0,0,9,204795839.0,"[61, 79, 85, 101]",192,68.1,54.4,0.766,16.0,17.0,0.1461,0.2405,0.714,0.0564,0.0911,0.39,0.66,,0.01
ARTV,weekly,2.0,,,,26,2026-04-03 00:00,2026-09-25 00:00,7.83,12.55,6.74,1.86,0.22,-0.57,0.19,43.6,True,-0.44,0.65,0,0,3,18920017.0,"[2, 11, 19]",89,60.0,66.1,1.166,8.0,6.0,0.1184,0.1585,0.615,0.0318,0.0822,0.27,0.84,,0.0
ARTV,daily,2.0,ANTI,,,114,2026-04-09 00:00,2026-09-21 00:00,7.83,13.39,6.8,1.97,0.2,-0.07,0.16,22.6,False,-1.58,-1.69,0,1,8,3836903.0,"[66, 75, 81, 97]",431,65.3,61.7,1.03,16.0,16.0,0.1121,0.1562,0.719,0.0713,0.0949,0.64,1.19,,0.02
ARVN,weekly,2.0,ANTI,,,59,2025-08-15 00:00,2026-09-25 00:00,8.3,13.6,7.09,1.92,-0.2,-0.86,0.19,41.6,False,0.07,-0.96,0,0,4,47247279.0,"[16, 25, 35, 46]",359,47.7,39.2,0.763,11.0,12.0,0.1565,0.1888,0.458,0.0519,0.0429,0.33,0.58,,0.02
ARVN,weekly,3.0,ANTI,,,90,2025-01-10 00:00,2026-09-25 00:00,8.3,18.7,6.29,2.97,-0.24,-0.88,0.16,41.6,False,0.07,-0.96,0,0,6,62268921.0,"[47, 56, 66, 77]",328,47.7,39.2,0.763,11.0,12.0,0.1717,0.3194,0.344,0.0519,0.0429,0.3,0.44,,0.01
ARVN,daily,1.5,,,,95,2026-05-06 00:00,2026-09-21 00:00,8.3,10.26,6.98,1.47,0.06,-0.5,0.4,39.2,False,-1.21,-0.58,0,1,7,5503914.0,"[51, 61, 72, 82]",1910,70.4,61.5,0.991,10.0,12.0,0.0533,0.0821,0.768,0.0084,0.0308,0.16,1.31,,0.04
ARW,daily,1.5,COMP,,,114,2026-04-09 00:00,2026-09-21 00:00,219.1,234.83,157.43,1.49,0.37,-0.01,0.8,55.5,True,0.31,0.17,1,0,10,118518982.0,"[71, 80, 89, 107]",4342,56.4,64.6,1.036,18.0,6.0,0.0362,0.0769,0.623,0.0101,0.0125,0.28,1.19,,0.01
ARX,weekly,2.0,COMP,,,57,2025-08-29 00:00,2026-09-25 00:00,19.78,20.15,10.26,1.96,0.16,,0.96,62.2,True,1.05,1.27,1,0,2,85257638.0,"[17, 38]",5,24.4,53.9,1.045,21.0,18.0,0.1029,0.1836,0.632,0.0056,0.0153,0.05,2.13,,0.02
ARX,weekly,3.0,DIVUP,UP,strict,62,2025-07-25 00:00,2026-09-25 00:00,19.78,30.05,10.26,2.93,-0.24,,0.48,62.2,True,1.05,1.27,2,0,3,86760193.0,"[4, 22, 43]",0,24.4,53.9,1.045,21.0,18.0,0.1177,0.2891,0.323,0.0056,0.0153,0.05,2.09,,0.02
ARX,daily,1.5,COMP,,,28,2026-08-12 00:00,2026-09-21 00:00,19.78,19.88,13.61,1.46,0.24,-0.21,0.98,71.8,True,-0.13,0.06,0,0,2,37803291.0,"[2, 14]",264,77.1,77.6,1.01,12.0,13.0,0.0061,0.0584,0.0,0.0008,0.0005,0.13,0.88,,0.32
AS,weekly,1.5,ANTI,,,31,2026-02-27 00:00,2026-09-25 00:00,27.45,37.98,26.73,1.42,-0.39,-0.36,0.06,36.2,False,-0.49,-0.95,0,0,3,707447292.0,"[7, 16, 23]",108,53.7,53.7,1.0,7.0,7.0,0.0451,0.0843,0.452,0.0812,0.0803,1.8,1.45,,0.0
AS,weekly,2.0,ANTI,,,97,2024-11-22 00:00,2026-09-25 00:00,27.45,41.96,22.16,1.89,0.3,0.13,0.27,36.2,False,-0.49,-0.95,0,0,10,647119335.0,"[65, 73, 82, 89]",42,53.7,53.7,1.0,7.0,7.0,0.096,0.1379,0.619,0.0812,0.0803,0.85,1.58,,0.01
AS,daily,1.5,ANTI,,,145,2026-02-24 00:00,2026-09-21 00:00,27.45,38.69,26.27,1.47,-0.36,-0.37,0.1,37.9,False,-0.4,-1.09,0,0,9,145728571.0,"[99, 112, 122, 134]",516,46.3,35.3,0.868,12.0,10.0,0.0425,0.0765,0.628,0.015,0.0298,0.35,1.52,,0.03
ASA,weekly,1.5,,,,29,2026-03-13 00:00,2026-09-25 00:00,57.96,69.8,48.09,1.45,-0.32,-0.41,0.45,49.1,False,-0.2,-0.6,0,0,2,17083037.0,"[5, 24]",897,58.7,55.6,0.91,19.0,4.0,0.074,0.0956,0.621,0.0308,0.0885,0.42,0.86,,0.0
ASA,weekly,2.0,,,,55,2025-09-12 00:00,2026-09-25 00:00,57.96,81.24,41.45,1.96,0.27,0.05,0.41,49.1,False,-0.2,-0.6,0,0,5,25134729.0,"[15, 24, 31, 50]",871,58.7,55.6,0.91,19.0,4.0,0.1011,0.154,0.655,0.0308,0.0885,0.3,0.58,,0.0
ASA,daily,1.5,,,,133,2026-03-12 00:00,2026-09-21 00:00,57.96,70.66,48.09,1.47,-0.36,-0.41,0.44,44.4,False,-1.1,-0.23,0,0,8,3775000.0,"[78, 90, 105, 116]",4323,65.8,72.0,1.111,11.0,16.0,0.0671,0.0982,0.594,0.014,0.0383,0.21,1.17,,0.01
ASIX,weekly,2.0,ANTI,,,86,2025-02-07 00:00,2026-09-25 00:00,16.25,28.1,14.35,1.96,-0.32,-0.63,0.14,39.9,False,-1.0,-1.95,0,0,5,25757478.0,"[31, 60, 70, 76]",438,55.4,51.1,0.923,6.0,9.0,0.1045,0.1527,0.663,0.0189,0.0541,0.18,0.92,,0.02
ASLE,weekly,2.0,ANTI,,,136,2024-02-23 00:00,2026-09-25 00:00,5.47,9.26,4.75,1.95,-0.06,-0.78,0.16,35.8,False,-0.45,-0.93,0,0,9,10835543.0,"[98, 105, 112, 123]",260,50.2,47.9,0.947,11.0,12.0,0.0897,0.1422,0.713,0.0259,0.0528,0.29,1.2,,0.01
ASLE,weekly,3.0,ANTI,,,146,2023-12-15 00:00,2026-09-25 00:00,5.47,13.59,4.75,2.86,-0.22,-0.78,0.08,35.8,False,-0.45,-0.93,0,0,10,11587153.0,"[108, 115, 122, 133]",250,50.2,47.9,0.947,11.0,12.0,0.1038,0.2136,0.363,0.0259,0.0528,0.25,1.12,,0.01
ASM,weekly,1.5,,,,30,2026-03-06 00:00,2026-09-25 00:00,6.18,7.83,5.33,1.47,-0.1,-0.47,0.34,46.8,False,-0.03,-0.23,0,0,4,130313735.0,"[6, 12, 17, 25]",892,49.6,56.3,1.137,8.0,4.0,0.0725,0.1014,0.6,0.0655,0.0817,0.9,1.03,,0.0
ASM,weekly,2.0,,,,44,2025-11-28 00:00,2026-09-25 00:00,6.18,10.15,5.33,1.9,-0.18,-0.1,0.18,46.8,False,-0.03,-0.23,0,0,5,142202306.0,"[20, 26, 31, 39]",878,49.6,56.3,1.137,8.0,4.0,0.0913,0.1744,0.409,0.0655,0.0817,0.72,0.95,,0.0
ASM,weekly,3.0,,,,60,2025-08-08 00:00,2026-09-25 00:00,6.18,10.15,3.81,2.66,0.35,-0.1,0.37,46.8,False,-0.03,-0.23,0,0,6,137260023.0,"[36, 42, 47, 55]",862,49.6,56.3,1.137,8.0,4.0,0.1306,0.2343,0.633,0.0655,0.0817,0.5,0.98,,0.0
ASM,daily,1.5,,,,90,2026-05-13 00:00,2026-09-21 00:00,6.18,7.83,5.27,1.49,0.11,-0.53,0.36,40.4,False,-1.06,-0.79,0,1,8,23787680.0,"[61, 68, 73, 78]",4282,64.5,60.2,0.995,5.0,11.0,0.0929,0.1053,0.533,0.0192,0.0801,0.21,0.89,,0.0
ASM,daily,2.0,ANTI,,,154,2026-02-10 00:00,2026-09-21 00:00,6.18,10.36,5.27,1.97,-0.33,-0.53,0.18,40.4,False,-1.06,-0.79,0,1,11,27844614.0,"[125, 132, 137, 142]",4218,64.5,60.2,0.995,5.0,11.0,0.0886,0.1512,0.532,0.0192,0.0801,0.22,0.76,,0.0
ASMB,weekly,2.0,,,,60,2025-08-08 00:00,2026-09-25 00:00,25.44,38.5,21.85,1.76,0.01,0.12,0.22,44.1,True,0.26,0.34,0,0,5,17848818.0,"[15, 29, 39, 47]",764,54.1,51.0,0.933,8.0,12.0,0.0855,0.1393,0.6,0.1227,0.0836,1.44,2.86,,0.0
ASO,weekly,1.5,,,,72,2025-05-16 00:00,2026-09-25 00:00,48.49,59.72,39.97,1.49,0.19,-0.45,0.43,48.2,False,-0.39,-0.82,0,0,8,355333785.0,"[35, 42, 48, 64]",241,57.2,43.4,0.823,16.0,7.0,0.0645,0.095,0.667,0.0292,0.0166,0.45,0.99,,0.0
ASO,weekly,2.0,,,,134,2024-03-08 00:00,2026-09-25 00:00,48.49,69.27,35.96,1.93,-0.15,-0.51,0.38,48.2,False,-0.39,-0.82,0,0,11,362619800.0,"[97, 104, 110, 126]",179,57.2,43.4,0.823,16.0,7.0,0.0701,0.1155,0.851,0.0292,0.0166,0.42,0.97,,0.0
ASPN,daily,2.0,,,,103,2026-04-24 00:00,2026-09-21 00:00,5.19,6.89,3.5,1.97,0.03,-0.1,0.5,53.1,False,-0.11,-0.49,0,0,7,5824590.0,"[45, 59, 71, 86]",2983,70.7,46.8,0.759,15.0,16.0,0.079,0.1315,0.748,0.0213,0.0102,0.27,0.56,,0.04
ASST,daily,3.0,COMP,,,113,2026-04-10 00:00,2026-09-21 00:00,30.33,30.33,10.63,2.85,0.39,-0.65,1.0,79.0,True,0.71,2.29,0,0,8,58383525.0,"[57, 69, 96, 107]",797,85.2,83.9,1.256,11.0,5.0,0.1729,0.3049,0.345,0.0284,0.0215,0.16,4.8,,0.03
ASTH,weekly,2.0,,,,26,2026-04-03 00:00,2026-09-25 00:00,33.55,49.17,25.05,1.96,0.25,-0.59,0.35,44.9,True,-0.68,0.73,0,0,2,87768756.0,"[5, 13]",847,73.3,81.3,1.251,8.0,12.0,0.0625,0.1376,0.769,0.0473,0.0704,0.76,0.78,,0.0
ASTH,weekly,3.0,,,,101,2024-10-25 00:00,2026-09-25 00:00,33.55,55.68,18.78,2.96,-0.02,-0.69,0.4,44.9,True,-0.68,0.73,0,0,8,56191845.0,"[52, 63, 80, 88]",772,73.3,81.3,1.251,8.0,12.0,0.1859,0.2404,0.594,0.0473,0.0704,0.25,1.21,,0.0
ASTH,daily,1.5,ANTI,,,103,2026-04-24 00:00,2026-09-21 00:00,33.55,49.81,33.55,1.48,0.03,-0.0,0.0,31.9,False,-0.47,-0.45,1,0,8,18281505.0,"[54, 77, 89, 97]",3146,49.5,55.7,1.026,8.0,5.0,0.0357,0.0971,0.621,0.03,0.0087,0.84,0.68,,0.04
ASTH,daily,2.0,,,,118,2026-04-02 00:00,2026-09-21 00:00,33.55,49.81,25.05,1.99,0.28,-0.25,0.34,31.9,False,-0.47,-0.45,1,0,9,17812064.0,"[69, 92, 104, 112]",3131,49.5,55.7,1.026,8.0,5.0,0.0555,0.1291,0.771,0.03,0.0087,0.54,0.7,,0.03
ASTI,weekly,3.0,ANTI,,,42,2025-12-12 00:00,2026-09-25 00:00,2.92,7.68,2.86,2.69,-0.39,-0.97,0.01,42.4,False,-0.49,-3.82,0,0,3,22547078.0,"[6, 18, 24]",884,55.2,61.5,1.27,6.0,17.0,0.2665,0.2971,0.524,0.0416,0.049,0.16,0.17,,0.0
ASTL,weekly,2.0,,,,62,2025-07-25 00:00,2026-09-25 00:00,4.27,6.23,3.31,1.88,-0.04,-0.71,0.33,48.7,False,-0.27,-0.65,0,0,5,25376877.0,"[13, 20, 30, 44]",229,54.5,60.7,1.135,14.0,17.0,0.0815,0.1244,0.726,0.0117,0.0412,0.14,0.79,,0.0
ASTL,daily,1.5,,,,74,2026-06-05 00:00,2026-09-21 00:00,4.27,5.01,3.59,1.4,-0.04,-0.38,0.48,49.5,True,-0.09,-0.01,0,0,5,3441090.0,"[34, 41, 51, 63]",1320,62.0,59.5,0.983,12.0,10.0,0.0519,0.0833,0.635,0.0035,0.014,0.07,0.94,,0.04
ASTS,weekly,3.0,ANTI,,,67,2025-06-20 00:00,2026-09-25 00:00,61.89,115.77,38.72,2.99,0.32,0.01,0.3,44.7,False,-0.51,-2.29,0,0,6,4829609105.0,"[30, 42, 49, 59]",294,63.5,47.7,0.634,10.0,7.0,0.1887,0.266,0.612,0.0614,0.0661,0.33,0.64,,0.01
ASTS,daily,1.5,,,,54,2026-07-07 00:00,2026-09-21 00:00,61.89,74.95,53.03,1.41,-0.26,-0.6,0.4,49.2,False,-0.08,-0.52,0,0,3,680146663.0,"[10, 26, 44]",1675,56.7,52.5,0.89,18.0,9.0,0.0653,0.0901,0.611,0.0144,0.0305,0.22,0.68,,0.02
ASX,daily,1.5,COMP,,,100,2026-04-29 00:00,2026-09-21 00:00,43.73,44.67,30.29,1.47,0.33,-0.04,0.93,66.2,True,0.4,0.31,0,0,9,318515660.0,"[66, 75, 83, 91]",4356,54.6,62.7,1.059,8.0,8.0,0.0608,0.0855,0.74,0.0464,0.0497,0.76,0.78,,0.01
ASYS,weekly,2.0,,,,26,2026-04-03 00:00,2026-09-25 00:00,14.98,23.99,12.12,1.98,-0.31,-0.28,0.24,46.8,False,-1.12,-0.99,0,0,1,32739206.0,[5],900,,,,,,0.1174,0.1713,0.462,0.0144,0.0359,0.12,0.76,,0.0
ASYS,weekly,3.0,,,,43,2025-12-05 00:00,2026-09-25 00:00,14.98,23.99,8.91,2.69,0.36,-0.06,0.4,46.8,False,-1.12,-0.99,0,1,2,24987988.0,"[8, 22]",883,87.2,72.6,1.278,14.0,20.0,0.1435,0.2264,0.651,0.0144,0.0359,0.1,0.99,,0.0
ASYS,daily,2.0,,,,118,2026-04-02 00:00,2026-09-21 00:00,14.98,23.99,12.12,1.98,-0.31,-0.34,0.24,50.5,False,-0.07,-0.41,0,0,12,5626724.0,"[84, 94, 101, 108]",4338,49.8,50.3,0.979,7.0,9.0,0.1223,0.1638,0.585,0.0221,0.0315,0.18,0.69,,0.05
ATAT,weekly,1.5,,,,72,2025-05-16 00:00,2026-09-25 00:00,33.07,42.21,28.53,1.48,0.01,-0.05,0.33,45.2,False,-0.16,-0.45,0,0,8,198612739.0,"[29, 41, 49, 67]",131,54.9,53.1,0.924,18.0,4.0,0.0635,0.083,0.806,0.0327,0.0339,0.51,0.7,,0.04
ATEC,weekly,1.5,,,,27,2026-03-27 00:00,2026-09-25 00:00,10.17,11.1,7.52,1.48,-0.09,-0.67,0.74,49.3,True,0.82,0.0,0,0,0,113129474.0,[],899,,,,,,0.1037,0.1159,0.481,0.027,0.0327,0.26,0.66,,0.04
ATEX,daily,1.5,,,,70,2026-06-11 00:00,2026-09-21 00:00,83.62,108.21,74.53,1.45,-0.24,0.1,0.27,47.0,False,-0.63,-0.76,0,0,4,33184567.0,"[2, 13, 36, 53]",2855,61.6,52.2,0.89,17.0,16.0,0.09,0.1022,0.514,0.0183,0.0461,0.2,0.89,,0.03
ATHM,weekly,1.5,,,,49,2025-10-24 00:00,2026-09-25 00:00,21.35,23.8,15.96,1.49,-0.19,-0.45,0.69,54.6,True,1.46,1.24,0,0,3,56802960.0,"[13, 28, 40]",619,40.0,67.5,1.266,12.0,8.0,0.0739,0.1143,0.469,0.0258,0.0323,0.35,1.11,,0.0
ATKR,weekly,2.0,COMP,,,112,2024-08-09 00:00,2026-09-25 00:00,94.47,99.07,52.54,1.89,-0.08,-0.71,0.9,68.6,True,0.38,1.14,0,0,6,171131393.0,"[50, 64, 76, 93]",426,59.2,71.8,1.185,17.0,18.0,0.13,0.1605,0.545,0.0027,0.0091,0.02,1.94,,0.05
ATKR,weekly,3.0,,,,125,2024-05-10 00:00,2026-09-25 00:00,94.47,149.91,52.54,2.85,-0.39,-0.71,0.43,68.6,True,0.38,1.14,0,0,7,183297673.0,"[63, 77, 89, 106]",413,59.2,71.8,1.185,17.0,18.0,0.1344,0.2845,0.336,0.0027,0.0091,0.02,1.81,,0.05
ATMU,weekly,1.5,ANTI,,,50,2025-10-17 00:00,2026-09-25 00:00,44.59,64.55,43.81,1.47,-0.15,-0.05,0.04,37.8,False,-0.72,-1.11,0,0,3,193497274.0,"[18, 26, 40]",125,67.8,51.2,0.846,14.0,9.0,0.0808,0.1073,0.58,0.0576,0.0313,0.71,0.77,,0.0
ATOM,weekly,3.0,ANTI,,,33,2026-02-13 00:00,2026-09-25 00:00,4.39,11.09,3.74,2.97,-0.11,-0.77,0.09,42.5,False,-1.14,-3.65,0,0,3,24893703.0,"[1, 11, 26]",497,76.7,46.8,0.505,15.0,6.0,0.2393,0.3357,0.394,0.0501,0.1492,0.21,0.39,,0.03
ATRO,daily,1.5,ANTI,,,91,2026-05-12 00:00,2026-09-21 00:00,68.62,93.45,62.46,1.5,0.23,-0.04,0.2,41.5,False,-1.07,-1.15,0,0,8,46826384.0,"[49, 65, 74, 80]",4365,50.3,49.4,0.978,6.0,10.0,0.0584,0.0953,0.549,0.0341,0.0346,0.58,1.06,,0.01
ATS,weekly,2.0,ANTI,,,134,2024-03-08 00:00,2026-09-25 00:00,19.16,37.49,19.16,1.96,-0.32,-0.59,0.0,30.9,False,-1.28,-3.25,0,0,11,17736303.0,"[86, 97, 102, 113]",785,64.8,64.1,1.078,11.0,20.0,0.0703,0.1229,0.851,0.0149,0.0547,0.21,1.68,,0.01
AU,daily,1.5,,,,33,2026-08-05 00:00,2026-09-21 00:00,101.93,123.39,87.04,1.42,0.26,-0.19,0.41,47.5,False,-1.36,-0.32,0,0,2,241164349.0,"[5, 12]",4423,69.9,81.3,1.246,7.0,20.0,0.0633,0.0874,0.667,0.0152,0.0327,0.24,0.86,,0.0
AUGO,weekly,3.0,,,,44,2025-11-28 00:00,2026-09-25 00:00,89.15,107.02,39.02,2.74,0.38,0.1,0.74,62.7,False,-0.27,-0.3,0,0,5,319031029.0,"[13, 20, 31, 38]",718,48.7,62.3,1.345,7.0,5.0,0.1579,0.2265,0.727,0.0216,0.1585,0.14,1.21,,0.02
AUGO,daily,2.0,COMP,,,106,2026-04-21 00:00,2026-09-21 00:00,89.15,96.02,49.61,1.94,0.08,-0.54,0.85,63.8,True,-0.6,0.28,0,1,7,58607220.0,"[51, 78, 87, 94]",2027,78.0,64.6,0.974,7.0,11.0,0.1529,0.1748,0.472,0.0095,0.0124,0.06,1.72,,0.02
AUNA,weekly,1.5,,,,49,2025-10-24 00:00,2026-09-25 00:00,5.18,6.16,4.15,1.48,0.0,-0.61,0.51,50.5,True,0.18,-0.03,0,0,4,5066094.0,"[13, 24, 36, 41]",83,52.2,53.6,1.009,5.0,7.0,0.043,0.0802,0.735,0.0086,0.0154,0.2,0.65,,0.0
AUPH,weekly,1.5,COMP,,,50,2025-10-17 00:00,2026-09-25 00:00,16.61,17.23,11.55,1.49,0.38,-0.12,0.89,57.7,True,-0.44,0.19,0,0,3,82012629.0,"[6, 26, 36]",695,68.4,73.4,1.074,10.0,13.0,0.0425,0.0724,0.6,0.0235,0.0219,0.55,0.85,,0.02
AUR,weekly,3.0,,,,116,2024-07-12 00:00,2026-09-25 00:00,6.51,10.19,3.51,2.9,-0.0,-0.2,0.45,54.5,True,-0.18,0.64,0,0,13,436715955.0,"[84, 96, 103, 108]",165,59.3,61.5,1.065,5.0,7.0,0.1538,0.2084,0.647,0.0211,0.0219,0.14,2.05,,0.02
AUR,daily,1.5,,UP,broad,89,2026-05-14 00:00,2026-09-21 00:00,6.51,8.18,5.46,1.5,-0.29,-0.35,0.39,54.9,True,0.46,0.13,0,0,6,178045048.0,"[32, 46, 55, 79]",1259,64.4,55.8,0.9,24.0,9.0,0.0487,0.0783,0.708,0.0101,0.0124,0.21,1.09,,0.01
AUR,daily,2.0,,,,112,2026-04-13 00:00,2026-09-21 00:00,6.51,8.4,4.33,1.94,0.06,-0.11,0.54,54.9,True,0.46,0.13,0,0,9,174848220.0,"[55, 69, 78, 102]",1236,64.4,55.8,0.9,24.0,9.0,0.0648,0.1124,0.83,0.0101,0.0124,0.16,1.11,,0.01
AURA,weekly,1.5,,,,31,2026-02-27 00:00,2026-09-25 00:00,6.36,8.4,5.6,1.5,0.3,-0.52,0.27,43.8,True,-0.52,-0.04,0,0,3,15922766.0,"[10, 18, 23]",226,59.8,60.5,1.032,5.0,7.0,0.08,0.0939,0.71,0.0538,0.0723,0.67,1.52,,0.0
AURA,weekly,2.0,,,,98,2024-11-15 00:00,2026-09-25 00:00,6.36,9.47,5.02,1.89,-0.18,-0.64,0.3,43.8,True,-0.52,-0.04,0,0,8,6666686.0,"[62, 77, 85, 90]",159,59.8,60.5,1.032,5.0,7.0,0.1077,0.1496,0.612,0.0538,0.0723,0.5,3.63,,0.01
AURA,daily,1.5,ANTI,,,133,2026-03-12 00:00,2026-09-21 00:00,6.36,8.9,5.94,1.5,0.17,-0.1,0.14,28.9,False,-1.2,-0.9,0,0,10,3279547.0,"[91, 102, 109, 122]",1094,65.1,51.1,0.926,13.0,10.0,0.0511,0.0779,0.744,0.026,0.0522,0.51,1.72,,0.04
AVAH,weekly,3.0,COMP,,,60,2025-08-08 00:00,2026-09-25 00:00,13.44,14.08,6.14,2.29,0.37,0.03,0.92,75.7,True,1.98,2.51,0,0,4,56086739.0,"[5, 10, 40, 48]",223,54.7,68.4,1.256,8.0,11.0,0.1115,0.2277,0.45,0.0191,0.1429,0.17,3.87,,0.0
AVAV,weekly,3.0,,,,77,2025-04-11 00:00,2026-09-25 00:00,160.9,392.86,137.95,2.85,-0.29,-0.39,0.09,46.0,False,0.31,-0.86,1,0,7,1141014412.0,"[54, 59, 64, 70]",849,47.2,50.4,1.01,6.0,6.0,0.2276,0.3001,0.403,0.0797,0.0489,0.35,0.97,,0.03
AVAV,daily,1.5,,,,78,2026-06-01 00:00,2026-09-21 00:00,160.9,204.4,136.68,1.5,-0.31,-0.65,0.36,54.4,False,0.04,-0.44,0,0,3,202452324.0,"[22, 36, 49]",4378,,,,,,0.0769,0.1117,0.423,0.0239,0.0311,0.31,1.94,,0.0
AVBP,weekly,1.5,,,,26,2026-04-03 00:00,2026-09-25 00:00,29.74,34.67,24.89,1.39,0.25,-0.27,0.5,52.3,True,-0.64,0.33,0,0,2,67833042.0,"[3, 13]",114,71.4,73.0,1.14,10.0,12.0,0.0304,0.0758,0.731,0.0197,0.0348,0.65,0.94,,0.0
AVBP,weekly,3.0,,,,140,2024-01-26 00:00,2026-09-25 00:00,29.74,34.67,15.44,2.25,0.39,,0.74,52.3,True,-0.64,0.33,0,0,10,26960773.0,"[97, 104, 117, 127]",0,71.4,73.0,1.14,10.0,12.0,0.1588,0.1985,0.564,0.0197,0.0348,0.12,2.36,,0.01
AVBP,daily,1.5,,,,119,2026-04-01 00:00,2026-09-21 00:00,29.74,34.74,24.22,1.43,0.22,-0.09,0.52,50.6,False,-0.07,-0.15,0,0,10,13038867.0,"[85, 91, 100, 107]",547,54.4,53.4,0.99,7.0,11.0,0.0395,0.0742,0.765,0.0112,0.0272,0.28,1.21,,0.03
AVEX,daily,2.0,,,,75,2026-06-04 00:00,2026-09-21 00:00,16.51,24.61,13.32,1.85,-0.26,-0.67,0.28,45.2,False,-0.42,-1.0,0,0,6,27516345.0,"[27, 47, 58, 65]",35,49.5,45.2,0.912,7.0,9.0,0.1011,0.1396,0.667,0.0056,0.0111,0.06,0.6,,0.0
AVEX,daily,3.0,,,,79,2026-05-29 00:00,2026-09-21 00:00,16.51,38.61,13.32,2.9,-0.29,-0.67,0.13,45.2,False,-0.42,-1.0,0,0,6,29769905.0,"[31, 51, 62, 69]",31,49.5,45.2,0.912,7.0,9.0,0.1057,0.2349,0.291,0.0056,0.0111,0.05,0.56,,0.0
AVGO,weekly,1.5,,,,56,2025-09-05 00:00,2026-09-25 00:00,362.66,445.22,299.64,1.49,0.37,-0.01,0.43,47.8,False,-0.78,-0.37,0,1,4,40775289303.0,"[1, 8, 35, 48]",839,69.8,59.1,0.996,13.0,7.0,0.0705,0.096,0.589,0.0162,0.0295,0.23,0.92,,0.02
AVGO,daily,1.5,,,,116,2026-04-07 00:00,2026-09-21 00:00,362.66,479.9,332.81,1.44,-0.31,-0.19,0.2,49.0,False,0.0,-0.32,0,0,10,8668295509.0,"[73, 85, 99, 106]",4191,43.9,45.3,0.992,7.0,9.0,0.0561,0.0716,0.733,0.0254,0.0181,0.45,0.99,,0.03
AVIR,weekly,1.5,COMP,,,36,2026-01-23 00:00,2026-09-25 00:00,5.43,6.1,4.1,1.49,0.2,-0.08,0.66,56.7,True,-0.2,0.05,0,0,1,8070625.0,[7],273,,,,,,0.093,0.1147,0.528,0.0159,0.0343,0.17,0.82,,0.0
AVIR,daily,1.5,,,,135,2026-03-10 00:00,2026-09-21 00:00,5.43,6.13,4.1,1.5,-0.27,-0.33,0.66,54.2,True,-0.71,-0.03,0,0,9,1469791.0,"[84, 104, 112, 124]",1343,71.1,69.3,1.043,12.0,10.0,0.0869,0.1082,0.57,0.0095,0.0207,0.11,0.99,,0.02
AVNW,weekly,1.5,,,,27,2026-03-27 00:00,2026-09-25 00:00,20.3,23.36,15.81,1.48,-0.02,-0.59,0.59,47.8,True,0.3,0.08,0,0,3,17044087.0,"[4, 15, 20]",899,52.4,54.7,1.023,5.0,6.0,0.0342,0.0944,0.63,0.0199,0.0207,0.58,0.94,,0.0
AVNW,weekly,2.0,,,,109,2024-08-30 00:00,2026-09-25 00:00,20.3,27.45,13.79,1.99,0.11,-0.64,0.48,47.8,True,0.3,0.08,0,0,9,12297654.0,"[75, 86, 97, 102]",817,52.4,54.7,1.023,5.0,6.0,0.077,0.124,0.807,0.0199,0.0207,0.26,1.31,,0.02
AVO,daily,1.5,,DN,broad,114,2026-04-09 00:00,2026-09-21 00:00,12.8,14.85,10.11,1.47,-0.07,-0.34,0.57,49.7,False,-0.31,-0.13,0,0,9,12181165.0,"[76, 83, 93, 105]",1385,57.9,60.6,1.01,12.0,8.0,0.0418,0.0756,0.746,0.0211,0.0164,0.5,0.89,,0.01
AVR,daily,1.5,ANTI,,,89,2026-05-14 00:00,2026-09-21 00:00,8.15,10.57,7.24,1.46,-0.16,0.08,0.27,40.9,False,-0.72,-0.62,0,1,9,9064253.0,"[66, 72, 78, 83]",354,53.6,49.6,0.965,5.0,5.0,0.0627,0.0781,0.787,0.0072,0.0202,0.11,0.63,,0.02
AVTX,weekly,2.0,,,,54,2025-09-19 00:00,2026-09-25 00:00,16.17,21.57,10.8,2.0,0.28,-0.7,0.5,46.7,True,0.07,0.8,0,0,4,52800651.0,"[6, 23, 33, 48]",518,64.1,58.8,0.919,15.0,5.0,0.1145,0.1399,0.759,0.0498,0.0313,0.43,1.46,,0.02
AVTX,daily,1.5,ANTI,,,69,2026-06-12 00:00,2026-09-21 00:00,16.17,20.75,14.33,1.45,0.16,-0.37,0.29,35.1,False,-1.11,-1.1,0,2,7,16538580.0,"[39, 46, 51, 59]",2680,59.2,53.2,0.959,8.0,9.0,0.0377,0.081,0.507,0.014,0.0342,0.37,1.01,,0.01
AWI,weekly,1.5,,,,75,2025-04-25 00:00,2026-09-25 00:00,161.88,201.76,136.93,1.47,-0.06,-0.13,0.38,44.6,True,0.46,0.09,1,0,7,303862256.0,"[37, 42, 51, 67]",851,49.7,62.9,1.038,16.0,7.0,0.0839,0.0949,0.6,0.0526,0.0528,0.63,0.92,,0.04
AXON,weekly,2.0,,,,47,2025-11-07 00:00,2026-09-25 00:00,452.06,636.04,345.94,1.84,-0.18,-0.59,0.37,43.9,True,0.71,1.55,0,0,4,2229868708.0,"[10, 17, 34, 41]",879,60.5,61.5,1.051,7.0,5.0,0.1367,0.1565,0.511,0.1228,0.0917,0.9,1.09,,0.02
AXON,weekly,3.0,,,,120,2024-06-14 00:00,2026-09-25 00:00,452.06,842.5,291.15,2.89,0.11,-0.09,0.29,43.9,True,0.71,1.55,0,0,11,1933467955.0,"[83, 90, 107, 114]",806,60.5,61.5,1.051,7.0,5.0,0.2154,0.2569,0.575,0.1228,0.0917,0.57,1.26,,0.01
AXON,daily,1.5,ANTI,,,63,2026-06-23 00:00,2026-09-21 00:00,452.06,645.72,433.04,1.49,-0.09,-0.29,0.09,36.6,False,-1.18,-1.88,0,2,3,467975261.0,"[9, 30, 40]",4393,66.6,62.5,1.059,10.0,22.0,0.1007,0.1085,0.476,0.0337,0.0544,0.33,0.96,,0.03
AXP,weekly,1.5,,,,75,2025-04-25 00:00,2026-09-25 00:00,313.59,379.47,261.35,1.45,0.25,-0.17,0.44,42.3,True,0.17,0.24,0,0,6,4200051064.0,"[28, 33, 51, 64]",851,51.2,62.1,1.074,13.0,10.0,0.06,0.0834,0.653,0.0266,0.0293,0.44,0.85,,0.0
AXSM,daily,1.5,,,,115,2026-04-08 00:00,2026-09-21 00:00,205.49,255.17,173.19,1.47,0.13,-0.08,0.39,44.5,True,0.51,-0.02,0,0,11,149165013.0,"[85, 92, 97, 108]",2608,37.9,59.1,1.066,11.0,6.0,0.0626,0.0926,0.583,0.0208,0.0102,0.33,0.95,,0.04
AXTI,daily,2.0,,,,36,2026-07-31 00:00,2026-09-21 00:00,79.93,95.97,56.11,1.71,-0.3,-0.6,0.6,61.3,False,-0.15,-0.67,0,0,3,601151163.0,"[5, 11, 26]",4420,65.8,52.8,0.725,15.0,9.0,0.0824,0.1324,0.528,0.0642,0.0751,0.78,0.92,,0.03
AXTI,daily,3.0,,,,79,2026-05-29 00:00,2026-09-21 00:00,79.93,110.85,36.97,3.0,-0.36,-0.74,0.58,61.3,False,-0.15,-0.67,0,0,7,593126436.0,"[35, 48, 54, 69]",4377,65.8,52.8,0.725,15.0,9.0,0.1609,0.2418,0.722,0.0642,0.0751,0.4,0.93,,0.03
AYI,weekly,1.5,,,,74,2025-05-02 00:00,2026-09-25 00:00,306.46,372.61,251.97,1.48,0.21,-0.24,0.45,44.6,True,0.53,0.78,0,1,7,458270324.0,"[31, 40, 60, 66]",852,67.8,63.2,0.993,6.0,7.0,0.0771,0.1075,0.541,0.059,0.0281,0.77,0.76,,0.05
AZ,weekly,3.0,,,,102,2024-10-18 00:00,2026-09-25 00:00,5.83,11.42,4.63,2.47,-0.2,-0.35,0.18,45.8,False,-0.32,-1.12,0,0,7,8799818.0,"[58, 64, 78, 95]",226,61.2,56.9,0.883,17.0,6.0,0.1142,0.2012,0.647,0.0606,0.0585,0.53,1.4,,0.0
AZ,daily,1.5,ANTI,,,41,2026-07-24 00:00,2026-09-21 00:00,5.83,8.1,5.41,1.5,-0.11,-0.37,0.16,44.1,False,-1.06,-1.36,0,0,3,2389978.0,"[5, 14, 31]",1510,75.7,45.4,0.76,17.0,9.0,0.0661,0.1009,0.439,0.0167,0.0259,0.25,0.89,,0.02
AZN,weekly,1.5,,,,62,2025-07-25 00:00,2026-09-25 00:00,168.1,207.08,141.87,1.46,0.26,-0.16,0.4,46.4,False,-0.77,-0.93,0,2,5,1654485585.0,"[18, 31, 38, 49]",864,64.5,56.9,0.953,11.0,12.0,0.0606,0.0902,0.726,0.0179,0.0204,0.3,1.55,,0.02
AZTA,weekly,3.0,,,,85,2025-02-14 00:00,2026-09-25 00:00,33.75,45.41,16.02,2.83,-0.26,-0.76,0.6,59.8,True,1.14,1.65,0,0,5,101839016.0,"[41, 49, 62, 79]",841,44.7,70.3,1.443,17.0,5.0,0.1198,0.1945,0.776,0.0258,0.0772,0.22,1.23,,0.0
B,weekly,1.5,,,,46,2025-11-14 00:00,2026-09-25 00:00,42.69,50.33,34.8,1.45,-0.14,0.03,0.51,52.8,True,0.13,0.21,0,0,4,2750141229.0,"[6, 15, 21, 40]",880,55.2,61.5,1.098,19.0,5.0,0.0592,0.0914,0.609,0.0236,0.0652,0.4,0.79,,0.0
B,weekly,2.0,,,,58,2025-08-22 00:00,2026-09-25 00:00,42.69,50.33,25.52,1.97,0.4,0.09,0.69,52.8,True,0.13,0.21,0,0,5,2799139452.0,"[18, 27, 33, 52]",868,55.2,61.5,1.098,19.0,5.0,0.0967,0.1479,0.707,0.0236,0.0652,0.24,0.77,,0.0
BA,weekly,1.5,ANTI,,,75,2025-04-25 00:00,2026-09-25 00:00,201.15,252.15,177.95,1.42,0.14,-0.33,0.31,42.4,False,-0.3,-0.31,1,0,6,7099055243.0,"[39, 54, 62, 67]",851,52.5,56.2,1.035,5.0,7.0,0.053,0.072,0.747,0.0309,0.0211,0.58,0.78,,0.03
BA-P-A,weekly,1.5,,,,76,2025-04-18 00:00,2026-09-25 00:00,62.83,77.9,52.92,1.47,0.19,-0.1,0.4,41.6,False,-0.37,-0.37,1,0,5,165256958.0,"[40, 55, 63, 68]",24,50.9,55.7,1.035,5.0,7.0,0.0461,0.0684,0.803,0.0265,0.0181,0.57,1.35,,0.0
BABA,weekly,2.0,,,,87,2025-01-31 00:00,2026-09-25 00:00,115.75,186.32,94.81,1.97,0.0,-0.15,0.23,46.1,False,0.15,-0.62,0,0,6,8226944453.0,"[35, 51, 66, 79]",541,49.1,52.1,0.925,13.0,7.0,0.0943,0.159,0.598,0.0348,0.0342,0.37,0.64,,0.0
BABA,daily,1.5,,,,89,2026-05-14 00:00,2026-09-21 00:00,115.75,139.84,94.81,1.47,-0.13,-0.46,0.47,52.7,False,-0.77,-0.65,0,0,5,1164963889.0,"[44, 59, 67, 78]",2930,63.6,40.9,0.868,11.0,10.0,0.0609,0.0878,0.742,0.0065,0.0195,0.11,0.7,,0.04
BAH,weekly,1.5,,,,35,2026-01-30 00:00,2026-09-25 00:00,77.38,87.02,61.75,1.41,-0.38,-0.65,0.62,52.5,False,0.39,-0.2,1,0,3,641192996.0,"[9, 18, 28]",793,45.6,52.4,0.989,10.0,6.0,0.0159,0.0791,0.771,0.0124,0.0295,0.78,0.9,,0.0
BALL,weekly,1.5,,,,152,2023-11-03 00:00,2026-09-25 00:00,59.71,67.73,46.35,1.46,-0.06,-0.49,0.62,48.5,True,0.02,0.24,0,0,11,583406975.0,"[87, 119, 128, 143]",774,62.6,61.1,1.01,15.0,8.0,0.0885,0.102,0.539,0.0214,0.0154,0.24,0.87,,0.01
BAM,weekly,1.5,,,,107,2024-09-13 00:00,2026-09-25 00:00,46.22,60.19,41.89,1.44,-0.19,0.08,0.24,45.0,True,0.4,0.32,0,0,8,543515539.0,"[69, 74, 86, 100]",94,51.8,63.4,1.103,14.0,6.0,0.0631,0.0868,0.636,0.0348,0.041,0.55,1.12,,0.04
BAND,daily,1.5,,,,37,2026-07-30 00:00,2026-09-21 00:00,54.31,56.87,38.83,1.46,0.25,-0.5,0.86,55.9,False,0.29,0.0,0,0,3,40237602.0,"[10, 20, 30]",2188,50.3,60.1,1.097,10.0,6.0,0.0541,0.0814,0.757,0.0263,0.0314,0.49,1.4,,0.0
BAND,daily,2.0,,,,48,2026-07-15 00:00,2026-09-21 00:00,54.31,71.81,36.95,1.94,-0.35,-0.53,0.5,55.9,False,0.29,0.0,0,0,3,46971950.0,"[21, 31, 41]",2177,50.3,60.1,1.097,10.0,6.0,0.0703,0.1554,0.729,0.0263,0.0314,0.37,1.2,,0.0
BAND,daily,3.0,,,,99,2026-04-30 00:00,2026-09-21 00:00,54.31,78.44,36.81,2.13,-0.19,0.52,0.42,55.9,False,0.29,0.0,0,0,6,55948258.0,"[47, 72, 82, 92]",2126,50.3,60.1,1.097,10.0,6.0,0.1066,0.1694,0.687,0.0263,0.0314,0.25,1.01,,0.01
BANF,weekly,1.5,,,,115,2024-07-19 00:00,2026-09-25 00:00,109.46,132.98,96.69,1.38,0.09,-0.11,0.35,45.6,True,-0.08,0.0,0,0,11,63316037.0,"[81, 91, 99, 105]",811,55.5,56.2,1.007,6.0,9.0,0.0439,0.0716,0.722,0.011,0.0178,0.25,0.92,,0.05
BANR,weekly,1.5,COMP,,,115,2024-07-19 00:00,2026-09-25 00:00,69.72,74.01,50.4,1.47,0.35,-0.22,0.82,55.9,True,0.34,0.59,0,0,11,70735978.0,"[81, 92, 99, 108]",811,60.4,70.0,1.109,9.0,6.0,0.0492,0.0769,0.757,0.0044,0.0094,0.09,1.54,,0.03
BB,daily,2.0,,,,84,2026-05-21 00:00,2026-09-21 00:00,8.53,12.81,6.65,1.93,-0.33,0.04,0.31,57.9,False,0.25,-0.3,0,0,5,165476850.0,"[27, 57, 67, 74]",4372,50.6,42.6,0.91,7.0,9.0,0.0712,0.1406,0.631,0.0193,0.0142,0.27,0.47,,0.02
BB,daily,3.0,,,,109,2026-04-16 00:00,2026-09-21 00:00,8.53,12.81,4.69,2.73,0.29,0.06,0.47,57.9,False,0.25,-0.3,0,0,7,138900200.0,"[52, 82, 92, 99]",4347,50.6,42.6,0.91,7.0,9.0,0.0882,0.218,0.661,0.0193,0.0142,0.22,0.56,,0.03
BBAR,weekly,2.0,,,,48,2025-10-31 00:00,2026-09-25 00:00,14.3,21.73,13.12,1.66,0.02,-0.42,0.14,42.5,True,-0.32,-0.11,0,0,4,55291904.0,"[0, 13, 24, 33]",878,52.8,66.1,1.339,9.0,14.0,0.1125,0.1348,0.542,0.0253,0.0841,0.22,0.86,,0.0
BBAR,weekly,3.0,,,,127,2024-04-26 00:00,2026-09-25 00:00,14.3,22.71,7.59,2.99,0.39,-0.0,0.44,42.5,True,-0.32,-0.11,0,0,9,55845453.0,"[79, 92, 103, 112]",799,52.8,66.1,1.339,9.0,14.0,0.1923,0.2734,0.583,0.0253,0.0841,0.13,0.85,,0.0
BBD,weekly,1.5,,,,57,2025-08-29 00:00,2026-09-25 00:00,3.52,4.11,2.85,1.44,0.35,0.0,0.53,52.4,False,-0.36,-0.43,0,0,5,564364627.0,"[11, 25, 33, 45]",869,66.3,55.2,0.887,12.0,11.0,0.0644,0.0881,0.596,0.0403,0.0351,0.63,0.78,,0.05
BBIO,weekly,1.5,,,,48,2025-10-31 00:00,2026-09-25 00:00,66.58,85.89,61.8,1.39,0.23,0.11,0.2,42.0,True,-0.16,0.34,0,0,3,814321426.0,"[9, 24, 36]",331,63.0,69.5,1.119,12.0,11.0,0.0642,0.0816,0.604,0.0655,0.0521,1.02,0.87,,0.02
BBSI,weekly,1.5,,,,48,2025-10-31 00:00,2026-09-25 00:00,32.86,40.06,27.36,1.46,-0.09,-0.43,0.43,45.9,True,0.48,0.67,1,0,2,33787954.0,"[11, 37]",878,48.5,66.2,1.033,26.0,10.0,0.081,0.1035,0.542,0.0119,0.0327,0.15,0.93,,0.0
BBSI,weekly,2.0,,,,151,2023-11-10 00:00,2026-09-25 00:00,32.86,48.3,25.5,1.89,0.24,0.07,0.32,45.9,True,0.48,0.67,1,0,11,33830374.0,"[77, 94, 114, 140]",775,48.5,66.2,1.033,26.0,10.0,0.1414,0.1595,0.609,0.0119,0.0327,0.08,0.93,,0.03
BBUC,weekly,1.5,ANTI,,,75,2025-04-25 00:00,2026-09-25 00:00,25.73,36.66,24.86,1.47,-0.0,-0.09,0.07,29.9,False,-0.85,-1.25,0,0,6,22488774.0,"[21, 26, 35, 51]",163,60.4,53.1,0.944,16.0,23.0,0.0745,0.0931,0.627,0.0481,0.048,0.65,1.95,,0.03
BBW,weekly,3.0,ANTI,,,111,2024-08-16 00:00,2026-09-25 00:00,24.75,72.5,24.44,2.97,0.06,-0.15,0.01,30.6,False,0.08,-1.48,0,0,8,63904195.0,"[56, 74, 93, 105]",815,38.7,50.5,1.053,12.0,5.0,0.1711,0.2555,0.595,0.1702,0.1142,0.99,1.2,,0.04
BBWI,weekly,1.5,,,,44,2025-11-28 00:00,2026-09-25 00:00,16.91,23.86,16.44,1.45,-0.2,-0.66,0.06,39.6,True,0.15,0.09,0,0,3,550011138.0,"[12, 21, 30]",882,45.9,56.6,1.151,9.0,13.0,0.0462,0.0928,0.614,0.0245,0.0314,0.53,1.02,,0.05
BBWI,daily,1.5,ANTI,,,146,2026-02-23 00:00,2026-09-21 00:00,16.91,23.26,15.77,1.48,-0.09,-0.39,0.15,40.3,False,-0.28,-0.57,0,0,11,107339259.0,"[99, 112, 122, 135]",4310,51.2,52.1,0.984,13.0,10.0,0.0533,0.0807,0.733,0.0275,0.0463,0.52,1.04,,0.04
BC,weekly,1.5,ANTI,,,50,2025-10-17 00:00,2026-09-25 00:00,66.0,87.7,62.49,1.4,0.32,-0.32,0.14,35.3,False,-0.58,-0.35,0,0,4,281896330.0,"[1, 13, 36, 43]",876,61.7,55.4,0.949,7.0,6.0,0.067,0.0939,0.6,0.072,0.0287,1.07,0.91,,0.04
BCAX,weekly,1.5,,,,26,2026-04-03 00:00,2026-09-25 00:00,22.01,29.0,20.0,1.45,0.33,-0.22,0.22,46.4,True,-0.58,0.55,0,0,2,61279456.0,"[2, 13]",81,70.9,71.3,1.208,11.0,12.0,0.0568,0.1119,0.385,0.027,0.0935,0.48,0.99,,0.0
BCE,weekly,1.5,ANTI,,,104,2024-10-04 00:00,2026-09-25 00:00,21.99,29.4,19.73,1.49,0.02,-0.47,0.23,43.6,False,-0.1,-0.24,0,2,7,363584252.0,"[54, 69, 86, 98]",822,56.9,53.9,0.957,12.0,5.0,0.0486,0.0862,0.538,0.0113,0.0438,0.23,0.96,,0.01
BCO,weekly,1.5,,,,60,2025-08-08 00:00,2026-09-25 00:00,107.05,130.32,93.89,1.39,-0.19,-0.16,0.36,47.4,True,0.41,0.27,0,0,4,195290498.0,"[5, 26, 36, 50]",866,51.4,62.3,1.069,14.0,9.0,0.0435,0.0733,0.733,0.0149,0.0393,0.34,1.12,,0.0
BCPC,weekly,1.5,,,,148,2023-12-01 00:00,2026-09-25 00:00,167.34,181.43,122.86,1.48,0.31,-0.25,0.76,49.0,True,0.08,0.11,0,0,14,113014870.0,"[115, 124, 134, 142]",778,55.5,62.4,1.059,8.0,5.0,0.048,0.0696,0.676,0.0305,0.0251,0.64,1.16,,0.03
BCRX,weekly,1.5,,,,32,2026-02-20 00:00,2026-09-25 00:00,8.76,10.45,7.45,1.4,0.23,-0.33,0.44,48.0,True,-0.34,0.09,0,1,2,189005362.0,"[4, 20]",894,67.4,64.2,1.077,16.0,11.0,0.0488,0.0695,0.75,0.0449,0.0469,0.92,0.83,,0.0
BCRX,weekly,2.0,DIVDN,DN,strict,124,2024-05-17 00:00,2026-09-25 00:00,8.76,11.04,6.13,1.8,0.36,-0.58,0.54,48.0,True,-0.34,0.09,0,1,11,132569041.0,"[66, 84, 96, 112]",802,67.4,64.2,1.077,16.0,11.0,0.0958,0.136,0.677,0.0449,0.0469,0.47,1.19,,0.0
BCRX,daily,1.5,,,,148,2026-02-19 00:00,2026-09-21 00:00,8.76,11.11,7.45,1.49,0.23,-0.06,0.36,43.4,False,-0.8,-0.78,0,0,13,34971641.0,"[109, 120, 125, 135]",4308,56.0,58.0,1.01,10.0,12.0,0.0529,0.0741,0.851,0.0263,0.0471,0.5,1.36,,0.01
BDC,weekly,1.5,,,,75,2025-04-25 00:00,2026-09-25 00:00,110.55,149.43,101.34,1.47,0.05,-0.2,0.19,45.6,True,0.11,-0.01,0,0,8,178911702.0,"[42, 52, 60, 68]",851,53.7,60.8,1.103,8.0,6.0,0.0551,0.0875,0.6,0.072,0.0611,1.31,1.31,,0.04
BDC,daily,1.5,ANTI,,,150,2026-02-17 00:00,2026-09-21 00:00,110.55,148.37,99.48,1.49,-0.28,-0.34,0.23,40.9,False,-0.69,-0.66,0,0,10,52189545.0,"[75, 85, 122, 143]",4306,75.5,52.9,0.886,21.0,6.0,0.0624,0.0994,0.62,0.0109,0.0327,0.17,1.01,,0.03
BDL,daily,1.5,,,,72,2026-06-09 00:00,2026-09-21 00:00,41.26,51.77,34.76,1.49,0.38,0.01,0.38,38.5,False,-0.79,-0.59,0,0,6,1002196.0,"[40, 48, 54, 61]",3346,64.7,52.9,0.908,7.0,10.0,0.0568,0.085,0.75,0.0138,0.0195,0.24,0.68,,0.0
BDN,weekly,1.5,,,,51,2025-10-10 00:00,2026-09-25 00:00,2.93,3.41,2.34,1.46,0.0,-0.56,0.56,46.0,True,0.14,0.36,0,0,3,35980332.0,"[17, 37, 43]",875,56.4,56.0,1.007,6.0,7.0,0.0432,0.0726,0.686,0.0197,0.0196,0.46,0.71,,0.0
BE,daily,2.0,COMP,,,63,2026-06-23 00:00,2026-09-21 00:00,272.89,326.19,163.75,1.99,-0.14,-0.53,0.67,59.6,True,0.81,1.12,0,0,5,3312779701.0,"[30, 35, 45, 53]",1987,49.4,69.3,1.27,8.0,9.0,0.1072,0.1487,0.778,0.0306,0.0323,0.29,1.14,,0.0
BEAM,weekly,1.5,ANTI,,,26,2026-04-03 00:00,2026-09-25 00:00,25.26,34.81,23.99,1.45,-0.27,-0.28,0.12,44.8,False,-0.44,-0.47,0,0,3,295160153.0,"[2, 12, 20]",321,60.3,52.1,0.855,8.0,5.0,0.0805,0.1096,0.538,0.0806,0.0808,1.0,0.75,,0.04
BEAM,weekly,2.0,ANTI,,,56,2025-09-05 00:00,2026-09-25 00:00,25.26,34.81,20.6,1.69,0.36,-0.48,0.33,44.8,False,-0.44,-0.47,0,0,6,271892503.0,"[25, 32, 42, 50]",291,60.3,52.1,0.855,8.0,5.0,0.0763,0.1221,0.714,0.0806,0.0808,1.06,0.81,,0.02
BEAM,daily,1.5,ANTI,,,51,2026-07-10 00:00,2026-09-21 00:00,25.26,32.68,23.1,1.41,-0.26,-0.39,0.23,43.4,False,-0.74,-0.83,0,1,3,43018716.0,"[17, 32, 40]",1613,60.6,54.3,0.956,8.0,10.0,0.0669,0.0808,0.667,0.0233,0.0385,0.35,1.06,,0.0
BEKE,weekly,2.0,,,,127,2024-04-26 00:00,2026-09-25 00:00,16.57,24.81,12.78,1.94,-0.01,-0.3,0.31,49.0,True,0.25,0.23,0,0,12,481856134.0,"[92, 106, 116, 122]",193,54.5,58.0,1.053,6.0,4.0,0.0702,0.1225,0.756,0.0347,0.0395,0.49,0.67,,0.02
BELFA,weekly,1.5,ANTI,,,29,2026-03-13 00:00,2026-09-25 00:00,197.66,265.78,180.29,1.47,-0.03,-0.16,0.2,43.1,False,-1.26,-0.68,0,0,3,121467280.0,"[8, 15, 22]",897,66.2,57.2,0.914,7.0,6.0,0.0964,0.1103,0.517,0.0372,0.0467,0.39,0.98,,0.03
BELFB,daily,1.5,,,,115,2026-04-08 00:00,2026-09-21 00:00,243.46,332.96,228.17,1.46,-0.09,-0.04,0.15,45.1,False,-0.29,-0.7,0,0,12,57758176.0,"[81, 90, 98, 108]",4341,43.1,45.0,0.972,10.0,6.0,0.0679,0.0822,0.661,0.0184,0.0153,0.27,0.64,,0.01
BEPC,weekly,1.5,ANTI,,,68,2025-06-13 00:00,2026-09-25 00:00,29.95,42.68,29.86,1.43,0.07,-0.02,0.01,33.6,False,-0.85,-1.34,0,0,6,216071280.0,"[35, 44, 50, 61]",255,53.6,46.0,0.888,11.0,6.0,0.0886,0.1012,0.485,0.0402,0.0363,0.45,1.23,,0.01
BETA,weekly,2.0,,,,37,2026-01-16 00:00,2026-09-25 00:00,22.07,27.81,14.1,1.97,0.15,,0.58,53.6,True,1.13,1.31,0,0,3,124747252.0,"[7, 19, 30]",10,43.1,63.0,1.356,11.0,6.0,0.1027,0.1708,0.486,0.059,0.1249,0.57,1.85,,0.0
BETA,daily,1.5,,,,36,2026-07-31 00:00,2026-09-21 00:00,22.07,26.76,18.93,1.41,-0.37,-0.12,0.4,53.5,False,-0.82,-0.94,0,0,2,55772606.0,"[9, 25]",184,76.0,52.1,0.846,16.0,10.0,0.0793,0.0966,0.5,0.0219,0.0187,0.28,1.29,,0.03
BETR,daily,1.5,ANTI,,,29,2026-08-11 00:00,2026-09-21 00:00,12.42,15.53,11.6,1.34,-0.37,-0.76,0.21,40.1,False,0.36,-0.1,1,0,2,7811974.0,"[12, 18]",1325,43.0,46.3,0.992,6.0,10.0,0.0559,0.077,0.517,0.0201,0.0345,0.36,0.58,,0.07
BF-A,weekly,1.5,,,,81,2025-03-14 00:00,2026-09-25 00:00,26.73,34.14,22.94,1.49,-0.35,-0.66,0.34,47.4,True,-0.05,-0.04,0,0,8,22513982.0,"[49, 57, 67, 72]",845,54.2,56.5,1.021,5.0,8.0,0.0514,0.0817,0.741,0.0273,0.015,0.53,0.78,,0.01
BF-B,weekly,1.5,,,,71,2025-05-23 00:00,2026-09-25 00:00,26.15,32.28,22.41,1.44,-0.17,-0.66,0.38,46.9,True,-0.01,-0.03,0,0,7,488630921.0,"[39, 46, 57, 62]",855,53.2,56.2,1.028,5.0,8.0,0.0409,0.0644,0.887,0.0303,0.0195,0.74,0.55,,0.03
BFLY,daily,1.5,,,,65,2026-06-18 00:00,2026-09-21 00:00,8.14,9.7,6.58,1.47,0.1,0.15,0.5,52.7,False,-0.68,-0.95,0,1,5,46462599.0,"[6, 15, 35, 44]",1491,66.7,63.3,0.985,9.0,20.0,0.0854,0.1026,0.569,0.0408,0.0228,0.48,0.75,,0.02
BFLY,daily,2.0,,,,72,2026-06-09 00:00,2026-09-21 00:00,8.14,9.7,5.12,1.89,0.34,-0.07,0.66,52.7,False,-0.68,-0.95,0,1,6,43504579.0,"[13, 22, 42, 51]",1484,66.7,63.3,0.985,9.0,20.0,0.0925,0.138,0.639,0.0408,0.0228,0.44,0.8,,0.01
BGS,weekly,2.0,ANTI,,,80,2025-03-21 00:00,2026-09-25 00:00,2.93,5.69,2.88,1.97,-0.18,-0.74,0.02,29.9,False,-1.25,-3.07,0,0,7,47239658.0,"[50, 58, 67, 73]",846,44.0,38.6,0.887,6.0,6.0,0.0929,0.164,0.65,0.0548,0.054,0.59,0.76,,0.03
BH,daily,1.5,,,,78,2026-06-01 00:00,2026-09-21 00:00,343.13,437.33,292.51,1.5,0.28,-0.39,0.35,35.0,False,-0.67,-0.5,0,0,7,39333263.0,"[31, 41, 53, 65]",4378,54.0,56.4,1.007,12.0,12.0,0.0292,0.0883,0.795,0.0265,0.0307,0.91,1.32,,0.03
BH-A,weekly,2.0,,,,69,2025-06-06 00:00,2026-09-25 00:00,1718.59,2434.13,1246.84,1.95,0.37,-0.04,0.4,45.8,True,0.31,0.73,0,0,5,126069073.0,"[20, 33, 43, 56]",370,50.2,62.8,1.195,13.0,12.0,0.0961,0.1442,0.667,0.0193,0.0147,0.2,1.4,,0.0
BH-A,daily,1.5,,,,84,2026-05-21 00:00,2026-09-21 00:00,1718.59,2157.1,1446.28,1.49,0.4,-0.41,0.38,33.8,False,-0.87,-0.6,0,0,5,38542864.0,"[25, 51, 62, 70]",2025,56.0,54.3,0.992,8.0,13.0,0.0455,0.0956,0.69,0.0208,0.0258,0.46,1.53,,0.02
BHC,daily,1.5,,,,38,2026-07-29 00:00,2026-09-21 00:00,5.64,7.0,4.68,1.5,-0.16,-0.21,0.41,38.4,False,-1.26,-0.83,0,2,3,16379194.0,"[3, 14, 25]",4418,69.5,62.2,0.986,11.0,12.0,0.0465,0.0742,0.526,0.0062,0.0422,0.13,0.63,,0.0
BHE,daily,1.5,,UP,broad,104,2026-04-23 00:00,2026-09-21 00:00,77.16,98.67,67.48,1.46,-0.33,0.02,0.31,55.0,False,0.43,-0.11,0,0,10,32687738.0,"[70, 79, 87, 97]",4352,39.8,55.9,1.056,10.0,6.0,0.0503,0.0847,0.654,0.0186,0.0175,0.37,0.75,,0.02
BHF,weekly,1.5,ANTI,,,55,2025-09-12 00:00,2026-09-25 00:00,49.84,66.01,46.54,1.42,-0.01,-0.25,0.17,25.6,False,-1.19,-0.86,0,0,4,194819229.0,"[1, 8, 33, 43]",425,56.7,67.2,1.053,10.0,11.0,0.0399,0.0931,0.291,0.0499,0.0961,1.25,1.36,,0.07
BHVN,weekly,3.0,,,,78,2025-04-04 00:00,2026-09-25 00:00,14.22,22.85,8.26,2.77,-0.34,-0.86,0.41,53.5,True,0.68,1.74,0,0,7,153766776.0,"[36, 42, 54, 65]",132,47.1,66.3,1.454,11.0,12.0,0.1504,0.2301,0.564,0.0482,0.0546,0.32,1.16,,0.01
BHVN,daily,1.5,,,,68,2026-06-15 00:00,2026-09-21 00:00,14.22,16.95,12.02,1.41,-0.16,-0.13,0.45,50.8,False,-0.38,-0.37,0,0,6,34010945.0,"[22, 41, 50, 56]",933,67.4,57.9,0.936,6.0,11.0,0.0587,0.0771,0.75,0.0447,0.085,0.76,1.25,,0.0
BIIB,weekly,2.0,COMP,,,117,2024-07-05 00:00,2026-09-25 00:00,219.07,230.06,115.17,2.0,0.27,-0.64,0.9,63.9,True,0.38,0.77,0,0,6,1009664321.0,"[65, 73, 79, 104]",809,69.9,70.9,1.152,25.0,12.0,0.1597,0.1831,0.521,0.0084,0.0247,0.05,0.79,,0.03
BILI,weekly,3.0,ANTI,,,127,2024-04-26 00:00,2026-09-25 00:00,15.18,34.04,13.12,2.59,0.3,-0.54,0.1,34.4,False,-0.19,-2.0,0,0,10,341048470.0,"[79, 92, 103, 118]",317,47.2,43.8,0.759,15.0,8.0,0.1753,0.2359,0.512,0.0585,0.0525,0.33,0.7,,0.01
BILL,weekly,2.0,,,,86,2025-02-07 00:00,2026-09-25 00:00,47.06,62.13,32.47,1.91,-0.22,-0.74,0.49,55.1,True,0.98,1.21,0,0,5,520460749.0,"[33, 45, 65, 79]",269,47.1,62.0,1.19,14.0,6.0,0.0917,0.129,0.767,0.0157,0.0449,0.17,0.98,,0.0
BIPC,weekly,1.5,ANTI,,,76,2025-04-18 00:00,2026-09-25 00:00,36.15,48.76,33.08,1.47,0.11,-0.21,0.2,37.6,False,-0.08,-0.26,1,0,6,143961111.0,"[33, 42, 57, 67]",263,49.2,53.4,1.015,10.0,8.0,0.0534,0.0827,0.737,0.0338,0.0284,0.63,1.52,,0.03
BIRK,weekly,3.0,ANTI,,,155,2023-10-13 00:00,2026-09-25 00:00,31.34,63.57,30.56,2.08,-0.34,,0.02,36.5,False,-0.34,-0.72,0,0,11,343603736.0,"[113, 124, 131, 139]",0,48.4,60.5,1.233,8.0,15.0,0.098,0.1501,0.723,0.1021,0.1157,1.04,1.04,,0.01
BJ,weekly,1.5,,,,107,2024-09-13 00:00,2026-09-25 00:00,92.31,118.45,80.99,1.46,-0.18,-0.1,0.3,49.1,True,0.24,0.01,1,0,10,820133723.0,"[74, 80, 87, 98]",324,50.9,56.5,1.015,11.0,8.0,0.0477,0.0933,0.626,0.0107,0.0156,0.22,0.83,,0.01
BJRI,daily,1.5,,,,70,2026-06-11 00:00,2026-09-21 00:00,61.11,74.26,51.61,1.44,0.31,0.07,0.42,46.4,False,-0.43,-0.52,0,0,6,28006341.0,"[33, 38, 50, 64]",4386,53.6,46.9,0.924,14.0,5.0,0.0549,0.0833,0.729,0.0098,0.0075,0.18,0.86,,0.01
BKD,weekly,1.5,ANTI,,,38,2026-01-09 00:00,2026-09-25 00:00,11.38,16.51,11.01,1.5,-0.29,-0.01,0.07,39.0,False,-0.79,-0.59,0,0,3,289362697.0,"[5, 16, 25]",888,63.5,67.3,1.108,9.0,12.0,0.0819,0.1025,0.605,0.0293,0.0997,0.36,0.91,,0.0
BKE,weekly,1.5,ANTI,,,72,2025-05-16 00:00,2026-09-25 00:00,40.79,55.81,37.58,1.49,-0.07,-0.17,0.18,36.1,False,-0.79,-1.26,0,0,5,109240378.0,"[25, 40, 49, 64]",854,62.5,47.4,0.825,15.0,7.0,0.083,0.1046,0.5,0.0383,0.0306,0.46,0.84,,0.01
BKKT,daily,1.5,COMP,,,77,2026-06-02 00:00,2026-09-21 00:00,9.14,9.8,6.85,1.43,-0.27,-0.68,0.78,61.0,True,0.12,0.25,0,1,5,8932905.0,"[22, 33, 56, 65]",1387,59.5,55.6,0.976,9.0,11.0,0.0519,0.0754,0.662,0.0559,0.04,1.08,1.11,,0.01
BKNG,weekly,1.5,,,,107,2024-09-13 00:00,2026-09-25 00:00,168.52,226.37,153.37,1.48,-0.14,-0.03,0.21,42.2,True,0.52,0.58,0,0,8,128302059600.0,"[69, 77, 83, 99]",819,51.7,65.3,1.12,16.0,7.0,0.0852,0.1025,0.495,0.0691,0.0554,0.81,0.04,,0.02
BKR,weekly,1.5,,,,39,2026-01-02 00:00,2026-09-25 00:00,57.83,68.64,46.63,1.47,0.23,-0.06,0.51,47.5,False,-0.51,-0.32,0,0,3,2500452463.0,"[8, 17, 32]",887,66.5,58.8,0.944,15.0,6.0,0.0487,0.0811,0.692,0.0358,0.0422,0.74,0.81,,0.0
BKSY,weekly,3.0,,,,44,2025-11-28 00:00,2026-09-25 00:00,23.17,48.47,17.72,2.74,0.19,-0.34,0.18,45.6,False,-1.22,-3.18,0,0,4,179128147.0,"[7, 20, 26, 37]",310,75.0,53.0,0.638,11.0,6.0,0.1522,0.2776,0.409,0.1229,0.0798,0.81,0.62,,0.0
BKTI,weekly,1.5,,,,44,2025-11-28 00:00,2026-09-25 00:00,74.72,95.98,63.99,1.5,0.04,-0.2,0.34,44.8,False,-0.89,-1.11,0,0,4,16465052.0,"[7, 13, 20, 32]",882,65.7,54.0,0.888,12.0,11.0,0.0585,0.0891,0.841,0.0138,0.0551,0.24,0.79,,0.0
BKTI,weekly,2.0,,,,59,2025-08-15 00:00,2026-09-25 00:00,74.72,95.98,63.08,1.52,0.33,0.18,0.35,44.8,False,-0.89,-1.11,0,0,7,17406401.0,"[22, 28, 35, 47]",867,65.7,54.0,0.888,12.0,11.0,0.0639,0.0998,0.763,0.0138,0.0551,0.22,0.75,,0.0
BL,daily,1.5,ANTI,,,125,2026-03-24 00:00,2026-09-21 00:00,28.57,37.56,25.23,1.49,-0.23,-0.57,0.27,42.9,False,-0.64,-0.44,0,0,11,32975215.0,"[87, 98, 108, 119]",2361,62.6,47.7,0.898,11.0,5.0,0.0528,0.0857,0.728,0.0103,0.0336,0.2,0.72,,0.02
BLBD,daily,1.5,,,,126,2026-03-23 00:00,2026-09-21 00:00,58.64,81.5,54.42,1.5,0.16,-0.13,0.16,34.3,True,0.51,-0.05,0,0,9,27913437.0,"[65, 81, 92, 116]",3019,55.1,48.2,0.822,24.0,9.0,0.0872,0.105,0.619,0.0081,0.0121,0.09,0.95,,0.02
BLKB,weekly,2.0,,,,35,2026-01-30 00:00,2026-09-25 00:00,43.04,53.7,27.04,1.99,-0.17,-0.69,0.6,52.7,True,1.65,1.21,0,0,2,105792364.0,"[11, 30]",891,32.0,63.7,1.254,19.0,4.0,0.2041,0.196,0.429,0.0358,0.0943,0.18,0.87,,0.0
BLKB,daily,1.5,DIVDN,DN,strict,41,2026-07-24 00:00,2026-09-21 00:00,43.04,48.62,32.71,1.49,0.33,-0.35,0.65,42.8,False,-1.1,-0.23,0,2,4,18944387.0,"[3, 9, 21, 35]",4415,71.1,53.3,0.95,14.0,5.0,0.0354,0.0777,0.268,0.0237,0.0224,0.67,0.89,,0.0
BLLN,weekly,3.0,,,,47,2025-11-07 00:00,2026-09-25 00:00,103.86,138.6,69.11,2.01,0.21,,0.5,49.1,True,0.68,1.04,0,0,2,172119674.0,"[13, 38]",0,24.6,65.5,1.53,25.0,8.0,0.1004,0.1729,0.574,0.0365,0.1014,0.36,1.67,,0.04
BLLN,daily,2.0,DIVUP,UP,strict,96,2026-05-05 00:00,2026-09-21 00:00,103.86,149.97,79.9,1.88,0.17,-0.28,0.34,51.8,True,0.84,0.53,1,0,7,72895191.0,"[39, 63, 77, 84]",122,44.1,47.4,0.994,7.0,11.0,0.0749,0.1553,0.552,0.0246,0.0133,0.33,0.58,,0.01
BLMN,weekly,3.0,,,,101,2024-10-25 00:00,2026-09-25 00:00,8.43,15.1,5.26,2.87,-0.36,-0.8,0.32,49.5,True,0.34,1.79,0,0,7,86560214.0,"[52, 65, 87, 95]",637,60.6,68.3,1.297,8.0,5.0,0.133,0.2546,0.485,0.1101,0.0713,0.83,1.04,,0.02
BLMN,daily,1.5,ANTI,,,52,2026-07-09 00:00,2026-09-21 00:00,8.43,11.85,7.94,1.49,0.21,-0.13,0.13,38.6,False,-1.43,-1.59,0,2,4,16440826.0,"[5, 19, 24, 31]",3497,70.8,67.6,1.021,7.0,20.0,0.0958,0.1259,0.327,0.0273,0.0736,0.28,1.16,,0.0
BLSH,daily,2.0,COMP,,,91,2026-05-12 00:00,2026-09-21 00:00,40.14,42.8,21.79,1.96,0.0,-0.53,0.87,66.9,True,0.18,1.17,0,0,8,42809623.0,"[64, 74, 79, 85]",188,72.9,70.7,1.039,6.0,5.0,0.1348,0.1921,0.418,0.053,0.0316,0.39,1.7,,0.01
BLTE,weekly,1.5,,,,44,2025-11-28 00:00,2026-09-25 00:00,173.4,193.61,137.3,1.41,0.04,0.14,0.64,57.6,True,0.19,0.33,0,0,3,135960070.0,"[1, 10, 19]",187,86.8,62.6,0.92,9.0,24.0,0.0532,0.0866,0.614,0.0369,0.0615,0.69,0.85,,0.02
BLTE,weekly,2.0,COMP,,,48,2025-10-31 00:00,2026-09-25 00:00,173.4,193.61,105.9,1.83,0.25,0.14,0.77,57.6,True,0.19,0.33,0,0,3,130897034.0,"[5, 14, 23]",183,86.8,62.6,0.92,9.0,24.0,0.0645,0.1174,0.729,0.0369,0.0615,0.57,0.89,,0.02
BLZE,daily,2.0,,,,63,2026-06-23 00:00,2026-09-21 00:00,13.6,20.43,11.38,1.8,-0.08,0.25,0.25,45.9,False,-0.7,-1.68,0,0,5,33139604.0,"[11, 29, 36, 53]",1155,69.4,41.8,0.68,17.0,9.0,0.0996,0.1594,0.444,0.0291,0.0193,0.29,0.63,,0.0
BMA,weekly,1.5,,,,27,2026-03-27 00:00,2026-09-25 00:00,75.21,101.08,67.54,1.5,0.17,-0.36,0.23,45.1,True,-0.18,0.15,0,0,2,118454341.0,"[3, 12]",899,52.8,63.8,1.263,9.0,14.0,0.0781,0.1143,0.519,0.0219,0.0647,0.28,1.01,,0.0
BMA,weekly,2.0,,,,50,2025-10-17 00:00,2026-09-25 00:00,75.21,101.08,50.74,1.99,0.1,-0.52,0.49,45.1,True,-0.18,0.15,0,0,4,125952010.0,"[2, 15, 26, 35]",876,52.8,63.8,1.263,9.0,14.0,0.0889,0.1316,0.66,0.0219,0.0647,0.25,0.95,,0.0
BMA,daily,1.5,,,,126,2026-03-23 00:00,2026-09-21 00:00,75.21,101.08,67.54,1.5,0.27,-0.33,0.23,37.7,True,0.36,0.03,0,0,9,22090664.0,"[78, 83, 89, 117]",4330,54.1,46.5,0.84,28.0,8.0,0.0897,0.1077,0.595,0.0118,0.0161,0.13,0.52,,0.03
BN,weekly,1.5,,,,77,2025-04-11 00:00,2026-09-25 00:00,37.98,47.56,32.09,1.48,0.2,-0.21,0.38,34.8,False,-0.68,-0.61,0,0,7,1021873366.0,"[33, 39, 56, 69]",849,58.3,50.9,0.938,13.0,7.0,0.0429,0.0811,0.468,0.0658,0.0465,1.53,0.83,,0.0
BNED,weekly,3.0,,,,121,2024-06-07 00:00,2026-09-25 00:00,10.74,17.19,6.2,2.77,0.03,-0.98,0.41,47.6,True,-0.13,0.9,0,0,9,14273732.0,"[68, 81, 97, 107]",463,63.3,70.3,1.239,10.0,13.0,0.109,0.1643,0.711,0.062,0.0402,0.57,0.89,,0.01
BNED,daily,1.5,ANTI,,,83,2026-05-22 00:00,2026-09-21 00:00,10.74,13.65,9.47,1.44,0.26,-0.15,0.3,38.5,False,-0.51,-0.64,0,0,8,2952367.0,"[44, 54, 64, 72]",2724,56.0,57.7,1.009,8.0,10.0,0.061,0.0822,0.687,0.013,0.0256,0.21,0.95,,0.05
BNTC,weekly,1.5,,,,47,2025-11-07 00:00,2026-09-25 00:00,10.88,14.08,10.27,1.37,-0.05,-0.38,0.16,43.5,True,0.03,0.14,0,0,3,6946811.0,"[4, 23, 35]",593,59.4,57.4,0.953,12.0,11.0,0.0553,0.0783,0.617,0.0515,0.0677,0.93,0.99,,0.0
BNY-P-K,weekly,1.5,,,,81,2025-03-14 00:00,2026-09-25 00:00,24.67,25.13,24.06,1.04,0.11,,0.57,48.3,False,-0.18,-0.02,0,0,4,5144119.0,"[16, 32, 45, 66]",0,60.4,60.9,1.002,21.0,14.0,0.007,0.0102,0.543,0.0032,0.0037,0.46,1.02,,0.12
BNY-P-K,weekly,2.0,,,,81,2025-03-14 00:00,2026-09-25 00:00,24.67,25.13,24.06,1.04,0.11,,0.57,48.3,False,-0.18,-0.02,0,0,4,5144119.0,"[16, 32, 45, 66]",0,60.4,60.9,1.002,21.0,14.0,0.007,0.0102,0.543,0.0032,0.0037,0.46,1.02,,0.12
BNY-P-K,weekly,3.0,,,,81,2025-03-14 00:00,2026-09-25 00:00,24.67,25.13,24.06,1.04,0.11,,0.57,48.3,False,-0.18,-0.02,0,0,4,5144119.0,"[16, 32, 45, 66]",0,60.4,60.9,1.002,21.0,14.0,0.007,0.0102,0.543,0.0032,0.0037,0.46,1.02,,0.12
BOBS,daily,1.5,ANTI,,,70,2026-06-11 00:00,2026-09-21 00:00,14.44,19.43,13.01,1.49,0.37,-0.42,0.22,36.1,False,-0.95,-1.12,0,0,6,12416430.0,"[23, 37, 43, 59]",88,69.4,54.0,0.908,16.0,10.0,0.0733,0.0965,0.629,0.0183,0.0625,0.25,0.97,,0.03
BOOM,weekly,2.0,,,,99,2024-11-08 00:00,2026-09-25 00:00,6.1,9.27,4.73,1.96,-0.33,-0.83,0.3,44.7,True,0.1,0.25,0,0,9,6833857.0,"[64, 77, 83, 91]",827,52.5,57.4,1.079,8.0,7.0,0.1076,0.1392,0.697,0.086,0.0572,0.8,0.48,,0.01
BOOM,daily,1.5,ANTI,,,97,2026-05-04 00:00,2026-09-21 00:00,6.1,7.76,5.42,1.43,-0.19,-0.4,0.29,36.3,False,-0.76,-0.73,0,0,6,1120810.0,"[47, 54, 66, 82]",4359,68.7,52.8,0.923,16.0,14.0,0.0555,0.0761,0.701,0.0152,0.033,0.27,0.46,,0.01
BOOT,weekly,1.5,ANTI,,,30,2026-03-06 00:00,2026-09-25 00:00,124.33,178.14,122.92,1.45,-0.32,-0.4,0.03,34.2,False,-0.14,-0.56,0,0,2,520788918.0,"[16, 24]",592,53.4,50.4,0.932,8.0,5.0,0.0538,0.0861,0.6,0.0621,0.045,1.15,0.89,,0.0
BOOT,weekly,2.0,ANTI,,,75,2025-04-25 00:00,2026-09-25 00:00,124.33,204.71,102.59,2.0,-0.05,-0.39,0.21,34.2,False,-0.14,-0.56,0,0,8,479874470.0,"[33, 41, 61, 69]",547,53.4,50.4,0.932,8.0,5.0,0.0695,0.1219,0.68,0.0621,0.045,0.89,0.97,,0.0
BOOT,daily,1.5,ANTI,,,137,2026-03-06 00:00,2026-09-21 00:00,124.33,178.46,122.75,1.45,-0.21,-0.41,0.03,29.0,False,-1.11,-1.39,0,0,10,104172209.0,"[87, 107, 114, 126]",2852,58.2,46.9,0.912,12.0,10.0,0.0441,0.0724,0.65,0.0282,0.0683,0.64,0.82,,0.06
BORR,weekly,2.0,,,,44,2025-11-28 00:00,2026-09-25 00:00,4.43,6.26,3.31,1.89,-0.04,-0.51,0.38,47.9,False,-0.83,-1.71,0,0,2,149818699.0,"[1, 13]",365,,,,,,0.1079,0.1597,0.568,0.009,0.0226,0.08,0.72,,0.02
BORR,daily,1.5,,,,84,2026-05-21 00:00,2026-09-21 00:00,4.43,5.64,3.85,1.46,-0.35,-0.42,0.32,52.0,False,-0.47,-0.12,0,0,5,21240896.0,"[31, 42, 59, 71]",1776,59.8,65.7,1.069,12.0,12.0,0.0365,0.0827,0.595,0.0183,0.0206,0.5,1.45,,0.01
BOT,daily,2.0,,,,92,2026-05-11 00:00,2026-09-21 00:00,29.38,41.74,21.01,1.99,-0.19,,0.4,55.4,False,0.12,-0.28,0,0,8,16079825.0,"[53, 67, 74, 84]",0,45.2,47.0,0.98,10.0,7.0,0.085,0.1393,0.739,0.0362,0.0166,0.43,0.32,,0.01
BOT,daily,3.0,,,,92,2026-05-11 00:00,2026-09-21 00:00,29.38,41.74,21.01,1.99,-0.19,,0.4,55.4,False,0.12,-0.28,0,0,8,16079825.0,"[53, 67, 74, 84]",0,45.2,47.0,0.98,10.0,7.0,0.085,0.1393,0.739,0.0362,0.0166,0.43,0.32,,0.01
BOW,weekly,2.0,,,,123,2024-05-24 00:00,2026-09-25 00:00,33.78,42.15,21.67,1.95,-0.14,,0.59,69.4,True,1.15,1.39,0,0,11,27458971.0,"[83, 92, 104, 110]",0,59.8,66.2,1.112,6.0,12.0,0.1276,0.157,0.634,0.0034,0.0072,0.03,1.91,,0.06
BOW,weekly,3.0,,,,123,2024-05-24 00:00,2026-09-25 00:00,33.78,42.15,21.67,1.95,-0.14,,0.59,69.4,True,1.15,1.39,0,0,11,27458971.0,"[83, 92, 104, 110]",0,59.8,66.2,1.112,6.0,12.0,0.1276,0.157,0.634,0.0034,0.0072,0.03,1.91,,0.06
BR,weekly,1.5,,,,36,2026-01-23 00:00,2026-09-25 00:00,164.62,203.76,136.76,1.49,-0.29,-0.47,0.42,49.3,True,1.19,0.53,0,0,4,1048609542.0,"[6, 12, 18, 31]",890,35.1,61.9,1.203,13.0,4.0,0.0754,0.1022,0.472,0.0245,0.0705,0.32,0.98,,0.0
BRBR,daily,2.0,ANTI,,,96,2026-05-05 00:00,2026-09-21 00:00,8.95,13.94,7.9,1.76,0.2,-0.76,0.17,30.8,False,-0.29,-0.85,0,0,5,40878894.0,"[18, 40, 57, 83]",1644,66.2,45.7,0.785,26.0,12.0,0.1373,0.1525,0.458,0.006,0.0239,0.04,0.57,,0.02
BRCB,daily,1.5,ANTI,,,71,2026-06-10 00:00,2026-09-21 00:00,7.29,9.58,6.45,1.49,0.35,-0.7,0.27,37.0,False,-0.94,-0.69,0,0,9,2922360.0,"[38, 43, 51, 56]",186,64.0,63.7,1.011,5.0,14.0,0.0574,0.0919,0.662,0.0414,0.125,0.72,0.97,,0.01
BRCB,daily,2.0,ANTI,,,101,2026-04-28 00:00,2026-09-21 00:00,7.29,12.28,6.19,1.98,-0.16,-0.75,0.18,37.0,False,-0.94,-0.69,0,0,11,3261236.0,"[68, 73, 81, 86]",156,64.0,63.7,1.011,5.0,14.0,0.0885,0.1743,0.545,0.0414,0.125,0.47,0.87,,0.02
BRKR,weekly,3.0,,,,130,2024-04-05 00:00,2026-09-25 00:00,61.58,89.47,30.25,2.96,-0.38,-0.67,0.53,59.0,True,0.37,1.56,0,0,9,436422641.0,"[86, 92, 112, 117]",796,69.1,68.3,1.048,5.0,12.0,0.2203,0.2546,0.554,0.0409,0.0312,0.19,1.27,,0.02
BRKR,daily,1.5,COMP,,,85,2026-05-20 00:00,2026-09-21 00:00,61.58,64.29,44.18,1.45,0.2,-0.19,0.87,58.1,True,0.08,0.04,0,0,6,113640044.0,"[48, 57, 63, 73]",4371,54.2,53.4,0.991,10.0,11.0,0.0347,0.0704,0.6,0.0693,0.0494,2.0,1.38,,0.02
BROS,weekly,2.0,ANTI,,,82,2025-03-07 00:00,2026-09-25 00:00,39.15,73.72,39.15,1.88,-0.35,-0.52,0.0,31.5,False,-0.56,-0.92,0,0,6,994939144.0,"[33, 41, 59, 69]",181,52.5,65.5,1.256,10.0,12.0,0.0996,0.1334,0.683,0.0842,0.2303,0.85,1.03,,0.01
BROS,weekly,3.0,ANTI,,,125,2024-05-10 00:00,2026-09-25 00:00,39.15,81.97,29.49,2.78,0.34,-0.37,0.18,31.5,False,-0.56,-0.92,0,0,10,894120241.0,"[76, 84, 102, 112]",138,52.5,65.5,1.256,10.0,12.0,0.1503,0.2251,0.688,0.0842,0.2303,0.56,1.14,,0.01
BRSP,weekly,1.5,ANTI,,,75,2025-04-25 00:00,2026-09-25 00:00,4.18,5.88,4.12,1.43,0.4,-0.27,0.04,25.1,False,-1.52,-1.34,0,0,6,20331674.0,"[19, 38, 52, 64]",377,67.9,52.2,0.933,12.0,10.0,0.0642,0.0888,0.587,0.0583,0.064,0.91,1.27,,0.03
BRUN,daily,3.0,,,,105,2026-04-22 00:00,2026-09-21 00:00,17.17,39.2,13.57,2.89,-0.33,-0.04,0.14,47.5,False,-0.13,-1.29,0,0,10,40156800.0,"[71, 79, 88, 95]",327,48.8,47.6,0.913,7.0,9.0,0.2246,0.2927,0.419,0.0408,0.0354,0.18,1.02,,0.01
BRZE,daily,1.5,ANTI,,,40,2026-07-27 00:00,2026-09-21 00:00,25.4,34.53,23.51,1.47,0.11,-0.17,0.17,41.8,False,-1.38,-1.09,0,0,3,65292422.0,"[2, 13, 24]",1174,66.5,73.4,1.156,11.0,15.0,0.1028,0.1168,0.425,0.0205,0.0447,0.2,0.8,,0.03
BSBR,weekly,1.5,,,,60,2025-08-08 00:00,2026-09-25 00:00,5.88,6.79,4.59,1.48,0.24,-0.16,0.59,55.9,True,0.32,0.06,0,0,4,26519957.0,"[6, 14, 25, 35]",826,70.6,56.3,0.926,10.0,24.0,0.0677,0.0907,0.617,0.0112,0.0226,0.17,3.99,,0.03
BSP,daily,1.5,ANTI,,,35,2026-08-03 00:00,2026-09-21 00:00,38.81,53.44,36.22,1.48,-0.3,-0.11,0.15,44.3,False,0.03,-0.22,0,0,3,61597962.0,"[6, 18, 29]",22,54.2,48.3,0.889,11.0,5.0,0.0438,0.0906,0.457,0.0109,0.0122,0.25,1.48,,0.0
BSP,daily,2.0,ANTI,,,57,2026-07-01 00:00,2026-09-21 00:00,38.81,53.44,31.78,1.68,0.36,,0.32,44.3,False,0.03,-0.22,0,0,3,68420857.0,"[28, 40, 51]",0,54.2,48.3,0.889,11.0,5.0,0.0753,0.124,0.561,0.0109,0.0122,0.14,1.33,,0.02
BSP,daily,3.0,ANTI,,,57,2026-07-01 00:00,2026-09-21 00:00,38.81,53.44,31.78,1.68,0.36,,0.32,44.3,False,0.03,-0.22,0,0,3,68420857.0,"[28, 40, 51]",0,54.2,48.3,0.889,11.0,5.0,0.0753,0.124,0.561,0.0109,0.0122,0.14,1.33,,0.02
BTDR,weekly,2.0,,,,26,2026-04-03 00:00,2026-09-25 00:00,13.14,17.93,9.13,1.96,-0.17,-0.65,0.46,52.1,False,-0.36,-0.46,0,0,1,606077289.0,[11],244,,,,,,0.1195,0.1986,0.538,0.0896,0.09,0.75,1.07,,0.0
BTDR,weekly,3.0,,,,46,2025-11-14 00:00,2026-09-25 00:00,13.14,17.93,7.28,2.46,0.19,-0.72,0.55,52.1,False,-0.36,-0.46,0,0,2,422577755.0,"[9, 31]",224,53.7,65.8,1.132,22.0,14.0,0.122,0.2282,0.696,0.0896,0.09,0.73,1.54,,0.0
BTDR,daily,2.0,,,,61,2026-06-25 00:00,2026-09-21 00:00,13.14,17.15,8.69,1.97,-0.37,-0.56,0.53,60.8,True,0.54,0.84,0,0,5,125961450.0,"[17, 27, 40, 51]",1232,53.5,59.9,1.114,11.0,9.0,0.0844,0.1606,0.623,0.0401,0.0563,0.48,0.78,,0.05
BTE,daily,1.5,,,,149,2026-02-18 00:00,2026-09-21 00:00,4.67,5.28,3.58,1.48,0.36,0.0,0.64,45.6,True,-0.24,0.33,0,0,15,85030507.0,"[113, 127, 136, 144]",4307,68.4,68.2,1.023,8.0,4.0,0.0796,0.0973,0.597,0.0176,0.0171,0.22,1.03,,0.04
BTG,daily,1.5,,,,33,2026-08-05 00:00,2026-09-21 00:00,5.36,5.85,4.08,1.44,0.38,-0.24,0.72,53.3,False,-1.08,0.0,0,0,2,138207717.0,"[5, 14]",4423,79.0,78.7,1.127,9.0,18.0,0.0334,0.0729,0.576,0.0159,0.0185,0.48,0.75,,0.03
BTGO,daily,2.0,COMP,,,88,2026-05-15 00:00,2026-09-21 00:00,7.86,8.89,4.69,1.9,0.2,-0.75,0.75,60.9,True,-0.27,0.8,0,0,5,9083748.0,"[36, 44, 69, 76]",80,72.3,70.2,1.059,7.0,11.0,0.0959,0.1793,0.375,0.0407,0.0306,0.42,1.98,,0.01
BTQ,weekly,3.0,ANTI,,,42,2025-12-12 00:00,2026-09-25 00:00,2.87,6.38,2.15,2.97,-0.29,-0.82,0.17,43.3,False,-0.02,0.02,0,0,4,42323800.0,"[11, 18, 27, 34]",227,60.5,51.1,0.722,7.0,7.0,0.1918,0.2942,0.476,0.1086,0.1171,0.57,0.76,,0.0
BTSG,daily,1.5,ANTI,,,98,2026-05-01 00:00,2026-09-21 00:00,55.86,72.91,51.44,1.42,0.12,0.06,0.21,38.6,False,0.11,-0.16,2,0,10,155671366.0,"[67, 72, 80, 88]",567,47.9,53.0,1.02,8.0,9.0,0.0499,0.0887,0.592,0.0187,0.03,0.37,0.94,,0.04
BTU,weekly,2.0,,,,54,2025-09-19 00:00,2026-09-25 00:00,25.07,39.25,21.25,1.85,-0.32,-0.24,0.21,46.6,False,0.26,-0.23,1,0,5,422074477.0,"[18, 27, 37, 49]",441,48.9,56.2,1.032,12.0,4.0,0.1114,0.1554,0.574,0.0591,0.1013,0.53,0.64,,0.0
BTU,weekly,3.0,,,,65,2025-07-04 00:00,2026-09-25 00:00,25.07,39.25,14.28,2.75,0.24,-0.49,0.43,46.6,False,0.26,-0.23,1,0,5,403365820.0,"[29, 38, 48, 60]",430,48.9,56.2,1.032,12.0,4.0,0.1333,0.2294,0.662,0.0591,0.1013,0.44,0.67,,0.0
BTU,daily,1.5,,,,115,2026-04-08 00:00,2026-09-21 00:00,25.07,31.11,20.76,1.5,-0.02,-0.47,0.42,39.8,True,-0.9,0.07,0,0,8,62640198.0,"[40, 66, 72, 98]",2265,50.0,73.1,1.237,26.0,16.0,0.0734,0.0924,0.67,0.0284,0.0438,0.39,1.1,,0.03
BULL,weekly,3.0,DIVUP,UP,strict,52,2025-10-03 00:00,2026-09-25 00:00,8.25,14.19,4.82,2.94,-0.27,-0.82,0.37,53.5,True,1.04,1.59,1,0,2,403525819.0,"[9, 32]",163,41.8,46.8,0.746,23.0,19.0,0.1551,0.2433,0.538,0.0693,0.092,0.45,1.41,,0.06
BUR,daily,1.5,ANTI,,,122,2026-03-27 00:00,2026-09-21 00:00,3.94,5.23,3.87,1.35,-0.35,-0.65,0.05,38.2,False,-0.37,-0.24,0,0,9,9277336.0,"[83, 91, 103, 113]",2054,57.8,58.3,1.002,10.0,8.0,0.0332,0.0623,0.68,0.0441,0.0279,1.33,0.92,,0.02
BUR,daily,2.0,ANTI,,,127,2026-03-20 00:00,2026-09-21 00:00,3.94,7.73,3.87,2.0,-0.3,-0.65,0.02,38.2,False,-0.37,-0.24,0,0,10,9410595.0,"[88, 96, 108, 118]",2049,57.8,58.3,1.002,10.0,8.0,0.0368,0.1528,0.071,0.0441,0.0279,1.2,0.91,,0.02
BV,weekly,2.0,ANTI,,,134,2024-03-08 00:00,2026-09-25 00:00,10.64,18.57,9.9,1.88,-0.22,-0.27,0.09,34.4,False,-0.24,-0.41,0,0,8,44773597.0,"[62, 102, 113, 120]",297,52.2,65.7,1.128,7.0,13.0,0.0876,0.1269,0.776,0.0129,0.0699,0.15,1.0,,0.03
BVN,weekly,1.5,,,,38,2026-01-09 00:00,2026-09-25 00:00,33.59,42.44,29.44,1.44,-0.2,0.03,0.32,52.4,False,-0.15,-0.13,0,0,5,218196654.0,"[7, 13, 20, 32]",888,59.0,57.3,0.962,12.0,5.0,0.0459,0.0775,0.658,0.0087,0.0409,0.19,0.75,,0.0
BVS,weekly,3.0,COMP,,,125,2024-05-10 00:00,2026-09-25 00:00,13.31,14.38,5.4,2.66,0.22,-0.44,0.88,63.5,True,0.22,1.63,0,0,9,16500920.0,"[81, 94, 101, 119]",169,75.5,77.0,1.367,18.0,5.0,0.1915,0.2552,0.488,0.0262,0.0725,0.14,2.38,,0.01
BWAY,weekly,1.5,,,,33,2026-02-13 00:00,2026-09-25 00:00,13.57,17.17,11.49,1.49,0.32,-0.02,0.37,45.8,False,-1.21,-0.33,0,0,3,9472365.0,"[4, 12, 23]",356,81.9,62.7,0.93,11.0,9.0,0.0663,0.0974,0.636,0.0397,0.0505,0.6,0.59,,0.0
BWAY,daily,1.5,,,,151,2026-02-13 00:00,2026-09-21 00:00,13.57,17.17,11.49,1.49,0.32,-0.1,0.37,38.5,False,-0.45,-0.56,0,0,14,1785490.0,"[106, 116, 123, 139]",1716,58.9,45.6,0.874,16.0,11.0,0.0627,0.09,0.649,0.007,0.0244,0.11,0.6,,0.09
BWEN,daily,2.0,,,,91,2026-05-12 00:00,2026-09-21 00:00,4.31,5.44,3.47,1.57,0.21,-0.13,0.43,51.0,False,-0.4,-0.88,0,0,11,1778233.0,"[57, 63, 74, 81]",4365,49.1,42.4,0.906,7.0,9.0,0.0829,0.1092,0.648,0.0113,0.0316,0.14,0.43,,0.02
BWIN,weekly,2.0,COMP,,,57,2025-08-29 00:00,2026-09-25 00:00,31.89,31.93,16.5,1.94,0.02,-0.7,1.0,62.9,True,0.97,1.56,0,0,6,148869329.0,"[26, 34, 44, 51]",305,61.4,65.6,1.123,7.0,5.0,0.1389,0.1703,0.526,0.0224,0.0644,0.16,0.97,,0.0
BWMN,weekly,2.0,COMP,,,77,2025-04-11 00:00,2026-09-25 00:00,42.45,44.05,22.23,1.98,0.22,-0.45,0.93,69.6,True,0.91,1.02,0,0,6,18371172.0,"[35, 40, 56, 71]",205,55.2,70.1,1.225,15.0,5.0,0.1404,0.1823,0.545,0.0019,0.0073,0.01,2.9,,0.08
BWMN,daily,1.5,,,,30,2026-08-10 00:00,2026-09-21 00:00,42.45,42.61,42.2,1.01,0.27,0.18,0.61,79.8,False,-0.26,-0.0,0,0,3,12406483.0,"[0, 9, 18]",1319,85.3,84.8,1.0,9.0,11.0,0.0015,0.0025,0.367,0.0001,0.0007,0.07,1.19,,0.6
BWXT,weekly,2.0,ANTI,,,71,2025-05-23 00:00,2026-09-25 00:00,147.47,235.09,118.64,1.98,0.3,-0.1,0.25,32.4,False,-1.42,-2.23,0,0,7,964277260.0,"[34, 47, 56, 64]",775,53.3,40.6,0.843,8.0,6.0,0.1198,0.1469,0.718,0.0387,0.0692,0.32,0.93,,0.03
BX,weekly,1.5,,,,36,2026-01-23 00:00,2026-09-25 00:00,126.41,145.9,104.73,1.39,0.34,-0.44,0.53,47.9,True,0.71,0.66,0,0,2,3365129238.0,"[12, 29]",890,47.7,63.8,1.137,17.0,6.0,0.0495,0.0881,0.556,0.0513,0.0518,1.04,0.7,,0.0
BX,weekly,2.0,,,,150,2023-11-17 00:00,2026-09-25 00:00,126.41,187.21,96.25,1.94,0.14,-0.22,0.33,47.9,True,0.71,0.66,0,0,13,2643304112.0,"[96, 113, 126, 143]",776,47.7,63.8,1.137,17.0,6.0,0.1142,0.1535,0.593,0.0513,0.0518,0.45,0.89,,0.0
BXC,weekly,2.0,COMP,,,84,2025-02-21 00:00,2026-09-25 00:00,75.51,89.88,45.34,1.98,-0.31,-0.65,0.68,55.5,True,0.92,1.75,0,0,7,34438794.0,"[50, 61, 70, 76]",842,56.3,67.9,1.377,6.0,7.0,0.1257,0.1589,0.607,0.0563,0.1458,0.45,1.61,,0.0
BXC,daily,1.5,,,,34,2026-08-04 00:00,2026-09-21 00:00,75.51,91.41,64.46,1.42,-0.32,-0.01,0.41,45.9,False,-0.92,-0.53,0,0,2,11436122.0,"[4, 23]",4422,80.1,57.4,0.895,19.0,10.0,0.0536,0.0714,0.706,0.0222,0.0317,0.41,0.96,,0.03
BXP,weekly,1.5,,,,98,2024-11-15 00:00,2026-09-25 00:00,64.13,75.24,50.21,1.5,-0.2,-0.39,0.56,48.5,True,0.71,0.89,1,0,5,490817510.0,"[36, 43, 54, 85]",828,52.9,66.6,0.991,31.0,12.0,0.0471,0.0864,0.694,0.0271,0.0184,0.58,0.8,,0.03
BYRN,daily,2.0,ANTI,,,54,2026-07-07 00:00,2026-09-21 00:00,3.52,6.15,3.18,1.93,-0.24,-0.78,0.11,41.1,False,0.27,-0.28,0,0,4,1996736.0,"[19, 24, 35, 43]",4402,42.1,44.1,0.963,8.0,10.0,0.0565,0.1505,0.315,0.0149,0.0275,0.26,0.48,,0.02
BZ,weekly,1.5,,,,38,2026-01-09 00:00,2026-09-25 00:00,14.44,19.27,13.0,1.48,-0.31,-0.47,0.23,43.9,True,1.22,0.85,0,0,2,294678017.0,"[21, 33]",239,37.1,63.6,1.269,12.0,4.0,0.0735,0.1248,0.342,0.0435,0.06,0.59,1.59,,0.05
BZ,weekly,2.0,,,,106,2024-09-20 00:00,2026-09-25 00:00,14.44,24.37,12.46,1.96,-0.0,-0.51,0.17,43.9,True,1.22,0.85,0,0,7,294612645.0,"[34, 51, 89, 101]",171,37.1,63.6,1.269,12.0,4.0,0.1525,0.1874,0.453,0.0435,0.06,0.29,1.59,,0.05
CAAP,weekly,1.5,,,,48,2025-10-31 00:00,2026-09-25 00:00,24.19,28.52,21.08,1.35,-0.05,0.01,0.42,50.3,False,-0.19,-0.17,0,0,4,26657223.0,"[13, 23, 33, 39]",404,57.7,51.9,0.936,6.0,8.0,0.0353,0.0659,0.771,0.0178,0.0144,0.5,0.93,,0.0
CACI,weekly,1.5,COMP,,,68,2025-06-13 00:00,2026-09-25 00:00,632.87,670.54,450.68,1.49,0.39,-0.21,0.83,60.8,True,0.96,0.83,0,0,7,656830786.0,"[24, 32, 51, 61]",858,47.4,67.4,1.262,10.0,6.0,0.0949,0.1147,0.412,0.0129,0.0381,0.14,1.26,,0.01
CADL,weekly,3.0,COMP,,,97,2024-11-22 00:00,2026-09-25 00:00,11.21,13.13,4.55,2.89,0.34,-0.6,0.78,60.3,True,0.53,2.4,0,0,10,29698424.0,"[60, 77, 84, 91]",173,72.3,79.0,1.336,7.0,5.0,0.1744,0.3186,0.32,0.0783,0.0718,0.45,2.57,,0.0
CAE,weekly,1.5,ANTI,,,77,2025-04-11 00:00,2026-09-25 00:00,24.54,34.05,22.72,1.5,-0.13,-0.15,0.16,44.4,False,0.13,-0.31,1,0,5,85274715.0,"[25, 40, 56, 69]",849,45.3,53.5,1.009,13.0,7.0,0.0533,0.0875,0.649,0.019,0.0253,0.36,1.04,,0.03
CAG,daily,1.5,,,,150,2026-02-17 00:00,2026-09-21 00:00,14.86,18.56,12.44,1.49,-0.22,-0.36,0.4,41.7,False,-1.28,-0.38,0,1,11,200529660.0,"[94, 112, 130, 137]",4306,73.3,61.8,0.971,7.0,12.0,0.0603,0.0993,0.547,0.0144,0.0178,0.24,0.85,,0.03
CAL,weekly,1.5,,,,28,2026-03-20 00:00,2026-09-25 00:00,11.91,14.55,10.33,1.41,0.15,-0.76,0.37,46.9,False,-0.14,-0.09,0,0,3,36822774.0,"[4, 10, 20]",898,57.2,56.8,1.001,10.0,7.0,0.0665,0.0908,0.679,0.0508,0.0499,0.76,0.87,,0.0
CAL,daily,1.5,,,,128,2026-03-19 00:00,2026-09-21 00:00,11.91,14.64,10.26,1.43,0.18,-0.26,0.38,43.6,False,-0.29,-0.51,0,0,7,6953964.0,"[58, 68, 97, 122]",4328,64.9,49.3,0.87,25.0,5.0,0.0646,0.0882,0.617,0.0207,0.0139,0.32,1.03,,0.02
CALM,weekly,1.5,,,,55,2025-09-12 00:00,2026-09-25 00:00,72.53,107.49,72.53,1.48,-0.38,-0.36,0.0,36.2,True,0.28,0.17,1,0,2,362424946.0,"[25, 45]",871,54.7,65.8,1.01,20.0,9.0,0.0648,0.0838,0.509,0.053,0.0669,0.82,0.87,,0.0
CALM,weekly,2.0,,,,115,2024-07-19 00:00,2026-09-25 00:00,72.53,112.73,57.65,1.96,0.04,0.03,0.27,36.2,True,0.28,0.17,1,0,8,349811957.0,"[43, 57, 85, 105]",811,54.7,65.8,1.01,20.0,9.0,0.0828,0.1332,0.809,0.053,0.0669,0.64,0.91,,0.01
CAMT,weekly,2.0,,,,44,2025-11-28 00:00,2026-09-25 00:00,149.63,205.54,104.04,1.98,0.3,-0.21,0.45,49.1,False,-0.85,-1.22,0,0,4,330408606.0,"[11, 21, 29, 37]",881,61.1,53.1,0.847,8.0,6.0,0.0961,0.1576,0.75,0.0153,0.0192,0.16,0.82,,0.0
CAMT,daily,1.5,,,,63,2026-06-23 00:00,2026-09-21 00:00,149.63,174.2,126.97,1.37,-0.23,-0.39,0.48,53.7,False,-0.01,-0.37,0,0,4,68542531.0,"[14, 20, 35, 54]",4375,62.8,51.6,0.853,19.0,8.0,0.0493,0.0741,0.667,0.0357,0.0338,0.72,0.63,,0.0
CARG,weekly,1.5,,,,84,2025-02-21 00:00,2026-09-25 00:00,33.17,38.99,26.29,1.48,0.28,-0.34,0.54,47.8,True,0.13,0.27,0,0,7,172643487.0,"[44, 61, 71, 76]",384,56.9,60.2,1.076,5.0,7.0,0.0713,0.0976,0.595,0.0521,0.0446,0.73,0.83,,0.01
CARL,weekly,2.0,COMP,,,62,2025-07-25 00:00,2026-09-25 00:00,15.6,16.88,8.94,1.89,-0.07,,0.84,59.5,True,1.0,1.7,0,0,5,6556195.0,"[18, 31, 43, 57]",0,50.3,66.8,1.394,14.0,4.0,0.0855,0.1399,0.758,0.0423,0.1208,0.49,1.24,,0.0
CARL,weekly,3.0,COMP,,,62,2025-07-25 00:00,2026-09-25 00:00,15.6,16.88,8.94,1.89,-0.07,,0.84,59.5,True,1.0,1.7,0,0,5,6556195.0,"[18, 31, 43, 57]",0,50.3,66.8,1.394,14.0,4.0,0.0855,0.1399,0.758,0.0423,0.1208,0.49,1.24,,0.0
CARR,weekly,1.5,ANTI,,,61,2025-08-01 00:00,2026-09-25 00:00,54.62,73.33,51.81,1.42,0.23,-0.35,0.13,37.1,False,-0.68,-0.36,0,0,4,1860054703.0,"[13, 28, 39, 47]",280,61.0,66.7,1.092,8.0,13.0,0.0756,0.0902,0.557,0.0449,0.0704,0.59,0.78,,0.0
CARS,weekly,2.0,,,,83,2025-02-28 00:00,2026-09-25 00:00,11.45,13.59,7.58,1.79,-0.19,-0.66,0.64,52.1,True,0.46,0.82,0,0,6,45063604.0,"[27, 42, 62, 76]",406,57.0,60.0,1.06,14.0,6.0,0.069,0.118,0.639,0.0325,0.0239,0.47,0.68,,0.02
CART,weekly,1.5,,,,83,2025-02-28 00:00,2026-09-25 00:00,45.56,51.21,34.64,1.48,0.1,-0.34,0.66,51.0,True,0.31,0.91,0,0,6,916432302.0,"[28, 42, 61, 69]",75,56.2,66.3,1.125,8.0,13.0,0.0784,0.0952,0.639,0.0203,0.0531,0.26,1.03,,0.05
CART,weekly,2.0,,,,138,2024-02-09 00:00,2026-09-25 00:00,45.56,52.37,26.6,1.97,0.37,,0.74,51.0,True,0.31,0.91,0,0,11,791033945.0,"[83, 97, 116, 124]",20,56.2,66.3,1.125,8.0,13.0,0.0968,0.132,0.739,0.0203,0.0531,0.21,1.2,,0.03
CASH,weekly,1.5,ANTI,,,104,2024-10-04 00:00,2026-09-25 00:00,75.9,99.23,66.39,1.49,0.38,-0.03,0.29,37.9,False,-0.64,-0.51,0,0,10,74002021.0,"[63, 70, 80, 92]",822,71.0,56.9,0.909,12.0,11.0,0.065,0.0905,0.615,0.0486,0.0328,0.75,0.99,,0.03
CAT,daily,1.5,,,,119,2026-04-01 00:00,2026-09-21 00:00,816.5,1062.93,714.53,1.49,-0.02,-0.07,0.29,50.2,False,0.07,-0.22,0,0,10,2242729931.0,"[77, 85, 94, 109]",4337,52.4,48.0,0.933,15.0,9.0,0.0567,0.0812,0.723,0.0196,0.0143,0.35,0.82,,0.04
CATX,weekly,3.0,ANTI,,,77,2025-04-11 00:00,2026-09-25 00:00,2.97,5.65,1.94,2.91,0.13,-0.89,0.28,44.0,False,-0.43,-2.02,0,0,6,19545260.0,"[37, 45, 64, 71]",849,49.1,47.7,0.909,7.0,5.0,0.1656,0.2454,0.662,0.0376,0.0367,0.23,0.95,,0.04
CATX,daily,1.5,,,,79,2026-05-29 00:00,2026-09-21 00:00,2.97,3.94,2.7,1.46,-0.21,-0.52,0.22,48.6,False,-0.77,-0.71,0,0,4,3866034.0,"[23, 31, 51, 56]",4371,59.9,65.6,1.067,5.0,22.0,0.0332,0.0757,0.456,0.0264,0.0514,0.8,1.3,,0.08
CAVA,weekly,2.0,ANTI,,,45,2025-11-21 00:00,2026-09-25 00:00,52.0,95.68,48.89,1.96,0.14,-0.68,0.07,36.8,False,-0.94,-2.64,0,0,5,1085262145.0,"[14, 22, 29, 38]",127,58.7,49.8,0.818,9.0,6.0,0.1375,0.1758,0.622,0.1242,0.1065,0.9,0.74,,0.02
CBIO,weekly,2.0,,,,27,2026-03-27 00:00,2026-09-25 00:00,16.25,24.8,14.47,1.71,-0.26,-0.95,0.17,47.8,False,-0.59,-0.88,0,0,1,24699507.0,[4],637,,,,,,0.0603,0.1206,0.704,0.0265,0.0386,0.44,0.63,,0.04
CBIO,weekly,3.0,,,,79,2025-03-28 00:00,2026-09-25 00:00,16.25,26.0,8.94,2.91,-0.06,-0.97,0.43,47.8,False,-0.59,-0.88,0,0,5,9625693.0,"[21, 35, 42, 56]",585,47.7,71.9,1.836,14.0,22.0,0.1799,0.2574,0.544,0.0265,0.0386,0.15,1.62,,0.04
CBIO,daily,1.5,,,,98,2026-05-01 00:00,2026-09-21 00:00,16.25,21.47,14.47,1.48,-0.22,-0.46,0.25,40.0,True,-0.17,0.35,0,0,10,4243400.0,"[68, 73, 80, 87]",3094,58.0,68.1,1.159,7.0,10.0,0.0496,0.0881,0.755,0.0734,0.051,1.48,1.51,,0.03
CBIO,daily,2.0,,,,123,2026-03-26 00:00,2026-09-21 00:00,16.25,26.98,13.5,2.0,-0.24,-0.12,0.2,40.0,True,-0.17,0.35,0,0,12,4448270.0,"[93, 98, 105, 112]",3069,58.0,68.1,1.159,7.0,10.0,0.0679,0.1265,0.699,0.0734,0.051,1.08,1.44,,0.02
CBIO,daily,3.0,,,,150,2026-02-17 00:00,2026-09-21 00:00,16.25,26.98,9.33,2.89,0.22,-0.39,0.39,40.0,True,-0.17,0.35,0,0,14,3769922.0,"[120, 125, 132, 139]",3042,58.0,68.1,1.159,7.0,10.0,0.0906,0.1985,0.773,0.0734,0.051,0.81,1.7,,0.03
CBLL,weekly,2.0,COMP,,,46,2025-11-14 00:00,2026-09-25 00:00,24.25,24.72,12.9,1.92,0.26,-0.57,0.96,62.8,True,0.42,0.85,0,0,3,30118348.0,"[8, 22, 32]",57,60.8,54.9,0.943,10.0,13.0,0.0747,0.1267,0.739,0.0154,0.0596,0.21,1.19,,0.09
CBLL,weekly,3.0,COMP,,,103,2024-10-11 00:00,2026-09-25 00:00,24.25,30.24,11.37,2.66,-0.19,,0.68,62.8,True,0.42,0.85,0,0,6,25134006.0,"[38, 65, 79, 89]",0,60.8,54.9,0.943,10.0,13.0,0.1479,0.2334,0.67,0.0154,0.0596,0.1,1.42,,0.04
CBOE,weekly,1.5,,,,48,2025-10-31 00:00,2026-09-25 00:00,271.43,361.26,241.54,1.5,0.35,-0.03,0.25,45.6,False,-0.92,-0.53,0,0,4,1294055460.0,"[2, 18, 28, 39]",802,79.6,56.6,0.856,11.0,8.0,0.0746,0.1026,0.542,0.0325,0.0452,0.44,1.07,,0.0
CBOE,daily,1.5,,,,81,2026-05-27 00:00,2026-09-21 00:00,271.43,346.0,230.87,1.5,0.11,-0.37,0.35,38.8,False,-0.93,-0.42,0,0,5,318349446.0,"[18, 43, 55, 64]",4011,56.8,64.3,1.06,9.0,16.0,0.041,0.077,0.802,0.0132,0.0409,0.32,0.78,,0.05
CBRE,weekly,1.5,,,,107,2024-09-13 00:00,2026-09-25 00:00,143.21,171.59,115.95,1.48,0.36,-0.01,0.49,49.5,True,0.46,0.22,1,0,7,1168568950.0,"[58, 70, 83, 100]",819,51.9,58.8,1.009,17.0,6.0,0.0735,0.0989,0.626,0.03,0.0259,0.41,0.84,,0.02
CBRL,weekly,3.0,,,,138,2024-02-09 00:00,2026-09-25 00:00,44.87,73.28,25.43,2.88,-0.3,-0.77,0.41,48.1,True,0.93,2.69,0,0,9,197169462.0,"[74, 106, 125, 131]",788,76.7,76.2,1.088,6.0,6.0,0.2061,0.2549,0.652,0.0487,0.0659,0.24,1.1,,0.01
CBRL,daily,1.5,ANTI,,,71,2026-06-10 00:00,2026-09-21 00:00,44.87,59.04,43.22,1.37,0.31,0.2,0.1,31.6,False,-1.44,-1.35,0,1,6,44599823.0,"[22, 27, 38, 53]",4385,68.2,59.2,0.997,15.0,17.0,0.0706,0.0896,0.479,0.0358,0.0893,0.51,1.11,,0.01
CBRS,daily,1.5,,,,27,2026-08-13 00:00,2026-09-21 00:00,208.49,251.98,172.62,1.46,-0.35,-0.45,0.45,56.0,False,-0.07,-0.43,0,0,1,1219949584.0,[16],63,,,,,,0.0412,0.0894,0.444,0.0241,0.0336,0.58,0.78,,0.0
CBSH,weekly,1.5,,,,147,2023-12-08 00:00,2026-09-25 00:00,56.55,64.35,43.95,1.46,0.35,-0.26,0.62,52.8,True,0.75,0.73,0,0,11,214825361.0,"[83, 89, 113, 140]",779,53.7,71.0,1.104,27.0,6.0,0.0764,0.096,0.66,0.0089,0.0095,0.12,1.15,,0.04
CBU,weekly,1.5,,DN,broad,116,2024-07-12 00:00,2026-09-25 00:00,61.09,68.32,48.55,1.41,0.37,-0.22,0.63,45.1,True,-0.37,0.14,0,0,10,65190960.0,"[82, 95, 100, 105]",810,63.3,64.3,1.048,5.0,10.0,0.0611,0.0773,0.75,0.0134,0.0304,0.22,0.91,,0.04
CC,weekly,2.0,ANTI,,,38,2026-01-09 00:00,2026-09-25 00:00,14.53,27.47,14.1,1.95,-0.14,-0.5,0.03,36.8,False,-1.51,-3.06,0,0,2,245235247.0,"[5, 16]",551,70.9,75.7,1.358,11.0,21.0,0.1474,0.1822,0.474,0.0265,0.0517,0.18,0.56,,0.0
CCB,weekly,3.0,ANTI,,,127,2024-04-26 00:00,2026-09-25 00:00,45.14,118.0,40.6,2.91,0.32,-0.23,0.06,32.5,False,-0.22,-3.45,1,0,10,45795888.0,"[70, 87, 103, 116]",301,41.7,46.9,0.948,13.0,10.0,0.2527,0.2898,0.48,0.0335,0.0689,0.13,0.95,,0.02
CCB,daily,1.5,,,,37,2026-07-30 00:00,2026-09-21 00:00,45.14,52.47,39.91,1.31,0.2,-0.54,0.42,36.9,False,0.19,-0.2,1,0,2,9662112.0,"[11, 26]",2018,40.4,46.9,0.959,15.0,10.0,0.0305,0.0562,0.757,0.0221,0.0308,0.72,0.84,,0.03
CCC,weekly,2.0,,,,47,2025-11-07 00:00,2026-09-25 00:00,6.5,8.45,4.32,1.96,-0.35,-0.66,0.53,51.9,True,1.24,1.52,0,0,2,277963521.0,"[9, 23]",265,48.2,39.0,0.667,14.0,23.0,0.1823,0.187,0.426,0.0605,0.0763,0.33,1.03,,0.0
CCCC,daily,1.5,ANTI,,,85,2026-05-20 00:00,2026-09-21 00:00,3.3,4.67,3.28,1.42,-0.23,-0.11,0.01,34.0,False,-1.25,-1.25,0,1,5,8620812.0,"[27, 41, 60, 67]",1413,64.4,60.7,0.994,7.0,17.0,0.0705,0.0837,0.588,0.0073,0.0145,0.1,0.62,,0.02
CCJ,weekly,1.5,ANTI,,,44,2025-11-28 00:00,2026-09-25 00:00,93.23,124.04,85.62,1.45,-0.27,-0.16,0.2,44.3,False,-0.72,-1.17,0,0,3,1689532374.0,"[8, 21, 38]",882,64.4,51.3,0.839,17.0,5.0,0.088,0.1062,0.545,0.0288,0.0359,0.33,0.75,,0.0
CCL,weekly,1.5,ANTI,,,33,2026-02-13 00:00,2026-09-25 00:00,22.31,31.63,21.84,1.45,-0.35,-0.35,0.05,37.7,False,-0.33,-0.6,0,0,3,2917591047.0,"[9, 18, 25]",893,58.6,54.4,0.944,7.0,7.0,0.0668,0.0966,0.667,0.0709,0.06,1.06,0.78,,0.0
CCL,weekly,2.0,ANTI,,,77,2025-04-11 00:00,2026-09-25 00:00,22.31,33.45,17.36,1.93,0.13,-0.36,0.31,37.7,False,-0.33,-0.6,0,0,6,2726474495.0,"[43, 53, 62, 69]",849,58.6,54.4,0.944,7.0,7.0,0.0738,0.1295,0.714,0.0709,0.06,0.96,0.83,,0.0
CCL,daily,1.5,ANTI,,,153,2026-02-11 00:00,2026-09-21 00:00,22.31,32.57,21.84,1.49,-0.28,-0.35,0.04,33.5,False,-0.78,-1.07,0,0,8,580590404.0,"[86, 94, 106, 120]",4303,,,,,,0.0526,0.0879,0.739,0.0085,0.0173,0.16,0.72,,0.02
CCS,weekly,1.5,DIVDN,DN,strict,32,2026-02-20 00:00,2026-09-25 00:00,61.66,71.51,47.9,1.49,0.37,-0.52,0.58,47.5,True,0.45,0.82,0,1,3,81817836.0,"[8, 18, 24]",609,63.4,60.0,0.993,6.0,7.0,0.0945,0.1046,0.594,0.057,0.039,0.6,0.92,,0.03
CCS,weekly,2.0,,,,101,2024-10-25 00:00,2026-09-25 00:00,61.66,87.39,47.9,1.82,-0.3,-0.52,0.35,47.5,True,0.45,0.82,0,1,9,98090010.0,"[68, 77, 87, 93]",540,63.4,60.0,0.993,6.0,7.0,0.0875,0.1377,0.673,0.057,0.039,0.65,0.77,,0.02
CCU,weekly,1.5,ANTI,,,105,2024-09-27 00:00,2026-09-25 00:00,11.11,15.01,10.15,1.48,-0.0,-0.35,0.2,42.6,False,0.21,-0.04,1,0,10,9339971.0,"[61, 69, 80, 99]",821,48.6,55.8,0.998,19.0,5.0,0.0607,0.1001,0.562,0.0182,0.0331,0.3,0.64,,0.03
CDE,weekly,1.5,,,,29,2026-03-13 00:00,2026-09-25 00:00,19.52,21.24,14.35,1.48,0.07,-0.47,0.75,53.2,True,0.24,0.15,0,0,3,2348438174.0,"[5, 11, 16]",897,51.3,47.6,0.895,5.0,12.0,0.0928,0.1044,0.517,0.0436,0.1148,0.47,1.6,,0.0
CDE,weekly,2.0,,,,56,2025-09-05 00:00,2026-09-25 00:00,19.52,27.12,13.97,1.94,0.05,0.06,0.42,53.2,True,0.24,0.15,0,0,6,1981858928.0,"[25, 32, 38, 43]",870,51.3,47.6,0.895,5.0,12.0,0.0927,0.1489,0.643,0.0436,0.1148,0.47,1.9,,0.0
CDE,weekly,3.0,,,,60,2025-08-08 00:00,2026-09-25 00:00,19.52,27.12,11.64,2.33,0.19,0.21,0.51,53.2,True,0.24,0.15,0,0,6,1855924093.0,"[29, 36, 42, 47]",866,51.3,47.6,0.895,5.0,12.0,0.1131,0.1727,0.767,0.0436,0.1148,0.39,2.03,,0.0
CDLR,weekly,1.5,,,,38,2026-01-09 00:00,2026-09-25 00:00,25.97,29.57,20.5,1.44,0.04,-0.27,0.6,58.6,False,-0.32,-0.32,0,0,2,9987251.0,"[6, 17]",106,70.5,68.7,1.11,11.0,20.0,0.0642,0.0858,0.632,0.0366,0.0512,0.57,0.7,,0.0
CDLR,weekly,2.0,,,,144,2023-12-29 00:00,2026-09-25 00:00,25.97,29.57,15.92,1.86,0.21,,0.74,58.6,False,-0.32,-0.32,0,0,12,7044321.0,"[86, 92, 112, 123]",0,70.5,68.7,1.11,11.0,20.0,0.1236,0.1434,0.632,0.0366,0.0512,0.3,0.99,,0.01
CDLR,weekly,3.0,,,,144,2023-12-29 00:00,2026-09-25 00:00,25.97,29.57,15.92,1.86,0.21,,0.74,58.6,False,-0.32,-0.32,0,0,12,7044321.0,"[86, 92, 112, 123]",0,70.5,68.7,1.11,11.0,20.0,0.1236,0.1434,0.632,0.0366,0.0512,0.3,0.99,,0.01
CDNS,weekly,1.5,ANTI,,,77,2025-04-11 00:00,2026-09-25 00:00,294.9,387.39,259.47,1.49,0.17,-0.2,0.28,41.3,False,-0.61,-0.31,0,0,8,3085575310.0,"[39, 46, 62, 72]",849,67.4,50.6,0.879,10.0,4.0,0.0732,0.0955,0.701,0.0577,0.0434,0.79,1.08,,0.01
CDRE,weekly,1.5,ANTI,,,29,2026-03-13 00:00,2026-09-25 00:00,26.63,34.14,26.29,1.3,-0.19,-0.4,0.04,35.9,False,0.39,-0.2,0,0,3,54097619.0,"[4, 11, 22]",227,39.6,56.1,1.1,11.0,6.0,0.0353,0.061,0.69,0.1023,0.036,2.9,0.89,,0.07
CDRE,daily,1.5,ANTI,,,134,2026-03-11 00:00,2026-09-21 00:00,26.63,35.02,26.1,1.34,-0.13,-0.43,0.06,31.8,False,-1.33,-1.23,0,0,10,10822384.0,"[87, 95, 102, 122]",1089,70.2,42.6,0.853,20.0,11.0,0.0397,0.0625,0.754,0.0346,0.0367,0.87,1.23,,0.02
CDZI,weekly,3.0,,,,126,2024-05-03 00:00,2026-09-25 00:00,3.78,6.92,2.33,2.97,0.34,-0.55,0.32,46.6,False,-0.07,-1.46,0,0,9,11876182.0,"[89, 96, 108, 114]",800,50.3,47.8,0.902,6.0,11.0,0.1792,0.2493,0.556,0.0424,0.0685,0.24,1.27,,0.02
CDZI,daily,1.5,,,,74,2026-06-05 00:00,2026-09-21 00:00,3.78,4.4,2.98,1.48,-0.21,-0.57,0.56,51.8,True,-0.28,0.18,0,0,5,3022891.0,"[23, 45, 55, 64]",4382,67.1,68.0,1.041,9.0,9.0,0.0781,0.0998,0.568,0.0196,0.0608,0.25,0.82,,0.03
CE,weekly,3.0,ANTI,,,99,2024-11-08 00:00,2026-09-25 00:00,44.38,84.45,37.87,2.23,-0.35,-0.78,0.14,41.1,False,-0.99,-1.99,0,0,7,490330186.0,"[43, 66, 77, 93]",827,68.3,44.0,0.676,16.0,5.0,0.124,0.1949,0.475,0.015,0.0206,0.12,0.67,,0.02
CECO,daily,1.5,,,,57,2026-07-01 00:00,2026-09-21 00:00,71.53,85.55,59.82,1.43,-0.37,-0.4,0.46,47.7,False,-0.13,-0.28,0,0,5,55327546.0,"[13, 32, 40, 47]",4399,46.1,59.5,1.097,7.0,9.0,0.0623,0.0759,0.649,0.0184,0.0359,0.3,1.2,,0.02
CEG,weekly,2.0,,,,77,2025-04-11 00:00,2026-09-25 00:00,262.11,387.03,205.0,1.89,-0.18,-0.4,0.31,45.7,False,0.14,-0.35,0,0,5,4219576588.0,"[28, 38, 46, 54]",168,52.2,50.9,0.952,8.0,22.0,0.0901,0.1314,0.779,0.0313,0.0467,0.35,0.8,,0.03
CELC,weekly,2.0,ANTI,,,49,2025-10-24 00:00,2026-09-25 00:00,84.0,138.23,70.97,1.95,-0.06,0.27,0.19,42.6,False,-1.61,-2.25,0,0,5,444886300.0,"[13, 19, 30, 36]",422,80.7,51.6,0.781,6.0,12.0,0.1051,0.1543,0.694,0.0487,0.0564,0.46,0.75,,0.02
CELC,weekly,3.0,,,,50,2025-10-17 00:00,2026-09-25 00:00,84.0,138.23,51.96,2.66,0.02,-0.07,0.37,42.6,False,-1.61,-2.25,0,0,5,442645374.0,"[14, 20, 31, 37]",421,80.7,51.6,0.781,6.0,12.0,0.1042,0.1693,0.8,0.0487,0.0564,0.47,0.76,,0.02
CELC,daily,1.5,ANTI,,,77,2026-06-02 00:00,2026-09-21 00:00,84.0,115.72,80.61,1.44,-0.22,-0.44,0.1,42.8,False,-0.55,-0.53,0,0,7,100505358.0,"[45, 54, 59, 65]",2185,54.0,55.9,1.014,6.0,11.0,0.0308,0.0828,0.494,0.0102,0.0274,0.33,0.69,,0.01
CELH,weekly,3.0,ANTI,,,120,2024-06-14 00:00,2026-09-25 00:00,28.02,64.86,22.34,2.9,-0.05,-0.77,0.13,41.6,False,0.31,-0.77,2,0,11,1229787849.0,"[89, 102, 107, 114]",806,43.9,48.9,1.006,7.0,5.0,0.2039,0.281,0.483,0.0371,0.0519,0.18,1.02,,0.01
CELH,daily,1.5,,,,113,2026-04-10 00:00,2026-09-21 00:00,28.02,35.34,23.77,1.49,-0.32,-0.58,0.37,43.0,False,-0.97,-0.78,0,0,9,251291796.0,"[57, 74, 79, 94]",4343,50.9,68.9,1.196,15.0,18.0,0.0574,0.0788,0.708,0.0127,0.0219,0.22,0.91,,0.02
CENTA,weekly,1.5,DIVDN,DN,strict,124,2024-05-17 00:00,2026-09-25 00:00,34.55,39.73,26.76,1.48,0.16,-0.33,0.6,44.7,True,-0.21,0.42,0,1,11,50120828.0,"[92, 100, 110, 116]",802,69.8,64.6,0.993,6.0,7.0,0.0588,0.0863,0.718,0.0489,0.0153,0.83,1.18,,0.04
CENX,weekly,2.0,ANTI,,,41,2025-12-19 00:00,2026-09-25 00:00,39.1,66.96,36.21,1.85,-0.08,0.1,0.09,40.2,False,-1.25,-2.63,0,0,4,526453700.0,"[5, 16, 23, 33]",885,67.2,51.5,0.777,10.0,7.0,0.0983,0.1591,0.634,0.0316,0.043,0.32,0.73,,0.0
CENX,daily,1.5,ANTI,,,68,2026-06-15 00:00,2026-09-21 00:00,39.1,54.55,39.01,1.4,-0.3,-0.43,0.01,32.8,False,-0.41,-0.51,0,0,5,82353145.0,"[19, 26, 39, 58]",4388,63.8,55.9,0.917,19.0,9.0,0.0347,0.0707,0.75,0.0303,0.0785,0.87,0.82,,0.0
CEPO,weekly,1.5,DIVUP,UP,strict,90,2025-01-10 00:00,2026-09-25 00:00,10.78,12.51,10.05,1.24,-0.1,,0.3,65.7,True,0.58,0.09,1,0,8,5558290.0,"[53, 66, 75, 84]",0,58.0,69.7,1.016,9.0,5.0,0.0113,0.0565,0.156,0.0012,0.007,0.11,1.0,,0.29
CEPO,weekly,2.0,DIVUP,UP,strict,90,2025-01-10 00:00,2026-09-25 00:00,10.78,12.51,10.05,1.24,-0.1,,0.3,65.7,True,0.58,0.09,1,0,8,5558290.0,"[53, 66, 75, 84]",0,58.0,69.7,1.016,9.0,5.0,0.0113,0.0565,0.156,0.0012,0.007,0.11,1.0,,0.29
CEPO,weekly,3.0,DIVUP,UP,strict,90,2025-01-10 00:00,2026-09-25 00:00,10.78,12.51,10.05,1.24,-0.1,,0.3,65.7,True,0.58,0.09,1,0,8,5558290.0,"[53, 66, 75, 84]",0,58.0,69.7,1.016,9.0,5.0,0.0113,0.0565,0.156,0.0012,0.007,0.11,1.0,,0.29
CEPU,weekly,2.0,,,,50,2025-10-17 00:00,2026-09-25 00:00,13.38,17.55,9.45,1.86,-0.13,-0.4,0.49,44.3,False,-0.33,-0.64,0,0,5,21998622.0,"[7, 24, 34, 41]",402,54.8,51.9,0.957,7.0,8.0,0.0612,0.1091,0.58,0.0276,0.047,0.45,0.65,,0.02
CERT,weekly,2.0,COMP,,,35,2026-01-30 00:00,2026-09-25 00:00,8.52,8.79,4.48,1.96,0.37,-0.77,0.94,59.3,True,1.26,1.6,0,0,1,114859975.0,[29],268,,,,,,0.1353,0.1669,0.543,0.0242,0.0538,0.18,0.82,,0.0
CF,daily,1.5,,,,151,2026-02-13 00:00,2026-09-21 00:00,123.27,139.27,92.93,1.5,0.31,-0.03,0.65,42.7,True,-0.07,0.4,0,0,15,336409912.0,"[108, 121, 130, 138]",4305,64.4,72.3,1.075,8.0,12.0,0.0506,0.0883,0.722,0.0146,0.0137,0.29,1.02,,0.05
CG,weekly,2.0,ANTI,,,147,2023-12-08 00:00,2026-09-25 00:00,40.86,66.31,34.13,1.94,0.4,-0.28,0.21,37.9,False,0.18,-0.35,1,0,12,627816150.0,"[93, 110, 123, 141]",605,49.0,53.8,0.951,18.0,5.0,0.107,0.1646,0.578,0.0428,0.0693,0.4,1.3,,0.03
CGNT,weekly,1.5,,,,30,2026-03-06 00:00,2026-09-25 00:00,8.53,11.57,7.75,1.49,-0.11,-0.31,0.2,47.9,False,-0.45,-0.61,0,0,3,25156040.0,"[0, 9, 22]",266,65.5,51.7,0.828,13.0,7.0,0.0456,0.0968,0.467,0.0228,0.0263,0.5,1.05,,0.0
CGNT,weekly,2.0,,,,141,2024-01-19 00:00,2026-09-25 00:00,8.53,11.57,5.94,1.95,0.33,-0.52,0.46,47.9,False,-0.45,-0.61,0,0,12,11380172.0,"[99, 111, 120, 133]",155,65.5,51.7,0.828,13.0,7.0,0.0892,0.1281,0.773,0.0228,0.0263,0.26,2.33,,0.0
CGNT,daily,1.5,,,,77,2026-06-02 00:00,2026-09-21 00:00,8.53,11.62,7.96,1.46,-0.13,-0.35,0.16,49.5,False,-0.05,-0.28,0,1,4,5453801.0,"[22, 43, 48, 60]",1340,59.6,53.5,0.963,12.0,16.0,0.0352,0.0559,0.416,0.0118,0.0107,0.34,1.01,,0.0
CGNX,daily,1.5,,,,120,2026-03-31 00:00,2026-09-21 00:00,61.99,72.32,48.86,1.48,0.33,-0.17,0.56,50.8,False,0.08,-0.1,1,0,9,113354623.0,"[86, 95, 103, 113]",4336,50.1,55.6,1.02,10.0,6.0,0.0484,0.0812,0.725,0.0154,0.0115,0.32,0.8,,0.03
CHA,weekly,1.5,,,,47,2025-11-07 00:00,2026-09-25 00:00,12.22,14.04,9.53,1.47,-0.39,-0.71,0.6,54.1,True,0.72,0.42,0,0,4,33435359.0,"[3, 9, 18, 29]",29,32.1,52.5,1.143,11.0,17.0,0.0791,0.1023,0.617,0.0779,0.0357,0.98,1.05,,0.06
CHH,weekly,1.5,,,,61,2025-08-01 00:00,2026-09-25 00:00,99.05,124.53,85.04,1.46,-0.0,-0.44,0.35,41.9,False,-0.55,-0.39,0,1,4,291448173.0,"[14, 29, 37, 46]",865,63.1,56.7,0.965,9.0,14.0,0.0578,0.0829,0.754,0.0478,0.0274,0.83,0.79,,0.03
CHRD,weekly,2.0,,,,121,2024-06-07 00:00,2026-09-25 00:00,139.43,157.32,81.98,1.92,0.0,-0.51,0.76,54.6,True,-0.41,0.3,0,0,9,468299237.0,"[57, 64, 78, 94]",729,50.9,82.2,1.504,16.0,26.0,0.1486,0.1851,0.463,0.029,0.0521,0.2,1.0,,0.0
CHRD,daily,1.5,,DN,broad,142,2026-02-27 00:00,2026-09-21 00:00,139.43,157.0,105.37,1.49,0.31,0.03,0.66,42.5,True,-0.31,0.18,1,0,10,106017238.0,"[106, 120, 128, 137]",3948,65.0,69.5,1.044,9.0,4.0,0.0568,0.0821,0.704,0.0192,0.0117,0.34,0.99,,0.05
CHRN,daily,2.0,,,,90,2026-05-13 00:00,2026-09-21 00:00,21.69,29.63,14.84,2.0,0.2,-0.05,0.46,56.0,False,-0.24,-0.73,0,0,6,4472404.0,"[42, 56, 68, 80]",3098,57.0,50.6,0.874,12.0,9.0,0.0983,0.1486,0.667,0.0524,0.0563,0.53,0.4,,0.0
CHRW,weekly,1.5,ANTI,,,48,2025-10-31 00:00,2026-09-25 00:00,152.84,207.6,141.02,1.47,0.02,0.05,0.18,44.5,False,-0.66,-0.73,0,0,5,1245910386.0,"[14, 25, 32, 37]",878,63.1,66.1,1.076,5.0,10.0,0.0853,0.0956,0.562,0.0172,0.0336,0.2,0.74,,0.04
CHTR,daily,1.5,ANTI,,,103,2026-04-24 00:00,2026-09-21 00:00,123.35,180.13,123.31,1.46,-0.15,-0.5,0.0,34.7,False,-0.68,-0.67,0,0,8,379955072.0,"[56, 71, 84, 90]",4100,57.7,58.3,1.025,6.0,12.0,0.0625,0.0814,0.641,0.0362,0.0518,0.58,0.87,,0.06
CHWY,weekly,3.0,ANTI,,,123,2024-05-24 00:00,2026-09-25 00:00,20.51,48.21,16.57,2.91,-0.2,-0.67,0.12,41.1,False,0.32,-0.69,1,0,10,1000894422.0,"[79, 86, 99, 117]",259,44.7,50.4,0.873,18.0,5.0,0.1758,0.2278,0.675,0.0438,0.0234,0.25,0.8,,0.02
CHWY,daily,1.5,,,,104,2026-04-23 00:00,2026-09-21 00:00,20.51,26.02,17.51,1.49,-0.0,-0.5,0.35,37.1,False,-1.02,-0.63,0,1,7,181348386.0,"[59, 70, 85, 91]",1728,66.7,59.0,0.979,6.0,12.0,0.0616,0.0898,0.712,0.0136,0.0218,0.22,1.31,,0.03
CHYM,weekly,3.0,COMP,,,68,2025-06-13 00:00,2026-09-25 00:00,29.92,34.79,16.7,2.08,-0.18,,0.73,59.1,True,1.37,1.97,0,0,4,409697149.0,"[6, 30, 38, 44]",0,36.3,47.5,1.085,6.0,23.0,0.163,0.2188,0.426,0.0333,0.1096,0.2,3.33,,0.0
CHYM,daily,1.5,DIVDN,DN,strict,35,2026-08-03 00:00,2026-09-21 00:00,29.92,34.55,24.26,1.42,0.4,-0.0,0.55,43.7,False,-1.19,-0.09,0,2,3,239110883.0,"[3, 8, 18]",285,78.0,73.2,1.037,10.0,16.0,0.0289,0.0745,0.371,0.0449,0.023,1.55,1.3,,0.0
CIEN,weekly,2.0,,,,33,2026-02-13 00:00,2026-09-25 00:00,365.96,583.74,294.17,1.98,-0.08,0.08,0.25,46.6,False,-2.06,-2.23,0,0,3,5186770859.0,"[2, 14, 26]",893,87.6,52.4,0.735,12.0,6.0,0.1542,0.1893,0.545,0.0631,0.0764,0.41,0.72,,0.0
CIEN,daily,2.0,,,,136,2026-03-09 00:00,2026-09-21 00:00,365.96,627.0,317.46,1.98,-0.33,-0.1,0.16,50.8,False,-0.33,-1.0,0,0,13,1025775533.0,"[84, 94, 109, 118]",4320,57.2,49.5,0.912,9.0,17.0,0.1238,0.1733,0.566,0.0219,0.0244,0.18,0.96,,0.01
CIFR,weekly,3.0,,,,55,2025-09-12 00:00,2026-09-25 00:00,18.9,29.18,10.85,2.69,0.29,0.42,0.44,50.4,False,-0.56,-0.23,0,0,3,2801655200.0,"[6, 18, 40]",255,61.3,72.6,1.552,22.0,14.0,0.1426,0.2049,0.691,0.0427,0.0585,0.3,1.03,,0.0
CIFR,daily,1.5,COMP,,,34,2026-08-04 00:00,2026-09-21 00:00,18.9,20.38,14.61,1.39,-0.19,-0.5,0.74,56.1,True,0.39,0.13,0,0,3,604001019.0,"[9, 17, 24]",1452,45.3,53.5,1.104,7.0,9.0,0.0587,0.0769,0.647,0.0594,0.0568,1.01,1.2,,0.0
CIFR,daily,2.0,,UP,broad,115,2026-04-08 00:00,2026-09-21 00:00,18.9,29.18,14.61,2.0,-0.23,-0.41,0.29,56.1,True,0.39,0.13,0,0,11,549248182.0,"[80, 90, 98, 105]",1371,45.3,53.5,1.104,7.0,9.0,0.1324,0.1732,0.496,0.0594,0.0568,0.45,1.32,,0.01
CIM,weekly,1.5,,,,120,2024-06-14 00:00,2026-09-25 00:00,11.02,13.49,9.18,1.47,0.19,-0.52,0.43,34.3,False,-1.11,-0.75,0,0,9,41505257.0,"[55, 64, 87, 98]",806,62.9,62.3,1.027,11.0,21.0,0.0389,0.0676,0.658,0.0291,0.0576,0.75,1.08,,0.02
CING,weekly,1.5,,,,26,2026-04-03 00:00,2026-09-25 00:00,5.23,6.14,4.16,1.48,-0.11,-0.76,0.54,51.1,True,0.11,-0.17,0,0,2,7288247.0,"[13, 20]",225,51.7,54.3,1.032,7.0,5.0,0.055,0.086,0.692,0.0229,0.0441,0.42,0.46,,0.0
CING,weekly,2.0,,,,28,2026-03-20 00:00,2026-09-25 00:00,5.23,7.38,4.16,1.77,-0.28,-0.76,0.33,51.1,True,0.11,-0.17,0,0,2,8107038.0,"[15, 22]",223,51.7,54.3,1.032,7.0,5.0,0.0552,0.1229,0.607,0.0229,0.0441,0.41,0.41,,0.0
CING,daily,2.0,,,,126,2026-03-23 00:00,2026-09-21 00:00,5.23,6.93,3.6,1.93,-0.18,-0.69,0.49,52.4,False,-0.61,-0.2,0,0,10,1465724.0,"[69, 83, 95, 107]",1074,64.5,72.8,1.099,12.0,18.0,0.0578,0.1065,0.873,0.0116,0.0097,0.2,0.32,,0.01
CING,daily,3.0,,,,129,2026-03-18 00:00,2026-09-21 00:00,5.23,8.04,3.6,2.23,-0.2,-0.69,0.37,52.4,False,-0.61,-0.2,0,0,10,1498496.0,"[72, 86, 98, 110]",1071,64.5,72.8,1.099,12.0,18.0,0.0607,0.1275,0.791,0.0116,0.0097,0.19,0.31,,0.01
CL,weekly,1.5,,,,152,2023-11-03 00:00,2026-09-25 00:00,86.26,102.92,70.2,1.47,0.13,-0.08,0.49,43.5,True,-0.05,0.22,0,1,13,2155929177.0,"[119, 133, 139, 144]",774,65.3,60.0,0.986,5.0,7.0,0.048,0.0804,0.737,0.025,0.015,0.52,0.84,,0.06
CLB,weekly,2.0,ANTI,,,96,2024-11-29 00:00,2026-09-25 00:00,10.94,20.24,10.19,1.99,-0.24,-0.61,0.07,37.9,False,-0.23,-1.73,0,0,6,30321720.0,"[32, 47, 53, 61]",830,,,,,,0.1648,0.2003,0.417,0.0101,0.0445,0.06,0.94,,0.03
CLBT,weekly,1.5,,,,36,2026-01-23 00:00,2026-09-25 00:00,11.56,16.01,11.03,1.45,-0.4,-0.57,0.11,42.3,True,0.07,-0.41,0,0,3,127629869.0,"[6, 18, 24]",272,50.6,56.1,1.082,6.0,11.0,0.0782,0.1083,0.611,0.0278,0.0784,0.36,1.09,,0.03
CLBT,weekly,3.0,,,,141,2024-01-19 00:00,2026-09-25 00:00,11.56,25.41,8.53,2.98,0.05,-0.03,0.18,42.3,True,0.07,-0.41,0,0,11,108541099.0,"[100, 111, 123, 129]",167,50.6,56.1,1.082,6.0,11.0,0.1769,0.226,0.681,0.0278,0.0784,0.16,1.28,,0.01
CLBT,daily,1.5,,,,28,2026-08-12 00:00,2026-09-21 00:00,11.56,15.25,10.44,1.46,-0.05,-0.37,0.23,44.2,True,0.56,0.16,0,0,2,36968159.0,"[11, 16]",1445,44.3,43.1,0.972,5.0,11.0,0.0188,0.0691,0.25,0.015,0.0148,0.8,0.75,,0.07
CLDX,weekly,3.0,COMP,,,133,2024-03-15 00:00,2026-09-25 00:00,37.89,44.56,15.78,2.82,-0.09,-0.7,0.77,56.1,True,-0.1,0.99,0,0,11,115243325.0,"[90, 109, 121, 126]",793,68.7,68.4,1.073,5.0,6.0,0.1936,0.2445,0.586,0.0339,0.0341,0.18,1.43,,0.03
CLF,weekly,2.0,,,,65,2025-07-04 00:00,2026-09-25 00:00,12.07,15.09,7.82,1.93,0.02,-0.66,0.58,53.1,True,0.3,0.74,0,0,4,976619006.0,"[3, 15, 29, 49]",861,65.1,62.1,0.913,20.0,15.0,0.1145,0.1481,0.692,0.0261,0.0319,0.23,0.77,,0.02
CLF,weekly,3.0,,,,123,2024-05-24 00:00,2026-09-25 00:00,12.07,17.28,5.83,2.96,-0.16,-0.76,0.54,53.1,True,0.3,0.74,0,0,8,884722718.0,"[61, 73, 87, 107]",803,65.1,62.1,0.913,20.0,15.0,0.1404,0.2088,0.764,0.0261,0.0319,0.19,0.85,,0.02
CLFD,weekly,2.0,,,,152,2023-11-03 00:00,2026-09-25 00:00,30.88,47.22,24.5,1.93,0.04,-0.81,0.28,47.3,False,-0.55,-0.77,0,0,11,21384952.0,"[87, 103, 119, 134]",774,52.0,77.1,1.445,15.0,17.0,0.0988,0.1479,0.592,0.0319,0.0275,0.32,1.08,,0.01
CLMB,weekly,2.0,,,,112,2024-08-09 00:00,2026-09-25 00:00,28.56,34.95,18.89,1.85,-0.19,0.06,0.6,60.4,True,1.21,1.39,0,0,9,76004259.0,"[60, 69, 75, 88]",814,58.8,42.4,0.716,13.0,23.0,0.1048,0.1453,0.616,0.0117,0.027,0.11,0.21,,0.03
CLOV,daily,1.5,,,,80,2026-05-28 00:00,2026-09-21 00:00,4.54,5.41,3.65,1.48,-0.11,0.01,0.51,52.4,True,0.6,0.43,0,0,9,21862944.0,"[49, 54, 66, 74]",1496,49.1,72.1,1.186,8.0,5.0,0.059,0.088,0.75,0.0184,0.0441,0.31,1.12,,0.05
CLOV,daily,2.0,,,,94,2026-05-07 00:00,2026-09-21 00:00,4.54,5.41,2.82,1.92,0.27,0.0,0.66,52.4,True,0.6,0.43,0,0,10,22373512.0,"[63, 68, 80, 88]",1482,49.1,72.1,1.186,8.0,5.0,0.0778,0.1254,0.723,0.0184,0.0441,0.24,1.1,,0.04
CLPT,weekly,3.0,,,,50,2025-10-17 00:00,2026-09-25 00:00,13.97,25.38,8.68,2.92,-0.15,-0.68,0.32,48.7,True,0.31,1.32,0,0,3,42608651.0,"[14, 37, 45]",699,67.1,54.4,0.831,8.0,4.0,0.0956,0.2385,0.64,0.0224,0.0549,0.23,0.83,,0.04
CLS,weekly,1.5,,,,27,2026-03-27 00:00,2026-09-25 00:00,344.4,418.93,280.22,1.5,-0.33,-0.19,0.46,53.1,False,-0.84,-0.76,0,0,2,3381184362.0,"[5, 11]",899,72.6,62.4,0.938,6.0,15.0,0.0817,0.1066,0.556,0.0493,0.0456,0.6,1.01,,0.0
CLSK,weekly,3.0,,,,140,2024-01-26 00:00,2026-09-25 00:00,14.76,21.21,7.19,2.95,-0.14,-0.44,0.54,55.8,False,-0.17,0.25,0,0,8,1452860201.0,"[77, 90, 104, 122]",424,52.6,67.7,1.334,18.0,17.0,0.2019,0.2618,0.543,0.054,0.0638,0.27,0.79,,0.0
CLSK,daily,1.5,COMP,,,62,2026-06-24 00:00,2026-09-21 00:00,14.76,16.33,11.06,1.48,-0.36,-0.41,0.7,61.5,True,0.59,0.54,0,0,4,251288792.0,"[20, 27, 45, 55]",2488,50.9,56.3,1.056,10.0,6.0,0.0613,0.0971,0.613,0.0387,0.0362,0.63,0.96,,0.0
CLSK,daily,2.0,,,,115,2026-04-08 00:00,2026-09-21 00:00,14.76,18.81,9.88,1.9,-0.06,-0.4,0.55,61.5,True,0.59,0.54,0,0,8,277658117.0,"[73, 80, 98, 108]",2435,50.9,56.3,1.056,10.0,6.0,0.0944,0.1473,0.661,0.0387,0.0362,0.41,0.87,,0.01
CLW,weekly,2.0,COMP,,,61,2025-08-01 00:00,2026-09-25 00:00,21.29,23.31,12.44,1.87,-0.24,-0.78,0.81,60.5,True,1.16,1.65,0,0,6,17313213.0,"[23, 37, 45, 53]",865,55.6,70.9,1.318,8.0,7.0,0.1503,0.1579,0.508,0.0142,0.0311,0.09,0.82,,0.03
CLYM,daily,1.5,ANTI,,,34,2026-08-04 00:00,2026-09-21 00:00,13.64,17.84,12.47,1.43,-0.04,-0.11,0.22,42.5,False,-1.43,-1.07,0,0,2,20059483.0,"[9, 24]",1250,78.3,55.6,0.912,15.0,9.0,0.0532,0.0936,0.676,0.0121,0.0337,0.23,1.03,,0.06
CMCL,weekly,3.0,,UP,broad,73,2025-05-09 00:00,2026-09-25 00:00,24.14,36.07,13.5,2.67,0.02,-0.13,0.47,53.1,False,0.38,-0.01,0,0,7,25283288.0,"[37, 42, 49, 55]",853,50.0,46.8,0.913,6.0,17.0,0.1385,0.2035,0.712,0.0495,0.1471,0.36,0.84,,0.0
CMCO,weekly,2.0,,,,85,2025-02-14 00:00,2026-09-25 00:00,15.53,22.51,12.64,1.78,0.08,-0.71,0.29,46.5,True,0.59,0.86,0,0,5,30171904.0,"[13, 51, 67, 77]",841,48.5,64.6,1.271,10.0,7.0,0.0856,0.1325,0.518,0.0658,0.0925,0.77,1.23,,0.0
CMCO,weekly,3.0,,,,94,2024-12-13 00:00,2026-09-25 00:00,15.53,37.85,12.64,3.0,-0.37,-0.71,0.11,46.5,True,0.59,0.86,0,0,5,30053300.0,"[22, 60, 76, 86]",832,48.5,64.6,1.271,10.0,7.0,0.1035,0.3393,0.117,0.0658,0.0925,0.64,1.23,,0.0
CMCO,daily,1.5,ANTI,,,44,2026-07-21 00:00,2026-09-21 00:00,15.53,21.52,14.57,1.48,-0.15,-0.25,0.14,36.2,False,-0.6,-0.62,1,0,3,7225595.0,"[7, 27, 33]",4412,53.9,57.2,1.024,6.0,10.0,0.0783,0.0965,0.614,0.0266,0.0598,0.34,0.88,,0.0
CMP,daily,1.5,ANTI,,,126,2026-03-23 00:00,2026-09-21 00:00,23.57,33.51,22.73,1.47,0.03,-0.14,0.08,35.2,False,0.15,-0.26,1,0,12,12912645.0,"[83, 93, 105, 116]",4330,42.4,47.9,0.992,11.0,9.0,0.0883,0.1006,0.563,0.004,0.0335,0.05,0.71,,0.02
CMPR,daily,1.5,ANTI,,,126,2026-03-23 00:00,2026-09-21 00:00,79.75,105.31,71.99,1.46,0.35,-0.11,0.23,27.4,False,-0.38,-0.54,0,0,12,14638989.0,"[87, 92, 98, 113]",4330,51.8,46.4,0.92,15.0,12.0,0.0804,0.0973,0.563,0.02,0.0313,0.25,0.82,,0.02
CMRE,weekly,1.5,,,,48,2025-10-31 00:00,2026-09-25 00:00,15.09,17.47,11.95,1.46,0.08,-0.01,0.57,48.1,False,-0.61,-0.54,0,0,3,8875517.0,"[5, 24, 38]",782,65.5,52.0,0.913,14.0,9.0,0.0473,0.0692,0.625,0.015,0.0223,0.32,2.8,,0.0
CNC,weekly,3.0,COMP,,,108,2024-09-06 00:00,2026-09-25 00:00,64.99,75.61,25.59,2.95,-0.19,-0.72,0.79,60.3,True,0.29,1.6,0,0,6,1452030464.0,"[56, 70, 77, 92]",818,56.5,75.1,1.453,15.0,15.0,0.1539,0.264,0.537,0.0087,0.0155,0.06,0.78,,0.01
CNH,weekly,1.5,COMP,,,38,2026-01-09 00:00,2026-09-25 00:00,13.48,14.4,9.85,1.46,0.27,-0.27,0.8,62.4,True,0.6,0.8,0,0,2,758518402.0,"[6, 13]",888,68.2,54.0,0.886,7.0,24.0,0.0354,0.1006,0.263,0.075,0.0637,2.12,1.34,,0.0
CNK,weekly,2.0,COMP,,,119,2024-06-21 00:00,2026-09-25 00:00,36.25,37.29,19.08,1.95,0.27,-0.01,0.94,63.0,True,0.36,1.08,0,0,10,389406092.0,"[88, 94, 103, 112]",807,67.1,67.9,1.106,9.0,6.0,0.0871,0.1366,0.773,0.0287,0.0408,0.33,0.96,,0.01
CNM,weekly,2.0,ANTI,,,150,2023-11-17 00:00,2026-09-25 00:00,43.06,66.98,33.88,1.98,0.11,0.03,0.28,41.9,False,-0.25,-0.82,0,0,14,495187979.0,"[114, 125, 133, 142]",121,51.4,45.1,0.896,9.0,7.0,0.0831,0.1314,0.793,0.026,0.0284,0.31,0.89,,0.03
CNNE,weekly,1.5,COMP,,,41,2025-12-19 00:00,2026-09-25 00:00,15.23,15.68,10.52,1.49,0.29,-0.49,0.91,56.8,True,0.79,0.79,0,0,2,34293821.0,"[23, 30]",599,55.3,56.6,1.019,7.0,10.0,0.0635,0.1031,0.366,0.0173,0.0241,0.27,1.0,,0.0
CNR,weekly,1.5,,,,54,2025-09-19 00:00,2026-09-25 00:00,90.75,113.0,75.67,1.49,0.14,-0.42,0.4,50.6,True,0.28,0.23,0,0,5,306720327.0,"[18, 27, 37, 49]",409,53.6,61.6,1.08,12.0,4.0,0.0624,0.0868,0.574,0.0447,0.0841,0.72,0.75,,0.0
CNR,weekly,2.0,,,,95,2024-12-06 00:00,2026-09-25 00:00,90.75,116.1,63.25,1.84,0.19,-0.52,0.52,50.6,True,0.28,0.23,0,0,6,309994651.0,"[59, 68, 78, 90]",368,53.6,61.6,1.08,12.0,4.0,0.0977,0.1369,0.642,0.0447,0.0841,0.46,0.74,,0.01
CNS,weekly,1.5,,,,93,2024-12-20 00:00,2026-09-25 00:00,74.43,87.9,59.71,1.47,-0.22,-0.4,0.52,48.8,True,0.17,0.9,0,0,9,95676238.0,"[56, 61, 77, 82]",833,68.1,72.5,1.099,5.0,10.0,0.0832,0.1054,0.516,0.0393,0.0342,0.47,0.99,,0.0
CNS,weekly,2.0,,,,150,2023-11-17 00:00,2026-09-25 00:00,74.43,99.68,51.77,1.93,0.01,-0.38,0.47,48.8,True,0.17,0.9,0,0,14,85332209.0,"[113, 118, 134, 139]",776,68.1,72.5,1.099,5.0,10.0,0.0874,0.1359,0.74,0.0393,0.0342,0.45,1.11,,0.01
CNXC,weekly,1.5,,,,29,2026-03-13 00:00,2026-09-25 00:00,27.53,32.16,21.84,1.47,-0.02,-0.69,0.55,49.3,True,0.69,0.28,0,0,2,186951166.0,"[5, 11]",276,40.5,43.2,0.956,6.0,17.0,0.0657,0.0963,0.655,0.0661,0.0861,1.01,0.82,,0.0
COAG,daily,1.5,ANTI,,,52,2026-07-09 00:00,2026-09-21 00:00,37.97,54.94,37.2,1.48,-0.18,0.01,0.04,33.7,False,-1.14,-1.53,0,0,3,16865633.0,"[7, 20, 26]",47,68.2,69.3,1.053,6.0,25.0,0.0638,0.0974,0.635,0.0195,0.0435,0.31,1.08,,0.06
CODI,weekly,1.5,,,,26,2026-04-03 00:00,2026-09-25 00:00,11.21,12.71,8.59,1.48,0.16,-0.63,0.64,56.0,True,-0.44,0.24,0,1,2,41447389.0,"[5, 19]",900,72.3,68.0,1.018,14.0,6.0,0.0609,0.082,0.769,0.0287,0.0599,0.47,0.81,,0.0
CODI,weekly,2.0,COMP,,,27,2026-03-27 00:00,2026-09-25 00:00,11.21,12.71,6.68,1.9,0.25,-0.71,0.75,56.0,True,-0.44,0.24,0,1,2,39829843.0,"[6, 20]",899,72.3,68.0,1.018,14.0,6.0,0.0609,0.1104,0.556,0.0287,0.0599,0.47,0.84,,0.0
CODI,daily,1.5,,,,118,2026-04-02 00:00,2026-09-21 00:00,11.21,12.71,8.59,1.48,0.07,0.03,0.64,49.3,False,-0.67,-0.35,0,0,8,7422689.0,"[71, 84, 92, 107]",4338,72.1,56.2,0.918,15.0,10.0,0.0609,0.0731,0.763,0.0041,0.0178,0.07,0.63,,0.04
CODI,daily,2.0,,,,125,2026-03-24 00:00,2026-09-21 00:00,11.21,12.71,6.38,1.99,0.23,-0.24,0.76,49.3,False,-0.67,-0.35,0,0,8,7660784.0,"[78, 91, 99, 114]",4331,72.1,56.2,0.918,15.0,10.0,0.0638,0.1099,0.528,0.0041,0.0178,0.06,0.61,,0.04
COF,weekly,1.5,,,,75,2025-04-25 00:00,2026-09-25 00:00,204.92,246.44,174.73,1.41,-0.01,-0.12,0.42,49.7,True,0.68,0.62,0,0,6,4159050070.0,"[18, 35, 51, 68]",851,50.4,64.7,1.106,17.0,6.0,0.0591,0.0838,0.653,0.0261,0.0295,0.44,0.78,,0.03
COFS,weekly,1.5,COMP,,,116,2024-07-12 00:00,2026-09-25 00:00,32.96,34.86,23.81,1.46,0.28,-0.15,0.83,55.3,True,0.14,0.59,0,0,9,9663904.0,"[74, 82, 95, 103]",774,61.2,68.1,1.087,8.0,12.0,0.057,0.0903,0.681,0.0139,0.0112,0.24,1.17,,0.01
COGT,weekly,1.5,,,,46,2025-11-14 00:00,2026-09-25 00:00,32.0,42.39,31.02,1.37,-0.2,0.89,0.09,42.5,True,-0.39,0.0,0,0,4,360812783.0,"[2, 15, 22, 38]",398,61.2,66.3,1.138,16.0,7.0,0.0566,0.0729,0.696,0.0681,0.0482,1.2,0.8,,0.02
COGT,weekly,2.0,,,,46,2025-11-14 00:00,2026-09-25 00:00,32.0,42.39,31.02,1.37,-0.2,0.89,0.09,42.5,True,-0.39,0.0,0,0,4,360812783.0,"[2, 15, 22, 38]",398,61.2,66.3,1.138,16.0,7.0,0.0566,0.0729,0.696,0.0681,0.0482,1.2,0.8,,0.02
COHR,daily,1.5,,,,36,2026-07-31 00:00,2026-09-21 00:00,321.52,379.13,262.89,1.44,-0.33,-0.38,0.5,57.1,False,0.17,-0.13,1,0,3,1924456846.0,"[5, 19, 29]",4420,47.1,52.6,1.034,10.0,6.0,0.071,0.091,0.472,0.057,0.0416,0.8,1.15,,0.0
COHR,daily,2.0,,,,156,2026-02-06 00:00,2026-09-21 00:00,321.52,426.89,216.1,1.98,0.28,-0.06,0.5,57.1,False,0.17,-0.13,1,0,11,1856489697.0,"[112, 125, 139, 149]",4300,47.1,52.6,1.034,10.0,6.0,0.1402,0.1733,0.558,0.057,0.0416,0.41,1.19,,0.01
COHU,daily,1.5,COMP,,,37,2026-07-30 00:00,2026-09-21 00:00,60.62,62.62,44.16,1.42,0.08,-0.4,0.89,61.5,True,0.08,-0.11,0,0,2,53533837.0,"[12, 28]",4419,62.8,58.3,0.905,16.0,8.0,0.057,0.0841,0.676,0.061,0.0602,1.07,1.09,,0.03
COHU,daily,2.0,,,,113,2026-04-10 00:00,2026-09-21 00:00,60.62,73.91,37.34,1.98,0.22,0.05,0.64,61.5,True,0.08,-0.11,0,0,8,59960580.0,"[64, 69, 88, 104]",4343,62.8,58.3,0.905,16.0,8.0,0.0887,0.14,0.717,0.061,0.0602,0.69,0.98,,0.01
COIN,weekly,1.5,,,,36,2026-01-23 00:00,2026-09-25 00:00,201.05,216.95,146.26,1.48,-0.25,-0.65,0.78,56.0,False,0.39,-0.23,0,0,2,8563363153.0,"[12, 23]",249,46.7,41.9,0.802,11.0,12.0,0.0961,0.1068,0.556,0.0523,0.0795,0.54,0.83,,0.0
COIN,weekly,3.0,,,,138,2024-02-09 00:00,2026-09-25 00:00,201.05,419.78,141.99,2.96,-0.11,-0.27,0.21,56.0,False,0.39,-0.23,0,0,10,10488002598.0,"[75, 86, 114, 125]",147,46.7,41.9,0.802,11.0,12.0,0.2019,0.2654,0.478,0.0523,0.0795,0.26,0.68,,0.01
COIN,daily,1.5,COMP,,,91,2026-05-12 00:00,2026-09-21 00:00,201.05,212.01,142.52,1.49,-0.07,-0.48,0.84,60.4,True,-0.03,0.46,0,1,7,1347484971.0,"[47, 52, 70, 85]",1275,67.0,59.1,1.027,15.0,5.0,0.0668,0.0954,0.615,0.0361,0.021,0.54,1.78,,0.01
COLD,weekly,2.0,,,,78,2025-04-04 00:00,2026-09-25 00:00,14.73,18.58,9.85,1.89,-0.19,-0.66,0.56,53.1,True,0.02,0.67,0,0,7,314080220.0,"[46, 60, 65, 72]",376,64.5,56.6,0.939,7.0,5.0,0.1127,0.1453,0.731,0.0132,0.0316,0.12,0.76,,0.0
COLM,weekly,1.5,,,,78,2025-04-04 00:00,2026-09-25 00:00,56.73,66.72,47.94,1.39,0.11,-0.45,0.47,43.5,False,-0.54,-0.18,0,0,6,177013745.0,"[22, 36, 46, 60]",848,63.7,62.3,1.041,14.0,17.0,0.0745,0.0825,0.538,0.0056,0.0202,0.08,1.02,,0.05
COMP,weekly,2.0,,,,63,2025-07-18 00:00,2026-09-25 00:00,10.13,13.33,6.68,2.0,0.36,-0.29,0.52,48.4,True,0.75,1.86,0,0,5,575763599.0,"[27, 42, 50, 56]",224,67.8,65.1,1.032,6.0,6.0,0.1552,0.1889,0.492,0.0733,0.0536,0.47,0.96,,0.02
COMP,daily,1.5,ANTI,,,68,2026-06-15 00:00,2026-09-21 00:00,10.13,13.35,9.14,1.46,-0.05,-0.33,0.24,38.8,False,-0.64,-0.98,0,0,7,135252600.0,"[35, 41, 57, 62]",1306,45.3,43.1,0.958,5.0,5.0,0.0706,0.0858,0.632,0.0184,0.0171,0.26,1.2,,0.01
COO,weekly,1.5,,,,30,2026-03-06 00:00,2026-09-25 00:00,54.12,76.55,53.91,1.42,-0.17,-0.51,0.01,31.8,True,0.6,-0.07,0,0,3,719973672.0,"[5, 17, 24]",896,56.2,58.6,1.027,7.0,5.0,0.0474,0.0931,0.567,0.0826,0.0426,1.74,0.94,,0.07
COO,daily,1.5,ANTI,,,137,2026-03-06 00:00,2026-09-21 00:00,54.12,76.82,53.27,1.44,-0.03,-0.37,0.04,24.1,False,-2.05,-2.03,0,0,10,148185322.0,"[81, 90, 108, 125]",4319,67.5,40.8,0.92,17.0,11.0,0.0421,0.0862,0.54,0.0055,0.0152,0.13,2.03,,0.03
COR,weekly,1.5,,,,83,2025-02-28 00:00,2026-09-25 00:00,316.49,370.57,250.67,1.48,0.32,-0.0,0.55,52.6,True,0.89,0.35,0,0,5,2076823876.0,"[17, 39, 52, 59]",843,71.3,46.6,0.88,7.0,23.0,0.0667,0.0992,0.675,0.009,0.0192,0.13,0.95,,0.05
CORZ,weekly,2.0,ANTI,,,55,2025-09-12 00:00,2026-09-25 00:00,18.36,29.16,14.73,1.98,0.37,-0.19,0.25,45.0,False,-1.0,-0.79,0,0,3,1142310130.0,"[7, 18, 40]",85,59.4,74.9,1.544,22.0,14.0,0.1112,0.1839,0.382,0.0153,0.1085,0.14,0.91,,0.0
CORZ,daily,2.0,DIVUP,UP,strict,120,2026-03-31 00:00,2026-09-21 00:00,18.36,29.16,14.96,1.95,-0.22,-0.35,0.24,51.0,False,0.32,-0.35,1,0,10,251126827.0,"[76, 85, 92, 110]",547,45.8,49.1,0.897,18.0,9.0,0.1336,0.1737,0.55,0.0307,0.0291,0.23,0.78,,0.03
COST,weekly,1.5,,,,127,2024-04-26 00:00,2026-09-25 00:00,898.48,1062.77,720.22,1.48,0.35,-0.03,0.52,38.5,False,-0.78,-0.51,0,0,9,9112470275.0,"[67, 94, 107, 120]",799,63.2,49.7,0.918,13.0,6.0,0.0448,0.0701,0.693,0.0231,0.0133,0.52,0.94,,0.05
CPRI,weekly,3.0,ANTI,,,101,2024-10-25 00:00,2026-09-25 00:00,14.31,27.04,13.5,2.0,-0.25,-0.8,0.06,37.5,False,-0.56,-1.93,1,0,6,273823828.0,"[43, 58, 77, 85]",671,49.9,54.0,1.021,8.0,15.0,0.0922,0.16,0.663,0.0404,0.0699,0.44,1.17,,0.0
CPS,weekly,2.0,ANTI,,,65,2025-07-04 00:00,2026-09-25 00:00,22.87,45.2,22.67,1.99,-0.19,-0.08,0.01,36.1,False,-0.28,-0.97,1,0,6,26463602.0,"[32, 42, 47, 57]",788,48.7,53.7,1.035,10.0,7.0,0.0725,0.1455,0.723,0.0808,0.0355,1.11,1.06,,0.0
CPS,weekly,3.0,ANTI,,,74,2025-05-02 00:00,2026-09-25 00:00,22.87,45.2,20.42,2.21,0.08,-0.06,0.1,36.1,False,-0.28,-0.97,1,0,7,27368720.0,"[41, 51, 56, 66]",779,48.7,53.7,1.035,10.0,7.0,0.0942,0.1687,0.716,0.0808,0.0355,0.86,1.02,,0.0
CPT,weekly,1.5,,,,152,2023-11-03 00:00,2026-09-25 00:00,98.82,117.7,78.62,1.5,0.39,-0.48,0.52,37.0,True,-0.22,0.14,0,0,10,495584872.0,"[78, 95, 113, 136]",774,57.3,65.6,1.055,23.0,15.0,0.0556,0.0889,0.559,0.0347,0.0305,0.62,0.9,,0.01
CRAI,weekly,1.5,,,,35,2026-01-30 00:00,2026-09-25 00:00,161.97,186.97,136.76,1.37,0.03,-0.36,0.5,48.7,True,0.64,0.58,0,0,3,127337343.0,"[5, 13, 26]",891,44.6,58.0,1.111,13.0,8.0,0.0638,0.0823,0.6,0.0273,0.0369,0.43,0.72,,0.0
CRAI,weekly,2.0,,,,137,2024-02-16 00:00,2026-09-25 00:00,161.97,214.25,108.22,1.98,0.12,-0.09,0.51,48.7,True,0.64,0.58,0,0,13,59139504.0,"[99, 107, 115, 128]",789,44.6,58.0,1.111,13.0,8.0,0.0709,0.1148,0.788,0.0273,0.0369,0.39,1.55,,0.01
CRBP,weekly,2.0,ANTI,,,48,2025-10-31 00:00,2026-09-25 00:00,7.65,12.15,7.42,1.64,-0.12,-0.88,0.05,40.8,False,-0.2,-0.64,0,0,2,13641870.0,"[12, 29]",574,43.9,58.3,1.3,17.0,18.0,0.1188,0.1412,0.458,0.0854,0.0995,0.72,2.05,,0.0
CRBP,weekly,3.0,ANTI,,,75,2025-04-25 00:00,2026-09-25 00:00,7.65,19.32,6.45,3.0,0.01,-0.89,0.09,40.8,False,-0.2,-0.64,0,0,4,11097587.0,"[6, 25, 39, 56]",547,43.9,58.3,1.3,17.0,18.0,0.1145,0.2272,0.36,0.0854,0.0995,0.75,2.52,,0.0
CRC,weekly,1.5,,,,37,2026-01-16 00:00,2026-09-25 00:00,52.76,67.89,46.95,1.45,-0.25,-0.16,0.28,46.0,False,-0.86,-1.02,0,0,1,211049479.0,[7],272,,,,,,0.0601,0.0942,0.649,0.021,0.013,0.35,1.05,,0.0
CRCL,weekly,2.0,,,,27,2026-03-27 00:00,2026-09-25 00:00,94.49,114.0,60.46,1.89,-0.39,-0.75,0.64,55.4,False,-0.18,-0.89,0,0,1,5018957246.0,[7],42,,,,,,0.1591,0.1939,0.481,0.0431,0.1556,0.27,1.18,,0.04
CRCL,daily,2.0,,,,88,2026-05-15 00:00,2026-09-21 00:00,94.49,114.88,60.35,1.9,-0.18,-0.55,0.63,56.2,True,-0.49,0.59,0,1,7,981726152.0,"[29, 44, 69, 76]",238,72.1,68.4,1.122,7.0,11.0,0.1681,0.1962,0.443,0.0453,0.0479,0.27,1.6,,0.02
CRCT,weekly,2.0,COMP,,,156,2023-10-06 00:00,2026-09-25 00:00,5.65,6.54,3.48,1.88,-0.06,-0.82,0.71,64.2,True,1.14,1.4,0,0,12,13333634.0,"[114, 123, 132, 148]",132,49.0,71.7,1.328,16.0,7.0,0.1062,0.1395,0.705,0.0142,0.0376,0.13,1.6,,0.01
CRDO,daily,3.0,,,,118,2026-04-02 00:00,2026-09-21 00:00,187.27,302.52,101.45,2.98,0.25,-0.46,0.43,48.1,False,-0.84,-2.37,0,0,9,1320445587.0,"[54, 76, 93, 101]",1048,63.3,51.6,0.849,8.0,16.0,0.1404,0.2029,0.78,0.055,0.0226,0.39,1.12,,0.01
CRESY,weekly,1.5,,,,48,2025-10-31 00:00,2026-09-25 00:00,12.74,13.51,10.49,1.29,-0.08,-0.17,0.75,61.0,False,0.19,0.1,0,0,4,14263876.0,"[0, 13, 22, 32]",878,58.5,56.1,0.983,10.0,15.0,0.0486,0.0616,0.521,0.0551,0.0322,1.13,0.93,,0.02
CRI,weekly,1.5,ANTI,,,49,2025-10-24 00:00,2026-09-25 00:00,30.69,43.43,29.36,1.48,0.37,-0.62,0.09,38.5,False,-0.59,-0.42,0,0,3,188463656.0,"[17, 25, 35]",877,58.4,64.0,1.133,10.0,13.0,0.09,0.1056,0.592,0.0856,0.0612,0.95,1.26,,0.0
CRI,weekly,2.0,,,,83,2025-02-28 00:00,2026-09-25 00:00,30.69,43.43,22.74,1.91,0.28,-0.71,0.38,38.5,False,-0.59,-0.42,0,0,6,202932074.0,"[29, 51, 59, 69]",843,58.4,64.0,1.133,10.0,13.0,0.099,0.1347,0.711,0.0856,0.0612,0.86,1.17,,0.02
CRK,weekly,3.0,ANTI,,,106,2024-09-20 00:00,2026-09-25 00:00,13.02,30.5,10.82,2.82,-0.04,-0.4,0.11,40.1,False,0.13,-1.08,0,0,8,204960490.0,"[63, 71, 79, 93]",820,55.0,41.7,0.627,14.0,12.0,0.1928,0.2371,0.642,0.0484,0.0444,0.25,0.68,,0.03
CRMD,weekly,2.0,,,,39,2026-01-02 00:00,2026-09-25 00:00,7.77,12.16,6.25,1.95,0.09,-0.58,0.26,46.3,True,0.17,0.23,0,0,1,41639160.0,[23],816,,,,,,0.0622,0.1222,0.462,0.0397,0.0432,0.64,0.9,,0.0
CRMD,weekly,3.0,,,,110,2024-08-23 00:00,2026-09-25 00:00,7.77,14.83,5.65,2.62,-0.23,-0.03,0.23,46.3,True,0.17,0.23,0,0,7,61187530.0,"[42, 53, 70, 94]",745,56.5,54.0,0.698,24.0,15.0,0.187,0.2294,0.6,0.0397,0.0432,0.21,0.61,,0.0
CRML,daily,2.0,COMP,,,58,2026-06-30 00:00,2026-09-21 00:00,9.33,10.25,5.13,2.0,-0.2,-0.66,0.82,69.7,True,0.16,0.22,0,0,4,38643009.0,"[15, 27, 39, 46]",1101,60.6,52.8,0.909,7.0,11.0,0.0793,0.1544,0.655,0.0235,0.0597,0.3,0.98,,0.0
CRNC,weekly,2.0,ANTI,,,26,2026-04-03 00:00,2026-09-25 00:00,8.15,12.86,7.25,1.77,-0.19,-0.62,0.16,43.5,False,-0.36,-0.51,0,0,1,31085263.0,[8],341,,,,,,0.0976,0.14,0.538,0.047,0.0434,0.48,0.9,,0.04
CRNC,weekly,3.0,ANTI,,,90,2025-01-10 00:00,2026-09-25 00:00,8.15,15.15,6.06,2.5,-0.24,-0.83,0.23,43.5,False,-0.36,-0.51,1,0,7,55167903.0,"[36, 47, 52, 72]",277,56.4,66.3,1.041,20.0,17.0,0.1362,0.188,0.756,0.047,0.0434,0.35,0.5,,0.01
CRNC,daily,2.0,,,,119,2026-04-01 00:00,2026-09-21 00:00,8.15,13.1,6.77,1.94,-0.15,-0.48,0.22,47.0,False,0.13,-0.13,0,0,10,6261066.0,"[76, 85, 93, 112]",1644,48.4,50.1,0.947,19.0,6.0,0.0978,0.1406,0.689,0.0196,0.0278,0.2,0.59,,0.03
CROX,weekly,2.0,COMP,,,118,2024-06-28 00:00,2026-09-25 00:00,123.69,146.17,73.39,1.99,-0.26,-0.53,0.69,55.4,True,-0.11,0.99,0,0,11,688190970.0,"[78, 86, 94, 107]",808,62.6,72.6,1.295,13.0,10.0,0.1602,0.1849,0.525,0.0252,0.0514,0.16,0.84,,0.02
CRSP,weekly,1.5,,,,49,2025-10-24 00:00,2026-09-25 00:00,58.33,67.61,45.75,1.48,-0.11,-0.46,0.58,55.0,True,0.18,0.29,0,0,7,433842248.0,"[25, 31, 36, 43]",470,57.1,57.0,0.99,7.0,5.0,0.0568,0.0825,0.673,0.0425,0.0779,0.75,0.81,,0.02
CRSP,weekly,2.0,,,,69,2025-06-06 00:00,2026-09-25 00:00,58.33,73.07,41.36,1.77,-0.1,-0.51,0.54,55.0,True,0.18,0.29,0,0,9,497016097.0,"[45, 51, 56, 63]",450,57.1,57.0,0.99,7.0,5.0,0.0531,0.1125,0.754,0.0425,0.0779,0.8,0.71,,0.01
CRVL,weekly,1.5,COMP,,,43,2025-12-05 00:00,2026-09-25 00:00,71.83,71.83,48.67,1.48,0.16,-0.61,1.0,64.3,True,1.08,0.87,0,0,4,60233554.0,"[5, 24, 30, 37]",883,53.9,63.2,1.094,7.0,5.0,0.1108,0.112,0.488,0.0176,0.0539,0.16,0.98,,0.02
CRVS,daily,1.5,ANTI,,,104,2026-04-23 00:00,2026-09-21 00:00,12.42,16.2,11.12,1.46,-0.03,-0.56,0.26,35.2,False,-1.08,-0.87,0,0,7,14406360.0,"[52, 81, 86, 92]",2535,54.5,53.9,0.995,6.0,11.0,0.0729,0.1007,0.587,0.0165,0.0309,0.23,1.06,,0.04
CRWV,weekly,3.0,,,,72,2025-05-16 00:00,2026-09-25 00:00,85.43,183.58,71.65,2.56,-0.38,,0.12,47.6,False,-0.48,-1.33,0,0,6,12489408462.0,"[35, 48, 57, 65]",7,58.8,54.9,0.892,8.0,6.0,0.1696,0.2357,0.458,0.0296,0.046,0.17,0.93,,0.0
CRWV,daily,1.5,,,,35,2026-08-03 00:00,2026-09-21 00:00,85.43,107.73,79.88,1.35,-0.39,-0.42,0.2,48.7,False,-0.34,-0.59,0,0,3,1869541196.0,"[1, 7, 25]",337,65.0,61.4,0.927,18.0,9.0,0.0358,0.0821,0.457,0.0271,0.043,0.76,1.25,,0.03
CRWV,daily,2.0,,,,77,2026-06-02 00:00,2026-09-21 00:00,85.43,119.27,60.82,1.96,-0.31,-0.56,0.42,48.7,False,-0.34,-0.59,0,0,7,2148921000.0,"[34, 43, 49, 67]",295,65.0,61.4,0.927,18.0,9.0,0.0846,0.1366,0.714,0.0271,0.043,0.32,1.09,,0.01
CSCO,daily,1.5,,,,107,2026-04-20 00:00,2026-09-21 00:00,111.46,129.52,86.54,1.5,0.29,0.01,0.58,50.9,False,0.19,-0.08,1,0,8,2345171460.0,"[56, 79, 89, 100]",4349,46.0,51.0,0.998,11.0,6.0,0.0431,0.0903,0.607,0.0089,0.0056,0.21,0.72,,0.03
CSHR,daily,1.5,,,,37,2026-07-30 00:00,2026-09-21 00:00,5.96,6.06,4.27,1.42,0.38,-0.64,0.94,60.4,False,-0.82,-0.12,0,1,2,1005354.0,"[3, 17]",84,74.2,70.2,1.101,14.0,19.0,0.0771,0.0818,0.622,0.0384,0.069,0.5,1.96,,0.03
CSHR,daily,2.0,,,,118,2026-04-02 00:00,2026-09-21 00:00,5.96,7.05,3.58,1.97,-0.19,,0.69,60.4,False,-0.82,-0.12,0,1,9,1262067.0,"[69, 75, 84, 98]",3,74.2,70.2,1.101,14.0,19.0,0.1523,0.1666,0.559,0.0384,0.069,0.25,1.56,,0.03
CSHR,daily,3.0,,,,119,2026-04-01 00:00,2026-09-21 00:00,5.96,8.61,3.58,2.41,-0.16,,0.47,60.4,False,-0.82,-0.12,0,1,9,1269606.0,"[70, 76, 85, 99]",2,74.2,70.2,1.101,14.0,19.0,0.1531,0.1766,0.622,0.0384,0.069,0.25,1.56,,0.03
CSIQ,weekly,3.0,ANTI,,,54,2025-09-19 00:00,2026-09-25 00:00,11.77,33.58,11.4,2.95,-0.35,-0.57,0.02,38.6,False,-0.25,-1.11,0,0,4,199051397.0,"[8, 15, 33, 46]",872,55.5,48.7,0.793,13.0,7.0,0.1788,0.2677,0.407,0.1055,0.0768,0.59,0.61,,0.0
CSL,weekly,1.5,ANTI,,,101,2024-10-25 00:00,2026-09-25 00:00,317.85,447.12,303.63,1.47,-0.33,-0.34,0.1,41.6,False,-0.08,-0.04,0,1,9,722963776.0,"[69, 77, 87, 93]",825,61.4,58.3,0.998,6.0,7.0,0.066,0.0929,0.584,0.0473,0.0471,0.72,1.03,,0.02
CSR,weekly,1.5,,,,150,2023-11-17 00:00,2026-09-25 00:00,55.37,68.44,46.4,1.47,0.21,-0.48,0.41,44.8,False,-0.86,-0.89,0,0,12,32103932.0,"[111, 128, 137, 142]",776,41.8,43.2,0.99,5.0,7.0,0.0615,0.0929,0.593,0.0245,0.016,0.4,1.03,,0.03
CSTL,weekly,2.0,COMP,,,34,2026-02-06 00:00,2026-09-25 00:00,34.99,35.34,19.13,1.85,0.32,-0.55,0.98,65.0,True,1.41,1.55,0,0,2,39027943.0,"[10, 28]",341,41.1,66.2,1.365,18.0,5.0,0.1555,0.1822,0.5,0.0327,0.0924,0.21,1.55,,0.0
CSTL,weekly,3.0,COMP,,,152,2023-11-03 00:00,2026-09-25 00:00,34.99,42.24,14.65,2.88,0.27,-0.75,0.74,65.0,True,1.41,1.55,0,0,13,38815758.0,"[108, 116, 128, 146]",223,41.1,66.2,1.365,18.0,5.0,0.1648,0.2461,0.559,0.0327,0.0924,0.2,1.56,,0.02
CSW,weekly,1.5,,,,50,2025-10-17 00:00,2026-09-25 00:00,289.58,350.68,237.31,1.48,0.29,-0.44,0.46,47.8,True,0.34,0.6,0,0,4,197562543.0,"[8, 13, 27, 42]",524,54.1,69.5,1.185,15.0,7.0,0.0701,0.0925,0.68,0.0646,0.0606,0.92,1.0,,0.02
CSW,weekly,2.0,,,,139,2024-02-02 00:00,2026-09-25 00:00,289.58,423.86,218.5,1.94,0.02,0.02,0.35,47.8,True,0.34,0.6,0,0,11,170845868.0,"[97, 102, 116, 131]",435,54.1,69.5,1.185,15.0,7.0,0.1001,0.1564,0.597,0.0646,0.0606,0.65,1.16,,0.01
CTAS,weekly,1.5,,,,139,2024-02-02 00:00,2026-09-25 00:00,196.88,224.94,150.39,1.5,0.23,0.02,0.62,54.9,True,1.15,0.81,0,0,11,1899392432.0,"[79, 109, 115, 129]",787,42.2,65.0,1.152,14.0,9.0,0.063,0.0976,0.669,0.0108,0.0129,0.17,0.87,,0.01
CTEV,daily,1.5,ANTI,,,31,2026-08-07 00:00,2026-09-21 00:00,31.62,42.22,30.81,1.37,-0.15,-0.11,0.07,39.3,False,-0.89,-0.45,0,1,2,4914292.0,"[4, 18]",1593,77.9,65.5,0.953,14.0,12.0,0.0461,0.0731,0.71,0.059,0.059,1.28,1.03,,0.0
CTGO,weekly,3.0,,,,77,2025-04-11 00:00,2026-09-25 00:00,18.91,32.79,11.42,2.87,0.05,-0.64,0.35,47.7,False,0.0,-1.05,0,0,8,24073495.0,"[46, 56, 64, 70]",713,41.5,50.6,1.172,6.0,6.0,0.1541,0.2096,0.727,0.0281,0.0683,0.18,1.39,,0.01
CTGO,daily,1.5,DIVDN,DN,strict,87,2026-05-18 00:00,2026-09-21 00:00,18.91,21.4,14.83,1.44,0.23,-0.55,0.62,49.2,False,-0.8,-0.36,0,1,6,7105714.0,"[38, 47, 58, 75]",2603,68.4,57.3,1.011,17.0,11.0,0.0984,0.1055,0.425,0.0141,0.0305,0.14,1.12,,0.0
CTKB,weekly,2.0,COMP,,,69,2025-06-06 00:00,2026-09-25 00:00,5.28,5.88,2.95,1.99,0.32,-0.69,0.8,62.0,True,0.43,0.48,0,0,5,18249557.0,"[24, 31, 47, 57]",202,51.4,53.6,1.0,10.0,11.0,0.0886,0.1424,0.754,0.0213,0.0173,0.24,1.05,,0.03
CTMX,weekly,3.0,ANTI,,,72,2025-05-16 00:00,2026-09-25 00:00,2.76,5.69,1.91,2.98,0.38,-0.57,0.22,38.3,False,-0.3,-1.96,0,0,5,56078635.0,"[28, 37, 48, 59]",501,58.1,48.8,0.793,11.0,12.0,0.2289,0.2864,0.597,0.0381,0.0578,0.17,0.8,,0.06
CTMX,daily,1.5,ANTI,,,94,2026-05-07 00:00,2026-09-21 00:00,2.76,4.0,2.69,1.49,-0.26,-0.6,0.05,33.0,False,-0.62,-0.78,2,0,6,10402540.0,"[42, 66, 71, 81]",2659,57.8,61.2,1.042,10.0,12.0,0.0722,0.0923,0.585,0.0242,0.1277,0.34,1.48,,0.03
CTNM,weekly,1.5,,,,37,2026-01-16 00:00,2026-09-25 00:00,13.55,17.19,11.49,1.5,0.3,-0.45,0.36,47.3,True,0.09,0.78,0,0,4,17667043.0,"[5, 16, 25, 31]",93,60.1,63.6,1.132,6.0,5.0,0.0641,0.0988,0.73,0.0931,0.0565,1.45,1.87,,0.0
CTNM,daily,1.5,ANTI,,,63,2026-06-23 00:00,2026-09-21 00:00,13.55,17.57,11.91,1.48,0.22,-0.26,0.29,36.6,False,-0.96,-0.64,0,1,5,5718370.0,"[20, 28, 42, 51]",555,66.4,63.4,1.022,9.0,11.0,0.0527,0.0798,0.762,0.0305,0.0756,0.58,1.54,,0.03
CTOS,daily,1.5,,,,106,2026-04-21 00:00,2026-09-21 00:00,9.38,11.97,8.37,1.43,0.01,0.06,0.28,48.3,False,-0.04,-0.49,0,0,9,9836677.0,"[56, 64, 74, 96]",2144,58.6,43.8,0.854,22.0,9.0,0.06,0.0779,0.708,0.005,0.0154,0.08,0.79,,0.05
CTRI,weekly,3.0,ANTI,,,128,2024-04-19 00:00,2026-09-25 00:00,20.34,39.25,15.33,2.56,0.38,,0.21,34.1,False,-1.81,-3.16,0,0,11,108644192.0,"[86, 96, 106, 119]",0,81.9,46.6,0.709,13.0,8.0,0.1395,0.2168,0.445,0.0294,0.1397,0.21,1.42,,0.0
CTSH,weekly,2.0,,,,34,2026-02-06 00:00,2026-09-25 00:00,59.38,75.71,39.8,1.9,-0.25,-0.55,0.55,53.2,True,1.07,0.36,0,0,3,1995368169.0,"[10, 16, 29]",892,41.3,59.8,1.155,13.0,4.0,0.0902,0.1441,0.765,0.0286,0.0586,0.32,0.88,,0.0
CUBE,weekly,1.5,,,,150,2023-11-17 00:00,2026-09-25 00:00,39.72,48.77,33.7,1.45,-0.12,-0.27,0.4,49.4,True,-0.12,0.21,0,0,16,337853719.0,"[119, 129, 134, 140]",776,61.1,61.2,1.018,6.0,9.0,0.0338,0.0748,0.733,0.0088,0.0215,0.26,1.18,,0.04
CUE,daily,2.0,,,,98,2026-05-01 00:00,2026-09-21 00:00,28.27,37.84,20.03,1.89,0.16,-0.21,0.46,47.0,True,0.59,0.98,0,0,7,4100974.0,"[47, 55, 72, 80]",2093,61.9,52.0,0.844,8.0,17.0,0.0834,0.1413,0.714,0.0949,0.0667,1.14,1.41,,0.0
CUE,daily,3.0,,,,100,2026-04-29 00:00,2026-09-21 00:00,28.27,37.84,13.0,2.91,0.18,-0.49,0.61,47.0,True,0.59,0.98,0,0,7,4100974.0,"[49, 57, 74, 82]",2091,61.9,52.0,0.844,8.0,17.0,0.0872,0.159,0.79,0.0949,0.0667,1.09,1.41,,0.0
CV,weekly,2.0,,,,38,2026-01-09 00:00,2026-09-25 00:00,6.19,7.52,4.68,1.61,0.37,-0.65,0.53,47.7,False,-0.23,-0.33,0,0,3,5109118.0,"[11, 24, 30]",27,56.4,53.5,0.944,6.0,7.0,0.0716,0.121,0.605,0.0506,0.0462,0.71,0.61,,0.03
CVCO,weekly,1.5,,,,36,2026-01-23 00:00,2026-09-25 00:00,543.39,667.29,455.76,1.46,0.15,-0.35,0.41,47.7,True,0.17,0.47,0,0,3,348934160.0,"[13, 22, 29]",890,60.1,57.2,0.979,7.0,6.0,0.0647,0.0872,0.75,0.043,0.0357,0.66,0.73,,0.03
CVGI,weekly,2.0,ANTI,,,29,2026-03-13 00:00,2026-09-25 00:00,2.99,5.4,2.9,1.86,-0.29,-0.55,0.04,40.3,False,-2.08,-1.94,0,0,1,8685961.0,[9],897,,,,,,0.1663,0.1895,0.448,0.0219,0.1012,0.13,0.48,,0.0
CVGI,weekly,3.0,ANTI,,,29,2026-03-13 00:00,2026-09-25 00:00,2.99,5.4,2.9,1.86,-0.29,-0.55,0.04,40.3,False,-2.08,-1.94,0,0,1,8685961.0,[9],897,,,,,,0.1663,0.1895,0.448,0.0219,0.1012,0.13,0.48,,0.0
CVGI,daily,2.0,ANTI,,,132,2026-03-13 00:00,2026-09-21 00:00,2.99,5.78,2.9,1.99,-0.28,0.24,0.03,39.1,False,0.44,-0.31,1,0,13,1712627.0,"[97, 107, 115, 125]",4324,35.4,41.9,0.997,10.0,6.0,0.1583,0.1888,0.515,0.0198,0.0259,0.13,0.46,,0.03
CVGI,daily,3.0,ANTI,,,134,2026-03-11 00:00,2026-09-21 00:00,2.99,5.78,2.03,2.85,-0.17,0.1,0.26,39.1,False,0.44,-0.31,1,0,13,1717057.0,"[99, 109, 117, 127]",4322,35.4,41.9,0.997,10.0,6.0,0.161,0.1977,0.724,0.0198,0.0259,0.12,0.46,,0.03
CVI,weekly,3.0,COMP,,,76,2025-04-18 00:00,2026-09-25 00:00,53.15,53.69,18.0,2.98,0.4,-0.49,0.98,74.6,True,0.62,1.32,0,0,5,158351602.0,"[24, 49, 56, 65]",850,59.5,60.2,1.037,9.0,10.0,0.1301,0.2307,0.632,0.1669,0.1305,1.28,1.06,,0.0
CVLG,daily,2.0,,,,130,2026-03-17 00:00,2026-09-21 00:00,33.88,49.78,25.06,1.99,0.4,-0.16,0.36,39.0,False,0.45,-0.01,0,0,8,6776144.0,"[71, 78, 86, 125]",4326,71.4,50.8,0.724,39.0,4.0,0.1242,0.1764,0.577,0.0256,0.0211,0.21,1.25,,0.02
CVLT,weekly,2.0,COMP,,,48,2025-10-31 00:00,2026-09-25 00:00,145.72,150.57,76.08,1.98,0.36,-0.61,0.93,58.7,True,0.81,1.58,0,0,2,399658284.0,"[8, 36]",878,36.5,72.8,1.173,28.0,11.0,0.1367,0.19,0.458,0.0327,0.0415,0.24,0.85,,0.08
CVLT,weekly,3.0,,,,152,2023-11-03 00:00,2026-09-25 00:00,145.72,194.61,67.42,2.89,0.23,-0.13,0.62,58.7,True,0.81,1.58,0,0,12,328549207.0,"[83, 98, 112, 140]",774,36.5,72.8,1.173,28.0,11.0,0.2266,0.262,0.52,0.0327,0.0415,0.14,1.03,,0.05
CVNA,weekly,1.5,,,,35,2026-01-30 00:00,2026-09-25 00:00,67.18,81.82,56.26,1.45,-0.04,-0.41,0.43,48.1,False,-0.02,-0.2,0,0,3,4169793161.0,"[12, 22, 28]",457,49.0,55.5,1.102,6.0,6.0,0.0562,0.0914,0.629,0.0487,0.0404,0.87,0.62,,0.0
CVNA,weekly,2.0,,,,75,2025-04-25 00:00,2026-09-25 00:00,67.18,94.66,47.43,2.0,0.11,-0.17,0.42,48.1,False,-0.02,-0.2,0,0,7,22134961871.0,"[33, 52, 62, 68]",417,49.0,55.5,1.102,6.0,6.0,0.0771,0.131,0.867,0.0487,0.0404,0.63,0.12,,0.0
CVSA,weekly,2.0,,,,100,2024-11-01 00:00,2026-09-25 00:00,125.79,152.97,79.7,1.92,0.37,0.01,0.63,51.3,True,-0.06,0.45,0,0,8,215047508.0,"[64, 74, 79, 92]",826,62.5,61.0,1.054,13.0,7.0,0.1216,0.1507,0.66,0.0292,0.0253,0.24,1.07,,0.01
CWCO,weekly,1.5,ANTI,,,72,2025-05-16 00:00,2026-09-25 00:00,28.43,37.54,25.93,1.45,-0.01,-0.26,0.22,40.4,False,-0.21,-0.63,1,0,7,14109098.0,"[37, 47, 56, 65]",854,41.9,50.4,1.042,9.0,6.0,0.0823,0.0977,0.611,0.0351,0.0133,0.43,0.8,,0.0
CWEN,weekly,1.5,ANTI,,,53,2025-09-26 00:00,2026-09-25 00:00,30.89,40.08,27.12,1.48,0.16,-0.12,0.29,39.9,False,-1.14,-1.29,0,0,4,178977667.0,"[9, 20, 28, 46]",541,68.5,46.3,0.841,18.0,6.0,0.0808,0.0962,0.566,0.0179,0.0177,0.22,1.01,,0.02
CWH,daily,1.5,ANTI,,,141,2026-03-02 00:00,2026-09-21 00:00,5.48,8.19,5.48,1.49,-0.37,-0.67,0.0,35.4,False,-0.58,-0.61,3,0,10,15970753.0,"[93, 106, 118, 130]",2360,56.6,60.2,1.024,12.0,10.0,0.0706,0.0892,0.702,0.0416,0.0772,0.59,0.77,,0.01
CWH,daily,2.0,ANTI,,,145,2026-02-24 00:00,2026-09-21 00:00,5.48,10.85,5.48,1.98,-0.25,-0.68,0.0,35.4,False,-0.58,-0.61,3,0,10,16184340.0,"[97, 110, 122, 134]",2356,56.6,60.2,1.024,12.0,10.0,0.0733,0.1067,0.49,0.0416,0.0772,0.57,0.76,,0.01
CWK,weekly,2.0,,,,75,2025-04-25 00:00,2026-09-25 00:00,12.9,17.2,8.8,1.95,0.18,-0.42,0.49,45.5,True,0.1,-0.01,0,0,8,118494993.0,"[38, 51, 62, 69]",351,51.7,57.0,1.059,7.0,5.0,0.1325,0.1521,0.56,0.0546,0.0337,0.41,0.88,,0.01
CWST,weekly,1.5,,,,64,2025-07-11 00:00,2026-09-25 00:00,87.05,110.59,74.97,1.48,-0.32,-0.37,0.34,44.3,True,0.37,0.37,0,1,4,286102992.0,"[12, 27, 51, 59]",862,57.4,53.6,0.961,8.0,4.0,0.0535,0.0815,0.781,0.0163,0.0182,0.3,0.67,,0.02
CXDO,weekly,2.0,ANTI,,,74,2025-05-02 00:00,2026-09-25 00:00,5.79,9.89,5.14,1.92,0.33,-0.3,0.14,40.0,False,-0.85,-1.29,0,0,8,5461447.0,"[38, 44, 54, 62]",845,73.6,56.8,0.84,8.0,11.0,0.0791,0.1486,0.514,0.0627,0.0921,0.79,1.72,,0.0
CXT,weekly,1.5,,,,33,2026-02-13 00:00,2026-09-25 00:00,45.77,53.14,36.0,1.48,0.38,-0.45,0.57,45.2,True,0.69,0.9,0,0,3,159728524.0,"[9, 20, 25]",893,58.2,58.5,1.016,5.0,7.0,0.1004,0.1056,0.455,0.0338,0.0209,0.34,0.73,,0.0
CXT,daily,1.5,,,,73,2026-06-08 00:00,2026-09-21 00:00,45.77,54.48,36.52,1.49,0.28,-0.34,0.51,36.0,False,-0.21,-0.23,1,0,7,30404304.0,"[34, 39, 55, 66]",4383,49.9,58.4,1.03,11.0,6.0,0.0334,0.0763,0.425,0.0418,0.0173,1.25,0.91,,0.01
CYD,weekly,2.0,ANTI,,,60,2025-08-08 00:00,2026-09-25 00:00,35.04,56.23,28.19,1.99,0.4,0.15,0.24,37.1,False,-0.77,-0.86,0,0,5,37059654.0,"[13, 28, 41, 52]",866,69.0,54.3,0.841,11.0,7.0,0.1106,0.162,0.7,0.0592,0.1019,0.54,0.58,,0.03
CYH,weekly,2.0,,,,101,2024-10-25 00:00,2026-09-25 00:00,2.89,4.49,2.41,1.86,-0.18,-0.7,0.23,46.4,True,0.13,0.01,0,0,9,27197671.0,"[69, 77, 88, 95]",825,65.3,48.5,0.772,7.0,5.0,0.0825,0.1322,0.653,0.0154,0.0239,0.19,0.57,,0.03
CYTK,weekly,3.0,,,,142,2024-01-12 00:00,2026-09-25 00:00,67.56,86.49,30.54,2.83,0.17,-0.67,0.66,43.2,True,-0.61,0.33,0,0,10,465692229.0,"[110, 116, 121, 129]",784,69.2,71.1,1.125,8.0,12.0,0.1597,0.2414,0.641,0.0319,0.0518,0.2,1.46,,0.01
CZR,weekly,2.0,COMP,,,84,2025-02-21 00:00,2026-09-25 00:00,29.65,35.34,18.14,1.95,0.09,-0.69,0.67,58.9,True,0.08,0.38,0,0,7,702983265.0,"[44, 55, 71, 76]",842,65.3,62.8,0.992,5.0,7.0,0.0883,0.1221,0.845,0.0017,0.003,0.02,0.56,,0.06
DAKT,weekly,1.5,ANTI,,,31,2026-02-27 00:00,2026-09-25 00:00,17.66,25.78,17.41,1.48,-0.31,-0.37,0.03,40.4,False,-0.14,-0.32,1,0,2,42170254.0,"[16, 23]",895,51.6,55.6,1.032,7.0,7.0,0.0263,0.0715,0.613,0.0655,0.0289,2.49,1.28,,0.03
DAKT,weekly,2.0,ANTI,,,67,2025-06-20 00:00,2026-09-25 00:00,17.66,27.73,14.23,1.95,0.19,-0.27,0.25,40.4,False,-0.14,-0.32,1,0,6,39071516.0,"[23, 35, 52, 59]",859,51.6,55.6,1.032,7.0,7.0,0.0502,0.1271,0.731,0.0655,0.0289,1.3,1.38,,0.03
DAKT,daily,1.5,ANTI,,,140,2026-03-03 00:00,2026-09-21 00:00,17.66,24.88,17.41,1.43,-0.19,-0.37,0.03,32.9,False,-0.51,-0.52,1,0,12,8172180.0,"[88, 107, 123, 130]",4316,45.6,49.4,1.003,7.0,9.0,0.0256,0.0505,0.771,0.0113,0.0279,0.44,1.55,,0.04
DASH,weekly,2.0,,,,106,2024-09-20 00:00,2026-09-25 00:00,193.83,271.22,139.72,1.94,0.11,0.0,0.41,50.0,True,0.91,1.21,0,0,9,3727255615.0,"[65, 76, 82, 101]",197,47.4,67.8,1.287,19.0,4.0,0.1152,0.1714,0.585,0.0503,0.0613,0.44,1.1,,0.01
DAVE,daily,1.5,,,,65,2026-06-18 00:00,2026-09-21 00:00,350.65,442.53,308.82,1.43,-0.16,0.0,0.31,46.8,True,0.15,0.21,0,1,5,157808512.0,"[18, 32, 53, 60]",1293,57.8,53.4,0.959,7.0,4.0,0.0641,0.0971,0.615,0.0212,0.0254,0.33,0.67,,0.02
DBD,weekly,1.5,ANTI,,,47,2025-11-07 00:00,2026-09-25 00:00,63.37,89.33,61.7,1.45,0.3,-0.02,0.06,36.8,False,-1.09,-1.02,0,1,4,97849849.0,"[7, 15, 23, 37]",116,72.4,64.7,1.006,14.0,9.0,0.095,0.1042,0.532,0.0517,0.1018,0.54,0.91,,0.02
DBI,weekly,2.0,,,,44,2025-11-28 00:00,2026-09-25 00:00,6.22,8.37,4.22,1.98,-0.23,-0.63,0.48,51.2,False,-0.53,-1.1,0,0,5,20288035.0,"[12, 21, 27, 36]",882,62.3,52.1,0.782,9.0,7.0,0.1173,0.1494,0.705,0.0399,0.0452,0.34,0.62,,0.02
DBI,daily,1.5,,,,72,2026-06-09 00:00,2026-09-21 00:00,6.22,6.96,5.15,1.35,-0.26,-0.43,0.59,57.0,True,0.57,0.18,0,0,6,3275261.0,"[25, 39, 49, 66]",4384,51.4,64.2,1.055,17.0,5.0,0.0586,0.0774,0.569,0.019,0.0434,0.32,1.73,,0.0
DCBO,weekly,2.0,,,,53,2025-09-26 00:00,2026-09-25 00:00,23.25,28.22,14.7,1.92,-0.23,-0.73,0.63,57.0,True,1.1,1.39,0,0,5,9469679.0,"[14, 25, 32, 48]",274,52.2,66.8,1.207,16.0,4.0,0.1171,0.1555,0.66,0.0352,0.076,0.3,0.69,,0.0
DCH,weekly,1.5,,,,33,2026-02-13 00:00,2026-09-25 00:00,5.91,7.25,5.13,1.41,0.0,-0.4,0.37,47.2,False,0.15,0.09,1,0,2,113827225.0,"[12, 27]",893,53.7,59.4,1.036,15.0,5.0,0.0784,0.0941,0.545,0.0608,0.0795,0.78,0.74,,0.03
DCH,weekly,2.0,,,,65,2025-07-04 00:00,2026-09-25 00:00,5.91,8.62,4.31,2.0,0.16,-0.53,0.37,47.2,False,0.15,0.09,1,0,4,103953236.0,"[13, 29, 44, 59]",861,53.7,59.4,1.036,15.0,5.0,0.0711,0.1389,0.754,0.0608,0.0795,0.86,0.81,,0.02
DCH,daily,1.5,,,,151,2026-02-13 00:00,2026-09-21 00:00,5.91,7.28,5.09,1.43,0.04,-0.43,0.37,41.0,False,-0.72,-0.35,0,1,10,21877724.0,"[96, 108, 122, 141]",4305,69.1,62.9,1.016,19.0,9.0,0.0683,0.0884,0.629,0.0278,0.0571,0.41,0.79,,0.02
DCI,weekly,1.5,,,,58,2025-08-22 00:00,2026-09-25 00:00,86.07,108.69,74.75,1.45,0.21,-0.01,0.33,43.6,True,0.39,0.34,0,0,5,277151711.0,"[15, 25, 34, 50]",868,49.6,67.4,1.11,16.0,7.0,0.048,0.0817,0.638,0.0349,0.0244,0.73,1.0,,0.02
DCTH,weekly,2.0,COMP,,,102,2024-10-18 00:00,2026-09-25 00:00,16.11,17.14,8.64,1.98,-0.03,-0.21,0.88,68.6,True,0.9,1.8,0,0,9,27340128.0,"[66, 81, 89, 96]",824,69.7,79.3,1.298,7.0,5.0,0.1176,0.1917,0.48,0.0176,0.0515,0.15,1.38,,0.03
DCTH,weekly,3.0,COMP,,,124,2024-05-17 00:00,2026-09-25 00:00,16.11,17.14,6.55,2.62,0.29,-0.15,0.9,68.6,True,0.9,1.8,0,0,12,24197049.0,"[88, 103, 111, 118]",802,69.7,79.3,1.298,7.0,5.0,0.1382,0.2246,0.637,0.0176,0.0515,0.13,1.56,,0.02
DDD,daily,1.5,COMP,,,37,2026-07-30 00:00,2026-09-21 00:00,3.48,3.81,2.64,1.44,0.03,-0.32,0.72,55.4,True,-0.15,-0.04,0,0,3,7018480.0,"[8, 20, 26]",4419,55.8,56.6,1.009,6.0,10.0,0.0503,0.0781,0.595,0.047,0.0296,0.93,0.91,,0.08
DDOG,daily,1.5,,,,93,2026-05-08 00:00,2026-09-21 00:00,245.05,288.15,199.94,1.44,0.14,0.06,0.51,57.0,False,0.21,-0.22,0,0,7,1038113179.0,"[36, 41, 59, 76]",1667,70.5,49.5,0.843,17.0,16.0,0.056,0.0855,0.688,0.0141,0.0245,0.25,0.64,,0.02
DDOG,daily,2.0,,,,94,2026-05-07 00:00,2026-09-21 00:00,245.05,288.15,188.73,1.53,0.16,0.22,0.57,57.0,False,0.21,-0.22,0,0,7,1060494735.0,"[37, 42, 60, 77]",1666,70.5,49.5,0.843,17.0,16.0,0.0564,0.0879,0.745,0.0141,0.0245,0.25,0.63,,0.02
DDS,weekly,1.5,COMP,,,59,2025-08-15 00:00,2026-09-25 00:00,639.11,680.78,493.41,1.38,0.13,0.03,0.78,56.7,True,0.39,0.36,0,0,4,363835211.0,"[6, 17, 35, 43]",867,52.0,54.1,1.007,8.0,15.0,0.0515,0.0743,0.678,0.0214,0.0628,0.42,1.23,,0.0
DEA,weekly,1.5,,,,96,2024-11-29 00:00,2026-09-25 00:00,23.33,25.8,17.37,1.49,0.21,-0.41,0.71,48.1,True,-0.17,0.4,0,0,6,46856006.0,"[32, 41, 62, 83]",512,64.4,69.1,1.099,21.0,12.0,0.0672,0.0862,0.729,0.0123,0.0148,0.18,0.85,,0.04
DEC,weekly,1.5,,,,49,2025-10-24 00:00,2026-09-25 00:00,13.71,17.46,11.67,1.5,0.21,-0.23,0.35,47.8,False,-0.26,-0.45,0,0,3,49908646.0,"[6, 22, 36]",308,71.1,49.9,0.803,14.0,12.0,0.0649,0.0897,0.633,0.0366,0.0442,0.56,1.25,,0.0
DECK,weekly,2.0,ANTI,,,85,2025-02-14 00:00,2026-09-25 00:00,80.23,155.07,78.43,1.98,-0.31,-0.64,0.02,33.8,False,-0.71,-1.26,0,0,6,1334602669.0,"[29, 50, 61, 67]",841,55.3,56.0,1.012,6.0,17.0,0.057,0.1284,0.741,0.0681,0.0782,1.19,0.84,,0.0
DEI,weekly,1.5,,,,51,2025-10-10 00:00,2026-09-25 00:00,10.41,13.05,8.85,1.47,0.05,-0.51,0.37,40.0,True,-0.0,0.34,0,0,4,124910869.0,"[14, 19, 30, 38]",875,63.1,61.9,1.028,8.0,12.0,0.0699,0.0936,0.627,0.0195,0.0289,0.28,0.67,,0.02
DEO,weekly,1.5,,,,57,2025-08-29 00:00,2026-09-25 00:00,86.82,107.89,72.59,1.49,-0.32,-0.52,0.4,49.8,True,0.72,0.63,0,0,4,593418465.0,"[7, 25, 38, 49]",869,50.8,64.4,1.119,11.0,7.0,0.0606,0.085,0.772,0.0473,0.0431,0.78,0.72,,0.02
DFDV,weekly,3.0,COMP,,,36,2026-01-23 00:00,2026-09-25 00:00,6.51,6.51,2.56,2.54,0.04,-0.93,1.0,62.0,True,0.65,0.57,0,0,3,17873651.0,"[7, 16, 23]",130,44.4,40.7,0.687,7.0,12.0,0.2069,0.2552,0.556,0.2107,0.1939,1.02,2.22,,0.0
DFIN,weekly,1.5,,,,36,2026-01-23 00:00,2026-09-25 00:00,48.41,54.27,36.74,1.48,-0.08,-0.47,0.67,53.0,True,0.43,0.29,0,0,2,56520451.0,"[12, 25]",486,54.8,56.6,0.952,13.0,10.0,0.0412,0.0977,0.583,0.0082,0.0158,0.2,0.86,,0.0
DFTX,daily,2.0,,,,66,2026-06-17 00:00,2026-09-21 00:00,39.28,48.45,24.43,1.98,-0.08,-0.01,0.62,46.8,False,-0.65,-0.87,0,0,6,79194880.0,"[29, 34, 42, 60]",2408,58.3,47.5,0.872,18.0,5.0,0.0451,0.1025,0.364,0.0185,0.0131,0.41,1.0,,0.02
DG,weekly,1.5,DIVUP,UP,strict,30,2026-03-06 00:00,2026-09-25 00:00,121.91,144.88,101.86,1.42,0.07,-0.34,0.47,50.1,True,0.54,0.46,1,0,2,1830970877.0,"[6, 21]",851,49.9,55.1,1.008,15.0,8.0,0.0434,0.0732,0.833,0.0088,0.02,0.2,0.67,,0.0
DG,daily,1.5,,,,141,2026-03-02 00:00,2026-09-21 00:00,121.91,151.54,101.23,1.5,-0.04,-0.35,0.41,45.3,True,-0.07,0.1,0,1,11,345920854.0,"[103, 115, 130, 135]",4096,65.2,56.0,0.97,5.0,5.0,0.0432,0.0836,0.738,0.0083,0.0184,0.19,0.83,,0.02
DGXX,daily,1.5,,,,56,2026-07-02 00:00,2026-09-21 00:00,4.36,4.74,3.3,1.44,-0.39,-0.61,0.74,61.7,False,0.31,0.03,0,0,5,11728678.0,"[14, 28, 35, 46]",2087,50.1,50.4,0.961,11.0,9.0,0.045,0.0792,0.768,0.0239,0.024,0.53,0.47,,0.04
DHI,weekly,1.5,ANTI,,,68,2025-06-13 00:00,2026-09-25 00:00,139.25,179.64,121.3,1.48,-0.04,-0.36,0.31,43.4,False,-0.16,-0.11,0,0,7,2048811874.0,"[35, 45, 54, 60]",858,60.2,51.1,0.911,6.0,7.0,0.0478,0.0806,0.735,0.0329,0.0254,0.69,0.7,,0.01
DHR,weekly,1.5,COMP,,,87,2025-01-31 00:00,2026-09-25 00:00,215.84,237.37,161.57,1.47,-0.04,-0.41,0.72,58.3,True,1.06,0.72,0,0,7,3946983532.0,"[49, 63, 76, 81]",839,56.6,62.2,1.074,5.0,5.0,0.0506,0.0785,0.747,0.0297,0.0289,0.59,0.76,,0.02
DIN,weekly,1.5,,,,46,2025-11-14 00:00,2026-09-25 00:00,28.41,37.1,24.86,1.49,0.11,-0.43,0.29,41.1,True,0.09,0.76,0,1,2,56593778.0,"[9, 32]",880,73.1,64.7,0.986,23.0,13.0,0.1053,0.1098,0.565,0.0956,0.0337,0.91,0.7,,0.0
DIOD,daily,1.5,,,,60,2026-06-26 00:00,2026-09-21 00:00,90.73,109.44,76.09,1.44,-0.16,-0.38,0.44,48.1,False,-0.13,-0.35,0,0,3,47672533.0,"[17, 32, 53]",4396,61.4,53.0,0.888,21.0,6.0,0.0373,0.0744,0.767,0.0077,0.0077,0.21,0.97,,0.03
DIS,weekly,1.5,,,,152,2023-11-03 00:00,2026-09-25 00:00,104.23,122.23,81.99,1.49,0.25,-0.52,0.55,51.7,True,0.41,0.16,1,0,11,4522121038.0,"[114, 131, 137, 147]",774,49.7,58.0,1.048,10.0,4.0,0.0647,0.093,0.678,0.0128,0.0341,0.2,0.86,,0.01
DJT,weekly,1.5,,,,33,2026-02-13 00:00,2026-09-25 00:00,9.12,10.98,7.42,1.48,-0.29,-0.88,0.48,47.9,True,0.54,-0.04,0,0,3,171319106.0,"[9, 15, 25]",228,41.8,51.4,1.097,10.0,7.0,0.0615,0.0904,0.667,0.0337,0.0532,0.55,0.99,,0.03
DJT,daily,1.5,,,,137,2026-03-06 00:00,2026-09-21 00:00,9.12,10.38,7.06,1.47,-0.13,-0.6,0.62,52.2,False,0.06,0.09,0,0,9,34121294.0,"[82, 93, 100, 120]",1111,65.8,59.6,0.941,20.0,16.0,0.0575,0.08,0.686,0.0137,0.0215,0.24,0.66,,0.03
DKNG,weekly,1.5,ANTI,,,36,2026-01-23 00:00,2026-09-25 00:00,21.97,29.97,20.72,1.45,-0.06,-0.61,0.14,39.8,False,0.25,0.04,0,0,4,1408838046.0,"[7, 15, 20, 30]",339,55.1,50.3,0.902,10.0,5.0,0.0542,0.0812,0.694,0.0539,0.0509,0.99,0.84,,0.0
DKS,weekly,2.0,ANTI,,,148,2023-12-01 00:00,2026-09-25 00:00,123.63,238.63,121.15,1.97,0.23,-0.11,0.02,26.7,False,-1.3,-2.76,0,0,12,1094104208.0,"[105, 110, 129, 134]",778,61.2,62.5,1.04,5.0,13.0,0.0696,0.1357,0.568,0.103,0.1127,1.48,1.64,,0.01
DLO,weekly,1.5,,,,60,2025-08-08 00:00,2026-09-25 00:00,14.31,15.52,10.79,1.44,0.07,-0.47,0.74,52.8,True,0.38,0.8,0,0,5,119387035.0,"[11, 22, 37, 48]",218,55.1,63.0,1.122,11.0,11.0,0.0624,0.0888,0.583,0.028,0.0249,0.45,1.16,,0.05
DLX,weekly,1.5,,,,42,2025-12-12 00:00,2026-09-25 00:00,23.45,31.11,21.41,1.45,-0.01,-0.0,0.21,46.2,False,-0.86,-0.72,0,0,3,50093075.0,"[8, 20, 31]",884,77.0,55.0,0.827,11.0,10.0,0.0602,0.0888,0.476,0.0064,0.0166,0.11,1.04,,0.0
DMAC,weekly,1.5,,,,32,2026-02-20 00:00,2026-09-25 00:00,7.26,8.42,5.64,1.49,-0.16,-0.4,0.58,55.9,True,0.48,0.42,0,0,2,5541671.0,"[8, 20]",752,47.2,59.7,1.12,12.0,11.0,0.0552,0.1,0.625,0.0246,0.0415,0.45,0.74,,0.0
DMAC,weekly,2.0,,,,59,2025-08-15 00:00,2026-09-25 00:00,7.26,9.39,5.64,1.66,-0.15,-0.14,0.43,55.9,True,0.48,0.42,0,0,4,7426836.0,"[4, 17, 35, 47]",725,47.2,59.7,1.12,12.0,11.0,0.1001,0.1307,0.525,0.0246,0.0415,0.25,0.55,,0.0
DMAC,daily,1.5,COMP,,,70,2026-06-11 00:00,2026-09-21 00:00,7.26,8.01,5.46,1.47,0.02,-0.38,0.71,66.1,True,0.36,0.09,0,0,4,1112488.0,"[15, 41, 47, 57]",3549,51.9,52.7,0.991,10.0,12.0,0.03,0.0809,0.757,0.0182,0.0182,0.61,1.09,,0.07
DMC,weekly,2.0,,,,115,2024-07-19 00:00,2026-09-25 00:00,31.06,41.82,21.71,1.93,0.38,-0.23,0.46,45.9,False,-0.42,-1.27,0,0,9,51374710.0,"[54, 68, 73, 84]",811,,,,,,0.0874,0.1331,0.809,0.0228,0.0339,0.26,0.96,,0.03
DMC,daily,1.5,,,,97,2026-05-04 00:00,2026-09-21 00:00,31.06,39.59,26.64,1.49,-0.13,-0.36,0.34,48.7,True,-0.71,0.05,0,0,8,12008613.0,"[50, 66, 77, 84]",4359,70.5,68.3,1.012,7.0,12.0,0.0575,0.0817,0.485,0.0075,0.0149,0.13,0.93,,0.06
DMRA,weekly,2.0,,,,44,2025-11-28 00:00,2026-09-25 00:00,22.85,34.14,17.78,1.92,0.11,-0.34,0.31,43.7,True,-0.0,0.7,0,0,3,37688454.0,"[12, 20, 33]",265,55.7,61.6,1.183,13.0,10.0,0.1123,0.1401,0.705,0.0462,0.0338,0.41,1.42,,0.0
DMRA,weekly,3.0,,,,46,2025-11-14 00:00,2026-09-25 00:00,22.85,34.14,16.77,2.04,0.16,-0.23,0.35,43.7,True,-0.0,0.7,0,0,4,37688454.0,"[0, 14, 22, 35]",263,55.7,61.6,1.183,13.0,10.0,0.1123,0.148,0.674,0.0462,0.0338,0.41,1.42,,0.0
DMRA,daily,1.5,ANTI,,,64,2026-06-22 00:00,2026-09-21 00:00,22.85,32.99,22.0,1.5,0.01,-0.32,0.08,31.7,False,-1.1,-1.47,0,0,5,13091075.0,"[19, 31, 41, 53]",1415,63.6,52.6,0.927,12.0,10.0,0.0447,0.0958,0.547,0.0793,0.0779,1.77,1.22,,0.03
DNA,weekly,2.0,,,,47,2025-11-07 00:00,2026-09-25 00:00,7.98,10.4,5.93,1.75,-0.26,-0.92,0.46,49.6,False,-0.07,-0.38,0,0,3,42749931.0,"[13, 25, 34]",237,54.9,57.2,1.072,9.0,12.0,0.1383,0.1374,0.574,0.0571,0.066,0.41,1.01,,0.0
DNA,weekly,3.0,,,,118,2024-06-28 00:00,2026-09-25 00:00,7.98,16.14,5.57,2.9,-0.17,-0.96,0.23,49.6,False,-0.07,-0.38,0,0,8,47328685.0,"[66, 84, 96, 105]",166,54.9,57.2,1.072,9.0,12.0,0.1507,0.2492,0.517,0.0571,0.066,0.38,0.91,,0.01
DNLI,daily,1.5,ANTI,,,85,2026-05-20 00:00,2026-09-21 00:00,20.47,27.21,18.64,1.46,0.19,-0.18,0.21,33.5,False,-1.38,-1.12,0,0,6,34373196.0,"[33, 41, 57, 62]",2121,58.8,60.7,1.017,5.0,22.0,0.064,0.0936,0.647,0.0252,0.0405,0.39,0.96,,0.0
DNN,weekly,2.0,ANTI,,,57,2025-08-29 00:00,2026-09-25 00:00,2.89,4.18,2.27,1.84,0.32,-0.06,0.32,43.6,False,-0.41,-0.94,0,0,4,537770770.0,"[9, 22, 33, 51]",869,60.2,55.1,0.902,18.0,5.0,0.1219,0.1526,0.614,0.062,0.0688,0.51,0.65,,0.0
DNOW,weekly,1.5,COMP,,,83,2025-02-28 00:00,2026-09-25 00:00,15.57,17.05,11.39,1.5,-0.28,-0.35,0.74,58.1,True,0.81,1.07,0,0,9,129931200.0,"[49, 61, 67, 75]",562,55.3,66.7,1.177,8.0,7.0,0.0707,0.0949,0.627,0.0142,0.0539,0.2,1.35,,0.01
DNUT,weekly,1.5,ANTI,,,40,2025-12-26 00:00,2026-09-25 00:00,3.01,4.31,2.95,1.46,-0.28,-0.8,0.04,41.3,False,-0.2,-0.58,0,0,4,38326963.0,"[9, 17, 24, 34]",234,59.5,51.5,0.833,10.0,5.0,0.0556,0.0972,0.575,0.039,0.042,0.7,1.02,,0.0
DNUT,weekly,2.0,ANTI,,,79,2025-03-28 00:00,2026-09-25 00:00,3.01,4.96,2.64,1.88,-0.1,-0.83,0.16,41.3,False,-0.2,-0.58,0,0,7,51053369.0,"[48, 56, 63, 73]",195,59.5,51.5,0.833,10.0,5.0,0.0814,0.139,0.696,0.039,0.042,0.48,0.77,,0.0
DNUT,weekly,3.0,ANTI,,,83,2025-02-28 00:00,2026-09-25 00:00,3.01,6.17,2.64,2.34,-0.23,-0.83,0.1,41.3,False,-0.2,-0.58,0,0,7,51599379.0,"[52, 60, 67, 77]",191,59.5,51.5,0.833,10.0,5.0,0.0891,0.1873,0.386,0.039,0.042,0.44,0.76,,0.0
DOC,weekly,1.5,COMP,,,132,2024-03-22 00:00,2026-09-25 00:00,20.72,22.19,14.96,1.48,0.19,-0.4,0.8,56.8,True,0.25,0.96,0,0,13,574633927.0,"[96, 101, 111, 121]",794,66.1,70.2,1.158,10.0,10.0,0.072,0.0978,0.553,0.0127,0.0225,0.18,0.79,,0.01
DOCN,weekly,3.0,,,,29,2026-03-13 00:00,2026-09-25 00:00,146.16,173.27,68.63,2.52,0.36,0.01,0.74,62.2,False,-1.16,0.33,0,0,4,2197575395.0,"[3, 8, 14, 22]",259,81.4,56.7,0.75,8.0,6.0,0.1831,0.2405,0.552,0.0587,0.0533,0.32,0.66,,0.0
DOCN,daily,2.0,,,,106,2026-04-21 00:00,2026-09-21 00:00,146.16,181.29,94.38,1.92,-0.29,0.05,0.6,64.3,True,0.52,0.29,0,0,9,408478666.0,"[63, 81, 89, 97]",1274,48.5,58.9,1.09,8.0,8.0,0.142,0.1732,0.594,0.0399,0.0589,0.28,0.79,,0.01
DOCN,daily,3.0,COMP,,,135,2026-03-10 00:00,2026-09-21 00:00,146.16,181.29,62.01,2.92,0.33,-0.1,0.71,64.3,True,0.52,0.29,0,0,11,373895613.0,"[92, 110, 118, 126]",1245,48.5,58.9,1.09,8.0,8.0,0.2176,0.248,0.556,0.0399,0.0589,0.18,0.87,,0.01
DOCS,weekly,1.5,,,,34,2026-02-06 00:00,2026-09-25 00:00,26.84,27.73,18.97,1.46,0.01,-0.76,0.9,51.6,True,1.24,0.59,0,0,4,337060339.0,"[4, 13, 21, 26]",241,35.2,52.3,1.253,5.0,7.0,0.0882,0.1048,0.471,0.024,0.0596,0.27,1.09,,0.0
DOCS,weekly,2.0,,,,35,2026-01-30 00:00,2026-09-25 00:00,26.84,37.47,18.97,1.98,-0.11,-0.76,0.43,51.6,True,1.24,0.59,0,0,4,339321766.0,"[5, 14, 22, 27]",240,35.2,52.3,1.253,5.0,7.0,0.095,0.1401,0.571,0.024,0.0596,0.25,1.08,,0.0
DOLE,weekly,1.5,,,,135,2024-03-01 00:00,2026-09-25 00:00,13.0,16.06,10.92,1.47,0.37,-0.16,0.4,38.2,False,-0.51,-0.53,0,0,10,46217868.0,"[93, 101, 110, 124]",135,58.7,50.0,0.925,14.0,10.0,0.0537,0.0921,0.659,0.0166,0.0333,0.31,1.44,,0.02
DOMO,weekly,2.0,,,,33,2026-02-13 00:00,2026-09-25 00:00,3.72,4.71,2.42,1.95,-0.01,-0.87,0.57,43.2,True,0.65,0.59,2,0,3,19444149.0,"[4, 15, 25]",398,39.9,45.0,0.938,10.0,7.0,0.0484,0.1303,0.788,0.0143,0.0266,0.3,1.1,,0.03
DOMO,weekly,3.0,,,,37,2026-01-16 00:00,2026-09-25 00:00,3.72,6.15,2.42,2.54,-0.33,-0.87,0.35,43.2,True,0.65,0.59,2,0,3,23528773.0,"[8, 19, 29]",394,39.9,45.0,0.938,10.0,7.0,0.0585,0.2104,0.73,0.0143,0.0266,0.24,0.91,,0.03
DOO,weekly,1.5,,,,59,2025-08-15 00:00,2026-09-25 00:00,58.16,81.22,55.22,1.47,-0.23,-0.23,0.11,44.8,True,0.22,0.03,0,0,6,70783127.0,"[23, 34, 45, 53]",629,49.0,57.6,1.095,8.0,5.0,0.0689,0.1072,0.475,0.0501,0.0515,0.73,1.01,,0.0
DOO,weekly,2.0,,,,70,2025-05-30 00:00,2026-09-25 00:00,58.16,81.22,42.44,1.91,0.24,-0.49,0.41,44.8,True,0.22,0.03,0,0,7,67714777.0,"[34, 45, 56, 64]",618,49.0,57.6,1.095,8.0,5.0,0.084,0.1452,0.671,0.0501,0.0515,0.6,1.06,,0.0
DORM,weekly,1.5,,,,48,2025-10-31 00:00,2026-09-25 00:00,120.42,141.97,100.9,1.41,0.09,-0.38,0.48,42.9,True,0.44,0.76,0,0,2,129311326.0,"[15, 37]",878,49.0,65.8,1.082,22.0,10.0,0.0438,0.0822,0.583,0.0373,0.0337,0.85,0.87,,0.02
DPRO,weekly,3.0,,,,63,2025-07-18 00:00,2026-09-25 00:00,5.67,12.01,4.14,2.9,-0.27,-0.85,0.19,51.4,False,0.07,-0.62,0,0,5,51170213.0,"[12, 26, 39, 45]",293,46.4,56.2,1.258,6.0,17.0,0.1734,0.2773,0.429,0.0971,0.1172,0.56,0.38,,0.0
DPRO,daily,2.0,,,,79,2026-05-29 00:00,2026-09-21 00:00,5.67,7.56,3.8,1.99,-0.29,-0.61,0.5,57.7,True,0.54,1.12,0,0,5,4861319.0,"[21, 30, 53, 67]",1622,56.6,76.8,1.315,14.0,11.0,0.1159,0.1679,0.519,0.018,0.0265,0.16,1.26,,0.03
DRD,weekly,2.0,DIVUP,UP,strict,56,2025-09-05 00:00,2026-09-25 00:00,25.77,37.48,19.36,1.94,-0.19,0.1,0.35,50.7,False,0.08,-0.58,1,0,5,46263164.0,"[16, 25, 32, 50]",870,54.3,59.8,0.958,18.0,5.0,0.1084,0.1565,0.679,0.0504,0.1344,0.46,0.78,,0.0
DRD,weekly,3.0,,,,65,2025-07-04 00:00,2026-09-25 00:00,25.77,37.48,12.98,2.89,0.27,-0.18,0.52,50.7,False,0.08,-0.58,1,0,5,43073496.0,"[25, 34, 41, 59]",861,54.3,59.8,0.958,18.0,5.0,0.1464,0.2352,0.738,0.0504,0.1344,0.34,0.84,,0.0
DRS,weekly,1.5,ANTI,,,77,2025-04-11 00:00,2026-09-25 00:00,37.95,48.66,33.04,1.47,0.11,-0.09,0.31,42.0,False,-0.67,-0.59,0,1,8,211387947.0,"[40, 47, 59, 67]",849,64.5,59.3,0.986,8.0,9.0,0.0766,0.0994,0.584,0.0499,0.0672,0.65,0.71,,0.01
DRUG,weekly,2.0,ANTI,,,55,2025-09-12 00:00,2026-09-25 00:00,59.46,89.9,48.75,1.84,0.21,-0.0,0.26,39.0,False,-0.71,-1.29,0,0,5,58158193.0,"[13, 18, 31, 47]",233,66.1,54.3,0.882,16.0,7.0,0.1392,0.1541,0.545,0.1121,0.0691,0.81,0.58,,0.0
DRUG,daily,1.5,ANTI,,,79,2026-05-29 00:00,2026-09-21 00:00,59.46,88.07,59.11,1.49,0.03,-0.38,0.01,30.7,False,-1.34,-1.65,0,0,5,13993687.0,"[27, 35, 47, 56]",1303,63.6,65.5,1.049,9.0,22.0,0.0793,0.0998,0.646,0.0304,0.0379,0.38,0.4,,0.05
DRVN,weekly,1.5,,,,31,2026-02-27 00:00,2026-09-25 00:00,12.11,15.5,10.34,1.5,0.33,-0.45,0.34,43.0,True,0.02,-0.06,0,0,2,71448014.0,"[9, 19]",267,50.3,58.0,1.105,10.0,11.0,0.0508,0.0936,0.742,0.0401,0.0705,0.79,0.93,,0.0
DRVN,daily,1.5,,,,134,2026-03-11 00:00,2026-09-21 00:00,12.11,15.5,10.34,1.5,0.26,-0.39,0.34,40.0,False,-0.06,-0.28,0,0,11,14148204.0,"[95, 115, 122, 129]",1292,54.6,43.5,0.922,7.0,4.0,0.0437,0.0829,0.769,0.0114,0.0257,0.26,1.1,,0.01
DSGN,daily,1.5,,,,69,2026-06-12 00:00,2026-09-21 00:00,12.55,15.94,10.72,1.49,0.31,-0.32,0.35,35.8,False,-1.57,-0.93,0,1,3,8271482.0,"[13, 46, 56]",1309,73.7,62.1,0.974,10.0,12.0,0.0906,0.1016,0.449,0.0353,0.0615,0.39,1.38,,0.01
DSGR,weekly,2.0,COMP,,,94,2024-12-13 00:00,2026-09-25 00:00,34.87,38.5,19.31,1.99,-0.0,-0.52,0.81,69.3,True,1.16,1.22,0,0,6,9446151.0,"[45, 60, 72, 87]",832,49.6,70.4,1.269,15.0,6.0,0.0617,0.1105,0.798,0.0017,0.0037,0.03,3.74,,0.05
DSGX,weekly,1.5,,,,48,2025-10-31 00:00,2026-09-25 00:00,79.39,92.75,63.08,1.47,-0.36,-0.48,0.55,53.9,True,0.62,0.47,0,0,4,200911345.0,"[5, 24, 31, 43]",878,48.9,57.0,1.085,12.0,4.0,0.0603,0.0969,0.667,0.0144,0.0278,0.24,0.97,,0.02
DSP,weekly,2.0,,,,82,2025-03-07 00:00,2026-09-25 00:00,12.66,15.39,8.14,1.89,-0.15,-0.67,0.62,52.8,True,0.19,0.7,0,0,6,13440252.0,"[46, 53, 64, 70]",212,56.6,58.0,1.036,6.0,11.0,0.1017,0.1439,0.683,0.0304,0.045,0.3,0.97,,0.0
DSP,weekly,3.0,,,,85,2025-02-14 00:00,2026-09-25 00:00,12.66,23.07,8.14,2.83,-0.2,-0.67,0.3,52.8,True,0.19,0.7,0,0,6,13637113.0,"[49, 56, 67, 73]",209,56.6,58.0,1.036,6.0,11.0,0.1094,0.2027,0.471,0.0304,0.045,0.28,0.95,,0.0
DTIL,weekly,2.0,,,,30,2026-03-06 00:00,2026-09-25 00:00,6.5,8.85,4.61,1.92,0.35,-0.68,0.45,46.5,True,-0.49,0.33,0,1,3,9532482.0,"[6, 18, 24]",362,67.3,63.4,1.01,6.0,5.0,0.0736,0.1243,0.767,0.0409,0.0535,0.56,0.97,,0.0
DTIL,daily,1.5,ANTI,,,68,2026-06-15 00:00,2026-09-21 00:00,6.5,9.28,6.21,1.49,-0.07,-0.26,0.09,28.5,False,-1.57,-1.19,0,0,3,2035449.0,"[15, 39, 47]",1813,50.8,72.0,1.178,8.0,20.0,0.0613,0.0981,0.647,0.0172,0.0418,0.28,0.83,,0.03
DTIL,daily,2.0,,,,136,2026-03-09 00:00,2026-09-21 00:00,6.5,9.28,4.71,1.97,0.3,-0.45,0.39,28.5,False,-1.57,-1.19,0,0,9,1881107.0,"[64, 83, 107, 115]",1745,50.8,72.0,1.178,8.0,20.0,0.0657,0.1185,0.787,0.0172,0.0418,0.26,0.9,,0.04
DUOL,weekly,2.0,COMP,,,39,2026-01-02 00:00,2026-09-25 00:00,149.42,176.66,90.03,1.96,0.14,-0.83,0.69,55.9,True,1.36,1.48,0,0,0,893636707.0,[],231,,,,,,0.1279,0.1758,0.564,0.0259,0.0671,0.2,0.97,,0.0
DUOT,weekly,2.0,,,,55,2025-09-12 00:00,2026-09-25 00:00,8.86,13.5,6.76,2.0,0.12,-0.21,0.31,47.8,False,-0.21,-0.03,0,0,4,19348880.0,"[7, 16, 37, 49]",794,71.7,53.7,0.764,12.0,5.0,0.1023,0.1623,0.655,0.0339,0.0508,0.33,1.42,,0.0
DUOT,daily,1.5,,,,37,2026-07-30 00:00,2026-09-21 00:00,8.86,11.59,8.1,1.43,-0.23,-0.45,0.22,49.1,False,-0.85,-1.16,0,0,2,7368532.0,"[13, 27]",3144,69.1,46.1,0.781,14.0,9.0,0.0424,0.0902,0.432,0.0205,0.0304,0.48,0.67,,0.03
DUOT,daily,2.0,,,,112,2026-04-13 00:00,2026-09-21 00:00,8.86,14.64,7.34,1.99,-0.12,-0.38,0.21,49.1,False,-0.85,-1.16,0,0,8,5884551.0,"[54, 70, 88, 102]",3069,69.1,46.1,0.781,14.0,9.0,0.0801,0.1808,0.357,0.0205,0.0304,0.26,0.84,,0.03
DV,weekly,1.5,COMP,,,55,2025-09-12 00:00,2026-09-25 00:00,13.44,13.46,9.06,1.49,0.28,-0.79,1.0,64.5,True,0.94,1.19,3,0,4,146855358.0,"[6, 15, 25, 33]",229,47.5,52.8,1.027,8.0,21.0,0.0558,0.1102,0.618,0.0049,0.0113,0.09,1.15,,0.0
DVA,weekly,3.0,,,,151,2023-11-10 00:00,2026-09-25 00:00,182.34,240.09,82.99,2.89,0.35,-0.32,0.63,48.3,True,-0.77,0.69,0,0,15,515096247.0,"[109, 120, 131, 138]",775,78.7,82.3,1.176,7.0,12.0,0.0876,0.199,0.762,0.0102,0.0207,0.12,1.05,,0.03
DVA,daily,1.5,,,,95,2026-05-06 00:00,2026-09-21 00:00,182.34,240.96,173.82,1.39,-0.3,0.11,0.13,44.7,True,1.19,0.25,0,1,4,144508925.0,"[4, 27, 40, 57]",4361,,,,,,0.08,0.1055,0.4,0.0111,0.008,0.14,0.91,,0.05
DXC,daily,1.5,,,,104,2026-04-23 00:00,2026-09-21 00:00,10.89,12.12,8.22,1.47,0.37,-0.47,0.68,46.8,True,0.06,0.34,0,0,8,38907590.0,"[66, 77, 92, 98]",4352,63.2,65.0,1.039,6.0,5.0,0.0952,0.1103,0.5,0.0394,0.0201,0.41,0.67,,0.04
DXCM,weekly,2.0,COMP,,,114,2024-07-26 00:00,2026-09-25 00:00,89.17,92.34,55.0,1.68,-0.04,-0.6,0.92,62.6,True,1.08,1.43,0,0,7,1555885056.0,"[65, 83, 98, 108]",812,61.4,71.4,1.225,10.0,5.0,0.0863,0.1189,0.64,0.0164,0.059,0.19,1.23,,0.04
DXYZ,weekly,3.0,,,,44,2025-11-28 00:00,2026-09-25 00:00,30.99,66.64,22.51,2.96,0.05,-0.68,0.19,49.2,False,-0.44,-1.23,0,0,4,196778713.0,"[2, 9, 23, 39]",87,75.9,52.9,0.636,16.0,4.0,0.0838,0.2708,0.205,0.0282,0.111,0.34,0.71,,0.0
DXYZ,daily,2.0,,,,74,2026-06-05 00:00,2026-09-21 00:00,30.99,41.79,21.13,1.98,0.19,-0.7,0.48,47.9,False,-1.01,-0.4,0,1,3,32655540.0,"[27, 49, 64]",550,71.1,59.8,1.007,15.0,9.0,0.1251,0.1538,0.595,0.0131,0.0203,0.1,0.64,,0.03
DXYZ,daily,3.0,,,,82,2026-05-26 00:00,2026-09-21 00:00,30.99,60.21,21.13,2.85,-0.2,-0.7,0.25,47.9,False,-1.01,-0.4,0,1,3,34465273.0,"[35, 57, 72]",542,71.1,59.8,1.007,15.0,9.0,0.1431,0.2487,0.415,0.0131,0.0203,0.09,0.61,,0.02
EAF,weekly,2.0,,,,34,2026-02-06 00:00,2026-09-25 00:00,9.36,9.98,5.66,1.76,0.13,-0.73,0.86,55.3,False,0.18,-0.51,0,0,2,10935695.0,"[16, 26]",407,50.3,48.4,0.815,10.0,7.0,0.1465,0.164,0.471,0.0925,0.0981,0.63,0.85,,0.0
EAF,weekly,3.0,,,,35,2026-01-30 00:00,2026-09-25 00:00,9.36,15.11,5.66,2.67,-0.07,-0.73,0.39,55.3,False,0.18,-0.51,0,0,2,10940930.0,"[17, 27]",406,50.3,48.4,0.815,10.0,7.0,0.1525,0.228,0.371,0.0925,0.0981,0.61,0.85,,0.0
EAF,daily,2.0,COMP,,,76,2026-06-03 00:00,2026-09-21 00:00,9.36,9.92,5.38,1.84,-0.13,-0.7,0.88,73.8,True,0.55,0.3,0,0,4,1885950.0,"[29, 36, 45, 59]",2041,60.3,53.5,0.914,14.0,16.0,0.0836,0.1304,0.711,0.1031,0.0706,1.23,2.75,,0.0
EARN,weekly,1.5,,,,152,2023-11-03 00:00,2026-09-25 00:00,4.28,5.04,3.5,1.44,0.05,-0.4,0.51,46.9,False,-0.02,-0.08,0,0,12,9221791.0,"[108, 115, 131, 147]",548,56.2,50.6,0.949,16.0,4.0,0.0588,0.0788,0.566,0.0057,0.0095,0.1,0.88,,0.05
EAT,weekly,3.0,COMP,,,104,2024-10-04 00:00,2026-09-25 00:00,200.3,246.06,83.48,2.95,0.37,0.09,0.72,55.1,True,0.94,1.99,0,0,9,917860809.0,"[60, 70, 80, 98]",822,55.4,80.2,1.556,18.0,5.0,0.0927,0.1971,0.837,0.0542,0.0834,0.58,1.1,,0.01
EBS,weekly,3.0,ANTI,,,113,2024-08-02 00:00,2026-09-25 00:00,6.55,12.96,4.39,2.95,-0.03,-0.86,0.25,44.4,False,-0.25,-1.97,0,0,7,40688704.0,"[55, 65, 75, 92]",813,67.3,51.2,0.733,17.0,20.0,0.162,0.2412,0.655,0.1015,0.1084,0.63,0.83,,0.02
ECC,weekly,1.5,ANTI,,,35,2026-01-30 00:00,2026-09-25 00:00,3.6,4.65,3.25,1.43,-0.1,-0.48,0.25,42.1,False,0.36,-0.05,0,0,1,20896001.0,[14],590,,,,,,0.0342,0.0705,0.6,0.0185,0.0189,0.54,0.69,,0.0
ECG,weekly,1.5,ANTI,,,31,2026-02-27 00:00,2026-09-25 00:00,116.77,163.24,110.25,1.48,-0.02,0.02,0.12,43.4,False,-1.56,-0.89,0,0,4,359992044.0,"[0, 10, 16, 24]",69,72.0,56.9,0.894,8.0,6.0,0.1004,0.1157,0.516,0.021,0.073,0.21,0.82,,0.03
ECHO,weekly,2.0,,,,45,2025-11-21 00:00,2026-09-25 00:00,95.36,137.23,68.63,2.0,-0.17,-0.11,0.39,47.1,False,-1.3,-2.13,0,1,2,2758355552.0,"[9, 21]",881,85.5,73.6,1.053,12.0,23.0,0.1283,0.1536,0.689,0.0257,0.0378,0.2,0.41,,0.04
ECHO,weekly,3.0,,,,57,2025-08-29 00:00,2026-09-25 00:00,95.36,137.23,61.79,2.22,0.36,0.97,0.44,47.1,False,-1.3,-2.13,0,1,3,2489851435.0,"[2, 21, 33]",869,85.5,73.6,1.053,12.0,23.0,0.1456,0.2053,0.561,0.0257,0.0378,0.18,0.45,,0.04
ECVT,weekly,1.5,ANTI,,,40,2025-12-26 00:00,2026-09-25 00:00,10.39,14.56,9.91,1.47,-0.03,-0.11,0.1,40.4,False,-2.0,-1.75,0,0,3,86129409.0,"[4, 18, 29]",430,79.9,56.1,0.898,11.0,10.0,0.104,0.1178,0.45,0.0053,0.0316,0.05,0.74,,0.03
EDN,weekly,3.0,,,,93,2024-12-20 00:00,2026-09-25 00:00,23.56,44.65,15.18,2.94,-0.4,-0.69,0.28,45.2,False,-0.1,-0.59,0,0,8,16804670.0,"[58, 67, 78, 84]",833,52.5,51.5,0.963,6.0,8.0,0.1318,0.2082,0.817,0.0247,0.0362,0.19,0.49,,0.01
EDU,weekly,1.5,,,,101,2024-10-25 00:00,2026-09-25 00:00,55.14,61.99,42.05,1.47,0.04,-0.55,0.66,53.1,True,0.45,0.32,1,0,8,248204596.0,"[52, 67, 77, 92]",825,57.3,63.8,1.006,15.0,8.0,0.0914,0.1009,0.535,0.0116,0.0573,0.13,0.68,,0.0
EE,weekly,1.5,,,,39,2026-01-02 00:00,2026-09-25 00:00,33.92,41.86,28.15,1.49,0.25,-0.11,0.42,44.8,True,0.05,0.57,0,0,3,62662160.0,"[7, 20, 30]",194,58.7,63.8,1.09,10.0,8.0,0.0638,0.0842,0.692,0.0444,0.0166,0.7,1.01,,0.0
EFOR,daily,1.5,COMP,,,39,2026-07-28 00:00,2026-09-21 00:00,32.89,34.05,23.25,1.46,0.38,-0.46,0.89,58.2,True,-0.59,0.14,0,0,4,21784074.0,"[12, 18, 24, 33]",4417,67.3,65.2,1.05,9.0,5.0,0.0278,0.0719,0.282,0.0209,0.0296,0.75,1.0,,0.0
EFXT,weekly,1.5,,,,33,2026-02-13 00:00,2026-09-25 00:00,22.43,27.8,18.88,1.47,0.07,0.03,0.4,51.8,False,-1.35,-0.59,0,1,2,66640817.0,"[2, 13]",766,85.3,82.2,1.246,11.0,19.0,0.0611,0.1004,0.636,0.022,0.0218,0.36,0.96,,0.0
EFXT,daily,1.5,DIVUP,UP,strict,150,2026-02-17 00:00,2026-09-21 00:00,22.43,28.32,18.95,1.49,0.0,-0.03,0.37,54.7,True,0.78,0.39,2,0,12,11102692.0,"[106, 116, 125, 143]",3694,51.3,60.7,1.021,18.0,6.0,0.0683,0.1006,0.62,0.0076,0.0076,0.11,0.79,,0.03
EGAN,weekly,3.0,ANTI,,,75,2025-04-25 00:00,2026-09-25 00:00,5.77,14.44,4.95,2.92,0.0,-0.41,0.09,38.0,False,0.08,-1.15,1,0,6,6840376.0,"[37, 51, 60, 68]",849,43.5,48.8,0.999,8.0,6.0,0.2129,0.2939,0.453,0.124,0.1111,0.58,0.54,,0.04
EIG,weekly,1.5,COMP,,,152,2023-11-03 00:00,2026-09-25 00:00,48.45,51.57,35.19,1.47,0.34,-0.15,0.81,56.9,True,0.47,0.84,0,0,12,35219010.0,"[100, 115, 128, 139]",774,53.4,75.3,1.226,11.0,12.0,0.0755,0.0965,0.638,0.0094,0.0106,0.12,0.98,,0.03
EIKN,daily,1.5,ANTI,,,57,2026-07-01 00:00,2026-09-21 00:00,8.83,12.55,8.51,1.47,-0.17,-0.48,0.08,40.0,False,-1.03,-1.37,0,0,2,4095213.0,"[17, 34]",100,47.2,65.5,1.216,17.0,22.0,0.0723,0.1017,0.596,0.0341,0.0812,0.47,1.79,,0.0
EL,weekly,2.0,,,,73,2025-05-09 00:00,2026-09-25 00:00,96.34,116.47,59.6,1.95,0.2,-0.69,0.65,55.2,True,0.79,0.98,0,0,5,1537096048.0,"[16, 24, 37, 57]",853,73.0,51.1,0.767,20.0,15.0,0.0873,0.1481,0.685,0.0578,0.0704,0.66,0.83,,0.0
ELDN,weekly,2.0,ANTI,,,32,2026-02-20 00:00,2026-09-25 00:00,2.69,4.07,2.19,1.86,0.18,-0.59,0.27,39.9,False,-1.01,-0.95,0,1,2,18306920.0,"[8, 21]",596,71.7,62.8,1.023,13.0,10.0,0.1179,0.1503,0.531,0.1222,0.1159,1.04,0.83,,0.0
ELDN,daily,2.0,ANTI,,,148,2026-02-19 00:00,2026-09-21 00:00,2.69,4.21,2.19,1.92,0.25,-0.5,0.25,28.8,False,-1.03,-1.64,0,0,11,3631196.0,"[83, 95, 120, 137]",2872,54.5,33.4,0.801,17.0,10.0,0.1121,0.1439,0.568,0.0222,0.0396,0.2,0.52,,0.05
ELMD,weekly,3.0,,,,110,2024-08-23 00:00,2026-09-25 00:00,27.0,45.65,15.9,2.87,0.39,-0.14,0.37,38.2,True,-0.52,0.83,0,0,10,7918370.0,"[68, 75, 91, 98]",732,76.7,82.1,1.194,7.0,11.0,0.1339,0.2426,0.591,0.0707,0.1516,0.53,1.67,,0.04
ELMT,daily,2.0,COMP,,,104,2026-04-23 00:00,2026-09-21 00:00,21.83,22.98,12.74,1.8,0.15,,0.89,62.8,True,0.02,0.49,0,0,7,6822628.0,"[46, 60, 79, 98]",0,68.3,68.5,1.126,19.0,5.0,0.0865,0.1236,0.712,0.0595,0.0632,0.69,3.58,,0.01
ELMT,daily,3.0,COMP,,,104,2026-04-23 00:00,2026-09-21 00:00,21.83,22.98,12.74,1.8,0.15,,0.89,62.8,True,0.02,0.49,0,0,7,6822628.0,"[46, 60, 79, 98]",0,68.3,68.5,1.126,19.0,5.0,0.0865,0.1236,0.712,0.0595,0.0632,0.69,3.58,,0.01
ELVA,weekly,2.0,ANTI,,,42,2025-12-12 00:00,2026-09-25 00:00,6.77,11.69,6.43,1.82,-0.1,-0.08,0.06,42.4,False,-1.03,-1.93,0,0,3,18103657.0,"[6, 24, 34]",880,68.4,53.9,0.831,10.0,7.0,0.1561,0.1655,0.571,0.0216,0.1635,0.14,0.8,,0.0
ELVR,weekly,3.0,ANTI,,,46,2025-11-14 00:00,2026-09-25 00:00,45.51,97.99,33.3,2.94,0.33,,0.19,39.8,False,-1.02,-3.13,0,0,4,19319590.0,"[10, 15, 25, 40]",10,71.7,50.5,0.691,15.0,5.0,0.1462,0.2747,0.609,0.1211,0.0976,0.83,0.65,,0.0
EMAT,daily,2.0,,,,38,2026-07-29 00:00,2026-09-21 00:00,3.43,4.42,2.26,1.96,0.21,-0.78,0.54,48.2,False,0.48,0.37,0,0,3,2192848.0,"[7, 18, 23]",142,55.8,52.1,0.918,5.0,14.0,0.1121,0.1685,0.632,0.0888,0.0378,0.79,2.36,,0.05
EMBC,daily,1.5,,,,31,2026-08-07 00:00,2026-09-21 00:00,5.3,5.8,4.41,1.31,0.28,-0.55,0.64,57.2,True,-0.86,0.06,0,0,3,6848609.0,"[1, 9, 20]",1099,77.4,74.9,1.062,11.0,10.0,0.0273,0.0548,0.774,0.0203,0.0286,0.74,0.71,,0.03
EME,weekly,1.5,,,,40,2025-12-26 00:00,2026-09-25 00:00,757.71,921.16,626.08,1.47,0.32,-0.16,0.45,47.5,False,-1.07,-0.52,0,0,3,1357382386.0,"[8, 19, 33]",886,76.6,58.6,0.908,14.0,6.0,0.0547,0.0882,0.75,0.0199,0.0299,0.36,0.98,,0.03
EMN,weekly,1.5,,,,80,2025-03-21 00:00,2026-09-25 00:00,65.09,82.54,55.3,1.49,-0.01,-0.46,0.36,41.1,False,-0.43,-0.3,0,2,7,490158408.0,"[31, 47, 58, 74]",846,60.3,55.9,0.966,16.0,5.0,0.051,0.0908,0.7,0.0273,0.0338,0.54,0.64,,0.04
ENLT,weekly,2.0,,,,36,2026-01-23 00:00,2026-09-25 00:00,75.35,107.42,55.57,1.93,0.37,0.07,0.38,46.8,False,-1.36,-0.42,0,0,3,68407708.0,"[4, 18, 25]",173,80.5,60.1,0.845,7.0,10.0,0.0825,0.1423,0.778,0.0391,0.04,0.47,0.88,,0.03
ENR,weekly,1.5,,,,52,2025-10-03 00:00,2026-09-25 00:00,21.63,23.39,15.9,1.47,0.02,-0.54,0.76,54.4,True,0.53,0.84,0,0,4,103992710.0,"[18, 28, 38, 45]",538,59.8,59.3,1.005,7.0,6.0,0.0711,0.1008,0.558,0.0241,0.0328,0.34,0.98,,0.02
ENS,weekly,1.5,ANTI,,,29,2026-03-13 00:00,2026-09-25 00:00,178.58,236.32,160.55,1.47,-0.09,-0.11,0.24,42.3,False,-1.78,-0.75,0,0,2,403177417.0,"[9, 22]",897,84.2,55.2,0.859,13.0,6.0,0.087,0.1078,0.483,0.0275,0.0414,0.32,1.12,,0.0
ENS,daily,1.5,ANTI,,,130,2026-03-17 00:00,2026-09-21 00:00,178.58,242.66,163.58,1.48,-0.15,-0.13,0.19,44.6,False,-0.66,-0.62,0,1,11,83081894.0,"[86, 96, 104, 111]",4326,56.3,49.5,0.955,7.0,18.0,0.0933,0.1057,0.523,0.0124,0.0059,0.13,1.14,,0.05
ENSG,weekly,1.5,,,,62,2025-07-25 00:00,2026-09-25 00:00,174.47,214.01,149.31,1.43,0.07,-0.03,0.39,48.6,False,0.01,-0.32,0,0,5,338850502.0,"[13, 18, 29, 54]",864,72.4,54.4,0.858,25.0,7.0,0.0351,0.0817,0.742,0.0134,0.0179,0.38,0.8,,0.06
ENTA,weekly,1.5,ANTI,,,46,2025-11-14 00:00,2026-09-25 00:00,12.11,16.85,11.28,1.49,-0.16,-0.35,0.15,44.6,False,-0.35,-0.29,0,1,4,13255686.0,"[6, 15, 25, 33]",660,62.9,58.7,0.985,8.0,12.0,0.0463,0.0767,0.761,0.0304,0.0379,0.66,1.12,,0.0
ENTA,weekly,2.0,ANTI,,,52,2025-10-03 00:00,2026-09-25 00:00,12.11,16.85,10.33,1.63,0.14,-0.41,0.27,44.6,False,-0.35,-0.29,0,1,5,15153644.0,"[12, 21, 31, 39]",654,62.9,58.7,0.985,8.0,12.0,0.0563,0.0987,0.788,0.0304,0.0379,0.54,0.98,,0.02
ENTG,daily,1.5,,,,37,2026-07-30 00:00,2026-09-21 00:00,143.14,163.81,117.11,1.4,-0.15,-0.36,0.56,54.0,False,-0.25,-0.48,0,0,3,271890888.0,"[10, 20, 28]",4419,50.9,52.1,0.984,8.0,8.0,0.0489,0.0776,0.784,0.0443,0.041,0.91,1.04,,0.0
EOLS,weekly,3.0,COMP,,,73,2025-05-09 00:00,2026-09-25 00:00,7.99,10.04,4.01,2.5,-0.38,-0.77,0.66,57.9,True,0.79,1.87,0,0,5,30915945.0,"[11, 29, 43, 59]",378,43.6,61.8,1.289,16.0,13.0,0.1605,0.2392,0.589,0.0341,0.1199,0.21,1.18,,0.0
EOLS,daily,1.5,,,,32,2026-08-06 00:00,2026-09-21 00:00,7.99,9.3,7.41,1.26,0.14,0.04,0.31,47.0,False,-1.2,-0.24,0,0,3,8038286.0,"[3, 13, 21]",2133,72.3,73.2,1.036,8.0,10.0,0.0496,0.0627,0.531,0.0082,0.0163,0.17,0.65,,0.03
EOSE,daily,1.5,,,,51,2026-07-10 00:00,2026-09-21 00:00,4.07,4.4,3.04,1.45,-0.18,-0.77,0.76,53.9,True,0.61,0.44,0,0,5,93038135.0,"[17, 22, 30, 41]",1530,45.0,58.1,1.129,11.0,9.0,0.0673,0.0916,0.588,0.0069,0.0278,0.1,1.03,,0.02
EOSE,daily,2.0,,,,58,2026-06-30 00:00,2026-09-21 00:00,4.07,5.88,3.04,1.93,-0.35,-0.81,0.36,53.9,True,0.61,0.44,0,0,5,95051563.0,"[24, 29, 37, 48]",1523,45.0,58.1,1.129,11.0,9.0,0.0783,0.1369,0.621,0.0069,0.0278,0.09,1.01,,0.02
EPC,weekly,2.0,COMP,,,86,2025-02-07 00:00,2026-09-25 00:00,27.08,30.7,15.73,1.95,-0.22,-0.62,0.76,57.2,True,0.47,1.47,0,1,9,76565780.0,"[55, 63, 75, 81]",840,68.6,64.5,0.979,6.0,4.0,0.1635,0.1848,0.453,0.0197,0.0271,0.12,0.91,,0.03
EPM,weekly,1.5,ANTI,,,87,2025-01-31 00:00,2026-09-25 00:00,3.56,4.61,3.08,1.5,-0.28,-0.57,0.31,44.1,False,-0.66,-1.01,0,0,7,5922271.0,"[33, 60, 65, 77]",839,62.1,44.2,0.815,12.0,9.0,0.0801,0.0935,0.609,0.0109,0.0109,0.14,1.26,,0.01
EPRX,weekly,1.5,COMP,,,35,2026-01-30 00:00,2026-09-25 00:00,8.64,8.64,5.81,1.49,-0.23,-0.35,1.0,67.1,True,0.42,0.34,0,0,2,8150134.0,"[13, 22]",95,59.1,47.5,0.848,9.0,12.0,0.0704,0.1124,0.571,0.1134,0.0193,1.61,1.24,,0.0
EQNR,weekly,1.5,COMP,,,30,2026-03-06 00:00,2026-09-25 00:00,42.49,44.8,30.73,1.46,0.39,0.05,0.84,60.3,True,-0.36,0.58,0,0,1,727268750.0,[2],896,,,,,,0.0673,0.0973,0.633,0.0286,0.0513,0.42,0.76,,0.0
EQPT,daily,1.5,,,,63,2026-06-23 00:00,2026-09-21 00:00,18.17,23.88,16.0,1.49,-0.13,-0.54,0.28,48.0,False,-0.13,-0.41,0,0,5,49605442.0,"[21, 28, 36, 52]",104,60.2,54.3,0.913,16.0,10.0,0.0501,0.0784,0.667,0.0136,0.0189,0.27,1.1,,0.0
EQT,weekly,1.5,ANTI,,,91,2025-01-03 00:00,2026-09-25 00:00,50.13,67.15,45.3,1.48,0.23,0.01,0.22,41.1,False,-0.17,-0.54,0,0,6,2062383656.0,"[24, 39, 45, 64]",835,63.3,70.5,1.131,19.0,26.0,0.0489,0.0768,0.725,0.0181,0.0294,0.37,0.76,,0.02
EQX,weekly,3.0,,,,60,2025-08-08 00:00,2026-09-25 00:00,12.16,18.68,6.41,2.91,0.09,-0.08,0.47,50.6,False,-0.05,-0.93,0,0,5,693296361.0,"[18, 29, 36, 54]",512,56.7,56.6,0.87,18.0,5.0,0.1383,0.1955,0.8,0.0382,0.122,0.28,1.11,,0.02
EQX,daily,1.5,,,,34,2026-08-04 00:00,2026-09-21 00:00,12.16,13.98,9.56,1.46,0.33,-0.42,0.59,50.2,False,-1.07,-0.18,0,0,2,152881213.0,"[5, 15]",2545,69.0,77.5,1.201,10.0,18.0,0.0525,0.0794,0.706,0.0201,0.0194,0.38,0.91,,0.06
ERAS,daily,1.5,ANTI,,,64,2026-06-22 00:00,2026-09-21 00:00,15.04,21.26,14.77,1.44,-0.27,-0.34,0.04,35.2,False,-0.74,-0.95,0,0,6,68440473.0,"[21, 36, 47, 59]",1237,60.9,41.8,0.834,12.0,4.0,0.042,0.0818,0.703,0.0304,0.0156,0.72,1.24,,0.02
ERIC,weekly,1.5,,,,50,2025-10-17 00:00,2026-09-25 00:00,10.25,13.5,9.2,1.47,0.3,0.1,0.24,46.3,False,-1.35,-1.01,0,0,5,529319193.0,"[9, 19, 25, 31]",876,72.5,77.7,1.136,6.0,18.0,0.0824,0.1019,0.44,0.0064,0.0138,0.08,0.75,,0.02
ERO,daily,1.5,,,,35,2026-08-03 00:00,2026-09-21 00:00,34.7,40.4,27.37,1.48,0.19,-0.15,0.56,50.7,False,-0.97,-0.31,0,2,3,47457299.0,"[5, 14, 26]",2205,72.6,60.4,0.97,12.0,8.0,0.0464,0.084,0.686,0.027,0.0204,0.58,0.9,,0.0
ESE,weekly,1.5,ANTI,,,34,2026-02-06 00:00,2026-09-25 00:00,262.41,343.42,252.97,1.36,0.2,0.11,0.1,38.1,False,-1.6,-0.51,0,1,3,347455898.0,"[3, 12, 19]",892,82.5,73.7,1.051,7.0,14.0,0.0762,0.0854,0.559,0.0387,0.0765,0.51,0.88,,0.03
ESI,weekly,1.5,ANTI,,,33,2026-02-13 00:00,2026-09-25 00:00,33.42,45.87,30.6,1.5,0.14,0.03,0.18,42.5,False,-1.5,-0.77,0,0,4,623981276.0,"[1, 12, 18, 26]",642,71.1,52.8,0.844,8.0,6.0,0.0864,0.1152,0.485,0.037,0.049,0.43,1.02,,0.0
ESLT,weekly,1.5,,,,38,2026-01-09 00:00,2026-09-25 00:00,750.69,933.92,663.42,1.41,-0.03,0.12,0.32,49.3,False,-0.78,-0.69,0,1,4,409312803.0,"[1, 8, 20, 30]",888,62.4,57.2,0.977,10.0,7.0,0.0692,0.093,0.5,0.0323,0.0439,0.47,0.62,,0.0
ESLT,daily,1.5,,UP,broad,152,2026-02-12 00:00,2026-09-21 00:00,750.69,1011.93,674.83,1.5,-0.35,-0.07,0.23,54.7,False,0.39,-0.16,0,0,10,77491416.0,"[97, 111, 119, 128]",4304,64.8,49.0,0.921,9.0,23.0,0.067,0.0851,0.678,0.0125,0.0217,0.19,0.56,,0.04
ESOA,weekly,2.0,ANTI,,,33,2026-02-13 00:00,2026-09-25 00:00,10.83,18.9,10.77,1.75,-0.25,-0.32,0.01,37.8,False,-1.36,-1.76,0,2,3,9424387.0,"[2, 13, 19]",888,75.1,67.8,1.028,6.0,13.0,0.1267,0.1516,0.606,0.0464,0.1559,0.37,0.77,,0.06
ESOA,daily,2.0,ANTI,,,154,2026-02-10 00:00,2026-09-21 00:00,10.83,19.34,10.77,1.8,-0.16,-0.06,0.01,31.6,False,0.22,-0.54,1,0,12,1857724.0,"[112, 122, 129, 144]",3701,34.1,41.0,0.918,15.0,9.0,0.1063,0.1435,0.656,0.0225,0.0301,0.21,0.6,,0.03
ESS,weekly,1.5,,,,148,2023-12-01 00:00,2026-09-25 00:00,271.39,298.33,199.24,1.5,0.39,-0.34,0.73,47.2,True,-0.09,0.46,0,0,12,537197703.0,"[91, 108, 114, 135]",778,49.3,70.3,1.179,21.0,12.0,0.052,0.0863,0.608,0.0257,0.0207,0.49,0.95,,0.05
ESTA,daily,1.5,ANTI,,,99,2026-04-30 00:00,2026-09-21 00:00,67.74,95.65,65.55,1.46,0.08,-0.18,0.07,33.9,False,0.3,-0.31,1,0,10,35476162.0,"[65, 73, 81, 89]",1955,33.3,47.5,1.039,8.0,9.0,0.0752,0.1131,0.354,0.0091,0.0269,0.12,0.52,,0.04
ETD,weekly,1.5,,,,55,2025-09-12 00:00,2026-09-25 00:00,20.97,23.72,16.11,1.47,-0.25,-0.36,0.64,57.4,True,1.19,0.78,0,0,3,44514766.0,"[13, 21, 31]",871,47.7,44.1,0.94,10.0,23.0,0.0454,0.0872,0.727,0.0275,0.0392,0.61,1.29,,0.0
ETOR,weekly,1.5,ANTI,,,32,2026-02-20 00:00,2026-09-25 00:00,28.67,41.98,28.08,1.5,-0.03,-0.59,0.04,37.6,False,-0.68,-1.04,0,0,2,152056629.0,"[2, 14]",40,41.1,62.3,1.319,12.0,17.0,0.1227,0.1275,0.375,0.0562,0.1081,0.46,1.05,,0.0
EVC,daily,1.5,ANTI,,,30,2026-08-10 00:00,2026-09-21 00:00,7.99,11.63,7.77,1.5,-0.34,-0.42,0.06,39.0,False,0.33,-0.19,0,0,1,9321703.0,[22],4426,,,,,,0.0337,0.0837,0.167,0.0292,0.024,0.87,0.95,,0.0
EVC,daily,2.0,ANTI,,,95,2026-05-06 00:00,2026-09-21 00:00,7.99,13.4,6.87,1.95,-0.07,0.75,0.17,39.0,False,0.33,-0.19,0,0,7,17566014.0,"[36, 58, 64, 87]",4361,59.3,45.7,0.724,23.0,7.0,0.1195,0.1636,0.579,0.0292,0.024,0.24,0.51,,0.0
EVC,daily,3.0,ANTI,,,95,2026-05-06 00:00,2026-09-21 00:00,7.99,13.4,6.87,1.95,-0.07,0.75,0.17,39.0,False,0.33,-0.19,0,0,7,17566014.0,"[36, 58, 64, 87]",4361,59.3,45.7,0.724,23.0,7.0,0.1195,0.1636,0.579,0.0292,0.024,0.24,0.51,,0.0
EVER,weekly,2.0,,,,138,2024-02-09 00:00,2026-09-25 00:00,22.83,28.71,14.49,1.98,0.15,-0.18,0.59,50.8,True,1.04,1.92,0,0,12,51639156.0,"[95, 108, 117, 127]",293,54.1,67.3,1.276,10.0,10.0,0.1248,0.1614,0.645,0.0341,0.0197,0.27,1.33,,0.01
EVER,weekly,3.0,,,,148,2023-12-01 00:00,2026-09-25 00:00,22.83,28.71,10.26,2.8,0.31,-0.42,0.68,50.8,True,1.04,1.92,0,0,13,51278861.0,"[105, 118, 127, 137]",283,54.1,67.3,1.276,10.0,10.0,0.1428,0.2003,0.622,0.0341,0.0197,0.24,1.34,,0.01
EVH,weekly,3.0,,,,47,2025-11-07 00:00,2026-09-25 00:00,3.69,5.88,2.21,2.66,0.22,-0.94,0.4,43.9,True,0.46,1.41,0,0,4,53501645.0,"[11, 16, 35, 41]",544,66.0,52.5,0.806,6.0,5.0,0.1367,0.2264,0.702,0.0905,0.0972,0.66,1.15,,0.06
EVH,daily,1.5,ANTI,,,32,2026-08-06 00:00,2026-09-21 00:00,3.69,4.92,3.59,1.37,-0.35,-0.42,0.08,32.5,False,-1.1,-1.19,0,0,2,11561421.0,"[6, 14]",2808,57.0,60.5,1.051,8.0,17.0,0.0789,0.0886,0.531,0.016,0.0265,0.2,0.73,,0.09
EVH,daily,2.0,ANTI,,,48,2026-07-15 00:00,2026-09-21 00:00,3.69,5.93,3.08,1.93,-0.27,-0.5,0.21,32.5,False,-1.1,-1.19,0,0,2,11918585.0,"[22, 30]",2792,57.0,60.5,1.051,8.0,17.0,0.1101,0.1726,0.604,0.016,0.0265,0.15,0.71,,0.06
EVLV,weekly,2.0,ANTI,,,73,2025-05-09 00:00,2026-09-25 00:00,4.93,8.76,4.44,1.97,-0.29,-0.42,0.11,41.1,False,-0.49,-1.29,0,0,7,79254552.0,"[32, 51, 60, 65]",241,50.9,51.2,0.982,5.0,7.0,0.1045,0.1601,0.616,0.0361,0.0637,0.35,0.58,,0.0
EVLV,weekly,3.0,ANTI,,,77,2025-04-11 00:00,2026-09-25 00:00,4.93,8.76,3.31,2.65,-0.07,-0.57,0.3,41.1,False,-0.49,-1.29,0,0,7,77296589.0,"[36, 55, 64, 69]",237,50.9,51.2,0.982,5.0,7.0,0.1117,0.1848,0.779,0.0361,0.0637,0.32,0.6,,0.0
EVMN,daily,2.0,ANTI,,,59,2026-06-29 00:00,2026-09-21 00:00,9.45,15.05,9.37,1.61,-0.28,-0.7,0.01,29.8,False,-1.22,-2.44,0,0,5,5696621.0,"[15, 36, 41, 49]",159,52.0,47.8,0.927,8.0,9.0,0.0873,0.1169,0.627,0.0458,0.1034,0.52,0.92,,0.05
EVR,weekly,1.5,ANTI,,,66,2025-06-27 00:00,2026-09-25 00:00,269.01,375.75,262.6,1.43,0.08,-0.14,0.06,36.4,False,-0.8,-0.93,0,0,4,691708731.0,"[12, 29, 42, 51]",860,61.3,60.9,1.027,9.0,14.0,0.0671,0.0881,0.652,0.041,0.078,0.61,1.03,,0.0
EVR,weekly,2.0,,,,75,2025-04-25 00:00,2026-09-25 00:00,269.01,375.75,194.25,1.93,0.36,-0.36,0.41,36.4,False,-0.8,-0.93,0,0,4,676135454.0,"[21, 38, 51, 60]",851,61.3,60.9,1.027,9.0,14.0,0.0787,0.1319,0.547,0.041,0.078,0.52,1.05,,0.0
EVTC,weekly,1.5,,,,52,2025-10-03 00:00,2026-09-25 00:00,27.82,32.32,22.3,1.45,-0.11,-0.46,0.55,46.9,True,0.5,0.48,2,0,4,65433662.0,"[14, 23, 28, 45]",651,54.9,59.8,1.033,17.0,6.0,0.0354,0.0714,0.654,0.0181,0.0168,0.51,0.86,,0.0
EXE,weekly,1.5,ANTI,,,99,2024-11-08 00:00,2026-09-25 00:00,87.65,120.73,86.46,1.4,-0.1,-0.05,0.03,39.9,False,0.24,-0.24,0,0,9,1640041331.0,"[56, 64, 72, 94]",195,57.2,54.0,0.875,22.0,4.0,0.0537,0.0799,0.596,0.0297,0.0412,0.55,0.72,,0.0
EXK,weekly,2.0,,,,53,2025-09-26 00:00,2026-09-25 00:00,10.13,14.12,7.2,1.96,0.1,0.07,0.42,53.7,True,0.24,0.27,0,0,6,457845249.0,"[17, 22, 29, 40]",873,52.2,46.4,0.841,11.0,12.0,0.1155,0.165,0.566,0.0254,0.0622,0.22,0.83,,0.0
EXK,daily,1.5,,,,35,2026-08-03 00:00,2026-09-21 00:00,10.13,11.47,7.73,1.48,0.29,-0.38,0.64,49.1,False,-0.86,-0.24,0,0,3,83714525.0,"[7, 18, 23]",4421,65.7,62.9,1.015,5.0,11.0,0.0428,0.0821,0.457,0.0212,0.0558,0.5,0.86,,0.03
EXLS,weekly,1.5,COMP,,,34,2026-02-06 00:00,2026-09-25 00:00,35.26,38.4,25.93,1.48,0.38,-0.5,0.75,55.9,True,1.13,0.8,0,0,3,350925174.0,"[12, 17, 29]",892,40.6,65.3,1.294,12.0,4.0,0.0598,0.1039,0.647,0.0115,0.0499,0.19,0.98,,0.03
EXLS,weekly,2.0,,,,152,2023-11-03 00:00,2026-09-25 00:00,35.26,51.4,25.93,1.98,0.11,-0.31,0.37,55.9,True,1.13,0.8,0,0,12,220990055.0,"[112, 130, 135, 147]",774,40.6,65.3,1.294,12.0,4.0,0.1748,0.187,0.454,0.0115,0.0499,0.07,1.55,,0.03
EXP,weekly,1.5,ANTI,,,87,2025-01-31 00:00,2026-09-25 00:00,179.14,254.57,172.64,1.47,-0.33,-0.45,0.08,37.8,False,-0.25,-0.28,0,0,7,405250946.0,"[49, 55, 73, 79]",839,59.2,51.0,0.916,6.0,7.0,0.0503,0.078,0.805,0.06,0.0406,1.19,0.84,,0.01
EXP,weekly,2.0,ANTI,,,152,2023-11-03 00:00,2026-09-25 00:00,179.14,311.41,162.83,1.91,-0.22,-0.15,0.11,37.8,False,-0.25,-0.28,0,0,12,370827418.0,"[114, 120, 138, 144]",774,59.2,51.0,0.916,6.0,7.0,0.078,0.1314,0.77,0.06,0.0406,0.77,0.92,,0.01
EXR,weekly,1.5,,,,150,2023-11-17 00:00,2026-09-25 00:00,137.46,164.94,111.48,1.48,0.08,-0.4,0.49,45.3,True,-0.18,0.11,0,0,14,777770160.0,"[118, 126, 134, 142]",776,59.6,57.8,1.004,8.0,7.0,0.0457,0.0715,0.86,0.022,0.0186,0.48,0.92,,0.03
EXTR,daily,2.0,,,,114,2026-04-09 00:00,2026-09-21 00:00,22.73,33.71,16.9,1.99,0.18,-0.07,0.35,47.3,False,0.35,-0.31,0,0,12,49005105.0,"[70, 80, 88, 97]",4342,36.2,38.0,0.952,9.0,16.0,0.1671,0.1834,0.553,0.0095,0.0119,0.06,0.55,,0.04
EYE,weekly,2.0,ANTI,,,73,2025-05-09 00:00,2026-09-25 00:00,16.45,29.28,15.44,1.9,-0.36,-0.41,0.07,38.2,False,0.08,-1.44,0,0,5,203030619.0,"[21, 30, 39, 65]",393,60.5,52.6,0.78,26.0,7.0,0.1249,0.1684,0.507,0.0329,0.0995,0.26,0.89,,0.01
EYE,daily,1.5,ANTI,,,97,2026-05-04 00:00,2026-09-21 00:00,16.45,23.12,15.44,1.5,-0.05,-0.48,0.13,38.0,False,0.04,-0.62,0,0,7,37211814.0,"[50, 63, 78, 91]",2139,40.8,41.4,0.937,13.0,5.0,0.0827,0.1128,0.474,0.0249,0.0148,0.3,1.1,,0.04
F,daily,1.5,ANTI,,,95,2026-05-06 00:00,2026-09-21 00:00,13.17,17.25,11.77,1.47,-0.0,-0.16,0.25,40.0,False,-0.36,-0.24,0,0,6,693532096.0,"[35, 57, 72, 84]",4361,56.4,59.2,1.008,12.0,10.0,0.0244,0.0631,0.874,0.0232,0.026,0.95,0.91,,0.02
FA,daily,1.5,,,,64,2026-06-22 00:00,2026-09-21 00:00,20.49,24.12,16.13,1.5,0.35,-0.06,0.55,46.4,True,0.05,0.05,1,0,6,32068357.0,"[26, 32, 53, 58]",1253,54.2,59.8,1.042,5.0,5.0,0.0281,0.0755,0.766,0.022,0.0224,0.78,0.84,,0.03
FAC,daily,1.5,COMP,,,50,2026-07-13 00:00,2026-09-21 00:00,6.24,6.25,4.6,1.36,-0.2,-0.79,0.99,60.8,True,0.93,0.59,0,0,4,1543615.0,"[7, 17, 33, 40]",263,43.8,52.6,1.082,7.0,9.0,0.0703,0.0894,0.44,0.0539,0.0494,0.77,0.76,,0.04
FAC,daily,2.0,COMP,,,50,2026-07-13 00:00,2026-09-21 00:00,6.24,6.25,4.6,1.36,-0.2,-0.79,0.99,60.8,True,0.93,0.59,0,0,4,1543615.0,"[7, 17, 33, 40]",263,43.8,52.6,1.082,7.0,9.0,0.0703,0.0894,0.44,0.0539,0.0494,0.77,0.76,,0.04
FBIN,daily,1.5,ANTI,,,83,2026-05-22 00:00,2026-09-21 00:00,39.6,54.58,37.43,1.46,0.1,-0.41,0.13,32.8,False,-0.49,-0.81,0,0,7,102464386.0,"[36, 43, 49, 65]",3691,61.6,45.4,0.883,16.0,17.0,0.1017,0.1055,0.482,0.0049,0.0275,0.05,0.89,,0.02
FC,weekly,2.0,ANTI,,,27,2026-03-27 00:00,2026-09-25 00:00,17.54,24.84,15.29,1.62,-0.33,-0.64,0.24,40.0,False,-0.85,-1.08,0,0,3,7983011.0,"[1, 13, 19]",899,62.1,52.9,0.878,6.0,7.0,0.0573,0.1093,0.593,0.0614,0.0572,1.07,0.8,,0.0
FC,weekly,3.0,ANTI,,,84,2025-02-21 00:00,2026-09-25 00:00,17.54,32.8,11.54,2.84,-0.22,-0.76,0.28,40.0,False,-0.85,-1.08,0,0,6,10432052.0,"[47, 58, 70, 76]",842,62.1,52.9,0.878,6.0,7.0,0.1048,0.1998,0.774,0.0614,0.0572,0.59,0.61,,0.0
FC,daily,2.0,,,,126,2026-03-23 00:00,2026-09-21 00:00,17.54,25.55,13.59,1.88,-0.12,-0.35,0.33,33.7,False,-0.5,-0.71,0,0,9,1704253.0,"[67, 87, 93, 106]",4330,51.5,47.6,0.941,13.0,19.0,0.0649,0.1135,0.635,0.0129,0.0222,0.2,0.6,,0.04
FCBM,daily,1.5,,,,65,2026-06-18 00:00,2026-09-21 00:00,12.75,13.24,12.36,1.07,-0.0,,0.44,49.6,True,0.41,0.09,1,0,4,1205285.0,"[7, 19, 30, 36]",0,,,,,,0.0071,0.0122,0.815,0.005,0.0063,0.7,2.92,,0.12
FCBM,daily,2.0,,,,65,2026-06-18 00:00,2026-09-21 00:00,12.75,13.24,12.36,1.07,-0.0,,0.44,49.6,True,0.41,0.09,1,0,4,1205285.0,"[7, 19, 30, 36]",0,,,,,,0.0071,0.0122,0.815,0.005,0.0063,0.7,2.92,,0.12
FCBM,daily,3.0,,,,65,2026-06-18 00:00,2026-09-21 00:00,12.75,13.24,12.36,1.07,-0.0,,0.44,49.6,True,0.41,0.09,1,0,4,1205285.0,"[7, 19, 30, 36]",0,,,,,,0.0071,0.0122,0.815,0.005,0.0063,0.7,2.92,,0.12
FCEL,daily,3.0,,,,100,2026-04-29 00:00,2026-09-21 00:00,17.96,36.01,12.28,2.93,-0.03,0.01,0.24,51.1,False,-0.16,-1.21,0,0,7,183396578.0,"[58, 63, 74, 90]",4356,52.7,46.8,0.794,16.0,9.0,0.1215,0.2085,0.61,0.0302,0.059,0.25,0.47,,0.01
FCNCA,weekly,1.5,,,,127,2024-04-26 00:00,2026-09-25 00:00,2121.73,2334.33,1561.5,1.49,0.28,-0.04,0.72,52.2,True,0.41,0.54,0,0,11,811527355.0,"[87, 103, 111, 120]",799,59.3,70.1,1.087,9.0,6.0,0.0717,0.087,0.701,0.0118,0.02,0.16,0.7,,0.02
FCPT,weekly,1.5,,,,152,2023-11-03 00:00,2026-09-25 00:00,22.62,26.95,18.59,1.45,0.39,-0.21,0.48,35.5,True,-0.36,-0.02,1,0,13,74757814.0,"[106, 118, 128, 141]",418,59.8,63.0,1.042,13.0,10.0,0.0513,0.0811,0.566,0.0062,0.0103,0.12,1.15,,0.03
FDMT,daily,1.5,,,,29,2026-08-11 00:00,2026-09-21 00:00,15.24,16.76,11.47,1.46,0.17,-0.14,0.71,61.1,False,-1.04,-0.23,0,0,1,11277696.0,[6],1420,,,,,,0.0491,0.0901,0.69,0.0313,0.0403,0.64,0.97,,0.0
FERG,weekly,1.5,,,,70,2025-05-30 00:00,2026-09-25 00:00,216.14,262.28,178.22,1.47,0.23,-0.17,0.45,40.9,False,-0.39,-0.41,0,0,7,1582730319.0,"[36, 48, 56, 62]",830,51.1,60.8,1.076,6.0,7.0,0.0402,0.0672,0.714,0.0571,0.0178,1.42,1.06,,0.04
FET,daily,1.5,COMP,,,36,2026-07-31 00:00,2026-09-21 00:00,80.86,86.31,62.67,1.38,0.32,-0.03,0.77,56.3,True,-0.54,0.03,0,0,3,14988179.0,"[11, 22, 29]",3595,66.5,65.7,1.009,7.0,6.0,0.0209,0.0553,0.417,0.0081,0.0082,0.39,0.97,,0.03
FFIN,weekly,1.5,,,,118,2024-06-28 00:00,2026-09-25 00:00,32.74,40.85,27.28,1.5,-0.25,-0.35,0.4,48.2,True,0.11,0.38,1,0,8,94704816.0,"[53, 60, 84, 104]",808,59.7,63.1,1.027,20.0,13.0,0.0475,0.0772,0.771,0.0126,0.0208,0.27,1.0,,0.03
FFIV,daily,1.5,COMP,,,101,2026-04-28 00:00,2026-09-21 00:00,450.1,450.1,303.79,1.48,0.39,-0.04,1.0,67.5,True,0.88,0.41,0,1,7,224131786.0,"[50, 61, 73, 84]",4355,58.7,55.6,0.97,11.0,16.0,0.0325,0.0661,0.762,0.0268,0.0471,0.82,1.13,,0.03
FG,weekly,1.5,ANTI,,,28,2026-03-20 00:00,2026-09-25 00:00,22.86,31.76,22.33,1.42,-0.12,-0.51,0.06,40.0,False,-0.3,-0.48,0,0,2,76956485.0,"[6, 17]",173,52.8,63.7,1.133,11.0,10.0,0.0411,0.0894,0.679,0.0363,0.0868,0.88,0.82,,0.0
FG,daily,1.5,ANTI,,,131,2026-03-16 00:00,2026-09-21 00:00,22.86,32.04,21.47,1.49,-0.01,-0.36,0.13,38.1,False,0.42,-0.26,1,0,12,15257546.0,"[92, 97, 104, 120]",828,42.3,46.6,0.912,16.0,10.0,0.057,0.0861,0.702,0.009,0.017,0.16,0.91,,0.04
FICO,weekly,1.5,ANTI,,,29,2026-03-13 00:00,2026-09-25 00:00,924.52,1270.83,922.37,1.38,-0.09,-0.61,0.01,37.7,False,0.28,-0.22,0,0,2,1819912021.0,"[11, 16]",897,47.5,50.4,1.016,5.0,12.0,0.0726,0.094,0.586,0.0757,0.1139,1.04,0.96,,0.0
FICO,daily,1.5,ANTI,,,135,2026-03-10 00:00,2026-09-21 00:00,924.52,1373.08,922.37,1.49,0.01,-0.5,0.0,34.1,False,-0.63,-0.96,0,0,11,347040405.0,"[90, 97, 114, 129]",4321,54.1,41.2,0.854,15.0,5.0,0.0668,0.088,0.719,0.0157,0.0229,0.24,0.9,,0.01
FIG,weekly,2.0,,,,37,2026-01-16 00:00,2026-09-25 00:00,22.33,29.57,17.47,1.69,-0.17,-0.86,0.4,34.6,True,1.18,1.03,0,0,3,1772178581.0,"[6, 19, 32]",24,22.9,41.0,1.13,13.0,4.0,0.111,0.1464,0.622,0.0504,0.0442,0.45,1.04,,0.0
FIG,daily,1.5,ANTI,,,41,2026-07-24 00:00,2026-09-21 00:00,22.33,30.62,21.12,1.45,-0.09,-0.32,0.13,40.6,False,-0.86,-0.93,0,0,3,385125844.0,"[8, 24, 35]",247,67.9,46.2,0.781,11.0,5.0,0.0671,0.0833,0.683,0.0257,0.0306,0.38,0.75,,0.0
FIGR,weekly,2.0,,,,34,2026-02-06 00:00,2026-09-25 00:00,35.29,43.28,24.91,1.74,-0.05,-0.66,0.57,55.2,False,-0.22,-0.18,0,0,3,631353849.0,"[14, 21, 28]",21,55.1,59.4,1.153,7.0,5.0,0.077,0.1311,0.618,0.0174,0.0631,0.23,1.2,,0.0
FIGR,weekly,3.0,,,,55,2025-09-12 00:00,2026-09-25 00:00,35.29,73.91,24.91,2.97,-0.26,,0.21,55.2,False,-0.22,-0.18,0,0,5,620955647.0,"[18, 35, 42, 49]",0,55.1,59.4,1.153,7.0,5.0,0.1158,0.2388,0.345,0.0174,0.0631,0.15,1.22,,0.0
FIGS,weekly,2.0,,,,47,2025-11-07 00:00,2026-09-25 00:00,13.13,16.51,8.55,1.93,0.29,0.04,0.58,52.1,False,-0.31,-0.27,0,0,4,158739902.0,"[6, 17, 24, 42]",232,71.1,63.4,0.934,18.0,4.0,0.1314,0.1668,0.574,0.0467,0.1188,0.36,1.09,,0.02
FIVN,weekly,3.0,COMP,,,83,2025-02-28 00:00,2026-09-25 00:00,37.01,37.01,13.61,2.72,-0.1,-0.84,1.0,69.3,True,1.04,2.14,0,0,7,233320054.0,"[41, 51, 65, 75]",569,62.8,71.3,1.396,10.0,7.0,0.143,0.2214,0.675,0.0229,0.0557,0.16,1.15,,0.0
FIX,weekly,1.5,,,,29,2026-03-13 00:00,2026-09-25 00:00,1632.59,1991.71,1355.52,1.47,0.18,-0.07,0.44,50.5,False,-1.54,-0.26,0,0,3,3692380260.0,"[9, 14, 22]",897,76.8,59.5,0.902,8.0,6.0,0.0596,0.101,0.621,0.0234,0.0248,0.39,0.8,,0.03
FIX,daily,1.5,,,,120,2026-03-31 00:00,2026-09-21 00:00,1632.59,2065.44,1377.74,1.5,-0.16,-0.06,0.37,50.1,False,-0.0,-0.31,0,0,11,682709287.0,"[78, 86, 95, 113]",4336,60.2,53.8,0.899,18.0,6.0,0.0627,0.086,0.758,0.0086,0.0123,0.14,0.75,,0.03
FJIKY,weekly,2.0,,,,34,2026-02-06 00:00,2026-09-25 00:00,16.61,21.64,11.92,1.82,0.28,-0.56,0.48,53.0,False,-0.61,-0.46,0,0,4,35597512.0,"[3, 13, 20, 27]",54,59.4,56.5,0.953,7.0,6.0,0.1385,0.1538,0.559,0.0051,0.019,0.04,0.76,,0.03
FJIKY,daily,1.5,,,,36,2026-08-03 00:00,2026-09-21 00:00,16.61,19.06,13.75,1.39,-0.07,-0.46,0.54,52.6,False,-0.31,-0.32,0,0,3,5552455.0,"[7, 18, 27]",385,55.2,56.4,1.013,9.0,8.0,0.0372,0.0632,0.833,0.0327,0.0221,0.88,0.98,,0.14
FJIKY,daily,2.0,,,,65,2026-06-23 00:00,2026-09-21 00:00,16.61,19.73,11.15,1.77,-0.03,-0.56,0.64,52.6,False,-0.31,-0.32,0,0,4,5750301.0,"[20, 36, 47, 56]",356,55.2,56.4,1.013,9.0,8.0,0.0631,0.1129,0.769,0.0327,0.0221,0.52,0.94,,0.11
FLEX,daily,2.0,,,,108,2026-04-17 00:00,2026-09-21 00:00,111.61,162.07,81.83,1.98,-0.11,0.02,0.37,48.7,False,0.07,-0.36,1,0,10,523057007.0,"[74, 83, 91, 101]",4348,46.0,51.2,1.004,10.0,6.0,0.1284,0.1647,0.611,0.0043,0.0057,0.03,0.65,,0.01
FLOC,weekly,1.5,ANTI,,,39,2026-01-02 00:00,2026-09-25 00:00,19.87,27.03,18.7,1.45,0.01,-0.36,0.14,42.5,False,-0.85,-0.75,0,0,3,60211969.0,"[5, 19, 32]",50,71.8,57.6,0.872,13.0,6.0,0.0615,0.0868,0.538,0.0312,0.0267,0.51,0.92,,0.0
FLOC,weekly,2.0,,,,88,2025-01-24 00:00,2026-09-25 00:00,19.87,27.77,13.94,1.99,0.11,,0.43,42.5,False,-0.85,-0.75,0,0,5,40340781.0,"[26, 54, 68, 81]",1,71.8,57.6,0.872,13.0,6.0,0.1241,0.1709,0.614,0.0312,0.0267,0.25,1.37,,0.0
FLOC,weekly,3.0,,,,89,2025-01-17 00:00,2026-09-25 00:00,19.87,29.08,13.94,2.09,0.06,,0.39,42.5,False,-0.85,-0.75,0,0,5,41186521.0,"[27, 55, 69, 82]",0,71.8,57.6,0.872,13.0,6.0,0.1259,0.1754,0.629,0.0312,0.0267,0.25,1.34,,0.0
FLS,weekly,1.5,,,,48,2025-10-31 00:00,2026-09-25 00:00,74.67,89.16,64.88,1.37,0.17,0.03,0.4,49.6,False,-0.15,-0.02,0,0,5,622500863.0,"[15, 23, 33, 41]",878,58.1,57.6,0.993,8.0,6.0,0.0462,0.0784,0.583,0.0331,0.0312,0.72,0.93,,0.0
FLUT,daily,1.5,ANTI,,,151,2026-02-13 00:00,2026-09-21 00:00,86.86,126.08,86.86,1.45,-0.36,-0.7,0.0,32.0,False,-0.24,-0.23,0,0,13,280062440.0,"[125, 130, 139, 145]",1611,52.8,50.7,0.983,6.0,5.0,0.046,0.068,0.821,0.0253,0.0123,0.55,0.91,,0.05
FLWS,weekly,2.0,ANTI,,,53,2025-09-26 00:00,2026-09-25 00:00,2.57,4.87,2.48,1.96,-0.2,-0.77,0.04,33.4,False,-0.37,-1.07,0,0,4,8383497.0,"[4, 16, 32, 42]",873,60.7,51.6,0.853,10.0,10.0,0.1143,0.1457,0.66,0.0858,0.0393,0.75,0.52,,0.02
FLY,weekly,3.0,ANTI,,,60,2025-08-08 00:00,2026-09-25 00:00,22.83,50.17,16.78,2.99,-0.3,,0.18,44.1,False,-0.83,-3.99,0,0,5,417680081.0,"[23, 36, 41, 52]",0,65.4,46.6,0.54,11.0,7.0,0.2224,0.3191,0.367,0.0538,0.0914,0.24,0.69,,0.0
FLYW,weekly,3.0,,,,132,2024-03-22 00:00,2026-09-25 00:00,17.12,24.81,8.53,2.91,-0.29,-0.75,0.53,53.0,True,0.19,1.31,0,1,10,120132582.0,"[102, 111, 119, 126]",147,68.2,64.7,1.042,7.0,5.0,0.1755,0.2398,0.652,0.0324,0.0417,0.18,1.03,,0.0
FMNB,weekly,1.5,COMP,,,118,2024-06-28 00:00,2026-09-25 00:00,15.31,16.13,10.82,1.49,0.34,-0.14,0.85,57.7,True,0.33,0.7,0,0,12,8420794.0,"[86, 94, 102, 111]",808,63.6,71.4,1.123,9.0,6.0,0.0535,0.0784,0.822,0.0076,0.0147,0.14,3.4,,0.04
FMS,weekly,1.5,,,,99,2024-11-08 00:00,2026-09-25 00:00,22.22,27.9,19.91,1.4,-0.01,-0.19,0.29,43.7,True,0.26,0.32,0,0,10,49939019.0,"[59, 66, 74, 90]",827,50.2,68.9,1.13,16.0,8.0,0.049,0.0783,0.667,0.0264,0.0314,0.54,1.53,,0.03
FN,weekly,2.0,ANTI,,,52,2025-10-03 00:00,2026-09-25 00:00,401.57,722.04,361.94,1.99,0.22,-0.06,0.11,39.5,False,-1.62,-3.16,0,0,4,1738424588.0,"[5, 20, 29, 45]",797,78.8,53.1,0.792,16.0,6.0,0.1292,0.1872,0.558,0.0423,0.0804,0.33,1.02,,0.02
FND,weekly,1.5,,,,30,2026-03-06 00:00,2026-09-25 00:00,47.25,62.69,43.49,1.44,0.03,-0.67,0.2,39.7,True,0.46,0.22,0,0,3,654018189.0,"[6, 16, 22]",462,52.6,56.2,1.052,6.0,7.0,0.0819,0.0873,0.6,0.0834,0.0743,1.02,0.86,,0.03
FND,daily,1.5,ANTI,,,139,2026-03-04 00:00,2026-09-21 00:00,47.25,64.13,43.49,1.47,0.02,-0.43,0.18,38.1,False,-0.59,-1.03,0,0,10,134781084.0,"[79, 92, 106, 128]",2225,66.5,38.9,0.801,22.0,10.0,0.0657,0.0848,0.669,0.0057,0.0114,0.09,0.9,,0.03
FNF,weekly,1.5,ANTI,,,147,2023-12-08 00:00,2026-09-25 00:00,42.46,59.0,40.2,1.47,0.21,-0.02,0.12,33.3,False,-0.16,-0.24,1,0,15,343008679.0,"[103, 113, 124, 136]",779,52.1,56.8,1.003,12.0,10.0,0.0737,0.0909,0.612,0.0574,0.0563,0.78,1.2,,0.04
FNKO,weekly,3.0,,,,81,2025-03-14 00:00,2026-09-25 00:00,5.43,7.3,2.46,2.97,0.25,-0.83,0.61,50.7,True,0.22,1.49,0,0,5,19659397.0,"[28, 49, 63, 76]",384,63.7,72.5,1.25,13.0,4.0,0.2288,0.2587,0.568,0.0614,0.0484,0.27,1.73,,0.0
FNKO,daily,1.5,ANTI,,,85,2026-05-20 00:00,2026-09-21 00:00,5.43,7.1,4.91,1.45,0.34,-0.11,0.24,41.7,False,-1.06,-0.98,0,0,7,4460258.0,"[38, 46, 55, 65]",2146,58.3,67.0,1.11,10.0,19.0,0.0478,0.0765,0.6,0.0074,0.0129,0.15,1.25,,0.05
FNV,weekly,1.5,COMP,,,47,2025-11-07 00:00,2026-09-25 00:00,261.68,279.09,189.91,1.47,0.34,-0.13,0.8,61.1,True,0.33,0.26,0,0,3,873824868.0,"[11, 16, 23]",879,72.5,60.3,0.937,7.0,23.0,0.0901,0.1013,0.553,0.0017,0.1135,0.02,1.14,,0.06
FOA,weekly,2.0,ANTI,,,57,2025-08-29 00:00,2026-09-25 00:00,14.6,27.8,14.01,1.98,-0.38,-0.53,0.04,33.9,False,-0.39,-0.85,0,0,4,8132043.0,"[12, 20, 33, 44]",331,57.1,66.8,1.177,11.0,12.0,0.0886,0.142,0.737,0.1549,0.1714,1.75,0.65,,0.02
FOA,weekly,3.0,ANTI,,,108,2024-09-06 00:00,2026-09-25 00:00,14.6,29.81,10.21,2.92,0.09,-0.48,0.22,33.9,False,-0.39,-0.85,0,0,8,8526338.0,"[63, 71, 84, 95]",280,57.1,66.8,1.177,11.0,12.0,0.0968,0.2,0.759,0.1549,0.1714,1.6,0.62,,0.01
FOR,weekly,1.5,,,,65,2025-07-04 00:00,2026-09-25 00:00,26.38,31.94,21.73,1.47,0.38,-0.46,0.46,43.2,True,-0.17,0.25,0,0,4,17944606.0,"[7, 32, 42, 51]",861,56.9,66.9,1.136,9.0,13.0,0.0567,0.0791,0.831,0.0453,0.0353,0.8,0.86,,0.03
FOR,weekly,2.0,,,,129,2024-04-12 00:00,2026-09-25 00:00,26.38,37.58,18.9,1.99,-0.21,-0.53,0.4,43.2,True,-0.17,0.25,0,0,8,19347152.0,"[71, 96, 106, 115]",797,56.9,66.9,1.136,9.0,13.0,0.1003,0.15,0.736,0.0453,0.0353,0.45,0.8,,0.02
FORM,weekly,2.0,,,,34,2026-02-06 00:00,2026-09-25 00:00,119.31,155.08,85.01,1.82,0.24,0.09,0.49,53.2,False,-1.28,-0.82,0,0,3,810017233.0,"[11, 19, 27]",892,66.9,58.2,0.88,8.0,6.0,0.1178,0.1568,0.618,0.023,0.0752,0.2,0.76,,0.0
FORM,daily,1.5,,,,37,2026-07-30 00:00,2026-09-21 00:00,119.31,138.16,95.41,1.45,-0.26,-0.4,0.56,57.4,False,-0.0,-0.41,0,0,3,126657379.0,"[3, 12, 30]",4419,62.8,53.9,0.832,18.0,6.0,0.0558,0.0883,0.622,0.0606,0.0543,1.09,1.03,,0.03
FOSL,daily,1.5,,,,40,2026-07-27 00:00,2026-09-21 00:00,5.86,6.09,4.21,1.45,0.01,-0.25,0.88,63.4,False,-0.49,-0.3,0,0,3,4157258.0,"[6, 15, 29]",4416,66.9,49.0,0.897,14.0,10.0,0.0551,0.0833,0.7,0.0714,0.0411,1.3,0.92,,0.0
FOUR,weekly,1.5,,,,31,2026-02-27 00:00,2026-09-25 00:00,39.37,53.0,38.08,1.39,0.04,-0.69,0.09,40.9,True,0.52,0.02,0,0,2,367518214.0,"[7, 22]",299,40.6,52.9,1.067,15.0,8.0,0.0713,0.0843,0.613,0.0526,0.0951,0.74,1.14,,0.0
FOUR,daily,1.5,ANTI,,,70,2026-06-11 00:00,2026-09-21 00:00,39.37,56.05,38.57,1.45,-0.13,-0.43,0.05,38.7,False,-0.27,-0.65,0,0,8,73536784.0,"[43, 50, 59, 64]",1511,49.9,50.2,0.987,5.0,5.0,0.0799,0.0993,0.629,0.0438,0.0434,0.55,1.13,,0.06
FOUR-P-A,weekly,1.5,,,,35,2026-01-30 00:00,2026-09-25 00:00,53.84,71.49,50.2,1.42,-0.13,-0.55,0.17,43.3,True,0.68,0.41,0,0,2,11734957.0,"[11, 26]",39,39.5,55.9,1.122,15.0,8.0,0.0605,0.1005,0.371,0.0419,0.0469,0.69,0.61,,0.0
FOUR-P-A,daily,1.5,ANTI,,,153,2026-02-11 00:00,2026-09-21 00:00,53.84,71.25,47.96,1.49,0.07,-0.5,0.25,41.0,False,-0.28,-0.43,0,0,12,1049927.0,"[106, 115, 134, 146]",192,52.8,51.5,0.96,12.0,6.0,0.0587,0.0913,0.614,0.0269,0.0353,0.46,1.23,,0.01
FOUR-PA,weekly,1.5,,,,35,2026-01-30 00:00,2026-09-25 00:00,53.84,71.49,50.2,1.42,-0.13,-0.55,0.17,43.3,True,0.68,0.41,0,0,2,11734957.0,"[11, 26]",39,39.5,55.9,1.122,15.0,8.0,0.0605,0.1005,0.371,0.0419,0.0469,0.69,0.6,,0.0
FOUR-PA,daily,1.5,ANTI,,,153,2026-02-11 00:00,2026-09-21 00:00,53.84,71.25,47.96,1.49,0.07,-0.5,0.25,41.0,False,-0.28,-0.43,0,0,12,1049927.0,"[106, 115, 134, 146]",192,52.8,51.5,0.96,12.0,6.0,0.0587,0.0913,0.614,0.0269,0.0353,0.46,1.23,,0.01
FOXA,weekly,1.5,,,,73,2025-05-09 00:00,2026-09-25 00:00,64.79,73.61,49.55,1.49,0.32,-0.12,0.63,53.7,True,0.2,0.2,0,0,7,1084955411.0,"[33, 49, 56, 66]",321,58.4,59.9,1.032,10.0,6.0,0.0763,0.099,0.616,0.0241,0.0588,0.32,1.51,,0.01
FOXF,weekly,1.5,,,,44,2025-11-28 00:00,2026-09-25 00:00,18.47,21.85,14.79,1.48,0.37,-0.78,0.52,47.7,True,0.59,0.82,0,0,2,47019599.0,"[12, 38]",642,47.1,62.3,1.108,26.0,5.0,0.0595,0.0884,0.727,0.0406,0.081,0.68,0.89,,0.0
FOXF,weekly,2.0,,,,55,2025-09-12 00:00,2026-09-25 00:00,18.47,27.25,13.91,1.96,-0.18,-0.87,0.34,47.7,True,0.59,0.82,0,0,3,48729238.0,"[6, 23, 49]",631,47.1,62.3,1.108,26.0,5.0,0.073,0.1546,0.6,0.0406,0.081,0.56,0.86,,0.0
FPI,weekly,1.5,,,,110,2024-08-23 00:00,2026-09-25 00:00,10.95,12.82,8.56,1.5,0.14,-0.27,0.56,60.4,False,0.05,-0.3,0,0,7,19913888.0,"[45, 52, 79, 86]",541,80.3,59.0,0.911,7.0,23.0,0.053,0.0773,0.736,0.034,0.0323,0.64,1.32,,0.04
FRBT,daily,1.5,ANTI,,,70,2026-06-11 00:00,2026-09-21 00:00,18.0,20.22,17.65,1.15,0.01,,0.14,41.5,False,0.15,-0.15,0,1,5,1962991.0,"[31, 41, 59, 64]",0,54.4,51.3,0.987,5.0,5.0,0.0267,0.0339,0.6,0.0113,0.0162,0.42,1.19,,0.09
FRBT,daily,2.0,ANTI,,,70,2026-06-11 00:00,2026-09-21 00:00,18.0,20.22,17.65,1.15,0.01,,0.14,41.5,False,0.15,-0.15,0,1,5,1962991.0,"[31, 41, 59, 64]",0,54.4,51.3,0.987,5.0,5.0,0.0267,0.0339,0.6,0.0113,0.0162,0.42,1.19,,0.09
FRBT,daily,3.0,ANTI,,,70,2026-06-11 00:00,2026-09-21 00:00,18.0,20.22,17.65,1.15,0.01,,0.14,41.5,False,0.15,-0.15,0,1,5,1962991.0,"[31, 41, 59, 64]",0,54.4,51.3,0.987,5.0,5.0,0.0267,0.0339,0.6,0.0113,0.0162,0.42,1.19,,0.09
FRHC,weekly,2.0,COMP,,,108,2024-09-06 00:00,2026-09-25 00:00,174.13,182.17,93.25,1.95,0.37,-0.07,0.91,61.1,True,0.09,0.56,0,0,11,64528383.0,"[66, 84, 96, 103]",343,61.1,63.0,1.053,7.0,4.0,0.1015,0.1492,0.667,0.0447,0.0587,0.44,0.83,,0.0
FRMI,weekly,2.0,ANTI,,,30,2026-03-06 00:00,2026-09-25 00:00,5.06,9.5,4.87,1.95,-0.23,-0.83,0.04,40.8,False,0.42,-0.27,0,0,1,459499678.0,[15],22,,,,,,0.1431,0.1954,0.467,0.0603,0.1132,0.42,0.91,,0.0
FRMM,daily,2.0,,,,108,2026-04-17 00:00,2026-09-21 00:00,4.92,6.81,3.7,1.84,0.31,-0.75,0.39,45.5,False,-0.67,-1.31,0,1,10,1271019.0,"[59, 64, 78, 88]",2213,59.1,53.3,0.957,10.0,19.0,0.0991,0.129,0.75,0.0198,0.0408,0.2,0.37,,0.0
FRMM,daily,3.0,DIVDN,DN,strict,109,2026-04-16 00:00,2026-09-21 00:00,4.92,6.81,2.37,2.87,0.25,-0.85,0.57,45.5,False,-0.67,-1.31,0,1,10,1278593.0,"[60, 65, 79, 89]",2212,59.1,53.3,0.957,10.0,19.0,0.0983,0.1394,0.716,0.0198,0.0408,0.2,0.36,,0.0
FRPT,weekly,1.5,,,,28,2026-03-20 00:00,2026-09-25 00:00,61.37,73.96,49.35,1.5,0.29,-0.69,0.49,48.2,True,0.51,0.53,0,0,2,384991526.0,"[4, 22]",593,52.1,63.4,1.064,18.0,5.0,0.0969,0.118,0.536,0.0658,0.0824,0.68,1.02,,0.04
FRPT,weekly,3.0,,,,85,2025-02-14 00:00,2026-09-25 00:00,61.37,129.61,48.35,2.68,-0.32,-0.7,0.16,48.2,True,0.51,0.53,0,0,5,421956233.0,"[22, 54, 61, 79]",536,52.1,63.4,1.064,18.0,5.0,0.1441,0.2105,0.388,0.0658,0.0824,0.46,0.93,,0.02
FRSH,weekly,2.0,COMP,,,62,2025-07-25 00:00,2026-09-25 00:00,12.45,14.19,7.24,1.96,-0.31,-0.7,0.75,59.2,True,1.15,1.71,0,0,3,265503840.0,"[4, 20, 57]",200,52.8,72.3,1.054,37.0,4.0,0.1288,0.1743,0.484,0.0291,0.0706,0.23,1.03,,0.02
FSK,weekly,1.5,,,,41,2025-12-19 00:00,2026-09-25 00:00,11.43,13.18,8.9,1.48,-0.21,-0.51,0.59,53.8,True,0.96,0.72,0,0,2,156986700.0,"[19, 33]",609,45.1,61.3,1.121,14.0,7.0,0.0871,0.1112,0.585,0.0205,0.0485,0.24,0.58,,0.0
FSLR,weekly,2.0,ANTI,,,65,2025-07-04 00:00,2026-09-25 00:00,199.84,306.79,162.44,1.89,0.1,-0.41,0.26,43.8,False,-0.23,-0.28,0,0,6,2396088128.0,"[26, 33, 47, 57]",861,72.0,55.2,0.815,10.0,7.0,0.1034,0.1355,0.692,0.0349,0.0389,0.34,0.87,,0.02
FSLY,weekly,3.0,,,,33,2026-02-13 00:00,2026-09-25 00:00,27.42,33.5,16.32,2.05,0.07,0.03,0.65,60.3,True,-0.31,0.09,0,0,2,923991610.0,"[7, 26]",353,90.9,68.8,0.893,19.0,6.0,0.1279,0.1853,0.455,0.0423,0.0976,0.33,0.76,,0.0
FSLY,daily,1.5,,,,41,2026-07-24 00:00,2026-09-21 00:00,27.42,30.02,20.04,1.5,0.01,-0.4,0.74,62.9,False,-0.15,-0.31,0,0,3,130879996.0,"[8, 14, 35]",1810,73.8,56.8,0.828,21.0,5.0,0.0694,0.1138,0.61,0.0274,0.0609,0.39,1.17,,0.02
FSLY,daily,2.0,,,,114,2026-04-09 00:00,2026-09-21 00:00,27.42,32.36,16.22,2.0,0.1,-0.52,0.69,62.9,False,-0.15,-0.31,0,0,7,129400427.0,"[65, 81, 87, 108]",1737,73.8,56.8,0.828,21.0,5.0,0.1263,0.1735,0.535,0.0274,0.0609,0.22,1.18,,0.02
FSLY,daily,3.0,,,,152,2026-02-12 00:00,2026-09-21 00:00,27.42,33.5,16.04,2.09,-0.02,0.3,0.65,62.9,False,-0.15,-0.31,0,0,12,164408153.0,"[103, 119, 125, 146]",1699,73.8,56.8,0.828,21.0,5.0,0.1444,0.1901,0.533,0.0274,0.0609,0.19,0.93,,0.02
FSM,weekly,2.0,COMP,,,59,2025-08-15 00:00,2026-09-25 00:00,11.76,13.66,7.3,1.87,0.39,0.02,0.7,59.7,True,0.44,0.6,0,0,5,360343853.0,"[15, 23, 28, 35]",867,71.9,54.5,0.795,7.0,23.0,0.1038,0.1477,0.559,0.0209,0.149,0.2,0.79,,0.0
FSS,weekly,1.5,DIVDN,DN,strict,73,2025-05-09 00:00,2026-09-25 00:00,115.09,130.93,88.87,1.47,0.29,-0.1,0.62,47.9,True,-0.03,0.26,0,1,6,240375613.0,"[40, 51, 60, 65]",853,65.8,59.9,0.978,5.0,7.0,0.0501,0.0773,0.685,0.0359,0.0317,0.72,0.91,,0.01
FSTR,daily,1.5,,,,103,2026-04-24 00:00,2026-09-21 00:00,37.35,45.17,30.61,1.48,-0.02,-0.05,0.46,42.6,False,0.36,-0.09,1,0,8,2714400.0,"[59, 70, 84, 92]",4353,40.0,45.1,0.998,8.0,10.0,0.0521,0.0779,0.583,0.0015,0.0027,0.03,0.55,,0.07
FTAI,weekly,2.0,ANTI,,,57,2025-08-29 00:00,2026-09-25 00:00,192.74,304.09,152.66,1.99,0.39,-0.11,0.26,41.8,False,-0.74,-1.42,0,0,7,1297109360.0,"[26, 36, 42, 50]",537,58.6,46.5,0.788,8.0,6.0,0.1841,0.1943,0.509,0.037,0.0518,0.2,0.99,,0.04
FUBO,daily,1.5,,,,95,2026-05-06 00:00,2026-09-21 00:00,10.3,11.87,8.09,1.47,0.24,-0.77,0.58,47.6,True,-0.25,0.24,0,0,8,13313956.0,"[62, 76, 83, 89]",2551,65.2,63.8,1.024,6.0,5.0,0.0457,0.0775,0.758,0.0637,0.0321,1.39,1.27,,0.04
FUL,weekly,1.5,ANTI,,,94,2024-12-13 00:00,2026-09-25 00:00,49.63,71.39,48.87,1.46,0.02,-0.41,0.03,37.9,False,-0.49,-0.79,0,0,9,133470796.0,"[61, 70, 79, 87]",832,55.6,54.6,0.972,8.0,6.0,0.0458,0.0729,0.777,0.0823,0.0385,1.8,1.26,,0.04
FUTU,weekly,3.0,,,,105,2024-09-27 00:00,2026-09-25 00:00,114.05,195.9,74.22,2.64,0.33,-0.04,0.33,47.1,False,0.03,-1.3,0,0,8,1245874104.0,"[57, 67, 81, 100]",290,57.6,52.4,0.744,19.0,4.0,0.2384,0.267,0.476,0.0553,0.0886,0.23,0.41,,0.02
FUTU,daily,1.5,,,,88,2026-05-15 00:00,2026-09-21 00:00,114.05,134.64,89.76,1.5,0.32,-0.52,0.54,50.8,False,-0.74,-0.07,0,0,6,155739198.0,"[31, 45, 55, 67]",1807,62.2,72.7,1.122,12.0,20.0,0.069,0.099,0.489,0.0128,0.0285,0.19,0.52,,0.05
FVR,weekly,3.0,,,,104,2024-10-04 00:00,2026-09-25 00:00,17.68,21.92,10.44,2.1,0.4,,0.63,44.3,True,-0.65,0.61,0,0,7,11934282.0,"[61, 68, 83, 93]",0,72.3,80.7,1.219,10.0,10.0,0.1285,0.1885,0.567,0.0283,0.0526,0.22,1.0,,0.0
FWRD,weekly,3.0,,,,31,2026-02-27 00:00,2026-09-25 00:00,14.59,25.29,8.76,2.89,-0.2,-0.78,0.35,44.5,True,0.48,-0.07,1,0,2,58724756.0,"[8, 23]",895,51.3,55.2,0.826,15.0,7.0,0.1383,0.2582,0.677,0.0668,0.1141,0.48,0.65,,0.0
FWRD,daily,1.5,ANTI,,,44,2026-07-21 00:00,2026-09-21 00:00,14.59,20.2,14.05,1.44,0.07,-0.49,0.09,35.3,False,-0.97,-1.01,0,0,3,8284664.0,"[0, 13, 33]",4412,75.3,56.2,0.925,20.0,10.0,0.0753,0.0965,0.523,0.0383,0.0244,0.51,0.89,,0.02
FWRD,daily,3.0,,,,140,2026-03-03 00:00,2026-09-21 00:00,14.59,24.65,8.31,2.97,-0.16,-0.73,0.38,35.3,False,-0.97,-1.01,0,0,7,10563245.0,"[80, 96, 109, 129]",4316,75.3,56.2,0.925,20.0,10.0,0.1551,0.2449,0.7,0.0383,0.0244,0.25,0.7,,0.04
FWRG,weekly,1.5,,,,31,2026-02-27 00:00,2026-09-25 00:00,10.14,13.28,10.14,1.31,-0.06,-0.6,0.0,36.9,True,0.18,-0.13,0,0,3,70560492.0,"[8, 18, 25]",230,49.8,50.6,0.995,7.0,5.0,0.0534,0.0763,0.516,0.0523,0.0321,0.98,0.89,,0.03
FWRG,daily,1.5,ANTI,,,145,2026-02-24 00:00,2026-09-21 00:00,10.14,13.53,10.1,1.34,0.03,-0.46,0.01,30.4,False,-0.97,-1.07,0,0,11,14480423.0,"[108, 118, 125, 135]",1102,57.9,48.2,0.933,10.0,9.0,0.0502,0.0713,0.621,0.0323,0.07,0.64,1.06,,0.03
FXHO,daily,1.5,,,,29,2026-08-11 00:00,2026-09-21 00:00,11.26,13.92,9.35,1.49,0.31,-0.69,0.42,47.6,True,0.25,0.76,0,0,3,1284010.0,"[1, 15, 21]",1343,55.4,58.7,1.078,6.0,7.0,0.0696,0.1024,0.586,0.0679,0.0384,0.98,0.79,,0.0
FXHO,daily,3.0,,,,58,2026-06-30 00:00,2026-09-21 00:00,11.26,20.86,7.14,2.92,-0.23,-0.87,0.3,47.6,True,0.25,0.76,0,0,6,1045710.0,"[21, 30, 44, 50]",1314,55.4,58.7,1.078,6.0,7.0,0.1292,0.2332,0.603,0.0679,0.0384,0.53,0.98,,0.0
G,weekly,1.5,,,,34,2026-02-06 00:00,2026-09-25 00:00,34.08,41.03,28.1,1.46,-0.36,-0.47,0.46,48.3,True,0.75,0.2,0,0,4,405514519.0,"[4, 10, 16, 29]",892,40.2,58.0,1.161,13.0,4.0,0.0809,0.1002,0.618,0.022,0.0831,0.27,0.93,,0.03
G,daily,1.5,DIVDN,DN,strict,136,2026-03-09 00:00,2026-09-21 00:00,34.08,40.21,27.35,1.47,-0.14,-0.43,0.52,42.1,False,-0.84,-0.1,0,2,11,84480383.0,"[89, 98, 116, 130]",4320,69.4,55.1,0.974,14.0,5.0,0.0773,0.0924,0.61,0.0207,0.0213,0.27,0.71,,0.02
GALT,weekly,3.0,,,,67,2025-06-20 00:00,2026-09-25 00:00,3.96,6.25,2.1,2.98,-0.17,-0.47,0.45,54.5,True,1.01,2.12,0,0,6,5511089.0,"[19, 25, 37, 53]",859,42.5,71.2,1.61,16.0,13.0,0.2305,0.2983,0.448,0.0436,0.0691,0.19,1.08,,0.01
GALT,daily,2.0,,,,66,2026-06-17 00:00,2026-09-21 00:00,3.96,5.34,2.77,1.93,-0.05,-0.22,0.46,52.6,True,-0.27,0.29,0,0,5,1297991.0,"[17, 28, 48, 55]",4390,64.1,67.9,1.111,7.0,10.0,0.1094,0.1512,0.712,0.0181,0.046,0.17,0.78,,0.0
GAP,weekly,2.0,,,,150,2023-11-17 00:00,2026-09-25 00:00,21.25,28.66,16.47,1.74,0.27,-0.17,0.39,48.1,False,-0.08,-0.79,0,0,15,782664178.0,"[109, 116, 126, 145]",776,56.1,55.1,0.877,19.0,4.0,0.0784,0.1194,0.687,0.0249,0.0381,0.32,0.72,,0.0
GAP,weekly,3.0,,,,155,2023-10-13 00:00,2026-09-25 00:00,21.25,28.66,10.51,2.73,0.27,-0.49,0.59,48.1,False,-0.08,-0.79,0,0,15,752311190.0,"[114, 121, 131, 150]",771,56.1,55.1,0.877,19.0,4.0,0.0798,0.1455,0.794,0.0249,0.0381,0.31,0.75,,0.0
GBCI,weekly,1.5,,,,96,2024-11-29 00:00,2026-09-25 00:00,44.82,55.09,36.85,1.49,0.18,-0.34,0.44,41.3,True,-0.46,-0.05,0,0,6,180701199.0,"[40, 62, 74, 85]",830,58.7,65.5,1.098,11.0,10.0,0.0607,0.0857,0.74,0.0312,0.0394,0.51,1.15,,0.02
GBX,weekly,1.5,ANTI,,,85,2025-02-14 00:00,2026-09-25 00:00,41.96,58.04,39.08,1.49,0.07,-0.42,0.15,35.8,False,-0.51,-0.66,0,0,6,85254423.0,"[27, 36, 53, 75]",841,76.3,58.2,0.898,22.0,9.0,0.0672,0.0877,0.647,0.0368,0.0606,0.55,0.91,,0.01
GBX,weekly,2.0,ANTI,,,152,2023-11-03 00:00,2026-09-25 00:00,41.96,67.5,33.89,1.99,0.07,-0.28,0.24,35.8,False,-0.51,-0.66,0,0,11,76804984.0,"[94, 103, 120, 142]",774,76.3,58.2,0.898,22.0,9.0,0.0651,0.1331,0.789,0.0368,0.0606,0.57,1.01,,0.01
GCMG,weekly,1.5,COMP,,,116,2024-07-12 00:00,2026-09-25 00:00,13.29,13.74,9.26,1.48,0.24,0.02,0.9,59.6,True,0.79,1.23,0,1,12,26417539.0,"[83, 95, 104, 109]",283,70.6,65.5,1.013,5.0,6.0,0.0621,0.0922,0.707,0.0172,0.0257,0.28,1.1,,0.03
GCO,weekly,1.5,,,,26,2026-04-03 00:00,2026-09-25 00:00,33.63,42.5,28.39,1.5,0.07,-0.34,0.37,48.8,False,-0.4,0.11,0,0,3,35343390.0,"[2, 10, 17]",900,67.8,57.3,0.899,7.0,8.0,0.0475,0.0737,0.885,0.0311,0.0424,0.65,1.09,,0.0
GCO,daily,1.5,,,,117,2026-04-06 00:00,2026-09-21 00:00,33.63,42.72,29.33,1.46,0.07,-0.23,0.32,46.0,False,0.31,-0.13,1,0,9,7017507.0,"[70, 83, 97, 106]",4339,43.8,53.9,1.021,9.0,10.0,0.0438,0.0689,0.846,0.0146,0.0213,0.33,0.98,,0.03
GDDY,weekly,1.5,COMP,,,38,2026-01-09 00:00,2026-09-25 00:00,104.77,113.54,76.24,1.49,-0.0,-0.64,0.76,59.2,True,1.19,0.68,1,0,2,885971613.0,"[8, 19]",562,26.7,40.3,0.963,11.0,18.0,0.0593,0.0923,0.658,0.0163,0.0333,0.27,1.0,,0.0
GDOT,weekly,1.5,,,,59,2025-08-15 00:00,2026-09-25 00:00,13.15,14.5,10.53,1.38,0.04,-0.33,0.66,54.8,True,0.24,0.46,1,0,3,31355086.0,"[5, 17, 52]",786,58.8,61.9,1.017,35.0,6.0,0.0438,0.0675,0.814,0.0102,0.006,0.23,0.65,,0.08
GDS,weekly,2.0,,,,74,2025-05-02 00:00,2026-09-25 00:00,34.25,46.48,23.69,1.96,0.22,-0.47,0.46,49.4,False,-0.51,-1.41,0,0,6,312025466.0,"[21, 40, 51, 67]",443,61.7,47.5,0.763,16.0,6.0,0.1008,0.1546,0.662,0.0346,0.0339,0.34,0.59,,0.0
GDS,daily,1.5,,,,88,2026-05-15 00:00,2026-09-21 00:00,34.25,42.44,29.25,1.45,-0.3,-0.38,0.38,61.6,False,-0.31,-0.31,0,1,8,59720966.0,"[54, 63, 71, 79]",2395,53.2,50.2,0.967,8.0,8.0,0.0367,0.0714,0.534,0.0173,0.0219,0.47,0.53,,0.05
GEHC,weekly,1.5,,,,83,2025-02-28 00:00,2026-09-25 00:00,64.81,87.19,60.34,1.45,-0.31,-0.35,0.17,44.7,True,0.49,0.03,0,0,8,1316596223.0,"[52, 59, 69, 77]",115,44.5,58.0,1.138,8.0,5.0,0.0617,0.0965,0.602,0.0564,0.0381,0.91,0.71,,0.01
GEL,weekly,1.5,,,,83,2025-02-28 00:00,2026-09-25 00:00,15.03,17.67,12.02,1.47,0.29,-0.07,0.53,45.8,False,-0.14,-0.39,0,0,6,23849932.0,"[18, 35, 53, 77]",843,67.8,56.7,0.917,24.0,5.0,0.0437,0.0825,0.687,0.0271,0.0419,0.62,0.83,,0.01
GEMI,weekly,2.0,,,,29,2026-03-13 00:00,2026-09-25 00:00,5.99,7.76,3.9,1.99,-0.19,-0.88,0.54,39.4,False,0.72,0.04,0,0,0,39448516.0,[],26,,,,,,0.0668,0.1715,0.241,0.0674,0.0396,1.01,1.09,,0.0
GEMI,daily,2.0,COMP,,,129,2026-03-18 00:00,2026-09-21 00:00,5.99,6.01,3.54,1.7,-0.25,-0.83,0.99,68.3,True,0.53,0.8,0,0,11,7640412.0,"[95, 102, 112, 117]",129,59.7,59.0,1.028,5.0,11.0,0.0647,0.1037,0.806,0.0399,0.0493,0.62,1.22,,0.01
GENB,daily,1.5,,,,37,2026-07-30 00:00,2026-09-21 00:00,17.38,20.38,13.89,1.47,0.37,-0.2,0.54,59.7,False,-0.47,-0.0,0,0,2,15177008.0,"[18, 26]",106,77.4,53.8,0.804,8.0,10.0,0.0394,0.0789,0.595,0.0348,0.029,0.88,1.57,,0.0
GENI,daily,1.5,ANTI,,,60,2026-06-26 00:00,2026-09-21 00:00,5.76,8.38,5.64,1.49,0.3,-0.41,0.04,30.7,False,-1.18,-1.42,0,2,6,35329387.0,"[15, 27, 34, 39]",1437,67.3,59.5,0.962,5.0,20.0,0.0842,0.0984,0.633,0.0258,0.0471,0.31,1.09,,0.0
GEV,daily,1.5,,,,155,2026-02-09 00:00,2026-09-21 00:00,946.22,1174.86,788.35,1.49,0.36,0.01,0.41,49.7,False,-0.05,-0.4,1,0,16,2274418809.0,"[121, 130, 138, 145]",468,42.5,50.4,1.018,7.0,9.0,0.0793,0.0974,0.626,0.0197,0.0164,0.25,1.16,,0.08
GFI,weekly,2.0,DIVUP,UP,strict,60,2025-08-08 00:00,2026-09-25 00:00,41.99,55.91,28.24,1.98,0.15,0.17,0.5,52.3,False,0.13,-0.24,1,0,5,680580466.0,"[24, 29, 36, 54]",866,57.5,60.5,0.957,18.0,5.0,0.1075,0.1519,0.733,0.0498,0.1313,0.46,1.11,,0.0
GFS,weekly,2.0,ANTI,,,28,2026-03-20 00:00,2026-09-25 00:00,48.57,85.71,42.88,2.0,-0.23,-0.23,0.13,43.2,False,-1.7,-1.6,0,0,1,1073543191.0,[9],229,,,,,,0.1836,0.2347,0.357,0.0387,0.0788,0.21,0.83,,0.0
GFUZ,daily,1.5,,,,47,2026-07-16 00:00,2026-09-21 00:00,7.98,10.09,6.73,1.5,-0.26,-0.51,0.37,49.7,True,0.44,0.43,0,0,2,1468516.0,"[11, 40]",198,54.2,53.6,0.833,29.0,6.0,0.058,0.0964,0.702,0.0188,0.0201,0.32,0.52,,0.0
GFUZ,daily,2.0,,,,48,2026-07-15 00:00,2026-09-21 00:00,7.98,11.0,6.73,1.63,-0.28,-0.51,0.29,49.7,True,0.44,0.43,0,0,2,1484334.0,"[12, 41]",197,54.2,53.6,0.833,29.0,6.0,0.0586,0.1075,0.625,0.0188,0.0201,0.32,0.51,,0.0
GGAL,weekly,1.5,ANTI,,,48,2025-10-31 00:00,2026-09-25 00:00,41.76,56.9,39.31,1.45,-0.35,-0.42,0.14,43.4,False,-0.19,-0.12,0,0,4,250259551.0,"[0, 10, 23, 33]",878,51.6,61.6,1.194,10.0,14.0,0.088,0.1025,0.521,0.0245,0.0586,0.28,0.65,,0.02
GGAL,weekly,2.0,,,,51,2025-10-10 00:00,2026-09-25 00:00,41.76,56.9,31.26,1.82,-0.02,-0.54,0.41,43.4,False,-0.19,-0.12,0,0,4,275862568.0,"[3, 13, 26, 36]",875,51.6,61.6,1.194,10.0,14.0,0.0993,0.1266,0.667,0.0245,0.0586,0.25,0.59,,0.02
GGAL,weekly,3.0,,,,130,2024-04-05 00:00,2026-09-25 00:00,41.76,68.22,24.04,2.84,0.23,0.05,0.4,43.4,False,-0.19,-0.12,0,0,11,267873609.0,"[82, 92, 105, 115]",796,51.6,61.6,1.194,10.0,14.0,0.1367,0.2354,0.685,0.0245,0.0586,0.18,0.61,,0.01
GHLD,weekly,1.5,,,,56,2025-09-05 00:00,2026-09-25 00:00,67.02,81.33,56.13,1.45,0.15,0.04,0.43,48.6,False,-0.16,-0.4,0,0,4,5029165.0,"[6, 21, 32, 51]",22,56.6,56.6,0.949,19.0,4.0,0.0617,0.0878,0.696,0.0146,0.0315,0.24,1.0,,0.05
GHM,weekly,1.5,ANTI,,,26,2026-04-03 00:00,2026-09-25 00:00,85.87,121.66,81.25,1.5,-0.03,-0.04,0.11,44.1,False,-1.3,-0.06,0,0,3,100892247.0,"[3, 12, 19]",900,79.3,62.7,0.937,7.0,6.0,0.092,0.1048,0.577,0.0328,0.1232,0.36,0.86,,0.04
GHM,daily,1.5,ANTI,,,117,2026-04-06 00:00,2026-09-21 00:00,85.87,123.79,82.73,1.5,0.0,-0.07,0.08,41.5,False,-0.56,-1.27,0,0,9,18848016.0,"[56, 69, 92, 110]",4339,60.5,40.5,0.761,18.0,6.0,0.0721,0.0989,0.632,0.0115,0.0212,0.16,0.66,,0.03
GHRS,daily,1.5,DIVDN,DN,strict,66,2026-06-17 00:00,2026-09-21 00:00,27.93,30.64,21.7,1.41,0.36,-0.13,0.7,49.1,False,-0.29,-0.26,0,1,5,4982693.0,"[19, 34, 48, 55]",1249,52.9,49.7,0.973,7.0,10.0,0.027,0.0641,0.636,0.0128,0.0118,0.47,0.81,,0.03
GIB,weekly,1.5,,,,37,2026-01-16 00:00,2026-09-25 00:00,69.42,91.31,61.18,1.49,-0.37,-0.49,0.27,45.3,True,0.74,0.15,0,0,3,144409429.0,"[13, 19, 31]",889,41.4,53.7,1.076,12.0,5.0,0.0473,0.0894,0.595,0.0183,0.0464,0.39,0.92,,0.03
GILT,weekly,2.0,ANTI,,,56,2025-09-05 00:00,2026-09-25 00:00,10.06,19.39,9.82,1.97,-0.13,0.04,0.03,38.5,False,-1.13,-3.91,0,0,4,51847894.0,"[7, 21, 32, 49]",870,66.2,41.7,0.6,17.0,6.0,0.1674,0.205,0.429,0.0233,0.0624,0.14,0.54,,0.0
GILT,weekly,3.0,ANTI,,,67,2025-06-20 00:00,2026-09-25 00:00,10.06,19.39,6.49,2.99,0.31,-0.14,0.28,38.5,False,-1.13,-3.91,0,0,4,43492132.0,"[18, 32, 43, 60]",859,66.2,41.7,0.6,17.0,6.0,0.1984,0.2642,0.642,0.0233,0.0624,0.12,0.64,,0.0
GKOS,weekly,3.0,COMP,,,150,2023-11-17 00:00,2026-09-25 00:00,161.53,184.89,63.12,2.93,0.32,-0.2,0.81,56.7,True,0.35,1.67,0,0,10,363136680.0,"[93, 113, 128, 144]",438,67.3,72.2,1.319,16.0,5.0,0.1629,0.2354,0.66,0.0338,0.0788,0.21,1.6,,0.03
GLAD,weekly,1.5,,,,56,2025-09-05 00:00,2026-09-25 00:00,19.29,23.22,15.63,1.49,-0.05,-0.39,0.48,54.5,True,0.51,0.42,0,0,4,17095191.0,"[14, 19, 35, 45]",870,55.0,56.8,1.013,10.0,10.0,0.0391,0.0684,0.75,0.0024,0.0057,0.06,0.86,,0.04
GLBE,weekly,2.0,COMP,,,84,2025-02-21 00:00,2026-09-25 00:00,39.69,45.07,27.89,1.62,0.07,-0.56,0.69,57.2,True,0.82,1.18,0,0,6,255250562.0,"[41, 46, 60, 77]",197,48.3,65.7,1.249,17.0,6.0,0.0738,0.1011,0.726,0.0406,0.0338,0.55,0.87,,0.04
GLIBA,daily,1.5,,,,94,2026-05-07 00:00,2026-09-21 00:00,24.26,28.71,20.38,1.41,0.33,-0.49,0.47,34.9,False,-1.19,-0.31,0,1,5,1362938.0,"[25, 41, 68, 75]",207,72.0,65.2,0.992,7.0,18.0,0.0828,0.092,0.543,0.0282,0.0219,0.34,0.53,,0.03
GLIBK,daily,1.5,,,,94,2026-05-07 00:00,2026-09-21 00:00,24.26,28.34,19.86,1.43,0.28,-0.5,0.52,40.3,False,-1.01,-0.24,0,0,6,12995243.0,"[41, 68, 75, 83]",207,64.8,62.1,0.996,8.0,10.0,0.0842,0.0904,0.628,0.0236,0.0179,0.28,0.52,,0.05
GLP,weekly,1.5,COMP,,,111,2024-08-16 00:00,2026-09-25 00:00,50.62,52.87,36.97,1.43,0.24,-0.12,0.86,56.8,True,0.29,0.52,0,0,9,14014702.0,"[54, 68, 78, 92]",815,60.9,63.6,1.034,14.0,18.0,0.0573,0.0823,0.694,0.0141,0.0289,0.25,1.12,,0.03
GLSI,weekly,3.0,,,,42,2025-12-12 00:00,2026-09-25 00:00,18.59,30.07,10.73,2.8,-0.37,-0.46,0.41,49.3,False,-0.73,-2.6,0,0,4,16317850.0,"[7, 18, 23, 35]",272,60.1,44.2,0.608,12.0,6.0,0.1581,0.2293,0.571,0.046,0.1201,0.29,0.57,,0.0
GLUE,weekly,3.0,ANTI,,,51,2025-10-10 00:00,2026-09-25 00:00,12.26,24.56,10.04,2.45,0.16,-0.03,0.15,37.4,False,-0.87,-1.81,0,0,4,85198007.0,"[8, 13, 28, 38]",224,61.4,66.4,1.223,10.0,12.0,0.1307,0.2126,0.686,0.076,0.1368,0.58,0.85,,0.04
GLW,weekly,2.0,,,,34,2026-02-06 00:00,2026-09-25 00:00,158.98,220.63,121.52,1.82,0.27,0.18,0.38,50.8,False,-1.25,-0.57,0,0,3,8947762842.0,"[3, 9, 20]",892,76.9,74.7,1.293,11.0,13.0,0.1215,0.1491,0.706,0.0479,0.0515,0.39,0.74,,0.0
GLW,daily,1.5,,,,48,2026-07-15 00:00,2026-09-21 00:00,158.98,174.08,123.82,1.41,0.01,-0.51,0.7,53.5,True,0.07,-0.13,0,0,3,1488482052.0,"[23, 31, 39]",4408,46.8,59.2,1.105,8.0,8.0,0.0425,0.069,0.729,0.0361,0.0435,0.85,0.83,,0.06
GLW,daily,2.0,,,,57,2026-07-01 00:00,2026-09-21 00:00,158.98,220.22,123.82,1.78,-0.32,-0.51,0.36,53.5,True,0.07,-0.13,0,0,3,1540106984.0,"[32, 40, 48]",4399,46.8,59.2,1.105,8.0,8.0,0.0616,0.1126,0.684,0.0361,0.0435,0.59,0.8,,0.05
GLXY,weekly,2.0,,,,48,2025-10-31 00:00,2026-09-25 00:00,26.07,35.01,17.64,1.98,-0.13,-0.56,0.49,52.1,False,-0.22,-0.4,0,0,4,723294983.0,"[6, 11, 27, 33]",433,59.0,61.4,1.131,6.0,14.0,0.1271,0.1682,0.604,0.0595,0.0525,0.47,0.87,,0.0
GLXY,weekly,3.0,,,,75,2025-04-25 00:00,2026-09-25 00:00,26.07,39.82,14.87,2.68,0.05,-0.34,0.45,52.1,False,-0.22,-0.4,0,0,7,731912574.0,"[33, 38, 54, 60]",406,59.0,61.4,1.131,6.0,14.0,0.1418,0.209,0.68,0.0595,0.0525,0.42,0.86,,0.01
GLXY,daily,1.5,COMP,,,58,2026-06-30 00:00,2026-09-21 00:00,26.07,27.34,18.26,1.5,0.01,-0.47,0.86,58.0,True,0.02,0.34,0,0,4,128450782.0,"[14, 24, 41, 48]",2039,59.5,61.7,1.07,7.0,9.0,0.0582,0.0894,0.69,0.0497,0.0684,0.85,0.84,,0.05
GLXY,daily,2.0,,,,156,2026-02-06 00:00,2026-09-21 00:00,26.07,34.2,17.15,1.99,0.15,-0.6,0.52,58.0,True,0.02,0.34,0,0,12,132570001.0,"[112, 122, 139, 146]",1941,59.5,61.7,1.07,7.0,9.0,0.1154,0.1648,0.628,0.0497,0.0684,0.43,0.82,,0.02
GMAB,weekly,1.5,COMP,,,59,2025-08-15 00:00,2026-09-25 00:00,34.69,34.74,23.31,1.49,0.1,-0.39,1.0,69.4,True,1.22,0.94,0,0,5,245833669.0,"[19, 35, 40, 53]",845,45.1,70.4,1.245,13.0,5.0,0.0921,0.1022,0.559,0.0333,0.0861,0.36,1.61,,0.03
GME,weekly,1.5,,,,68,2025-06-13 00:00,2026-09-25 00:00,22.76,26.53,17.87,1.48,-0.28,-0.46,0.56,55.3,False,-0.4,-0.77,0,0,5,697541613.0,"[25, 34, 46, 55]",858,62.6,50.0,0.86,9.0,12.0,0.0409,0.0775,0.794,0.0585,0.0751,1.43,0.95,,0.01
GME,weekly,2.0,,,,125,2024-05-10 00:00,2026-09-25 00:00,22.76,33.03,17.46,1.89,-0.23,-0.57,0.34,55.3,False,-0.4,-0.77,0,0,9,882551392.0,"[82, 91, 103, 112]",801,62.6,50.0,0.86,9.0,12.0,0.0687,0.1268,0.768,0.0585,0.0751,0.85,0.75,,0.02
GME,weekly,3.0,,,,127,2024-04-26 00:00,2026-09-25 00:00,22.76,33.03,11.9,2.78,-0.12,-0.71,0.51,55.3,False,-0.4,-0.77,0,0,9,862687653.0,"[84, 93, 105, 114]",799,62.6,50.0,0.86,9.0,12.0,0.0702,0.1369,0.866,0.0585,0.0751,0.83,0.77,,0.02
GMRS,daily,1.5,ANTI,,,91,2026-05-12 00:00,2026-09-21 00:00,11.55,15.74,10.58,1.49,0.09,,0.19,37.7,False,-0.33,-0.44,0,1,7,8077795.0,"[39, 56, 68, 81]",0,59.4,56.1,0.957,13.0,9.0,0.0486,0.0873,0.725,0.0154,0.0227,0.32,1.5,,0.02
GMRS,daily,2.0,ANTI,,,91,2026-05-12 00:00,2026-09-21 00:00,11.55,15.74,10.58,1.49,0.09,,0.19,37.7,False,-0.33,-0.44,0,1,7,8077795.0,"[39, 56, 68, 81]",0,59.4,56.1,0.957,13.0,9.0,0.0486,0.0873,0.725,0.0154,0.0227,0.32,1.5,,0.02
GMRS,daily,3.0,ANTI,,,91,2026-05-12 00:00,2026-09-21 00:00,11.55,15.74,10.58,1.49,0.09,,0.19,37.7,False,-0.33,-0.44,0,1,7,8077795.0,"[39, 56, 68, 81]",0,59.4,56.1,0.957,13.0,9.0,0.0486,0.0873,0.725,0.0154,0.0227,0.32,1.5,,0.02
GMTL,daily,1.5,,,,55,2026-07-06 00:00,2026-09-21 00:00,10.88,13.59,9.27,1.47,0.04,-0.55,0.37,44.9,False,-0.62,-0.98,0,0,4,2055696.0,"[11, 26, 38, 45]",72,59.8,51.2,0.905,7.0,9.0,0.088,0.1032,0.582,0.0104,0.024,0.12,0.82,,0.05
GNE,weekly,1.5,DIVUP,UP,strict,62,2025-07-25 00:00,2026-09-25 00:00,16.22,19.68,13.22,1.49,-0.17,-0.53,0.46,67.6,True,0.8,0.48,1,0,4,5715664.0,"[13, 31, 41, 49]",717,49.7,54.1,1.018,8.0,12.0,0.0296,0.0769,0.242,0.0406,0.0369,1.37,0.88,,0.03
GNE,weekly,2.0,DIVUP,UP,strict,65,2025-07-04 00:00,2026-09-25 00:00,16.22,24.41,13.22,1.85,-0.26,-0.53,0.27,67.6,True,0.8,0.48,1,0,4,5944985.0,"[16, 34, 44, 52]",714,49.7,54.1,1.018,8.0,12.0,0.0325,0.1293,0.092,0.0406,0.0369,1.25,0.85,,0.03
GNRC,weekly,2.0,,,,40,2025-12-26 00:00,2026-09-25 00:00,204.96,279.15,140.56,1.99,0.33,-0.29,0.46,46.8,False,-1.29,-0.98,0,0,3,980922655.0,"[8, 19, 33]",828,75.5,48.5,0.814,14.0,6.0,0.1018,0.1757,0.6,0.0501,0.0434,0.49,0.88,,0.0
GO,weekly,3.0,,,,54,2025-09-19 00:00,2026-09-25 00:00,11.23,16.55,5.79,2.86,-0.35,-0.8,0.51,57.4,True,1.15,1.71,2,0,3,118045418.0,"[11, 22, 41]",326,38.2,57.4,1.003,19.0,12.0,0.1271,0.2446,0.667,0.0209,0.0934,0.16,1.17,,0.0
GOLD,weekly,1.5,,,,31,2026-02-27 00:00,2026-09-25 00:00,43.8,55.74,37.35,1.49,-0.12,-0.37,0.35,52.9,True,0.06,0.19,0,0,2,108165829.0,"[7, 15]",623,59.6,53.1,0.923,8.0,15.0,0.0548,0.0905,0.548,0.0186,0.0502,0.34,1.02,,0.0
GOLD,weekly,2.0,,,,43,2025-12-05 00:00,2026-09-25 00:00,43.8,58.88,29.86,1.97,0.1,-0.31,0.48,52.9,True,0.06,0.19,0,0,3,116430747.0,"[10, 19, 27]",611,59.6,53.1,0.923,8.0,15.0,0.0777,0.1491,0.791,0.0186,0.0502,0.24,0.95,,0.0
GOLD,daily,1.5,,,,140,2026-03-03 00:00,2026-09-21 00:00,43.8,54.69,36.63,1.49,-0.1,-0.41,0.4,47.9,True,-0.2,0.26,0,0,10,21529246.0,"[107, 115, 121, 131]",3008,62.2,63.3,1.053,10.0,8.0,0.0508,0.078,0.607,0.0124,0.019,0.24,1.36,,0.04
GOLF,weekly,1.5,ANTI,,,47,2025-11-07 00:00,2026-09-25 00:00,81.92,117.73,78.54,1.5,0.29,-0.03,0.09,38.3,False,-0.76,-0.39,0,0,3,145033142.0,"[13, 23, 33]",471,64.2,73.3,1.185,10.0,13.0,0.0742,0.1067,0.532,0.0278,0.0877,0.37,1.24,,0.0
GOOD,weekly,1.5,,,,95,2024-12-06 00:00,2026-09-25 00:00,12.6,14.27,9.78,1.46,-0.31,-0.34,0.63,55.2,True,-0.03,0.34,0,0,7,25379234.0,"[51, 63, 73, 84]",831,62.8,62.2,1.036,11.0,10.0,0.0488,0.0936,0.663,0.0105,0.0101,0.22,0.9,,0.02
GPCR,weekly,2.0,,,,32,2026-02-20 00:00,2026-09-25 00:00,36.81,66.55,35.0,1.9,-0.36,-0.61,0.06,38.5,True,0.06,-0.25,0,0,3,195451976.0,"[7, 19, 25]",159,55.9,56.7,1.02,6.0,6.0,0.1093,0.1571,0.656,0.1366,0.0961,1.25,0.95,,0.03
GPCR,weekly,3.0,,,,48,2025-10-31 00:00,2026-09-25 00:00,36.81,90.37,32.84,2.75,-0.24,-0.53,0.07,38.5,True,0.06,-0.25,0,0,5,216627690.0,"[12, 23, 35, 41]",143,55.9,56.7,1.02,6.0,6.0,0.1985,0.2843,0.542,0.1366,0.0961,0.69,0.86,,0.02
GPCR,daily,2.0,ANTI,,,149,2026-02-18 00:00,2026-09-21 00:00,36.81,68.91,35.0,1.97,-0.32,-0.63,0.05,30.4,False,-1.48,-2.18,0,0,9,37423218.0,"[69, 91, 107, 122]",762,54.9,62.8,1.077,15.0,26.0,0.1117,0.16,0.631,0.0432,0.0585,0.39,1.38,,0.01
GPGI,weekly,3.0,ANTI,,,112,2024-08-09 00:00,2026-09-25 00:00,12.39,25.1,8.62,2.91,0.36,0.28,0.23,41.1,False,0.24,-0.92,0,0,9,88797006.0,"[75, 88, 99, 104]",194,51.5,47.5,0.895,5.0,7.0,0.1642,0.2617,0.634,0.0342,0.0539,0.21,1.03,,0.01
GPGI,daily,1.5,ANTI,,,94,2026-05-07 00:00,2026-09-21 00:00,12.39,17.0,11.52,1.48,0.12,-0.56,0.16,42.9,False,0.04,-0.18,1,0,8,22021020.0,"[46, 60, 75, 81]",1370,48.8,56.4,1.049,6.0,12.0,0.0763,0.0937,0.606,0.0347,0.0493,0.45,0.75,,0.05
GPI,weekly,2.0,ANTI,,,153,2023-10-27 00:00,2026-09-25 00:00,250.87,480.63,245.09,1.96,0.22,-0.09,0.02,37.4,False,-0.19,-1.45,1,0,13,259822214.0,"[111, 132, 137, 143]",773,43.1,48.8,1.017,6.0,9.0,0.1664,0.1852,0.497,0.0286,0.0609,0.17,1.02,,0.02
GPK,weekly,1.5,,,,34,2026-02-06 00:00,2026-09-25 00:00,9.25,12.83,8.72,1.47,-0.07,-0.69,0.13,37.8,True,0.89,0.4,0,0,1,304694605.0,[26],892,,,,,,0.0891,0.0986,0.471,0.1022,0.0536,1.15,0.8,,0.0
GPN,weekly,1.5,COMP,,,78,2025-04-04 00:00,2026-09-25 00:00,85.29,93.23,63.63,1.47,-0.02,-0.52,0.73,55.9,True,0.96,1.31,0,0,7,1155518514.0,"[36, 46, 60, 72]",848,52.4,67.5,1.243,12.0,5.0,0.0715,0.0934,0.679,0.0343,0.0735,0.48,1.05,,0.03
GPOR,weekly,1.5,ANTI,,,99,2024-11-08 00:00,2026-09-25 00:00,156.16,222.49,152.1,1.46,0.0,-0.07,0.06,38.9,False,-0.07,-0.82,0,0,8,237814145.0,"[55, 65, 72, 86]",181,57.9,40.7,0.78,14.0,12.0,0.0645,0.0916,0.606,0.0364,0.0447,0.56,0.88,,0.02
GPRE,weekly,1.5,,,,34,2026-02-06 00:00,2026-09-25 00:00,14.85,19.23,13.7,1.4,0.12,-0.45,0.21,48.4,False,-0.84,-0.28,0,0,3,109845261.0,"[8, 13, 23]",892,72.6,70.0,1.057,10.0,10.0,0.0429,0.0803,0.588,0.0246,0.0477,0.57,1.09,,0.0
GPRE,daily,1.5,,,,156,2026-02-06 00:00,2026-09-21 00:00,14.85,19.23,13.18,1.46,0.09,0.04,0.28,45.2,False,0.02,-0.22,0,0,10,21834986.0,"[110, 119, 135, 146]",4300,51.5,52.8,0.971,11.0,9.0,0.0479,0.0689,0.801,0.008,0.0146,0.17,1.11,,0.02
GRAB,daily,1.5,ANTI,,,106,2026-04-21 00:00,2026-09-21 00:00,2.91,4.08,2.8,1.46,-0.37,-0.49,0.09,32.3,False,-1.11,-1.18,0,2,6,161209429.0,"[41, 50, 73, 88]",1351,58.0,53.3,0.973,15.0,17.0,0.0351,0.0731,0.717,0.0344,0.0497,0.98,1.3,,0.03
GRAL,weekly,3.0,COMP,,,56,2025-09-05 00:00,2026-09-25 00:00,107.97,110.39,36.91,2.99,-0.03,-0.33,0.97,73.3,True,0.83,1.3,0,0,4,280143066.0,"[8, 20, 38, 45]",64,54.6,55.6,1.013,7.0,10.0,0.2258,0.2696,0.554,0.0285,0.0654,0.13,1.03,,0.0
GRC,weekly,1.5,,,,27,2026-03-27 00:00,2026-09-25 00:00,73.75,89.04,61.12,1.46,0.35,-0.09,0.45,49.3,True,-1.02,0.37,0,0,3,61372750.0,"[4, 13, 19]",899,80.0,65.9,0.939,6.0,7.0,0.0429,0.0857,0.704,0.0286,0.039,0.67,0.94,,0.0
GRC,daily,1.5,,,,120,2026-03-31 00:00,2026-09-21 00:00,73.75,91.52,61.83,1.48,0.3,-0.08,0.4,42.9,False,-0.34,-0.44,0,0,9,11616748.0,"[73, 86, 102, 110]",4336,41.3,39.3,0.973,8.0,9.0,0.0462,0.0802,0.742,0.0113,0.0183,0.24,1.32,,0.03
GRND,weekly,2.0,,,,63,2025-07-18 00:00,2026-09-25 00:00,15.89,19.91,10.08,1.98,-0.09,-0.59,0.59,57.1,True,0.41,0.98,0,0,5,107522124.0,"[16, 22, 42, 54]",235,62.0,64.7,1.149,12.0,8.0,0.1205,0.1416,0.714,0.019,0.0212,0.16,0.87,,0.0
GRND,weekly,3.0,,,,134,2024-03-08 00:00,2026-09-25 00:00,15.89,24.42,9.35,2.61,0.17,-0.74,0.43,57.1,True,0.41,0.98,0,0,11,90236793.0,"[87, 93, 113, 125]",164,62.0,64.7,1.149,12.0,8.0,0.1546,0.2493,0.515,0.019,0.0212,0.12,1.04,,0.0
GRND,daily,1.5,,,,68,2026-06-15 00:00,2026-09-21 00:00,15.89,17.94,12.63,1.42,0.3,-0.16,0.61,54.5,False,0.05,-0.09,1,0,6,22589026.0,"[34, 50, 55, 62]",1359,48.5,51.7,1.004,7.0,5.0,0.0212,0.0715,0.779,0.0058,0.011,0.27,0.92,,0.04
GROY,weekly,1.5,,,,28,2026-03-20 00:00,2026-09-25 00:00,3.26,3.82,2.55,1.5,-0.29,-0.48,0.56,50.4,False,0.24,-0.49,0,0,3,31439008.0,"[4, 15, 22]",262,38.9,54.9,1.203,7.0,5.0,0.0691,0.1109,0.607,0.0225,0.086,0.33,1.11,,0.0
GROY,weekly,2.0,,,,62,2025-07-25 00:00,2026-09-25 00:00,3.26,4.95,2.55,1.94,-0.28,0.05,0.3,50.4,False,0.24,-0.49,0,0,7,41680843.0,"[31, 38, 49, 56]",228,38.9,54.9,1.203,7.0,5.0,0.1004,0.1639,0.661,0.0225,0.086,0.22,0.84,,0.03
GROY,weekly,3.0,,,,71,2025-05-23 00:00,2026-09-25 00:00,3.26,4.95,1.84,2.69,0.13,-0.14,0.46,50.4,False,0.24,-0.49,0,0,8,37267977.0,"[40, 47, 58, 65]",219,38.9,54.9,1.203,7.0,5.0,0.1554,0.2117,0.662,0.0225,0.086,0.14,0.93,,0.03
GROY,daily,1.5,,DN,broad,106,2026-04-21 00:00,2026-09-21 00:00,3.26,3.73,2.52,1.48,-0.15,-0.52,0.61,49.7,True,-0.84,0.05,0,0,9,5984373.0,"[78, 87, 94, 99]",1285,63.0,60.2,0.994,5.0,6.0,0.0922,0.111,0.5,0.0104,0.0119,0.11,0.92,,0.08
GROY-WS,weekly,1.5,,,,28,2026-03-20 00:00,2026-09-25 00:00,3.26,3.82,2.55,1.5,-0.29,-0.5,0.56,50.4,False,0.24,-0.49,0,0,3,31439008.0,"[4, 15, 22]",140,38.9,54.9,1.203,7.0,5.0,0.0691,0.1109,0.607,0.0225,0.086,0.33,1.11,,0.0
GROY-WS,weekly,2.0,,,,62,2025-07-25 00:00,2026-09-25 00:00,3.26,4.95,2.55,1.94,-0.28,-0.57,0.3,50.4,False,0.24,-0.49,0,0,7,41680843.0,"[31, 38, 49, 56]",106,38.9,54.9,1.203,7.0,5.0,0.1004,0.1639,0.661,0.0225,0.086,0.22,0.84,,0.03
GROY-WS,weekly,3.0,,,,71,2025-05-23 00:00,2026-09-25 00:00,3.26,4.95,1.84,2.69,0.13,-0.69,0.46,50.4,False,0.24,-0.49,0,0,7,37267977.0,"[40, 47, 58, 65]",97,38.9,54.9,1.203,7.0,5.0,0.1554,0.2117,0.662,0.0225,0.086,0.14,0.93,,0.03
GROY-WS,daily,1.5,,DN,broad,106,2026-04-21 00:00,2026-09-21 00:00,3.26,3.73,2.52,1.48,-0.15,-0.52,0.61,49.7,True,-0.84,0.05,0,0,9,5984373.0,"[78, 87, 94, 99]",696,63.0,60.2,0.994,5.0,6.0,0.0922,0.111,0.5,0.0104,0.0119,0.11,0.92,,0.08
GRPN,weekly,3.0,,,,59,2025-08-15 00:00,2026-09-25 00:00,22.05,28.5,9.64,2.96,-0.03,-0.74,0.66,54.9,True,0.28,1.63,0,0,2,118794426.0,"[19, 48]",719,42.1,71.5,1.541,29.0,10.0,0.1877,0.2534,0.627,0.0389,0.1442,0.21,0.91,,0.0
GRPN,daily,2.0,,,,98,2026-05-01 00:00,2026-09-21 00:00,22.05,28.58,14.89,1.92,0.31,-0.2,0.52,62.2,False,0.49,-0.19,0,0,6,28998682.0,"[30, 44, 51, 82]",3641,69.5,33.4,0.683,31.0,15.0,0.1313,0.1902,0.459,0.0108,0.0069,0.08,0.69,,0.02
GRRR,weekly,2.0,,,,26,2026-04-03 00:00,2026-09-25 00:00,13.54,20.48,10.97,1.87,0.01,-0.67,0.27,47.6,False,-0.15,0.03,0,0,3,64100408.0,"[8, 13, 19]",254,59.4,54.1,0.884,6.0,6.0,0.1426,0.1688,0.538,0.046,0.1141,0.32,0.93,,0.0
GRRR,daily,1.5,,,,37,2026-07-30 00:00,2026-09-21 00:00,13.54,16.37,11.09,1.48,0.14,-0.49,0.46,47.6,False,-0.71,-0.86,0,0,3,11281858.0,"[11, 16, 27]",1216,60.0,51.1,0.908,11.0,9.0,0.0624,0.0941,0.622,0.0229,0.0272,0.37,0.55,,0.03
GRVY,weekly,1.5,COMP,,,118,2024-06-28 00:00,2026-09-25 00:00,69.61,77.83,51.92,1.5,0.0,-0.39,0.68,57.7,True,0.58,0.79,0,0,11,6336709.0,"[92, 97, 105, 113]",808,58.6,69.4,1.146,8.0,4.0,0.0397,0.0837,0.653,0.0183,0.0525,0.46,1.77,,0.03
GSHD,daily,1.5,ANTI,,,57,2026-07-01 00:00,2026-09-21 00:00,51.7,73.0,50.3,1.45,0.39,-0.24,0.06,31.3,False,-1.49,-1.35,0,0,6,24390833.0,"[19, 30, 37, 51]",2054,68.0,41.6,0.821,14.0,5.0,0.1001,0.1128,0.439,0.0425,0.0477,0.42,0.9,,0.02
GSIT,weekly,2.0,ANTI,,,50,2025-10-17 00:00,2026-09-25 00:00,5.57,9.93,5.08,1.95,-0.25,-0.11,0.1,43.7,False,-0.64,-1.81,0,0,5,29958264.0,"[14, 21, 32, 43]",876,65.0,50.6,0.708,11.0,6.0,0.1662,0.1897,0.54,0.0594,0.0551,0.36,0.45,,0.0
GSIT,weekly,3.0,,,,55,2025-09-12 00:00,2026-09-25 00:00,5.57,9.93,3.37,2.95,0.06,-0.41,0.34,43.7,False,-0.64,-1.81,0,0,5,29385076.0,"[19, 26, 37, 48]",871,65.0,50.6,0.708,11.0,6.0,0.1745,0.2273,0.745,0.0594,0.0551,0.34,0.46,,0.0
GSK,weekly,1.5,,,,52,2025-10-03 00:00,2026-09-25 00:00,51.08,58.68,41.76,1.41,0.39,0.01,0.55,50.7,False,-0.45,-0.31,0,0,4,1007929657.0,"[18, 28, 39, 44]",874,55.4,53.8,0.987,5.0,7.0,0.047,0.0817,0.712,0.0161,0.0233,0.34,0.74,,0.02
GSM,weekly,1.5,,,,30,2026-03-06 00:00,2026-09-25 00:00,4.14,4.67,3.17,1.48,-0.21,-0.46,0.65,50.9,False,0.21,-0.17,0,0,1,27100017.0,[8],866,,,,,,0.0662,0.1102,0.533,0.0366,0.1005,0.55,1.06,,0.03
GSM,weekly,2.0,,,,144,2023-12-29 00:00,2026-09-25 00:00,4.14,6.28,3.17,1.98,-0.31,-0.65,0.31,50.9,False,0.21,-0.17,0,0,9,25888727.0,"[80, 92, 108, 122]",752,62.4,52.8,0.915,14.0,21.0,0.0964,0.1494,0.653,0.0366,0.1005,0.38,1.11,,0.03
GSM,daily,1.5,DIVDN,DN,strict,94,2026-05-07 00:00,2026-09-21 00:00,4.14,4.65,3.13,1.49,0.21,-0.42,0.67,48.2,True,-0.2,0.24,0,1,7,5229023.0,"[45, 51, 64, 83]",4218,78.2,69.0,1.009,19.0,10.0,0.0861,0.1116,0.479,0.0129,0.0347,0.15,0.89,,0.04
GT,daily,1.5,ANTI,,,137,2026-03-06 00:00,2026-09-21 00:00,5.02,7.5,5.02,1.49,-0.34,-0.52,0.0,27.2,False,-0.41,-0.85,0,0,10,54251738.0,"[83, 94, 121, 126]",4319,49.8,48.7,0.984,5.0,10.0,0.0761,0.0906,0.628,0.0259,0.0596,0.34,1.2,,0.01
GTE,daily,2.0,,,,149,2026-02-18 00:00,2026-09-21 00:00,9.91,11.01,5.88,1.87,0.35,-0.06,0.79,49.7,True,-0.27,0.46,0,0,13,3576017.0,"[117, 129, 135, 141]",4307,66.9,71.8,1.065,6.0,7.0,0.1271,0.1628,0.604,0.0311,0.0194,0.24,1.96,,0.03
GTN,weekly,3.0,,,,139,2024-02-02 00:00,2026-09-25 00:00,4.62,7.72,2.65,2.92,-0.06,-0.86,0.39,52.3,True,0.12,-0.05,0,0,12,29690998.0,"[97, 109, 115, 131]",787,64.3,63.3,0.928,16.0,7.0,0.1132,0.1841,0.691,0.0269,0.1115,0.24,0.82,,0.01
GTX,weekly,2.0,,,,27,2026-03-27 00:00,2026-09-25 00:00,26.4,35.01,17.66,1.98,0.38,-0.16,0.5,47.6,True,-0.99,0.7,0,0,2,365450463.0,"[8, 13]",392,84.4,82.2,1.057,5.0,13.0,0.0955,0.1764,0.37,0.0282,0.0821,0.3,0.96,,0.0
GTX,daily,1.5,ANTI,,,99,2026-04-30 00:00,2026-09-21 00:00,26.4,36.12,24.86,1.45,-0.39,0.18,0.14,42.0,False,0.41,-0.17,0,0,8,80928318.0,"[41, 55, 65, 89]",1914,49.4,48.7,0.893,24.0,9.0,0.0712,0.0932,0.586,0.0051,0.0274,0.07,0.68,,0.05
GTX,daily,2.0,,,,115,2026-04-08 00:00,2026-09-21 00:00,26.4,36.12,18.93,1.91,0.25,-0.1,0.43,42.0,False,0.41,-0.17,0,0,9,75865988.0,"[57, 71, 81, 105]",1898,49.4,48.7,0.893,24.0,9.0,0.0948,0.1553,0.591,0.0051,0.0274,0.05,0.72,,0.04
GVA,weekly,1.5,ANTI,,,44,2025-11-28 00:00,2026-09-25 00:00,116.2,160.26,107.2,1.49,0.2,-0.03,0.17,41.8,False,-0.96,-0.5,0,0,4,414016701.0,"[12, 23, 30, 36]",882,73.5,49.6,0.801,6.0,7.0,0.0422,0.0852,0.682,0.0312,0.0263,0.74,0.66,,0.0
GWRE,weekly,2.0,,,,43,2025-12-05 00:00,2026-09-25 00:00,149.38,210.55,107.86,1.95,-0.25,-0.59,0.4,48.3,True,0.75,0.93,0,0,3,1122232298.0,"[13, 25, 38]",723,47.6,65.9,1.348,13.0,4.0,0.1012,0.1685,0.628,0.118,0.0827,1.17,0.97,,0.0
GWRE,weekly,3.0,,,,152,2023-11-03 00:00,2026-09-25 00:00,149.38,260.71,91.09,2.86,0.34,-0.28,0.34,48.3,True,0.75,0.93,0,0,11,706098956.0,"[103, 122, 134, 147]",614,47.6,65.9,1.348,13.0,4.0,0.243,0.2629,0.605,0.118,0.0827,0.49,1.54,,0.01
GWRE,daily,1.5,ANTI,,,41,2026-07-24 00:00,2026-09-21 00:00,149.38,205.85,138.23,1.49,-0.04,-0.19,0.16,41.9,False,-1.57,-1.36,0,0,4,211872586.0,"[3, 14, 25, 35]",3644,75.0,41.8,0.743,10.0,5.0,0.1049,0.1198,0.439,0.0225,0.0308,0.21,1.01,,0.02
GXO,weekly,1.5,ANTI,,,67,2025-06-20 00:00,2026-09-25 00:00,45.4,65.59,45.4,1.44,-0.14,-0.32,0.0,40.2,False,-0.32,-0.76,0,0,5,287463249.0,"[19, 35, 43, 56]",204,56.5,53.0,0.919,13.0,10.0,0.0489,0.0805,0.567,0.0257,0.0497,0.53,0.99,,0.03
H,weekly,2.0,,DN,broad,152,2023-11-03 00:00,2026-09-25 00:00,156.95,201.92,103.4,1.95,0.39,-0.16,0.54,38.8,True,-0.58,0.12,0,0,13,547028303.0,"[114, 120, 128, 137]",730,61.3,72.8,1.173,9.0,14.0,0.0668,0.1275,0.803,0.0591,0.0659,0.88,1.13,,0.03
HAL,weekly,1.5,,,,39,2026-01-02 00:00,2026-09-25 00:00,33.39,41.39,29.2,1.42,0.08,-0.25,0.34,46.1,False,-0.96,-0.76,0,0,4,2245614085.0,"[5, 12, 17, 28]",887,71.4,49.7,0.849,11.0,10.0,0.049,0.0835,0.641,0.0348,0.0299,0.71,0.78,,0.0
HAPN,weekly,2.0,DIVDN,DN,strict,67,2025-06-20 00:00,2026-09-25 00:00,16.2,21.05,11.01,1.91,0.35,-0.37,0.52,42.2,True,-0.05,0.49,0,1,7,130809189.0,"[31, 44, 53, 60]",549,63.9,58.1,0.974,7.0,6.0,0.088,0.1356,0.672,0.0721,0.0516,0.82,0.68,,0.01
HAYW,weekly,1.5,ANTI,,,150,2023-11-17 00:00,2026-09-25 00:00,12.88,16.97,11.66,1.46,0.35,-0.57,0.23,37.6,False,-0.03,-0.2,0,0,13,116337260.0,"[102, 113, 127, 137]",140,51.1,64.0,1.105,10.0,12.0,0.0623,0.0857,0.667,0.0702,0.0506,1.13,1.16,,0.04
HBAN,weekly,1.5,,,,76,2025-04-18 00:00,2026-09-25 00:00,16.04,18.72,12.92,1.45,0.34,-0.23,0.54,44.6,True,0.05,0.27,0,0,6,1994326645.0,"[19, 42, 52, 65]",850,52.6,61.8,1.093,13.0,10.0,0.0489,0.068,0.829,0.0203,0.0299,0.42,0.87,,0.03
HBM,weekly,1.5,,,,26,2026-04-03 00:00,2026-09-25 00:00,26.65,30.05,20.36,1.48,0.32,-0.28,0.65,54.2,True,-0.17,0.47,0,1,3,560946258.0,"[2, 8, 20]",900,65.4,62.3,1.031,12.0,5.0,0.0859,0.1011,0.615,0.0182,0.0988,0.21,0.98,,0.0
HCA,weekly,1.5,,,,60,2025-08-08 00:00,2026-09-25 00:00,425.97,537.42,370.5,1.45,-0.19,-0.09,0.33,51.5,False,0.33,-0.35,0,0,3,2770131786.0,"[4, 16, 27]",752,,,,,,0.0918,0.1039,0.567,0.0155,0.0193,0.17,0.89,,0.03
HCC,weekly,1.5,,,,47,2025-11-07 00:00,2026-09-25 00:00,88.47,107.07,74.87,1.43,0.29,0.01,0.42,48.5,True,0.02,0.37,0,0,5,346851525.0,"[10, 20, 30, 42]",447,65.0,67.4,1.072,12.0,4.0,0.0686,0.0907,0.638,0.0776,0.1032,1.13,0.84,,0.0
HCI,weekly,1.5,COMP,,,77,2025-04-11 00:00,2026-09-25 00:00,184.19,204.41,136.62,1.5,0.33,-0.08,0.7,58.1,True,0.92,0.95,0,0,6,123130138.0,"[37, 46, 64, 69]",849,63.6,64.4,1.033,5.0,7.0,0.0825,0.1,0.649,0.0094,0.0127,0.11,1.05,,0.03
HCKT,daily,1.5,,,,95,2026-05-06 00:00,2026-09-21 00:00,10.29,11.79,9.01,1.31,0.25,-0.55,0.46,40.1,True,-0.13,0.04,0,0,7,3367336.0,"[45, 62, 79, 89]",4361,56.9,58.9,1.013,10.0,5.0,0.0324,0.0535,0.747,0.0155,0.0118,0.48,0.62,,0.02
HD,weekly,1.5,,,,150,2023-11-17 00:00,2026-09-25 00:00,297.2,411.93,284.5,1.45,0.03,-0.23,0.1,37.0,True,0.24,-0.03,0,0,14,6094968484.0,"[117, 126, 137, 142]",776,56.9,55.9,0.994,5.0,7.0,0.0581,0.0813,0.713,0.0426,0.0287,0.73,0.9,,0.05
HDSN,weekly,1.5,,,,32,2026-02-20 00:00,2026-09-25 00:00,5.19,7.38,4.92,1.5,-0.37,-0.67,0.11,38.3,True,0.34,-0.32,1,0,2,11939629.0,"[8, 20]",894,41.3,53.0,1.017,12.0,11.0,0.0702,0.0938,0.625,0.036,0.0639,0.51,0.98,,0.0
HDSN,weekly,3.0,,,,135,2024-03-01 00:00,2026-09-25 00:00,5.19,14.56,4.92,2.96,-0.36,-0.67,0.03,38.3,True,0.34,-0.32,1,0,9,13598000.0,"[93, 101, 111, 123]",791,41.3,53.0,1.017,12.0,11.0,0.1832,0.2398,0.459,0.036,0.0639,0.2,0.86,,0.01
HDSN,daily,1.5,ANTI,,,146,2026-02-23 00:00,2026-09-21 00:00,5.19,7.26,4.84,1.5,-0.35,-0.52,0.14,40.9,False,-0.23,-0.47,0,0,11,2461456.0,"[105, 112, 121, 139]",4307,56.0,46.4,0.88,18.0,6.0,0.0672,0.0901,0.692,0.0086,0.0152,0.13,0.94,,0.04
HEI,weekly,1.5,,,,74,2025-05-02 00:00,2026-09-25 00:00,303.03,374.67,262.07,1.43,0.28,-0.06,0.36,42.2,True,0.4,0.78,0,0,8,713392867.0,"[42, 56, 61, 67]",852,64.4,65.3,1.035,6.0,6.0,0.0462,0.0812,0.689,0.0786,0.0374,1.7,1.02,,0.04
HEI-A,weekly,1.5,,,,83,2025-02-28 00:00,2026-09-25 00:00,226.67,274.99,190.3,1.45,0.3,-0.12,0.43,42.5,True,0.46,0.61,0,0,9,293571550.0,"[51, 65, 70, 76]",843,60.4,64.2,1.051,6.0,6.0,0.0438,0.0861,0.59,0.07,0.0328,1.6,1.06,,0.02
HELE,weekly,3.0,,,,77,2025-04-11 00:00,2026-09-25 00:00,27.65,34.28,13.88,2.47,-0.05,-0.9,0.68,54.6,True,0.22,1.4,0,1,6,73818784.0,"[37, 45, 61, 70]",849,65.5,61.9,1.012,9.0,6.0,0.1609,0.2011,0.675,0.0372,0.0181,0.23,0.65,,0.01
HGTY,weekly,1.5,COMP,,,70,2025-05-30 00:00,2026-09-25 00:00,13.59,13.94,9.46,1.47,0.37,-0.21,0.92,62.7,True,1.2,1.09,0,0,5,7485405.0,"[24, 45, 57, 62]",208,62.1,67.4,1.098,5.0,7.0,0.0886,0.1069,0.514,0.007,0.0405,0.08,1.28,,0.06
HHH,weekly,1.5,,,,116,2024-07-12 00:00,2026-09-25 00:00,65.6,89.53,60.22,1.49,-0.26,-0.25,0.18,47.5,True,0.4,0.04,0,0,8,133427090.0,"[62, 72, 79, 103]",714,56.1,58.4,0.887,24.0,12.0,0.0799,0.0965,0.595,0.0207,0.0272,0.26,1.09,,0.01
HII,weekly,2.0,ANTI,,,69,2025-06-06 00:00,2026-09-25 00:00,276.1,440.55,221.69,1.99,0.3,-0.2,0.25,39.0,False,-0.36,-1.31,0,0,4,696028257.0,"[8, 21, 32, 62]",741,86.0,51.1,0.775,30.0,6.0,0.099,0.1818,0.507,0.042,0.0355,0.42,0.84,,0.0
HIMS,weekly,3.0,,,,47,2025-11-07 00:00,2026-09-25 00:00,29.35,41.03,14.52,2.83,-0.13,-0.78,0.56,49.8,True,0.24,0.77,0,0,4,2431214681.0,"[18, 24, 34, 41]",321,60.1,54.9,0.918,7.0,5.0,0.1617,0.2283,0.66,0.0288,0.0392,0.18,0.59,,0.0
HIMS,daily,2.0,,,,120,2026-03-31 00:00,2026-09-21 00:00,29.35,38.28,19.14,2.0,0.37,-0.59,0.53,51.4,False,-0.14,-0.37,0,0,11,443884270.0,"[78, 86, 99, 114]",1644,58.1,48.0,0.853,15.0,5.0,0.0897,0.1476,0.742,0.0093,0.0068,0.1,0.51,,0.03
HIMX,daily,1.5,,,,63,2026-06-23 00:00,2026-09-21 00:00,14.61,16.49,11.64,1.42,-0.12,-0.51,0.61,56.6,False,-0.04,-0.16,1,0,6,18359487.0,"[19, 38, 46, 56]",4393,49.9,58.1,1.047,10.0,6.0,0.0354,0.0659,0.778,0.0291,0.0197,0.82,0.83,,0.02
HIMX,daily,2.0,DIVUP,UP,strict,74,2026-06-05 00:00,2026-09-21 00:00,14.61,19.98,11.64,1.72,-0.4,-0.51,0.36,56.6,False,-0.04,-0.16,1,0,7,20445066.0,"[30, 49, 57, 67]",4382,49.9,58.1,1.047,10.0,6.0,0.0491,0.1147,0.568,0.0291,0.0197,0.59,0.74,,0.01
HIMX,daily,3.0,DIVUP,UP,strict,117,2026-04-06 00:00,2026-09-21 00:00,14.61,23.77,8.58,2.77,0.01,-0.14,0.4,56.6,False,-0.04,-0.16,1,0,11,29676044.0,"[73, 92, 100, 110]",4339,49.9,58.1,1.047,10.0,6.0,0.1056,0.2256,0.675,0.0291,0.0197,0.28,0.51,,0.01
HIPO,weekly,1.5,,,,53,2025-09-26 00:00,2026-09-25 00:00,31.53,36.88,24.82,1.49,-0.33,-0.34,0.56,56.1,True,1.03,0.95,0,0,2,19666766.0,"[15, 29]",245,49.4,50.3,0.925,14.0,23.0,0.0841,0.1083,0.547,0.018,0.0504,0.21,1.56,,0.0
HIPO,weekly,2.0,,,,100,2024-11-01 00:00,2026-09-25 00:00,31.53,37.34,20.53,1.82,0.18,-0.15,0.65,56.1,True,1.03,0.95,0,0,6,20829947.0,"[33, 46, 62, 76]",198,49.4,50.3,0.925,14.0,23.0,0.0896,0.1287,0.74,0.018,0.0504,0.2,1.48,,0.0
HIVE,daily,1.5,COMP,,,59,2026-06-29 00:00,2026-09-21 00:00,3.48,3.76,2.54,1.48,-0.25,-0.48,0.77,63.2,True,0.34,0.38,1,0,6,49278259.0,"[22, 37, 42, 49]",3872,52.4,55.4,1.029,7.0,9.0,0.06,0.0858,0.644,0.0349,0.0197,0.58,0.68,,0.02
HIVE,daily,2.0,DIVUP,UP,strict,97,2026-05-04 00:00,2026-09-21 00:00,3.48,4.9,2.54,1.93,-0.39,-0.28,0.4,63.2,True,0.34,0.38,1,0,9,58364909.0,"[60, 75, 80, 87]",3834,52.4,55.4,1.029,7.0,9.0,0.0932,0.1752,0.392,0.0349,0.0197,0.37,0.57,,0.01
HL,weekly,1.5,,,,30,2026-03-06 00:00,2026-09-25 00:00,18.35,20.72,14.12,1.47,-0.08,-0.56,0.64,51.5,True,0.24,0.1,0,0,3,1878862980.0,"[6, 17, 24]",896,46.2,60.1,1.269,7.0,5.0,0.0878,0.1094,0.5,0.0525,0.1106,0.6,1.6,,0.0
HL,weekly,3.0,,,,55,2025-09-12 00:00,2026-09-25 00:00,18.35,31.79,10.95,2.9,0.15,0.22,0.36,51.5,True,0.24,0.1,0,0,6,1796802966.0,"[24, 31, 42, 49]",871,46.2,60.1,1.269,7.0,5.0,0.137,0.2239,0.636,0.0525,0.1106,0.38,1.67,,0.0
HLF,daily,1.5,,,,98,2026-05-01 00:00,2026-09-21 00:00,11.92,16.44,10.99,1.5,-0.26,-0.45,0.17,47.0,False,-0.21,-0.17,0,0,6,17649978.0,"[40, 64, 79, 89]",4358,57.1,54.4,0.978,10.0,8.0,0.0292,0.0774,0.429,0.008,0.0133,0.27,0.85,,0.02
HLI,weekly,2.0,ANTI,,,148,2023-12-01 00:00,2026-09-25 00:00,132.61,205.15,105.37,1.95,0.31,0.0,0.27,41.9,False,-0.05,-0.73,0,0,16,330872189.0,"[105, 111, 124, 138]",433,48.2,40.3,0.867,14.0,9.0,0.1393,0.1597,0.622,0.0235,0.0323,0.17,1.48,,0.01
HLIT,daily,1.5,ANTI,,,57,2026-07-01 00:00,2026-09-21 00:00,11.32,15.78,10.6,1.49,-0.38,-0.38,0.14,43.7,False,-0.56,-0.7,0,0,5,16087500.0,"[23, 31, 39, 50]",4399,49.8,48.3,0.965,11.0,6.0,0.0375,0.0819,0.561,0.0213,0.0258,0.57,1.16,,0.04
HLLY-WS,weekly,3.0,ANTI,,,127,2024-04-26 00:00,2026-09-25 00:00,2.5,4.3,1.89,2.28,-0.07,-0.86,0.25,40.6,False,0.26,-0.45,1,0,9,7646597.0,"[70, 84, 104, 119]",23,48.7,55.4,0.93,15.0,7.0,0.1433,0.2084,0.622,0.0519,0.0637,0.36,1.96,,0.02
HLMN,weekly,1.5,ANTI,,,33,2026-02-13 00:00,2026-09-25 00:00,7.11,10.06,6.98,1.44,-0.31,-0.39,0.04,40.8,False,0.08,-0.3,0,0,3,52705131.0,"[9, 19, 25]",271,52.0,59.3,1.089,6.0,7.0,0.0398,0.0811,0.667,0.0809,0.0318,2.03,1.05,,0.03
HLMN,daily,1.5,ANTI,,,155,2026-02-09 00:00,2026-09-21 00:00,7.11,10.3,6.98,1.48,-0.26,-0.35,0.04,35.3,False,-0.74,-0.97,0,0,11,10995170.0,"[95, 108, 121, 143]",1300,74.3,39.8,0.808,22.0,11.0,0.0447,0.0806,0.645,0.0105,0.0193,0.23,1.5,,0.02
HLNE,weekly,1.5,,,,32,2026-02-20 00:00,2026-09-25 00:00,88.34,105.31,77.24,1.36,-0.18,-0.6,0.4,43.5,True,0.83,0.27,0,0,3,347442196.0,"[8, 13, 27]",468,37.0,57.5,1.183,14.0,4.0,0.086,0.098,0.469,0.0358,0.0883,0.42,0.79,,0.0
HLNE,daily,1.5,,,,147,2026-02-20 00:00,2026-09-21 00:00,88.34,108.08,73.29,1.47,-0.14,-0.51,0.43,33.1,False,-1.57,-0.74,0,1,11,70366648.0,"[92, 100, 113, 132]",2257,77.3,67.1,1.071,19.0,14.0,0.0884,0.1022,0.483,0.0376,0.0636,0.43,0.77,,0.07
HMC,weekly,1.5,COMP,,,92,2024-12-27 00:00,2026-09-25 00:00,32.53,33.37,23.5,1.42,0.16,-0.31,0.91,65.5,True,1.56,1.22,0,0,8,157960692.0,"[50, 58, 74, 86]",834,50.3,74.2,1.236,12.0,5.0,0.07,0.0869,0.652,0.0125,0.0267,0.18,0.82,,0.03
HMH,daily,1.5,ANTI,,,119,2026-04-01 00:00,2026-09-21 00:00,18.61,24.26,16.89,1.44,-0.09,,0.23,41.3,False,-0.21,-0.25,0,0,9,4274526.0,"[78, 83, 94, 110]",0,58.0,58.0,0.982,16.0,8.0,0.049,0.0635,0.815,0.0305,0.0178,0.62,1.11,,0.03
HMH,daily,2.0,ANTI,,,119,2026-04-01 00:00,2026-09-21 00:00,18.61,24.26,16.89,1.44,-0.09,,0.23,41.3,False,-0.21,-0.25,0,0,9,4274526.0,"[78, 83, 94, 110]",0,58.0,58.0,0.982,16.0,8.0,0.049,0.0635,0.815,0.0305,0.0178,0.62,1.11,,0.03
HMH,daily,3.0,ANTI,,,119,2026-04-01 00:00,2026-09-21 00:00,18.61,24.26,16.89,1.44,-0.09,,0.23,41.3,False,-0.21,-0.25,0,0,9,4274526.0,"[78, 83, 94, 110]",0,58.0,58.0,0.982,16.0,8.0,0.049,0.0635,0.815,0.0305,0.0178,0.62,1.11,,0.03
HMY,daily,1.5,,,,37,2026-07-30 00:00,2026-09-21 00:00,19.0,23.54,15.75,1.49,0.31,-0.29,0.42,45.0,False,-1.07,-0.38,0,0,3,73290874.0,"[7, 16, 25]",4419,77.9,56.3,0.882,9.0,11.0,0.0317,0.0867,0.757,0.0164,0.022,0.52,1.02,,0.0
HNRG,weekly,2.0,ANTI,,,77,2025-04-11 00:00,2026-09-25 00:00,15.01,22.3,13.36,1.67,-0.06,-0.08,0.18,44.1,False,-0.01,-0.43,0,0,6,55636875.0,"[29, 35, 40, 62]",849,55.4,55.0,0.962,22.0,14.0,0.1029,0.1175,0.688,0.0309,0.0403,0.3,0.9,,0.0
HNST,weekly,3.0,COMP,,,86,2025-02-07 00:00,2026-09-25 00:00,5.33,6.23,2.13,2.92,-0.29,-0.74,0.78,62.8,True,0.56,2.03,0,0,6,44407013.0,"[44, 56, 65, 78]",196,62.2,73.9,1.5,13.0,7.0,0.2585,0.2641,0.593,0.0363,0.1228,0.14,1.3,,0.01
HNST,daily,1.5,,,,32,2026-08-06 00:00,2026-09-21 00:00,5.33,5.95,4.7,1.27,0.37,0.17,0.5,51.9,True,-0.56,0.39,0,0,3,12407604.0,"[1, 15, 21]",1320,74.9,74.0,1.033,6.0,10.0,0.0507,0.0594,0.625,0.0042,0.0203,0.08,0.79,,0.03
HOG,weekly,2.0,,,,104,2024-10-04 00:00,2026-09-25 00:00,26.21,34.18,17.33,1.97,-0.3,-0.63,0.53,54.9,True,0.22,0.79,0,0,6,259563455.0,"[39, 48, 66, 83]",822,37.5,62.9,1.199,17.0,20.0,0.0855,0.1438,0.712,0.0153,0.0527,0.18,0.96,,0.04
HOOD,weekly,2.0,COMP,,,47,2025-11-07 00:00,2026-09-25 00:00,123.3,131.95,66.02,2.0,-0.13,-0.56,0.87,60.6,True,0.79,1.45,0,0,2,12327380560.0,"[23, 34]",223,49.7,59.7,1.242,11.0,12.0,0.168,0.1971,0.489,0.0962,0.1081,0.57,0.77,,0.02
HOOD,weekly,3.0,COMP,,,73,2025-05-09 00:00,2026-09-25 00:00,123.3,148.67,54.65,2.72,0.01,-0.16,0.73,60.6,True,0.79,1.45,0,0,4,13904074671.0,"[10, 21, 49, 60]",197,49.7,59.7,1.242,11.0,12.0,0.1818,0.2241,0.63,0.0962,0.1081,0.53,0.68,,0.01
HOOD,daily,1.5,COMP,,,73,2026-06-08 00:00,2026-09-21 00:00,123.3,124.72,83.77,1.49,0.32,-0.3,0.97,62.3,True,0.24,0.7,0,0,5,2221129921.0,"[18, 46, 54, 61]",1219,63.5,68.9,1.113,7.0,11.0,0.0829,0.0965,0.658,0.025,0.0395,0.3,1.26,,0.01
HOV,weekly,2.0,,,,95,2024-12-06 00:00,2026-09-25 00:00,115.26,169.94,89.93,1.89,-0.0,-0.61,0.32,45.6,True,0.19,0.68,0,0,9,61575675.0,"[62, 72, 81, 87]",831,65.5,57.5,0.934,6.0,7.0,0.1028,0.138,0.621,0.0718,0.0367,0.7,1.29,,0.01
HOV,weekly,3.0,,,,152,2023-11-03 00:00,2026-09-25 00:00,115.26,228.44,82.7,2.76,-0.32,-0.37,0.22,45.6,True,0.19,0.68,0,0,13,60665291.0,"[119, 129, 138, 144]",774,65.5,57.5,0.934,6.0,7.0,0.1591,0.2315,0.592,0.0718,0.0367,0.45,1.31,,0.01
HOV,daily,1.5,ANTI,,,84,2026-05-21 00:00,2026-09-21 00:00,115.26,147.55,105.23,1.4,0.11,-0.2,0.24,41.7,False,-0.29,-0.58,0,0,11,14497918.0,"[63, 68, 73, 79]",4372,45.7,44.1,0.964,6.0,4.0,0.0621,0.0767,0.702,0.0095,0.0108,0.15,0.74,,0.01
HPK,weekly,3.0,,,,78,2025-04-04 00:00,2026-09-25 00:00,7.95,11.77,3.94,2.99,-0.31,-0.83,0.51,55.8,True,0.27,0.98,0,0,5,18070716.0,"[29, 34, 51, 59]",357,59.5,60.2,1.106,8.0,18.0,0.1543,0.2371,0.718,0.031,0.0588,0.2,0.8,,0.0
HPK,daily,1.5,,,,93,2026-05-08 00:00,2026-09-21 00:00,7.95,8.64,5.82,1.48,0.39,-0.24,0.76,48.3,True,-0.1,0.22,0,0,9,3499972.0,"[57, 64, 72, 85]",1997,61.1,62.6,1.031,13.0,7.0,0.0692,0.0825,0.656,0.0197,0.0181,0.28,0.91,,0.02
HPP,daily,1.5,ANTI,,,82,2026-05-26 00:00,2026-09-21 00:00,12.26,16.91,11.42,1.48,-0.33,-0.04,0.15,44.7,False,-0.71,-1.11,0,0,6,10385196.0,"[35, 41, 49, 63]",4003,52.9,54.3,0.996,14.0,18.0,0.0624,0.0942,0.683,0.0189,0.0294,0.3,0.74,,0.01
HPP,daily,2.0,,,,103,2026-04-24 00:00,2026-09-21 00:00,12.26,16.91,8.48,1.99,0.28,-0.4,0.45,44.7,False,-0.71,-1.11,0,0,8,10740069.0,"[56, 62, 70, 84]",3982,52.9,54.3,0.996,14.0,18.0,0.1036,0.1443,0.68,0.0189,0.0294,0.18,0.72,,0.01
HQ,daily,2.0,,,,45,2026-07-20 00:00,2026-09-21 00:00,15.4,19.93,10.34,1.93,0.1,-0.73,0.53,50.6,False,-0.55,-1.26,0,0,3,3615145.0,"[11, 24, 32]",617,62.4,53.3,0.878,8.0,12.0,0.1067,0.1502,0.689,0.0745,0.0481,0.7,2.82,,0.0
HQY,weekly,1.5,,,,68,2025-06-13 00:00,2026-09-25 00:00,94.52,105.41,73.88,1.43,-0.13,-0.34,0.65,51.5,True,0.54,0.86,0,0,3,400074678.0,"[24, 44, 62]",567,50.0,67.0,1.225,18.0,5.0,0.049,0.0852,0.691,0.0154,0.0169,0.31,0.85,,0.04
HRI,weekly,2.0,,,,84,2025-02-21 00:00,2026-09-25 00:00,140.74,177.67,90.13,1.97,0.27,-0.6,0.58,48.9,True,0.37,1.22,0,0,8,340328178.0,"[36, 46, 69, 77]",842,60.0,62.2,1.119,8.0,6.0,0.0996,0.1368,0.762,0.0509,0.0537,0.51,0.92,,0.04
HRMY,weekly,2.0,COMP,,,152,2023-11-03 00:00,2026-09-25 00:00,42.1,42.25,23.78,1.78,0.21,-0.61,0.99,68.2,True,1.1,1.31,0,0,13,97403797.0,"[83, 90, 110, 139]",167,65.1,63.7,0.92,29.0,12.0,0.0755,0.11,0.783,0.0448,0.0742,0.59,1.54,,0.01
HROW,weekly,1.5,,,,30,2026-03-06 00:00,2026-09-25 00:00,33.92,46.65,31.21,1.49,0.17,-0.46,0.18,42.8,True,0.03,0.02,0,0,3,112139095.0,"[6, 19, 24]",878,59.0,51.4,0.878,5.0,5.0,0.0853,0.0996,0.633,0.0736,0.0562,0.86,0.77,,0.0
HROW,weekly,2.0,,,,70,2025-05-30 00:00,2026-09-25 00:00,33.92,54.18,28.11,1.93,0.12,-0.51,0.22,42.8,True,0.03,0.02,0,0,6,104090980.0,"[39, 46, 59, 64]",838,59.0,51.4,0.878,5.0,5.0,0.1034,0.148,0.657,0.0736,0.0562,0.71,0.82,,0.0
HROW,weekly,3.0,,,,119,2024-06-21 00:00,2026-09-25 00:00,33.92,57.48,20.89,2.75,0.2,-0.23,0.36,42.8,True,0.03,0.02,0,0,10,92976171.0,"[88, 95, 108, 113]",789,59.0,51.4,0.878,5.0,5.0,0.1403,0.217,0.731,0.0736,0.0562,0.52,0.92,,0.0
HROW,daily,1.5,ANTI,,,84,2026-05-21 00:00,2026-09-21 00:00,33.92,46.65,32.86,1.42,0.0,-0.4,0.08,35.7,False,-0.86,-0.96,0,0,7,21284131.0,"[38, 54, 62, 71]",3931,57.7,48.0,0.928,9.0,12.0,0.069,0.0925,0.667,0.0103,0.0406,0.15,0.92,,0.01
HSAI,weekly,2.0,,,,75,2025-04-25 00:00,2026-09-25 00:00,17.37,29.05,14.6,1.99,-0.26,-0.26,0.19,46.1,False,-0.05,-1.3,0,0,6,224540966.0,"[21, 38, 51, 67]",115,50.0,49.4,0.827,16.0,7.0,0.1207,0.1776,0.573,0.0443,0.052,0.37,0.58,,0.0
HSAI,weekly,3.0,,,,95,2024-12-06 00:00,2026-09-25 00:00,17.37,29.05,10.43,2.79,0.2,-0.53,0.37,46.1,False,-0.05,-1.3,0,0,8,236048998.0,"[41, 58, 71, 87]",95,50.0,49.4,0.827,16.0,7.0,0.1528,0.217,0.758,0.0443,0.052,0.29,0.55,,0.0
HSAI,daily,1.5,,,,86,2026-05-19 00:00,2026-09-21 00:00,17.37,21.66,14.6,1.48,-0.25,-0.49,0.39,49.9,False,-0.32,-0.27,0,0,7,27431973.0,"[29, 56, 65, 75]",820,59.9,57.5,0.989,10.0,10.0,0.0648,0.0962,0.628,0.0208,0.0416,0.32,0.7,,0.01
HSLV,daily,1.5,COMP,,,88,2026-05-15 00:00,2026-09-21 00:00,5.7,5.99,4.05,1.48,0.3,-0.61,0.85,56.3,True,-0.43,0.2,0,1,7,2493115.0,"[45, 58, 71, 76]",69,67.6,64.4,1.033,5.0,11.0,0.0793,0.0997,0.602,0.0155,0.032,0.2,1.36,,0.02
HSLV,daily,2.0,,,,137,2026-03-06 00:00,2026-09-21 00:00,5.7,7.1,4.05,1.75,-0.39,,0.54,56.3,True,-0.43,0.2,0,1,10,1950058.0,"[94, 107, 120, 125]",20,67.6,64.4,1.033,5.0,11.0,0.0991,0.1312,0.65,0.0155,0.032,0.16,1.74,,0.02
HSTM,weekly,1.5,COMP,,,73,2025-05-09 00:00,2026-09-25 00:00,29.08,29.38,19.83,1.48,-0.08,-0.41,0.97,64.6,True,1.08,1.36,0,0,5,24994744.0,"[20, 43, 60, 68]",853,67.9,67.1,1.035,8.0,4.0,0.0845,0.1157,0.384,0.0056,0.0125,0.07,1.18,,0.0
HSY,weekly,1.5,ANTI,,,69,2025-06-06 00:00,2026-09-25 00:00,167.9,232.65,155.82,1.49,0.15,-0.34,0.16,39.5,False,-0.2,-0.53,1,0,6,1614336864.0,"[35, 50, 56, 63]",857,44.9,51.5,1.032,7.0,5.0,0.0385,0.0861,0.609,0.0316,0.0204,0.82,0.65,,0.01
HTFL,weekly,3.0,COMP,,,60,2025-08-08 00:00,2026-09-25 00:00,50.33,50.75,20.49,2.48,0.24,,0.99,69.8,True,0.62,1.75,0,0,4,144303701.0,"[23, 36, 46, 54]",0,61.8,71.4,1.396,8.0,5.0,0.096,0.2272,0.6,0.0245,0.206,0.26,3.02,,0.0
HTGC,weekly,1.5,COMP,,,145,2023-12-22 00:00,2026-09-25 00:00,17.37,17.7,12.18,1.45,0.33,-0.02,0.94,65.1,True,1.02,0.74,0,0,8,98300274.0,"[61, 88, 102, 123]",781,61.1,51.9,0.886,21.0,21.0,0.0587,0.0845,0.614,0.0101,0.0375,0.17,1.34,,0.03
HTHT,weekly,1.5,,,,55,2025-09-12 00:00,2026-09-25 00:00,43.65,53.18,35.5,1.5,0.23,-0.06,0.46,49.3,False,-0.44,-0.6,0,0,5,364644854.0,"[14, 24, 31, 49]",807,69.4,61.1,0.906,18.0,5.0,0.0693,0.1022,0.673,0.0383,0.037,0.55,0.79,,0.04
HTLD,daily,1.5,ANTI,,,109,2026-04-16 00:00,2026-09-21 00:00,11.64,16.2,11.31,1.43,-0.28,-0.04,0.07,35.8,False,-0.02,-0.27,0,0,9,8411238.0,"[75, 88, 98, 104]",4347,46.2,49.2,1.006,6.0,4.0,0.083,0.1016,0.44,0.0195,0.0172,0.23,1.07,,0.05
HUBS,weekly,1.5,,,,28,2026-03-20 00:00,2026-09-25 00:00,213.86,260.68,176.03,1.48,0.05,-0.78,0.45,44.7,True,0.69,0.34,0,0,2,1662018289.0,"[10, 23]",597,39.3,53.7,1.182,13.0,4.0,0.081,0.1,0.607,0.056,0.0611,0.69,0.95,,0.0
HUM,weekly,3.0,COMP,,,148,2023-12-01 00:00,2026-09-25 00:00,378.58,478.41,164.21,2.91,-0.24,-0.69,0.68,59.4,True,0.66,2.21,0,0,10,2102149015.0,"[99, 110, 117, 132]",778,34.4,78.9,2.0,15.0,15.0,0.168,0.2288,0.736,0.0132,0.0198,0.08,0.91,,0.02
HUN,weekly,2.0,ANTI,,,80,2025-03-21 00:00,2026-09-25 00:00,8.86,15.51,7.88,1.97,0.09,-0.69,0.13,38.5,False,-1.08,-2.61,0,0,6,262320492.0,"[24, 46, 59, 70]",846,64.9,51.4,0.86,11.0,9.0,0.1084,0.1692,0.637,0.0414,0.0502,0.38,0.4,,0.01
HURN,weekly,2.0,COMP,,,36,2026-01-23 00:00,2026-09-25 00:00,159.18,171.34,90.56,1.89,0.02,-0.51,0.85,61.8,True,1.22,1.13,0,0,2,156670442.0,"[14, 30]",890,43.8,65.2,1.231,16.0,5.0,0.1642,0.1724,0.444,0.0248,0.0481,0.15,1.06,,0.03
HURN,daily,1.5,,,,40,2026-07-27 00:00,2026-09-21 00:00,159.18,170.37,116.51,1.46,0.19,-0.22,0.79,59.6,False,-0.51,-0.05,0,0,3,33186915.0,"[2, 13, 18]",4416,66.8,68.0,1.046,5.0,21.0,0.0287,0.061,0.575,0.0167,0.0182,0.58,0.95,,0.1
HUT,daily,1.5,COMP,,,41,2026-07-24 00:00,2026-09-21 00:00,103.42,112.08,77.57,1.44,-0.26,-0.42,0.75,59.5,True,0.65,0.59,0,0,5,417167659.0,"[13, 19, 24, 31]",2105,46.6,58.6,1.142,7.0,9.0,0.0657,0.0999,0.561,0.0286,0.0443,0.44,1.27,,0.0
HUT,daily,2.0,,,,112,2026-04-13 00:00,2026-09-21 00:00,103.42,133.02,69.76,1.91,-0.03,0.06,0.53,59.5,True,0.65,0.59,0,0,13,430783169.0,"[84, 90, 95, 102]",2034,46.6,58.6,1.142,7.0,9.0,0.1235,0.1646,0.571,0.0286,0.0443,0.23,1.23,,0.0
HUT,daily,3.0,,,,120,2026-03-31 00:00,2026-09-21 00:00,103.42,133.02,46.91,2.84,0.17,-0.27,0.66,59.5,True,0.65,0.59,0,0,13,429893697.0,"[92, 98, 103, 110]",2026,46.6,58.6,1.142,7.0,9.0,0.1399,0.2009,0.717,0.0286,0.0443,0.2,1.23,,0.0
HWKN,weekly,1.5,ANTI,,,51,2025-10-10 00:00,2026-09-25 00:00,125.39,170.23,118.99,1.43,-0.25,-0.35,0.12,41.5,False,-0.89,-1.42,0,0,3,105353143.0,"[13, 28, 37]",875,62.2,56.2,0.948,9.0,13.0,0.0852,0.0968,0.529,0.0352,0.0392,0.41,0.86,,0.04
HY,weekly,1.5,,,,61,2025-08-01 00:00,2026-09-25 00:00,32.6,39.41,26.97,1.46,0.05,-0.63,0.45,46.0,False,-0.28,-0.37,0,0,6,14514435.0,"[29, 38, 46, 53]",670,57.7,54.6,0.944,7.0,7.0,0.0476,0.0834,0.705,0.0118,0.0238,0.25,1.14,,0.0
HYLN,daily,1.5,COMP,,,57,2026-07-01 00:00,2026-09-21 00:00,4.38,4.62,3.15,1.47,-0.2,-0.61,0.84,65.6,True,0.84,0.5,1,0,5,9435810.0,"[15, 23, 30, 47]",1746,50.8,57.7,0.973,17.0,9.0,0.0543,0.0805,0.754,0.033,0.0282,0.61,0.66,,0.04
HYLN,daily,2.0,DIVUP,UP,strict,63,2026-06-23 00:00,2026-09-21 00:00,4.38,6.1,3.15,1.94,-0.29,-0.61,0.42,65.6,True,0.84,0.5,1,0,6,9832423.0,"[21, 29, 36, 53]",1740,50.8,57.7,0.973,17.0,9.0,0.0538,0.1243,0.508,0.033,0.0282,0.61,0.63,,0.03
HYMC,daily,1.5,ANTI,,,46,2026-07-17 00:00,2026-09-21 00:00,20.53,27.9,18.76,1.49,0.13,-0.66,0.19,40.2,False,-0.88,-1.39,0,0,2,38998012.0,"[3, 17]",2098,,,,,,0.1009,0.1195,0.391,0.0205,0.0407,0.2,1.09,,0.0
HYPD,weekly,2.0,,,,46,2025-11-14 00:00,2026-09-25 00:00,3.85,5.01,2.51,2.0,-0.34,-0.99,0.54,54.8,False,0.18,-0.6,0,0,3,6176856.0,"[12, 22, 31]",407,49.9,46.0,0.774,9.0,14.0,0.0975,0.1537,0.652,0.1174,0.1222,1.2,1.3,,0.02
HYPD,weekly,3.0,,,,48,2025-10-31 00:00,2026-09-25 00:00,3.85,6.48,2.51,2.58,-0.37,-0.99,0.34,54.8,False,0.18,-0.6,0,0,3,6348737.0,"[14, 24, 33]",405,49.9,46.0,0.774,9.0,14.0,0.1082,0.2211,0.396,0.1174,0.1222,1.09,1.26,,0.02
IA,weekly,2.0,,,,41,2025-12-19 00:00,2026-09-25 00:00,18.39,28.66,16.28,1.76,-0.23,-0.08,0.17,47.3,False,-0.1,-0.37,0,0,3,39502235.0,"[4, 13, 34]",885,77.5,60.4,0.803,21.0,6.0,0.0985,0.1486,0.415,0.0596,0.0244,0.61,0.65,,0.02
IA,weekly,3.0,,,,44,2025-11-28 00:00,2026-09-25 00:00,18.39,28.66,9.74,2.94,0.07,-0.45,0.46,47.3,False,-0.1,-0.37,0,0,3,37998821.0,"[7, 16, 37]",882,77.5,60.4,0.803,21.0,6.0,0.0986,0.1961,0.795,0.0596,0.0244,0.6,0.68,,0.02
IA,daily,1.5,ANTI,,,62,2026-06-24 00:00,2026-09-21 00:00,18.39,24.78,16.64,1.49,0.2,-0.46,0.21,42.2,False,-1.05,-1.16,0,0,6,5043779.0,"[28, 37, 44, 55]",4394,55.5,46.0,0.88,11.0,6.0,0.0309,0.0819,0.452,0.0014,0.0065,0.05,1.12,,0.02
IAG,weekly,1.5,COMP,,,29,2026-03-13 00:00,2026-09-25 00:00,20.13,21.14,14.14,1.5,0.19,-0.42,0.86,57.8,True,0.23,0.34,0,0,1,523190152.0,[23],897,,,,,,0.0941,0.1149,0.517,0.0113,0.1179,0.12,1.07,,0.0
IAG,weekly,2.0,,,,47,2025-11-07 00:00,2026-09-25 00:00,20.13,24.57,12.68,1.94,0.17,-0.05,0.63,57.8,True,0.23,0.34,0,0,3,553664288.0,"[11, 16, 41]",879,76.4,61.4,0.86,25.0,5.0,0.108,0.1458,0.702,0.0113,0.1179,0.1,1.01,,0.0
IART,daily,1.5,ANTI,,,95,2026-05-06 00:00,2026-09-21 00:00,15.59,19.85,13.56,1.46,0.22,-0.03,0.32,40.6,False,-0.51,-0.59,0,0,11,14805120.0,"[54, 61, 69, 80]",4361,53.9,44.6,0.923,11.0,14.0,0.0562,0.0877,0.684,0.0087,0.0312,0.15,1.18,,0.05
IBM,weekly,1.5,,,,97,2024-11-22 00:00,2026-09-25 00:00,231.93,303.07,209.94,1.44,0.22,-0.05,0.24,45.7,False,0.15,-0.2,0,0,6,6176267583.0,"[32, 48, 73, 79]",829,45.8,60.6,1.184,6.0,17.0,0.0702,0.1101,0.505,0.0029,0.0227,0.04,0.92,,0.07
IBN,weekly,1.5,,,,147,2023-12-08 00:00,2026-09-25 00:00,28.32,33.84,23.27,1.45,0.38,-0.02,0.48,46.8,True,0.79,0.54,0,0,13,720997621.0,"[103, 113, 123, 139]",779,48.0,60.1,1.058,16.0,7.0,0.0594,0.0928,0.653,0.0139,0.0124,0.23,0.79,,0.03
IBP,weekly,2.0,ANTI,,,66,2025-06-27 00:00,2026-09-25 00:00,202.48,340.11,175.96,1.93,-0.05,-0.32,0.16,38.5,False,-0.16,-1.0,0,0,6,454111195.0,"[33, 43, 52, 60]",593,45.3,51.4,1.058,8.0,5.0,0.1042,0.1481,0.682,0.0283,0.0524,0.27,0.8,,0.05
IBP,weekly,3.0,,,,152,2023-11-03 00:00,2026-09-25 00:00,202.48,340.11,119.69,2.84,0.34,-0.19,0.38,38.5,False,-0.16,-1.0,0,0,13,357307207.0,"[119, 129, 138, 146]",507,45.3,51.4,1.058,8.0,5.0,0.152,0.201,0.724,0.0283,0.0524,0.19,1.02,,0.03
IBRX,weekly,1.5,,,,32,2026-02-20 00:00,2026-09-25 00:00,8.45,9.78,6.92,1.41,-0.11,-0.24,0.53,58.7,True,-0.33,0.33,0,0,3,494912246.0,"[1, 11, 19]",551,66.7,67.0,1.109,8.0,12.0,0.0646,0.0875,0.531,0.0332,0.0392,0.51,0.64,,0.0
IBRX,weekly,2.0,COMP,,,37,2026-01-16 00:00,2026-09-25 00:00,8.45,9.78,5.52,1.77,0.25,-0.4,0.69,58.7,True,-0.33,0.33,0,0,3,537816398.0,"[6, 16, 24]",546,66.7,67.0,1.109,8.0,12.0,0.0707,0.1193,0.811,0.0332,0.0392,0.47,0.59,,0.0
IBRX,weekly,3.0,COMP,,,37,2026-01-16 00:00,2026-09-25 00:00,8.45,9.78,5.52,1.77,0.25,-0.4,0.69,58.7,True,-0.33,0.33,0,0,3,537816398.0,"[6, 16, 24]",546,66.7,67.0,1.109,8.0,12.0,0.0707,0.1193,0.811,0.0332,0.0392,0.47,0.59,,0.0
IBRX,daily,1.5,,,,139,2026-03-04 00:00,2026-09-21 00:00,8.45,9.44,6.66,1.42,0.01,-0.42,0.64,57.1,True,0.01,0.23,0,1,10,90440370.0,"[102, 116, 122, 129]",2665,60.7,57.6,0.987,7.0,9.0,0.0567,0.076,0.633,0.026,0.0283,0.46,0.97,,0.03
IBRX,daily,2.0,,,,156,2026-02-06 00:00,2026-09-21 00:00,8.45,11.55,5.95,1.94,-0.04,-0.19,0.45,57.1,True,0.01,0.23,0,1,11,96547637.0,"[119, 133, 139, 146]",2648,60.7,57.6,0.987,7.0,9.0,0.0618,0.1047,0.692,0.026,0.0283,0.42,0.91,,0.03
IBTA,weekly,3.0,,,,83,2025-02-28 00:00,2026-09-25 00:00,41.09,57.0,20.54,2.78,-0.28,-0.81,0.56,61.9,True,-0.17,0.62,0,1,6,45854588.0,"[34, 47, 62, 70]",45,65.8,60.5,1.002,8.0,12.0,0.1885,0.256,0.554,0.0322,0.0896,0.17,0.79,,0.01
ICE,weekly,1.5,,,,140,2024-01-26 00:00,2026-09-25 00:00,155.37,183.44,123.03,1.49,0.33,-0.05,0.54,53.2,True,0.51,0.01,0,0,10,2288297295.0,"[75, 80, 103, 135]",786,60.2,59.6,0.94,32.0,4.0,0.0579,0.0968,0.614,0.0208,0.0421,0.36,1.0,,0.06
ICFI,weekly,2.0,,,,87,2025-01-31 00:00,2026-09-25 00:00,84.1,115.3,60.9,1.89,-0.3,-0.64,0.43,53.9,True,1.05,1.23,0,0,4,83045016.0,"[29, 51, 65, 79]",839,44.5,67.2,1.298,14.0,7.0,0.069,0.1245,0.782,0.0234,0.0518,0.34,0.87,,0.02
ICHR,weekly,3.0,ANTI,,,33,2026-02-13 00:00,2026-09-25 00:00,56.14,100.3,40.02,2.51,0.37,-0.11,0.27,44.4,False,-1.51,-0.32,0,1,3,284051057.0,"[1, 10, 18]",479,80.9,76.1,1.39,8.0,14.0,0.1552,0.2567,0.545,0.0306,0.1783,0.2,0.72,,0.0
ICHR,daily,3.0,,,,154,2026-02-10 00:00,2026-09-21 00:00,56.14,112.28,40.02,2.81,0.34,0.17,0.22,45.5,False,0.04,-0.91,1,0,14,52153277.0,"[119, 129, 137, 144]",2303,38.5,43.2,0.984,7.0,9.0,0.1869,0.2551,0.526,0.0438,0.0396,0.23,0.64,,0.02
ICL,weekly,1.5,,,,91,2025-01-03 00:00,2026-09-25 00:00,5.34,7.0,4.67,1.5,-0.3,-0.3,0.29,48.5,False,-0.08,-0.06,0,0,8,26268406.0,"[42, 52, 58, 73]",835,50.6,66.1,1.169,15.0,17.0,0.0736,0.0962,0.637,0.0306,0.0599,0.42,1.2,,0.0
ICUI,weekly,2.0,,,,138,2024-02-09 00:00,2026-09-25 00:00,155.22,184.56,94.84,1.95,0.27,-0.61,0.67,50.9,True,0.93,1.44,0,0,11,168315578.0,"[94, 101, 114, 130]",788,45.5,74.7,1.42,16.0,7.0,0.1195,0.1619,0.667,0.0725,0.0309,0.61,1.2,,0.02
IDCC,weekly,1.5,,,,60,2025-08-08 00:00,2026-09-25 00:00,326.7,375.98,251.45,1.5,-0.14,0.0,0.6,53.5,True,0.45,0.28,0,0,5,417389283.0,"[27, 36, 45, 52]",866,47.4,59.7,1.167,7.0,7.0,0.0848,0.1164,0.467,0.0138,0.0547,0.16,0.75,,0.0
IDR,weekly,2.0,ANTI,,,60,2025-08-08 00:00,2026-09-25 00:00,29.05,49.09,24.63,1.99,-0.05,0.17,0.18,43.3,False,-0.49,-1.82,0,0,5,57926673.0,"[19, 29, 39, 52]",862,62.3,50.6,0.718,13.0,7.0,0.1189,0.1737,0.583,0.0278,0.0602,0.23,0.66,,0.02
IDR,weekly,3.0,,,,64,2025-07-11 00:00,2026-09-25 00:00,29.05,49.09,16.76,2.93,0.15,-0.07,0.38,43.3,False,-0.49,-1.82,0,0,5,56662835.0,"[23, 33, 43, 56]",858,62.3,50.6,0.718,13.0,7.0,0.1264,0.2101,0.719,0.0278,0.0602,0.22,0.68,,0.02
IDXX,weekly,1.5,ANTI,,,70,2025-05-30 00:00,2026-09-25 00:00,515.3,752.88,504.7,1.49,-0.25,-0.13,0.04,38.3,False,0.07,-0.31,1,0,8,1528261642.0,"[33, 46, 52, 62]",856,42.8,51.9,1.041,10.0,7.0,0.0846,0.1076,0.414,0.0383,0.0192,0.45,0.98,,0.0
IDYA,weekly,3.0,COMP,,,132,2024-03-22 00:00,2026-09-25 00:00,38.86,43.88,14.71,2.98,-0.05,-0.69,0.83,60.9,True,0.78,1.15,0,0,10,134842598.0,"[102, 108, 119, 127]",252,64.7,66.7,1.065,8.0,4.0,0.1971,0.2349,0.598,0.0294,0.0343,0.15,1.0,,0.02
IE,weekly,3.0,ANTI,,,73,2025-05-09 00:00,2026-09-25 00:00,9.85,19.86,6.71,2.96,0.14,-0.59,0.24,44.8,False,-0.19,-1.77,0,0,5,114169066.0,"[24, 37, 49, 67]",149,54.7,49.2,0.732,18.0,5.0,0.1886,0.254,0.562,0.0562,0.0711,0.3,0.97,,0.01
IE,daily,1.5,,,,74,2026-06-05 00:00,2026-09-21 00:00,9.85,11.93,8.08,1.48,0.06,-0.59,0.46,46.8,False,-0.77,-0.61,0,0,7,19978567.0,"[30, 45, 56, 64]",988,66.9,55.1,0.925,8.0,9.0,0.0856,0.0964,0.635,0.0292,0.0376,0.34,1.26,,0.05
IEP,weekly,1.5,,,,100,2024-11-01 00:00,2026-09-25 00:00,7.15,7.95,5.71,1.39,0.15,-0.76,0.64,58.3,True,-0.25,0.02,0,1,7,32228114.0,"[41, 53, 78, 91]",826,66.0,62.4,0.994,13.0,8.0,0.0398,0.0634,0.78,0.013,0.0215,0.33,0.87,,0.02
IHRT,weekly,3.0,ANTI,,,55,2025-09-12 00:00,2026-09-25 00:00,2.4,6.33,2.36,2.68,0.02,-0.32,0.01,37.1,False,-1.05,-3.82,0,0,5,11971065.0,"[8, 13, 33, 42]",331,74.5,53.9,0.692,9.0,12.0,0.175,0.2312,0.545,0.0451,0.2,0.26,0.57,,0.02
IIIN,weekly,1.5,,,,31,2026-02-27 00:00,2026-09-25 00:00,29.83,37.17,25.19,1.48,-0.09,-0.34,0.39,47.3,True,0.4,0.35,0,0,2,27445521.0,"[6, 21]",895,57.3,56.1,0.898,15.0,9.0,0.0576,0.0952,0.71,0.0228,0.0238,0.4,0.8,,0.0
IIPR,weekly,2.0,,,,93,2024-12-20 00:00,2026-09-25 00:00,56.16,64.47,39.74,1.62,0.21,-0.62,0.66,50.5,True,-0.32,0.46,0,0,7,80687220.0,"[51, 63, 72, 82]",420,63.8,72.1,1.16,10.0,10.0,0.0866,0.1139,0.645,0.0064,0.0276,0.07,1.09,,0.01
ILPT,daily,1.5,,,,108,2026-04-17 00:00,2026-09-21 00:00,7.81,9.25,6.22,1.49,0.25,-0.04,0.52,37.6,False,-0.65,-0.53,0,0,9,3114943.0,"[57, 64, 81, 90]",2075,58.8,43.7,0.921,9.0,17.0,0.0399,0.075,0.481,0.0045,0.0116,0.11,0.56,,0.02
IMCR,weekly,1.5,,,,113,2024-08-02 00:00,2026-09-25 00:00,32.18,39.5,26.59,1.49,0.02,-0.64,0.43,47.8,True,0.85,0.78,0,0,10,52088379.0,"[69, 83, 89, 107]",182,45.3,65.7,1.173,18.0,5.0,0.0655,0.0871,0.673,0.0579,0.0441,0.88,1.14,,0.02
IMCR,weekly,2.0,,,,123,2024-05-24 00:00,2026-09-25 00:00,32.18,48.98,26.59,1.84,-0.14,-0.64,0.25,47.8,True,0.85,0.78,0,0,11,53830308.0,"[79, 93, 99, 117]",172,45.3,65.7,1.173,18.0,5.0,0.0715,0.1099,0.569,0.0579,0.0441,0.81,1.1,,0.02
IMDX,daily,2.0,,,,111,2026-04-14 00:00,2026-09-21 00:00,4.01,6.55,3.42,1.92,-0.26,-0.6,0.19,46.1,False,0.02,-0.46,0,0,10,1067464.0,"[67, 77, 92, 101]",2585,46.7,47.7,0.962,9.0,9.0,0.1273,0.1676,0.586,0.005,0.0174,0.04,0.87,,0.02
IMMR,weekly,1.5,COMP,,,84,2025-02-21 00:00,2026-09-25 00:00,7.35,8.04,5.42,1.48,-0.2,-0.56,0.74,58.0,True,0.83,1.04,0,0,7,14295446.0,"[49, 55, 63, 70]",842,55.8,59.9,1.051,7.0,13.0,0.0588,0.084,0.714,0.0167,0.027,0.28,1.06,,0.06
IMOS,daily,1.5,COMP,,,45,2026-07-20 00:00,2026-09-21 00:00,65.18,66.0,45.64,1.45,0.12,-0.4,0.96,66.6,True,0.23,0.18,0,0,3,4389882.0,"[16, 28, 36]",4407,52.9,54.9,1.015,8.0,8.0,0.0412,0.0775,0.778,0.0218,0.0249,0.53,0.85,,0.0
IMOS,daily,2.0,COMP,,,115,2026-04-08 00:00,2026-09-21 00:00,65.18,75.79,38.48,1.97,0.29,-0.13,0.72,66.6,True,0.23,0.18,0,0,9,5312238.0,"[60, 86, 98, 106]",4337,52.9,54.9,1.015,8.0,8.0,0.0968,0.1451,0.739,0.0218,0.0249,0.23,0.7,,0.02
IMRX,weekly,1.5,,,,38,2026-01-09 00:00,2026-09-25 00:00,4.44,6.04,4.13,1.46,-0.26,-0.55,0.16,45.2,False,-0.22,-0.96,0,0,4,21176404.0,"[15, 20, 25, 32]",232,50.5,53.3,1.021,7.0,5.0,0.0711,0.092,0.684,0.0589,0.0754,0.83,0.7,,0.03
IMRX,weekly,3.0,,,,66,2025-06-27 00:00,2026-09-25 00:00,4.44,9.26,3.25,2.85,-0.13,-0.69,0.2,45.2,False,-0.22,-0.96,0,0,7,24075994.0,"[43, 48, 53, 60]",204,50.5,53.3,1.021,7.0,5.0,0.1229,0.2208,0.636,0.0589,0.0754,0.48,0.62,,0.02
IMRX,daily,1.5,ANTI,,,102,2026-04-27 00:00,2026-09-21 00:00,4.44,5.77,3.92,1.47,-0.22,-0.53,0.28,40.1,False,-1.2,-0.9,0,1,6,4005312.0,"[23, 49, 75, 90]",1189,66.3,53.2,0.969,15.0,11.0,0.0748,0.0922,0.706,0.0056,0.029,0.07,0.83,,0.04
IMSR,daily,1.5,ANTI,,,54,2026-07-07 00:00,2026-09-21 00:00,4.5,6.14,4.16,1.48,-0.35,-0.57,0.17,41.9,False,-0.52,-1.26,0,0,3,7265329.0,"[10, 27, 44]",433,56.1,54.0,0.936,17.0,9.0,0.0539,0.0914,0.63,0.0372,0.0854,0.69,0.92,,0.0
IMTX,weekly,1.5,ANTI,,,52,2025-10-03 00:00,2026-09-25 00:00,8.72,11.62,8.62,1.35,-0.24,-0.34,0.03,43.0,False,-0.87,-1.16,0,0,5,21275805.0,"[13, 21, 29, 39]",355,65.4,49.4,0.877,10.0,12.0,0.0426,0.0726,0.731,0.0419,0.0381,0.98,1.03,,0.04
IMTX,weekly,2.0,,,,56,2025-09-05 00:00,2026-09-25 00:00,8.72,11.62,5.82,2.0,0.12,-0.56,0.5,43.0,False,-0.87,-1.16,0,0,5,21275805.0,"[17, 25, 33, 43]",351,65.4,49.4,0.877,10.0,12.0,0.0443,0.1148,0.589,0.0419,0.0381,0.95,1.03,,0.04
IMXI,weekly,1.5,ANTI,,,59,2025-08-15 00:00,2026-09-25 00:00,12.27,15.94,11.86,1.34,-0.28,-0.48,0.1,36.2,False,-1.19,-1.06,0,0,5,24618949.0,"[17, 30, 36, 52]",437,68.9,51.2,0.915,16.0,6.0,0.034,0.0659,0.39,0.0312,0.0348,0.92,0.89,,0.1
INBK,weekly,2.0,,,,91,2025-01-03 00:00,2026-09-25 00:00,27.61,34.94,17.6,1.99,-0.14,-0.57,0.58,55.6,True,0.21,1.04,0,0,5,5616422.0,"[33, 55, 70, 78]",835,63.9,68.6,1.115,8.0,12.0,0.1239,0.1621,0.604,0.0235,0.0425,0.19,1.14,,0.0
INBX,daily,2.0,,,,114,2026-04-09 00:00,2026-09-21 00:00,112.04,141.84,75.27,1.88,-0.01,-0.2,0.55,54.3,True,-0.59,0.35,0,0,6,31311819.0,"[30, 62, 86, 96]",466,64.3,76.6,1.274,10.0,17.0,0.1154,0.1548,0.605,0.0221,0.0262,0.19,0.87,,0.02
INDI,weekly,2.0,ANTI,,,28,2026-03-20 00:00,2026-09-25 00:00,3.21,4.99,2.56,1.95,0.07,-0.66,0.27,44.1,False,-0.24,-0.32,0,0,3,100762049.0,"[10, 16, 21]",337,54.9,56.9,1.061,5.0,6.0,0.1248,0.1585,0.679,0.1098,0.1138,0.88,0.87,,0.0
INDI,weekly,3.0,,,,77,2025-04-11 00:00,2026-09-25 00:00,3.21,5.61,1.91,2.94,0.18,-0.81,0.35,44.1,False,-0.24,-0.32,0,0,7,76866935.0,"[41, 59, 65, 70]",288,54.9,56.9,1.061,5.0,6.0,0.1319,0.2124,0.779,0.1098,0.1138,0.83,1.13,,0.0
INDI,daily,2.0,ANTI,,,125,2026-03-24 00:00,2026-09-21 00:00,3.21,5.34,2.81,1.9,0.01,-0.51,0.16,41.6,False,-1.0,-1.87,1,0,6,18102043.0,"[45, 60, 70, 99]",1624,57.6,65.0,1.017,29.0,25.0,0.1198,0.1547,0.584,0.0224,0.0579,0.19,0.86,,0.02
INFQ,daily,2.0,,,,76,2026-06-03 00:00,2026-09-21 00:00,13.96,17.41,8.83,1.97,-0.1,-0.56,0.6,58.0,False,-0.33,0.03,0,1,5,117591326.0,"[13, 33, 55, 66]",101,64.9,57.6,0.967,11.0,9.0,0.0805,0.1451,0.75,0.0219,0.0231,0.27,0.87,,0.01
INFQ-WS,daily,2.0,,,,76,2026-06-03 00:00,2026-09-21 00:00,13.96,17.41,8.83,1.97,-0.1,-0.56,0.6,58.0,False,-0.33,0.03,0,1,5,117591459.0,"[13, 33, 55, 66]",97,64.9,57.6,0.967,11.0,9.0,0.0805,0.1451,0.75,0.0219,0.0231,0.27,0.87,,0.01
INFU,weekly,2.0,COMP,,,60,2025-08-08 00:00,2026-09-25 00:00,12.8,12.85,7.54,1.7,0.33,-0.32,0.99,67.8,True,0.48,1.06,0,0,6,6460590.0,"[30, 36, 47, 52]",866,57.7,68.4,1.229,5.0,7.0,0.0646,0.127,0.667,0.0131,0.0535,0.2,0.99,,0.0
INGN,weekly,2.0,ANTI,,,84,2025-02-21 00:00,2026-09-25 00:00,5.1,9.91,5.1,1.94,-0.36,-0.68,0.0,30.8,False,-0.77,-1.19,0,0,7,7313445.0,"[46, 54, 61, 70]",575,56.1,55.8,0.984,9.0,13.0,0.0656,0.1322,0.69,0.0403,0.0765,0.61,0.9,,0.0
INGN,weekly,3.0,ANTI,,,152,2023-11-03 00:00,2026-09-25 00:00,5.1,12.85,4.85,2.65,-0.25,-0.87,0.03,30.8,False,-0.77,-1.19,0,0,13,8375591.0,"[114, 122, 129, 138]",507,56.1,55.8,0.984,9.0,13.0,0.1451,0.2265,0.507,0.0403,0.0765,0.28,0.79,,0.0
INGR,weekly,1.5,ANTI,,,149,2023-11-24 00:00,2026-09-25 00:00,97.03,144.46,96.44,1.5,-0.12,-0.06,0.01,37.2,False,0.1,-0.43,0,0,12,273470262.0,"[99, 115, 125, 143]",777,50.8,53.2,0.935,18.0,5.0,0.0936,0.1039,0.577,0.0229,0.0317,0.24,1.11,,0.03
INN,daily,1.5,,,,103,2026-04-24 00:00,2026-09-21 00:00,5.66,6.98,4.66,1.5,0.35,-0.1,0.43,40.0,False,0.01,-0.39,1,0,10,5643139.0,"[59, 84, 92, 98]",3823,37.4,40.8,0.991,6.0,4.0,0.0709,0.0978,0.563,0.007,0.0087,0.1,0.66,,0.02
INNV,daily,1.5,,,,71,2026-06-10 00:00,2026-09-21 00:00,10.6,12.11,8.32,1.46,0.18,-0.22,0.6,45.4,False,-0.05,-0.05,0,0,6,2890485.0,"[24, 47, 53, 62]",3069,52.0,53.4,0.999,9.0,8.0,0.0321,0.0756,0.549,0.0116,0.0074,0.36,0.85,,0.01
INOD,weekly,3.0,,,,72,2025-05-16 00:00,2026-09-25 00:00,61.05,104.98,35.58,2.95,0.31,-0.43,0.37,48.2,False,-0.44,-0.24,0,0,5,397278150.0,"[20, 34, 54, 66]",854,75.8,48.6,0.612,12.0,5.0,0.1849,0.2972,0.458,0.0564,0.064,0.31,0.79,,0.01
INR,weekly,2.0,ANTI,,,87,2025-01-31 00:00,2026-09-25 00:00,12.74,21.3,11.48,1.86,-0.36,,0.13,40.6,False,-0.07,-0.8,0,0,5,23078807.0,"[20, 30, 44, 57]",0,,,,,,0.1107,0.1463,0.598,0.0701,0.0426,0.63,0.68,,0.0
INR,weekly,3.0,ANTI,,,87,2025-01-31 00:00,2026-09-25 00:00,12.74,21.3,11.48,1.86,-0.36,,0.13,40.6,False,-0.07,-0.8,0,0,5,23078807.0,"[20, 30, 44, 57]",0,,,,,,0.1107,0.1463,0.598,0.0701,0.0426,0.63,0.68,,0.0
INSM,weekly,3.0,,,,70,2025-05-30 00:00,2026-09-25 00:00,121.0,207.77,69.73,2.98,-0.07,-0.14,0.37,49.0,False,0.39,-0.45,0,0,6,1603511415.0,"[26, 38, 44, 62]",856,54.4,53.6,0.807,18.0,7.0,0.1916,0.2387,0.629,0.0337,0.0524,0.18,0.72,,0.01
INSP,weekly,2.0,COMP,,,36,2026-01-23 00:00,2026-09-25 00:00,75.72,79.4,40.05,1.98,-0.04,-0.84,0.91,64.3,True,1.26,1.11,0,0,1,239399681.0,[12],403,,,,,,0.1156,0.1898,0.583,0.0652,0.1589,0.56,0.63,,0.0
INTC,weekly,3.0,COMP,,,26,2026-04-03 00:00,2026-09-25 00:00,121.78,133.99,50.38,2.66,0.24,-0.0,0.85,63.3,True,-1.22,0.66,0,0,2,58591519019.0,"[5, 19]",900,90.5,56.2,0.821,14.0,6.0,0.1205,0.1978,0.577,0.0627,0.0806,0.52,0.76,,0.0
INTC,daily,1.5,COMP,,,56,2026-07-02 00:00,2026-09-21 00:00,121.78,122.2,81.88,1.49,-0.17,-0.42,0.99,70.9,True,0.85,0.52,0,0,4,10048702822.0,"[12, 29, 39, 47]",4400,44.3,63.4,1.154,8.0,8.0,0.0673,0.0897,0.661,0.0474,0.0514,0.7,1.09,,0.04
INTC,daily,2.0,COMP,,,103,2026-04-24 00:00,2026-09-21 00:00,121.78,140.94,81.88,1.72,-0.32,0.2,0.68,70.9,True,0.85,0.52,0,0,9,12542455462.0,"[59, 76, 86, 94]",4353,44.3,63.4,1.154,8.0,8.0,0.0964,0.131,0.631,0.0474,0.0514,0.49,0.87,,0.02
INTC,daily,3.0,COMP,,,119,2026-04-01 00:00,2026-09-21 00:00,121.78,140.94,48.03,2.93,0.19,-0.12,0.79,70.9,True,0.85,0.52,0,0,10,12049104788.0,"[75, 92, 102, 110]",4337,44.3,63.4,1.154,8.0,8.0,0.1118,0.2023,0.655,0.0474,0.0514,0.42,0.91,,0.03
INTG,daily,1.5,COMP,,,49,2026-07-14 00:00,2026-09-21 00:00,38.04,39.84,27.46,1.45,0.23,-0.44,0.85,59.3,True,0.5,0.48,0,0,2,2803691.0,"[23, 40]",4407,53.6,66.9,1.094,17.0,8.0,0.063,0.0892,0.592,0.0116,0.0242,0.18,0.71,,0.06
INTR,weekly,2.0,ANTI,,,88,2025-01-24 00:00,2026-09-25 00:00,5.57,9.34,4.83,1.93,-0.0,-0.35,0.16,42.0,False,-0.21,-1.86,0,0,8,99125175.0,"[41, 53, 64, 79]",135,51.9,37.3,0.665,15.0,8.0,0.1918,0.198,0.375,0.0279,0.0223,0.15,1.14,,0.03
INTT,weekly,2.0,ANTI,,,34,2026-02-06 00:00,2026-09-25 00:00,10.99,18.8,9.92,1.9,-0.11,-0.25,0.12,40.9,False,-2.23,-2.56,0,0,1,11501612.0,[12],892,,,,,,0.1771,0.1921,0.441,0.0306,0.1101,0.17,0.56,,0.03
INTT,daily,2.0,ANTI,,,156,2026-02-06 00:00,2026-09-21 00:00,10.99,18.9,9.92,1.91,-0.08,0.03,0.12,42.1,False,-0.09,-0.89,1,0,16,2524680.0,"[122, 131, 139, 147]",4263,36.2,43.8,1.003,8.0,8.0,0.1579,0.1809,0.494,0.0139,0.0166,0.09,0.41,,0.03
IONQ,weekly,3.0,,,,77,2025-04-11 00:00,2026-09-25 00:00,40.51,73.28,25.74,2.85,0.06,-0.46,0.31,47.2,False,-0.34,-0.72,0,0,7,4223913410.0,"[40, 46, 59, 70]",222,70.9,50.8,0.642,11.0,6.0,0.1521,0.2497,0.649,0.0519,0.0845,0.34,0.86,,0.0
IONQ,daily,1.5,,,,54,2026-07-07 00:00,2026-09-21 00:00,40.51,46.84,31.99,1.46,0.06,-0.56,0.57,52.2,False,-0.38,-0.72,0,0,2,708448971.0,"[29, 44]",1381,60.3,48.7,0.864,15.0,9.0,0.0714,0.0948,0.611,0.0129,0.0341,0.18,0.88,,0.0
IONQ-WS,weekly,3.0,,,,77,2025-04-11 00:00,2026-09-25 00:00,40.51,73.28,25.74,2.85,0.06,-0.46,0.31,47.2,False,-0.34,-0.72,0,0,7,4223913413.0,"[40, 46, 59, 70]",62,70.9,50.8,0.642,11.0,6.0,0.1521,0.2497,0.649,0.0519,0.0845,0.34,0.86,,0.0
IONQ-WS,daily,1.5,,,,54,2026-07-07 00:00,2026-09-21 00:00,40.51,46.84,31.99,1.46,0.06,-0.56,0.57,52.2,False,-0.38,-0.72,0,0,2,708448237.0,"[29, 44]",608,60.3,48.7,0.864,15.0,9.0,0.0714,0.0948,0.611,0.0129,0.0341,0.18,0.88,,0.0
IONS,weekly,2.0,ANTI,,,56,2025-09-05 00:00,2026-09-25 00:00,44.9,86.5,44.44,1.95,-0.38,-0.17,0.01,30.7,False,-0.97,-2.74,0,0,6,763563852.0,"[12, 32, 43, 51]",870,62.5,43.0,0.746,8.0,4.0,0.0814,0.1429,0.589,0.0486,0.0415,0.6,0.95,,0.0
IONS,daily,1.5,ANTI,,,52,2026-07-09 00:00,2026-09-21 00:00,44.9,64.27,44.44,1.45,-0.15,-0.49,0.02,26.9,False,-1.34,-1.4,0,0,2,155147692.0,"[11, 33]",4404,32.6,61.4,1.124,22.0,18.0,0.0393,0.0808,0.673,0.0502,0.0723,1.28,1.61,,0.02
IOSP,weekly,1.5,COMP,,,82,2025-03-07 00:00,2026-09-25 00:00,92.56,97.33,65.12,1.49,-0.01,-0.48,0.85,63.4,True,0.83,0.95,0,0,6,75902405.0,"[25, 49, 66, 77]",844,62.2,70.1,1.102,11.0,4.0,0.057,0.0856,0.732,0.005,0.015,0.09,0.95,,0.01
IOT,weekly,2.0,,,,83,2025-02-28 00:00,2026-09-25 00:00,38.05,47.68,25.42,1.88,-0.31,-0.57,0.57,53.4,True,0.58,1.3,0,0,8,952359811.0,"[40, 53, 65, 75]",167,54.2,60.2,1.168,10.0,7.0,0.0719,0.1329,0.771,0.0169,0.0406,0.24,1.02,,0.0
IP,weekly,1.5,,,,31,2026-02-27 00:00,2026-09-25 00:00,35.33,42.43,29.48,1.44,0.28,-0.47,0.45,44.7,True,0.58,0.73,0,0,2,995486608.0,"[7, 21]",895,43.5,60.2,1.152,14.0,9.0,0.0646,0.0952,0.613,0.0755,0.0622,1.17,0.74,,0.03
IP,daily,1.5,,,,85,2026-05-20 00:00,2026-09-21 00:00,35.33,43.59,30.08,1.45,0.38,-0.37,0.39,41.8,False,-1.08,-0.94,0,0,5,182308493.0,"[24, 46, 64, 74]",4371,57.3,39.9,0.898,10.0,10.0,0.0693,0.0867,0.588,0.0068,0.0188,0.1,1.06,,0.02
IPI,weekly,1.5,,,,37,2026-01-16 00:00,2026-09-25 00:00,36.92,46.52,32.84,1.42,0.0,-0.14,0.3,50.8,False,-0.11,-0.19,0,0,3,35414853.0,"[1, 8, 17]",889,78.1,58.3,0.925,9.0,19.0,0.0656,0.0938,0.459,0.0314,0.0644,0.48,0.96,,0.03
IPI,daily,1.5,,,,151,2026-02-13 00:00,2026-09-21 00:00,36.92,48.84,32.61,1.5,-0.16,-0.07,0.27,43.0,True,-0.39,0.23,0,0,11,7647627.0,"[113, 121, 130, 138]",4305,67.5,72.1,1.058,8.0,12.0,0.0702,0.0894,0.543,0.0257,0.0318,0.37,0.88,,0.05
IPWR,daily,3.0,ANTI,,,110,2026-04-15 00:00,2026-09-21 00:00,4.27,8.99,3.14,2.86,-0.13,-0.39,0.19,44.9,False,-0.81,-0.87,0,0,10,1266768.0,"[79, 84, 93, 100]",3114,56.3,55.1,1.0,7.0,9.0,0.1362,0.2246,0.564,0.0579,0.0621,0.43,1.07,,0.0
IR,weekly,1.5,,,,150,2023-11-17 00:00,2026-09-25 00:00,72.31,103.99,69.6,1.49,-0.3,-0.0,0.08,39.3,True,0.1,-0.09,1,0,12,1150132271.0,"[98, 117, 126, 142]",340,51.7,59.0,1.014,16.0,7.0,0.0783,0.0991,0.653,0.0626,0.0354,0.8,1.15,,0.01
IRD,weekly,2.0,,,,33,2026-02-13 00:00,2026-09-25 00:00,5.22,6.04,3.08,1.96,-0.06,0.02,0.72,59.6,False,-0.68,-0.45,0,0,3,18016355.0,"[4, 9, 20]",893,77.4,54.5,0.736,11.0,12.0,0.1338,0.1634,0.667,0.1663,0.0791,1.24,1.01,,0.0
IRD,weekly,3.0,,,,37,2026-01-16 00:00,2026-09-25 00:00,5.22,6.04,2.1,2.88,0.24,-0.23,0.79,59.6,False,-0.68,-0.45,0,0,3,17409657.0,"[8, 13, 24]",889,77.4,54.5,0.736,11.0,12.0,0.1322,0.2159,0.676,0.1663,0.0791,1.26,1.04,,0.0
IRDM,daily,1.5,,,,99,2026-04-30 00:00,2026-09-21 00:00,48.21,55.54,38.82,1.43,0.27,-0.1,0.56,55.1,False,-0.16,-0.16,0,1,8,75688173.0,"[57, 68, 73, 89]",4357,58.0,50.1,0.952,16.0,9.0,0.0392,0.0726,0.798,0.0063,0.0051,0.16,0.74,,0.02
IREN,weekly,2.0,,,,55,2025-09-12 00:00,2026-09-25 00:00,47.23,63.54,33.62,1.89,-0.17,0.27,0.45,52.5,False,-0.36,-0.75,0,1,3,8411461102.0,"[6, 18, 34]",199,67.5,64.5,1.058,16.0,20.0,0.1076,0.1858,0.491,0.0544,0.0837,0.51,0.96,,0.0
IREN,weekly,3.0,,,,58,2025-08-22 00:00,2026-09-25 00:00,47.23,63.54,21.43,2.97,0.04,0.09,0.61,52.5,False,-0.36,-0.75,0,1,3,8336334751.0,"[9, 21, 37]",196,67.5,64.5,1.058,16.0,20.0,0.1096,0.2141,0.707,0.0544,0.0837,0.5,0.97,,0.0
IREN,daily,2.0,,,,64,2026-06-22 00:00,2026-09-21 00:00,47.23,56.87,29.31,1.94,-0.05,-0.57,0.65,60.1,True,0.22,0.27,1,0,4,1685918847.0,"[11, 20, 39, 54]",1150,56.1,60.4,1.045,15.0,9.0,0.0606,0.1094,0.875,0.0153,0.0396,0.25,0.91,,0.02
IRON,weekly,1.5,,,,41,2025-12-19 00:00,2026-09-25 00:00,68.49,80.33,55.95,1.44,0.16,-0.4,0.51,42.8,True,0.27,0.58,0,0,3,163342920.0,"[7, 17, 36]",279,52.5,62.3,1.115,19.0,4.0,0.0783,0.0955,0.439,0.0228,0.0322,0.29,0.98,,0.02
IRON,weekly,2.0,,,,72,2025-05-16 00:00,2026-09-25 00:00,68.49,93.36,46.68,2.0,0.36,-0.38,0.47,42.8,True,0.27,0.58,0,0,6,146149694.0,"[28, 38, 48, 67]",248,52.5,62.3,1.115,19.0,4.0,0.1256,0.1682,0.694,0.0228,0.0322,0.18,1.1,,0.01
IRS,weekly,1.5,,,,48,2025-10-31 00:00,2026-09-25 00:00,15.6,17.4,13.37,1.3,-0.05,-0.14,0.55,53.9,False,-0.02,0.02,0,0,3,12298455.0,"[13, 22, 32]",878,58.7,58.6,1.002,10.0,15.0,0.0465,0.0614,0.708,0.0252,0.0204,0.54,0.75,,0.02
IRT,weekly,1.5,,,,135,2024-03-01 00:00,2026-09-25 00:00,14.66,20.54,14.03,1.46,-0.19,-0.41,0.1,36.1,True,-0.06,0.04,0,0,11,196321636.0,"[96, 116, 122, 127]",550,58.7,57.9,0.996,5.0,7.0,0.0573,0.0896,0.681,0.0568,0.0253,0.99,1.04,,0.03
IRTC,weekly,2.0,,,,90,2025-01-10 00:00,2026-09-25 00:00,110.38,188.01,97.7,1.92,-0.05,-0.3,0.14,42.1,True,0.62,-0.04,2,0,9,317695633.0,"[52, 66, 77, 84]",429,48.9,52.3,1.016,7.0,5.0,0.1435,0.1993,0.356,0.0536,0.0579,0.37,0.95,,0.0
IRTC,weekly,3.0,,,,102,2024-10-18 00:00,2026-09-25 00:00,110.38,188.01,62.67,3.0,0.25,-0.55,0.38,42.1,True,0.62,-0.04,2,0,9,301568706.0,"[64, 78, 89, 96]",417,48.9,52.3,1.016,7.0,5.0,0.1694,0.2396,0.627,0.0536,0.0579,0.32,1.0,,0.0
IRTC,daily,1.5,ANTI,,,147,2026-02-20 00:00,2026-09-21 00:00,110.38,150.96,101.79,1.48,-0.14,-0.46,0.17,39.1,False,-0.63,-0.49,0,1,11,61064256.0,"[113, 121, 126, 135]",2345,58.1,52.9,0.96,9.0,11.0,0.0387,0.0628,0.707,0.0065,0.0221,0.17,0.92,,0.03
IRWD,weekly,1.5,COMP,,,34,2026-02-06 00:00,2026-09-25 00:00,4.41,4.56,3.04,1.5,0.37,-0.8,0.9,56.7,True,-0.03,0.46,0,1,2,38571907.0,"[10, 22]",835,63.0,59.1,1.009,12.0,11.0,0.0945,0.1098,0.471,0.0116,0.0163,0.12,0.87,,0.0
IRWD,weekly,2.0,,,,46,2025-11-14 00:00,2026-09-25 00:00,4.41,5.23,3.04,1.72,0.26,-0.8,0.63,56.7,True,-0.03,0.46,0,1,4,41594998.0,"[4, 10, 22, 34]",823,63.0,59.1,1.009,12.0,11.0,0.1027,0.1322,0.587,0.0116,0.0163,0.11,0.8,,0.0
IRWD,weekly,3.0,COMP,,,48,2025-10-31 00:00,2026-09-25 00:00,4.41,5.23,1.92,2.72,0.3,-0.87,0.75,56.7,True,-0.03,0.46,0,1,4,39407597.0,"[6, 12, 24, 36]",821,63.0,59.1,1.009,12.0,11.0,0.1057,0.1683,0.771,0.0116,0.0163,0.11,0.85,,0.02
IRWD,daily,1.5,,,,121,2026-03-30 00:00,2026-09-21 00:00,4.41,4.83,3.22,1.5,0.28,-0.4,0.74,57.4,False,-0.16,-0.1,0,1,8,7622779.0,"[62, 68, 86, 108]",4062,61.2,55.9,0.998,22.0,12.0,0.0614,0.0903,0.744,0.024,0.024,0.39,0.7,,0.0
ISBA,weekly,2.0,ANTI,,,64,2025-07-11 00:00,2026-09-25 00:00,38.2,55.83,29.88,1.87,0.29,-0.19,0.32,42.8,False,-0.25,-0.63,0,0,4,5135233.0,"[23, 39, 45, 57]",859,48.6,50.4,0.973,12.0,6.0,0.1239,0.1512,0.625,0.0096,0.0124,0.08,2.19,,0.02
ISOU,weekly,1.5,,,,44,2025-11-28 00:00,2026-09-25 00:00,10.26,12.05,8.42,1.43,0.15,-0.47,0.51,49.1,False,-0.33,-0.45,0,0,4,5370308.0,"[8, 20, 29, 38]",448,56.8,57.4,0.993,9.0,5.0,0.0717,0.0912,0.545,0.0446,0.0855,0.62,1.09,,0.0
ISRG,weekly,2.0,,,,150,2023-11-17 00:00,2026-09-25 00:00,401.65,595.55,305.28,1.95,0.2,-0.16,0.33,47.7,False,0.05,-1.02,0,0,11,3932937382.0,"[112, 127, 137, 143]",776,40.8,42.8,0.926,6.0,6.0,0.1334,0.157,0.613,0.0287,0.0414,0.22,1.18,,0.02
ITG,daily,1.5,,,,56,2026-07-02 00:00,2026-09-21 00:00,11.66,15.46,10.58,1.46,-0.17,,0.22,35.9,True,0.53,0.06,2,0,3,3025585.0,"[4, 14, 49]",1,19.9,49.7,0.995,35.0,6.0,0.0396,0.0624,0.875,0.0187,0.0349,0.47,1.3,,0.0
ITG,daily,2.0,,,,57,2026-07-01 00:00,2026-09-21 00:00,11.66,17.71,10.58,1.67,-0.18,,0.15,35.9,True,0.53,0.06,2,0,3,3041442.0,"[5, 15, 50]",0,19.9,49.7,0.995,35.0,6.0,0.0395,0.0785,0.754,0.0187,0.0349,0.47,1.29,,0.0
ITG,daily,3.0,,,,57,2026-07-01 00:00,2026-09-21 00:00,11.66,17.71,10.58,1.67,-0.18,,0.15,35.9,True,0.53,0.06,2,0,3,3041442.0,"[5, 15, 50]",0,19.9,49.7,0.995,35.0,6.0,0.0395,0.0785,0.754,0.0187,0.0349,0.47,1.29,,0.0
ITGR,weekly,2.0,COMP,,,83,2025-02-28 00:00,2026-09-25 00:00,126.38,126.5,64.57,1.96,-0.27,-0.55,1.0,82.1,True,1.71,1.61,2,0,6,251928887.0,"[25, 33, 52, 59]",843,48.0,54.5,1.041,7.0,23.0,0.1602,0.1799,0.506,0.0035,0.0089,0.02,1.91,,0.07
ITRI,weekly,1.5,,,,48,2025-10-31 00:00,2026-09-25 00:00,92.43,105.29,79.24,1.33,-0.35,-0.42,0.51,49.7,True,0.67,0.48,0,0,3,288020043.0,"[14, 24, 40]",878,49.4,63.3,1.054,16.0,7.0,0.0577,0.0781,0.479,0.0412,0.0693,0.71,0.89,,0.04
ITRI,weekly,2.0,,,,148,2023-12-01 00:00,2026-09-25 00:00,92.43,136.39,69.04,1.98,0.07,-0.1,0.35,49.7,True,0.67,0.48,0,0,11,269619969.0,"[99, 114, 124, 140]",778,49.4,63.3,1.054,16.0,7.0,0.0877,0.1527,0.682,0.0412,0.0693,0.47,0.95,,0.03
ITRN,weekly,1.5,,,,34,2026-02-06 00:00,2026-09-25 00:00,52.55,65.8,44.25,1.49,0.3,0.03,0.39,48.4,False,-1.84,-0.49,0,0,2,32566204.0,"[2, 13]",892,74.8,86.2,1.288,11.0,20.0,0.0738,0.1054,0.588,0.0128,0.0344,0.17,0.83,,0.0
ITRN,daily,1.5,,UP,broad,139,2026-03-04 00:00,2026-09-21 00:00,52.55,65.85,44.18,1.49,0.09,-0.06,0.39,51.6,True,0.6,0.02,0,0,11,6997266.0,"[95, 105, 111, 121]",4317,43.5,42.4,0.963,10.0,17.0,0.0621,0.0915,0.676,0.003,0.0025,0.05,0.71,,0.05
IVA,daily,1.5,ANTI,,,79,2026-05-29 00:00,2026-09-21 00:00,3.65,4.93,3.41,1.45,0.39,-0.52,0.16,24.6,False,-1.42,-1.18,1,0,6,3951676.0,"[40, 48, 56, 62]",1478,57.6,61.8,1.029,6.0,16.0,0.0649,0.1031,0.392,0.017,0.0672,0.26,1.59,,0.03
JACK,daily,1.5,ANTI,,,62,2026-06-24 00:00,2026-09-21 00:00,13.34,18.77,12.82,1.46,-0.03,-0.44,0.09,35.3,False,-0.9,-1.31,0,0,5,10997112.0,"[15, 29, 34, 42]",4394,67.5,57.8,0.95,8.0,19.0,0.0694,0.0934,0.694,0.0245,0.073,0.35,0.76,,0.02
JACK,daily,2.0,,,,148,2026-02-19 00:00,2026-09-21 00:00,13.34,18.77,9.4,2.0,0.39,-0.6,0.42,35.3,False,-0.9,-1.31,0,0,12,9840218.0,"[101, 115, 120, 128]",4308,67.5,57.8,0.95,8.0,19.0,0.1395,0.1653,0.581,0.0245,0.073,0.18,0.85,,0.01
JAKK,weekly,2.0,COMP,,,84,2025-02-21 00:00,2026-09-25 00:00,24.28,27.64,14.96,1.85,0.37,-0.54,0.74,57.2,True,-0.01,0.72,0,0,8,9151254.0,"[52, 62, 70, 75]",842,63.3,68.5,1.102,5.0,8.0,0.1281,0.1558,0.548,0.0212,0.0392,0.17,0.82,,0.01
JBI,weekly,1.5,ANTI,,,30,2026-03-06 00:00,2026-09-25 00:00,4.4,5.55,4.3,1.29,-0.35,-0.72,0.08,35.6,False,0.22,-0.5,1,0,2,40910372.0,"[6, 22]",324,37.7,47.6,1.002,16.0,7.0,0.0279,0.0584,0.467,0.0521,0.0431,1.87,0.94,,0.03
JBI,daily,1.5,ANTI,,,138,2026-03-05 00:00,2026-09-21 00:00,4.4,5.83,4.3,1.36,-0.29,-0.58,0.07,35.6,False,-0.52,-0.77,1,0,12,8228943.0,"[98, 104, 114, 127]",1557,45.2,50.1,0.992,13.0,10.0,0.0287,0.0543,0.768,0.0225,0.0372,0.78,1.28,,0.02
JBIO,daily,1.5,ANTI,,,66,2026-06-17 00:00,2026-09-21 00:00,16.74,24.71,16.65,1.48,-0.23,-0.38,0.01,30.2,False,-1.34,-1.69,0,0,4,17682602.0,"[8, 13, 40, 53]",1246,70.1,49.1,0.866,13.0,12.0,0.0549,0.0888,0.788,0.0327,0.0682,0.6,1.06,,0.02
JBIO,daily,2.0,ANTI,,,120,2026-03-31 00:00,2026-09-21 00:00,16.74,26.85,14.05,1.91,-0.08,-0.17,0.21,30.2,False,-1.34,-1.69,0,0,7,15892236.0,"[62, 67, 94, 107]",1192,70.1,49.1,0.866,13.0,12.0,0.0884,0.1393,0.683,0.0327,0.0682,0.37,1.18,,0.01
JBL,weekly,1.5,,,,27,2026-03-27 00:00,2026-09-25 00:00,303.67,384.74,260.98,1.47,-0.03,-0.04,0.34,47.7,False,-1.27,-0.26,0,1,2,1816881707.0,"[6, 20]",899,78.7,62.2,1.023,14.0,6.0,0.075,0.0924,0.667,0.0299,0.0375,0.4,0.8,,0.04
JBL,daily,1.5,,,,120,2026-03-31 00:00,2026-09-21 00:00,303.67,385.55,265.51,1.45,-0.12,-0.06,0.32,45.6,False,-0.29,-0.55,1,0,10,348004548.0,"[78, 93, 103, 113]",4336,42.0,50.2,1.019,10.0,6.0,0.0751,0.0897,0.658,0.0105,0.0184,0.14,0.83,,0.01
JBLU,weekly,1.5,,,,27,2026-03-27 00:00,2026-09-25 00:00,4.57,6.07,4.22,1.44,0.03,-0.48,0.19,43.8,True,-0.25,-0.14,0,0,3,629102762.0,"[3, 14, 19]",899,58.6,57.8,1.008,5.0,7.0,0.0931,0.1099,0.444,0.052,0.1214,0.56,0.74,,0.0
JBLU,weekly,2.0,,,,87,2025-01-31 00:00,2026-09-25 00:00,4.57,7.01,3.67,1.91,-0.01,-0.59,0.27,43.8,True,-0.25,-0.14,0,0,6,554060915.0,"[53, 63, 74, 79]",839,58.6,57.8,1.008,5.0,7.0,0.0982,0.145,0.655,0.052,0.1214,0.53,0.84,,0.02
JBS,weekly,1.5,ANTI,,,68,2025-06-13 00:00,2026-09-25 00:00,12.03,16.96,11.7,1.45,0.02,,0.06,40.9,False,-0.43,-1.0,0,0,5,365259775.0,"[24, 37, 43, 60]",0,66.1,55.3,0.839,17.0,7.0,0.073,0.0925,0.544,0.0462,0.054,0.63,0.91,,0.03
JBS,weekly,2.0,ANTI,,,68,2025-06-13 00:00,2026-09-25 00:00,12.03,16.96,11.7,1.45,0.02,,0.06,40.9,False,-0.43,-1.0,0,0,5,365259775.0,"[24, 37, 43, 60]",0,66.1,55.3,0.839,17.0,7.0,0.073,0.0925,0.544,0.0462,0.054,0.63,0.91,,0.03
JBS,weekly,3.0,ANTI,,,68,2025-06-13 00:00,2026-09-25 00:00,12.03,16.96,11.7,1.45,0.02,,0.06,40.9,False,-0.43,-1.0,0,0,5,365259775.0,"[24, 37, 43, 60]",0,66.1,55.3,0.839,17.0,7.0,0.073,0.0925,0.544,0.0462,0.054,0.63,0.91,,0.03
JBSS,weekly,1.5,ANTI,,,48,2025-10-31 00:00,2026-09-25 00:00,66.44,89.61,60.11,1.49,0.33,-0.4,0.21,37.5,False,-0.74,-0.36,0,1,5,32450468.0,"[13, 23, 35, 41]",878,70.1,60.3,0.958,6.0,6.0,0.0576,0.0811,0.771,0.0587,0.0785,1.02,1.67,,0.0
JCAP,weekly,1.5,,,,60,2025-08-08 00:00,2026-09-25 00:00,20.25,23.74,16.07,1.48,0.27,,0.55,51.0,True,0.66,0.59,0,0,4,20337628.0,"[3, 22, 36, 53]",6,52.8,69.6,1.144,17.0,6.0,0.0796,0.0946,0.633,0.0214,0.0409,0.27,1.51,,0.0
JCAP,weekly,2.0,,,,66,2025-06-27 00:00,2026-09-25 00:00,20.25,23.74,15.3,1.55,0.38,,0.59,51.0,True,0.66,0.59,0,0,4,19512421.0,"[9, 28, 42, 59]",0,52.8,69.6,1.144,17.0,6.0,0.0881,0.1036,0.667,0.0214,0.0409,0.24,1.58,,0.0
JCAP,weekly,3.0,,,,66,2025-06-27 00:00,2026-09-25 00:00,20.25,23.74,15.3,1.55,0.38,,0.59,51.0,True,0.66,0.59,0,0,4,19512421.0,"[9, 28, 42, 59]",0,52.8,69.6,1.144,17.0,6.0,0.0881,0.1036,0.667,0.0214,0.0409,0.24,1.58,,0.0
JD,weekly,2.0,ANTI,,,134,2024-03-08 00:00,2026-09-25 00:00,27.28,44.11,22.61,1.95,-0.04,-0.62,0.22,44.3,False,-0.29,-0.22,0,0,10,1531310872.0,"[82, 98, 110, 125]",511,61.5,62.7,1.045,15.0,8.0,0.0912,0.144,0.612,0.0367,0.0505,0.4,0.52,,0.01
JEF,weekly,2.0,,,,86,2025-02-07 00:00,2026-09-25 00:00,47.85,71.02,35.82,1.98,-0.1,-0.54,0.34,42.8,True,0.1,0.45,0,0,4,518373243.0,"[32, 46, 71, 78]",840,65.7,55.1,0.912,7.0,7.0,0.0813,0.1348,0.791,0.0431,0.026,0.53,0.87,,0.01
JEF,daily,1.5,ANTI,,,115,2026-04-08 00:00,2026-09-21 00:00,47.85,62.35,43.08,1.45,0.28,-0.34,0.25,31.3,False,-0.37,-0.41,1,0,9,102871738.0,"[67, 76, 84, 105]",4341,55.6,59.8,0.991,21.0,9.0,0.0525,0.0773,0.739,0.0158,0.0629,0.3,1.24,,0.04
JHX,weekly,2.0,,,,85,2025-02-14 00:00,2026-09-25 00:00,26.65,32.49,16.69,1.95,-0.08,-0.6,0.63,52.5,True,0.73,1.58,0,0,7,631651514.0,"[52, 62, 71, 78]",841,63.3,70.2,1.166,7.0,6.0,0.1205,0.1619,0.624,0.0218,0.0683,0.18,1.54,,0.0
JLL,weekly,1.5,,,,62,2025-07-25 00:00,2026-09-25 00:00,340.07,387.37,265.29,1.46,0.39,-0.06,0.61,51.6,True,0.42,0.67,0,0,6,580101297.0,"[22, 27, 38, 56]",864,60.7,69.0,1.118,18.0,5.0,0.0633,0.0855,0.694,0.0428,0.047,0.68,0.92,,0.03
JMIA,weekly,1.5,,,,31,2026-02-27 00:00,2026-09-25 00:00,6.97,8.23,5.86,1.4,-0.32,-0.59,0.47,47.5,False,0.32,-0.31,0,0,2,55100095.0,"[7, 18]",359,44.8,44.3,0.864,11.0,12.0,0.0359,0.0772,0.742,0.0396,0.0504,1.1,0.93,,0.0
JMIA,daily,1.5,,,,93,2026-05-08 00:00,2026-09-21 00:00,6.97,7.98,5.69,1.4,-0.19,-0.61,0.56,50.5,True,0.1,0.51,0,0,5,11236900.0,"[25, 36, 65, 84]",1777,53.0,67.2,1.175,19.0,8.0,0.0508,0.0748,0.731,0.0159,0.0138,0.31,0.86,,0.01
JMIA,daily,2.0,,,,154,2026-02-10 00:00,2026-09-21 00:00,6.97,10.33,5.69,1.82,-0.37,-0.61,0.28,50.5,True,0.1,0.51,0,0,8,11523968.0,"[86, 97, 126, 145]",1716,53.0,67.2,1.175,19.0,8.0,0.045,0.1134,0.617,0.0159,0.0138,0.35,0.84,,0.01
JOE,weekly,1.5,,,,49,2025-10-24 00:00,2026-09-25 00:00,64.56,71.66,50.56,1.42,0.31,-0.19,0.66,50.2,False,-0.12,-0.01,1,0,5,65282422.0,"[18, 26, 35, 43]",877,54.1,60.2,1.046,8.0,5.0,0.0466,0.0673,0.714,0.0179,0.0408,0.38,1.0,,0.02
JRVR,weekly,2.0,ANTI,,,110,2024-08-23 00:00,2026-09-25 00:00,3.73,7.29,3.69,1.97,-0.18,-0.84,0.01,33.3,False,-0.29,-2.05,0,0,10,6504344.0,"[68, 76, 86, 102]",506,55.6,44.2,0.726,16.0,7.0,0.15,0.1796,0.545,0.0269,0.0767,0.18,0.69,,0.02
JRVR,daily,1.5,ANTI,,,96,2026-05-05 00:00,2026-09-21 00:00,3.73,4.78,3.69,1.3,-0.04,-0.48,0.04,33.6,False,-0.07,-0.33,0,0,7,1236177.0,"[57, 64, 84, 91]",2863,48.1,40.2,0.943,7.0,4.0,0.0482,0.0654,0.573,0.0221,0.0253,0.46,1.02,,0.03
KAI,weekly,1.5,ANTI,,,84,2025-02-21 00:00,2026-09-25 00:00,265.84,379.92,254.04,1.5,-0.23,-0.39,0.09,39.3,False,-0.24,-0.39,1,0,6,205615015.0,"[50, 60, 70, 76]",842,53.5,56.8,1.042,6.0,7.0,0.0517,0.0793,0.81,0.113,0.0284,2.19,1.03,,0.01
KALU,weekly,1.5,,,,26,2026-04-03 00:00,2026-09-25 00:00,150.94,189.82,130.45,1.46,-0.03,-0.06,0.35,47.4,False,-1.06,-0.05,0,2,3,193229394.0,"[3, 10, 18]",900,72.3,62.7,0.973,8.0,7.0,0.0689,0.0906,0.538,0.0399,0.0313,0.58,0.99,,0.0
KALU,daily,1.5,ANTI,,,116,2026-04-07 00:00,2026-09-21 00:00,150.94,194.8,130.8,1.49,-0.03,-0.09,0.31,41.1,False,-0.15,-0.35,0,0,8,39804103.0,"[58, 74, 87, 106]",4340,64.3,53.0,0.868,19.0,9.0,0.0666,0.084,0.655,0.0141,0.0398,0.21,0.62,,0.03
KBDC,weekly,1.5,ANTI,,,123,2024-05-24 00:00,2026-09-25 00:00,13.09,14.74,12.31,1.2,0.23,,0.32,43.4,False,-0.73,-0.31,0,1,8,13394126.0,"[59, 79, 101, 115]",0,65.7,56.0,0.963,14.0,7.0,0.0338,0.0423,0.65,0.0153,0.0112,0.45,1.89,,0.05
KBDC,weekly,2.0,ANTI,,,123,2024-05-24 00:00,2026-09-25 00:00,13.09,14.74,12.31,1.2,0.23,,0.32,43.4,False,-0.73,-0.31,0,1,8,13394126.0,"[59, 79, 101, 115]",0,65.7,56.0,0.963,14.0,7.0,0.0338,0.0423,0.65,0.0153,0.0112,0.45,1.89,,0.05
KBDC,weekly,3.0,ANTI,,,123,2024-05-24 00:00,2026-09-25 00:00,13.09,14.74,12.31,1.2,0.23,,0.32,43.4,False,-0.73,-0.31,0,1,8,13394126.0,"[59, 79, 101, 115]",0,65.7,56.0,0.963,14.0,7.0,0.0338,0.0423,0.65,0.0153,0.0112,0.45,1.89,,0.05
KBH,weekly,1.5,,,,93,2024-12-20 00:00,2026-09-25 00:00,47.86,66.79,44.88,1.49,-0.3,-0.47,0.14,39.3,True,0.26,0.16,0,0,9,313308165.0,"[60, 70, 79, 85]",833,60.8,54.9,0.946,6.0,7.0,0.0843,0.094,0.602,0.0644,0.0208,0.76,0.75,,0.01
KBH,weekly,2.0,,,,152,2023-11-03 00:00,2026-09-25 00:00,47.86,84.37,44.88,1.88,-0.33,-0.13,0.08,39.3,True,0.26,0.16,0,0,14,342733699.0,"[119, 129, 138, 144]",774,60.8,54.9,0.946,6.0,7.0,0.0946,0.149,0.599,0.0644,0.0208,0.68,0.68,,0.01
KC,weekly,3.0,ANTI,,,95,2024-12-06 00:00,2026-09-25 00:00,10.27,20.81,8.58,2.43,-0.18,-0.03,0.14,44.4,False,-0.65,-2.41,0,0,9,103985942.0,"[51, 62, 71, 87]",239,70.1,51.0,0.677,16.0,7.0,0.1138,0.188,0.632,0.0626,0.0639,0.55,0.62,,0.01
KC,daily,1.5,,,,59,2026-06-29 00:00,2026-09-21 00:00,10.27,13.08,8.9,1.47,0.14,-0.51,0.33,49.3,False,-0.46,-0.73,1,0,5,12516570.0,"[25, 36, 43, 48]",1541,46.7,51.1,1.028,5.0,10.0,0.0537,0.0921,0.593,0.0223,0.0311,0.42,1.05,,0.07
KC,daily,2.0,,,,89,2026-05-14 00:00,2026-09-21 00:00,10.27,16.94,8.58,1.97,-0.32,-0.53,0.2,49.3,False,-0.46,-0.73,1,0,7,14298496.0,"[55, 66, 73, 78]",1511,46.7,51.1,1.028,5.0,10.0,0.0837,0.146,0.427,0.0223,0.0311,0.27,0.92,,0.04
KD,weekly,1.5,,,,33,2026-02-13 00:00,2026-09-25 00:00,12.2,14.4,11.0,1.31,0.01,-0.75,0.35,40.6,True,0.64,-0.05,1,0,2,241689624.0,"[11, 25]",225,35.7,46.9,0.976,14.0,7.0,0.0292,0.0652,0.697,0.0247,0.0462,0.85,0.98,,0.03
KD,weekly,2.0,,,,33,2026-02-13 00:00,2026-09-25 00:00,12.2,14.4,11.0,1.31,0.01,-0.75,0.35,40.6,True,0.64,-0.05,1,0,2,241689624.0,"[11, 25]",225,35.7,46.9,0.976,14.0,7.0,0.0292,0.0652,0.697,0.0247,0.0462,0.85,0.98,,0.03
KD,daily,1.5,,,,155,2026-02-09 00:00,2026-09-21 00:00,12.2,14.7,10.59,1.39,0.05,-0.68,0.39,41.9,True,0.02,0.04,0,0,12,48813252.0,"[110, 121, 140, 149]",1077,55.9,56.6,1.009,9.0,5.0,0.0454,0.0714,0.735,0.0233,0.0169,0.51,0.81,,0.02
KD,daily,2.0,,,,155,2026-02-09 00:00,2026-09-21 00:00,12.2,14.7,10.59,1.39,0.05,-0.68,0.39,41.9,True,0.02,0.04,0,0,12,48813252.0,"[110, 121, 140, 149]",1077,55.9,56.6,1.009,9.0,5.0,0.0454,0.0714,0.735,0.0233,0.0169,0.51,0.81,,0.02
KE,weekly,2.0,,,,73,2025-05-09 00:00,2026-09-25 00:00,25.64,31.59,17.5,1.81,0.27,-0.44,0.58,51.5,False,-0.06,-0.2,0,0,7,22107856.0,"[36, 50, 57, 65]",548,50.2,52.7,1.01,8.0,7.0,0.1041,0.1503,0.521,0.0292,0.0244,0.28,1.1,,0.0
KEEL,daily,1.5,COMP,,,41,2026-07-24 00:00,2026-09-21 00:00,4.07,4.26,3.07,1.39,-0.33,-0.54,0.84,59.8,True,0.55,0.35,0,0,4,124549671.0,"[6, 16, 24, 31]",1742,46.2,53.3,1.063,7.0,9.0,0.0655,0.0923,0.463,0.0299,0.0403,0.46,0.9,,0.0
KEEL,daily,3.0,,,,112,2026-04-13 00:00,2026-09-21 00:00,4.07,6.66,2.35,2.83,-0.11,-0.34,0.4,59.8,True,0.55,0.35,0,0,11,137717998.0,"[77, 87, 95, 102]",1671,46.2,53.3,1.063,7.0,9.0,0.1811,0.2478,0.536,0.0299,0.0403,0.17,0.82,,0.02
KEN,weekly,1.5,ANTI,,,39,2026-01-02 00:00,2026-09-25 00:00,66.09,93.04,64.59,1.44,-0.27,0.05,0.05,44.6,False,-1.32,-1.54,0,0,4,7855967.0,"[1, 7, 17, 29]",573,75.2,46.9,0.746,12.0,9.0,0.064,0.1126,0.359,0.0045,0.0077,0.07,0.72,,0.0
KEN,weekly,2.0,,,,50,2025-10-17 00:00,2026-09-25 00:00,66.09,93.04,46.84,1.99,0.34,0.0,0.42,44.6,False,-1.32,-1.54,0,0,4,6564092.0,"[12, 18, 28, 40]",562,75.2,46.9,0.746,12.0,9.0,0.1068,0.1595,0.68,0.0045,0.0077,0.04,0.86,,0.04
KEP,weekly,3.0,ANTI,,,77,2025-04-11 00:00,2026-09-25 00:00,11.23,22.45,8.13,2.76,0.13,-0.12,0.22,39.2,False,-0.16,-1.43,0,0,7,44201034.0,"[41, 53, 62, 69]",849,39.5,42.1,0.961,7.0,7.0,0.1414,0.2207,0.714,0.0405,0.0377,0.29,1.29,,0.0
KEYS,daily,1.5,COMP,,,145,2026-02-24 00:00,2026-09-21 00:00,342.03,373.34,269.41,1.39,0.29,0.1,0.7,57.8,True,0.05,-0.06,1,0,14,417840974.0,"[111, 120, 128, 138]",2852,48.1,56.8,1.039,10.0,6.0,0.0443,0.0724,0.655,0.0253,0.0172,0.57,0.86,,0.03
KFY,weekly,1.5,,,,126,2024-05-03 00:00,2026-09-25 00:00,76.22,85.66,58.11,1.47,0.31,-0.06,0.66,53.2,True,0.76,1.17,0,0,13,129235577.0,"[84, 91, 110, 121]",800,63.1,74.7,1.188,11.0,4.0,0.0509,0.0847,0.548,0.02,0.0695,0.39,1.11,,0.04
KGC,weekly,2.0,,,,60,2025-08-08 00:00,2026-09-25 00:00,27.79,37.01,18.85,1.96,0.3,0.17,0.49,49.4,False,-0.12,-0.55,0,0,5,1309371067.0,"[24, 29, 36, 54]",866,60.2,59.9,0.94,18.0,5.0,0.129,0.1557,0.683,0.0408,0.1184,0.32,0.85,,0.0
KGC,daily,1.5,,,,106,2026-04-21 00:00,2026-09-21 00:00,27.79,33.48,22.5,1.49,-0.12,-0.41,0.48,43.8,False,-1.3,-0.3,0,0,7,215742902.0,"[54, 63, 75, 87]",4350,68.3,79.7,1.213,12.0,18.0,0.0976,0.1116,0.509,0.0116,0.0384,0.12,0.9,,0.01
KGS,weekly,1.5,,,,31,2026-02-27 00:00,2026-09-25 00:00,56.24,75.7,53.43,1.42,0.14,0.07,0.13,45.1,False,-1.89,-0.45,0,1,3,507185917.0,"[1, 12, 17]",139,90.1,76.5,1.035,5.0,13.0,0.0773,0.0933,0.548,0.0407,0.0519,0.53,0.92,,0.0
KGS,weekly,2.0,,,,36,2026-01-23 00:00,2026-09-25 00:00,56.24,75.7,39.05,1.94,0.39,-0.15,0.47,45.1,False,-1.89,-0.45,0,1,3,498006310.0,"[6, 17, 22]",134,90.1,76.5,1.035,5.0,13.0,0.0926,0.1361,0.694,0.0407,0.0519,0.44,0.94,,0.0
KGS,daily,1.5,ANTI,,,144,2026-02-25 00:00,2026-09-21 00:00,56.24,75.7,52.01,1.46,0.13,0.02,0.18,39.7,False,-0.21,-0.27,0,0,8,99390288.0,"[84, 101, 119, 134]",666,59.3,57.8,0.97,15.0,9.0,0.0745,0.0938,0.59,0.0203,0.044,0.27,1.27,,0.02
KINS,weekly,2.0,COMP,,,99,2024-11-08 00:00,2026-09-25 00:00,19.18,21.32,10.77,1.98,0.28,0.05,0.8,57.2,True,0.5,1.1,0,0,9,12637506.0,"[59, 68, 75, 87]",817,65.2,66.6,1.088,12.0,11.0,0.0601,0.1232,0.828,0.0185,0.009,0.31,0.67,,0.01
KKR,weekly,1.5,,,,36,2026-01-23 00:00,2026-09-25 00:00,100.83,120.56,85.6,1.41,0.12,-0.48,0.44,48.1,True,0.59,0.38,0,0,2,2344843670.0,"[14, 29]",889,46.4,61.6,1.104,15.0,6.0,0.0405,0.0786,0.611,0.0361,0.0225,0.89,0.88,,0.03
KKR,weekly,2.0,,,,141,2024-01-19 00:00,2026-09-25 00:00,100.83,165.19,82.72,2.0,-0.08,0.0,0.22,48.1,True,0.59,0.38,0,0,11,2284661158.0,"[87, 99, 119, 134]",784,46.4,61.6,1.104,15.0,6.0,0.1451,0.1733,0.511,0.0361,0.0225,0.25,0.9,,0.02
KKR,weekly,3.0,,,,152,2023-11-03 00:00,2026-09-25 00:00,100.83,165.19,59.88,2.76,0.11,-0.22,0.39,48.1,True,0.59,0.38,0,0,12,2189969571.0,"[98, 110, 130, 145]",773,46.4,61.6,1.104,15.0,6.0,0.1498,0.1984,0.75,0.0361,0.0225,0.24,0.94,,0.02
KKR-P-D,weekly,1.5,,,,81,2025-03-14 00:00,2026-09-25 00:00,45.12,55.18,37.04,1.49,-0.32,,0.45,54.4,True,0.6,0.58,0,0,5,51747022.0,"[19, 39, 59, 74]",1,51.8,66.1,1.129,15.0,6.0,0.0758,0.0994,0.593,0.034,0.0527,0.45,1.13,,0.01
KKR-P-D,weekly,2.0,,,,82,2025-03-07 00:00,2026-09-25 00:00,45.12,55.18,36.38,1.52,-0.27,,0.46,54.4,True,0.6,0.58,0,0,5,52332036.0,"[20, 40, 60, 75]",0,51.8,66.1,1.129,15.0,6.0,0.0796,0.1015,0.61,0.034,0.0527,0.43,1.12,,0.01
KKR-P-D,weekly,3.0,,,,82,2025-03-07 00:00,2026-09-25 00:00,45.12,55.18,36.38,1.52,-0.27,,0.46,54.4,True,0.6,0.58,0,0,5,52332036.0,"[20, 40, 60, 75]",0,51.8,66.1,1.129,15.0,6.0,0.0796,0.1015,0.61,0.034,0.0527,0.43,1.12,,0.01
KLAC,daily,2.0,,,,119,2026-04-01 00:00,2026-09-21 00:00,183.97,301.37,151.32,1.99,0.07,-0.1,0.22,51.5,False,-0.02,-0.48,0,0,11,3552633655.0,"[68, 77, 92, 109]",4337,52.0,50.1,0.904,17.0,9.0,0.0783,0.1438,0.462,0.0265,0.0394,0.34,0.49,,0.03
KLAR,weekly,2.0,,,,35,2026-01-30 00:00,2026-09-25 00:00,13.68,23.07,12.27,1.88,0.05,,0.13,37.1,True,0.55,0.34,0,0,2,415564196.0,"[21, 28]",20,51.4,53.7,1.025,7.0,6.0,0.12,0.1748,0.457,0.0315,0.1699,0.26,0.78,,0.0
KLC,weekly,3.0,,,,47,2025-11-07 00:00,2026-09-25 00:00,2.29,5.5,1.95,2.82,-0.29,-0.93,0.1,34.5,True,-0.0,-0.94,0,0,3,15269730.0,"[13, 25, 38]",56,48.1,60.7,1.286,13.0,8.0,0.1332,0.2526,0.574,0.0731,0.1855,0.55,0.57,,0.0
KLIC,weekly,2.0,,,,29,2026-03-13 00:00,2026-09-25 00:00,84.08,124.9,63.61,1.96,0.26,-0.11,0.33,47.2,False,-1.65,-0.04,0,0,2,360711165.0,"[8, 15]",897,84.4,83.9,1.222,7.0,13.0,0.1331,0.184,0.655,0.0298,0.085,0.22,0.82,,0.0
KLIC,daily,2.0,,,,116,2026-04-07 00:00,2026-09-21 00:00,84.08,133.47,66.89,2.0,-0.07,-0.1,0.26,48.7,False,0.01,-0.54,1,0,10,75805682.0,"[82, 91, 98, 109]",4340,39.8,48.6,1.015,11.0,6.0,0.1139,0.1517,0.672,0.0288,0.0264,0.25,0.64,,0.03
KMT,weekly,1.5,ANTI,,,44,2025-11-28 00:00,2026-09-25 00:00,29.47,39.81,27.22,1.46,-0.03,-0.02,0.18,40.3,False,-1.0,-1.14,0,0,3,188736321.0,"[10, 21, 29]",882,66.6,55.8,0.932,8.0,14.0,0.0848,0.1072,0.5,0.0137,0.0561,0.16,1.19,,0.02
KMTS,weekly,2.0,,,,82,2025-03-07 00:00,2026-09-25 00:00,24.77,28.02,14.52,1.93,0.26,,0.76,52.2,True,0.46,0.98,0,0,7,29430772.0,"[49, 58, 69, 75]",0,60.9,60.0,1.039,6.0,6.0,0.0998,0.1576,0.537,0.0387,0.0439,0.39,1.23,,0.0
KMTS,weekly,3.0,,,,82,2025-03-07 00:00,2026-09-25 00:00,24.77,28.02,14.52,1.93,0.26,,0.76,52.2,True,0.46,0.98,0,0,7,29430772.0,"[49, 58, 69, 75]",0,60.9,60.0,1.039,6.0,6.0,0.0998,0.1576,0.537,0.0387,0.0439,0.39,1.23,,0.0
KMX,weekly,2.0,COMP,,,64,2025-07-11 00:00,2026-09-25 00:00,57.86,64.34,32.36,1.99,0.1,-0.64,0.8,57.8,True,1.06,1.78,0,0,4,713106666.0,"[7, 15, 27, 39]",862,51.6,52.7,0.957,12.0,24.0,0.1558,0.1838,0.484,0.0326,0.0299,0.21,0.68,,0.05
KN,daily,1.5,,,,113,2026-04-10 00:00,2026-09-21 00:00,36.01,42.8,28.68,1.49,0.27,0.01,0.52,52.4,True,0.34,-0.02,0,0,11,30527374.0,"[71, 79, 96, 106]",3055,44.6,56.4,1.056,10.0,6.0,0.0523,0.0886,0.69,0.013,0.0116,0.25,0.78,,0.04
KNF,weekly,2.0,ANTI,,,152,2023-11-03 00:00,2026-09-25 00:00,55.41,105.71,54.44,1.94,0.05,0.04,0.02,33.3,False,-0.86,-2.09,0,0,10,186676195.0,"[115, 120, 130, 138]",23,60.5,58.7,1.0,8.0,13.0,0.122,0.1555,0.645,0.0566,0.1321,0.46,1.39,,0.03
KNTK,weekly,2.0,COMP,,,135,2024-03-01 00:00,2026-09-25 00:00,53.24,58.7,29.75,1.97,0.34,-0.04,0.81,61.5,True,0.0,0.69,0,0,13,193998636.0,"[103, 108, 113, 129]",353,69.0,67.0,1.121,16.0,5.0,0.1393,0.1735,0.578,0.0111,0.0284,0.08,1.47,,0.01
KNX,weekly,1.5,,,,27,2026-03-27 00:00,2026-09-25 00:00,66.62,81.31,55.25,1.47,0.32,-0.11,0.44,48.2,True,-0.78,0.33,0,0,1,1101923189.0,[11],899,,,,,,0.0702,0.0875,0.63,0.0326,0.048,0.46,0.88,,0.07
KNX,daily,1.5,,,,124,2026-03-25 00:00,2026-09-21 00:00,66.62,82.21,55.16,1.49,0.36,-0.12,0.42,42.5,False,-0.11,-0.23,0,0,9,229272605.0,"[77, 90, 97, 113]",4332,53.6,55.4,0.985,16.0,10.0,0.0697,0.0904,0.661,0.0134,0.0176,0.19,1.01,,0.06
KOD,weekly,1.5,ANTI,,,27,2026-03-27 00:00,2026-09-25 00:00,32.42,45.37,31.05,1.46,-0.36,0.04,0.1,44.1,False,-1.04,-0.73,0,1,2,125215780.0,"[3, 19]",390,77.2,67.2,1.01,16.0,7.0,0.0788,0.1059,0.593,0.1024,0.0789,1.3,0.92,,0.0
KOD,weekly,2.0,ANTI,,,27,2026-03-27 00:00,2026-09-25 00:00,32.42,45.37,31.05,1.46,-0.36,0.04,0.1,44.1,False,-1.04,-0.73,0,1,2,125215780.0,"[3, 19]",390,77.2,67.2,1.01,16.0,7.0,0.0788,0.1059,0.593,0.1024,0.0789,1.3,0.92,,0.0
KOD,daily,1.5,ANTI,,,72,2026-06-09 00:00,2026-09-21 00:00,32.42,45.4,31.06,1.46,-0.05,-0.33,0.09,29.0,False,-0.89,-1.19,0,0,4,22723735.0,"[14, 23, 40, 53]",1928,62.9,46.5,0.869,13.0,18.0,0.0698,0.0957,0.583,0.0033,0.0085,0.05,1.0,,0.04
KOD,daily,2.0,ANTI,,,123,2026-03-26 00:00,2026-09-21 00:00,32.42,46.44,29.61,1.57,-0.24,-0.05,0.17,29.0,False,-0.89,-1.19,0,0,9,23609124.0,"[65, 74, 91, 104]",1877,62.9,46.5,0.869,13.0,18.0,0.0762,0.1028,0.626,0.0033,0.0085,0.04,0.97,,0.04
KODK,weekly,2.0,,,,28,2026-03-20 00:00,2026-09-25 00:00,9.76,14.08,7.66,1.84,-0.35,-0.13,0.33,53.6,False,-0.96,-1.33,0,0,2,50817810.0,"[4, 20]",651,79.3,55.2,0.763,16.0,7.0,0.051,0.1567,0.607,0.0357,0.0764,0.7,0.86,,0.0
KODK,daily,1.5,,,,93,2026-05-08 00:00,2026-09-21 00:00,9.76,11.41,7.66,1.49,-0.15,-0.47,0.56,59.0,False,-0.37,-0.2,0,0,6,7895739.0,"[29, 42, 60, 65]",3175,,,,,,0.0414,0.0792,0.742,0.0219,0.0151,0.53,0.85,,0.02
KODK,daily,2.0,,,,130,2026-03-17 00:00,2026-09-21 00:00,9.76,14.51,7.66,1.89,-0.34,-0.21,0.31,59.0,False,-0.37,-0.2,0,0,9,9639690.0,"[66, 79, 97, 102]",3138,,,,,,0.0585,0.1667,0.485,0.0219,0.0151,0.37,0.69,,0.02
KOPN,weekly,3.0,,,,26,2026-04-03 00:00,2026-09-25 00:00,4.85,5.71,2.62,2.18,0.28,-0.31,0.72,57.6,False,-0.55,0.71,0,1,2,96646537.0,"[5, 19]",900,78.4,66.0,1.017,14.0,6.0,0.1401,0.1948,0.577,0.0613,0.1075,0.44,0.77,,0.04
KOPN,daily,1.5,,,,35,2026-08-03 00:00,2026-09-21 00:00,4.85,5.5,3.74,1.47,0.0,-0.41,0.63,57.9,False,-0.38,-0.58,0,0,1,15120504.0,[9],4421,,,,,,0.0636,0.0864,0.8,0.0302,0.0184,0.47,1.0,,0.03
KOPN,daily,2.0,,,,74,2026-06-05 00:00,2026-09-21 00:00,4.85,5.5,3.16,1.74,0.05,-0.51,0.72,57.9,False,-0.38,-0.58,0,0,4,17756581.0,"[6, 16, 26, 48]",4382,49.0,66.1,1.3,22.0,25.0,0.1138,0.1245,0.689,0.0302,0.0184,0.27,0.85,,0.03
KOPN,daily,3.0,,,,120,2026-03-31 00:00,2026-09-21 00:00,4.85,6.39,2.25,2.84,0.21,-0.36,0.63,57.9,False,-0.38,-0.58,0,0,8,20559374.0,"[52, 62, 72, 94]",4336,49.0,66.1,1.3,22.0,25.0,0.1328,0.2049,0.75,0.0302,0.0184,0.23,0.73,,0.02
KR,weekly,1.5,,,,109,2024-08-30 00:00,2026-09-25 00:00,59.69,74.69,50.09,1.49,0.2,-0.08,0.39,47.1,False,-0.35,-0.8,0,0,9,1966503690.0,"[59, 65, 80, 90]",817,64.4,49.9,0.894,10.0,18.0,0.0635,0.0857,0.734,0.0169,0.0119,0.27,0.9,,0.02
KRC,weekly,1.5,,,,43,2025-12-05 00:00,2026-09-25 00:00,34.59,40.25,27.06,1.49,0.24,-0.35,0.57,46.0,True,0.3,0.74,1,0,2,268634825.0,"[5, 32]",883,53.3,65.9,1.044,27.0,10.0,0.0746,0.1081,0.558,0.0309,0.0452,0.41,0.73,,0.02
KRNT,weekly,1.5,,,,61,2025-08-01 00:00,2026-09-25 00:00,15.27,18.65,12.7,1.47,0.35,-0.61,0.43,46.4,True,-0.08,0.18,0,0,7,21172190.0,"[28, 37, 46, 54]",539,57.5,62.9,1.076,8.0,6.0,0.0558,0.0818,0.721,0.031,0.0379,0.56,0.85,,0.03
KROS,weekly,1.5,,,,31,2026-02-27 00:00,2026-09-25 00:00,11.48,14.19,10.06,1.41,-0.23,-0.86,0.34,48.6,False,0.5,-0.19,1,0,2,15427330.0,"[10, 19]",307,39.2,45.0,0.978,9.0,11.0,0.0305,0.0693,0.484,0.0076,0.0217,0.25,0.7,,0.06
KROS,weekly,3.0,,,,94,2024-12-13 00:00,2026-09-25 00:00,11.48,21.69,9.98,2.17,-0.19,-0.86,0.13,48.6,False,0.5,-0.19,1,0,5,33783520.0,"[41, 51, 73, 82]",244,39.2,45.0,0.978,9.0,11.0,0.1759,0.2164,0.457,0.0076,0.0217,0.04,0.32,,0.03
KROS,daily,1.5,,,,142,2026-02-27 00:00,2026-09-21 00:00,11.48,14.19,9.91,1.43,-0.25,-0.55,0.37,56.4,True,0.06,0.2,0,1,9,3060229.0,"[90, 111, 123, 131]",1479,60.9,55.9,0.969,8.0,10.0,0.0374,0.0658,0.592,0.0058,0.0071,0.16,0.85,,0.04
KRRO,weekly,1.5,ANTI,,,36,2026-01-23 00:00,2026-09-25 00:00,9.98,14.56,9.98,1.46,0.05,-0.89,0.0,42.8,False,0.02,-0.48,0,0,4,8204997.0,"[1, 12, 18, 24]",329,49.4,52.7,1.086,6.0,11.0,0.087,0.1085,0.556,0.0383,0.0697,0.44,0.69,,0.0
KRRO,daily,1.5,ANTI,,,85,2026-05-20 00:00,2026-09-21 00:00,9.98,14.72,9.98,1.47,0.17,-0.31,0.0,32.5,False,-0.61,-0.57,0,1,6,1609311.0,"[32, 55, 62, 80]",1665,65.6,60.6,1.009,18.0,4.0,0.0728,0.1038,0.565,0.0402,0.0735,0.55,2.04,,0.02
KRT,weekly,3.0,COMP,,,150,2023-11-17 00:00,2026-09-25 00:00,50.61,50.61,18.22,2.78,0.38,-0.17,1.0,83.5,True,1.27,2.18,0,0,11,7270342.0,"[100, 116, 126, 145]",135,70.2,90.1,1.67,19.0,4.0,0.0878,0.2403,0.26,0.0225,0.0624,0.26,4.3,,0.0
KSS,weekly,2.0,,,,43,2025-12-05 00:00,2026-09-25 00:00,17.43,22.71,11.6,1.96,-0.17,-0.54,0.52,51.7,True,0.58,1.32,0,0,4,321268412.0,"[10, 20, 29, 35]",883,61.5,59.9,1.002,6.0,7.0,0.1159,0.1699,0.628,0.0324,0.0335,0.28,0.96,,0.0
KSS,weekly,3.0,,,,66,2025-06-27 00:00,2026-09-25 00:00,17.43,23.87,8.13,2.94,0.28,-0.68,0.59,51.7,True,0.58,1.32,0,0,6,345892030.0,"[33, 43, 52, 58]",860,61.5,59.9,1.002,6.0,7.0,0.1215,0.2134,0.788,0.0324,0.0335,0.27,0.9,,0.0
KSS,daily,1.5,,,,80,2026-05-28 00:00,2026-09-21 00:00,17.43,19.97,14.15,1.41,0.34,-0.34,0.56,48.3,False,-0.33,-0.41,0,0,7,70400944.0,"[37, 46, 53, 69]",4376,57.7,58.0,0.991,16.0,10.0,0.0597,0.0737,0.65,0.02,0.0395,0.34,0.9,,0.03
KT,weekly,1.5,,,,85,2025-02-14 00:00,2026-09-25 00:00,19.45,23.93,16.0,1.5,0.25,-0.06,0.44,52.3,False,-0.06,-0.4,0,0,6,135846471.0,"[21, 27, 53, 61]",841,82.6,63.0,0.931,8.0,23.0,0.0472,0.0849,0.671,0.0173,0.0386,0.37,0.88,,0.02
KTB,weekly,2.0,,,,152,2023-11-03 00:00,2026-09-25 00:00,66.41,87.18,44.19,1.97,0.39,-0.12,0.52,41.4,True,-0.23,0.29,0,0,13,195758606.0,"[109, 122, 128, 140]",234,59.1,63.2,1.117,12.0,11.0,0.1214,0.1546,0.612,0.0989,0.0445,0.81,1.36,,0.01
KTOS,weekly,3.0,ANTI,,,66,2025-06-27 00:00,2026-09-25 00:00,48.59,130.72,44.66,2.93,-0.25,0.04,0.05,42.3,False,0.14,-1.43,0,0,6,1277696651.0,"[29, 48, 53, 59]",860,41.9,51.7,1.167,6.0,6.0,0.1871,0.2664,0.47,0.064,0.033,0.34,0.7,,0.0
KURA,weekly,2.0,COMP,,,59,2025-08-15 00:00,2026-09-25 00:00,11.6,13.25,7.34,1.81,0.38,-0.69,0.72,55.4,True,0.28,1.11,0,0,5,74490665.0,"[29, 35, 40, 47]",515,63.8,61.1,1.018,7.0,11.0,0.1108,0.142,0.576,0.0463,0.0465,0.42,1.4,,0.0
KURA,weekly,3.0,,,,98,2024-11-15 00:00,2026-09-25 00:00,11.6,15.92,5.54,2.87,0.3,-0.76,0.58,55.4,True,0.28,1.11,0,0,9,60675650.0,"[68, 74, 79, 86]",476,63.8,61.1,1.018,7.0,11.0,0.1575,0.2263,0.643,0.0463,0.0465,0.29,1.72,,0.0
KVYO,weekly,2.0,,,,37,2026-01-16 00:00,2026-09-25 00:00,15.82,25.62,13.25,1.93,-0.37,-0.72,0.21,43.9,True,0.46,-0.07,1,0,3,391964480.0,"[7, 15, 32]",121,48.7,54.3,0.908,17.0,4.0,0.0832,0.1485,0.676,0.0644,0.055,0.77,1.34,,0.03
KVYO,daily,1.5,ANTI,,,62,2026-06-24 00:00,2026-09-21 00:00,15.82,20.64,14.03,1.47,0.25,-0.46,0.27,40.4,False,-0.64,-0.66,0,0,7,90583074.0,"[29, 35, 48, 56]",691,63.9,46.6,0.843,8.0,5.0,0.0501,0.0832,0.726,0.0207,0.0379,0.41,1.14,,0.0
KYIV,daily,1.5,,,,114,2026-04-09 00:00,2026-09-21 00:00,13.41,16.17,10.9,1.48,0.24,-0.28,0.48,48.2,True,0.26,0.11,2,0,8,5642537.0,"[77, 86, 95, 102]",336,55.9,60.5,1.028,7.0,11.0,0.0367,0.0784,0.754,0.0165,0.0242,0.45,0.71,,0.04
KYTX,weekly,1.5,ANTI,,,46,2025-11-14 00:00,2026-09-25 00:00,7.12,9.93,6.88,1.44,-0.07,-0.77,0.08,42.3,False,-0.57,-1.04,0,0,5,30026135.0,"[17, 22, 33, 40]",92,54.8,52.7,0.947,7.0,5.0,0.0714,0.0917,0.652,0.0409,0.066,0.57,0.84,,0.0
KYTX,weekly,2.0,,,,54,2025-09-19 00:00,2026-09-25 00:00,7.12,9.93,5.52,1.8,0.27,-0.82,0.36,42.3,False,-0.57,-1.04,0,0,6,29381240.0,"[25, 30, 41, 48]",84,54.8,52.7,0.947,7.0,5.0,0.0915,0.1208,0.722,0.0409,0.066,0.45,0.85,,0.02
KYTX,daily,1.5,ANTI,,,88,2026-05-15 00:00,2026-09-21 00:00,7.12,9.91,6.9,1.44,-0.26,-0.39,0.07,38.6,False,-1.04,-1.03,0,0,3,6343577.0,"[35, 48, 63]",568,47.9,65.2,1.13,15.0,24.0,0.057,0.0792,0.682,0.0211,0.0422,0.37,0.81,,0.0
KZIA,weekly,2.0,,,,26,2026-04-03 00:00,2026-09-25 00:00,10.65,14.44,7.34,1.97,0.14,-0.84,0.47,45.0,True,-0.49,0.38,0,1,2,13256300.0,"[5, 18]",900,68.4,58.7,0.962,13.0,7.0,0.0598,0.137,0.346,0.068,0.0475,1.14,1.02,,0.0
KZIA,daily,2.0,ANTI,,,116,2026-04-07 00:00,2026-09-21 00:00,10.65,16.9,8.82,1.92,0.15,-0.44,0.23,39.6,False,-0.96,-1.63,0,0,12,2582368.0,"[79, 86, 92, 99]",4340,59.7,71.1,1.175,7.0,16.0,0.0733,0.1144,0.879,0.0353,0.069,0.48,1.44,,0.01
LAND,weekly,1.5,,,,101,2024-10-25 00:00,2026-09-25 00:00,9.6,11.85,8.02,1.48,-0.27,-0.55,0.41,56.8,False,0.06,-0.35,0,0,5,20224661.0,"[36, 55, 70, 90]",612,73.8,40.5,0.727,20.0,10.0,0.0655,0.0948,0.564,0.0542,0.0413,0.83,1.46,,0.01
LAR,weekly,3.0,ANTI,,,46,2025-11-14 00:00,2026-09-25 00:00,5.92,11.68,4.47,2.61,0.19,-0.3,0.2,42.3,False,-1.13,-2.68,0,0,4,86777882.0,"[2, 10, 15, 25]",880,69.5,75.2,1.444,10.0,20.0,0.1518,0.2238,0.587,0.0147,0.0795,0.1,0.71,,0.02
LASR,weekly,2.0,ANTI,,,38,2026-01-09 00:00,2026-09-25 00:00,40.19,78.54,39.84,1.97,-0.05,0.02,0.01,33.3,False,-2.15,-3.24,0,0,1,361309801.0,[10],402,,,,,,0.1483,0.203,0.447,0.0409,0.2359,0.28,0.74,,0.03
LAW,weekly,1.5,,,,34,2026-02-06 00:00,2026-09-25 00:00,4.21,4.79,3.25,1.47,0.18,-0.63,0.62,49.6,True,0.4,0.3,2,0,3,5226343.0,"[4, 12, 27]",237,47.8,51.7,0.944,15.0,6.0,0.0623,0.0934,0.735,0.0153,0.0337,0.25,0.87,,0.0
LAW,weekly,2.0,,,,35,2026-01-30 00:00,2026-09-25 00:00,4.21,6.25,3.25,1.92,-0.03,-0.63,0.32,49.6,True,0.4,0.3,2,0,3,5236850.0,"[5, 13, 28]",236,47.8,51.7,0.944,15.0,6.0,0.0644,0.1305,0.486,0.0153,0.0337,0.24,0.87,,0.0
LAZ,weekly,1.5,ANTI,,,33,2026-02-13 00:00,2026-09-25 00:00,36.48,51.16,35.75,1.43,-0.34,-0.35,0.05,37.0,False,-0.18,-0.61,0,0,2,309333877.0,"[9, 14]",893,52.1,51.7,0.99,5.0,18.0,0.0622,0.0842,0.727,0.0211,0.0364,0.34,0.86,,0.0
LAZ,weekly,2.0,ANTI,,,147,2023-12-08 00:00,2026-09-25 00:00,36.48,55.06,28.87,1.91,0.4,-0.21,0.29,37.0,False,-0.18,-0.61,0,0,14,235361117.0,"[104, 113, 123, 128]",779,52.1,51.7,0.99,5.0,18.0,0.1125,0.1481,0.585,0.0211,0.0364,0.19,1.13,,0.0
LAZ,daily,1.5,ANTI,,,153,2026-02-11 00:00,2026-09-21 00:00,36.48,53.58,35.75,1.5,-0.28,-0.36,0.04,30.9,False,-1.02,-0.84,0,1,12,63680148.0,"[105, 112, 126, 142]",4303,59.9,56.8,0.989,16.0,10.0,0.0575,0.0786,0.771,0.0456,0.0718,0.79,1.29,,0.02
LB,weekly,2.0,COMP,,,104,2024-10-04 00:00,2026-09-25 00:00,87.55,89.59,45.09,1.99,0.26,,0.95,64.8,True,0.5,1.04,0,0,9,138931050.0,"[73, 85, 93, 98]",14,60.4,68.7,1.155,5.0,5.0,0.1187,0.1552,0.702,0.0092,0.0628,0.08,0.79,,0.01
LB,weekly,3.0,COMP,,,113,2024-08-02 00:00,2026-09-25 00:00,87.55,89.59,31.47,2.85,0.39,,0.96,64.8,True,0.5,1.04,0,0,10,132976007.0,"[82, 94, 102, 107]",5,60.4,68.7,1.155,5.0,5.0,0.132,0.2001,0.735,0.0092,0.0628,0.07,0.82,,0.01
LBRT,weekly,2.0,ANTI,,,44,2025-11-28 00:00,2026-09-25 00:00,18.85,32.87,17.28,1.9,0.01,-0.27,0.1,39.9,False,-1.45,-3.01,0,0,4,426626616.0,"[1, 16, 23, 37]",411,71.8,44.3,0.667,14.0,6.0,0.184,0.2033,0.409,0.0356,0.0558,0.19,0.78,,0.0
LBRT,weekly,3.0,,,,53,2025-09-26 00:00,2026-09-25 00:00,18.85,32.87,11.87,2.77,0.38,-0.5,0.33,39.9,False,-1.45,-3.01,0,0,5,415153888.0,"[10, 25, 32, 46]",402,71.8,44.3,0.667,14.0,6.0,0.2227,0.253,0.604,0.0356,0.0558,0.16,0.8,,0.0
LBTYA,weekly,1.5,ANTI,,,95,2024-12-06 00:00,2026-09-25 00:00,9.99,13.42,9.25,1.45,-0.04,-0.35,0.18,39.8,False,-0.72,-1.01,0,0,7,107653132.0,"[64, 71, 77, 90]",831,57.2,45.2,0.853,13.0,4.0,0.0571,0.0814,0.705,0.0119,0.0095,0.21,0.98,,0.0
LBTYK,weekly,1.5,ANTI,,,95,2024-12-06 00:00,2026-09-25 00:00,9.81,14.03,9.51,1.48,-0.25,-0.35,0.07,39.9,False,-0.66,-0.97,0,0,7,65381919.0,"[65, 71, 77, 90]",831,56.3,44.9,0.858,13.0,4.0,0.0664,0.0826,0.653,0.0186,0.0166,0.28,0.98,,0.03
LCII,weekly,2.0,ANTI,,,73,2025-05-09 00:00,2026-09-25 00:00,86.95,152.4,80.16,1.9,0.26,-0.32,0.09,34.9,False,-0.28,-1.17,0,0,6,161376526.0,"[15, 40, 48, 65]",853,53.2,49.5,0.87,17.0,7.0,0.1158,0.164,0.548,0.039,0.0221,0.34,0.86,,0.01
LCLN,daily,1.5,,,,85,2026-05-20 00:00,2026-09-21 00:00,24.68,27.19,20.37,1.33,0.39,,0.63,45.3,True,0.02,0.41,0,0,6,9042462.0,"[41, 46, 58, 74]",0,67.7,69.3,1.064,16.0,10.0,0.0414,0.0657,0.718,0.0098,0.0152,0.24,2.12,,0.05
LCLN,daily,2.0,,,,85,2026-05-20 00:00,2026-09-21 00:00,24.68,27.19,20.37,1.33,0.39,,0.63,45.3,True,0.02,0.41,0,0,6,9042462.0,"[41, 46, 58, 74]",0,67.7,69.3,1.064,16.0,10.0,0.0414,0.0657,0.718,0.0098,0.0152,0.24,2.12,,0.05
LCLN,daily,3.0,,,,85,2026-05-20 00:00,2026-09-21 00:00,24.68,27.19,20.37,1.33,0.39,,0.63,45.3,True,0.02,0.41,0,0,6,9042462.0,"[41, 46, 58, 74]",0,67.7,69.3,1.064,16.0,10.0,0.0414,0.0657,0.718,0.0098,0.0152,0.24,2.12,,0.05
LCUT,daily,1.5,DIVDN,DN,strict,91,2026-05-12 00:00,2026-09-21 00:00,8.42,9.9,6.89,1.44,0.26,-0.14,0.51,43.8,False,-0.96,-0.73,0,1,7,1400847.0,"[41, 51, 65, 76]",4365,67.1,55.8,0.961,11.0,14.0,0.0433,0.0685,0.714,0.0078,0.0202,0.18,1.02,,0.02
LDOS,weekly,2.0,,,,152,2023-11-03 00:00,2026-09-25 00:00,128.23,196.51,100.13,1.96,0.34,-0.05,0.29,45.2,False,0.82,-0.5,0,0,14,715766273.0,"[100, 105, 114, 145]",774,63.6,54.6,0.73,31.0,6.0,0.1237,0.1767,0.592,0.0463,0.0991,0.37,1.13,,0.03
LDOS,daily,1.5,,,,104,2026-04-23 00:00,2026-09-21 00:00,128.23,148.22,99.68,1.49,0.05,-0.49,0.59,44.7,False,-1.36,-0.53,0,0,7,161960049.0,"[65, 78, 88, 98]",4352,61.9,50.6,0.944,10.0,5.0,0.095,0.1089,0.5,0.0066,0.0117,0.07,0.93,,0.08
LE,weekly,1.5,ANTI,,,29,2026-03-13 00:00,2026-09-25 00:00,10.46,13.84,10.07,1.37,-0.31,-0.47,0.1,41.0,False,0.17,-0.13,0,0,2,13808525.0,"[14, 21]",625,47.4,52.8,1.055,7.0,7.0,0.06,0.076,0.621,0.0879,0.0569,1.47,0.7,,0.0
LE,weekly,2.0,ANTI,,,66,2025-06-27 00:00,2026-09-25 00:00,10.46,18.92,10.07,1.88,-0.35,-0.43,0.04,41.0,False,0.17,-0.13,0,0,5,14135821.0,"[20, 34, 51, 58]",588,47.4,52.8,1.055,7.0,7.0,0.1282,0.1637,0.545,0.0879,0.0569,0.69,0.69,,0.0
LE,weekly,3.0,ANTI,,,152,2023-11-03 00:00,2026-09-25 00:00,10.46,18.92,6.62,2.86,0.18,-0.77,0.31,41.0,False,0.17,-0.13,0,0,12,9585512.0,"[106, 120, 137, 144]",502,47.4,52.8,1.055,7.0,7.0,0.1701,0.2255,0.645,0.0879,0.0569,0.52,1.01,,0.01
LE,daily,1.5,ANTI,,,132,2026-03-13 00:00,2026-09-21 00:00,10.46,13.84,10.07,1.37,-0.15,-0.47,0.1,38.1,False,-0.96,-1.0,0,0,8,2753876.0,"[62, 79, 93, 101]",3013,,,,,,0.0477,0.072,0.682,0.0058,0.0191,0.12,0.64,,0.02
LEU,weekly,3.0,ANTI,,,69,2025-06-06 00:00,2026-09-25 00:00,154.85,383.0,143.11,2.68,-0.35,0.13,0.05,41.0,False,0.06,-0.9,1,0,7,978295210.0,"[40, 48, 54, 61]",857,45.9,49.9,1.0,7.0,7.0,0.1675,0.2723,0.406,0.0911,0.0877,0.54,0.57,,0.0
LEU,daily,1.5,ANTI,,,91,2026-05-12 00:00,2026-09-21 00:00,154.85,202.34,139.01,1.46,-0.15,-0.59,0.25,44.4,False,-0.68,-1.13,0,0,7,126555073.0,"[51, 57, 74, 81]",4365,56.7,53.7,0.953,7.0,9.0,0.0575,0.0797,0.725,0.0344,0.0822,0.6,1.07,,0.02
LEVI,weekly,1.5,,,,67,2025-06-20 00:00,2026-09-25 00:00,19.82,24.54,17.03,1.44,0.37,-0.24,0.37,37.0,True,-0.57,-0.09,0,0,6,236854139.0,"[24, 35, 43, 57]",326,59.1,62.1,1.085,14.0,9.0,0.0531,0.0848,0.716,0.056,0.0754,1.05,0.84,,0.04
LFMD,weekly,2.0,ANTI,,,47,2025-11-07 00:00,2026-09-25 00:00,3.22,5.24,2.67,1.96,-0.01,-0.82,0.22,40.3,False,-0.54,-1.63,0,0,4,17637292.0,"[9, 18, 25, 30]",879,57.8,56.1,0.978,5.0,16.0,0.1294,0.1716,0.511,0.0357,0.0754,0.28,0.67,,0.0
LFUS,daily,1.5,,,,120,2026-03-31 00:00,2026-09-21 00:00,409.54,488.16,337.58,1.45,0.14,-0.1,0.48,47.0,False,-0.15,-0.3,1,0,11,110682051.0,"[86, 95, 103, 113]",4336,46.2,54.4,1.026,10.0,6.0,0.0581,0.0809,0.625,0.0212,0.0211,0.36,0.83,,0.04
LGIH,weekly,2.0,,,,79,2025-03-28 00:00,2026-09-25 00:00,49.91,67.47,34.24,1.97,-0.13,-0.75,0.47,45.8,True,0.26,1.16,0,0,6,87465997.0,"[35, 46, 57, 65]",594,51.0,66.1,1.357,8.0,13.0,0.1015,0.14,0.709,0.0652,0.0344,0.64,0.89,,0.0
LGIH,daily,1.5,ANTI,,,85,2026-05-20 00:00,2026-09-21 00:00,49.91,65.84,44.01,1.5,0.12,-0.28,0.27,39.5,False,-0.75,-0.94,0,1,7,16012668.0,"[38, 46, 52, 59]",3150,57.5,53.5,0.973,7.0,25.0,0.0547,0.0856,0.718,0.0123,0.0345,0.22,0.85,,0.01
LGN,daily,2.0,ANTI,,,126,2026-03-23 00:00,2026-09-21 00:00,54.59,102.27,51.35,1.99,-0.36,-0.12,0.06,44.6,False,-0.02,-0.79,0,0,12,96376809.0,"[84, 92, 101, 119]",131,52.7,46.1,0.809,18.0,6.0,0.1747,0.1903,0.579,0.0171,0.0197,0.1,0.61,,0.0
LHX,weekly,1.5,ANTI,,,65,2025-07-04 00:00,2026-09-25 00:00,246.93,363.39,245.54,1.48,0.14,-0.02,0.01,33.0,False,-0.92,-1.45,0,0,6,1760355476.0,"[29, 35, 47, 55]",861,47.3,46.1,0.956,8.0,9.0,0.0647,0.1097,0.508,0.0459,0.0533,0.71,1.19,,0.03
LIND,daily,1.5,,,,70,2026-06-11 00:00,2026-09-21 00:00,28.29,34.48,23.13,1.49,0.28,0.01,0.45,51.7,False,-0.81,-1.02,0,0,3,21235888.0,"[10, 26, 37]",3254,,,,,,0.072,0.1088,0.543,0.0327,0.0242,0.45,0.96,,0.04
LINE,weekly,1.5,,,,74,2025-05-02 00:00,2026-09-25 00:00,37.52,44.59,30.9,1.44,-0.01,-0.61,0.48,44.0,True,-0.2,0.34,0,1,6,212209831.0,"[22, 43, 56, 63]",40,64.4,60.9,1.016,7.0,10.0,0.0715,0.0874,0.595,0.0408,0.055,0.57,0.72,,0.03
LION,weekly,2.0,,,,32,2026-02-20 00:00,2026-09-25 00:00,11.48,16.4,8.5,1.93,0.33,-0.24,0.38,47.3,False,-1.05,-0.21,0,0,4,164333817.0,"[2, 8, 13, 18]",219,73.5,72.2,1.097,5.0,13.0,0.109,0.1632,0.688,0.0192,0.0817,0.18,0.73,,0.0
LITE,weekly,1.5,,,,28,2026-03-20 00:00,2026-09-25 00:00,954.49,970.7,702.73,1.38,0.2,0.0,0.94,61.8,False,-1.06,-0.04,0,1,2,21490019437.0,"[6, 21]",556,81.1,61.6,0.975,15.0,6.0,0.0539,0.0938,0.464,0.0224,0.0563,0.42,0.91,,0.0
LKFN,weekly,1.5,,,,150,2023-11-17 00:00,2026-09-25 00:00,59.93,71.09,49.11,1.45,0.03,-0.33,0.49,49.3,True,-0.11,0.12,0,0,14,38305178.0,"[116, 129, 136, 141]",776,57.3,56.9,1.008,5.0,8.0,0.0393,0.0648,0.86,0.0099,0.0145,0.25,1.08,,0.03
LKFT,weekly,1.5,,UP,broad,75,2025-04-25 00:00,2026-09-25 00:00,29.59,37.62,25.32,1.49,-0.15,-0.43,0.35,52.5,True,0.48,-0.03,0,0,5,26158381.0,"[14, 23, 39, 62]",760,61.5,52.2,0.883,23.0,12.0,0.068,0.0826,0.747,0.0237,0.0364,0.35,1.29,,0.0
LMAT,weekly,1.5,ANTI,,,120,2024-06-14 00:00,2026-09-25 00:00,79.2,114.0,77.56,1.47,0.2,-0.01,0.04,35.1,False,-1.46,-1.71,0,0,13,73495158.0,"[83, 89, 95, 107]",806,74.1,56.2,0.9,12.0,12.0,0.0696,0.1016,0.433,0.0112,0.0325,0.16,1.63,,0.03
LMAT,weekly,2.0,,,,139,2024-02-02 00:00,2026-09-25 00:00,79.2,114.0,57.25,1.99,0.38,-0.13,0.39,35.1,False,-1.46,-1.71,0,0,15,67830660.0,"[102, 108, 114, 126]",787,74.1,56.2,0.9,12.0,12.0,0.0714,0.1362,0.77,0.0112,0.0325,0.16,1.76,,0.03
LMND,weekly,2.0,ANTI,,,60,2025-08-08 00:00,2026-09-25 00:00,47.86,93.25,47.09,1.98,-0.16,-0.09,0.02,41.4,False,-0.2,-0.88,0,0,6,538608316.0,"[19, 24, 36, 47]",266,54.6,57.5,1.008,11.0,12.0,0.1052,0.1822,0.417,0.0114,0.0878,0.11,0.43,,0.03
LMND,weekly,3.0,ANTI,,,70,2025-05-30 00:00,2026-09-25 00:00,47.86,93.25,33.5,2.78,0.17,-0.35,0.24,41.4,False,-0.2,-0.88,0,0,7,535184630.0,"[29, 34, 46, 57]",256,54.6,57.5,1.008,11.0,12.0,0.1365,0.22,0.7,0.0114,0.0878,0.08,0.44,,0.03
LMRI,daily,2.0,DIVDN,DN,strict,133,2026-03-12 00:00,2026-09-21 00:00,10.68,13.14,6.77,1.94,0.38,-0.63,0.61,37.9,False,-0.68,-0.31,0,2,10,5541721.0,"[106, 112, 122, 128]",62,59.0,52.9,0.966,6.0,4.0,0.1089,0.1506,0.571,0.0201,0.0208,0.18,0.66,,0.0
LMT,weekly,1.5,,,,56,2025-09-05 00:00,2026-09-25 00:00,535.4,663.3,444.16,1.49,0.4,-0.23,0.42,47.8,True,0.07,-0.0,0,0,4,3279654910.0,"[5, 21, 26, 49]",870,82.0,61.6,0.912,23.0,6.0,0.0957,0.1156,0.518,0.0336,0.0338,0.35,0.87,,0.05
LNC,weekly,1.5,,,,67,2025-06-20 00:00,2026-09-25 00:00,41.68,46.03,31.11,1.48,0.3,-0.14,0.71,53.3,True,0.89,1.12,0,0,4,326687566.0,"[10, 26, 45, 59]",859,50.7,70.8,1.241,14.0,7.0,0.0705,0.1014,0.627,0.0379,0.0379,0.54,1.26,,0.01
LOAR,weekly,1.5,,,,65,2025-07-04 00:00,2026-09-25 00:00,64.73,81.97,55.37,1.48,-0.35,-0.43,0.35,45.1,True,0.37,0.71,0,1,7,258774035.0,"[34, 41, 52, 58]",62,64.1,58.6,0.957,6.0,6.0,0.0696,0.0959,0.662,0.0539,0.0426,0.77,0.91,,0.02
LOAR,weekly,2.0,,,,124,2024-05-17 00:00,2026-09-25 00:00,64.73,96.89,51.53,1.88,-0.06,,0.29,45.1,True,0.37,0.71,0,1,12,225999018.0,"[93, 100, 111, 117]",3,64.1,58.6,0.957,6.0,6.0,0.0979,0.1398,0.726,0.0539,0.0426,0.55,1.04,,0.02
LOAR,weekly,3.0,,,,127,2024-04-26 00:00,2026-09-25 00:00,64.73,96.89,46.0,2.11,0.01,,0.37,45.1,True,0.37,0.71,0,1,12,224794800.0,"[96, 103, 114, 120]",0,64.1,58.6,0.957,6.0,6.0,0.092,0.1485,0.732,0.0539,0.0426,0.59,1.04,,0.02
LOAR,daily,1.5,,,,99,2026-04-30 00:00,2026-09-21 00:00,64.73,81.29,55.37,1.47,0.39,-0.27,0.36,37.9,False,-1.16,-0.92,0,0,9,45051805.0,"[59, 66, 74, 92]",505,63.8,38.6,0.855,18.0,6.0,0.0615,0.0893,0.707,0.0026,0.0193,0.04,0.92,,0.04
LOB,weekly,2.0,,,,95,2024-12-06 00:00,2026-09-25 00:00,38.02,46.14,23.36,1.98,0.37,-0.52,0.64,45.7,True,0.05,0.56,0,0,5,43445965.0,"[38, 61, 74, 88]",489,56.7,66.2,1.149,14.0,6.0,0.0986,0.1438,0.684,0.0339,0.0348,0.34,0.97,,0.02
LOCO,weekly,2.0,,,,127,2024-04-26 00:00,2026-09-25 00:00,14.25,16.82,8.91,1.89,0.39,-0.3,0.68,47.0,True,-0.66,0.52,0,0,7,13919253.0,"[62, 85, 99, 113]",509,72.5,71.2,1.189,14.0,13.0,0.0948,0.1664,0.512,0.0138,0.0315,0.15,1.2,,0.02
LODE,weekly,2.0,ANTI,,,55,2025-09-12 00:00,2026-09-25 00:00,2.62,4.77,2.62,1.82,0.04,-0.62,0.0,40.1,False,-0.42,-0.79,0,0,5,19729440.0,"[19, 29, 40, 49]",871,64.7,49.6,0.738,9.0,5.0,0.1054,0.1488,0.527,0.1009,0.1269,0.96,0.77,,0.0
LODE,weekly,3.0,ANTI,,,90,2025-01-10 00:00,2026-09-25 00:00,2.62,5.3,1.89,2.8,0.15,-0.8,0.21,40.1,False,-0.42,-0.79,0,0,7,14738734.0,"[54, 64, 75, 84]",836,64.7,49.6,0.738,9.0,5.0,0.1382,0.1924,0.767,0.1009,0.1269,0.73,1.03,,0.0
LODE,daily,1.5,ANTI,,,41,2026-07-24 00:00,2026-09-21 00:00,2.62,3.57,2.49,1.43,-0.26,-0.48,0.12,30.6,False,-1.2,-1.64,0,0,2,3394734.0,"[12, 22]",4415,52.3,54.0,1.006,10.0,18.0,0.0818,0.1028,0.439,0.0246,0.078,0.3,1.16,,0.02
LODE,daily,2.0,ANTI,,,156,2026-02-06 00:00,2026-09-21 00:00,2.62,4.77,2.49,1.92,0.17,-0.46,0.06,30.6,False,-1.2,-1.64,0,0,10,3773183.0,"[91, 105, 127, 137]",4300,52.3,54.0,1.006,10.0,18.0,0.0872,0.1487,0.667,0.0246,0.078,0.28,1.05,,0.01
LOGI,weekly,1.5,,,,72,2025-05-16 00:00,2026-09-25 00:00,103.46,119.95,80.35,1.49,0.22,-0.21,0.58,53.0,False,-0.15,0.04,0,0,4,372302261.0,"[0, 20, 54, 64]",854,66.4,53.3,0.872,10.0,7.0,0.0817,0.0996,0.639,0.0191,0.0125,0.23,0.95,,0.0
LOMA,weekly,2.0,,,,111,2024-08-16 00:00,2026-09-25 00:00,9.62,13.78,6.93,1.99,0.16,-0.1,0.39,41.8,False,-0.52,-0.73,0,0,8,21350485.0,"[50, 71, 86, 95]",354,55.3,59.4,1.086,9.0,15.0,0.0759,0.1472,0.676,0.0186,0.0808,0.25,0.84,,0.05
LOVE,weekly,1.5,,,,27,2026-03-27 00:00,2026-09-25 00:00,13.56,18.2,13.5,1.35,0.02,-0.64,0.01,42.0,True,-0.34,-0.13,0,0,2,16214767.0,"[3, 16]",404,61.7,59.6,1.031,13.0,10.0,0.0448,0.0819,0.593,0.0951,0.0581,2.12,0.89,,0.0
LOVE,weekly,2.0,,,,83,2025-02-28 00:00,2026-09-25 00:00,13.56,20.95,10.54,1.99,-0.4,-0.72,0.29,42.0,True,-0.34,-0.13,0,0,6,24757363.0,"[27, 45, 59, 72]",348,61.7,59.6,1.031,13.0,10.0,0.1112,0.1507,0.711,0.0951,0.0581,0.86,0.58,,0.0
LOVE,daily,1.5,ANTI,,,123,2026-03-26 00:00,2026-09-21 00:00,13.56,18.7,13.5,1.39,0.13,-0.16,0.01,34.0,False,-0.44,-0.91,1,0,9,3360643.0,"[76, 90, 105, 112]",1946,44.5,52.0,1.025,7.0,10.0,0.0429,0.0697,0.724,0.0273,0.0769,0.64,1.68,,0.01
LOW,weekly,1.5,ANTI,,,148,2023-12-01 00:00,2026-09-25 00:00,190.98,284.26,190.98,1.49,0.06,-0.2,0.0,32.9,False,-0.31,-0.8,0,0,12,2948179389.0,"[115, 124, 135, 140]",778,46.2,48.5,0.988,5.0,7.0,0.0628,0.0868,0.669,0.0535,0.0398,0.85,0.95,,0.03
LPL,weekly,2.0,ANTI,,,77,2025-04-11 00:00,2026-09-25 00:00,3.04,5.55,2.78,2.0,0.09,-0.58,0.09,39.2,False,-0.78,-2.57,0,0,6,18294756.0,"[46, 53, 59, 70]",849,63.6,43.2,0.631,11.0,6.0,0.1468,0.1758,0.558,0.0106,0.0394,0.07,2.04,,0.01
LPLA,weekly,1.5,,,,100,2024-11-01 00:00,2026-09-25 00:00,332.26,391.56,268.54,1.46,-0.14,-0.05,0.52,50.1,True,0.83,0.79,0,0,9,1219810217.0,"[58, 66, 77, 93]",728,46.8,64.5,1.159,16.0,6.0,0.0765,0.0911,0.51,0.0234,0.0489,0.31,0.78,,0.01
LPLA,weekly,2.0,,,,111,2024-08-16 00:00,2026-09-25 00:00,332.26,391.56,204.24,1.92,0.24,-0.28,0.68,50.1,True,0.83,0.79,0,0,9,1189695048.0,"[69, 77, 88, 104]",717,46.8,64.5,1.159,16.0,6.0,0.0945,0.1349,0.505,0.0234,0.0489,0.25,0.8,,0.01
LPTH,weekly,2.0,,,,40,2025-12-26 00:00,2026-09-25 00:00,10.2,16.98,9.02,1.88,0.08,0.03,0.15,45.6,False,-0.85,-1.42,0,0,4,181272348.0,"[3, 17, 22, 33]",886,66.0,57.6,0.893,11.0,6.0,0.1059,0.1736,0.5,0.1195,0.0859,1.13,1.01,,0.03
LPTH,daily,2.0,,,,156,2026-02-06 00:00,2026-09-21 00:00,10.2,18.15,9.11,1.99,-0.01,-0.36,0.12,45.8,False,-0.81,-2.33,0,0,15,33355948.0,"[98, 112, 130, 146]",4300,63.4,44.3,0.709,16.0,9.0,0.1223,0.1597,0.596,0.0367,0.0393,0.3,0.96,,0.0
LPX,weekly,2.0,ANTI,,,150,2023-11-17 00:00,2026-09-25 00:00,65.05,117.4,58.83,2.0,-0.06,-0.22,0.11,39.1,False,0.01,-0.29,0,0,15,336263856.0,"[116, 126, 136, 142]",776,54.1,51.5,0.953,6.0,7.0,0.1168,0.157,0.673,0.0548,0.022,0.47,1.13,,0.01
LPX,daily,1.5,ANTI,,,154,2026-02-10 00:00,2026-09-21 00:00,65.05,95.86,64.75,1.48,-0.32,-0.34,0.01,36.1,False,-0.6,-0.62,0,0,14,75458820.0,"[115, 123, 131, 147]",4302,53.9,39.5,0.886,16.0,6.0,0.034,0.0721,0.565,0.0059,0.016,0.17,0.95,,0.05
LQDA,daily,1.5,ANTI,,,75,2026-06-04 00:00,2026-09-21 00:00,66.43,91.03,61.85,1.47,-0.11,-0.0,0.16,40.1,False,0.01,-0.49,0,0,7,103940928.0,"[33, 45, 57, 66]",1974,40.5,41.9,0.969,9.0,8.0,0.078,0.1034,0.493,0.0159,0.0143,0.2,0.69,,0.05
LQDA,daily,2.0,,,,92,2026-05-11 00:00,2026-09-21 00:00,66.43,91.03,53.13,1.71,0.33,0.14,0.35,40.1,False,0.01,-0.49,0,0,9,99904356.0,"[50, 62, 74, 83]",1957,40.5,41.9,0.969,9.0,8.0,0.0995,0.132,0.63,0.0159,0.0143,0.16,0.72,,0.07
LRCX,daily,2.0,DIVUP,UP,strict,119,2026-04-01 00:00,2026-09-21 00:00,302.28,433.33,218.29,1.99,0.22,-0.12,0.39,51.4,False,-0.42,-0.63,1,0,11,2784465600.0,"[85, 94, 102, 109]",4337,50.4,53.9,1.006,7.0,9.0,0.0768,0.1353,0.714,0.0411,0.0512,0.54,1.11,,0.03
LRMR,weekly,2.0,,,,66,2025-06-27 00:00,2026-09-25 00:00,3.83,5.31,2.97,1.79,0.11,-0.77,0.37,48.7,False,-0.07,-0.42,0,0,7,27184593.0,"[35, 41, 54, 59]",575,55.0,55.4,1.019,5.0,6.0,0.094,0.1394,0.591,0.0391,0.0332,0.42,0.74,,0.0
LRMR,weekly,3.0,,,,93,2024-12-20 00:00,2026-09-25 00:00,3.83,5.31,1.81,2.93,0.35,-0.86,0.58,48.7,False,-0.07,-0.42,0,0,9,22574827.0,"[62, 68, 81, 86]",548,55.0,55.4,1.019,5.0,6.0,0.1044,0.2102,0.742,0.0391,0.0332,0.37,0.89,,0.01
LRMR,daily,1.5,,,,106,2026-04-21 00:00,2026-09-21 00:00,3.83,4.57,3.05,1.5,0.09,-0.49,0.51,45.9,False,-0.51,-0.5,0,0,7,5495201.0,"[55, 63, 78, 96]",2976,63.6,52.5,0.932,18.0,9.0,0.0692,0.0929,0.717,0.0143,0.013,0.21,0.82,,0.02
LRN,weekly,1.5,ANTI,,,38,2026-01-09 00:00,2026-09-25 00:00,79.5,100.01,69.71,1.43,0.11,-0.58,0.32,41.2,False,-0.41,-0.7,0,0,3,316884991.0,"[14, 21, 33]",888,57.9,48.1,0.868,12.0,4.0,0.0397,0.0777,0.789,0.0191,0.0299,0.48,0.87,,0.0
LRN,weekly,3.0,ANTI,,,152,2023-11-03 00:00,2026-09-25 00:00,79.5,165.17,55.87,2.96,0.31,0.03,0.22,41.2,False,-0.41,-0.7,0,0,12,326073884.0,"[103, 128, 135, 147]",774,57.9,48.1,0.868,12.0,4.0,0.2391,0.3365,0.382,0.0191,0.0299,0.08,0.84,,0.01
LSCC,daily,1.5,DIVUP,UP,strict,115,2026-04-08 00:00,2026-09-21 00:00,117.24,155.27,106.1,1.46,-0.13,0.0,0.23,51.1,False,-0.08,-0.5,1,0,13,234572734.0,"[81, 90, 98, 108]",4341,44.9,49.7,0.994,10.0,6.0,0.0797,0.1021,0.53,0.0304,0.0295,0.38,0.87,,0.01
LSPD,weekly,1.5,,,,46,2025-11-14 00:00,2026-09-25 00:00,9.56,12.38,8.47,1.46,-0.39,-0.6,0.28,45.1,True,0.44,0.57,0,0,4,34031646.0,"[6, 16, 33, 39]",326,56.4,55.2,0.988,6.0,6.0,0.072,0.1092,0.457,0.0148,0.026,0.21,0.85,,0.02
LSTR,weekly,1.5,ANTI,,,27,2026-03-27 00:00,2026-09-25 00:00,170.32,223.76,155.82,1.44,0.09,-0.15,0.21,43.5,False,-1.06,-0.02,0,0,2,380421044.0,"[11, 16]",899,78.5,67.6,0.943,5.0,10.0,0.0671,0.0958,0.481,0.0386,0.0536,0.58,0.88,,0.04
LSTR,daily,1.5,ANTI,,,125,2026-03-24 00:00,2026-09-21 00:00,170.32,224.86,155.67,1.44,0.15,-0.05,0.21,37.1,False,-0.5,-0.46,0,0,9,82196389.0,"[64, 75, 81, 100]",4331,59.3,52.7,0.903,19.0,24.0,0.0622,0.0971,0.576,0.0072,0.0095,0.12,0.84,,0.04
LTM,weekly,1.5,,,,45,2025-11-21 00:00,2026-09-25 00:00,53.31,65.64,44.02,1.49,-0.08,-0.1,0.43,51.7,True,-0.02,0.15,0,0,3,221132714.0,"[10, 21, 31]",69,58.0,59.0,1.058,10.0,13.0,0.0626,0.0895,0.689,0.0132,0.0225,0.21,0.83,,0.02
LTRX,weekly,1.5,,,,44,2025-11-28 00:00,2026-09-25 00:00,6.18,7.55,5.12,1.47,-0.08,-0.22,0.44,53.6,False,-0.44,-0.56,0,0,5,20679065.0,"[7, 15, 26, 37]",882,63.9,55.5,0.857,11.0,6.0,0.0786,0.097,0.523,0.0685,0.0492,0.87,1.16,,0.02
LTRX,weekly,2.0,,,,57,2025-08-29 00:00,2026-09-25 00:00,6.18,7.55,4.45,1.7,0.36,-0.32,0.56,53.6,False,-0.44,-0.56,0,0,6,17610863.0,"[20, 28, 39, 50]",869,63.9,55.5,0.857,11.0,6.0,0.1036,0.1252,0.667,0.0685,0.0492,0.66,1.36,,0.02
LTRX,daily,1.5,,,,75,2026-06-04 00:00,2026-09-21 00:00,6.18,7.45,4.99,1.49,-0.35,-0.41,0.48,62.2,False,-0.26,-0.55,0,0,7,5363041.0,"[31, 41, 50, 58]",4304,63.7,52.3,0.907,8.0,16.0,0.0617,0.0906,0.533,0.0595,0.0304,0.96,1.25,,0.03
LUMN,weekly,2.0,ANTI,,,55,2025-09-12 00:00,2026-09-25 00:00,6.46,10.99,5.71,1.92,-0.14,-0.4,0.14,44.8,False,-0.81,-1.9,0,0,4,483670518.0,"[8, 13, 20, 37]",871,62.9,67.3,1.246,17.0,17.0,0.1261,0.1646,0.491,0.049,0.025,0.39,0.84,,0.02
LUNR,daily,2.0,,,,64,2026-06-22 00:00,2026-09-21 00:00,15.72,21.99,11.39,1.93,-0.33,-0.75,0.41,52.4,False,-0.82,-1.35,0,0,4,136104503.0,"[6, 20, 39, 54]",1150,67.2,47.0,0.769,15.0,9.0,0.0986,0.1577,0.609,0.0187,0.0238,0.19,0.69,,0.05
LUV,weekly,1.5,,,,43,2025-12-05 00:00,2026-09-25 00:00,41.77,53.54,37.02,1.45,0.05,0.02,0.29,48.6,True,-0.14,0.25,0,0,3,1395143636.0,"[9, 19, 29]",883,54.2,65.7,1.221,10.0,13.0,0.0669,0.1016,0.395,0.0285,0.0863,0.43,0.64,,0.02
LUV,daily,1.5,,,,148,2026-02-19 00:00,2026-09-21 00:00,41.77,51.85,35.96,1.44,0.08,-0.33,0.37,56.2,False,0.57,-0.21,0,0,8,273001085.0,"[87, 101, 115, 129]",4308,56.6,34.0,0.837,14.0,18.0,0.0673,0.1005,0.473,0.0122,0.014,0.18,0.96,,0.02
LUXE,weekly,1.5,COMP,,,32,2026-02-20 00:00,2026-09-25 00:00,9.66,10.08,6.98,1.44,-0.16,-0.37,0.86,61.4,True,0.23,0.08,0,0,2,7369484.0,"[10, 23]",265,53.1,50.5,0.906,13.0,8.0,0.0515,0.0985,0.531,0.0297,0.0288,0.58,0.62,,0.0
LUXE,weekly,2.0,COMP,,,103,2024-10-11 00:00,2026-09-25 00:00,9.66,11.1,6.17,1.8,0.08,-0.48,0.71,61.4,True,0.23,0.08,0,0,9,7372303.0,"[60, 70, 81, 94]",194,53.1,50.5,0.906,13.0,8.0,0.0827,0.1233,0.767,0.0297,0.0288,0.36,0.62,,0.01
LUXE,weekly,3.0,COMP,,,111,2024-08-16 00:00,2026-09-25 00:00,9.66,11.1,3.73,2.98,0.28,-0.74,0.8,61.4,True,0.23,0.08,0,0,9,6935074.0,"[68, 78, 89, 102]",186,53.1,50.5,0.906,13.0,8.0,0.095,0.1889,0.739,0.0297,0.0288,0.31,0.65,,0.01
LUXE,daily,1.5,COMP,,,150,2026-02-17 00:00,2026-09-21 00:00,9.66,10.27,6.86,1.5,-0.36,-0.35,0.82,69.5,True,0.65,0.46,0,0,11,1323933.0,"[111, 117, 132, 139]",1273,48.9,47.9,0.983,7.0,10.0,0.0595,0.0933,0.6,0.1052,0.0316,1.77,2.78,,0.03
LVS,weekly,2.0,ANTI,,,75,2025-04-25 00:00,2026-09-25 00:00,40.26,66.99,34.73,1.93,0.05,-0.42,0.17,31.3,False,-0.53,-1.25,0,0,6,1143101868.0,"[31, 51, 59, 66]",851,43.3,44.7,0.965,7.0,8.0,0.0975,0.148,0.733,0.038,0.0201,0.39,0.95,,0.01
LWAY,weekly,1.5,,,,26,2026-04-03 00:00,2026-09-25 00:00,23.65,31.95,22.02,1.45,0.18,-0.34,0.16,42.4,True,-0.34,0.3,0,0,2,12670532.0,"[3, 15]",900,63.9,69.5,1.155,12.0,10.0,0.0689,0.1081,0.5,0.0342,0.1025,0.5,0.98,,0.0
LWAY,weekly,2.0,,,,111,2024-08-16 00:00,2026-09-25 00:00,23.65,33.42,17.8,1.88,0.2,-0.34,0.37,42.4,True,-0.34,0.3,0,0,9,8257322.0,"[67, 80, 88, 100]",815,63.9,69.5,1.155,12.0,10.0,0.0687,0.1235,0.784,0.0342,0.1025,0.5,1.5,,0.05
LWAY,weekly,3.0,,,,112,2024-08-09 00:00,2026-09-25 00:00,23.65,33.42,11.37,2.94,0.17,-0.58,0.56,42.4,True,-0.34,0.3,0,0,9,8230709.0,"[68, 81, 89, 101]",814,63.9,69.5,1.155,12.0,10.0,0.0706,0.1335,0.884,0.0342,0.1025,0.48,1.51,,0.04
LWAY,daily,1.5,ANTI,,,119,2026-04-01 00:00,2026-09-21 00:00,23.65,32.33,22.02,1.47,0.25,-0.13,0.16,29.6,False,-0.25,-0.33,0,0,9,2663500.0,"[70, 81, 88, 101]",4337,60.3,42.8,0.84,13.0,17.0,0.0667,0.1028,0.555,0.0125,0.0113,0.19,0.97,,0.06
LXEO,weekly,3.0,ANTI,,,69,2025-06-06 00:00,2026-09-25 00:00,4.08,10.54,3.88,2.72,-0.17,-0.78,0.03,36.5,False,-0.1,-1.66,0,0,5,21833788.0,"[28, 38, 45, 54]",83,49.4,40.7,0.713,9.0,14.0,0.1845,0.3214,0.29,0.0124,0.0362,0.07,0.93,,0.01
LXEO,daily,1.5,ANTI,,,94,2026-05-07 00:00,2026-09-21 00:00,4.08,6.12,4.08,1.5,-0.3,-0.62,0.0,33.5,False,-1.13,-1.04,0,0,7,3572430.0,"[41, 51, 71, 83]",628,65.6,52.0,0.911,12.0,10.0,0.0526,0.0852,0.628,0.0107,0.0282,0.2,1.16,,0.0
LXFR,daily,1.5,,,,105,2026-04-22 00:00,2026-09-21 00:00,17.24,18.94,12.72,1.49,0.38,-0.17,0.73,54.8,True,0.17,0.04,2,0,8,2703248.0,"[65, 70, 84, 95]",3405,55.3,61.6,1.006,11.0,9.0,0.0133,0.0723,0.781,0.0015,0.0017,0.11,2.38,,0.18
LYB,weekly,1.5,,,,34,2026-02-06 00:00,2026-09-25 00:00,60.24,78.8,52.81,1.49,-0.17,-0.4,0.29,48.0,False,-0.67,-0.77,0,0,2,1630099398.0,"[7, 28]",823,80.3,57.1,0.848,21.0,5.0,0.0743,0.1069,0.618,0.0139,0.0362,0.19,0.67,,0.0
LYB,weekly,2.0,,,,102,2024-10-18 00:00,2026-09-25 00:00,60.24,79.31,40.47,1.96,-0.12,-0.54,0.51,48.0,False,-0.67,-0.77,0,0,6,1228806122.0,"[53, 58, 75, 96]",755,80.3,57.1,0.848,21.0,5.0,0.1354,0.1732,0.627,0.0139,0.0362,0.1,0.89,,0.02
LYEL,daily,1.5,ANTI,,,77,2026-06-02 00:00,2026-09-21 00:00,10.93,15.91,10.77,1.48,0.01,-0.65,0.03,30.6,False,-1.32,-1.78,0,0,6,1795375.0,"[40, 48, 53, 64]",1244,62.0,54.0,0.947,11.0,12.0,0.0615,0.093,0.675,0.0166,0.0878,0.27,0.9,,0.01
LYFT,weekly,1.5,,,,38,2026-01-09 00:00,2026-09-25 00:00,15.27,19.21,12.86,1.49,0.09,-0.44,0.38,47.8,True,0.69,0.85,0,0,2,968934803.0,"[14, 33]",355,45.6,61.8,1.184,19.0,4.0,0.0751,0.1134,0.368,0.0293,0.0327,0.39,0.84,,0.05
LYFT,weekly,2.0,,,,75,2025-04-25 00:00,2026-09-25 00:00,15.27,23.14,12.21,1.9,-0.16,-0.39,0.28,47.8,True,0.69,0.85,0,0,6,1088996686.0,"[21, 29, 51, 70]",318,45.6,61.8,1.184,19.0,4.0,0.1185,0.1728,0.493,0.0293,0.0327,0.25,0.74,,0.04
LYTS,weekly,1.5,,,,62,2025-07-25 00:00,2026-09-25 00:00,20.69,26.53,17.78,1.49,0.31,-0.18,0.33,44.3,False,-0.57,-0.11,0,0,5,24373437.0,"[28, 41, 47, 54]",864,67.0,58.9,0.946,7.0,7.0,0.0943,0.1122,0.532,0.0162,0.1016,0.17,1.63,,0.0
LZ,weekly,1.5,,,,34,2026-02-06 00:00,2026-09-25 00:00,5.95,8.05,5.48,1.47,-0.16,-0.59,0.18,44.2,True,0.49,0.06,0,0,2,80423352.0,"[12, 25]",240,42.6,56.8,1.168,13.0,8.0,0.0584,0.1036,0.5,0.0236,0.0587,0.4,0.96,,0.0
LZ,daily,1.5,,,,33,2026-08-05 00:00,2026-09-21 00:00,5.95,8.1,5.43,1.49,0.06,-0.36,0.19,45.1,True,0.37,0.26,0,0,2,15185179.0,"[20, 27]",1279,54.2,51.5,0.963,7.0,5.0,0.0271,0.0754,0.242,0.0206,0.0248,0.76,0.98,,0.03
LZB,weekly,1.5,,,,86,2025-02-07 00:00,2026-09-25 00:00,29.7,43.52,29.55,1.47,-0.28,-0.35,0.01,34.2,True,-0.27,-0.13,0,0,6,79664120.0,"[44, 62, 72, 78]",840,64.2,64.8,1.029,6.0,7.0,0.0579,0.0933,0.674,0.0707,0.0755,1.22,1.33,,0.02
LZM,daily,1.5,,,,37,2026-07-30 00:00,2026-09-21 00:00,3.93,4.63,3.3,1.4,0.19,-0.45,0.47,47.7,False,-0.8,-0.38,0,0,2,1346026.0,"[6, 18]",1160,62.4,67.5,1.119,12.0,18.0,0.0495,0.0741,0.73,0.0194,0.0382,0.39,1.0,,0.03
MAA,weekly,1.5,,,,152,2023-11-03 00:00,2026-09-25 00:00,118.86,158.56,107.84,1.47,0.17,-0.44,0.22,35.7,True,-0.09,0.04,0,1,11,552273894.0,"[95, 113, 139, 144]",774,61.1,54.1,0.96,5.0,7.0,0.0703,0.0895,0.664,0.0337,0.0198,0.48,0.95,,0.01
MAAS,daily,1.5,,,,49,2026-07-14 00:00,2026-09-21 00:00,15.86,20.95,14.11,1.48,-0.37,-0.34,0.26,46.9,True,0.2,0.07,0,0,4,1843453.0,"[2, 20, 36, 44]",1831,53.9,53.8,0.978,8.0,4.0,0.0511,0.0938,0.653,0.0317,0.03,0.62,1.41,,0.06
MAAS,daily,2.0,,,,72,2026-06-09 00:00,2026-09-21 00:00,15.86,21.24,10.97,1.94,0.1,-0.08,0.48,46.9,True,0.2,0.07,0,0,6,1765954.0,"[25, 43, 59, 67]",1808,53.9,53.8,0.978,8.0,4.0,0.0668,0.1256,0.764,0.0317,0.03,0.47,1.47,,0.04
MAGN,weekly,2.0,,,,78,2025-04-04 00:00,2026-09-25 00:00,11.83,15.28,8.75,1.75,-0.22,-0.85,0.47,47.4,True,0.42,0.89,0,0,6,29031993.0,"[26, 38, 57, 68]",848,51.4,59.3,1.135,11.0,9.0,0.0934,0.1389,0.603,0.0287,0.0295,0.31,0.78,,0.0
MAKO,daily,1.5,,,,34,2026-08-04 00:00,2026-09-21 00:00,10.15,11.07,7.48,1.48,0.34,-0.14,0.74,53.2,False,-0.95,-0.07,0,0,2,1864112.0,"[6, 15]",3644,77.7,77.5,1.108,9.0,18.0,0.0287,0.0716,0.529,0.0079,0.0108,0.28,1.17,,0.03
MANE,daily,1.5,,,,102,2026-04-27 00:00,2026-09-21 00:00,112.8,129.74,90.32,1.44,0.05,0.12,0.57,61.4,False,0.26,-0.11,0,0,6,60645038.0,"[60, 71, 76, 92]",56,52.8,49.8,0.921,16.0,9.0,0.0481,0.0799,0.657,0.0377,0.0314,0.78,1.21,,0.03
MANE,daily,2.0,,,,113,2026-04-10 00:00,2026-09-21 00:00,112.8,129.74,67.84,1.91,0.31,0.0,0.73,61.4,False,0.26,-0.11,0,0,7,57839249.0,"[71, 82, 87, 103]",45,52.8,49.8,0.921,16.0,9.0,0.0547,0.1244,0.761,0.0377,0.0314,0.69,1.27,,0.03
MANH,weekly,2.0,COMP,,,87,2025-01-31 00:00,2026-09-25 00:00,209.35,223.28,120.88,1.85,-0.29,-0.6,0.86,63.0,True,1.42,1.85,0,0,7,536266967.0,"[49, 57, 69, 82]",839,49.3,72.3,1.488,13.0,4.0,0.1381,0.155,0.552,0.0303,0.083,0.22,1.38,,0.01
MARA,weekly,2.0,,,,46,2025-11-14 00:00,2026-09-25 00:00,13.28,14.54,7.92,1.84,0.39,-0.71,0.81,55.7,False,-0.12,0.07,0,0,2,2413687762.0,"[9, 28]",706,41.8,61.9,1.266,19.0,17.0,0.1118,0.1677,0.565,0.0837,0.0707,0.75,0.87,,0.0
MARA,daily,1.5,COMP,,,57,2026-07-01 00:00,2026-09-21 00:00,13.28,13.37,8.96,1.49,-0.22,-0.4,0.98,63.0,True,0.62,0.74,0,0,5,527412584.0,"[15, 22, 38, 48]",3558,56.7,56.2,1.008,10.0,8.0,0.0574,0.0952,0.667,0.032,0.0276,0.56,1.1,,0.02
MAS,weekly,1.5,,,,150,2023-11-17 00:00,2026-09-25 00:00,67.74,82.72,56.44,1.47,0.02,-0.12,0.43,44.6,True,-0.07,0.41,0,0,10,671232904.0,"[92, 117, 127, 137]",776,60.5,66.9,1.121,10.0,12.0,0.0721,0.089,0.667,0.0377,0.058,0.52,1.0,,0.03
MATV,weekly,3.0,COMP,,,75,2025-04-25 00:00,2026-09-25 00:00,12.2,14.34,4.95,2.9,0.33,-0.71,0.77,61.0,True,1.02,1.38,0,0,5,19115004.0,"[29, 42, 52, 67]",851,46.4,67.0,1.335,15.0,7.0,0.2454,0.2557,0.56,0.0155,0.0559,0.06,1.74,,0.0
MATV,daily,2.0,COMP,,,150,2026-02-17 00:00,2026-09-21 00:00,12.2,14.01,7.16,1.96,0.3,-0.51,0.74,58.1,True,-0.82,0.01,0,1,8,4134687.0,"[90, 103, 119, 139]",4306,87.9,70.6,0.99,20.0,10.0,0.0927,0.1861,0.387,0.0104,0.0213,0.11,1.48,,0.01
MATW,weekly,1.5,ANTI,,,73,2025-05-09 00:00,2026-09-25 00:00,19.78,28.05,19.17,1.46,0.36,-0.55,0.07,30.4,False,-1.21,-1.38,0,1,5,29615118.0,"[15, 35, 51, 64]",853,63.5,57.7,0.979,13.0,8.0,0.0782,0.0971,0.521,0.0376,0.1343,0.48,2.76,,0.0
MAX,weekly,2.0,,,,99,2024-11-08 00:00,2026-09-25 00:00,10.79,14.12,7.17,1.97,0.07,-0.68,0.52,46.1,True,0.61,1.54,0,0,7,28387555.0,"[56, 69, 75, 88]",210,48.4,70.4,1.404,13.0,10.0,0.1103,0.144,0.667,0.061,0.0379,0.55,1.19,,0.02
MAX,daily,1.5,ANTI,,,68,2026-06-15 00:00,2026-09-21 00:00,10.79,14.27,9.84,1.45,-0.03,-0.15,0.21,32.3,False,-1.02,-0.98,0,1,6,9478569.0,"[30, 38, 45, 52]",1412,55.9,49.1,0.953,7.0,15.0,0.0583,0.0955,0.485,0.0382,0.0388,0.66,0.91,,0.03
MAZE,weekly,1.5,,,,27,2026-03-27 00:00,2026-09-25 00:00,22.39,31.26,22.39,1.4,-0.21,-0.55,0.0,37.0,True,0.24,-0.22,0,0,2,69023961.0,"[14, 21]",60,51.0,49.3,0.941,7.0,5.0,0.0461,0.0818,0.667,0.0759,0.0448,1.65,0.78,,0.0
MAZE,weekly,2.0,,,,27,2026-03-27 00:00,2026-09-25 00:00,22.39,31.26,22.39,1.4,-0.21,-0.55,0.0,37.0,True,0.24,-0.22,0,0,2,69023961.0,"[14, 21]",60,51.0,49.3,0.941,7.0,5.0,0.0461,0.0818,0.667,0.0759,0.0448,1.65,0.78,,0.0
MAZE,weekly,3.0,,,,55,2025-09-12 00:00,2026-09-25 00:00,22.39,50.21,22.39,2.24,-0.34,0.26,0.0,37.0,True,0.24,-0.22,0,0,5,74703359.0,"[12, 26, 42, 49]",32,51.0,49.3,0.941,7.0,5.0,0.1063,0.2442,0.291,0.0759,0.0448,0.71,0.72,,0.0
MAZE,daily,1.5,ANTI,,,124,2026-03-25 00:00,2026-09-21 00:00,22.39,32.84,22.39,1.47,-0.04,-0.57,0.0,25.5,False,-1.3,-1.25,0,0,7,13207572.0,"[45, 70, 93, 105]",288,53.1,62.1,1.062,12.0,18.0,0.0522,0.0797,0.742,0.0255,0.0472,0.49,0.99,,0.02
MAZE,daily,2.0,ANTI,,,124,2026-03-25 00:00,2026-09-21 00:00,22.39,32.84,22.39,1.47,-0.04,-0.57,0.0,25.5,False,-1.3,-1.25,0,0,7,13207572.0,"[45, 70, 93, 105]",288,53.1,62.1,1.062,12.0,18.0,0.0522,0.0797,0.742,0.0255,0.0472,0.49,0.99,,0.02
MBC,weekly,1.5,ANTI,,,30,2026-03-06 00:00,2026-09-25 00:00,6.82,9.88,6.62,1.49,-0.09,-0.66,0.06,35.7,False,0.17,-0.33,0,0,3,93441731.0,"[7, 16, 22]",169,52.2,50.4,0.948,6.0,7.0,0.057,0.0964,0.6,0.0805,0.0556,1.41,0.74,,0.03
MBC,weekly,2.0,ANTI,,,33,2026-02-13 00:00,2026-09-25 00:00,6.82,11.79,6.62,1.78,-0.3,-0.66,0.04,35.7,False,0.17,-0.33,0,0,3,96708493.0,"[10, 19, 25]",166,52.2,50.4,0.948,6.0,7.0,0.0554,0.1278,0.727,0.0805,0.0556,1.45,0.71,,0.03
MBC,daily,2.0,ANTI,,,153,2026-02-11 00:00,2026-09-21 00:00,6.82,12.06,6.55,1.84,-0.24,-0.53,0.05,31.5,False,-1.18,-1.68,0,0,11,21304940.0,"[114, 119, 130, 142]",794,55.9,46.1,0.907,12.0,10.0,0.0554,0.1202,0.778,0.0398,0.0983,0.72,1.2,,0.01
MBGL,daily,1.5,,,,60,2026-06-26 00:00,2026-09-21 00:00,19.2,22.93,18.94,1.21,-0.3,,0.06,43.6,True,-0.43,-0.04,0,1,5,78582901.0,"[37, 42, 49, 55]",0,59.5,56.0,0.988,6.0,4.0,0.0197,0.0363,0.667,0.008,0.0124,0.41,0.87,,0.02
MBGL,daily,2.0,,,,60,2026-06-26 00:00,2026-09-21 00:00,19.2,22.93,18.94,1.21,-0.3,,0.06,43.6,True,-0.43,-0.04,0,1,5,78582901.0,"[37, 42, 49, 55]",0,59.5,56.0,0.988,6.0,4.0,0.0197,0.0363,0.667,0.008,0.0124,0.41,0.87,,0.02
MBGL,daily,3.0,,,,60,2026-06-26 00:00,2026-09-21 00:00,19.2,22.93,18.94,1.21,-0.3,,0.06,43.6,True,-0.43,-0.04,0,1,5,78582901.0,"[37, 42, 49, 55]",0,59.5,56.0,0.988,6.0,4.0,0.0197,0.0363,0.667,0.008,0.0124,0.41,0.87,,0.02
MBGL-W,daily,1.5,ANTI,,,60,2026-06-26 00:00,2026-09-21 00:00,19.2,23.0,19.0,1.21,-0.32,,0.05,43.5,False,-0.45,-0.06,0,1,5,78584040.0,"[37, 42, 49, 55]",0,59.2,55.8,0.988,6.0,4.0,0.0211,0.0366,0.667,0.008,0.0124,0.38,0.87,,0.02
MBGL-W,daily,2.0,ANTI,,,60,2026-06-26 00:00,2026-09-21 00:00,19.2,23.0,19.0,1.21,-0.32,,0.05,43.5,False,-0.45,-0.06,0,1,5,78584040.0,"[37, 42, 49, 55]",0,59.2,55.8,0.988,6.0,4.0,0.0211,0.0366,0.667,0.008,0.0124,0.38,0.87,,0.02
MBGL-W,daily,3.0,ANTI,,,60,2026-06-26 00:00,2026-09-21 00:00,19.2,23.0,19.0,1.21,-0.32,,0.05,43.5,False,-0.45,-0.06,0,1,5,78584040.0,"[37, 42, 49, 55]",0,59.2,55.8,0.988,6.0,4.0,0.0211,0.0366,0.667,0.008,0.0124,0.38,0.87,,0.02
MBGL-WI,daily,1.5,,,,60,2026-06-26 00:00,2026-09-21 00:00,19.2,22.93,18.94,1.21,-0.3,,0.06,43.6,True,-0.44,-0.04,0,1,5,78584040.0,"[37, 42, 49, 55]",0,59.6,56.0,0.988,6.0,4.0,0.0197,0.0363,0.667,0.008,0.0124,0.41,0.87,,0.02
MBGL-WI,daily,2.0,,,,60,2026-06-26 00:00,2026-09-21 00:00,19.2,22.93,18.94,1.21,-0.3,,0.06,43.6,True,-0.44,-0.04,0,1,5,78584040.0,"[37, 42, 49, 55]",0,59.6,56.0,0.988,6.0,4.0,0.0197,0.0363,0.667,0.008,0.0124,0.41,0.87,,0.02
MBGL-WI,daily,3.0,,,,60,2026-06-26 00:00,2026-09-21 00:00,19.2,22.93,18.94,1.21,-0.3,,0.06,43.6,True,-0.44,-0.04,0,1,5,78584040.0,"[37, 42, 49, 55]",0,59.6,56.0,0.988,6.0,4.0,0.0197,0.0363,0.667,0.008,0.0124,0.41,0.87,,0.02
MBI,weekly,2.0,ANTI,,,76,2025-04-18 00:00,2026-09-25 00:00,4.54,7.96,4.27,1.86,0.05,-0.41,0.07,33.5,False,-0.52,-1.36,0,0,6,9566700.0,"[30, 46, 52, 63]",850,47.6,58.6,1.093,11.0,12.0,0.1587,0.1846,0.474,0.0397,0.092,0.25,1.28,,0.0
MBIN,weekly,2.0,COMP,,,153,2023-10-27 00:00,2026-09-25 00:00,52.35,55.07,28.46,1.93,0.25,-0.09,0.9,59.5,True,-0.18,0.67,0,0,14,31221742.0,"[120, 130, 137, 144]",313,67.7,69.2,1.104,7.0,8.0,0.126,0.1644,0.588,0.0168,0.0382,0.13,1.32,,0.0
MBLY,weekly,1.5,ANTI,,,26,2026-04-03 00:00,2026-09-25 00:00,7.99,10.34,7.24,1.43,-0.1,-0.77,0.24,41.9,False,0.15,-0.15,0,0,3,224747359.0,"[8, 13, 20]",179,50.4,48.8,0.944,7.0,5.0,0.0801,0.0934,0.615,0.0391,0.0618,0.49,0.66,,0.0
MBLY,daily,1.5,ANTI,,,115,2026-04-08 00:00,2026-09-21 00:00,7.99,10.79,7.21,1.5,-0.13,-0.44,0.22,41.0,False,-0.63,-0.59,0,0,9,45246023.0,"[66, 76, 90, 104]",863,57.9,48.1,0.927,14.0,10.0,0.0753,0.0938,0.635,0.0149,0.0196,0.2,0.83,,0.0
MBX,daily,1.5,,,,62,2026-06-24 00:00,2026-09-21 00:00,60.94,70.7,48.4,1.46,0.32,0.04,0.56,45.2,False,-0.67,-0.53,0,0,4,36269145.0,"[10, 28, 36, 52]",445,62.6,48.2,0.919,16.0,9.0,0.0595,0.0733,0.597,0.017,0.0086,0.29,1.1,,0.05
MC,weekly,1.5,,,,74,2025-05-02 00:00,2026-09-25 00:00,60.56,75.25,50.73,1.48,0.18,-0.31,0.4,41.9,True,-0.05,0.17,0,0,5,270488312.0,"[20, 37, 51, 61]",576,55.6,56.4,1.017,10.0,12.0,0.0518,0.0901,0.662,0.0235,0.0297,0.45,0.93,,0.01
MCFT,weekly,1.5,ANTI,,,42,2025-12-12 00:00,2026-09-25 00:00,19.68,27.38,18.9,1.45,0.35,-0.2,0.09,38.8,False,-0.45,-0.15,0,0,4,15273236.0,"[8, 21, 28, 36]",543,59.7,58.4,1.0,8.0,5.0,0.0726,0.0939,0.643,0.05,0.0149,0.69,1.52,,0.0
MCS,weekly,3.0,COMP,,,119,2024-06-21 00:00,2026-09-25 00:00,27.78,30.56,10.52,2.9,0.4,-0.38,0.86,64.7,True,0.33,1.92,0,0,10,17748310.0,"[89, 95, 105, 111]",807,77.1,77.9,1.231,6.0,7.0,0.1128,0.244,0.563,0.039,0.0652,0.35,1.8,,0.02
MDA,daily,2.0,DIVUP,UP,strict,120,2026-03-31 00:00,2026-09-21 00:00,31.79,48.68,25.32,1.92,-0.18,,0.28,57.5,False,0.02,-0.47,1,0,10,34195268.0,"[77, 92, 103, 110]",13,40.6,45.2,0.993,7.0,9.0,0.1127,0.1397,0.583,0.0057,0.0086,0.05,1.01,,0.03
MDA,daily,3.0,DIVUP,UP,strict,133,2026-03-12 00:00,2026-09-21 00:00,31.79,48.68,23.61,2.06,-0.05,,0.33,57.5,False,0.02,-0.47,1,0,11,33640903.0,"[90, 105, 116, 123]",0,40.6,45.2,0.993,7.0,9.0,0.0965,0.1428,0.729,0.0057,0.0086,0.06,1.02,,0.03
MDB,weekly,3.0,COMP,,,136,2024-02-23 00:00,2026-09-25 00:00,407.3,460.33,154.39,2.98,0.2,-0.69,0.83,57.2,True,0.75,1.6,0,0,11,2249704669.0,"[89, 96, 119, 129]",331,58.6,68.7,1.312,10.0,6.0,0.1875,0.2447,0.684,0.077,0.0848,0.41,1.23,,0.01
MDB,daily,1.5,,,,38,2026-07-29 00:00,2026-09-21 00:00,407.3,472.29,321.1,1.47,0.02,-0.2,0.57,54.7,False,-0.92,-0.73,0,1,2,637668448.0,"[11, 23]",2203,80.4,64.4,0.96,12.0,14.0,0.0773,0.0948,0.579,0.0128,0.0202,0.17,0.82,,0.0
MDGL,weekly,1.5,,,,58,2025-08-22 00:00,2026-09-25 00:00,521.96,598.91,414.68,1.44,0.37,0.12,0.58,52.1,True,-0.16,0.07,0,0,4,752360488.0,"[1, 14, 32, 47]",868,63.0,62.4,1.012,15.0,10.0,0.0622,0.1009,0.603,0.0168,0.018,0.27,0.84,,0.0
MDGL,weekly,2.0,,,,61,2025-08-01 00:00,2026-09-25 00:00,521.96,598.91,302.17,1.98,0.36,-0.14,0.74,52.1,True,-0.16,0.07,0,0,4,755486480.0,"[4, 17, 35, 50]",865,63.0,62.4,1.012,15.0,10.0,0.0728,0.1228,0.656,0.0168,0.018,0.23,0.83,,0.0
MDWD,weekly,2.0,ANTI,,,143,2024-01-05 00:00,2026-09-25 00:00,13.31,21.96,11.47,1.91,-0.02,-0.47,0.18,38.7,False,-0.5,-1.36,0,0,12,5871859.0,"[93, 101, 118, 129]",511,51.5,42.8,0.851,11.0,13.0,0.0692,0.1248,0.79,0.0109,0.0413,0.16,0.92,,0.01
MDXG,weekly,1.5,COMP,,,31,2026-02-27 00:00,2026-09-25 00:00,4.81,4.89,3.42,1.43,0.4,-0.65,0.95,61.1,True,1.71,1.02,0,0,0,22608983.0,[],895,,,,,,0.0949,0.1025,0.516,0.0441,0.0462,0.46,0.97,,0.03
MDXG,weekly,2.0,,,,39,2026-01-02 00:00,2026-09-25 00:00,4.81,6.48,3.42,1.89,-0.33,-0.65,0.45,61.1,True,1.71,1.02,0,0,1,22608983.0,[7],887,,,,,,0.1241,0.1635,0.487,0.0441,0.0462,0.36,0.97,,0.03
MEDP,weekly,2.0,COMP,,,62,2025-07-25 00:00,2026-09-25 00:00,624.2,624.2,410.54,1.52,0.24,-0.07,1.0,64.0,True,0.96,1.28,0,0,6,744003946.0,"[18, 25, 38, 52]",467,53.8,66.4,1.155,14.0,9.0,0.1191,0.1259,0.355,0.0208,0.023,0.17,0.79,,0.02
MEI,daily,1.5,ANTI,,,65,2026-06-18 00:00,2026-09-21 00:00,13.4,19.36,12.92,1.5,-0.19,-0.07,0.07,40.8,False,-0.66,-1.02,0,0,6,9658064.0,"[21, 32, 40, 51]",4391,63.5,61.8,1.013,11.0,13.0,0.0911,0.1094,0.508,0.0126,0.0272,0.14,0.79,,0.0
MELI,weekly,2.0,,,,152,2023-11-03 00:00,2026-09-25 00:00,1820.47,2584.92,1356.43,1.91,0.28,-0.17,0.38,48.9,True,0.66,0.44,0,0,10,3535751350.0,"[95, 104, 114, 128]",774,50.8,45.8,0.852,14.0,23.0,0.1121,0.1531,0.612,0.0273,0.0234,0.24,1.17,,0.0
MESO,weekly,1.5,,,,37,2026-01-16 00:00,2026-09-25 00:00,15.48,18.38,13.19,1.39,-0.14,-0.37,0.44,49.2,True,0.29,0.29,0,0,3,15696028.0,"[13, 26, 32]",855,58.7,57.3,1.007,6.0,4.0,0.0601,0.0762,0.622,0.0295,0.0297,0.49,0.9,,0.05
MESO,weekly,2.0,,,,66,2025-06-27 00:00,2026-09-25 00:00,15.48,20.96,10.68,1.96,0.03,-0.47,0.47,49.2,True,0.29,0.29,0,0,6,15803532.0,"[28, 42, 55, 61]",826,58.7,57.3,1.007,6.0,4.0,0.0724,0.1171,0.879,0.0295,0.0297,0.41,0.89,,0.03
MESO,weekly,3.0,,,,105,2024-09-27 00:00,2026-09-25 00:00,15.48,20.96,7.6,2.76,0.32,-0.21,0.59,49.2,True,0.29,0.29,0,0,10,15795534.0,"[67, 81, 94, 100]",787,58.7,57.3,1.007,6.0,4.0,0.1305,0.1988,0.705,0.0295,0.0297,0.23,0.89,,0.03
META,weekly,1.5,COMP,,,75,2025-04-25 00:00,2026-09-25 00:00,741.25,782.05,524.82,1.49,-0.39,-0.28,0.84,63.5,True,0.25,0.06,0,0,8,45547111344.0,"[40, 51, 57, 63]",675,49.4,56.0,1.059,6.0,11.0,0.0796,0.0948,0.707,0.0579,0.0647,0.73,1.07,,0.01
MF,daily,3.0,,,,37,2026-07-30 00:00,2026-09-21 00:00,13.63,21.69,8.96,2.42,0.39,-0.89,0.37,50.8,False,-1.2,-0.83,0,0,3,1829294.0,"[5, 15, 22]",584,78.0,79.1,1.198,7.0,14.0,0.2003,0.2489,0.514,0.0216,0.0293,0.11,0.75,,0.0
MFA,weekly,1.5,,,,150,2023-11-17 00:00,2026-09-25 00:00,8.45,10.01,6.76,1.48,0.38,-0.31,0.52,37.8,False,-0.97,-0.48,0,0,12,52404647.0,"[113, 119, 128, 138]",776,68.9,56.3,0.949,10.0,11.0,0.0585,0.0771,0.78,0.0338,0.0307,0.58,1.13,,0.03
MFP,daily,1.5,,,,59,2026-06-29 00:00,2026-09-21 00:00,45.12,51.47,35.0,1.47,0.28,,0.61,54.0,False,-0.93,-0.45,0,1,2,32444983.0,"[12, 38]",0,89.9,72.1,1.135,26.0,20.0,0.0435,0.079,0.729,0.0319,0.0324,0.73,0.59,,0.09
MFP,daily,2.0,,,,59,2026-06-29 00:00,2026-09-21 00:00,45.12,51.47,35.0,1.47,0.28,,0.61,54.0,False,-0.93,-0.45,0,1,2,32444983.0,"[12, 38]",0,89.9,72.1,1.135,26.0,20.0,0.0435,0.079,0.729,0.0319,0.0324,0.73,0.59,,0.09
MFP,daily,3.0,,,,59,2026-06-29 00:00,2026-09-21 00:00,45.12,51.47,35.0,1.47,0.28,,0.61,54.0,False,-0.93,-0.45,0,1,2,32444983.0,"[12, 38]",0,89.9,72.1,1.135,26.0,20.0,0.0435,0.079,0.729,0.0319,0.0324,0.73,0.59,,0.09
MGEE,weekly,1.5,,,,134,2024-03-08 00:00,2026-09-25 00:00,72.86,100.33,71.0,1.41,-0.13,-0.09,0.06,39.0,True,0.01,0.02,1,0,12,56617821.0,"[85, 101, 109, 121]",792,51.8,60.5,1.049,12.0,12.0,0.0549,0.0764,0.619,0.0287,0.0277,0.52,0.98,,0.04
MGNI,weekly,3.0,COMP,,,127,2024-04-26 00:00,2026-09-25 00:00,25.31,25.95,9.05,2.87,0.37,-0.4,0.96,71.2,True,1.36,2.36,0,0,10,159111774.0,"[87, 97, 114, 120]",525,68.9,73.8,1.213,6.0,6.0,0.1695,0.2651,0.543,0.0282,0.0612,0.17,1.97,,0.01
MGNX,daily,1.5,,,,91,2026-05-12 00:00,2026-09-21 00:00,4.12,4.86,3.45,1.41,-0.12,-0.04,0.48,50.1,True,-0.05,0.01,0,0,7,2558386.0,"[47, 65, 72, 80]",3164,52.8,59.1,1.055,8.0,10.0,0.0412,0.0696,0.758,0.0122,0.0218,0.3,0.64,,0.02
MGPI,daily,1.5,ANTI,,,144,2026-02-25 00:00,2026-09-21 00:00,13.39,19.98,13.39,1.49,-0.4,-0.48,0.0,22.8,False,-1.24,-1.36,0,0,12,3672397.0,"[97, 106, 115, 131]",4312,57.4,44.7,0.922,16.0,12.0,0.0465,0.0747,0.708,0.0219,0.0317,0.47,1.09,,0.02
MGRT,daily,2.0,,,,109,2026-04-16 00:00,2026-09-21 00:00,117.61,142.2,71.95,1.98,-0.29,-0.02,0.65,62.5,True,0.72,1.02,0,0,7,1410248.0,"[58, 67, 83, 101]",189,60.6,72.7,1.206,18.0,7.0,0.1825,0.2203,0.431,0.0094,0.0206,0.05,0.41,,0.06
MGRT,daily,3.0,COMP,,,114,2026-04-09 00:00,2026-09-21 00:00,117.61,142.2,48.62,2.92,-0.08,0.11,0.74,62.5,True,0.72,1.02,0,0,8,1514430.0,"[63, 72, 88, 106]",184,60.6,72.7,1.206,18.0,7.0,0.194,0.2381,0.711,0.0094,0.0206,0.05,0.38,,0.06
MGTX,daily,1.5,,,,66,2026-06-17 00:00,2026-09-21 00:00,13.08,14.97,10.41,1.44,0.36,-0.08,0.59,46.2,False,-1.22,-0.52,0,0,3,9520672.0,"[8, 35, 43]",2016,60.4,73.6,1.145,8.0,22.0,0.0591,0.0771,0.682,0.0082,0.0222,0.14,1.27,,0.03
MGY,weekly,1.5,ANTI,,,40,2025-12-26 00:00,2026-09-25 00:00,24.26,31.94,21.3,1.5,0.11,-0.23,0.28,43.1,False,-0.66,-0.64,1,0,3,358174958.0,"[13, 29, 34]",443,51.2,55.6,1.04,5.0,5.0,0.0603,0.0905,0.725,0.0459,0.0252,0.76,1.18,,0.0
MH,weekly,1.5,,,,34,2026-02-06 00:00,2026-09-25 00:00,13.26,14.19,9.49,1.5,-0.37,-0.46,0.8,54.2,False,0.77,-0.05,0,0,3,28334523.0,"[10, 17, 28]",28,38.1,55.0,1.089,11.0,5.0,0.0746,0.1129,0.382,0.011,0.0795,0.15,1.09,,0.06
MHK,weekly,1.5,,,,98,2024-11-15 00:00,2026-09-25 00:00,117.27,140.33,96.21,1.46,-0.08,-0.4,0.48,48.3,True,0.81,1.18,0,0,8,443105200.0,"[65, 74, 84, 91]",828,57.6,67.5,1.17,7.0,6.0,0.0773,0.0999,0.602,0.0358,0.07,0.46,1.38,,0.03
MHK,weekly,2.0,,,,152,2023-11-03 00:00,2026-09-25 00:00,117.27,161.05,80.66,2.0,-0.01,-0.56,0.46,48.3,True,0.81,1.18,0,0,12,416948995.0,"[119, 128, 138, 145]",774,57.6,67.5,1.17,7.0,6.0,0.0855,0.139,0.816,0.0358,0.07,0.42,1.46,,0.03
MHO,weekly,1.5,,,,66,2025-06-27 00:00,2026-09-25 00:00,140.34,163.0,112.74,1.45,0.31,-0.35,0.55,48.0,True,0.31,0.71,0,0,6,159035853.0,"[33, 43, 52, 60]",860,68.8,58.6,0.935,8.0,5.0,0.0662,0.0849,0.697,0.0161,0.0173,0.24,0.89,,0.02
MHO,weekly,2.0,,,,152,2023-11-03 00:00,2026-09-25 00:00,140.34,174.24,94.8,1.84,0.16,-0.06,0.57,48.0,True,0.31,0.71,0,0,14,158704007.0,"[119, 129, 138, 146]",774,68.8,58.6,0.935,8.0,5.0,0.0878,0.1292,0.737,0.0161,0.0173,0.18,0.89,,0.03
MIAX,weekly,1.5,ANTI,,,26,2026-04-03 00:00,2026-09-25 00:00,37.84,56.16,37.65,1.49,-0.32,-0.23,0.01,42.2,False,-0.77,-0.63,0,0,2,288737805.0,"[6, 17]",33,76.1,56.8,0.838,11.0,8.0,0.0584,0.1016,0.577,0.0241,0.0218,0.41,0.91,,0.0
MIAX,weekly,2.0,ANTI,,,59,2025-08-15 00:00,2026-09-25 00:00,37.84,56.16,31.12,1.8,0.12,,0.27,42.2,False,-0.77,-0.63,0,0,3,253145209.0,"[8, 39, 50]",0,76.1,56.8,0.838,11.0,8.0,0.0422,0.0999,0.881,0.0241,0.0218,0.57,1.04,,0.0
MIAX,weekly,3.0,ANTI,,,59,2025-08-15 00:00,2026-09-25 00:00,37.84,56.16,31.12,1.8,0.12,,0.27,42.2,False,-0.77,-0.63,0,0,3,253145209.0,"[8, 39, 50]",0,76.1,56.8,0.838,11.0,8.0,0.0422,0.0999,0.881,0.0241,0.0218,0.57,1.04,,0.0
MIAX,daily,1.5,ANTI,,,86,2026-05-19 00:00,2026-09-21 00:00,37.84,53.31,35.81,1.49,-0.15,-0.37,0.12,35.6,False,-0.38,-0.43,0,0,5,62918066.0,"[32, 50, 67, 76]",191,54.8,52.1,0.98,9.0,9.0,0.0391,0.0846,0.709,0.0358,0.0342,0.92,0.87,,0.01
MIRM,weekly,1.5,,,,38,2026-01-09 00:00,2026-09-25 00:00,92.0,125.59,86.3,1.46,0.29,0.09,0.15,43.3,True,-0.67,0.09,0,0,3,352012951.0,"[3, 17, 25]",338,66.4,70.1,1.172,8.0,12.0,0.0562,0.0982,0.526,0.0287,0.0527,0.51,0.67,,0.05
MITT,weekly,1.5,ANTI,,,73,2025-05-09 00:00,2026-09-25 00:00,6.42,8.65,5.91,1.46,0.31,-0.09,0.19,35.1,False,-0.83,-0.75,0,0,5,7047238.0,"[17, 36, 50, 59]",723,57.6,56.8,0.998,9.0,13.0,0.0694,0.0876,0.671,0.0179,0.0426,0.26,1.16,,0.01
MKC,weekly,1.5,,,,30,2026-03-06 00:00,2026-09-25 00:00,48.89,63.7,45.93,1.39,-0.1,-0.42,0.17,41.1,True,0.65,0.27,2,0,3,887628690.0,"[6, 17, 24]",896,47.8,53.5,1.046,7.0,5.0,0.0437,0.0718,0.567,0.0472,0.0227,1.08,0.69,,0.0
MKC,daily,1.5,ANTI,,,140,2026-03-03 00:00,2026-09-21 00:00,48.89,66.47,45.19,1.47,-0.08,-0.36,0.17,31.2,False,-1.6,-0.59,0,0,7,176360075.0,"[69, 81, 90, 117]",4316,66.3,69.8,1.051,27.0,22.0,0.0371,0.0778,0.557,0.015,0.0204,0.4,0.94,,0.03
MKSI,daily,2.0,,,,120,2026-03-31 00:00,2026-09-21 00:00,256.92,444.39,229.42,1.94,-0.02,-0.13,0.13,45.8,False,-0.16,-0.89,0,0,10,364731867.0,"[68, 86, 95, 113]",4336,50.8,44.3,0.834,18.0,6.0,0.1003,0.1509,0.567,0.044,0.047,0.44,0.73,,0.03
MLKN,weekly,2.0,,,,109,2024-08-30 00:00,2026-09-25 00:00,20.32,27.28,13.72,1.99,-0.21,-0.51,0.49,51.1,True,0.93,1.81,0,0,8,53535009.0,"[51, 75, 86, 101]",817,48.6,68.2,1.407,15.0,7.0,0.132,0.1563,0.642,0.0474,0.0464,0.36,1.12,,0.03
MLKN,daily,1.5,,,,62,2026-06-24 00:00,2026-09-21 00:00,20.32,24.29,17.1,1.42,0.28,-0.23,0.45,34.1,False,-0.97,-0.57,0,2,6,13660033.0,"[23, 28, 45, 51]",4394,57.6,53.3,0.984,6.0,10.0,0.05,0.0666,0.597,0.0103,0.0217,0.21,1.01,,0.02
MLM,weekly,1.5,ANTI,,,81,2025-03-14 00:00,2026-09-25 00:00,499.67,687.06,466.76,1.47,0.15,-0.24,0.15,34.9,False,-0.53,-0.87,0,0,5,1293458970.0,"[25, 47, 56, 67]",845,52.6,53.0,0.977,11.0,13.0,0.0615,0.0908,0.753,0.0338,0.0451,0.55,1.28,,0.01
MLR,weekly,2.0,,,,151,2023-11-10 00:00,2026-09-25 00:00,54.07,72.59,36.51,1.99,-0.12,-0.05,0.49,60.7,True,0.19,0.78,0,0,13,18431791.0,"[121, 126, 137, 145]",775,71.5,71.3,1.081,8.0,5.0,0.1496,0.1906,0.417,0.0221,0.0476,0.15,1.55,,0.01
MLTX,weekly,2.0,ANTI,,,47,2025-11-07 00:00,2026-09-25 00:00,12.55,20.36,10.63,1.92,0.29,-0.83,0.2,31.5,False,-0.44,-1.27,0,0,5,90999315.0,"[9, 15, 23, 35]",263,46.1,53.6,1.11,12.0,11.0,0.0909,0.1464,0.511,0.1307,0.1506,1.44,0.93,,0.0
MLYS,weekly,1.5,,,,38,2026-01-09 00:00,2026-09-25 00:00,28.31,33.37,23.62,1.41,-0.35,-0.46,0.48,52.3,False,0.11,-0.17,0,0,3,159698461.0,"[14, 20, 26]",152,54.5,50.4,0.901,6.0,11.0,0.0619,0.0889,0.658,0.0208,0.0314,0.34,0.76,,0.05
MLYS,weekly,3.0,,,,59,2025-08-15 00:00,2026-09-25 00:00,28.31,43.56,14.52,3.0,-0.34,-0.14,0.47,52.3,False,0.11,-0.17,0,0,4,175195412.0,"[6, 35, 41, 47]",131,54.5,50.4,0.901,6.0,11.0,0.1099,0.2211,0.678,0.0208,0.0314,0.19,0.69,,0.03
MMI,weekly,1.5,,,,84,2025-02-21 00:00,2026-09-25 00:00,30.86,37.24,25.21,1.48,-0.22,-0.4,0.47,54.6,True,0.32,0.64,0,0,7,22411824.0,"[49, 63, 71, 79]",590,63.4,63.2,1.02,8.0,4.0,0.0527,0.0861,0.643,0.0123,0.0189,0.23,0.83,,0.0
MMSI,weekly,1.5,COMP,,,55,2025-09-12 00:00,2026-09-25 00:00,85.49,90.78,61.27,1.48,-0.24,-0.44,0.82,61.2,True,2.02,1.39,0,0,4,258982162.0,"[8, 14, 31, 49]",871,36.2,73.5,1.28,18.0,5.0,0.0695,0.1149,0.364,0.0162,0.0585,0.23,1.06,,0.05
MMYT,weekly,2.0,,,,36,2026-01-23 00:00,2026-09-25 00:00,47.97,62.6,36.3,1.72,0.1,-0.7,0.44,41.9,True,0.85,1.1,0,0,2,265325240.0,"[12, 30]",806,38.9,55.4,1.185,18.0,5.0,0.1217,0.1398,0.528,0.0544,0.0537,0.45,0.44,,0.03
MMYT,daily,1.5,ANTI,,,69,2026-06-12 00:00,2026-09-21 00:00,47.97,63.22,43.15,1.47,0.18,-0.46,0.24,29.3,False,-1.51,-1.32,0,1,4,42484645.0,"[13, 25, 35, 46]",3982,68.7,60.4,0.969,11.0,22.0,0.0676,0.094,0.493,0.0017,0.0247,0.03,1.08,,0.07
MNDY,weekly,2.0,,,,35,2026-01-30 00:00,2026-09-25 00:00,87.96,114.75,58.81,1.95,0.2,-0.82,0.52,48.1,True,1.03,1.22,0,0,3,637226058.0,"[5, 18, 30]",242,41.1,55.8,1.175,12.0,4.0,0.0854,0.1388,0.657,0.0242,0.045,0.28,0.82,,0.0
MNKD,daily,1.5,ANTI,,,85,2026-05-20 00:00,2026-09-21 00:00,3.5,4.52,3.25,1.39,0.22,-0.48,0.2,35.3,False,-0.77,-0.68,0,0,6,14501647.0,"[29, 44, 62, 75]",4371,61.7,54.9,0.945,13.0,9.0,0.0407,0.068,0.729,0.014,0.0533,0.34,0.82,,0.01
MNPR,daily,1.5,ANTI,,,62,2026-06-24 00:00,2026-09-21 00:00,95.72,123.84,87.63,1.41,0.39,0.07,0.22,31.8,False,-0.89,-0.63,0,1,7,21500519.0,"[25, 30, 39, 50]",1634,66.2,58.0,0.957,11.0,11.0,0.0417,0.0791,0.645,0.0543,0.0575,1.3,0.46,,0.03
MNR,weekly,1.5,ANTI,,,109,2024-08-30 00:00,2026-09-25 00:00,10.97,14.49,9.68,1.5,-0.05,-0.34,0.27,35.5,False,-0.58,-0.22,0,2,9,19577813.0,"[66, 82, 90, 100]",44,65.5,59.3,0.971,10.0,8.0,0.0471,0.0837,0.761,0.0056,0.0111,0.12,1.07,,0.02
MNR,weekly,2.0,ANTI,,,153,2023-10-27 00:00,2026-09-25 00:00,10.97,14.73,9.68,1.52,-0.17,,0.26,35.5,False,-0.58,-0.22,0,2,12,17345707.0,"[110, 126, 134, 144]",0,65.5,59.3,0.971,10.0,8.0,0.0619,0.0941,0.686,0.0056,0.0111,0.09,1.2,,0.03
MNR,weekly,3.0,ANTI,,,153,2023-10-27 00:00,2026-09-25 00:00,10.97,14.73,9.68,1.52,-0.17,,0.26,35.5,False,-0.58,-0.22,0,2,12,17345707.0,"[110, 126, 134, 144]",0,65.5,59.3,0.971,10.0,8.0,0.0619,0.0941,0.686,0.0056,0.0111,0.09,1.2,,0.03
MNRO,daily,1.5,,,,38,2026-07-29 00:00,2026-09-21 00:00,12.9,13.96,11.02,1.27,0.16,-0.47,0.64,52.0,True,0.49,0.23,0,0,4,13254106.0,"[5, 19, 27, 32]",4418,53.1,50.3,0.968,5.0,5.0,0.0277,0.0504,0.737,0.0243,0.0199,0.88,0.97,,0.0
MNTN,weekly,2.0,,,,47,2025-11-07 00:00,2026-09-25 00:00,11.36,14.39,7.78,1.85,-0.24,-0.73,0.54,50.6,True,1.03,1.3,0,0,4,37997657.0,"[8, 17, 34, 42]",24,50.9,59.7,1.187,8.0,4.0,0.144,0.1702,0.489,0.0653,0.1089,0.45,1.38,,0.0
MOB,weekly,3.0,,,,60,2025-08-08 00:00,2026-09-25 00:00,5.3,10.2,3.56,2.87,-0.31,-0.17,0.26,48.2,False,-0.07,-0.49,0,0,5,5445027.0,"[17, 22, 42, 53]",154,56.9,53.1,0.848,11.0,6.0,0.1412,0.2154,0.7,0.0766,0.0642,0.54,0.56,,0.0
MOD,weekly,2.0,,,,35,2026-01-30 00:00,2026-09-25 00:00,197.62,297.37,177.63,1.67,-0.11,0.09,0.17,45.5,False,-1.53,-1.64,0,0,3,1359896830.0,"[4, 14, 20]",891,75.0,74.7,1.089,6.0,14.0,0.1309,0.1447,0.486,0.0215,0.0453,0.16,0.78,,0.0
MOH,weekly,2.0,,,,65,2025-07-04 00:00,2026-09-25 00:00,197.8,239.58,131.72,1.82,0.26,-0.68,0.61,51.3,True,0.17,0.98,0,0,4,1073729456.0,"[13, 29, 43, 53]",861,59.2,67.8,1.211,10.0,11.0,0.1076,0.1502,0.615,0.0082,0.0171,0.08,0.54,,0.02
MOH,daily,1.5,,,,104,2026-04-23 00:00,2026-09-21 00:00,197.8,242.88,173.6,1.4,0.28,-0.14,0.35,45.5,True,0.11,0.0,0,0,7,172710063.0,"[54, 78, 90, 98]",4352,50.7,62.0,1.054,8.0,5.0,0.0312,0.0792,0.654,0.0132,0.0099,0.42,0.67,,0.04
MOS,daily,1.5,,,,132,2026-03-13 00:00,2026-09-21 00:00,24.07,28.77,19.65,1.46,-0.12,-0.36,0.48,48.1,True,0.37,0.61,0,0,13,191712202.0,"[93, 100, 111, 122]",4324,63.3,70.2,1.087,11.0,9.0,0.0473,0.0734,0.742,0.0121,0.0096,0.26,1.1,,0.04
MOV,daily,1.5,,,,85,2026-05-20 00:00,2026-09-21 00:00,32.97,39.3,26.48,1.48,-0.13,-0.07,0.51,39.3,False,-0.08,-0.32,0,0,5,7704303.0,"[21, 38, 51, 74]",4371,60.7,35.9,0.859,23.0,10.0,0.0414,0.0734,0.4,0.0049,0.0079,0.12,0.67,,0.04
MP,weekly,3.0,,,,68,2025-06-13 00:00,2026-09-25 00:00,50.0,80.79,30.55,2.64,-0.12,0.14,0.39,45.5,False,-0.34,-0.96,0,0,6,2072863849.0,"[25, 32, 47, 62]",259,59.4,54.5,0.891,15.0,5.0,0.0877,0.1765,0.75,0.058,0.0753,0.66,0.71,,0.01
MP,daily,1.5,,,,37,2026-07-30 00:00,2026-09-21 00:00,50.0,60.17,41.37,1.45,0.13,-0.43,0.46,44.2,False,-1.17,-0.88,0,0,2,309656719.0,"[11, 27]",1533,67.0,52.4,0.943,16.0,9.0,0.0667,0.0918,0.622,0.0153,0.0333,0.23,0.76,,0.03
MPAA,weekly,1.5,,,,27,2026-03-27 00:00,2026-09-25 00:00,10.54,15.53,10.54,1.47,0.15,-0.39,0.0,38.6,True,-0.12,0.19,0,0,2,5753379.0,"[6, 13]",899,48.8,67.4,1.332,7.0,13.0,0.0729,0.1299,0.296,0.0704,0.1067,0.97,1.12,,0.0
MPAA,weekly,2.0,,,,77,2025-04-11 00:00,2026-09-25 00:00,10.54,17.38,8.75,1.99,0.08,-0.19,0.21,38.6,True,-0.12,0.19,0,0,7,7473167.0,"[35, 43, 56, 63]",849,48.8,67.4,1.332,7.0,13.0,0.1192,0.17,0.584,0.0704,0.1067,0.59,0.86,,0.0
MPAA,weekly,3.0,,,,85,2025-02-14 00:00,2026-09-25 00:00,10.54,17.38,8.65,2.01,0.21,-0.35,0.22,38.6,True,-0.12,0.19,0,0,8,7473167.0,"[43, 51, 64, 71]",841,48.8,67.4,1.332,7.0,13.0,0.1149,0.1762,0.553,0.0704,0.1067,0.61,0.86,,0.0
MPAA,daily,1.5,ANTI,,,126,2026-03-23 00:00,2026-09-21 00:00,10.54,15.53,10.47,1.48,0.27,-0.41,0.01,30.2,False,-0.02,-0.54,1,0,14,1114629.0,"[93, 100, 105, 115]",4324,34.9,46.6,1.011,10.0,10.0,0.0693,0.1249,0.278,0.0112,0.036,0.16,1.12,,0.01
MPLT,daily,1.5,,,,39,2026-07-28 00:00,2026-09-21 00:00,10.9,15.02,10.9,1.38,-0.13,-0.73,0.0,31.5,True,0.3,0.15,0,0,2,6857742.0,"[7, 29]",187,29.7,44.7,1.05,22.0,9.0,0.0574,0.0779,0.641,0.0707,0.0555,1.23,0.88,,0.03
MPLT,daily,2.0,,,,40,2026-07-27 00:00,2026-09-21 00:00,10.9,15.02,9.9,1.52,-0.02,-0.75,0.19,31.5,True,0.3,0.15,0,0,2,6917632.0,"[8, 30]",186,29.7,44.7,1.05,22.0,9.0,0.0582,0.0839,0.8,0.0707,0.0555,1.21,0.87,,0.03
MPLT,daily,3.0,,,,40,2026-07-27 00:00,2026-09-21 00:00,10.9,15.02,9.9,1.52,-0.02,-0.75,0.19,31.5,True,0.3,0.15,0,0,2,6917632.0,"[8, 30]",186,29.7,44.7,1.05,22.0,9.0,0.0582,0.0839,0.8,0.0707,0.0555,1.21,0.87,,0.03
MPT,weekly,2.0,ANTI,,,137,2024-02-16 00:00,2026-09-25 00:00,3.65,5.5,2.85,1.93,0.35,-0.8,0.3,34.3,False,-0.85,-1.35,0,0,11,210790471.0,"[99, 106, 113, 127]",789,54.8,50.7,0.943,14.0,9.0,0.1086,0.1357,0.723,0.0548,0.1062,0.5,0.73,,0.04
MPTI,daily,1.5,ANTI,,,98,2026-05-01 00:00,2026-09-21 00:00,74.27,100.75,67.42,1.49,-0.18,-0.13,0.21,40.9,False,-0.24,-0.59,0,0,9,9990492.0,"[56, 64, 72, 91]",897,55.5,49.7,0.898,19.0,6.0,0.073,0.0918,0.704,0.0139,0.0182,0.19,0.53,,0.01
MPTI-R,daily,1.5,ANTI,,,98,2026-05-01 00:00,2026-09-21 00:00,74.27,100.75,67.42,1.49,-0.18,-0.13,0.21,40.9,False,-0.24,-0.59,0,0,9,9990492.0,"[56, 64, 72, 91]",47,55.5,49.7,0.898,19.0,6.0,0.073,0.0918,0.704,0.0139,0.0182,0.19,0.53,,0.01
MPTI-R-W,daily,1.5,ANTI,,,98,2026-05-01 00:00,2026-09-21 00:00,74.27,100.75,67.42,1.49,-0.18,-0.13,0.21,40.9,False,-0.24,-0.59,0,0,9,9990492.0,"[56, 64, 72, 91]",48,55.5,49.7,0.898,19.0,6.0,0.073,0.0918,0.704,0.0139,0.0182,0.19,0.53,,0.01
MPTI-WS,daily,1.5,ANTI,,,98,2026-05-01 00:00,2026-09-21 00:00,74.27,100.75,67.42,1.49,-0.18,-0.13,0.21,40.9,False,-0.24,-0.59,0,0,9,9990492.0,"[56, 64, 72, 91]",255,55.5,49.7,0.898,19.0,6.0,0.073,0.0918,0.704,0.0139,0.0182,0.19,0.53,,0.01
MRAM,daily,1.5,,,,37,2026-07-30 00:00,2026-09-21 00:00,17.17,19.85,14.37,1.38,-0.16,-0.67,0.51,55.6,False,-0.46,-0.78,0,0,4,15871575.0,"[3, 12, 18, 28]",2464,51.4,49.1,0.948,10.0,8.0,0.044,0.0744,0.703,0.0402,0.0472,0.91,0.69,,0.0
MRAM,daily,2.0,,,,64,2026-06-22 00:00,2026-09-21 00:00,17.17,25.53,12.93,1.97,-0.38,-0.71,0.34,55.6,False,-0.46,-0.78,0,0,6,17126201.0,"[30, 39, 45, 55]",2437,51.4,49.1,0.948,10.0,8.0,0.0602,0.1482,0.578,0.0402,0.0472,0.67,0.64,,0.0
MRP,weekly,1.5,,,,75,2025-04-25 00:00,2026-09-25 00:00,28.68,32.02,21.92,1.46,0.34,,0.67,48.1,True,0.29,0.27,0,0,6,182001343.0,"[32, 42, 51, 61]",11,56.1,56.8,0.997,10.0,13.0,0.0454,0.0769,0.627,0.0272,0.0217,0.6,0.81,,0.04
MRTN,weekly,1.5,ANTI,,,28,2026-03-20 00:00,2026-09-25 00:00,13.22,18.02,12.09,1.49,0.05,-0.32,0.19,38.1,False,-1.24,-0.32,0,0,1,58773517.0,[12],898,,,,,,0.0857,0.1051,0.536,0.04,0.0757,0.47,0.6,,0.04
MRTN,daily,1.5,ANTI,,,126,2026-03-23 00:00,2026-09-21 00:00,13.22,18.14,12.64,1.43,0.08,-0.08,0.11,27.4,False,-0.27,-0.48,0,0,10,11306940.0,"[67, 79, 101, 115]",4330,42.7,40.9,0.943,14.0,10.0,0.074,0.099,0.468,0.0117,0.0137,0.16,0.94,,0.04
MRVL,daily,2.0,,,,99,2026-04-30 00:00,2026-09-21 00:00,257.38,316.35,159.97,1.98,0.12,-0.03,0.62,62.4,False,-0.04,0.06,0,0,9,5131394368.0,"[41, 56, 77, 90]",4357,61.4,55.5,0.936,13.0,8.0,0.1162,0.176,0.566,0.0409,0.0359,0.35,0.87,,0.02
MSA,weekly,1.5,,,,77,2025-04-11 00:00,2026-09-25 00:00,177.25,200.74,141.46,1.42,0.37,-0.25,0.6,50.3,True,0.65,0.5,0,0,5,187902049.0,"[25, 44, 53, 69]",849,49.6,68.6,1.125,16.0,7.0,0.0387,0.0694,0.766,0.0163,0.0503,0.42,1.13,,0.06
MSB,weekly,2.0,ANTI,,,93,2024-12-20 00:00,2026-09-25 00:00,20.4,40.19,20.3,1.98,0.11,-0.07,0.01,33.3,False,-0.35,-1.72,0,0,9,5435959.0,"[56, 67, 80, 88]",833,41.4,42.3,0.939,8.0,4.0,0.1237,0.1621,0.559,0.0326,0.0422,0.26,0.55,,0.01
MSB,weekly,3.0,ANTI,,,107,2024-09-13 00:00,2026-09-25 00:00,20.4,40.19,15.97,2.52,0.31,-0.2,0.18,33.3,False,-0.35,-1.72,0,0,10,5310245.0,"[70, 81, 94, 102]",819,41.4,42.3,0.939,8.0,4.0,0.1388,0.1919,0.729,0.0326,0.0422,0.23,0.56,,0.01
MSBT,daily,1.5,COMP,,,117,2026-04-06 00:00,2026-09-21 00:00,24.79,25.2,16.85,1.5,-0.16,,0.95,71.9,True,-0.19,0.56,0,1,7,10563098.0,"[73, 86, 98, 105]",0,81.5,73.9,1.037,7.0,11.0,0.1037,0.1073,0.479,0.0155,0.021,0.15,1.17,,0.06
MSBT,daily,2.0,COMP,,,117,2026-04-06 00:00,2026-09-21 00:00,24.79,25.2,16.85,1.5,-0.16,,0.95,71.9,True,-0.19,0.56,0,1,7,10563098.0,"[73, 86, 98, 105]",0,81.5,73.9,1.037,7.0,11.0,0.1037,0.1073,0.479,0.0155,0.021,0.15,1.17,,0.06
MSBT,daily,3.0,COMP,,,117,2026-04-06 00:00,2026-09-21 00:00,24.79,25.2,16.85,1.5,-0.16,,0.95,71.9,True,-0.19,0.56,0,1,7,10563098.0,"[73, 86, 98, 105]",0,81.5,73.9,1.037,7.0,11.0,0.1037,0.1073,0.479,0.0155,0.021,0.15,1.17,,0.06
MSI,weekly,1.5,COMP,,,133,2024-03-15 00:00,2026-09-25 00:00,461.36,493.92,330.85,1.49,0.29,0.02,0.8,58.3,True,0.67,0.51,0,1,8,1819503877.0,"[58, 78, 102, 128]",793,72.4,68.3,1.013,26.0,4.0,0.077,0.095,0.609,0.0059,0.0387,0.08,1.2,,0.05
MTA,daily,1.5,,,,34,2026-08-04 00:00,2026-09-21 00:00,10.15,11.35,7.85,1.45,0.4,-0.09,0.66,53.5,False,-1.46,-0.29,0,0,1,3761038.0,[12],4183,,,,,,0.0475,0.0864,0.647,0.0144,0.0128,0.3,0.65,,0.0
MTAL,weekly,1.5,,,,51,2025-04-11 00:00,2026-09-25 00:00,10.16,12.41,8.37,1.48,-0.21,-0.44,0.44,36.8,False,-0.17,-0.28,0,0,2,13382646.0,"[8, 23]",185,,,,,,0.0392,0.1037,0.549,0.0025,0.002,0.06,0.12,,0.29
MTD,weekly,1.5,COMP,,,123,2024-05-24 00:00,2026-09-25 00:00,1430.44,1485.12,1004.96,1.48,-0.1,-0.37,0.89,59.5,True,0.78,0.61,0,0,10,952262754.0,"[79, 85, 99, 115]",803,51.8,62.8,1.066,16.0,7.0,0.0706,0.0889,0.553,0.0196,0.0274,0.28,1.14,,0.01
MTDR,weekly,1.5,,,,35,2026-01-30 00:00,2026-09-25 00:00,54.09,64.51,44.25,1.46,0.11,-0.33,0.49,50.4,False,-0.39,-0.23,0,0,1,487346824.0,[8],730,,,,,,0.0678,0.0886,0.686,0.0447,0.0609,0.66,1.09,,0.03
MTH,weekly,1.5,,,,95,2024-12-06 00:00,2026-09-25 00:00,64.35,85.85,57.94,1.48,-0.07,-0.41,0.23,43.2,True,-0.0,0.27,0,0,9,296440266.0,"[51, 62, 72, 81]",831,50.4,67.0,1.241,9.0,13.0,0.0579,0.0815,0.705,0.0596,0.0406,1.03,0.7,,0.03
MTRN,daily,1.5,,,,37,2026-07-30 00:00,2026-09-21 00:00,254.63,296.9,207.99,1.43,-0.11,-0.3,0.52,54.0,True,0.12,-0.09,1,0,4,68746396.0,"[4, 12, 20, 30]",4419,48.3,55.3,1.046,10.0,6.0,0.0486,0.0907,0.622,0.0126,0.0208,0.26,1.0,,0.0
MTRX,weekly,1.5,ANTI,,,47,2025-11-07 00:00,2026-09-25 00:00,10.03,14.32,9.87,1.45,-0.12,-0.36,0.04,34.8,False,-0.77,-0.94,0,0,3,13999728.0,"[12, 25, 32]",879,58.8,59.9,1.034,7.0,14.0,0.0575,0.0926,0.66,0.0485,0.0664,0.84,1.03,,0.06
MTSI,daily,1.5,,,,56,2026-07-02 00:00,2026-09-21 00:00,279.11,327.64,228.71,1.43,-0.35,-0.44,0.51,53.1,False,-0.07,-0.43,1,0,5,372298566.0,"[25, 31, 39, 47]",3594,47.0,53.6,1.032,8.0,8.0,0.0558,0.0835,0.679,0.0362,0.0335,0.65,1.03,,0.02
MTUS,weekly,2.0,,,,121,2024-06-07 00:00,2026-09-25 00:00,18.64,22.31,11.59,1.92,0.3,-0.52,0.66,47.3,True,-0.08,0.44,0,0,9,27155001.0,"[72, 87, 105, 114]",520,62.4,61.4,1.065,9.0,6.0,0.1157,0.1515,0.669,0.0209,0.0261,0.18,1.23,,0.02
MTZ,weekly,2.0,ANTI,,,44,2025-11-28 00:00,2026-09-25 00:00,222.9,417.41,213.88,1.95,0.32,-0.01,0.04,34.6,False,-2.58,-3.22,0,0,3,1585706460.0,"[13, 22, 30]",882,89.6,70.9,0.949,8.0,13.0,0.2147,0.2197,0.364,0.0901,0.1177,0.42,1.21,,0.0
MU,daily,1.5,COMP,,,57,2026-07-01 00:00,2026-09-21 00:00,1043.96,1043.96,739.0,1.41,0.17,-0.39,1.0,61.2,True,0.01,0.13,0,0,5,31110499942.0,"[15, 24, 32, 48]",4399,59.5,60.6,1.016,16.0,8.0,0.0407,0.0637,0.649,0.0452,0.0393,1.11,0.75,,0.02
MU,daily,2.0,COMP,,,96,2026-05-05 00:00,2026-09-21 00:00,1043.96,1213.37,640.1,1.9,0.21,0.11,0.7,61.2,True,0.01,0.13,0,0,8,37361938981.0,"[54, 63, 71, 87]",4360,59.5,60.6,1.016,16.0,8.0,0.0619,0.1251,0.781,0.0452,0.0393,0.73,0.62,,0.01
MUSA,weekly,1.5,,,,30,2026-03-06 00:00,2026-09-25 00:00,508.98,621.82,437.43,1.42,0.34,-0.2,0.39,47.3,True,-0.93,0.07,0,2,3,796805375.0,"[8, 14, 19]",654,69.3,63.4,0.994,5.0,10.0,0.0609,0.088,0.667,0.0218,0.0725,0.36,0.93,,0.0
MUX,weekly,2.0,,,,54,2025-09-19 00:00,2026-09-25 00:00,18.88,28.35,14.52,1.95,0.05,0.05,0.32,47.3,False,-0.29,-1.04,0,0,5,107105938.0,"[18, 23, 30, 48]",872,60.6,52.8,0.802,18.0,5.0,0.0953,0.1518,0.704,0.0269,0.054,0.28,0.89,,0.0
MUX,daily,1.5,,,,88,2026-05-15 00:00,2026-09-21 00:00,18.88,22.81,16.37,1.39,-0.15,-0.44,0.39,46.0,False,-0.74,-0.27,0,0,6,18104245.0,"[32, 45, 55, 69]",4366,61.6,67.6,1.088,14.0,18.0,0.0638,0.0814,0.625,0.0115,0.0374,0.18,1.08,,0.03
MWA,weekly,1.5,ANTI,,,106,2024-09-20 00:00,2026-09-25 00:00,21.91,29.97,20.62,1.45,0.34,-0.02,0.14,31.6,False,-0.71,-0.87,0,0,8,146983370.0,"[73, 81, 92, 98]",820,51.2,53.1,0.998,6.0,7.0,0.0423,0.0784,0.755,0.0445,0.0211,1.05,0.8,,0.02
MWH,daily,2.0,,,,153,2026-02-11 00:00,2026-09-21 00:00,26.89,46.77,23.86,1.96,-0.23,,0.13,50.7,False,-0.3,-0.81,0,0,10,40275936.0,"[92, 105, 111, 126]",0,46.2,60.5,1.094,15.0,26.0,0.0793,0.1571,0.516,0.0145,0.0164,0.18,0.95,,0.01
MWH,daily,3.0,,,,153,2026-02-11 00:00,2026-09-21 00:00,26.89,46.77,23.86,1.96,-0.23,,0.13,50.7,False,-0.3,-0.81,0,0,10,40275936.0,"[92, 105, 111, 126]",0,46.2,60.5,1.094,15.0,26.0,0.0793,0.1571,0.516,0.0145,0.0164,0.18,0.95,,0.01
MXL,daily,1.5,COMP,,,37,2026-07-30 00:00,2026-09-21 00:00,85.98,85.98,57.59,1.49,-0.0,-0.55,1.0,64.0,True,0.42,0.14,0,0,3,152570950.0,"[11, 18, 30]",4112,44.5,56.4,1.124,12.0,6.0,0.0647,0.1013,0.649,0.0546,0.0754,0.84,1.29,,0.03
MXL,daily,3.0,,UP,broad,103,2026-04-24 00:00,2026-09-21 00:00,85.98,128.03,51.65,2.48,-0.28,0.51,0.45,64.0,True,0.42,0.14,0,0,9,293996918.0,"[61, 77, 84, 96]",4046,44.5,56.4,1.124,12.0,6.0,0.1418,0.1779,0.67,0.0546,0.0754,0.39,0.67,,0.01
MYE,daily,1.5,DIVDN,DN,strict,72,2026-06-09 00:00,2026-09-21 00:00,31.18,36.58,24.76,1.48,0.32,0.02,0.54,48.4,False,-0.55,-0.42,0,1,6,11256700.0,"[25, 37, 51, 62]",4384,55.0,46.7,0.951,11.0,9.0,0.0464,0.0772,0.778,0.0217,0.0188,0.47,0.93,,0.06
MYRG,weekly,2.0,ANTI,,,37,2026-01-16 00:00,2026-09-25 00:00,288.45,477.95,244.6,1.95,0.37,0.05,0.19,38.3,False,-2.29,-1.41,0,0,2,446406055.0,"[5, 17]",889,74.1,89.9,1.663,12.0,19.0,0.1795,0.2266,0.27,0.0338,0.1344,0.19,0.95,,0.05
NAMS,weekly,2.0,ANTI,,,64,2025-07-11 00:00,2026-09-25 00:00,22.58,41.3,21.28,1.94,0.01,-0.18,0.06,34.6,False,-0.74,-1.99,0,0,5,140144036.0,"[20, 32, 43, 52]",230,60.0,54.7,0.91,9.0,11.0,0.126,0.1636,0.641,0.0883,0.086,0.7,1.12,,0.02
NAVI,weekly,1.5,,,,36,2026-01-23 00:00,2026-09-25 00:00,9.57,11.41,7.65,1.49,0.08,-0.51,0.51,57.8,True,1.09,0.62,0,0,1,41635468.0,[14],614,,,,,,0.0603,0.0897,0.389,0.0192,0.0567,0.32,1.29,,0.0
NB,weekly,3.0,ANTI,,,60,2025-08-08 00:00,2026-09-25 00:00,3.72,10.39,3.58,2.9,-0.31,-0.27,0.02,39.3,False,-0.46,-2.01,0,0,6,106405442.0,"[17, 24, 36, 52]",803,56.3,52.3,0.862,16.0,7.0,0.1374,0.227,0.533,0.1114,0.0905,0.81,0.51,,0.02
NBHC,weekly,1.5,,DN,broad,126,2024-05-03 00:00,2026-09-25 00:00,40.23,46.65,32.26,1.45,0.25,-0.26,0.55,44.4,True,-0.5,0.07,0,0,11,55751109.0,"[84, 94, 104, 115]",606,63.4,67.4,1.088,11.0,10.0,0.0624,0.0841,0.683,0.0129,0.0214,0.21,1.27,,0.02
NBIS,daily,1.5,,,,29,2026-08-11 00:00,2026-09-21 00:00,232.8,277.68,193.23,1.44,-0.28,-0.33,0.47,55.4,False,-0.19,-0.39,0,0,2,3510580267.0,"[3, 19]",3160,64.6,58.5,0.878,16.0,9.0,0.0488,0.0907,0.517,0.0361,0.0508,0.74,0.84,,0.0
NBIS,daily,2.0,,,,98,2026-05-01 00:00,2026-09-21 00:00,232.8,286.69,148.22,1.93,0.05,-0.11,0.61,55.4,False,-0.19,-0.39,0,0,10,3746940586.0,"[56, 64, 72, 88]",3091,64.6,58.5,0.878,16.0,9.0,0.0816,0.1353,0.724,0.0361,0.0508,0.44,0.79,,0.01
NBR,weekly,1.5,,,,32,2026-02-20 00:00,2026-09-25 00:00,83.93,105.41,76.59,1.38,0.21,-0.25,0.25,49.1,False,-0.84,-0.18,0,0,3,132725631.0,"[5, 10, 25]",894,75.6,58.5,0.933,15.0,6.0,0.067,0.0938,0.469,0.0283,0.0433,0.42,0.71,,0.03
NBR,daily,1.5,ANTI,,,149,2026-02-18 00:00,2026-09-21 00:00,83.93,110.63,75.3,1.47,0.18,0.05,0.24,40.0,False,-0.71,-0.34,0,1,12,25519292.0,"[106, 113, 124, 136]",4307,65.7,61.7,0.989,12.0,12.0,0.0708,0.0973,0.47,0.0231,0.0268,0.33,0.8,,0.03
NBTB,weekly,1.5,COMP,,,116,2024-07-12 00:00,2026-09-25 00:00,51.22,53.14,36.74,1.45,0.31,-0.12,0.88,60.9,True,0.52,0.85,0,0,11,46600228.0,"[74, 82, 92, 109]",810,60.8,73.2,1.183,17.0,6.0,0.0567,0.0882,0.621,0.01,0.0099,0.18,1.34,,0.02
NBTX,weekly,2.0,,,,31,2026-02-27 00:00,2026-09-25 00:00,34.5,51.5,29.03,1.77,0.28,0.13,0.24,48.0,True,-0.87,0.22,0,0,4,14839541.0,"[1, 11, 19, 25]",272,61.1,64.1,1.087,6.0,5.0,0.0742,0.1294,0.613,0.0551,0.0343,0.74,1.66,,0.0
NBTX,daily,1.5,ANTI,,,87,2026-05-18 00:00,2026-09-21 00:00,34.5,49.48,33.05,1.5,-0.0,-0.4,0.09,41.2,False,-0.89,-1.08,0,1,7,4084495.0,"[38, 44, 64, 70]",1362,64.6,60.1,0.995,6.0,16.0,0.0496,0.0775,0.632,0.0294,0.0423,0.59,1.15,,0.05
NBTX,daily,2.0,ANTI,,,142,2026-02-27 00:00,2026-09-21 00:00,34.5,55.07,29.03,1.9,0.28,-0.04,0.21,41.2,False,-0.89,-1.08,0,1,11,3482134.0,"[93, 99, 119, 125]",1307,64.6,60.1,0.995,6.0,16.0,0.0888,0.1334,0.57,0.0294,0.0423,0.33,1.35,,0.04
NCDL,weekly,1.5,ANTI,,,140,2024-01-26 00:00,2026-09-25 00:00,12.06,14.64,11.81,1.24,-0.17,,0.09,43.8,False,-0.41,-0.43,0,0,11,12693183.0,"[96, 107, 118, 132]",0,63.5,51.2,0.891,14.0,7.0,0.0325,0.0478,0.7,0.015,0.0171,0.46,0.65,,0.06
NCDL,weekly,2.0,ANTI,,,140,2024-01-26 00:00,2026-09-25 00:00,12.06,14.64,11.81,1.24,-0.17,,0.09,43.8,False,-0.41,-0.43,0,0,11,12693183.0,"[96, 107, 118, 132]",0,63.5,51.2,0.891,14.0,7.0,0.0325,0.0478,0.7,0.015,0.0171,0.46,0.65,,0.06
NCDL,weekly,3.0,ANTI,,,140,2024-01-26 00:00,2026-09-25 00:00,12.06,14.64,11.81,1.24,-0.17,,0.09,43.8,False,-0.41,-0.43,0,0,11,12693183.0,"[96, 107, 118, 132]",0,63.5,51.2,0.891,14.0,7.0,0.0325,0.0478,0.7,0.015,0.0171,0.46,0.65,,0.06
NCLH,weekly,2.0,ANTI,,,86,2025-02-07 00:00,2026-09-25 00:00,14.24,27.33,14.12,1.94,-0.28,-0.5,0.01,32.8,False,-0.28,-0.94,1,0,5,1600434668.0,"[48, 55, 62, 72]",629,49.3,54.5,1.012,10.0,13.0,0.1178,0.1518,0.651,0.0981,0.0675,0.83,0.7,,0.0
NE,weekly,1.5,,,,34,2026-02-06 00:00,2026-09-25 00:00,44.2,51.79,37.59,1.38,-0.15,-0.13,0.47,53.2,False,-1.02,-0.52,0,0,4,317351342.0,"[1, 8, 14, 28]",243,75.8,57.3,0.884,14.0,5.0,0.0513,0.0792,0.618,0.015,0.0319,0.29,0.78,,0.0
NEM,weekly,1.5,COMP,,,44,2025-11-28 00:00,2026-09-25 00:00,123.05,131.31,89.18,1.47,0.23,-0.01,0.8,58.9,True,0.2,0.32,0,0,3,4465963736.0,"[8, 19, 38]",882,60.0,65.6,1.091,19.0,5.0,0.0945,0.1096,0.523,0.0223,0.09,0.24,1.05,,0.0
NEOV,weekly,3.0,,,,35,2026-01-30 00:00,2026-09-25 00:00,3.4,4.21,1.78,2.37,-0.27,-0.69,0.67,53.7,True,0.66,0.81,0,0,2,12132735.0,"[7, 20]",297,49.3,46.9,0.728,13.0,14.0,0.1824,0.2233,0.486,0.0426,0.1512,0.23,1.83,,0.06
NEOV,daily,1.5,,,,29,2026-08-11 00:00,2026-09-21 00:00,3.4,4.24,3.12,1.36,0.17,-0.26,0.25,49.4,True,-0.83,0.09,0,0,3,4685709.0,"[4, 14, 19]",1563,71.3,61.9,0.925,5.0,9.0,0.0431,0.0686,0.655,0.0377,0.0518,0.87,0.76,,0.0
NEWP,daily,1.5,,,,34,2026-08-04 00:00,2026-09-21 00:00,6.41,7.41,5.24,1.41,-0.17,-0.13,0.54,55.7,False,-1.56,-0.77,0,1,2,4266783.0,"[8, 17]",4422,79.8,76.3,1.083,9.0,16.0,0.0522,0.078,0.794,0.0128,0.0252,0.25,1.21,,0.0
NEWT,weekly,1.5,,,,44,2025-11-28 00:00,2026-09-25 00:00,11.64,15.2,10.2,1.49,0.36,-0.21,0.29,41.6,True,-0.5,-0.04,0,0,3,13755303.0,"[7, 23, 33]",882,63.6,64.4,1.08,10.0,10.0,0.0756,0.1013,0.614,0.045,0.106,0.6,1.12,,0.0
NEWT,daily,1.5,ANTI,,,121,2026-03-30 00:00,2026-09-21 00:00,11.64,15.56,10.43,1.49,0.13,-0.27,0.24,32.3,False,0.21,-0.32,0,0,10,2613394.0,"[74, 87, 110, 115]",4290,42.3,40.8,0.986,5.0,5.0,0.0556,0.0856,0.686,0.0175,0.0132,0.31,0.84,,0.05
NEXA,weekly,1.5,,,,26,2026-04-03 00:00,2026-09-25 00:00,12.86,15.84,10.96,1.45,-0.06,-0.19,0.39,49.6,False,-0.54,-0.1,0,0,3,49889028.0,"[2, 14, 20]",440,58.7,60.0,1.051,6.0,5.0,0.0593,0.0845,0.654,0.0401,0.0368,0.68,0.98,,0.0
NEXA,daily,1.5,ANTI,,,115,2026-04-08 00:00,2026-09-21 00:00,12.86,16.55,11.15,1.48,-0.13,-0.23,0.32,44.9,False,-0.64,-0.65,0,0,10,10680670.0,"[72, 85, 96, 106]",2120,64.0,52.4,0.901,10.0,8.0,0.0606,0.0833,0.722,0.0202,0.0396,0.33,0.95,,0.03
NEXN,weekly,2.0,,,,117,2024-07-05 00:00,2026-09-25 00:00,8.87,11.62,5.9,1.97,0.0,-0.46,0.52,49.1,True,0.38,1.4,0,0,7,12102513.0,"[55, 81, 87, 109]",159,52.6,77.5,1.461,22.0,7.0,0.1445,0.1778,0.598,0.0662,0.0468,0.46,2.04,,0.02
NEXT,weekly,1.5,,,,28,2026-03-20 00:00,2026-09-25 00:00,7.02,9.12,6.7,1.36,-0.32,-0.44,0.13,47.7,False,-0.59,-0.47,0,0,2,95256065.0,"[1, 8]",527,67.6,67.5,1.122,7.0,19.0,0.0527,0.077,0.607,0.0266,0.0445,0.5,0.87,,0.0
NEXT,daily,1.5,,,,129,2026-03-18 00:00,2026-09-21 00:00,7.02,9.12,6.14,1.49,-0.27,-0.04,0.3,44.2,True,-0.19,0.08,0,0,12,20761091.0,"[92, 103, 115, 121]",2372,59.4,59.6,1.007,6.0,7.0,0.0511,0.0795,0.744,0.0239,0.031,0.47,0.82,,0.02
NFG,weekly,1.5,,,,89,2025-01-17 00:00,2026-09-25 00:00,80.0,95.08,65.72,1.45,0.32,0.07,0.49,45.1,False,-0.06,-0.27,0,0,6,252520717.0,"[26, 36, 45, 60]",837,,,,,,0.0409,0.0736,0.798,0.0119,0.0162,0.29,0.76,,0.02
NFLX,weekly,2.0,ANTI,,,111,2024-08-16 00:00,2026-09-25 00:00,73.36,132.31,66.58,1.99,-0.07,-0.04,0.1,40.2,False,-0.3,-1.34,0,0,7,104945318158.0,"[45, 52, 86, 106]",815,55.4,48.3,0.793,20.0,4.0,0.1521,0.1872,0.505,0.035,0.0473,0.23,0.11,,0.02
NG,weekly,3.0,,,,65,2025-07-04 00:00,2026-09-25 00:00,7.36,13.32,4.52,2.95,0.07,-0.05,0.32,47.6,False,-0.01,-1.02,0,0,5,126035001.0,"[21, 34, 41, 60]",861,56.9,54.9,0.8,19.0,4.0,0.1648,0.2213,0.754,0.0457,0.125,0.28,1.5,,0.0
NG,daily,1.5,,,,33,2026-08-05 00:00,2026-09-21 00:00,7.36,9.77,6.89,1.42,-0.08,-0.44,0.16,45.0,False,-1.4,-0.79,0,0,2,43873148.0,"[5, 14]",4423,70.9,78.5,1.241,9.0,18.0,0.0584,0.0909,0.545,0.0137,0.036,0.23,1.15,,0.0
NG,daily,2.0,,,,106,2026-04-21 00:00,2026-09-21 00:00,7.36,9.77,5.18,1.89,-0.19,-0.64,0.47,45.0,False,-1.4,-0.79,0,0,7,28005738.0,"[51, 63, 78, 87]",4350,70.9,78.5,1.241,9.0,18.0,0.0988,0.1502,0.594,0.0137,0.036,0.14,1.81,,0.0
NGNE,daily,1.5,ANTI,,,70,2026-06-11 00:00,2026-09-21 00:00,32.57,42.84,29.0,1.48,0.33,-0.11,0.26,37.8,False,-0.88,-0.6,0,0,5,6416448.0,"[18, 42, 51, 59]",3084,65.0,55.5,0.945,8.0,10.0,0.0632,0.0865,0.7,0.0426,0.0676,0.67,1.04,,0.03
NGS,weekly,1.5,,,,45,2025-11-21 00:00,2026-09-25 00:00,34.65,43.81,29.73,1.47,0.39,0.02,0.35,43.6,False,-1.07,-0.54,0,2,4,19735383.0,"[3, 14, 23, 31]",881,71.0,66.4,1.069,8.0,13.0,0.0573,0.0867,0.711,0.0302,0.0363,0.53,0.95,,0.02
NGVC,weekly,3.0,,,,124,2024-05-17 00:00,2026-09-25 00:00,30.9,58.13,19.69,2.95,-0.03,0.05,0.29,55.1,True,0.12,0.32,0,0,11,22353762.0,"[75, 93, 102, 112]",616,53.4,60.8,1.118,10.0,11.0,0.1888,0.2497,0.492,0.0167,0.0643,0.09,1.0,,0.01
NICE,weekly,1.5,COMP,,,29,2026-03-13 00:00,2026-09-25 00:00,114.54,118.36,84.68,1.4,-0.13,-0.68,0.89,57.1,True,0.51,0.18,0,0,1,262238211.0,[7],897,,,,,,0.07,0.0873,0.586,0.0254,0.0206,0.36,0.81,,0.0
NIQ,weekly,3.0,COMP,,,62,2025-07-25 00:00,2026-09-25 00:00,18.39,19.65,8.2,2.4,-0.37,,0.89,66.9,True,1.8,2.05,0,0,5,80797176.0,"[26, 31, 38, 57]",0,35.9,72.2,1.648,19.0,4.0,0.2269,0.2485,0.419,0.0257,0.1003,0.11,1.37,,0.08
NIQ,daily,1.5,,,,29,2026-08-11 00:00,2026-09-21 00:00,18.39,19.24,16.58,1.16,0.34,0.39,0.68,60.6,False,-1.48,0.01,0,0,2,22477457.0,"[3, 10]",264,88.8,88.3,1.103,7.0,18.0,0.0262,0.0401,0.552,0.0155,0.0125,0.59,0.9,,0.0
NKLR,weekly,2.0,ANTI,,,47,2025-11-07 00:00,2026-09-25 00:00,4.13,7.26,3.98,1.82,0.0,,0.05,33.2,False,0.46,-0.95,1,0,3,10933068.0,"[10, 24, 41]",4,36.0,43.9,0.843,17.0,5.0,0.1272,0.1529,0.553,0.0903,0.1018,0.71,0.68,,0.0
NKLR,weekly,3.0,ANTI,,,49,2025-10-24 00:00,2026-09-25 00:00,4.13,8.63,3.98,2.17,-0.16,,0.03,33.2,False,0.46,-0.95,1,0,3,12201535.0,"[12, 26, 43]",2,36.0,43.9,0.843,17.0,5.0,0.1323,0.1898,0.429,0.0903,0.1018,0.68,0.61,,0.0
NKTR,weekly,2.0,,,,33,2026-02-13 00:00,2026-09-25 00:00,66.84,91.68,57.32,1.6,-0.16,-0.12,0.28,48.3,False,-0.59,-0.58,0,0,4,275518826.0,"[1, 10, 20, 25]",893,55.3,59.5,1.077,5.0,7.0,0.0465,0.0999,0.758,0.0304,0.0324,0.65,0.79,,0.03
NKTR,daily,1.5,,,,94,2026-05-07 00:00,2026-09-21 00:00,66.84,83.37,56.23,1.48,0.23,-0.44,0.39,38.2,False,-0.76,-0.43,0,1,4,54711108.0,"[31, 40, 63, 82]",4360,66.6,59.6,0.999,19.0,11.0,0.0511,0.083,0.809,0.0133,0.0419,0.26,1.22,,0.02
NKTR,daily,2.0,ANTI,,,154,2026-02-10 00:00,2026-09-21 00:00,66.84,100.35,56.0,1.79,-0.1,-0.15,0.24,38.2,False,-0.76,-0.43,0,1,9,57481360.0,"[91, 100, 123, 142]",4300,66.6,59.6,0.999,19.0,11.0,0.0485,0.1069,0.747,0.0133,0.0419,0.27,1.16,,0.01
NMIH,weekly,1.5,,,,127,2024-04-26 00:00,2026-09-25 00:00,42.51,45.71,31.11,1.47,0.38,-0.04,0.78,54.0,True,0.73,0.76,0,0,11,86447864.0,"[87, 93, 104, 120]",546,60.0,70.1,1.112,16.0,6.0,0.0471,0.0773,0.78,0.0142,0.0226,0.3,1.08,,0.02
NN,weekly,3.0,,,,104,2024-10-04 00:00,2026-09-25 00:00,15.66,22.83,7.78,2.93,0.38,-0.17,0.52,47.8,False,-0.58,-1.35,0,0,9,93557776.0,"[64, 80, 85, 97]",204,60.8,56.7,0.915,12.0,6.0,0.1289,0.1935,0.846,0.0364,0.0618,0.28,1.95,,0.01
NNBR,daily,1.5,,,,60,2026-06-26 00:00,2026-09-21 00:00,3.35,4.11,2.76,1.49,0.05,-0.12,0.44,44.4,False,-0.55,-0.62,0,0,5,4974213.0,"[20, 27, 35, 50]",4396,65.3,55.9,0.91,15.0,9.0,0.0368,0.0662,0.8,0.0253,0.0347,0.69,0.76,,0.03
NNE,daily,1.5,,,,61,2026-06-25 00:00,2026-09-21 00:00,17.1,21.32,14.88,1.43,-0.3,-0.58,0.34,48.1,False,-0.43,-0.76,0,0,3,33485777.0,"[34, 42, 51]",533,52.5,54.7,1.006,9.0,9.0,0.0606,0.0838,0.672,0.0288,0.0404,0.48,1.01,,0.0
NOAH,weekly,1.5,ANTI,,,75,2025-04-25 00:00,2026-09-25 00:00,8.18,10.86,7.37,1.47,-0.2,-0.31,0.23,38.4,False,-0.09,-0.34,0,0,4,5191130.0,"[13, 43, 54, 69]",754,49.4,46.8,0.938,15.0,5.0,0.0643,0.0938,0.627,0.0335,0.0233,0.52,0.81,,0.01
NOG,weekly,2.0,,,,88,2025-01-24 00:00,2026-09-25 00:00,23.78,34.13,17.95,1.9,-0.27,-0.54,0.36,50.8,True,0.29,-0.02,0,0,6,264030725.0,"[35, 45, 61, 82]",838,67.1,64.1,0.922,21.0,5.0,0.1095,0.138,0.648,0.041,0.1089,0.37,0.98,,0.01
NOK,weekly,2.0,,,,29,2026-03-13 00:00,2026-09-25 00:00,10.94,15.39,7.92,1.94,0.06,0.03,0.4,52.6,False,-1.94,-0.67,0,0,1,4384883454.0,[7],897,,,,,,0.1521,0.1932,0.552,0.0349,0.0715,0.23,0.79,,0.07
NOK,daily,1.5,,,,51,2026-07-10 00:00,2026-09-21 00:00,10.94,12.38,8.41,1.47,0.03,-0.5,0.64,56.8,True,0.11,0.04,0,0,4,901371163.0,"[17, 26, 34, 44]",4405,53.5,61.0,1.051,10.0,6.0,0.0454,0.0734,0.765,0.0377,0.0434,0.83,1.21,,0.02
NOK,daily,2.0,,,,118,2026-04-02 00:00,2026-09-21 00:00,10.94,16.77,8.41,1.99,-0.29,-0.02,0.3,56.8,True,0.11,0.04,0,0,10,1087871424.0,"[84, 93, 101, 111]",4338,53.5,61.0,1.051,10.0,6.0,0.1267,0.1809,0.483,0.0377,0.0434,0.3,1.0,,0.01
NOMD,weekly,1.5,,,,55,2025-09-12 00:00,2026-09-25 00:00,10.6,13.31,9.14,1.46,-0.3,-0.51,0.35,43.7,True,1.21,0.99,0,0,4,86384514.0,"[14, 23, 30, 50]",558,31.5,62.0,1.245,20.0,4.0,0.0637,0.0961,0.618,0.0139,0.0226,0.22,0.84,,0.02
NOW,weekly,2.0,COMP,,,41,2025-12-19 00:00,2026-09-25 00:00,137.68,155.31,83.0,1.87,-0.05,-0.63,0.76,58.7,True,1.22,1.43,0,0,3,11032186929.0,"[11, 23, 36]",703,52.5,63.6,1.164,13.0,4.0,0.1265,0.1642,0.561,0.0477,0.1093,0.38,0.97,,0.02
NPCE,weekly,1.5,,,,47,2025-11-07 00:00,2026-09-25 00:00,14.54,18.35,12.89,1.42,-0.06,-0.27,0.3,48.1,False,-0.6,-0.6,0,0,3,13861871.0,"[4, 26, 35]",237,68.0,58.0,0.932,9.0,11.0,0.0672,0.0837,0.745,0.0225,0.0332,0.33,0.74,,0.02
NPCE,daily,1.5,DIVUP,UP,strict,120,2026-03-31 00:00,2026-09-21 00:00,14.54,19.29,12.89,1.5,-0.31,-0.26,0.26,50.9,True,0.08,-0.02,2,0,7,2367346.0,"[66, 81, 91, 107]",1240,50.8,56.3,1.009,16.0,12.0,0.0595,0.0763,0.767,0.0092,0.0179,0.15,0.64,,0.04
NPO,daily,1.5,,,,115,2026-04-08 00:00,2026-09-21 00:00,296.19,387.22,265.16,1.46,0.15,-0.04,0.25,45.6,False,-0.32,-0.59,0,0,9,63791502.0,"[66, 71, 90, 108]",4341,57.6,43.6,0.869,18.0,6.0,0.059,0.0836,0.661,0.0171,0.0225,0.29,0.71,,0.04
NRC,weekly,3.0,,,,125,2024-05-10 00:00,2026-09-25 00:00,21.27,29.03,10.11,2.87,-0.12,-0.77,0.59,57.0,True,0.18,0.93,0,2,8,7678591.0,"[70, 88, 112, 119]",572,67.7,62.4,0.991,7.0,5.0,0.1634,0.2216,0.704,0.0217,0.024,0.13,1.58,,0.01
NRDS,weekly,1.5,,,,34,2026-02-06 00:00,2026-09-25 00:00,9.08,11.16,7.77,1.44,-0.36,-0.54,0.39,43.6,True,0.3,-0.24,1,0,4,33274980.0,"[4, 12, 21, 26]",222,46.5,51.0,1.046,5.0,7.0,0.0611,0.0915,0.588,0.0046,0.0433,0.08,0.93,,0.03
NRDS,weekly,2.0,,,,98,2024-11-15 00:00,2026-09-25 00:00,9.08,15.43,7.77,1.99,-0.37,-0.64,0.17,43.6,True,0.3,-0.24,1,0,9,29153753.0,"[68, 76, 85, 90]",158,46.5,51.0,1.046,5.0,7.0,0.1214,0.1753,0.52,0.0046,0.0433,0.04,1.06,,0.02
NRDS,daily,1.5,,,,139,2026-03-04 00:00,2026-09-21 00:00,9.08,11.33,7.58,1.49,-0.3,-0.52,0.4,38.1,False,-0.83,-0.37,0,2,11,6626592.0,"[101, 108, 126, 134]",1084,55.8,47.1,0.954,8.0,4.0,0.0731,0.0961,0.576,0.0155,0.0138,0.21,0.97,,0.04
NRG,weekly,2.0,ANTI,,,77,2025-04-11 00:00,2026-09-25 00:00,103.28,178.0,92.7,1.92,-0.2,-0.16,0.12,36.9,False,-0.39,-1.87,0,0,9,1722585087.0,"[38, 45, 53, 63]",849,55.9,51.1,0.893,10.0,13.0,0.0813,0.1359,0.571,0.0467,0.0809,0.57,0.87,,0.03
NRGV,weekly,3.0,,,,57,2025-08-29 00:00,2026-09-25 00:00,4.7,5.93,2.02,2.94,0.21,-0.38,0.69,59.0,False,-0.29,-0.35,0,1,3,68660762.0,"[7, 20, 37]",230,81.5,71.8,1.037,17.0,19.0,0.1639,0.2312,0.789,0.0798,0.0923,0.49,1.01,,0.02
NRGV,daily,2.0,COMP,,,72,2026-06-09 00:00,2026-09-21 00:00,4.7,4.71,2.51,1.88,-0.07,-0.61,1.0,65.9,True,0.3,0.63,0,0,6,15447918.0,"[28, 44, 53, 62]",1305,57.1,62.9,1.099,9.0,9.0,0.1135,0.1411,0.597,0.0273,0.0261,0.24,0.98,,0.01
NRXP,daily,2.0,,,,111,2026-04-14 00:00,2026-09-21 00:00,3.29,4.62,2.5,1.85,0.18,-0.08,0.37,42.5,False,-0.11,-0.12,0,0,12,3117737.0,"[80, 92, 100, 105]",2099,49.3,50.3,1.0,5.0,5.0,0.1171,0.1431,0.667,0.0074,0.0147,0.06,0.81,,0.04
NSP,weekly,3.0,COMP,,,69,2025-06-06 00:00,2026-09-25 00:00,50.26,57.63,19.59,2.94,-0.22,-0.82,0.81,63.5,True,1.22,2.43,0,0,3,132032537.0,"[11, 33, 64]",857,51.2,70.5,1.2,31.0,4.0,0.2008,0.2551,0.507,0.0154,0.0328,0.08,0.66,,0.01
NSSC,weekly,1.5,ANTI,,,58,2025-08-22 00:00,2026-09-25 00:00,35.82,46.3,31.1,1.49,-0.28,-0.43,0.31,44.9,False,-0.31,-0.71,0,0,7,69942177.0,"[27, 36, 45, 50]",868,46.4,55.8,1.094,5.0,7.0,0.0651,0.082,0.793,0.0286,0.0177,0.44,0.78,,0.0
NSSC,weekly,2.0,,,,74,2025-05-02 00:00,2026-09-25 00:00,35.82,46.3,23.22,1.99,0.4,-0.57,0.55,44.9,False,-0.31,-0.71,0,0,8,63065857.0,"[43, 52, 61, 66]",852,46.4,55.8,1.094,5.0,7.0,0.0908,0.151,0.541,0.0286,0.0177,0.31,0.86,,0.0
NSSC,weekly,3.0,,,,151,2023-11-10 00:00,2026-09-25 00:00,35.82,54.49,19.8,2.75,-0.0,-0.46,0.46,44.9,False,-0.31,-0.71,0,0,15,65710665.0,"[120, 129, 138, 143]",775,46.4,55.8,1.094,5.0,7.0,0.1213,0.2014,0.742,0.0286,0.0177,0.24,0.83,,0.01
NTES,weekly,1.5,,,,75,2025-04-25 00:00,2026-09-25 00:00,117.47,149.19,100.02,1.49,-0.14,-0.08,0.35,45.8,True,0.38,0.34,0,0,4,472431878.0,"[10, 20, 36, 64]",851,62.5,59.4,0.904,28.0,10.0,0.0659,0.0884,0.773,0.0349,0.0445,0.53,0.8,,0.01
NTGR,weekly,1.5,,,,47,2025-11-07 00:00,2026-09-25 00:00,22.22,29.31,20.27,1.45,-0.25,-0.42,0.22,46.5,False,-0.42,-0.74,0,0,2,45798384.0,"[23, 37]",879,60.7,52.7,0.906,14.0,9.0,0.0714,0.0934,0.511,0.0348,0.0414,0.49,0.76,,0.0
NTGR,weekly,2.0,,,,107,2024-09-13 00:00,2026-09-25 00:00,22.22,35.18,19.3,1.82,-0.12,-0.13,0.18,46.5,False,-0.42,-0.74,0,0,7,48845086.0,"[35, 56, 83, 97]",819,60.7,52.7,0.906,14.0,9.0,0.1092,0.1354,0.636,0.0348,0.0414,0.32,0.72,,0.0
NTGR,weekly,3.0,,,,125,2024-05-10 00:00,2026-09-25 00:00,22.22,35.18,12.04,2.92,0.27,-0.54,0.44,46.5,False,-0.42,-0.74,0,0,8,43708814.0,"[53, 74, 101, 115]",801,60.7,52.7,0.906,14.0,9.0,0.13,0.2051,0.792,0.0348,0.0414,0.27,0.8,,0.0
NTLA,weekly,2.0,,,,44,2025-11-28 00:00,2026-09-25 00:00,12.22,17.56,8.99,1.95,0.28,-0.72,0.38,47.6,False,-0.35,-0.7,0,0,5,243052834.0,"[13, 20, 31, 39]",499,62.7,49.6,0.733,8.0,4.0,0.0705,0.1513,0.727,0.0291,0.0577,0.41,0.82,,0.0
NTLA,weekly,3.0,,,,48,2025-10-31 00:00,2026-09-25 00:00,12.22,17.56,8.21,2.14,0.35,-0.75,0.43,47.6,False,-0.35,-0.7,0,0,5,246143365.0,"[17, 24, 35, 43]",495,62.7,49.6,0.733,8.0,4.0,0.0773,0.1653,0.729,0.0291,0.0577,0.38,0.81,,0.0
NTLA,daily,1.5,,,,52,2026-07-09 00:00,2026-09-21 00:00,12.22,15.44,10.67,1.45,0.06,-0.4,0.32,49.5,False,-0.39,-0.24,0,0,1,41613644.0,[29],2556,,,,,,0.0595,0.0799,0.577,0.0235,0.0385,0.39,1.11,,0.04
NTSK,weekly,3.0,COMP,,,47,2025-11-07 00:00,2026-09-25 00:00,18.4,22.32,7.73,2.89,-0.33,,0.73,64.7,True,1.5,1.65,0,0,3,220233780.0,"[4, 29, 40]",7,42.8,60.2,1.302,11.0,6.0,0.2094,0.2771,0.532,0.0434,0.0896,0.21,1.38,,0.02
NU,weekly,1.5,,,,35,2026-01-30 00:00,2026-09-25 00:00,14.06,17.75,11.97,1.48,-0.34,-0.34,0.36,49.0,True,0.49,0.16,1,0,2,4108233491.0,"[11, 28]",216,49.7,57.4,0.993,17.0,6.0,0.0355,0.0972,0.686,0.0339,0.0312,0.95,1.15,,0.0
NU,daily,1.5,,,,146,2026-02-23 00:00,2026-09-21 00:00,14.06,16.65,11.6,1.44,-0.07,-0.38,0.49,44.9,False,-0.65,-0.18,0,0,12,792575607.0,"[103, 120, 128, 134]",1053,60.6,62.8,1.034,6.0,11.0,0.0399,0.0708,0.808,0.0212,0.0486,0.53,1.22,,0.03
NUAI,weekly,2.0,COMP,,,37,2026-01-16 00:00,2026-09-25 00:00,7.65,7.65,4.04,1.89,0.13,-0.66,1.0,68.2,True,0.22,0.78,0,0,4,140235471.0,"[1, 8, 16, 22]",210,55.2,63.0,1.253,6.0,14.0,0.0866,0.1666,0.324,0.094,0.0875,1.09,1.09,,0.0
NUAI,weekly,3.0,COMP,,,51,2025-10-10 00:00,2026-09-25 00:00,7.65,7.65,2.6,2.94,0.21,-0.78,1.0,68.2,True,0.22,0.78,0,0,5,140394628.0,"[15, 22, 30, 36]",196,55.2,63.0,1.253,6.0,14.0,0.0943,0.1921,0.824,0.094,0.0875,1.0,1.09,,0.0
NUAI,daily,2.0,COMP,,,99,2026-04-30 00:00,2026-09-21 00:00,7.65,7.65,3.94,1.94,0.23,-0.51,1.0,71.1,True,0.4,0.68,0,0,9,31643399.0,"[55, 71, 77, 89]",1081,55.9,67.5,1.185,12.0,9.0,0.0907,0.1374,0.596,0.0291,0.0688,0.32,1.07,,0.01
NUCL,daily,1.5,ANTI,,,55,2026-07-06 00:00,2026-09-21 00:00,6.19,8.0,5.39,1.48,0.11,-0.59,0.31,37.7,False,-0.86,-1.11,0,0,2,1969396.0,"[12, 29]",750,39.0,61.6,1.229,17.0,25.0,0.0791,0.1124,0.564,0.0028,0.0175,0.04,0.75,,0.0
NUCL,daily,2.0,ANTI,,,62,2026-06-24 00:00,2026-09-21 00:00,6.19,10.01,5.39,1.86,-0.33,-0.59,0.17,37.7,False,-0.86,-1.11,0,0,2,1968509.0,"[19, 36]",743,39.0,61.6,1.229,17.0,25.0,0.09,0.1686,0.5,0.0028,0.0175,0.03,0.75,,0.0
NUVB,weekly,2.0,,,,38,2026-01-09 00:00,2026-09-25 00:00,6.07,8.04,4.22,1.91,0.26,-0.55,0.48,53.0,True,0.69,1.53,0,0,3,121368275.0,"[7, 14, 32]",280,49.0,65.2,1.364,18.0,5.0,0.1281,0.1582,0.579,0.053,0.0611,0.41,1.35,,0.0
NUVB,weekly,3.0,,,,54,2025-09-19 00:00,2026-09-25 00:00,6.07,9.44,3.2,2.95,0.08,-0.18,0.46,53.0,True,0.69,1.53,0,0,4,151856138.0,"[13, 23, 30, 48]",264,49.0,65.2,1.364,18.0,5.0,0.1516,0.2599,0.593,0.053,0.0611,0.35,1.08,,0.0
NUVB-WS,weekly,2.0,,,,38,2026-01-09 00:00,2026-09-25 00:00,6.07,8.04,4.22,1.91,0.26,-0.58,0.48,53.0,True,0.69,1.53,0,0,3,121384757.0,"[7, 14, 32]",134,49.0,65.2,1.364,18.0,5.0,0.1281,0.1582,0.579,0.053,0.0611,0.41,1.34,,0.0
NUVB-WS,weekly,3.0,,,,54,2025-09-19 00:00,2026-09-25 00:00,6.07,9.44,3.2,2.95,0.08,-0.77,0.46,53.0,True,0.69,1.53,0,0,4,151892076.0,"[13, 23, 30, 48]",118,49.0,65.2,1.364,18.0,5.0,0.1516,0.2599,0.593,0.053,0.0611,0.35,1.07,,0.0
NVA,daily,2.0,,,,140,2026-03-03 00:00,2026-09-21 00:00,5.84,7.42,4.28,1.73,-0.37,-0.7,0.5,51.9,True,0.4,0.85,0,0,10,2211099.0,"[100, 110, 123, 130]",395,60.4,68.4,1.133,7.0,9.0,0.1002,0.1343,0.629,0.0199,0.0264,0.2,1.06,,0.08
NVAX,weekly,1.5,,,,37,2026-01-16 00:00,2026-09-25 00:00,10.41,10.97,7.32,1.5,0.08,-0.6,0.85,58.4,False,0.1,0.3,0,0,4,188696852.0,"[1, 6, 19, 24]",889,61.9,54.6,0.888,5.0,12.0,0.0894,0.0983,0.541,0.0883,0.1037,0.99,1.11,,0.0
NVAX,weekly,2.0,,,,102,2024-10-18 00:00,2026-09-25 00:00,10.41,10.97,5.86,1.87,0.22,-0.77,0.89,58.4,False,0.1,0.3,0,0,9,179084274.0,"[66, 71, 84, 89]",824,61.9,54.6,0.888,5.0,12.0,0.1107,0.1411,0.667,0.0883,0.1037,0.8,1.17,,0.0
NVAX,weekly,3.0,,,,120,2024-06-14 00:00,2026-09-25 00:00,10.41,17.11,5.86,2.92,-0.26,-0.92,0.4,58.4,False,0.1,0.3,0,0,11,193053102.0,"[84, 89, 102, 107]",806,61.9,54.6,0.888,5.0,12.0,0.1236,0.2343,0.467,0.0883,0.1037,0.71,1.08,,0.0
NVAX,daily,1.5,COMP,,,80,2026-05-28 00:00,2026-09-21 00:00,10.41,10.97,7.32,1.5,-0.04,-0.35,0.85,65.2,True,0.14,0.69,0,0,4,36268156.0,"[14, 24, 61, 68]",4376,68.2,73.4,1.095,7.0,11.0,0.0732,0.1023,0.55,0.0252,0.034,0.34,1.55,,0.04
NVCR,weekly,2.0,,,,83,2025-02-28 00:00,2026-09-25 00:00,16.53,20.18,10.14,1.99,-0.14,-0.87,0.64,52.3,True,-0.0,0.86,0,1,6,93271313.0,"[45, 52, 62, 73]",491,66.4,58.6,0.987,11.0,9.0,0.1644,0.182,0.53,0.0214,0.0306,0.13,0.93,,0.01
NVCR,weekly,3.0,,,,91,2025-01-03 00:00,2026-09-25 00:00,16.53,30.19,10.14,2.98,-0.3,-0.91,0.32,52.3,True,-0.0,0.86,0,1,6,93271313.0,"[53, 60, 70, 81]",483,66.4,58.6,0.987,11.0,9.0,0.1633,0.251,0.495,0.0214,0.0306,0.13,0.93,,0.01
NVCR,daily,1.5,,,,99,2026-04-30 00:00,2026-09-21 00:00,16.53,19.99,13.61,1.47,-0.04,-0.09,0.46,48.0,False,-0.49,-0.39,0,0,12,22571408.0,"[70, 76, 82, 88]",2658,56.7,55.7,0.997,6.0,10.0,0.0472,0.0651,0.909,0.024,0.023,0.51,0.81,,0.0
NVCT,daily,2.0,,,,64,2026-06-22 00:00,2026-09-21 00:00,21.98,28.53,16.53,1.73,0.28,0.2,0.45,47.9,False,-0.64,0.07,0,0,5,4598804.0,"[16, 27, 45, 53]",1096,74.3,61.9,0.946,8.0,10.0,0.0798,0.1261,0.562,0.0141,0.0399,0.18,0.91,,0.03
NVMI,weekly,2.0,ANTI,,,44,2025-11-28 00:00,2026-09-25 00:00,362.81,583.05,312.84,1.86,0.15,-0.09,0.18,40.4,False,-1.5,-1.99,0,1,3,882880514.0,"[8, 21, 28]",882,75.3,69.2,1.074,7.0,15.0,0.1175,0.1593,0.614,0.0336,0.0718,0.29,1.0,,0.02
NVRI-W,daily,1.5,,,,81,2026-05-27 00:00,2026-09-21 00:00,20.72,23.86,16.17,1.48,0.24,,0.59,42.7,True,-0.16,0.13,0,0,5,7063770.0,"[47, 56, 63, 69]",0,62.2,61.7,1.009,6.0,11.0,0.0387,0.0675,0.432,0.0251,0.0315,0.65,0.75,,0.05
NVRI-W,daily,2.0,,,,81,2026-05-27 00:00,2026-09-21 00:00,20.72,23.86,16.17,1.48,0.24,,0.59,42.7,True,-0.16,0.13,0,0,5,7063770.0,"[47, 56, 63, 69]",0,62.2,61.7,1.009,6.0,11.0,0.0387,0.0675,0.432,0.0251,0.0315,0.65,0.75,,0.05
NVRI-W,daily,3.0,,,,81,2026-05-27 00:00,2026-09-21 00:00,20.72,23.86,16.17,1.48,0.24,,0.59,42.7,True,-0.16,0.13,0,0,5,7063770.0,"[47, 56, 63, 69]",0,62.2,61.7,1.009,6.0,11.0,0.0387,0.0675,0.432,0.0251,0.0315,0.65,0.75,,0.05
NVST,weekly,1.5,,,,45,2025-11-21 00:00,2026-09-25 00:00,23.43,29.21,19.89,1.47,0.4,-0.18,0.38,40.5,True,-0.18,0.11,0,0,4,307573657.0,"[11, 21, 32, 37]",322,61.2,60.7,1.019,5.0,7.0,0.0751,0.0965,0.578,0.0348,0.0295,0.46,1.02,,0.0
NVT,daily,1.5,,,,115,2026-04-08 00:00,2026-09-21 00:00,159.44,184.1,126.76,1.45,0.13,0.0,0.57,53.8,False,-0.09,-0.24,1,0,11,307749555.0,"[71, 90, 98, 105]",2003,46.5,56.1,1.045,7.0,9.0,0.0488,0.0784,0.73,0.0385,0.0275,0.79,0.95,,0.02
NVTS,daily,1.5,,,,54,2026-07-07 00:00,2026-09-21 00:00,12.16,14.58,9.73,1.5,-0.28,-0.69,0.5,52.0,False,-0.27,-0.9,0,0,3,154314713.0,"[10, 29, 44]",1367,55.4,46.1,0.823,15.0,9.0,0.0689,0.0937,0.685,0.0278,0.0348,0.4,0.77,,0.02
NWL,weekly,3.0,COMP,,,86,2025-02-07 00:00,2026-09-25 00:00,5.6,6.44,2.97,2.17,-0.16,-0.76,0.76,56.5,True,0.77,1.91,0,0,7,193104260.0,"[54, 64, 73, 79]",840,67.2,66.7,1.07,6.0,6.0,0.1501,0.1931,0.57,0.0217,0.0493,0.14,0.93,,0.01
NWPX,weekly,2.0,,,,27,2026-03-27 00:00,2026-09-25 00:00,102.51,148.01,76.52,1.93,0.36,-0.01,0.36,45.5,True,-1.52,0.74,0,0,2,87738612.0,"[6, 13]",899,85.2,90.8,1.315,7.0,13.0,0.0964,0.1686,0.63,0.0487,0.0992,0.51,0.87,,0.0
NWPX,daily,1.5,ANTI,,,98,2026-05-01 00:00,2026-09-21 00:00,102.51,149.94,100.52,1.49,-0.22,0.02,0.04,35.4,False,-0.21,-0.56,0,0,8,19180520.0,"[51, 63, 73, 81]",4358,39.6,42.1,0.976,8.0,16.0,0.0739,0.1064,0.49,0.0112,0.0233,0.15,0.57,,0.03
NWSA,weekly,1.5,COMP,,,149,2023-11-24 00:00,2026-09-25 00:00,29.7,30.87,21.46,1.44,0.24,-0.01,0.88,60.7,True,0.63,0.74,0,0,14,385246819.0,"[114, 132, 138, 144]",544,63.2,68.8,1.089,6.0,4.0,0.0406,0.0737,0.738,0.0183,0.0418,0.45,1.39,,0.03
NX,weekly,1.5,,,,38,2026-01-09 00:00,2026-09-25 00:00,20.1,22.84,15.29,1.49,0.15,-0.59,0.64,53.0,True,0.12,0.47,0,0,3,37744739.0,"[6, 15, 30]",888,58.8,62.0,1.08,15.0,7.0,0.0849,0.0993,0.632,0.034,0.0777,0.4,0.96,,0.03
NX,weekly,2.0,,,,91,2025-01-03 00:00,2026-09-25 00:00,20.1,23.43,11.78,1.99,-0.03,-0.68,0.71,53.0,True,0.12,0.47,0,0,7,39653762.0,"[42, 59, 68, 83]",835,58.8,62.0,1.08,15.0,7.0,0.0926,0.1463,0.703,0.034,0.0777,0.37,0.92,,0.01
NXE,weekly,1.5,,,,44,2025-11-28 00:00,2026-09-25 00:00,9.8,12.78,8.8,1.45,-0.23,-0.1,0.25,46.7,False,-0.51,-1.02,0,0,3,318698830.0,"[8, 20, 38]",641,62.9,53.5,0.856,18.0,5.0,0.0963,0.1121,0.477,0.0385,0.0612,0.4,0.68,,0.05
NXST,daily,1.5,ANTI,,,129,2026-03-18 00:00,2026-09-21 00:00,166.15,225.82,153.17,1.47,-0.36,-0.38,0.18,41.7,False,-0.91,-0.7,0,0,10,64431358.0,"[82, 91, 110, 123]",4327,55.3,39.4,0.9,13.0,5.0,0.0429,0.0742,0.783,0.0165,0.0247,0.38,0.89,,0.07
NXT,weekly,2.0,ANTI,,,51,2025-10-10 00:00,2026-09-25 00:00,83.15,156.4,80.47,1.94,0.09,0.04,0.04,40.1,False,-1.11,-2.43,0,2,3,1104388583.0,"[4, 17, 31]",139,76.8,69.9,1.189,14.0,19.0,0.1339,0.1614,0.569,0.0229,0.1046,0.17,0.76,,0.0
NYT,weekly,1.5,,,,47,2025-11-07 00:00,2026-09-25 00:00,70.53,85.42,60.83,1.4,0.1,0.02,0.39,49.2,False,-0.96,-0.83,0,0,4,630564076.0,"[6, 12, 21, 36]",879,79.3,54.2,0.889,15.0,10.0,0.0662,0.08,0.681,0.0274,0.0486,0.41,0.97,,0.0
OBE,daily,2.0,,,,156,2026-02-06 00:00,2026-09-21 00:00,11.57,14.46,7.41,1.95,0.4,-0.01,0.59,48.1,True,-0.23,0.38,0,0,12,7615954.0,"[120, 134, 142, 149]",4300,62.4,68.3,1.069,7.0,6.0,0.1522,0.1809,0.506,0.023,0.014,0.15,2.15,,0.01
OCC,weekly,3.0,,,,27,2026-03-27 00:00,2026-09-25 00:00,14.78,22.91,9.11,2.51,0.36,-0.08,0.41,53.6,True,-0.83,1.15,0,0,3,16250834.0,"[4, 11, 20]",899,80.2,62.1,0.777,9.0,6.0,0.1374,0.2322,0.593,0.0578,0.0629,0.42,1.03,,0.0
OCC,daily,3.0,,,,119,2026-04-01 00:00,2026-09-21 00:00,14.78,26.92,9.06,2.97,0.25,-0.1,0.32,53.3,False,0.09,-0.4,0,0,9,3316231.0,"[61, 75, 93, 102]",4337,58.2,43.6,0.778,9.0,16.0,0.1498,0.2424,0.571,0.0291,0.0458,0.19,1.03,,0.03
OCS,daily,1.5,ANTI,,,78,2026-06-01 00:00,2026-09-21 00:00,10.14,14.51,9.91,1.46,-0.15,-0.7,0.05,25.5,False,-1.7,-1.46,0,0,3,3717934.0,"[22, 55, 66]",1264,63.0,41.6,0.897,11.0,11.0,0.0702,0.0885,0.692,0.0192,0.0651,0.27,0.6,,0.1
OCS,daily,2.0,ANTI,,,78,2026-06-01 00:00,2026-09-21 00:00,10.14,14.51,9.91,1.46,-0.15,-0.7,0.05,25.5,False,-1.7,-1.46,0,0,3,3717934.0,"[22, 55, 66]",1264,63.0,41.6,0.897,11.0,11.0,0.0702,0.0885,0.692,0.0192,0.0651,0.27,0.6,,0.1
OCS,daily,3.0,ANTI,,,81,2026-05-27 00:00,2026-09-21 00:00,10.14,29.65,9.91,2.99,-0.2,-0.7,0.01,25.5,False,-1.7,-1.46,0,0,3,3740126.0,"[25, 58, 69]",1261,63.0,41.6,0.897,11.0,11.0,0.0752,0.2465,0.012,0.0192,0.0651,0.26,0.59,,0.1
OCTV,daily,1.5,,,,76,2026-06-03 00:00,2026-09-21 00:00,19.21,21.77,15.5,1.4,0.23,,0.59,54.8,False,-0.14,0.01,0,0,3,27623908.0,"[21, 42, 61]",8,66.1,64.6,1.018,19.0,14.0,0.0657,0.0741,0.671,0.0154,0.0248,0.23,1.76,,0.03
OCTV,daily,2.0,,,,84,2026-05-21 00:00,2026-09-21 00:00,19.21,25.11,15.5,1.62,0.03,,0.39,54.8,False,-0.14,0.01,0,0,4,27623908.0,"[7, 29, 50, 69]",0,66.1,64.6,1.018,19.0,14.0,0.0657,0.0885,0.56,0.0154,0.0248,0.23,1.76,,0.02
OCTV,daily,3.0,,,,84,2026-05-21 00:00,2026-09-21 00:00,19.21,25.11,15.5,1.62,0.03,,0.39,54.8,False,-0.14,0.01,0,0,4,27623908.0,"[7, 29, 50, 69]",0,66.1,64.6,1.018,19.0,14.0,0.0657,0.0885,0.56,0.0154,0.0248,0.23,1.76,,0.02
OCUL,weekly,1.5,,,,38,2026-01-09 00:00,2026-09-25 00:00,9.99,11.27,7.55,1.49,0.14,-0.48,0.66,51.6,True,0.37,0.54,0,0,4,139300725.0,"[8, 14, 26, 32]",598,54.0,58.7,1.086,6.0,5.0,0.073,0.0985,0.684,0.0245,0.0501,0.34,0.75,,0.05
OCUL,weekly,2.0,,,,71,2025-05-23 00:00,2026-09-25 00:00,9.99,14.56,7.3,1.99,-0.26,-0.36,0.37,51.6,True,0.37,0.54,0,0,6,135531582.0,"[41, 47, 59, 65]",565,54.0,58.7,1.086,6.0,5.0,0.1275,0.159,0.676,0.0245,0.0501,0.19,0.77,,0.04
OCUL,weekly,3.0,,,,126,2024-05-03 00:00,2026-09-25 00:00,9.99,14.56,4.94,2.95,0.31,-0.54,0.52,51.6,True,0.37,0.54,0,0,11,90985360.0,"[96, 102, 114, 120]",510,54.0,58.7,1.086,6.0,5.0,0.1416,0.2072,0.746,0.0245,0.0501,0.17,1.15,,0.02
ODD,weekly,2.0,,,,31,2026-02-27 00:00,2026-09-25 00:00,18.29,18.29,9.81,1.86,0.34,-0.87,1.0,51.2,True,0.94,0.54,0,0,2,85994392.0,"[8, 18]",136,29.6,44.5,1.115,10.0,12.0,0.0755,0.1387,0.71,0.0752,0.1134,1.0,0.64,,0.0
ODD,weekly,3.0,,,,31,2026-02-27 00:00,2026-09-25 00:00,18.29,18.29,9.81,1.86,0.34,-0.87,1.0,51.2,True,0.94,0.54,0,0,2,85994392.0,"[8, 18]",136,29.6,44.5,1.115,10.0,12.0,0.0755,0.1387,0.71,0.0752,0.1134,1.0,0.64,,0.0
ODD,daily,2.0,COMP,,,144,2026-02-25 00:00,2026-09-21 00:00,18.29,19.27,9.81,1.96,0.22,-0.84,0.9,61.6,True,1.05,1.43,0,0,11,17012301.0,"[105, 110, 127, 138]",653,56.4,68.9,1.256,11.0,5.0,0.0863,0.1365,0.778,0.0099,0.0735,0.11,1.81,,0.02
ODD,daily,3.0,,,,145,2026-02-24 00:00,2026-09-21 00:00,18.29,29.02,9.81,2.96,0.07,-0.84,0.44,61.6,True,1.05,1.43,0,0,11,17093640.0,"[106, 111, 128, 139]",652,56.4,68.9,1.256,11.0,5.0,0.0877,0.1599,0.393,0.0099,0.0735,0.11,1.8,,0.02
ODFL,weekly,1.5,ANTI,,,38,2026-01-09 00:00,2026-09-25 00:00,175.36,245.37,172.4,1.42,0.29,-0.23,0.04,37.3,False,-1.18,-0.55,0,1,4,1841850109.0,"[4, 15, 22, 27]",888,72.7,63.0,0.952,5.0,10.0,0.0766,0.0987,0.579,0.0801,0.079,1.05,0.82,,0.0
OEC,weekly,2.0,,,,55,2025-09-12 00:00,2026-09-25 00:00,5.93,9.14,4.62,1.98,0.12,-0.83,0.29,45.1,False,-0.47,-0.85,0,0,4,18433877.0,"[22, 33, 39, 47]",581,59.8,53.1,0.88,8.0,7.0,0.1073,0.1657,0.6,0.0442,0.0637,0.41,0.72,,0.02
OEC,daily,1.5,,,,67,2026-06-16 00:00,2026-09-21 00:00,5.93,7.91,5.34,1.48,-0.39,-0.35,0.23,46.3,False,-0.02,-0.32,0,0,4,2996918.0,"[24, 29, 35, 51]",2990,60.9,47.9,0.834,16.0,15.0,0.0741,0.0924,0.657,0.0069,0.0137,0.09,0.76,,0.01
OFLX,weekly,1.5,ANTI,,,87,2025-01-31 00:00,2026-09-25 00:00,25.75,38.25,25.58,1.5,-0.36,-0.77,0.01,37.2,False,-0.54,-0.85,0,0,9,5102757.0,"[53, 64, 73, 79]",839,52.8,51.5,0.975,6.0,7.0,0.0678,0.0987,0.632,0.0475,0.0582,0.7,0.9,,0.02
OFRM,daily,1.5,ANTI,,,76,2026-06-03 00:00,2026-09-21 00:00,16.4,21.88,14.77,1.48,-0.27,-0.43,0.23,44.6,False,-0.34,-0.29,0,1,7,7087243.0,"[46, 53, 63, 70]",81,54.8,49.2,0.955,7.0,5.0,0.0582,0.0957,0.618,0.0118,0.0229,0.2,0.97,,0.04
OGC,weekly,2.0,,,,52,2025-10-03 00:00,2026-09-25 00:00,27.95,42.16,22.01,1.92,0.09,0.07,0.29,48.9,False,-0.08,-0.61,0,0,6,14539254.0,"[21, 28, 39, 46]",874,43.8,56.6,1.192,7.0,5.0,0.113,0.1636,0.558,0.0371,0.0775,0.33,4.68,,0.0
OGC,weekly,3.0,,,,60,2025-08-08 00:00,2026-09-25 00:00,27.95,42.16,16.21,2.6,0.33,0.06,0.45,48.9,False,-0.08,-0.61,0,0,6,7945397.0,"[29, 36, 47, 54]",866,43.8,56.6,1.192,7.0,5.0,0.14,0.2073,0.717,0.0371,0.0775,0.26,8.56,,0.0
OGC,daily,1.5,DIVDN,DN,strict,88,2026-05-15 00:00,2026-09-21 00:00,27.95,31.45,22.11,1.42,0.23,-0.48,0.63,44.1,False,-0.87,-0.15,0,1,7,11046815.0,"[45, 63, 69, 79]",4368,68.8,59.9,0.993,10.0,8.0,0.0847,0.0966,0.523,0.017,0.03,0.2,1.52,,0.02
OGN,weekly,3.0,COMP,,,104,2024-10-04 00:00,2026-09-25 00:00,13.68,17.43,5.82,2.99,-0.31,-0.79,0.68,70.7,True,0.54,1.13,0,0,9,190487690.0,"[60, 68, 85, 91]",177,71.8,71.9,1.009,6.0,12.0,0.2406,0.2748,0.548,0.004,0.008,0.02,0.96,,0.05
OGN,daily,1.5,,,,103,2026-04-24 00:00,2026-09-21 00:00,13.68,13.78,11.23,1.23,0.24,0.15,0.96,50.6,False,-1.4,-0.02,0,0,10,36690271.0,"[61, 77, 85, 92]",1241,76.9,76.6,1.001,7.0,10.0,0.0089,0.0202,0.01,0.0011,0.0022,0.12,0.77,,0.4
OIS,weekly,2.0,,,,43,2025-12-05 00:00,2026-09-25 00:00,8.31,13.09,6.78,1.93,-0.07,-0.02,0.24,45.9,False,-0.47,-1.13,0,0,2,31079644.0,"[12, 36]",883,88.7,51.2,0.682,24.0,6.0,0.0581,0.1845,0.488,0.0203,0.0285,0.35,0.74,,0.0
OIS,daily,1.5,ANTI,,,98,2026-05-01 00:00,2026-09-21 00:00,8.31,11.23,7.58,1.48,-0.11,-0.47,0.2,42.8,False,-0.46,-0.19,0,1,8,5323160.0,"[48, 55, 73, 85]",4358,63.6,58.3,0.978,12.0,12.0,0.0324,0.0639,0.48,0.0089,0.0186,0.27,0.72,,0.04
OLLI,daily,1.5,,,,106,2026-04-21 00:00,2026-09-21 00:00,79.71,92.05,61.88,1.49,-0.38,-0.51,0.59,59.4,False,-0.06,-0.02,0,2,8,130178611.0,"[61, 75, 83, 100]",2706,61.4,55.3,0.97,17.0,5.0,0.0502,0.0823,0.745,0.0199,0.0264,0.4,0.97,,0.0
OLMA,daily,1.5,ANTI,,,83,2026-05-22 00:00,2026-09-21 00:00,9.63,13.68,9.19,1.49,-0.27,-0.69,0.1,37.0,False,-0.17,-0.43,0,0,6,12363753.0,"[43, 52, 60, 73]",1381,50.1,50.8,0.971,13.0,9.0,0.0632,0.0903,0.675,0.0183,0.0447,0.29,0.97,,0.04
OLN,weekly,2.0,ANTI,,,93,2024-12-20 00:00,2026-09-25 00:00,16.54,31.74,16.54,1.92,-0.23,-0.71,0.0,34.8,False,-1.09,-3.07,0,0,7,269167593.0,"[38, 60, 66, 83]",833,62.5,48.2,0.805,17.0,9.0,0.1183,0.1622,0.548,0.0344,0.0628,0.29,0.84,,0.01
OLP,weekly,1.5,,,,134,2024-03-08 00:00,2026-09-25 00:00,22.9,26.35,18.51,1.42,0.2,-0.18,0.56,45.7,True,-0.37,0.28,0,0,11,6862248.0,"[77, 104, 110, 121]",792,63.8,68.3,1.095,11.0,12.0,0.0614,0.0843,0.657,0.0067,0.0178,0.11,1.08,,0.04
OMAB,weekly,1.5,ANTI,,,72,2025-05-16 00:00,2026-09-25 00:00,99.56,131.13,87.71,1.49,0.36,0.05,0.27,44.4,False,-0.3,-0.36,0,1,7,40133669.0,"[40, 46, 57, 64]",854,57.3,54.0,0.969,7.0,7.0,0.0624,0.0881,0.583,0.0207,0.0355,0.33,0.93,,0.03
OMCL,weekly,1.5,ANTI,,,34,2026-02-06 00:00,2026-09-25 00:00,32.43,45.87,32.23,1.42,-0.17,-0.36,0.01,39.4,False,-0.52,-0.79,0,0,3,118226576.0,"[4, 15, 23]",892,59.6,60.2,1.033,8.0,10.0,0.0924,0.1093,0.382,0.0414,0.0784,0.45,0.83,,0.0
OMDA,weekly,3.0,,,,69,2025-06-06 00:00,2026-09-25 00:00,20.61,25.87,11.31,2.29,-0.02,,0.64,50.8,True,0.88,2.03,0,0,4,68256926.0,"[20, 33, 40, 58]",0,33.7,66.4,1.631,18.0,10.0,0.1708,0.214,0.522,0.0321,0.0492,0.19,1.91,,0.0
ONC,weekly,1.5,COMP,,,64,2025-07-11 00:00,2026-09-25 00:00,365.67,374.47,250.3,1.5,0.12,-0.08,0.93,61.6,True,0.71,0.76,0,0,5,423376764.0,"[18, 32, 40, 58]",492,52.9,66.5,1.156,18.0,5.0,0.069,0.0866,0.688,0.0213,0.0554,0.31,1.49,,0.02
ONDS,weekly,3.0,ANTI,,,57,2025-08-29 00:00,2026-09-25 00:00,7.38,13.69,5.63,2.43,0.08,0.25,0.22,44.6,False,-0.46,-1.68,0,0,6,3035875571.0,"[28, 34, 39, 50]",300,63.1,51.7,0.699,11.0,6.0,0.1391,0.1985,0.614,0.0586,0.0347,0.42,0.83,,0.02
ONDS,daily,1.5,ANTI,,,69,2026-06-12 00:00,2026-09-21 00:00,7.38,9.77,6.53,1.5,-0.16,-0.53,0.26,42.8,False,-0.6,-1.08,0,0,5,557463068.0,"[17, 29, 41, 52]",1479,65.1,52.5,0.896,11.0,16.0,0.0702,0.101,0.623,0.0041,0.0203,0.06,0.84,,0.07
ONDS,daily,2.0,ANTI,,,76,2026-06-03 00:00,2026-09-21 00:00,7.38,11.97,6.53,1.83,-0.3,-0.53,0.16,42.8,False,-0.6,-1.08,0,0,5,565249288.0,"[24, 36, 48, 59]",1472,65.1,52.5,0.896,11.0,16.0,0.0858,0.1307,0.5,0.0041,0.0203,0.05,0.83,,0.07
ONEW,weekly,1.5,,,,26,2026-04-03 00:00,2026-09-25 00:00,9.57,13.47,9.14,1.47,0.19,-0.7,0.1,41.1,True,0.18,0.34,0,0,2,5407402.0,"[5, 15]",321,51.4,58.4,1.117,10.0,10.0,0.0723,0.0937,0.654,0.0391,0.0663,0.54,0.98,,0.04
ONEW,weekly,2.0,,,,48,2025-10-31 00:00,2026-09-25 00:00,9.57,15.53,8.44,1.84,-0.22,-0.75,0.16,41.1,True,0.18,0.34,0,0,3,7052827.0,"[12, 27, 37]",299,51.4,58.4,1.117,10.0,10.0,0.0734,0.1364,0.688,0.0391,0.0663,0.53,0.75,,0.02
ONIT,daily,1.5,ANTI,,,97,2026-05-04 00:00,2026-09-21 00:00,31.71,47.29,31.71,1.49,-0.14,-0.41,0.0,30.4,False,-0.29,-0.57,0,0,8,2412522.0,"[59, 70, 86, 92]",4359,45.3,43.8,0.98,6.0,4.0,0.0485,0.064,0.68,0.0137,0.0116,0.28,0.92,,0.03
ONT,weekly,3.0,ANTI,,,115,2024-07-19 00:00,2026-09-25 00:00,17.48,33.95,11.85,2.86,-0.22,-0.78,0.25,44.5,False,0.15,-0.62,0,0,9,48808490.0,"[66, 73, 84, 106]",208,58.6,50.8,0.718,22.0,8.0,0.191,0.224,0.661,0.0305,0.0856,0.16,1.09,,0.01
ONTO,daily,1.5,,,,37,2026-07-30 00:00,2026-09-21 00:00,275.98,351.16,243.64,1.44,-0.38,-0.36,0.3,51.0,False,-0.44,-0.99,0,0,3,257916597.0,"[12, 20, 30]",4419,48.4,49.5,0.961,10.0,6.0,0.0538,0.0974,0.486,0.0482,0.0505,0.9,0.84,,0.03
ONTO,daily,2.0,,,,132,2026-03-13 00:00,2026-09-21 00:00,275.98,378.45,189.27,2.0,0.29,-0.16,0.46,51.0,False,-0.44,-0.99,0,0,12,284724227.0,"[88, 107, 115, 125]",4324,48.4,49.5,0.961,10.0,6.0,0.0766,0.1382,0.78,0.0482,0.0505,0.63,0.76,,0.01
OPCH,weekly,1.5,,,,28,2026-03-20 00:00,2026-09-25 00:00,23.95,29.0,19.52,1.49,-0.31,-0.46,0.47,48.1,True,0.6,-0.22,0,0,2,238276328.0,"[3, 13]",898,44.4,37.0,0.758,10.0,14.0,0.0705,0.1197,0.393,0.0075,0.0215,0.11,0.85,,0.0
OPCH,daily,1.5,,,,113,2026-04-10 00:00,2026-09-21 00:00,23.95,29.0,19.52,1.49,-0.06,-0.47,0.47,52.3,True,-0.08,0.1,0,0,10,50791651.0,"[75, 83, 95, 101]",4343,60.3,63.0,1.017,6.0,11.0,0.0682,0.1063,0.407,0.0165,0.0134,0.24,1.32,,0.07
OPFI,weekly,3.0,ANTI,,,99,2024-11-08 00:00,2026-09-25 00:00,6.45,16.42,6.3,2.61,-0.18,0.25,0.01,35.7,False,-0.15,-0.89,1,0,7,34979976.0,"[46, 59, 77, 86]",207,52.2,58.3,1.047,9.0,12.0,0.116,0.1971,0.657,0.0625,0.1742,0.54,0.71,,0.02
OPFI,daily,1.5,,,,31,2026-08-07 00:00,2026-09-21 00:00,6.45,9.4,6.45,1.46,-0.17,-0.36,0.0,32.6,True,0.54,0.03,0,0,2,6333306.0,"[12, 24]",1432,37.8,56.6,1.093,12.0,6.0,0.0238,0.0797,0.323,0.0743,0.0369,3.12,1.23,,0.0
OPFI-WS,weekly,3.0,ANTI,,,99,2024-11-08 00:00,2026-09-25 00:00,6.45,16.94,6.45,2.63,-0.21,-0.42,0.0,35.7,False,-0.15,-0.89,1,0,7,34979976.0,"[46, 59, 77, 86]",51,52.1,58.2,1.047,9.0,12.0,0.1262,0.1972,0.616,0.0625,0.1742,0.5,0.71,,0.02
OPFI-WS,daily,1.5,,,,31,2026-08-07 00:00,2026-09-21 00:00,6.45,9.4,6.45,1.46,-0.17,-0.36,0.0,32.6,True,0.54,0.03,0,0,2,6334331.0,"[12, 24]",681,37.8,56.6,1.093,12.0,6.0,0.0238,0.0797,0.323,0.0743,0.0369,3.12,1.23,,0.0
OPHC,daily,1.5,,,,39,2026-07-28 00:00,2026-09-21 00:00,9.2,10.1,7.05,1.43,0.31,0.06,0.7,57.0,False,-0.73,-0.27,0,1,2,1224663.0,"[4, 14]",3829,91.5,80.9,1.093,10.0,24.0,0.0143,0.0751,0.795,0.0082,0.011,0.57,0.79,,0.03
OPLN,weekly,1.5,,,,26,2026-04-03 00:00,2026-09-25 00:00,34.77,42.9,29.62,1.45,0.29,-0.05,0.39,49.2,True,-0.72,0.44,0,0,2,160490603.0,"[5, 12]",851,76.9,74.7,1.132,7.0,13.0,0.0705,0.0928,0.654,0.0104,0.0417,0.15,1.39,,0.0
OPLN,daily,1.5,,,,120,2026-03-31 00:00,2026-09-21 00:00,34.77,42.9,29.15,1.47,0.36,-0.08,0.41,45.3,True,0.58,0.06,0,0,8,31879649.0,"[60, 72, 85, 114]",4098,58.0,48.4,0.862,29.0,5.0,0.0713,0.0933,0.6,0.0098,0.0077,0.14,1.11,,0.07
OPRT,weekly,2.0,COMP,,,87,2025-01-31 00:00,2026-09-25 00:00,8.32,8.32,4.22,1.97,0.04,-0.45,1.0,69.4,True,0.82,1.55,0,0,8,12976476.0,"[45, 51, 63, 79]",279,57.6,71.9,1.376,16.0,7.0,0.1099,0.17,0.598,0.0324,0.088,0.29,1.03,,0.01
OPRT,weekly,3.0,COMP,,,99,2024-11-08 00:00,2026-09-25 00:00,8.32,8.32,3.08,2.7,0.29,-0.6,1.0,69.4,True,0.82,1.55,0,0,9,12406866.0,"[57, 63, 75, 91]",267,57.6,71.9,1.376,16.0,7.0,0.1426,0.2105,0.697,0.0324,0.088,0.23,1.08,,0.01
OPRX,weekly,2.0,,,,33,2026-02-13 00:00,2026-09-25 00:00,7.56,8.75,4.94,1.77,0.09,-0.77,0.69,50.8,True,1.1,0.99,0,0,2,10740602.0,"[9, 26]",893,34.6,58.4,1.216,17.0,6.0,0.1113,0.1592,0.636,0.0432,0.0823,0.39,0.51,,0.03
OPRX,daily,2.0,,,,152,2026-02-12 00:00,2026-09-21 00:00,7.56,8.78,4.54,1.93,0.07,-0.79,0.71,51.0,False,-0.92,-0.47,0,1,13,2148808.0,"[106, 125, 139, 146]",4304,61.3,55.7,0.971,7.0,5.0,0.0954,0.1556,0.625,0.0199,0.0357,0.21,0.36,,0.02
OPTX,weekly,3.0,,,,36,2026-01-23 00:00,2026-09-25 00:00,7.89,13.25,4.71,2.81,0.21,-0.26,0.37,49.9,False,-1.16,-1.08,0,0,4,28888494.0,"[2, 11, 20, 29]",208,73.2,52.9,0.665,9.0,6.0,0.1563,0.2286,0.639,0.0861,0.0937,0.55,0.35,,0.0
OPTX,daily,1.5,,,,37,2026-07-30 00:00,2026-09-21 00:00,7.89,9.01,6.25,1.44,-0.27,-0.56,0.59,53.4,False,-0.61,-1.12,0,0,4,2014272.0,"[3, 12, 20, 27]",1130,53.6,46.3,0.889,7.0,9.0,0.0857,0.1018,0.514,0.0538,0.0645,0.63,0.87,,0.0
OPTX,daily,2.0,,,,56,2026-07-02 00:00,2026-09-21 00:00,7.89,10.88,5.88,1.85,-0.25,-0.58,0.4,53.4,False,-0.61,-1.12,0,0,5,2234735.0,"[22, 31, 39, 46]",1111,53.6,46.3,0.889,7.0,9.0,0.087,0.1223,0.75,0.0538,0.0645,0.62,0.78,,0.0
OR,weekly,2.0,,,,71,2025-05-23 00:00,2026-09-25 00:00,36.11,47.22,24.81,1.9,0.33,0.03,0.5,52.5,False,-0.01,-0.55,0,0,6,162124062.0,"[35, 40, 47, 66]",569,56.9,55.8,0.879,19.0,4.0,0.0931,0.1498,0.676,0.0256,0.1013,0.27,0.97,,0.03
OR,daily,1.5,,,,106,2026-04-21 00:00,2026-09-21 00:00,36.11,40.37,28.05,1.44,-0.23,-0.41,0.65,52.5,True,-0.67,0.17,0,0,5,31753025.0,"[27, 39, 76, 87]",2941,67.2,77.4,1.154,11.0,18.0,0.0613,0.0965,0.604,0.0107,0.0171,0.17,1.19,,0.04
ORA,weekly,1.5,ANTI,,,53,2025-09-26 00:00,2026-09-25 00:00,96.52,139.85,94.47,1.48,0.02,0.0,0.05,39.6,False,-1.09,-1.08,0,0,4,396884442.0,"[3, 18, 36, 46]",873,75.3,50.5,0.82,10.0,6.0,0.0458,0.0932,0.679,0.053,0.0506,1.16,1.04,,0.04
ORCL,weekly,3.0,,,,142,2024-01-12 00:00,2026-09-25 00:00,148.56,305.18,103.66,2.94,0.31,-0.15,0.22,45.9,False,-0.17,-1.04,0,0,11,11452209412.0,"[88, 104, 113, 124]",784,37.6,63.8,1.461,11.0,17.0,0.1587,0.2689,0.458,0.0108,0.0261,0.07,1.71,,0.01
ORCL,daily,1.5,,,,63,2026-06-23 00:00,2026-09-21 00:00,148.56,164.59,114.99,1.43,0.27,-0.53,0.68,50.5,True,-0.08,0.12,0,0,5,4439103432.0,"[19, 36, 46, 53]",4393,57.3,63.4,1.07,7.0,9.0,0.0328,0.0811,0.698,0.0196,0.0301,0.6,1.21,,0.02
ORCL,daily,2.0,,,,74,2026-06-05 00:00,2026-09-21 00:00,148.56,212.94,114.99,1.85,-0.29,-0.53,0.34,50.5,True,-0.08,0.12,0,0,5,4452530974.0,"[30, 47, 57, 64]",4382,57.3,63.4,1.07,7.0,9.0,0.0414,0.1424,0.73,0.0196,0.0301,0.47,1.2,,0.03
ORIC,weekly,2.0,COMP,,,70,2025-05-30 00:00,2026-09-25 00:00,12.67,14.2,7.5,1.89,0.17,-0.5,0.77,55.6,True,0.73,1.56,0,0,5,71153812.0,"[19, 33, 40, 64]",266,62.6,63.8,1.036,24.0,5.0,0.1159,0.1563,0.629,0.0318,0.0655,0.27,1.02,,0.0
ORIC,weekly,3.0,COMP,,,71,2025-05-23 00:00,2026-09-25 00:00,12.67,14.2,6.35,2.24,0.19,-0.58,0.81,55.6,True,0.73,1.56,0,0,5,70857407.0,"[20, 34, 41, 65]",265,62.6,63.8,1.036,24.0,5.0,0.1176,0.1636,0.676,0.0318,0.0655,0.27,1.02,,0.0
ORKA,daily,1.5,,,,64,2026-06-22 00:00,2026-09-21 00:00,93.38,113.08,82.09,1.38,0.39,0.07,0.36,46.6,False,-0.99,-0.81,0,0,6,77147343.0,"[12, 20, 27, 40]",4392,64.8,75.8,1.156,13.0,23.0,0.0493,0.081,0.656,0.0148,0.0109,0.3,1.04,,0.0
ORN,weekly,2.0,ANTI,,,50,2025-10-17 00:00,2026-09-25 00:00,9.18,16.41,8.26,1.99,0.17,-0.27,0.11,36.3,False,-1.31,-2.11,0,0,5,18991816.0,"[8, 16, 30, 36]",876,69.8,70.6,1.091,6.0,13.0,0.1514,0.1829,0.5,0.0097,0.0542,0.06,0.95,,0.06
OSCR,weekly,3.0,COMP,,,140,2024-01-26 00:00,2026-09-25 00:00,31.29,32.77,11.14,2.94,0.39,-0.03,0.93,60.9,True,0.37,2.41,0,0,13,453922975.0,"[96, 102, 110, 127]",151,44.8,79.9,2.325,17.0,12.0,0.1456,0.2935,0.4,0.0212,0.0284,0.15,1.68,,0.01
OSG,weekly,2.0,ANTI,,,39,2026-01-02 00:00,2026-09-25 00:00,4.42,7.47,3.94,1.9,-0.27,-0.78,0.14,37.4,False,0.21,-0.06,0,0,3,12837964.0,"[5, 19, 25]",661,47.4,58.3,1.178,6.0,13.0,0.1085,0.1357,0.692,0.0401,0.0872,0.37,0.93,,0.0
OSIS,weekly,2.0,ANTI,,,89,2025-01-17 00:00,2026-09-25 00:00,200.4,309.68,166.56,1.86,0.25,-0.08,0.24,39.6,False,-0.5,-1.52,1,0,9,248178292.0,"[57, 65, 73, 81]",837,43.8,49.4,1.047,8.0,7.0,0.1018,0.1359,0.697,0.0155,0.04,0.15,0.96,,0.02
OSPN,weekly,2.0,COMP,,,127,2024-04-26 00:00,2026-09-25 00:00,17.6,19.09,9.96,1.92,-0.08,-0.44,0.84,72.6,True,1.16,1.61,0,0,9,28922826.0,"[74, 89, 109, 119]",799,68.2,73.1,1.162,10.0,7.0,0.1257,0.1535,0.622,0.0153,0.0599,0.12,1.02,,0.02
OSUR,weekly,2.0,,,,120,2024-06-14 00:00,2026-09-25 00:00,3.69,4.48,2.27,1.97,-0.38,-0.73,0.64,51.7,True,-0.4,0.69,0,0,9,10220666.0,"[77, 90, 96, 102]",806,59.3,76.1,1.361,6.0,17.0,0.1483,0.1829,0.525,0.0494,0.0465,0.33,0.85,,0.05
OSUR,weekly,3.0,,,,133,2024-03-15 00:00,2026-09-25 00:00,3.69,6.65,2.27,2.93,-0.4,-0.73,0.32,51.7,True,-0.4,0.69,0,0,9,10936314.0,"[90, 103, 109, 115]",793,59.3,76.1,1.361,6.0,17.0,0.1657,0.2382,0.526,0.0494,0.0465,0.3,0.8,,0.05
OSUR,daily,1.5,,,,88,2026-05-15 00:00,2026-09-21 00:00,3.69,4.5,3.0,1.5,-0.29,-0.07,0.46,54.6,False,-0.04,-0.47,0,0,6,2009700.0,"[29, 54, 61, 67]",4367,49.7,47.3,0.965,6.0,20.0,0.068,0.0936,0.545,0.0274,0.0287,0.4,1.22,,0.02
OTEX,weekly,1.5,,,,37,2026-01-16 00:00,2026-09-25 00:00,23.08,29.2,20.38,1.43,-0.16,-0.48,0.31,46.6,True,0.67,0.34,2,0,3,205057979.0,"[7, 16, 28]",889,44.9,54.0,1.037,12.0,8.0,0.0414,0.0735,0.622,0.0262,0.0377,0.63,0.77,,0.03
OUST,daily,2.0,,,,84,2026-05-21 00:00,2026-09-21 00:00,38.12,62.52,31.3,2.0,-0.28,-0.1,0.22,53.5,False,-0.22,-0.9,0,0,7,138727535.0,"[40, 50, 58, 74]",1409,59.2,47.8,0.77,16.0,9.0,0.1063,0.143,0.524,0.0191,0.0287,0.18,0.5,,0.01
OUST,daily,3.0,,,,112,2026-04-13 00:00,2026-09-21 00:00,38.12,62.52,21.88,2.86,0.25,-0.21,0.4,53.5,False,-0.22,-0.9,0,0,10,133383246.0,"[68, 78, 86, 102]",1381,59.2,47.8,0.77,16.0,9.0,0.1462,0.2084,0.741,0.0191,0.0287,0.13,0.52,,0.02
OWLT,weekly,1.5,,,,29,2026-03-13 00:00,2026-09-25 00:00,4.98,6.66,4.65,1.43,-0.04,-0.71,0.16,42.4,True,0.45,-0.16,0,0,3,5381504.0,"[10, 17, 22]",279,44.9,51.3,1.094,5.0,6.0,0.0673,0.0885,0.483,0.0461,0.0577,0.68,0.99,,0.0
OWLT,weekly,2.0,,,,30,2026-03-06 00:00,2026-09-25 00:00,4.98,7.26,4.65,1.56,-0.17,-0.71,0.13,42.4,True,0.45,-0.16,0,0,3,5626839.0,"[11, 18, 23]",278,44.9,51.3,1.094,5.0,6.0,0.0662,0.1084,0.367,0.0461,0.0577,0.7,0.95,,0.0
OWLT,daily,1.5,,,,136,2026-03-09 00:00,2026-09-21 00:00,4.98,6.66,4.44,1.5,-0.08,-0.73,0.24,49.1,False,-0.78,-1.11,0,0,10,1088412.0,"[79, 86, 110, 123]",1338,71.5,42.8,0.76,13.0,12.0,0.0604,0.0865,0.676,0.0107,0.0422,0.18,0.76,,0.05
OWLT,daily,2.0,,,,137,2026-03-06 00:00,2026-09-21 00:00,4.98,7.26,4.44,1.64,-0.09,-0.73,0.19,49.1,False,-0.78,-1.11,0,0,10,1090600.0,"[80, 87, 111, 124]",1337,71.5,42.8,0.76,13.0,12.0,0.0604,0.0912,0.606,0.0107,0.0422,0.18,0.75,,0.05
OXM,daily,1.5,ANTI,,,70,2026-06-11 00:00,2026-09-21 00:00,28.04,41.08,28.04,1.47,-0.32,-0.4,0.0,25.0,False,-0.88,-1.35,0,0,5,13746840.0,"[26, 37, 52, 63]",4386,58.0,33.6,0.813,11.0,6.0,0.0454,0.086,0.6,0.0394,0.0367,0.87,1.1,,0.06
OXY,weekly,1.5,,,,36,2026-01-23 00:00,2026-09-25 00:00,57.25,64.72,43.49,1.49,0.39,-0.34,0.65,52.8,True,-0.25,0.14,0,0,2,2803594456.0,"[9, 30]",890,84.6,61.8,0.943,21.0,5.0,0.0555,0.0914,0.694,0.0214,0.0279,0.39,0.78,,0.0
OXY-WT,weekly,2.0,,,,36,2026-01-23 00:00,2026-09-25 00:00,35.29,43.35,22.17,1.96,0.36,-0.53,0.62,52.3,True,-0.25,0.18,0,0,2,11217165.0,"[9, 30]",282,84.1,61.6,0.908,21.0,5.0,0.0832,0.1474,0.722,0.0362,0.0487,0.44,0.66,,0.0
P,daily,1.5,,,,35,2026-08-03 00:00,2026-09-21 00:00,113.66,118.16,80.14,1.47,0.08,-0.09,0.88,65.4,False,-0.95,-0.47,0,0,2,306887208.0,"[9, 25]",3804,84.1,54.8,0.856,16.0,9.0,0.0634,0.0994,0.6,0.0404,0.0305,0.64,0.98,,0.03
PAAS,weekly,2.0,,,,56,2025-09-05 00:00,2026-09-25 00:00,48.75,68.06,34.15,1.99,0.34,0.02,0.43,48.9,False,-0.24,-0.7,0,0,5,1279383147.0,"[16, 25, 32, 50]",870,57.8,54.0,0.902,18.0,5.0,0.1099,0.1697,0.714,0.0261,0.0538,0.24,0.8,,0.02
PAAS,daily,1.5,,,,89,2026-05-14 00:00,2026-09-21 00:00,48.75,60.68,41.63,1.46,-0.09,-0.39,0.37,46.5,False,-0.55,-0.09,0,2,7,201620748.0,"[46, 61, 70, 80]",4367,66.5,56.9,0.976,10.0,8.0,0.082,0.0898,0.596,0.016,0.0238,0.2,0.73,,0.02
PAC,weekly,1.5,ANTI,,,73,2025-05-09 00:00,2026-09-25 00:00,208.0,300.41,202.78,1.48,-0.01,0.02,0.05,40.1,False,-0.61,-1.06,0,0,6,111081510.0,"[33, 41, 50, 58]",853,56.2,53.1,0.948,8.0,14.0,0.0623,0.092,0.534,0.0123,0.0245,0.2,1.07,,0.0
PAGS,weekly,1.5,,,,77,2025-04-11 00:00,2026-09-25 00:00,9.47,10.7,7.18,1.49,0.37,-0.44,0.65,53.5,False,-0.09,-0.31,0,0,7,184649022.0,"[33, 42, 53, 68]",376,60.5,52.3,0.877,15.0,8.0,0.0582,0.0885,0.714,0.0463,0.0367,0.8,0.66,,0.0
PAHC,weekly,2.0,ANTI,,,59,2025-08-15 00:00,2026-09-25 00:00,34.68,57.47,30.19,1.9,-0.13,-0.0,0.16,44.1,False,-0.6,-2.02,0,1,4,54120403.0,"[5, 13, 28, 34]",592,73.6,70.5,1.063,6.0,24.0,0.1134,0.1883,0.424,0.0265,0.0392,0.23,0.64,,0.0
PAHC,weekly,3.0,,,,73,2025-05-09 00:00,2026-09-25 00:00,34.68,57.47,22.01,2.61,0.32,-0.12,0.36,44.1,False,-0.6,-2.02,0,1,5,48050861.0,"[19, 27, 42, 48]",578,73.6,70.5,1.063,6.0,24.0,0.1333,0.2412,0.616,0.0265,0.0392,0.2,0.72,,0.0
PAHC,daily,1.5,,DN,broad,93,2026-05-08 00:00,2026-09-21 00:00,34.68,39.92,28.31,1.41,0.37,-0.52,0.55,42.3,True,-0.49,0.04,0,0,6,8504344.0,"[46, 55, 72, 80]",3036,61.2,75.1,1.103,8.0,12.0,0.0523,0.0664,0.817,0.0155,0.0351,0.3,0.99,,0.02
PAHC,daily,2.0,,,,94,2026-05-07 00:00,2026-09-21 00:00,34.68,42.84,28.31,1.51,0.25,-0.52,0.44,42.3,True,-0.49,0.04,0,0,6,8506284.0,"[47, 56, 73, 81]",3035,61.2,75.1,1.103,8.0,12.0,0.0536,0.071,0.766,0.0155,0.0351,0.29,0.99,,0.02
PAM,weekly,1.5,,,,53,2025-09-26 00:00,2026-09-25 00:00,81.36,90.67,60.8,1.49,0.22,-0.36,0.69,48.4,False,-0.09,-0.03,0,0,4,83467056.0,"[7, 27, 37, 44]",833,58.5,57.6,0.998,7.0,8.0,0.0419,0.0876,0.453,0.018,0.0178,0.43,0.81,,0.0
PAM,weekly,2.0,,,,112,2024-08-09 00:00,2026-09-25 00:00,81.36,94.88,50.99,1.86,0.36,0.01,0.69,48.4,False,-0.09,-0.03,0,0,8,83798606.0,"[66, 86, 96, 103]",774,58.5,57.6,0.998,7.0,8.0,0.0748,0.1302,0.589,0.018,0.0178,0.24,0.81,,0.01
PANL,weekly,1.5,COMP,,,46,2025-11-14 00:00,2026-09-25 00:00,8.52,9.17,6.28,1.46,0.3,-0.23,0.77,62.0,True,0.23,0.41,0,0,3,15792428.0,"[3, 15, 26]",621,79.7,59.0,0.876,11.0,19.0,0.0834,0.0989,0.522,0.0341,0.0823,0.41,0.99,,0.02
PAR,weekly,2.0,,,,34,2026-02-06 00:00,2026-09-25 00:00,15.17,22.24,11.82,1.88,0.06,-0.85,0.32,39.7,True,0.92,1.36,1,0,2,90973713.0,"[4, 21]",892,28.2,46.6,0.991,17.0,12.0,0.0975,0.1593,0.618,0.0464,0.0752,0.48,0.88,,0.0
PAR,weekly,3.0,,,,36,2026-01-23 00:00,2026-09-25 00:00,15.17,31.6,11.82,2.67,-0.17,-0.85,0.17,39.7,True,0.92,1.36,1,0,2,96352031.0,"[6, 23]",890,28.2,46.6,0.991,17.0,12.0,0.1217,0.2267,0.417,0.0464,0.0752,0.38,0.83,,0.0
PATH,weekly,2.0,,,,122,2024-05-31 00:00,2026-09-25 00:00,13.59,18.67,9.38,1.99,0.05,-0.64,0.45,51.6,True,0.86,1.67,0,0,10,938247969.0,"[79, 94, 104, 117]",162,49.0,71.5,1.549,13.0,4.0,0.0811,0.1426,0.648,0.0873,0.1177,1.08,5.35,,0.01
PATH,daily,1.5,ANTI,,,36,2026-07-31 00:00,2026-09-21 00:00,13.59,18.67,12.76,1.46,-0.03,-0.03,0.14,40.7,False,-1.61,-1.0,0,0,3,978972854.0,"[7, 19, 30]",1325,78.6,45.7,0.8,11.0,5.0,0.0892,0.1092,0.444,0.0105,0.0216,0.12,0.77,,0.0
PAY,daily,1.5,ANTI,,,40,2026-07-27 00:00,2026-09-21 00:00,34.5,44.6,31.48,1.42,-0.16,0.06,0.23,42.6,False,-0.67,-0.61,0,0,4,39124459.0,"[2, 13, 28, 34]",1296,50.4,52.5,1.008,6.0,5.0,0.0504,0.0714,0.8,0.0087,0.0124,0.17,0.74,,0.0
PAYO,weekly,2.0,,,,83,2025-02-28 00:00,2026-09-25 00:00,7.11,8.55,4.32,1.98,-0.18,-0.61,0.66,64.1,True,1.14,1.66,0,0,8,94541904.0,"[48, 59, 69, 74]",228,66.4,66.5,1.006,5.0,8.0,0.0988,0.143,0.795,0.0014,0.0014,0.01,1.1,,0.07
PAYS,daily,1.5,,,,33,2026-08-05 00:00,2026-09-21 00:00,12.63,14.14,9.59,1.47,0.02,0.03,0.67,52.3,False,-1.66,-0.41,0,1,3,9991280.0,"[7, 12, 22]",4423,86.7,64.3,0.955,10.0,10.0,0.0318,0.0618,0.545,0.0263,0.0234,0.83,1.05,,0.0
PBR,daily,1.5,COMP,,,149,2026-02-18 00:00,2026-09-21 00:00,20.63,21.77,14.65,1.49,0.12,-0.03,0.84,58.3,True,0.68,0.84,0,0,14,341127944.0,"[113, 128, 136, 144]",4307,75.0,72.9,1.044,8.0,4.0,0.0749,0.0908,0.638,0.0095,0.0115,0.13,1.24,,0.03
PCG,weekly,1.5,ANTI,,,90,2025-01-10 00:00,2026-09-25 00:00,12.94,18.89,12.94,1.46,0.16,-0.39,0.0,27.9,False,-0.62,-0.73,0,2,6,1703626868.0,"[51, 59, 65, 80]",836,62.6,58.5,0.966,15.0,9.0,0.0506,0.0827,0.733,0.1346,0.0332,2.66,1.47,,0.01
PCG-P-X,weekly,1.5,ANTI,,,95,2024-12-06 00:00,2026-09-25 00:00,33.21,44.35,33.21,1.34,0.12,,0.0,27.5,False,-0.66,-0.55,0,1,6,23728570.0,"[45, 56, 64, 88]",0,69.0,60.4,0.985,24.0,6.0,0.0498,0.0696,0.684,0.1124,0.0256,2.26,1.8,,0.07
PCG-P-X,weekly,2.0,ANTI,,,95,2024-12-06 00:00,2026-09-25 00:00,33.21,44.35,33.21,1.34,0.12,,0.0,27.5,False,-0.66,-0.55,0,1,6,23728570.0,"[45, 56, 64, 88]",0,69.0,60.4,0.985,24.0,6.0,0.0498,0.0696,0.684,0.1124,0.0256,2.26,1.8,,0.07
PCG-P-X,weekly,3.0,ANTI,,,95,2024-12-06 00:00,2026-09-25 00:00,33.21,44.35,33.21,1.34,0.12,,0.0,27.5,False,-0.66,-0.55,0,1,6,23728570.0,"[45, 56, 64, 88]",0,69.0,60.4,0.985,24.0,6.0,0.0498,0.0696,0.684,0.1124,0.0256,2.26,1.8,,0.07
PCOR,daily,1.5,,,,41,2026-07-24 00:00,2026-09-21 00:00,51.69,63.72,42.83,1.49,0.13,-0.31,0.42,39.3,False,-1.6,-0.91,0,0,4,157902142.0,"[14, 20, 25, 35]",1299,68.2,49.0,0.89,10.0,5.0,0.0619,0.0864,0.561,0.0145,0.0295,0.23,0.78,,0.07
PCRX,weekly,1.5,,,,95,2024-12-06 00:00,2026-09-25 00:00,24.11,27.12,18.4,1.47,0.12,-0.61,0.65,48.6,True,0.12,0.35,0,0,7,73926103.0,"[40, 55, 71, 86]",722,56.3,63.1,1.068,15.0,8.0,0.0561,0.0834,0.6,0.0251,0.0193,0.45,0.89,,0.01
PCRX,weekly,2.0,,,,106,2024-09-20 00:00,2026-09-25 00:00,24.11,27.12,14.53,1.87,0.39,-0.74,0.76,48.6,True,0.12,0.35,0,0,7,70761505.0,"[51, 66, 82, 97]",711,56.3,63.1,1.068,15.0,8.0,0.0708,0.1276,0.434,0.0251,0.0193,0.35,0.93,,0.02
PCVX,weekly,3.0,,,,94,2024-12-13 00:00,2026-09-25 00:00,58.92,89.64,29.9,3.0,-0.12,-0.74,0.49,54.9,True,0.01,0.26,0,0,8,322474196.0,"[63, 70, 81, 88]",235,57.8,62.3,1.072,7.0,5.0,0.185,0.3168,0.543,0.0185,0.0216,0.1,0.9,,0.01
PDEX,daily,1.5,COMP,,,97,2026-05-04 00:00,2026-09-21 00:00,72.52,73.41,51.23,1.43,0.28,-0.04,0.96,60.3,True,-0.13,0.17,0,0,7,3923230.0,"[46, 63, 70, 86]",4257,63.8,68.5,1.081,16.0,10.0,0.0563,0.0717,0.794,0.0585,0.0723,1.04,1.3,,0.05
PDFS,weekly,2.0,,,,28,2026-03-20 00:00,2026-09-25 00:00,46.71,65.36,32.76,2.0,0.28,-0.13,0.43,50.5,False,-1.06,0.29,0,0,2,134926150.0,"[7, 13]",898,76.7,78.1,1.266,6.0,14.0,0.0767,0.1671,0.714,0.032,0.062,0.42,0.96,,0.0
PDFS,daily,2.0,DIVUP,UP,strict,115,2026-04-08 00:00,2026-09-21 00:00,46.71,70.79,36.95,1.92,0.03,0.03,0.29,52.3,False,0.06,-0.32,1,0,10,29559188.0,"[81, 90, 98, 105]",4341,45.5,52.3,1.037,7.0,9.0,0.0837,0.1477,0.557,0.0525,0.0522,0.63,0.93,,0.01
PDS,weekly,1.5,,,,43,2025-12-05 00:00,2026-09-25 00:00,84.02,100.81,68.26,1.48,0.34,-0.1,0.48,48.9,False,-0.62,-0.39,0,0,2,40661186.0,"[16, 37]",883,85.7,56.5,0.91,21.0,5.0,0.0784,0.1034,0.581,0.0249,0.061,0.32,1.11,,0.0
PDYN,weekly,2.0,,,,51,2025-10-10 00:00,2026-09-25 00:00,5.65,8.81,4.42,1.99,-0.24,-0.64,0.28,46.2,False,-0.13,-0.81,0,0,4,42502919.0,"[21, 27, 33, 44]",239,61.5,52.6,0.784,11.0,6.0,0.0915,0.163,0.706,0.0173,0.049,0.19,0.58,,0.02
PDYN,weekly,3.0,,,,92,2024-12-27 00:00,2026-09-25 00:00,5.65,12.24,4.42,2.77,-0.36,-0.32,0.16,46.2,False,-0.13,-0.81,0,0,7,58025285.0,"[62, 68, 74, 85]",198,61.5,52.6,0.784,11.0,6.0,0.1403,0.2163,0.598,0.0173,0.049,0.12,0.43,,0.01
PDYN,daily,1.5,,,,74,2026-06-05 00:00,2026-09-21 00:00,5.65,7.17,4.83,1.48,-0.22,-0.52,0.35,46.3,False,-0.52,-0.52,0,0,4,5570066.0,"[9, 16, 31, 48]",1318,43.6,66.0,1.24,17.0,25.0,0.0606,0.0916,0.676,0.007,0.0088,0.12,0.85,,0.0
PDYN,daily,2.0,,,,137,2026-03-06 00:00,2026-09-21 00:00,5.65,8.8,4.83,1.82,-0.33,-0.53,0.21,46.3,False,-0.52,-0.52,0,0,9,7611176.0,"[72, 79, 94, 111]",1255,43.6,66.0,1.24,17.0,25.0,0.0662,0.1231,0.628,0.007,0.0088,0.11,0.62,,0.01
PEG,weekly,1.5,ANTI,,,132,2024-03-22 00:00,2026-09-25 00:00,69.31,88.43,60.03,1.47,0.25,-0.05,0.33,32.7,False,-0.58,-0.51,0,0,10,1045767933.0,"[82, 88, 99, 118]",794,60.1,58.4,0.984,19.0,13.0,0.0356,0.0729,0.75,0.0213,0.0394,0.6,0.82,,0.02
PEGA,weekly,3.0,,,,152,2023-11-03 00:00,2026-09-25 00:00,34.97,65.95,22.4,2.94,0.39,-0.62,0.29,47.4,False,0.4,-0.59,0,0,13,374693986.0,"[112, 122, 128, 134]",774,44.5,38.6,0.819,6.0,17.0,0.1996,0.2713,0.546,0.0383,0.0669,0.19,0.76,,0.01
PEGA,daily,1.5,DIVDN,DN,strict,105,2026-04-22 00:00,2026-09-21 00:00,34.97,38.71,25.92,1.49,-0.04,-0.58,0.71,48.7,True,-0.05,0.47,0,1,7,69637928.0,"[58, 76, 93, 99]",4351,70.9,67.5,1.026,6.0,5.0,0.0634,0.081,0.676,0.0248,0.0309,0.39,1.4,,0.02
PEN,weekly,1.5,,,,47,2025-11-07 00:00,2026-09-25 00:00,318.78,359.26,266.19,1.35,0.11,-0.11,0.57,47.9,False,-0.27,-0.11,0,0,2,724310496.0,"[11, 40]",529,74.8,57.4,0.91,29.0,6.0,0.0195,0.0535,0.745,0.0099,0.0037,0.51,0.55,,0.11
PENG,daily,1.5,,,,46,2026-07-17 00:00,2026-09-21 00:00,54.91,63.8,43.7,1.46,-0.34,-0.46,0.56,55.3,False,0.02,-0.52,0,0,2,87199007.0,"[20, 29]",2298,56.2,44.5,0.822,9.0,16.0,0.0631,0.0851,0.696,0.0506,0.0476,0.8,0.79,,0.04
PENG,daily,2.0,,,,93,2026-05-08 00:00,2026-09-21 00:00,54.91,81.39,43.54,1.87,-0.17,0.12,0.3,55.3,False,0.02,-0.52,0,0,7,145771576.0,"[35, 41, 67, 76]",2251,56.2,44.5,0.822,9.0,16.0,0.1127,0.1568,0.527,0.0506,0.0476,0.45,0.47,,0.02
PENG,daily,3.0,,,,107,2026-04-20 00:00,2026-09-21 00:00,54.91,81.39,27.58,2.95,0.25,0.03,0.51,55.3,False,0.02,-0.52,0,0,8,130594692.0,"[49, 55, 81, 90]",2237,56.2,44.5,0.822,9.0,16.0,0.1231,0.228,0.748,0.0506,0.0476,0.41,0.53,,0.03
PENN,weekly,1.5,,,,26,2026-04-03 00:00,2026-09-25 00:00,16.13,22.02,14.77,1.49,0.25,-0.35,0.19,40.3,True,-0.46,0.46,0,0,1,260636555.0,[10],900,,,,,,0.1091,0.1166,0.462,0.0625,0.0899,0.57,0.85,,0.0
PENN,weekly,2.0,,,,139,2024-02-02 00:00,2026-09-25 00:00,16.13,23.28,11.76,1.98,-0.18,-0.77,0.38,40.3,True,-0.46,0.46,0,0,11,319025349.0,"[83, 99, 108, 123]",787,52.1,72.0,1.386,15.0,15.0,0.101,0.1356,0.705,0.0625,0.0899,0.62,0.69,,0.01
PENN,daily,1.5,ANTI,,,116,2026-04-07 00:00,2026-09-21 00:00,16.13,22.06,14.77,1.49,0.29,-0.1,0.19,31.6,False,0.28,-0.41,1,0,10,54257506.0,"[78, 85, 95, 110]",4340,39.3,49.4,0.965,15.0,5.0,0.0992,0.1106,0.491,0.0191,0.0169,0.19,0.9,,0.03
PEPG,daily,1.5,,,,32,2026-08-06 00:00,2026-09-21 00:00,2.84,3.42,2.41,1.42,0.09,-0.62,0.42,46.5,False,-1.14,-0.25,0,0,4,2037438.0,"[2, 7, 13, 20]",1065,77.7,63.2,0.928,7.0,11.0,0.0349,0.0563,0.781,0.0153,0.0436,0.44,0.89,,0.06
PERI,weekly,1.5,ANTI,,,77,2025-04-11 00:00,2026-09-25 00:00,8.79,11.06,7.88,1.4,-0.21,-0.8,0.29,42.8,False,-0.34,-0.41,0,0,6,13923364.0,"[23, 33, 56, 69]",849,63.4,54.5,0.887,13.0,7.0,0.0433,0.0764,0.701,0.0321,0.0192,0.74,1.11,,0.0
PERI,weekly,2.0,ANTI,,,129,2024-04-12 00:00,2026-09-25 00:00,8.79,12.86,7.36,1.75,-0.01,-0.82,0.26,42.8,False,-0.34,-0.41,0,0,9,14887004.0,"[75, 85, 108, 121]",797,63.4,54.5,0.887,13.0,7.0,0.0717,0.1177,0.612,0.0321,0.0192,0.45,1.04,,0.01
PERI,weekly,3.0,ANTI,,,130,2024-04-05 00:00,2026-09-25 00:00,8.79,21.11,7.36,2.87,-0.04,-0.82,0.1,42.8,False,-0.34,-0.41,0,0,9,14890068.0,"[76, 86, 109, 122]",796,63.4,54.5,0.887,13.0,7.0,0.0727,0.1589,0.115,0.0321,0.0192,0.44,1.04,,0.01
PFGC,weekly,1.5,,,,75,2025-04-25 00:00,2026-09-25 00:00,92.41,114.9,79.42,1.45,0.32,-0.12,0.37,39.3,True,0.01,0.57,0,0,5,735317311.0,"[14, 20, 42, 63]",499,54.8,69.5,1.157,21.0,11.0,0.0544,0.0861,0.707,0.0658,0.0597,1.21,0.99,,0.01
PGNY,weekly,2.0,,,,92,2024-12-27 00:00,2026-09-25 00:00,26.86,31.93,16.3,1.96,0.35,-0.62,0.68,53.6,True,0.53,1.53,0,0,6,145640378.0,"[28, 35, 48, 81]",270,66.2,74.8,1.211,33.0,10.0,0.0895,0.1504,0.739,0.0226,0.0516,0.25,0.95,,0.0
PGNY,daily,1.5,,,,93,2026-05-08 00:00,2026-09-21 00:00,26.86,32.36,22.55,1.44,0.26,-0.21,0.44,47.5,True,1.02,0.31,0,0,7,31422573.0,"[25, 38, 75, 87]",1641,40.9,56.6,1.056,12.0,5.0,0.0447,0.0957,0.613,0.0072,0.0096,0.16,0.76,,0.02
PGR,weekly,1.5,,,,134,2024-03-08 00:00,2026-09-25 00:00,212.24,268.48,182.29,1.47,-0.0,0.04,0.35,49.8,True,0.62,0.47,0,0,11,3074138182.0,"[103, 110, 121, 128]",792,65.6,55.0,0.944,7.0,5.0,0.0717,0.0988,0.597,0.0122,0.0168,0.17,0.7,,0.0
PGR,weekly,2.0,,,,155,2023-10-13 00:00,2026-09-25 00:00,212.24,268.48,139.92,1.92,0.37,0.04,0.56,49.8,True,0.62,0.47,0,0,12,2962112784.0,"[124, 131, 142, 149]",771,65.6,55.0,0.944,7.0,5.0,0.0885,0.1463,0.723,0.0122,0.0168,0.14,0.73,,0.01
PGY,weekly,3.0,,,,52,2025-10-03 00:00,2026-09-25 00:00,20.9,29.4,10.64,2.76,-0.4,-0.75,0.55,57.4,True,1.08,1.97,0,0,1,265784200.0,[14],232,,,,,,0.216,0.279,0.519,0.0252,0.0617,0.12,0.92,,0.0
PHAT,weekly,3.0,ANTI,,,69,2025-06-06 00:00,2026-09-25 00:00,7.45,17.56,7.45,2.36,-0.15,-0.6,0.0,36.5,False,-0.41,-2.32,0,0,5,61704547.0,"[13, 29, 45, 57]",293,53.7,54.9,0.956,12.0,11.0,0.1349,0.1935,0.681,0.0723,0.0893,0.54,0.76,,0.0
PHAT,daily,1.5,ANTI,,,37,2026-07-30 00:00,2026-09-21 00:00,7.45,9.58,7.45,1.29,-0.31,-0.45,0.0,32.3,False,-0.34,-0.8,1,0,2,11416804.0,"[11, 22]",1697,47.1,52.5,0.999,11.0,14.0,0.0456,0.0636,0.541,0.0515,0.0812,1.13,1.02,,0.0
PHG,weekly,1.5,,,,77,2025-04-11 00:00,2026-09-25 00:00,24.9,30.8,21.45,1.44,0.39,-0.29,0.37,41.2,False,-0.16,-0.15,0,0,9,109802123.0,"[53, 58, 64, 71]",849,54.3,53.3,0.988,7.0,5.0,0.0376,0.0776,0.727,0.0399,0.0254,1.06,0.89,,0.03
PHIN,weekly,1.5,ANTI,,,42,2025-12-12 00:00,2026-09-25 00:00,60.34,84.79,57.19,1.48,0.28,-0.01,0.11,35.2,False,-1.19,-0.53,0,0,3,125675469.0,"[10, 21, 26]",128,72.4,72.5,1.07,5.0,15.0,0.0592,0.0932,0.643,0.067,0.0618,1.13,0.82,,0.0
PHM,weekly,1.5,,,,75,2025-04-25 00:00,2026-09-25 00:00,118.97,141.65,96.83,1.46,0.39,-0.34,0.49,44.7,True,0.1,0.21,0,1,7,1048329218.0,"[42, 52, 61, 67]",851,62.4,56.8,0.966,6.0,7.0,0.0559,0.0892,0.667,0.0398,0.02,0.71,0.78,,0.05
PHM,weekly,2.0,DIVDN,DN,strict,152,2023-11-03 00:00,2026-09-25 00:00,118.97,146.63,80.48,1.82,0.33,-0.03,0.58,44.7,True,0.1,0.21,0,1,14,1005418271.0,"[119, 129, 138, 144]",774,62.4,56.8,0.966,6.0,7.0,0.0858,0.1155,0.776,0.0398,0.02,0.46,0.81,,0.03
PHR,weekly,2.0,,,,36,2026-01-23 00:00,2026-09-25 00:00,10.03,15.84,8.06,1.97,-0.19,-0.75,0.25,40.9,True,0.98,1.09,0,0,3,63863280.0,"[8, 23, 28]",340,44.6,54.2,1.144,5.0,7.0,0.1125,0.1464,0.667,0.075,0.0475,0.67,0.61,,0.06
PI,weekly,3.0,,,,75,2025-04-25 00:00,2026-09-25 00:00,184.04,235.83,91.51,2.58,0.13,-0.61,0.64,62.0,True,0.66,1.43,0,0,6,338588102.0,"[26, 37, 54, 67]",457,56.1,63.2,1.199,13.0,7.0,0.1962,0.2259,0.587,0.032,0.0782,0.16,0.86,,0.0
PICS,daily,1.5,ANTI,,,106,2026-04-21 00:00,2026-09-21 00:00,9.71,13.37,9.03,1.48,-0.22,-0.52,0.16,40.4,False,-0.04,-0.36,0,0,9,3603999.0,"[70, 80, 86, 94]",56,45.8,56.2,1.074,8.0,11.0,0.0545,0.0914,0.689,0.0334,0.0592,0.61,0.95,,0.06
PII,weekly,1.5,,,,60,2025-08-08 00:00,2026-09-25 00:00,54.41,72.43,48.76,1.49,0.32,-0.55,0.24,39.2,True,-0.32,0.12,0,0,3,280738518.0,"[8, 22, 46]",866,65.4,62.5,1.031,24.0,13.0,0.0715,0.1016,0.5,0.0816,0.0792,1.14,0.85,,0.0
PII,daily,1.5,ANTI,,,109,2026-04-16 00:00,2026-09-21 00:00,54.41,73.91,51.96,1.42,-0.02,-0.27,0.11,27.2,False,-0.67,-0.91,0,0,9,51826995.0,"[49, 62, 75, 94]",4347,57.8,40.2,0.875,19.0,14.0,0.0448,0.0725,0.661,0.0284,0.048,0.63,0.92,,0.03
PINS,weekly,2.0,,,,47,2025-11-07 00:00,2026-09-25 00:00,19.36,27.14,15.42,1.76,-0.38,-0.65,0.34,41.4,True,0.36,0.52,0,0,3,1537311814.0,"[9, 17, 38]",343,37.3,57.1,1.2,21.0,8.0,0.1133,0.1459,0.596,0.0952,0.0515,0.84,0.79,,0.02
PIPR,weekly,1.5,,,,67,2025-06-20 00:00,2026-09-25 00:00,73.87,91.83,61.83,1.49,-0.09,-0.25,0.4,45.5,False,-0.3,-0.51,0,0,4,634101208.0,"[13, 30, 43, 52]",859,60.9,52.1,0.905,9.0,14.0,0.0406,0.0725,0.746,0.0153,0.011,0.38,0.26,,0.01
PJT,weekly,1.5,,,,106,2024-09-20 00:00,2026-09-25 00:00,151.39,187.22,125.12,1.5,0.23,0.0,0.42,42.2,True,0.44,0.56,0,0,8,211472591.0,"[52, 63, 69, 82]",469,62.1,51.3,0.849,13.0,23.0,0.0674,0.0965,0.623,0.056,0.0359,0.83,1.63,,0.04
PKX,weekly,2.0,,,,50,2025-10-17 00:00,2026-09-25 00:00,58.07,90.82,49.64,1.83,0.17,-0.44,0.2,48.3,False,-0.67,-1.08,0,0,3,57156260.0,"[1, 19, 29]",876,70.0,78.1,1.318,10.0,20.0,0.0883,0.1421,0.36,0.0177,0.0796,0.2,1.12,,0.02
PKX,daily,1.5,,,,81,2026-05-27 00:00,2026-09-21 00:00,58.07,71.41,48.36,1.48,-0.08,-0.47,0.42,45.9,True,-0.3,0.2,1,0,7,16430502.0,"[51, 56, 64, 69]",4375,64.0,67.0,1.032,5.0,11.0,0.0784,0.0977,0.568,0.0241,0.0218,0.31,0.72,,0.04
PLAB,weekly,2.0,ANTI,,,42,2025-12-12 00:00,2026-09-25 00:00,29.34,53.64,27.73,1.93,-0.29,-0.17,0.06,43.6,False,-1.5,-3.13,0,0,4,187618330.0,"[0, 9, 19, 35]",884,80.3,48.0,0.637,16.0,6.0,0.1096,0.2003,0.286,0.026,0.0191,0.24,0.75,,0.0
PLAB,daily,1.5,,,,80,2026-05-28 00:00,2026-09-21 00:00,29.34,34.06,27.16,1.25,-0.37,-0.51,0.32,50.5,False,-0.2,-0.54,0,0,7,32856937.0,"[46, 55, 63, 70]",4376,44.8,46.4,0.97,7.0,9.0,0.0448,0.0601,0.6,0.0221,0.0217,0.49,0.69,,0.04
PLAB,daily,2.0,,,,81,2026-05-27 00:00,2026-09-21 00:00,29.34,53.51,27.16,1.97,-0.16,-0.51,0.08,50.5,False,-0.2,-0.54,0,0,7,33307855.0,"[47, 56, 64, 71]",4375,44.8,46.4,0.97,7.0,9.0,0.0449,0.1021,0.025,0.0221,0.0217,0.49,0.69,,0.04
PLMR,weekly,1.5,,,,67,2025-06-20 00:00,2026-09-25 00:00,134.09,155.13,106.67,1.45,-0.03,-0.38,0.57,55.6,True,0.53,0.58,0,0,5,153124800.0,"[26, 34, 43, 54]",322,56.5,62.3,1.056,11.0,12.0,0.0591,0.0792,0.687,0.0175,0.0183,0.3,0.82,,0.03
PLMR,weekly,2.0,,,,115,2024-07-19 00:00,2026-09-25 00:00,134.09,170.88,88.07,1.94,0.32,-0.05,0.56,55.6,True,0.53,0.58,0,0,10,136594270.0,"[74, 82, 91, 102]",274,56.5,62.3,1.056,11.0,12.0,0.0934,0.1485,0.678,0.0175,0.0183,0.19,0.92,,0.03
PLNT,daily,1.5,ANTI,,,98,2026-05-01 00:00,2026-09-21 00:00,47.05,65.38,44.01,1.49,-0.11,-0.61,0.14,32.6,False,-0.47,-0.34,0,0,10,96044151.0,"[60, 65, 77, 92]",2699,56.1,47.8,0.944,15.0,5.0,0.026,0.0627,0.878,0.0126,0.0146,0.48,0.99,,0.03
PLOW,weekly,1.5,ANTI,,,37,2026-01-16 00:00,2026-09-25 00:00,39.89,53.49,35.78,1.5,0.2,0.02,0.23,43.2,False,-1.31,-0.44,0,0,3,46183881.0,"[6, 12, 23]",819,73.6,80.7,1.17,11.0,13.0,0.0534,0.0825,0.703,0.0245,0.0487,0.46,0.91,,0.05
PLPC,daily,1.5,,,,37,2026-07-30 00:00,2026-09-21 00:00,421.59,480.77,356.98,1.35,-0.25,-0.13,0.52,54.7,False,-0.33,-0.38,0,0,2,33916804.0,"[4, 30]",4419,72.5,55.2,0.899,26.0,6.0,0.0389,0.0755,0.703,0.0185,0.019,0.48,0.78,,0.0
PLTR,weekly,2.0,COMP,,,75,2025-04-25 00:00,2026-09-25 00:00,183.09,200.47,112.78,1.78,0.05,-0.05,0.8,61.0,True,0.74,0.92,0,0,9,36409011481.0,"[45, 51, 57, 70]",238,53.3,64.5,1.19,13.0,4.0,0.1365,0.1468,0.587,0.0225,0.0644,0.16,0.76,,0.01
PLTR,daily,1.5,,,,35,2026-08-03 00:00,2026-09-21 00:00,183.09,186.38,125.65,1.48,0.25,-0.22,0.95,61.1,False,-0.69,-0.03,0,0,3,5051899774.0,"[5, 14, 20]",1465,69.4,69.3,1.036,6.0,14.0,0.0207,0.0611,0.257,0.0179,0.0218,0.86,0.81,,0.03
PLXS,weekly,1.5,,,,26,2026-04-03 00:00,2026-09-25 00:00,252.36,299.97,207.35,1.45,0.07,0.01,0.49,53.2,False,-1.39,0.1,0,0,2,341634196.0,"[5, 11]",900,83.1,84.5,1.125,6.0,14.0,0.0417,0.0779,0.769,0.029,0.0253,0.7,0.8,,0.0
PLXS,daily,1.5,DIVUP,UP,strict,119,2026-04-01 00:00,2026-09-21 00:00,252.36,303.82,205.3,1.48,0.08,-0.06,0.48,53.5,False,0.24,-0.12,1,0,12,66876221.0,"[85, 94, 102, 112]",4337,42.3,54.6,1.04,10.0,6.0,0.0517,0.0812,0.748,0.0204,0.0159,0.39,0.76,,0.04
PMT,weekly,1.5,ANTI,,,153,2023-10-27 00:00,2026-09-25 00:00,8.88,12.84,8.72,1.47,0.02,-0.21,0.04,34.6,False,-0.63,-1.09,0,0,14,49721714.0,"[104, 116, 131, 140]",743,56.6,46.0,0.877,9.0,12.0,0.0355,0.0652,0.843,0.0251,0.0296,0.71,1.04,,0.03
PMTS,daily,1.5,,,,40,2026-07-27 00:00,2026-09-21 00:00,24.65,30.5,20.46,1.49,0.31,-0.02,0.42,43.9,False,-1.47,-0.79,0,0,2,2787093.0,"[11, 21]",2712,87.4,70.7,0.949,10.0,18.0,0.0443,0.1158,0.3,0.0105,0.0872,0.24,2.32,,0.03
PNFP,weekly,1.5,,,,94,2024-12-13 00:00,2026-09-25 00:00,96.49,121.74,82.08,1.48,-0.34,-0.34,0.36,46.4,True,0.13,0.39,0,0,8,454760136.0,"[54, 60, 72, 87]",832,56.2,67.0,1.1,15.0,6.0,0.059,0.0953,0.66,0.0268,0.0172,0.45,0.99,,0.06
PNFP,weekly,2.0,,,,152,2023-11-03 00:00,2026-09-25 00:00,96.49,124.03,63.01,1.97,0.29,-0.39,0.55,46.4,True,0.13,0.39,0,0,15,291585272.0,"[112, 118, 130, 145]",774,56.2,67.0,1.1,15.0,6.0,0.0908,0.1362,0.757,0.0268,0.0172,0.3,1.54,,0.04
PNRG,weekly,2.0,,,,106,2024-09-20 00:00,2026-09-25 00:00,208.49,268.16,135.24,1.98,0.18,0.01,0.55,53.4,False,-0.33,-0.47,0,0,8,43404497.0,"[53, 63, 79, 86]",820,69.9,67.0,1.115,7.0,19.0,0.1044,0.1455,0.66,0.0099,0.0686,0.09,1.84,,0.01
PODD,daily,1.5,,,,106,2026-04-21 00:00,2026-09-21 00:00,140.53,193.62,131.96,1.47,-0.39,-0.62,0.14,45.1,False,-0.06,-0.24,0,0,8,218010254.0,"[61, 68, 83, 94]",4350,49.4,51.9,0.994,11.0,11.0,0.0528,0.0835,0.613,0.0085,0.0191,0.16,1.01,,0.03
POET,weekly,3.0,,,,26,2026-04-03 00:00,2026-09-25 00:00,8.41,15.97,6.11,2.61,-0.3,-0.26,0.23,49.6,False,-0.62,-1.42,0,0,2,597663027.0,"[3, 19]",900,78.8,52.1,0.634,16.0,6.0,0.1388,0.2862,0.346,0.0377,0.0579,0.27,0.53,,0.0
POET,daily,1.5,,,,37,2026-07-30 00:00,2026-09-21 00:00,8.41,9.58,6.99,1.37,-0.3,-0.66,0.55,55.8,False,-0.13,-0.56,1,0,4,73106881.0,"[6, 11, 20, 27]",4419,47.6,52.6,1.015,7.0,9.0,0.0606,0.0793,0.595,0.0265,0.0408,0.44,0.74,,0.03
PONY,daily,1.5,ANTI,,,75,2026-06-04 00:00,2026-09-21 00:00,6.88,9.56,6.55,1.46,-0.26,-0.62,0.11,44.0,False,-0.6,-0.85,0,0,7,25055265.0,"[46, 54, 59, 64]",378,47.2,46.1,0.97,5.0,10.0,0.0704,0.089,0.493,0.0131,0.025,0.19,0.78,,0.03
POWI,weekly,2.0,ANTI,,,36,2026-01-23 00:00,2026-09-25 00:00,49.51,86.75,44.0,1.97,0.33,-0.44,0.13,38.6,False,-1.85,-1.33,0,0,2,226878221.0,"[13, 18]",890,81.9,82.8,1.145,5.0,17.0,0.18,0.2122,0.389,0.0355,0.1515,0.2,0.84,,0.06
POWL,weekly,2.0,ANTI,,,34,2026-02-06 00:00,2026-09-25 00:00,187.56,309.15,161.09,1.92,0.07,0.09,0.18,40.6,False,-2.11,-1.85,0,1,3,863840133.0,"[1, 13, 19]",892,87.0,76.5,0.961,6.0,14.0,0.1449,0.2012,0.294,0.0211,0.1128,0.15,0.58,,0.0
PPC,weekly,2.0,ANTI,,,135,2024-03-01 00:00,2026-09-25 00:00,29.48,51.64,27.18,1.9,-0.06,-0.06,0.09,43.3,False,0.59,-0.51,0,0,9,219321160.0,"[75, 100, 124, 129]",791,37.2,51.6,1.108,5.0,5.0,0.1415,0.1699,0.57,0.0368,0.0388,0.26,0.87,,0.03
PPIH,weekly,1.5,,,,51,2025-10-10 00:00,2026-09-25 00:00,30.24,33.82,24.03,1.41,-0.05,-0.22,0.63,55.1,False,-0.27,-0.65,0,0,4,12541050.0,"[2, 11, 19, 26]",875,62.7,60.4,0.992,7.0,24.0,0.083,0.0997,0.49,0.0518,0.0574,0.62,0.82,,0.0
PPIH,weekly,2.0,,,,68,2025-06-13 00:00,2026-09-25 00:00,30.24,33.82,17.33,1.95,0.3,0.05,0.78,55.1,False,-0.27,-0.65,0,0,6,12558690.0,"[19, 28, 36, 43]",858,62.7,60.4,0.992,7.0,24.0,0.1053,0.1307,0.544,0.0518,0.0574,0.49,0.82,,0.0
PPTA,weekly,3.0,,,,65,2025-07-04 00:00,2026-09-25 00:00,23.68,36.86,12.45,2.96,0.26,-0.28,0.46,48.8,False,-0.22,-1.3,0,0,7,207731278.0,"[29, 34, 41, 59]",715,59.7,52.7,0.758,18.0,5.0,0.1371,0.2146,0.708,0.0227,0.0681,0.17,0.61,,0.03
PPTA,daily,1.5,DIVDN,DN,strict,37,2026-07-30 00:00,2026-09-21 00:00,23.68,27.02,18.41,1.47,0.22,-0.51,0.61,49.8,False,-0.94,-0.45,0,1,2,26491990.0,"[8, 18]",3552,71.5,68.3,1.063,10.0,18.0,0.0425,0.0823,0.514,0.0159,0.0414,0.37,0.68,,0.03
PPTA,daily,2.0,,,,107,2026-04-20 00:00,2026-09-21 00:00,23.68,33.51,16.9,1.98,-0.37,-0.55,0.41,49.8,False,-0.94,-0.45,0,1,7,28755060.0,"[51, 63, 78, 88]",3482,71.5,68.3,1.063,10.0,18.0,0.0886,0.1557,0.682,0.0159,0.0414,0.18,0.63,,0.02
PRAA,weekly,2.0,COMP,,,31,2026-02-27 00:00,2026-09-25 00:00,20.6,22.23,14.64,1.52,0.28,-0.45,0.79,58.6,True,-0.03,0.26,0,0,4,36099811.0,"[1, 9, 17, 24]",895,56.0,59.9,1.088,7.0,6.0,0.0782,0.1112,0.581,0.0361,0.0405,0.46,0.96,,0.0
PRAA,daily,2.0,COMP,,,144,2026-02-25 00:00,2026-09-21 00:00,20.6,22.23,11.7,1.9,0.14,-0.35,0.85,62.1,True,-0.0,0.05,0,1,12,7044918.0,"[105, 113, 118, 124]",4312,66.7,59.7,0.979,6.0,19.0,0.0664,0.1152,0.771,0.0416,0.0131,0.63,1.51,,0.03
PRAX,weekly,1.5,,,,42,2025-12-12 00:00,2026-09-25 00:00,298.87,375.94,254.0,1.48,0.34,0.02,0.37,46.4,True,-0.68,0.15,0,1,5,667098916.0,"[11, 19, 24, 36]",269,69.6,63.9,1.074,12.0,5.0,0.0606,0.0896,0.738,0.0463,0.0598,0.76,0.98,,0.02
PRAX,weekly,2.0,DIVDN,DN,strict,44,2025-11-28 00:00,2026-09-25 00:00,298.87,375.94,196.46,1.91,0.35,-0.01,0.57,46.4,True,-0.68,0.15,0,1,5,684028715.0,"[13, 21, 26, 38]",267,69.6,63.9,1.074,12.0,5.0,0.0676,0.1101,0.682,0.0463,0.0598,0.68,0.95,,0.02
PRAX,daily,1.5,ANTI,,,66,2026-06-17 00:00,2026-09-21 00:00,298.87,386.33,270.01,1.43,0.34,-0.24,0.25,30.6,False,-1.3,-1.01,0,1,5,120868601.0,"[14, 25, 38, 43]",1422,69.8,65.1,1.0,5.0,22.0,0.0644,0.0831,0.652,0.041,0.0615,0.64,1.16,,0.08
PRCH,weekly,3.0,COMP,,,74,2025-05-02 00:00,2026-09-25 00:00,16.64,18.86,6.38,2.96,0.09,-0.14,0.82,61.4,True,0.89,2.59,0,0,7,104976513.0,"[36, 41, 53, 61]",276,58.6,69.0,1.385,8.0,12.0,0.2526,0.2962,0.473,0.0311,0.0748,0.12,0.89,,0.01
PRCT,daily,1.5,ANTI,,,68,2026-06-15 00:00,2026-09-21 00:00,18.51,23.47,16.69,1.41,-0.07,-0.47,0.27,38.5,False,-0.56,-0.47,0,1,4,27780683.0,"[11, 18, 39, 57]",1191,66.8,59.9,0.994,18.0,10.0,0.0507,0.0747,0.706,0.0198,0.0476,0.39,0.95,,0.04
PRDO,weekly,1.5,,,,74,2025-05-02 00:00,2026-09-25 00:00,32.33,37.17,27.56,1.35,0.3,-0.01,0.5,48.2,False,-0.38,-0.33,0,1,5,100348347.0,"[21, 36, 48, 62]",852,67.3,56.3,0.956,14.0,11.0,0.0506,0.0718,0.703,0.0129,0.0251,0.25,0.97,,0.03
PRG,daily,1.5,ANTI,,,100,2026-04-29 00:00,2026-09-21 00:00,34.86,47.37,32.92,1.44,0.35,-0.18,0.13,28.6,False,-0.44,-0.69,0,0,8,18411368.0,"[53, 66, 73, 89]",4356,47.9,43.8,0.921,16.0,10.0,0.0853,0.1026,0.5,0.0205,0.0355,0.24,1.11,,0.04
PRGO,weekly,2.0,COMP,,,47,2025-11-07 00:00,2026-09-25 00:00,14.13,14.92,8.83,1.69,-0.09,-0.69,0.87,59.8,True,1.14,1.02,1,0,4,162973042.0,"[9, 15, 25, 34]",879,40.3,43.4,0.949,9.0,12.0,0.1202,0.1397,0.532,0.0358,0.1333,0.3,1.07,,0.02
PRI,weekly,1.5,,,,119,2024-06-21 00:00,2026-09-25 00:00,285.51,320.09,225.01,1.42,0.3,-0.08,0.64,49.0,True,0.14,0.6,0,0,10,218840712.0,"[74, 85, 96, 111]",742,61.0,74.3,1.153,15.0,7.0,0.0399,0.0698,0.798,0.012,0.0252,0.3,1.18,,0.02
PRIM,weekly,3.0,ANTI,,,75,2025-04-25 00:00,2026-09-25 00:00,76.91,180.2,60.33,2.99,0.11,-0.3,0.14,34.0,False,-1.31,-4.96,0,2,4,495560299.0,"[3, 23, 43, 53]",851,79.3,71.4,1.066,10.0,21.0,0.2444,0.2728,0.547,0.0281,0.066,0.11,0.84,,0.0
PRKS,weekly,1.5,,,,26,2026-04-03 00:00,2026-09-25 00:00,34.01,48.44,33.65,1.44,0.33,-0.44,0.02,34.8,True,-0.09,0.57,0,0,2,160490660.0,"[13, 20]",676,66.7,58.9,0.936,7.0,5.0,0.1106,0.1188,0.231,0.0895,0.0455,0.81,0.69,,0.0
PRLD,weekly,2.0,,,,26,2026-04-03 00:00,2026-09-25 00:00,4.7,6.63,3.46,1.92,0.36,-0.41,0.39,52.4,True,-0.77,0.97,0,0,3,8960827.0,"[5, 13, 20]",288,68.1,73.4,1.35,7.0,5.0,0.0631,0.1378,0.731,0.0656,0.0575,1.04,1.43,,0.04
PRLD,daily,1.5,ANTI,,,34,2026-08-04 00:00,2026-09-21 00:00,4.7,6.63,4.47,1.48,-0.25,-0.19,0.11,42.0,False,-1.59,-1.6,0,0,2,2411994.0,"[6, 13]",1469,69.6,75.1,1.157,7.0,20.0,0.0918,0.1268,0.441,0.0163,0.0383,0.18,0.88,,0.03
PRLD,daily,2.0,,,,120,2026-03-31 00:00,2026-09-21 00:00,4.7,6.63,3.42,1.94,0.37,-0.14,0.4,42.0,False,-1.59,-1.6,0,0,12,1617431.0,"[67, 83, 92, 99]",1383,69.6,75.1,1.157,7.0,20.0,0.0775,0.1448,0.708,0.0163,0.0383,0.21,1.31,,0.03
PRM,weekly,1.5,,,,26,2026-04-03 00:00,2026-09-25 00:00,31.63,37.78,25.48,1.48,0.31,-0.14,0.5,51.3,True,-0.52,0.48,0,0,2,198117263.0,"[6, 11]",362,70.5,70.5,1.137,5.0,14.0,0.0483,0.0864,0.769,0.0117,0.0485,0.24,0.87,,0.0
PRM,daily,1.5,,,,113,2026-04-10 00:00,2026-09-21 00:00,31.63,37.78,25.44,1.49,0.21,-0.14,0.5,48.2,True,0.31,-0.01,0,0,10,38463602.0,"[76, 81, 96, 103]",1744,46.7,49.3,1.001,7.0,9.0,0.0516,0.0761,0.77,0.0109,0.0133,0.21,0.85,,0.04
PRMB,weekly,2.0,,,,64,2025-07-11 00:00,2026-09-25 00:00,20.48,28.26,14.14,2.0,0.01,-0.59,0.45,42.4,True,-0.29,0.28,0,0,5,453103706.0,"[15, 33, 46, 51]",862,64.6,63.0,1.014,5.0,12.0,0.1088,0.1563,0.766,0.0599,0.0435,0.55,0.97,,0.05
PRME,weekly,1.5,,,,30,2026-03-06 00:00,2026-09-25 00:00,3.19,4.01,2.78,1.45,-0.29,-0.66,0.34,47.4,True,0.12,-0.19,0,0,3,43009885.0,"[6, 12, 17]",176,49.7,54.4,1.09,5.0,12.0,0.0776,0.0949,0.633,0.0237,0.0575,0.31,1.01,,0.0
PRME,weekly,3.0,,,,66,2025-06-27 00:00,2026-09-25 00:00,3.19,6.32,2.42,2.61,-0.29,-0.84,0.2,47.4,True,0.12,-0.19,0,0,8,53637008.0,"[35, 42, 48, 53]",140,49.7,54.4,1.09,5.0,12.0,0.0989,0.1919,0.606,0.0237,0.0575,0.24,0.81,,0.0
PRME,daily,1.5,,,,51,2026-07-10 00:00,2026-09-21 00:00,3.19,3.78,2.81,1.35,0.22,-0.4,0.39,45.7,False,-0.46,-0.19,0,0,4,8857620.0,"[12, 22, 32, 39]",931,60.8,59.8,1.0,7.0,11.0,0.0505,0.0781,0.529,0.0096,0.0502,0.19,1.07,,0.0
PRPO,daily,1.5,,,,95,2026-05-06 00:00,2026-09-21 00:00,26.79,31.12,21.19,1.47,0.2,-0.35,0.56,50.8,False,-0.85,-0.12,0,0,5,1446911.0,"[43, 54, 64, 75]",4319,53.8,78.2,1.298,11.0,19.0,0.0608,0.101,0.463,0.0128,0.0152,0.21,2.32,,0.05
PRTA,weekly,1.5,ANTI,,,60,2025-08-08 00:00,2026-09-25 00:00,8.51,11.07,7.69,1.44,-0.02,-0.88,0.24,44.1,False,-0.47,-0.88,0,0,5,24649268.0,"[12, 17, 24, 36]",659,53.1,60.7,1.09,12.0,23.0,0.064,0.088,0.683,0.0393,0.0395,0.61,0.65,,0.0
PRTA,weekly,2.0,,,,67,2025-06-20 00:00,2026-09-25 00:00,8.51,11.07,5.72,1.94,0.31,-0.92,0.52,44.1,False,-0.47,-0.88,0,0,5,25200366.0,"[19, 24, 31, 43]",652,53.1,60.7,1.09,12.0,23.0,0.0717,0.135,0.552,0.0393,0.0395,0.55,0.63,,0.0
PRTA,weekly,3.0,,,,81,2025-03-14 00:00,2026-09-25 00:00,8.51,13.74,4.59,2.99,0.11,-0.94,0.43,44.1,False,-0.47,-0.88,0,0,5,26964509.0,"[33, 38, 45, 57]",638,53.1,60.7,1.09,12.0,23.0,0.0793,0.1826,0.827,0.0393,0.0395,0.5,0.59,,0.0
PRTH,weekly,3.0,,,,123,2024-05-24 00:00,2026-09-25 00:00,7.8,12.29,4.33,2.84,-0.13,-0.28,0.44,65.5,True,0.25,0.54,0,0,11,11833002.0,"[74, 87, 93, 109]",389,43.6,65.4,1.301,16.0,13.0,0.1659,0.2452,0.455,0.0349,0.0926,0.21,1.11,,0.02
PRTH,daily,1.5,COMP,,,27,2026-08-13 00:00,2026-09-21 00:00,7.8,7.8,5.25,1.49,0.32,-0.28,1.0,79.4,True,1.01,0.43,0,0,1,2154276.0,[7],2433,,,,,,0.0339,0.082,0.185,0.0105,0.0309,0.31,1.56,,0.04
PRU,weekly,1.5,COMP,,,150,2023-11-17 00:00,2026-09-25 00:00,118.53,123.7,82.69,1.5,0.25,-0.14,0.87,60.9,True,1.0,1.08,0,0,11,876328249.0,"[85, 92, 108, 143]",776,68.4,72.6,1.099,35.0,6.0,0.0567,0.0828,0.753,0.0075,0.007,0.13,1.06,,0.04
PRVA,weekly,1.5,ANTI,,,100,2024-11-01 00:00,2026-09-25 00:00,19.54,27.49,18.86,1.46,0.12,-0.35,0.08,35.0,False,-0.54,-0.48,0,0,8,91997262.0,"[58, 69, 78, 88]",183,58.4,66.2,1.106,10.0,11.0,0.0512,0.0792,0.75,0.0306,0.0759,0.6,1.22,,0.03
PS,daily,1.5,,,,37,2026-07-30 00:00,2026-09-21 00:00,48.23,49.83,33.28,1.5,0.4,-0.36,0.9,65.9,False,-0.39,0.22,0,1,3,7543298.0,"[10, 18, 27]",64,69.1,57.8,0.973,9.0,9.0,0.0522,0.0854,0.676,0.0761,0.0583,1.46,5.72,,0.03
PS,daily,2.0,,,,99,2026-04-30 00:00,2026-09-21 00:00,48.23,51.91,27.9,1.86,0.17,,0.85,65.9,False,-0.39,0.22,0,1,8,8534506.0,"[51, 72, 80, 89]",2,69.1,57.8,0.973,9.0,9.0,0.0767,0.1172,0.687,0.0761,0.0583,0.99,5.05,,0.03
PS,daily,3.0,,,,101,2026-04-28 00:00,2026-09-21 00:00,48.23,51.91,23.92,2.17,0.19,,0.87,65.9,False,-0.39,0.22,0,1,8,8534506.0,"[53, 74, 82, 91]",0,69.1,57.8,0.973,9.0,9.0,0.0762,0.1269,0.901,0.0761,0.0583,1.0,5.05,,0.03
PSA,weekly,1.5,,,,150,2023-11-17 00:00,2026-09-25 00:00,296.67,333.83,226.0,1.48,0.37,-0.32,0.66,45.8,True,-0.27,0.22,0,0,13,1152197631.0,"[120, 126, 137, 142]",776,64.0,61.9,0.996,5.0,7.0,0.0575,0.0846,0.7,0.032,0.022,0.56,0.96,,0.02
PSFE,weekly,2.0,ANTI,,,48,2025-10-31 00:00,2026-09-25 00:00,6.48,11.01,6.11,1.8,-0.25,-0.75,0.08,41.0,False,-0.3,-1.07,0,0,4,13549427.0,"[10, 18, 26, 35]",264,56.1,52.4,0.894,9.0,12.0,0.0837,0.1351,0.479,0.0292,0.0771,0.35,0.81,,0.02
PSFE,daily,1.5,,,,89,2026-05-14 00:00,2026-09-21 00:00,6.48,9.03,6.2,1.46,-0.34,-0.34,0.1,46.4,False,0.1,-0.29,0,0,9,2269107.0,"[62, 70, 77, 83]",1404,46.6,45.2,0.962,6.0,5.0,0.0779,0.0961,0.483,0.0071,0.0221,0.09,0.81,,0.02
PSIX,daily,2.0,COMP,,,91,2026-05-12 00:00,2026-09-21 00:00,45.91,45.91,25.44,1.8,-0.05,-0.74,1.0,65.9,True,0.44,0.63,0,0,7,16734912.0,"[48, 61, 74, 81]",3537,53.9,66.3,1.142,7.0,9.0,0.0598,0.1158,0.714,0.0448,0.04,0.75,0.9,,0.04
PSIX,daily,3.0,,,,102,2026-04-27 00:00,2026-09-21 00:00,45.91,75.91,25.44,2.98,-0.39,-0.74,0.41,65.9,True,0.44,0.63,0,0,8,17322122.0,"[59, 72, 85, 92]",3526,53.9,66.3,1.142,7.0,9.0,0.07,0.2712,0.461,0.0448,0.04,0.64,0.87,,0.04
PSKY,weekly,1.5,,,,30,2026-03-06 00:00,2026-09-25 00:00,9.91,11.82,7.92,1.49,-0.12,-0.58,0.51,47.3,False,0.2,-0.3,1,0,3,524206463.0,"[6, 17, 25]",896,46.3,53.3,1.047,8.0,4.0,0.0605,0.0913,0.7,0.0313,0.071,0.52,1.08,,0.03
PSKY,daily,1.5,,DN,broad,104,2026-04-23 00:00,2026-09-21 00:00,9.91,11.16,7.77,1.44,-0.14,-0.51,0.63,42.9,True,-0.88,0.1,0,0,6,96736931.0,"[36, 48, 81, 89]",4352,74.2,73.7,1.029,8.0,14.0,0.0448,0.0839,0.481,0.0297,0.0222,0.66,1.69,,0.01
PSN,daily,1.5,,,,38,2026-07-29 00:00,2026-09-21 00:00,45.33,49.28,40.32,1.22,0.04,-0.41,0.56,41.9,False,-0.07,-0.18,0,0,4,54736852.0,"[4, 10, 21, 28]",1815,50.1,47.3,0.966,7.0,9.0,0.0211,0.0376,0.474,0.0118,0.0117,0.56,0.86,,0.05
PSNY,weekly,3.0,ANTI,,,47,2025-11-07 00:00,2026-09-25 00:00,7.81,23.28,7.81,2.98,-0.4,-0.89,0.0,30.1,False,-0.83,-6.63,0,0,4,12606150.0,"[10, 16, 29, 34]",233,55.5,50.6,0.886,5.0,12.0,0.1442,0.2271,0.617,0.2841,0.0896,1.97,0.72,,0.0
PSO,weekly,1.5,,,,119,2024-06-21 00:00,2026-09-25 00:00,15.9,17.29,11.66,1.48,0.24,-0.07,0.75,54.1,True,-0.09,0.66,0,0,10,46584351.0,"[69, 81, 97, 108]",807,64.7,69.2,1.122,11.0,10.0,0.076,0.0931,0.597,0.0155,0.0233,0.2,1.09,,0.06
PSUS,daily,1.5,,,,101,2026-04-28 00:00,2026-09-21 00:00,39.58,50.0,35.85,1.39,-0.24,,0.26,58.5,False,-0.49,-0.15,0,0,7,15640950.0,"[36, 44, 53, 75]",0,36.1,62.1,1.052,22.0,25.0,0.027,0.0509,0.376,0.0068,0.0114,0.25,1.04,,0.08
PSUS,daily,2.0,,,,101,2026-04-28 00:00,2026-09-21 00:00,39.58,50.0,35.85,1.39,-0.24,,0.26,58.5,False,-0.49,-0.15,0,0,7,15640950.0,"[36, 44, 53, 75]",0,36.1,62.1,1.052,22.0,25.0,0.027,0.0509,0.376,0.0068,0.0114,0.25,1.04,,0.08
PSUS,daily,3.0,,,,101,2026-04-28 00:00,2026-09-21 00:00,39.58,50.0,35.85,1.39,-0.24,,0.26,58.5,False,-0.49,-0.15,0,0,7,15640950.0,"[36, 44, 53, 75]",0,36.1,62.1,1.052,22.0,25.0,0.027,0.0509,0.376,0.0068,0.0114,0.25,1.04,,0.08
PTCT,weekly,1.5,,,,55,2025-09-12 00:00,2026-09-25 00:00,65.26,85.99,58.99,1.46,0.11,0.03,0.23,41.6,True,-0.36,-0.08,0,0,3,406003735.0,"[11, 34, 41]",638,56.5,64.9,1.146,7.0,13.0,0.0658,0.0866,0.745,0.0405,0.0575,0.62,0.68,,0.02
PTEN,weekly,1.5,COMP,,,30,2026-03-06 00:00,2026-09-25 00:00,11.42,12.85,8.59,1.5,0.32,-0.24,0.66,55.2,True,-0.46,0.39,0,0,1,511092606.0,[3],896,,,,,,0.0896,0.1044,0.6,0.0416,0.1011,0.46,0.81,,0.0
PTLO,daily,1.5,ANTI,,,96,2026-05-05 00:00,2026-09-21 00:00,3.73,5.16,3.72,1.39,0.2,-0.43,0.01,29.6,False,-1.34,-1.5,0,1,7,5670308.0,"[58, 63, 70, 76]",1137,66.9,57.4,0.965,6.0,19.0,0.0676,0.0785,0.656,0.0223,0.0807,0.33,0.95,,0.02
PTON,weekly,1.5,,,,27,2026-03-27 00:00,2026-09-25 00:00,4.95,6.4,4.43,1.44,0.21,-0.57,0.26,40.9,True,-0.09,0.17,0,0,2,250255341.0,"[9, 18]",339,59.4,59.2,0.998,9.0,8.0,0.0468,0.0918,0.741,0.0463,0.0409,0.99,0.8,,0.0
PTON,weekly,2.0,,,,45,2025-11-21 00:00,2026-09-25 00:00,4.95,6.84,3.71,1.84,-0.11,-0.64,0.4,40.9,True,-0.09,0.17,0,0,3,249739753.0,"[7, 27, 36]",321,59.4,59.2,0.998,9.0,8.0,0.0941,0.1483,0.556,0.0463,0.0409,0.49,0.8,,0.0
PTON,weekly,3.0,,,,110,2024-08-23 00:00,2026-09-25 00:00,4.95,10.34,3.71,2.79,-0.34,-0.77,0.19,40.9,True,-0.09,0.17,0,0,9,366074346.0,"[58, 72, 92, 101]",256,59.4,59.2,0.998,9.0,8.0,0.1684,0.2327,0.673,0.0463,0.0409,0.27,0.55,,0.0
PTON,daily,1.5,ANTI,,,118,2026-04-02 00:00,2026-09-21 00:00,4.95,6.61,4.58,1.44,0.18,-0.4,0.18,39.3,False,-0.19,-0.55,0,0,11,51996978.0,"[73, 80, 96, 107]",1637,44.7,45.7,0.968,11.0,10.0,0.0574,0.0911,0.644,0.0051,0.0182,0.09,0.66,,0.0
PTRN,daily,2.0,,,,94,2026-05-07 00:00,2026-09-21 00:00,20.24,29.4,15.92,1.85,0.19,-0.01,0.32,46.2,False,0.02,-0.33,0,0,8,34806446.0,"[59, 67, 77, 87]",158,47.6,41.0,0.916,10.0,6.0,0.0708,0.1535,0.67,0.0132,0.0146,0.19,1.02,,0.05
PUBM,weekly,3.0,COMP,,,112,2024-08-09 00:00,2026-09-25 00:00,17.88,17.88,6.49,2.76,-0.27,-0.73,1.0,73.2,True,0.78,2.16,0,0,7,28467027.0,"[66, 82, 99, 104]",191,72.4,79.5,1.312,5.0,7.0,0.2521,0.2711,0.455,0.0372,0.0782,0.15,2.09,,0.02
PUMP,weekly,2.0,ANTI,,,48,2025-10-31 00:00,2026-09-25 00:00,10.16,17.45,9.11,1.92,0.31,-0.16,0.13,38.8,False,-1.51,-2.37,0,0,2,178539209.0,"[1, 25]",450,75.9,77.0,1.583,24.0,22.0,0.1241,0.1857,0.5,0.0273,0.041,0.22,0.92,,0.0
PUMP,weekly,3.0,,,,49,2025-10-24 00:00,2026-09-25 00:00,10.16,17.45,6.31,2.77,0.29,-0.42,0.35,38.8,False,-1.51,-2.37,0,0,2,178449426.0,"[2, 26]",449,75.9,77.0,1.583,24.0,22.0,0.1314,0.1984,0.755,0.0273,0.041,0.21,0.92,,0.0
PUSA,daily,1.5,,DN,broad,62,2026-06-24 00:00,2026-09-21 00:00,3.57,4.05,2.73,1.48,-0.07,-0.57,0.64,48.6,False,-0.33,-0.03,0,0,5,1328413.0,"[10, 16, 37, 47]",49,55.7,61.4,1.072,10.0,14.0,0.0536,0.0864,0.565,0.0239,0.0246,0.45,1.01,,0.02
PUSA,daily,3.0,,,,111,2026-04-14 00:00,2026-09-21 00:00,3.57,6.4,2.73,2.34,-0.24,,0.23,48.6,False,-0.33,-0.03,0,0,8,1743444.0,"[59, 65, 86, 96]",0,55.7,61.4,1.072,10.0,14.0,0.0769,0.1652,0.595,0.0239,0.0246,0.31,0.77,,0.03
PVH,weekly,1.5,,,,28,2026-03-20 00:00,2026-09-25 00:00,73.4,94.08,63.21,1.49,-0.22,-0.55,0.33,45.2,False,-0.78,-0.84,0,0,2,376730067.0,"[4, 20]",898,67.7,57.0,0.93,16.0,7.0,0.0637,0.101,0.571,0.034,0.0484,0.53,0.9,,0.04
PVH,daily,1.5,,,,124,2026-03-25 00:00,2026-09-21 00:00,73.4,98.72,66.34,1.49,-0.35,-0.24,0.22,46.3,False,0.05,-0.47,0,0,7,79720520.0,"[56, 86, 106, 113]",4332,45.6,41.4,0.947,7.0,10.0,0.0808,0.0973,0.621,0.0141,0.0147,0.17,0.91,,0.04
PWP,weekly,2.0,ANTI,,,135,2024-03-01 00:00,2026-09-25 00:00,13.45,25.43,12.87,1.98,0.03,-0.0,0.05,36.0,False,-0.42,-1.5,0,0,11,74898691.0,"[101, 111, 121, 126]",171,42.7,50.2,1.066,5.0,8.0,0.1246,0.1671,0.63,0.0418,0.0552,0.34,1.05,,0.01
PWP,daily,1.5,ANTI,,,94,2026-05-07 00:00,2026-09-21 00:00,13.45,18.81,12.75,1.48,-0.32,-0.47,0.12,33.9,False,-0.98,-1.12,0,0,8,18365413.0,"[47, 58, 67, 78]",1368,59.6,53.5,0.947,11.0,15.0,0.0501,0.0784,0.745,0.0499,0.1082,1.0,1.32,,0.02
PWR,weekly,1.5,,,,33,2026-02-13 00:00,2026-09-25 00:00,642.61,769.87,523.9,1.47,0.4,0.03,0.48,52.2,False,-1.43,-0.15,0,0,3,3315820609.0,"[2, 13, 26]",893,88.0,61.5,0.891,13.0,6.0,0.0846,0.1023,0.576,0.0204,0.0261,0.24,0.88,,0.0
PWR,daily,1.5,,,,148,2026-02-19 00:00,2026-09-21 00:00,642.61,785.12,533.59,1.47,0.32,0.02,0.43,52.5,False,-0.11,-0.32,0,0,12,661793903.0,"[106, 114, 123, 141]",4308,62.7,53.4,0.901,18.0,6.0,0.0864,0.1009,0.581,0.0092,0.0088,0.11,0.71,,0.02
Q,weekly,1.5,ANTI,,,26,2026-04-03 00:00,2026-09-25 00:00,121.82,168.87,116.39,1.45,-0.37,-0.08,0.1,45.0,False,-1.5,-0.64,0,0,2,1213658838.0,"[6, 19]",23,79.9,55.2,0.905,13.0,6.0,0.0717,0.0975,0.538,0.0322,0.0707,0.45,0.84,,0.0
QBTS,weekly,3.0,,,,71,2025-05-23 00:00,2026-09-25 00:00,17.7,38.33,13.9,2.76,-0.02,0.13,0.16,45.3,False,-0.19,-0.72,0,0,6,3339002907.0,"[21, 34, 53, 64]",232,62.8,50.2,0.702,11.0,6.0,0.1747,0.2675,0.437,0.0411,0.0633,0.24,0.39,,0.01
QCOM,weekly,2.0,,,,77,2025-04-11 00:00,2026-09-25 00:00,194.23,248.74,125.65,1.98,0.32,-0.39,0.56,56.4,False,-0.21,0.07,0,0,5,6866923143.0,"[24, 29, 35, 56]",849,59.5,76.8,1.237,21.0,20.0,0.0893,0.1542,0.506,0.0373,0.0389,0.42,1.2,,0.04
QCOM,daily,1.5,COMP,,,63,2026-06-23 00:00,2026-09-21 00:00,194.23,203.79,146.81,1.39,-0.22,-0.41,0.83,65.9,True,1.09,0.65,0,0,6,2101134816.0,"[32, 37, 48, 58]",4393,55.8,70.4,1.108,10.0,4.0,0.0487,0.0741,0.73,0.0264,0.0401,0.54,1.21,,0.03
QCOM,daily,2.0,,,,115,2026-04-08 00:00,2026-09-21 00:00,194.23,248.74,126.35,1.97,-0.04,-0.3,0.55,65.9,True,1.09,0.65,0,0,10,2659898475.0,"[84, 89, 100, 110]",4341,55.8,70.4,1.108,10.0,4.0,0.0957,0.1642,0.704,0.0264,0.0401,0.28,0.96,,0.02
QDEL,weekly,2.0,,,,29,2026-03-13 00:00,2026-09-25 00:00,10.86,18.27,10.32,1.77,-0.11,-0.79,0.07,37.3,True,0.48,0.07,0,0,1,123261452.0,[17],897,,,,,,0.1203,0.1626,0.517,0.1127,0.1662,0.94,0.83,,0.03
QDEL,daily,2.0,ANTI,,,136,2026-03-09 00:00,2026-09-21 00:00,10.86,19.86,9.96,1.99,-0.1,-0.72,0.09,31.9,False,-0.77,-1.62,1,0,11,23278464.0,"[96, 101, 109, 119]",4320,46.1,50.8,1.015,10.0,16.0,0.1495,0.1665,0.574,0.0251,0.0857,0.17,0.72,,0.01
QGEN,daily,1.5,,,,141,2026-03-02 00:00,2026-09-21 00:00,44.78,48.39,32.34,1.5,0.23,-0.41,0.77,59.5,False,-0.37,-0.01,0,1,10,84624274.0,"[102, 111, 119, 128]",4315,67.6,58.3,0.984,9.0,12.0,0.0523,0.088,0.738,0.0141,0.0133,0.27,0.89,,0.02
QMCO,daily,1.5,COMP,,,29,2026-08-11 00:00,2026-09-21 00:00,26.1,26.11,19.4,1.35,0.33,0.22,1.0,66.4,True,-0.62,0.25,0,0,2,25867580.0,"[3, 12]",4427,87.9,67.7,0.902,9.0,16.0,0.0475,0.0649,0.655,0.0327,0.0289,0.69,0.86,,0.0
QMCO,daily,2.0,COMP,,,29,2026-08-11 00:00,2026-09-21 00:00,26.1,26.11,19.4,1.35,0.33,0.22,1.0,66.4,True,-0.62,0.25,0,0,2,25867580.0,"[3, 12]",4427,87.9,67.7,0.902,9.0,16.0,0.0475,0.0649,0.655,0.0327,0.0289,0.69,0.86,,0.0
QMLS,daily,2.0,,,,45,2026-07-20 00:00,2026-09-21 00:00,8.1,9.49,5.36,1.77,-0.32,,0.66,39.9,True,0.94,0.07,3,0,4,1984349.0,"[2, 19, 28, 37]",2,13.4,21.9,1.037,9.0,7.0,0.0751,0.1351,0.444,0.0963,0.0923,1.28,1.3,,0.0
QMLS,daily,3.0,,,,46,2026-07-17 00:00,2026-09-21 00:00,8.1,14.28,5.36,2.66,-0.25,,0.31,39.9,True,0.94,0.07,3,0,4,2099826.0,"[3, 20, 29, 38]",1,13.4,21.9,1.037,9.0,7.0,0.0766,0.2132,0.087,0.0963,0.0923,1.26,1.23,,0.0
QNST,weekly,2.0,,,,84,2025-02-21 00:00,2026-09-25 00:00,17.26,21.08,11.25,1.87,-0.17,-0.53,0.61,55.0,True,1.05,1.98,0,0,6,44939309.0,"[30, 46, 63, 76]",784,49.7,74.6,1.596,13.0,7.0,0.0936,0.1544,0.643,0.0778,0.0929,0.83,2.08,,0.02
QRVO,weekly,2.0,COMP,,,75,2025-04-25 00:00,2026-09-25 00:00,117.21,117.21,63.78,1.84,0.36,-0.48,1.0,71.7,True,0.37,0.76,0,0,6,576935892.0,"[17, 32, 42, 56]",851,49.7,72.3,1.26,14.0,18.0,0.0664,0.1106,0.88,0.0576,0.0836,0.87,0.91,,0.03
QTRX,daily,2.0,,UP,broad,133,2026-03-12 00:00,2026-09-21 00:00,3.04,4.76,2.42,1.97,-0.33,-0.7,0.26,54.8,False,0.43,0.03,0,0,9,2507712.0,"[85, 102, 111, 123]",2074,47.1,44.4,0.875,12.0,9.0,0.1439,0.173,0.586,0.0906,0.0483,0.63,1.13,,0.05
QTTB,daily,3.0,ANTI,,,81,2026-05-27 00:00,2026-09-21 00:00,10.47,21.38,10.31,2.07,0.08,0.41,0.01,27.0,False,-1.47,-2.65,0,0,9,6554563.0,"[48, 56, 61, 76]",2051,57.4,30.5,0.683,15.0,4.0,0.127,0.1511,0.543,0.0175,0.0342,0.14,1.24,,0.02
QTWO,weekly,3.0,,,,148,2023-12-01 00:00,2026-09-25 00:00,57.93,110.85,37.52,2.95,-0.02,-0.54,0.28,51.2,True,1.18,1.26,0,0,12,202867388.0,"[106, 118, 126, 141]",506,41.0,63.9,1.264,15.0,6.0,0.2132,0.2635,0.588,0.0307,0.0499,0.14,1.02,,0.01
QUIK,weekly,3.0,ANTI,,,32,2026-02-20 00:00,2026-09-25 00:00,10.74,21.9,8.11,2.7,0.15,-0.54,0.19,40.6,False,-2.21,-1.93,0,0,1,18381450.0,[11],894,,,,,,0.2408,0.3121,0.312,0.0079,0.1461,0.03,0.7,,0.0
QUIK,daily,3.0,ANTI,,,139,2026-03-04 00:00,2026-09-21 00:00,10.74,23.74,8.57,2.77,0.04,-0.05,0.14,42.3,False,-0.02,-0.68,0,0,16,3430606.0,"[95, 105, 122, 129]",4317,36.3,37.8,0.967,7.0,9.0,0.23,0.3018,0.396,0.0151,0.0103,0.07,0.82,,0.03
QURE,daily,1.5,,,,66,2026-06-17 00:00,2026-09-21 00:00,44.31,51.05,36.66,1.39,0.17,0.23,0.53,46.3,False,-1.22,-0.58,0,0,7,52804756.0,"[35, 40, 47, 57]",3109,68.9,49.5,0.901,10.0,8.0,0.0613,0.0744,0.606,0.0066,0.0097,0.11,0.88,,0.03
QXO,weekly,3.0,ANTI,,,113,2024-08-02 00:00,2026-09-25 00:00,12.2,27.07,11.16,2.43,0.25,-0.95,0.07,37.6,False,-0.52,-3.1,0,0,9,656968188.0,"[80, 89, 99, 105]",809,45.4,45.4,0.909,6.0,7.0,0.1739,0.21,0.593,0.0819,0.0614,0.47,1.47,,0.02
QXO-P-B,weekly,2.0,ANTI,,,71,2025-05-23 00:00,2026-09-25 00:00,39.02,71.38,36.3,1.97,-0.37,,0.08,39.7,False,-0.46,-2.04,0,0,7,19459137.0,"[38, 47, 56, 63]",0,45.2,46.3,0.947,7.0,7.0,0.0971,0.1451,0.704,0.0478,0.0403,0.49,0.52,,0.03
QXO-P-B,weekly,3.0,ANTI,,,71,2025-05-23 00:00,2026-09-25 00:00,39.02,71.38,36.3,1.97,-0.37,,0.08,39.7,False,-0.46,-2.04,0,0,7,19459137.0,"[38, 47, 56, 63]",0,45.2,46.3,0.947,7.0,7.0,0.0971,0.1451,0.704,0.0478,0.0403,0.49,0.52,,0.03
RACE,weekly,1.5,COMP,,,51,2025-10-10 00:00,2026-09-25 00:00,416.13,436.54,311.04,1.4,0.13,-0.39,0.84,58.9,True,0.81,0.89,0,0,5,999397239.0,"[13, 20, 27, 45]",520,50.2,66.8,1.184,18.0,5.0,0.067,0.0833,0.569,0.0077,0.0258,0.11,0.74,,0.04
RAIL,weekly,1.5,ANTI,,,29,2026-03-13 00:00,2026-09-25 00:00,7.53,10.2,6.81,1.5,-0.35,-0.55,0.21,44.8,False,-0.01,-0.77,0,0,2,6802610.0,"[5, 15]",897,45.8,56.6,1.112,10.0,13.0,0.054,0.0913,0.621,0.0245,0.0559,0.45,0.95,,0.0
RAIL,weekly,2.0,ANTI,,,30,2026-03-06 00:00,2026-09-25 00:00,7.53,12.73,6.81,1.87,-0.34,-0.55,0.12,44.8,False,-0.01,-0.77,0,0,2,6865908.0,"[6, 16]",896,45.8,56.6,1.112,10.0,13.0,0.0546,0.1348,0.267,0.0245,0.0559,0.45,0.94,,0.0
RAIL,weekly,3.0,ANTI,,,98,2024-11-15 00:00,2026-09-25 00:00,7.53,13.9,4.64,3.0,-0.07,-0.7,0.31,44.8,False,-0.01,-0.77,0,0,8,7712953.0,"[58, 66, 74, 84]",828,45.8,56.6,1.112,10.0,13.0,0.1174,0.2126,0.776,0.0245,0.0559,0.21,0.84,,0.0
RAIL,daily,2.0,DIVUP,UP,strict,138,2026-03-05 00:00,2026-09-21 00:00,7.53,13.15,6.66,1.97,-0.29,-0.55,0.13,56.7,False,0.55,-0.1,1,0,9,1446500.0,"[99, 104, 117, 128]",4318,41.1,49.2,0.996,11.0,9.0,0.0562,0.1233,0.297,0.0384,0.0385,0.68,1.13,,0.05
RAL,daily,1.5,COMP,,,92,2026-05-11 00:00,2026-09-21 00:00,68.91,73.57,49.48,1.49,0.2,-0.12,0.81,59.0,True,0.42,-0.0,1,0,9,96519466.0,"[48, 64, 74, 83]",220,41.0,55.8,1.049,9.0,8.0,0.0475,0.065,0.609,0.0169,0.027,0.36,1.24,,0.04
RBA,weekly,1.5,ANTI,,,102,2024-10-18 00:00,2026-09-25 00:00,83.7,117.4,79.17,1.48,0.22,-0.06,0.12,33.1,False,-0.8,-0.99,0,0,7,535782514.0,"[48, 68, 79, 88]",824,53.7,63.3,1.083,9.0,13.0,0.0584,0.0905,0.667,0.0053,0.0401,0.09,1.57,,0.03
RBLX,daily,1.5,COMP,,,46,2026-07-17 00:00,2026-09-21 00:00,51.25,53.25,35.54,1.5,-0.03,-0.5,0.89,68.3,True,1.42,1.07,1,0,2,404972329.0,"[8, 40]",1344,47.7,75.2,1.023,32.0,5.0,0.103,0.131,0.348,0.0497,0.0481,0.48,1.01,,0.02
RBRK,weekly,3.0,COMP,,,103,2024-10-11 00:00,2026-09-25 00:00,112.96,112.96,39.4,2.87,0.22,0.04,1.0,68.2,True,0.98,1.97,0,0,9,991839069.0,"[73, 85, 91, 96]",24,64.3,69.4,1.212,5.0,6.0,0.1666,0.2235,0.709,0.0628,0.1112,0.38,1.57,,0.01
RBRK,daily,1.5,,,,34,2026-08-04 00:00,2026-09-21 00:00,112.96,112.96,80.99,1.39,0.28,-0.09,1.0,67.4,False,-0.42,0.12,0,0,3,332968665.0,"[7, 17, 23]",570,67.6,52.2,0.875,6.0,10.0,0.0547,0.0784,0.588,0.0366,0.0697,0.67,1.15,,0.03
RCAT,weekly,3.0,ANTI,,,74,2025-05-02 00:00,2026-09-25 00:00,6.95,16.06,5.93,2.71,0.22,-0.55,0.1,40.6,False,-0.39,-2.98,0,0,6,469504433.0,"[38, 45, 56, 67]",852,58.8,52.2,0.768,11.0,6.0,0.1934,0.2498,0.581,0.1168,0.1004,0.6,0.7,,0.01
RCI,weekly,1.5,DIVDN,DN,strict,68,2025-06-13 00:00,2026-09-25 00:00,34.41,39.1,26.35,1.48,0.29,-0.38,0.63,47.2,False,0.18,0.08,0,1,5,192606388.0,"[19, 29, 38, 52]",858,63.8,57.2,0.977,14.0,15.0,0.0432,0.075,0.559,0.016,0.0486,0.37,0.94,,0.01
RCKT,weekly,1.5,,,,27,2026-03-27 00:00,2026-09-25 00:00,3.27,3.91,2.75,1.42,-0.01,-0.9,0.45,46.2,True,0.23,0.08,0,0,2,34537374.0,"[15, 22]",579,54.6,54.6,0.987,7.0,4.0,0.0634,0.0936,0.63,0.0372,0.0576,0.59,0.63,,0.07
RCKT,weekly,2.0,,,,70,2025-05-30 00:00,2026-09-25 00:00,3.27,5.01,2.51,2.0,0.23,-0.92,0.3,46.2,True,0.23,0.08,0,0,5,38160711.0,"[21, 39, 58, 65]",536,54.6,54.6,0.987,7.0,4.0,0.0836,0.132,0.686,0.0372,0.0576,0.44,0.57,,0.04
RCKT,weekly,3.0,,,,73,2025-05-09 00:00,2026-09-25 00:00,3.27,6.99,2.51,2.78,-0.05,-0.92,0.17,46.2,True,0.23,0.08,0,0,5,39373964.0,"[24, 42, 61, 68]",533,54.6,54.6,0.987,7.0,4.0,0.089,0.2196,0.26,0.0372,0.0576,0.42,0.55,,0.04
RCKT,daily,1.5,ANTI,,,66,2026-06-17 00:00,2026-09-21 00:00,3.27,4.24,3.11,1.36,0.04,-0.41,0.14,40.0,False,-0.42,-0.13,0,0,4,5112964.0,"[3, 13, 36, 50]",2849,59.6,61.5,1.06,14.0,15.0,0.046,0.0702,0.652,0.0175,0.0374,0.38,1.07,,0.02
RCKT,daily,2.0,ANTI,,,134,2026-03-11 00:00,2026-09-21 00:00,3.27,4.96,2.6,1.91,-0.22,-0.51,0.28,40.0,False,-0.42,-0.13,0,0,9,6836390.0,"[71, 81, 104, 118]",2781,59.6,61.5,1.06,14.0,15.0,0.0587,0.1302,0.746,0.0175,0.0374,0.3,0.8,,0.04
RCL,weekly,1.5,,,,70,2025-05-30 00:00,2026-09-25 00:00,250.25,355.0,245.81,1.44,-0.27,-0.05,0.04,39.8,True,-0.05,0.06,0,0,6,3062249908.0,"[36, 46, 56, 62]",856,60.2,59.4,1.006,6.0,7.0,0.0792,0.0971,0.557,0.0739,0.0629,0.93,0.78,,0.0
RCL,weekly,2.0,,,,77,2025-04-11 00:00,2026-09-25 00:00,250.25,355.0,187.14,1.9,0.07,-0.28,0.38,39.8,True,-0.05,0.06,0,0,6,3037807654.0,"[43, 53, 63, 69]",849,60.2,59.4,1.006,6.0,7.0,0.0869,0.1227,0.727,0.0739,0.0629,0.85,0.78,,0.0
RDDT,weekly,1.5,,,,26,2026-04-03 00:00,2026-09-25 00:00,158.73,195.34,136.0,1.44,0.11,-0.49,0.38,48.2,True,0.12,0.16,0,0,2,3538728395.0,"[8, 14]",106,52.7,57.3,1.11,6.0,11.0,0.0491,0.0929,0.731,0.019,0.0496,0.39,1.09,,0.0
RDDT,weekly,2.0,,,,37,2026-01-16 00:00,2026-09-25 00:00,158.73,231.01,121.84,1.9,-0.0,-0.54,0.34,48.2,True,0.12,0.16,0,0,2,3518761622.0,"[19, 25]",95,52.7,57.3,1.11,6.0,11.0,0.102,0.1411,0.649,0.019,0.0496,0.19,1.09,,0.0
RDDT,weekly,3.0,,,,77,2025-04-11 00:00,2026-09-25 00:00,158.73,264.48,96.16,2.75,0.05,-0.57,0.37,48.2,True,0.12,0.16,0,0,6,4316678797.0,"[23, 39, 59, 65]",55,52.7,57.3,1.11,6.0,11.0,0.1637,0.2437,0.662,0.019,0.0496,0.12,0.89,,0.0
RDDT,daily,1.5,DIVUP,UP,strict,119,2026-04-01 00:00,2026-09-21 00:00,158.73,203.27,136.0,1.49,0.1,-0.47,0.34,51.4,False,0.13,-0.13,1,0,11,705899388.0,"[93, 100, 106, 113]",511,49.3,53.5,1.027,7.0,5.0,0.0573,0.0947,0.697,0.0136,0.0176,0.24,1.17,,0.02
RDNT,weekly,1.5,COMP,,,42,2025-12-12 00:00,2026-09-25 00:00,72.67,78.2,52.39,1.49,-0.03,-0.37,0.79,56.8,True,1.22,1.33,0,0,4,237628451.0,"[4, 18, 29, 36]",884,58.3,64.3,1.117,7.0,5.0,0.099,0.1221,0.405,0.0176,0.0506,0.18,1.02,,0.0
RDNT,weekly,2.0,COMP,,,135,2024-03-01 00:00,2026-09-25 00:00,72.67,83.41,44.35,1.88,0.29,0.15,0.73,56.8,True,1.22,1.33,0,0,11,193344541.0,"[97, 111, 122, 129]",791,58.3,64.3,1.117,7.0,5.0,0.12,0.1554,0.644,0.0176,0.0506,0.15,1.25,,0.01
RDW,weekly,3.0,,,,26,2026-04-03 00:00,2026-09-25 00:00,11.6,24.57,8.45,2.91,-0.09,-0.65,0.2,50.5,False,-0.41,-0.48,0,0,2,1009808049.0,"[8, 18]",272,79.6,54.2,0.553,10.0,7.0,0.1275,0.2936,0.269,0.0587,0.0801,0.46,0.69,,0.04
RDW,daily,2.0,,,,69,2026-06-12 00:00,2026-09-21 00:00,11.6,15.12,7.78,1.94,-0.11,-0.7,0.52,54.7,False,-0.38,-0.69,0,0,4,166234022.0,"[11, 27, 38, 59]",1358,67.1,50.1,0.826,21.0,9.0,0.1012,0.1523,0.652,0.0116,0.0196,0.11,0.83,,0.04
RDW,daily,3.0,,,,78,2026-06-01 00:00,2026-09-21 00:00,11.6,21.43,7.78,2.75,-0.38,-0.7,0.28,54.7,False,-0.38,-0.69,0,0,4,179811475.0,"[20, 36, 47, 68]",1349,67.1,50.1,0.826,21.0,9.0,0.118,0.2443,0.449,0.0116,0.0196,0.1,0.77,,0.04
REA,daily,1.5,ANTI,,,35,2026-08-03 00:00,2026-09-21 00:00,11.18,15.14,10.23,1.48,-0.39,-0.63,0.19,39.9,False,-1.2,-1.65,0,1,2,1076722.0,"[9, 16]",60,66.5,60.2,0.982,7.0,18.0,0.1049,0.1166,0.4,0.0104,0.0233,0.1,0.8,,0.06
REA,daily,2.0,ANTI,,,68,2026-06-15 00:00,2026-09-21 00:00,11.18,17.83,9.08,1.96,-0.36,-0.67,0.24,39.9,False,-1.2,-1.65,0,1,5,1471414.0,"[19, 25, 42, 49]",27,66.5,60.2,0.982,7.0,18.0,0.1217,0.1607,0.632,0.0104,0.0233,0.09,0.59,,0.03
REAL,weekly,1.5,,,,33,2026-02-13 00:00,2026-09-25 00:00,9.65,12.45,8.57,1.45,0.04,-0.48,0.28,43.2,True,0.04,0.05,0,0,3,143841811.0,"[10, 18, 25]",346,56.2,55.5,0.988,7.0,7.0,0.1061,0.1135,0.515,0.0705,0.0468,0.66,0.84,,0.0
REAL,weekly,2.0,,,,56,2025-09-05 00:00,2026-09-25 00:00,9.65,16.59,8.57,1.94,-0.26,-0.21,0.14,43.2,True,0.04,0.05,0,0,5,164136373.0,"[16, 33, 41, 48]",323,56.2,55.5,0.988,7.0,7.0,0.1186,0.1855,0.518,0.0705,0.0468,0.59,0.73,,0.0
REAL,weekly,3.0,,,,60,2025-08-08 00:00,2026-09-25 00:00,9.65,16.59,6.4,2.59,-0.03,-0.41,0.32,43.2,True,0.04,0.05,0,0,5,164136373.0,"[20, 37, 45, 52]",319,56.2,55.5,0.988,7.0,7.0,0.1298,0.2067,0.717,0.0705,0.0468,0.54,0.73,,0.0
REAL,daily,1.5,ANTI,,,120,2026-03-31 00:00,2026-09-21 00:00,9.65,13.0,8.87,1.47,0.07,-0.48,0.19,37.5,False,-0.73,-0.99,0,0,8,28603584.0,"[76, 86, 97, 113]",1697,52.3,35.9,0.834,16.0,6.0,0.1014,0.1083,0.483,0.0074,0.0181,0.07,0.71,,0.03
REGN,weekly,2.0,COMP,,,101,2024-10-25 00:00,2026-09-25 00:00,798.17,924.3,487.04,1.9,0.19,-0.59,0.71,59.0,True,0.66,0.53,1,0,7,2970498131.0,"[57, 63, 68, 95]",825,63.8,68.3,1.042,27.0,5.0,0.1164,0.1399,0.683,0.0151,0.0277,0.13,0.95,,0.01
RELL,daily,1.5,ANTI,,,96,2026-05-05 00:00,2026-09-21 00:00,16.59,21.76,14.59,1.49,0.24,0.01,0.28,43.8,False,-0.28,-0.61,0,0,9,3046774.0,"[54, 62, 79, 86]",4360,46.9,47.3,0.98,7.0,9.0,0.0404,0.0827,0.74,0.0145,0.0259,0.36,0.57,,0.03
REPL,daily,1.5,,,,36,2026-07-31 00:00,2026-09-21 00:00,12.87,15.98,11.2,1.43,0.17,-0.04,0.35,42.6,False,-1.12,-0.78,0,0,3,36452692.0,"[8, 18, 23]",2017,65.7,64.7,1.006,5.0,12.0,0.0753,0.0966,0.472,0.0073,0.0183,0.1,0.77,,0.03
REPL,daily,2.0,,,,36,2026-07-31 00:00,2026-09-21 00:00,12.87,15.98,11.2,1.43,0.17,-0.04,0.35,42.6,False,-1.12,-0.78,0,0,3,36452692.0,"[8, 18, 23]",2017,65.7,64.7,1.006,5.0,12.0,0.0753,0.0966,0.472,0.0073,0.0183,0.1,0.77,,0.03
REPX,daily,1.5,,,,138,2026-03-05 00:00,2026-09-21 00:00,40.62,44.9,31.31,1.43,0.38,0.08,0.69,50.6,True,0.44,0.79,0,0,11,11668997.0,"[95, 102, 117, 133]",4312,67.0,82.5,1.176,16.0,4.0,0.0502,0.0847,0.464,0.005,0.0086,0.1,1.59,,0.04
RERE,weekly,2.0,ANTI,,,66,2025-06-27 00:00,2026-09-25 00:00,3.94,5.76,3.05,1.89,0.13,-0.07,0.33,43.2,False,-0.06,-0.66,0,0,4,27466506.0,"[9, 28, 42, 59]",210,53.1,52.9,0.899,17.0,6.0,0.0926,0.1553,0.652,0.0354,0.0227,0.38,0.62,,0.02
RES,weekly,1.5,ANTI,,,43,2025-12-05 00:00,2026-09-25 00:00,5.68,7.9,5.32,1.48,0.13,-0.28,0.14,43.4,False,-0.61,-0.85,0,1,4,53647315.0,"[0, 8, 16, 27]",883,69.5,57.8,0.988,11.0,15.0,0.0752,0.0966,0.535,0.0173,0.0492,0.23,0.77,,0.02
RES,weekly,2.0,,,,156,2023-10-06 00:00,2026-09-25 00:00,5.68,8.22,4.12,2.0,-0.25,-0.63,0.38,43.4,False,-0.61,-0.85,0,1,12,48098504.0,"[113, 121, 129, 140]",770,69.5,57.8,0.988,11.0,15.0,0.1128,0.1548,0.712,0.0173,0.0492,0.15,0.86,,0.02
REX,weekly,1.5,,,,32,2026-02-20 00:00,2026-09-25 00:00,43.13,50.06,34.18,1.46,0.16,-0.04,0.56,51.1,False,-1.05,-0.46,0,0,4,38397590.0,"[5, 10, 21, 26]",894,63.1,54.8,0.944,5.0,5.0,0.058,0.0862,0.625,0.0332,0.0333,0.57,0.87,,0.0
REX,daily,1.5,,,,145,2026-02-24 00:00,2026-09-21 00:00,43.13,51.16,34.35,1.49,0.12,-0.04,0.52,52.6,False,0.07,-0.16,0,0,9,7567890.0,"[92, 111, 120, 136]",4311,54.7,48.9,0.947,16.0,8.0,0.0454,0.0786,0.697,0.0096,0.0102,0.21,1.1,,0.05
REXR,weekly,1.5,,,,104,2024-10-04 00:00,2026-09-25 00:00,38.72,44.62,30.62,1.46,-0.1,-0.46,0.58,58.8,True,0.68,0.44,0,0,8,432335229.0,"[67, 80, 85, 94]",585,48.8,60.6,1.092,9.0,9.0,0.0591,0.0771,0.769,0.0175,0.0218,0.3,0.87,,0.02
REZI,weekly,2.0,ANTI,,,66,2025-06-27 00:00,2026-09-25 00:00,18.81,30.95,15.62,1.98,-0.03,-0.18,0.21,39.4,False,-0.58,-1.43,0,0,5,246780783.0,"[29, 35, 43, 58]",349,62.2,57.3,0.914,15.0,7.0,0.1006,0.1549,0.682,0.0352,0.0824,0.35,0.96,,0.0
REZI,daily,1.5,ANTI,,,92,2026-05-11 00:00,2026-09-21 00:00,18.81,26.24,18.37,1.43,-0.2,-0.36,0.06,39.5,False,-0.02,-0.47,0,0,10,42633123.0,"[69, 75, 81, 86]",1901,40.8,40.9,0.977,5.0,5.0,0.0771,0.1019,0.511,0.0088,0.0191,0.11,0.97,,0.03
RFIL,weekly,3.0,ANTI,,,37,2026-01-16 00:00,2026-09-25 00:00,8.14,21.43,8.01,2.68,0.13,-0.07,0.01,36.4,False,-1.55,-2.82,0,0,3,14785443.0,"[1, 18, 30]",889,78.8,49.4,0.735,12.0,6.0,0.175,0.2602,0.459,0.1454,0.1469,0.83,0.76,,0.0
RGC,daily,1.5,,,,56,2026-07-02 00:00,2026-09-21 00:00,5.92,6.89,4.78,1.44,0.07,-0.86,0.54,49.6,True,0.52,0.39,0,0,3,1014269.0,"[20, 33, 45]",1245,43.2,63.1,1.186,12.0,10.0,0.0505,0.0769,0.714,0.0136,0.0359,0.27,0.55,,0.02
RGC,daily,2.0,,,,62,2026-06-24 00:00,2026-09-21 00:00,5.92,8.56,4.78,1.79,-0.17,-0.86,0.3,49.6,True,0.52,0.39,0,0,3,1111921.0,"[26, 39, 51]",1239,43.2,63.1,1.186,12.0,10.0,0.0482,0.1139,0.452,0.0136,0.0359,0.28,0.5,,0.02
RGC,daily,3.0,,,,65,2026-06-18 00:00,2026-09-21 00:00,5.92,12.01,4.78,2.51,-0.27,-0.86,0.16,49.6,True,0.52,0.39,0,0,3,1179409.0,"[29, 42, 54]",1236,43.2,63.1,1.186,12.0,10.0,0.054,0.2146,0.077,0.0136,0.0359,0.25,0.47,,0.02
RGEN,weekly,2.0,COMP,,,136,2024-02-23 00:00,2026-09-25 00:00,180.71,198.03,102.87,1.93,-0.19,-0.59,0.82,64.5,True,1.14,1.54,0,0,12,510089863.0,"[92, 112, 122, 130]",790,58.7,68.1,1.232,8.0,5.0,0.1254,0.1457,0.64,0.0345,0.094,0.28,1.62,,0.01
RGLD,weekly,1.5,,,,30,2026-03-06 00:00,2026-09-25 00:00,250.11,278.67,189.17,1.47,-0.14,-0.37,0.68,56.8,False,0.24,-0.03,1,0,2,859222888.0,"[6, 25]",896,57.5,62.1,0.983,19.0,4.0,0.1003,0.1078,0.467,0.0373,0.1228,0.37,1.02,,0.0
RGLD,daily,1.5,,,,140,2026-03-03 00:00,2026-09-21 00:00,250.11,280.68,187.36,1.5,-0.25,-0.38,0.67,52.0,True,-0.99,0.08,0,0,9,165683567.0,"[84, 97, 110, 121]",4316,73.4,78.2,1.144,11.0,18.0,0.1022,0.1113,0.5,0.0052,0.0156,0.05,0.98,,0.05
RGNX,weekly,3.0,,,,128,2024-04-19 00:00,2026-09-25 00:00,7.88,16.83,5.72,2.94,-0.24,-0.84,0.19,43.2,True,0.3,0.7,0,0,11,35718900.0,"[87, 107, 116, 121]",448,64.5,53.5,0.772,5.0,6.0,0.1674,0.2508,0.617,0.1446,0.1017,0.86,1.43,,0.0
RGP,weekly,1.5,,,,61,2025-08-01 00:00,2026-09-25 00:00,3.97,5.02,3.5,1.44,-0.35,-0.74,0.31,45.5,True,0.06,0.13,2,0,3,7822179.0,"[7, 20, 45]",865,54.3,60.4,0.911,25.0,15.0,0.0713,0.0961,0.639,0.0261,0.0465,0.37,0.75,,0.02
RGTI,daily,1.5,,,,62,2026-06-24 00:00,2026-09-21 00:00,16.53,19.53,13.22,1.48,-0.27,-0.51,0.52,54.4,False,-0.29,-0.63,0,0,2,315003824.0,"[36, 52]",1298,60.0,47.0,0.84,16.0,9.0,0.0595,0.0934,0.694,0.0216,0.0098,0.36,0.7,,0.03
RH,weekly,2.0,,,,35,2026-01-30 00:00,2026-09-25 00:00,127.2,211.16,113.46,1.86,-0.15,-0.75,0.14,40.1,True,0.41,0.82,0,0,2,673941800.0,"[11, 27]",691,41.5,60.2,1.391,16.0,7.0,0.119,0.1726,0.457,0.1217,0.0992,1.02,0.82,,0.0
RH,weekly,3.0,,,,84,2025-02-21 00:00,2026-09-25 00:00,127.2,340.09,113.46,3.0,-0.39,-0.75,0.06,40.1,True,0.41,0.82,0,0,5,915379765.0,"[28, 47, 60, 76]",642,41.5,60.2,1.391,16.0,7.0,0.1545,0.229,0.548,0.1217,0.0992,0.79,0.6,,0.0
RHLD,weekly,3.0,,,,52,2025-10-03 00:00,2026-09-25 00:00,118.44,217.61,73.42,2.96,-0.21,0.05,0.31,43.3,True,0.01,-0.36,0,0,3,104110263.0,"[5, 11, 39]",32,90.4,54.0,0.682,28.0,12.0,0.1826,0.2602,0.654,0.0363,0.0308,0.2,0.94,,0.02
RHLD,daily,1.5,ANTI,,,87,2026-05-18 00:00,2026-09-21 00:00,118.44,156.65,107.21,1.46,0.24,-0.53,0.23,37.9,False,-0.41,-0.32,0,1,7,20573447.0,"[54, 62, 68, 75]",311,60.7,55.3,0.958,7.0,11.0,0.0492,0.075,0.724,0.0293,0.0624,0.6,0.86,,0.05
RICK,weekly,1.5,,,,54,2025-09-19 00:00,2026-09-25 00:00,28.26,30.9,21.22,1.46,0.3,-0.67,0.73,53.8,True,0.51,0.82,0,0,4,8353234.0,"[16, 30, 39, 48]",872,59.3,64.5,1.096,9.0,5.0,0.0631,0.0963,0.648,0.0357,0.049,0.57,0.94,,0.02
RIG,weekly,1.5,,,,36,2026-01-23 00:00,2026-09-25 00:00,5.45,7.04,4.83,1.46,-0.3,-0.26,0.28,47.4,False,-0.69,-0.85,0,0,2,1022229075.0,"[3, 30]",890,82.8,55.0,0.905,27.0,5.0,0.0954,0.1026,0.5,0.0192,0.0459,0.2,1.03,,0.0
RIG,daily,1.5,ANTI,,,84,2026-05-21 00:00,2026-09-21 00:00,5.45,6.82,4.87,1.4,-0.13,-0.36,0.3,44.2,False,-0.72,-0.18,0,1,8,217723028.0,"[48, 62, 71, 79]",4372,67.8,55.8,0.955,8.0,4.0,0.0637,0.0794,0.571,0.0204,0.0245,0.32,1.08,,0.01
RIGL,weekly,2.0,COMP,,,60,2025-08-08 00:00,2026-09-25 00:00,47.09,50.49,25.81,1.96,0.16,-0.07,0.86,65.8,True,1.15,1.89,0,0,4,63695854.0,"[2, 16, 36, 48]",866,49.7,67.3,1.312,12.0,11.0,0.1598,0.1879,0.517,0.0145,0.0916,0.09,1.0,,0.05
RILY,weekly,2.0,ANTI,,,38,2026-01-09 00:00,2026-09-25 00:00,5.8,10.68,5.8,1.84,-0.2,-0.84,0.0,38.7,False,-0.78,-1.43,0,0,3,26523894.0,"[2, 19, 31]",861,68.4,49.6,0.698,12.0,6.0,0.059,0.1386,0.632,0.0391,0.0241,0.66,0.67,,0.0
RIOT,daily,1.5,COMP,,,57,2026-07-01 00:00,2026-09-21 00:00,24.18,24.18,17.79,1.36,-0.06,-0.38,1.0,62.3,True,0.51,0.49,1,0,4,335035468.0,"[15, 20, 38, 47]",4399,52.3,57.1,1.045,9.0,9.0,0.0444,0.0711,0.702,0.0361,0.0279,0.81,0.89,,0.04
RIOT,daily,2.0,,,,115,2026-04-08 00:00,2026-09-21 00:00,24.18,28.69,15.98,1.8,-0.01,-0.17,0.65,62.3,True,0.51,0.49,1,0,8,354980560.0,"[73, 78, 96, 105]",4341,52.3,57.1,1.045,9.0,9.0,0.1214,0.1553,0.565,0.0361,0.0279,0.3,0.84,,0.04
RITM,weekly,1.5,,,,150,2023-11-17 00:00,2026-09-25 00:00,9.55,11.44,7.79,1.47,0.39,-0.01,0.48,48.4,True,0.5,0.24,1,0,14,227874928.0,"[106, 114, 126, 143]",550,50.2,62.4,1.048,17.0,6.0,0.059,0.0836,0.733,0.0193,0.0431,0.33,0.94,,0.05
RIVN,weekly,1.5,,,,39,2026-01-02 00:00,2026-09-25 00:00,15.36,19.41,13.79,1.41,-0.08,-0.39,0.28,47.5,True,-0.03,0.1,0,0,4,2033652385.0,"[6, 15, 26, 33]",217,60.9,53.7,0.911,7.0,5.0,0.0496,0.0804,0.667,0.0224,0.04,0.45,0.69,,0.0
RIVN,weekly,2.0,,,,77,2025-04-11 00:00,2026-09-25 00:00,15.36,22.45,11.47,1.96,0.31,-0.57,0.35,47.5,True,-0.03,0.1,0,0,8,2240871371.0,"[44, 53, 64, 71]",179,60.9,53.7,0.911,7.0,5.0,0.0847,0.1331,0.649,0.0224,0.04,0.26,0.62,,0.0
RIVN,daily,1.5,ANTI,,,85,2026-05-20 00:00,2026-09-21 00:00,15.36,20.14,13.73,1.47,-0.04,-0.39,0.25,44.6,False,-0.14,-0.1,0,1,6,384983755.0,"[48, 55, 64, 75]",1139,56.8,50.9,0.953,11.0,9.0,0.0436,0.0669,0.788,0.0204,0.0184,0.47,0.82,,0.01
RJET,weekly,1.5,,,,59,2025-08-15 00:00,2026-09-25 00:00,18.07,23.57,16.04,1.47,-0.02,-0.28,0.27,47.5,False,-0.25,-0.39,0,0,6,6839815.0,"[28, 38, 46, 51]",366,54.9,54.9,1.0,5.0,7.0,0.0602,0.0873,0.678,0.0293,0.0424,0.49,1.06,,0.0
RJET,daily,1.5,,,,81,2026-05-27 00:00,2026-09-21 00:00,18.07,24.23,16.34,1.48,-0.12,-0.34,0.22,49.1,False,-0.21,-0.54,0,0,5,1709316.0,"[24, 44, 62, 70]",1957,46.7,42.8,0.935,8.0,10.0,0.0366,0.086,0.469,0.0082,0.0113,0.22,0.72,,0.01
RJF,weekly,1.5,,,,104,2024-10-04 00:00,2026-09-25 00:00,165.19,180.81,121.59,1.49,0.33,-0.02,0.74,50.3,True,0.85,0.8,0,0,8,896022973.0,"[51, 67, 82, 97]",822,51.4,69.4,1.162,15.0,6.0,0.0502,0.0793,0.731,0.0168,0.0294,0.33,1.0,,0.0
RKLB,weekly,3.0,,,,43,2025-12-05 00:00,2026-09-25 00:00,69.89,143.48,49.06,2.92,0.07,-0.26,0.22,46.4,False,-1.0,-1.93,0,0,3,7898261182.0,"[6, 25, 35]",262,79.6,49.7,0.577,10.0,7.0,0.1097,0.2514,0.395,0.0539,0.0549,0.49,0.73,,0.0
RKT,weekly,2.0,ANTI,,,72,2025-05-16 00:00,2026-09-25 00:00,12.36,23.29,12.29,1.9,-0.25,-0.38,0.01,40.6,False,0.04,-0.7,0,0,7,1877495351.0,"[34, 48, 59, 65]",249,50.8,49.2,0.936,6.0,6.0,0.119,0.1698,0.431,0.032,0.0523,0.27,0.86,,0.0
RKT,weekly,3.0,ANTI,,,152,2023-11-03 00:00,2026-09-25 00:00,12.36,23.29,7.88,2.95,0.29,-0.48,0.29,40.6,False,0.04,-0.7,0,0,12,502600598.0,"[114, 128, 139, 145]",169,50.8,49.2,0.936,6.0,6.0,0.1302,0.2066,0.776,0.032,0.0523,0.25,3.21,,0.0
RLAY,daily,1.5,,,,70,2026-06-11 00:00,2026-09-21 00:00,18.19,20.75,14.24,1.46,0.35,-0.15,0.61,39.7,False,-0.65,-0.38,1,0,4,51649120.0,"[11, 18, 24, 47]",1483,62.5,65.8,1.042,23.0,22.0,0.0312,0.0726,0.486,0.0034,0.0079,0.11,1.05,,0.0
RLMD,weekly,3.0,ANTI,,,47,2025-11-07 00:00,2026-09-25 00:00,4.16,7.64,2.65,2.88,0.31,-0.61,0.3,36.6,False,-2.1,-3.59,0,1,2,30316048.0,"[3, 23]",594,87.2,82.9,1.659,20.0,23.0,0.1577,0.2507,0.596,0.0525,0.0917,0.33,0.83,,0.0
RM,weekly,1.5,ANTI,,,65,2025-07-04 00:00,2026-09-25 00:00,31.5,43.12,30.34,1.42,-0.12,-0.11,0.09,41.0,False,-0.46,-0.41,0,0,5,9390344.0,"[8, 24, 41, 53]",692,62.2,67.3,1.097,12.0,11.0,0.0773,0.0978,0.569,0.0205,0.0367,0.27,1.38,,0.03
RMBS,weekly,2.0,,,,55,2025-09-12 00:00,2026-09-25 00:00,96.96,158.4,85.46,1.85,0.14,0.14,0.16,46.4,False,-1.05,-1.98,0,0,4,987055551.0,"[2, 19, 32, 39]",871,75.7,62.6,0.925,7.0,15.0,0.0887,0.1678,0.255,0.0426,0.0574,0.48,0.9,,0.0
RMD,weekly,2.0,,,,149,2023-11-24 00:00,2026-09-25 00:00,223.61,290.65,149.88,1.94,0.35,-0.4,0.52,52.1,True,0.99,0.24,0,0,11,1119173226.0,"[106, 115, 124, 144]",777,40.0,61.5,1.056,20.0,4.0,0.093,0.1346,0.765,0.0225,0.0423,0.24,1.38,,0.02
RMD,daily,1.5,DIVDN,DN,strict,154,2026-02-10 00:00,2026-09-21 00:00,223.61,261.4,182.3,1.43,-0.34,-0.35,0.52,48.4,False,-0.69,-0.08,0,1,12,266153018.0,"[100, 121, 138, 149]",4302,69.6,56.0,0.955,11.0,4.0,0.0565,0.0886,0.636,0.018,0.0175,0.32,0.87,,0.06
RMIX,daily,2.0,ANTI,,,112,2026-04-13 00:00,2026-09-21 00:00,13.48,24.84,12.66,1.96,0.07,,0.07,29.4,False,-0.99,-1.75,0,0,9,4709577.0,"[47, 54, 83, 95]",5,53.8,46.9,0.923,12.0,16.0,0.0867,0.1517,0.723,0.0075,0.02,0.09,1.02,,0.04
RMIX,daily,3.0,ANTI,,,117,2026-04-06 00:00,2026-09-21 00:00,13.48,24.84,10.51,2.36,0.17,,0.21,29.4,False,-0.99,-1.75,0,0,9,4615948.0,"[52, 59, 88, 100]",0,53.8,46.9,0.923,12.0,16.0,0.0901,0.1705,0.726,0.0075,0.02,0.08,1.04,,0.03
RMNI,weekly,2.0,,,,85,2025-02-14 00:00,2026-09-25 00:00,4.34,5.65,3.03,1.86,0.32,-0.41,0.5,48.8,True,0.52,1.52,0,0,7,6203604.0,"[42, 54, 63, 80]",474,56.8,72.4,1.395,17.0,4.0,0.1151,0.151,0.576,0.071,0.0614,0.62,1.63,,0.04
RNA,daily,2.0,ANTI,,,142,2026-02-27 00:00,2026-09-21 00:00,9.19,16.54,8.95,1.85,-0.34,,0.03,27.9,False,-1.95,-2.08,0,0,10,2735569.0,"[98, 111, 119, 130]",0,70.7,68.4,1.065,11.0,11.0,0.0515,0.0945,0.873,0.0463,0.0821,0.9,1.42,,0.04
RNA,daily,3.0,ANTI,,,142,2026-02-27 00:00,2026-09-21 00:00,9.19,16.54,8.95,1.85,-0.34,,0.03,27.9,False,-1.95,-2.08,0,0,10,2735569.0,"[98, 111, 119, 130]",0,70.7,68.4,1.065,11.0,11.0,0.0515,0.0945,0.873,0.0463,0.0821,0.9,1.42,,0.04
RNAC,daily,1.5,ANTI,,,71,2026-06-10 00:00,2026-09-21 00:00,7.94,10.59,7.42,1.43,-0.19,-0.18,0.16,35.2,False,-1.65,-1.14,0,0,5,1129204.0,"[8, 15, 40, 48]",2505,57.8,75.2,1.185,8.0,22.0,0.0882,0.099,0.479,0.0106,0.0366,0.12,0.86,,0.01
ROAD,weekly,1.5,ANTI,,,73,2025-05-09 00:00,2026-09-25 00:00,94.46,140.48,94.33,1.49,0.05,-0.07,0.0,40.3,False,-0.41,-0.94,0,0,6,296602906.0,"[40, 52, 59, 66]",366,53.1,54.1,0.989,7.0,6.0,0.0603,0.0912,0.658,0.0934,0.0539,1.55,0.99,,0.03
ROAD,weekly,2.0,ANTI,,,77,2025-04-11 00:00,2026-09-25 00:00,94.46,140.48,77.45,1.81,0.18,-0.24,0.27,40.3,False,-0.41,-0.94,0,0,6,292992888.0,"[44, 56, 63, 70]",362,53.1,54.1,0.989,7.0,6.0,0.0671,0.1097,0.805,0.0934,0.0539,1.39,1.0,,0.03
ROCK,weekly,1.5,,,,32,2026-02-20 00:00,2026-09-25 00:00,41.72,52.79,35.38,1.49,0.24,-0.56,0.36,45.1,True,0.87,0.81,0,0,1,65310635.0,[24],894,,,,,,0.0605,0.0918,0.656,0.0282,0.0456,0.47,0.89,,0.0
ROG,daily,1.5,,,,115,2026-04-08 00:00,2026-09-21 00:00,129.85,167.09,114.06,1.46,-0.05,0.02,0.3,49.2,True,0.11,-0.1,0,0,9,30906084.0,"[71, 90, 98, 108]",4341,47.0,58.9,1.057,10.0,6.0,0.0491,0.0873,0.661,0.0088,0.0098,0.18,0.85,,0.04
ROL,weekly,2.0,ANTI,,,153,2023-10-27 00:00,2026-09-25 00:00,32.35,64.11,32.35,1.98,0.29,-0.24,0.0,18.2,False,-1.11,-3.09,0,0,14,467524278.0,"[119, 130, 142, 147]",773,31.8,23.5,0.822,5.0,5.0,0.1199,0.1465,0.686,0.0303,0.0397,0.25,1.7,,0.04
ROOT,weekly,1.5,,,,35,2026-01-30 00:00,2026-09-25 00:00,49.78,64.36,43.21,1.49,0.06,-0.73,0.31,40.4,True,0.36,0.18,0,0,2,69953826.0,"[16, 23]",274,44.8,54.8,1.122,7.0,11.0,0.0556,0.1016,0.657,0.0511,0.0688,0.92,0.73,,0.06
ROOT,daily,1.5,ANTI,,,112,2026-04-13 00:00,2026-09-21 00:00,49.78,66.21,45.58,1.45,0.02,-0.5,0.2,38.3,False,-0.32,-0.26,0,1,10,13148122.0,"[79, 94, 101, 106]",1368,52.4,48.4,0.96,5.0,5.0,0.0443,0.0673,0.839,0.0257,0.0259,0.58,0.78,,0.03
RPAY,weekly,2.0,,,,51,2025-10-10 00:00,2026-09-25 00:00,3.93,5.09,2.58,1.97,-0.01,-0.77,0.54,52.6,True,0.23,0.61,0,0,4,14189317.0,"[13, 27, 33, 38]",377,53.6,58.2,1.093,5.0,12.0,0.0782,0.1363,0.765,0.023,0.0204,0.29,0.55,,0.0
RPAY,daily,1.5,COMP,,,114,2026-04-09 00:00,2026-09-21 00:00,3.93,4.26,2.86,1.49,0.26,-0.27,0.76,56.2,True,0.33,0.11,0,0,7,1729788.0,"[55, 75, 93, 102]",1894,56.0,53.0,0.968,9.0,11.0,0.0638,0.0829,0.623,0.0396,0.0316,0.62,0.73,,0.06
RPC,weekly,1.5,,,,34,2026-02-06 00:00,2026-09-25 00:00,7.89,10.06,6.85,1.47,0.14,-0.5,0.33,42.8,True,0.49,0.42,0,0,3,22915799.0,"[13, 18, 26]",456,46.4,55.6,1.086,8.0,7.0,0.0484,0.0767,0.765,0.032,0.0258,0.66,1.08,,0.0
RPD,weekly,3.0,COMP,,,39,2026-01-02 00:00,2026-09-25 00:00,12.47,14.27,5.07,2.81,0.21,-0.92,0.8,56.6,True,1.6,2.52,0,0,2,73750532.0,"[21, 28]",546,43.4,62.4,1.456,7.0,10.0,0.29,0.3106,0.359,0.0617,0.0778,0.21,1.46,,0.0
RPD,daily,1.5,,,,56,2026-07-02 00:00,2026-09-21 00:00,12.47,13.78,9.29,1.48,0.31,-0.21,0.71,55.3,False,-0.36,-0.25,0,0,4,24369777.0,"[7, 27, 39, 50]",2755,63.2,57.9,0.947,11.0,5.0,0.0688,0.1048,0.643,0.0157,0.0846,0.23,0.92,,0.04
RPM,weekly,1.5,,,,152,2023-11-03 00:00,2026-09-25 00:00,99.01,134.2,91.63,1.46,-0.04,-0.08,0.17,42.0,True,0.08,0.12,2,0,13,391205669.0,"[119, 128, 138, 144]",774,57.1,61.7,1.049,6.0,7.0,0.0464,0.0792,0.737,0.061,0.0197,1.31,1.32,,0.04
RRC,weekly,1.5,,,,99,2024-11-08 00:00,2026-09-25 00:00,37.82,47.41,32.4,1.46,0.34,-0.12,0.36,45.4,False,-0.21,-0.28,0,0,7,504598469.0,"[32, 47, 56, 72]",827,58.3,73.5,1.209,16.0,26.0,0.0658,0.0809,0.626,0.0256,0.0346,0.39,0.86,,0.03
RRR,weekly,1.5,,,,72,2025-05-16 00:00,2026-09-25 00:00,50.3,66.94,45.06,1.49,0.37,-0.2,0.24,35.6,True,-0.01,0.25,0,0,6,209983481.0,"[31, 38, 48, 58]",472,48.3,64.2,1.187,10.0,13.0,0.0562,0.0878,0.736,0.0775,0.0464,1.38,1.1,,0.0
RTB,daily,3.0,ANTI,,,68,2026-06-15 00:00,2026-09-21 00:00,8.44,19.28,6.67,2.89,-0.31,-0.15,0.14,36.3,False,-0.88,-4.36,0,0,6,1017280.0,"[29, 35, 42, 53]",4074,57.7,44.1,0.775,11.0,14.0,0.1493,0.2433,0.485,0.0579,0.0533,0.39,1.01,,0.01
RUM,weekly,2.0,COMP,,,61,2025-08-01 00:00,2026-09-25 00:00,9.17,9.19,4.71,1.95,0.06,-0.69,1.0,60.6,True,0.25,0.84,0,0,4,88194223.0,"[9, 18, 43, 55]",224,66.2,64.4,0.985,12.0,5.0,0.1188,0.1675,0.639,0.0387,0.1967,0.33,1.64,,0.0
RUM,daily,1.5,,,,29,2026-08-11 00:00,2026-09-21 00:00,9.17,10.23,6.92,1.48,0.15,-0.29,0.68,61.0,False,-1.03,-0.1,0,0,1,37390976.0,[10],1337,,,,,,0.0724,0.0918,0.69,0.0897,0.0596,1.24,1.51,,0.0
RUM,daily,2.0,,,,112,2026-04-13 00:00,2026-09-21 00:00,9.17,10.23,5.18,1.97,0.2,-0.33,0.79,61.0,False,-1.03,-0.1,0,0,9,22533071.0,"[57, 68, 78, 93]",1254,53.7,82.7,1.591,15.0,18.0,0.1384,0.1603,0.536,0.0897,0.0596,0.65,2.51,,0.01
RUN,weekly,3.0,ANTI,,,66,2025-06-27 00:00,2026-09-25 00:00,8.79,20.85,7.43,2.81,-0.4,-0.65,0.1,34.5,False,-0.57,-2.83,0,0,5,642027430.0,"[17, 34, 40, 48]",516,43.3,55.5,1.239,8.0,17.0,0.258,0.2669,0.424,0.0334,0.104,0.13,0.52,,0.02
RVLV,weekly,1.5,,,,35,2026-01-30 00:00,2026-09-25 00:00,21.15,27.65,18.61,1.49,-0.34,-0.5,0.28,42.7,True,0.05,-0.17,0,0,2,107071211.0,"[11, 26]",347,57.9,55.6,0.92,15.0,8.0,0.065,0.1034,0.686,0.0558,0.0502,0.86,0.89,,0.0
RVLV,weekly,2.0,,,,93,2024-12-20 00:00,2026-09-25 00:00,21.15,34.1,17.71,1.93,-0.17,-0.52,0.21,42.7,True,0.05,-0.17,0,0,5,117204236.0,"[37, 53, 69, 84]",289,57.9,55.6,0.92,15.0,8.0,0.0924,0.1617,0.527,0.0558,0.0502,0.6,0.81,,0.0
RVLV,daily,1.5,ANTI,,,89,2026-05-14 00:00,2026-09-21 00:00,21.15,26.83,18.39,1.46,0.38,-0.42,0.33,43.8,False,-0.42,-0.75,0,0,6,19101550.0,"[42, 50, 55, 67]",1744,61.7,49.9,0.916,12.0,21.0,0.0844,0.1014,0.562,0.0097,0.0203,0.11,0.97,,0.04
RWAY,weekly,1.5,COMP,,,33,2026-02-13 00:00,2026-09-25 00:00,6.69,7.45,5.05,1.48,-0.14,-0.45,0.68,57.3,True,1.17,0.35,0,0,1,17516769.0,[15],225,,,,,,0.0755,0.1001,0.727,0.0053,0.0152,0.07,0.75,,0.06
RWAY,daily,1.5,COMP,,,151,2026-02-13 00:00,2026-09-21 00:00,6.69,7.45,5.01,1.49,-0.22,-0.43,0.69,60.7,True,-0.5,0.04,0,2,12,3439852.0,"[102, 120, 136, 145]",1082,68.0,64.2,1.006,9.0,5.0,0.077,0.097,0.675,0.0068,0.0091,0.09,0.56,,0.05
RXO,weekly,2.0,,,,26,2026-04-03 00:00,2026-09-25 00:00,19.72,29.29,14.94,1.96,0.17,-0.52,0.33,46.1,True,-0.61,0.51,0,1,2,174479227.0,"[10, 15]",179,72.0,68.1,1.033,5.0,10.0,0.1299,0.1658,0.692,0.0538,0.0758,0.41,0.94,,0.0
RXO,daily,2.0,,,,119,2026-04-01 00:00,2026-09-21 00:00,19.72,29.3,14.94,1.96,0.22,-0.16,0.33,41.4,False,-0.33,-0.79,0,0,10,39616441.0,"[73, 93, 102, 108]",858,46.4,41.4,0.927,6.0,10.0,0.1292,0.172,0.597,0.0067,0.0141,0.05,0.9,,0.04
RXRX,weekly,1.5,COMP,,,35,2026-01-30 00:00,2026-09-25 00:00,3.97,4.19,2.93,1.43,-0.12,-0.78,0.83,56.5,True,0.5,0.21,1,0,2,250754430.0,"[11, 22]",250,46.4,52.1,1.005,11.0,12.0,0.059,0.0932,0.571,0.0629,0.0868,1.07,0.99,,0.0
RXST,daily,1.5,ANTI,,,57,2026-07-01 00:00,2026-09-21 00:00,5.14,7.33,4.92,1.49,0.4,-0.45,0.09,31.2,False,-1.05,-0.9,0,0,5,4538861.0,"[12, 22, 29, 42]",1234,72.1,70.1,1.038,13.0,14.0,0.0773,0.1052,0.596,0.0617,0.0714,0.8,0.86,,0.0
RXT,daily,1.5,COMP,,,27,2026-08-13 00:00,2026-09-21 00:00,4.04,4.3,3.0,1.43,-0.13,-0.6,0.8,58.7,True,0.63,0.02,0,0,2,23112934.0,"[8, 15]",1512,38.9,40.9,0.968,7.0,11.0,0.0449,0.1026,0.407,0.0832,0.0486,1.85,1.45,,0.04
RYAAY,weekly,1.5,ANTI,,,71,2025-05-23 00:00,2026-09-25 00:00,54.3,72.08,52.52,1.37,-0.02,-0.04,0.09,42.5,False,0.01,-0.22,0,0,5,367130679.0,"[13, 31, 46, 58]",855,48.3,56.1,1.05,12.0,12.0,0.0655,0.0845,0.521,0.0193,0.0385,0.29,0.73,,0.0
RYAM,daily,1.5,,,,117,2026-04-06 00:00,2026-09-21 00:00,8.48,10.21,7.05,1.45,-0.4,-0.4,0.45,50.9,False,-0.1,-0.07,0,0,10,7236513.0,"[74, 84, 94, 101]",2968,53.2,51.4,0.985,7.0,15.0,0.0499,0.0792,0.778,0.0072,0.0118,0.14,0.73,,0.0
RYZ,weekly,1.5,,,,27,2026-03-27 00:00,2026-09-25 00:00,23.94,30.57,20.98,1.46,0.18,-0.34,0.31,44.7,True,-0.26,0.11,0,0,2,53178307.0,"[11, 17]",607,62.6,59.7,1.012,6.0,9.0,0.0509,0.0863,0.741,0.0405,0.0657,0.8,1.13,,0.0
RYZ,daily,1.5,ANTI,,,125,2026-03-24 00:00,2026-09-21 00:00,23.94,30.81,20.74,1.49,0.26,-0.31,0.32,39.3,False,-0.11,-0.39,0,0,9,10524520.0,"[79, 86, 100, 114]",2922,55.7,50.0,0.908,14.0,10.0,0.0605,0.0839,0.752,0.0146,0.0309,0.24,0.88,,0.0
RZLT,daily,1.5,ANTI,,,78,2026-06-01 00:00,2026-09-21 00:00,3.91,5.31,3.61,1.47,-0.07,-0.06,0.18,33.5,False,-0.93,-1.05,0,0,8,6465887.0,"[36, 44, 50, 57]",3366,48.6,60.4,1.083,7.0,20.0,0.0586,0.085,0.526,0.0332,0.0528,0.57,1.0,,0.04
S,weekly,2.0,COMP,,,84,2025-02-21 00:00,2026-09-25 00:00,23.8,23.8,11.94,1.99,-0.08,-0.6,1.0,66.0,True,0.76,1.58,0,0,8,512873705.0,"[46, 55, 65, 77]",190,65.1,70.2,1.235,12.0,6.0,0.101,0.1474,0.679,0.0612,0.0835,0.61,1.62,,0.0
SA,weekly,1.5,,,,30,2026-03-06 00:00,2026-09-25 00:00,30.92,34.11,24.43,1.4,0.04,-0.38,0.67,52.7,False,-0.01,-0.01,0,0,3,115363697.0,"[6, 12, 23]",896,57.1,57.7,0.983,11.0,6.0,0.0624,0.0921,0.567,0.0146,0.0475,0.23,0.88,,0.03
SA,weekly,2.0,,,,54,2025-09-19 00:00,2026-09-25 00:00,30.92,39.35,20.15,1.95,0.26,0.07,0.56,52.7,False,-0.01,-0.01,0,0,6,128513805.0,"[23, 30, 36, 47]",872,57.1,57.7,0.983,11.0,6.0,0.0705,0.1336,0.741,0.0146,0.0475,0.21,0.79,,0.04
SA,daily,1.5,,,,140,2026-03-03 00:00,2026-09-21 00:00,30.92,35.59,24.43,1.46,-0.05,-0.38,0.58,50.2,False,-0.78,-0.4,0,1,11,21540901.0,"[91, 97, 114, 128]",4316,71.0,54.6,0.972,14.0,11.0,0.0785,0.1008,0.557,0.0026,0.0262,0.03,0.63,,0.01
SABS,weekly,1.5,ANTI,,,49,2025-10-24 00:00,2026-09-25 00:00,3.39,4.39,3.03,1.45,-0.05,-0.69,0.26,44.8,False,-0.19,-0.22,0,0,5,6712608.0,"[14, 28, 34, 41]",245,55.2,53.9,0.975,7.0,7.0,0.0529,0.0745,0.796,0.0364,0.0432,0.69,0.9,,0.02
SABS,weekly,2.0,,,,51,2025-10-10 00:00,2026-09-25 00:00,3.39,4.39,2.29,1.92,0.11,-0.77,0.52,44.8,False,-0.19,-0.22,0,0,5,6645225.0,"[16, 30, 36, 43]",243,55.2,53.9,0.975,7.0,7.0,0.0529,0.1024,0.647,0.0364,0.0432,0.69,0.91,,0.02
SAFE,weekly,1.5,,,,94,2024-12-13 00:00,2026-09-25 00:00,13.4,18.88,12.79,1.48,-0.19,-0.57,0.1,38.3,True,-0.32,0.01,0,0,7,27702563.0,"[45, 63, 71, 83]",832,59.4,63.4,1.081,12.0,10.0,0.0557,0.0862,0.638,0.0425,0.0599,0.76,0.75,,0.05
SAIA,weekly,2.0,,,,87,2025-01-31 00:00,2026-09-25 00:00,348.04,489.51,245.63,1.99,0.35,-0.59,0.42,41.8,False,-1.1,-1.12,0,0,5,874753892.0,"[25, 37, 53, 71]",839,66.9,68.3,1.162,18.0,15.0,0.1422,0.1859,0.529,0.0199,0.0401,0.14,0.78,,0.01
SAIA,daily,1.5,,,,126,2026-03-23 00:00,2026-09-21 00:00,348.04,487.14,329.48,1.48,-0.4,-0.21,0.12,45.2,False,0.14,-0.29,0,0,9,158891591.0,"[92, 101, 115, 121]",4330,47.1,46.7,0.988,6.0,4.0,0.0949,0.1135,0.46,0.0116,0.0129,0.12,0.74,,0.02
SAIL,weekly,2.0,COMP,,,39,2026-01-02 00:00,2026-09-25 00:00,20.32,20.32,10.49,1.94,0.29,-0.57,1.0,59.3,True,1.01,1.6,0,0,3,235626449.0,"[10, 21, 32]",46,60.0,60.2,1.037,11.0,6.0,0.1592,0.1771,0.513,0.031,0.0751,0.19,1.36,,0.0
SAM,daily,1.5,ANTI,,,104,2026-04-23 00:00,2026-09-21 00:00,171.4,240.43,161.08,1.49,-0.35,-0.38,0.13,44.2,False,-0.61,-0.5,0,0,6,46837316.0,"[44, 57, 66, 82]",4352,57.4,58.8,1.02,16.0,21.0,0.0307,0.0896,0.423,0.0024,0.0064,0.08,0.76,,0.04
SANA,weekly,1.5,,,,30,2026-03-06 00:00,2026-09-25 00:00,3.1,4.01,2.68,1.5,0.28,-0.74,0.32,44.8,True,0.26,0.39,0,0,3,50016385.0,"[9, 17, 25]",265,56.3,55.9,0.98,8.0,4.0,0.0376,0.1044,0.733,0.1089,0.1108,2.9,0.91,,0.1
SANA,weekly,3.0,,,,71,2025-05-23 00:00,2026-09-25 00:00,3.1,5.59,1.99,2.81,-0.04,-0.82,0.31,44.8,True,0.26,0.39,0,0,7,56913712.0,"[35, 50, 58, 66]",224,56.3,55.9,0.98,8.0,4.0,0.1433,0.2059,0.775,0.1089,0.1108,0.76,0.8,,0.04
SANA,daily,1.5,ANTI,,,68,2026-06-15 00:00,2026-09-21 00:00,3.1,4.16,2.83,1.47,0.12,-0.43,0.2,39.2,False,-1.15,-1.23,0,1,5,9128827.0,"[29, 39, 45, 50]",1345,67.8,63.1,1.015,5.0,17.0,0.0855,0.1013,0.515,0.0065,0.019,0.08,1.06,,0.03
SANM,weekly,2.0,,,,27,2026-03-27 00:00,2026-09-25 00:00,209.47,259.73,130.21,1.99,0.16,-0.27,0.61,53.1,False,-0.76,0.1,0,0,1,725120218.0,[6],899,,,,,,0.0953,0.1642,0.593,0.0384,0.0332,0.4,0.8,,0.0
SANM,daily,1.5,COMP,,,56,2026-07-02 00:00,2026-09-21 00:00,209.47,219.77,163.85,1.34,-0.19,-0.42,0.82,55.7,True,0.22,0.05,0,0,5,134519426.0,"[22, 31, 39, 49]",4400,51.2,59.6,1.062,10.0,6.0,0.0336,0.0558,0.607,0.0191,0.0244,0.57,0.77,,0.0
SANM,daily,2.0,,,,114,2026-04-09 00:00,2026-09-21 00:00,209.47,282.72,141.84,1.99,-0.11,-0.22,0.48,55.7,True,0.22,0.05,0,0,9,159201830.0,"[80, 89, 97, 107]",4342,51.2,59.6,1.062,10.0,6.0,0.0912,0.1389,0.737,0.0191,0.0244,0.21,0.65,,0.01
SAP,weekly,1.5,COMP,,,37,2026-01-16 00:00,2026-09-25 00:00,209.22,229.6,155.09,1.48,0.01,-0.49,0.73,57.8,True,1.45,0.95,0,0,2,2615862443.0,"[20, 32]",889,43.7,65.3,1.199,12.0,4.0,0.1059,0.1189,0.459,0.0147,0.0597,0.14,0.95,,0.03
SAP,weekly,2.0,,,,142,2024-01-12 00:00,2026-09-25 00:00,209.22,304.51,152.52,2.0,0.04,-0.01,0.37,57.8,True,1.45,0.95,0,0,14,1509258917.0,"[92, 104, 125, 137]",784,43.7,65.3,1.199,12.0,4.0,0.1645,0.1883,0.5,0.0147,0.0597,0.09,1.64,,0.01
SARO,weekly,1.5,,,,104,2024-10-04 00:00,2026-09-25 00:00,22.88,32.97,22.3,1.48,-0.12,,0.05,37.6,True,0.01,-0.22,0,0,8,318335471.0,"[68, 79, 86, 91]",0,54.6,58.5,1.051,5.0,12.0,0.054,0.0818,0.731,0.0582,0.0737,1.08,1.24,,0.03
SARO,weekly,2.0,,,,104,2024-10-04 00:00,2026-09-25 00:00,22.88,32.97,22.3,1.48,-0.12,,0.05,37.6,True,0.01,-0.22,0,0,8,318335471.0,"[68, 79, 86, 91]",0,54.6,58.5,1.051,5.0,12.0,0.054,0.0818,0.731,0.0582,0.0737,1.08,1.24,,0.03
SARO,weekly,3.0,,,,104,2024-10-04 00:00,2026-09-25 00:00,22.88,32.97,22.3,1.48,-0.12,,0.05,37.6,True,0.01,-0.22,0,0,8,318335471.0,"[68, 79, 86, 91]",0,54.6,58.5,1.051,5.0,12.0,0.054,0.0818,0.731,0.0582,0.0737,1.08,1.24,,0.03
SATL,weekly,3.0,,,,28,2026-03-20 00:00,2026-09-25 00:00,5.58,10.61,3.58,2.96,-0.37,-0.32,0.28,52.0,False,-1.17,-2.61,0,0,3,200880379.0,"[3, 9, 21]",260,77.8,52.3,0.547,12.0,6.0,0.1962,0.2967,0.536,0.0818,0.1381,0.42,0.57,,0.0
SATL,daily,1.5,,,,34,2026-08-04 00:00,2026-09-21 00:00,5.58,5.98,4.49,1.33,-0.31,-0.58,0.73,57.4,False,-0.37,-0.43,0,0,2,24155339.0,"[6, 24]",1344,67.2,55.2,0.895,18.0,9.0,0.0682,0.0809,0.5,0.0379,0.0444,0.56,0.94,,0.0
SATL,daily,2.0,,,,67,2026-06-16 00:00,2026-09-21 00:00,5.58,6.17,3.31,1.86,0.06,-0.69,0.79,57.4,False,-0.37,-0.43,0,0,4,23710644.0,"[9, 23, 39, 57]",1311,67.2,55.2,0.895,18.0,9.0,0.1152,0.1572,0.507,0.0379,0.0444,0.33,0.96,,0.0
SATL,daily,3.0,,,,81,2026-05-27 00:00,2026-09-21 00:00,5.58,9.85,3.31,2.98,-0.39,-0.69,0.35,57.4,False,-0.37,-0.43,0,0,5,27390266.0,"[23, 37, 53, 71]",1297,67.2,55.2,0.895,18.0,9.0,0.112,0.263,0.531,0.0379,0.0444,0.34,0.83,,0.0
SBGI,weekly,1.5,,,,118,2024-06-28 00:00,2026-09-25 00:00,13.21,16.2,10.94,1.48,0.19,-0.43,0.43,45.3,False,-0.1,-0.16,0,0,13,28284772.0,"[87, 94, 105, 111]",808,57.3,54.4,0.962,6.0,6.0,0.051,0.0812,0.737,0.0146,0.0231,0.29,1.02,,0.02
SBGI,weekly,2.0,,,,154,2023-10-20 00:00,2026-09-25 00:00,13.21,16.2,8.16,1.99,0.39,-0.63,0.63,45.3,False,-0.1,-0.16,0,0,16,28246906.0,"[123, 130, 141, 147]",772,57.3,54.4,0.962,6.0,6.0,0.0699,0.1163,0.773,0.0146,0.0231,0.21,1.03,,0.01
SBH,weekly,1.5,COMP,,,60,2025-08-08 00:00,2026-09-25 00:00,16.12,16.83,11.68,1.44,0.13,-0.16,0.86,57.0,True,0.75,0.87,0,0,5,113577516.0,"[16, 27, 37, 52]",866,52.3,63.3,1.14,15.0,7.0,0.059,0.0811,0.65,0.017,0.042,0.29,0.81,,0.03
SBSI,weekly,1.5,,DN,broad,119,2024-06-21 00:00,2026-09-25 00:00,31.52,34.68,23.62,1.47,0.38,-0.3,0.71,46.2,True,-0.6,-0.01,0,0,11,16668816.0,"[78, 85, 97, 105]",807,66.1,64.2,1.033,8.0,13.0,0.067,0.0843,0.655,0.0115,0.0192,0.17,1.08,,0.03
SBSW,weekly,2.0,,,,30,2026-03-06 00:00,2026-09-25 00:00,11.13,13.23,7.67,1.72,-0.3,-0.58,0.62,51.3,False,0.19,-0.45,0,0,1,276788085.0,[6],681,,,,,,0.0858,0.1475,0.5,0.04,0.1681,0.47,1.08,,0.0
SBSW,weekly,3.0,,,,69,2025-06-06 00:00,2026-09-25 00:00,11.13,18.15,6.29,2.89,0.27,-0.09,0.41,51.3,False,0.19,-0.45,0,0,4,338097082.0,"[7, 17, 33, 45]",642,80.2,53.0,0.729,12.0,23.0,0.1841,0.2515,0.594,0.04,0.1681,0.22,0.88,,0.01
SBSW,daily,2.0,DIVDN,DN,strict,140,2026-03-03 00:00,2026-09-21 00:00,11.13,14.09,7.67,1.84,-0.39,-0.61,0.54,48.2,True,-0.84,0.28,0,1,11,57435103.0,"[97, 110, 119, 128]",3283,76.7,71.0,1.043,9.0,11.0,0.1,0.1555,0.579,0.0231,0.0391,0.23,1.03,,0.01
SBUX,weekly,1.5,,,,111,2024-08-16 00:00,2026-09-25 00:00,94.9,111.4,76.51,1.46,0.27,-0.27,0.53,42.4,True,-0.27,0.2,0,0,9,3815876384.0,"[82, 91, 99, 104]",815,59.1,60.8,1.022,5.0,6.0,0.0713,0.0907,0.595,0.0291,0.019,0.41,0.78,,0.01
SCCO,weekly,1.5,COMP,,,38,2026-01-09 00:00,2026-09-25 00:00,198.06,216.0,149.58,1.44,0.24,0.03,0.73,55.8,True,-0.07,0.45,0,0,4,1250695784.0,"[7, 14, 20, 32]",888,59.7,63.5,1.135,12.0,5.0,0.0554,0.0783,0.842,0.0172,0.0721,0.31,0.83,,0.0
SCHL,daily,1.5,ANTI,,,147,2026-02-20 00:00,2026-09-21 00:00,34.91,47.04,32.07,1.47,0.34,-0.08,0.19,28.6,False,-0.8,-0.86,0,0,10,13799434.0,"[90, 101, 113, 128]",4309,49.0,44.9,0.942,15.0,18.0,0.0517,0.0927,0.639,0.0021,0.0088,0.04,0.88,,0.05
SCM,weekly,1.5,,,,32,2026-02-20 00:00,2026-09-25 00:00,7.95,9.68,6.87,1.41,-0.4,-0.47,0.39,42.3,False,0.33,-0.54,0,0,2,7971305.0,"[10, 16]",693,43.2,39.4,0.928,6.0,15.0,0.0484,0.0712,0.688,0.0306,0.0474,0.63,0.74,,0.03
SCM,daily,1.5,,,,148,2026-02-19 00:00,2026-09-21 00:00,7.95,9.98,6.87,1.45,-0.4,-0.44,0.35,40.8,False,-1.13,-0.38,0,0,11,1634270.0,"[101, 121, 128, 137]",3338,62.6,63.0,1.008,9.0,10.0,0.0429,0.0719,0.764,0.015,0.0281,0.35,0.57,,0.03
SCZM,weekly,2.0,,,,30,2026-03-06 00:00,2026-09-25 00:00,9.03,10.03,5.94,1.69,0.09,-0.62,0.76,54.1,True,0.37,0.45,0,0,1,19906031.0,[6],700,,,,,,0.1361,0.1513,0.433,0.0297,0.0932,0.22,1.06,,0.0
SCZM,weekly,3.0,,,,44,2025-11-28 00:00,2026-09-25 00:00,9.03,15.67,5.94,2.64,-0.27,-0.24,0.32,54.1,True,0.37,0.45,0,0,3,19397330.0,"[2, 8, 20]",686,77.1,51.8,0.587,12.0,23.0,0.1333,0.2174,0.568,0.0297,0.0932,0.22,1.09,,0.0
SCZM,daily,1.5,,DN,broad,34,2026-08-04 00:00,2026-09-21 00:00,9.03,10.43,7.2,1.45,0.36,-0.32,0.57,49.2,True,-0.97,-0.02,0,0,4,4613640.0,"[5, 12, 17, 22]",3477,70.9,68.3,1.04,5.0,11.0,0.049,0.0794,0.559,0.0494,0.0642,1.01,0.96,,0.0
SCZM,daily,2.0,,DN,broad,140,2026-03-03 00:00,2026-09-21 00:00,9.03,11.08,5.94,1.87,-0.06,-0.63,0.6,49.2,True,-0.97,-0.02,0,0,12,3760942.0,"[111, 118, 123, 128]",3371,70.9,68.3,1.04,5.0,11.0,0.1197,0.156,0.607,0.0494,0.0642,0.41,1.18,,0.0
SD,weekly,1.5,,,,48,2025-10-31 00:00,2026-09-25 00:00,13.98,16.97,11.38,1.49,-0.02,-0.16,0.47,48.4,False,-0.1,-0.24,0,0,3,24177165.0,"[5, 16, 29]",473,75.0,54.3,0.894,13.0,18.0,0.042,0.0815,0.792,0.0152,0.0285,0.36,0.86,,0.0
SDOT,daily,3.0,ANTI,,,44,2026-07-21 00:00,2026-09-21 00:00,11.26,23.16,8.44,2.74,-0.29,-0.88,0.19,43.0,False,-0.01,-0.3,0,0,1,1897756.0,[24],1615,,,,,,0.0915,0.2215,0.659,0.031,0.037,0.34,0.44,,0.0
SDRL,weekly,1.5,,,,36,2026-01-23 00:00,2026-09-25 00:00,46.58,52.7,38.48,1.37,0.3,-0.3,0.57,55.0,False,-0.81,-0.09,0,0,3,153100406.0,"[4, 11, 16]",179,77.0,77.6,1.109,5.0,19.0,0.0584,0.08,0.694,0.0083,0.0354,0.14,0.84,,0.0
SE,weekly,3.0,,,,111,2024-08-16 00:00,2026-09-25 00:00,102.65,196.05,77.18,2.54,-0.07,-0.11,0.21,47.6,True,1.1,1.29,0,0,10,2390138657.0,"[56, 73, 87, 104]",356,36.2,62.1,1.335,17.0,6.0,0.1812,0.2501,0.541,0.0582,0.0464,0.32,0.87,,0.01
SEDG,weekly,3.0,ANTI,,,59,2025-08-15 00:00,2026-09-25 00:00,35.61,76.35,28.97,2.64,0.29,-0.82,0.14,43.5,False,-1.01,-2.27,0,0,4,625536688.0,"[1, 6, 32, 41]",542,70.0,74.4,1.475,9.0,17.0,0.1158,0.2584,0.305,0.0438,0.0943,0.38,0.78,,0.05
SEG,weekly,1.5,,,,65,2025-07-04 00:00,2026-09-25 00:00,24.2,28.25,18.89,1.5,0.34,-0.44,0.57,46.5,True,-0.0,0.72,0,0,6,7482242.0,"[28, 34, 52, 57]",48,68.7,67.6,1.042,5.0,7.0,0.0813,0.1013,0.569,0.0428,0.0251,0.53,1.14,,0.02
SEG,weekly,2.0,,,,113,2024-08-02 00:00,2026-09-25 00:00,24.2,33.85,17.93,1.89,-0.22,,0.39,46.5,True,-0.0,0.72,0,0,8,9326037.0,"[76, 82, 100, 105]",0,68.7,67.6,1.042,5.0,7.0,0.1192,0.1467,0.611,0.0428,0.0251,0.36,0.91,,0.01
SEG,weekly,3.0,,,,113,2024-08-02 00:00,2026-09-25 00:00,24.2,33.85,17.93,1.89,-0.22,,0.39,46.5,True,-0.0,0.72,0,0,8,9326037.0,"[76, 82, 100, 105]",0,68.7,67.6,1.042,5.0,7.0,0.1192,0.1467,0.611,0.0428,0.0251,0.36,0.91,,0.01
SEPN,daily,1.5,,,,46,2026-07-17 00:00,2026-09-21 00:00,38.54,48.19,32.21,1.5,0.29,-0.15,0.4,48.8,False,-0.55,-0.56,0,0,3,11183109.0,"[3, 18, 40]",431,78.6,53.4,0.821,22.0,5.0,0.0482,0.0984,0.63,0.0054,0.018,0.11,1.1,,0.02
SEZL,daily,2.0,ANTI,,,94,2026-05-07 00:00,2026-09-21 00:00,116.55,188.55,96.34,1.96,0.09,0.12,0.22,41.8,False,0.19,-0.19,0,0,10,71959839.0,"[67, 77, 82, 88]",665,43.6,44.6,0.989,6.0,5.0,0.1465,0.1952,0.404,0.0107,0.0157,0.07,0.58,,0.03
SFBS,weekly,1.5,,,,116,2024-07-12 00:00,2026-09-25 00:00,41.92,46.82,33.03,1.42,0.06,-0.23,0.64,51.3,True,0.3,0.6,0,0,10,178088790.0,"[84, 94, 102, 109]",530,65.6,67.1,1.036,7.0,6.0,0.0694,0.0834,0.647,0.0264,0.0149,0.38,0.77,,0.01
SFD,weekly,1.5,ANTI,,,74,2025-05-02 00:00,2026-09-25 00:00,19.86,28.59,19.82,1.44,0.3,,0.0,31.0,False,-1.48,-1.43,0,0,6,118914299.0,"[41, 49, 57, 64]",13,58.3,55.4,0.977,7.0,9.0,0.0653,0.0893,0.568,0.0569,0.1006,0.87,1.42,,0.01
SFIX,weekly,2.0,ANTI,,,100,2024-11-01 00:00,2026-09-25 00:00,2.85,5.67,2.84,2.0,-0.28,-0.47,0.0,39.1,False,0.03,-0.58,0,0,9,39062076.0,"[58, 77, 86, 92]",363,59.4,54.4,0.925,6.0,7.0,0.1494,0.1791,0.57,0.0791,0.1166,0.53,0.61,,0.01
SFM,weekly,1.5,ANTI,,,48,2025-10-31 00:00,2026-09-25 00:00,68.66,89.94,67.32,1.34,0.05,-0.62,0.06,37.0,False,0.08,-0.18,1,0,4,834731888.0,"[11, 19, 29, 35]",639,52.2,55.8,1.037,6.0,12.0,0.0384,0.0688,0.667,0.0362,0.0654,0.94,0.77,,0.04
SFM,weekly,2.0,ANTI,,,54,2025-09-19 00:00,2026-09-25 00:00,68.66,120.41,67.32,1.79,-0.32,-0.62,0.03,37.0,False,0.08,-0.18,1,0,5,868598295.0,"[17, 25, 35, 41]",633,52.2,55.8,1.037,6.0,12.0,0.0487,0.1336,0.5,0.0362,0.0654,0.74,0.74,,0.04
SFM,weekly,3.0,ANTI,,,136,2024-02-23 00:00,2026-09-25 00:00,68.66,177.12,59.63,2.97,-0.15,0.13,0.08,37.0,False,0.08,-0.18,1,0,11,862904142.0,"[99, 107, 117, 123]",551,52.2,55.8,1.037,6.0,12.0,0.2204,0.3302,0.294,0.0362,0.0654,0.16,0.74,,0.03
SFNC,weekly,1.5,COMP,,,116,2024-07-12 00:00,2026-09-25 00:00,22.65,23.86,16.33,1.46,0.26,-0.22,0.84,56.0,True,0.17,0.63,0,0,11,89190094.0,"[74, 82, 92, 109]",810,64.0,72.4,1.13,17.0,6.0,0.0727,0.0935,0.595,0.0129,0.0105,0.18,1.5,,0.02
SG,weekly,2.0,,,,26,2026-04-03 00:00,2026-09-25 00:00,7.48,9.96,5.39,1.85,-0.1,-0.88,0.46,51.2,False,-0.14,-0.24,0,0,1,169023175.0,[8],228,,,,,,0.1035,0.1649,0.577,0.0272,0.0701,0.26,0.99,,0.0
SG,weekly,3.0,,,,61,2025-08-01 00:00,2026-09-25 00:00,7.48,11.93,4.7,2.54,-0.17,-0.89,0.38,51.2,False,-0.14,-0.24,0,0,2,167452017.0,"[24, 43]",193,41.8,66.3,1.25,19.0,17.0,0.138,0.1942,0.672,0.0272,0.0701,0.2,1.0,,0.0
SG,daily,1.5,COMP,,,49,2026-07-14 00:00,2026-09-21 00:00,7.48,7.48,5.39,1.39,0.38,-0.47,1.0,60.8,True,0.25,0.42,0,0,3,34581996.0,"[12, 29, 43]",1164,57.5,59.7,1.034,14.0,5.0,0.0514,0.0782,0.633,0.033,0.0175,0.64,1.15,,0.02
SG,daily,2.0,,,,120,2026-03-31 00:00,2026-09-21 00:00,7.48,10.21,5.19,1.97,-0.08,-0.36,0.46,60.8,True,0.25,0.42,0,0,10,36607225.0,"[69, 83, 100, 114]",1093,57.5,59.7,1.034,14.0,5.0,0.0955,0.1646,0.625,0.033,0.0175,0.35,1.09,,0.02
SGHC,daily,1.5,,,,112,2026-04-13 00:00,2026-09-21 00:00,12.47,15.53,10.75,1.44,0.33,-0.12,0.36,32.7,True,-0.15,-0.04,0,0,10,37111089.0,"[68, 73, 92, 100]",1350,55.7,58.1,1.013,8.0,11.0,0.0388,0.0693,0.795,0.0366,0.0145,0.94,0.95,,0.08
SGHT,daily,1.5,,,,32,2026-08-06 00:00,2026-09-21 00:00,8.49,8.55,7.09,1.21,0.25,0.21,0.96,65.7,False,-1.08,-0.08,0,1,2,1476850.0,"[5, 16]",1270,85.4,76.4,1.028,11.0,15.0,0.0183,0.0371,0.438,0.0037,0.0098,0.2,0.96,,0.0
SGML,weekly,3.0,ANTI,,,45,2025-11-21 00:00,2026-09-25 00:00,10.27,21.97,9.05,2.43,-0.05,-0.72,0.09,44.2,False,-0.91,-3.67,0,0,3,171913897.0,"[5, 14, 23]",385,60.4,70.1,1.525,9.0,21.0,0.1581,0.237,0.4,0.0557,0.0888,0.35,0.51,,0.0
SGML,daily,1.5,,,,64,2026-06-22 00:00,2026-09-21 00:00,10.27,13.3,8.88,1.5,-0.3,-0.62,0.31,46.2,False,-0.84,-1.07,0,0,4,18235497.0,"[6, 15, 38, 47]",2001,56.7,60.6,1.052,9.0,16.0,0.082,0.1029,0.547,0.043,0.0973,0.52,1.16,,0.0
SGMT,weekly,3.0,COMP,,,69,2025-06-06 00:00,2026-09-25 00:00,10.8,11.09,4.82,2.3,0.12,-0.7,0.95,68.8,True,0.9,1.98,0,0,6,23273342.0,"[20, 31, 38, 48]",99,44.5,62.1,1.35,10.0,20.0,0.1364,0.2195,0.594,0.022,0.082,0.16,2.45,,0.01
SGP,daily,2.0,COMP,,,156,2026-02-06 00:00,2026-09-21 00:00,27.96,29.68,17.56,1.69,-0.13,,0.86,55.4,True,-0.27,0.45,0,0,12,1993505.0,"[105, 125, 133, 144]",0,73.5,72.8,1.065,11.0,11.0,0.1085,0.1388,0.532,0.0196,0.0133,0.18,2.39,,0.03
SGP,daily,3.0,COMP,,,156,2026-02-06 00:00,2026-09-21 00:00,27.96,29.68,17.56,1.69,-0.13,,0.86,55.4,True,-0.27,0.45,0,0,12,1993505.0,"[105, 125, 133, 144]",0,73.5,72.8,1.065,11.0,11.0,0.1085,0.1388,0.532,0.0196,0.0133,0.18,2.39,,0.03
SGRY,weekly,1.5,,,,46,2025-11-14 00:00,2026-09-25 00:00,13.66,17.23,11.49,1.5,-0.2,-0.66,0.38,43.1,True,0.23,0.31,0,0,3,107372469.0,"[14, 25, 33]",528,45.4,60.1,1.193,8.0,12.0,0.0626,0.0932,0.652,0.045,0.0512,0.72,1.49,,0.0
SHAK,daily,1.5,ANTI,,,94,2026-05-07 00:00,2026-09-21 00:00,56.96,75.82,52.34,1.45,0.36,-0.5,0.2,33.1,False,-1.81,-1.43,0,0,8,104252606.0,"[44, 61, 68, 83]",2833,72.5,50.4,0.927,15.0,10.0,0.0881,0.1048,0.489,0.0389,0.0776,0.44,0.86,,0.02
SHAK,daily,2.0,ANTI,,,106,2026-04-21 00:00,2026-09-21 00:00,56.96,103.02,52.34,1.97,-0.31,-0.5,0.09,33.1,False,-1.81,-1.43,0,0,8,103559972.0,"[56, 73, 80, 95]",2821,72.5,50.4,0.927,15.0,10.0,0.1027,0.1985,0.264,0.0389,0.0776,0.38,0.87,,0.03
SHAZ,daily,3.0,,,,112,2026-04-13 00:00,2026-09-21 00:00,59.93,92.7,33.02,2.81,0.18,-0.65,0.45,53.2,False,-0.3,-0.97,0,0,6,74289929.0,"[47, 68, 87, 105]",440,61.8,50.6,0.773,18.0,6.0,0.1567,0.226,0.696,0.0533,0.0283,0.34,1.09,,0.0
SHC,weekly,1.5,COMP,,,60,2025-08-08 00:00,2026-09-25 00:00,18.7,19.57,13.13,1.49,0.33,-0.23,0.86,59.0,True,0.7,0.97,0,0,7,191058724.0,"[22, 36, 48, 54]",246,64.6,67.2,1.062,6.0,5.0,0.0616,0.0916,0.7,0.0085,0.0176,0.14,1.09,,0.02
SHEN,weekly,1.5,ANTI,,,43,2025-12-05 00:00,2026-09-25 00:00,12.13,16.46,11.12,1.48,0.16,-0.48,0.19,43.2,False,-1.4,-1.68,0,0,4,21958080.0,"[13, 19, 27, 35]",883,68.5,48.1,0.819,8.0,7.0,0.1281,0.1345,0.326,0.0303,0.0341,0.24,1.22,,0.02
SHLS,weekly,2.0,,,,27,2026-03-27 00:00,2026-09-25 00:00,7.84,12.45,6.62,1.88,-0.05,-0.41,0.21,45.6,False,-0.49,-0.42,0,0,1,214543156.0,[9],269,,,,,,0.1648,0.1716,0.556,0.0453,0.1361,0.27,0.78,,0.04
SHLS,daily,2.0,DIVUP,UP,strict,120,2026-03-31 00:00,2026-09-21 00:00,7.84,12.77,6.41,1.99,-0.06,-0.4,0.22,54.0,False,0.43,-0.22,1,0,10,43677709.0,"[72, 85, 103, 110]",1299,40.8,45.5,1.0,7.0,9.0,0.1514,0.18,0.533,0.0375,0.0267,0.25,0.71,,0.01
SHOP,weekly,2.0,,,,75,2025-04-25 00:00,2026-09-25 00:00,137.92,173.86,91.77,1.89,0.05,-0.29,0.56,53.7,True,0.64,0.89,0,0,8,4950338014.0,"[35, 45, 51, 68]",518,49.7,63.5,1.177,17.0,6.0,0.1284,0.1618,0.573,0.0438,0.0904,0.34,1.01,,0.0
SHW,weekly,1.5,,,,150,2023-11-17 00:00,2026-09-25 00:00,321.31,391.1,263.79,1.48,0.2,-0.22,0.45,45.8,True,0.3,0.24,0,0,13,2726918344.0,"[117, 126, 137, 142]",776,59.1,61.5,1.049,5.0,7.0,0.0531,0.0754,0.78,0.05,0.0372,0.94,0.96,,0.01
SI,daily,1.5,ANTI,,,71,2026-06-10 00:00,2026-09-21 00:00,17.52,24.25,17.52,1.38,-0.03,0.12,0.0,30.8,False,-1.07,-1.06,0,3,5,2060954.0,"[11, 32, 48, 53]",216,60.2,55.9,0.964,5.0,17.0,0.063,0.0798,0.662,0.0152,0.0394,0.24,0.81,,0.01
SIF,daily,1.5,,,,85,2026-05-20 00:00,2026-09-21 00:00,22.2,28.23,19.11,1.48,0.11,-0.04,0.34,53.5,False,0.15,-0.01,0,0,10,1981771.0,"[53, 60, 70, 78]",4161,54.3,47.3,0.919,8.0,6.0,0.0408,0.1001,0.435,0.005,0.0076,0.12,0.87,,0.02
SIG,weekly,1.5,COMP,,,69,2025-06-06 00:00,2026-09-25 00:00,98.63,102.57,73.25,1.4,0.21,-0.31,0.87,57.7,True,0.26,0.33,0,0,6,347429606.0,"[35, 45, 53, 61]",857,52.1,58.4,1.078,8.0,7.0,0.0607,0.0814,0.696,0.0702,0.08,1.16,0.82,,0.01
SILC,daily,1.5,,,,99,2026-04-30 00:00,2026-09-21 00:00,48.73,50.98,34.92,1.46,-0.06,0.1,0.86,61.3,False,-0.03,-0.15,0,0,11,7122495.0,"[65, 73, 82, 89]",4357,56.8,51.1,0.911,7.0,9.0,0.0408,0.0667,0.828,0.0431,0.0379,1.06,1.12,,0.0
SILC,daily,2.0,,,,108,2026-04-17 00:00,2026-09-21 00:00,48.73,50.98,27.54,1.85,0.23,0.1,0.9,61.3,False,-0.03,-0.15,0,0,12,6819273.0,"[74, 82, 91, 98]",4348,56.8,51.1,0.911,7.0,9.0,0.0462,0.1123,0.694,0.0431,0.0379,0.93,1.17,,0.0
SIMO,daily,1.5,,,,50,2026-07-13 00:00,2026-09-21 00:00,269.0,307.78,209.25,1.47,-0.18,-0.38,0.61,53.8,True,0.13,0.07,0,0,5,222054827.0,"[18, 25, 32, 43]",4406,51.7,58.3,1.081,11.0,6.0,0.0518,0.077,0.82,0.0597,0.0617,1.15,0.93,,0.0
SIMO,daily,2.0,,,,100,2026-04-29 00:00,2026-09-21 00:00,269.0,336.22,209.25,1.61,-0.12,0.37,0.47,53.8,True,0.13,0.07,0,0,11,251779132.0,"[68, 75, 82, 93]",4356,51.7,58.3,1.081,11.0,6.0,0.0713,0.1085,0.7,0.0597,0.0617,0.84,0.82,,0.0
SIRI,weekly,2.0,,,,133,2024-03-15 00:00,2026-09-25 00:00,27.44,36.36,18.2,2.0,-0.11,-0.71,0.51,51.1,True,-0.59,0.61,0,1,10,420729089.0,"[77, 90, 115, 120]",793,76.7,71.6,1.034,5.0,12.0,0.1047,0.165,0.474,0.0159,0.0209,0.15,1.26,,0.04
SITC,weekly,2.0,ANTI,,,67,2025-06-20 00:00,2026-09-25 00:00,3.02,5.44,2.82,1.93,-0.37,-0.36,0.08,32.9,False,-0.78,-2.13,0,0,6,28566509.0,"[27, 35, 43, 56]",859,44.3,30.1,0.803,13.0,10.0,0.1515,0.1956,0.358,0.0235,0.0651,0.16,0.46,,0.0
SITM,daily,1.5,,,,37,2026-07-30 00:00,2026-09-21 00:00,638.32,749.44,527.87,1.42,-0.2,-0.41,0.5,55.9,False,-0.15,-0.46,0,0,3,247209175.0,"[6, 12, 30]",1679,64.0,54.9,0.848,18.0,6.0,0.066,0.0935,0.541,0.0609,0.0403,0.92,1.3,,0.0
SITM,daily,2.0,,,,110,2026-04-15 00:00,2026-09-21 00:00,638.32,901.48,454.15,1.98,-0.13,0.02,0.41,55.9,False,-0.15,-0.46,0,0,10,283384427.0,"[67, 79, 85, 103]",1606,64.0,54.9,0.848,18.0,6.0,0.1053,0.1398,0.673,0.0609,0.0403,0.58,1.14,,0.02
SKE,weekly,1.5,,,,30,2026-03-06 00:00,2026-09-25 00:00,31.8,34.87,25.18,1.38,0.11,-0.34,0.68,54.4,True,-0.08,0.13,0,0,3,98337059.0,"[5, 17, 24]",896,51.1,61.4,1.215,7.0,5.0,0.0733,0.0896,0.5,0.0171,0.0453,0.23,0.8,,0.03
SKE,weekly,2.0,,,,44,2025-11-28 00:00,2026-09-25 00:00,31.8,38.12,20.83,1.83,0.29,0.11,0.63,54.4,True,-0.08,0.13,0,0,6,100131370.0,"[13, 19, 31, 38]",882,51.1,61.4,1.215,7.0,5.0,0.1019,0.1278,0.818,0.0171,0.0453,0.17,0.78,,0.02
SKE,daily,1.5,,,,140,2026-03-03 00:00,2026-09-21 00:00,31.8,35.12,24.89,1.41,-0.01,-0.35,0.68,50.4,False,-0.94,-0.39,0,0,10,17958616.0,"[92, 97, 111, 121]",4316,69.4,68.2,1.052,10.0,18.0,0.0853,0.0928,0.486,0.0189,0.0318,0.22,0.58,,0.03
SKM,daily,1.5,DIVDN,DN,strict,75,2026-06-04 00:00,2026-09-21 00:00,35.7,40.86,29.39,1.39,0.26,-0.36,0.55,44.6,False,-0.94,-0.41,0,1,5,75987646.0,"[34, 43, 50, 64]",4381,67.5,58.0,0.977,14.0,10.0,0.0768,0.086,0.493,0.0099,0.031,0.13,0.5,,0.0
SKWD,daily,1.5,,,,75,2026-06-04 00:00,2026-09-21 00:00,56.29,65.63,44.03,1.49,0.31,-0.13,0.57,43.7,False,0.05,-0.08,1,0,7,25545975.0,"[36, 43, 63, 69]",850,49.1,52.1,1.004,6.0,5.0,0.0315,0.0772,0.72,0.0066,0.0053,0.21,0.74,,0.05
SKY,weekly,1.5,,,,50,2025-10-17 00:00,2026-09-25 00:00,86.49,97.34,66.28,1.47,0.06,-0.38,0.65,52.8,True,0.47,0.72,0,0,5,260092422.0,"[18, 27, 36, 42]",876,58.5,61.6,1.066,6.0,7.0,0.0607,0.0911,0.64,0.0388,0.0425,0.64,1.05,,0.04
SKYH,weekly,1.5,,,,78,2025-04-04 00:00,2026-09-25 00:00,10.04,12.09,8.46,1.43,-0.23,-0.38,0.44,50.3,True,-0.06,0.19,0,0,6,6040242.0,"[29, 40, 54, 70]",225,65.3,63.8,1.023,16.0,7.0,0.0517,0.0782,0.667,0.0241,0.0214,0.47,1.35,,0.03
SKYQ,daily,3.0,,,,62,2026-06-24 00:00,2026-09-21 00:00,2.67,5.64,2.12,2.66,-0.25,-0.83,0.16,43.0,True,0.41,0.45,0,0,7,8202006.0,"[26, 41, 48, 57]",425,45.2,55.3,1.141,9.0,4.0,0.1456,0.2159,0.516,0.0493,0.0471,0.34,0.87,,0.02
SKYW,weekly,1.5,,,,77,2025-04-11 00:00,2026-09-25 00:00,100.2,121.4,81.25,1.49,-0.19,-0.33,0.47,52.5,True,0.63,0.65,0,0,6,153527777.0,"[35, 43, 53, 69]",849,51.1,64.9,1.126,16.0,7.0,0.0439,0.0866,0.727,0.0237,0.0285,0.54,0.87,,0.0
SLB,weekly,1.5,,,,39,2026-01-02 00:00,2026-09-25 00:00,51.76,57.51,39.55,1.45,0.39,-0.23,0.68,51.2,False,-0.47,0.01,0,1,2,3650186981.0,"[8, 17]",887,77.1,69.0,1.109,9.0,21.0,0.0632,0.0823,0.667,0.0461,0.0469,0.73,0.8,,0.03
SLDB,daily,1.5,ANTI,,,65,2026-06-18 00:00,2026-09-21 00:00,8.54,11.15,7.83,1.42,-0.06,-0.09,0.21,41.5,False,-0.77,-0.31,0,0,4,9149178.0,"[11, 42, 48, 53]",2109,63.8,64.1,1.029,5.0,11.0,0.0683,0.0931,0.615,0.0183,0.0415,0.27,1.12,,0.0
SLGL,weekly,1.5,ANTI,,,30,2026-03-06 00:00,2026-09-25 00:00,59.28,88.0,59.28,1.48,-0.27,-0.35,0.0,38.1,False,-0.65,-0.4,0,0,1,14469411.0,[22],422,,,,,,0.0477,0.0864,0.667,0.1282,0.109,2.69,1.64,,0.03
SLGL,weekly,2.0,ANTI,,,38,2026-01-09 00:00,2026-09-25 00:00,59.28,91.68,58.0,1.58,0.05,0.37,0.04,38.1,False,-0.65,-0.4,0,1,3,12851548.0,"[1, 7, 30]",414,81.7,67.1,0.96,23.0,7.0,0.0702,0.1085,0.684,0.1282,0.109,1.83,1.84,,0.03
SLGN,weekly,1.5,,,,64,2025-07-11 00:00,2026-09-25 00:00,37.09,54.34,36.24,1.5,-0.29,-0.35,0.05,39.6,True,0.21,0.17,0,0,4,200294051.0,"[15, 30, 40, 53]",862,47.5,61.6,1.13,13.0,10.0,0.0655,0.097,0.562,0.0213,0.0684,0.33,0.9,,0.03
SLI,weekly,3.0,ANTI,,,65,2025-07-04 00:00,2026-09-25 00:00,2.13,5.65,2.04,2.77,-0.21,-0.55,0.02,34.5,False,-0.65,-3.8,0,0,7,29938723.0,"[29, 34, 47, 60]",419,51.7,40.1,0.634,13.0,4.0,0.2161,0.258,0.554,0.0526,0.0591,0.24,0.62,,0.0
SLP,weekly,2.0,COMP,,,68,2025-06-13 00:00,2026-09-25 00:00,18.43,20.84,11.42,1.82,0.21,-0.78,0.74,58.5,True,0.69,1.23,0,0,4,27897101.0,"[19, 25, 32, 55]",858,58.2,58.6,0.882,23.0,12.0,0.0954,0.1518,0.691,0.0011,0.0022,0.01,0.51,,0.1
SLP,weekly,3.0,,,,74,2025-05-02 00:00,2026-09-25 00:00,18.43,33.32,11.42,2.92,-0.23,-0.78,0.32,58.5,True,0.69,1.23,0,0,4,29136976.0,"[25, 31, 38, 61]",852,58.2,58.6,0.882,23.0,12.0,0.1117,0.2734,0.473,0.0011,0.0022,0.01,0.49,,0.09
SLS,daily,1.5,ANTI,,,35,2026-08-03 00:00,2026-09-21 00:00,11.37,15.46,11.04,1.4,0.09,-0.29,0.07,40.9,False,-0.97,-0.84,0,0,1,76723604.0,[14],4421,,,,,,0.0877,0.0955,0.514,0.0126,0.0375,0.14,0.84,,0.06
SLS,daily,2.0,,,,66,2026-06-17 00:00,2026-09-21 00:00,11.37,15.46,7.76,1.99,0.21,-0.17,0.47,40.9,False,-0.97,-0.84,0,1,2,80405770.0,"[7, 45]",4390,85.2,69.8,1.001,38.0,20.0,0.088,0.1387,0.682,0.0126,0.0375,0.14,0.8,,0.05
SMA,weekly,1.5,,,,78,2025-04-04 00:00,2026-09-25 00:00,32.66,37.12,29.15,1.27,-0.21,,0.44,50.5,True,0.26,0.34,0,0,7,108392384.0,"[41, 46, 54, 68]",0,52.9,59.9,1.06,14.0,9.0,0.045,0.0541,0.679,0.0133,0.0202,0.3,0.99,,0.01
SMA,weekly,2.0,,,,78,2025-04-04 00:00,2026-09-25 00:00,32.66,37.12,29.15,1.27,-0.21,,0.44,50.5,True,0.26,0.34,0,0,7,108392384.0,"[41, 46, 54, 68]",0,52.9,59.9,1.06,14.0,9.0,0.045,0.0541,0.679,0.0133,0.0202,0.3,0.99,,0.01
SMA,weekly,3.0,,,,78,2025-04-04 00:00,2026-09-25 00:00,32.66,37.12,29.15,1.27,-0.21,,0.44,50.5,True,0.26,0.34,0,0,7,108392384.0,"[41, 46, 54, 68]",0,52.9,59.9,1.06,14.0,9.0,0.045,0.0541,0.679,0.0133,0.0202,0.3,0.99,,0.01
SMC,weekly,2.0,,,,82,2025-03-07 00:00,2026-09-25 00:00,31.86,39.66,20.03,1.98,0.24,-0.56,0.6,52.8,True,0.13,0.54,0,0,6,8031588.0,"[40, 52, 60, 75]",649,64.8,64.9,1.086,15.0,6.0,0.0885,0.1459,0.732,0.0151,0.0647,0.17,1.07,,0.04
SMC,weekly,3.0,,,,156,2023-10-06 00:00,2026-09-25 00:00,31.86,45.02,16.28,2.77,0.16,-0.56,0.54,52.8,True,0.13,0.54,0,0,13,7574507.0,"[114, 126, 134, 149]",575,64.8,64.9,1.086,15.0,6.0,0.1776,0.236,0.705,0.0151,0.0647,0.09,1.14,,0.04
SMCI,weekly,3.0,,,,97,2024-11-22 00:00,2026-09-25 00:00,41.2,56.64,20.53,2.76,-0.22,-0.82,0.57,58.5,True,0.49,0.99,0,0,8,6520293298.0,"[46, 63, 79, 90]",829,63.9,57.9,0.864,11.0,6.0,0.1485,0.2184,0.742,0.0333,0.1111,0.22,1.05,,0.05
SMCI,daily,2.0,COMP,,,76,2026-06-03 00:00,2026-09-21 00:00,41.2,47.42,23.83,1.99,0.28,-0.53,0.74,59.6,True,-0.38,0.16,0,0,7,1462692866.0,"[42, 50, 57, 66]",4380,62.1,64.1,1.047,9.0,9.0,0.1466,0.1657,0.618,0.0439,0.0365,0.3,1.14,,0.01
SMG,weekly,1.5,,,,96,2024-11-29 00:00,2026-09-25 00:00,51.42,71.42,47.93,1.49,0.08,-0.42,0.15,35.7,True,-0.37,-0.28,0,0,5,243588479.0,"[32, 65, 73, 82]",830,57.9,61.7,1.052,9.0,13.0,0.0663,0.0928,0.677,0.0291,0.0649,0.44,0.95,,0.0
SMG,weekly,2.0,,,,152,2023-11-03 00:00,2026-09-25 00:00,51.42,82.79,43.99,1.88,0.03,-0.7,0.19,35.7,True,-0.37,-0.28,0,0,8,241892975.0,"[88, 121, 129, 138]",774,57.9,61.7,1.052,9.0,13.0,0.073,0.115,0.776,0.0291,0.0649,0.4,0.96,,0.0
SMH,daily,1.5,,,,111,2026-04-14 00:00,2026-09-21 00:00,596.03,668.91,452.0,1.48,0.2,0.02,0.66,61.1,False,0.1,-0.05,0,0,11,5110470977.0,"[68, 86, 94, 102]",4345,51.4,53.7,1.002,8.0,8.0,0.0424,0.0797,0.766,0.0245,0.0221,0.58,0.69,,0.04
SMMT,weekly,3.0,,,,112,2024-08-09 00:00,2026-09-25 00:00,16.9,31.93,10.78,2.96,-0.23,-0.07,0.29,53.0,False,-0.22,-1.18,0,0,7,279275562.0,"[50, 74, 88, 99]",492,67.5,45.9,0.613,11.0,12.0,0.1345,0.215,0.732,0.1361,0.0673,1.01,1.49,,0.0
SMMT,daily,1.5,COMP,,,89,2026-05-14 00:00,2026-09-21 00:00,16.9,18.42,12.43,1.48,-0.04,-0.53,0.75,56.3,True,1.17,1.49,0,0,8,71948721.0,"[47, 60, 78, 83]",2816,71.1,70.5,1.046,5.0,5.0,0.0714,0.1076,0.494,0.0177,0.0155,0.25,1.43,,0.03
SMMT,daily,2.0,,,,105,2026-04-22 00:00,2026-09-21 00:00,16.9,24.58,12.43,1.98,-0.32,-0.53,0.37,56.3,True,1.17,1.49,0,0,9,73883051.0,"[63, 76, 94, 99]",2800,71.1,70.5,1.046,5.0,5.0,0.0988,0.1552,0.39,0.0177,0.0155,0.18,1.4,,0.03
SMP,weekly,1.5,,,,60,2025-08-08 00:00,2026-09-25 00:00,37.15,43.89,34.11,1.29,0.08,-0.08,0.31,47.3,True,-0.02,0.13,0,0,4,24854630.0,"[5, 28, 39, 46]",866,57.5,58.5,1.014,7.0,13.0,0.0268,0.0499,0.783,0.0326,0.0234,1.22,1.24,,0.02
SMR,daily,1.5,,,,64,2026-06-22 00:00,2026-09-21 00:00,8.79,11.24,7.59,1.48,-0.07,-0.63,0.33,46.8,True,-0.18,-0.17,0,0,4,281435574.0,"[22, 33, 45, 54]",1387,55.1,65.3,1.14,9.0,9.0,0.0625,0.088,0.75,0.0286,0.073,0.46,1.18,,0.0
SMTC,daily,2.0,COMP,,,110,2026-04-15 00:00,2026-09-21 00:00,177.37,185.0,93.27,1.98,0.27,-0.03,0.92,62.6,True,0.63,1.06,0,0,10,380727532.0,"[68, 85, 93, 101]",4346,55.5,65.5,1.151,8.0,8.0,0.1113,0.1524,0.673,0.062,0.0906,0.56,1.67,,0.02
SNAP,weekly,1.5,,,,26,2026-04-03 00:00,2026-09-25 00:00,5.7,6.29,4.35,1.45,-0.1,-0.74,0.7,53.2,False,0.34,-0.14,0,0,1,1024816228.0,[4],474,,,,,,0.059,0.1024,0.577,0.0183,0.0657,0.31,0.9,,0.0
SNAP,weekly,2.0,,UP,broad,37,2026-01-16 00:00,2026-09-25 00:00,5.7,7.62,3.93,1.94,-0.19,-0.77,0.48,53.2,False,0.34,-0.14,0,0,1,1075930722.0,[15],463,,,,,,0.0856,0.1502,0.568,0.0183,0.0657,0.21,0.86,,0.0
SNAP,daily,1.5,COMP,,,120,2026-03-31 00:00,2026-09-21 00:00,5.7,6.29,4.34,1.45,-0.15,-0.52,0.7,55.6,True,-0.0,0.32,0,0,13,202548639.0,"[91, 101, 108, 114]",2282,58.6,60.2,1.025,6.0,5.0,0.0816,0.0997,0.517,0.0158,0.0212,0.19,1.0,,0.03
SND,weekly,1.5,COMP,,,28,2026-03-20 00:00,2026-09-25 00:00,5.34,5.38,4.17,1.29,0.28,-0.19,0.97,58.4,True,-0.21,0.22,0,1,2,7376897.0,"[6, 11]",489,64.7,60.6,1.011,5.0,16.0,0.0593,0.0717,0.5,0.024,0.068,0.4,0.83,,0.0
SND,daily,1.5,COMP,,,130,2026-03-17 00:00,2026-09-21 00:00,5.34,5.7,3.91,1.46,0.13,-0.25,0.8,60.0,True,0.16,0.39,0,0,10,1371788.0,"[81, 86, 104, 121]",2351,62.6,65.2,1.057,17.0,8.0,0.0428,0.0693,0.792,0.0106,0.0152,0.25,0.76,,0.03
SNDK,daily,2.0,COMP,,,56,2026-07-02 00:00,2026-09-21 00:00,1766.64,1915.92,1015.89,1.89,0.08,-0.56,0.83,59.8,True,0.05,0.19,0,0,5,20385582029.0,"[14, 22, 31, 47]",346,61.1,62.2,0.987,16.0,8.0,0.0852,0.1273,0.679,0.0508,0.0627,0.6,0.73,,0.04
SNDK,daily,3.0,,,,115,2026-04-08 00:00,2026-09-21 00:00,1766.64,2335.0,780.9,2.99,0.29,0.01,0.63,59.8,True,0.05,0.19,0,0,9,19273266000.0,"[73, 81, 90, 106]",287,61.1,62.2,0.987,16.0,8.0,0.1273,0.224,0.73,0.0508,0.0627,0.4,0.77,,0.03
SNDX,weekly,1.5,ANTI,,,45,2025-11-21 00:00,2026-09-25 00:00,18.07,25.15,17.34,1.45,-0.17,-0.29,0.09,43.3,False,-0.61,-0.83,0,1,3,153971738.0,"[5, 17, 33]",507,73.8,60.3,0.974,16.0,11.0,0.0444,0.091,0.644,0.0452,0.0489,1.02,0.74,,0.02
SNEX,weekly,2.0,,,,28,2026-03-20 00:00,2026-09-25 00:00,67.48,92.67,46.46,1.99,0.17,-0.19,0.45,48.7,False,-1.22,-0.09,0,0,2,438064947.0,"[7, 13]",898,80.2,78.7,1.14,6.0,14.0,0.0631,0.1399,0.75,0.0136,0.0242,0.22,0.62,,0.0
SNEX,daily,1.5,,,,114,2026-04-09 00:00,2026-09-21 00:00,67.48,92.67,61.93,1.5,-0.17,0.01,0.18,45.4,True,0.19,0.03,2,0,10,91875006.0,"[77, 86, 95, 107]",4342,47.9,52.4,1.01,12.0,6.0,0.0579,0.0948,0.561,0.0124,0.0153,0.21,0.45,,0.04
SNEX,daily,2.0,,,,127,2026-03-20 00:00,2026-09-21 00:00,67.48,92.67,46.46,1.99,0.16,-0.2,0.45,45.4,True,0.19,0.03,2,0,10,94551113.0,"[90, 99, 108, 120]",4329,47.9,52.4,1.01,12.0,6.0,0.0632,0.1293,0.764,0.0124,0.0153,0.2,0.44,,0.03
SNN,weekly,1.5,ANTI,,,84,2025-02-21 00:00,2026-09-25 00:00,27.69,37.21,25.11,1.48,0.16,-0.17,0.21,35.3,False,-0.34,-0.58,0,0,8,131466061.0,"[53, 60, 67, 75]",842,44.0,54.7,1.056,8.0,8.0,0.0699,0.0992,0.619,0.036,0.0282,0.52,1.58,,0.02
SNPS,weekly,1.5,,,,55,2025-09-12 00:00,2026-09-25 00:00,401.85,525.18,373.47,1.41,-0.28,-0.4,0.19,45.5,False,-0.39,-0.83,0,0,4,4316268747.0,"[17, 25, 36, 50]",871,59.7,50.7,0.843,14.0,4.0,0.0677,0.0931,0.564,0.0261,0.0342,0.39,0.64,,0.0
SOC,daily,2.0,,,,58,2026-06-30 00:00,2026-09-21 00:00,4.33,5.29,3.08,1.72,0.33,-0.83,0.57,41.9,True,0.15,0.2,0,0,5,35780443.0,"[28, 37, 43, 51]",1305,50.0,57.1,1.07,8.0,6.0,0.0597,0.085,0.655,0.0511,0.0358,0.86,1.11,,0.03
SOC,daily,3.0,,,,63,2026-06-23 00:00,2026-09-21 00:00,4.33,8.94,3.08,2.9,-0.13,-0.83,0.21,41.9,True,0.15,0.2,0,0,5,35299111.0,"[33, 42, 48, 56]",1300,50.0,57.1,1.07,8.0,6.0,0.0605,0.2033,0.492,0.0511,0.0358,0.84,1.12,,0.03
SOFI,weekly,1.5,,,,35,2026-01-30 00:00,2026-09-25 00:00,16.97,22.81,15.23,1.5,-0.19,-0.49,0.23,44.5,True,0.5,0.26,1,0,2,5707041030.0,"[11, 29]",269,45.3,52.0,0.973,18.0,5.0,0.0642,0.0888,0.571,0.0278,0.041,0.43,0.64,,0.06
SOFI,weekly,3.0,,,,77,2025-04-11 00:00,2026-09-25 00:00,16.97,29.72,10.71,2.77,-0.08,-0.4,0.33,44.5,True,0.5,0.26,1,0,4,6043952687.0,"[23, 29, 53, 71]",227,45.3,52.0,0.973,18.0,5.0,0.1741,0.2564,0.545,0.0278,0.041,0.16,0.61,,0.03
SOLS,daily,1.5,,,,57,2026-07-01 00:00,2026-09-21 00:00,57.69,82.84,55.29,1.5,-0.21,-0.38,0.09,42.5,True,0.29,0.03,0,0,6,163281718.0,"[23, 31, 41, 47]",175,57.4,59.0,1.016,6.0,9.0,0.0349,0.0777,0.228,0.0128,0.0412,0.37,0.68,,0.05
SOMN,weekly,1.5,ANTI,,,47,2025-11-07 00:00,2026-09-25 00:00,45.74,50.9,45.26,1.12,0.1,,0.09,35.3,False,-0.98,-0.29,0,1,2,54242909.0,"[18, 34]",0,80.3,57.3,0.977,16.0,12.0,0.0289,0.0298,0.638,0.0149,0.0267,0.52,0.76,,0.04
SOMN,weekly,2.0,ANTI,,,47,2025-11-07 00:00,2026-09-25 00:00,45.74,50.9,45.26,1.12,0.1,,0.09,35.3,False,-0.98,-0.29,0,1,2,54242909.0,"[18, 34]",0,80.3,57.3,0.977,16.0,12.0,0.0289,0.0298,0.638,0.0149,0.0267,0.52,0.76,,0.04
SOMN,weekly,3.0,ANTI,,,47,2025-11-07 00:00,2026-09-25 00:00,45.74,50.9,45.26,1.12,0.1,,0.09,35.3,False,-0.98,-0.29,0,1,2,54242909.0,"[18, 34]",0,80.3,57.3,0.977,16.0,12.0,0.0289,0.0298,0.638,0.0149,0.0267,0.52,0.76,,0.04
SONO,weekly,1.5,,,,42,2025-12-12 00:00,2026-09-25 00:00,16.36,18.44,12.7,1.45,-0.21,-0.34,0.64,58.5,True,0.33,0.38,1,0,3,116229551.0,"[8, 24, 35]",384,55.4,59.0,1.034,11.0,6.0,0.0423,0.0884,0.714,0.017,0.0346,0.4,1.0,,0.02
SONY,weekly,1.5,,,,45,2025-11-21 00:00,2026-09-25 00:00,23.59,29.27,19.71,1.48,-0.33,-0.34,0.41,54.6,True,0.92,0.64,0,0,3,542351941.0,"[14, 25, 40]",881,48.4,62.5,1.114,15.0,4.0,0.0634,0.1028,0.467,0.0174,0.0354,0.27,0.83,,0.02
SOPH,daily,1.5,,,,34,2026-08-04 00:00,2026-09-21 00:00,8.24,8.92,6.3,1.42,0.39,-0.03,0.74,55.7,False,-0.95,-0.02,0,0,2,4205607.0,"[3, 13]",1262,71.6,77.2,1.122,10.0,20.0,0.0473,0.0708,0.529,0.0207,0.026,0.44,1.36,,0.0
SOUN,daily,1.5,ANTI,,,76,2026-06-03 00:00,2026-09-21 00:00,6.17,8.08,5.7,1.42,-0.17,-0.51,0.2,41.3,False,-0.89,-0.88,0,0,6,181733910.0,"[32, 45, 55, 70]",1027,56.1,42.7,0.884,15.0,5.0,0.0524,0.0745,0.737,0.0227,0.0446,0.43,0.64,,0.01
SPCB,weekly,3.0,,,,91,2025-01-03 00:00,2026-09-25 00:00,9.57,13.84,5.67,2.44,0.16,-0.89,0.48,45.4,True,-0.23,0.37,0,0,8,5148074.0,"[50, 56, 70, 79]",786,63.9,61.2,1.064,9.0,11.0,0.1052,0.1679,0.824,0.0371,0.0644,0.35,0.93,,0.02
SPCX,daily,1.5,COMP,,,57,2026-07-01 00:00,2026-09-21 00:00,151.85,162.0,108.27,1.5,0.28,,0.81,58.8,True,0.0,0.4,0,0,2,10378731559.0,"[29, 47]",13,64.8,65.2,1.05,18.0,9.0,0.0593,0.1045,0.579,0.015,0.0141,0.25,1.22,,0.0
SPCX,daily,2.0,,,,70,2026-06-11 00:00,2026-09-21 00:00,151.85,211.39,108.27,1.95,-0.18,,0.42,58.8,True,0.0,0.4,0,0,3,11277549123.0,"[12, 42, 60]",0,64.8,65.2,1.05,18.0,9.0,0.0671,0.1381,0.686,0.015,0.0141,0.22,1.12,,0.0
SPCX,daily,3.0,,,,70,2026-06-11 00:00,2026-09-21 00:00,151.85,211.39,108.27,1.95,-0.18,,0.42,58.8,True,0.0,0.4,0,0,3,11277549123.0,"[12, 42, 60]",0,64.8,65.2,1.05,18.0,9.0,0.0671,0.1381,0.686,0.015,0.0141,0.22,1.12,,0.0
SPGI,weekly,1.5,,,,152,2023-11-03 00:00,2026-09-25 00:00,404.47,521.29,353.6,1.47,0.15,-0.18,0.3,45.5,True,0.48,0.28,0,0,13,3246547620.0,"[115, 122, 128, 141]",774,45.0,57.8,1.079,13.0,10.0,0.0846,0.0935,0.632,0.0227,0.0346,0.27,1.14,,0.03
SPIR,daily,1.5,,,,51,2026-07-10 00:00,2026-09-21 00:00,11.96,14.82,10.54,1.41,-0.15,-0.59,0.33,45.5,False,-0.63,-1.03,0,0,3,7414920.0,"[22, 34, 41]",1425,52.1,39.3,0.867,7.0,9.0,0.084,0.0967,0.412,0.0113,0.0241,0.13,0.86,,0.04
SPIR,daily,3.0,,,,145,2026-02-24 00:00,2026-09-21 00:00,11.96,25.48,8.85,2.88,-0.07,-0.37,0.19,45.5,False,-0.63,-1.03,0,0,12,12737867.0,"[87, 116, 128, 135]",1331,52.1,39.3,0.867,7.0,9.0,0.2003,0.2478,0.593,0.0113,0.0241,0.06,0.5,,0.03
SPOT,weekly,1.5,,,,45,2025-11-21 00:00,2026-09-25 00:00,516.77,598.87,417.83,1.43,-0.31,-0.46,0.55,51.4,True,0.5,0.39,0,0,4,4652918118.0,"[15, 21, 26, 40]",398,50.2,57.6,1.053,14.0,4.0,0.0565,0.0878,0.689,0.0233,0.0461,0.41,0.86,,0.0
SPOT,weekly,2.0,,,,99,2024-11-08 00:00,2026-09-25 00:00,516.77,772.6,400.68,1.93,-0.23,0.04,0.31,51.4,True,0.5,0.39,0,0,9,5258503366.0,"[69, 75, 80, 94]",344,50.2,57.6,1.053,14.0,4.0,0.1209,0.162,0.535,0.0233,0.0461,0.19,0.76,,0.0
SPRB,daily,2.0,,,,151,2026-02-13 00:00,2026-09-21 00:00,53.7,70.5,41.45,1.7,-0.38,-0.77,0.42,48.0,False,-1.09,-0.03,0,0,13,2828955.0,"[92, 107, 126, 132]",1342,68.2,80.5,1.198,6.0,18.0,0.0839,0.1237,0.695,0.006,0.0266,0.07,1.99,,0.02
SPSC,weekly,2.0,COMP,,,48,2025-10-31 00:00,2026-09-25 00:00,81.65,94.49,51.17,1.85,-0.35,-0.76,0.7,60.8,True,1.58,1.68,1,0,2,187236949.0,"[10, 43]",810,42.7,65.8,0.899,33.0,4.0,0.1851,0.1976,0.333,0.02,0.0695,0.11,1.13,,0.02
SPT,weekly,3.0,,,,55,2025-09-12 00:00,2026-09-25 00:00,10.33,14.24,4.99,2.85,-0.34,-0.92,0.58,57.4,True,1.56,2.26,1,0,2,59150196.0,"[14, 50]",300,35.8,65.7,1.011,36.0,4.0,0.2,0.2561,0.618,0.0368,0.1337,0.18,1.24,,0.02
SPXC,weekly,1.5,ANTI,,,66,2025-06-27 00:00,2026-09-25 00:00,181.19,242.97,167.15,1.45,0.38,-0.05,0.19,34.9,False,-0.58,-0.44,0,0,5,392183077.0,"[18, 34, 42, 51]",860,56.8,63.4,1.087,9.0,14.0,0.0683,0.0862,0.727,0.0644,0.0394,0.94,0.98,,0.0
SQM,weekly,1.5,,,,42,2025-12-12 00:00,2026-09-25 00:00,69.53,90.88,64.55,1.41,0.02,0.02,0.19,46.3,False,-0.94,-1.01,0,0,3,454220914.0,"[6, 20, 36]",884,71.2,57.0,0.891,16.0,5.0,0.0595,0.0911,0.476,0.0412,0.0329,0.69,0.78,,0.02
SQM,weekly,2.0,,,,48,2025-10-31 00:00,2026-09-25 00:00,69.53,90.88,47.88,1.9,0.32,-0.19,0.5,46.3,False,-0.94,-1.01,0,0,3,454220914.0,"[12, 26, 42]",878,71.2,57.0,0.891,16.0,5.0,0.0621,0.1301,0.667,0.0412,0.0329,0.66,0.78,,0.02
SRAD,weekly,3.0,ANTI,,,121,2024-06-07 00:00,2026-09-25 00:00,12.54,31.63,10.65,2.97,0.09,-0.3,0.09,37.5,False,0.26,-0.74,0,0,8,145869870.0,"[58, 82, 93, 105]",142,42.9,45.5,0.815,12.0,15.0,0.2714,0.3152,0.488,0.0066,0.0614,0.02,0.86,,0.02
SRI,weekly,2.0,,,,73,2025-05-09 00:00,2026-09-25 00:00,7.11,8.82,4.53,1.95,0.16,-0.81,0.6,50.4,True,0.12,0.53,0,0,5,6339551.0,"[15, 40, 52, 57]",853,57.4,56.1,1.004,5.0,15.0,0.102,0.1484,0.712,0.0111,0.0237,0.11,0.67,,0.0
SRI,weekly,3.0,,,,104,2024-10-04 00:00,2026-09-25 00:00,7.11,10.06,3.78,2.66,0.15,-0.85,0.53,50.4,True,0.12,0.53,0,0,7,6475989.0,"[46, 71, 83, 88]",822,57.4,56.1,1.004,5.0,15.0,0.1354,0.2041,0.76,0.0111,0.0237,0.08,0.66,,0.01
SRI,daily,1.5,,,,114,2026-04-09 00:00,2026-09-21 00:00,7.11,7.82,5.54,1.41,0.21,-0.4,0.69,48.4,True,0.0,0.01,1,0,11,1066608.0,"[74, 80, 91, 103]",4342,52.2,57.5,1.027,12.0,10.0,0.0266,0.0533,0.667,0.0056,0.007,0.21,0.71,,0.0
SRPT,weekly,2.0,,,,61,2025-08-01 00:00,2026-09-25 00:00,20.14,24.01,14.86,1.62,-0.2,-0.91,0.58,52.4,False,0.26,-0.2,0,0,4,319673457.0,"[2, 23, 35, 48]",865,52.7,49.1,0.83,13.0,12.0,0.1108,0.1204,0.623,0.0514,0.0792,0.46,0.94,,0.02
SRPT,weekly,3.0,,,,67,2025-06-20 00:00,2026-09-25 00:00,20.14,24.01,11.93,2.01,-0.02,-0.93,0.68,52.4,False,0.26,-0.2,0,0,4,328022973.0,"[8, 29, 41, 54]",859,52.7,49.1,0.83,13.0,12.0,0.1069,0.1308,0.657,0.0514,0.0792,0.48,0.92,,0.01
SRTA,daily,1.5,,,,111,2026-04-14 00:00,2026-09-21 00:00,5.4,6.47,4.33,1.49,0.21,-0.27,0.5,47.2,False,-0.95,-0.69,0,0,8,5128388.0,"[56, 63, 82, 90]",1616,65.0,65.9,1.035,8.0,20.0,0.0558,0.0833,0.748,0.0141,0.0113,0.25,0.69,,0.02
SSB,weekly,1.5,,,,116,2024-07-12 00:00,2026-09-25 00:00,103.11,111.59,78.46,1.42,0.29,-0.04,0.74,52.8,True,0.45,0.59,0,0,9,351961066.0,"[60, 82, 92, 109]",810,56.0,68.8,1.13,17.0,6.0,0.0547,0.0746,0.716,0.0153,0.0213,0.28,1.06,,0.03
SSD,weekly,1.5,,,,152,2023-11-03 00:00,2026-09-25 00:00,173.8,209.75,140.91,1.49,0.09,-0.12,0.48,42.9,True,-0.27,0.04,0,0,13,217760018.0,"[119, 130, 138, 144]",774,64.8,56.1,0.945,6.0,7.0,0.0628,0.0827,0.737,0.0434,0.0355,0.69,0.94,,0.03
SSL,weekly,2.0,,,,34,2026-02-06 00:00,2026-09-25 00:00,13.56,14.59,7.36,1.98,0.39,-0.15,0.86,59.8,False,-0.99,-0.07,0,0,1,97923011.0,[7],892,,,,,,0.0832,0.1514,0.559,0.082,0.0567,0.99,0.71,,0.0
SSL,daily,2.0,COMP,,,153,2026-02-11 00:00,2026-09-21 00:00,13.56,15.11,7.59,1.99,0.27,0.01,0.79,55.3,True,0.5,0.94,0,0,10,20010766.0,"[89, 111, 132, 148]",4303,65.2,76.2,1.21,16.0,4.0,0.0851,0.1422,0.68,0.0177,0.0361,0.21,1.31,,0.03
SSNC,weekly,1.5,COMP,,,119,2024-06-21 00:00,2026-09-25 00:00,80.4,88.64,60.37,1.47,0.14,-0.03,0.71,59.4,True,1.32,0.88,0,0,9,541749882.0,"[79, 89, 95, 102]",742,42.4,45.1,0.973,7.0,16.0,0.078,0.0959,0.571,0.0168,0.0395,0.22,1.02,,0.04
SSP,weekly,2.0,,,,45,2025-11-21 00:00,2026-09-25 00:00,3.09,4.97,2.75,1.81,-0.36,-0.59,0.15,46.2,False,-0.54,-1.76,0,0,4,10886463.0,"[4, 15, 21, 38]",881,66.1,51.4,0.698,17.0,6.0,0.0862,0.1619,0.489,0.0245,0.0417,0.28,0.89,,0.0
SSP,weekly,3.0,,,,49,2025-10-24 00:00,2026-09-25 00:00,3.09,4.97,1.77,2.81,0.01,-0.74,0.41,46.2,False,-0.54,-1.76,0,0,4,10886463.0,"[8, 19, 25, 42]",877,66.1,51.4,0.698,17.0,6.0,0.0976,0.2072,0.776,0.0245,0.0417,0.25,0.89,,0.0
SSP,daily,1.5,,,,92,2026-05-11 00:00,2026-09-21 00:00,3.09,3.79,2.65,1.43,-0.13,-0.49,0.39,45.1,False,-0.61,-0.36,0,2,6,1853748.0,"[48, 66, 80, 87]",4364,55.3,50.2,0.964,7.0,4.0,0.0553,0.0746,0.761,0.0128,0.019,0.23,1.01,,0.08
SSYS,weekly,2.0,ANTI,,,133,2024-03-15 00:00,2026-09-25 00:00,7.91,12.19,6.16,1.98,-0.05,-0.76,0.29,44.6,False,-0.01,-0.45,0,0,11,24559464.0,"[84, 96, 115, 126]",793,59.5,51.4,0.854,11.0,6.0,0.1137,0.1391,0.729,0.017,0.0175,0.15,1.16,,0.03
SSYS,daily,1.5,,,,152,2026-02-12 00:00,2026-09-21 00:00,7.91,10.97,7.42,1.48,-0.34,-0.4,0.14,49.6,False,-0.1,-0.41,1,0,13,6125145.0,"[108, 119, 135, 141]",4304,42.7,47.3,1.003,6.0,10.0,0.0519,0.0917,0.513,0.0144,0.0194,0.28,0.92,,0.02
ST,weekly,1.5,,,,27,2026-03-27 00:00,2026-09-25 00:00,41.84,50.5,34.43,1.47,0.21,-0.17,0.46,46.8,False,-0.95,0.13,0,0,2,340543786.0,"[12, 19]",837,80.1,62.9,0.922,7.0,7.0,0.0664,0.0934,0.63,0.0247,0.0289,0.37,0.81,,0.04
ST,daily,1.5,ANTI,,,115,2026-04-08 00:00,2026-09-21 00:00,41.84,53.41,37.18,1.44,-0.0,-0.03,0.29,44.2,False,0.24,-0.19,1,0,9,79151796.0,"[81, 89, 97, 108]",4043,39.8,51.7,1.025,11.0,6.0,0.0666,0.0795,0.73,0.0066,0.0045,0.1,0.73,,0.04
STAA,weekly,2.0,ANTI,,,32,2026-02-20 00:00,2026-09-25 00:00,20.32,32.47,17.52,1.85,0.2,-0.65,0.19,38.8,False,-0.94,-1.07,0,0,3,110607755.0,"[1, 13, 25]",894,70.3,51.6,0.806,12.0,6.0,0.1359,0.1727,0.531,0.0459,0.0579,0.34,1.05,,0.0
STAA,weekly,3.0,ANTI,,,115,2024-07-19 00:00,2026-09-25 00:00,20.32,42.5,15.35,2.77,-0.2,-0.86,0.18,38.8,False,-0.94,-1.07,0,0,9,102025879.0,"[70, 84, 96, 108]",811,70.3,51.6,0.806,12.0,6.0,0.1801,0.2412,0.583,0.0459,0.0579,0.25,1.13,,0.01
STAA,daily,2.0,ANTI,,,149,2026-02-18 00:00,2026-09-21 00:00,20.32,33.34,17.23,1.93,0.29,-0.38,0.19,30.5,False,-0.28,-0.55,0,0,16,20221601.0,"[102, 113, 123, 139]",4307,55.4,51.6,0.923,16.0,9.0,0.1425,0.1701,0.617,0.0363,0.0238,0.25,0.87,,0.03
STDN,daily,1.5,,,,30,2026-08-10 00:00,2026-09-21 00:00,13.5,16.56,11.45,1.45,0.14,,0.4,47.6,False,0.29,-0.13,0,0,1,9222704.0,[16],18,,,,,,0.0635,0.0967,0.467,0.0179,0.0506,0.28,0.88,,0.07
STDN,daily,2.0,,,,31,2026-08-07 00:00,2026-09-21 00:00,13.5,16.56,8.44,1.96,0.19,,0.62,47.6,False,0.29,-0.13,0,0,1,9142672.0,[17],17,,,,,,0.0615,0.1155,0.806,0.0179,0.0506,0.29,0.89,,0.06
STEP,weekly,1.5,,,,33,2026-02-13 00:00,2026-09-25 00:00,47.45,55.0,39.28,1.4,-0.06,-0.47,0.52,48.4,False,0.32,-0.19,0,0,1,270272227.0,[12],282,,,,,,0.0616,0.0866,0.667,0.0244,0.0724,0.4,0.9,,0.0
STEP,weekly,2.0,,,,123,2024-05-24 00:00,2026-09-25 00:00,47.45,73.91,38.56,1.92,-0.0,0.09,0.25,48.4,False,0.32,-0.19,0,0,10,191812071.0,"[60, 71, 86, 102]",192,72.7,50.6,0.735,16.0,20.0,0.1088,0.1446,0.699,0.0244,0.0724,0.22,1.27,,0.01
STEP,weekly,3.0,,,,146,2023-12-15 00:00,2026-09-25 00:00,47.45,73.91,26.51,2.79,0.35,-0.27,0.44,48.4,False,0.32,-0.19,0,0,11,170870104.0,"[83, 94, 109, 125]",169,72.7,50.6,0.735,16.0,20.0,0.1502,0.2105,0.753,0.0244,0.0724,0.16,1.43,,0.01
STEP,daily,1.5,,,,153,2026-02-11 00:00,2026-09-21 00:00,47.45,57.47,39.28,1.46,-0.06,-0.47,0.45,45.8,False,-0.43,-0.07,0,1,13,52121456.0,"[121, 126, 138, 147]",1357,63.5,58.2,0.984,9.0,5.0,0.0711,0.0877,0.627,0.0202,0.0269,0.28,1.02,,0.03
STLD,daily,1.5,,,,114,2026-04-09 00:00,2026-09-21 00:00,229.99,282.12,189.57,1.49,0.24,-0.07,0.44,41.6,True,0.22,-0.05,1,0,9,261572474.0,"[75, 81, 96, 101]",4342,43.6,54.1,1.05,5.0,12.0,0.0418,0.0815,0.719,0.0095,0.0113,0.23,0.81,,0.03
STM,daily,2.0,,,,112,2026-04-13 00:00,2026-09-21 00:00,51.54,79.68,40.2,1.98,-0.18,0.02,0.29,50.8,False,0.19,-0.21,0,0,9,633271270.0,"[69, 81, 87, 101]",4344,46.3,47.8,0.936,14.0,10.0,0.1204,0.1789,0.562,0.0285,0.0175,0.24,0.63,,0.01
STNE,weekly,2.0,ANTI,,,82,2025-03-07 00:00,2026-09-25 00:00,9.71,16.03,8.02,2.0,-0.08,-0.47,0.21,41.9,False,-0.1,-0.81,0,0,8,343225251.0,"[50, 58, 64, 73]",332,47.1,49.1,0.994,9.0,8.0,0.0918,0.1528,0.72,0.0273,0.0574,0.3,0.63,,0.02
STOK,weekly,1.5,ANTI,,,46,2025-11-14 00:00,2026-09-25 00:00,28.05,37.27,26.51,1.41,-0.12,-0.21,0.14,42.5,False,-0.49,-0.63,0,0,5,108192876.0,"[15, 22, 33, 38]",334,54.8,55.1,1.0,5.0,7.0,0.0462,0.0698,0.783,0.0534,0.049,1.16,1.17,,0.0
STOK,weekly,2.0,,,,58,2025-08-22 00:00,2026-09-25 00:00,28.05,37.27,19.56,1.91,0.31,0.07,0.48,42.5,False,-0.49,-0.63,0,0,6,117731432.0,"[27, 34, 45, 50]",322,54.8,55.1,1.0,5.0,7.0,0.0587,0.1257,0.672,0.0534,0.049,0.91,1.07,,0.0
STRO,weekly,3.0,ANTI,,,37,2026-01-16 00:00,2026-09-25 00:00,16.35,40.24,13.82,2.91,0.08,-0.76,0.1,38.6,False,-1.72,-3.91,0,0,3,29661297.0,"[7, 16, 23]",381,84.0,58.3,0.758,7.0,13.0,0.2254,0.2779,0.649,0.1032,0.1488,0.46,0.76,,0.0
STRZ,daily,1.5,,,,89,2026-05-14 00:00,2026-09-21 00:00,26.49,30.21,21.06,1.43,0.19,-0.0,0.59,50.4,False,-0.27,-0.17,0,0,9,3701114.0,"[52, 62, 70, 83]",256,60.5,57.8,0.968,13.0,5.0,0.0444,0.0778,0.663,0.0362,0.0244,0.82,1.42,,0.04
STTK,weekly,2.0,DIVDN,DN,strict,32,2026-02-20 00:00,2026-09-25 00:00,6.11,7.74,3.92,1.97,0.33,-0.64,0.57,48.9,True,-0.98,0.07,0,1,2,21390122.0,"[9, 21]",280,84.7,65.0,0.973,12.0,10.0,0.0816,0.1552,0.469,0.081,0.0539,0.99,1.45,,0.03
STTK,daily,1.5,ANTI,,,63,2026-06-23 00:00,2026-09-21 00:00,6.11,8.06,5.39,1.5,-0.02,-0.32,0.27,38.1,False,-1.22,-1.34,0,0,6,6407745.0,"[22, 29, 35, 44]",1430,56.8,62.2,1.076,9.0,18.0,0.0484,0.0834,0.698,0.019,0.0371,0.39,0.83,,0.02
STTK,daily,2.0,,,,72,2026-06-09 00:00,2026-09-21 00:00,6.11,8.06,4.13,1.95,0.37,-0.48,0.5,38.1,False,-1.22,-1.34,0,0,6,6144291.0,"[31, 38, 44, 53]",1421,56.8,62.2,1.076,9.0,18.0,0.0686,0.1428,0.528,0.019,0.0371,0.28,0.86,,0.01
STVN,weekly,2.0,,,,126,2024-05-03 00:00,2026-09-25 00:00,21.51,26.7,13.38,2.0,-0.14,-0.59,0.61,60.6,True,1.12,1.29,0,0,11,42361098.0,"[72, 88, 108, 120]",146,54.2,70.3,1.216,12.0,5.0,0.0956,0.1434,0.714,0.0238,0.0405,0.25,1.06,,0.02
STX,daily,1.5,,,,97,2026-05-04 00:00,2026-09-21 00:00,877.33,1093.26,732.83,1.49,-0.03,0.01,0.4,55.0,False,-0.21,-0.35,0,0,8,3688060551.0,"[55, 72, 80, 87]",4359,48.9,57.1,1.067,7.0,9.0,0.0492,0.0895,0.577,0.0462,0.038,0.94,0.89,,0.02
STX,daily,2.0,,,,106,2026-04-21 00:00,2026-09-21 00:00,877.33,1093.26,559.5,1.95,0.2,0.02,0.6,55.0,False,-0.21,-0.35,0,0,8,3672970086.0,"[64, 81, 89, 96]",4350,48.9,57.1,1.067,7.0,9.0,0.0527,0.1213,0.811,0.0462,0.038,0.88,0.89,,0.02
SUJA,daily,2.0,,,,71,2026-06-10 00:00,2026-09-21 00:00,8.06,11.65,5.87,1.98,-0.34,-0.99,0.38,36.0,True,0.5,0.88,2,0,3,4349996.0,"[3, 36, 60]",53,28.2,52.3,0.917,24.0,10.0,0.0873,0.1583,0.563,0.0281,0.0603,0.32,0.59,,0.04
SUNB,daily,1.5,,,,141,2026-03-02 00:00,2026-09-21 00:00,72.85,84.83,62.19,1.36,0.28,,0.47,49.0,False,-0.29,-0.49,0,0,13,201850588.0,"[99, 110, 115, 132]",0,67.6,49.1,0.866,17.0,8.0,0.0338,0.0672,0.709,0.008,0.0109,0.24,1.84,,0.03
SUNB,daily,2.0,,,,141,2026-03-02 00:00,2026-09-21 00:00,72.85,84.83,62.19,1.36,0.28,,0.47,49.0,False,-0.29,-0.49,0,0,13,201850588.0,"[99, 110, 115, 132]",0,67.6,49.1,0.866,17.0,8.0,0.0338,0.0672,0.709,0.008,0.0109,0.24,1.84,,0.03
SUNB,daily,3.0,,,,141,2026-03-02 00:00,2026-09-21 00:00,72.85,84.83,62.19,1.36,0.28,,0.47,49.0,False,-0.29,-0.49,0,0,13,201850588.0,"[99, 110, 115, 132]",0,67.6,49.1,0.866,17.0,8.0,0.0338,0.0672,0.709,0.008,0.0109,0.24,1.84,,0.03
SUPN,weekly,1.5,ANTI,,,60,2025-08-08 00:00,2026-09-25 00:00,42.78,55.13,41.23,1.34,-0.12,0.05,0.11,41.1,False,-0.49,-0.69,0,0,6,151791641.0,"[29, 36, 48, 53]",692,51.4,51.7,0.996,5.0,6.0,0.0505,0.0672,0.767,0.0415,0.048,0.82,0.86,,0.03
SUPV,weekly,2.0,ANTI,,,50,2025-10-17 00:00,2026-09-25 00:00,7.99,12.42,6.43,1.93,-0.4,-0.66,0.26,42.3,False,-0.11,-0.42,0,0,4,37650403.0,"[2, 10, 26, 35]",491,49.4,59.2,1.162,9.0,14.0,0.1512,0.1603,0.58,0.0287,0.0709,0.19,0.6,,0.0
SUPV,weekly,3.0,,,,70,2025-05-30 00:00,2026-09-25 00:00,7.99,13.02,4.95,2.63,-0.14,-0.74,0.38,42.3,False,-0.11,-0.42,0,0,5,50512902.0,"[22, 30, 46, 55]",471,49.4,59.2,1.162,9.0,14.0,0.142,0.1972,0.657,0.0287,0.0709,0.2,0.45,,0.0
SUPX,weekly,2.0,,,,30,2026-03-06 00:00,2026-09-25 00:00,8.84,12.26,6.49,1.89,-0.26,-0.91,0.41,46.7,False,0.3,-0.39,0,0,1,11434942.0,[11],98,,,,,,0.092,0.1502,0.533,0.0965,0.0891,1.05,1.87,,0.0
SUPX,daily,2.0,,,,77,2026-06-02 00:00,2026-09-21 00:00,8.84,10.95,5.81,1.88,-0.13,-0.69,0.59,55.7,False,-0.27,0.09,0,0,6,2064804.0,"[30, 43, 49, 57]",532,49.5,75.8,1.485,8.0,19.0,0.084,0.1346,0.675,0.0199,0.032,0.24,4.16,,0.0
SUZ,weekly,1.5,,UP,broad,129,2024-04-12 00:00,2026-09-25 00:00,9.25,11.33,7.72,1.47,-0.25,-0.36,0.42,56.7,False,0.47,-0.07,0,0,7,91305660.0,"[42, 61, 69, 96]",699,,,,,,0.0481,0.0766,0.783,0.0282,0.0481,0.59,1.45,,0.03
SVC,weekly,1.5,,,,28,2026-03-20 00:00,2026-09-25 00:00,6.66,8.9,6.22,1.43,-0.13,-0.8,0.16,34.2,True,0.06,0.03,0,0,2,20730774.0,"[10, 16]",898,48.2,49.1,0.987,6.0,11.0,0.0522,0.0988,0.393,0.0568,0.057,1.09,2.81,,0.0
SVC,daily,1.5,ANTI,,,118,2026-04-02 00:00,2026-09-21 00:00,6.66,8.95,6.22,1.44,0.1,-0.47,0.16,28.6,False,-1.14,-1.08,0,2,8,6324272.0,"[68, 74, 90, 96]",4338,54.3,47.1,0.954,6.0,21.0,0.0521,0.088,0.525,0.009,0.0338,0.17,1.69,,0.03
SVC,daily,2.0,ANTI,,,142,2026-02-27 00:00,2026-09-21 00:00,6.66,11.51,5.83,1.97,-0.27,-0.56,0.15,28.6,False,-1.14,-1.08,0,2,10,3932831.0,"[92, 98, 114, 120]",4314,54.3,47.1,0.954,6.0,21.0,0.061,0.1355,0.739,0.009,0.0338,0.15,2.72,,0.03
SVCO,weekly,3.0,,,,29,2026-03-13 00:00,2026-09-25 00:00,7.35,13.35,5.03,2.65,-0.12,-0.74,0.28,46.4,False,-1.72,-1.79,0,1,2,17786888.0,"[8, 14]",96,82.8,78.0,1.162,6.0,14.0,0.1594,0.2462,0.552,0.0328,0.0694,0.21,0.63,,0.0
SVCO,daily,3.0,,UP,broad,132,2026-03-13 00:00,2026-09-21 00:00,7.35,13.79,4.97,2.77,-0.13,-0.23,0.27,55.4,False,0.42,-0.17,0,0,11,3234376.0,"[80, 98, 115, 123]",461,44.2,44.5,0.946,8.0,8.0,0.1885,0.2438,0.591,0.0197,0.026,0.1,0.75,,0.03
SVM,weekly,2.0,,,,44,2025-11-28 00:00,2026-09-25 00:00,11.83,13.92,7.81,1.78,0.4,0.12,0.66,53.9,False,-0.27,-0.21,0,0,4,214116796.0,"[8, 13, 24, 39]",875,63.8,59.3,0.942,15.0,4.0,0.1053,0.1468,0.568,0.0271,0.0592,0.26,0.66,,0.0
SVRA,weekly,1.5,,,,45,2025-11-21 00:00,2026-09-25 00:00,5.45,6.92,4.92,1.41,-0.27,-0.07,0.26,50.8,True,-0.11,0.09,0,0,4,40017779.0,"[3, 14, 21, 32]",881,57.7,63.7,1.076,11.0,12.0,0.0509,0.0793,0.489,0.014,0.0165,0.28,0.97,,0.02
SVRA,weekly,2.0,,,,50,2025-10-17 00:00,2026-09-25 00:00,5.45,6.92,3.61,1.92,0.11,-0.32,0.56,50.8,True,-0.11,0.09,0,0,4,39711766.0,"[8, 19, 26, 37]",876,57.7,63.7,1.076,11.0,12.0,0.0562,0.1144,0.8,0.014,0.0165,0.25,0.97,,0.02
SVV,weekly,2.0,,,,80,2025-03-21 00:00,2026-09-25 00:00,9.22,13.71,7.0,1.96,-0.12,-0.73,0.33,46.4,True,0.53,1.12,0,0,6,44526084.0,"[46, 57, 66, 72]",90,57.3,66.2,1.203,6.0,7.0,0.0967,0.1548,0.675,0.0476,0.0602,0.49,1.44,,0.01
SVV,weekly,3.0,,,,134,2024-03-08 00:00,2026-09-25 00:00,9.22,19.43,6.62,2.94,-0.33,-0.75,0.2,46.4,True,0.53,1.12,0,0,9,41149820.0,"[100, 111, 120, 126]",36,57.3,66.2,1.203,6.0,7.0,0.1068,0.2317,0.552,0.0476,0.0602,0.45,1.56,,0.02
SVV,daily,1.5,ANTI,,,83,2026-05-22 00:00,2026-09-21 00:00,9.22,12.29,8.2,1.5,0.29,-0.29,0.25,38.0,False,-0.79,-0.78,0,0,6,9574528.0,"[36, 53, 60, 72]",727,59.0,49.1,0.925,12.0,10.0,0.0463,0.0761,0.771,0.0205,0.0503,0.44,1.14,,0.01
SWBI,weekly,1.5,,,,35,2026-01-30 00:00,2026-09-25 00:00,13.81,15.78,10.62,1.49,0.31,-0.33,0.62,51.3,False,-1.39,-0.44,0,0,1,36657470.0,[9],891,,,,,,0.0442,0.0908,0.457,0.0308,0.0332,0.7,0.98,,0.0
SWIM,weekly,2.0,,,,112,2024-08-09 00:00,2026-09-25 00:00,6.4,8.24,4.76,1.73,-0.08,-0.36,0.47,51.0,True,0.7,0.89,0,0,13,18204633.0,"[80, 88, 98, 104]",172,55.3,63.4,1.167,6.0,7.0,0.0857,0.1144,0.732,0.0489,0.1123,0.57,1.48,,0.02
SWIM,weekly,3.0,,,,116,2024-07-12 00:00,2026-09-25 00:00,6.4,8.24,2.87,2.87,0.07,-0.61,0.66,51.0,True,0.7,0.89,0,0,13,17839754.0,"[84, 92, 102, 108]",168,55.3,63.4,1.167,6.0,7.0,0.0877,0.1473,0.69,0.0489,0.1123,0.56,1.51,,0.02
SWKS,weekly,2.0,COMP,,,108,2024-09-06 00:00,2026-09-25 00:00,88.74,95.6,50.16,1.91,-0.37,-0.53,0.85,69.5,True,0.37,0.75,0,0,9,1015315784.0,"[55, 65, 74, 89]",818,44.7,71.3,1.343,15.0,18.0,0.101,0.1559,0.63,0.081,0.1007,0.8,1.62,,0.02
SXC,weekly,2.0,COMP,,,95,2024-12-06 00:00,2026-09-25 00:00,9.5,11.0,5.54,1.99,-0.11,-0.52,0.72,59.1,True,0.65,1.55,0,0,6,40687735.0,"[43, 59, 68, 79]",698,45.4,73.3,1.467,11.0,15.0,0.095,0.1481,0.726,0.0355,0.081,0.37,1.28,,0.01
SYBT,weekly,1.5,COMP,,,107,2024-09-13 00:00,2026-09-25 00:00,78.81,84.75,57.33,1.48,0.3,-0.21,0.78,55.9,True,0.27,0.74,0,0,10,43254047.0,"[65, 73, 83, 98]",819,60.0,71.8,1.178,15.0,8.0,0.0604,0.0857,0.71,0.0067,0.0212,0.11,1.21,,0.03
SYF,weekly,1.5,,,,69,2025-06-06 00:00,2026-09-25 00:00,75.0,85.82,58.0,1.48,0.28,-0.15,0.61,49.8,True,0.17,0.32,0,0,6,1245993567.0,"[29, 45, 55, 62]",566,59.6,61.7,1.034,7.0,6.0,0.0373,0.0778,0.768,0.0251,0.0342,0.67,0.92,,0.01
SYK,weekly,1.5,,,,152,2023-11-03 00:00,2026-09-25 00:00,274.19,399.46,266.48,1.5,0.11,-0.1,0.06,32.9,True,0.18,-0.28,1,0,15,2459589481.0,"[128, 133, 138, 145]",774,50.2,53.4,1.022,7.0,6.0,0.0578,0.0889,0.625,0.0722,0.0204,1.25,1.51,,0.05
SYM,weekly,3.0,,,,71,2025-05-23 00:00,2026-09-25 00:00,43.96,83.77,27.97,2.99,-0.07,-0.51,0.29,47.5,False,-0.28,-1.56,0,0,4,469550596.0,"[8, 23, 33, 47]",219,57.4,56.1,0.892,14.0,23.0,0.1581,0.219,0.746,0.0193,0.0209,0.12,0.65,,0.0
SYNA,weekly,2.0,,,,26,2026-04-03 00:00,2026-09-25 00:00,95.36,143.69,73.8,1.95,-0.01,-0.22,0.31,45.1,False,-0.9,-0.04,0,0,1,400277276.0,[7],900,,,,,,0.1257,0.178,0.654,0.0316,0.074,0.25,0.78,,0.0
SYNA,daily,2.0,,,,115,2026-04-08 00:00,2026-09-21 00:00,95.36,147.57,73.8,2.0,-0.06,-0.2,0.29,46.5,False,0.13,-0.44,0,0,9,80919179.0,"[63, 72, 90, 108]",4341,48.6,50.5,0.914,18.0,6.0,0.1359,0.1729,0.635,0.0223,0.0205,0.16,0.79,,0.0
SYRE,daily,1.5,,,,72,2026-06-09 00:00,2026-09-21 00:00,92.03,108.92,75.08,1.45,0.23,-0.04,0.5,46.8,False,-0.74,-0.86,0,0,4,105242489.0,"[8, 20, 38, 49]",2557,59.7,62.4,1.038,11.0,22.0,0.0621,0.0837,0.653,0.0051,0.0158,0.08,1.02,,0.04
T,weekly,1.5,,,,108,2024-09-06 00:00,2026-09-25 00:00,25.45,28.42,19.12,1.49,0.38,0.05,0.68,54.0,False,0.32,-0.1,0,0,9,4553313326.0,"[52, 64, 75, 103]",818,67.0,57.2,0.928,28.0,4.0,0.0649,0.1006,0.519,0.0155,0.0442,0.24,0.93,,0.04
TAC,weekly,1.5,,,,63,2025-07-18 00:00,2026-09-25 00:00,12.31,17.41,11.69,1.49,-0.13,-0.16,0.11,45.9,False,-0.3,-0.32,0,0,6,96522321.0,"[32, 38, 45, 51]",863,58.5,57.0,1.004,6.0,11.0,0.0483,0.0898,0.381,0.0094,0.024,0.19,1.17,,0.02
TAC,weekly,2.0,,,,72,2025-05-16 00:00,2026-09-25 00:00,12.31,17.41,8.9,1.96,0.16,-0.36,0.4,45.9,False,-0.3,-0.32,0,0,6,88157124.0,"[41, 47, 54, 60]",854,58.5,57.0,1.004,6.0,11.0,0.0569,0.1175,0.833,0.0094,0.024,0.17,1.28,,0.01
TAL,weekly,1.5,,,,81,2025-03-14 00:00,2026-09-25 00:00,11.82,13.36,8.92,1.5,0.06,-0.4,0.65,55.6,True,0.46,0.39,1,0,7,217378991.0,"[39, 46, 57, 72]",751,59.8,64.1,0.989,15.0,8.0,0.0464,0.0895,0.679,0.0123,0.0483,0.27,1.29,,0.04
TALO,daily,1.5,,,,142,2026-02-27 00:00,2026-09-21 00:00,16.42,18.33,12.25,1.5,0.35,-0.11,0.69,45.4,True,-0.41,0.2,0,0,10,28716943.0,"[106, 120, 128, 137]",4314,64.1,70.6,1.061,9.0,4.0,0.0646,0.0861,0.704,0.0152,0.0145,0.24,1.18,,0.04
TARA,weekly,3.0,ANTI,,,96,2024-11-29 00:00,2026-09-25 00:00,3.51,7.38,2.88,2.56,0.11,-0.37,0.14,35.2,False,-0.46,-2.0,0,0,9,9082255.0,"[52, 61, 72, 84]",527,50.4,43.0,0.794,12.0,11.0,0.2144,0.2481,0.542,0.0313,0.0305,0.15,0.76,,0.0
TARS,weekly,2.0,COMP,,,60,2025-08-08 00:00,2026-09-25 00:00,77.46,90.78,47.85,1.9,0.13,-0.14,0.69,58.1,True,0.59,0.67,0,0,6,202680415.0,"[17, 29, 35, 47]",251,55.2,51.0,0.902,12.0,12.0,0.0979,0.1315,0.75,0.0503,0.1285,0.51,1.26,,0.02
TASK,weekly,2.0,COMP,,,51,2025-10-10 00:00,2026-09-25 00:00,8.65,9.19,4.73,1.94,-0.33,-0.62,0.88,64.6,True,1.11,0.85,0,0,5,18686569.0,"[13, 27, 33, 46]",226,42.5,64.7,1.325,13.0,4.0,0.0944,0.1533,0.647,0.0298,0.1187,0.32,1.03,,0.0
TATT,weekly,1.5,,,,28,2026-03-20 00:00,2026-09-25 00:00,38.05,47.6,32.08,1.48,-0.11,-0.44,0.38,45.0,False,0.08,-0.1,0,0,2,32632683.0,"[15, 21]",898,56.8,48.8,0.876,6.0,6.0,0.0773,0.0925,0.714,0.0359,0.0411,0.46,0.71,,0.04
TATT,weekly,2.0,,,,66,2025-06-27 00:00,2026-09-25 00:00,38.05,57.72,29.82,1.94,0.21,-0.14,0.29,45.0,False,0.08,-0.1,0,0,6,28921251.0,"[30, 36, 53, 59]",860,56.8,48.8,0.876,6.0,6.0,0.0808,0.1516,0.667,0.0359,0.0411,0.44,0.8,,0.02
TATT,daily,1.5,,,,87,2026-05-18 00:00,2026-09-21 00:00,38.05,48.23,32.43,1.49,-0.31,-0.47,0.36,47.4,True,0.17,-0.09,1,0,9,5844942.0,"[54, 61, 69, 77]",4369,48.4,54.5,1.023,8.0,9.0,0.0623,0.0808,0.805,0.0066,0.0144,0.11,0.53,,0.01
TAYD,weekly,1.5,,,,29,2026-03-13 00:00,2026-09-25 00:00,60.5,74.87,51.0,1.47,-0.18,-0.43,0.4,53.6,True,0.47,0.42,0,0,1,9665171.0,[15],897,,,,,,0.0657,0.1083,0.345,0.0165,0.0494,0.25,0.99,,0.0
TAYD,weekly,2.0,,,,45,2025-11-21 00:00,2026-09-25 00:00,60.5,89.95,47.53,1.89,-0.24,-0.24,0.31,53.6,True,0.47,0.42,0,0,3,9299355.0,"[8, 13, 31]",881,81.0,53.8,0.692,18.0,13.0,0.0833,0.1743,0.378,0.0165,0.0494,0.2,1.03,,0.0
TAYD,daily,1.5,,,,121,2026-03-30 00:00,2026-09-21 00:00,60.5,72.09,49.42,1.46,0.21,-0.45,0.49,57.4,True,-0.05,0.28,0,0,10,1699320.0,"[82, 90, 104, 110]",4335,65.0,66.4,1.023,6.0,10.0,0.0447,0.063,0.496,0.0093,0.0082,0.21,1.39,,0.11
TBBK,weekly,1.5,,,,48,2025-10-31 00:00,2026-09-25 00:00,50.28,69.85,50.23,1.39,-0.21,-0.36,0.0,34.7,True,0.22,0.35,0,0,3,143414456.0,"[8, 24, 41]",878,51.6,63.9,1.129,17.0,6.0,0.0862,0.1024,0.417,0.0509,0.0229,0.59,0.74,,0.04
TBBK,weekly,2.0,,,,116,2024-07-12 00:00,2026-09-25 00:00,50.28,78.74,43.17,1.82,0.36,-0.02,0.2,34.7,True,0.22,0.35,0,0,11,146667575.0,"[62, 76, 92, 109]",810,51.6,63.9,1.129,17.0,6.0,0.0968,0.1421,0.672,0.0509,0.0229,0.53,0.72,,0.03
TBCH,weekly,1.5,,,,47,2025-11-07 00:00,2026-09-25 00:00,12.69,14.95,10.16,1.47,-0.25,-0.46,0.53,50.3,True,0.42,0.57,0,0,4,16375302.0,"[5, 18, 32, 39]",781,56.2,56.9,1.013,7.0,7.0,0.0505,0.0874,0.681,0.0075,0.0126,0.15,1.29,,0.02
TBCH,weekly,2.0,,,,151,2023-11-10 00:00,2026-09-25 00:00,12.69,18.82,9.84,1.91,-0.13,-0.66,0.32,50.3,True,0.42,0.57,0,0,14,15228554.0,"[109, 122, 136, 143]",677,56.2,56.9,1.013,7.0,7.0,0.1181,0.1589,0.616,0.0075,0.0126,0.06,1.39,,0.02
TBI,daily,1.5,,,,35,2026-08-03 00:00,2026-09-21 00:00,9.21,10.85,7.54,1.44,-0.17,-0.13,0.5,46.4,False,-1.3,-0.84,0,0,3,2612750.0,"[5, 12, 29]",4421,70.1,48.3,0.875,17.0,5.0,0.0547,0.0831,0.429,0.0072,0.0154,0.13,1.04,,0.03
TBN,weekly,1.5,,,,28,2026-03-20 00:00,2026-09-25 00:00,36.52,43.73,30.93,1.41,-0.05,-0.02,0.44,53.8,False,-0.3,-0.01,0,0,2,26478331.0,"[2, 12]",90,77.8,64.7,0.923,10.0,15.0,0.0585,0.0894,0.643,0.0238,0.0715,0.41,0.75,,0.0
TBN,daily,1.5,,,,119,2026-04-01 00:00,2026-09-21 00:00,36.52,45.34,30.93,1.47,-0.0,-0.38,0.39,44.7,True,-0.67,0.15,0,1,11,5435364.0,"[77, 96, 105, 114]",441,70.4,61.4,1.009,9.0,4.0,0.0516,0.0797,0.622,0.0203,0.0141,0.39,1.09,,0.08
TBPH,weekly,1.5,,,,33,2026-02-13 00:00,2026-09-25 00:00,17.05,19.66,13.57,1.45,0.1,-0.34,0.57,53.0,True,0.14,0.16,1,0,2,35753053.0,"[9, 19]",612,53.3,56.3,1.023,10.0,13.0,0.0177,0.0735,0.788,0.0021,0.0024,0.12,0.94,,0.12
TBPH,daily,1.5,,,,155,2026-02-09 00:00,2026-09-21 00:00,17.05,19.66,13.57,1.45,0.08,-0.35,0.57,57.1,True,-0.11,0.02,2,0,13,7233954.0,"[108, 116, 124, 143]",2943,55.0,64.7,1.009,19.0,11.0,0.0142,0.0738,0.794,0.0006,0.0012,0.04,0.98,,0.21
TCMD,weekly,1.5,,,,47,2025-11-07 00:00,2026-09-25 00:00,22.85,31.35,21.87,1.43,-0.31,0.12,0.1,43.2,True,-0.26,-0.13,0,1,3,35340263.0,"[0, 7, 34]",484,84.2,65.2,1.057,27.0,12.0,0.0906,0.0962,0.596,0.0352,0.0963,0.39,0.89,,0.02
TCMD,weekly,2.0,,,,47,2025-11-07 00:00,2026-09-25 00:00,22.85,31.35,21.87,1.43,-0.31,0.12,0.1,43.2,True,-0.26,-0.13,0,1,3,35340263.0,"[0, 7, 34]",484,84.2,65.2,1.057,27.0,12.0,0.0906,0.0962,0.596,0.0352,0.0963,0.39,0.89,,0.02
TCMD,daily,1.5,ANTI,,,148,2026-02-19 00:00,2026-09-21 00:00,22.85,31.87,21.73,1.47,-0.24,-0.34,0.11,44.9,False,0.16,-0.35,0,0,10,6712652.0,"[81, 93, 114, 123]",2403,61.8,36.9,0.816,9.0,24.0,0.0785,0.0981,0.547,0.0056,0.0108,0.07,0.77,,0.03
TCPC,weekly,1.5,COMP,,,35,2026-01-30 00:00,2026-09-25 00:00,4.04,4.51,3.03,1.49,-0.05,-0.6,0.69,57.4,True,0.83,0.26,1,0,2,16006152.0,"[13, 27]",721,46.2,55.4,0.983,14.0,7.0,0.0998,0.1086,0.543,0.0061,0.0263,0.06,0.91,,0.03
TDAY,weekly,1.5,ANTI,,,33,2026-02-13 00:00,2026-09-25 00:00,6.39,8.83,5.95,1.48,0.22,-0.0,0.15,41.0,False,-1.65,-0.54,0,0,1,63614880.0,[16],627,,,,,,0.1186,0.1186,0.424,0.011,0.1009,0.09,1.25,,0.03
TDAY,daily,1.5,ANTI,,,139,2026-03-04 00:00,2026-09-21 00:00,6.39,9.03,6.18,1.46,0.12,-0.03,0.07,41.8,False,0.51,-0.27,1,0,11,12725055.0,"[92, 105, 114, 133]",3037,35.6,44.9,0.919,19.0,5.0,0.096,0.1088,0.46,0.0149,0.011,0.16,0.95,,0.04
TDC,weekly,1.5,,,,47,2025-11-07 00:00,2026-09-25 00:00,29.36,34.56,24.56,1.41,0.09,-0.5,0.48,49.9,False,-0.31,-0.02,0,2,3,277035428.0,"[5, 14, 27]",879,67.4,64.2,1.007,13.0,19.0,0.0644,0.0872,0.681,0.0147,0.0375,0.23,1.01,,0.02
TDC,weekly,2.0,DIVDN,DN,strict,137,2024-02-16 00:00,2026-09-25 00:00,29.36,38.67,19.73,1.96,-0.31,-0.65,0.51,49.9,False,-0.31,-0.02,0,2,10,143507232.0,"[84, 95, 104, 117]",789,67.4,64.2,1.007,13.0,19.0,0.1293,0.179,0.599,0.0147,0.0375,0.11,1.95,,0.03
TDC,daily,1.5,DIVUP,UP,strict,152,2026-02-12 00:00,2026-09-21 00:00,29.36,36.83,24.56,1.5,0.09,-0.35,0.39,54.9,True,0.44,0.2,2,0,13,65167281.0,"[118, 128, 137, 147]",4304,51.6,55.5,1.013,10.0,4.0,0.0816,0.1016,0.586,0.0055,0.0201,0.07,0.83,,0.03
TDG,weekly,1.5,ANTI,,,137,2024-02-16 00:00,2026-09-25 00:00,1109.65,1496.58,1010.91,1.48,0.33,0.02,0.2,38.7,False,-0.05,-0.16,0,0,15,1780463339.0,"[100, 113, 124, 130]",789,57.7,49.7,0.932,6.0,6.0,0.0565,0.0823,0.774,0.0362,0.035,0.64,1.16,,0.03
TDOC,weekly,3.0,,,,84,2025-02-21 00:00,2026-09-25 00:00,6.27,11.51,4.65,2.48,-0.24,-0.84,0.24,43.8,True,-0.09,0.5,0,0,5,179466372.0,"[35, 46, 55, 73]",503,38.9,69.4,1.756,18.0,10.0,0.115,0.1744,0.75,0.0181,0.0641,0.16,0.64,,0.01
TDS,weekly,1.5,,,,97,2024-11-22 00:00,2026-09-25 00:00,36.73,47.45,32.75,1.45,0.36,0.03,0.27,47.1,False,-0.82,-1.3,0,0,9,176876294.0,"[53, 64, 76, 81]",829,62.2,44.1,0.864,5.0,15.0,0.0642,0.0989,0.454,0.0536,0.0244,0.83,1.17,,0.02
TDS,weekly,2.0,,,,102,2024-10-18 00:00,2026-09-25 00:00,36.73,47.45,27.25,1.74,0.35,0.14,0.47,47.1,False,-0.82,-1.3,0,0,9,176611500.0,"[58, 69, 81, 86]",824,62.2,44.1,0.864,5.0,15.0,0.0695,0.1097,0.804,0.0536,0.0244,0.77,1.17,,0.02
TDUP,weekly,3.0,ANTI,,,40,2025-12-26 00:00,2026-09-25 00:00,2.41,7.03,2.41,2.92,-0.33,-0.79,0.0,31.0,False,-0.26,-2.55,0,0,2,45066230.0,"[9, 27]",248,35.4,65.0,1.441,18.0,12.0,0.254,0.2902,0.5,0.0643,0.1922,0.25,0.78,,0.05
TDW,weekly,3.0,COMP,,,114,2024-07-26 00:00,2026-09-25 00:00,85.57,98.31,34.27,2.87,0.35,-0.68,0.8,55.1,True,-0.35,0.35,0,1,7,244720315.0,"[68, 83, 91, 108]",812,73.8,67.5,1.076,17.0,5.0,0.1901,0.2623,0.579,0.0212,0.1016,0.11,1.14,,0.02
TE,weekly,3.0,ANTI,,,44,2025-11-28 00:00,2026-09-25 00:00,4.45,10.56,4.12,2.56,-0.22,-0.05,0.05,43.5,False,-0.42,-1.54,0,0,3,649476998.0,"[5, 15, 26]",307,63.2,70.0,1.386,11.0,17.0,0.228,0.2598,0.545,0.0402,0.0772,0.18,0.68,,0.0
TECX,weekly,1.5,,,,30,2026-03-06 00:00,2026-09-25 00:00,26.63,37.93,26.63,1.42,0.04,-0.51,0.0,44.3,True,-0.4,0.27,0,1,4,28787997.0,"[0, 12, 17, 24]",402,69.8,62.8,0.992,7.0,5.0,0.0437,0.0948,0.5,0.1281,0.1094,2.93,1.12,,0.0
TECX,daily,1.5,ANTI,,,139,2026-03-04 00:00,2026-09-21 00:00,26.63,37.93,26.63,1.42,0.19,0.07,0.0,34.8,False,-1.21,-1.67,0,1,10,5288605.0,"[83, 95, 111, 118]",1934,67.7,63.1,1.022,7.0,20.0,0.0499,0.089,0.518,0.0326,0.0458,0.65,0.98,,0.03
TEL,weekly,1.5,,,,66,2025-06-27 00:00,2026-09-25 00:00,210.01,244.24,163.95,1.49,0.07,0.01,0.57,50.8,False,-0.05,-0.2,0,0,6,2156662043.0,"[29, 42, 51, 58]",860,52.0,53.7,0.994,7.0,7.0,0.0424,0.0774,0.697,0.0232,0.0184,0.55,0.93,,0.05
TEM,weekly,2.0,COMP,,,47,2025-11-07 00:00,2026-09-25 00:00,78.03,78.03,42.62,1.83,-0.27,-0.56,1.0,62.3,True,0.72,1.1,0,0,4,1406376720.0,"[10, 23, 34, 41]",73,54.9,62.6,1.206,7.0,5.0,0.1462,0.1783,0.511,0.16,0.1171,1.09,1.1,,0.02
TEM,weekly,3.0,COMP,,,116,2024-07-12 00:00,2026-09-25 00:00,78.03,96.39,35.12,2.74,0.17,,0.7,62.3,True,0.72,1.1,0,0,9,1522487756.0,"[79, 92, 103, 110]",4,54.9,62.6,1.206,7.0,5.0,0.1558,0.2386,0.629,0.16,0.1171,1.03,1.02,,0.01
TENB,daily,1.5,,,,60,2026-06-26 00:00,2026-09-21 00:00,36.2,42.65,30.11,1.42,-0.24,-0.03,0.49,53.1,False,-0.03,-0.07,0,0,4,122903048.0,"[5, 33, 45, 55]",1989,58.5,58.3,0.998,10.0,4.0,0.0598,0.0824,0.633,0.018,0.0273,0.3,1.79,,0.02
TEO,weekly,2.0,COMP,,,49,2025-10-24 00:00,2026-09-25 00:00,14.09,15.26,7.65,2.0,0.38,-0.44,0.85,58.5,True,-0.04,0.57,0,1,5,15395546.0,"[14, 25, 31, 40]",877,69.9,57.8,0.952,9.0,8.0,0.062,0.1029,0.776,0.0188,0.0232,0.3,1.06,,0.02
TER,weekly,1.5,,,,27,2026-03-27 00:00,2026-09-25 00:00,381.54,437.75,295.38,1.48,0.2,-0.09,0.61,55.1,False,-0.97,0.14,0,2,3,5882361102.0,"[4, 12, 20]",899,70.5,62.0,0.956,8.0,6.0,0.0337,0.0899,0.704,0.0133,0.0292,0.39,0.72,,0.0
TER,daily,1.5,,,,57,2026-07-01 00:00,2026-09-21 00:00,381.54,442.97,319.29,1.39,0.03,-0.34,0.5,54.9,False,-0.22,-0.49,0,0,4,1012106783.0,"[13, 23, 32, 48]",4399,64.7,54.6,0.866,16.0,8.0,0.0434,0.0726,0.649,0.0525,0.0445,1.21,0.9,,0.02
TFII,weekly,1.5,ANTI,,,26,2026-04-03 00:00,2026-09-25 00:00,125.49,159.88,110.99,1.44,0.01,-0.28,0.3,44.4,False,-1.04,0.02,0,1,2,211866726.0,"[10, 15]",900,78.0,66.4,0.975,5.0,10.0,0.05,0.0809,0.731,0.0421,0.0539,0.84,0.63,,0.0
TFII,daily,1.5,ANTI,,,119,2026-04-01 00:00,2026-09-21 00:00,125.49,162.83,110.41,1.47,0.07,-0.11,0.29,35.9,False,-0.36,-0.52,0,1,9,42078651.0,"[85, 92, 108, 114]",4337,48.6,45.3,0.972,6.0,4.0,0.0464,0.0764,0.739,0.0226,0.0173,0.49,0.68,,0.03
TFIN,weekly,2.0,,,,93,2024-12-20 00:00,2026-09-25 00:00,62.37,91.5,46.95,1.95,0.06,-0.56,0.35,39.3,True,-0.32,0.42,0,0,7,66208900.0,"[44, 57, 70, 82]",528,58.4,67.0,1.193,12.0,10.0,0.1064,0.1558,0.645,0.0705,0.0331,0.66,0.88,,0.02
TFPM,weekly,1.5,,,,30,2026-03-06 00:00,2026-09-25 00:00,32.76,38.58,27.31,1.41,-0.25,-0.34,0.48,52.2,False,0.12,-0.15,0,0,3,92899904.0,"[6, 17, 25]",231,48.8,55.6,1.08,8.0,4.0,0.0533,0.0834,0.667,0.0148,0.0374,0.28,1.03,,0.03
TFPM,daily,1.5,,,,140,2026-03-03 00:00,2026-09-21 00:00,32.76,39.13,26.8,1.46,-0.34,-0.35,0.48,49.7,False,-0.65,0.02,0,1,10,18209489.0,"[97, 109, 121, 128]",1093,73.0,60.9,0.969,7.0,11.0,0.0642,0.0903,0.686,0.0069,0.0193,0.11,0.86,,0.03
TFX,weekly,1.5,,,,83,2025-02-28 00:00,2026-09-25 00:00,124.8,139.67,102.18,1.37,0.13,-0.61,0.6,45.2,True,-0.1,0.29,0,0,7,376421144.0,"[52, 60, 71, 78]",843,58.7,60.7,1.032,7.0,4.0,0.0529,0.0797,0.614,0.0246,0.0213,0.47,1.11,,0.0
TG,daily,1.5,ANTI,,,92,2026-05-11 00:00,2026-09-21 00:00,7.01,9.36,6.72,1.39,-0.23,-0.35,0.11,37.9,False,-0.91,-0.7,0,0,6,1172530.0,"[32, 49, 61, 81]",4364,75.6,48.5,0.873,20.0,10.0,0.0257,0.0505,0.87,0.0131,0.0461,0.51,1.17,,0.04
TGEN,weekly,3.0,ANTI,,,42,2025-12-12 00:00,2026-09-25 00:00,3.31,6.52,2.23,2.92,-0.21,-0.78,0.25,42.4,False,-0.44,-2.07,0,0,2,6237603.0,"[22, 34]",603,61.8,44.8,0.597,12.0,7.0,0.2052,0.2693,0.571,0.0435,0.0633,0.21,0.49,,0.0
TGEN,daily,3.0,,,,126,2026-03-23 00:00,2026-09-21 00:00,3.31,6.9,2.36,2.92,-0.21,-0.76,0.21,52.7,False,0.15,-0.5,0,0,9,1074364.0,"[62, 74, 99, 116]",2926,56.8,44.6,0.771,17.0,9.0,0.2207,0.2827,0.524,0.023,0.023,0.1,0.24,,0.0
TGS,weekly,1.5,ANTI,,,48,2025-10-31 00:00,2026-09-25 00:00,27.89,35.32,27.89,1.27,-0.24,-0.12,0.0,44.5,False,-0.36,-0.49,0,1,6,35215483.0,"[13, 22, 32, 39]",878,58.0,54.2,0.963,7.0,8.0,0.0339,0.053,0.521,0.0085,0.024,0.25,0.9,,0.06
TGTX,daily,1.5,COMP,,,76,2026-06-03 00:00,2026-09-21 00:00,57.16,59.06,40.11,1.47,0.33,-0.07,0.9,60.4,True,0.23,0.37,0,0,6,110896205.0,"[35, 47, 56, 63]",3265,62.9,62.4,1.016,7.0,12.0,0.038,0.0799,0.5,0.0251,0.0183,0.66,0.79,,0.04
TH,daily,1.5,COMP,,,103,2026-04-24 00:00,2026-09-21 00:00,21.28,21.28,14.19,1.5,0.28,-0.11,1.0,68.2,True,0.25,0.6,0,0,7,20214448.0,"[59, 78, 86, 93]",1934,62.6,67.6,1.068,7.0,9.0,0.0634,0.0971,0.699,0.0279,0.0339,0.44,2.0,,0.02
THO,weekly,1.5,ANTI,,,31,2026-02-27 00:00,2026-09-25 00:00,69.94,94.82,67.77,1.4,-0.32,-0.44,0.08,38.4,False,0.34,-0.23,1,0,2,256643636.0,"[7, 25]",895,37.7,47.6,0.994,18.0,5.0,0.0244,0.0599,0.742,0.033,0.0327,1.35,0.77,,0.0
THO,daily,1.5,ANTI,,,143,2026-02-26 00:00,2026-09-21 00:00,69.94,95.72,67.77,1.41,-0.28,-0.43,0.08,38.0,False,-0.92,-0.63,0,3,16,53221646.0,"[114, 120, 132, 137]",4313,48.8,41.8,0.955,5.0,5.0,0.0261,0.0562,0.72,0.0224,0.0294,0.86,1.05,,0.06
THRM,weekly,2.0,,,,104,2024-10-04 00:00,2026-09-25 00:00,36.28,44.0,23.32,1.89,-0.06,-0.69,0.63,48.9,True,0.75,1.34,0,0,7,40528444.0,"[55, 66, 88, 94]",822,62.5,72.2,1.174,6.0,9.0,0.1016,0.1463,0.615,0.0301,0.0795,0.3,1.49,,0.03
TIC,weekly,1.5,,,,26,2026-04-03 00:00,2026-09-25 00:00,9.24,10.06,6.85,1.47,0.36,-0.53,0.74,52.5,True,0.5,0.5,1,0,2,82133009.0,"[5, 18]",58,53.2,59.1,1.015,13.0,7.0,0.1011,0.1109,0.462,0.0246,0.066,0.24,0.9,,0.0
TIGR,weekly,3.0,ANTI,,,105,2024-09-27 00:00,2026-09-25 00:00,4.89,12.71,4.36,2.92,-0.27,-0.19,0.06,41.5,False,0.17,-1.62,0,0,11,153280703.0,"[57, 66, 81, 99]",288,43.1,44.6,0.73,18.0,5.0,0.1948,0.2717,0.638,0.0324,0.0426,0.17,0.35,,0.03
TIGR,daily,1.5,,,,89,2026-05-14 00:00,2026-09-21 00:00,4.89,6.48,4.36,1.49,-0.12,-0.61,0.25,50.0,False,-0.52,-0.19,0,0,6,11666563.0,"[46, 59, 70, 78]",1798,66.6,53.5,0.93,8.0,10.0,0.0271,0.0763,0.292,0.0146,0.0247,0.54,0.81,,0.03
TIMB,weekly,2.0,,,,76,2025-04-18 00:00,2026-09-25 00:00,18.93,27.75,14.37,1.93,0.36,-0.09,0.34,40.8,False,-1.09,-1.86,0,0,6,39265527.0,"[30, 45, 51, 64]",850,70.6,47.9,0.803,13.0,11.0,0.0884,0.1474,0.671,0.0263,0.0561,0.3,1.1,,0.03
TIPT,weekly,1.5,,,,54,2025-09-19 00:00,2026-09-25 00:00,17.47,23.27,15.62,1.49,-0.08,-0.38,0.24,46.1,True,0.37,0.28,0,0,5,18884138.0,"[19, 30, 36, 42]",872,55.3,56.3,1.007,6.0,11.0,0.0248,0.057,0.537,0.018,0.0144,0.73,0.91,,0.02
TITN,weekly,2.0,,,,136,2024-02-23 00:00,2026-09-25 00:00,23.8,26.22,13.19,1.99,0.07,-0.72,0.81,57.6,False,-0.23,0.32,0,0,10,16773091.0,"[78, 92, 104, 119]",790,63.9,63.5,1.136,15.0,16.0,0.1208,0.1741,0.507,0.1085,0.0543,0.9,1.21,,0.02
TKC,weekly,1.5,ANTI,,,130,2024-04-05 00:00,2026-09-25 00:00,5.17,7.35,4.94,1.49,-0.25,-0.02,0.09,38.4,False,-0.77,-1.03,0,0,10,26315163.0,"[88, 97, 106, 115]",796,58.4,49.9,0.923,9.0,14.0,0.0598,0.0911,0.7,0.0176,0.0183,0.29,1.57,,0.02
TKNO,daily,1.5,,,,33,2026-08-05 00:00,2026-09-21 00:00,8.34,8.34,5.61,1.49,0.24,-0.05,1.0,73.1,False,-0.56,0.09,0,1,2,1321934.0,"[5, 14]",1282,79.8,68.9,1.009,9.0,18.0,0.0309,0.0621,0.909,0.035,0.0223,1.13,1.08,,0.0
TLK,weekly,1.5,ANTI,,,72,2025-05-16 00:00,2026-09-25 00:00,13.87,20.72,13.87,1.49,-0.3,-0.37,0.0,36.5,False,0.14,-0.62,0,0,7,54161550.0,"[36, 41, 47, 64]",854,44.3,44.5,0.871,17.0,7.0,0.1015,0.1199,0.347,0.0135,0.0219,0.13,0.76,,0.03
TLN,weekly,1.5,ANTI,,,51,2025-10-10 00:00,2026-09-25 00:00,299.97,436.29,292.3,1.49,-0.38,-0.33,0.05,42.0,False,-0.41,-0.72,0,0,4,1405091965.0,"[12, 19, 30, 36]",123,58.3,62.8,1.129,6.0,14.0,0.0577,0.0915,0.667,0.0496,0.0857,0.86,0.84,,0.0
TLN,weekly,2.0,,,,74,2025-05-02 00:00,2026-09-25 00:00,299.97,438.5,225.16,1.95,0.19,-0.08,0.35,42.0,False,-0.41,-0.72,0,0,6,1407201772.0,"[35, 42, 53, 59]",100,58.3,62.8,1.129,6.0,14.0,0.0808,0.141,0.662,0.0496,0.0857,0.61,0.83,,0.0
TLX,weekly,2.0,,,,61,2025-08-01 00:00,2026-09-25 00:00,11.31,13.05,6.54,2.0,0.18,-0.66,0.73,53.4,True,0.05,0.63,0,1,5,7701560.0,"[17, 39, 48, 54]",37,64.6,60.7,0.996,6.0,6.0,0.0925,0.1558,0.656,0.0118,0.0451,0.13,1.25,,0.02
TM,weekly,1.5,,UP,broad,77,2025-04-11 00:00,2026-09-25 00:00,192.5,244.46,163.5,1.5,0.21,-0.31,0.36,50.2,False,0.38,-0.15,0,0,5,335349574.0,"[19, 28, 44, 53]",849,73.7,53.9,0.889,9.0,23.0,0.0557,0.0946,0.61,0.0149,0.0314,0.27,0.9,,0.0
TMC,weekly,3.0,,,,72,2025-05-16 00:00,2026-09-25 00:00,4.14,9.44,3.56,2.65,-0.32,0.14,0.1,45.2,False,-0.1,-1.33,0,0,7,197472370.0,"[29, 36, 54, 67]",255,52.2,49.3,0.795,13.0,4.0,0.1908,0.2339,0.625,0.074,0.087,0.39,0.58,,0.0
TMC,daily,1.5,,,,66,2026-06-17 00:00,2026-09-21 00:00,4.14,5.13,3.45,1.49,-0.09,-0.63,0.41,49.4,False,-0.63,-0.49,0,0,5,18842101.0,"[17, 22, 35, 49]",1500,61.9,66.5,1.114,14.0,16.0,0.0754,0.1021,0.576,0.0256,0.0673,0.34,0.99,,0.02
TMDX,weekly,3.0,,,,109,2024-08-30 00:00,2026-09-25 00:00,87.29,168.06,57.2,2.94,-0.08,-0.67,0.27,48.9,False,0.49,-0.5,0,0,11,487799914.0,"[78, 85, 94, 103]",278,39.3,53.2,1.203,9.0,5.0,0.2193,0.2742,0.587,0.0203,0.0726,0.09,0.63,,0.0
TMDX,daily,2.0,,,,129,2026-03-18 00:00,2026-09-21 00:00,87.29,116.11,62.04,1.87,-0.38,-0.59,0.47,52.1,False,-0.82,-0.3,0,2,9,79797737.0,"[100, 106, 118, 124]",1728,56.6,53.4,0.979,6.0,4.0,0.1345,0.1818,0.442,0.0102,0.0104,0.08,0.88,,0.02
TME,daily,1.5,,,,130,2026-03-17 00:00,2026-09-21 00:00,8.17,11.07,7.76,1.43,-0.37,-0.66,0.12,46.3,False,-0.52,-0.61,0,0,9,83205465.0,"[92, 100, 107, 124]",1823,49.0,39.3,0.899,17.0,5.0,0.0347,0.0621,0.8,0.0133,0.0201,0.38,0.61,,0.02
TMQ,daily,1.5,,,,74,2026-06-05 00:00,2026-09-21 00:00,3.34,4.05,2.92,1.39,-0.14,-0.58,0.37,47.3,False,-0.79,-0.78,0,0,7,4528642.0,"[30, 45, 53, 65]",3548,63.9,49.0,0.886,12.0,8.0,0.0715,0.0853,0.554,0.0138,0.0153,0.19,0.91,,0.04
TMUS,weekly,2.0,ANTI,,,153,2023-10-27 00:00,2026-09-25 00:00,165.27,262.44,133.11,1.97,0.33,-0.08,0.25,36.1,False,0.08,-0.5,0,0,10,4441153615.0,"[84, 94, 123, 142]",773,56.0,48.6,0.873,19.0,10.0,0.1332,0.1649,0.595,0.0039,0.0268,0.03,0.8,,0.05
TNC,weekly,1.5,ANTI,,,104,2024-10-04 00:00,2026-09-25 00:00,65.83,90.74,60.54,1.5,-0.23,-0.48,0.18,36.2,False,-0.88,-0.74,0,0,8,54722340.0,"[46, 72, 83, 90]",822,63.8,64.1,1.05,7.0,13.0,0.0643,0.0878,0.673,0.0136,0.0635,0.21,1.34,,0.04
TNC,daily,1.5,,,,140,2026-03-03 00:00,2026-09-21 00:00,65.83,90.74,60.96,1.49,0.15,-0.26,0.16,34.5,True,0.33,0.02,1,0,14,14713792.0,"[101, 106, 122, 130]",4316,40.1,52.2,1.048,8.0,9.0,0.0843,0.1162,0.379,0.0084,0.0217,0.1,0.79,,0.02
TNDM,weekly,2.0,,,,52,2025-10-03 00:00,2026-09-25 00:00,17.62,25.3,12.82,1.97,-0.01,-0.75,0.38,46.9,True,0.31,0.38,0,0,4,167763674.0,"[12, 21, 35, 45]",620,50.8,60.3,1.175,10.0,6.0,0.1169,0.1593,0.654,0.0912,0.1254,0.78,1.03,,0.02
TNDM,weekly,3.0,,,,84,2025-02-21 00:00,2026-09-25 00:00,17.62,31.0,10.82,2.87,0.01,-0.79,0.34,46.9,True,0.31,0.38,0,0,5,148689833.0,"[44, 53, 67, 77]",588,50.8,60.3,1.175,10.0,6.0,0.1257,0.1983,0.726,0.0912,0.1254,0.73,1.16,,0.02
TNDM,daily,1.5,ANTI,,,47,2026-07-16 00:00,2026-09-21 00:00,17.62,23.73,16.28,1.46,0.07,-0.42,0.18,39.9,False,-1.68,-1.62,0,0,3,35518054.0,"[2, 18, 32]",3183,75.4,57.9,0.939,14.0,14.0,0.1177,0.1181,0.383,0.021,0.046,0.18,1.06,,0.04
TNDM,daily,2.0,,,,142,2026-02-27 00:00,2026-09-21 00:00,17.62,25.3,12.82,1.97,-0.19,-0.55,0.38,39.9,False,-1.68,-1.62,0,0,8,36100028.0,"[82, 97, 113, 127]",3088,75.4,57.9,0.939,14.0,14.0,0.1222,0.1595,0.606,0.021,0.046,0.17,1.04,,0.02
TNXP,daily,1.5,ANTI,,,84,2026-05-21 00:00,2026-09-21 00:00,10.72,14.1,9.51,1.48,0.09,-0.5,0.26,30.5,False,-1.2,-0.63,0,0,5,5256325.0,"[32, 38, 54, 69]",3538,60.3,68.5,1.12,15.0,14.0,0.0499,0.0834,0.738,0.0193,0.0809,0.39,0.93,,0.07
TOL,weekly,1.5,,,,66,2025-06-27 00:00,2026-09-25 00:00,135.5,165.52,113.23,1.46,0.4,-0.3,0.43,43.5,True,-0.12,0.11,0,0,6,767792554.0,"[33, 42, 52, 58]",860,64.8,56.9,0.947,6.0,7.0,0.0541,0.079,0.758,0.0443,0.025,0.82,0.7,,0.02
TONX,weekly,2.0,COMP,,,30,2026-03-06 00:00,2026-09-25 00:00,3.84,3.98,2.08,1.91,0.33,-0.98,0.93,56.6,True,0.3,0.69,0,0,3,5191472.0,"[1, 12, 19]",589,54.1,49.5,0.819,7.0,10.0,0.0924,0.1645,0.633,0.0523,0.053,0.57,0.86,,0.0
TONX,weekly,3.0,,,,51,2025-10-10 00:00,2026-09-25 00:00,3.84,5.56,1.87,2.97,-0.02,-0.98,0.53,56.6,True,0.3,0.69,0,0,4,5556457.0,"[13, 22, 33, 40]",568,54.1,49.5,0.819,7.0,10.0,0.13,0.2265,0.608,0.0523,0.053,0.4,0.81,,0.0
TONX,daily,2.0,COMP,,,96,2026-05-05 00:00,2026-09-21 00:00,3.84,4.23,2.43,1.74,-0.25,-0.32,0.78,65.3,True,0.39,0.53,0,0,8,1027319.0,"[47, 52, 66, 79]",2877,47.7,60.4,1.121,13.0,16.0,0.0621,0.1103,0.781,0.0293,0.0318,0.47,0.6,,0.02
TOST,weekly,3.0,,,,146,2023-12-15 00:00,2026-09-25 00:00,29.8,48.7,16.84,2.89,0.3,-0.58,0.41,47.6,True,1.01,1.17,0,0,13,1208682841.0,"[106, 116, 124, 140]",116,44.4,67.0,1.259,16.0,5.0,0.1903,0.2418,0.623,0.0443,0.0741,0.23,1.17,,0.0
TPB,weekly,2.0,ANTI,,,30,2026-03-06 00:00,2026-09-25 00:00,61.31,93.22,61.31,1.52,-0.39,-0.55,0.0,32.2,False,-0.01,-0.68,0,0,2,156851771.0,"[9, 23]",512,48.5,49.3,0.936,14.0,6.0,0.0415,0.0875,0.567,0.0968,0.0581,2.33,0.64,,0.0
TPB,weekly,3.0,ANTI,,,100,2024-11-01 00:00,2026-09-25 00:00,61.31,136.56,47.74,2.86,0.39,0.05,0.15,32.2,False,-0.01,-0.68,0,0,8,119081810.0,"[53, 69, 79, 93]",442,48.5,49.3,0.936,14.0,6.0,0.1758,0.2386,0.64,0.0968,0.0581,0.55,0.84,,0.02
TPB,daily,2.0,ANTI,,,141,2026-03-02 00:00,2026-09-21 00:00,61.31,108.17,61.31,1.76,-0.22,-0.57,0.0,19.4,False,-1.49,-1.55,0,0,12,30870979.0,"[89, 111, 118, 123]",2464,58.8,57.3,0.998,5.0,17.0,0.0496,0.084,0.887,0.0236,0.0356,0.48,0.53,,0.03
TPG,weekly,2.0,,,,147,2023-12-08 00:00,2026-09-25 00:00,46.52,65.81,33.75,1.95,0.23,-0.05,0.4,49.5,True,1.11,0.94,0,0,12,386824945.0,"[105, 110, 126, 142]",99,41.9,65.8,1.239,16.0,4.0,0.1497,0.1813,0.483,0.0529,0.0892,0.35,1.69,,0.01
TPL,weekly,2.0,,,,96,2024-11-29 00:00,2026-09-25 00:00,366.8,529.47,278.35,1.9,-0.11,-0.51,0.35,46.4,False,-0.33,-0.69,0,0,6,1653643201.0,"[24, 50, 67, 86]",830,78.4,53.9,0.791,19.0,9.0,0.1378,0.1683,0.615,0.0154,0.0445,0.11,0.39,,0.01
TPL,weekly,3.0,,,,120,2024-06-14 00:00,2026-09-25 00:00,366.8,570.14,238.35,2.39,0.18,-0.16,0.39,46.4,False,-0.33,-0.69,0,0,9,1558079399.0,"[48, 74, 91, 110]",806,78.4,53.9,0.791,19.0,9.0,0.1559,0.199,0.617,0.0154,0.0445,0.1,0.42,,0.02
TPR,weekly,1.5,ANTI,,,44,2025-11-28 00:00,2026-09-25 00:00,113.07,161.75,107.89,1.5,0.04,-0.06,0.1,36.8,False,-0.82,-0.81,0,0,4,1580390297.0,"[12, 20, 28, 36]",882,57.8,65.8,1.101,8.0,7.0,0.0728,0.0922,0.705,0.0453,0.0867,0.62,1.27,,0.0
TPVG,weekly,1.5,,,,113,2024-08-02 00:00,2026-09-25 00:00,4.84,5.97,4.06,1.47,-0.35,-0.44,0.41,50.1,False,0.07,-0.06,0,0,8,9815219.0,"[57, 74, 93, 106]",543,55.8,56.1,0.973,13.0,6.0,0.0769,0.0885,0.628,0.0151,0.0431,0.2,0.53,,0.02
TRAX,daily,1.5,,,,52,2026-07-09 00:00,2026-09-21 00:00,38.99,47.92,32.4,1.48,0.18,0.28,0.42,46.1,False,-0.77,-0.73,0,2,5,24836161.0,"[9, 15, 29, 39]",81,63.3,58.2,0.995,10.0,12.0,0.0814,0.0954,0.558,0.0132,0.0262,0.16,0.89,,0.08
TRAX,daily,2.0,,,,52,2026-07-09 00:00,2026-09-21 00:00,38.99,47.92,32.4,1.48,0.18,0.28,0.42,46.1,False,-0.77,-0.73,0,2,5,24836161.0,"[9, 15, 29, 39]",81,63.3,58.2,0.995,10.0,12.0,0.0814,0.0954,0.558,0.0132,0.0262,0.16,0.89,,0.08
TRDA,weekly,3.0,ANTI,,,90,2025-01-10 00:00,2026-09-25 00:00,6.64,14.65,5.19,2.82,-0.19,-0.76,0.15,41.6,False,-0.75,-3.49,0,0,10,8014157.0,"[61, 66, 76, 84]",167,43.3,46.0,0.978,8.0,5.0,0.241,0.3001,0.4,0.0274,0.0203,0.11,1.28,,0.01
TRDA,daily,1.5,,,,94,2026-05-07 00:00,2026-09-21 00:00,6.64,7.78,5.65,1.38,0.24,-0.65,0.46,43.3,False,-0.54,-0.49,0,1,7,2190794.0,"[59, 66, 71, 84]",1133,61.8,55.8,0.967,13.0,9.0,0.0495,0.0705,0.638,0.011,0.0304,0.22,1.01,,0.01
TRDA,daily,2.0,,,,94,2026-05-07 00:00,2026-09-21 00:00,6.64,7.78,5.65,1.38,0.24,-0.65,0.46,43.3,False,-0.54,-0.49,0,1,7,2190794.0,"[59, 66, 71, 84]",1133,61.8,55.8,0.967,13.0,9.0,0.0495,0.0705,0.638,0.011,0.0304,0.22,1.01,,0.01
TREE,weekly,3.0,ANTI,,,146,2023-12-15 00:00,2026-09-25 00:00,26.96,74.53,25.61,2.91,0.04,-0.81,0.03,34.5,False,-0.39,-2.37,1,0,10,52953767.0,"[92, 109, 123, 135]",780,49.9,53.7,0.958,12.0,10.0,0.1521,0.2353,0.678,0.0698,0.1538,0.46,1.04,,0.01
TREX,weekly,2.0,,,,55,2025-09-12 00:00,2026-09-25 00:00,42.9,60.45,31.05,1.95,0.03,-0.69,0.4,47.0,True,0.32,0.73,0,0,4,374856239.0,"[21, 31, 41, 48]",871,62.6,60.2,0.998,7.0,6.0,0.1047,0.143,0.691,0.043,0.0482,0.41,0.84,,0.02
TRI,weekly,1.5,,,,35,2026-01-30 00:00,2026-09-25 00:00,95.43,108.23,78.07,1.39,0.31,-0.61,0.58,47.6,True,0.92,0.77,0,0,3,870531659.0,"[5, 13, 30]",891,39.4,57.4,1.159,17.0,4.0,0.0582,0.0911,0.514,0.0382,0.0574,0.66,0.87,,0.03
TRIP,weekly,3.0,,,,126,2024-05-03 00:00,2026-09-25 00:00,8.8,25.79,8.8,2.93,-0.37,-0.69,0.0,34.4,True,-0.14,-0.54,1,0,10,184258560.0,"[62, 72, 83, 115]",647,47.4,62.1,0.952,32.0,10.0,0.1155,0.1962,0.722,0.0661,0.1769,0.57,0.9,,0.01
TRMB,weekly,2.0,,,,150,2023-11-17 00:00,2026-09-25 00:00,57.75,85.24,43.33,1.97,0.28,-0.51,0.34,46.0,False,0.47,-0.47,2,0,10,500551415.0,"[107, 120, 126, 145]",776,46.7,51.8,0.881,19.0,4.0,0.124,0.1598,0.633,0.0167,0.0332,0.13,1.52,,0.03
TRN,weekly,1.5,ANTI,,,45,2025-11-21 00:00,2026-09-25 00:00,27.89,37.41,25.07,1.49,0.37,-0.32,0.23,39.4,False,-0.95,-0.8,0,0,4,104925197.0,"[4, 12, 24, 35]",881,65.7,63.1,1.03,11.0,9.0,0.0987,0.1083,0.533,0.0275,0.0493,0.28,0.74,,0.0
TRN,weekly,2.0,,,,152,2023-11-03 00:00,2026-09-25 00:00,27.89,37.41,20.95,1.79,0.37,-0.29,0.42,39.4,False,-0.95,-0.8,0,0,15,81159605.0,"[111, 119, 131, 142]",774,65.7,63.1,1.03,11.0,9.0,0.1119,0.1427,0.586,0.0275,0.0493,0.25,0.96,,0.01
TRNO,weekly,1.5,,,,150,2023-11-17 00:00,2026-09-25 00:00,66.38,75.06,50.31,1.49,0.38,-0.33,0.65,50.6,True,-0.34,0.24,0,0,13,216849905.0,"[106, 116, 126, 139]",718,64.0,71.7,1.13,13.0,10.0,0.0651,0.0835,0.66,0.0154,0.0263,0.24,0.96,,0.04
TRNS,weekly,2.0,COMP,,,90,2025-01-10 00:00,2026-09-25 00:00,88.16,102.6,53.84,1.91,0.01,-0.62,0.7,55.6,True,-0.02,0.59,0,0,8,39723957.0,"[58, 65, 75, 83]",836,66.0,63.8,1.009,8.0,6.0,0.0801,0.139,0.733,0.0251,0.0275,0.31,1.15,,0.02
TROX,weekly,3.0,ANTI,,,44,2025-11-28 00:00,2026-09-25 00:00,4.31,10.19,3.76,2.71,0.04,-0.79,0.09,34.9,False,-1.5,-4.99,0,0,3,104277281.0,"[11, 22, 36]",782,74.1,47.2,0.634,14.0,7.0,0.1761,0.2574,0.614,0.145,0.0682,0.82,0.56,,0.0
TRT,daily,1.5,,,,63,2026-06-23 00:00,2026-09-21 00:00,11.02,13.37,9.1,1.47,-0.15,-0.55,0.45,55.1,False,-0.06,-0.25,0,0,4,2669621.0,"[15, 29, 36, 53]",4127,56.7,52.5,0.927,17.0,9.0,0.0496,0.0757,0.603,0.0221,0.0381,0.45,0.67,,0.02
TRT,daily,2.0,,,,87,2026-05-18 00:00,2026-09-21 00:00,11.02,16.62,9.1,1.83,-0.4,-0.55,0.26,55.1,False,-0.06,-0.25,0,0,7,3763109.0,"[39, 53, 60, 77]",4103,56.7,52.5,0.927,17.0,9.0,0.0683,0.1349,0.425,0.0221,0.0381,0.32,0.47,,0.01
TRT,daily,3.0,,,,111,2026-04-14 00:00,2026-09-21 00:00,11.02,20.05,6.71,2.99,-0.13,-0.1,0.32,55.1,False,-0.06,-0.25,0,0,9,4540786.0,"[63, 77, 84, 101]",4079,56.7,52.5,0.927,17.0,9.0,0.0882,0.1832,0.784,0.0221,0.0381,0.25,0.39,,0.02
TRU,weekly,2.0,,,,150,2023-11-17 00:00,2026-09-25 00:00,71.41,106.64,57.42,1.86,0.0,-0.5,0.28,44.2,True,0.57,0.6,0,0,12,718450154.0,"[112, 119, 126, 145]",438,50.4,61.1,1.098,19.0,4.0,0.0984,0.1339,0.72,0.0432,0.0237,0.44,0.99,,0.01
TRUP,weekly,1.5,,,,33,2026-02-13 00:00,2026-09-25 00:00,25.0,31.1,21.82,1.43,0.05,-0.61,0.34,44.1,True,0.83,0.47,0,0,3,45228165.0,"[9, 20, 27]",604,47.8,59.1,1.156,7.0,5.0,0.0574,0.0906,0.667,0.0861,0.0637,1.5,1.45,,0.0
TRUP,daily,1.5,,,,152,2026-02-12 00:00,2026-09-21 00:00,25.0,32.14,21.46,1.5,0.08,-0.53,0.33,37.6,False,-1.42,-1.15,0,0,11,9925951.0,"[114, 125, 133, 147]",2910,68.1,43.4,0.827,14.0,4.0,0.0551,0.0938,0.678,0.0138,0.0246,0.25,1.07,,0.03
TS,weekly,1.5,,,,36,2026-01-23 00:00,2026-09-25 00:00,55.97,62.92,43.44,1.45,0.35,0.06,0.64,52.8,False,-1.41,-0.43,0,0,4,358186512.0,"[5, 11, 20, 26]",890,73.3,57.3,0.917,6.0,9.0,0.0457,0.0869,0.639,0.0261,0.0254,0.57,0.94,,0.0
TSAT,weekly,2.0,,,,32,2026-02-20 00:00,2026-09-25 00:00,51.4,58.92,30.12,1.96,0.39,-0.15,0.74,57.0,False,-0.95,-0.11,0,1,2,43960590.0,"[8, 24]",894,78.1,65.4,1.137,16.0,7.0,0.1406,0.167,0.562,0.0659,0.108,0.47,0.85,,0.03
TSAT,daily,1.5,,,,34,2026-08-04 00:00,2026-09-21 00:00,51.4,61.4,41.82,1.47,-0.39,-0.29,0.49,59.0,True,0.47,0.32,0,0,2,8450417.0,"[3, 17]",4422,70.4,49.2,0.776,14.0,16.0,0.0762,0.1067,0.471,0.0118,0.0298,0.15,0.73,,0.03
TSAT,daily,2.0,COMP,,,145,2026-02-24 00:00,2026-09-21 00:00,51.4,61.4,30.84,1.99,0.28,-0.13,0.67,59.0,True,0.47,0.32,0,0,13,8489968.0,"[87, 102, 114, 128]",4311,70.4,49.2,0.776,14.0,16.0,0.1179,0.1535,0.683,0.0118,0.0298,0.1,0.72,,0.01
TSCO,daily,1.5,,,,106,2026-04-21 00:00,2026-09-21 00:00,32.33,38.98,28.94,1.35,0.22,-0.47,0.34,39.2,False,-1.09,-0.34,0,2,8,339758784.0,"[66, 78, 86, 96]",4350,66.3,59.8,0.982,10.0,9.0,0.0476,0.0727,0.453,0.0109,0.0221,0.23,0.82,,0.04
TSEM,weekly,1.5,,,,26,2026-04-03 00:00,2026-09-25 00:00,233.82,286.74,197.8,1.45,0.03,0.15,0.4,54.2,False,-1.37,0.05,0,0,3,2266104413.0,"[2, 7, 19]",900,80.7,61.9,0.937,12.0,6.0,0.0611,0.1062,0.5,0.05,0.0477,0.82,0.65,,0.0
TSEM,weekly,2.0,,,,28,2026-03-20 00:00,2026-09-25 00:00,233.82,286.74,163.63,1.75,0.22,0.18,0.57,54.2,False,-1.37,0.05,0,0,3,2332705867.0,"[4, 9, 21]",898,80.7,61.9,0.937,12.0,6.0,0.0615,0.1281,0.75,0.05,0.0477,0.81,0.63,,0.0
TSEM,daily,2.0,DIVUP,UP,strict,128,2026-03-19 00:00,2026-09-21 00:00,233.82,316.85,158.58,2.0,0.14,0.07,0.48,56.8,False,-0.06,-0.52,1,0,12,430702424.0,"[86, 102, 110, 117]",4328,45.3,49.2,1.005,7.0,10.0,0.0943,0.135,0.797,0.0554,0.0392,0.59,0.72,,0.02
TSHA,daily,1.5,ANTI,,,111,2026-04-14 00:00,2026-09-21 00:00,5.04,6.98,4.71,1.48,-0.3,-0.2,0.15,33.9,False,-0.94,-1.13,0,1,7,14078536.0,"[49, 59, 82, 88]",1393,61.0,55.6,0.963,6.0,22.0,0.0704,0.0869,0.667,0.0059,0.0271,0.08,1.53,,0.01
TSLA,weekly,2.0,,,,77,2025-04-11 00:00,2026-09-25 00:00,375.3,481.2,241.37,1.99,0.27,-0.45,0.56,50.3,False,-0.13,-0.55,0,0,7,122862506384.0,"[29, 36, 59, 65]",771,57.8,51.4,0.936,6.0,11.0,0.1188,0.1421,0.649,0.0233,0.0496,0.2,0.45,,0.0
TSLX,weekly,1.5,DIVUP,UP,strict,152,2023-11-03 00:00,2026-09-25 00:00,18.04,22.04,15.15,1.45,0.35,0.01,0.42,53.1,True,0.5,0.14,1,0,14,41446483.0,"[110, 115, 130, 144]",502,51.1,58.1,0.997,14.0,7.0,0.06,0.0967,0.559,0.011,0.0256,0.18,0.96,,0.03
TSM,daily,1.5,COMP,,,120,2026-03-31 00:00,2026-09-21 00:00,445.14,476.28,336.42,1.42,0.38,-0.13,0.78,61.9,True,0.23,0.14,1,0,10,4932481664.0,"[76, 93, 103, 110]",4336,55.2,61.7,1.027,7.0,9.0,0.0349,0.0642,0.817,0.0198,0.0235,0.57,0.91,,0.02
TSN,weekly,1.5,ANTI,,,147,2023-12-08 00:00,2026-09-25 00:00,52.02,67.18,46.78,1.44,0.34,-0.44,0.26,35.9,False,-1.06,-0.95,0,0,12,736847351.0,"[112, 126, 134, 141]",779,47.1,47.2,0.993,7.0,5.0,0.0471,0.0748,0.707,0.041,0.0123,0.87,1.24,,0.03
TSSI,daily,1.5,,,,26,2026-08-14 00:00,2026-09-21 00:00,8.77,9.68,7.82,1.24,-0.37,-0.54,0.51,48.7,False,0.37,-0.31,0,0,1,6322352.0,[19],4430,,,,,,0.0348,0.0554,0.654,0.0246,0.0249,0.71,0.92,,0.0
TTAM,weekly,1.5,ANTI,,,64,2025-07-11 00:00,2026-09-25 00:00,13.81,19.32,13.32,1.45,0.21,-0.19,0.08,39.1,False,-0.37,-0.46,0,0,4,19917131.0,"[6, 32, 42, 50]",22,53.2,64.4,1.153,8.0,13.0,0.0572,0.0855,0.672,0.0467,0.0568,0.82,0.85,,0.02
TTEK,weekly,1.5,COMP,,,33,2026-02-13 00:00,2026-09-25 00:00,35.96,37.0,26.13,1.42,0.28,-0.46,0.9,60.3,True,1.22,0.92,0,0,2,447854839.0,"[11, 27]",893,43.9,66.3,1.174,16.0,5.0,0.101,0.1029,0.455,0.0087,0.024,0.09,0.96,,0.0
TTEK,daily,1.5,,,,152,2026-02-12 00:00,2026-09-21 00:00,35.96,37.0,26.13,1.42,0.24,-0.38,0.9,52.6,False,-0.65,-0.04,0,1,14,88130411.0,"[114, 126, 131, 147]",4304,69.4,62.2,0.992,16.0,4.0,0.0957,0.0984,0.474,0.0103,0.0089,0.11,0.81,,0.07
TTGT,daily,1.5,,,,87,2026-05-18 00:00,2026-09-21 00:00,3.84,4.95,3.4,1.46,-0.28,-0.47,0.28,47.0,True,0.12,0.05,0,1,8,1309800.0,"[49, 70, 76, 82]",4369,56.4,50.1,0.963,6.0,4.0,0.0364,0.0912,0.563,0.0039,0.0078,0.11,0.7,,0.1
TTI,weekly,2.0,ANTI,,,50,2025-10-17 00:00,2026-09-25 00:00,6.09,11.67,6.08,1.92,-0.14,-0.02,0.0,33.6,False,-1.01,-2.16,0,0,4,79363753.0,"[1, 13, 30, 36]",876,63.4,61.7,1.033,6.0,13.0,0.1192,0.1628,0.62,0.0802,0.1156,0.67,0.8,,0.0
TTI,weekly,3.0,ANTI,,,60,2025-08-08 00:00,2026-09-25 00:00,6.09,11.67,3.92,2.98,0.36,-0.39,0.28,33.6,False,-1.01,-2.16,0,0,4,70947537.0,"[11, 23, 40, 46]",866,63.4,61.7,1.033,6.0,13.0,0.1556,0.2453,0.6,0.0802,0.1156,0.52,0.9,,0.02
TTMI,weekly,3.0,,,,38,2026-01-09 00:00,2026-09-25 00:00,124.02,216.44,73.88,2.93,0.36,0.0,0.35,47.8,False,-1.61,-0.97,0,0,3,1458922418.0,"[1, 19, 31]",888,85.3,51.3,0.737,12.0,6.0,0.2117,0.2641,0.553,0.0521,0.067,0.25,0.91,,0.0
TTWO,weekly,1.5,,,,99,2024-11-08 00:00,2026-09-25 00:00,209.92,261.35,177.62,1.47,0.39,0.06,0.39,42.1,True,0.06,0.31,0,1,10,1953954988.0,"[69, 79, 86, 92]",827,62.5,57.6,0.968,6.0,6.0,0.0711,0.1001,0.586,0.0659,0.0415,0.93,1.51,,0.04
TWFG,weekly,2.0,,,,64,2025-07-11 00:00,2026-09-25 00:00,25.72,32.98,17.52,1.88,-0.31,-0.51,0.53,52.0,True,1.3,1.93,0,0,4,17777431.0,"[12, 24, 41, 56]",51,40.7,71.1,1.468,15.0,7.0,0.0993,0.1663,0.625,0.0408,0.0292,0.41,1.17,,0.02
TWI,weekly,1.5,,,,31,2026-02-27 00:00,2026-09-25 00:00,7.36,9.73,6.8,1.43,-0.29,-0.46,0.19,47.9,False,0.03,-0.39,0,0,2,21018839.0,"[6, 21]",895,49.4,51.1,0.959,15.0,9.0,0.0462,0.0807,0.419,0.0251,0.0194,0.54,0.92,,0.0
TWI,weekly,2.0,,,,135,2024-03-01 00:00,2026-09-25 00:00,7.36,12.69,6.54,1.94,-0.26,-0.65,0.13,47.9,False,0.03,-0.39,0,0,8,21640489.0,"[70, 101, 110, 125]",791,49.4,51.1,0.959,15.0,9.0,0.0873,0.1689,0.415,0.0251,0.0194,0.29,0.89,,0.0
TWI,daily,1.5,DIVUP,UP,strict,141,2026-03-02 00:00,2026-09-21 00:00,7.36,9.6,6.42,1.5,-0.26,-0.44,0.3,51.7,True,0.48,0.36,3,0,9,4233306.0,"[72, 81, 102, 130]",4315,63.7,70.1,1.011,28.0,10.0,0.0414,0.0714,0.702,0.0098,0.0353,0.24,0.73,,0.01
TXN,daily,1.5,DIVUP,UP,strict,109,2026-04-16 00:00,2026-09-21 00:00,270.87,330.59,220.84,1.5,-0.17,-0.02,0.46,54.6,False,0.28,-0.13,1,0,11,2105677318.0,"[78, 84, 92, 102]",4347,43.4,51.8,1.008,10.0,6.0,0.0569,0.0742,0.78,0.0148,0.0105,0.26,0.76,,0.06
TXRH,weekly,1.5,,,,137,2024-02-16 00:00,2026-09-25 00:00,165.54,207.2,141.55,1.46,0.39,0.1,0.37,39.0,True,0.34,0.74,0,0,9,761717831.0,"[87, 100, 123, 129]",789,63.7,65.9,1.058,6.0,7.0,0.0501,0.0824,0.766,0.0647,0.0525,1.29,0.91,,0.03
TYL,weekly,1.5,,,,35,2026-01-30 00:00,2026-09-25 00:00,332.46,377.94,278.91,1.36,-0.14,-0.57,0.54,47.5,True,0.92,0.21,0,0,3,1110011851.0,"[5, 11, 30]",891,36.7,59.6,1.103,19.0,4.0,0.0504,0.0713,0.743,0.0328,0.0493,0.65,1.07,,0.03
TYRA,weekly,2.0,,,,45,2025-11-21 00:00,2026-09-25 00:00,25.65,39.61,21.12,1.88,0.04,-0.23,0.24,45.4,False,-1.11,-1.96,0,0,3,112225710.0,"[7, 17, 33]",218,81.2,54.3,0.882,16.0,11.0,0.13,0.1584,0.578,0.0224,0.0807,0.17,0.76,,0.0
UA,weekly,2.0,ANTI,,,94,2024-12-13 00:00,2026-09-25 00:00,4.68,8.0,4.09,1.96,-0.27,-0.63,0.15,38.4,False,-0.38,-0.66,0,0,7,90845946.0,"[42, 60, 70, 83]",455,54.9,63.4,1.156,13.0,10.0,0.1225,0.1663,0.596,0.0376,0.1086,0.31,0.63,,0.03
UAA,weekly,2.0,ANTI,,,92,2024-12-27 00:00,2026-09-25 00:00,4.77,8.42,4.28,1.97,-0.32,-0.66,0.12,38.0,False,-0.38,-0.69,0,0,6,290128851.0,"[40, 60, 68, 81]",834,54.6,62.9,1.145,13.0,10.0,0.1364,0.1759,0.576,0.0376,0.115,0.28,0.69,,0.0
UAL,daily,1.5,,,,85,2026-05-20 00:00,2026-09-21 00:00,114.39,136.11,98.02,1.39,-0.03,-0.17,0.43,53.9,False,0.03,-0.42,0,0,6,500094000.0,"[25, 52, 66, 78]",4371,45.0,43.6,0.935,12.0,6.0,0.067,0.0811,0.659,0.0134,0.0114,0.2,0.86,,0.0
UAMY,weekly,3.0,ANTI,,,59,2025-08-15 00:00,2026-09-25 00:00,4.91,12.21,4.27,2.86,-0.09,0.1,0.08,41.9,False,-0.76,-4.94,0,0,5,321617926.0,"[23, 29, 37, 51]",867,63.6,47.7,0.564,14.0,7.0,0.2046,0.2847,0.508,0.0623,0.0596,0.3,0.53,,0.0
UAN,daily,1.5,,,,145,2026-02-24 00:00,2026-09-21 00:00,129.1,136.21,91.43,1.49,0.31,-0.16,0.84,50.0,True,0.04,0.42,0,0,13,6598206.0,"[119, 124, 132, 138]",3740,75.6,72.9,1.015,6.0,6.0,0.0508,0.0773,0.766,0.012,0.0107,0.24,0.56,,0.06
UBER,weekly,2.0,,,,151,2023-11-10 00:00,2026-09-25 00:00,70.84,98.51,51.58,1.91,0.3,0.07,0.41,44.3,True,0.32,0.02,2,0,13,6745175674.0,"[113, 127, 137, 146]",235,50.6,55.6,1.034,9.0,4.0,0.0737,0.1328,0.742,0.0454,0.0371,0.62,0.97,,0.01
UCTT,weekly,2.0,,,,26,2026-04-03 00:00,2026-09-25 00:00,73.05,121.28,63.16,1.92,-0.07,0.04,0.17,46.4,False,-1.64,-0.23,0,0,2,447337195.0,"[3, 11]",900,83.1,82.4,1.461,8.0,14.0,0.1065,0.1718,0.538,0.0394,0.1133,0.37,0.65,,0.0
UCTT,daily,3.0,,,,156,2026-02-06 00:00,2026-09-21 00:00,73.05,142.59,48.29,2.95,0.31,0.02,0.26,49.0,False,0.07,-0.66,0,0,14,86514780.0,"[105, 112, 129, 146]",4300,51.4,47.8,0.814,17.0,9.0,0.1564,0.2316,0.622,0.0381,0.0573,0.24,0.49,,0.03
UDR,weekly,1.5,,,,152,2023-11-03 00:00,2026-09-25 00:00,33.89,43.11,29.0,1.49,0.16,-0.41,0.35,36.2,True,-0.28,0.11,0,0,11,497294151.0,"[89, 95, 119, 139]",774,57.8,65.2,1.092,20.0,12.0,0.0627,0.0826,0.717,0.0348,0.0434,0.56,1.08,,0.05
UEC,weekly,3.0,ANTI,,,69,2025-06-06 00:00,2026-09-25 00:00,10.08,18.62,6.25,2.98,0.21,-0.27,0.31,42.2,False,-0.38,-1.76,0,0,5,622684140.0,"[26, 33, 48, 63]",857,55.6,53.0,0.842,15.0,5.0,0.1255,0.2282,0.783,0.0863,0.0693,0.69,0.75,,0.0
UEC,daily,1.5,ANTI,,,37,2026-07-30 00:00,2026-09-21 00:00,10.08,13.62,9.6,1.42,0.01,-0.42,0.12,38.9,False,-1.2,-0.83,0,0,3,91432328.0,"[8, 20, 27]",4419,70.7,52.8,0.873,7.0,9.0,0.0607,0.0893,0.595,0.0089,0.0545,0.15,0.97,,0.0
UFPT,weekly,2.0,,,,137,2024-02-16 00:00,2026-09-25 00:00,281.69,358.42,186.83,1.92,-0.2,-0.04,0.55,57.0,True,0.81,1.58,0,0,12,120036281.0,"[103, 116, 124, 130]",789,66.0,70.4,1.181,6.0,6.0,0.1156,0.1651,0.518,0.0531,0.0832,0.46,1.5,,0.01
UHS,weekly,1.5,,,,31,2026-02-27 00:00,2026-09-25 00:00,174.74,205.37,141.0,1.46,-0.31,-0.42,0.52,52.2,True,0.82,0.08,1,0,2,650793474.0,"[7, 25]",895,40.9,53.8,0.973,18.0,5.0,0.0688,0.0914,0.645,0.015,0.0295,0.22,0.8,,0.0
UHS,daily,1.5,,,,143,2026-02-26 00:00,2026-09-21 00:00,174.74,205.89,141.0,1.46,-0.36,-0.42,0.52,53.0,True,-0.22,0.1,0,1,9,133816267.0,"[105, 112, 125, 134]",4313,67.0,60.2,0.985,9.0,8.0,0.0647,0.0935,0.643,0.0102,0.0121,0.16,1.13,,0.01
UI,weekly,3.0,,,,73,2025-05-09 00:00,2026-09-25 00:00,586.17,1081.3,367.98,2.94,0.31,-0.14,0.31,46.7,False,-1.23,-2.73,0,0,6,324857530.0,"[25, 42, 49, 68]",708,84.8,47.3,0.553,19.0,4.0,0.0933,0.253,0.63,0.0191,0.0275,0.2,1.39,,0.0
UI,daily,1.5,,,,92,2026-05-11 00:00,2026-09-21 00:00,586.17,736.43,520.58,1.41,-0.17,-0.52,0.3,54.1,False,-0.35,-0.05,0,0,4,70540432.0,"[27, 43, 69, 76]",3662,62.8,61.1,1.015,7.0,15.0,0.035,0.0625,0.402,0.0293,0.0281,0.84,1.06,,0.01
ULCC,weekly,3.0,,,,111,2024-08-16 00:00,2026-09-25 00:00,6.12,9.34,3.17,2.95,-0.03,-0.77,0.48,52.3,True,0.12,1.49,0,0,8,84050038.0,"[69, 77, 97, 103]",176,69.7,61.3,0.94,6.0,7.0,0.204,0.2811,0.486,0.0252,0.0507,0.12,0.86,,0.01
ULCC,daily,1.5,DIVUP,UP,strict,81,2026-05-27 00:00,2026-09-21 00:00,6.12,8.06,5.5,1.47,-0.3,-0.16,0.24,54.1,False,0.17,-0.32,1,0,6,21093966.0,"[20, 47, 62, 70]",1293,41.8,45.6,0.998,8.0,10.0,0.0757,0.1155,0.37,0.0133,0.0158,0.18,0.64,,0.01
ULCC,daily,2.0,,,,97,2026-05-04 00:00,2026-09-21 00:00,6.12,8.06,4.09,1.97,0.21,-0.37,0.51,54.1,False,0.17,-0.32,1,0,7,21559999.0,"[36, 63, 78, 86]",1277,41.8,45.6,0.998,8.0,10.0,0.0868,0.1499,0.67,0.0133,0.0158,0.15,0.62,,0.02
ULTA,weekly,1.5,,,,30,2026-03-06 00:00,2026-09-25 00:00,557.86,646.34,456.13,1.42,-0.11,-0.34,0.53,55.2,True,0.56,0.1,1,0,2,1628440992.0,"[7, 22]",896,47.1,57.6,1.012,15.0,7.0,0.0506,0.0764,0.667,0.0382,0.0733,0.75,0.97,,0.0
ULTA,daily,1.5,DIVUP,UP,strict,140,2026-03-03 00:00,2026-09-21 00:00,557.86,668.95,450.75,1.48,-0.21,-0.36,0.49,58.2,True,0.1,0.26,1,0,11,341750762.0,"[96, 109, 122, 129]",4316,59.6,63.2,1.039,7.0,10.0,0.0447,0.0861,0.593,0.007,0.0091,0.16,0.88,,0.03
UMAC,daily,2.0,,,,45,2026-07-20 00:00,2026-09-21 00:00,24.25,34.06,17.26,1.97,0.18,-0.48,0.42,50.7,False,-0.56,-1.15,0,0,4,66895877.0,"[3, 11, 19, 35]",607,72.2,53.2,0.763,16.0,9.0,0.0875,0.1371,0.733,0.0188,0.0255,0.21,0.9,,0.0
UMC,daily,1.5,COMP,,,57,2026-07-01 00:00,2026-09-21 00:00,25.43,25.43,17.11,1.49,-0.18,-0.38,1.0,72.3,True,1.17,0.98,0,0,3,278864824.0,"[23, 32, 48]",4399,46.9,66.8,1.162,16.0,8.0,0.0744,0.1112,0.474,0.0368,0.0258,0.49,0.95,,0.0
UMC,daily,2.0,COMP,,,96,2026-05-05 00:00,2026-09-21 00:00,25.43,27.53,13.77,2.0,0.17,0.07,0.85,72.3,True,1.17,0.98,0,0,5,318577216.0,"[32, 62, 71, 87]",4360,46.9,66.8,1.162,16.0,8.0,0.0908,0.1476,0.708,0.0368,0.0258,0.41,0.83,,0.0
UMH,weekly,1.5,,,,149,2023-11-24 00:00,2026-09-25 00:00,15.77,18.33,12.25,1.5,0.16,-0.43,0.58,54.2,True,0.27,0.3,0,0,12,34882210.0,"[112, 117, 128, 143]",777,56.1,64.6,1.074,15.0,5.0,0.0691,0.0905,0.644,0.0166,0.0226,0.24,1.71,,0.01
UNCY,weekly,2.0,ANTI,,,52,2025-10-03 00:00,2026-09-25 00:00,4.77,8.26,4.44,1.86,0.08,-0.75,0.09,37.5,False,-1.09,-2.62,0,0,5,18143396.0,"[16, 21, 32, 46]",220,66.2,44.3,0.682,14.0,5.0,0.1237,0.1599,0.615,0.0422,0.037,0.34,1.06,,0.02
UNCY,weekly,3.0,ANTI,,,122,2024-05-31 00:00,2026-09-25 00:00,4.77,8.8,3.09,2.85,0.19,-0.88,0.29,37.5,False,-1.09,-2.62,0,0,10,7390487.0,"[86, 91, 102, 116]",150,66.2,44.3,0.682,14.0,5.0,0.1703,0.2138,0.73,0.0422,0.037,0.25,2.61,,0.01
UNCY,daily,1.5,ANTI,,,58,2026-06-30 00:00,2026-09-21 00:00,4.77,5.73,4.69,1.22,-0.21,-0.45,0.08,38.7,False,-0.58,-0.7,0,0,4,4282858.0,"[14, 25, 34, 50]",1247,54.2,49.7,0.943,16.0,7.0,0.0367,0.0497,0.707,0.0104,0.0352,0.28,1.13,,0.02
UNFI,weekly,1.5,,,,29,2026-03-13 00:00,2026-09-25 00:00,46.23,55.52,38.77,1.43,0.05,-0.08,0.45,49.9,False,-0.94,-0.3,0,1,2,139877432.0,"[8, 20]",897,71.5,58.4,0.972,12.0,8.0,0.0452,0.0701,0.793,0.0241,0.0317,0.53,0.86,,0.0
UNFI,daily,1.5,,,,136,2026-03-09 00:00,2026-09-21 00:00,46.23,55.52,37.68,1.47,0.14,-0.12,0.48,50.7,False,0.04,-0.24,0,0,12,26825224.0,"[89, 97, 109, 116]",4320,50.1,51.7,0.999,7.0,19.0,0.0451,0.0709,0.765,0.0163,0.0156,0.36,1.01,,0.05
UPBD,weekly,1.5,,,,53,2025-09-26 00:00,2026-09-25 00:00,16.89,22.54,15.9,1.42,0.06,-0.51,0.15,40.6,True,-0.02,0.15,0,0,4,74104302.0,"[10, 21, 29, 42]",873,52.3,61.6,1.137,13.0,10.0,0.0592,0.0864,0.585,0.0347,0.0304,0.59,0.98,,0.0
UPS,weekly,1.5,,,,87,2025-01-31 00:00,2026-09-25 00:00,94.75,115.87,77.76,1.49,0.36,-0.52,0.45,39.9,True,-0.27,0.08,0,0,6,2839930306.0,"[54, 65, 76, 82]",839,66.5,52.4,0.909,6.0,4.0,0.07,0.1009,0.69,0.0126,0.0251,0.18,0.75,,0.02
UPST,weekly,1.5,ANTI,,,33,2026-02-13 00:00,2026-09-25 00:00,25.58,34.78,24.77,1.4,-0.02,-0.71,0.08,39.1,False,0.1,-0.57,1,0,2,642591759.0,"[9, 20]",269,45.4,50.2,1.006,11.0,12.0,0.0703,0.099,0.455,0.0768,0.0691,1.09,0.83,,0.0
UPST,daily,1.5,ANTI,,,153,2026-02-11 00:00,2026-09-21 00:00,25.58,35.74,24.22,1.48,0.01,-0.64,0.12,39.9,False,-0.76,-0.99,0,0,9,131388345.0,"[74, 85, 96, 122]",1293,,,,,,0.0685,0.0902,0.68,0.0145,0.0231,0.21,0.75,,0.01
URBN,weekly,1.5,,,,72,2025-05-16 00:00,2026-09-25 00:00,74.21,81.84,61.21,1.34,0.19,0.05,0.63,50.5,True,0.15,0.45,0,0,7,535773550.0,"[30, 48, 56, 67]",854,58.8,60.3,1.053,11.0,4.0,0.0487,0.07,0.681,0.0354,0.0474,0.73,0.75,,0.03
UROY,weekly,2.0,COMP,,,63,2025-07-18 00:00,2026-09-25 00:00,4.24,4.86,2.51,1.94,0.17,-0.31,0.74,58.2,True,0.65,0.71,0,0,6,46806366.0,"[15, 20, 28, 42]",287,64.6,54.4,0.866,14.0,20.0,0.1183,0.1596,0.619,0.0244,0.0699,0.21,1.05,,0.03
USAR,weekly,2.0,,,,39,2026-01-02 00:00,2026-09-25 00:00,16.78,28.01,14.15,1.98,-0.11,-0.57,0.19,46.0,False,-0.58,-1.58,0,0,4,1205680159.0,"[3, 10, 18, 32]",128,64.3,50.9,0.742,14.0,6.0,0.1483,0.1892,0.462,0.084,0.0977,0.57,0.88,,0.0
USAR,weekly,3.0,,,,63,2025-07-18 00:00,2026-09-25 00:00,16.78,32.61,12.02,2.71,0.13,-0.35,0.23,46.0,False,-0.58,-1.58,0,0,7,1020344037.0,"[27, 34, 42, 56]",104,64.3,50.9,0.742,14.0,6.0,0.1406,0.2359,0.54,0.084,0.0977,0.6,1.04,,0.0
USAR,daily,1.5,,,,37,2026-07-30 00:00,2026-09-21 00:00,16.78,20.0,14.65,1.37,-0.28,-0.52,0.4,48.9,False,-0.73,-0.96,0,0,2,229760522.0,"[6, 11]",762,59.0,60.8,1.035,5.0,25.0,0.0708,0.0838,0.514,0.0135,0.0461,0.19,1.0,,0.0
USAS,weekly,3.0,,,,53,2025-09-26 00:00,2026-09-25 00:00,5.02,9.79,3.52,2.78,0.03,0.17,0.24,48.1,False,-0.11,-1.02,0,0,6,111428187.0,"[17, 22, 32, 48]",873,54.1,51.6,0.821,16.0,4.0,0.153,0.2507,0.566,0.0326,0.0677,0.21,0.99,,0.0
USAS,daily,1.5,,,,35,2026-08-03 00:00,2026-09-21 00:00,5.02,5.74,4.09,1.4,0.16,-0.57,0.56,49.2,False,-0.78,-0.35,0,0,2,23073655.0,"[7, 18]",4432,63.6,66.5,1.106,11.0,16.0,0.0407,0.0674,0.6,0.0199,0.0472,0.49,0.79,,0.03
USAS,daily,2.0,,,,90,2026-05-13 00:00,2026-09-21 00:00,5.02,7.25,3.66,1.98,-0.23,-0.64,0.38,49.2,False,-0.78,-0.35,0,0,6,21242250.0,"[34, 47, 62, 73]",4377,63.6,66.5,1.106,11.0,16.0,0.096,0.1465,0.733,0.0199,0.0472,0.21,0.85,,0.02
USAU,weekly,1.5,,,,30,2026-03-06 00:00,2026-09-25 00:00,15.59,17.68,12.98,1.36,-0.2,-0.43,0.56,50.1,False,0.03,-0.26,0,0,3,16825784.0,"[6, 17, 24]",896,51.1,52.5,0.993,7.0,5.0,0.0407,0.0722,0.733,0.024,0.0363,0.59,0.85,,0.0
USAU,weekly,2.0,,,,60,2025-08-08 00:00,2026-09-25 00:00,15.59,22.6,11.34,1.99,-0.03,-0.2,0.38,50.1,False,0.03,-0.26,0,0,6,18873597.0,"[29, 36, 47, 54]",866,51.1,52.5,0.993,7.0,5.0,0.0662,0.1384,0.8,0.024,0.0363,0.36,0.76,,0.0
USAU,daily,1.5,,,,140,2026-03-03 00:00,2026-09-21 00:00,15.59,18.84,12.65,1.49,-0.24,-0.44,0.47,52.2,False,-0.52,-0.1,0,1,11,3462000.0,"[91, 109, 118, 128]",4290,66.2,59.4,0.993,10.0,11.0,0.045,0.0761,0.771,0.0089,0.0221,0.2,0.78,,0.04
USLM,weekly,1.5,,,,74,2025-05-02 00:00,2026-09-25 00:00,114.55,139.31,94.9,1.47,0.16,-0.38,0.44,49.6,False,-0.09,-0.36,0,0,7,67392315.0,"[37, 50, 59, 66]",852,47.8,54.5,1.057,7.0,7.0,0.0779,0.0934,0.608,0.0156,0.0376,0.2,1.11,,0.04
USLM,weekly,2.0,,,,111,2024-08-16 00:00,2026-09-25 00:00,114.55,152.41,76.32,2.0,0.19,-0.09,0.5,49.6,False,-0.09,-0.36,0,0,8,61102982.0,"[74, 87, 96, 103]",815,47.8,54.5,1.057,7.0,7.0,0.0897,0.1436,0.73,0.0156,0.0376,0.17,1.22,,0.03
USNA,daily,1.5,,,,33,2026-08-05 00:00,2026-09-21 00:00,14.49,15.47,12.86,1.2,0.35,-0.45,0.62,43.6,True,0.92,0.52,0,0,1,3364504.0,[27],4423,,,,,,0.0442,0.0491,0.545,0.0179,0.0196,0.4,0.85,,0.0
USPH,weekly,1.5,COMP,,,48,2025-10-31 00:00,2026-09-25 00:00,82.45,85.29,58.51,1.46,-0.12,-0.45,0.89,62.9,True,1.15,0.72,0,0,3,69107068.0,"[15, 24, 41]",878,45.8,62.1,1.069,17.0,6.0,0.0512,0.0912,0.438,0.0131,0.0271,0.26,0.88,,0.02
UTI,weekly,3.0,ANTI,,,102,2024-10-18 00:00,2026-09-25 00:00,20.72,48.45,16.25,2.98,0.31,-0.16,0.14,34.7,False,-1.32,-3.48,0,0,7,105103270.0,"[53, 71, 78, 90]",824,64.4,68.2,1.267,12.0,11.0,0.1223,0.2139,0.833,0.0376,0.1761,0.31,1.89,,0.01
UUUU,weekly,3.0,ANTI,,,63,2025-07-18 00:00,2026-09-25 00:00,12.3,25.5,8.85,2.88,0.08,0.05,0.21,40.2,False,-0.67,-2.7,0,0,5,834334553.0,"[14, 27, 41, 57]",862,60.9,48.0,0.699,16.0,5.0,0.1839,0.243,0.635,0.057,0.0943,0.31,0.58,,0.03
UUUU,daily,1.5,ANTI,,,63,2026-06-23 00:00,2026-09-21 00:00,12.3,15.97,10.74,1.49,0.04,-0.61,0.3,40.1,False,-1.14,-1.09,0,0,5,87191739.0,"[19, 37, 44, 53]",4281,62.5,52.5,0.915,9.0,9.0,0.0733,0.0998,0.571,0.0284,0.0942,0.39,1.08,,0.0
UVV,weekly,1.5,ANTI,,,119,2024-06-21 00:00,2026-09-25 00:00,43.31,60.56,41.51,1.46,0.24,-0.27,0.09,31.4,False,-0.83,-0.79,0,0,10,48584447.0,"[72, 85, 100, 109]",807,56.8,55.4,1.002,9.0,9.0,0.0429,0.0678,0.782,0.013,0.0531,0.3,1.48,,0.02
VAL,weekly,2.0,,,,37,2026-01-16 00:00,2026-09-25 00:00,81.79,105.43,53.99,1.95,0.07,-0.32,0.54,48.9,False,-0.77,-0.86,0,0,2,416247768.0,"[4, 31]",245,82.2,55.5,0.915,27.0,5.0,0.0951,0.1486,0.568,0.0215,0.0468,0.23,1.19,,0.03
VAL,daily,1.5,,,,84,2026-05-21 00:00,2026-09-21 00:00,81.79,101.48,72.46,1.4,-0.12,-0.36,0.32,45.0,False,-0.73,-0.17,0,1,7,81781378.0,"[55, 62, 71, 79]",1269,68.8,55.9,0.954,8.0,4.0,0.0626,0.0789,0.56,0.019,0.021,0.3,1.27,,0.04
VALE,weekly,1.5,,,,44,2025-11-28 00:00,2026-09-25 00:00,14.15,17.29,11.63,1.49,0.2,-0.07,0.45,46.3,False,-0.8,-0.65,0,1,3,1949913068.0,"[8, 13, 20]",882,91.2,72.1,1.035,7.0,23.0,0.0684,0.0893,0.682,0.0305,0.0183,0.45,1.02,,0.0
VATE,daily,1.5,,,,30,2026-08-10 00:00,2026-09-21 00:00,8.18,8.18,6.79,1.2,-0.1,-0.66,1.0,54.7,False,0.2,-0.14,0,0,1,1020544.0,[8],4295,,,,,,0.0333,0.0453,0.633,0.0441,0.0407,1.32,0.84,,0.0
VC,weekly,1.5,ANTI,,,68,2025-06-13 00:00,2026-09-25 00:00,91.89,123.69,84.7,1.46,-0.16,-0.46,0.18,37.2,False,-0.58,-0.29,0,0,5,224123565.0,"[35, 45, 52, 61]",767,63.9,53.6,0.914,9.0,6.0,0.0757,0.0982,0.632,0.0245,0.0167,0.32,0.83,,0.0
VC,weekly,2.0,,,,156,2023-10-06 00:00,2026-09-25 00:00,91.89,130.69,67.04,1.95,-0.18,-0.59,0.39,37.2,False,-0.58,-0.29,0,0,13,170520558.0,"[123, 133, 140, 149]",679,63.9,53.6,0.914,9.0,6.0,0.1028,0.1339,0.724,0.0245,0.0167,0.24,1.1,,0.01
VCEL,weekly,2.0,,,,88,2025-01-24 00:00,2026-09-25 00:00,39.55,58.54,29.34,2.0,-0.27,-0.51,0.35,48.3,True,0.32,1.0,0,0,7,101387951.0,"[50, 56, 64, 76]",838,50.3,70.4,1.317,12.0,11.0,0.0814,0.1554,0.523,0.0386,0.0629,0.47,0.95,,0.03
VCYT,weekly,2.0,,,,26,2026-04-03 00:00,2026-09-25 00:00,41.52,60.49,31.09,1.95,0.33,-0.34,0.35,46.2,True,-0.11,0.92,0,0,1,268082435.0,[12],648,,,,,,0.1031,0.189,0.577,0.0204,0.0688,0.2,0.94,,0.0
VEL,weekly,1.5,ANTI,,,151,2023-11-10 00:00,2026-09-25 00:00,16.15,20.63,14.41,1.43,0.23,0.05,0.28,37.3,False,-0.19,-0.38,0,0,15,5409535.0,"[117, 127, 138, 143]",199,52.1,52.8,0.994,5.0,7.0,0.0468,0.0743,0.682,0.0166,0.0262,0.35,1.75,,0.04
VELO,daily,2.0,,,,57,2026-07-01 00:00,2026-09-21 00:00,11.25,16.16,8.44,1.91,-0.21,-0.72,0.36,47.3,False,-0.62,-1.75,0,0,3,16160389.0,"[13, 31, 47]",1364,60.0,45.3,0.74,16.0,9.0,0.1175,0.1569,0.632,0.0353,0.069,0.3,0.58,,0.0
VELO,daily,3.0,,,,64,2026-06-22 00:00,2026-09-21 00:00,11.25,24.31,8.44,2.88,-0.33,-0.72,0.18,47.3,False,-0.62,-1.75,0,0,3,18868208.0,"[20, 38, 54]",1357,60.0,45.3,0.74,16.0,9.0,0.1501,0.2248,0.484,0.0353,0.069,0.24,0.5,,0.0
VERA,weekly,3.0,,,,140,2024-01-26 00:00,2026-09-25 00:00,34.25,53.58,18.95,2.83,-0.14,-0.19,0.44,46.4,False,-0.23,-0.73,0,0,9,178552167.0,"[90, 100, 115, 126]",366,60.6,57.3,0.943,11.0,13.0,0.1716,0.2368,0.671,0.0317,0.0479,0.18,1.93,,0.0
VERA,daily,1.5,,,,109,2026-04-16 00:00,2026-09-21 00:00,34.25,43.15,28.89,1.49,-0.3,-0.48,0.38,50.9,True,0.14,0.21,0,1,7,49419089.0,"[60, 78, 91, 98]",1886,61.5,57.0,0.975,7.0,10.0,0.0605,0.0999,0.624,0.0088,0.019,0.15,2.6,,0.05
VERX,weekly,1.5,,,,34,2026-02-06 00:00,2026-09-25 00:00,12.08,15.73,10.8,1.46,-0.2,-0.81,0.26,42.9,True,0.61,0.06,2,0,3,101615200.0,"[4, 13, 29]",288,43.6,51.1,0.953,16.0,4.0,0.0485,0.0864,0.676,0.0432,0.0503,0.89,1.01,,0.03
VET,weekly,1.5,,,,26,2026-04-03 00:00,2026-09-25 00:00,11.91,13.17,8.92,1.48,-0.0,-0.35,0.7,53.6,False,-0.33,-0.0,0,0,0,83458594.0,[],812,,,,,,0.0669,0.1067,0.423,0.0336,0.068,0.5,0.88,,0.0
VFS,weekly,2.0,,,,133,2024-03-15 00:00,2026-09-25 00:00,3.38,5.02,2.52,1.99,-0.38,-0.96,0.34,52.5,False,-0.84,-1.53,0,0,10,9614372.0,"[87, 95, 107, 125]",131,73.7,49.7,0.738,18.0,7.0,0.086,0.1472,0.767,0.0298,0.0193,0.35,0.55,,0.02
VFS,weekly,3.0,,,,143,2024-01-05 00:00,2026-09-25 00:00,3.38,7.02,2.52,2.79,-0.37,-0.96,0.19,52.5,False,-0.84,-1.53,0,0,11,10249183.0,"[97, 105, 117, 135]",121,73.7,49.7,0.738,18.0,7.0,0.0986,0.2043,0.406,0.0298,0.0193,0.3,0.51,,0.01
VFS,daily,1.5,,UP,broad,92,2026-05-11 00:00,2026-09-21 00:00,3.38,4.11,2.85,1.44,-0.38,-0.4,0.42,65.2,True,0.31,0.11,0,0,6,1307462.0,"[37, 48, 58, 75]",1173,62.8,51.2,0.946,17.0,16.0,0.016,0.0764,0.283,0.0174,0.0128,1.09,0.98,,0.08
VG,weekly,3.0,,,,66,2025-06-27 00:00,2026-09-25 00:00,13.66,17.71,6.1,2.9,0.12,-0.74,0.65,52.2,True,0.16,0.57,0,0,5,565798208.0,"[13, 39, 46, 56]",22,56.7,57.3,1.007,10.0,9.0,0.1352,0.2413,0.697,0.0152,0.0229,0.11,1.61,,0.02
VG,daily,2.0,,,,149,2026-02-18 00:00,2026-09-21 00:00,13.66,17.46,9.26,1.89,0.23,-0.37,0.54,42.5,True,-0.12,0.25,1,0,10,218554159.0,"[107, 119, 135, 142]",267,61.4,65.1,1.046,7.0,6.0,0.0914,0.1272,0.772,0.0348,0.0367,0.38,1.08,,0.02
VIA,weekly,3.0,,,,45,2025-11-21 00:00,2026-09-25 00:00,27.33,35.53,13.64,2.6,-0.25,,0.63,61.2,True,1.52,2.11,0,0,3,66626601.0,"[4, 24, 40]",10,38.2,67.7,1.65,16.0,4.0,0.2138,0.2928,0.378,0.0357,0.1091,0.17,1.12,,0.0
VIAV,weekly,2.0,,,,31,2026-02-27 00:00,2026-09-25 00:00,36.2,55.33,27.88,1.98,0.03,0.01,0.3,47.1,False,-2.17,-1.42,0,0,3,1128354824.0,"[0, 9, 24]",895,94.3,56.1,0.787,15.0,6.0,0.1179,0.175,0.645,0.039,0.057,0.33,0.75,,0.0
VIAV,daily,2.0,,,,145,2026-02-24 00:00,2026-09-21 00:00,36.2,55.33,27.88,1.98,0.08,0.01,0.3,47.7,False,-0.25,-0.76,1,0,13,227042950.0,"[101, 120, 127, 136]",4311,47.1,52.3,1.01,9.0,8.0,0.1464,0.1748,0.566,0.034,0.0316,0.23,0.73,,0.0
VIK,weekly,1.5,,,,26,2026-04-03 00:00,2026-09-25 00:00,86.05,105.79,74.8,1.41,0.39,-0.05,0.36,47.3,True,-0.7,0.56,0,1,3,1154414141.0,"[2, 12, 18]",100,78.1,73.5,1.025,6.0,7.0,0.0782,0.0942,0.615,0.0309,0.0753,0.4,1.31,,0.0
VIR,weekly,1.5,COMP,,,31,2026-02-27 00:00,2026-09-25 00:00,10.88,11.39,8.4,1.36,0.38,-0.31,0.83,61.8,True,-0.26,0.35,0,0,3,80772773.0,"[1, 7, 18]",333,73.6,61.3,0.934,11.0,12.0,0.0636,0.0816,0.516,0.0492,0.0723,0.77,0.98,,0.03
VIR,daily,1.5,COMP,,,145,2026-02-24 00:00,2026-09-21 00:00,10.88,11.63,8.25,1.41,0.25,0.05,0.78,55.9,True,-0.24,0.49,0,0,9,16996952.0,"[86, 92, 111, 128]",1599,48.8,74.0,1.233,17.0,16.0,0.0562,0.0807,0.614,0.0115,0.0213,0.2,1.23,,0.02
VITL,weekly,2.0,,,,28,2026-03-20 00:00,2026-09-25 00:00,12.23,14.51,8.48,1.71,-0.21,-0.83,0.62,43.4,True,0.79,-0.13,1,0,2,120672259.0,"[6, 17]",294,27.4,40.2,0.956,11.0,10.0,0.1045,0.1343,0.643,0.0936,0.0646,0.9,0.56,,0.0
VITL,weekly,3.0,,,,31,2026-02-27 00:00,2026-09-25 00:00,12.23,21.09,8.48,2.49,-0.4,-0.83,0.3,43.4,True,0.79,-0.13,1,0,2,134220857.0,"[9, 20]",291,27.4,40.2,0.956,11.0,10.0,0.1185,0.2246,0.516,0.0936,0.0646,0.79,0.5,,0.0
VITL,daily,1.5,,,,85,2026-05-20 00:00,2026-09-21 00:00,12.23,13.82,9.24,1.5,0.09,-0.72,0.65,67.1,False,0.56,-0.05,0,0,6,19709403.0,"[31, 37, 46, 66]",1457,63.6,42.7,0.804,20.0,18.0,0.0882,0.1109,0.482,0.0264,0.011,0.3,0.69,,0.02
VITL,daily,2.0,,UP,broad,131,2026-03-16 00:00,2026-09-21 00:00,12.23,16.21,8.28,1.96,-0.26,-0.8,0.5,67.1,False,0.56,-0.05,0,0,8,24362855.0,"[77, 83, 92, 112]",1411,63.6,42.7,0.804,20.0,18.0,0.1009,0.1415,0.71,0.0264,0.011,0.26,0.56,,0.02
VITL,daily,3.0,,UP,broad,144,2026-02-25 00:00,2026-09-21 00:00,12.23,24.79,8.28,2.99,-0.35,-0.81,0.24,67.1,False,0.56,-0.05,0,0,8,26926921.0,"[90, 96, 105, 125]",1398,63.6,42.7,0.804,20.0,18.0,0.1155,0.2311,0.451,0.0264,0.011,0.23,0.5,,0.03
VIV,weekly,1.5,ANTI,,,60,2025-08-08 00:00,2026-09-25 00:00,12.02,16.31,11.07,1.47,0.29,0.01,0.18,43.0,False,-1.01,-1.33,0,0,4,61466949.0,"[2, 29, 35, 50]",866,71.2,53.2,0.855,15.0,9.0,0.0675,0.1135,0.383,0.0206,0.0488,0.31,1.23,,0.07
VIVO,weekly,3.0,,,,28,2026-03-20 00:00,2026-09-25 00:00,3.86,6.24,2.1,2.97,0.35,-0.69,0.43,48.9,True,-0.25,0.9,0,0,2,13403091.0,"[10, 21]",564,72.3,55.2,0.78,11.0,6.0,0.1644,0.2533,0.679,0.0349,0.047,0.21,0.49,,0.04
VIVO,daily,1.5,ANTI,,,37,2026-07-30 00:00,2026-09-21 00:00,3.86,4.9,3.54,1.38,-0.09,-0.46,0.24,44.7,False,-0.56,-0.88,0,0,2,1504755.0,"[12, 28]",2810,61.9,50.3,0.847,16.0,8.0,0.0473,0.0759,0.622,0.0272,0.0257,0.58,0.61,,0.03
VIVO,daily,3.0,,,,116,2026-04-07 00:00,2026-09-21 00:00,3.86,6.6,2.33,2.83,0.16,-0.35,0.36,44.7,False,-0.56,-0.88,0,0,8,2869351.0,"[65, 75, 91, 107]",2731,61.9,50.3,0.847,16.0,8.0,0.1472,0.2199,0.698,0.0272,0.0257,0.18,0.32,,0.01
VKTX,weekly,1.5,,,,52,2025-10-03 00:00,2026-09-25 00:00,30.11,39.11,28.44,1.38,-0.23,-0.67,0.16,44.9,True,-0.04,-0.02,0,0,4,377100884.0,"[6, 23, 28, 40]",544,54.0,60.6,1.104,12.0,11.0,0.0589,0.088,0.538,0.0428,0.0564,0.73,0.74,,0.02
VKTX,weekly,2.0,,,,93,2024-12-20 00:00,2026-09-25 00:00,30.11,42.89,22.22,1.93,0.12,-0.74,0.38,44.9,True,-0.04,-0.02,0,0,7,454646258.0,"[47, 64, 69, 81]",503,54.0,60.6,1.104,12.0,11.0,0.0987,0.1396,0.71,0.0428,0.0564,0.43,0.62,,0.01
VKTX,weekly,3.0,,,,98,2024-11-15 00:00,2026-09-25 00:00,30.11,52.94,22.22,2.38,-0.1,-0.74,0.26,44.9,True,-0.04,-0.02,0,0,7,476933901.0,"[52, 69, 74, 86]",498,54.0,60.6,1.104,12.0,11.0,0.1082,0.1817,0.633,0.0428,0.0564,0.4,0.59,,0.01
VKTX,daily,1.5,ANTI,,,70,2026-06-11 00:00,2026-09-21 00:00,30.11,42.13,28.61,1.47,-0.29,-0.21,0.11,38.5,False,-0.59,-0.61,1,0,6,66166632.0,"[40, 47, 52, 59]",2796,50.5,54.3,1.014,7.0,10.0,0.0533,0.0904,0.714,0.0285,0.0585,0.53,1.12,,0.01
VLRS,weekly,1.5,ANTI,,,31,2026-02-27 00:00,2026-09-25 00:00,6.86,9.39,6.52,1.44,-0.07,-0.38,0.12,44.0,False,-0.19,-0.34,0,0,2,22958291.0,"[7, 17]",649,52.7,61.0,1.156,10.0,13.0,0.0799,0.1027,0.484,0.0328,0.0945,0.41,0.55,,0.03
VLRS,weekly,2.0,ANTI,,,62,2025-07-25 00:00,2026-09-25 00:00,6.86,10.45,5.44,1.92,0.25,-0.56,0.28,44.0,False,-0.19,-0.34,0,0,4,19935571.0,"[10, 21, 38, 48]",618,52.7,61.0,1.156,10.0,13.0,0.0938,0.1639,0.597,0.0328,0.0945,0.35,0.63,,0.03
VLTO,weekly,1.5,,,,141,2024-01-19 00:00,2026-09-25 00:00,95.18,112.62,75.97,1.48,-0.05,,0.52,53.4,True,0.93,0.51,0,0,13,693829048.0,"[103, 110, 117, 135]",16,43.4,60.8,1.087,18.0,5.0,0.0514,0.0806,0.73,0.0172,0.0193,0.33,0.95,,0.05
VMD,weekly,1.5,,,,34,2026-02-06 00:00,2026-09-25 00:00,8.85,12.31,8.24,1.49,0.3,-0.17,0.15,42.0,True,-1.18,-0.17,0,0,4,13161538.0,"[0, 5, 12, 22]",422,72.0,79.2,1.235,10.0,11.0,0.0615,0.1185,0.353,0.0084,0.0446,0.14,1.09,,0.0
VMD,daily,1.5,ANTI,,,151,2026-02-13 00:00,2026-09-21 00:00,8.85,12.33,8.24,1.5,0.26,-0.05,0.15,40.1,False,0.68,-0.1,0,0,10,2784032.0,"[101, 111, 133, 140]",2004,39.6,40.3,0.973,7.0,10.0,0.0515,0.1129,0.437,0.009,0.0102,0.17,0.79,,0.04
VMET,daily,1.5,ANTI,,,67,2026-06-16 00:00,2026-09-21 00:00,9.42,12.88,8.6,1.5,-0.37,-0.36,0.19,42.6,False,-0.74,-0.49,0,1,6,2198120.0,"[24, 36, 48, 58]",74,60.2,52.7,0.964,10.0,8.0,0.0542,0.1036,0.478,0.01,0.0238,0.18,1.28,,0.04
VMET,daily,2.0,ANTI,,,141,2026-03-02 00:00,2026-09-21 00:00,9.42,13.53,8.6,1.57,-0.31,,0.17,42.6,False,-0.74,-0.49,0,1,12,2023448.0,"[98, 110, 122, 132]",0,60.2,52.7,0.964,10.0,8.0,0.0988,0.1153,0.582,0.01,0.0238,0.1,1.39,,0.03
VMET,daily,3.0,ANTI,,,141,2026-03-02 00:00,2026-09-21 00:00,9.42,13.53,8.6,1.57,-0.31,,0.17,42.6,False,-0.74,-0.49,0,1,12,2023448.0,"[98, 110, 122, 132]",0,60.2,52.7,0.964,10.0,8.0,0.0988,0.1153,0.582,0.01,0.0238,0.1,1.39,,0.03
VMI,daily,1.5,,,,120,2026-03-31 00:00,2026-09-21 00:00,469.15,582.78,399.04,1.46,0.13,-0.16,0.38,41.4,False,0.07,-0.15,0,0,9,99125177.0,"[56, 86, 95, 113]",4336,51.7,49.1,0.954,18.0,6.0,0.0481,0.0864,0.667,0.0039,0.0061,0.08,0.67,,0.03
VNET,weekly,3.0,ANTI,,,91,2025-01-03 00:00,2026-09-25 00:00,7.24,14.59,4.95,2.95,0.07,-0.23,0.24,44.9,False,-0.46,-1.67,0,0,7,238155823.0,"[38, 58, 71, 84]",715,53.4,43.1,0.753,13.0,6.0,0.142,0.2276,0.681,0.043,0.068,0.3,0.48,,0.01
VNO,weekly,2.0,,,,148,2023-12-01 00:00,2026-09-25 00:00,35.58,44.03,22.55,1.95,0.39,-0.45,0.61,49.2,True,0.53,1.16,0,0,10,264964049.0,"[86, 93, 110, 135]",778,44.9,71.4,1.176,25.0,12.0,0.1294,0.1744,0.486,0.0459,0.0357,0.35,0.81,,0.01
VNOM,weekly,1.5,,,,96,2024-11-29 00:00,2026-09-25 00:00,41.72,48.97,34.09,1.44,0.21,-0.33,0.51,46.5,False,-0.57,-0.3,0,0,6,334453813.0,"[53, 68, 74, 90]",545,68.3,55.5,0.935,16.0,5.0,0.0933,0.1025,0.521,0.0304,0.0317,0.33,0.9,,0.05
VOXR,weekly,1.5,,,,30,2026-03-06 00:00,2026-09-25 00:00,5.6,6.19,4.14,1.5,-0.1,-0.35,0.71,55.6,False,-0.14,-0.15,0,0,2,10655930.0,"[10, 24]",291,63.3,59.2,0.93,14.0,5.0,0.075,0.1,0.567,0.0177,0.1056,0.24,1.15,,0.0
VOXR,daily,1.5,,,,81,2026-05-27 00:00,2026-09-21 00:00,5.6,5.9,4.14,1.43,0.32,-0.35,0.83,52.8,True,-0.56,0.21,0,1,7,2197365.0,"[38, 54, 61, 69]",1459,73.1,64.4,0.995,8.0,11.0,0.1035,0.1061,0.383,0.0123,0.014,0.12,0.97,,0.01
VOYG,weekly,3.0,,,,68,2025-06-13 00:00,2026-09-25 00:00,37.66,54.37,19.87,2.74,-0.04,,0.52,53.1,False,0.23,0.43,0,0,5,202000866.0,"[19, 32, 50, 61]",0,67.0,57.8,0.868,11.0,6.0,0.131,0.2211,0.647,0.0721,0.1005,0.55,1.33,,0.0
VOYG,daily,2.0,,,,69,2026-06-12 00:00,2026-09-21 00:00,37.66,44.28,22.62,1.96,0.19,-0.56,0.69,58.6,False,-0.4,-0.63,0,0,4,52877369.0,"[16, 29, 42, 59]",253,73.2,51.0,0.8,17.0,9.0,0.1139,0.1616,0.652,0.0403,0.0286,0.35,0.81,,0.01
VPG,daily,3.0,,,,112,2026-04-13 00:00,2026-09-21 00:00,64.95,149.91,50.8,2.95,-0.15,-0.09,0.14,46.3,False,0.22,-0.44,1,0,10,46847519.0,"[78, 87, 95, 105]",3974,39.0,43.7,0.987,10.0,6.0,0.2834,0.3314,0.339,0.0175,0.0208,0.06,0.4,,0.01
VREX,weekly,2.0,COMP,,,60,2025-08-08 00:00,2026-09-25 00:00,18.47,18.51,9.48,1.95,0.39,-0.56,1.0,77.6,True,1.59,1.88,0,0,4,19220849.0,"[6, 26, 37, 54]",446,55.0,78.2,1.477,17.0,5.0,0.0739,0.1989,0.317,0.0011,0.0027,0.01,3.46,,0.05
VREX,weekly,3.0,COMP,,,145,2023-12-22 00:00,2026-09-25 00:00,18.47,20.5,6.88,2.98,-0.35,-0.78,0.85,77.6,True,1.59,1.88,0,0,9,22442890.0,"[91, 111, 122, 139]",361,55.0,78.2,1.477,17.0,5.0,0.1467,0.2505,0.669,0.0011,0.0027,0.01,2.96,,0.02
VREX,daily,1.5,,,,31,2026-08-07 00:00,2026-09-21 00:00,18.47,18.58,12.41,1.5,0.18,-0.02,0.98,82.2,False,-0.28,0.0,0,0,2,13320000.0,"[2, 11]",2399,92.4,90.4,0.997,9.0,19.0,0.0011,0.0587,0.0,0.0003,0.0005,0.27,0.85,,0.45
VRRM,daily,2.0,ANTI,,,81,2026-05-27 00:00,2026-09-21 00:00,3.52,5.61,3.41,1.65,-0.19,-0.85,0.05,29.6,False,-0.97,-1.59,0,0,6,24337320.0,"[26, 31, 46, 66]",2199,65.8,42.0,0.79,20.0,14.0,0.0507,0.1067,0.765,0.0113,0.0303,0.22,1.08,,0.04
VRRM,daily,3.0,ANTI,,,81,2026-05-27 00:00,2026-09-21 00:00,3.52,5.61,3.41,1.65,-0.19,-0.85,0.05,29.6,False,-0.97,-1.59,0,0,6,24337320.0,"[26, 31, 46, 66]",2199,65.8,42.0,0.79,20.0,14.0,0.0507,0.1067,0.765,0.0113,0.0303,0.22,1.08,,0.04
VRSN,weekly,1.5,COMP,,,88,2025-01-24 00:00,2026-09-25 00:00,308.18,309.09,206.97,1.49,0.34,-0.07,0.99,65.0,True,-0.16,0.34,0,1,8,1014414855.0,"[44, 52, 69, 80]",838,74.3,60.9,0.95,11.0,7.0,0.0691,0.0916,0.75,0.0176,0.0255,0.25,0.93,,0.02
VRT,weekly,2.0,,,,35,2026-01-30 00:00,2026-09-25 00:00,250.86,370.77,186.05,1.99,0.18,-0.03,0.35,45.7,False,-1.58,-1.09,0,0,3,7788570696.0,"[4, 15, 28]",391,85.3,53.4,0.792,13.0,6.0,0.0953,0.1424,0.8,0.0359,0.0659,0.38,0.75,,0.0
VRT,daily,2.0,,,,156,2026-02-06 00:00,2026-09-21 00:00,250.86,376.06,195.44,1.92,0.07,-0.02,0.31,45.9,False,-0.12,-0.51,0,0,16,1616093348.0,"[114, 130, 139, 146]",1891,47.2,59.2,1.08,7.0,9.0,0.0995,0.1269,0.833,0.0234,0.0456,0.24,0.82,,0.03
VRTS,weekly,1.5,,,,54,2025-09-19 00:00,2026-09-25 00:00,129.85,180.86,122.18,1.48,-0.29,-0.45,0.13,37.8,True,0.54,0.72,1,0,2,72763435.0,"[16, 47]",872,50.6,65.7,1.019,31.0,6.0,0.0771,0.1038,0.593,0.0399,0.048,0.52,1.12,,0.02
VRTX,weekly,1.5,COMP,,,146,2023-12-15 00:00,2026-09-25 00:00,510.72,548.05,366.54,1.5,0.19,-0.03,0.79,56.4,True,0.8,0.9,0,0,12,2802268622.0,"[106, 113, 133, 140]",780,71.1,69.0,1.038,7.0,5.0,0.0565,0.0797,0.76,0.0237,0.0446,0.42,1.03,,0.03
VSAT,daily,1.5,,,,99,2026-04-30 00:00,2026-09-21 00:00,76.38,89.81,60.0,1.5,0.21,-0.06,0.55,54.6,False,0.14,-0.18,0,0,8,151181517.0,"[41, 65, 71, 89]",4357,62.6,55.6,0.891,18.0,9.0,0.0519,0.0892,0.657,0.0313,0.0283,0.6,0.79,,0.03
VSEC,weekly,1.5,,,,49,2025-10-24 00:00,2026-09-25 00:00,180.14,241.82,167.74,1.44,0.33,0.01,0.17,44.5,True,-0.08,0.28,0,0,5,442781186.0,"[12, 25, 36, 42]",877,61.2,61.7,1.041,6.0,6.0,0.0903,0.1031,0.449,0.0553,0.0584,0.61,0.75,,0.0
VSEC,daily,1.5,ANTI,,,85,2026-05-20 00:00,2026-09-21 00:00,180.14,243.48,170.41,1.43,0.26,-0.25,0.13,37.8,False,-1.07,-1.39,0,0,7,80001599.0,"[45, 57, 67, 75]",4370,54.5,45.7,0.911,8.0,9.0,0.0744,0.0969,0.588,0.0343,0.0516,0.46,1.18,,0.01
VSH,daily,3.0,DIVUP,UP,strict,113,2026-04-10 00:00,2026-09-21 00:00,32.62,64.7,22.36,2.89,-0.09,0.05,0.24,50.5,False,0.34,-0.14,1,0,12,185489416.0,"[79, 88, 96, 106]",4343,41.5,51.2,1.05,10.0,6.0,0.1472,0.2901,0.434,0.0188,0.0121,0.13,0.52,,0.02
VSNT,daily,1.5,ANTI,,,144,2026-02-25 00:00,2026-09-21 00:00,34.7,43.97,30.37,1.45,0.08,-0.35,0.32,32.1,False,-1.1,-0.44,1,0,12,69208874.0,"[105, 113, 118, 129]",48,62.3,65.7,1.037,11.0,14.0,0.0515,0.0652,0.799,0.0095,0.0203,0.18,0.82,,0.03
VST,weekly,2.0,ANTI,,,77,2025-04-11 00:00,2026-09-25 00:00,140.78,210.07,110.81,1.9,-0.29,-0.41,0.3,44.2,False,0.01,-0.41,0,0,7,3642316416.0,"[46, 54, 62, 67]",444,52.1,52.2,0.999,5.0,9.0,0.091,0.1349,0.688,0.0298,0.0489,0.33,0.8,,0.05
VSTM,weekly,3.0,,,,100,2024-11-01 00:00,2026-09-25 00:00,7.99,10.77,3.71,2.9,0.09,-0.72,0.61,62.4,True,0.99,1.38,1,0,8,56827677.0,"[50, 56, 70, 76]",666,44.8,49.3,1.031,6.0,23.0,0.1938,0.2663,0.62,0.0626,0.1039,0.32,1.29,,0.0
VSTS,daily,1.5,,,,91,2026-05-12 00:00,2026-09-21 00:00,14.23,16.5,11.25,1.47,0.19,0.1,0.57,63.2,True,1.16,0.22,1,0,8,17098745.0,"[45, 63, 73, 81]",657,38.0,55.7,1.048,8.0,9.0,0.0543,0.0856,0.703,0.0296,0.0294,0.55,1.22,,0.03
VSXY,daily,1.5,,,,77,2026-06-02 00:00,2026-09-21 00:00,81.63,99.97,72.58,1.38,0.15,0.22,0.33,51.5,False,-0.43,-0.74,0,0,6,136722585.0,"[17, 32, 47, 59]",24,76.5,55.8,0.908,12.0,17.0,0.0595,0.0752,0.545,0.0272,0.0266,0.46,0.97,,0.0
VSXY,daily,2.0,,,,84,2026-05-21 00:00,2026-09-21 00:00,81.63,99.97,50.55,1.98,0.32,,0.63,51.5,False,-0.43,-0.74,0,0,6,137725907.0,"[24, 39, 54, 66]",17,76.5,55.8,0.908,12.0,17.0,0.0682,0.1212,0.69,0.0272,0.0266,0.4,0.97,,0.0
VTEX,weekly,1.5,,,,60,2025-08-08 00:00,2026-09-25 00:00,3.59,4.53,3.04,1.49,-0.27,-0.67,0.37,43.9,True,-0.18,-0.27,0,0,4,20769061.0,"[6, 11, 36, 51]",211,56.2,58.3,1.024,15.0,8.0,0.0609,0.0902,0.683,0.0069,0.0401,0.11,0.59,,0.03
VTEX,weekly,2.0,,,,61,2025-08-01 00:00,2026-09-25 00:00,3.59,5.79,3.04,1.9,-0.21,-0.67,0.2,43.9,True,-0.18,-0.27,0,0,4,20846667.0,"[7, 12, 37, 52]",210,56.2,58.3,1.024,15.0,8.0,0.0668,0.1088,0.623,0.0069,0.0401,0.1,0.58,,0.03
VTEX,daily,1.5,,,,143,2026-02-26 00:00,2026-09-21 00:00,3.59,4.5,3.07,1.47,-0.05,-0.33,0.36,41.4,False,0.45,-0.01,1,0,11,4136045.0,"[97, 105, 131, 137]",1155,39.7,47.5,1.017,6.0,5.0,0.0545,0.0685,0.853,0.0069,0.0111,0.13,0.62,,0.06
VTVT,weekly,1.5,,,,42,2025-12-12 00:00,2026-09-25 00:00,31.3,41.17,29.02,1.42,-0.36,-0.06,0.19,46.9,False,-0.32,-0.56,0,0,4,7339894.0,"[3, 16, 29, 34]",541,54.1,54.3,0.999,5.0,7.0,0.0429,0.0753,0.714,0.0304,0.0306,0.71,1.05,,0.02
VTVT,weekly,2.0,,,,49,2025-10-24 00:00,2026-09-25 00:00,31.3,41.17,20.9,1.97,0.14,-0.25,0.51,46.9,False,-0.32,-0.56,0,0,5,6178795.0,"[10, 23, 36, 41]",534,54.1,54.3,0.999,5.0,7.0,0.0618,0.1189,0.816,0.0304,0.0306,0.49,1.25,,0.02
VYGR,weekly,2.0,ANTI,,,87,2025-01-31 00:00,2026-09-25 00:00,3.08,5.45,2.74,1.99,-0.12,-0.79,0.13,40.8,False,-0.27,-1.1,0,0,9,8994047.0,"[58, 63, 74, 82]",481,49.2,49.0,0.937,8.0,4.0,0.1064,0.1486,0.632,0.0459,0.052,0.43,0.8,,0.03
VZLA,weekly,1.5,COMP,,,33,2026-02-13 00:00,2026-09-25 00:00,4.07,4.38,3.0,1.46,0.15,-0.55,0.78,56.6,True,0.59,0.61,0,0,1,108323402.0,[15],328,,,,,,0.0817,0.0977,0.606,0.0138,0.0824,0.17,0.92,,0.03
VZLA,weekly,2.0,,,,35,2026-01-30 00:00,2026-09-25 00:00,4.07,5.08,3.0,1.69,-0.1,-0.55,0.51,56.6,True,0.59,0.61,0,0,1,109790742.0,[17],326,,,,,,0.0871,0.1234,0.486,0.0138,0.0824,0.16,0.9,,0.03
VZLA,weekly,3.0,,,,73,2025-05-09 00:00,2026-09-25 00:00,4.07,6.65,2.35,2.83,0.07,0.02,0.4,56.6,True,0.59,0.61,0,0,5,89964518.0,"[11, 23, 37, 55]",288,75.0,50.0,0.583,18.0,17.0,0.109,0.2192,0.603,0.0138,0.0824,0.13,1.1,,0.03
VZLA,daily,1.5,COMP,,,155,2026-02-09 00:00,2026-09-21 00:00,4.07,4.4,2.96,1.49,0.03,-0.57,0.77,56.7,True,-0.45,0.16,0,1,13,22234120.0,"[112, 125, 138, 143]",1564,68.3,62.6,1.002,5.0,11.0,0.0795,0.096,0.581,0.0226,0.0175,0.28,0.76,,0.03
W,weekly,2.0,COMP,,,62,2025-07-25 00:00,2026-09-25 00:00,104.95,115.93,58.22,1.99,0.1,-0.3,0.81,61.6,True,1.04,1.54,0,0,6,1385496903.0,"[24, 38, 49, 54]",564,60.1,64.9,1.128,5.0,7.0,0.1535,0.1657,0.5,0.0212,0.0496,0.14,0.85,,0.03
W,weekly,3.0,COMP,,,70,2025-05-30 00:00,2026-09-25 00:00,104.95,115.93,41.24,2.81,0.36,-0.5,0.85,61.6,True,1.04,1.54,0,0,6,1335772118.0,"[32, 46, 57, 62]",556,60.1,64.9,1.128,5.0,7.0,0.171,0.2182,0.571,0.0212,0.0496,0.12,0.88,,0.03
WAL,weekly,1.5,,,,76,2025-04-18 00:00,2026-09-25 00:00,78.65,92.95,64.37,1.44,0.17,-0.29,0.5,47.6,True,0.1,0.19,0,0,7,391150214.0,"[42, 55, 60, 66]",850,55.3,54.3,0.993,6.0,9.0,0.0507,0.0805,0.697,0.0119,0.0123,0.23,1.0,,0.01
WAY,weekly,1.5,,,,35,2026-01-30 00:00,2026-09-25 00:00,25.71,26.56,17.93,1.48,-0.04,-0.6,0.9,54.5,True,0.95,0.58,0,0,4,280145217.0,"[5, 11, 22, 30]",86,48.6,56.7,1.118,8.0,4.0,0.0867,0.1054,0.457,0.0258,0.059,0.3,0.96,,0.0
WAY,weekly,3.0,,,,121,2024-06-07 00:00,2026-09-25 00:00,25.71,45.35,17.93,2.53,-0.24,,0.28,54.5,True,0.95,0.58,0,0,14,261943138.0,"[91, 97, 108, 116]",0,48.6,56.7,1.118,8.0,4.0,0.2098,0.2315,0.579,0.0258,0.059,0.12,1.02,,0.03
WBD,weekly,1.5,COMP,,,49,2025-10-24 00:00,2026-09-25 00:00,30.8,30.8,21.15,1.46,0.27,0.08,1.0,70.6,True,0.01,0.2,0,0,1,3145450848.0,[7],877,,,,,,0.0313,0.0696,0.694,0.0133,0.0349,0.42,0.86,,0.04
WBTN,weekly,3.0,DIVUP,UP,strict,77,2025-04-11 00:00,2026-09-25 00:00,11.11,21.31,8.09,2.63,-0.04,-0.65,0.23,52.1,False,-0.26,-0.89,1,0,4,17123188.0,"[3, 23, 39, 56]",41,49.4,55.7,0.965,17.0,20.0,0.1826,0.2483,0.416,0.0831,0.1094,0.46,1.1,,0.01
WBTN,daily,1.5,COMP,,,66,2026-06-17 00:00,2026-09-21 00:00,11.11,12.04,8.25,1.46,-0.39,-0.4,0.75,61.7,True,0.91,0.91,0,0,5,3276566.0,"[16, 36, 48, 60]",494,62.3,65.7,1.068,12.0,5.0,0.0973,0.1049,0.5,0.024,0.0242,0.25,1.82,,0.02
WCN,weekly,1.5,,,,150,2023-11-17 00:00,2026-09-25 00:00,155.55,195.48,130.64,1.5,0.08,-0.08,0.38,40.7,True,0.27,0.14,0,0,15,858369418.0,"[119, 127, 139, 144]",776,57.1,55.0,0.988,5.0,5.0,0.0498,0.0779,0.673,0.0161,0.0152,0.32,0.94,,0.05
WD,weekly,1.5,ANTI,,,31,2026-02-27 00:00,2026-09-25 00:00,38.38,53.82,37.77,1.43,-0.27,-0.64,0.04,32.9,False,-0.24,-1.02,1,0,2,79328513.0,"[10, 17]",793,46.8,50.7,1.016,7.0,13.0,0.0782,0.0985,0.581,0.0317,0.0993,0.41,1.18,,0.03
WD,daily,1.5,ANTI,,,144,2026-02-25 00:00,2026-09-21 00:00,38.38,56.31,37.77,1.49,-0.23,-0.54,0.03,36.0,False,0.31,-0.12,0,0,10,15427109.0,"[84, 97, 109, 133]",3820,56.5,49.8,0.832,24.0,10.0,0.0719,0.0917,0.681,0.0208,0.0263,0.29,1.07,,0.03
WDAY,weekly,2.0,COMP,,,44,2025-11-28 00:00,2026-09-25 00:00,191.92,224.49,112.5,2.0,-0.23,-0.63,0.71,59.9,True,1.54,1.83,0,0,3,3256600382.0,"[14, 26, 39]",685,45.7,67.3,1.4,13.0,4.0,0.1476,0.2174,0.341,0.0232,0.0771,0.16,1.08,,0.0
WDC,weekly,3.0,,,,29,2026-03-13 00:00,2026-09-25 00:00,448.17,746.0,272.13,2.74,0.35,-0.05,0.37,50.3,True,-1.72,0.61,0,0,1,17375396133.0,[14],897,,,,,,0.112,0.2214,0.759,0.0209,0.0555,0.19,0.89,,0.03
WDC,daily,2.0,,,,107,2026-04-20 00:00,2026-09-21 00:00,448.17,746.0,373.89,2.0,-0.05,0.0,0.2,47.6,False,-0.18,-0.53,1,0,9,3422222637.0,"[73, 82, 89, 98]",4349,46.6,51.6,1.029,9.0,8.0,0.0898,0.1519,0.542,0.0312,0.045,0.35,0.92,,0.03
WDC,daily,3.0,,,,136,2026-03-09 00:00,2026-09-21 00:00,448.17,746.0,251.53,2.97,0.39,-0.15,0.4,47.6,False,-0.18,-0.53,1,0,10,3185150979.0,"[102, 111, 118, 127]",4320,46.6,51.6,1.029,9.0,8.0,0.1428,0.2327,0.706,0.0312,0.045,0.22,0.99,,0.02
WDS,weekly,1.5,COMP,,,35,2026-01-30 00:00,2026-09-25 00:00,22.71,24.18,16.73,1.45,0.4,-0.03,0.8,55.3,True,-0.55,0.11,0,1,2,81198830.0,"[8, 29]",891,83.9,61.6,0.982,21.0,5.0,0.0439,0.0919,0.4,0.0146,0.0263,0.33,0.75,,0.0
WEAV,weekly,2.0,COMP,,,64,2025-07-11 00:00,2026-09-25 00:00,7.32,7.79,4.37,1.78,-0.39,-0.75,0.86,58.0,True,0.76,1.29,0,0,5,41573045.0,"[16, 25, 46, 53]",191,51.0,61.0,1.201,7.0,10.0,0.1151,0.1478,0.516,0.0034,0.0138,0.03,1.46,,0.03
WERN,daily,1.5,ANTI,,,109,2026-04-16 00:00,2026-09-21 00:00,35.01,47.29,32.38,1.46,0.13,-0.14,0.18,33.2,False,-0.27,-0.27,1,0,8,36445426.0,"[57, 65, 75, 98]",4347,38.2,55.9,1.045,23.0,10.0,0.0603,0.0902,0.679,0.0258,0.0349,0.43,0.92,,0.07
WEST,daily,1.5,ANTI,,,93,2026-05-08 00:00,2026-09-21 00:00,7.69,9.73,6.99,1.39,-0.21,0.15,0.26,42.4,False,-0.58,-0.4,0,0,6,3572156.0,"[24, 32, 58, 70]",1142,57.4,60.3,1.034,12.0,22.0,0.0409,0.0716,0.731,0.0084,0.009,0.21,0.53,,0.05
WEST,daily,2.0,,,,111,2026-04-14 00:00,2026-09-21 00:00,7.69,9.73,4.97,1.96,0.34,-0.03,0.57,42.4,False,-0.58,-0.4,0,0,7,3177984.0,"[42, 50, 76, 88]",1124,57.4,60.3,1.034,12.0,22.0,0.0506,0.1392,0.694,0.0084,0.009,0.17,0.6,,0.05
WFG,weekly,1.5,,,,87,2025-01-31 00:00,2026-09-25 00:00,72.1,84.37,58.12,1.45,-0.37,-0.41,0.53,57.4,True,0.36,0.44,0,0,6,72105758.0,"[51, 63, 72, 79]",631,56.8,57.8,1.032,7.0,7.0,0.0533,0.0799,0.759,0.0196,0.0263,0.37,1.05,,0.0
WFRD,weekly,1.5,ANTI,,,45,2025-11-21 00:00,2026-09-25 00:00,82.2,108.87,72.7,1.5,0.19,-0.43,0.26,43.0,False,-0.84,-1.02,0,1,2,528759781.0,"[11, 23]",881,77.9,67.9,1.038,12.0,21.0,0.0896,0.1115,0.533,0.0514,0.0544,0.57,0.7,,0.02
WFRD,weekly,3.0,DIVDN,DN,strict,114,2024-07-26 00:00,2026-09-25 00:00,82.2,113.81,38.93,2.92,0.27,-0.69,0.58,43.0,False,-0.84,-1.02,0,1,7,392053465.0,"[50, 61, 80, 92]",812,77.9,67.9,1.038,12.0,21.0,0.1945,0.2505,0.596,0.0514,0.0544,0.26,0.95,,0.01
WGO,weekly,1.5,ANTI,,,31,2026-02-27 00:00,2026-09-25 00:00,27.21,38.52,26.43,1.46,-0.37,-0.61,0.06,39.6,False,0.21,-0.26,1,0,3,92944961.0,"[7, 17, 23]",895,46.2,49.7,1.026,6.0,7.0,0.0455,0.0774,0.613,0.0375,0.0277,0.82,0.77,,0.0
WGO,weekly,2.0,ANTI,,,95,2024-12-06 00:00,2026-09-25 00:00,27.21,52.63,26.43,1.99,-0.33,-0.61,0.03,39.6,False,0.21,-0.26,1,0,9,103630349.0,"[58, 71, 81, 87]",831,46.2,49.7,1.026,6.0,7.0,0.09,0.1768,0.368,0.0375,0.0277,0.42,0.69,,0.01
WGO,daily,1.5,ANTI,,,142,2026-02-27 00:00,2026-09-21 00:00,27.21,38.52,26.43,1.46,-0.31,-0.45,0.06,37.3,False,-0.9,-0.77,0,0,11,17783055.0,"[103, 113, 119, 131]",4314,59.2,50.2,0.944,12.0,10.0,0.0436,0.0716,0.634,0.0205,0.0396,0.47,0.93,,0.04
WGS,weekly,3.0,COMP,,,37,2026-01-16 00:00,2026-09-25 00:00,97.83,108.08,40.75,2.65,-0.08,-0.76,0.85,62.8,True,1.25,1.59,1,0,3,238512414.0,"[7, 14, 23]",271,38.6,47.7,1.019,9.0,13.0,0.1753,0.2313,0.703,0.0521,0.1354,0.3,0.87,,0.03
WH,weekly,1.5,ANTI,,,82,2025-03-07 00:00,2026-09-25 00:00,67.15,94.98,67.15,1.41,-0.34,-0.36,0.0,36.0,False,-0.8,-0.94,0,0,7,450500366.0,"[50, 58, 68, 77]",355,59.0,46.5,0.87,9.0,4.0,0.0513,0.0701,0.744,0.0358,0.0299,0.7,0.92,,0.01
WHK,daily,1.5,,,,72,2026-06-09 00:00,2026-09-21 00:00,26.32,28.66,25.37,1.13,0.21,,0.29,41.4,True,0.05,0.25,2,0,6,3885015.0,"[37, 43, 50, 63]",0,63.5,67.4,1.048,13.0,8.0,0.0222,0.0305,0.528,0.0227,0.0154,1.02,1.59,,0.08
WHK,daily,2.0,,,,72,2026-06-09 00:00,2026-09-21 00:00,26.32,28.66,25.37,1.13,0.21,,0.29,41.4,True,0.05,0.25,2,0,6,3885015.0,"[37, 43, 50, 63]",0,63.5,67.4,1.048,13.0,8.0,0.0222,0.0305,0.528,0.0227,0.0154,1.02,1.59,,0.08
WHK,daily,3.0,,,,72,2026-06-09 00:00,2026-09-21 00:00,26.32,28.66,25.37,1.13,0.21,,0.29,41.4,True,0.05,0.25,2,0,6,3885015.0,"[37, 43, 50, 63]",0,63.5,67.4,1.048,13.0,8.0,0.0222,0.0305,0.528,0.0227,0.0154,1.02,1.59,,0.08
WHR,daily,1.5,ANTI,,,93,2026-05-08 00:00,2026-09-21 00:00,32.64,45.19,31.97,1.41,-0.36,-0.65,0.05,32.4,False,-0.94,-1.12,0,0,6,94561445.0,"[36, 42, 60, 77]",4363,68.2,53.0,0.911,17.0,15.0,0.0437,0.072,0.72,0.0239,0.0682,0.55,1.28,,0.03
WHWK,weekly,1.5,,,,26,2026-04-03 00:00,2026-09-25 00:00,4.04,4.76,3.39,1.4,0.32,-0.13,0.47,50.1,True,-0.56,0.43,0,1,2,7208121.0,"[6, 18]",449,72.9,64.1,1.013,12.0,7.0,0.0638,0.0871,0.538,0.0475,0.0716,0.74,0.98,,0.0
WHWK,daily,1.5,,,,112,2026-04-13 00:00,2026-09-21 00:00,4.04,5.1,3.47,1.47,0.16,-0.15,0.35,39.5,False,-1.22,-0.87,0,0,9,1229253.0,"[54, 69, 81, 93]",2135,70.3,67.8,1.067,12.0,18.0,0.054,0.0818,0.705,0.0061,0.017,0.11,0.75,,0.03
WLDN,weekly,1.5,,,,31,2026-02-27 00:00,2026-09-25 00:00,80.22,97.21,68.53,1.42,-0.02,-0.49,0.41,45.6,False,0.23,-0.1,0,0,3,121840803.0,"[5, 14, 26]",895,54.2,52.1,0.905,12.0,4.0,0.0625,0.0882,0.645,0.0178,0.075,0.28,0.74,,0.03
WLDN,weekly,2.0,,,,65,2025-07-04 00:00,2026-09-25 00:00,80.22,133.78,68.53,1.95,-0.31,0.1,0.18,45.6,False,0.23,-0.1,0,0,6,129258345.0,"[28, 39, 48, 60]",861,54.2,52.1,0.905,12.0,4.0,0.1216,0.166,0.569,0.0178,0.075,0.15,0.7,,0.03
WLDN,weekly,3.0,,,,72,2025-05-16 00:00,2026-09-25 00:00,80.22,133.78,48.63,2.75,0.04,0.06,0.37,45.6,False,0.23,-0.1,0,0,6,122387209.0,"[35, 46, 55, 67]",854,54.2,52.1,0.905,12.0,4.0,0.1303,0.2071,0.764,0.0178,0.075,0.14,0.74,,0.03
WLDN,daily,1.5,,,,142,2026-02-27 00:00,2026-09-21 00:00,80.22,98.82,66.91,1.48,0.0,-0.5,0.42,44.1,False,-0.91,-0.32,0,0,11,22826902.0,"[99, 111, 116, 126]",4314,63.3,63.1,1.018,10.0,15.0,0.0654,0.0914,0.662,0.0197,0.0242,0.3,0.52,,0.06
WLFC,weekly,1.5,ANTI,,,38,2026-01-09 00:00,2026-09-25 00:00,54.74,75.33,51.62,1.46,-0.07,-0.28,0.13,43.6,False,-0.75,-0.72,0,0,3,152354118.0,"[6, 14, 25]",888,66.4,63.6,1.082,11.0,12.0,0.0823,0.1032,0.553,0.02,0.0617,0.24,0.33,,0.03
WLFC,weekly,2.0,,,,107,2024-09-13 00:00,2026-09-25 00:00,54.74,75.33,39.43,1.91,0.11,0.09,0.43,43.6,False,-0.75,-0.72,0,0,8,118734941.0,"[48, 75, 83, 94]",819,66.4,63.6,1.082,11.0,12.0,0.1648,0.1767,0.486,0.02,0.0617,0.12,0.42,,0.01
WLFC,weekly,3.0,,,,114,2024-07-26 00:00,2026-09-25 00:00,54.74,75.33,27.48,2.74,0.25,0.16,0.57,43.6,False,-0.75,-0.72,0,0,9,111850317.0,"[55, 82, 90, 101]",812,66.4,63.6,1.082,11.0,12.0,0.17,0.2058,0.658,0.02,0.0617,0.12,0.45,,0.01
WLK,weekly,2.0,ANTI,,,44,2025-11-28 00:00,2026-09-25 00:00,67.77,117.86,65.62,1.8,-0.2,-0.57,0.04,36.1,False,-1.01,-2.64,0,0,3,518718519.0,"[18, 28, 37]",882,46.0,45.0,0.899,9.0,6.0,0.1002,0.177,0.386,0.0457,0.0307,0.46,0.48,,0.02
WLTH,daily,1.5,,,,76,2026-06-03 00:00,2026-09-21 00:00,10.06,11.76,8.07,1.46,0.23,-0.41,0.54,54.2,True,0.73,0.59,0,0,6,12479179.0,"[28, 42, 57, 68]",118,52.4,71.9,1.154,11.0,7.0,0.0317,0.0712,0.684,0.019,0.0515,0.6,3.25,,0.03
WLY,weekly,2.0,,,,154,2023-10-20 00:00,2026-09-25 00:00,47.29,53.71,27.16,1.98,0.36,-0.44,0.76,53.4,True,-0.17,1.11,0,1,17,78436438.0,"[110, 130, 141, 149]",772,81.3,73.2,1.025,8.0,4.0,0.1111,0.1675,0.656,0.0431,0.0279,0.39,1.35,,0.02
WMS,weekly,1.5,ANTI,,,60,2025-08-08 00:00,2026-09-25 00:00,126.88,174.69,126.05,1.39,-0.11,-0.27,0.02,39.6,False,-0.19,-0.34,0,0,6,497679651.0,"[26, 36, 46, 53]",576,56.4,54.2,0.977,7.0,6.0,0.0452,0.0722,0.65,0.0582,0.0415,1.29,0.84,,0.02
WNC,daily,1.5,,,,66,2026-06-17 00:00,2026-09-21 00:00,11.79,14.31,10.73,1.33,-0.05,-0.1,0.3,40.1,True,-0.21,0.0,0,0,6,10909570.0,"[23, 35, 41, 55]",4390,53.2,65.9,1.124,14.0,10.0,0.0365,0.0549,0.773,0.0265,0.055,0.73,0.65,,0.03
WOLF,daily,1.5,,,,37,2026-07-30 00:00,2026-09-21 00:00,27.71,34.96,23.62,1.48,-0.26,-0.68,0.36,52.3,False,-0.16,-0.75,0,0,3,81448849.0,"[6, 12, 27]",209,56.6,51.0,0.826,15.0,9.0,0.0622,0.1041,0.486,0.0362,0.0691,0.58,0.7,,0.03
WOR,weekly,1.5,,,,79,2025-03-28 00:00,2026-09-25 00:00,58.15,65.91,45.54,1.45,-0.01,-0.38,0.62,53.8,True,0.17,0.33,0,0,9,58110922.0,"[37, 45, 54, 64]",847,52.3,63.6,1.098,10.0,14.0,0.0451,0.079,0.747,0.0116,0.0204,0.26,1.11,,0.03
WPP,weekly,2.0,COMP,,,64,2025-07-11 00:00,2026-09-25 00:00,25.65,27.86,14.7,1.9,-0.25,-0.71,0.83,64.0,True,1.29,1.71,0,0,5,50884704.0,"[15, 26, 48, 56]",862,50.8,72.2,1.445,8.0,7.0,0.1301,0.1755,0.516,0.0204,0.0628,0.16,0.83,,0.02
WRBY,weekly,1.5,,,,42,2025-12-12 00:00,2026-09-25 00:00,23.25,29.55,20.29,1.46,0.07,-0.29,0.32,45.2,True,-0.11,0.23,0,0,4,313843243.0,"[0, 21, 29, 36]",219,59.0,54.3,0.938,7.0,5.0,0.0628,0.0949,0.667,0.0535,0.0521,0.85,0.91,,0.05
WRBY,weekly,2.0,,,,75,2025-04-25 00:00,2026-09-25 00:00,23.25,29.55,15.52,1.9,0.38,-0.44,0.55,45.2,True,-0.11,0.23,0,0,6,261752370.0,"[33, 54, 62, 69]",186,59.0,54.3,0.938,7.0,5.0,0.0922,0.1422,0.6,0.0535,0.0521,0.58,1.09,,0.03
WRLD,daily,1.5,ANTI,,,90,2026-05-13 00:00,2026-09-21 00:00,171.09,223.83,149.88,1.49,0.34,-0.03,0.29,31.9,False,-0.27,-0.15,0,0,8,19259580.0,"[56, 64, 71, 80]",4366,54.5,53.4,0.993,9.0,9.0,0.0386,0.0828,0.756,0.0212,0.0096,0.55,0.56,,0.02
WS,weekly,1.5,ANTI,,,26,2026-04-03 00:00,2026-09-25 00:00,33.34,43.24,29.99,1.44,-0.22,-0.36,0.25,44.3,False,-0.34,-0.35,0,0,2,45442237.0,"[10, 18]",122,62.0,52.6,0.881,8.0,7.0,0.0702,0.0896,0.692,0.0288,0.0355,0.41,0.87,,0.08
WS,weekly,3.0,,,,148,2023-12-01 00:00,2026-09-25 00:00,33.34,47.06,21.02,2.24,0.29,,0.47,44.3,False,-0.34,-0.35,0,0,10,35446928.0,"[94, 114, 132, 140]",0,62.0,52.6,0.881,8.0,7.0,0.0978,0.1622,0.743,0.0288,0.0355,0.29,1.12,,0.02
WS,daily,1.5,ANTI,,,120,2026-03-31 00:00,2026-09-21 00:00,33.34,43.42,29.91,1.45,-0.15,-0.38,0.25,43.2,False,-0.18,-0.35,0,0,8,8812428.0,"[51, 81, 87, 109]",585,58.7,53.0,0.95,22.0,10.0,0.0632,0.0904,0.658,0.0097,0.018,0.15,0.88,,0.08
WSC,weekly,2.0,ANTI,,,83,2025-02-28 00:00,2026-09-25 00:00,18.1,32.27,16.92,1.91,-0.34,-0.67,0.08,34.0,False,-0.68,-0.42,0,0,8,251500721.0,"[46, 51, 62, 69]",486,68.0,65.8,1.03,7.0,13.0,0.1333,0.1625,0.614,0.0974,0.1204,0.73,1.14,,0.02
WSE,daily,1.5,ANTI,,,117,2026-04-06 00:00,2026-09-21 00:00,11.64,15.4,10.4,1.48,-0.3,,0.25,37.6,False,-1.04,-0.51,0,0,9,11641002.0,"[62, 91, 99, 105]",0,60.4,58.6,0.998,6.0,11.0,0.0428,0.0853,0.692,0.0124,0.0316,0.29,1.74,,0.04
WSE,daily,2.0,ANTI,,,117,2026-04-06 00:00,2026-09-21 00:00,11.64,15.4,10.4,1.48,-0.3,,0.25,37.6,False,-1.04,-0.51,0,0,9,11641002.0,"[62, 91, 99, 105]",0,60.4,58.6,0.998,6.0,11.0,0.0428,0.0853,0.692,0.0124,0.0316,0.29,1.74,,0.04
WSE,daily,3.0,ANTI,,,117,2026-04-06 00:00,2026-09-21 00:00,11.64,15.4,10.4,1.48,-0.3,,0.25,37.6,False,-1.04,-0.51,0,0,9,11641002.0,"[62, 91, 99, 105]",0,60.4,58.6,0.998,6.0,11.0,0.0428,0.0853,0.692,0.0124,0.0316,0.29,1.74,,0.04
WSO,weekly,1.5,ANTI,,,61,2025-08-01 00:00,2026-09-25 00:00,317.69,436.88,309.3,1.41,-0.28,-0.41,0.07,39.0,False,-0.93,-1.47,0,0,4,750387136.0,"[9, 27, 38, 47]",865,62.6,55.1,0.932,9.0,13.0,0.0815,0.0924,0.59,0.0057,0.0139,0.07,1.01,,0.02
WST,weekly,2.0,COMP,,,137,2024-02-16 00:00,2026-09-25 00:00,361.78,392.79,200.91,1.96,-0.21,-0.51,0.84,62.7,True,0.01,0.93,0,0,8,896481902.0,"[94, 106, 116, 124]",789,70.4,72.4,1.122,8.0,12.0,0.1415,0.1758,0.562,0.0221,0.0246,0.16,0.85,,0.01
WTI,weekly,2.0,,,,32,2026-02-20 00:00,2026-09-25 00:00,3.74,4.73,2.63,1.8,0.36,-0.08,0.53,53.8,False,-0.53,0.3,0,1,2,87288919.0,"[3, 10]",894,79.3,73.2,1.23,7.0,21.0,0.0809,0.1364,0.688,0.0343,0.0465,0.42,0.71,,0.0
WTI,daily,1.5,,,,85,2026-05-20 00:00,2026-09-21 00:00,3.74,4.46,3.07,1.45,0.07,-0.37,0.48,46.6,True,-0.04,0.27,0,0,8,15046354.0,"[49, 55, 63, 77]",4371,62.6,65.1,1.045,14.0,7.0,0.0706,0.091,0.647,0.0341,0.0204,0.48,1.08,,0.01
WTI,daily,2.0,,,,148,2026-02-19 00:00,2026-09-21 00:00,3.74,4.89,2.51,1.95,0.34,-0.03,0.52,46.6,True,-0.04,0.27,0,0,13,19063603.0,"[112, 118, 126, 140]",4308,62.6,65.1,1.045,14.0,7.0,0.1018,0.1425,0.696,0.0341,0.0204,0.33,0.85,,0.01
WULF,weekly,2.0,,,,29,2026-03-13 00:00,2026-09-25 00:00,17.45,28.98,14.67,1.98,-0.11,-0.1,0.19,47.5,False,-1.33,-1.27,0,0,1,2902912805.0,[14],897,,,,,,0.1544,0.1979,0.379,0.0258,0.0449,0.17,0.82,,0.03
WW,weekly,3.0,,,,37,2026-01-16 00:00,2026-09-25 00:00,16.39,23.92,9.27,2.58,-0.39,-0.78,0.49,51.3,True,0.44,1.32,0,0,2,18456825.0,"[22, 29]",29,56.6,55.1,0.944,7.0,7.0,0.1451,0.2417,0.595,0.056,0.0592,0.39,0.92,,0.0
WW,daily,1.5,,,,69,2026-06-12 00:00,2026-09-21 00:00,16.39,19.2,13.0,1.48,-0.19,-0.54,0.55,53.7,True,0.01,0.27,0,0,5,2641520.0,"[25, 38, 50, 58]",241,62.9,62.0,1.021,8.0,10.0,0.0634,0.096,0.652,0.0364,0.0655,0.57,1.4,,0.03
WW,daily,2.0,,,,85,2026-05-20 00:00,2026-09-21 00:00,16.39,19.58,9.93,1.97,-0.04,-0.71,0.67,53.7,True,0.01,0.27,0,0,7,2779520.0,"[41, 54, 66, 74]",225,62.9,62.0,1.021,8.0,10.0,0.0701,0.1135,0.753,0.0364,0.0655,0.52,1.33,,0.02
WWD,weekly,1.5,ANTI,,,44,2025-11-28 00:00,2026-09-25 00:00,325.16,431.24,297.18,1.45,0.36,0.12,0.21,40.9,False,-0.93,-0.43,0,0,4,1085036766.0,"[1, 10, 20, 30]",882,70.3,71.3,1.094,10.0,13.0,0.0827,0.0982,0.636,0.0331,0.0643,0.4,0.84,,0.0
WWW,weekly,1.5,,,,48,2025-10-31 00:00,2026-09-25 00:00,19.48,22.3,15.17,1.47,0.31,-0.51,0.6,53.5,True,0.68,0.89,0,0,4,88252881.0,"[11, 24, 32, 41]",878,51.7,62.3,1.174,9.0,6.0,0.0661,0.0934,0.604,0.0368,0.0441,0.56,0.9,,0.0
WWW,weekly,2.0,,,,55,2025-09-12 00:00,2026-09-25 00:00,19.48,29.88,15.17,1.97,-0.29,-0.51,0.29,53.5,True,0.68,0.89,0,0,4,99992979.0,"[18, 31, 39, 48]",871,51.7,62.3,1.174,9.0,6.0,0.0714,0.182,0.273,0.0368,0.0441,0.52,0.79,,0.0
WWW,weekly,3.0,,,,125,2024-05-10 00:00,2026-09-25 00:00,19.48,31.26,10.5,2.98,0.22,-0.49,0.43,53.5,True,0.68,0.89,0,0,9,99992979.0,"[88, 101, 109, 118]",801,51.7,62.3,1.174,9.0,6.0,0.1578,0.2495,0.624,0.0368,0.0441,0.23,0.79,,0.01
WYFI,daily,3.0,,,,112,2026-04-13 00:00,2026-09-21 00:00,19.86,44.77,15.21,2.94,-0.0,-0.48,0.16,48.2,False,-0.15,-1.6,0,0,9,42043131.0,"[69, 78, 87, 102]",170,56.3,45.0,0.678,15.0,9.0,0.2189,0.2822,0.536,0.047,0.049,0.21,0.56,,0.01
WYY,daily,1.5,COMP,,,53,2026-07-08 00:00,2026-09-21 00:00,12.23,13.57,9.05,1.5,-0.25,-0.55,0.7,62.0,True,1.36,1.16,2,0,3,1310214.0,"[9, 26, 41]",4401,51.2,59.7,0.979,15.0,11.0,0.071,0.1089,0.604,0.0636,0.027,0.9,0.94,,0.02
WYY,daily,3.0,DIVUP,UP,strict,98,2026-05-01 00:00,2026-09-21 00:00,12.23,20.2,6.86,2.94,0.02,-0.07,0.4,62.0,True,1.36,1.16,2,0,8,1510233.0,"[37, 54, 71, 86]",4356,51.2,59.7,0.979,15.0,11.0,0.1068,0.1995,0.653,0.0636,0.027,0.6,0.82,,0.01
XERS,weekly,2.0,COMP,,,64,2025-07-11 00:00,2026-09-25 00:00,8.8,9.7,5.02,1.93,0.16,-0.14,0.81,61.1,True,0.81,1.4,0,1,6,64487652.0,"[26, 43, 53, 58]",368,72.3,65.8,0.989,5.0,5.0,0.1149,0.155,0.672,0.0288,0.0312,0.25,1.05,,0.02
XFLT,weekly,1.5,COMP,,,48,2025-10-31 00:00,2026-09-25 00:00,19.57,21.31,14.23,1.5,-0.32,-0.46,0.75,62.7,True,1.02,0.57,0,0,3,5144216.0,"[9, 28, 42]",420,49.7,61.2,1.058,14.0,5.0,0.077,0.1024,0.583,0.0064,0.0244,0.08,1.1,,0.0
XFOR,weekly,1.5,ANTI,,,49,2025-10-24 00:00,2026-09-25 00:00,3.49,4.64,3.16,1.47,0.18,-0.93,0.23,42.5,False,-0.29,-0.49,0,0,5,9750974.0,"[9, 21, 28, 41]",414,55.7,57.6,1.047,13.0,7.0,0.0603,0.0781,0.755,0.0792,0.047,1.31,1.54,,0.08
XFOR,weekly,2.0,,,,59,2025-08-15 00:00,2026-09-25 00:00,3.49,4.64,2.85,1.63,0.36,-0.93,0.36,42.5,False,-0.29,-0.49,0,0,6,9468855.0,"[19, 31, 38, 51]",404,55.7,57.6,1.047,13.0,7.0,0.0649,0.0989,0.729,0.0792,0.047,1.22,1.59,,0.07
XFOR,weekly,3.0,,,,59,2025-08-15 00:00,2026-09-25 00:00,3.49,4.64,2.85,1.63,0.36,-0.93,0.36,42.5,False,-0.29,-0.49,0,0,6,9468855.0,"[19, 31, 38, 51]",404,55.7,57.6,1.047,13.0,7.0,0.0649,0.0989,0.729,0.0792,0.047,1.22,1.59,,0.07
XFOR,daily,1.5,ANTI,,,147,2026-02-20 00:00,2026-09-21 00:00,3.49,4.67,3.16,1.48,0.02,-0.3,0.22,37.3,False,-0.8,-0.99,0,0,11,1819024.0,"[89, 96, 116, 130]",2074,66.9,54.0,0.912,14.0,16.0,0.0396,0.073,0.796,0.0121,0.0223,0.31,2.22,,0.06
XIFR,weekly,2.0,,,,88,2025-01-24 00:00,2026-09-25 00:00,10.84,15.7,8.2,1.91,0.37,-0.86,0.35,45.6,True,-0.24,0.33,0,0,7,54424721.0,"[50, 55, 70, 78]",552,65.7,62.7,1.005,8.0,9.0,0.085,0.1265,0.477,0.0276,0.0332,0.32,0.68,,0.02
XIFR,weekly,3.0,,,,101,2024-10-25 00:00,2026-09-25 00:00,10.84,20.16,8.2,2.46,-0.25,-0.87,0.22,45.6,True,-0.24,0.33,0,0,8,59403801.0,"[63, 68, 83, 91]",539,65.7,62.7,1.005,8.0,9.0,0.1164,0.2545,0.208,0.0276,0.0332,0.24,0.62,,0.02
XMTR,daily,1.5,COMP,,,94,2026-05-07 00:00,2026-09-21 00:00,99.53,104.85,78.5,1.34,0.16,0.09,0.8,63.9,True,0.34,0.22,0,0,7,62417965.0,"[36, 50, 68, 77]",1218,57.6,59.6,1.0,9.0,16.0,0.0488,0.0602,0.723,0.0566,0.0512,1.16,1.3,,0.05
XMTR,daily,2.0,COMP,,,98,2026-05-01 00:00,2026-09-21 00:00,99.53,104.85,52.99,1.98,0.23,-0.27,0.9,63.9,True,0.34,0.22,0,0,7,61805637.0,"[40, 54, 72, 81]",1214,57.6,59.6,1.0,9.0,16.0,0.0474,0.0992,0.561,0.0566,0.0512,1.19,1.31,,0.05
XNCR,daily,1.5,,,,34,2026-08-04 00:00,2026-09-21 00:00,25.03,29.3,19.84,1.48,0.39,-0.08,0.55,52.5,False,-1.58,-0.39,0,0,1,29926700.0,[15],3184,,,,,,0.0731,0.1059,0.559,0.0094,0.0186,0.13,1.04,,0.03
XNET,weekly,3.0,ANTI,,,83,2025-02-28 00:00,2026-09-25 00:00,5.0,9.78,3.34,2.93,0.1,-0.06,0.26,42.8,False,-0.22,-1.04,0,0,7,9563864.0,"[46, 54, 59, 72]",557,51.4,48.6,0.88,13.0,10.0,0.171,0.2349,0.651,0.022,0.043,0.13,0.56,,0.01
XP,weekly,1.5,COMP,,,75,2025-04-25 00:00,2026-09-25 00:00,20.78,22.66,15.14,1.5,0.02,-0.38,0.75,64.9,True,0.29,0.01,0,0,5,554088427.0,"[21, 31, 43, 51]",280,67.7,58.9,0.919,8.0,23.0,0.0716,0.088,0.573,0.0853,0.0437,1.19,0.82,,0.03
XP,weekly,2.0,COMP,,,89,2025-01-17 00:00,2026-09-25 00:00,20.78,22.66,11.72,1.93,0.31,-0.52,0.83,64.9,True,0.29,0.01,0,0,6,544143518.0,"[35, 45, 57, 65]",266,67.7,58.9,0.919,8.0,23.0,0.0763,0.1227,0.809,0.0853,0.0437,1.12,0.83,,0.02
XP,daily,1.5,COMP,,,146,2026-02-23 00:00,2026-09-21 00:00,20.78,22.16,14.94,1.48,-0.34,-0.34,0.81,70.2,True,0.94,0.96,0,0,9,95793744.0,"[95, 103, 109, 134]",1556,57.2,77.4,1.163,25.0,11.0,0.0787,0.0987,0.582,0.0108,0.0055,0.14,1.56,,0.04
XPEL,weekly,1.5,,,,47,2025-11-07 00:00,2026-09-25 00:00,45.51,54.25,37.77,1.44,-0.05,-0.36,0.47,48.2,True,0.07,0.28,0,0,4,50873644.0,"[7, 25, 33, 41]",804,58.5,60.6,1.04,8.0,5.0,0.0757,0.0943,0.574,0.0304,0.0593,0.4,0.82,,0.0
XPER,weekly,1.5,ANTI,,,32,2026-02-20 00:00,2026-09-25 00:00,5.55,8.2,5.49,1.49,0.17,-0.54,0.02,35.2,False,-0.98,-0.65,0,1,3,12583721.0,"[2, 11, 19]",178,71.8,67.0,1.021,8.0,12.0,0.1452,0.1396,0.25,0.0589,0.1276,0.41,1.06,,0.0
XPEV,weekly,3.0,ANTI,,,108,2024-09-06 00:00,2026-09-25 00:00,10.47,25.01,8.54,2.93,0.02,-0.63,0.12,31.4,False,-0.5,-2.87,0,0,10,650038208.0,"[79, 84, 90, 97]",210,43.5,38.0,0.822,7.0,10.0,0.1736,0.2358,0.63,0.0587,0.0742,0.34,0.53,,0.02
XPO,weekly,1.5,ANTI,,,34,2026-02-06 00:00,2026-09-25 00:00,174.34,228.33,174.25,1.31,-0.19,0.11,0.0,40.0,False,-1.1,-0.72,0,0,4,1261099903.0,"[0, 10, 18, 23]",892,68.3,59.2,0.942,5.0,10.0,0.0473,0.0679,0.676,0.0535,0.0502,1.13,0.66,,0.06
XRAY,weekly,1.5,,,,30,2026-03-06 00:00,2026-09-25 00:00,9.44,14.05,9.44,1.49,-0.14,-0.7,0.0,38.3,True,0.06,-0.21,0,0,2,251957736.0,"[6, 19]",896,50.6,63.6,1.123,13.0,10.0,0.067,0.0966,0.6,0.0513,0.0578,0.77,0.83,,0.0
XRN,weekly,1.5,,,,104,2024-10-04 00:00,2026-09-25 00:00,36.22,40.9,27.83,1.47,-0.07,-0.38,0.64,52.9,True,-0.03,0.31,0,0,8,8024410.0,"[70, 80, 85, 91]",454,60.9,59.8,1.019,6.0,12.0,0.0614,0.0861,0.692,0.0124,0.0205,0.2,2.05,,0.01
XRX,daily,1.5,,,,88,2026-05-15 00:00,2026-09-21 00:00,3.33,3.62,2.48,1.46,0.22,-0.1,0.75,53.9,True,0.64,0.75,0,0,4,9127377.0,"[13, 28, 37, 51]",4368,,,,,,0.0635,0.0909,0.659,0.0219,0.0361,0.34,1.18,,0.05
XRX,daily,2.0,,,,99,2026-04-30 00:00,2026-09-21 00:00,3.33,3.62,2.23,1.62,0.35,-0.17,0.79,53.9,True,0.64,0.75,0,0,5,9884718.0,"[24, 39, 48, 62]",4357,,,,,,0.0817,0.1029,0.737,0.0219,0.0361,0.27,1.09,,0.04
XYL,weekly,1.5,ANTI,,,149,2023-11-24 00:00,2026-09-25 00:00,107.24,149.22,99.81,1.49,0.03,-0.14,0.15,37.4,False,0.16,-0.29,1,0,15,856480797.0,"[102, 112, 124, 138]",632,47.0,52.6,0.958,14.0,10.0,0.0725,0.091,0.631,0.0276,0.0363,0.38,1.13,,0.01
XYZ,weekly,2.0,,,,94,2024-12-13 00:00,2026-09-25 00:00,77.91,92.16,46.53,1.98,0.03,-0.53,0.69,53.2,True,0.19,0.84,0,0,7,2247308963.0,"[56, 64, 73, 89]",473,59.8,61.4,1.116,16.0,4.0,0.1159,0.1512,0.713,0.0265,0.0256,0.23,0.72,,0.01
XZO,weekly,1.5,,,,34,2026-02-06 00:00,2026-09-25 00:00,16.75,18.69,12.97,1.44,0.14,,0.66,49.9,True,0.89,0.47,0,0,3,14774343.0,"[10, 21, 29]",13,53.7,50.1,0.904,8.0,4.0,0.0751,0.0941,0.647,0.0196,0.0296,0.26,1.09,,0.0
YALA,weekly,2.0,ANTI,,,81,2025-03-14 00:00,2026-09-25 00:00,5.57,9.08,4.66,1.95,-0.31,-0.24,0.21,43.9,False,-0.26,-1.03,0,0,6,12276321.0,"[33, 49, 60, 75]",232,52.7,43.7,0.803,15.0,5.0,0.0855,0.1353,0.728,0.0027,0.0073,0.03,0.61,,0.05
YDES,daily,2.0,ANTI,,,30,2026-08-10 00:00,2026-09-21 00:00,2.63,4.8,2.51,1.92,0.12,-0.69,0.05,36.8,False,-1.46,-1.23,0,0,2,1331891.0,"[8, 20]",239,82.4,58.5,0.888,12.0,9.0,0.1295,0.184,0.533,0.0558,0.0505,0.43,1.68,,0.0
YELP,weekly,1.5,ANTI,,,37,2026-01-16 00:00,2026-09-25 00:00,19.41,28.9,19.41,1.49,-0.32,-0.57,0.0,32.2,False,-0.31,-0.98,0,0,2,142715412.0,"[15, 24]",724,55.2,52.7,0.918,9.0,12.0,0.0737,0.1017,0.622,0.0763,0.0615,1.04,0.89,,0.0
YELP,daily,1.5,ANTI,,,95,2026-05-06 00:00,2026-09-21 00:00,19.41,28.5,19.41,1.47,-0.18,-0.38,0.0,29.6,False,-0.46,-0.89,0,0,7,26523563.0,"[57, 69, 75, 89]",3564,44.6,42.2,0.916,14.0,5.0,0.0529,0.0844,0.684,0.0242,0.0329,0.46,1.08,,0.02
YETI,weekly,1.5,,,,47,2025-11-07 00:00,2026-09-25 00:00,42.79,52.2,35.5,1.47,0.23,-0.32,0.44,46.5,True,-0.17,0.38,0,1,2,295384790.0,"[10, 31]",367,75.4,67.3,0.993,21.0,15.0,0.0846,0.108,0.596,0.0346,0.0965,0.41,1.05,,0.0
YMM,weekly,2.0,,,,133,2024-03-15 00:00,2026-09-25 00:00,8.2,13.25,6.83,1.94,0.17,-0.28,0.21,41.4,True,0.53,0.14,0,0,9,337102788.0,"[69, 78, 115, 125]",142,43.0,57.4,1.103,10.0,7.0,0.1544,0.1827,0.564,0.035,0.0481,0.23,0.81,,0.0
YSWY,daily,1.5,ANTI,,,105,2026-04-22 00:00,2026-09-21 00:00,20.4,28.16,18.96,1.49,-0.15,,0.16,33.0,False,-1.42,-0.85,0,0,7,7744161.0,"[48, 59, 71, 82]",0,61.2,71.1,1.161,11.0,22.0,0.0753,0.0974,0.581,0.0178,0.0436,0.24,0.94,,0.02
YSWY,daily,2.0,ANTI,,,105,2026-04-22 00:00,2026-09-21 00:00,20.4,28.16,18.96,1.49,-0.15,,0.16,33.0,False,-1.42,-0.85,0,0,7,7744161.0,"[48, 59, 71, 82]",0,61.2,71.1,1.161,11.0,22.0,0.0753,0.0974,0.581,0.0178,0.0436,0.24,0.94,,0.02
YSWY,daily,3.0,ANTI,,,105,2026-04-22 00:00,2026-09-21 00:00,20.4,28.16,18.96,1.49,-0.15,,0.16,33.0,False,-1.42,-0.85,0,0,7,7744161.0,"[48, 59, 71, 82]",0,61.2,71.1,1.161,11.0,22.0,0.0753,0.0974,0.581,0.0178,0.0436,0.24,0.94,,0.02
YUMC,weekly,1.5,ANTI,,,105,2024-09-27 00:00,2026-09-25 00:00,41.47,56.9,39.97,1.42,0.08,-0.33,0.09,40.7,False,0.04,-0.38,0,0,8,416534032.0,"[65, 71, 89, 99]",414,42.5,59.1,1.11,10.0,5.0,0.0517,0.0717,0.543,0.0658,0.0489,1.27,0.69,,0.02
YUMC,weekly,2.0,,,,112,2024-08-09 00:00,2026-09-25 00:00,41.47,56.9,31.83,1.79,0.23,-0.47,0.38,40.7,False,0.04,-0.38,0,0,8,418236866.0,"[72, 78, 96, 106]",407,42.5,59.1,1.11,10.0,5.0,0.0522,0.0993,0.875,0.0658,0.0489,1.26,0.68,,0.03
Z,daily,1.5,ANTI,,,94,2026-05-07 00:00,2026-09-21 00:00,30.65,43.68,29.41,1.49,-0.26,-0.61,0.09,40.1,False,-0.79,-0.72,0,0,8,124775611.0,"[47, 60, 74, 88]",2706,60.2,46.8,0.896,14.0,5.0,0.0517,0.0749,0.628,0.0384,0.0343,0.74,0.88,,0.01
ZBIO,weekly,3.0,,,,62,2025-07-25 00:00,2026-09-25 00:00,32.55,42.49,14.63,2.9,0.22,-0.31,0.64,61.3,True,0.96,2.08,0,0,5,59675057.0,"[20, 29, 38, 54]",45,47.1,66.4,1.486,16.0,7.0,0.2335,0.285,0.484,0.0201,0.0371,0.09,1.52,,0.0
ZBRA,weekly,2.0,COMP,,,87,2025-01-31 00:00,2026-09-25 00:00,350.84,391.94,202.64,1.93,-0.11,-0.51,0.78,65.7,True,1.36,1.92,0,0,7,848890534.0,"[45, 54, 67, 79]",839,56.1,77.0,1.452,12.0,7.0,0.1293,0.1643,0.598,0.0252,0.0732,0.19,1.3,,0.02
ZETA,weekly,3.0,COMP,,,98,2024-11-15 00:00,2026-09-25 00:00,31.15,31.35,11.46,2.74,0.35,-0.68,0.99,69.3,True,0.99,2.05,0,0,6,661355040.0,"[51, 60, 68, 80]",179,51.1,61.5,1.215,12.0,17.0,0.119,0.2319,0.643,0.0344,0.0792,0.29,1.3,,0.02
ZG,daily,1.5,ANTI,,,93,2026-05-08 00:00,2026-09-21 00:00,31.13,41.94,29.14,1.44,-0.2,-0.6,0.16,39.7,False,-0.88,-0.74,0,0,8,39956382.0,"[46, 59, 73, 87]",3722,61.7,46.8,0.891,14.0,5.0,0.0569,0.0733,0.71,0.0394,0.0348,0.69,0.68,,0.01
ZGN,weekly,1.5,,,,26,2026-04-03 00:00,2026-09-25 00:00,12.42,14.91,10.44,1.43,0.28,-0.18,0.44,47.7,True,-0.56,0.4,0,1,2,66670248.0,"[8, 18]",272,71.6,68.1,1.025,10.0,7.0,0.0613,0.0865,0.615,0.0563,0.0508,0.92,0.94,,0.0
ZGN,daily,1.5,,,,120,2026-03-31 00:00,2026-09-21 00:00,12.42,15.25,10.27,1.48,0.36,-0.12,0.43,43.8,False,-0.59,-0.76,0,0,8,13340965.0,"[66, 73, 85, 99]",1310,65.8,47.3,0.911,14.0,20.0,0.0731,0.0935,0.633,0.0094,0.0333,0.13,1.33,,0.02
ZIM,weekly,1.5,COMP,,,33,2026-02-13 00:00,2026-09-25 00:00,30.46,30.46,21.48,1.42,0.28,-0.01,1.0,68.8,True,-0.06,0.44,0,1,2,162959093.0,"[1, 9]",263,77.6,69.9,0.954,8.0,23.0,0.0377,0.071,0.758,0.0375,0.0776,0.99,1.28,,0.03
ZIM,daily,1.5,COMP,,,153,2026-02-11 00:00,2026-09-21 00:00,30.46,30.46,20.45,1.49,0.12,-0.09,1.0,64.4,True,0.11,0.33,0,0,10,30573212.0,"[111, 119, 128, 143]",1265,66.1,66.1,1.044,15.0,9.0,0.037,0.0645,0.81,0.0083,0.0172,0.22,0.89,,0.06
ZIP,daily,1.5,ANTI,,,61,2026-06-25 00:00,2026-09-21 00:00,3.88,5.17,3.69,1.4,0.14,-0.06,0.13,44.2,False,-0.94,-1.28,0,0,6,2988801.0,"[22, 30, 39, 55]",1275,67.7,43.7,0.764,16.0,5.0,0.0469,0.0946,0.361,0.0183,0.0415,0.39,1.03,,0.03
ZLAB,weekly,2.0,COMP,,,51,2025-10-10 00:00,2026-09-25 00:00,26.43,30.24,16.6,1.82,0.07,-0.6,0.72,62.3,True,0.68,0.89,0,0,2,80595829.0,"[19, 27]",420,41.7,58.2,1.207,8.0,23.0,0.0939,0.1626,0.471,0.0102,0.0866,0.11,1.39,,0.02
ZM,daily,1.5,,,,131,2026-03-16 00:00,2026-09-21 00:00,90.9,111.88,74.96,1.49,0.37,-0.22,0.43,40.0,False,-1.01,-0.71,0,0,9,333232625.0,"[74, 84, 101, 120]",1735,72.9,52.9,0.945,19.0,10.0,0.0747,0.098,0.634,0.0241,0.025,0.32,0.85,,0.01
ZNTL,weekly,3.0,ANTI,,,26,2026-04-03 00:00,2026-09-25 00:00,3.03,6.61,2.63,2.51,-0.19,-0.83,0.1,43.4,False,-0.64,-1.02,0,0,2,21303196.0,"[1, 15]",313,80.0,64.2,0.773,14.0,10.0,0.0846,0.183,0.769,0.0652,0.1178,0.77,0.85,,0.0
ZNTL,daily,2.0,ANTI,,,112,2026-04-13 00:00,2026-09-21 00:00,3.03,5.56,3.03,1.83,-0.17,-0.54,0.0,29.0,False,-0.29,-0.84,0,0,11,3715985.0,"[75, 80, 94, 100]",1512,43.0,52.0,1.057,6.0,11.0,0.08,0.1256,0.759,0.0208,0.114,0.26,0.87,,0.03
ZNTL,daily,3.0,ANTI,,,120,2026-03-31 00:00,2026-09-21 00:00,3.03,6.61,2.34,2.82,-0.02,-0.37,0.16,29.0,False,-0.29,-0.84,0,0,12,3641128.0,"[83, 88, 102, 108]",1504,43.0,52.0,1.057,6.0,11.0,0.0841,0.1583,0.892,0.0208,0.114,0.25,0.89,,0.03
ZS,weekly,2.0,COMP,,,41,2025-12-19 00:00,2026-09-25 00:00,207.13,232.55,118.05,1.97,-0.3,-0.64,0.78,62.0,True,1.2,1.07,0,0,2,1984839247.0,"[11, 22]",405,30.0,50.3,1.112,11.0,18.0,0.1377,0.1873,0.512,0.0735,0.1036,0.53,1.03,,0.0
ZTS,daily,1.5,ANTI,,,94,2026-05-07 00:00,2026-09-21 00:00,71.33,86.71,71.33,1.22,-0.31,-0.45,0.0,36.5,False,-0.49,-0.21,0,0,8,450411025.0,"[47, 56, 73, 88]",3335,55.0,44.1,0.948,15.0,5.0,0.0202,0.0339,0.617,0.0039,0.0049,0.19,0.7,,0.03
ZURA,weekly,2.0,,,,29,2026-03-13 00:00,2026-09-25 00:00,4.5,6.23,3.4,1.83,-0.08,-0.51,0.39,44.3,True,0.09,0.2,0,0,0,19936792.0,[],155,,,,,,0.0935,0.1437,0.552,0.0669,0.0534,0.72,1.62,,0.0
ZURA,weekly,3.0,,,,53,2025-09-26 00:00,2026-09-25 00:00,4.5,6.97,2.41,2.89,0.31,-0.64,0.46,44.3,True,0.09,0.2,0,0,4,17023391.0,"[2, 7, 14, 23]",131,,,,,,0.1567,0.2027,0.717,0.0669,0.0534,0.43,1.89,,0.0
ZURA,daily,1.5,ANTI,,,64,2026-06-22 00:00,2026-09-21 00:00,4.5,6.32,4.23,1.49,0.21,-0.4,0.13,31.2,False,-1.13,-1.13,0,1,7,5556933.0,"[25, 33, 45, 53]",816,66.1,61.2,0.986,8.0,10.0,0.0462,0.0882,0.703,0.0608,0.1152,1.32,1.22,,0.02
ZURA,daily,2.0,ANTI,,,133,2026-03-12 00:00,2026-09-21 00:00,4.5,6.79,3.4,2.0,-0.02,-0.52,0.32,31.2,False,-1.13,-1.13,0,1,13,3998363.0,"[94, 102, 114, 122]",747,66.1,61.2,0.986,8.0,10.0,0.0697,0.1444,0.722,0.0608,0.1152,0.87,1.7,,0.02
ZVRA,weekly,1.5,,,,26,2026-04-03 00:00,2026-09-25 00:00,11.67,13.98,9.4,1.49,0.39,-0.25,0.5,52.5,True,-0.32,0.62,0,0,2,66326390.0,"[5, 13]",572,64.4,69.9,1.256,8.0,12.0,0.0882,0.1142,0.577,0.0133,0.03,0.15,0.72,,0.04
ZVRA,daily,1.5,,,,52,2026-07-09 00:00,2026-09-21 00:00,11.67,13.94,9.51,1.47,-0.01,-0.36,0.49,46.8,True,-0.15,0.08,2,0,3,10894417.0,"[20, 29, 42]",2823,57.4,61.6,1.045,13.0,9.0,0.0308,0.0856,0.731,0.0152,0.0216,0.49,0.81,,0.06
ZYME,weekly,1.5,COMP,,,45,2025-11-21 00:00,2026-09-25 00:00,26.81,29.19,21.94,1.33,0.18,0.15,0.67,55.2,True,-0.34,0.12,0,0,3,76719947.0,"[1, 22, 32]",447,70.9,58.8,0.936,10.0,12.0,0.0608,0.0763,0.556,0.059,0.0774,0.97,1.04,,0.02
ARCT,hourly,1.5,,,,147,2026-08-21 09:30,2026-09-21 15:30,14.69,17.76,12.61,1.41,0.25,0.14,0.4,30.8,False,-1.21,-0.32,0,0,10,1793860.0,"[76, 109, 119, 127]",812,65.6,74.1,1.108,8.0,19.0,0.0399,0.064,0.816,0.0266,0.0181,0.67,0.89,,0.08
BRUN,hourly,1.5,,,,112,2026-08-28 09:30,2026-09-21 15:30,17.14,19.65,13.55,1.45,-0.23,-0.44,0.59,56.6,True,0.56,0.61,2,0,6,4050449.0,"[43, 63, 93, 103]",532,68.3,72.3,1.041,10.0,8.0,0.0265,0.0765,0.75,0.0081,0.0107,0.31,0.57,,0.09
CRDO,hourly,1.5,,,,98,2026-09-01 09:30,2026-09-21 15:30,187.4,217.33,149.97,1.45,-0.23,-0.47,0.56,77.2,True,0.98,0.63,0,0,7,157616741.0,"[63, 71, 84, 91]",861,70.5,81.6,1.083,7.0,6.0,0.0278,0.0873,0.429,0.0055,0.0149,0.2,1.37,,0.09
CRML,hourly,1.5,COMP,,,147,2026-08-21 09:30,2026-09-21 15:30,9.31,9.31,6.34,1.47,-0.14,-0.14,1.0,80.4,True,1.33,1.22,1,0,10,5186054.0,"[83, 90, 108, 128]",812,41.8,61.8,1.037,20.0,18.0,0.0491,0.0905,0.476,0.0113,0.0385,0.23,7.28,,0.07
DFDV,hourly,1.5,COMP,,,133,2026-08-25 09:30,2026-09-21 15:30,6.5,6.5,4.38,1.49,0.26,0.03,1.0,80.4,True,2.36,1.46,0,0,11,1353295.0,"[85, 96, 102, 126]",826,34.7,85.2,1.347,24.0,6.0,0.0708,0.1024,0.654,0.0051,0.0277,0.07,2.02,,0.05
DKS,hourly,1.5,,,,138,2026-08-24 11:30,2026-09-21 15:30,123.6,180.31,121.1,1.49,-0.32,-0.43,0.04,46.0,False,0.35,-0.06,0,0,7,50907241.0,"[62, 83, 92, 122]",821,54.3,38.0,0.919,30.0,15.0,0.0278,0.078,0.174,0.0032,0.0024,0.12,0.6,,0.12
DPRO,hourly,1.5,,,,107,2026-08-28 14:30,2026-09-21 15:30,5.68,6.51,4.42,1.47,0.02,-0.1,0.6,54.4,True,0.23,0.18,0,1,10,988937.0,"[68, 78, 88, 101]",852,68.0,54.9,0.971,13.0,5.0,0.0391,0.062,0.794,0.0049,0.0071,0.13,0.46,,0.12
EMAT,hourly,1.5,ANTI,,,42,2026-09-14 09:30,2026-09-21 15:30,3.45,4.66,3.15,1.48,0.39,-0.28,0.2,43.8,False,-1.3,-0.45,0,0,3,654553.0,"[2, 18, 33]",912,77.5,74.6,1.173,15.0,8.0,0.0773,0.0991,0.452,0.0386,0.0811,0.5,2.14,,0.02
GEMI,hourly,1.5,COMP,,,154,2026-08-20 09:30,2026-09-21 15:30,5.99,5.99,4.01,1.49,0.35,-0.08,1.0,81.5,True,2.44,1.49,0,0,13,1308577.0,"[88, 105, 117, 149]",805,66.4,82.8,1.214,32.0,4.0,0.0408,0.0876,0.461,0.0089,0.0163,0.22,1.87,,0.05
HQ,hourly,1.5,COMP,,,49,2026-09-11 09:30,2026-09-21 15:30,15.39,15.39,10.3,1.49,0.27,-0.48,1.0,65.1,True,0.48,0.42,0,0,4,1124175.0,"[6, 22, 33, 43]",831,53.1,68.2,1.121,10.0,5.0,0.0682,0.1161,0.469,0.0319,0.0671,0.47,1.15,,0.04
LPTH,hourly,1.5,,,,112,2026-08-28 09:30,2026-09-21 15:30,10.2,11.26,9.07,1.24,-0.27,-0.41,0.52,60.5,True,0.39,0.31,0,1,8,4193922.0,"[56, 81, 96, 105]",847,71.7,68.0,1.009,9.0,6.0,0.0439,0.0556,0.527,0.0064,0.0179,0.15,0.87,,0.05
MF,hourly,1.5,DIVDN,DN,strict,86,2026-09-02 11:30,2026-09-21 15:30,13.43,15.52,10.54,1.47,0.3,-0.51,0.58,48.8,False,-0.32,-0.16,0,2,7,154969.0,"[29, 47, 63, 74]",144,63.9,54.7,0.95,11.0,11.0,0.0469,0.0793,0.814,0.0176,0.0205,0.38,0.68,,0.03
MF,hourly,2.0,,,,94,2026-09-01 09:30,2026-09-21 15:30,13.43,20.92,10.54,1.98,-0.11,-0.51,0.28,48.8,False,-0.32,-0.16,0,2,7,171507.0,"[37, 55, 71, 82]",136,63.9,54.7,0.95,11.0,11.0,0.0545,0.1359,0.5,0.0176,0.0205,0.32,0.61,,0.03
NUAI,hourly,1.5,COMP,,,84,2026-09-03 09:30,2026-09-21 15:30,7.66,7.74,5.22,1.48,0.27,-0.08,0.96,80.8,True,2.03,1.3,0,0,7,3922548.0,"[53, 65, 72, 77]",875,58.5,86.3,1.303,5.0,6.0,0.061,0.1092,0.381,0.0023,0.0184,0.04,3.92,,0.08
RTB,hourly,1.5,,,,26,2026-09-16 11:30,2026-09-21 15:30,8.6,10.56,7.18,1.47,-0.16,-0.49,0.42,58.0,False,-0.34,-0.25,0,0,2,175258.0,"[5, 18]",583,76.4,49.4,0.756,13.0,7.0,0.0676,0.0932,0.385,0.0173,0.0167,0.26,0.96,,0.04
TITN,hourly,1.5,,,,108,2026-08-28 13:30,2026-09-21 15:30,23.79,26.2,17.51,1.5,0.36,-0.13,0.72,48.0,False,-0.0,-0.02,1,0,11,699152.0,"[79, 84, 89, 102]",851,54.2,61.0,1.006,13.0,5.0,0.0203,0.0708,0.63,0.0043,0.0072,0.21,0.78,,0.09
